Timestamp for sample frequency every 1 min,Temperature (°C),Relative Humidity (%)
2025-09-04 00:00:00,13.2100,83.8125
2025-09-04 00:01:00,13.2375,83.9025
2025-09-04 00:02:00,13.2125,83.4525
2025-09-04 00:03:00,13.2100,84.0900
2025-09-04 00:04:00,13.2075,84.1475
2025-09-04 00:05:00,13.2150,83.8425
2025-09-04 00:06:00,13.1925,83.9525
2025-09-04 00:07:00,13.2175,84.1775
2025-09-04 00:08:00,13.2175,84.1600
2025-09-04 00:09:00,13.2250,83.9175
2025-09-04 00:10:00,13.2200,84.1475
2025-09-04 00:11:00,13.2125,84.2725
2025-09-04 00:12:00,13.2400,83.8175
2025-09-04 00:13:00,13.2175,83.9950
2025-09-04 00:14:00,13.2075,83.9700
2025-09-04 00:15:00,13.2125,83.7025
2025-09-04 00:16:00,13.2050,84.4325
2025-09-04 00:17:00,13.2200,84.1850
2025-09-04 00:18:00,13.1975,84.0175
2025-09-04 00:19:00,13.2100,84.1475
2025-09-04 00:20:00,13.2000,84.3000
2025-09-04 00:21:00,13.2100,84.2500
2025-09-04 00:22:00,13.1925,83.9375
2025-09-04 00:23:00,13.2200,84.1750
2025-09-04 00:24:00,13.2025,84.3250
2025-09-04 00:25:00,13.2100,84.1775
2025-09-04 00:26:00,13.2300,84.3900
2025-09-04 00:27:00,13.2175,84.0625
2025-09-04 00:28:00,13.2300,83.9575
2025-09-04 00:29:00,13.2175,84.3975
2025-09-04 00:30:00,13.2050,84.1100
2025-09-04 00:31:00,13.2075,83.9750
2025-09-04 00:32:00,13.2300,84.2025
2025-09-04 00:33:00,13.2175,84.2675
2025-09-04 00:34:00,13.2250,83.8650
2025-09-04 00:35:00,13.2175,83.9950
2025-09-04 00:36:00,13.2200,83.7550
2025-09-04 00:37:00,13.2050,84.1950
2025-09-04 00:38:00,13.2125,84.4975
2025-09-04 00:39:00,13.2275,84.1725
2025-09-04 00:40:00,13.2425,84.1025
2025-09-04 00:41:00,13.2200,83.7700
2025-09-04 00:42:00,13.2075,83.9375
2025-09-04 00:43:00,13.2200,84.4700
2025-09-04 00:44:00,13.2250,84.2500
2025-09-04 00:45:00,13.2200,84.2300
2025-09-04 00:46:00,13.2450,84.2850
2025-09-04 00:47:00,13.2350,84.0800
2025-09-04 00:48:00,13.2300,84.3225
2025-09-04 00:49:00,13.2450,84.0450
2025-09-04 00:50:00,13.2375,84.1725
2025-09-04 00:51:00,13.2250,84.5325
2025-09-04 00:52:00,13.2500,84.3150
2025-09-04 00:53:00,13.2400,84.4400
2025-09-04 00:54:00,13.2450,83.9625
2025-09-04 00:55:00,13.2350,84.1600
2025-09-04 00:56:00,13.2375,83.8375
2025-09-04 00:57:00,13.2375,84.3650
2025-09-04 00:58:00,13.2500,84.1150
2025-09-04 00:59:00,13.2375,84.2600
2025-09-04 01:00:00,13.2575,84.2025
2025-09-04 01:01:00,13.2525,84.3300
2025-09-04 01:02:00,13.2400,84.1025
2025-09-04 01:03:00,13.2325,84.1700
2025-09-04 01:04:00,13.2500,84.1525
2025-09-04 01:05:00,13.2475,84.3450
2025-09-04 01:06:00,13.2350,84.0900
2025-09-04 01:07:00,13.2175,83.8325
2025-09-04 01:08:00,13.2600,84.0575
2025-09-04 01:09:00,13.2175,83.7675
2025-09-04 01:10:00,13.2425,84.1325
2025-09-04 01:11:00,13.2500,84.1625
2025-09-04 01:12:00,13.2350,84.0375
2025-09-04 01:13:00,13.2350,84.2975
2025-09-04 01:14:00,13.2400,84.6625
2025-09-04 01:15:00,13.2450,84.1700
2025-09-04 01:16:00,13.2475,84.4125
2025-09-04 01:17:00,13.2525,84.0075
2025-09-04 01:18:00,13.2400,83.9450
2025-09-04 01:19:00,13.2475,84.1575
2025-09-04 01:20:00,13.2325,84.0950
2025-09-04 01:21:00,13.2700,83.8975
2025-09-04 01:22:00,13.2450,84.1200
2025-09-04 01:23:00,13.2425,84.1200
2025-09-04 01:24:00,13.2250,84.2400
2025-09-04 01:25:00,13.2275,84.3225
2025-09-04 01:26:00,13.2400,84.1275
2025-09-04 01:27:00,13.2300,83.9625
2025-09-04 01:28:00,13.2400,84.5025
2025-09-04 01:29:00,13.2500,84.0550
2025-09-04 01:30:00,13.2475,84.2750
2025-09-04 01:31:00,13.2175,84.2525
2025-09-04 01:32:00,13.2175,84.0725
2025-09-04 01:33:00,13.2075,84.2075
2025-09-04 01:34:00,13.2300,84.0825
2025-09-04 01:35:00,13.2175,84.3650
2025-09-04 01:36:00,13.2425,84.0875
2025-09-04 01:37:00,13.2375,84.3125
2025-09-04 01:38:00,13.2350,84.4325
2025-09-04 01:39:00,13.2325,84.3400
2025-09-04 01:40:00,13.2475,84.5100
2025-09-04 01:41:00,13.2575,84.5925
2025-09-04 01:42:00,13.2450,84.4425
2025-09-04 01:43:00,13.2525,84.2350
2025-09-04 01:44:00,13.2450,84.4600
2025-09-04 01:45:00,13.3150,84.0875
2025-09-04 01:46:00,13.2975,84.0175
2025-09-04 01:47:00,13.2775,84.3300
2025-09-04 01:48:00,13.2725,84.0450
2025-09-04 01:49:00,13.2800,84.1000
2025-09-04 01:50:00,13.2725,84.4200
2025-09-04 01:51:00,13.2825,84.0150
2025-09-04 01:52:00,13.2775,84.3950
2025-09-04 01:53:00,13.2450,84.1150
2025-09-04 01:54:00,13.2600,84.2175
2025-09-04 01:55:00,13.2325,83.8975
2025-09-04 01:56:00,13.2475,84.0250
2025-09-04 01:57:00,13.2350,84.2075
2025-09-04 01:58:00,13.2325,84.0175
2025-09-04 01:59:00,13.2475,84.3400
2025-09-04 02:00:00,13.2525,84.1725
2025-09-04 02:01:00,13.2550,84.4375
2025-09-04 02:02:00,13.2575,84.1850
2025-09-04 02:03:00,13.2350,83.7650
2025-09-04 02:04:00,13.2575,84.3850
2025-09-04 02:05:00,13.2500,84.0350
2025-09-04 02:06:00,13.2550,84.1400
2025-09-04 02:07:00,13.2450,84.0475
2025-09-04 02:08:00,13.2550,83.9625
2025-09-04 02:09:00,13.2375,84.3650
2025-09-04 02:10:00,13.2350,83.9875
2025-09-04 02:11:00,13.2300,84.1225
2025-09-04 02:12:00,13.2350,84.2225
2025-09-04 02:13:00,13.2350,84.4875
2025-09-04 02:14:00,13.2350,84.0325
2025-09-04 02:15:00,13.2275,84.4925
2025-09-04 02:16:00,13.2475,84.0900
2025-09-04 02:17:00,13.2450,84.4125
2025-09-04 02:18:00,13.2275,84.1900
2025-09-04 02:19:00,13.2150,84.0975
2025-09-04 02:20:00,13.2475,84.0525
2025-09-04 02:21:00,13.2350,84.2125
2025-09-04 02:22:00,13.2275,83.9525
2025-09-04 02:23:00,13.2125,84.0650
2025-09-04 02:24:00,13.2375,84.2775
2025-09-04 02:25:00,13.2175,84.0100
2025-09-04 02:26:00,13.2175,84.1200
2025-09-04 02:27:00,13.2075,83.9700
2025-09-04 02:28:00,13.1975,84.2825
2025-09-04 02:29:00,13.2325,84.0900
2025-09-04 02:30:00,13.2175,84.3550
2025-09-04 02:31:00,13.2250,84.4575
2025-09-04 02:32:00,13.2450,84.4125
2025-09-04 02:33:00,13.2300,84.1500
2025-09-04 02:34:00,13.2350,84.0150
2025-09-04 02:35:00,13.2375,84.1200
2025-09-04 02:36:00,13.2375,84.6375
2025-09-04 02:37:00,13.2250,84.3575
2025-09-04 02:38:00,13.2325,84.3575
2025-09-04 02:39:00,13.2275,84.4025
2025-09-04 02:40:00,13.2475,84.4200
2025-09-04 02:41:00,13.2350,84.6900
2025-09-04 02:42:00,13.2375,84.3275
2025-09-04 02:43:00,13.2450,84.4775
2025-09-04 02:44:00,13.2375,84.2075
2025-09-04 02:45:00,13.2250,84.0900
2025-09-04 02:46:00,13.2175,84.2450
2025-09-04 02:47:00,13.2350,84.0575
2025-09-04 02:48:00,13.2450,84.1625
2025-09-04 02:49:00,13.2475,83.9700
2025-09-04 02:50:00,13.2300,83.8700
2025-09-04 02:51:00,13.2250,84.0750
2025-09-04 02:52:00,13.2400,84.0425
2025-09-04 02:53:00,13.2400,84.2850
2025-09-04 02:54:00,13.2125,83.9450
2025-09-04 02:55:00,13.2375,84.3425
2025-09-04 02:56:00,13.2425,84.1475
2025-09-04 02:57:00,13.2175,84.3300
2025-09-04 02:58:00,13.2275,84.1975
2025-09-04 02:59:00,13.2375,84.0650
2025-09-04 03:00:00,13.2325,84.4100
2025-09-04 03:01:00,13.2450,84.1450
2025-09-04 03:02:00,13.2475,84.1900
2025-09-04 03:03:00,13.2075,84.4075
2025-09-04 03:04:00,13.2425,84.5025
2025-09-04 03:05:00,13.2350,84.1550
2025-09-04 03:06:00,13.2550,84.2600
2025-09-04 03:07:00,13.2350,84.0825
2025-09-04 03:08:00,13.2300,84.2100
2025-09-04 03:09:00,13.2425,84.3200
2025-09-04 03:10:00,13.2450,84.2300
2025-09-04 03:11:00,13.2350,84.4175
2025-09-04 03:12:00,13.2125,84.7350
2025-09-04 03:13:00,13.2350,84.1675
2025-09-04 03:14:00,13.2450,84.4825
2025-09-04 03:15:00,13.2525,84.3475
2025-09-04 03:16:00,13.2325,84.0675
2025-09-04 03:17:00,13.2450,84.3500
2025-09-04 03:18:00,13.2200,84.0800
2025-09-04 03:19:00,13.2475,84.4050
2025-09-04 03:20:00,13.2475,84.0975
2025-09-04 03:21:00,13.2350,84.4300
2025-09-04 03:22:00,13.2375,84.5475
2025-09-04 03:23:00,13.2350,84.1525
2025-09-04 03:24:00,13.2375,84.2600
2025-09-04 03:25:00,13.2250,84.2275
2025-09-04 03:26:00,13.2125,84.7275
2025-09-04 03:27:00,13.2300,84.5425
2025-09-04 03:28:00,13.2125,84.3175
2025-09-04 03:29:00,13.2200,84.4050
2025-09-04 03:30:00,13.2350,84.4525
2025-09-04 03:31:00,13.2125,84.0025
2025-09-04 03:32:00,13.2250,84.4375
2025-09-04 03:33:00,13.2175,84.1425
2025-09-04 03:34:00,13.2400,84.7250
2025-09-04 03:35:00,13.2275,84.2875
2025-09-04 03:36:00,13.2475,84.6325
2025-09-04 03:37:00,13.2175,84.0800
2025-09-04 03:38:00,13.2375,84.8100
2025-09-04 03:39:00,13.2425,84.3200
2025-09-04 03:40:00,13.2375,84.5275
2025-09-04 03:41:00,13.2450,84.3775
2025-09-04 03:42:00,13.2325,84.5300
2025-09-04 03:43:00,13.2300,84.0950
2025-09-04 03:44:00,13.2325,84.2650
2025-09-04 03:45:00,13.2350,84.1175
2025-09-04 03:46:00,13.2025,84.5125
2025-09-04 03:47:00,13.2175,84.1500
2025-09-04 03:48:00,13.2350,84.4800
2025-09-04 03:49:00,13.2000,84.3575
2025-09-04 03:50:00,13.2125,84.4925
2025-09-04 03:51:00,13.2300,84.2850
2025-09-04 03:52:00,13.2300,84.1625
2025-09-04 03:53:00,13.1875,84.2850
2025-09-04 03:54:00,13.2250,84.4425
2025-09-04 03:55:00,13.2275,84.3575
2025-09-04 03:56:00,13.2425,84.4175
2025-09-04 03:57:00,13.2175,84.3975
2025-09-04 03:58:00,13.2375,84.2525
2025-09-04 03:59:00,13.2375,84.4550
2025-09-04 04:00:00,13.2325,84.1950
2025-09-04 04:01:00,13.2175,84.4800
2025-09-04 04:02:00,13.2475,84.3475
2025-09-04 04:03:00,13.2125,84.0700
2025-09-04 04:04:00,13.2100,83.9400
2025-09-04 04:05:00,13.2175,83.7775
2025-09-04 04:06:00,13.2075,84.1875
2025-09-04 04:07:00,13.2175,84.2750
2025-09-04 04:08:00,13.1975,84.5950
2025-09-04 04:09:00,13.2100,84.6900
2025-09-04 04:10:00,13.2175,84.3500
2025-09-04 04:11:00,13.2125,84.5550
2025-09-04 04:12:00,13.2175,84.2975
2025-09-04 04:13:00,13.2125,84.2125
2025-09-04 04:14:00,13.1925,84.4750
2025-09-04 04:15:00,13.2275,84.5975
2025-09-04 04:16:00,13.2325,84.4825
2025-09-04 04:17:00,13.2125,84.4650
2025-09-04 04:18:00,13.2375,84.1625
2025-09-04 04:19:00,13.2325,83.9850
2025-09-04 04:20:00,13.2200,84.3675
2025-09-04 04:21:00,13.2250,84.5225
2025-09-04 04:22:00,13.2050,84.3725
2025-09-04 04:23:00,13.2125,84.2975
2025-09-04 04:24:00,13.2375,84.7175
2025-09-04 04:25:00,13.2075,84.6475
2025-09-04 04:26:00,13.2075,84.4450
2025-09-04 04:27:00,13.2175,84.4050
2025-09-04 04:28:00,13.2250,84.6375
2025-09-04 04:29:00,13.2425,84.3725
2025-09-04 04:30:00,13.2350,84.0900
2025-09-04 04:31:00,13.2125,84.0775
2025-09-04 04:32:00,13.2075,84.2800
2025-09-04 04:33:00,13.2075,84.1075
2025-09-04 04:34:00,13.2075,84.2375
2025-09-04 04:35:00,13.2100,84.1400
2025-09-04 04:36:00,13.2200,84.4175
2025-09-04 04:37:00,13.2075,84.3050
2025-09-04 04:38:00,13.2150,84.4675
2025-09-04 04:39:00,13.2375,84.3950
2025-09-04 04:40:00,13.2100,84.4250
2025-09-04 04:41:00,13.2400,84.7150
2025-09-04 04:42:00,13.2375,84.6300
2025-09-04 04:43:00,13.2125,84.4775
2025-09-04 04:44:00,13.2475,84.0425
2025-09-04 04:45:00,13.2175,84.6875
2025-09-04 04:46:00,13.2175,84.3950
2025-09-04 04:47:00,13.2175,84.5825
2025-09-04 04:48:00,13.2450,84.8400
2025-09-04 04:49:00,13.2375,84.5475
2025-09-04 04:50:00,13.2300,84.2300
2025-09-04 04:51:00,13.2175,84.2525
2025-09-04 04:52:00,13.2075,84.2500
2025-09-04 04:53:00,13.2350,84.5325
2025-09-04 04:54:00,13.2300,84.2575
2025-09-04 04:55:00,13.2150,84.5650
2025-09-04 04:56:00,13.2275,84.2250
2025-09-04 04:57:00,13.2250,84.6700
2025-09-04 04:58:00,13.2200,84.4225
2025-09-04 04:59:00,13.2375,84.4950
2025-09-04 05:00:00,13.2325,84.1550
2025-09-04 05:01:00,13.2350,84.1100
2025-09-04 05:02:00,13.2475,84.4750
2025-09-04 05:03:00,13.2450,84.2125
2025-09-04 05:04:00,13.2425,84.3650
2025-09-04 05:05:00,13.2450,84.1550
2025-09-04 05:06:00,13.2350,84.1100
2025-09-04 05:07:00,13.2450,84.2700
2025-09-04 05:08:00,13.2350,84.6625
2025-09-04 05:09:00,13.2475,84.2625
2025-09-04 05:10:00,13.2400,84.5100
2025-09-04 05:11:00,13.2350,84.4950
2025-09-04 05:12:00,13.2550,84.2200
2025-09-04 05:13:00,13.2175,84.3600
2025-09-04 05:14:00,13.2300,84.6550
2025-09-04 05:15:00,13.2575,84.3125
2025-09-04 05:16:00,13.2475,84.2775
2025-09-04 05:17:00,13.2725,84.6450
2025-09-04 05:18:00,13.2325,84.3875
2025-09-04 05:19:00,13.2425,84.3250
2025-09-04 05:20:00,13.2475,84.3725
2025-09-04 05:21:00,13.2350,84.4275
2025-09-04 05:22:00,13.2650,84.0350
2025-09-04 05:23:00,13.2250,84.4475
2025-09-04 05:24:00,13.2475,84.4375
2025-09-04 05:25:00,13.2500,84.1200
2025-09-04 05:26:00,13.2350,84.5125
2025-09-04 05:27:00,13.2250,84.4850
2025-09-04 05:28:00,13.2250,84.1500
2025-09-04 05:29:00,13.2325,84.5425
2025-09-04 05:30:00,13.2175,84.3000
2025-09-04 05:31:00,13.2175,84.2450
2025-09-04 05:32:00,13.2450,84.1950
2025-09-04 05:33:00,13.2300,84.4250
2025-09-04 05:34:00,13.2125,84.5975
2025-09-04 05:35:00,13.2100,84.4825
2025-09-04 05:36:00,13.2275,84.1250
2025-09-04 05:37:00,13.2450,84.4700
2025-09-04 05:38:00,13.2325,84.1875
2025-09-04 05:39:00,13.2100,84.6300
2025-09-04 05:40:00,13.2150,84.4925
2025-09-04 05:41:00,13.2075,84.6300
2025-09-04 05:42:00,13.2275,84.1700
2025-09-04 05:43:00,13.2450,84.3500
2025-09-04 05:44:00,13.2275,84.1175
2025-09-04 05:45:00,13.2350,84.4325
2025-09-04 05:46:00,13.2300,84.7950
2025-09-04 05:47:00,13.2300,84.3950
2025-09-04 05:48:00,13.2175,84.5750
2025-09-04 05:49:00,13.2425,84.7200
2025-09-04 05:50:00,13.2350,84.5000
2025-09-04 05:51:00,13.2350,84.3750
2025-09-04 05:52:00,13.2450,84.4275
2025-09-04 05:53:00,13.2550,84.4850
2025-09-04 05:54:00,13.2450,84.5650
2025-09-04 05:55:00,13.2475,84.3150
2025-09-04 05:56:00,13.2275,84.6100
2025-09-04 05:57:00,13.2600,84.3650
2025-09-04 05:58:00,13.2525,84.7125
2025-09-04 05:59:00,13.2475,84.6475
2025-09-04 06:00:00,13.2425,84.3475
2025-09-04 06:01:00,13.2550,84.3875
2025-09-04 06:02:00,13.2475,84.2625
2025-09-04 06:03:00,13.2350,84.5325
2025-09-04 06:04:00,13.2425,84.4675
2025-09-04 06:05:00,13.2450,84.5550
2025-09-04 06:06:00,13.2500,84.4775
2025-09-04 06:07:00,13.2350,84.0950
2025-09-04 06:08:00,13.2250,84.3650
2025-09-04 06:09:00,13.2475,84.2475
2025-09-04 06:10:00,13.2350,84.4475
2025-09-04 06:11:00,13.2300,84.7075
2025-09-04 06:12:00,13.2175,84.9050
2025-09-04 06:13:00,13.2075,84.5425
2025-09-04 06:14:00,13.2300,84.7825
2025-09-04 06:15:00,13.2650,84.3550
2025-09-04 06:16:00,13.2375,84.5500
2025-09-04 06:17:00,13.2400,84.2425
2025-09-04 06:18:00,13.2425,84.4000
2025-09-04 06:19:00,13.2575,84.4325
2025-09-04 06:20:00,13.2475,84.2875
2025-09-04 06:21:00,13.2300,84.0925
2025-09-04 06:22:00,13.2275,84.4375
2025-09-04 06:23:00,13.2175,84.6625
2025-09-04 06:24:00,13.2375,84.3000
2025-09-04 06:25:00,13.2350,84.8625
2025-09-04 06:26:00,13.2250,84.6525
2025-09-04 06:27:00,13.2400,84.7950
2025-09-04 06:28:00,13.2250,84.4800
2025-09-04 06:29:00,13.2475,84.6500
2025-09-04 06:30:00,13.2350,84.3000
2025-09-04 06:31:00,13.2175,84.7900
2025-09-04 06:32:00,13.2350,84.7475
2025-09-04 06:33:00,13.2300,85.0175
2025-09-04 06:34:00,13.2175,84.6225
2025-09-04 06:35:00,13.2525,84.3225
2025-09-04 06:36:00,13.2575,84.6575
2025-09-04 06:37:00,13.2450,84.8300
2025-09-04 06:38:00,13.2200,84.4600
2025-09-04 06:39:00,13.2525,84.7100
2025-09-04 06:40:00,13.2475,84.8200
2025-09-04 06:41:00,13.2450,84.6475
2025-09-04 06:42:00,13.2325,84.2925
2025-09-04 06:43:00,13.2175,84.6400
2025-09-04 06:44:00,13.2575,84.7050
2025-09-04 06:45:00,13.2350,84.3750
2025-09-04 06:46:00,13.2450,84.6450
2025-09-04 06:47:00,13.2350,84.7950
2025-09-04 06:48:00,13.2250,84.3400
2025-09-04 06:49:00,13.2475,84.6475
2025-09-04 06:50:00,13.2450,84.2225
2025-09-04 06:51:00,13.2450,84.5975
2025-09-04 06:52:00,13.2450,84.6875
2025-09-04 06:53:00,13.2350,84.2725
2025-09-04 06:54:00,13.2550,84.6100
2025-09-04 06:55:00,13.2325,84.7450
2025-09-04 06:56:00,13.2275,84.4200
2025-09-04 06:57:00,13.2350,84.6300
2025-09-04 06:58:00,13.2650,84.4600
2025-09-04 06:59:00,13.2375,84.5325
2025-09-04 07:00:00,13.2375,84.5075
2025-09-04 07:01:00,13.2175,84.7125
2025-09-04 07:02:00,13.2425,84.8075
2025-09-04 07:03:00,13.2600,84.3000
2025-09-04 07:04:00,13.2475,84.6625
2025-09-04 07:05:00,13.2450,84.5175
2025-09-04 07:06:00,13.2300,84.3575
2025-09-04 07:07:00,13.2450,84.3000
2025-09-04 07:08:00,13.2400,84.7350
2025-09-04 07:09:00,13.2475,84.2750
2025-09-04 07:10:00,13.2400,84.7950
2025-09-04 07:11:00,13.2400,84.4725
2025-09-04 07:12:00,13.2350,84.5400
2025-09-04 07:13:00,13.2300,84.8500
2025-09-04 07:14:00,13.2450,84.6875
2025-09-04 07:15:00,13.2475,84.4650
2025-09-04 07:16:00,13.2325,84.6025
2025-09-04 07:17:00,13.2125,84.6375
2025-09-04 07:18:00,13.2375,84.4475
2025-09-04 07:19:00,13.2100,84.6550
2025-09-04 07:20:00,13.2275,84.5375
2025-09-04 07:21:00,13.2175,84.7125
2025-09-04 07:22:00,13.2200,84.8200
2025-09-04 07:23:00,13.2175,84.7400
2025-09-04 07:24:00,13.2575,84.6875
2025-09-04 07:25:00,13.2350,84.6950
2025-09-04 07:26:00,13.2175,84.5025
2025-09-04 07:27:00,13.2300,84.7775
2025-09-04 07:28:00,13.2450,84.5625
2025-09-04 07:29:00,13.2425,84.3675
2025-09-04 07:30:00,13.2175,84.1450
2025-09-04 07:31:00,13.2300,84.5975
2025-09-04 07:32:00,13.2175,84.5275
2025-09-04 07:33:00,13.2250,84.8575
2025-09-04 07:34:00,13.2350,84.4150
2025-09-04 07:35:00,13.2425,84.6550
2025-09-04 07:36:00,13.2325,84.7225
2025-09-04 07:37:00,13.2075,84.3625
2025-09-04 07:38:00,13.2200,84.9450
2025-09-04 07:39:00,13.2375,84.5875
2025-09-04 07:40:00,13.2375,84.3850
2025-09-04 07:41:00,13.2250,84.7450
2025-09-04 07:42:00,13.2150,84.7300
2025-09-04 07:43:00,13.2175,84.3725
2025-09-04 07:44:00,13.2275,84.5100
2025-09-04 07:45:00,13.2250,84.3725
2025-09-04 07:46:00,13.2075,84.7250
2025-09-04 07:47:00,13.2250,84.6875
2025-09-04 07:48:00,13.2250,84.5925
2025-09-04 07:49:00,13.2200,84.7825
2025-09-04 07:50:00,13.2175,84.5550
2025-09-04 07:51:00,13.2350,84.9550
2025-09-04 07:52:00,13.2450,84.9025
2025-09-04 07:53:00,13.2350,84.6900
2025-09-04 07:54:00,13.2725,84.8550
2025-09-04 07:55:00,13.2475,84.6150
2025-09-04 07:56:00,13.2575,84.9175
2025-09-04 07:57:00,13.2550,84.7750
2025-09-04 07:58:00,13.2525,84.4325
2025-09-04 07:59:00,13.2425,84.7500
2025-09-04 08:00:00,13.2650,84.7875
2025-09-04 08:01:00,13.2775,84.7575
2025-09-04 08:02:00,13.2525,84.8075
2025-09-04 08:03:00,13.2725,84.5325
2025-09-04 08:04:00,13.2750,84.4375
2025-09-04 08:05:00,13.2775,84.8225
2025-09-04 08:06:00,13.2725,85.1850
2025-09-04 08:07:00,13.2775,84.7375
2025-09-04 08:08:00,13.2550,84.7750
2025-09-04 08:09:00,13.2850,84.7975
2025-09-04 08:10:00,13.2825,84.6025
2025-09-04 08:11:00,13.3050,84.7200
2025-09-04 08:12:00,13.2775,84.4625
2025-09-04 08:13:00,13.2675,84.8225
2025-09-04 08:14:00,13.2725,84.7175
2025-09-04 08:15:00,13.3125,84.9800
2025-09-04 08:16:00,13.4025,84.5600
2025-09-04 08:17:00,13.3150,84.5075
2025-09-04 08:18:00,13.2100,84.6225
2025-09-04 08:19:00,13.1575,85.0475
2025-09-04 08:20:00,13.0925,85.4250
2025-09-04 08:21:00,13.0800,85.3750
2025-09-04 08:22:00,13.0450,85.4125
2025-09-04 08:23:00,13.0100,85.0400
2025-09-04 08:24:00,12.9700,85.1900
2025-09-04 08:25:00,12.9350,85.3250
2025-09-04 08:26:00,12.9525,85.5425
2025-09-04 08:27:00,12.9675,85.5100
2025-09-04 08:28:00,12.9450,85.6925
2025-09-04 08:29:00,12.9500,85.8300
2025-09-04 08:30:00,12.9725,86.0850
2025-09-04 08:31:00,12.9575,85.6300
2025-09-04 08:32:00,12.9400,85.8325
2025-09-04 08:33:00,12.9525,85.6850
2025-09-04 08:34:00,12.9350,85.6350
2025-09-04 08:35:00,12.9325,86.0550
2025-09-04 08:36:00,12.9425,85.7950
2025-09-04 08:37:00,12.9400,85.6600
2025-09-04 08:38:00,12.9325,85.9600
2025-09-04 08:39:00,12.9175,85.7375
2025-09-04 08:40:00,12.9325,86.0250
2025-09-04 08:41:00,12.9150,85.6350
2025-09-04 08:42:00,12.8900,85.5700
2025-09-04 08:43:00,12.9025,85.4000
2025-09-04 08:44:00,12.9050,85.7800
2025-09-04 08:45:00,12.8725,85.8900
2025-09-04 08:46:00,12.8925,86.2825
2025-09-04 08:47:00,12.9150,86.2425
2025-09-04 08:48:00,12.9100,85.6450
2025-09-04 08:49:00,12.9225,86.2375
2025-09-04 08:50:00,12.9025,85.9200
2025-09-04 08:51:00,12.9025,85.6350
2025-09-04 08:52:00,12.9025,85.8725
2025-09-04 08:53:00,12.9025,86.0225
2025-09-04 08:54:00,12.9150,85.9800
2025-09-04 08:55:00,12.8950,85.7025
2025-09-04 08:56:00,12.9050,85.7250
2025-09-04 08:57:00,12.9100,85.8350
2025-09-04 08:58:00,12.9175,85.8600
2025-09-04 08:59:00,12.8950,85.8450
2025-09-04 09:00:00,12.8850,85.9325
2025-09-04 09:01:00,12.9150,85.9250
2025-09-04 09:02:00,12.9050,85.8850
2025-09-04 09:03:00,12.9150,85.9275
2025-09-04 09:04:00,12.9325,85.9850
2025-09-04 09:05:00,12.9150,85.9725
2025-09-04 09:06:00,12.9200,86.0375
2025-09-04 09:07:00,12.9200,85.9225
2025-09-04 09:08:00,12.9150,85.7350
2025-09-04 09:09:00,12.9275,85.9875
2025-09-04 09:10:00,12.9300,85.9000
2025-09-04 09:11:00,12.9300,85.9825
2025-09-04 09:12:00,12.9250,85.5825
2025-09-04 09:13:00,12.9150,86.0775
2025-09-04 09:14:00,12.9300,86.0150
2025-09-04 09:15:00,12.9225,85.6350
2025-09-04 09:16:00,12.9225,85.7575
2025-09-04 09:17:00,12.9300,85.8425
2025-09-04 09:18:00,12.9125,85.6875
2025-09-04 09:19:00,12.9175,86.0775
2025-09-04 09:20:00,12.9225,85.9525
2025-09-04 09:21:00,12.9200,85.5800
2025-09-04 09:22:00,12.9325,85.9750
2025-09-04 09:23:00,12.9200,85.5425
2025-09-04 09:24:00,12.9125,86.0950
2025-09-04 09:25:00,12.9350,85.9900
2025-09-04 09:26:00,12.9150,86.1675
2025-09-04 09:27:00,12.9300,85.9125
2025-09-04 09:28:00,12.9300,85.9400
2025-09-04 09:29:00,12.9275,85.6700
2025-09-04 09:30:00,12.9525,85.8425
2025-09-04 09:31:00,12.9300,86.1550
2025-09-04 09:32:00,12.9450,86.0800
2025-09-04 09:33:00,12.9300,85.6600
2025-09-04 09:34:00,12.9150,85.6850
2025-09-04 09:35:00,12.9175,86.0550
2025-09-04 09:36:00,12.9125,85.5925
2025-09-04 09:37:00,12.9025,85.7725
2025-09-04 09:38:00,12.9175,85.8700
2025-09-04 09:39:00,12.9175,86.0050
2025-09-04 09:40:00,12.9125,85.7075
2025-09-04 09:41:00,12.9250,85.6350
2025-09-04 09:42:00,12.9050,85.4275
2025-09-04 09:43:00,12.8875,85.7625
2025-09-04 09:44:00,12.9325,85.9200
2025-09-04 09:45:00,12.9150,85.9125
2025-09-04 09:46:00,12.9300,85.9200
2025-09-04 09:47:00,12.9025,85.6625
2025-09-04 09:48:00,12.9100,85.6600
2025-09-04 09:49:00,12.9225,85.6300
2025-09-04 09:50:00,12.9025,85.5200
2025-09-04 09:51:00,12.9100,85.7275
2025-09-04 09:52:00,12.9200,85.5625
2025-09-04 09:53:00,12.9150,85.9350
2025-09-04 09:54:00,12.9200,85.7450
2025-09-04 09:55:00,12.9175,85.6000
2025-09-04 09:56:00,12.9050,85.5550
2025-09-04 09:57:00,12.9025,85.9100
2025-09-04 09:58:00,12.9050,85.9425
2025-09-04 09:59:00,12.9175,85.7875
2025-09-04 10:00:00,12.9050,85.6125
2025-09-04 10:01:00,12.9150,85.8400
2025-09-04 10:02:00,12.9125,85.5800
2025-09-04 10:03:00,12.9150,85.6875
2025-09-04 10:04:00,12.9375,85.9100
2025-09-04 10:05:00,12.8925,85.4900
2025-09-04 10:06:00,12.9150,85.8175
2025-09-04 10:07:00,12.9150,86.0300
2025-09-04 10:08:00,12.9250,85.6975
2025-09-04 10:09:00,12.9175,85.8425
2025-09-04 10:10:00,12.8925,85.7100
2025-09-04 10:11:00,12.9200,85.6525
2025-09-04 10:12:00,12.9150,85.4600
2025-09-04 10:13:00,12.9100,85.6750
2025-09-04 10:14:00,12.9250,85.7800
2025-09-04 10:15:00,12.9175,85.7300
2025-09-04 10:16:00,12.9225,85.5725
2025-09-04 10:17:00,12.9025,85.5275
2025-09-04 10:18:00,12.8950,85.4000
2025-09-04 10:19:00,12.9225,85.3350
2025-09-04 10:20:00,12.9050,85.4450
2025-09-04 10:21:00,12.8925,85.5150
2025-09-04 10:22:00,12.8900,85.5450
2025-09-04 10:23:00,12.8725,85.5950
2025-09-04 10:24:00,12.9000,85.5550
2025-09-04 10:25:00,12.8925,85.4425
2025-09-04 10:26:00,12.9150,85.6350
2025-09-04 10:27:00,12.9150,85.6275
2025-09-04 10:28:00,12.9200,85.7400
2025-09-04 10:29:00,12.8850,85.6100
2025-09-04 10:30:00,12.8975,85.8900
2025-09-04 10:31:00,12.9025,85.4475
2025-09-04 10:32:00,12.9025,85.7875
2025-09-04 10:33:00,12.9025,85.7125
2025-09-04 10:34:00,12.9150,85.5400
2025-09-04 10:35:00,12.9125,85.6650
2025-09-04 10:36:00,12.9050,86.1200
2025-09-04 10:37:00,12.9150,85.7650
2025-09-04 10:38:00,12.9175,85.6950
2025-09-04 10:39:00,12.9175,85.8725
2025-09-04 10:40:00,12.9050,86.0250
2025-09-04 10:41:00,12.9200,85.8600
2025-09-04 10:42:00,12.9650,85.7200
2025-09-04 10:43:00,12.9350,85.5375
2025-09-04 10:44:00,12.9375,85.5800
2025-09-04 10:45:00,12.9300,85.7725
2025-09-04 10:46:00,12.9150,85.4325
2025-09-04 10:47:00,12.9250,86.0125
2025-09-04 10:48:00,12.9525,86.1175
2025-09-04 10:49:00,12.9550,85.8800
2025-09-04 10:50:00,12.9300,85.7275
2025-09-04 10:51:00,12.9400,85.8100
2025-09-04 10:52:00,12.9400,85.3750
2025-09-04 10:53:00,12.9400,85.6525
2025-09-04 10:54:00,12.9400,85.6950
2025-09-04 10:55:00,12.9925,85.9425
2025-09-04 10:56:00,13.1025,84.7975
2025-09-04 10:57:00,13.0700,85.0950
2025-09-04 10:58:00,13.0450,84.9450
2025-09-04 10:59:00,13.0125,84.8125
2025-09-04 11:00:00,12.9700,85.1575
2025-09-04 11:01:00,12.9350,85.1425
2025-09-04 11:02:00,12.9275,85.2125
2025-09-04 11:03:00,12.9300,85.5525
2025-09-04 11:04:00,12.9125,85.2975
2025-09-04 11:05:00,12.8875,85.0950
2025-09-04 11:06:00,12.8825,85.1925
2025-09-04 11:07:00,12.8825,85.2350
2025-09-04 11:08:00,12.8775,85.4950
2025-09-04 11:09:00,12.8850,85.7175
2025-09-04 11:10:00,12.8825,85.3150
2025-09-04 11:11:00,12.8650,85.9650
2025-09-04 11:12:00,12.8725,85.8850
2025-09-04 11:13:00,12.8825,85.6850
2025-09-04 11:14:00,12.8875,85.6550
2025-09-04 11:15:00,12.8750,85.5650
2025-09-04 11:16:00,12.8625,85.5400
2025-09-04 11:17:00,12.8875,85.8850
2025-09-04 11:18:00,12.8675,85.9500
2025-09-04 11:19:00,12.8800,85.7900
2025-09-04 11:20:00,12.8800,85.4675
2025-09-04 11:21:00,12.8550,85.5350
2025-09-04 11:22:00,12.8850,85.6525
2025-09-04 11:23:00,12.8650,85.5600
2025-09-04 11:24:00,12.8675,85.8200
2025-09-04 11:25:00,12.8825,85.8300
2025-09-04 11:26:00,12.8775,85.6600
2025-09-04 11:27:00,12.8725,85.6475
2025-09-04 11:28:00,12.8550,85.6450
2025-09-04 11:29:00,12.8675,85.6450
2025-09-04 11:30:00,12.8825,85.7400
2025-09-04 11:31:00,12.8650,85.9750
2025-09-04 11:32:00,12.8725,85.9500
2025-09-04 11:33:00,12.9025,85.9650
2025-09-04 11:34:00,12.9150,85.8400
2025-09-04 11:35:00,12.9175,85.7450
2025-09-04 11:36:00,12.9125,85.7650
2025-09-04 11:37:00,12.9300,85.7400
2025-09-04 11:38:00,12.9325,85.5950
2025-09-04 11:39:00,12.9050,85.4925
2025-09-04 11:40:00,12.9175,85.6725
2025-09-04 11:41:00,12.8825,85.5325
2025-09-04 11:42:00,12.8850,85.6125
2025-09-04 11:43:00,12.8875,85.7325
2025-09-04 11:44:00,12.8850,85.6225
2025-09-04 11:45:00,12.8725,85.7350
2025-09-04 11:46:00,12.8925,85.7425
2025-09-04 11:47:00,12.8650,86.0775
2025-09-04 11:48:00,12.8925,85.6150
2025-09-04 11:49:00,12.8575,85.6775
2025-09-04 11:50:00,12.8825,85.6575
2025-09-04 11:51:00,12.8925,85.9150
2025-09-04 11:52:00,12.8725,85.5900
2025-09-04 11:53:00,12.8650,85.9575
2025-09-04 11:54:00,12.8775,86.0050
2025-09-04 11:55:00,12.8625,85.9400
2025-09-04 11:56:00,12.8850,86.0000
2025-09-04 11:57:00,12.8925,85.9350
2025-09-04 11:58:00,12.9000,85.6475
2025-09-04 11:59:00,12.8850,85.7675
2025-09-04 12:00:00,12.8800,86.1400
2025-09-04 12:01:00,12.9025,85.7375
2025-09-04 12:02:00,12.9050,86.1475
2025-09-04 12:03:00,12.8825,85.9225
2025-09-04 12:04:00,12.9425,86.2050
2025-09-04 12:05:00,12.9300,85.5950
2025-09-04 12:06:00,12.9250,86.0950
2025-09-04 12:07:00,12.9250,85.9825
2025-09-04 12:08:00,12.9300,86.0700
2025-09-04 12:09:00,12.9375,85.5975
2025-09-04 12:10:00,12.9150,85.9325
2025-09-04 12:11:00,12.8725,85.8775
2025-09-04 12:12:00,12.9200,86.0225
2025-09-04 12:13:00,12.9150,85.8325
2025-09-04 12:14:00,12.8925,85.4400
2025-09-04 12:15:00,12.8950,85.8275
2025-09-04 12:16:00,12.8850,85.6200
2025-09-04 12:17:00,12.8725,85.7175
2025-09-04 12:18:00,12.9125,85.8550
2025-09-04 12:19:00,12.8900,85.6550
2025-09-04 12:20:00,12.8850,86.0050
2025-09-04 12:21:00,12.8825,85.9600
2025-09-04 12:22:00,12.9050,85.7400
2025-09-04 12:23:00,12.9100,85.8025
2025-09-04 12:24:00,12.9050,86.0700
2025-09-04 12:25:00,12.9025,86.0150
2025-09-04 12:26:00,12.9250,85.9975
2025-09-04 12:27:00,12.9150,86.0050
2025-09-04 12:28:00,12.9250,85.8750
2025-09-04 12:29:00,12.9225,85.9250
2025-09-04 12:30:00,12.9250,85.9750
2025-09-04 12:31:00,12.9400,86.0675
2025-09-04 12:32:00,12.9150,85.8200
2025-09-04 12:33:00,12.9300,85.6725
2025-09-04 12:34:00,12.9200,85.6600
2025-09-04 12:35:00,12.9225,85.6350
2025-09-04 12:36:00,12.9500,85.6925
2025-09-04 12:37:00,12.9150,85.8775
2025-09-04 12:38:00,12.9050,85.7000
2025-09-04 12:39:00,12.9050,86.0800
2025-09-04 12:40:00,12.9125,86.0825
2025-09-04 12:41:00,12.9200,85.9025
2025-09-04 12:42:00,12.9325,85.7075
2025-09-04 12:43:00,12.9400,85.5625
2025-09-04 12:44:00,12.9175,85.9175
2025-09-04 12:45:00,12.9250,85.7375
2025-09-04 12:46:00,12.9150,85.7075
2025-09-04 12:47:00,12.9250,85.6600
2025-09-04 12:48:00,12.9250,85.8025
2025-09-04 12:49:00,12.9275,85.8575
2025-09-04 12:50:00,12.9200,85.6275
2025-09-04 12:51:00,12.9300,85.8100
2025-09-04 12:52:00,12.8925,85.8375
2025-09-04 12:53:00,12.9525,86.6025
2025-09-04 12:54:00,13.1275,85.1500
2025-09-04 12:55:00,13.1300,85.4300
2025-09-04 12:56:00,13.0975,85.4600
2025-09-04 12:57:00,13.0950,85.2700
2025-09-04 12:58:00,13.0725,85.1125
2025-09-04 12:59:00,13.0450,84.9925
2025-09-04 13:00:00,13.0175,85.4025
2025-09-04 13:01:00,13.0250,85.0475
2025-09-04 13:02:00,13.0125,85.1850
2025-09-04 13:03:00,12.9950,85.3050
2025-09-04 13:04:00,13.0125,85.3100
2025-09-04 13:05:00,13.0125,85.3100
2025-09-04 13:06:00,13.0000,85.7575
2025-09-04 13:07:00,12.9900,85.6850
2025-09-04 13:08:00,12.9950,85.7475
2025-09-04 13:09:00,13.0450,85.3450
2025-09-04 13:10:00,13.0325,85.3150
2025-09-04 13:11:00,13.0050,85.4425
2025-09-04 13:12:00,12.9950,85.4250
2025-09-04 13:13:00,13.0000,85.2950
2025-09-04 13:14:00,12.9950,85.3150
2025-09-04 13:15:00,13.0075,85.5000
2025-09-04 13:16:00,12.9975,85.5475
2025-09-04 13:17:00,13.0050,85.6125
2025-09-04 13:18:00,12.9925,85.2125
2025-09-04 13:19:00,13.0075,85.6225
2025-09-04 13:20:00,12.9850,85.1975
2025-09-04 13:21:00,12.9950,85.3375
2025-09-04 13:22:00,12.9975,85.5600
2025-09-04 13:23:00,12.9825,85.4350
2025-09-04 13:24:00,12.9850,85.4875
2025-09-04 13:25:00,12.9725,85.1375
2025-09-04 13:26:00,12.9675,85.3175
2025-09-04 13:27:00,12.9675,85.3700
2025-09-04 13:28:00,12.9625,85.3800
2025-09-04 13:29:00,12.9700,85.2175
2025-09-04 13:30:00,12.9525,85.4100
2025-09-04 13:31:00,12.9675,85.4100
2025-09-04 13:32:00,12.9775,85.5400
2025-09-04 13:33:00,12.9775,85.7400
2025-09-04 13:34:00,12.9675,85.2825
2025-09-04 13:35:00,12.9800,85.6075
2025-09-04 13:36:00,12.9675,85.2825
2025-09-04 13:37:00,12.9800,85.6075
2025-09-04 13:38:00,13.0425,85.4900
2025-09-04 13:39:00,13.0175,85.4750
2025-09-04 13:40:00,13.0075,85.4625
2025-09-04 13:41:00,13.0075,85.2025
2025-09-04 13:42:00,13.0050,85.3750
2025-09-04 13:43:00,12.9650,85.1775
2025-09-04 13:44:00,12.9775,85.3400
2025-09-04 13:45:00,12.9750,85.3375
2025-09-04 13:46:00,12.9725,85.2750
2025-09-04 13:47:00,12.9675,85.4675
2025-09-04 13:48:00,12.9825,85.6450
2025-09-04 13:49:00,12.9625,85.3475
2025-09-04 13:50:00,12.9750,85.6200
2025-09-04 13:51:00,12.9525,85.4375
2025-09-04 13:52:00,12.9725,85.7550
2025-09-04 13:53:00,12.9725,85.3300
2025-09-04 13:54:00,12.9775,85.8550
2025-09-04 13:55:00,12.9675,85.6025
2025-09-04 13:56:00,12.9975,85.5725
2025-09-04 13:57:00,12.9975,85.2100
2025-09-04 13:58:00,12.9775,85.4750
2025-09-04 13:59:00,12.9800,85.4425
2025-09-04 14:00:00,12.9800,85.5350
2025-09-04 14:01:00,12.9700,85.3450
2025-09-04 14:02:00,12.9525,85.4350
2025-09-04 14:03:00,12.9500,85.4650
2025-09-04 14:04:00,12.9525,85.4700
2025-09-04 14:05:00,12.9550,85.6100
2025-09-04 14:06:00,12.9575,85.7825
2025-09-04 14:07:00,12.9775,85.8075
2025-09-04 14:08:00,12.9950,85.9325
2025-09-04 14:09:00,13.0225,85.9875
2025-09-04 14:10:00,13.0325,85.8450
2025-09-04 14:11:00,13.0200,85.1700
2025-09-04 14:12:00,13.0200,85.4600
2025-09-04 14:13:00,13.0375,85.5000
2025-09-04 14:14:00,13.0250,85.4000
2025-09-04 14:15:00,13.0125,85.5225
2025-09-04 14:16:00,13.0225,85.6300
2025-09-04 14:17:00,13.0150,85.6325
2025-09-04 14:18:00,13.0225,85.6850
2025-09-04 14:19:00,13.0350,85.2275
2025-09-04 14:20:00,13.0350,85.4675
2025-09-04 14:21:00,13.0150,85.4750
2025-09-04 14:22:00,13.0075,85.2425
2025-09-04 14:23:00,13.0425,85.3850
2025-09-04 14:24:00,13.0175,85.4475
2025-09-04 14:25:00,13.0200,85.1925
2025-09-04 14:26:00,13.0250,85.3775
2025-09-04 14:27:00,13.0050,85.3775
2025-09-04 14:28:00,13.0050,85.3100
2025-09-04 14:29:00,13.0225,85.3500
2025-09-04 14:30:00,13.0100,85.4700
2025-09-04 14:31:00,13.0375,85.1225
2025-09-04 14:32:00,13.0200,85.5425
2025-09-04 14:33:00,13.0100,85.2675
2025-09-04 14:34:00,13.0050,85.3050
2025-09-04 14:35:00,13.0125,85.2750
2025-09-04 14:36:00,13.0175,85.4625
2025-09-04 14:37:00,13.0375,85.3850
2025-09-04 14:38:00,13.0225,85.4025
2025-09-04 14:39:00,13.0550,85.6025
2025-09-04 14:40:00,13.0550,85.5300
2025-09-04 14:41:00,13.0325,84.8950
2025-09-04 14:42:00,13.0450,85.3775
2025-09-04 14:43:00,13.0325,85.4175
2025-09-04 14:44:00,13.0125,85.2850
2025-09-04 14:45:00,13.0325,85.2450
2025-09-04 14:46:00,13.0100,85.3425
2025-09-04 14:47:00,13.0325,85.2575
2025-09-04 14:48:00,13.0325,85.4775
2025-09-04 14:49:00,13.0450,85.6000
2025-09-04 14:50:00,13.0475,85.5875
2025-09-04 14:51:00,13.0425,85.6200
2025-09-04 14:52:00,13.0425,85.4025
2025-09-04 14:53:00,13.0375,85.5150
2025-09-04 14:54:00,13.0425,85.3200
2025-09-04 14:55:00,13.0350,85.4600
2025-09-04 14:56:00,13.0400,85.5450
2025-09-04 14:57:00,13.0375,85.3825
2025-09-04 14:58:00,13.0350,85.4775
2025-09-04 14:59:00,13.0225,85.2025
2025-09-04 15:00:00,13.0350,85.2450
2025-09-04 15:01:00,13.0150,85.3450
2025-09-04 15:02:00,13.0350,85.4725
2025-09-04 15:03:00,13.0325,85.3825
2025-09-04 15:04:00,13.0175,85.2825
2025-09-04 15:05:00,13.0150,85.3650
2025-09-04 15:06:00,13.0200,85.0025
2025-09-04 15:07:00,13.0325,85.4100
2025-09-04 15:08:00,13.0150,85.5150
2025-09-04 15:09:00,13.0400,85.0825
2025-09-04 15:10:00,13.0150,85.6350
2025-09-04 15:11:00,13.0325,85.4800
2025-09-04 15:12:00,13.0150,85.2950
2025-09-04 15:13:00,12.9950,85.3450
2025-09-04 15:14:00,13.0150,85.4175
2025-09-04 15:15:00,12.9975,85.3125
2025-09-04 15:16:00,12.9975,85.2075
2025-09-04 15:17:00,12.9950,85.1300
2025-09-04 15:18:00,12.9850,85.2900
2025-09-04 15:19:00,12.9850,85.3550
2025-09-04 15:20:00,12.9800,85.3875
2025-09-04 15:21:00,12.9775,85.3775
2025-09-04 15:22:00,13.0075,85.5500
2025-09-04 15:23:00,13.0100,85.4900
2025-09-04 15:24:00,13.0075,85.4500
2025-09-04 15:25:00,13.0050,85.4175
2025-09-04 15:26:00,13.0200,85.0975
2025-09-04 15:27:00,13.0325,85.7175
2025-09-04 15:28:00,13.0475,85.3150
2025-09-04 15:29:00,13.1675,89.1350
2025-09-04 15:30:00,13.2450,88.1750
2025-09-04 15:31:00,13.2725,86.9300
2025-09-04 15:32:00,13.3200,86.2725
2025-09-04 15:33:00,13.3150,85.9700
2025-09-04 15:34:00,13.3725,85.7600
2025-09-04 15:35:00,13.4400,85.6475
2025-09-04 15:36:00,13.4550,85.5550
2025-09-04 15:37:00,13.4950,85.5100
2025-09-04 15:38:00,13.5200,85.4425
2025-09-04 15:39:00,13.5425,85.4375
2025-09-04 15:40:00,13.5675,85.2975
2025-09-04 15:41:00,13.6200,85.2400
2025-09-04 15:42:00,13.6000,85.1375
2025-09-04 15:43:00,13.6025,85.0825
2025-09-04 15:44:00,13.6550,85.0225
2025-09-04 15:45:00,13.6300,84.9825
2025-09-04 15:46:00,13.6575,84.9025
2025-09-04 15:47:00,13.6450,84.8550
2025-09-04 15:48:00,13.6825,84.8325
2025-09-04 15:49:00,13.6700,84.8275
2025-09-04 15:50:00,13.6725,84.8150
2025-09-04 15:51:00,13.6950,84.8050
2025-09-04 15:52:00,13.6825,84.7550
2025-09-04 15:53:00,13.7000,84.7300
2025-09-04 15:54:00,13.7150,84.7075
2025-09-04 15:55:00,13.7125,84.6800
2025-09-04 15:56:00,13.7025,84.6975
2025-09-04 15:57:00,13.7100,84.6700
2025-09-04 15:58:00,13.7275,84.6625
2025-09-04 15:59:00,13.7275,84.6875
2025-09-04 16:00:00,13.7450,84.6875
2025-09-04 16:01:00,13.7375,84.6775
2025-09-04 16:02:00,13.7400,84.7500
2025-09-04 16:03:00,13.7425,84.8450
2025-09-04 16:04:00,13.8825,85.5250
2025-09-04 16:05:00,14.7150,83.6075
2025-09-04 16:06:00,14.9175,83.0575
2025-09-04 16:07:00,15.0175,82.7950
2025-09-04 16:08:00,13.8825,85.5250
2025-09-04 16:09:00,14.7150,83.6075
2025-09-04 16:10:00,14.9175,83.0575
2025-09-04 16:11:00,15.0175,82.7950
2025-09-04 16:12:00,15.1050,82.5925
2025-09-04 16:13:00,15.1750,82.3800
2025-09-04 16:14:00,15.2425,82.1875
2025-09-04 16:15:00,15.3025,82.0375
2025-09-04 16:16:00,15.3125,81.9375
2025-09-04 16:17:00,15.3550,81.7800
2025-09-04 16:18:00,15.3600,81.6775
2025-09-04 16:19:00,15.3850,81.5725
2025-09-04 16:20:00,15.3950,81.4750
2025-09-04 16:21:00,15.3750,81.3700
2025-09-04 16:22:00,15.3800,81.3300
2025-09-04 16:23:00,15.3800,81.2950
2025-09-04 16:24:00,15.3675,81.2825
2025-09-04 16:25:00,15.3750,81.2825
2025-09-04 16:26:00,15.3675,81.2275
2025-09-04 16:27:00,15.3750,77.9525
2025-09-04 16:28:00,15.3425,84.4250
2025-09-04 16:29:00,15.4625,88.1925
2025-09-04 16:30:00,15.5525,87.1950
2025-09-04 16:31:00,15.6225,85.6525
2025-09-04 16:32:00,15.6800,83.6875
2025-09-04 16:33:00,15.7150,82.8150
2025-09-04 16:34:00,15.7025,81.9300
2025-09-04 16:35:00,15.6900,81.5325
2025-09-04 16:36:00,15.6850,81.2675
2025-09-04 16:37:00,15.6550,80.9725
2025-09-04 16:38:00,15.6750,80.7650
2025-09-04 16:39:00,15.6300,80.8450
2025-09-04 16:40:00,15.5925,80.4475
2025-09-04 16:41:00,15.5300,80.5025
2025-09-04 16:42:00,15.4900,80.2525
2025-09-04 16:43:00,15.4650,80.6075
2025-09-04 16:44:00,15.4100,80.6300
2025-09-04 16:45:00,15.3750,80.5925
2025-09-04 16:46:00,15.3525,80.7100
2025-09-04 16:47:00,15.3225,80.6475
2025-09-04 16:48:00,15.3150,80.7225
2025-09-04 16:49:00,15.2800,80.6850
2025-09-04 16:50:00,15.2575,80.7150
2025-09-04 16:51:00,15.2375,80.8250
2025-09-04 16:52:00,15.2225,80.8575
2025-09-04 16:53:00,15.2250,80.9000
2025-09-04 16:54:00,15.1950,81.3425
2025-09-04 16:55:00,15.1900,81.1900
2025-09-04 16:56:00,15.1400,81.2925
2025-09-04 16:57:00,15.1625,81.3475
2025-09-04 16:58:00,15.1525,81.3925
2025-09-04 16:59:00,15.1375,81.5475
2025-09-04 17:00:00,15.1275,81.5050
2025-09-04 17:01:00,15.1050,81.1500
2025-09-04 17:02:00,15.1125,81.2150
2025-09-04 17:03:00,15.1275,81.3225
2025-09-04 17:04:00,15.1325,81.2575
2025-09-04 17:05:00,15.1625,81.1450
2025-09-04 17:06:00,15.1975,81.2500
2025-09-04 17:07:00,15.2375,80.9325
2025-09-04 17:08:00,15.2775,80.9975
2025-09-04 17:09:00,15.2800,80.8875
2025-09-04 17:10:00,15.2950,80.8800
2025-09-04 17:11:00,15.3025,80.9475
2025-09-04 17:12:00,15.3225,80.7850
2025-09-04 17:13:00,15.3150,80.7600
2025-09-04 17:14:00,15.2900,80.8625
2025-09-04 17:15:00,15.2750,80.9925
2025-09-04 17:16:00,15.2525,80.9675
2025-09-04 17:17:00,15.2575,80.8200
2025-09-04 17:18:00,15.2325,81.4850
2025-09-04 17:19:00,15.2025,81.2150
2025-09-04 17:20:00,15.1750,81.2575
2025-09-04 17:21:00,15.1525,81.4600
2025-09-04 17:22:00,15.1450,81.4275
2025-09-04 17:23:00,15.1125,81.3150
2025-09-04 17:24:00,15.0850,81.4975
2025-09-04 17:25:00,15.0825,81.4875
2025-09-04 17:26:00,15.0750,81.7425
2025-09-04 17:27:00,15.0500,81.6225
2025-09-04 17:28:00,15.0275,81.7975
2025-09-04 17:29:00,15.0125,81.6125
2025-09-04 17:30:00,15.0225,81.9025
2025-09-04 17:31:00,15.0075,81.8775
2025-09-04 17:32:00,15.0350,81.8900
2025-09-04 17:33:00,15.0525,81.9500
2025-09-04 17:34:00,15.0925,82.0550
2025-09-04 17:35:00,15.1200,81.6050
2025-09-04 17:36:00,15.1625,81.6275
2025-09-04 17:37:00,15.1725,81.6050
2025-09-04 17:38:00,15.1900,81.3800
2025-09-04 17:39:00,15.1750,81.5200
2025-09-04 17:40:00,15.2025,81.1125
2025-09-04 17:41:00,15.2000,81.4750
2025-09-04 17:42:00,15.2125,81.1450
2025-09-04 17:43:00,15.1925,81.3925
2025-09-04 17:44:00,15.1975,81.1525
2025-09-04 17:45:00,15.1900,81.4600
2025-09-04 17:46:00,15.2125,81.4250
2025-09-04 17:47:00,15.2275,81.5375
2025-09-04 17:48:00,15.2400,81.0950
2025-09-04 17:49:00,15.2150,81.4950
2025-09-04 17:50:00,15.2375,81.2225
2025-09-04 17:51:00,15.2475,81.2575
2025-09-04 17:52:00,15.2325,81.2750
2025-09-04 17:53:00,15.2175,81.0800
2025-09-04 17:54:00,15.2100,81.4125
2025-09-04 17:55:00,15.1725,81.2775
2025-09-04 17:56:00,15.1725,81.2400
2025-09-04 17:57:00,15.1475,81.7550
2025-09-04 17:58:00,15.1400,81.4325
2025-09-04 17:59:00,15.1325,81.3425
2025-09-04 18:00:00,15.1275,81.5550
2025-09-04 18:01:00,15.1300,81.2550
2025-09-04 18:02:00,15.1275,81.2025
2025-09-04 18:03:00,15.1275,81.7125
2025-09-04 18:04:00,15.0950,81.6000
2025-09-04 18:05:00,15.0875,81.6925
2025-09-04 18:06:00,15.0950,82.0250
2025-09-04 18:07:00,15.0875,82.0225
2025-09-04 18:08:00,15.0800,82.3250
2025-09-04 18:09:00,15.1050,82.7650
2025-09-04 18:10:00,15.0875,82.9075
2025-09-04 18:11:00,15.0925,82.8600
2025-09-04 18:12:00,15.0875,82.5925
2025-09-04 18:13:00,15.1000,82.4150
2025-09-04 18:14:00,15.1100,82.2800
2025-09-04 18:15:00,15.0875,82.0750
2025-09-04 18:16:00,15.0775,82.0600
2025-09-04 18:17:00,15.0675,81.9100
2025-09-04 18:18:00,15.0550,81.9575
2025-09-04 18:19:00,15.0525,82.1000
2025-09-04 18:20:00,15.0425,81.8625
2025-09-04 18:21:00,15.0350,81.8175
2025-09-04 18:22:00,15.0050,81.7575
2025-09-04 18:23:00,15.0000,81.8375
2025-09-04 18:24:00,14.9775,81.6950
2025-09-04 18:25:00,14.9550,82.1500
2025-09-04 18:26:00,14.9575,82.4725
2025-09-04 18:27:00,14.9500,82.1525
2025-09-04 18:28:00,14.9250,81.9600
2025-09-04 18:29:00,14.9325,82.4125
2025-09-04 18:30:00,14.9275,82.3400
2025-09-04 18:31:00,14.8950,81.9200
2025-09-04 18:32:00,14.9050,82.4125
2025-09-04 18:33:00,14.9025,81.9925
2025-09-04 18:34:00,14.8950,82.4975
2025-09-04 18:35:00,14.8950,82.2825
2025-09-04 18:36:00,14.8950,82.0625
2025-09-04 18:37:00,14.8950,82.3125
2025-09-04 18:38:00,14.8850,82.0475
2025-09-04 18:39:00,14.8925,82.4075
2025-09-04 18:40:00,14.8925,82.4575
2025-09-04 18:41:00,14.9050,82.6625
2025-09-04 18:42:00,14.9025,82.4875
2025-09-04 18:43:00,14.9150,81.9900
2025-09-04 18:44:00,14.9025,82.2700
2025-09-04 18:45:00,14.8900,82.1875
2025-09-04 18:46:00,14.9150,82.1125
2025-09-04 18:47:00,14.9175,82.2400
2025-09-04 18:48:00,14.9150,82.1275
2025-09-04 18:49:00,14.9125,82.1350
2025-09-04 18:50:00,14.9000,82.1825
2025-09-04 18:51:00,14.9275,81.9475
2025-09-04 18:52:00,14.9225,82.3300
2025-09-04 18:53:00,14.9250,82.1225
2025-09-04 18:54:00,14.9225,82.1775
2025-09-04 18:55:00,14.9275,82.2825
2025-09-04 18:56:00,14.9325,82.3750
2025-09-04 18:57:00,14.9225,82.2450
2025-09-04 18:58:00,14.9425,82.3450
2025-09-04 18:59:00,14.9300,82.2575
2025-09-04 19:00:00,14.9200,82.2600
2025-09-04 19:01:00,14.9225,81.9100
2025-09-04 19:02:00,14.9200,81.9525
2025-09-04 19:03:00,14.9250,82.0725
2025-09-04 19:04:00,14.9200,81.9850
2025-09-04 19:05:00,14.8950,82.1600
2025-09-04 19:06:00,14.8975,82.1100
2025-09-04 19:07:00,14.8750,82.0425
2025-09-04 19:08:00,14.8600,82.2075
2025-09-04 19:09:00,14.8475,82.4375
2025-09-04 19:10:00,14.8750,82.2825
2025-09-04 19:11:00,14.8850,82.3125
2025-09-04 19:12:00,14.8950,82.2800
2025-09-04 19:13:00,14.9350,82.0200
2025-09-04 19:14:00,14.9225,82.0100
2025-09-04 19:15:00,14.9550,82.1225
2025-09-04 19:16:00,15.0075,82.2600
2025-09-04 19:17:00,15.0225,82.1925
2025-09-04 19:18:00,15.0350,81.8450
2025-09-04 19:19:00,15.0475,81.7100
2025-09-04 19:20:00,15.0475,81.6700
2025-09-04 19:21:00,15.0350,81.7250
2025-09-04 19:22:00,15.0525,81.7150
2025-09-04 19:23:00,15.0800,81.9300
2025-09-04 19:24:00,15.0950,81.6975
2025-09-04 19:25:00,15.0825,81.7375
2025-09-04 19:26:00,15.0900,81.6675
2025-09-04 19:27:00,15.0875,81.6725
2025-09-04 19:28:00,15.0800,81.7400
2025-09-04 19:29:00,15.0550,81.7150
2025-09-04 19:30:00,15.0875,81.9500
2025-09-04 19:31:00,15.0875,81.6600
2025-09-04 19:32:00,15.1250,81.6325
2025-09-04 19:33:00,15.1000,81.6100
2025-09-04 19:34:00,15.0975,81.7500
2025-09-04 19:35:00,15.0775,81.5700
2025-09-04 19:36:00,15.1250,81.8175
2025-09-04 19:37:00,15.1350,81.4600
2025-09-04 19:38:00,15.1300,81.6475
2025-09-04 19:39:00,15.1225,81.4575
2025-09-04 19:40:00,15.1175,81.4050
2025-09-04 19:41:00,15.1150,81.6700
2025-09-04 19:42:00,15.1125,81.5225
2025-09-04 19:43:00,15.1500,81.4600
2025-09-04 19:44:00,15.1550,81.5700
2025-09-04 19:45:00,15.1350,81.2825
2025-09-04 19:46:00,15.1550,81.3300
2025-09-04 19:47:00,15.1475,81.3000
2025-09-04 19:48:00,15.1500,81.2175
2025-09-04 19:49:00,15.1475,81.1000
2025-09-04 19:50:00,15.1525,81.0975
2025-09-04 19:51:00,15.1775,81.6350
2025-09-04 19:52:00,15.1725,81.3950
2025-09-04 19:53:00,15.1750,81.1425
2025-09-04 19:54:00,15.1525,81.5450
2025-09-04 19:55:00,15.1900,81.3475
2025-09-04 19:56:00,15.1950,81.0975
2025-09-04 19:57:00,15.1900,81.3925
2025-09-04 19:58:00,15.2000,81.3650
2025-09-04 19:59:00,15.2075,81.2350
2025-09-04 20:00:00,15.1975,81.2425
2025-09-04 20:01:00,15.1675,81.1375
2025-09-04 20:02:00,15.2125,81.2550
2025-09-04 20:03:00,15.1975,81.2025
2025-09-04 20:04:00,15.2025,81.2000
2025-09-04 20:05:00,15.1900,81.3550
2025-09-04 20:06:00,15.1925,81.3075
2025-09-04 20:07:00,15.1625,81.5775
2025-09-04 20:08:00,15.1800,81.1150
2025-09-04 20:09:00,15.1775,81.1775
2025-09-04 20:10:00,15.1625,81.3275
2025-09-04 20:11:00,15.1350,81.4275
2025-09-04 20:12:00,15.1400,81.2475
2025-09-04 20:13:00,15.1450,81.4925
2025-09-04 20:14:00,15.1575,81.5575
2025-09-04 20:15:00,15.1525,81.4850
2025-09-04 20:16:00,15.1350,81.3225
2025-09-04 20:17:00,15.1475,81.5775
2025-09-04 20:18:00,15.1200,81.4750
2025-09-04 20:19:00,15.1375,81.5250
2025-09-04 20:20:00,15.1175,81.3500
2025-09-04 20:21:00,15.0775,81.3950
2025-09-04 20:22:00,15.1125,81.7575
2025-09-04 20:23:00,15.0625,81.8450
2025-09-04 20:24:00,15.0575,81.2825
2025-09-04 20:25:00,15.0600,81.5400
2025-09-04 20:26:00,15.0325,81.7325
2025-09-04 20:27:00,15.0450,81.9475
2025-09-04 20:28:00,15.0475,81.8375
2025-09-04 20:29:00,15.0725,81.8150
2025-09-04 20:30:00,15.0725,81.5400
2025-09-04 20:31:00,15.0825,81.7850
2025-09-04 20:32:00,15.0725,81.6100
2025-09-04 20:33:00,15.0425,81.8450
2025-09-04 20:34:00,15.0450,81.6825
2025-09-04 20:35:00,15.0350,81.5425
2025-09-04 20:36:00,15.0350,81.5325
2025-09-04 20:37:00,15.0175,81.5925
2025-09-04 20:38:00,15.0225,81.8200
2025-09-04 20:39:00,15.0000,81.6850
2025-09-04 20:40:00,14.9950,81.6600
2025-09-04 20:41:00,14.9800,81.7125
2025-09-04 20:42:00,14.9525,81.7725
2025-09-04 20:43:00,14.9575,81.8400
2025-09-04 20:44:00,14.9400,81.8375
2025-09-04 20:45:00,14.9325,81.9825
2025-09-04 20:46:00,14.9250,82.1200
2025-09-04 20:47:00,14.9325,81.9175
2025-09-04 20:48:00,14.9250,82.2600
2025-09-04 20:49:00,14.9225,82.0575
2025-09-04 20:50:00,14.9050,82.1525
2025-09-04 20:51:00,14.9225,82.1250
2025-09-04 20:52:00,14.9325,81.9775
2025-09-04 20:53:00,14.9400,81.7900
2025-09-04 20:54:00,14.9325,82.3075
2025-09-04 20:55:00,14.9500,82.1175
2025-09-04 20:56:00,14.9425,82.0175
2025-09-04 20:57:00,14.9325,81.8950
2025-09-04 20:58:00,14.9325,82.1975
2025-09-04 20:59:00,14.9200,82.0550
2025-09-04 21:00:00,14.9250,82.0125
2025-09-04 21:01:00,14.9275,82.1300
2025-09-04 21:02:00,14.9300,81.9800
2025-09-04 21:03:00,14.9400,81.9675
2025-09-04 21:04:00,14.9300,82.1125
2025-09-04 21:05:00,14.9700,82.0800
2025-09-04 21:06:00,14.9825,82.1825
2025-09-04 21:07:00,14.9975,82.1275
2025-09-04 21:08:00,15.0200,81.8450
2025-09-04 21:09:00,15.0350,81.8450
2025-09-04 21:10:00,15.0500,81.6500
2025-09-04 21:11:00,15.0600,81.6900
2025-09-04 21:12:00,15.0675,81.9000
2025-09-04 21:13:00,15.0700,81.6450
2025-09-04 21:14:00,15.0450,81.5400
2025-09-04 21:15:00,15.0600,81.6700
2025-09-04 21:16:00,15.0675,81.5925
2025-09-04 21:17:00,15.0450,81.8900
2025-09-04 21:18:00,15.0875,81.5825
2025-09-04 21:19:00,15.1175,81.7450
2025-09-04 21:20:00,15.1000,81.6175
2025-09-04 21:21:00,15.1100,81.6275
2025-09-04 21:22:00,15.0900,81.4625
2025-09-04 21:23:00,15.0625,81.6600
2025-09-04 21:24:00,15.0275,81.6750
2025-09-04 21:25:00,14.9975,81.8075
2025-09-04 21:26:00,14.9525,81.8725
2025-09-04 21:27:00,14.9225,81.8775
2025-09-04 21:28:00,14.8925,82.0025
2025-09-04 21:29:00,14.8950,82.0375
2025-09-04 21:30:00,14.8950,82.0350
2025-09-04 21:31:00,14.8575,82.1775
2025-09-04 21:32:00,14.8700,82.4325
2025-09-04 21:33:00,14.8600,82.3700
2025-09-04 21:34:00,14.8475,82.2825
2025-09-04 21:35:00,14.8375,82.5900
2025-09-04 21:36:00,14.8325,82.5025
2025-09-04 21:37:00,14.8325,82.1525
2025-09-04 21:38:00,14.8050,82.5825
2025-09-04 21:39:00,14.7975,82.2975
2025-09-04 21:40:00,14.8075,82.6900
2025-09-04 21:41:00,14.8050,82.5550
2025-09-04 21:42:00,14.7700,82.4375
2025-09-04 21:43:00,14.7975,82.5925
2025-09-04 21:44:00,14.7700,82.3575
2025-09-04 21:45:00,14.8000,82.7450
2025-09-04 21:46:00,14.8075,82.5700
2025-09-04 21:47:00,14.7950,82.5725
2025-09-04 21:48:00,14.7975,82.4100
2025-09-04 21:49:00,14.7675,82.4925
2025-09-04 21:50:00,14.7825,82.8300
2025-09-04 21:51:00,14.7775,82.7175
2025-09-04 21:52:00,14.7725,82.5875
2025-09-04 21:53:00,14.7850,82.5900
2025-09-04 21:54:00,14.7675,82.4325
2025-09-04 21:55:00,14.7450,82.7575
2025-09-04 21:56:00,14.7675,82.6375
2025-09-04 21:57:00,14.7675,82.6175
2025-09-04 21:58:00,14.7525,82.8500
2025-09-04 21:59:00,14.7600,82.7975
2025-09-04 22:00:00,14.7600,82.7000
2025-09-04 22:01:00,14.7575,82.6100
2025-09-04 22:02:00,14.7425,82.8750
2025-09-04 22:03:00,14.7550,82.8750
2025-09-04 22:04:00,14.7600,82.7975
2025-09-04 22:05:00,14.7400,82.9650
2025-09-04 22:06:00,14.7475,83.2175
2025-09-04 22:07:00,14.7675,83.2150
2025-09-04 22:08:00,14.7425,82.8850
2025-09-04 22:09:00,14.7525,82.8675
2025-09-04 22:10:00,14.7575,83.0700
2025-09-04 22:11:00,14.7775,83.1025
2025-09-04 22:12:00,14.7825,82.9200
2025-09-04 22:13:00,14.7750,82.9525
2025-09-04 22:14:00,14.7950,82.8475
2025-09-04 22:15:00,14.7950,82.9575
2025-09-04 22:16:00,14.7675,82.8475
2025-09-04 22:17:00,14.7625,82.9275
2025-09-04 22:18:00,14.7400,82.8375
2025-09-04 22:19:00,14.7600,82.8200
2025-09-04 22:20:00,14.7375,83.1875
2025-09-04 22:21:00,14.7450,83.0450
2025-09-04 22:22:00,14.7225,82.9475
2025-09-04 22:23:00,14.7425,82.8300
2025-09-04 22:24:00,14.7425,83.0375
2025-09-04 22:25:00,14.7675,83.0200
2025-09-04 22:26:00,14.7325,83.3800
2025-09-04 22:27:00,14.7300,83.2600
2025-09-04 22:28:00,14.7475,83.0600
2025-09-04 22:29:00,14.7525,83.0700
2025-09-04 22:30:00,14.7350,83.1150
2025-09-04 22:31:00,14.7400,82.9150
2025-09-04 22:32:00,14.7400,83.0425
2025-09-04 22:33:00,14.7375,83.1150
2025-09-04 22:34:00,14.7350,83.0825
2025-09-04 22:35:00,14.7200,83.1425
2025-09-04 22:36:00,14.7575,83.1350
2025-09-04 22:37:00,14.7525,83.3675
2025-09-04 22:38:00,14.7675,83.1825
2025-09-04 22:39:00,14.7600,83.1325
2025-09-04 22:40:00,14.7700,83.0825
2025-09-04 22:41:00,14.7675,82.8850
2025-09-04 22:42:00,14.7850,82.7700
2025-09-04 22:43:00,14.8075,82.7125
2025-09-04 22:44:00,14.7850,82.8275
2025-09-04 22:45:00,14.7725,83.0500
2025-09-04 22:46:00,14.7650,82.8450
2025-09-04 22:47:00,14.7675,83.0025
2025-09-04 22:48:00,14.7975,83.0475
2025-09-04 22:49:00,14.7775,82.8750
2025-09-04 22:50:00,14.7825,83.0450
2025-09-04 22:51:00,14.7525,83.1225
2025-09-04 22:52:00,14.7575,83.0700
2025-09-04 22:53:00,14.7600,83.0075
2025-09-04 22:54:00,14.7300,83.2050
2025-09-04 22:55:00,14.7250,83.3425
2025-09-04 22:56:00,14.7075,83.0950
2025-09-04 22:57:00,14.7250,83.2925
2025-09-04 22:58:00,14.7400,83.0925
2025-09-04 22:59:00,14.7600,83.3400
2025-09-04 23:00:00,14.7275,83.2775
2025-09-04 23:01:00,14.7200,83.0900
2025-09-04 23:02:00,14.7100,83.2200
2025-09-04 23:03:00,14.6900,83.1650
2025-09-04 23:04:00,14.6900,83.2225
2025-09-04 23:05:00,14.6975,83.1175
2025-09-04 23:06:00,14.6850,83.1950
2025-09-04 23:07:00,14.7150,83.0750
2025-09-04 23:08:00,14.7000,83.4300
2025-09-04 23:09:00,14.7300,83.1475
2025-09-04 23:10:00,14.7575,83.0200
2025-09-04 23:11:00,14.7825,83.0825
2025-09-04 23:12:00,14.7825,83.1475
2025-09-04 23:13:00,14.7850,83.2450
2025-09-04 23:14:00,14.7825,83.1450
2025-09-04 23:15:00,14.8050,83.1325
2025-09-04 23:16:00,14.8050,83.5650
2025-09-04 23:17:00,14.8200,83.0975
2025-09-04 23:18:00,14.8575,83.2075
2025-09-04 23:19:00,14.8875,82.9800
2025-09-04 23:20:00,14.8975,83.3725
2025-09-04 23:21:00,14.9125,82.9325
2025-09-04 23:22:00,14.9400,82.7000
2025-09-04 23:23:00,14.9350,82.7475
2025-09-04 23:24:00,14.9525,82.8075
2025-09-04 23:25:00,14.9375,82.8450
2025-09-04 23:26:00,14.9525,82.7850
2025-09-04 23:27:00,14.9325,83.0600
2025-09-04 23:28:00,14.9250,82.9075
2025-09-04 23:29:00,14.9225,82.8050
2025-09-04 23:30:00,14.9125,82.7300
2025-09-04 23:31:00,14.9050,82.7700
2025-09-04 23:32:00,14.8850,82.8000
2025-09-04 23:33:00,14.8600,82.7525
2025-09-04 23:34:00,14.8575,83.2900
2025-09-04 23:35:00,14.8425,83.1325
2025-09-04 23:36:00,14.8475,82.9925
2025-09-04 23:37:00,14.8475,83.0050
2025-09-04 23:38:00,14.8325,82.9425
2025-09-04 23:39:00,14.8450,83.1500
2025-09-04 23:40:00,14.8175,83.0600
2025-09-04 23:41:00,14.8250,82.9575
2025-09-04 23:42:00,14.8225,82.9950
2025-09-04 23:43:00,14.8225,83.1175
2025-09-04 23:44:00,14.8075,83.1250
2025-09-04 23:45:00,14.8050,83.2875
2025-09-04 23:46:00,14.7850,83.0100
2025-09-04 23:47:00,14.7725,83.4250
2025-09-04 23:48:00,14.7925,83.2450
2025-09-04 23:49:00,14.7625,83.1725
2025-09-04 23:50:00,14.7625,83.2850
2025-09-04 23:51:00,14.7675,83.4025
2025-09-04 23:52:00,14.7525,83.1200
2025-09-04 23:53:00,14.7425,83.6100
2025-09-04 23:54:00,14.7525,83.1500
2025-09-04 23:55:00,14.7300,83.3225
2025-09-04 23:56:00,14.7525,83.3375
2025-09-04 23:57:00,14.7400,83.2950
2025-09-04 23:58:00,14.7350,83.2600
2025-09-04 23:59:00,14.7100,83.1100
2025-09-05 00:00:00,14.7000,83.0700
2025-09-05 00:01:00,14.7025,83.0075
2025-09-05 00:02:00,14.7050,83.3925
2025-09-05 00:03:00,14.6850,83.1900
2025-09-05 00:04:00,14.7100,83.0975
2025-09-05 00:05:00,14.6975,83.2900
2025-09-05 00:06:00,14.6850,83.4875
2025-09-05 00:07:00,14.6975,83.4475
2025-09-05 00:08:00,14.7100,83.4200
2025-09-05 00:09:00,14.6975,83.3600
2025-09-05 00:10:00,14.6975,83.2850
2025-09-05 00:11:00,14.7075,83.4125
2025-09-05 00:12:00,14.7200,83.6150
2025-09-05 00:13:00,14.7000,83.2875
2025-09-05 00:14:00,14.6975,83.3275
2025-09-05 00:15:00,14.7150,83.3425
2025-09-05 00:16:00,14.7200,83.3325
2025-09-05 00:17:00,14.7150,83.1975
2025-09-05 00:18:00,14.7025,83.4250
2025-09-05 00:19:00,14.7100,83.6200
2025-09-05 00:20:00,14.7000,83.5300
2025-09-05 00:21:00,14.7075,83.2500
2025-09-05 00:22:00,14.7175,83.6100
2025-09-05 00:23:00,14.7275,83.5850
2025-09-05 00:24:00,14.7100,83.6975
2025-09-05 00:25:00,14.7250,83.6525
2025-09-05 00:26:00,14.7325,83.3800
2025-09-05 00:27:00,14.7300,83.5275
2025-09-05 00:28:00,14.7325,83.6075
2025-09-05 00:29:00,14.7400,83.4650
2025-09-05 00:30:00,14.7200,83.5000
2025-09-05 00:31:00,14.7350,83.9425
2025-09-05 00:32:00,14.7300,83.6175
2025-09-05 00:33:00,14.7600,83.3900
2025-09-05 00:34:00,14.7450,83.3525
2025-09-05 00:35:00,14.7400,83.3775
2025-09-05 00:36:00,14.7250,83.0975
2025-09-05 00:37:00,14.7300,83.6425
2025-09-05 00:38:00,14.7400,83.6475
2025-09-05 00:39:00,14.7100,83.5600
2025-09-05 00:40:00,14.7225,83.3925
2025-09-05 00:41:00,14.7075,83.5300
2025-09-05 00:42:00,14.7175,83.6350
2025-09-05 00:43:00,14.6750,83.4600
2025-09-05 00:44:00,14.6950,83.4100
2025-09-05 00:45:00,14.6925,83.6725
2025-09-05 00:46:00,14.6800,83.5075
2025-09-05 00:47:00,14.6775,83.6025
2025-09-05 00:48:00,14.6850,83.7100
2025-09-05 00:49:00,14.6700,83.7500
2025-09-05 00:50:00,14.6600,83.8825
2025-09-05 00:51:00,14.6825,83.8325
2025-09-05 00:52:00,14.6700,83.6650
2025-09-05 00:53:00,14.6625,83.6200
2025-09-05 00:54:00,14.6825,83.4625
2025-09-05 00:55:00,14.6700,83.5925
2025-09-05 00:56:00,14.6550,83.4475
2025-09-05 00:57:00,14.6650,83.4550
2025-09-05 00:58:00,14.6600,83.4075
2025-09-05 00:59:00,14.6525,83.6750
2025-09-05 01:00:00,14.6575,83.6650
2025-09-05 01:01:00,14.6600,83.8500
2025-09-05 01:02:00,14.6425,83.4675
2025-09-05 01:03:00,14.6475,83.9450
2025-09-05 01:04:00,14.6675,83.5600
2025-09-05 01:05:00,14.6600,83.6725
2025-09-05 01:06:00,14.6525,83.5450
2025-09-05 01:07:00,14.6450,83.6725
2025-09-05 01:08:00,14.6575,83.4950
2025-09-05 01:09:00,14.6500,83.9125
2025-09-05 01:10:00,14.6500,83.6800
2025-09-05 01:11:00,14.6350,83.6325
2025-09-05 01:12:00,14.6550,83.9125
2025-09-05 01:13:00,14.6375,83.7700
2025-09-05 01:14:00,14.6500,83.7625
2025-09-05 01:15:00,14.6450,83.6350
2025-09-05 01:16:00,14.6550,83.7450
2025-09-05 01:17:00,14.6400,83.7125
2025-09-05 01:18:00,14.7225,83.2625
2025-09-05 01:19:00,14.6850,83.4800
2025-09-05 01:20:00,14.6550,83.5675
2025-09-05 01:21:00,14.6750,83.5275
2025-09-05 01:22:00,14.6625,83.5950
2025-09-05 01:23:00,14.6425,83.5275
2025-09-05 01:24:00,14.6500,83.4750
2025-09-05 01:25:00,14.6625,83.5050
2025-09-05 01:26:00,14.6400,83.8725
2025-09-05 01:27:00,14.6525,83.7600
2025-09-05 01:28:00,14.6550,83.6950
2025-09-05 01:29:00,14.6400,83.7475
2025-09-05 01:30:00,14.6450,83.8575
2025-09-05 01:31:00,14.6550,84.0700
2025-09-05 01:32:00,14.6800,84.1725
2025-09-05 01:33:00,14.6450,83.9575
2025-09-05 01:34:00,14.6700,83.8725
2025-09-05 01:35:00,14.6600,83.7600
2025-09-05 01:36:00,14.6550,83.7625
2025-09-05 01:37:00,14.6450,83.8375
2025-09-05 01:38:00,14.6525,83.4475
2025-09-05 01:39:00,14.6475,83.5750
2025-09-05 01:40:00,14.6175,83.3750
2025-09-05 01:41:00,14.6575,84.0150
2025-09-05 01:42:00,14.6375,83.6900
2025-09-05 01:43:00,14.6575,83.6500
2025-09-05 01:44:00,14.6500,83.6125
2025-09-05 01:45:00,14.6475,83.7550
2025-09-05 01:46:00,14.6650,83.6825
2025-09-05 01:47:00,14.6575,83.6325
2025-09-05 01:48:00,14.6450,83.7050
2025-09-05 01:49:00,14.6350,83.5125
2025-09-05 01:50:00,14.6350,83.5225
2025-09-05 01:51:00,14.6175,83.7650
2025-09-05 01:52:00,14.6200,83.7700
2025-09-05 01:53:00,14.6225,83.8850
2025-09-05 01:54:00,14.6275,83.7150
2025-09-05 01:55:00,14.6450,83.6725
2025-09-05 01:56:00,14.6175,83.6400
2025-09-05 01:57:00,14.6125,83.7450
2025-09-05 01:58:00,14.6300,83.6325
2025-09-05 01:59:00,14.6150,83.6925
2025-09-05 02:00:00,14.5975,83.5350
2025-09-05 02:01:00,14.6100,83.7500
2025-09-05 02:02:00,14.6000,83.6000
2025-09-05 02:03:00,14.6100,83.7700
2025-09-05 02:04:00,14.5800,83.5400
2025-09-05 02:05:00,14.6100,83.7050
2025-09-05 02:06:00,14.5800,83.9525
2025-09-05 02:07:00,14.5875,83.7875
2025-09-05 02:08:00,14.5700,84.0100
2025-09-05 02:09:00,14.6175,83.9550
2025-09-05 02:10:00,14.5850,84.0275
2025-09-05 02:11:00,14.5975,83.9725
2025-09-05 02:12:00,14.6100,83.9250
2025-09-05 02:13:00,14.6025,83.8700
2025-09-05 02:14:00,14.6075,83.7600
2025-09-05 02:15:00,14.5900,83.7775
2025-09-05 02:16:00,14.6075,84.1175
2025-09-05 02:17:00,14.5975,83.6600
2025-09-05 02:18:00,14.6050,84.1700
2025-09-05 02:19:00,14.6975,83.6150
2025-09-05 02:20:00,14.6800,83.5700
2025-09-05 02:21:00,14.6625,83.6425
2025-09-05 02:22:00,14.6425,83.7525
2025-09-05 02:23:00,14.6450,83.8275
2025-09-05 02:24:00,14.6250,83.6375
2025-09-05 02:25:00,14.6500,83.6475
2025-09-05 02:26:00,14.6475,83.7850
2025-09-05 02:27:00,14.6350,83.6200
2025-09-05 02:28:00,14.6275,83.6000
2025-09-05 02:29:00,14.6225,83.5425
2025-09-05 02:30:00,14.6225,83.6150
2025-09-05 02:31:00,14.6150,84.0075
2025-09-05 02:32:00,14.6350,83.9700
2025-09-05 02:33:00,14.6275,83.8125
2025-09-05 02:34:00,14.6275,83.9575
2025-09-05 02:35:00,14.6225,83.9050
2025-09-05 02:36:00,14.6350,83.6450
2025-09-05 02:37:00,14.6300,84.0750
2025-09-05 02:38:00,14.6375,83.5925
2025-09-05 02:39:00,14.6350,83.8700
2025-09-05 02:40:00,14.6375,83.9775
2025-09-05 02:41:00,14.6375,84.1800
2025-09-05 02:42:00,14.6100,83.9775
2025-09-05 02:43:00,14.6225,83.9775
2025-09-05 02:44:00,14.6100,83.8250
2025-09-05 02:45:00,14.6075,84.0150
2025-09-05 02:46:00,14.6200,84.0100
2025-09-05 02:47:00,14.6225,84.0500
2025-09-05 02:48:00,14.6275,83.9975
2025-09-05 02:49:00,14.6350,83.9025
2025-09-05 02:50:00,14.6275,83.6600
2025-09-05 02:51:00,14.6200,83.9475
2025-09-05 02:52:00,14.6275,84.2450
2025-09-05 02:53:00,14.6225,84.0100
2025-09-05 02:54:00,14.6275,84.0350
2025-09-05 02:55:00,14.6175,83.8850
2025-09-05 02:56:00,14.6400,83.9475
2025-09-05 02:57:00,14.6300,84.0275
2025-09-05 02:58:00,14.6200,83.9550
2025-09-05 02:59:00,14.6175,83.9375
2025-09-05 03:00:00,14.6200,83.7100
2025-09-05 03:01:00,14.6375,84.0050
2025-09-05 03:02:00,14.6250,83.8650
2025-09-05 03:03:00,14.6275,83.8550
2025-09-05 03:04:00,14.5925,83.7025
2025-09-05 03:05:00,14.6125,83.7525
2025-09-05 03:06:00,14.6200,84.2075
2025-09-05 03:07:00,14.5900,83.9850
2025-09-05 03:08:00,14.6275,84.1850
2025-09-05 03:09:00,14.5975,84.0075
2025-09-05 03:10:00,14.6075,83.8200
2025-09-05 03:11:00,14.6100,83.8175
2025-09-05 03:12:00,14.6275,83.9175
2025-09-05 03:13:00,14.6075,84.0275
2025-09-05 03:14:00,14.6175,83.9550
2025-09-05 03:15:00,14.6175,83.8700
2025-09-05 03:16:00,14.6125,84.2275
2025-09-05 03:17:00,14.5925,84.1500
2025-09-05 03:18:00,14.5925,84.0775
2025-09-05 03:19:00,14.6075,84.1225
2025-09-05 03:20:00,14.6100,84.1550
2025-09-05 03:21:00,14.6000,84.1300
2025-09-05 03:22:00,14.6100,84.2350
2025-09-05 03:23:00,14.6175,84.2125
2025-09-05 03:24:00,14.5875,84.3250
2025-09-05 03:25:00,14.6125,84.1450
2025-09-05 03:26:00,14.6050,84.0475
2025-09-05 03:27:00,14.5975,84.1450
2025-09-05 03:28:00,14.6075,84.3425
2025-09-05 03:29:00,14.5900,84.2750
2025-09-05 03:30:00,14.6025,84.2375
2025-09-05 03:31:00,14.6200,83.9875
2025-09-05 03:32:00,14.5975,84.4075
2025-09-05 03:33:00,14.5975,84.2500
2025-09-05 03:34:00,14.5850,84.1700
2025-09-05 03:35:00,14.6075,84.0750
2025-09-05 03:36:00,14.5850,84.6675
2025-09-05 03:37:00,14.6200,84.3875
2025-09-05 03:38:00,14.6150,84.0750
2025-09-05 03:39:00,14.6075,84.2100
2025-09-05 03:40:00,14.5875,84.1325
2025-09-05 03:41:00,14.5825,84.2750
2025-09-05 03:42:00,14.6050,84.3300
2025-09-05 03:43:00,14.5525,84.2950
2025-09-05 03:44:00,14.5725,84.2475
2025-09-05 03:45:00,14.5850,84.4325
2025-09-05 03:46:00,14.5925,84.4125
2025-09-05 03:47:00,14.5700,84.3500
2025-09-05 03:48:00,14.5850,84.1725
2025-09-05 03:49:00,14.5750,84.1125
2025-09-05 03:50:00,14.5900,84.4125
2025-09-05 03:51:00,14.5725,84.3475
2025-09-05 03:52:00,14.5700,84.2775
2025-09-05 03:53:00,14.5800,84.2275
2025-09-05 03:54:00,14.5700,84.2950
2025-09-05 03:55:00,14.5900,84.4325
2025-09-05 03:56:00,14.5900,84.4425
2025-09-05 03:57:00,14.5725,84.5150
2025-09-05 03:58:00,14.5725,84.4300
2025-09-05 03:59:00,14.5800,84.3875
2025-09-05 04:00:00,14.6000,84.3325
2025-09-05 04:01:00,14.5775,84.3450
2025-09-05 04:02:00,14.5775,84.4000
2025-09-05 04:03:00,14.5600,84.4925
2025-09-05 04:04:00,14.5575,84.5500
2025-09-05 04:05:00,14.5700,84.4600
2025-09-05 04:06:00,14.5625,84.1725
2025-09-05 04:07:00,14.5700,84.3150
2025-09-05 04:08:00,14.5525,84.4225
2025-09-05 04:09:00,14.5525,84.3925
2025-09-05 04:10:00,14.5650,84.5675
2025-09-05 04:11:00,14.5775,84.4525
2025-09-05 04:12:00,14.5700,84.4600
2025-09-05 04:13:00,14.5750,84.6350
2025-09-05 04:14:00,14.5700,84.3650
2025-09-05 04:15:00,14.5600,84.5275
2025-09-05 04:16:00,14.5700,84.5050
2025-09-05 04:17:00,14.5725,84.4150
2025-09-05 04:18:00,14.5725,84.4850
2025-09-05 04:19:00,14.5750,84.4125
2025-09-05 04:20:00,14.5825,84.2175
2025-09-05 04:21:00,14.5675,84.5550
2025-09-05 04:22:00,14.5725,84.3275
2025-09-05 04:23:00,14.5700,84.2350
2025-09-05 04:24:00,14.5825,84.3575
2025-09-05 04:25:00,14.5850,84.1325
2025-09-05 04:26:00,14.5575,84.4900
2025-09-05 04:27:00,14.5700,84.2825
2025-09-05 04:28:00,14.5800,84.5275
2025-09-05 04:29:00,14.5700,84.3200
2025-09-05 04:30:00,14.5700,84.4325
2025-09-05 04:31:00,14.5725,84.5175
2025-09-05 04:32:00,14.5525,84.4300
2025-09-05 04:33:00,14.5375,84.3650
2025-09-05 04:34:00,14.5425,84.7000
2025-09-05 04:35:00,14.5750,84.5800
2025-09-05 04:36:00,14.5650,84.6300
2025-09-05 04:37:00,14.5725,84.5325
2025-09-05 04:38:00,14.5625,84.1300
2025-09-05 04:39:00,14.5425,84.3950
2025-09-05 04:40:00,14.5825,84.2575
2025-09-05 04:41:00,14.5450,84.5550
2025-09-05 04:42:00,14.5625,84.3800
2025-09-05 04:43:00,14.5475,84.5750
2025-09-05 04:44:00,14.5450,84.1125
2025-09-05 04:45:00,14.5275,84.4975
2025-09-05 04:46:00,14.5450,84.2600
2025-09-05 04:47:00,14.5375,84.5500
2025-09-05 04:48:00,14.5375,84.5625
2025-09-05 04:49:00,14.5425,84.4925
2025-09-05 04:50:00,14.5225,84.6325
2025-09-05 04:51:00,14.5300,84.2025
2025-09-05 04:52:00,14.5475,84.6400
2025-09-05 04:53:00,14.5475,84.5900
2025-09-05 04:54:00,14.5425,84.7100
2025-09-05 04:55:00,14.5275,84.7425
2025-09-05 04:56:00,14.5425,84.8525
2025-09-05 04:57:00,14.5500,84.4850
2025-09-05 04:58:00,14.5450,84.9500
2025-09-05 04:59:00,14.5525,84.5600
2025-09-05 05:00:00,14.5400,84.7025
2025-09-05 05:01:00,14.5250,84.1875
2025-09-05 05:02:00,14.5450,84.5500
2025-09-05 05:03:00,14.5525,84.5250
2025-09-05 05:04:00,14.5300,84.3575
2025-09-05 05:05:00,14.5275,84.7250
2025-09-05 05:06:00,14.5350,84.4100
2025-09-05 05:07:00,14.5375,84.3550
2025-09-05 05:08:00,14.5425,84.5450
2025-09-05 05:09:00,14.5275,84.4275
2025-09-05 05:10:00,14.5375,84.5850
2025-09-05 05:11:00,14.5200,84.7675
2025-09-05 05:12:00,14.5225,84.6875
2025-09-05 05:13:00,14.5425,84.6425
2025-09-05 05:14:00,14.5325,84.7900
2025-09-05 05:15:00,14.5225,84.3525
2025-09-05 05:16:00,14.5475,84.4375
2025-09-05 05:17:00,14.5300,84.4025
2025-09-05 05:18:00,14.5300,84.6550
2025-09-05 05:19:00,14.5375,84.7575
2025-09-05 05:20:00,14.5400,84.3500
2025-09-05 05:21:00,14.5500,84.6100
2025-09-05 05:22:00,14.5575,84.6950
2025-09-05 05:23:00,14.5275,84.4300
2025-09-05 05:24:00,14.5350,84.5500
2025-09-05 05:25:00,14.5600,84.6200
2025-09-05 05:26:00,14.5450,84.5900
2025-09-05 05:27:00,14.5475,84.3700
2025-09-05 05:28:00,14.5525,84.3600
2025-09-05 05:29:00,14.5475,84.2750
2025-09-05 05:30:00,14.5275,84.4050
2025-09-05 05:31:00,14.5450,84.4375
2025-09-05 05:32:00,14.5275,84.2750
2025-09-05 05:33:00,14.5425,84.8175
2025-09-05 05:34:00,14.5425,84.6675
2025-09-05 05:35:00,14.5325,84.4575
2025-09-05 05:36:00,14.5425,84.3800
2025-09-05 05:37:00,14.5300,84.5550
2025-09-05 05:38:00,14.5450,84.8600
2025-09-05 05:39:00,14.5225,84.4850
2025-09-05 05:40:00,14.5075,84.7975
2025-09-05 05:41:00,14.5200,84.6625
2025-09-05 05:42:00,14.5350,84.6375
2025-09-05 05:43:00,14.5225,84.6900
2025-09-05 05:44:00,14.5300,84.8125
2025-09-05 05:45:00,14.5175,84.3475
2025-09-05 05:46:00,14.5075,84.7100
2025-09-05 05:47:00,14.5175,84.8075
2025-09-05 05:48:00,14.5175,84.6050
2025-09-05 05:49:00,14.5175,84.6775
2025-09-05 05:50:00,14.5175,84.6500
2025-09-05 05:51:00,14.5300,84.4775
2025-09-05 05:52:00,14.4800,84.4275
2025-09-05 05:53:00,14.5225,84.9750
2025-09-05 05:54:00,14.5100,84.4500
2025-09-05 05:55:00,14.5325,84.7025
2025-09-05 05:56:00,14.5325,84.7750
2025-09-05 05:57:00,14.5300,85.1250
2025-09-05 05:58:00,14.5500,84.7050
2025-09-05 05:59:00,14.5225,84.7075
2025-09-05 06:00:00,14.5125,84.8450
2025-09-05 06:01:00,14.5350,84.9200
2025-09-05 06:02:00,14.5400,84.5975
2025-09-05 06:03:00,14.5175,84.8175
2025-09-05 06:04:00,14.5250,84.4575
2025-09-05 06:05:00,14.5100,84.9575
2025-09-05 06:06:00,14.5200,84.5175
2025-09-05 06:07:00,14.5175,84.5400
2025-09-05 06:08:00,14.5050,84.6150
2025-09-05 06:09:00,14.4850,84.6150
2025-09-05 06:10:00,14.5050,84.4775
2025-09-05 06:11:00,14.4975,84.7425
2025-09-05 06:12:00,14.5275,84.4025
2025-09-05 06:13:00,14.5175,84.4050
2025-09-05 06:14:00,14.4950,84.5800
2025-09-05 06:15:00,14.5175,84.2500
2025-09-05 06:16:00,14.4900,84.5975
2025-09-05 06:17:00,14.4975,84.7175
2025-09-05 06:18:00,14.4975,84.8000
2025-09-05 06:19:00,14.4725,84.8050
2025-09-05 06:20:00,14.4925,84.3725
2025-09-05 06:21:00,14.4825,84.6350
2025-09-05 06:22:00,14.4925,84.6275
2025-09-05 06:23:00,14.4900,84.5800
2025-09-05 06:24:00,14.5200,84.7475
2025-09-05 06:25:00,14.4950,84.6625
2025-09-05 06:26:00,14.4825,84.3325
2025-09-05 06:27:00,14.4725,84.8700
2025-09-05 06:28:00,14.4800,84.6450
2025-09-05 06:29:00,14.4800,84.4775
2025-09-05 06:30:00,14.4725,84.7500
2025-09-05 06:31:00,14.4650,84.9225
2025-09-05 06:32:00,14.4900,84.6550
2025-09-05 06:33:00,14.5050,84.4150
2025-09-05 06:34:00,14.5050,84.8200
2025-09-05 06:35:00,14.4675,84.7625
2025-09-05 06:36:00,14.4850,84.7000
2025-09-05 06:37:00,14.4700,84.7875
2025-09-05 06:38:00,14.4875,84.7750
2025-09-05 06:39:00,14.4675,84.9975
2025-09-05 06:40:00,14.4925,84.6150
2025-09-05 06:41:00,14.4825,85.0425
2025-09-05 06:42:00,14.4825,84.6800
2025-09-05 06:43:00,14.4625,84.7325
2025-09-05 06:44:00,14.4700,84.6000
2025-09-05 06:45:00,14.4425,84.7250
2025-09-05 06:46:00,14.4700,84.7900
2025-09-05 06:47:00,14.4575,84.7025
2025-09-05 06:48:00,14.4725,84.9100
2025-09-05 06:49:00,14.4725,84.3875
2025-09-05 06:50:00,14.4575,84.4125
2025-09-05 06:51:00,14.4600,84.6700
2025-09-05 06:52:00,14.4525,84.7150
2025-09-05 06:53:00,14.4575,84.7925
2025-09-05 06:54:00,14.4525,84.8625
2025-09-05 06:55:00,14.4525,84.8225
2025-09-05 06:56:00,14.4675,84.8225
2025-09-05 06:57:00,14.4500,84.4600
2025-09-05 06:58:00,14.4500,84.5775
2025-09-05 06:59:00,14.4525,84.6900
2025-09-05 07:00:00,14.4700,84.5650
2025-09-05 07:01:00,14.4600,84.6775
2025-09-05 07:02:00,14.4700,84.7750
2025-09-05 07:03:00,14.4475,84.7175
2025-09-05 07:04:00,14.4750,85.1225
2025-09-05 07:05:00,14.4625,84.7825
2025-09-05 07:06:00,14.4750,84.7825
2025-09-05 07:07:00,14.4625,84.3800
2025-09-05 07:08:00,14.4625,84.7600
2025-09-05 07:09:00,14.4425,84.6725
2025-09-05 07:10:00,14.4475,84.5900
2025-09-05 07:11:00,14.4500,84.7825
2025-09-05 07:12:00,14.4475,84.5125
2025-09-05 07:13:00,14.4525,84.6425
2025-09-05 07:14:00,14.4475,84.8000
2025-09-05 07:15:00,14.4475,84.5475
2025-09-05 07:16:00,14.4675,84.7350
2025-09-05 07:17:00,14.4500,84.6075
2025-09-05 07:18:00,14.4700,85.2525
2025-09-05 07:19:00,14.4575,84.7475
2025-09-05 07:20:00,14.4825,84.8150
2025-09-05 07:21:00,14.4750,84.8750
2025-09-05 07:22:00,14.4700,84.6950
2025-09-05 07:23:00,14.4800,84.7850
2025-09-05 07:24:00,14.4600,84.9625
2025-09-05 07:25:00,14.5050,84.9825
2025-09-05 07:26:00,14.4975,85.1400
2025-09-05 07:27:00,14.4950,84.6800
2025-09-05 07:28:00,14.4950,84.5175
2025-09-05 07:29:00,14.4800,84.9375
2025-09-05 07:30:00,14.4900,84.6925
2025-09-05 07:31:00,14.4825,84.9275
2025-09-05 07:32:00,14.4950,85.1725
2025-09-05 07:33:00,14.4950,84.6200
2025-09-05 07:34:00,14.5175,85.1475
2025-09-05 07:35:00,14.4850,84.7700
2025-09-05 07:36:00,14.4950,84.8575
2025-09-05 07:37:00,14.4825,84.5025
2025-09-05 07:38:00,14.4925,84.6950
2025-09-05 07:39:00,14.4800,84.4300
2025-09-05 07:40:00,14.4925,84.8625
2025-09-05 07:41:00,14.4750,84.7100
2025-09-05 07:42:00,14.4700,84.7425
2025-09-05 07:43:00,14.4800,84.6600
2025-09-05 07:44:00,14.4825,84.5950
2025-09-05 07:45:00,14.4575,84.8975
2025-09-05 07:46:00,14.4700,84.9775
2025-09-05 07:47:00,14.5650,84.3450
2025-09-05 07:48:00,14.5275,85.0800
2025-09-05 07:49:00,14.5175,84.6475
2025-09-05 07:50:00,14.4975,84.7600
2025-09-05 07:51:00,14.5100,84.5575
2025-09-05 07:52:00,14.4800,84.8300
2025-09-05 07:53:00,14.5175,85.0400
2025-09-05 07:54:00,14.5100,84.8325
2025-09-05 07:55:00,14.4900,84.7825
2025-09-05 07:56:00,14.5075,84.6450
2025-09-05 07:57:00,14.5125,84.5875
2025-09-05 07:58:00,14.4950,84.7550
2025-09-05 07:59:00,14.4750,84.8475
2025-09-05 08:00:00,14.5250,84.7875
2025-09-05 08:01:00,14.4975,84.9500
2025-09-05 08:02:00,14.4950,84.5900
2025-09-05 08:03:00,14.5125,84.9975
2025-09-05 08:04:00,14.5050,84.5125
2025-09-05 08:05:00,14.4825,84.8675
2025-09-05 08:06:00,14.4800,84.4525
2025-09-05 08:07:00,14.4850,85.0400
2025-09-05 08:08:00,14.4900,85.0475
2025-09-05 08:09:00,14.4800,84.9125
2025-09-05 08:10:00,14.4975,85.0325
2025-09-05 08:11:00,14.4950,84.8350
2025-09-05 08:12:00,14.4800,84.5900
2025-09-05 08:13:00,14.4950,84.8425
2025-09-05 08:14:00,14.5050,84.8825
2025-09-05 08:15:00,14.4950,84.8400
2025-09-05 08:16:00,14.4925,84.8725
2025-09-05 08:17:00,14.5200,84.8625
2025-09-05 08:18:00,14.5050,85.0675
2025-09-05 08:19:00,14.4975,84.7850
2025-09-05 08:20:00,14.4975,84.9025
2025-09-05 08:21:00,14.5075,84.9250
2025-09-05 08:22:00,14.5175,84.7600
2025-09-05 08:23:00,14.5075,85.0450
2025-09-05 08:24:00,14.5100,84.7500
2025-09-05 08:25:00,14.4975,85.0475
2025-09-05 08:26:00,14.4900,85.0475
2025-09-05 08:27:00,14.5050,84.8000
2025-09-05 08:28:00,14.5100,84.8900
2025-09-05 08:29:00,14.5275,85.0150
2025-09-05 08:30:00,14.5125,84.7425
2025-09-05 08:31:00,14.5050,84.9075
2025-09-05 08:32:00,14.5100,84.9925
2025-09-05 08:33:00,14.5100,85.0475
2025-09-05 08:34:00,14.5225,84.9000
2025-09-05 08:35:00,14.5375,85.0450
2025-09-05 08:36:00,14.5075,84.6950
2025-09-05 08:37:00,14.5125,85.0350
2025-09-05 08:38:00,14.5275,85.1150
2025-09-05 08:39:00,14.5400,84.6475
2025-09-05 08:40:00,14.5075,84.9350
2025-09-05 08:41:00,14.5300,85.0800
2025-09-05 08:42:00,14.5425,84.8550
2025-09-05 08:43:00,14.5300,84.9925
2025-09-05 08:44:00,14.5425,85.1800
2025-09-05 08:45:00,14.5300,84.8625
2025-09-05 08:46:00,14.5425,85.0325
2025-09-05 08:47:00,14.5375,84.8475
2025-09-05 08:48:00,14.5275,85.0075
2025-09-05 08:49:00,14.5100,85.0725
2025-09-05 08:50:00,14.5400,84.7175
2025-09-05 08:51:00,14.5600,85.1675
2025-09-05 08:52:00,14.5475,84.8800
2025-09-05 08:53:00,14.5275,85.0900
2025-09-05 08:54:00,14.5750,84.8700
2025-09-05 08:55:00,14.5600,84.9850
2025-09-05 08:56:00,14.5725,85.1100
2025-09-05 08:57:00,14.5575,84.9400
2025-09-05 08:58:00,14.5650,84.9325
2025-09-05 08:59:00,14.5775,85.2650
2025-09-05 09:00:00,14.5825,85.0400
2025-09-05 09:01:00,14.5775,85.1700
2025-09-05 09:02:00,14.5900,84.9275
2025-09-05 09:03:00,14.5725,84.7825
2025-09-05 09:04:00,14.5650,85.1650
2025-09-05 09:05:00,14.5825,84.9300
2025-09-05 09:06:00,14.5750,84.8650
2025-09-05 09:07:00,14.5750,84.9375
2025-09-05 09:08:00,14.5800,84.8400
2025-09-05 09:09:00,14.5800,84.8625
2025-09-05 09:10:00,14.5875,84.7875
2025-09-05 09:11:00,14.5700,84.8275
2025-09-05 09:12:00,14.5700,84.9400
2025-09-05 09:13:00,14.5975,85.0250
2025-09-05 09:14:00,14.5800,84.8575
2025-09-05 09:15:00,14.6025,85.2375
2025-09-05 09:16:00,14.6050,84.6050
2025-09-05 09:17:00,14.5775,84.8650
2025-09-05 09:18:00,14.6025,85.2500
2025-09-05 09:19:00,14.5825,79.7250
2025-09-05 09:20:00,14.5625,87.7650
2025-09-05 09:21:00,14.5675,86.7775
2025-09-05 09:22:00,14.5975,85.0550
2025-09-05 09:23:00,14.5925,84.5900
2025-09-05 09:24:00,14.5700,84.2575
2025-09-05 09:25:00,14.5825,84.5200
2025-09-05 09:26:00,14.5900,84.5075
2025-09-05 09:27:00,14.5650,84.5275
2025-09-05 09:28:00,14.5700,84.5200
2025-09-05 09:29:00,14.5900,84.3250
2025-09-05 09:30:00,14.5625,84.6450
2025-09-05 09:31:00,14.5800,84.3175
2025-09-05 09:32:00,14.5650,84.7850
2025-09-05 09:33:00,14.5700,84.4200
2025-09-05 09:34:00,14.5525,84.6525
2025-09-05 09:35:00,14.5900,84.3925
2025-09-05 09:36:00,14.5675,84.2900
2025-09-05 09:37:00,14.5725,85.1925
2025-09-05 09:38:00,14.5750,84.6875
2025-09-05 09:39:00,14.5925,84.8575
2025-09-05 09:40:00,14.5725,84.7000
2025-09-05 09:41:00,14.5825,84.5275
2025-09-05 09:42:00,14.5850,84.6900
2025-09-05 09:43:00,14.5875,84.6425
2025-09-05 09:44:00,14.5800,84.5600
2025-09-05 09:45:00,14.5825,84.5800
2025-09-05 09:46:00,14.5700,84.5025
2025-09-05 09:47:00,14.5525,84.4550
2025-09-05 09:48:00,14.5750,84.6225
2025-09-05 09:49:00,14.5700,84.6075
2025-09-05 09:50:00,14.5725,84.6750
2025-09-05 09:51:00,14.5600,84.6725
2025-09-05 09:52:00,14.5900,84.7100
2025-09-05 09:53:00,14.5800,84.5950
2025-09-05 09:54:00,14.5975,84.3100
2025-09-05 09:55:00,14.5700,84.5525
2025-09-05 09:56:00,14.5775,84.5125
2025-09-05 09:57:00,14.5775,84.8925
2025-09-05 09:58:00,14.5800,84.3550
2025-09-05 09:59:00,14.5875,84.6375
2025-09-05 10:00:00,14.5925,84.4000
2025-09-05 10:01:00,14.5825,84.5925
2025-09-05 10:02:00,14.5975,84.5200
2025-09-05 10:03:00,14.5925,84.5825
2025-09-05 10:04:00,14.6075,84.6700
2025-09-05 10:05:00,14.5925,84.2075
2025-09-05 10:06:00,14.5900,84.8050
2025-09-05 10:07:00,14.6075,84.5475
2025-09-05 10:08:00,14.5800,84.4400
2025-09-05 10:09:00,14.6075,84.3325
2025-09-05 10:10:00,14.5825,84.3650
2025-09-05 10:11:00,14.5750,84.3975
2025-09-05 10:12:00,14.5600,84.2750
2025-09-05 10:13:00,14.5475,84.5225
2025-09-05 10:14:00,14.5700,84.5250
2025-09-05 10:15:00,14.5800,84.5150
2025-09-05 10:16:00,14.5675,84.5000
2025-09-05 10:17:00,14.5825,84.5550
2025-09-05 10:18:00,14.5700,84.3750
2025-09-05 10:19:00,14.5825,84.4800
2025-09-05 10:20:00,14.5725,84.3175
2025-09-05 10:21:00,14.5725,84.6150
2025-09-05 10:22:00,14.5700,84.3625
2025-09-05 10:23:00,14.5400,84.3350
2025-09-05 10:24:00,14.5700,84.5175
2025-09-05 10:25:00,14.5775,84.3475
2025-09-05 10:26:00,14.5800,84.4200
2025-09-05 10:27:00,14.5700,84.2600
2025-09-05 10:28:00,14.5525,84.2775
2025-09-05 10:29:00,14.5800,84.8650
2025-09-05 10:30:00,14.5725,84.5200
2025-09-05 10:31:00,14.5800,84.5350
2025-09-05 10:32:00,14.5700,84.4225
2025-09-05 10:33:00,14.5800,84.2325
2025-09-05 10:34:00,14.5800,84.3325
2025-09-05 10:35:00,14.5700,84.4300
2025-09-05 10:36:00,14.5675,84.6575
2025-09-05 10:37:00,14.5875,84.6275
2025-09-05 10:38:00,14.5800,84.6375
2025-09-05 10:39:00,14.5775,84.4450
2025-09-05 10:40:00,14.6050,84.2525
2025-09-05 10:41:00,14.5875,84.1300
2025-09-05 10:42:00,14.5800,84.3025
2025-09-05 10:43:00,14.6000,84.2275
2025-09-05 10:44:00,14.5975,84.4125
2025-09-05 10:45:00,14.5925,84.3325
2025-09-05 10:46:00,14.6175,84.3325
2025-09-05 10:47:00,14.6175,84.2200
2025-09-05 10:48:00,14.6025,84.3825
2025-09-05 10:49:00,14.6225,84.5975
2025-09-05 10:50:00,14.6300,84.3975
2025-09-05 10:51:00,14.6450,84.2650
2025-09-05 10:52:00,14.6450,84.1550
2025-09-05 10:53:00,14.6500,84.3475
2025-09-05 10:54:00,14.6600,84.0225
2025-09-05 10:55:00,14.6700,84.3100
2025-09-05 10:56:00,14.6675,84.0925
2025-09-05 10:57:00,14.6625,83.9075
2025-09-05 10:58:00,14.6700,83.9550
2025-09-05 10:59:00,14.7000,84.0425
2025-09-05 11:00:00,14.6800,83.9650
2025-09-05 11:01:00,14.6800,84.0475
2025-09-05 11:02:00,14.6700,83.7800
2025-09-05 11:03:00,14.6900,83.9775
2025-09-05 11:04:00,14.6825,83.8375
2025-09-05 11:05:00,14.6800,83.7000
2025-09-05 11:06:00,14.6650,84.1450
2025-09-05 11:07:00,14.6825,84.0750
2025-09-05 11:08:00,14.6975,83.6075
2025-09-05 11:09:00,14.6450,83.8200
2025-09-05 11:10:00,14.6800,83.7275
2025-09-05 11:11:00,14.6775,84.0575
2025-09-05 11:12:00,14.6825,83.7800
2025-09-05 11:13:00,14.6650,83.9875
2025-09-05 11:14:00,14.6775,83.8325
2025-09-05 11:15:00,14.6775,83.5350
2025-09-05 11:16:00,14.6850,83.7825
2025-09-05 11:17:00,14.6625,83.9300
2025-09-05 11:18:00,14.6650,84.1075
2025-09-05 11:19:00,14.6575,83.7600
2025-09-05 11:20:00,14.7000,83.6225
2025-09-05 11:21:00,14.6750,83.9850
2025-09-05 11:22:00,14.6700,84.3250
2025-09-05 11:23:00,14.6850,83.8775
2025-09-05 11:24:00,14.6550,83.9875
2025-09-05 11:25:00,14.6850,83.7825
2025-09-05 11:26:00,14.6550,84.2875
2025-09-05 11:27:00,14.6700,83.8475
2025-09-05 11:28:00,14.6450,84.2850
2025-09-05 11:29:00,14.6550,84.1150
2025-09-05 11:30:00,14.6750,83.7025
2025-09-05 11:31:00,14.6550,84.1850
2025-09-05 11:32:00,14.6650,83.8050
2025-09-05 11:33:00,14.6400,84.2600
2025-09-05 11:34:00,14.6650,84.1150
2025-09-05 11:35:00,14.6700,84.0525
2025-09-05 11:36:00,14.6475,83.8550
2025-09-05 11:37:00,14.6850,84.1050
2025-09-05 11:38:00,14.6600,84.3800
2025-09-05 11:39:00,14.6425,83.9975
2025-09-05 11:40:00,14.6575,84.1700
2025-09-05 11:41:00,14.6625,83.5125
2025-09-05 11:42:00,14.6450,83.9825
2025-09-05 11:43:00,14.6425,84.1350
2025-09-05 11:44:00,14.6225,83.8450
2025-09-05 11:45:00,14.6425,84.2075
2025-09-05 11:46:00,14.6600,84.1550
2025-09-05 11:47:00,14.6400,83.6800
2025-09-05 11:48:00,14.6450,84.5025
2025-09-05 11:49:00,14.6700,84.3925
2025-09-05 11:50:00,14.6575,84.0175
2025-09-05 11:51:00,14.6450,84.1725
2025-09-05 11:52:00,14.6450,84.3150
2025-09-05 11:53:00,14.6700,84.0275
2025-09-05 11:54:00,14.6825,84.1550
2025-09-05 11:55:00,14.6700,84.0975
2025-09-05 11:56:00,14.6675,84.3550
2025-09-05 11:57:00,14.6575,84.1700
2025-09-05 11:58:00,14.6775,83.9825
2025-09-05 11:59:00,14.6575,84.1550
2025-09-05 12:00:00,14.7000,84.0675
2025-09-05 12:01:00,14.7100,84.1225
2025-09-05 12:02:00,14.7025,84.1725
2025-09-05 12:03:00,14.6900,83.9700
2025-09-05 12:04:00,14.7150,84.2425
2025-09-05 12:05:00,14.7100,84.1425
2025-09-05 12:06:00,14.7075,84.1150
2025-09-05 12:07:00,14.7150,83.8500
2025-09-05 12:08:00,14.6975,84.1550
2025-09-05 12:09:00,14.7400,84.2025
2025-09-05 12:10:00,14.7425,84.3125
2025-09-05 12:11:00,14.7200,84.1500
2025-09-05 12:12:00,14.7350,83.6700
2025-09-05 12:13:00,14.7075,84.1100
2025-09-05 12:14:00,14.7350,83.9800
2025-09-05 12:15:00,14.7525,83.9175
2025-09-05 12:16:00,14.7425,84.2825
2025-09-05 12:17:00,14.7275,83.8025
2025-09-05 12:18:00,14.7200,84.0500
2025-09-05 12:19:00,14.8225,83.5875
2025-09-05 12:20:00,14.7975,83.8525
2025-09-05 12:21:00,14.8050,83.7100
2025-09-05 12:22:00,14.7700,84.0675
2025-09-05 12:23:00,14.7450,83.6400
2025-09-05 12:24:00,14.7550,84.0950
2025-09-05 12:25:00,14.7575,84.2050
2025-09-05 12:26:00,14.7400,84.0950
2025-09-05 12:27:00,14.7250,83.8075
2025-09-05 12:28:00,14.7525,84.1075
2025-09-05 12:29:00,14.7275,84.2600
2025-09-05 12:30:00,14.7400,84.0100
2025-09-05 12:31:00,14.7300,83.7400
2025-09-05 12:32:00,14.7200,84.0100
2025-09-05 12:33:00,14.7150,83.9225
2025-09-05 12:34:00,14.7075,84.0175
2025-09-05 12:35:00,14.7225,84.1175
2025-09-05 12:36:00,14.7100,83.7775
2025-09-05 12:37:00,14.7200,84.0275
2025-09-05 12:38:00,14.7050,84.0675
2025-09-05 12:39:00,14.7000,83.8300
2025-09-05 12:40:00,14.7175,83.5675
2025-09-05 12:41:00,14.6925,84.0900
2025-09-05 12:42:00,14.7050,84.4050
2025-09-05 12:43:00,14.7025,84.0825
2025-09-05 12:44:00,14.7000,83.7450
2025-09-05 12:45:00,14.6975,83.9175
2025-09-05 12:46:00,14.6775,83.5700
2025-09-05 12:47:00,14.6700,83.9150
2025-09-05 12:48:00,14.6975,83.9475
2025-09-05 12:49:00,14.6750,84.3125
2025-09-05 12:50:00,14.6825,83.7825
2025-09-05 12:51:00,14.6700,83.7450
2025-09-05 12:52:00,14.6875,84.1800
2025-09-05 12:53:00,14.6700,83.8075
2025-09-05 12:54:00,14.6925,83.9650
2025-09-05 12:55:00,14.6850,84.1650
2025-09-05 12:56:00,14.7000,84.0400
2025-09-05 12:57:00,14.6925,84.1275
2025-09-05 12:58:00,14.7100,83.8100
2025-09-05 12:59:00,14.7050,84.0575
2025-09-05 13:00:00,14.7100,84.0225
2025-09-05 13:01:00,14.6700,83.8650
2025-09-05 13:02:00,14.7100,84.0175
2025-09-05 13:03:00,14.7300,84.3875
2025-09-05 13:04:00,14.7000,83.8825
2025-09-05 13:05:00,14.7075,83.9525
2025-09-05 13:06:00,14.7200,83.7650
2025-09-05 13:07:00,14.7025,83.8375
2025-09-05 13:08:00,14.6975,83.9125
2025-09-05 13:09:00,14.7050,83.8550
2025-09-05 13:10:00,14.6825,84.0525
2025-09-05 13:11:00,14.7200,83.7375
2025-09-05 13:12:00,14.7150,83.8650
2025-09-05 13:13:00,14.6975,83.8550
2025-09-05 13:14:00,14.7200,84.1875
2025-09-05 13:15:00,14.7100,84.1725
2025-09-05 13:16:00,14.7000,84.2425
2025-09-05 13:17:00,14.7250,84.0950
2025-09-05 13:18:00,14.7375,84.1375
2025-09-05 13:19:00,14.7425,83.7850
2025-09-05 13:20:00,14.7100,84.1025
2025-09-05 13:21:00,14.7200,84.1325
2025-09-05 13:22:00,14.7100,83.8325
2025-09-05 13:23:00,14.7350,83.6425
2025-09-05 13:24:00,14.7375,83.7675
2025-09-05 13:25:00,14.7250,83.7925
2025-09-05 13:26:00,14.7200,83.5650
2025-09-05 13:27:00,14.7250,83.6075
2025-09-05 13:28:00,14.7250,83.7650
2025-09-05 13:29:00,14.7325,83.7625
2025-09-05 13:30:00,14.7200,83.6450
2025-09-05 13:31:00,14.7075,83.6000
2025-09-05 13:32:00,14.6975,83.9625
2025-09-05 13:33:00,14.7150,83.9800
2025-09-05 13:34:00,14.7200,83.6125
2025-09-05 13:35:00,14.7175,83.5250
2025-09-05 13:36:00,14.7225,83.9950
2025-09-05 13:37:00,14.7300,83.7925
2025-09-05 13:38:00,14.7375,83.7675
2025-09-05 13:39:00,14.7375,83.6400
2025-09-05 13:40:00,14.7325,83.5675
2025-09-05 13:41:00,14.7075,83.5300
2025-09-05 13:42:00,14.7100,83.5875
2025-09-05 13:43:00,14.7025,83.7175
2025-09-05 13:44:00,14.7100,83.7575
2025-09-05 13:45:00,14.7150,83.7775
2025-09-05 13:46:00,14.6975,83.9550
2025-09-05 13:47:00,14.6975,83.4875
2025-09-05 13:48:00,14.7200,83.9475
2025-09-05 13:49:00,14.7100,83.4875
2025-09-05 13:50:00,14.7400,83.9700
2025-09-05 13:51:00,14.7075,83.4450
2025-09-05 13:52:00,14.7200,83.9000
2025-09-05 13:53:00,14.6975,83.5850
2025-09-05 13:54:00,14.7075,83.8750
2025-09-05 13:55:00,14.7100,83.6225
2025-09-05 13:56:00,14.7000,83.8875
2025-09-05 13:57:00,14.6975,83.5950
2025-09-05 13:58:00,14.7100,83.7625
2025-09-05 13:59:00,14.6850,83.7300
2025-09-05 14:00:00,14.6850,83.8625
2025-09-05 14:01:00,14.6875,83.5700
2025-09-05 14:02:00,14.6900,83.9800
2025-09-05 14:03:00,14.6925,83.8600
2025-09-05 14:04:00,14.7050,83.9050
2025-09-05 14:05:00,14.7200,83.6975
2025-09-05 14:06:00,14.7025,83.4500
2025-09-05 14:07:00,14.6775,83.4950
2025-09-05 14:08:00,14.6825,83.6050
2025-09-05 14:09:00,14.6625,83.5850
2025-09-05 14:10:00,14.6500,82.5375
2025-09-05 14:11:00,14.4425,83.8575
2025-09-05 14:12:00,14.3125,84.4625
2025-09-05 14:13:00,14.1950,84.7125
2025-09-05 14:14:00,14.1325,84.7750
2025-09-05 14:15:00,14.0650,85.1000
2025-09-05 14:16:00,13.9950,85.2275
2025-09-05 14:17:00,13.9400,85.4675
2025-09-05 14:18:00,13.9375,85.5225
2025-09-05 14:19:00,13.9250,86.1725
2025-09-05 14:20:00,13.9000,85.6350
2025-09-05 14:21:00,13.8550,86.1700
2025-09-05 14:22:00,13.8625,85.9650
2025-09-05 14:23:00,13.8375,86.1450
2025-09-05 14:24:00,13.8350,86.0575
2025-09-05 14:25:00,13.8225,85.9900
2025-09-05 14:26:00,13.8000,86.5525
2025-09-05 14:27:00,13.8000,86.3200
2025-09-05 14:28:00,13.8000,86.5150
2025-09-05 14:29:00,13.7925,86.7450
2025-09-05 14:30:00,13.8225,87.1600
2025-09-05 14:31:00,13.8375,86.8275
2025-09-05 14:32:00,13.8475,86.8275
2025-09-05 14:33:00,13.8650,87.2775
2025-09-05 14:34:00,13.8750,86.8000
2025-09-05 14:35:00,13.8575,86.6775
2025-09-05 14:36:00,13.8575,86.5850
2025-09-05 14:37:00,13.8600,86.5125
2025-09-05 14:38:00,13.8575,86.9700
2025-09-05 14:39:00,13.8300,86.6250
2025-09-05 14:40:00,13.8525,86.9225
2025-09-05 14:41:00,13.8375,87.0800
2025-09-05 14:42:00,13.8525,87.0975
2025-09-05 14:43:00,13.8550,86.9075
2025-09-05 14:44:00,13.8525,86.7800
2025-09-05 14:45:00,13.8650,86.6100
2025-09-05 14:46:00,13.8925,86.5700
2025-09-05 14:47:00,13.8650,86.4100
2025-09-05 14:48:00,13.8650,86.8325
2025-09-05 14:49:00,13.8450,86.4975
2025-09-05 14:50:00,13.8600,86.6500
2025-09-05 14:51:00,13.8375,86.9800
2025-09-05 14:52:00,13.8475,86.6675
2025-09-05 14:53:00,13.8600,86.8550
2025-09-05 14:54:00,13.8375,86.6950
2025-09-05 14:55:00,13.8450,86.9450
2025-09-05 14:56:00,13.8575,86.5375
2025-09-05 14:57:00,13.8475,87.0525
2025-09-05 14:58:00,13.8675,86.6175
2025-09-05 14:59:00,13.8900,87.0400
2025-09-05 15:00:00,13.8625,86.9200
2025-09-05 15:01:00,13.8650,87.1450
2025-09-05 15:02:00,13.8825,87.0250
2025-09-05 15:03:00,13.8750,86.7550
2025-09-05 15:04:00,13.8825,86.8900
2025-09-05 15:05:00,13.8750,86.7300
2025-09-05 15:06:00,13.8600,87.0075
2025-09-05 15:07:00,13.8600,87.1300
2025-09-05 15:08:00,13.8975,86.8175
2025-09-05 15:09:00,13.8675,86.8400
2025-09-05 15:10:00,13.8700,86.7600
2025-09-05 15:11:00,13.8850,86.6600
2025-09-05 15:12:00,13.8925,86.9000
2025-09-05 15:13:00,13.8925,86.9125
2025-09-05 15:14:00,13.8750,86.9725
2025-09-05 15:15:00,13.9100,87.1075
2025-09-05 15:16:00,13.8825,87.0350
2025-09-05 15:17:00,13.8700,86.7100
2025-09-05 15:18:00,13.8675,86.9800
2025-09-05 15:19:00,13.8575,86.7325
2025-09-05 15:20:00,13.8825,86.9950
2025-09-05 15:21:00,13.8700,86.7875
2025-09-05 15:22:00,13.8775,86.8300
2025-09-05 15:23:00,13.9025,86.9725
2025-09-05 15:24:00,13.8825,86.9700
2025-09-05 15:25:00,13.9025,86.6250
2025-09-05 15:26:00,13.8925,87.0750
2025-09-05 15:27:00,13.9175,86.5500
2025-09-05 15:28:00,13.8925,86.6550
2025-09-05 15:29:00,13.9050,86.9425
2025-09-05 15:30:00,13.8925,86.9225
2025-09-05 15:31:00,13.8850,86.7300
2025-09-05 15:32:00,13.8925,86.7750
2025-09-05 15:33:00,13.8850,86.8975
2025-09-05 15:34:00,13.8850,87.0325
2025-09-05 15:35:00,13.8625,87.1600
2025-09-05 15:36:00,13.9150,87.1050
2025-09-05 15:37:00,13.8925,86.9225
2025-09-05 15:38:00,13.8850,86.7300
2025-09-05 15:39:00,13.8925,86.7750
2025-09-05 15:40:00,13.8850,86.8975
2025-09-05 15:41:00,13.8850,87.0325
2025-09-05 15:42:00,13.8625,87.1600
2025-09-05 15:43:00,13.9150,87.1050
2025-09-05 15:44:00,13.8925,86.6550
2025-09-05 15:45:00,13.8775,86.8150
2025-09-05 15:46:00,13.8725,87.0750
2025-09-05 15:47:00,13.9000,86.8725
2025-09-05 15:48:00,13.9025,86.4550
2025-09-05 15:49:00,13.9100,87.2525
2025-09-05 15:50:00,13.9075,86.6875
2025-09-05 15:51:00,13.8725,86.9175
2025-09-05 15:52:00,13.8925,86.6250
2025-09-05 15:53:00,13.8975,86.6525
2025-09-05 15:54:00,13.9075,86.7700
2025-09-05 15:55:00,13.8925,86.5650
2025-09-05 15:56:00,13.9150,86.9900
2025-09-05 15:57:00,13.8925,86.6525
2025-09-05 15:58:00,13.9025,86.9550
2025-09-05 15:59:00,13.8850,86.8600
2025-09-05 16:00:00,13.9025,86.7600
2025-09-05 16:01:00,13.9225,87.0050
2025-09-05 16:02:00,13.9150,86.6875
2025-09-05 16:03:00,13.9050,86.8200
2025-09-05 16:04:00,13.9025,86.8300
2025-09-05 16:05:00,13.9425,86.8025
2025-09-05 16:06:00,13.9150,86.5775
2025-09-05 16:07:00,13.8950,86.6025
2025-09-05 16:08:00,13.9025,86.9225
2025-09-05 16:09:00,13.9150,86.7975
2025-09-05 16:10:00,13.9025,86.8550
2025-09-05 16:11:00,13.9100,86.7650
2025-09-05 16:12:00,13.8850,86.8300
2025-09-05 16:13:00,13.9025,87.3175
2025-09-05 16:14:00,13.9125,86.7400
2025-09-05 16:15:00,13.9075,86.9550
2025-09-05 16:16:00,13.9250,86.9800
2025-09-05 16:17:00,13.9025,86.5325
2025-09-05 16:18:00,13.9225,86.9475
2025-09-05 16:19:00,13.9125,86.7625
2025-09-05 16:20:00,13.9025,86.8250
2025-09-05 16:21:00,13.9025,86.5925
2025-09-05 16:22:00,13.9200,86.9825
2025-09-05 16:23:00,13.9150,86.8900
2025-09-05 16:24:00,13.9075,86.7150
2025-09-05 16:25:00,13.8900,86.2600
2025-09-05 16:26:00,13.8900,86.6575
2025-09-05 16:27:00,13.9050,86.6125
2025-09-05 16:28:00,13.9025,86.9225
2025-09-05 16:29:00,13.8775,86.7300
2025-09-05 16:30:00,13.9075,86.7900
2025-09-05 16:31:00,13.8900,86.6700
2025-09-05 16:32:00,13.8750,86.4250
2025-09-05 16:33:00,13.8750,86.8075
2025-09-05 16:34:00,13.8800,86.5550
2025-09-05 16:35:00,13.8850,86.6400
2025-09-05 16:36:00,13.8775,86.4325
2025-09-05 16:37:00,13.8850,86.7050
2025-09-05 16:38:00,13.8850,86.7250
2025-09-05 16:39:00,13.8800,86.6675
2025-09-05 16:40:00,13.8700,86.6175
2025-09-05 16:41:00,13.8750,86.8375
2025-09-05 16:42:00,13.9000,86.7275
2025-09-05 16:43:00,13.8625,86.3525
2025-09-05 16:44:00,13.8475,86.7050
2025-09-05 16:45:00,13.8825,86.6425
2025-09-05 16:46:00,13.8775,86.5750
2025-09-05 16:47:00,13.8575,87.0600
2025-09-05 16:48:00,13.8750,87.0300
2025-09-05 16:49:00,13.8950,86.8025
2025-09-05 16:50:00,13.8850,86.7500
2025-09-05 16:51:00,13.8625,86.3925
2025-09-05 16:52:00,13.8850,86.8025
2025-09-05 16:53:00,13.8750,86.3750
2025-09-05 16:54:00,13.8925,86.9550
2025-09-05 16:55:00,13.8750,86.7575
2025-09-05 16:56:00,13.8900,86.4575
2025-09-05 16:57:00,13.8650,86.4800
2025-09-05 16:58:00,13.8750,86.4550
2025-09-05 16:59:00,13.8850,86.7625
2025-09-05 17:00:00,13.8850,86.6050
2025-09-05 17:01:00,13.8800,86.9225
2025-09-05 17:02:00,13.9150,86.2500
2025-09-05 17:03:00,13.9100,86.6000
2025-09-05 17:04:00,13.9075,86.2475
2025-09-05 17:05:00,13.8775,86.4575
2025-09-05 17:06:00,13.8900,86.5950
2025-09-05 17:07:00,13.9050,86.5625
2025-09-05 17:08:00,13.9025,86.6825
2025-09-05 17:09:00,13.9050,86.5525
2025-09-05 17:10:00,13.8975,86.6350
2025-09-05 17:11:00,13.8950,86.4850
2025-09-05 17:12:00,13.8850,86.4100
2025-09-05 17:13:00,13.9025,86.7975
2025-09-05 17:14:00,13.8925,86.6825
2025-09-05 17:15:00,13.9125,86.6750
2025-09-05 17:16:00,13.9100,86.2125
2025-09-05 17:17:00,13.9025,86.8950
2025-09-05 17:18:00,13.8800,86.4300
2025-09-05 17:19:00,13.9025,86.6100
2025-09-05 17:20:00,13.8800,86.8200
2025-09-05 17:21:00,13.9125,86.3950
2025-09-05 17:22:00,13.9100,86.5750
2025-09-05 17:23:00,13.8900,86.3600
2025-09-05 17:24:00,13.8850,86.5200
2025-09-05 17:25:00,13.8900,86.3400
2025-09-05 17:26:00,13.9050,86.6175
2025-09-05 17:27:00,13.9100,86.5450
2025-09-05 17:28:00,13.8850,86.3500
2025-09-05 17:29:00,13.8900,86.6900
2025-09-05 17:30:00,13.8850,86.2675
2025-09-05 17:31:00,13.9050,86.8825
2025-09-05 17:32:00,13.8850,86.9225
2025-09-05 17:33:00,13.9225,86.5600
2025-09-05 17:34:00,13.8850,86.4250
2025-09-05 17:35:00,13.9225,86.6150
2025-09-05 17:36:00,13.8900,86.0950
2025-09-05 17:37:00,13.8975,86.5825
2025-09-05 17:38:00,13.8925,86.5775
2025-09-05 17:39:00,13.8750,86.2375
2025-09-05 17:40:00,13.8925,86.4075
2025-09-05 17:41:00,13.8850,86.4925
2025-09-05 17:42:00,13.8900,86.4925
2025-09-05 17:43:00,13.8775,86.2125
2025-09-05 17:44:00,13.8800,86.3350
2025-09-05 17:45:00,13.8675,86.4575
2025-09-05 17:46:00,13.8725,86.2550
2025-09-05 17:47:00,13.8950,86.4075
2025-09-05 17:48:00,13.8750,86.4875
2025-09-05 17:49:00,13.8775,86.3775
2025-09-05 17:50:00,13.8700,86.2275
2025-09-05 17:51:00,13.8625,86.4400
2025-09-05 17:52:00,13.8750,86.4650
2025-09-05 17:53:00,13.8475,86.5200
2025-09-05 17:54:00,13.8925,86.7125
2025-09-05 17:55:00,13.8975,86.2350
2025-09-05 17:56:00,13.8900,86.3875
2025-09-05 17:57:00,13.8750,86.2450
2025-09-05 17:58:00,13.8750,86.1600
2025-09-05 17:59:00,13.8650,86.3750
2025-09-05 18:00:00,13.8750,86.1900
2025-09-05 18:01:00,13.8475,86.6800
2025-09-05 18:02:00,13.8675,86.4900
2025-09-05 18:03:00,13.8625,86.7425
2025-09-05 18:04:00,13.8850,86.5125
2025-09-05 18:05:00,13.8775,86.3375
2025-09-05 18:06:00,13.8825,86.3700
2025-09-05 18:07:00,13.8575,86.3925
2025-09-05 18:08:00,13.8800,86.0725
2025-09-05 18:09:00,13.8725,86.2750
2025-09-05 18:10:00,13.8700,86.6725
2025-09-05 18:11:00,13.8625,86.3950
2025-09-05 18:12:00,13.8475,86.4425
2025-09-05 18:13:00,13.8600,86.8100
2025-09-05 18:14:00,13.8700,86.4425
2025-09-05 18:15:00,13.8375,86.2400
2025-09-05 18:16:00,13.8625,86.3350
2025-09-05 18:17:00,13.8650,86.6925
2025-09-05 18:18:00,13.8800,86.6200
2025-09-05 18:19:00,13.9025,86.2625
2025-09-05 18:20:00,13.8850,86.2875
2025-09-05 18:21:00,13.8750,86.1850
2025-09-05 18:22:00,13.8725,86.2800
2025-09-05 18:23:00,13.8775,86.4725
2025-09-05 18:24:00,13.8475,86.4050
2025-09-05 18:25:00,13.8625,86.4625
2025-09-05 18:26:00,13.8775,86.2475
2025-09-05 18:27:00,13.8575,86.2625
2025-09-05 18:28:00,13.8650,86.4650
2025-09-05 18:29:00,13.8575,86.2950
2025-09-05 18:30:00,13.8600,86.5300
2025-09-05 18:31:00,13.8950,86.6350
2025-09-05 18:32:00,13.8850,86.4400
2025-09-05 18:33:00,13.8975,86.4475
2025-09-05 18:34:00,13.9125,86.3850
2025-09-05 18:35:00,13.8700,86.7075
2025-09-05 18:36:00,13.9200,86.5125
2025-09-05 18:37:00,13.9125,86.1675
2025-09-05 18:38:00,13.9025,85.9500
2025-09-05 18:39:00,13.9025,86.1175
2025-09-05 18:40:00,13.8850,86.1825
2025-09-05 18:41:00,13.8850,86.0950
2025-09-05 18:42:00,13.8775,86.0975
2025-09-05 18:43:00,13.8625,86.0700
2025-09-05 18:44:00,13.8650,86.0675
2025-09-05 18:45:00,13.8775,86.0175
2025-09-05 18:46:00,13.8575,86.0700
2025-09-05 18:47:00,13.8575,86.1625
2025-09-05 18:48:00,13.8800,86.2300
2025-09-05 18:49:00,13.8575,86.2300
2025-09-05 18:50:00,13.8750,86.1400
2025-09-05 18:51:00,13.8725,86.0625
2025-09-05 18:52:00,13.8600,86.2200
2025-09-05 18:53:00,13.8550,86.1750
2025-09-05 18:54:00,13.8600,85.8850
2025-09-05 18:55:00,13.8375,85.8125
2025-09-05 18:56:00,13.8250,86.0225
2025-09-05 18:57:00,13.8375,86.3500
2025-09-05 18:58:00,13.8550,86.0875
2025-09-05 18:59:00,13.8475,86.2025
2025-09-05 19:00:00,13.8375,86.1575
2025-09-05 19:01:00,13.8425,86.2350
2025-09-05 19:02:00,13.8300,86.2525
2025-09-05 19:03:00,13.8450,86.2275
2025-09-05 19:04:00,13.8325,85.8300
2025-09-05 19:05:00,13.8150,86.1100
2025-09-05 19:06:00,13.8250,86.0850
2025-09-05 19:07:00,13.8300,86.3475
2025-09-05 19:08:00,13.7950,86.2625
2025-09-05 19:09:00,13.8300,86.2875
2025-09-05 19:10:00,13.8375,86.2525
2025-09-05 19:11:00,13.8400,86.3025
2025-09-05 19:12:00,13.8475,86.4000
2025-09-05 19:13:00,13.8550,86.1225
2025-09-05 19:14:00,13.8475,86.3100
2025-09-05 19:15:00,13.8375,86.3600
2025-09-05 19:16:00,13.8350,86.2975
2025-09-05 19:17:00,13.8475,86.2850
2025-09-05 19:18:00,13.8425,86.1650
2025-09-05 19:19:00,13.8325,86.2725
2025-09-05 19:20:00,13.8375,85.9450
2025-09-05 19:21:00,13.8475,86.0625
2025-09-05 19:22:00,13.8400,86.1425
2025-09-05 19:23:00,13.8450,86.2025
2025-09-05 19:24:00,13.8550,86.4825
2025-09-05 19:25:00,13.8525,86.4100
2025-09-05 19:26:00,13.8300,85.8200
2025-09-05 19:27:00,13.8075,86.1275
2025-09-05 19:28:00,13.8375,86.2800
2025-09-05 19:29:00,13.8250,86.1150
2025-09-05 19:30:00,13.8425,86.0375
2025-09-05 19:31:00,13.8400,85.9100
2025-09-05 19:32:00,13.8225,85.9625
2025-09-05 19:33:00,13.8225,85.9575
2025-09-05 19:34:00,13.8000,86.2875
2025-09-05 19:35:00,13.8225,86.0750
2025-09-05 19:36:00,13.8250,86.4175
2025-09-05 19:37:00,13.8425,86.2750
2025-09-05 19:38:00,13.8275,86.1600
2025-09-05 19:39:00,13.8475,86.2975
2025-09-05 19:40:00,13.8375,86.0950
2025-09-05 19:41:00,13.8550,86.1000
2025-09-05 19:42:00,13.8450,85.9850
2025-09-05 19:43:00,13.8525,86.0450
2025-09-05 19:44:00,13.8275,86.0275
2025-09-05 19:45:00,13.8250,86.0975
2025-09-05 19:46:00,13.8350,85.9900
2025-09-05 19:47:00,13.8200,86.0850
2025-09-05 19:48:00,13.7900,86.0550
2025-09-05 19:49:00,13.8025,86.1350
2025-09-05 19:50:00,13.8225,86.1100
2025-09-05 19:51:00,13.8350,86.1250
2025-09-05 19:52:00,13.8225,86.1525
2025-09-05 19:53:00,13.8275,85.9550
2025-09-05 19:54:00,13.8175,86.2425
2025-09-05 19:55:00,13.8425,85.8775
2025-09-05 19:56:00,13.8250,86.0750
2025-09-05 19:57:00,13.8375,86.1050
2025-09-05 19:58:00,13.8275,86.2750
2025-09-05 19:59:00,13.8475,86.1025
2025-09-05 20:00:00,13.8375,86.1050
2025-09-05 20:01:00,13.8375,85.8450
2025-09-05 20:02:00,13.8350,86.3350
2025-09-05 20:03:00,13.8350,86.3825
2025-09-05 20:04:00,13.8325,86.3975
2025-09-05 20:05:00,13.8350,86.2225
2025-09-05 20:06:00,13.8625,86.1825
2025-09-05 20:07:00,13.8300,86.3825
2025-09-05 20:08:00,13.8475,86.0650
2025-09-05 20:09:00,13.8150,86.1800
2025-09-05 20:10:00,13.8375,86.0100
2025-09-05 20:11:00,13.8025,86.0050
2025-09-05 20:12:00,13.8375,85.9750
2025-09-05 20:13:00,13.8050,86.2600
2025-09-05 20:14:00,13.8125,86.2250
2025-09-05 20:15:00,13.8225,86.1550
2025-09-05 20:16:00,13.8400,86.1900
2025-09-05 20:17:00,13.8375,86.1300
2025-09-05 20:18:00,13.8225,86.2550
2025-09-05 20:19:00,13.8275,86.0975
2025-09-05 20:20:00,13.8475,85.7925
2025-09-05 20:21:00,13.8375,85.6425
2025-09-05 20:22:00,13.8150,85.8700
2025-09-05 20:23:00,13.7925,86.0600
2025-09-05 20:24:00,13.8375,85.9375
2025-09-05 20:25:00,13.8300,86.0075
2025-09-05 20:26:00,13.8200,86.0350
2025-09-05 20:27:00,13.8150,86.0450
2025-09-05 20:28:00,13.8225,86.2950
2025-09-05 20:29:00,13.8400,86.3125
2025-09-05 20:30:00,13.8375,85.8600
2025-09-05 20:31:00,13.8300,86.2125
2025-09-05 20:32:00,13.8425,86.2525
2025-09-05 20:33:00,13.8375,85.9575
2025-09-05 20:34:00,13.8000,85.9900
2025-09-05 20:35:00,13.8375,85.8925
2025-09-05 20:36:00,13.8400,86.1825
2025-09-05 20:37:00,13.8325,85.9350
2025-09-05 20:38:00,13.8225,86.1350
2025-09-05 20:39:00,13.8000,85.6525
2025-09-05 20:40:00,13.8050,85.8825
2025-09-05 20:41:00,13.8175,85.9625
2025-09-05 20:42:00,13.8150,85.8025
2025-09-05 20:43:00,13.8025,85.8725
2025-09-05 20:44:00,13.8125,85.8700
2025-09-05 20:45:00,13.8250,85.8475
2025-09-05 20:46:00,13.8075,85.8125
2025-09-05 20:47:00,13.7875,85.8000
2025-09-05 20:48:00,13.8000,85.8050
2025-09-05 20:49:00,13.7975,85.9650
2025-09-05 20:50:00,13.8000,85.8600
2025-09-05 20:51:00,13.8250,86.0225
2025-09-05 20:52:00,13.8000,85.8575
2025-09-05 20:53:00,13.8325,85.8925
2025-09-05 20:54:00,13.8050,86.2950
2025-09-05 20:55:00,13.8275,86.1250
2025-09-05 20:56:00,13.8525,86.0125
2025-09-05 20:57:00,13.9225,85.7900
2025-09-05 20:58:00,13.9125,85.8150
2025-09-05 20:59:00,13.8850,85.7475
2025-09-05 21:00:00,13.8750,85.5800
2025-09-05 21:01:00,13.8675,85.5625
2025-09-05 21:02:00,13.8250,85.7775
2025-09-05 21:03:00,13.8275,85.9350
2025-09-05 21:04:00,13.8400,85.7975
2025-09-05 21:05:00,13.8625,86.0200
2025-09-05 21:06:00,13.8525,86.0550
2025-09-05 21:07:00,13.8600,86.0925
2025-09-05 21:08:00,13.8775,86.0025
2025-09-05 21:09:00,13.8800,85.8950
2025-09-05 21:10:00,13.9050,85.8675
2025-09-05 21:11:00,13.8975,85.9400
2025-09-05 21:12:00,13.8850,85.8125
2025-09-05 21:13:00,13.8925,85.5875
2025-09-05 21:14:00,13.8850,85.7850
2025-09-05 21:15:00,13.8675,85.6350
2025-09-05 21:16:00,13.8850,85.6925
2025-09-05 21:17:00,13.8700,85.8650
2025-09-05 21:18:00,13.8600,85.9525
2025-09-05 21:19:00,13.8475,85.5300
2025-09-05 21:20:00,13.8475,85.5525
2025-09-05 21:21:00,13.8400,85.6200
2025-09-05 21:22:00,13.8400,85.8300
2025-09-05 21:23:00,13.8375,85.9575
2025-09-05 21:24:00,13.8525,85.9475
2025-09-05 21:25:00,13.8400,85.9650
2025-09-05 21:26:00,13.8300,85.8925
2025-09-05 21:27:00,13.8225,85.8650
2025-09-05 21:28:00,13.8400,85.8700
2025-09-05 21:29:00,13.8225,85.9175
2025-09-05 21:30:00,13.8400,85.9200
2025-09-05 21:31:00,13.8425,85.9050
2025-09-05 21:32:00,13.8600,85.8825
2025-09-05 21:33:00,13.8550,85.8575
2025-09-05 21:34:00,13.8750,85.8725
2025-09-05 21:35:00,13.8575,85.9250
2025-09-05 21:36:00,13.8700,85.8325
2025-09-05 21:37:00,13.8550,85.8050
2025-09-05 21:38:00,13.8475,85.5875
2025-09-05 21:39:00,13.8475,85.7800
2025-09-05 21:40:00,13.8275,85.6775
2025-09-05 21:41:00,13.8025,85.7075
2025-09-05 21:42:00,13.8200,85.8025
2025-09-05 21:43:00,13.8225,85.7925
2025-09-05 21:44:00,13.8300,85.7400
2025-09-05 21:45:00,13.8525,85.6875
2025-09-05 21:46:00,13.8525,85.8725
2025-09-05 21:47:00,13.8375,85.7675
2025-09-05 21:48:00,13.8575,85.6525
2025-09-05 21:49:00,13.8550,86.1600
2025-09-05 21:50:00,13.8775,86.1025
2025-09-05 21:51:00,13.8700,85.8750
2025-09-05 21:52:00,13.8800,85.9800
2025-09-05 21:53:00,13.9075,86.0025
2025-09-05 21:54:00,13.8750,85.7775
2025-09-05 21:55:00,13.8950,85.7575
2025-09-05 21:56:00,13.8600,85.7675
2025-09-05 21:57:00,13.8600,85.6150
2025-09-05 21:58:00,13.8600,85.4325
2025-09-05 21:59:00,13.8325,85.4100
2025-09-05 22:00:00,13.8275,85.6275
2025-09-05 22:01:00,13.8400,85.5875
2025-09-05 22:02:00,13.8400,85.7800
2025-09-05 22:03:00,13.8600,85.8000
2025-09-05 22:04:00,13.8400,85.4500
2025-09-05 22:05:00,13.8300,85.4100
2025-09-05 22:06:00,13.8025,85.4175
2025-09-05 22:07:00,13.8175,85.6600
2025-09-05 22:08:00,13.8250,85.8600
2025-09-05 22:09:00,13.8475,85.5875
2025-09-05 22:10:00,13.8300,85.5575
2025-09-05 22:11:00,13.8375,85.9650
2025-09-05 22:12:00,13.8475,85.6350
2025-09-05 22:13:00,13.8425,85.7225
2025-09-05 22:14:00,13.8475,85.6450
2025-09-05 22:15:00,13.8350,85.8550
2025-09-05 22:16:00,13.8550,86.0975
2025-09-05 22:17:00,13.8600,85.7900
2025-09-05 22:18:00,13.8475,85.7650
2025-09-05 22:19:00,13.8600,85.9150
2025-09-05 22:20:00,13.8700,85.7975
2025-09-05 22:21:00,13.8775,85.7950
2025-09-05 22:22:00,13.8775,85.8600
2025-09-05 22:23:00,13.8750,85.8225
2025-09-05 22:24:00,13.8775,85.6925
2025-09-05 22:25:00,13.8625,85.7850
2025-09-05 22:26:00,13.8575,85.6150
2025-09-05 22:27:00,13.8650,85.4725
2025-09-05 22:28:00,13.8675,85.5000
2025-09-05 22:29:00,13.8600,85.5900
2025-09-05 22:30:00,13.8625,85.5325
2025-09-05 22:31:00,13.8475,85.5975
2025-09-05 22:32:00,13.8550,85.4525
2025-09-05 22:33:00,13.8550,85.5200
2025-09-05 22:34:00,13.8325,85.4375
2025-09-05 22:35:00,13.8400,85.4900
2025-09-05 22:36:00,13.8425,85.5400
2025-09-05 22:37:00,13.8425,85.5400
2025-09-05 22:38:00,13.8375,85.5475
2025-09-05 22:39:00,13.8425,85.5625
2025-09-05 22:40:00,13.8475,85.5825
2025-09-05 22:41:00,13.8450,85.7000
2025-09-05 22:42:00,13.8450,85.8225
2025-09-05 22:43:00,13.8650,85.7150
2025-09-05 22:44:00,13.8525,85.6200
2025-09-05 22:45:00,13.8775,85.5525
2025-09-05 22:46:00,13.8625,85.6650
2025-09-05 22:47:00,13.8700,85.5900
2025-09-05 22:48:00,13.8625,85.5125
2025-09-05 22:49:00,13.8550,85.5375
2025-09-05 22:50:00,13.8625,85.4100
2025-09-05 22:51:00,13.8325,85.4900
2025-09-05 22:52:00,13.8475,85.3550
2025-09-05 22:53:00,13.8425,85.8050
2025-09-05 22:54:00,13.8600,85.7650
2025-09-05 22:55:00,13.8575,85.6225
2025-09-05 22:56:00,13.8600,85.7200
2025-09-05 22:57:00,13.8750,85.6900
2025-09-05 22:58:00,13.8850,85.7475
2025-09-05 22:59:00,13.8750,85.6350
2025-09-05 23:00:00,13.8800,85.5675
2025-09-05 23:01:00,13.8400,85.6125
2025-09-05 23:02:00,13.8525,85.6125
2025-09-05 23:03:00,13.8550,85.5800
2025-09-05 23:04:00,13.8525,85.6900
2025-09-05 23:05:00,13.8450,85.6700
2025-09-05 23:06:00,13.8525,85.6675
2025-09-05 23:07:00,13.8225,85.5450
2025-09-05 23:08:00,13.8400,85.9500
2025-09-05 23:09:00,13.8700,85.9550
2025-09-05 23:10:00,13.8775,85.7600
2025-09-05 23:11:00,13.8475,85.8425
2025-09-05 23:12:00,13.8750,85.7500
2025-09-05 23:13:00,13.8700,85.7200
2025-09-05 23:14:00,13.8925,85.5850
2025-09-05 23:15:00,13.8775,85.4525
2025-09-05 23:16:00,13.8750,85.4425
2025-09-05 23:17:00,13.8850,85.5950
2025-09-05 23:18:00,13.8600,85.4925
2025-09-05 23:19:00,13.8925,85.5225
2025-09-05 23:20:00,13.8750,85.4975
2025-09-05 23:21:00,13.8725,85.4100
2025-09-05 23:22:00,13.8575,85.2625
2025-09-05 23:23:00,13.8600,85.6200
2025-09-05 23:24:00,13.8525,85.4900
2025-09-05 23:25:00,13.8725,85.5150
2025-09-05 23:26:00,13.8775,85.7250
2025-09-05 23:27:00,13.8750,85.6600
2025-09-05 23:28:00,13.9050,85.4650
2025-09-05 23:29:00,13.8975,85.3900
2025-09-05 23:30:00,13.8825,85.4175
2025-09-05 23:31:00,13.8750,85.2175
2025-09-05 23:32:00,13.8750,85.3125
2025-09-05 23:33:00,13.8600,85.2475
2025-09-05 23:34:00,13.8600,85.2650
2025-09-05 23:35:00,13.8725,85.3525
2025-09-05 23:36:00,13.8650,85.3950
2025-09-05 23:37:00,13.8850,85.1100
2025-09-05 23:38:00,13.8175,85.2975
2025-09-05 23:39:00,13.8425,85.2625
2025-09-05 23:40:00,13.8375,85.5075
2025-09-05 23:41:00,13.8300,85.5900
2025-09-05 23:42:00,13.8300,85.6725
2025-09-05 23:43:00,13.8425,85.5775
2025-09-05 23:44:00,13.8450,85.4750
2025-09-05 23:45:00,13.8575,85.4500
2025-09-05 23:46:00,13.8525,85.6525
2025-09-05 23:47:00,13.8850,85.5675
2025-09-05 23:48:00,13.8675,85.5400
2025-09-05 23:49:00,13.8750,85.6600
2025-09-05 23:50:00,13.8675,85.3500
2025-09-05 23:51:00,13.8800,85.2975
2025-09-05 23:52:00,13.8475,85.1950
2025-09-05 23:53:00,13.8475,85.1575
2025-09-05 23:54:00,13.8175,85.2325
2025-09-05 23:55:00,13.8525,85.1400
2025-09-05 23:56:00,13.8275,85.1775
2025-09-05 23:57:00,13.8225,85.2225
2025-09-05 23:58:00,13.8425,85.2825
2025-09-05 23:59:00,13.8375,85.3650
