Timestamp for sample frequency every 1 min,Temperature (°C),Relative Humidity (%)
2025-09-04 00:00:00,13.3400,80.6400
2025-09-04 00:01:00,13.3000,80.6400
2025-09-04 00:02:00,13.3300,80.5700
2025-09-04 00:03:00,13.3400,80.6300
2025-09-04 00:04:00,13.3100,80.6800
2025-09-04 00:05:00,13.3300,80.6500
2025-09-04 00:06:00,13.3100,80.6800
2025-09-04 00:07:00,13.3400,80.7200
2025-09-04 00:08:00,13.3300,80.7900
2025-09-04 00:09:00,13.3100,80.7100
2025-09-04 00:10:00,13.3100,80.8000
2025-09-04 00:11:00,13.3300,80.8000
2025-09-04 00:12:00,13.3100,80.7400
2025-09-04 00:13:00,13.3100,80.6900
2025-09-04 00:14:00,13.3100,80.6900
2025-09-04 00:15:00,13.3100,80.6700
2025-09-04 00:16:00,13.3100,80.7800
2025-09-04 00:17:00,13.3100,80.7800
2025-09-04 00:18:00,13.3000,80.7400
2025-09-04 00:19:00,13.3000,80.8200
2025-09-04 00:20:00,13.3100,80.7900
2025-09-04 00:21:00,13.3100,80.8300
2025-09-04 00:22:00,13.3000,80.7900
2025-09-04 00:23:00,13.3300,80.7900
2025-09-04 00:24:00,13.3100,80.8600
2025-09-04 00:25:00,13.3100,80.7900
2025-09-04 00:26:00,13.3000,80.9200
2025-09-04 00:27:00,13.3300,80.9000
2025-09-04 00:28:00,13.3100,80.8000
2025-09-04 00:29:00,13.3300,80.8900
2025-09-04 00:30:00,13.3300,80.8600
2025-09-04 00:31:00,13.3300,80.8400
2025-09-04 00:32:00,13.3100,80.8700
2025-09-04 00:33:00,13.3100,80.8900
2025-09-04 00:34:00,13.3100,80.8600
2025-09-04 00:35:00,13.3000,80.8000
2025-09-04 00:36:00,13.3000,80.7700
2025-09-04 00:37:00,13.3300,80.8100
2025-09-04 00:38:00,13.3100,80.8600
2025-09-04 00:39:00,13.3100,80.9200
2025-09-04 00:40:00,13.3100,80.8200
2025-09-04 00:41:00,13.3400,80.8000
2025-09-04 00:42:00,13.3100,80.8900
2025-09-04 00:43:00,13.3000,80.8800
2025-09-04 00:44:00,13.3400,80.9700
2025-09-04 00:45:00,13.3300,80.9400
2025-09-04 00:46:00,13.3600,80.9400
2025-09-04 00:47:00,13.3300,80.9600
2025-09-04 00:48:00,13.3600,80.9800
2025-09-04 00:49:00,13.3100,80.8900
2025-09-04 00:50:00,13.3400,80.9700
2025-09-04 00:51:00,13.3300,80.9400
2025-09-04 00:52:00,13.3300,81.0500
2025-09-04 00:53:00,13.3400,80.9400
2025-09-04 00:54:00,13.3400,80.9800
2025-09-04 00:55:00,13.3300,80.8800
2025-09-04 00:56:00,13.3400,80.8800
2025-09-04 00:57:00,13.3300,80.9700
2025-09-04 00:58:00,13.3300,80.9400
2025-09-04 00:59:00,13.3400,80.9300
2025-09-04 01:00:00,13.3400,80.9700
2025-09-04 01:01:00,13.3400,80.9300
2025-09-04 01:02:00,13.3400,80.9500
2025-09-04 01:03:00,13.3400,80.8800
2025-09-04 01:04:00,13.3300,80.9900
2025-09-04 01:05:00,13.3600,80.9600
2025-09-04 01:06:00,13.3300,80.8700
2025-09-04 01:07:00,13.3700,80.8700
2025-09-04 01:08:00,13.3300,80.8100
2025-09-04 01:09:00,13.3300,80.8500
2025-09-04 01:10:00,13.3600,80.9500
2025-09-04 01:11:00,13.3300,80.9000
2025-09-04 01:12:00,13.3400,80.9500
2025-09-04 01:13:00,13.3600,81.0300
2025-09-04 01:14:00,13.3300,81.0400
2025-09-04 01:15:00,13.3400,81.0800
2025-09-04 01:16:00,13.3400,81.0100
2025-09-04 01:17:00,13.3400,80.9200
2025-09-04 01:18:00,13.3400,80.9500
2025-09-04 01:19:00,13.3600,80.9600
2025-09-04 01:20:00,13.3300,80.9300
2025-09-04 01:21:00,13.3400,80.9300
2025-09-04 01:22:00,13.3100,80.9400
2025-09-04 01:23:00,13.3600,80.9900
2025-09-04 01:24:00,13.3600,80.9600
2025-09-04 01:25:00,13.3400,81.0200
2025-09-04 01:26:00,13.3400,80.9900
2025-09-04 01:27:00,13.3300,81.0700
2025-09-04 01:28:00,13.3400,81.0400
2025-09-04 01:29:00,13.3400,80.9800
2025-09-04 01:30:00,13.3300,81.0300
2025-09-04 01:31:00,13.3000,80.9600
2025-09-04 01:32:00,13.3300,81.0000
2025-09-04 01:33:00,13.3400,80.9800
2025-09-04 01:34:00,13.3600,81.0200
2025-09-04 01:35:00,13.3300,81.0300
2025-09-04 01:36:00,13.3100,81.0000
2025-09-04 01:37:00,13.3400,81.0200
2025-09-04 01:38:00,13.3100,81.1300
2025-09-04 01:39:00,13.3600,81.1600
2025-09-04 01:40:00,13.3400,81.1900
2025-09-04 01:41:00,13.3300,81.1500
2025-09-04 01:42:00,13.3600,81.1800
2025-09-04 01:43:00,13.3600,81.1400
2025-09-04 01:44:00,13.3600,81.1300
2025-09-04 01:45:00,13.3600,81.1700
2025-09-04 01:46:00,13.3400,81.1300
2025-09-04 01:47:00,13.3600,81.2100
2025-09-04 01:48:00,13.3300,81.1200
2025-09-04 01:49:00,13.3400,81.1300
2025-09-04 01:50:00,13.3400,81.1900
2025-09-04 01:51:00,13.3400,81.1300
2025-09-04 01:52:00,13.3400,81.1300
2025-09-04 01:53:00,13.3400,81.1400
2025-09-04 01:54:00,13.3700,81.1100
2025-09-04 01:55:00,13.3100,81.0500
2025-09-04 01:56:00,13.3300,81.0300
2025-09-04 01:57:00,13.3300,81.0300
2025-09-04 01:58:00,13.3600,81.0200
2025-09-04 01:59:00,13.3300,81.1000
2025-09-04 02:00:00,13.3600,81.1300
2025-09-04 02:01:00,13.3400,81.1200
2025-09-04 02:02:00,13.3400,81.1400
2025-09-04 02:03:00,13.3700,81.0300
2025-09-04 02:04:00,13.3300,81.0500
2025-09-04 02:05:00,13.3600,81.0600
2025-09-04 02:06:00,13.3100,81.0300
2025-09-04 02:07:00,13.3300,80.9900
2025-09-04 02:08:00,13.3300,81.0500
2025-09-04 02:09:00,13.3300,81.0500
2025-09-04 02:10:00,13.3300,81.0700
2025-09-04 02:11:00,13.3400,81.0400
2025-09-04 02:12:00,13.3300,81.0500
2025-09-04 02:13:00,13.3400,81.1100
2025-09-04 02:14:00,13.3400,81.1600
2025-09-04 02:15:00,13.3400,81.1100
2025-09-04 02:16:00,13.3400,81.1300
2025-09-04 02:17:00,13.3300,81.1100
2025-09-04 02:18:00,13.3300,81.1300
2025-09-04 02:19:00,13.3400,81.1500
2025-09-04 02:20:00,13.3100,81.0600
2025-09-04 02:21:00,13.3400,81.1000
2025-09-04 02:22:00,13.3100,81.0700
2025-09-04 02:23:00,13.3100,81.0400
2025-09-04 02:24:00,13.3100,81.0700
2025-09-04 02:25:00,13.3300,81.0900
2025-09-04 02:26:00,13.3300,81.0300
2025-09-04 02:27:00,13.3300,81.1000
2025-09-04 02:28:00,13.3300,81.0200
2025-09-04 02:29:00,13.3300,81.0900
2025-09-04 02:30:00,13.3100,81.0300
2025-09-04 02:31:00,13.3300,81.1300
2025-09-04 02:32:00,13.3100,81.1400
2025-09-04 02:33:00,13.3100,81.2100
2025-09-04 02:34:00,13.3300,81.1800
2025-09-04 02:35:00,13.3400,81.1200
2025-09-04 02:36:00,13.3300,81.1300
2025-09-04 02:37:00,13.3300,81.1900
2025-09-04 02:38:00,13.3400,81.1700
2025-09-04 02:39:00,13.3100,81.2100
2025-09-04 02:40:00,13.3300,81.2500
2025-09-04 02:41:00,13.3300,81.2500
2025-09-04 02:42:00,13.3400,81.2700
2025-09-04 02:43:00,13.3600,81.3200
2025-09-04 02:44:00,13.3300,81.2200
2025-09-04 02:45:00,13.3400,81.2100
2025-09-04 02:46:00,13.3100,81.1900
2025-09-04 02:47:00,13.3100,81.1900
2025-09-04 02:48:00,13.3300,81.1700
2025-09-04 02:49:00,13.3100,81.0800
2025-09-04 02:50:00,13.3300,81.0600
2025-09-04 02:51:00,13.3000,81.0600
2025-09-04 02:52:00,13.3300,81.0900
2025-09-04 02:53:00,13.2800,81.1000
2025-09-04 02:54:00,13.3300,81.0500
2025-09-04 02:55:00,13.3300,81.1100
2025-09-04 02:56:00,13.3100,81.1200
2025-09-04 02:57:00,13.3400,81.1800
2025-09-04 02:58:00,13.3300,81.1500
2025-09-04 02:59:00,13.3300,81.1300
2025-09-04 03:00:00,13.3300,81.1900
2025-09-04 03:01:00,13.3100,81.1300
2025-09-04 03:02:00,13.3300,81.1900
2025-09-04 03:03:00,13.3400,81.2300
2025-09-04 03:04:00,13.3400,81.3200
2025-09-04 03:05:00,13.3300,81.2400
2025-09-04 03:06:00,13.3300,81.2500
2025-09-04 03:07:00,13.3300,81.1400
2025-09-04 03:08:00,13.3300,81.1800
2025-09-04 03:09:00,13.3000,81.1700
2025-09-04 03:10:00,13.3100,81.2100
2025-09-04 03:11:00,13.3300,81.1900
2025-09-04 03:12:00,13.3100,81.2600
2025-09-04 03:13:00,13.3400,81.2400
2025-09-04 03:14:00,13.3300,81.3100
2025-09-04 03:15:00,13.3300,81.3000
2025-09-04 03:16:00,13.3300,81.2500
2025-09-04 03:17:00,13.3100,81.2600
2025-09-04 03:18:00,13.3300,81.2400
2025-09-04 03:19:00,13.3300,81.2600
2025-09-04 03:20:00,13.3400,81.2300
2025-09-04 03:21:00,13.3600,81.3300
2025-09-04 03:22:00,13.3300,81.3200
2025-09-04 03:23:00,13.3300,81.3200
2025-09-04 03:24:00,13.3300,81.2600
2025-09-04 03:25:00,13.3400,81.2900
2025-09-04 03:26:00,13.3000,81.3100
2025-09-04 03:27:00,13.3400,81.3500
2025-09-04 03:28:00,13.3100,81.3200
2025-09-04 03:29:00,13.3300,81.3400
2025-09-04 03:30:00,13.3300,81.3600
2025-09-04 03:31:00,13.3100,81.2400
2025-09-04 03:32:00,13.3400,81.3000
2025-09-04 03:33:00,13.3300,81.3200
2025-09-04 03:34:00,13.3300,81.3700
2025-09-04 03:35:00,13.3100,81.3600
2025-09-04 03:36:00,13.3400,81.4000
2025-09-04 03:37:00,13.3100,81.3900
2025-09-04 03:38:00,13.3100,81.3900
2025-09-04 03:39:00,13.3700,81.4500
2025-09-04 03:40:00,13.3300,81.4200
2025-09-04 03:41:00,13.3300,81.4600
2025-09-04 03:42:00,13.3300,81.3900
2025-09-04 03:43:00,13.3400,81.4300
2025-09-04 03:44:00,13.3300,81.3600
2025-09-04 03:45:00,13.3300,81.2600
2025-09-04 03:46:00,13.3300,81.2600
2025-09-04 03:47:00,13.3100,81.3200
2025-09-04 03:48:00,13.3300,81.3500
2025-09-04 03:49:00,13.3100,81.3500
2025-09-04 03:50:00,13.2800,81.3900
2025-09-04 03:51:00,13.3100,81.3900
2025-09-04 03:52:00,13.3100,81.3900
2025-09-04 03:53:00,13.3100,81.3200
2025-09-04 03:54:00,13.3300,81.3500
2025-09-04 03:55:00,13.3300,81.3000
2025-09-04 03:56:00,13.3000,81.3600
2025-09-04 03:57:00,13.3100,81.4100
2025-09-04 03:58:00,13.3300,81.3700
2025-09-04 03:59:00,13.3100,81.3800
2025-09-04 04:00:00,13.3300,81.3600
2025-09-04 04:01:00,13.3100,81.3900
2025-09-04 04:02:00,13.3300,81.3700
2025-09-04 04:03:00,13.3000,81.3800
2025-09-04 04:04:00,13.3300,81.3400
2025-09-04 04:05:00,13.3100,81.2400
2025-09-04 04:06:00,13.3100,81.1300
2025-09-04 04:07:00,13.3000,81.1900
2025-09-04 04:08:00,13.3000,81.3100
2025-09-04 04:09:00,13.3100,81.3700
2025-09-04 04:10:00,13.3300,81.4400
2025-09-04 04:11:00,13.3000,81.4600
2025-09-04 04:12:00,13.3100,81.4100
2025-09-04 04:13:00,13.3100,81.3300
2025-09-04 04:14:00,13.3100,81.3900
2025-09-04 04:15:00,13.2800,81.4300
2025-09-04 04:16:00,13.3300,81.4200
2025-09-04 04:17:00,13.3100,81.4900
2025-09-04 04:18:00,13.3300,81.3900
2025-09-04 04:19:00,13.3300,81.3000
2025-09-04 04:20:00,13.3100,81.3200
2025-09-04 04:21:00,13.2800,81.3700
2025-09-04 04:22:00,13.3000,81.3800
2025-09-04 04:23:00,13.2800,81.3900
2025-09-04 04:24:00,13.3100,81.5200
2025-09-04 04:25:00,13.3300,81.5000
2025-09-04 04:26:00,13.3300,81.5200
2025-09-04 04:27:00,13.3300,81.5300
2025-09-04 04:28:00,13.3100,81.5200
2025-09-04 04:29:00,13.3300,81.4900
2025-09-04 04:30:00,13.3300,81.4200
2025-09-04 04:31:00,13.3100,81.3200
2025-09-04 04:32:00,13.3100,81.3400
2025-09-04 04:33:00,13.3100,81.3400
2025-09-04 04:34:00,13.3300,81.3200
2025-09-04 04:35:00,13.3300,81.3100
2025-09-04 04:36:00,13.3300,81.3400
2025-09-04 04:37:00,13.3100,81.3800
2025-09-04 04:38:00,13.3100,81.3800
2025-09-04 04:39:00,13.3100,81.4100
2025-09-04 04:40:00,13.3300,81.4200
2025-09-04 04:41:00,13.3400,81.4600
2025-09-04 04:42:00,13.3300,81.5200
2025-09-04 04:43:00,13.3300,81.4700
2025-09-04 04:44:00,13.3300,81.5200
2025-09-04 04:45:00,13.3400,81.4500
2025-09-04 04:46:00,13.3400,81.4900
2025-09-04 04:47:00,13.3300,81.4900
2025-09-04 04:48:00,13.3300,81.5400
2025-09-04 04:49:00,13.3100,81.5500
2025-09-04 04:50:00,13.3300,81.5700
2025-09-04 04:51:00,13.3300,81.4900
2025-09-04 04:52:00,13.3100,81.4800
2025-09-04 04:53:00,13.3100,81.4600
2025-09-04 04:54:00,13.3300,81.4900
2025-09-04 04:55:00,13.3000,81.4600
2025-09-04 04:56:00,13.3100,81.5100
2025-09-04 04:57:00,13.3100,81.4600
2025-09-04 04:58:00,13.3400,81.5000
2025-09-04 04:59:00,13.3300,81.5000
2025-09-04 05:00:00,13.3100,81.5100
2025-09-04 05:01:00,13.3300,81.4500
2025-09-04 05:02:00,13.3100,81.3900
2025-09-04 05:03:00,13.3600,81.4500
2025-09-04 05:04:00,13.3000,81.3800
2025-09-04 05:05:00,13.3100,81.4100
2025-09-04 05:06:00,13.3300,81.4100
2025-09-04 05:07:00,13.3100,81.3200
2025-09-04 05:08:00,13.3100,81.4400
2025-09-04 05:09:00,13.3400,81.4500
2025-09-04 05:10:00,13.3600,81.5000
2025-09-04 05:11:00,13.3600,81.5100
2025-09-04 05:12:00,13.3300,81.4500
2025-09-04 05:13:00,13.3400,81.4600
2025-09-04 05:14:00,13.3300,81.4900
2025-09-04 05:15:00,13.3400,81.4900
2025-09-04 05:16:00,13.3400,81.5000
2025-09-04 05:17:00,13.3300,81.4700
2025-09-04 05:18:00,13.3400,81.5000
2025-09-04 05:19:00,13.3400,81.5000
2025-09-04 05:20:00,13.3400,81.4900
2025-09-04 05:21:00,13.3100,81.4800
2025-09-04 05:22:00,13.3400,81.4500
2025-09-04 05:23:00,13.3300,81.3900
2025-09-04 05:24:00,13.3600,81.4800
2025-09-04 05:25:00,13.3300,81.4100
2025-09-04 05:26:00,13.3300,81.4800
2025-09-04 05:27:00,13.3300,81.4600
2025-09-04 05:28:00,13.3100,81.4800
2025-09-04 05:29:00,13.3300,81.5400
2025-09-04 05:30:00,13.3300,81.5200
2025-09-04 05:31:00,13.3100,81.4900
2025-09-04 05:32:00,13.3100,81.4600
2025-09-04 05:33:00,13.3300,81.5200
2025-09-04 05:34:00,13.3100,81.4800
2025-09-04 05:35:00,13.3400,81.5500
2025-09-04 05:36:00,13.3100,81.4800
2025-09-04 05:37:00,13.3100,81.4800
2025-09-04 05:38:00,13.3400,81.4700
2025-09-04 05:39:00,13.3000,81.4600
2025-09-04 05:40:00,13.3100,81.4800
2025-09-04 05:41:00,13.3300,81.4900
2025-09-04 05:42:00,13.3400,81.5600
2025-09-04 05:43:00,13.3100,81.5200
2025-09-04 05:44:00,13.3100,81.4900
2025-09-04 05:45:00,13.3300,81.4700
2025-09-04 05:46:00,13.3300,81.4700
2025-09-04 05:47:00,13.3100,81.6100
2025-09-04 05:48:00,13.3300,81.5700
2025-09-04 05:49:00,13.3300,81.5900
2025-09-04 05:50:00,13.3100,81.5700
2025-09-04 05:51:00,13.3400,81.6200
2025-09-04 05:52:00,13.3400,81.6000
2025-09-04 05:53:00,13.3300,81.6100
2025-09-04 05:54:00,13.3600,81.5700
2025-09-04 05:55:00,13.3400,81.6200
2025-09-04 05:56:00,13.3400,81.5600
2025-09-04 05:57:00,13.3400,81.6000
2025-09-04 05:58:00,13.3400,81.5400
2025-09-04 05:59:00,13.3300,81.6400
2025-09-04 06:00:00,13.3100,81.6600
2025-09-04 06:01:00,13.3400,81.5900
2025-09-04 06:02:00,13.3400,81.6200
2025-09-04 06:03:00,13.3300,81.5300
2025-09-04 06:04:00,13.3400,81.5400
2025-09-04 06:05:00,13.3400,81.5500
2025-09-04 06:06:00,13.3400,81.6200
2025-09-04 06:07:00,13.3300,81.6300
2025-09-04 06:08:00,13.3300,81.5100
2025-09-04 06:09:00,13.3400,81.4800
2025-09-04 06:10:00,13.3300,81.5100
2025-09-04 06:11:00,13.3000,81.5600
2025-09-04 06:12:00,13.3300,81.6900
2025-09-04 06:13:00,13.3300,81.6700
2025-09-04 06:14:00,13.3300,81.7000
2025-09-04 06:15:00,13.3400,81.6600
2025-09-04 06:16:00,13.3400,81.6300
2025-09-04 06:17:00,13.3400,81.6100
2025-09-04 06:18:00,13.3600,81.5800
2025-09-04 06:19:00,13.3100,81.5700
2025-09-04 06:20:00,13.3100,81.5500
2025-09-04 06:21:00,13.3300,81.4500
2025-09-04 06:22:00,13.3100,81.5700
2025-09-04 06:23:00,13.3300,81.5900
2025-09-04 06:24:00,13.3300,81.6000
2025-09-04 06:25:00,13.3400,81.6200
2025-09-04 06:26:00,13.3000,81.6300
2025-09-04 06:27:00,13.3300,81.7200
2025-09-04 06:28:00,13.3300,81.7200
2025-09-04 06:29:00,13.3300,81.6700
2025-09-04 06:30:00,13.3300,81.6100
2025-09-04 06:31:00,13.3100,81.7000
2025-09-04 06:32:00,13.3300,81.8000
2025-09-04 06:33:00,13.3400,81.8500
2025-09-04 06:34:00,13.3400,81.8300
2025-09-04 06:35:00,13.3300,81.7200
2025-09-04 06:36:00,13.3300,81.7200
2025-09-04 06:37:00,13.3300,81.8200
2025-09-04 06:38:00,13.3400,81.7600
2025-09-04 06:39:00,13.3300,81.7700
2025-09-04 06:40:00,13.3300,81.7500
2025-09-04 06:41:00,13.3300,81.7600
2025-09-04 06:42:00,13.3600,81.6700
2025-09-04 06:43:00,13.3400,81.7900
2025-09-04 06:44:00,13.3300,81.7500
2025-09-04 06:45:00,13.3400,81.7200
2025-09-04 06:46:00,13.3100,81.7000
2025-09-04 06:47:00,13.3300,81.7700
2025-09-04 06:48:00,13.3400,81.7200
2025-09-04 06:49:00,13.3400,81.7100
2025-09-04 06:50:00,13.3100,81.6500
2025-09-04 06:51:00,13.3700,81.7000
2025-09-04 06:52:00,13.3600,81.7300
2025-09-04 06:53:00,13.3100,81.6400
2025-09-04 06:54:00,13.3400,81.6900
2025-09-04 06:55:00,13.3300,81.7200
2025-09-04 06:56:00,13.3300,81.6900
2025-09-04 06:57:00,13.3400,81.7200
2025-09-04 06:58:00,13.3600,81.7300
2025-09-04 06:59:00,13.3600,81.7100
2025-09-04 07:00:00,13.3300,81.6600
2025-09-04 07:01:00,13.3400,81.7300
2025-09-04 07:02:00,13.3600,81.7900
2025-09-04 07:03:00,13.3400,81.7600
2025-09-04 07:04:00,13.3600,81.7100
2025-09-04 07:05:00,13.3300,81.7400
2025-09-04 07:06:00,13.3400,81.6700
2025-09-04 07:07:00,13.3300,81.6300
2025-09-04 07:08:00,13.3400,81.6900
2025-09-04 07:09:00,13.3400,81.6900
2025-09-04 07:10:00,13.3100,81.6900
2025-09-04 07:11:00,13.3300,81.6900
2025-09-04 07:12:00,13.3100,81.7300
2025-09-04 07:13:00,13.3100,81.7500
2025-09-04 07:14:00,13.3300,81.7900
2025-09-04 07:15:00,13.3300,81.7500
2025-09-04 07:16:00,13.3400,81.7600
2025-09-04 07:17:00,13.3300,81.7500
2025-09-04 07:18:00,13.3300,81.7500
2025-09-04 07:19:00,13.3100,81.7400
2025-09-04 07:20:00,13.3100,81.7300
2025-09-04 07:21:00,13.3100,81.8200
2025-09-04 07:22:00,13.3400,81.8200
2025-09-04 07:23:00,13.3100,81.8100
2025-09-04 07:24:00,13.3300,81.8800
2025-09-04 07:25:00,13.3400,81.7900
2025-09-04 07:26:00,13.3400,81.8200
2025-09-04 07:27:00,13.3300,81.8000
2025-09-04 07:28:00,13.3100,81.8100
2025-09-04 07:29:00,13.3100,81.7300
2025-09-04 07:30:00,13.3300,81.6800
2025-09-04 07:31:00,13.3300,81.6600
2025-09-04 07:32:00,13.3300,81.7100
2025-09-04 07:33:00,13.3400,81.8400
2025-09-04 07:34:00,13.3300,81.7500
2025-09-04 07:35:00,13.3300,81.7800
2025-09-04 07:36:00,13.3100,81.8000
2025-09-04 07:37:00,13.3300,81.7700
2025-09-04 07:38:00,13.3300,81.8200
2025-09-04 07:39:00,13.3300,81.8400
2025-09-04 07:40:00,13.3100,81.7900
2025-09-04 07:41:00,13.3100,81.8100
2025-09-04 07:42:00,13.3300,81.8500
2025-09-04 07:43:00,13.3000,81.7900
2025-09-04 07:44:00,13.3100,81.7700
2025-09-04 07:45:00,13.3100,81.7000
2025-09-04 07:46:00,13.3300,81.7600
2025-09-04 07:47:00,13.3300,81.8200
2025-09-04 07:48:00,13.3300,81.8100
2025-09-04 07:49:00,13.3300,81.8400
2025-09-04 07:50:00,13.3400,81.8100
2025-09-04 07:51:00,13.3100,81.8900
2025-09-04 07:52:00,13.3400,82.0000
2025-09-04 07:53:00,13.3400,81.9200
2025-09-04 07:54:00,13.3400,81.9100
2025-09-04 07:55:00,13.3300,81.8400
2025-09-04 07:56:00,13.3600,81.9300
2025-09-04 07:57:00,13.3600,81.9500
2025-09-04 07:58:00,13.3600,81.8600
2025-09-04 07:59:00,13.3400,81.9200
2025-09-04 08:00:00,13.3400,81.9200
2025-09-04 08:01:00,13.3600,81.9200
2025-09-04 08:02:00,13.3700,81.9500
2025-09-04 08:03:00,13.3600,81.8900
2025-09-04 08:04:00,13.3600,81.8200
2025-09-04 08:05:00,13.3600,81.9000
2025-09-04 08:06:00,13.3600,81.9500
2025-09-04 08:07:00,13.3700,82.0300
2025-09-04 08:08:00,13.3700,81.9800
2025-09-04 08:09:00,13.3900,81.9600
2025-09-04 08:10:00,13.3700,81.8900
2025-09-04 08:11:00,13.3700,81.9400
2025-09-04 08:12:00,13.3600,81.8900
2025-09-04 08:13:00,13.3400,81.9100
2025-09-04 08:14:00,13.3700,81.8900
2025-09-04 08:15:00,13.3700,81.9700
2025-09-04 08:16:00,13.3900,82.0700
2025-09-04 08:17:00,13.3000,82.0200
2025-09-04 08:18:00,13.1900,82.1300
2025-09-04 08:19:00,13.1300,82.2600
2025-09-04 08:20:00,13.0900,82.4400
2025-09-04 08:21:00,13.0700,82.5600
2025-09-04 08:22:00,13.0200,82.6000
2025-09-04 08:23:00,12.9700,82.5900
2025-09-04 08:24:00,12.9600,82.5900
2025-09-04 08:25:00,12.9400,82.6500
2025-09-04 08:26:00,12.9600,82.7800
2025-09-04 08:27:00,12.9300,82.8100
2025-09-04 08:28:00,12.9400,82.8700
2025-09-04 08:29:00,12.9400,82.9400
2025-09-04 08:30:00,12.9400,83.0700
2025-09-04 08:31:00,12.9400,83.0900
2025-09-04 08:32:00,12.9000,83.0700
2025-09-04 08:33:00,12.9200,83.0400
2025-09-04 08:34:00,12.9400,83.0800
2025-09-04 08:35:00,12.9600,83.1600
2025-09-04 08:36:00,12.9200,83.1600
2025-09-04 08:37:00,12.9300,83.1625
2025-09-04 08:38:00,12.9000,83.1600
2025-09-04 08:39:00,12.9300,83.2000
2025-09-04 08:40:00,12.9300,83.2500
2025-09-04 08:41:00,12.9200,83.1700
2025-09-04 08:42:00,12.8800,83.1300
2025-09-04 08:43:00,12.8900,83.0600
2025-09-04 08:44:00,12.8600,83.0700
2025-09-04 08:45:00,12.8800,83.1800
2025-09-04 08:46:00,12.8800,83.2600
2025-09-04 08:47:00,12.8900,83.3900
2025-09-04 08:48:00,12.9000,83.2700
2025-09-04 08:49:00,12.9000,83.3400
2025-09-04 08:50:00,12.8900,83.3400
2025-09-04 08:51:00,12.9000,83.3100
2025-09-04 08:52:00,12.8800,83.3100
2025-09-04 08:53:00,12.8900,83.3100
2025-09-04 08:54:00,12.9000,83.3600
2025-09-04 08:55:00,12.9000,83.2800
2025-09-04 08:56:00,12.8900,83.2800
2025-09-04 08:57:00,12.8900,83.3100
2025-09-04 08:58:00,12.8800,83.2400
2025-09-04 08:59:00,12.8900,83.2500
2025-09-04 09:00:00,12.8800,83.3300
2025-09-04 09:01:00,12.8900,83.3300
2025-09-04 09:02:00,12.8600,83.3300
2025-09-04 09:03:00,12.9200,83.3700
2025-09-04 09:04:00,12.9200,83.3400
2025-09-04 09:05:00,12.9000,83.3600
2025-09-04 09:06:00,12.9000,83.3900
2025-09-04 09:07:00,12.9200,83.4400
2025-09-04 09:08:00,12.9300,83.3300
2025-09-04 09:09:00,12.9000,83.3400
2025-09-04 09:10:00,12.9200,83.3800
2025-09-04 09:11:00,12.9300,83.3900
2025-09-04 09:12:00,12.9000,83.3200
2025-09-04 09:13:00,12.9200,83.4100
2025-09-04 09:14:00,12.9200,83.4700
2025-09-04 09:15:00,12.9200,83.3300
2025-09-04 09:16:00,12.9200,83.3300
2025-09-04 09:17:00,12.9200,83.3300
2025-09-04 09:18:00,12.9200,83.3500
2025-09-04 09:19:00,12.9200,83.3600
2025-09-04 09:20:00,12.9400,83.4600
2025-09-04 09:21:00,12.9400,83.3200
2025-09-04 09:22:00,12.9000,83.3800
2025-09-04 09:23:00,12.9000,83.2800
2025-09-04 09:24:00,12.9000,83.3800
2025-09-04 09:25:00,12.9300,83.4700
2025-09-04 09:26:00,12.9000,83.4800
2025-09-04 09:27:00,12.9300,83.4800
2025-09-04 09:28:00,12.8800,83.4100
2025-09-04 09:29:00,12.9200,83.3800
2025-09-04 09:30:00,12.9300,83.4300
2025-09-04 09:31:00,12.9200,83.4400
2025-09-04 09:32:00,12.9300,83.4800
2025-09-04 09:33:00,12.9000,83.3600
2025-09-04 09:34:00,12.8900,83.3500
2025-09-04 09:35:00,12.9300,83.3900
2025-09-04 09:36:00,12.9300,83.3900
2025-09-04 09:37:00,12.8900,83.2600
2025-09-04 09:38:00,12.8900,83.3100
2025-09-04 09:39:00,12.9000,83.3400
2025-09-04 09:40:00,12.9000,83.3900
2025-09-04 09:41:00,12.9000,83.3800
2025-09-04 09:42:00,12.9200,83.2800
2025-09-04 09:43:00,12.9000,83.2600
2025-09-04 09:44:00,12.9200,83.3100
2025-09-04 09:45:00,12.9000,83.3100
2025-09-04 09:46:00,12.9000,83.3100
2025-09-04 09:47:00,12.9000,83.3700
2025-09-04 09:48:00,12.9200,83.3500
2025-09-04 09:49:00,12.8900,83.2800
2025-09-04 09:50:00,12.9000,83.3000
2025-09-04 09:51:00,12.8800,83.2000
2025-09-04 09:52:00,12.8900,83.2300
2025-09-04 09:53:00,12.9000,83.2600
2025-09-04 09:54:00,12.9000,83.3000
2025-09-04 09:55:00,12.9000,83.3400
2025-09-04 09:56:00,12.8800,83.2500
2025-09-04 09:57:00,12.9000,83.2400
2025-09-04 09:58:00,12.8900,83.2500
2025-09-04 09:59:00,12.8800,83.3300
2025-09-04 10:00:00,12.8800,83.3300
2025-09-04 10:01:00,12.8900,83.3000
2025-09-04 10:02:00,12.8800,83.2600
2025-09-04 10:03:00,12.9000,83.3000
2025-09-04 10:04:00,12.8900,83.3000
2025-09-04 10:05:00,12.8900,83.3100
2025-09-04 10:06:00,12.8900,83.2900
2025-09-04 10:07:00,12.9000,83.3300
2025-09-04 10:08:00,12.9000,83.3300
2025-09-04 10:09:00,12.9000,83.3100
2025-09-04 10:10:00,12.8900,83.3200
2025-09-04 10:11:00,12.8900,83.3400
2025-09-04 10:12:00,12.8900,83.3000
2025-09-04 10:13:00,12.8900,83.2900
2025-09-04 10:14:00,12.9000,83.2300
2025-09-04 10:15:00,12.8900,83.3000
2025-09-04 10:16:00,12.9000,83.3300
2025-09-04 10:17:00,12.9000,83.2800
2025-09-04 10:18:00,12.8800,83.2400
2025-09-04 10:19:00,12.8800,83.1800
2025-09-04 10:20:00,12.8800,83.1100
2025-09-04 10:21:00,12.8900,83.1900
2025-09-04 10:22:00,12.8800,83.1300
2025-09-04 10:23:00,12.8600,83.1400
2025-09-04 10:24:00,12.8800,83.2200
2025-09-04 10:25:00,12.8600,83.2000
2025-09-04 10:26:00,12.8900,83.1900
2025-09-04 10:27:00,12.8900,83.2100
2025-09-04 10:28:00,12.8900,83.2500
2025-09-04 10:29:00,12.8900,83.2200
2025-09-04 10:30:00,12.8900,83.2400
2025-09-04 10:31:00,12.8600,83.2400
2025-09-04 10:32:00,12.8800,83.2400
2025-09-04 10:33:00,12.8900,83.2800
2025-09-04 10:34:00,12.8900,83.3000
2025-09-04 10:35:00,12.8900,83.2300
2025-09-04 10:36:00,12.8900,83.3600
2025-09-04 10:37:00,12.9200,83.3700
2025-09-04 10:38:00,12.8900,83.3700
2025-09-04 10:39:00,12.9200,83.4400
2025-09-04 10:40:00,12.9200,83.4500
2025-09-04 10:41:00,12.9200,83.4400
2025-09-04 10:42:00,12.9300,83.3900
2025-09-04 10:43:00,12.9200,83.3300
2025-09-04 10:44:00,12.9200,83.2900
2025-09-04 10:45:00,12.9200,83.3000
2025-09-04 10:46:00,12.9300,83.2700
2025-09-04 10:47:00,12.9200,83.3500
2025-09-04 10:48:00,12.9200,83.3700
2025-09-04 10:49:00,12.9300,83.4300
2025-09-04 10:50:00,12.9400,83.4200
2025-09-04 10:51:00,12.9200,83.3700
2025-09-04 10:52:00,12.9300,83.3200
2025-09-04 10:53:00,12.9400,83.3100
2025-09-04 10:54:00,12.9400,83.3100
2025-09-04 10:55:00,12.9600,83.5700
2025-09-04 10:56:00,13.1000,83.1900
2025-09-04 10:57:00,13.0400,83.0400
2025-09-04 10:58:00,13.0300,82.9500
2025-09-04 10:59:00,12.9700,82.8700
2025-09-04 11:00:00,12.9600,82.9000
2025-09-04 11:01:00,12.9300,82.8600
2025-09-04 11:02:00,12.9300,82.9900
2025-09-04 11:03:00,12.9000,83.0400
2025-09-04 11:04:00,12.9200,83.0400
2025-09-04 11:05:00,12.8900,83.0200
2025-09-04 11:06:00,12.8900,83.0200
2025-09-04 11:07:00,12.8800,82.9400
2025-09-04 11:08:00,12.9000,82.9900
2025-09-04 11:09:00,12.8800,83.0300
2025-09-04 11:10:00,12.8800,83.1000
2025-09-04 11:11:00,12.8500,83.0800
2025-09-04 11:12:00,12.8800,83.1800
2025-09-04 11:13:00,12.8600,83.2200
2025-09-04 11:14:00,12.8600,83.2500
2025-09-04 11:15:00,12.8600,83.2500
2025-09-04 11:16:00,12.8600,83.1800
2025-09-04 11:17:00,12.8800,83.1900
2025-09-04 11:18:00,12.8800,83.3100
2025-09-04 11:19:00,12.8600,83.2800
2025-09-04 11:20:00,12.8600,83.3200
2025-09-04 11:21:00,12.8800,83.2600
2025-09-04 11:22:00,12.8900,83.2300
2025-09-04 11:23:00,12.8800,83.2200
2025-09-04 11:24:00,12.8800,83.2700
2025-09-04 11:25:00,12.8600,83.2600
2025-09-04 11:26:00,12.8600,83.2800
2025-09-04 11:27:00,12.9000,83.2800
2025-09-04 11:28:00,12.8800,83.2700
2025-09-04 11:29:00,12.8800,83.2600
2025-09-04 11:30:00,12.8600,83.2200
2025-09-04 11:31:00,12.8500,83.2900
2025-09-04 11:32:00,12.8900,83.3500
2025-09-04 11:33:00,12.9000,83.3800
2025-09-04 11:34:00,12.9000,83.4200
2025-09-04 11:35:00,12.9200,83.4500
2025-09-04 11:36:00,12.9300,83.3300
2025-09-04 11:37:00,12.9200,83.3700
2025-09-04 11:38:00,12.9000,83.3400
2025-09-04 11:39:00,12.9200,83.2600
2025-09-04 11:40:00,12.9000,83.2600
2025-09-04 11:41:00,12.8900,83.2500
2025-09-04 11:42:00,12.8900,83.2200
2025-09-04 11:43:00,12.8900,83.2000
2025-09-04 11:44:00,12.9200,83.2900
2025-09-04 11:45:00,12.8600,83.3300
2025-09-04 11:46:00,12.8900,83.3800
2025-09-04 11:47:00,12.8900,83.3800
2025-09-04 11:48:00,12.8800,83.3600
2025-09-04 11:49:00,12.8800,83.3100
2025-09-04 11:50:00,12.8900,83.3400
2025-09-04 11:51:00,12.8900,83.3500
2025-09-04 11:52:00,12.8800,83.2900
2025-09-04 11:53:00,12.8900,83.3700
2025-09-04 11:54:00,12.8800,83.4200
2025-09-04 11:55:00,12.8900,83.4000
2025-09-04 11:56:00,12.8900,83.4700
2025-09-04 11:57:00,12.8900,83.4700
2025-09-04 11:58:00,12.8900,83.4300
2025-09-04 11:59:00,12.8900,83.3800
2025-09-04 12:00:00,12.8900,83.4400
2025-09-04 12:01:00,12.8900,83.4200
2025-09-04 12:02:00,12.9000,83.4700
2025-09-04 12:03:00,12.9000,83.5000
2025-09-04 12:04:00,12.9300,83.5900
2025-09-04 12:05:00,12.9300,83.4500
2025-09-04 12:06:00,12.9300,83.5100
2025-09-04 12:07:00,12.9300,83.5200
2025-09-04 12:08:00,12.9200,83.5100
2025-09-04 12:09:00,12.9600,83.5200
2025-09-04 12:10:00,12.9200,83.4300
2025-09-04 12:11:00,12.9200,83.4500
2025-09-04 12:12:00,12.9200,83.4900
2025-09-04 12:13:00,12.9000,83.4400
2025-09-04 12:14:00,12.9200,83.3700
2025-09-04 12:15:00,12.8900,83.4200
2025-09-04 12:16:00,12.8900,83.3200
2025-09-04 12:17:00,12.8900,83.4100
2025-09-04 12:18:00,12.9000,83.3700
2025-09-04 12:19:00,12.8800,83.3800
2025-09-04 12:20:00,12.9000,83.4200
2025-09-04 12:21:00,12.8900,83.4400
2025-09-04 12:22:00,12.8800,83.4000
2025-09-04 12:23:00,12.9000,83.4300
2025-09-04 12:24:00,12.9200,83.5100
2025-09-04 12:25:00,12.9000,83.4800
2025-09-04 12:26:00,12.9000,83.5200
2025-09-04 12:27:00,12.9000,83.5000
2025-09-04 12:28:00,12.9000,83.5000
2025-09-04 12:29:00,12.9200,83.5300
2025-09-04 12:30:00,12.9000,83.5200
2025-09-04 12:31:00,12.9200,83.5500
2025-09-04 12:32:00,12.9200,83.5300
2025-09-04 12:33:00,12.9300,83.4700
2025-09-04 12:34:00,12.9200,83.4400
2025-09-04 12:35:00,12.9200,83.4400
2025-09-04 12:36:00,12.9000,83.3700
2025-09-04 12:37:00,12.9200,83.4100
2025-09-04 12:38:00,12.8900,83.4700
2025-09-04 12:39:00,12.9300,83.4100
2025-09-04 12:40:00,12.9200,83.4700
2025-09-04 12:41:00,12.9400,83.5400
2025-09-04 12:42:00,12.9400,83.5400
2025-09-04 12:43:00,12.9000,83.4300
2025-09-04 12:44:00,12.9300,83.4100
2025-09-04 12:45:00,12.9300,83.4000
2025-09-04 12:46:00,12.9000,83.4400
2025-09-04 12:47:00,12.8900,83.3600
2025-09-04 12:48:00,12.9000,83.4000
2025-09-04 12:49:00,12.8800,83.3600
2025-09-04 12:50:00,12.9200,83.4400
2025-09-04 12:51:00,12.9200,83.4100
2025-09-04 12:52:00,12.9200,83.3800
2025-09-04 12:53:00,12.9200,83.4200
2025-09-04 12:54:00,12.9400,83.7400
2025-09-04 12:55:00,13.1400,83.5300
2025-09-04 12:56:00,13.1000,83.3200
2025-09-04 12:57:00,13.1000,83.2700
2025-09-04 12:58:00,13.0600,83.1900
2025-09-04 12:59:00,13.0000,83.1200
2025-09-04 13:00:00,12.9900,83.0700
2025-09-04 13:01:00,12.9400,83.1800
2025-09-04 13:02:00,12.9600,83.1400
2025-09-04 13:03:00,12.9200,83.1000
2025-09-04 13:04:00,12.9400,83.1300
2025-09-04 13:05:00,12.9400,83.1300
2025-09-04 13:06:00,12.9400,83.2000
2025-09-04 13:07:00,12.9400,83.2600
2025-09-04 13:08:00,12.9300,83.2900
2025-09-04 13:09:00,12.9400,83.3400
2025-09-04 13:10:00,12.9400,83.3800
2025-09-04 13:11:00,13.0700,83.1300
2025-09-04 13:12:00,13.0300,83.1600
2025-09-04 13:13:00,13.0000,83.1400
2025-09-04 13:14:00,12.9900,83.1200
2025-09-04 13:15:00,13.0000,83.1500
2025-09-04 13:16:00,12.9300,83.2500
2025-09-04 13:17:00,12.9400,83.2600
2025-09-04 13:18:00,12.9600,83.2500
2025-09-04 13:19:00,12.9700,83.2900
2025-09-04 13:20:00,12.9400,83.2300
2025-09-04 13:21:00,12.9200,83.2300
2025-09-04 13:22:00,12.9200,83.2700
2025-09-04 13:23:00,12.9200,83.2800
2025-09-04 13:24:00,12.9200,83.3100
2025-09-04 13:25:00,12.9200,83.2400
2025-09-04 13:26:00,12.9000,83.2100
2025-09-04 13:27:00,12.9200,83.2200
2025-09-04 13:28:00,12.9000,83.2700
2025-09-04 13:29:00,12.9000,83.2200
2025-09-04 13:30:00,12.9200,83.2400
2025-09-04 13:31:00,12.9200,83.2700
2025-09-04 13:32:00,12.9300,83.3200
2025-09-04 13:33:00,12.9300,83.3200
2025-09-04 13:34:00,12.9000,83.3600
2025-09-04 13:35:00,12.9175,83.3100
2025-09-04 13:36:00,12.9300,83.3050
2025-09-04 13:37:00,12.9025,83.3775
2025-09-04 13:38:00,12.9175,83.3900
2025-09-04 13:39:00,12.9175,83.3900
2025-09-04 13:40:00,12.9175,83.3650
2025-09-04 13:41:00,12.9425,83.3350
2025-09-04 13:42:00,12.8875,83.2675
2025-09-04 13:43:00,12.9175,83.3200
2025-09-04 13:44:00,12.9175,83.2925
2025-09-04 13:45:00,12.8875,83.2675
2025-09-04 13:46:00,12.9025,83.3075
2025-09-04 13:47:00,12.8875,83.3300
2025-09-04 13:48:00,12.9025,83.3350
2025-09-04 13:49:00,12.8750,83.4100
2025-09-04 13:50:00,12.9025,83.4225
2025-09-04 13:51:00,12.9025,83.4950
2025-09-04 13:52:00,12.9025,83.3700
2025-09-04 13:53:00,12.9025,83.4675
2025-09-04 13:54:00,12.9175,83.4450
2025-09-04 13:55:00,12.9175,83.4450
2025-09-04 13:56:00,12.9175,83.3725
2025-09-04 13:57:00,12.9025,83.3550
2025-09-04 13:58:00,12.9025,83.3275
2025-09-04 13:59:00,12.9025,83.3975
2025-09-04 14:00:00,12.8875,83.3500
2025-09-04 14:01:00,12.9175,83.3650
2025-09-04 14:02:00,12.9025,83.3275
2025-09-04 14:03:00,12.9175,83.3725
2025-09-04 14:04:00,12.9025,83.4225
2025-09-04 14:05:00,12.9425,83.5100
2025-09-04 14:06:00,12.9175,83.5075
2025-09-04 14:07:00,12.9300,83.4650
2025-09-04 14:08:00,12.9425,83.5825
2025-09-04 14:09:00,12.9600,83.5700
2025-09-04 14:10:00,12.9600,83.6025
2025-09-04 14:11:00,12.9850,83.4775
2025-09-04 14:12:00,12.9600,83.4550
2025-09-04 14:13:00,12.9175,83.4175
2025-09-04 14:14:00,12.9300,83.4750
2025-09-04 14:15:00,12.9600,83.4550
2025-09-04 14:16:00,12.9600,83.4550
2025-09-04 14:17:00,12.9300,83.4550
2025-09-04 14:18:00,12.9725,83.4925
2025-09-04 14:19:00,12.9425,83.4325
2025-09-04 14:20:00,12.9425,83.4050
2025-09-04 14:21:00,12.9725,83.4275
2025-09-04 14:22:00,12.9725,83.3425
2025-09-04 14:23:00,12.9425,83.3175
2025-09-04 14:24:00,12.9725,83.3500
2025-09-04 14:25:00,12.9725,83.3300
2025-09-04 14:26:00,12.9600,83.2850
2025-09-04 14:27:00,12.9600,83.3275
2025-09-04 14:28:00,12.9725,83.3050
2025-09-04 14:29:00,12.9600,83.3200
2025-09-04 14:30:00,12.9600,83.3125
2025-09-04 14:31:00,12.9600,83.2475
2025-09-04 14:32:00,12.9725,83.3850
2025-09-04 14:33:00,12.9725,83.2875
2025-09-04 14:34:00,12.9600,83.2950
2025-09-04 14:35:00,12.9725,83.3300
2025-09-04 14:36:00,12.9425,83.3175
2025-09-04 14:37:00,12.9725,83.3675
2025-09-04 14:38:00,12.9725,83.3575
2025-09-04 14:39:00,13.0000,83.4000
2025-09-04 14:40:00,13.0000,83.3900
2025-09-04 14:41:00,12.9725,83.2775
2025-09-04 14:42:00,12.9600,83.3000
2025-09-04 14:43:00,12.9850,83.3550
2025-09-04 14:44:00,12.9600,83.2850
2025-09-04 14:45:00,12.9600,83.2950
2025-09-04 14:46:00,12.9725,83.2950
2025-09-04 14:47:00,12.9725,83.2950
2025-09-04 14:48:00,12.9600,83.3275
2025-09-04 14:49:00,12.9850,83.3975
2025-09-04 14:50:00,13.0000,83.4375
2025-09-04 14:51:00,12.9850,83.4325
2025-09-04 14:52:00,12.9850,83.3975
2025-09-04 14:53:00,12.9850,83.4050
2025-09-04 14:54:00,12.9850,83.3600
2025-09-04 14:55:00,12.9725,83.4050
2025-09-04 14:56:00,12.9425,83.4050
2025-09-04 14:57:00,12.9850,83.3350
2025-09-04 14:58:00,12.9600,83.3825
2025-09-04 14:59:00,12.9425,83.3500
2025-09-04 15:00:00,12.9725,83.2950
2025-09-04 15:01:00,12.9425,83.3000
2025-09-04 15:02:00,12.9425,83.3225
2025-09-04 15:03:00,12.9725,83.3575
2025-09-04 15:04:00,12.9725,83.3050
2025-09-04 15:05:00,12.9725,83.3150
2025-09-04 15:06:00,12.9425,83.2275
2025-09-04 15:07:00,12.9425,83.3350
2025-09-04 15:08:00,12.9725,83.3575
2025-09-04 15:09:00,12.9600,83.3000
2025-09-04 15:10:00,12.9725,83.4225
2025-09-04 15:11:00,12.9725,83.4225
2025-09-04 15:12:00,12.9600,83.4000
2025-09-04 15:13:00,12.9300,83.3325
2025-09-04 15:14:00,12.9175,83.2850
2025-09-04 15:15:00,12.9425,83.3175
2025-09-04 15:16:00,12.9300,83.2775
2025-09-04 15:17:00,12.9175,83.2750
2025-09-04 15:18:00,12.9300,83.2600
2025-09-04 15:19:00,12.9300,83.3050
2025-09-04 15:20:00,12.9300,83.3150
2025-09-04 15:21:00,12.9600,83.3200
2025-09-04 15:22:00,12.9300,83.3500
2025-09-04 15:23:00,12.9600,83.4100
2025-09-04 15:24:00,12.9600,83.4175
2025-09-04 15:25:00,12.9425,83.3700
2025-09-04 15:26:00,12.9425,83.3175
2025-09-04 15:27:00,12.9850,83.4400
2025-09-04 15:28:00,12.9850,83.3600
2025-09-04 15:29:00,13.0850,84.2475
2025-09-04 15:30:00,13.1975,84.5300
2025-09-04 15:31:00,13.2400,84.4350
2025-09-04 15:32:00,13.2400,84.2550
2025-09-04 15:33:00,13.2950,84.0775
2025-09-04 15:34:00,13.3425,83.9125
2025-09-04 15:35:00,13.3550,83.7800
2025-09-04 15:36:00,13.4250,83.6725
2025-09-04 15:37:00,13.4400,83.5875
2025-09-04 15:38:00,13.4950,83.5275
2025-09-04 15:39:00,13.4800,83.4800
2025-09-04 15:40:00,13.5225,83.4175
2025-09-04 15:41:00,13.5375,83.3400
2025-09-04 15:42:00,13.5525,83.3000
2025-09-04 15:43:00,13.5650,83.2400
2025-09-04 15:44:00,13.5650,83.2050
2025-09-04 15:45:00,13.6075,83.1700
2025-09-04 15:46:00,13.5925,83.1300
2025-09-04 15:47:00,13.6075,83.0625
2025-09-04 15:48:00,13.6075,83.0250
2025-09-04 15:49:00,13.6075,83.0025
2025-09-04 15:50:00,13.6225,82.9950
2025-09-04 15:51:00,13.6500,82.9550
2025-09-04 15:52:00,13.6225,82.9500
2025-09-04 15:53:00,13.6350,82.8800
2025-09-04 15:54:00,13.6650,82.8700
2025-09-04 15:55:00,13.6650,82.8800
2025-09-04 15:56:00,13.6500,82.8400
2025-09-04 15:57:00,13.6650,82.8525
2025-09-04 15:58:00,13.6650,82.7900
2025-09-04 15:59:00,13.6650,82.8250
2025-09-04 16:00:00,13.6775,82.8200
2025-09-04 16:01:00,13.6900,82.7975
2025-09-04 16:02:00,13.6775,82.8200
2025-09-04 16:03:00,13.6900,82.8400
2025-09-04 16:04:00,13.7775,83.1175
2025-09-04 16:05:00,13.7800,83.1200
2025-09-04 16:06:00,14.4800,83.1100
2025-09-04 16:07:00,14.8200,82.4900
2025-09-04 16:08:00,14.9600,81.9600
2025-09-04 16:09:00,14.9800,81.6400
2025-09-04 16:10:00,14.9900,81.4700
2025-09-04 16:11:00,14.9900,81.3900
2025-09-04 16:12:00,14.9600,81.3000
2025-09-04 16:13:00,14.9800,81.3000
2025-09-04 16:14:00,14.9900,81.2500
2025-09-04 16:15:00,14.9500,81.2300
2025-09-04 16:16:00,14.9300,81.2100
2025-09-04 16:17:00,14.9200,81.1800
2025-09-04 16:18:00,14.8900,81.1600
2025-09-04 16:19:00,14.9100,81.1400
2025-09-04 16:20:00,14.8600,81.1100
2025-09-04 16:21:00,14.8500,81.1200
2025-09-04 16:22:00,14.8500,81.1700
2025-09-04 16:23:00,14.8200,81.1800
2025-09-04 16:24:00,14.8100,80.9200
2025-09-04 16:25:00,14.7500,81.2000
2025-09-04 16:26:00,14.9600,83.7300
2025-09-04 16:27:00,15.1500,84.3800
2025-09-04 16:28:00,15.1900,84.2900
2025-09-04 16:29:00,15.2200,83.7400
2025-09-04 16:30:00,15.2200,83.0400
2025-09-04 16:31:00,15.1900,82.5400
2025-09-04 16:32:00,15.1500,82.0900
2025-09-04 16:33:00,15.0900,81.7300
2025-09-04 16:34:00,15.0300,81.4600
2025-09-04 16:35:00,14.9600,81.2800
2025-09-04 16:36:00,14.9100,81.2300
2025-09-04 16:37:00,14.8500,81.1200
2025-09-04 16:38:00,14.8200,81.0600
2025-09-04 16:39:00,14.7700,81.0800
2025-09-04 16:40:00,14.7400,81.1100
2025-09-04 16:41:00,14.7100,81.1400
2025-09-04 16:42:00,14.6700,81.1800
2025-09-04 16:43:00,14.6500,81.1800
2025-09-04 16:44:00,14.6300,81.1800
2025-09-04 16:45:00,14.6100,81.1700
2025-09-04 16:46:00,14.5700,81.1900
2025-09-04 16:47:00,14.5500,81.1700
2025-09-04 16:48:00,14.5300,81.3400
2025-09-04 16:49:00,14.5100,81.3500
2025-09-04 16:50:00,14.5300,81.5400
2025-09-04 16:51:00,14.5400,81.5500
2025-09-04 16:52:00,14.4800,81.5400
2025-09-04 16:53:00,14.5100,81.5900
2025-09-04 16:54:00,14.4800,81.6700
2025-09-04 16:55:00,14.4700,81.7000
2025-09-04 16:56:00,14.4800,81.6800
2025-09-04 16:57:00,14.4800,81.5700
2025-09-04 16:58:00,14.4700,81.5300
2025-09-04 16:59:00,14.4500,81.6200
2025-09-04 17:00:00,14.4500,81.6200
2025-09-04 17:01:00,14.4400,81.5900
2025-09-04 17:02:00,14.4400,81.6800
2025-09-04 17:03:00,14.4500,81.6500
2025-09-04 17:04:00,14.4400,81.6800
2025-09-04 17:05:00,14.4400,81.7400
2025-09-04 17:06:00,14.4400,81.7300
2025-09-04 17:07:00,14.4400,81.7800
2025-09-04 17:08:00,14.4400,81.7000
2025-09-04 17:09:00,14.4400,81.7500
2025-09-04 17:10:00,14.4300,81.8000
2025-09-04 17:11:00,14.4100,81.7900
2025-09-04 17:12:00,14.4300,81.7600
2025-09-04 17:13:00,14.4300,81.8000
2025-09-04 17:14:00,14.4400,81.9500
2025-09-04 17:15:00,14.4400,81.9300
2025-09-04 17:16:00,14.4400,81.9300
2025-09-04 17:17:00,14.4300,81.9400
2025-09-04 17:18:00,14.4300,81.9100
2025-09-04 17:19:00,14.4300,81.8500
2025-09-04 17:20:00,14.4300,81.8300
2025-09-04 17:21:00,14.4400,81.8400
2025-09-04 17:22:00,14.4100,81.8200
2025-09-04 17:23:00,14.4300,81.9200
2025-09-04 17:24:00,14.4400,81.9500
2025-09-04 17:25:00,14.4500,81.9200
2025-09-04 17:26:00,14.4500,81.9800
2025-09-04 17:27:00,14.4300,81.8900
2025-09-04 17:28:00,14.4500,82.0500
2025-09-04 17:29:00,14.4700,82.0600
2025-09-04 17:30:00,14.4400,82.0200
2025-09-04 17:31:00,14.4500,82.0100
2025-09-04 17:32:00,14.4400,82.0000
2025-09-04 17:33:00,14.4500,81.9300
2025-09-04 17:34:00,14.4500,81.9400
2025-09-04 17:35:00,14.4700,81.9500
2025-09-04 17:36:00,14.4500,81.8900
2025-09-04 17:37:00,14.4700,81.9000
2025-09-04 17:38:00,14.4500,81.8700
2025-09-04 17:39:00,14.4800,81.9200
2025-09-04 17:40:00,14.4700,81.7900
2025-09-04 17:41:00,14.4700,81.9100
2025-09-04 17:42:00,14.4700,81.8900
2025-09-04 17:43:00,14.4700,81.9500
2025-09-04 17:44:00,14.4800,81.9000
2025-09-04 17:45:00,14.4700,81.9000
2025-09-04 17:46:00,14.4700,81.9200
2025-09-04 17:47:00,14.4800,81.8900
2025-09-04 17:48:00,14.4800,81.9500
2025-09-04 17:49:00,14.4700,81.8700
2025-09-04 17:50:00,14.4800,81.8800
2025-09-04 17:51:00,14.4700,81.8800
2025-09-04 17:52:00,14.5000,81.7900
2025-09-04 17:53:00,14.4500,81.9000
2025-09-04 17:54:00,14.4700,81.8900
2025-09-04 17:55:00,14.5000,81.8600
2025-09-04 17:56:00,14.4700,81.9000
2025-09-04 17:57:00,14.4500,81.8500
2025-09-04 17:58:00,14.4700,81.7900
2025-09-04 17:59:00,14.4700,81.8300
2025-09-04 18:00:00,14.4500,81.8900
2025-09-04 18:01:00,14.4700,81.9600
2025-09-04 18:02:00,14.4700,82.0000
2025-09-04 18:03:00,14.4700,82.1200
2025-09-04 18:04:00,14.4700,82.1900
2025-09-04 18:05:00,14.4700,82.1900
2025-09-04 18:06:00,14.5100,82.5000
2025-09-04 18:07:00,14.5300,82.6400
2025-09-04 18:08:00,14.5300,82.6700
2025-09-04 18:09:00,14.5300,82.6200
2025-09-04 18:10:00,14.5400,82.5400
2025-09-04 18:11:00,14.5100,82.4900
2025-09-04 18:12:00,14.5100,82.3900
2025-09-04 18:13:00,14.4800,82.3500
2025-09-04 18:14:00,14.4800,82.2500
2025-09-04 18:15:00,14.4800,82.2400
2025-09-04 18:16:00,14.4500,82.1900
2025-09-04 18:17:00,14.4500,82.1400
2025-09-04 18:18:00,14.4500,82.0900
2025-09-04 18:19:00,14.4500,82.0300
2025-09-04 18:20:00,14.4100,82.0100
2025-09-04 18:21:00,14.4300,81.9600
2025-09-04 18:22:00,14.4300,82.1500
2025-09-04 18:23:00,14.4300,82.2000
2025-09-04 18:24:00,14.4400,82.1900
2025-09-04 18:25:00,14.4400,82.1600
2025-09-04 18:26:00,14.4300,82.1500
2025-09-04 18:27:00,14.4000,82.1700
2025-09-04 18:28:00,14.3800,82.1000
2025-09-04 18:29:00,14.4100,82.1800
2025-09-04 18:30:00,14.4400,82.1800
2025-09-04 18:31:00,14.4300,82.2300
2025-09-04 18:32:00,14.4100,82.2300
2025-09-04 18:33:00,14.4300,82.1100
2025-09-04 18:34:00,14.4300,82.1000
2025-09-04 18:35:00,14.4100,82.1900
2025-09-04 18:36:00,14.4100,82.2700
2025-09-04 18:37:00,14.4300,82.2900
2025-09-04 18:38:00,14.4100,82.2600
2025-09-04 18:39:00,14.4100,82.1200
2025-09-04 18:40:00,14.4000,82.1600
2025-09-04 18:41:00,14.4000,82.1400
2025-09-04 18:42:00,14.4100,82.1200
2025-09-04 18:43:00,14.4000,82.1600
2025-09-04 18:44:00,14.4000,82.0900
2025-09-04 18:45:00,14.3800,82.1000
2025-09-04 18:46:00,14.4000,82.1200
2025-09-04 18:47:00,14.4000,82.0700
2025-09-04 18:48:00,14.3800,82.1300
2025-09-04 18:49:00,14.3700,82.0500
2025-09-04 18:50:00,14.4000,82.1700
2025-09-04 18:51:00,14.3800,82.2400
2025-09-04 18:52:00,14.3800,82.3000
2025-09-04 18:53:00,14.4100,82.2800
2025-09-04 18:54:00,14.3800,82.2800
2025-09-04 18:55:00,14.4100,82.2300
2025-09-04 18:56:00,14.3800,82.2400
2025-09-04 18:57:00,14.4100,82.1500
2025-09-04 18:58:00,14.3800,82.1100
2025-09-04 18:59:00,14.3800,82.1300
2025-09-04 19:00:00,14.3800,82.0700
2025-09-04 19:01:00,14.3700,82.1000
2025-09-04 19:02:00,14.4000,82.1100
2025-09-04 19:03:00,14.3800,82.1500
2025-09-04 19:04:00,14.3800,82.1600
2025-09-04 19:05:00,14.3700,82.2800
2025-09-04 19:06:00,14.3700,82.2000
2025-09-04 19:07:00,14.3600,82.2700
2025-09-04 19:08:00,14.3700,82.2200
2025-09-04 19:09:00,14.3600,82.2000
2025-09-04 19:10:00,14.3800,82.1600
2025-09-04 19:11:00,14.3700,82.2000
2025-09-04 19:12:00,14.3600,82.2300
2025-09-04 19:13:00,14.3600,82.3400
2025-09-04 19:14:00,14.3800,82.3100
2025-09-04 19:15:00,14.3800,82.2200
2025-09-04 19:16:00,14.3800,82.2000
2025-09-04 19:17:00,14.3700,82.1400
2025-09-04 19:18:00,14.3800,82.2800
2025-09-04 19:19:00,14.3700,82.2500
2025-09-04 19:20:00,14.3800,82.2900
2025-09-04 19:21:00,14.4000,82.2600
2025-09-04 19:22:00,14.4000,82.2500
2025-09-04 19:23:00,14.3400,82.1900
2025-09-04 19:24:00,14.3800,82.2700
2025-09-04 19:25:00,14.3700,82.2800
2025-09-04 19:26:00,14.3800,82.2900
2025-09-04 19:27:00,14.4000,82.2900
2025-09-04 19:28:00,14.4000,82.2100
2025-09-04 19:29:00,14.3700,82.2500
2025-09-04 19:30:00,14.3800,82.2800
2025-09-04 19:31:00,14.3800,82.2700
2025-09-04 19:32:00,14.3700,82.2900
2025-09-04 19:33:00,14.3700,82.2600
2025-09-04 19:34:00,14.3800,82.2500
2025-09-04 19:35:00,14.3700,82.2800
2025-09-04 19:36:00,14.3800,82.2200
2025-09-04 19:37:00,14.4000,82.3000
2025-09-04 19:38:00,14.3700,82.2400
2025-09-04 19:39:00,14.3600,82.2100
2025-09-04 19:40:00,14.3800,82.2900
2025-09-04 19:41:00,14.3700,82.2200
2025-09-04 19:42:00,14.3700,82.2000
2025-09-04 19:43:00,14.3600,82.1600
2025-09-04 19:44:00,14.3400,82.1300
2025-09-04 19:45:00,14.3400,82.1000
2025-09-04 19:46:00,14.3600,82.1100
2025-09-04 19:47:00,14.3600,82.2400
2025-09-04 19:48:00,14.3700,82.2500
2025-09-04 19:49:00,14.3600,82.2000
2025-09-04 19:50:00,14.3800,82.2900
2025-09-04 19:51:00,14.3700,82.2800
2025-09-04 19:52:00,14.3600,82.1700
2025-09-04 19:53:00,14.3600,82.1700
2025-09-04 19:54:00,14.3700,82.2000
2025-09-04 19:55:00,14.3800,82.2400
2025-09-04 19:56:00,14.3700,82.2200
2025-09-04 19:57:00,14.3600,82.1800
2025-09-04 19:58:00,14.3600,82.1900
2025-09-04 19:59:00,14.3600,82.2200
2025-09-04 20:00:00,14.3700,82.2400
2025-09-04 20:01:00,14.3600,82.2200
2025-09-04 20:02:00,14.3600,82.2800
2025-09-04 20:03:00,14.3700,82.3300
2025-09-04 20:04:00,14.3700,82.2800
2025-09-04 20:05:00,14.3700,82.1900
2025-09-04 20:06:00,14.3700,82.1900
2025-09-04 20:07:00,14.3600,82.1500
2025-09-04 20:08:00,14.3300,82.1900
2025-09-04 20:09:00,14.3700,82.2800
2025-09-04 20:10:00,14.3700,82.3000
2025-09-04 20:11:00,14.3400,82.2600
2025-09-04 20:12:00,14.3400,82.2700
2025-09-04 20:13:00,14.3700,82.3600
2025-09-04 20:14:00,14.3400,82.2900
2025-09-04 20:15:00,14.3600,82.2800
2025-09-04 20:16:00,14.3600,82.2500
2025-09-04 20:17:00,14.3600,82.2100
2025-09-04 20:18:00,14.3600,82.3600
2025-09-04 20:19:00,14.3400,82.4000
2025-09-04 20:20:00,14.3600,82.2700
2025-09-04 20:21:00,14.3400,82.2800
2025-09-04 20:22:00,14.3400,82.3200
2025-09-04 20:23:00,14.3300,82.3900
2025-09-04 20:24:00,14.3600,82.3800
2025-09-04 20:25:00,14.3400,82.3700
2025-09-04 20:26:00,14.3400,82.3200
2025-09-04 20:27:00,14.3400,82.2500
2025-09-04 20:28:00,14.3400,82.2600
2025-09-04 20:29:00,14.3400,82.3200
2025-09-04 20:30:00,14.3300,82.3300
2025-09-04 20:31:00,14.3400,82.2700
2025-09-04 20:32:00,14.3300,82.1900
2025-09-04 20:33:00,14.3400,82.1700
2025-09-04 20:34:00,14.3100,82.2800
2025-09-04 20:35:00,14.3400,82.2500
2025-09-04 20:36:00,14.3400,82.1900
2025-09-04 20:37:00,14.3600,82.2300
2025-09-04 20:38:00,14.3600,82.2500
2025-09-04 20:39:00,14.3600,82.2300
2025-09-04 20:40:00,14.3800,82.1800
2025-09-04 20:41:00,14.3400,82.2400
2025-09-04 20:42:00,14.3700,82.3400
2025-09-04 20:43:00,14.3600,82.2400
2025-09-04 20:44:00,14.3700,82.3500
2025-09-04 20:45:00,14.3400,82.3200
2025-09-04 20:46:00,14.3700,82.2800
2025-09-04 20:47:00,14.4000,82.3300
2025-09-04 20:48:00,14.4000,82.2500
2025-09-04 20:49:00,14.4000,82.1900
2025-09-04 20:50:00,14.3800,82.2300
2025-09-04 20:51:00,14.3600,82.2700
2025-09-04 20:52:00,14.3800,82.2200
2025-09-04 20:53:00,14.3700,82.1800
2025-09-04 20:54:00,14.3600,82.2700
2025-09-04 20:55:00,14.3800,82.2400
2025-09-04 20:56:00,14.4000,82.2900
2025-09-04 20:57:00,14.3800,82.2300
2025-09-04 20:58:00,14.3800,82.2600
2025-09-04 20:59:00,14.3700,82.2400
2025-09-04 21:00:00,14.3700,82.2200
2025-09-04 21:01:00,14.3800,82.2600
2025-09-04 21:02:00,14.3700,82.2800
2025-09-04 21:03:00,14.4000,82.3900
2025-09-04 21:04:00,14.4000,82.3200
2025-09-04 21:05:00,14.4300,82.3200
2025-09-04 21:06:00,14.4000,82.2700
2025-09-04 21:07:00,14.3800,82.2300
2025-09-04 21:08:00,14.4000,82.3600
2025-09-04 21:09:00,14.3700,82.2700
2025-09-04 21:10:00,14.3800,82.2300
2025-09-04 21:11:00,14.3700,82.2800
2025-09-04 21:12:00,14.3600,82.3000
2025-09-04 21:13:00,14.3600,82.3000
2025-09-04 21:14:00,14.3700,82.3600
2025-09-04 21:15:00,14.3700,82.3200
2025-09-04 21:16:00,14.3600,82.3300
2025-09-04 21:17:00,14.3700,82.3700
2025-09-04 21:18:00,14.3800,82.2800
2025-09-04 21:19:00,14.3700,82.2600
2025-09-04 21:20:00,14.3400,82.2400
2025-09-04 21:21:00,14.3800,82.3300
2025-09-04 21:22:00,14.3400,82.2700
2025-09-04 21:23:00,14.3700,82.3100
2025-09-04 21:24:00,14.3700,82.2900
2025-09-04 21:25:00,14.3400,82.2500
2025-09-04 21:26:00,14.3700,82.2700
2025-09-04 21:27:00,14.3300,82.2700
2025-09-04 21:28:00,14.3300,82.3500
2025-09-04 21:29:00,14.3400,82.3400
2025-09-04 21:30:00,14.3600,82.3500
2025-09-04 21:31:00,14.3100,82.4300
2025-09-04 21:32:00,14.3600,82.4400
2025-09-04 21:33:00,14.3400,82.3600
2025-09-04 21:34:00,14.3600,82.3800
2025-09-04 21:35:00,14.3300,82.3800
2025-09-04 21:36:00,14.3400,82.4400
2025-09-04 21:37:00,14.3400,82.4500
2025-09-04 21:38:00,14.3600,82.4100
2025-09-04 21:39:00,14.3400,82.4400
2025-09-04 21:40:00,14.3600,82.4100
2025-09-04 21:41:00,14.3300,82.3800
2025-09-04 21:42:00,14.3600,82.4900
2025-09-04 21:43:00,14.3700,82.4400
2025-09-04 21:44:00,14.3400,82.4200
2025-09-04 21:45:00,14.3400,82.4200
2025-09-04 21:46:00,14.3600,82.4800
2025-09-04 21:47:00,14.3600,82.4600
2025-09-04 21:48:00,14.3100,82.4500
2025-09-04 21:49:00,14.3300,82.4800
2025-09-04 21:50:00,14.3400,82.4000
2025-09-04 21:51:00,14.3300,82.4600
2025-09-04 21:52:00,14.3000,82.4000
2025-09-04 21:53:00,14.3300,82.5000
2025-09-04 21:54:00,14.3100,82.5200
2025-09-04 21:55:00,14.3300,82.5600
2025-09-04 21:56:00,14.3300,82.5500
2025-09-04 21:57:00,14.3300,82.4600
2025-09-04 21:58:00,14.3300,82.5500
2025-09-04 21:59:00,14.3600,82.5500
2025-09-04 22:00:00,14.3000,82.5000
2025-09-04 22:01:00,14.3600,82.6200
2025-09-04 22:02:00,14.3400,82.7100
2025-09-04 22:03:00,14.3600,82.7400
2025-09-04 22:04:00,14.3800,82.6800
2025-09-04 22:05:00,14.3600,82.6300
2025-09-04 22:06:00,14.3600,82.6900
2025-09-04 22:07:00,14.3700,82.7200
2025-09-04 22:08:00,14.3600,82.6600
2025-09-04 22:09:00,14.3800,82.6000
2025-09-04 22:10:00,14.3700,82.6500
2025-09-04 22:11:00,14.3800,82.6300
2025-09-04 22:12:00,14.3800,82.5800
2025-09-04 22:13:00,14.3700,82.6300
2025-09-04 22:14:00,14.3700,82.5800
2025-09-04 22:15:00,14.3700,82.5400
2025-09-04 22:16:00,14.3800,82.6300
2025-09-04 22:17:00,14.3800,82.6300
2025-09-04 22:18:00,14.3700,82.5900
2025-09-04 22:19:00,14.3800,82.5600
2025-09-04 22:20:00,14.4000,82.6000
2025-09-04 22:21:00,14.3600,82.6200
2025-09-04 22:22:00,14.3800,82.6600
2025-09-04 22:23:00,14.4000,82.7200
2025-09-04 22:24:00,14.4000,82.6600
2025-09-04 22:25:00,14.4100,82.6600
2025-09-04 22:26:00,14.4100,82.6500
2025-09-04 22:27:00,14.4000,82.5900
2025-09-04 22:28:00,14.4100,82.5900
2025-09-04 22:29:00,14.4300,82.6100
2025-09-04 22:30:00,14.4000,82.5200
2025-09-04 22:31:00,14.4300,82.6200
2025-09-04 22:32:00,14.4100,82.6200
2025-09-04 22:33:00,14.4400,82.6600
2025-09-04 22:34:00,14.4400,82.6800
2025-09-04 22:35:00,14.4400,82.6800
2025-09-04 22:36:00,14.4000,82.5900
2025-09-04 22:37:00,14.4100,82.6000
2025-09-04 22:38:00,14.4300,82.5500
2025-09-04 22:39:00,14.4000,82.4600
2025-09-04 22:40:00,14.4000,82.3900
2025-09-04 22:41:00,14.4100,82.3800
2025-09-04 22:42:00,14.4300,82.5000
2025-09-04 22:43:00,14.4400,82.5100
2025-09-04 22:44:00,14.4000,82.5100
2025-09-04 22:45:00,14.4000,82.5200
2025-09-04 22:46:00,14.3800,82.4800
2025-09-04 22:47:00,14.4100,82.5400
2025-09-04 22:48:00,14.4300,82.5600
2025-09-04 22:49:00,14.4100,82.5500
2025-09-04 22:50:00,14.4100,82.5800
2025-09-04 22:51:00,14.4100,82.5600
2025-09-04 22:52:00,14.4000,82.5900
2025-09-04 22:53:00,14.4000,82.6100
2025-09-04 22:54:00,14.4100,82.6600
2025-09-04 22:55:00,14.4100,82.6200
2025-09-04 22:56:00,14.4100,82.6100
2025-09-04 22:57:00,14.4300,82.6200
2025-09-04 22:58:00,14.4100,82.6300
2025-09-04 22:59:00,14.4000,82.6200
2025-09-04 23:00:00,14.4000,82.6500
2025-09-04 23:01:00,14.4100,82.6100
2025-09-04 23:02:00,14.3800,82.5500
2025-09-04 23:03:00,14.4000,82.5600
2025-09-04 23:04:00,14.4000,82.5900
2025-09-04 23:05:00,14.4000,82.6300
2025-09-04 23:06:00,14.3800,82.5600
2025-09-04 23:07:00,14.4000,82.6000
2025-09-04 23:08:00,14.4000,82.6000
2025-09-04 23:09:00,14.3800,82.6800
2025-09-04 23:10:00,14.3800,82.6600
2025-09-04 23:11:00,14.4100,82.7500
2025-09-04 23:12:00,14.3800,82.8300
2025-09-04 23:13:00,14.4000,82.8300
2025-09-04 23:14:00,14.4300,82.8400
2025-09-04 23:15:00,14.4300,82.7900
2025-09-04 23:16:00,14.4400,82.8500
2025-09-04 23:17:00,14.4300,82.7900
2025-09-04 23:18:00,14.4400,82.7400
2025-09-04 23:19:00,14.4400,82.7500
2025-09-04 23:20:00,14.4300,82.7400
2025-09-04 23:21:00,14.4300,82.7900
2025-09-04 23:22:00,14.4400,82.7700
2025-09-04 23:23:00,14.4700,82.7700
2025-09-04 23:24:00,14.4500,82.7300
2025-09-04 23:25:00,14.4700,82.7600
2025-09-04 23:26:00,14.4800,82.6800
2025-09-04 23:27:00,14.4800,82.6500
2025-09-04 23:28:00,14.4700,82.6300
2025-09-04 23:29:00,14.4500,82.5900
2025-09-04 23:30:00,14.4500,82.7100
2025-09-04 23:31:00,14.4800,82.7100
2025-09-04 23:32:00,14.4400,82.6400
2025-09-04 23:33:00,14.4700,82.6800
2025-09-04 23:34:00,14.4500,82.6700
2025-09-04 23:35:00,14.4500,82.6900
2025-09-04 23:36:00,14.4300,82.7100
2025-09-04 23:37:00,14.4500,82.7100
2025-09-04 23:38:00,14.4400,82.6600
2025-09-04 23:39:00,14.4400,82.7000
2025-09-04 23:40:00,14.4300,82.7100
2025-09-04 23:41:00,14.4500,82.7500
2025-09-04 23:42:00,14.4100,82.6600
2025-09-04 23:43:00,14.4400,82.6800
2025-09-04 23:44:00,14.4300,82.7300
2025-09-04 23:45:00,14.4400,82.7300
2025-09-04 23:46:00,14.4500,82.7200
2025-09-04 23:47:00,14.4300,82.7300
2025-09-04 23:48:00,14.4400,82.6700
2025-09-04 23:49:00,14.4500,82.7700
2025-09-04 23:50:00,14.4800,82.6900
2025-09-04 23:51:00,14.4500,82.7000
2025-09-04 23:52:00,14.4700,82.6900
2025-09-04 23:53:00,14.4400,82.6500
2025-09-04 23:54:00,14.4500,82.6500
2025-09-04 23:55:00,14.4400,82.5400
2025-09-04 23:56:00,14.4100,82.5000
2025-09-04 23:57:00,14.4300,82.5100
2025-09-04 23:58:00,14.4300,82.5600
2025-09-04 23:59:00,14.4300,82.5800
2025-09-05 00:00:00,14.4100,82.5100
2025-09-05 00:01:00,14.4300,82.5700
2025-09-05 00:02:00,14.4300,82.6400
2025-09-05 00:03:00,14.4300,82.6800
2025-09-05 00:04:00,14.4300,82.7000
2025-09-05 00:05:00,14.4100,82.6700
2025-09-05 00:06:00,14.4400,82.6700
2025-09-05 00:07:00,14.4400,82.7200
2025-09-05 00:08:00,14.4400,82.7400
2025-09-05 00:09:00,14.4100,82.6800
2025-09-05 00:10:00,14.4100,82.6200
2025-09-05 00:11:00,14.4300,82.6600
2025-09-05 00:12:00,14.4300,82.6500
2025-09-05 00:13:00,14.4300,82.6100
2025-09-05 00:14:00,14.4100,82.6600
2025-09-05 00:15:00,14.4100,82.7600
2025-09-05 00:16:00,14.4100,82.7800
2025-09-05 00:17:00,14.4100,82.7200
2025-09-05 00:18:00,14.4300,82.7900
2025-09-05 00:19:00,14.4500,82.7800
2025-09-05 00:20:00,14.4500,82.7800
2025-09-05 00:21:00,14.4400,82.8600
2025-09-05 00:22:00,14.4300,82.8100
2025-09-05 00:23:00,14.4300,82.7800
2025-09-05 00:24:00,14.4500,82.8300
2025-09-05 00:25:00,14.4400,82.8400
2025-09-05 00:26:00,14.4500,82.7800
2025-09-05 00:27:00,14.4500,82.8200
2025-09-05 00:28:00,14.4400,82.8400
2025-09-05 00:29:00,14.4500,82.8100
2025-09-05 00:30:00,14.4500,82.7400
2025-09-05 00:31:00,14.4400,82.7000
2025-09-05 00:32:00,14.4800,82.6800
2025-09-05 00:33:00,14.4500,82.7100
2025-09-05 00:34:00,14.4500,82.7100
2025-09-05 00:35:00,14.4800,82.7600
2025-09-05 00:36:00,14.4800,82.7700
2025-09-05 00:37:00,14.4500,82.7600
2025-09-05 00:38:00,14.4700,82.6700
2025-09-05 00:39:00,14.4700,82.7400
2025-09-05 00:40:00,14.4700,82.7000
2025-09-05 00:41:00,14.4800,82.6300
2025-09-05 00:42:00,14.4700,82.7300
2025-09-05 00:43:00,14.4700,82.7100
2025-09-05 00:44:00,14.4500,82.7300
2025-09-05 00:45:00,14.4700,82.8000
2025-09-05 00:46:00,14.5000,82.7900
2025-09-05 00:47:00,14.4700,82.7300
2025-09-05 00:48:00,14.4800,82.7700
2025-09-05 00:49:00,14.4500,82.7400
2025-09-05 00:50:00,14.4800,82.7300
2025-09-05 00:51:00,14.4800,82.6700
2025-09-05 00:52:00,14.4500,82.6300
2025-09-05 00:53:00,14.4700,82.6500
2025-09-05 00:54:00,14.4800,82.6300
2025-09-05 00:55:00,14.4700,82.5900
2025-09-05 00:56:00,14.4500,82.5600
2025-09-05 00:57:00,14.4300,82.6900
2025-09-05 00:58:00,14.4300,82.7200
2025-09-05 00:59:00,14.4500,82.7400
2025-09-05 01:00:00,14.4800,82.7600
2025-09-05 01:01:00,14.4500,82.7800
2025-09-05 01:02:00,14.4700,82.6700
2025-09-05 01:03:00,14.4500,82.6600
2025-09-05 01:04:00,14.4300,82.6600
2025-09-05 01:05:00,14.4300,82.7100
2025-09-05 01:06:00,14.4100,82.7000
2025-09-05 01:07:00,14.4400,82.6700
2025-09-05 01:08:00,14.4300,82.7400
2025-09-05 01:09:00,14.4300,82.7900
2025-09-05 01:10:00,14.4000,82.7600
2025-09-05 01:11:00,14.4100,82.7600
2025-09-05 01:12:00,14.4100,82.7500
2025-09-05 01:13:00,14.4100,82.7800
2025-09-05 01:14:00,14.4000,82.7200
2025-09-05 01:15:00,14.4100,82.6900
2025-09-05 01:16:00,14.3800,82.7300
2025-09-05 01:17:00,14.4000,82.7100
2025-09-05 01:18:00,14.3800,82.7600
2025-09-05 01:19:00,14.4000,82.7700
2025-09-05 01:20:00,14.4000,82.7500
2025-09-05 01:21:00,14.4000,82.7500
2025-09-05 01:22:00,14.4100,82.7400
2025-09-05 01:23:00,14.4000,82.8300
2025-09-05 01:24:00,14.3800,82.8300
2025-09-05 01:25:00,14.3800,82.8000
2025-09-05 01:26:00,14.3800,82.8200
2025-09-05 01:27:00,14.4000,82.8900
2025-09-05 01:28:00,14.4100,83.0100
2025-09-05 01:29:00,14.4000,83.0400
2025-09-05 01:30:00,14.4300,82.9900
2025-09-05 01:31:00,14.4100,82.9800
2025-09-05 01:32:00,14.4300,82.9500
2025-09-05 01:33:00,14.4000,82.9200
2025-09-05 01:34:00,14.4100,82.8800
2025-09-05 01:35:00,14.4000,82.8600
2025-09-05 01:36:00,14.3800,82.7900
2025-09-05 01:37:00,14.4100,82.7800
2025-09-05 01:38:00,14.3700,82.8400
2025-09-05 01:39:00,14.3700,82.9100
2025-09-05 01:40:00,14.3800,82.9100
2025-09-05 01:41:00,14.3700,82.8700
2025-09-05 01:42:00,14.3700,82.9500
2025-09-05 01:43:00,14.3600,82.8800
2025-09-05 01:44:00,14.3800,82.8900
2025-09-05 01:45:00,14.3700,82.8700
2025-09-05 01:46:00,14.3700,82.8700
2025-09-05 01:47:00,14.3700,82.7800
2025-09-05 01:48:00,14.3700,82.8100
2025-09-05 01:49:00,14.3800,82.8900
2025-09-05 01:50:00,14.3700,82.9500
2025-09-05 01:51:00,14.3700,82.9200
2025-09-05 01:52:00,14.3400,82.8700
2025-09-05 01:53:00,14.3400,82.8800
2025-09-05 01:54:00,14.3600,82.8800
2025-09-05 01:55:00,14.3700,82.8500
2025-09-05 01:56:00,14.3700,82.8600
2025-09-05 01:57:00,14.3400,82.8200
2025-09-05 01:58:00,14.3600,82.8400
2025-09-05 01:59:00,14.3400,82.8200
2025-09-05 02:00:00,14.3600,82.8300
2025-09-05 02:01:00,14.3600,82.8300
2025-09-05 02:02:00,14.3400,82.8200
2025-09-05 02:03:00,14.3400,82.8500
2025-09-05 02:04:00,14.3400,82.9000
2025-09-05 02:05:00,14.3600,82.9800
2025-09-05 02:06:00,14.3600,82.9800
2025-09-05 02:07:00,14.3400,83.0500
2025-09-05 02:08:00,14.3600,83.0200
2025-09-05 02:09:00,14.3400,83.0500
2025-09-05 02:10:00,14.3600,82.9600
2025-09-05 02:11:00,14.3400,82.9600
2025-09-05 02:12:00,14.3600,82.9800
2025-09-05 02:13:00,14.3700,82.9500
2025-09-05 02:14:00,14.3600,82.9400
2025-09-05 02:15:00,14.3600,83.0500
2025-09-05 02:16:00,14.3800,83.0700
2025-09-05 02:17:00,14.3700,83.0300
2025-09-05 02:18:00,14.3600,82.9800
2025-09-05 02:19:00,14.3400,82.9600
2025-09-05 02:20:00,14.3700,82.9300
2025-09-05 02:21:00,14.3400,83.0300
2025-09-05 02:22:00,14.3600,82.9500
2025-09-05 02:23:00,14.3400,82.8900
2025-09-05 02:24:00,14.3600,83.0000
2025-09-05 02:25:00,14.3400,82.9300
2025-09-05 02:26:00,14.3700,82.9000
2025-09-05 02:27:00,14.3600,82.9000
2025-09-05 02:28:00,14.3300,82.9100
2025-09-05 02:29:00,14.3600,83.0100
2025-09-05 02:30:00,14.3600,83.0400
2025-09-05 02:31:00,14.3700,83.0300
2025-09-05 02:32:00,14.3600,83.0300
2025-09-05 02:33:00,14.3700,83.1000
2025-09-05 02:34:00,14.3700,82.9800
2025-09-05 02:35:00,14.3700,83.1000
2025-09-05 02:36:00,14.3400,82.9800
2025-09-05 02:37:00,14.3600,83.0600
2025-09-05 02:38:00,14.3600,83.0900
2025-09-05 02:39:00,14.3600,83.1800
2025-09-05 02:40:00,14.3700,83.1000
2025-09-05 02:41:00,14.3700,83.1800
2025-09-05 02:42:00,14.3400,83.0500
2025-09-05 02:43:00,14.3700,83.1200
2025-09-05 02:44:00,14.3700,83.1600
2025-09-05 02:45:00,14.3400,83.1100
2025-09-05 02:46:00,14.3700,83.1600
2025-09-05 02:47:00,14.3600,83.1000
2025-09-05 02:48:00,14.3400,83.0600
2025-09-05 02:49:00,14.3100,83.0700
2025-09-05 02:50:00,14.3300,83.1500
2025-09-05 02:51:00,14.3400,83.1700
2025-09-05 02:52:00,14.3600,83.2000
2025-09-05 02:53:00,14.3400,83.1400
2025-09-05 02:54:00,14.3600,83.1500
2025-09-05 02:55:00,14.3700,83.1700
2025-09-05 02:56:00,14.3600,83.1200
2025-09-05 02:57:00,14.3600,83.1300
2025-09-05 02:58:00,14.3100,83.0800
2025-09-05 02:59:00,14.3300,83.1200
2025-09-05 03:00:00,14.3300,83.1200
2025-09-05 03:01:00,14.3400,83.1400
2025-09-05 03:02:00,14.3300,83.1000
2025-09-05 03:03:00,14.3400,83.0800
2025-09-05 03:04:00,14.3300,83.1400
2025-09-05 03:05:00,14.3600,83.1900
2025-09-05 03:06:00,14.3400,83.2500
2025-09-05 03:07:00,14.3700,83.2200
2025-09-05 03:08:00,14.3600,83.1800
2025-09-05 03:09:00,14.3600,83.1100
2025-09-05 03:10:00,14.3400,83.1200
2025-09-05 03:11:00,14.3300,83.1300
2025-09-05 03:12:00,14.3400,83.1500
2025-09-05 03:13:00,14.3700,83.1200
2025-09-05 03:14:00,14.3700,83.2000
2025-09-05 03:15:00,14.3600,83.1900
2025-09-05 03:16:00,14.3600,83.2100
2025-09-05 03:17:00,14.3600,83.2300
2025-09-05 03:18:00,14.3600,83.2300
2025-09-05 03:19:00,14.3400,83.1900
2025-09-05 03:20:00,14.3600,83.2100
2025-09-05 03:21:00,14.3800,83.1900
2025-09-05 03:22:00,14.3600,83.2500
2025-09-05 03:23:00,14.3800,83.2300
2025-09-05 03:24:00,14.4000,83.1500
2025-09-05 03:25:00,14.3800,83.1700
2025-09-05 03:26:00,14.3600,83.2400
2025-09-05 03:27:00,14.3700,83.2000
2025-09-05 03:28:00,14.4000,83.1900
2025-09-05 03:29:00,14.3700,83.2100
2025-09-05 03:30:00,14.3700,83.2400
2025-09-05 03:31:00,14.3800,83.2700
2025-09-05 03:32:00,14.4000,83.2200
2025-09-05 03:33:00,14.4100,83.2200
2025-09-05 03:34:00,14.3800,83.2800
2025-09-05 03:35:00,14.3800,83.3100
2025-09-05 03:36:00,14.3800,83.2100
2025-09-05 03:37:00,14.3700,83.2000
2025-09-05 03:38:00,14.3700,83.1500
2025-09-05 03:39:00,14.4000,83.1800
2025-09-05 03:40:00,14.4000,83.2600
2025-09-05 03:41:00,14.3700,83.2100
2025-09-05 03:42:00,14.3700,83.1800
2025-09-05 03:43:00,14.4000,83.2800
2025-09-05 03:44:00,14.4000,83.3600
2025-09-05 03:45:00,14.4000,83.2900
2025-09-05 03:46:00,14.3800,83.2300
2025-09-05 03:47:00,14.4000,83.2000
2025-09-05 03:48:00,14.4100,83.2400
2025-09-05 03:49:00,14.4000,83.2600
2025-09-05 03:50:00,14.3800,83.2300
2025-09-05 03:51:00,14.4000,83.2500
2025-09-05 03:52:00,14.3800,83.2300
2025-09-05 03:53:00,14.3700,83.2300
2025-09-05 03:54:00,14.3700,83.2800
2025-09-05 03:55:00,14.3800,83.3300
2025-09-05 03:56:00,14.3600,83.3100
2025-09-05 03:57:00,14.3800,83.3100
2025-09-05 03:58:00,14.4100,83.2400
2025-09-05 03:59:00,14.3800,83.3100
2025-09-05 04:00:00,14.4000,83.2700
2025-09-05 04:01:00,14.3800,83.3400
2025-09-05 04:02:00,14.3700,83.3400
2025-09-05 04:03:00,14.3800,83.3400
2025-09-05 04:04:00,14.3800,83.2800
2025-09-05 04:05:00,14.3800,83.2600
2025-09-05 04:06:00,14.3700,83.2600
2025-09-05 04:07:00,14.3600,83.2300
2025-09-05 04:08:00,14.3800,83.3600
2025-09-05 04:09:00,14.3700,83.2700
2025-09-05 04:10:00,14.3600,83.3400
2025-09-05 04:11:00,14.3800,83.3600
2025-09-05 04:12:00,14.3800,83.3200
2025-09-05 04:13:00,14.3800,83.4000
2025-09-05 04:14:00,14.3700,83.4000
2025-09-05 04:15:00,14.3700,83.3600
2025-09-05 04:16:00,14.4100,83.3900
2025-09-05 04:17:00,14.3800,83.3200
2025-09-05 04:18:00,14.3700,83.2600
2025-09-05 04:19:00,14.3700,83.3700
2025-09-05 04:20:00,14.3700,83.3700
2025-09-05 04:21:00,14.3800,83.2700
2025-09-05 04:22:00,14.3600,83.2900
2025-09-05 04:23:00,14.3700,83.2800
2025-09-05 04:24:00,14.3600,83.3300
2025-09-05 04:25:00,14.3700,83.3100
2025-09-05 04:26:00,14.3700,83.3000
2025-09-05 04:27:00,14.3800,83.4000
2025-09-05 04:28:00,14.3600,83.3200
2025-09-05 04:29:00,14.3600,83.3900
2025-09-05 04:30:00,14.3700,83.3700
2025-09-05 04:31:00,14.3400,83.3500
2025-09-05 04:32:00,14.3700,83.3700
2025-09-05 04:33:00,14.3400,83.4100
2025-09-05 04:34:00,14.3400,83.4600
2025-09-05 04:35:00,14.3600,83.4700
2025-09-05 04:36:00,14.3800,83.4000
2025-09-05 04:37:00,14.3600,83.3600
2025-09-05 04:38:00,14.3600,83.3600
2025-09-05 04:39:00,14.3400,83.4500
2025-09-05 04:40:00,14.3300,83.3800
2025-09-05 04:41:00,14.3600,83.4000
2025-09-05 04:42:00,14.3300,83.3600
2025-09-05 04:43:00,14.3400,83.3400
2025-09-05 04:44:00,14.3300,83.4200
2025-09-05 04:45:00,14.3600,83.4100
2025-09-05 04:46:00,14.3400,83.4500
2025-09-05 04:47:00,14.3400,83.4100
2025-09-05 04:48:00,14.3000,83.4400
2025-09-05 04:49:00,14.3400,83.4500
2025-09-05 04:50:00,14.3100,83.4300
2025-09-05 04:51:00,14.3400,83.5000
2025-09-05 04:52:00,14.3300,83.4800
2025-09-05 04:53:00,14.3000,83.5200
2025-09-05 04:54:00,14.3100,83.5900
2025-09-05 04:55:00,14.3100,83.5100
2025-09-05 04:56:00,14.3300,83.6600
2025-09-05 04:57:00,14.3400,83.5800
2025-09-05 04:58:00,14.3300,83.5800
2025-09-05 04:59:00,14.3000,83.4800
2025-09-05 05:00:00,14.3300,83.5100
2025-09-05 05:01:00,14.3300,83.5700
2025-09-05 05:02:00,14.3100,83.4900
2025-09-05 05:03:00,14.3100,83.4900
2025-09-05 05:04:00,14.3000,83.5200
2025-09-05 05:05:00,14.3100,83.4700
2025-09-05 05:06:00,14.3000,83.5300
2025-09-05 05:07:00,14.3000,83.4800
2025-09-05 05:08:00,14.3300,83.4900
2025-09-05 05:09:00,14.3300,83.6000
2025-09-05 05:10:00,14.3300,83.6000
2025-09-05 05:11:00,14.3100,83.5700
2025-09-05 05:12:00,14.3400,83.6100
2025-09-05 05:13:00,14.3100,83.5400
2025-09-05 05:14:00,14.3300,83.4900
2025-09-05 05:15:00,14.3000,83.4900
2025-09-05 05:16:00,14.3100,83.5700
2025-09-05 05:17:00,14.3400,83.6300
2025-09-05 05:18:00,14.3100,83.5400
2025-09-05 05:19:00,14.3300,83.5800
2025-09-05 05:20:00,14.3100,83.5900
2025-09-05 05:21:00,14.3400,83.5700
2025-09-05 05:22:00,14.3300,83.5200
2025-09-05 05:23:00,14.3300,83.5500
2025-09-05 05:24:00,14.3400,83.5500
2025-09-05 05:25:00,14.3300,83.5400
2025-09-05 05:26:00,14.3400,83.5100
2025-09-05 05:27:00,14.3300,83.4400
2025-09-05 05:28:00,14.3300,83.4600
2025-09-05 05:29:00,14.3000,83.4800
2025-09-05 05:30:00,14.3100,83.4400
2025-09-05 05:31:00,14.3000,83.5100
2025-09-05 05:32:00,14.3000,83.6000
2025-09-05 05:33:00,14.2700,83.5700
2025-09-05 05:34:00,14.3000,83.5100
2025-09-05 05:35:00,14.3000,83.5400
2025-09-05 05:36:00,14.3100,83.5900
2025-09-05 05:37:00,14.2900,83.5400
2025-09-05 05:38:00,14.3100,83.6700
2025-09-05 05:39:00,14.2900,83.5600
2025-09-05 05:40:00,14.3100,83.6400
2025-09-05 05:41:00,14.3000,83.6400
2025-09-05 05:42:00,14.3100,83.6400
2025-09-05 05:43:00,14.3300,83.6100
2025-09-05 05:44:00,14.3000,83.6200
2025-09-05 05:45:00,14.3100,83.6800
2025-09-05 05:46:00,14.3000,83.6500
2025-09-05 05:47:00,14.3100,83.6200
2025-09-05 05:48:00,14.3000,83.6200
2025-09-05 05:49:00,14.3300,83.6000
2025-09-05 05:50:00,14.3000,83.5300
2025-09-05 05:51:00,14.3100,83.6800
2025-09-05 05:52:00,14.3000,83.6100
2025-09-05 05:53:00,14.3000,83.6800
2025-09-05 05:54:00,14.3000,83.7100
2025-09-05 05:55:00,14.3100,83.7800
2025-09-05 05:56:00,14.3000,83.7300
2025-09-05 05:57:00,14.3100,83.7300
2025-09-05 05:58:00,14.3000,83.7200
2025-09-05 05:59:00,14.3000,83.7600
2025-09-05 06:00:00,14.3300,83.7300
2025-09-05 06:01:00,14.3400,83.7400
2025-09-05 06:02:00,14.3100,83.6800
2025-09-05 06:03:00,14.3000,83.7000
2025-09-05 06:04:00,14.3000,83.6500
2025-09-05 06:05:00,14.3000,83.6500
2025-09-05 06:06:00,14.3000,83.6000
2025-09-05 06:07:00,14.3100,83.6400
2025-09-05 06:08:00,14.2700,83.6400
2025-09-05 06:09:00,14.2700,83.6900
2025-09-05 06:10:00,14.3000,83.6500
2025-09-05 06:11:00,14.2600,83.5900
2025-09-05 06:12:00,14.2600,83.6400
2025-09-05 06:13:00,14.2500,83.5700
2025-09-05 06:14:00,14.2600,83.5900
2025-09-05 06:15:00,14.3000,83.6600
2025-09-05 06:16:00,14.2600,83.7200
2025-09-05 06:17:00,14.2900,83.7700
2025-09-05 06:18:00,14.2600,83.6800
2025-09-05 06:19:00,14.2500,83.6500
2025-09-05 06:20:00,14.2500,83.6600
2025-09-05 06:21:00,14.2500,83.6900
2025-09-05 06:22:00,14.2600,83.7000
2025-09-05 06:23:00,14.2700,83.7400
2025-09-05 06:24:00,14.2600,83.6600
2025-09-05 06:25:00,14.2700,83.7600
2025-09-05 06:26:00,14.2700,83.7500
2025-09-05 06:27:00,14.2700,83.7100
2025-09-05 06:28:00,14.2700,83.7400
2025-09-05 06:29:00,14.2600,83.8200
2025-09-05 06:30:00,14.2600,83.7700
2025-09-05 06:31:00,14.2500,83.6700
2025-09-05 06:32:00,14.2700,83.7300
2025-09-05 06:33:00,14.2600,83.7400
2025-09-05 06:34:00,14.2900,83.7400
2025-09-05 06:35:00,14.2500,83.7500
2025-09-05 06:36:00,14.2300,83.7500
2025-09-05 06:37:00,14.2600,83.7600
2025-09-05 06:38:00,14.2700,83.8200
2025-09-05 06:39:00,14.2500,83.8600
2025-09-05 06:40:00,14.2500,83.8000
2025-09-05 06:41:00,14.2600,83.7700
2025-09-05 06:42:00,14.2500,83.7000
2025-09-05 06:43:00,14.2300,83.7500
2025-09-05 06:44:00,14.2500,83.8200
2025-09-05 06:45:00,14.2500,83.7700
2025-09-05 06:46:00,14.2300,83.8100
2025-09-05 06:47:00,14.2300,83.7400
2025-09-05 06:48:00,14.2500,83.6700
2025-09-05 06:49:00,14.2300,83.6900
2025-09-05 06:50:00,14.2200,83.7300
2025-09-05 06:51:00,14.2300,83.7500
2025-09-05 06:52:00,14.2600,83.8300
2025-09-05 06:53:00,14.2600,83.7800
2025-09-05 06:54:00,14.2300,83.8600
2025-09-05 06:55:00,14.2500,83.7600
2025-09-05 06:56:00,14.2200,83.7100
2025-09-05 06:57:00,14.2200,83.7400
2025-09-05 06:58:00,14.2200,83.7300
2025-09-05 06:59:00,14.2300,83.7300
2025-09-05 07:00:00,14.2500,83.7700
2025-09-05 07:01:00,14.2500,83.7700
2025-09-05 07:02:00,14.2500,83.8500
2025-09-05 07:03:00,14.2300,83.8200
2025-09-05 07:04:00,14.2500,83.8600
2025-09-05 07:05:00,14.2700,83.7600
2025-09-05 07:06:00,14.2500,83.7700
2025-09-05 07:07:00,14.2300,83.7800
2025-09-05 07:08:00,14.2300,83.7400
2025-09-05 07:09:00,14.2300,83.8000
2025-09-05 07:10:00,14.2500,83.6900
2025-09-05 07:11:00,14.2300,83.7200
2025-09-05 07:12:00,14.2300,83.7500
2025-09-05 07:13:00,14.2500,83.7400
2025-09-05 07:14:00,14.2500,83.7600
2025-09-05 07:15:00,14.2300,83.8000
2025-09-05 07:16:00,14.2600,83.9000
2025-09-05 07:17:00,14.2700,83.9200
2025-09-05 07:18:00,14.2600,83.8700
2025-09-05 07:19:00,14.2600,83.8900
2025-09-05 07:20:00,14.2500,83.8500
2025-09-05 07:21:00,14.2600,83.8400
2025-09-05 07:22:00,14.2600,83.8900
2025-09-05 07:23:00,14.2900,83.8600
2025-09-05 07:24:00,14.3000,83.9400
2025-09-05 07:25:00,14.2900,83.8900
2025-09-05 07:26:00,14.2700,83.7900
2025-09-05 07:27:00,14.2700,83.8500
2025-09-05 07:28:00,14.2900,83.8600
2025-09-05 07:29:00,14.3000,83.8900
2025-09-05 07:30:00,14.2900,83.9400
2025-09-05 07:31:00,14.2900,83.9000
2025-09-05 07:32:00,14.2700,83.9800
2025-09-05 07:33:00,14.3100,83.9000
2025-09-05 07:34:00,14.3000,83.9000
2025-09-05 07:35:00,14.2900,83.8600
2025-09-05 07:36:00,14.2700,83.8600
2025-09-05 07:37:00,14.2700,83.7700
2025-09-05 07:38:00,14.2700,83.8400
2025-09-05 07:39:00,14.2700,83.8900
2025-09-05 07:40:00,14.2700,83.8700
2025-09-05 07:41:00,14.2600,83.8100
2025-09-05 07:42:00,14.2600,83.8100
2025-09-05 07:43:00,14.2600,83.9000
2025-09-05 07:44:00,14.2600,83.9100
2025-09-05 07:45:00,14.2600,83.9900
2025-09-05 07:46:00,14.2600,83.9000
2025-09-05 07:47:00,14.2500,83.9900
2025-09-05 07:48:00,14.2600,83.9700
2025-09-05 07:49:00,14.2500,83.9800
2025-09-05 07:50:00,14.2300,83.9600
2025-09-05 07:51:00,14.2700,83.9100
2025-09-05 07:52:00,14.2500,83.9700
2025-09-05 07:53:00,14.2700,83.9900
2025-09-05 07:54:00,14.2600,83.9700
2025-09-05 07:55:00,14.2700,83.9500
2025-09-05 07:56:00,14.2500,83.8600
2025-09-05 07:57:00,14.2600,83.8900
2025-09-05 07:58:00,14.2600,83.9600
2025-09-05 07:59:00,14.2700,84.0000
2025-09-05 08:00:00,14.2600,83.9500
2025-09-05 08:01:00,14.2900,83.9300
2025-09-05 08:02:00,14.2500,83.9400
2025-09-05 08:03:00,14.2700,83.9300
2025-09-05 08:04:00,14.2900,83.9200
2025-09-05 08:05:00,14.2600,83.8900
2025-09-05 08:06:00,14.2500,83.9200
2025-09-05 08:07:00,14.2600,84.0600
2025-09-05 08:08:00,14.2900,83.9900
2025-09-05 08:09:00,14.2700,84.0200
2025-09-05 08:10:00,14.2700,84.0000
2025-09-05 08:11:00,14.2700,83.9000
2025-09-05 08:12:00,14.2700,83.9400
2025-09-05 08:13:00,14.2600,83.9100
2025-09-05 08:14:00,14.2900,84.0000
2025-09-05 08:15:00,14.2600,83.9600
2025-09-05 08:16:00,14.2600,83.9400
2025-09-05 08:17:00,14.2600,84.0100
2025-09-05 08:18:00,14.2700,83.9800
2025-09-05 08:19:00,14.2500,84.0100
2025-09-05 08:20:00,14.2900,84.0300
2025-09-05 08:21:00,14.2700,83.9200
2025-09-05 08:22:00,14.2900,84.0200
2025-09-05 08:23:00,14.2700,83.9600
2025-09-05 08:24:00,14.2700,84.0200
2025-09-05 08:25:00,14.3000,84.0300
2025-09-05 08:26:00,14.2700,84.0500
2025-09-05 08:27:00,14.3000,84.0000
2025-09-05 08:28:00,14.3100,84.0700
2025-09-05 08:29:00,14.2900,84.0000
2025-09-05 08:30:00,14.3000,84.0100
2025-09-05 08:31:00,14.2900,84.0100
2025-09-05 08:32:00,14.3000,84.1200
2025-09-05 08:33:00,14.2900,83.9900
2025-09-05 08:34:00,14.3000,84.0600
2025-09-05 08:35:00,14.2900,84.0300
2025-09-05 08:36:00,14.3000,84.0300
2025-09-05 08:37:00,14.3000,84.0800
2025-09-05 08:38:00,14.2700,84.0000
2025-09-05 08:39:00,14.3300,84.0400
2025-09-05 08:40:00,14.3000,84.0800
2025-09-05 08:41:00,14.3100,84.1000
2025-09-05 08:42:00,14.2900,84.0900
2025-09-05 08:43:00,14.3100,84.1100
2025-09-05 08:44:00,14.3000,84.0700
2025-09-05 08:45:00,14.3100,84.0900
2025-09-05 08:46:00,14.3000,84.0600
2025-09-05 08:47:00,14.3100,84.0800
2025-09-05 08:48:00,14.3400,84.1000
2025-09-05 08:49:00,14.3300,84.0500
2025-09-05 08:50:00,14.3400,84.1100
2025-09-05 08:51:00,14.3300,84.0600
2025-09-05 08:52:00,14.3300,84.0900
2025-09-05 08:53:00,14.3400,84.1300
2025-09-05 08:54:00,14.3600,84.1400
2025-09-05 08:55:00,14.3400,84.1200
2025-09-05 08:56:00,14.3300,84.1100
2025-09-05 08:57:00,14.3300,84.1500
2025-09-05 08:58:00,14.3600,84.2100
2025-09-05 08:59:00,14.3600,84.1200
2025-09-05 09:00:00,14.3700,84.1700
2025-09-05 09:01:00,14.3600,84.1100
2025-09-05 09:02:00,14.3300,84.1200
2025-09-05 09:03:00,14.3400,84.1300
2025-09-05 09:04:00,14.3600,84.1100
2025-09-05 09:05:00,14.3600,84.1000
2025-09-05 09:06:00,14.3400,84.1800
2025-09-05 09:07:00,14.3400,84.1100
2025-09-05 09:08:00,14.3600,84.0600
2025-09-05 09:09:00,14.3300,84.0500
2025-09-05 09:10:00,14.3400,84.0300
2025-09-05 09:11:00,14.3300,84.0900
2025-09-05 09:12:00,14.3400,84.0600
2025-09-05 09:13:00,14.3600,84.1300
2025-09-05 09:14:00,14.3600,84.1800
2025-09-05 09:15:00,14.3700,84.0800
2025-09-05 09:16:00,14.3600,84.1100
2025-09-05 09:17:00,14.3700,84.1500
2025-09-05 09:18:00,14.3000,82.9800
2025-09-05 09:19:00,14.3000,84.0600
2025-09-05 09:20:00,14.4000,84.8400
2025-09-05 09:21:00,14.3700,84.5700
2025-09-05 09:22:00,14.3800,84.2900
2025-09-05 09:23:00,14.3400,84.0300
2025-09-05 09:24:00,14.3300,83.9500
2025-09-05 09:25:00,14.3100,83.9400
2025-09-05 09:26:00,14.3400,83.9300
2025-09-05 09:27:00,14.3400,83.9300
2025-09-05 09:28:00,14.3300,83.8700
2025-09-05 09:29:00,14.3100,83.8800
2025-09-05 09:30:00,14.3100,83.8100
2025-09-05 09:31:00,14.3100,83.9500
2025-09-05 09:32:00,14.3000,83.9000
2025-09-05 09:33:00,14.3000,83.9000
2025-09-05 09:34:00,14.3000,83.8800
2025-09-05 09:35:00,14.3100,83.8600
2025-09-05 09:36:00,14.3000,84.0300
2025-09-05 09:37:00,14.3000,84.0500
2025-09-05 09:38:00,14.3000,84.0600
2025-09-05 09:39:00,14.3300,84.0800
2025-09-05 09:40:00,14.3100,83.9900
2025-09-05 09:41:00,14.3000,83.9700
2025-09-05 09:42:00,14.3300,84.0000
2025-09-05 09:43:00,14.3100,84.0000
2025-09-05 09:44:00,14.3300,84.0000
2025-09-05 09:45:00,14.3000,83.9900
2025-09-05 09:46:00,14.3000,83.9500
2025-09-05 09:47:00,14.3100,83.9600
2025-09-05 09:48:00,14.3100,83.9600
2025-09-05 09:49:00,14.3000,83.9900
2025-09-05 09:50:00,14.3000,84.0100
2025-09-05 09:51:00,14.3100,84.0600
2025-09-05 09:52:00,14.3300,84.0400
2025-09-05 09:53:00,14.3100,83.9900
2025-09-05 09:54:00,14.3000,83.9200
2025-09-05 09:55:00,14.3000,83.9600
2025-09-05 09:56:00,14.3100,84.0400
2025-09-05 09:57:00,14.3000,83.9400
2025-09-05 09:58:00,14.3300,84.0100
2025-09-05 09:59:00,14.2900,83.9500
2025-09-05 10:00:00,14.2900,84.0100
2025-09-05 10:01:00,14.3000,84.0100
2025-09-05 10:02:00,14.2900,84.0200
2025-09-05 10:03:00,14.3100,84.0400
2025-09-05 10:04:00,14.2900,83.9500
2025-09-05 10:05:00,14.3100,84.0200
2025-09-05 10:06:00,14.3100,84.0000
2025-09-05 10:07:00,14.2700,84.0000
2025-09-05 10:08:00,14.2900,83.9500
2025-09-05 10:09:00,14.2900,83.8800
2025-09-05 10:10:00,14.2700,83.9200
2025-09-05 10:11:00,14.2900,83.8700
2025-09-05 10:12:00,14.2900,83.9800
2025-09-05 10:13:00,14.2600,84.0100
2025-09-05 10:14:00,14.2600,84.0200
2025-09-05 10:15:00,14.2700,84.0200
2025-09-05 10:16:00,14.2600,83.9800
2025-09-05 10:17:00,14.2700,83.9800
2025-09-05 10:18:00,14.2900,83.9700
2025-09-05 10:19:00,14.3000,83.9600
2025-09-05 10:20:00,14.2700,83.9800
2025-09-05 10:21:00,14.2700,83.9500
2025-09-05 10:22:00,14.2900,83.9600
2025-09-05 10:23:00,14.2600,83.9900
2025-09-05 10:24:00,14.2900,83.9800
2025-09-05 10:25:00,14.2600,83.9400
2025-09-05 10:26:00,14.2700,83.9200
2025-09-05 10:27:00,14.2900,83.9100
2025-09-05 10:28:00,14.2700,84.0300
2025-09-05 10:29:00,14.3000,84.0200
2025-09-05 10:30:00,14.2700,83.9900
2025-09-05 10:31:00,14.3100,83.9700
2025-09-05 10:32:00,14.2700,83.8600
2025-09-05 10:33:00,14.3000,83.9200
2025-09-05 10:34:00,14.3000,83.8900
2025-09-05 10:35:00,14.3100,84.0300
2025-09-05 10:36:00,14.3300,84.0700
2025-09-05 10:37:00,14.3100,84.0600
2025-09-05 10:38:00,14.3100,84.0400
2025-09-05 10:39:00,14.3100,83.9600
2025-09-05 10:40:00,14.3100,83.8600
2025-09-05 10:41:00,14.3300,83.8800
2025-09-05 10:42:00,14.2900,83.8400
2025-09-05 10:43:00,14.3000,83.8400
2025-09-05 10:44:00,14.3300,83.8800
2025-09-05 10:45:00,14.3400,83.9000
2025-09-05 10:46:00,14.3100,83.8500
2025-09-05 10:47:00,14.3600,83.8600
2025-09-05 10:48:00,14.3400,83.9800
2025-09-05 10:49:00,14.3600,83.9500
2025-09-05 10:50:00,14.3600,83.9200
2025-09-05 10:51:00,14.3400,83.8400
2025-09-05 10:52:00,14.3800,83.8700
2025-09-05 10:53:00,14.3600,83.8400
2025-09-05 10:54:00,14.3600,83.8300
2025-09-05 10:55:00,14.3600,83.8400
2025-09-05 10:56:00,14.3700,83.7800
2025-09-05 10:57:00,14.3600,83.7100
2025-09-05 10:58:00,14.3600,83.7600
2025-09-05 10:59:00,14.3600,83.7300
2025-09-05 11:00:00,14.3600,83.7700
2025-09-05 11:01:00,14.3300,83.7000
2025-09-05 11:02:00,14.3400,83.7700
2025-09-05 11:03:00,14.3400,83.7200
2025-09-05 11:04:00,14.3300,83.6400
2025-09-05 11:05:00,14.3400,83.7500
2025-09-05 11:06:00,14.3600,83.7800
2025-09-05 11:07:00,14.3400,83.6800
2025-09-05 11:08:00,14.3400,83.6700
2025-09-05 11:09:00,14.3300,83.6300
2025-09-05 11:10:00,14.3300,83.7200
2025-09-05 11:11:00,14.3400,83.7100
2025-09-05 11:12:00,14.3300,83.6700
2025-09-05 11:13:00,14.3300,83.6700
2025-09-05 11:14:00,14.3100,83.6000
2025-09-05 11:15:00,14.3400,83.6600
2025-09-05 11:16:00,14.3300,83.7200
2025-09-05 11:17:00,14.3300,83.7300
2025-09-05 11:18:00,14.3400,83.7100
2025-09-05 11:19:00,14.3400,83.6200
2025-09-05 11:20:00,14.3400,83.7300
2025-09-05 11:21:00,14.3600,83.8200
2025-09-05 11:22:00,14.3300,83.8000
2025-09-05 11:23:00,14.3600,83.7400
2025-09-05 11:24:00,14.3700,83.7500
2025-09-05 11:25:00,14.3600,83.7500
2025-09-05 11:26:00,14.3400,83.7300
2025-09-05 11:27:00,14.3300,83.8500
2025-09-05 11:28:00,14.3600,83.8600
2025-09-05 11:29:00,14.3600,83.7200
2025-09-05 11:30:00,14.3600,83.7600
2025-09-05 11:31:00,14.3600,83.7500
2025-09-05 11:32:00,14.3600,83.8100
2025-09-05 11:33:00,14.3400,83.7900
2025-09-05 11:34:00,14.3400,83.7700
2025-09-05 11:35:00,14.3600,83.7300
2025-09-05 11:36:00,14.3400,83.7400
2025-09-05 11:37:00,14.3600,83.8800
2025-09-05 11:38:00,14.3700,83.8300
2025-09-05 11:39:00,14.3300,83.8400
2025-09-05 11:40:00,14.3400,83.7100
2025-09-05 11:41:00,14.3300,83.7000
2025-09-05 11:42:00,14.3300,83.7700
2025-09-05 11:43:00,14.3300,83.7400
2025-09-05 11:44:00,14.3300,83.7800
2025-09-05 11:45:00,14.3400,83.8600
2025-09-05 11:46:00,14.3300,83.7300
2025-09-05 11:47:00,14.3700,83.8700
2025-09-05 11:48:00,14.3400,83.8400
2025-09-05 11:49:00,14.3700,83.8600
2025-09-05 11:50:00,14.3600,83.8600
2025-09-05 11:51:00,14.3400,83.8700
2025-09-05 11:52:00,14.3400,83.8600
2025-09-05 11:53:00,14.3600,83.8400
2025-09-05 11:54:00,14.4000,83.8500
2025-09-05 11:55:00,14.3800,83.8600
2025-09-05 11:56:00,14.4000,83.8700
2025-09-05 11:57:00,14.4000,83.8200
2025-09-05 11:58:00,14.3800,83.8200
2025-09-05 11:59:00,14.4000,83.7700
2025-09-05 12:00:00,14.4000,83.8300
2025-09-05 12:01:00,14.3800,83.8700
2025-09-05 12:02:00,14.4100,83.7800
2025-09-05 12:03:00,14.4100,83.8900
2025-09-05 12:04:00,14.4000,83.8200
2025-09-05 12:05:00,14.4100,83.8800
2025-09-05 12:06:00,14.4000,83.7600
2025-09-05 12:07:00,14.4000,83.8200
2025-09-05 12:08:00,14.4100,83.8000
2025-09-05 12:09:00,14.4300,83.8600
2025-09-05 12:10:00,14.4400,83.8600
2025-09-05 12:11:00,14.4300,83.7800
2025-09-05 12:12:00,14.4400,83.8100
2025-09-05 12:13:00,14.4400,83.7500
2025-09-05 12:14:00,14.4500,83.7700
2025-09-05 12:15:00,14.4300,83.8300
2025-09-05 12:16:00,14.4500,83.7500
2025-09-05 12:17:00,14.4400,83.7500
2025-09-05 12:18:00,14.4400,83.8000
2025-09-05 12:19:00,14.4100,83.6600
2025-09-05 12:20:00,14.4400,83.7500
2025-09-05 12:21:00,14.4300,83.7300
2025-09-05 12:22:00,14.4500,83.7800
2025-09-05 12:23:00,14.4300,83.7100
2025-09-05 12:24:00,14.4400,83.7600
2025-09-05 12:25:00,14.4500,83.7400
2025-09-05 12:26:00,14.4400,83.8700
2025-09-05 12:27:00,14.4400,83.8000
2025-09-05 12:28:00,14.4100,83.8400
2025-09-05 12:29:00,14.4250,83.7800
2025-09-05 12:30:00,14.4400,83.8450
2025-09-05 12:31:00,14.4125,83.7950
2025-09-05 12:32:00,14.3950,83.7175
2025-09-05 12:33:00,14.4400,83.7725
2025-09-05 12:34:00,14.4125,83.7125
2025-09-05 12:35:00,14.4400,83.8000
2025-09-05 12:36:00,14.3950,83.7250
2025-09-05 12:37:00,14.3950,83.7450
2025-09-05 12:38:00,14.4250,83.7425
2025-09-05 12:39:00,14.4125,83.7775
2025-09-05 12:40:00,14.4125,83.6325
2025-09-05 12:41:00,14.3950,83.7625
2025-09-05 12:42:00,14.4125,83.8575
2025-09-05 12:43:00,14.4125,83.8300
2025-09-05 12:44:00,14.3950,83.6925
2025-09-05 12:45:00,14.4125,83.7300
2025-09-05 12:46:00,14.3950,83.6025
2025-09-05 12:47:00,14.3825,83.6800
2025-09-05 12:48:00,14.3950,83.6825
2025-09-05 12:49:00,14.3700,83.7475
2025-09-05 12:50:00,14.3950,83.7525
2025-09-05 12:51:00,14.3825,83.6875
2025-09-05 12:52:00,14.3950,83.7725
2025-09-05 12:53:00,14.3825,83.7250
2025-09-05 12:54:00,14.4125,83.7500
2025-09-05 12:55:00,14.3950,83.7525
2025-09-05 12:56:00,14.4125,83.8575
2025-09-05 12:57:00,14.3950,83.7800
2025-09-05 12:58:00,14.3950,83.7900
2025-09-05 12:59:00,14.3950,83.7725
2025-09-05 13:00:00,14.3950,83.7450
2025-09-05 13:01:00,14.3950,83.7625
2025-09-05 13:02:00,14.3825,83.8325
2025-09-05 13:03:00,14.4125,83.8625
2025-09-05 13:04:00,14.3825,83.8400
2025-09-05 13:05:00,14.3825,83.7950
2025-09-05 13:06:00,14.3825,83.7150
2025-09-05 13:07:00,14.4125,83.7575
2025-09-05 13:08:00,14.3950,83.7000
2025-09-05 13:09:00,14.3825,83.7525
2025-09-05 13:10:00,14.3825,83.7775
2025-09-05 13:11:00,14.3950,83.7625
2025-09-05 13:12:00,14.3950,83.7250
2025-09-05 13:13:00,14.4125,83.7400
2025-09-05 13:14:00,14.3950,83.9050
2025-09-05 13:15:00,14.3950,83.8700
2025-09-05 13:16:00,14.3950,83.8350
2025-09-05 13:17:00,14.4125,83.8900
2025-09-05 13:18:00,14.4125,83.8400
2025-09-05 13:19:00,14.3950,83.7900
2025-09-05 13:20:00,14.4250,83.8500
2025-09-05 13:21:00,14.4125,83.8025
2025-09-05 13:22:00,14.3950,83.7900
2025-09-05 13:23:00,14.4125,83.6875
2025-09-05 13:24:00,14.4125,83.7400
2025-09-05 13:25:00,14.3825,83.6975
2025-09-05 13:26:00,14.4125,83.6750
2025-09-05 13:27:00,14.3950,83.6475
2025-09-05 13:28:00,14.3825,83.7075
2025-09-05 13:29:00,14.3825,83.6525
2025-09-05 13:30:00,14.3825,83.7150
2025-09-05 13:31:00,14.3700,83.7025
2025-09-05 13:32:00,14.3825,83.7425
2025-09-05 13:33:00,14.3950,83.8250
2025-09-05 13:34:00,14.4125,83.7500
2025-09-05 13:35:00,14.3825,83.6250
2025-09-05 13:36:00,14.3950,83.7250
2025-09-05 13:37:00,14.4125,83.7025
2025-09-05 13:38:00,14.3825,83.7150
2025-09-05 13:39:00,14.4125,83.6525
2025-09-05 13:40:00,14.3825,83.6350
2025-09-05 13:41:00,14.3950,83.5650
2025-09-05 13:42:00,14.3825,83.6075
2025-09-05 13:43:00,14.3825,83.6175
2025-09-05 13:44:00,14.4125,83.6600
2025-09-05 13:45:00,14.3700,83.6575
2025-09-05 13:46:00,14.4125,83.7125
2025-09-05 13:47:00,14.3825,83.6250
2025-09-05 13:48:00,14.3825,83.7150
2025-09-05 13:49:00,14.3700,83.6250
2025-09-05 13:50:00,14.3825,83.7075
2025-09-05 13:51:00,14.4125,83.6600
2025-09-05 13:52:00,14.3700,83.6250
2025-09-05 13:53:00,14.3950,83.6750
2025-09-05 13:54:00,14.3825,83.7350
2025-09-05 13:55:00,14.3825,83.7350
2025-09-05 13:56:00,14.3825,83.7250
2025-09-05 13:57:00,14.3825,83.7075
2025-09-05 13:58:00,14.3825,83.6525
2025-09-05 13:59:00,14.3825,83.6975
2025-09-05 14:00:00,14.3950,83.7450
2025-09-05 14:01:00,14.3825,83.6700
2025-09-05 14:02:00,14.3550,83.6825
2025-09-05 14:03:00,14.3700,83.7125
2025-09-05 14:04:00,14.3825,83.7775
2025-09-05 14:05:00,14.3950,83.7450
2025-09-05 14:06:00,14.3700,83.6150
2025-09-05 14:07:00,14.3700,83.5875
2025-09-05 14:08:00,14.3700,83.5700
2025-09-05 14:09:00,14.4125,83.7850
2025-09-05 14:10:00,14.7775,82.9350
2025-09-05 14:11:00,14.6100,82.4875
2025-09-05 14:12:00,14.4250,82.7975
2025-09-05 14:13:00,14.2700,83.1275
2025-09-05 14:14:00,14.1850,83.2250
2025-09-05 14:15:00,14.1150,83.4325
2025-09-05 14:16:00,14.0475,83.5150
2025-09-05 14:17:00,14.0175,83.6600
2025-09-05 14:18:00,13.9600,83.8000
2025-09-05 14:19:00,13.9900,84.0125
2025-09-05 14:20:00,13.9600,84.0250
2025-09-05 14:21:00,13.9325,84.1250
2025-09-05 14:22:00,13.9475,84.1975
2025-09-05 14:23:00,13.9150,84.2975
2025-09-05 14:24:00,13.9325,84.2950
2025-09-05 14:25:00,13.8900,84.3025
2025-09-05 14:26:00,13.9025,84.3950
2025-09-05 14:27:00,13.8750,84.4675
2025-09-05 14:28:00,13.8900,84.4800
2025-09-05 14:29:00,13.8900,84.6150
2025-09-05 14:30:00,13.9150,84.7100
2025-09-05 14:31:00,13.9325,84.7750
2025-09-05 14:32:00,13.9325,84.8200
2025-09-05 14:33:00,13.9475,84.9475
2025-09-05 14:34:00,13.9600,84.9050
2025-09-05 14:35:00,13.9475,84.8475
2025-09-05 14:36:00,13.9600,84.7725
2025-09-05 14:37:00,13.9325,84.7650
2025-09-05 14:38:00,13.9150,84.7975
2025-09-05 14:39:00,13.9150,84.7975
2025-09-05 14:40:00,13.9475,84.8925
2025-09-05 14:41:00,13.9325,84.9200
2025-09-05 14:42:00,13.9600,84.9975
2025-09-05 14:43:00,13.9775,84.9800
2025-09-05 14:44:00,13.9475,84.9125
2025-09-05 14:45:00,13.9900,84.8975
2025-09-05 14:46:00,13.9775,84.8650
2025-09-05 14:47:00,13.9475,84.7875
2025-09-05 14:48:00,13.9325,84.8100
2025-09-05 14:49:00,13.9475,84.7800
2025-09-05 14:50:00,13.9600,84.8350
2025-09-05 14:51:00,13.9600,84.8625
2025-09-05 14:52:00,13.9475,84.8325
2025-09-05 14:53:00,13.9325,84.9000
2025-09-05 14:54:00,13.9325,84.8550
2025-09-05 14:55:00,13.9325,84.9250
2025-09-05 14:56:00,13.9475,84.8650
2025-09-05 14:57:00,13.9600,84.9600
2025-09-05 14:58:00,13.9600,84.9250
2025-09-05 14:59:00,13.9775,84.9900
2025-09-05 15:00:00,13.9475,84.9400
2025-09-05 15:01:00,13.9600,85.0025
2025-09-05 15:02:00,13.9600,84.9800
2025-09-05 15:03:00,13.9775,84.9900
2025-09-05 15:04:00,13.9600,84.9600
2025-09-05 15:05:00,13.9600,84.9850
2025-09-05 15:06:00,13.9600,84.9525
2025-09-05 15:07:00,13.9600,85.0225
2025-09-05 15:08:00,13.9900,85.0650
2025-09-05 15:09:00,13.9775,84.9900
2025-09-05 15:10:00,13.9600,84.9175
2025-09-05 15:11:00,13.9775,84.9475
2025-09-05 15:12:00,13.9775,85.0175
2025-09-05 15:13:00,13.9900,84.9925
2025-09-05 15:14:00,13.9900,85.0850
2025-09-05 15:15:00,13.9775,85.0975
2025-09-05 15:16:00,13.9900,85.0850
2025-09-05 15:17:00,13.9775,84.9625
2025-09-05 15:18:00,13.9475,85.0200
2025-09-05 15:19:00,13.9600,84.9700
2025-09-05 15:20:00,13.9600,84.9850
2025-09-05 15:21:00,13.9775,85.0175
2025-09-05 15:22:00,13.9900,84.9925
2025-09-05 15:23:00,13.9900,85.0025
2025-09-05 15:24:00,14.0025,85.0400
2025-09-05 15:25:00,13.9900,84.9400
2025-09-05 15:26:00,13.9775,85.0000
2025-09-05 15:27:00,13.9900,84.9400
2025-09-05 15:28:00,14.0025,84.9525
2025-09-05 15:29:00,13.9900,84.9300
2025-09-05 15:30:00,13.9775,84.9800
2025-09-05 15:31:00,14.0025,84.9150
2025-09-05 15:32:00,13.9900,84.9575
2025-09-05 15:33:00,14.0025,84.9875
2025-09-05 15:34:00,13.9600,84.9975
2025-09-05 15:35:00,13.9900,85.0025
2025-09-05 15:36:00,14.0025,85.0775
2025-09-05 15:37:00,14.0000,84.9300
2025-09-05 15:38:00,13.9600,84.9500
2025-09-05 15:39:00,14.0000,85.0200
2025-09-05 15:40:00,13.9800,85.0600
2025-09-05 15:41:00,13.9800,84.9200
2025-09-05 15:42:00,14.0000,85.0600
2025-09-05 15:43:00,13.9900,85.0200
2025-09-05 15:44:00,13.9900,84.9900
2025-09-05 15:45:00,13.9900,84.9800
2025-09-05 15:46:00,13.9900,84.9100
2025-09-05 15:47:00,14.0200,84.8900
2025-09-05 15:48:00,14.0000,84.8700
2025-09-05 15:49:00,13.9900,84.9500
2025-09-05 15:50:00,14.0200,84.9400
2025-09-05 15:51:00,14.0200,84.9900
2025-09-05 15:52:00,14.0200,84.9600
2025-09-05 15:53:00,14.0200,84.9400
2025-09-05 15:54:00,13.9900,85.0000
2025-09-05 15:55:00,14.0000,84.9200
2025-09-05 15:56:00,14.0000,84.9600
2025-09-05 15:57:00,13.9900,84.9700
2025-09-05 15:58:00,13.9900,84.9500
2025-09-05 15:59:00,14.0200,84.9300
2025-09-05 16:00:00,13.9900,84.8900
2025-09-05 16:01:00,13.9900,84.9300
2025-09-05 16:02:00,14.0000,84.9500
2025-09-05 16:03:00,14.0000,84.9600
2025-09-05 16:04:00,14.0000,84.9000
2025-09-05 16:05:00,13.9800,84.9400
2025-09-05 16:06:00,14.0000,84.9700
2025-09-05 16:07:00,14.0000,85.0100
2025-09-05 16:08:00,14.0000,84.9700
2025-09-05 16:09:00,14.0200,85.0400
2025-09-05 16:10:00,14.0000,84.9000
2025-09-05 16:11:00,14.0000,85.0100
2025-09-05 16:12:00,13.9900,84.9200
2025-09-05 16:13:00,14.0200,84.9500
2025-09-05 16:14:00,13.9900,84.9300
2025-09-05 16:15:00,14.0000,85.0400
2025-09-05 16:16:00,13.9900,84.9600
2025-09-05 16:17:00,13.9800,84.9900
2025-09-05 16:18:00,13.9900,84.8600
2025-09-05 16:19:00,13.9800,84.8700
2025-09-05 16:20:00,13.9800,84.8800
2025-09-05 16:21:00,13.9800,84.9700
2025-09-05 16:22:00,13.9800,84.9000
2025-09-05 16:23:00,13.9900,84.9500
2025-09-05 16:24:00,13.9800,84.8700
2025-09-05 16:25:00,13.9600,84.8400
2025-09-05 16:26:00,13.9800,84.8600
2025-09-05 16:27:00,13.9800,84.8700
2025-09-05 16:28:00,13.9800,84.8500
2025-09-05 16:29:00,13.9600,84.8200
2025-09-05 16:30:00,13.9900,84.8900
2025-09-05 16:31:00,13.9600,84.8400
2025-09-05 16:32:00,13.9600,84.8300
2025-09-05 16:33:00,13.9500,84.8900
2025-09-05 16:34:00,13.9500,84.8300
2025-09-05 16:35:00,13.9600,84.9000
2025-09-05 16:36:00,13.9600,84.8400
2025-09-05 16:37:00,13.9900,84.8700
2025-09-05 16:38:00,13.9300,84.7900
2025-09-05 16:39:00,13.9600,84.8300
2025-09-05 16:40:00,13.9600,84.8600
2025-09-05 16:41:00,13.9800,84.9400
2025-09-05 16:42:00,13.9800,84.9400
2025-09-05 16:43:00,13.9800,84.9500
2025-09-05 16:44:00,13.9800,84.8100
2025-09-05 16:45:00,13.9600,84.8500
2025-09-05 16:46:00,13.9500,84.8200
2025-09-05 16:47:00,13.9900,84.9300
2025-09-05 16:48:00,13.9800,84.9500
2025-09-05 16:49:00,13.9900,84.7800
2025-09-05 16:50:00,13.9800,84.8100
2025-09-05 16:51:00,13.9500,84.7300
2025-09-05 16:52:00,14.0000,84.8500
2025-09-05 16:53:00,13.9800,84.8100
2025-09-05 16:54:00,14.0000,84.8800
2025-09-05 16:55:00,13.9900,84.7900
2025-09-05 16:56:00,13.9800,84.7800
2025-09-05 16:57:00,13.9900,84.7300
2025-09-05 16:58:00,13.9600,84.7100
2025-09-05 16:59:00,14.0000,84.7200
2025-09-05 17:00:00,13.9900,84.7800
2025-09-05 17:01:00,13.9900,84.7800
2025-09-05 17:02:00,13.9800,84.7500
2025-09-05 17:03:00,14.0000,84.7900
2025-09-05 17:04:00,13.9800,84.7000
2025-09-05 17:05:00,14.0000,84.7300
2025-09-05 17:06:00,13.9900,84.7400
2025-09-05 17:07:00,13.9600,84.8000
2025-09-05 17:08:00,14.0000,84.8500
2025-09-05 17:09:00,13.9900,84.7300
2025-09-05 17:10:00,14.0000,84.8800
2025-09-05 17:11:00,14.0200,84.8000
2025-09-05 17:12:00,13.9800,84.7600
2025-09-05 17:13:00,14.0000,84.8300
2025-09-05 17:14:00,13.9900,84.7900
2025-09-05 17:15:00,13.9800,84.7800
2025-09-05 17:16:00,14.0000,84.7100
2025-09-05 17:17:00,14.0000,84.7700
2025-09-05 17:18:00,13.9800,84.6800
2025-09-05 17:19:00,14.0200,84.7300
2025-09-05 17:20:00,13.9900,84.7400
2025-09-05 17:21:00,14.0200,84.6600
2025-09-05 17:22:00,13.9900,84.7800
2025-09-05 17:23:00,14.0000,84.7200
2025-09-05 17:24:00,14.0000,84.7700
2025-09-05 17:25:00,13.9800,84.8100
2025-09-05 17:26:00,13.9900,84.8300
2025-09-05 17:27:00,13.9900,84.7300
2025-09-05 17:28:00,13.9900,84.8100
2025-09-05 17:29:00,13.9600,84.6100
2025-09-05 17:30:00,14.0000,84.7200
2025-09-05 17:31:00,13.9900,84.7600
2025-09-05 17:32:00,13.9900,84.6600
2025-09-05 17:33:00,13.9800,84.7200
2025-09-05 17:34:00,13.9800,84.6300
2025-09-05 17:35:00,14.0200,84.7300
2025-09-05 17:36:00,13.9800,84.6200
2025-09-05 17:37:00,13.9800,84.6700
2025-09-05 17:38:00,13.9600,84.6800
2025-09-05 17:39:00,13.9800,84.6500
2025-09-05 17:40:00,13.9600,84.6000
2025-09-05 17:41:00,13.9600,84.6900
2025-09-05 17:42:00,13.9800,84.6500
2025-09-05 17:43:00,13.9800,84.6100
2025-09-05 17:44:00,13.9500,84.6100
2025-09-05 17:45:00,13.9600,84.6100
2025-09-05 17:46:00,13.9800,84.7200
2025-09-05 17:47:00,13.9500,84.7500
2025-09-05 17:48:00,13.9800,84.6600
2025-09-05 17:49:00,13.9800,84.6700
2025-09-05 17:50:00,13.9600,84.6000
2025-09-05 17:51:00,13.9600,84.5400
2025-09-05 17:52:00,13.9600,84.6000
2025-09-05 17:53:00,13.9200,84.5300
2025-09-05 17:54:00,13.9500,84.6700
2025-09-05 17:55:00,13.9300,84.6700
2025-09-05 17:56:00,13.9600,84.7500
2025-09-05 17:57:00,13.9800,84.7100
2025-09-05 17:58:00,13.9900,84.7100
2025-09-05 17:59:00,13.9800,84.6300
2025-09-05 18:00:00,13.9900,84.6600
2025-09-05 18:01:00,13.9800,84.5800
2025-09-05 18:02:00,13.9600,84.6000
2025-09-05 18:03:00,13.9600,84.6300
2025-09-05 18:04:00,13.9500,84.6500
2025-09-05 18:05:00,13.9300,84.6300
2025-09-05 18:06:00,13.9500,84.7100
2025-09-05 18:07:00,14.0000,84.7500
2025-09-05 18:08:00,13.9600,84.6300
2025-09-05 18:09:00,13.9600,84.6300
2025-09-05 18:10:00,13.9500,84.6600
2025-09-05 18:11:00,13.9900,84.7500
2025-09-05 18:12:00,13.9600,84.6800
2025-09-05 18:13:00,13.9900,84.6500
2025-09-05 18:14:00,13.9600,84.5800
2025-09-05 18:15:00,13.9600,84.5500
2025-09-05 18:16:00,13.9500,84.6400
2025-09-05 18:17:00,13.9600,84.6800
2025-09-05 18:18:00,13.9900,84.6500
2025-09-05 18:19:00,13.9500,84.6300
2025-09-05 18:20:00,13.9300,84.6000
2025-09-05 18:21:00,13.9300,84.6400
2025-09-05 18:22:00,13.9300,84.6200
2025-09-05 18:23:00,13.9500,84.6400
2025-09-05 18:24:00,13.9900,84.7400
2025-09-05 18:25:00,13.9900,84.7300
2025-09-05 18:26:00,13.9600,84.6900
2025-09-05 18:27:00,14.0000,84.6900
2025-09-05 18:28:00,13.9900,84.7500
2025-09-05 18:29:00,13.9800,84.7600
2025-09-05 18:30:00,14.0000,84.6300
2025-09-05 18:31:00,13.9900,84.5600
2025-09-05 18:32:00,14.0000,84.5000
2025-09-05 18:33:00,13.9800,84.5200
2025-09-05 18:34:00,13.9800,84.4900
2025-09-05 18:35:00,13.9900,84.4600
2025-09-05 18:36:00,13.9500,84.4700
2025-09-05 18:37:00,13.9600,84.4300
2025-09-05 18:38:00,13.9600,84.4400
2025-09-05 18:39:00,13.9500,84.4300
2025-09-05 18:40:00,13.9600,84.4100
2025-09-05 18:41:00,13.9600,84.4600
2025-09-05 18:42:00,13.9500,84.5000
2025-09-05 18:43:00,13.9600,84.5200
2025-09-05 18:44:00,13.9500,84.4100
2025-09-05 18:45:00,13.9500,84.4500
2025-09-05 18:46:00,13.9600,84.5000
2025-09-05 18:47:00,13.9300,84.4200
2025-09-05 18:48:00,13.9000,84.3200
2025-09-05 18:49:00,13.9500,84.3700
2025-09-05 18:50:00,13.9200,84.4500
2025-09-05 18:51:00,13.9500,84.5100
2025-09-05 18:52:00,13.9200,84.4800
2025-09-05 18:53:00,13.9300,84.4600
2025-09-05 18:54:00,13.9200,84.4700
2025-09-05 18:55:00,13.9300,84.5100
2025-09-05 18:56:00,13.9300,84.4800
2025-09-05 18:57:00,13.9300,84.3900
2025-09-05 18:58:00,13.9000,84.3900
2025-09-05 18:59:00,13.9200,84.3900
2025-09-05 19:00:00,13.9000,84.4400
2025-09-05 19:01:00,13.9200,84.4600
2025-09-05 19:02:00,13.9200,84.4800
2025-09-05 19:03:00,13.9300,84.5200
2025-09-05 19:04:00,13.9300,84.5200
2025-09-05 19:05:00,13.9500,84.5000
2025-09-05 19:06:00,13.9500,84.5700
2025-09-05 19:07:00,13.9300,84.5100
2025-09-05 19:08:00,13.9500,84.5500
2025-09-05 19:09:00,13.9500,84.5800
2025-09-05 19:10:00,13.9500,84.5000
2025-09-05 19:11:00,13.9300,84.4800
2025-09-05 19:12:00,13.9300,84.4800
2025-09-05 19:13:00,13.9600,84.4800
2025-09-05 19:14:00,13.9300,84.4500
2025-09-05 19:15:00,13.9300,84.4200
2025-09-05 19:16:00,13.9500,84.5300
2025-09-05 19:17:00,13.9500,84.5600
2025-09-05 19:18:00,13.9300,84.5500
2025-09-05 19:19:00,13.9300,84.4800
2025-09-05 19:20:00,13.9000,84.4100
2025-09-05 19:21:00,13.9300,84.4900
2025-09-05 19:22:00,13.9200,84.4500
2025-09-05 19:23:00,13.9300,84.4100
2025-09-05 19:24:00,13.9300,84.3900
2025-09-05 19:25:00,13.9000,84.3700
2025-09-05 19:26:00,13.9300,84.3900
2025-09-05 19:27:00,13.9200,84.4300
2025-09-05 19:28:00,13.9000,84.4000
2025-09-05 19:29:00,13.9300,84.5200
2025-09-05 19:30:00,13.9200,84.5100
2025-09-05 19:31:00,13.9600,84.5100
2025-09-05 19:32:00,13.9600,84.5300
2025-09-05 19:33:00,13.9500,84.4500
2025-09-05 19:34:00,13.9200,84.4600
2025-09-05 19:35:00,13.9300,84.4200
2025-09-05 19:36:00,13.9200,84.4300
2025-09-05 19:37:00,13.9300,84.3900
2025-09-05 19:38:00,13.9200,84.3700
2025-09-05 19:39:00,13.9200,84.3900
2025-09-05 19:40:00,13.9000,84.3900
2025-09-05 19:41:00,13.9200,84.3800
2025-09-05 19:42:00,13.9000,84.3800
2025-09-05 19:43:00,13.9500,84.4100
2025-09-05 19:44:00,13.9200,84.4300
2025-09-05 19:45:00,13.9200,84.4300
2025-09-05 19:46:00,13.9000,84.3800
2025-09-05 19:47:00,13.9300,84.4100
2025-09-05 19:48:00,13.9500,84.3700
2025-09-05 19:49:00,13.9200,84.3800
2025-09-05 19:50:00,13.9300,84.3900
2025-09-05 19:51:00,13.9300,84.4600
2025-09-05 19:52:00,13.9300,84.4500
2025-09-05 19:53:00,13.9300,84.4000
2025-09-05 19:54:00,13.9300,84.3500
2025-09-05 19:55:00,13.9300,84.3800
2025-09-05 19:56:00,13.9200,84.4700
2025-09-05 19:57:00,13.9300,84.5200
2025-09-05 19:58:00,13.9500,84.4900
2025-09-05 19:59:00,13.9300,84.4700
2025-09-05 20:00:00,13.9200,84.5200
2025-09-05 20:01:00,13.9300,84.4600
2025-09-05 20:02:00,13.9300,84.4600
2025-09-05 20:03:00,13.9200,84.4000
2025-09-05 20:04:00,13.9200,84.4200
2025-09-05 20:05:00,13.9000,84.3800
2025-09-05 20:06:00,13.9000,84.3900
2025-09-05 20:07:00,13.9200,84.4100
2025-09-05 20:08:00,13.9300,84.4100
2025-09-05 20:09:00,13.9000,84.4300
2025-09-05 20:10:00,13.9300,84.4600
2025-09-05 20:11:00,13.9300,84.4800
2025-09-05 20:12:00,13.9300,84.4500
2025-09-05 20:13:00,13.9200,84.3600
2025-09-05 20:14:00,13.8900,84.2400
2025-09-05 20:15:00,13.9200,84.2700
2025-09-05 20:16:00,13.9200,84.3000
2025-09-05 20:17:00,13.9000,84.2500
2025-09-05 20:18:00,13.9000,84.3100
2025-09-05 20:19:00,13.9300,84.3400
2025-09-05 20:20:00,13.9200,84.3500
2025-09-05 20:21:00,13.9200,84.3900
2025-09-05 20:22:00,13.9300,84.4500
2025-09-05 20:23:00,13.9300,84.3800
2025-09-05 20:24:00,13.9000,84.4000
2025-09-05 20:25:00,13.9200,84.4900
2025-09-05 20:26:00,13.8900,84.3700
2025-09-05 20:27:00,13.9200,84.3400
2025-09-05 20:28:00,13.9200,84.3500
2025-09-05 20:29:00,13.9200,84.3600
2025-09-05 20:30:00,13.9300,84.3400
2025-09-05 20:31:00,13.9200,84.3600
2025-09-05 20:32:00,13.9200,84.2700
2025-09-05 20:33:00,13.9000,84.2500
2025-09-05 20:34:00,13.9000,84.2400
2025-09-05 20:35:00,13.9200,84.2300
2025-09-05 20:36:00,13.9000,84.2300
2025-09-05 20:37:00,13.9500,84.2600
2025-09-05 20:38:00,13.9200,84.2200
2025-09-05 20:39:00,13.9200,84.1900
2025-09-05 20:40:00,13.9200,84.2100
2025-09-05 20:41:00,13.8800,84.2200
2025-09-05 20:42:00,13.8900,84.2300
2025-09-05 20:43:00,13.9000,84.2300
2025-09-05 20:44:00,13.9000,84.3100
2025-09-05 20:45:00,13.9000,84.2800
2025-09-05 20:46:00,13.9000,84.2500
2025-09-05 20:47:00,13.9200,84.3200
2025-09-05 20:48:00,13.9500,84.3700
2025-09-05 20:49:00,13.9300,84.3600
2025-09-05 20:50:00,13.9300,84.2900
2025-09-05 20:51:00,13.9300,84.3000
2025-09-05 20:52:00,13.9500,84.3400
2025-09-05 20:53:00,13.9500,84.2900
2025-09-05 20:54:00,13.9200,84.2400
2025-09-05 20:55:00,13.9200,84.1700
2025-09-05 20:56:00,13.9000,84.1600
2025-09-05 20:57:00,13.9500,84.2300
2025-09-05 20:58:00,13.9200,84.2300
2025-09-05 20:59:00,13.9300,84.3200
2025-09-05 21:00:00,13.9300,84.3100
2025-09-05 21:01:00,13.9500,84.3400
2025-09-05 21:02:00,13.9800,84.3700
2025-09-05 21:03:00,13.9600,84.3200
2025-09-05 21:04:00,13.9900,84.2800
2025-09-05 21:05:00,13.9900,84.2500
2025-09-05 21:06:00,13.9800,84.2500
2025-09-05 21:07:00,13.9800,84.1700
2025-09-05 21:08:00,13.9800,84.1500
2025-09-05 21:09:00,13.9600,84.1700
2025-09-05 21:10:00,13.9500,84.1000
2025-09-05 21:11:00,13.9600,84.1100
2025-09-05 21:12:00,13.9600,84.1600
2025-09-05 21:13:00,13.9600,84.1400
2025-09-05 21:14:00,13.9300,84.0700
2025-09-05 21:15:00,13.9200,84.0800
2025-09-05 21:16:00,13.9200,84.0800
2025-09-05 21:17:00,13.9000,84.1300
2025-09-05 21:18:00,13.9200,84.1800
2025-09-05 21:19:00,13.9300,84.2700
2025-09-05 21:20:00,13.9200,84.2200
2025-09-05 21:21:00,13.9500,84.2200
2025-09-05 21:22:00,13.9300,84.2000
2025-09-05 21:23:00,13.9500,84.2400
2025-09-05 21:24:00,13.9200,84.2400
2025-09-05 21:25:00,13.9500,84.2500
2025-09-05 21:26:00,13.9600,84.2400
2025-09-05 21:27:00,13.9500,84.2400
2025-09-05 21:28:00,13.9300,84.2400
2025-09-05 21:29:00,13.9500,84.2300
2025-09-05 21:30:00,13.9600,84.2400
2025-09-05 21:31:00,13.9600,84.2000
2025-09-05 21:32:00,13.9300,84.1400
2025-09-05 21:33:00,13.9600,84.0900
2025-09-05 21:34:00,13.9500,84.1000
2025-09-05 21:35:00,13.9500,84.1000
2025-09-05 21:36:00,13.9500,84.1400
2025-09-05 21:37:00,13.9300,84.1300
2025-09-05 21:38:00,13.9300,84.1400
2025-09-05 21:39:00,13.9500,84.1000
2025-09-05 21:40:00,13.9500,84.1400
2025-09-05 21:41:00,13.9000,84.1700
2025-09-05 21:42:00,13.9600,84.1200
2025-09-05 21:43:00,13.9600,84.1900
2025-09-05 21:44:00,13.9600,84.2200
2025-09-05 21:45:00,13.9800,84.2000
2025-09-05 21:46:00,13.9600,84.2500
2025-09-05 21:47:00,14.0000,84.3100
2025-09-05 21:48:00,13.9600,84.2300
2025-09-05 21:49:00,13.9800,84.2000
2025-09-05 21:50:00,13.9500,84.1600
2025-09-05 21:51:00,13.9500,84.1000
2025-09-05 21:52:00,13.9500,84.0400
2025-09-05 21:53:00,13.9200,83.9600
2025-09-05 21:54:00,13.9200,84.0000
2025-09-05 21:55:00,13.9500,84.0300
2025-09-05 21:56:00,13.9300,84.0800
2025-09-05 21:57:00,13.9500,84.1100
2025-09-05 21:58:00,13.9500,84.0200
2025-09-05 21:59:00,13.9200,83.9300
2025-09-05 22:00:00,13.9200,83.9500
2025-09-05 22:01:00,13.9200,83.9900
2025-09-05 22:02:00,13.9200,84.0500
2025-09-05 22:03:00,13.9300,84.0300
2025-09-05 22:04:00,13.8900,84.0300
2025-09-05 22:05:00,13.9300,84.0900
2025-09-05 22:06:00,13.9500,84.0600
2025-09-05 22:07:00,13.9300,84.0900
2025-09-05 22:08:00,13.9500,84.1000
2025-09-05 22:09:00,13.9500,84.1300
2025-09-05 22:10:00,13.9500,84.1700
2025-09-05 22:11:00,13.9500,84.1600
2025-09-05 22:12:00,13.9600,84.1700
2025-09-05 22:13:00,13.9600,84.1600
2025-09-05 22:14:00,13.9500,84.1600
2025-09-05 22:15:00,13.9600,84.0900
2025-09-05 22:16:00,13.9800,84.1300
2025-09-05 22:17:00,13.9800,84.2000
2025-09-05 22:18:00,13.9600,84.1100
2025-09-05 22:19:00,13.9500,84.1300
2025-09-05 22:20:00,13.9800,84.0900
2025-09-05 22:21:00,13.9500,84.0200
2025-09-05 22:22:00,13.9600,83.9900
2025-09-05 22:23:00,13.9600,83.9700
2025-09-05 22:24:00,13.9500,83.9800
2025-09-05 22:25:00,13.9300,83.9900
2025-09-05 22:26:00,13.9600,83.9500
2025-09-05 22:27:00,13.9200,83.9300
2025-09-05 22:28:00,13.9500,83.9000
2025-09-05 22:29:00,13.9500,83.9000
2025-09-05 22:30:00,13.9300,83.9100
2025-09-05 22:31:00,13.9200,83.9300
2025-09-05 22:32:00,13.9300,83.9400
2025-09-05 22:33:00,13.9500,83.9600
2025-09-05 22:34:00,13.9500,83.9800
2025-09-05 22:35:00,13.9500,84.0000
2025-09-05 22:36:00,13.9600,84.0300
2025-09-05 22:37:00,13.9600,84.0000
2025-09-05 22:38:00,13.9600,84.0100
2025-09-05 22:39:00,13.9600,84.0000
2025-09-05 22:40:00,13.9600,84.0000
2025-09-05 22:41:00,13.9600,84.0100
2025-09-05 22:42:00,13.9800,84.0000
2025-09-05 22:43:00,13.9500,83.9200
2025-09-05 22:44:00,13.9300,83.9100
2025-09-05 22:45:00,13.9600,83.9100
2025-09-05 22:46:00,13.9500,83.9000
2025-09-05 22:47:00,13.9500,83.9200
2025-09-05 22:48:00,13.9500,84.0000
2025-09-05 22:49:00,13.9500,84.0200
2025-09-05 22:50:00,13.9600,84.0500
2025-09-05 22:51:00,13.9500,84.0800
2025-09-05 22:52:00,13.9600,84.0400
2025-09-05 22:53:00,13.9600,84.0400
2025-09-05 22:54:00,13.9500,84.0000
2025-09-05 22:55:00,13.9500,83.9800
2025-09-05 22:56:00,13.9800,84.0000
2025-09-05 22:57:00,13.9500,83.9800
2025-09-05 22:58:00,13.9500,83.9800
2025-09-05 22:59:00,13.9300,84.0100
2025-09-05 23:00:00,13.9500,83.9800
2025-09-05 23:01:00,13.9200,84.0200
2025-09-05 23:02:00,13.9500,84.1000
2025-09-05 23:03:00,13.9500,84.1500
2025-09-05 23:04:00,13.9800,84.1100
2025-09-05 23:05:00,13.9600,84.1100
2025-09-05 23:06:00,13.9500,84.1100
2025-09-05 23:07:00,13.9600,84.0700
2025-09-05 23:08:00,13.9500,84.0600
2025-09-05 23:09:00,13.9800,84.0000
2025-09-05 23:10:00,13.9600,83.9500
2025-09-05 23:11:00,13.9900,83.9900
2025-09-05 23:12:00,13.9500,83.9600
2025-09-05 23:13:00,13.9800,83.9700
2025-09-05 23:14:00,13.9800,83.9200
2025-09-05 23:15:00,13.9500,83.9200
2025-09-05 23:16:00,13.9600,83.8500
2025-09-05 23:17:00,13.9800,83.9400
2025-09-05 23:18:00,13.9900,83.9100
2025-09-05 23:19:00,13.9500,83.9400
2025-09-05 23:20:00,13.9600,83.9500
2025-09-05 23:21:00,13.9900,83.9600
2025-09-05 23:22:00,13.9900,83.9800
2025-09-05 23:23:00,14.0000,83.9100
2025-09-05 23:24:00,13.9900,83.8700
2025-09-05 23:25:00,14.0000,83.8200
2025-09-05 23:26:00,13.9800,83.8000
2025-09-05 23:27:00,13.9600,83.8100
2025-09-05 23:28:00,13.9600,83.7800
2025-09-05 23:29:00,13.9800,83.7900
2025-09-05 23:30:00,13.9600,83.8000
2025-09-05 23:31:00,13.9500,83.7200
2025-09-05 23:32:00,13.9300,83.7200
2025-09-05 23:33:00,13.9300,83.7200
2025-09-05 23:34:00,13.9000,83.7800
2025-09-05 23:35:00,13.9300,83.8700
2025-09-05 23:36:00,13.9300,83.9200
2025-09-05 23:37:00,13.9500,83.9200
2025-09-05 23:38:00,13.9300,83.9000
2025-09-05 23:39:00,13.9600,83.9000
2025-09-05 23:40:00,13.9600,83.9300
2025-09-05 23:41:00,13.9500,83.9200
2025-09-05 23:42:00,13.9800,83.9300
2025-09-05 23:43:00,13.9900,83.9000
2025-09-05 23:44:00,13.9800,83.8500
2025-09-05 23:45:00,13.9800,83.8300
2025-09-05 23:46:00,13.9500,83.7300
2025-09-05 23:47:00,13.9200,83.6800
2025-09-05 23:48:00,13.9500,83.7000
2025-09-05 23:49:00,13.9300,83.7000
2025-09-05 23:50:00,13.9500,83.6800
2025-09-05 23:51:00,13.9500,83.6900
2025-09-05 23:52:00,13.9300,83.7200
2025-09-05 23:53:00,13.9600,83.7300
2025-09-05 23:54:00,13.9600,83.7600
2025-09-05 23:55:00,13.9600,83.7900
2025-09-05 23:56:00,13.9500,83.7300
2025-09-05 23:57:00,13.9500,83.7400
2025-09-05 23:58:00,13.9300,83.6900
2025-09-05 23:59:00,13.9300,83.6800
