Timestamp for sample frequency every 1 min,Temperature (°C),Relative Humidity (%)
2025-09-11 00:00:00,13.8900,82.0850
2025-09-11 00:01:00,13.8850,82.0375
2025-09-11 00:02:00,13.8600,82.1525
2025-09-11 00:03:00,13.8800,82.1175
2025-09-11 00:04:00,13.8850,82.0975
2025-09-11 00:05:00,13.8700,82.1750
2025-09-11 00:06:00,13.8825,82.2975
2025-09-11 00:07:00,13.8725,82.2000
2025-09-11 00:08:00,13.8800,82.2650
2025-09-11 00:09:00,13.9050,82.2800
2025-09-11 00:10:00,13.8775,82.2950
2025-09-11 00:11:00,13.8950,82.3300
2025-09-11 00:12:00,13.8750,82.3100
2025-09-11 00:13:00,13.8775,82.3925
2025-09-11 00:14:00,13.8700,82.2800
2025-09-11 00:15:00,13.8675,82.4000
2025-09-11 00:16:00,13.8750,82.4175
2025-09-11 00:17:00,13.8850,82.4125
2025-09-11 00:18:00,13.9025,82.4275
2025-09-11 00:19:00,13.8975,82.4150
2025-09-11 00:20:00,13.8775,82.4325
2025-09-11 00:21:00,13.8750,82.4475
2025-09-11 00:22:00,13.8800,82.3450
2025-09-11 00:23:00,13.8800,82.4975
2025-09-11 00:24:00,13.8925,82.5050
2025-09-11 00:25:00,13.9025,82.4800
2025-09-11 00:26:00,13.9000,82.4975
2025-09-11 00:27:00,13.8825,82.4225
2025-09-11 00:28:00,13.8850,82.5450
2025-09-11 00:29:00,13.9050,82.6300
2025-09-11 00:30:00,13.8900,82.6175
2025-09-11 00:31:00,13.9050,82.5450
2025-09-11 00:32:00,13.8750,82.6375
2025-09-11 00:33:00,13.9000,82.5950
2025-09-11 00:34:00,13.8800,82.5450
2025-09-11 00:35:00,13.8900,82.5225
2025-09-11 00:36:00,13.8800,82.4375
2025-09-11 00:37:00,13.8750,82.5475
2025-09-11 00:38:00,13.8750,82.4100
2025-09-11 00:39:00,13.8850,82.3900
2025-09-11 00:40:00,13.8775,82.4850
2025-09-11 00:41:00,13.8650,82.4675
2025-09-11 00:42:00,13.8750,82.3600
2025-09-11 00:43:00,13.8700,82.4825
2025-09-11 00:44:00,13.8600,82.4400
2025-09-11 00:45:00,13.8425,82.4025
2025-09-11 00:46:00,13.8625,82.3950
2025-09-11 00:47:00,13.8675,82.4125
2025-09-11 00:48:00,13.8475,82.5600
2025-09-11 00:49:00,13.8775,82.4200
2025-09-11 00:50:00,13.8525,82.3750
2025-09-11 00:51:00,13.8775,82.4100
2025-09-11 00:52:00,13.8750,82.3000
2025-09-11 00:53:00,13.8900,82.3850
2025-09-11 00:54:00,13.8750,82.4300
2025-09-11 00:55:00,13.8825,82.2975
2025-09-11 00:56:00,13.8850,82.3200
2025-09-11 00:57:00,13.8800,82.2475
2025-09-11 00:58:00,13.9075,82.2550
2025-09-11 00:59:00,13.8850,82.0800
2025-09-11 01:00:00,13.8775,82.1900
2025-09-11 01:01:00,13.9025,82.1850
2025-09-11 01:02:00,13.8550,82.1525
2025-09-11 01:03:00,13.8700,82.2775
2025-09-11 01:04:00,13.8650,82.1525
2025-09-11 01:05:00,13.8475,82.1600
2025-09-11 01:06:00,13.8575,82.2425
2025-09-11 01:07:00,13.8625,82.2800
2025-09-11 01:08:00,13.8850,82.2350
2025-09-11 01:09:00,13.8775,82.2675
2025-09-11 01:10:00,13.8900,82.3425
2025-09-11 01:11:00,13.9050,82.2475
2025-09-11 01:12:00,13.8800,82.1950
2025-09-11 01:13:00,13.8775,82.3500
2025-09-11 01:14:00,13.8850,82.4650
2025-09-11 01:15:00,13.9000,82.2600
2025-09-11 01:16:00,13.8700,82.3700
2025-09-11 01:17:00,13.8475,82.2475
2025-09-11 01:18:00,13.8650,82.4725
2025-09-11 01:19:00,13.9025,82.2775
2025-09-11 01:20:00,13.8725,82.5025
2025-09-11 01:21:00,13.8700,82.5575
2025-09-11 01:22:00,13.8700,82.4825
2025-09-11 01:23:00,13.8850,82.4275
2025-09-11 01:24:00,13.8650,82.2500
2025-09-11 01:25:00,13.8650,82.2975
2025-09-11 01:26:00,13.8575,82.5100
2025-09-11 01:27:00,13.8725,82.4325
2025-09-11 01:28:00,13.8925,82.3700
2025-09-11 01:29:00,13.8900,82.2725
2025-09-11 01:30:00,13.8775,82.4275
2025-09-11 01:31:00,13.8775,82.4425
2025-09-11 01:32:00,13.8850,82.2250
2025-09-11 01:33:00,13.8575,82.3075
2025-09-11 01:34:00,13.8650,82.4500
2025-09-11 01:35:00,13.8900,82.3700
2025-09-11 01:36:00,13.8925,82.3250
2025-09-11 01:37:00,13.8750,82.3100
2025-09-11 01:38:00,13.8600,82.4825
2025-09-11 01:39:00,13.8850,82.5225
2025-09-11 01:40:00,13.8825,82.3300
2025-09-11 01:41:00,13.8750,82.5775
2025-09-11 01:42:00,13.8750,82.4175
2025-09-11 01:43:00,13.8600,82.4475
2025-09-11 01:44:00,13.8750,82.4575
2025-09-11 01:45:00,13.8750,82.4250
2025-09-11 01:46:00,13.8625,82.5075
2025-09-11 01:47:00,13.8900,82.5650
2025-09-11 01:48:00,13.8800,82.5275
2025-09-11 01:49:00,13.9200,82.4725
2025-09-11 01:50:00,13.8900,82.3900
2025-09-11 01:51:00,13.8825,82.4250
2025-09-11 01:52:00,13.8850,82.4800
2025-09-11 01:53:00,13.9050,82.4800
2025-09-11 01:54:00,13.9025,82.3600
2025-09-11 01:55:00,13.8775,82.4025
2025-09-11 01:56:00,13.9025,82.4550
2025-09-11 01:57:00,13.8925,82.4625
2025-09-11 01:58:00,13.9025,82.3950
2025-09-11 01:59:00,13.8750,82.4500
2025-09-11 02:00:00,13.9050,82.4175
2025-09-11 02:01:00,13.8925,82.5150
2025-09-11 02:02:00,13.9175,82.4650
2025-09-11 02:03:00,13.8750,82.4825
2025-09-11 02:04:00,13.8800,82.5050
2025-09-11 02:05:00,13.8975,82.5725
2025-09-11 02:06:00,13.8900,82.5625
2025-09-11 02:07:00,13.9100,82.4175
2025-09-11 02:08:00,13.8975,82.6025
2025-09-11 02:09:00,13.9100,82.6350
2025-09-11 02:10:00,13.9050,82.5275
2025-09-11 02:11:00,14.0000,82.2250
2025-09-11 02:12:00,13.9550,82.3850
2025-09-11 02:13:00,13.9525,82.3225
2025-09-11 02:14:00,13.9450,82.3325
2025-09-11 02:15:00,13.9225,82.4025
2025-09-11 02:16:00,13.9025,82.5100
2025-09-11 02:17:00,13.9400,82.5700
2025-09-11 02:18:00,13.9200,82.3625
2025-09-11 02:19:00,13.9225,82.4450
2025-09-11 02:20:00,13.9225,82.3600
2025-09-11 02:21:00,13.9025,82.4575
2025-09-11 02:22:00,13.8800,82.3025
2025-09-11 02:23:00,13.9025,82.4750
2025-09-11 02:24:00,13.9050,82.3700
2025-09-11 02:25:00,14.0175,81.8950
2025-09-11 02:26:00,13.9425,82.0475
2025-09-11 02:27:00,13.9250,82.1625
2025-09-11 02:28:00,13.9225,82.2325
2025-09-11 02:29:00,13.9050,82.2775
2025-09-11 02:30:00,13.9075,82.3000
2025-09-11 02:31:00,13.9100,82.3250
2025-09-11 02:32:00,13.8850,82.3375
2025-09-11 02:33:00,13.8925,82.3575
2025-09-11 02:34:00,13.9025,82.4050
2025-09-11 02:35:00,13.8975,82.5375
2025-09-11 02:36:00,13.9050,82.3875
2025-09-11 02:37:00,13.8850,82.4325
2025-09-11 02:38:00,13.8850,82.5050
2025-09-11 02:39:00,13.9025,82.4550
2025-09-11 02:40:00,13.8925,82.3650
2025-09-11 02:41:00,13.8850,82.5375
2025-09-11 02:42:00,13.8825,82.5050
2025-09-11 02:43:00,13.9000,82.4675
2025-09-11 02:44:00,13.8750,82.4575
2025-09-11 02:45:00,13.9900,82.2775
2025-09-11 02:46:00,13.9500,82.2325
2025-09-11 02:47:00,13.9425,82.2850
2025-09-11 02:48:00,13.9125,82.3825
2025-09-11 02:49:00,13.8950,82.3575
2025-09-11 02:50:00,13.8975,82.4800
2025-09-11 02:51:00,13.8925,82.5250
2025-09-11 02:52:00,13.8925,82.4275
2025-09-11 02:53:00,13.8975,82.6275
2025-09-11 02:54:00,13.9200,82.7775
2025-09-11 02:55:00,13.9175,82.8350
2025-09-11 02:56:00,13.9025,82.7025
2025-09-11 02:57:00,13.9025,82.8075
2025-09-11 02:58:00,13.9075,82.6425
2025-09-11 02:59:00,13.8800,82.8425
2025-09-11 03:00:00,13.9000,82.8800
2025-09-11 03:01:00,13.8775,82.6500
2025-09-11 03:02:00,13.8800,82.8125
2025-09-11 03:03:00,13.9250,82.8575
2025-09-11 03:04:00,13.9000,82.8200
2025-09-11 03:05:00,13.9150,82.8875
2025-09-11 03:06:00,13.9025,82.8975
2025-09-11 03:07:00,13.8775,82.8225
2025-09-11 03:08:00,13.8750,82.8875
2025-09-11 03:09:00,13.8900,82.7050
2025-09-11 03:10:00,13.8925,82.8300
2025-09-11 03:11:00,13.8850,82.8600
2025-09-11 03:12:00,13.8850,82.6750
2025-09-11 03:13:00,13.9025,82.8200
2025-09-11 03:14:00,13.8825,82.8850
2025-09-11 03:15:00,13.8925,82.7075
2025-09-11 03:16:00,13.8975,82.5450
2025-09-11 03:17:00,13.8925,82.8200
2025-09-11 03:18:00,13.8750,82.8925
2025-09-11 03:19:00,13.8850,82.9075
2025-09-11 03:20:00,13.9150,82.9125
2025-09-11 03:21:00,13.8825,82.7975
2025-09-11 03:22:00,13.8925,82.7175
2025-09-11 03:23:00,13.8900,82.9075
2025-09-11 03:24:00,13.8900,82.9075
2025-09-11 03:25:00,13.8775,82.8275
2025-09-11 03:26:00,13.8925,82.8075
2025-09-11 03:27:00,13.8775,82.8300
2025-09-11 03:28:00,13.8975,82.9375
2025-09-11 03:29:00,13.8900,82.8275
2025-09-11 03:30:00,13.9125,82.8675
2025-09-11 03:31:00,13.9025,82.8600
2025-09-11 03:32:00,13.8850,82.8350
2025-09-11 03:33:00,13.9025,82.6725
2025-09-11 03:34:00,13.8775,82.8300
2025-09-11 03:35:00,13.8850,82.7275
2025-09-11 03:36:00,13.8850,82.9525
2025-09-11 03:37:00,13.8600,82.7875
2025-09-11 03:38:00,13.8750,83.0050
2025-09-11 03:39:00,13.8800,82.8275
2025-09-11 03:40:00,13.8775,82.9900
2025-09-11 03:41:00,13.8775,82.9875
2025-09-11 03:42:00,13.8650,82.9900
2025-09-11 03:43:00,13.8950,82.8750
2025-09-11 03:44:00,13.8725,83.0850
2025-09-11 03:45:00,13.8825,83.0300
2025-09-11 03:46:00,13.8800,83.0650
2025-09-11 03:47:00,13.8675,83.1000
2025-09-11 03:48:00,13.9025,83.0775
2025-09-11 03:49:00,13.8900,83.3525
2025-09-11 03:50:00,13.9025,83.3900
2025-09-11 03:51:00,13.8850,83.1600
2025-09-11 03:52:00,13.9025,83.2825
2025-09-11 03:53:00,13.8850,83.4475
2025-09-11 03:54:00,13.8900,83.3125
2025-09-11 03:55:00,13.9075,83.3175
2025-09-11 03:56:00,13.9025,83.2200
2025-09-11 03:57:00,13.9075,83.2450
2025-09-11 03:58:00,13.8850,83.3650
2025-09-11 03:59:00,13.8850,83.3025
2025-09-11 04:00:00,13.8825,83.3250
2025-09-11 04:01:00,13.9150,83.4075
2025-09-11 04:02:00,13.8800,83.4025
2025-09-11 04:03:00,13.8825,83.4950
2025-09-11 04:04:00,13.9000,83.3925
2025-09-11 04:05:00,13.8825,83.3275
2025-09-11 04:06:00,13.9025,83.3925
2025-09-11 04:07:00,13.9000,83.5950
2025-09-11 04:08:00,13.8700,83.6375
2025-09-11 04:09:00,13.8950,83.5925
2025-09-11 04:10:00,13.8650,83.3425
2025-09-11 04:11:00,13.8925,83.5950
2025-09-11 04:12:00,13.9125,83.5550
2025-09-11 04:13:00,13.9025,83.4400
2025-09-11 04:14:00,13.9200,83.3175
2025-09-11 04:15:00,13.9075,83.2850
2025-09-11 04:16:00,13.9025,83.3350
2025-09-11 04:17:00,13.8700,83.4925
2025-09-11 04:18:00,14.0125,83.0075
2025-09-11 04:19:00,13.9625,83.2025
2025-09-11 04:20:00,13.9450,83.2000
2025-09-11 04:21:00,13.9200,83.2700
2025-09-11 04:22:00,13.9475,83.2000
2025-09-11 04:23:00,13.9050,83.2150
2025-09-11 04:24:00,13.9300,83.3650
2025-09-11 04:25:00,13.9050,83.3750
2025-09-11 04:26:00,13.9125,83.4300
2025-09-11 04:27:00,13.9250,83.4725
2025-09-11 04:28:00,13.9125,83.4400
2025-09-11 04:29:00,13.9350,83.4200
2025-09-11 04:30:00,13.9300,83.2150
2025-09-11 04:31:00,13.9125,83.3375
2025-09-11 04:32:00,13.9425,83.4500
2025-09-11 04:33:00,13.9400,83.3050
2025-09-11 04:34:00,13.9225,83.3100
2025-09-11 04:35:00,13.9400,83.1875
2025-09-11 04:36:00,13.9225,83.2900
2025-09-11 04:37:00,13.9025,83.1500
2025-09-11 04:38:00,13.9100,83.0950
2025-09-11 04:39:00,13.9250,83.2775
2025-09-11 04:40:00,13.9225,83.1200
2025-09-11 04:41:00,13.9325,83.3500
2025-09-11 04:42:00,13.9250,83.2975
2025-09-11 04:43:00,13.9250,83.4075
2025-09-11 04:44:00,13.9300,83.2050
2025-09-11 04:45:00,13.9375,83.1975
2025-09-11 04:46:00,13.9175,83.1925
2025-09-11 04:47:00,13.9150,83.1850
2025-09-11 04:48:00,13.9025,83.3350
2025-09-11 04:49:00,13.9125,83.2225
2025-09-11 04:50:00,13.9125,83.4125
2025-09-11 04:51:00,13.9125,83.5250
2025-09-11 04:52:00,13.9325,83.3000
2025-09-11 04:53:00,13.9300,83.2675
2025-09-11 04:54:00,13.8925,83.1975
2025-09-11 04:55:00,13.9075,83.3025
2025-09-11 04:56:00,13.9125,83.3575
2025-09-11 04:57:00,13.9300,83.1025
2025-09-11 04:58:00,13.9250,83.2825
2025-09-11 04:59:00,13.9250,83.4025
2025-09-11 05:00:00,13.9125,83.1325
2025-09-11 05:01:00,13.9100,83.2425
2025-09-11 05:02:00,13.9000,83.3800
2025-09-11 05:03:00,13.9200,83.1875
2025-09-11 05:04:00,13.8975,83.2400
2025-09-11 05:05:00,13.9250,83.2150
2025-09-11 05:06:00,13.9175,83.2350
2025-09-11 05:07:00,13.9100,83.2475
2025-09-11 05:08:00,13.8925,83.1175
2025-09-11 05:09:00,13.9025,83.3425
2025-09-11 05:10:00,13.9300,83.0375
2025-09-11 05:11:00,13.8975,83.2650
2025-09-11 05:12:00,13.9250,83.1725
2025-09-11 05:13:00,13.9025,83.1325
2025-09-11 05:14:00,13.9125,83.0325
2025-09-11 05:15:00,13.8850,83.0200
2025-09-11 05:16:00,13.8850,83.1225
2025-09-11 05:17:00,13.9025,83.0525
2025-09-11 05:18:00,13.9000,83.2250
2025-09-11 05:19:00,13.9100,83.0475
2025-09-11 05:20:00,13.9175,83.0875
2025-09-11 05:21:00,13.9000,83.0775
2025-09-11 05:22:00,13.9050,83.0525
2025-09-11 05:23:00,13.9150,82.9800
2025-09-11 05:24:00,13.9225,83.0375
2025-09-11 05:25:00,13.9375,83.0275
2025-09-11 05:26:00,13.9075,82.9625
2025-09-11 05:27:00,13.9200,83.0100
2025-09-11 05:28:00,13.9300,82.8900
2025-09-11 05:29:00,13.9025,82.9900
2025-09-11 05:30:00,13.9225,82.9800
2025-09-11 05:31:00,13.8850,83.1150
2025-09-11 05:32:00,13.9250,82.9850
2025-09-11 05:33:00,13.8850,83.0300
2025-09-11 05:34:00,13.9025,82.9250
2025-09-11 05:35:00,13.9025,83.0625
2025-09-11 05:36:00,13.9125,82.9050
2025-09-11 05:37:00,13.9175,83.0400
2025-09-11 05:38:00,13.9250,82.8500
2025-09-11 05:39:00,13.9150,82.9800
2025-09-11 05:40:00,13.9225,83.1250
2025-09-11 05:41:00,13.9375,82.9325
2025-09-11 05:42:00,13.9250,82.8525
2025-09-11 05:43:00,13.9150,82.8900
2025-09-11 05:44:00,13.9225,82.8875
2025-09-11 05:45:00,13.8950,82.9750
2025-09-11 05:46:00,13.9025,82.8650
2025-09-11 05:47:00,13.9100,82.8850
2025-09-11 05:48:00,13.9025,82.9450
2025-09-11 05:49:00,13.9025,82.7950
2025-09-11 05:50:00,13.8925,82.8725
2025-09-11 05:51:00,13.9025,82.8400
2025-09-11 05:52:00,13.9050,82.9375
2025-09-11 05:53:00,13.8925,82.8750
2025-09-11 05:54:00,13.8975,82.8700
2025-09-11 05:55:00,13.9175,82.8350
2025-09-11 05:56:00,13.9175,82.9350
2025-09-11 05:57:00,13.9025,82.7075
2025-09-11 05:58:00,13.8950,82.7325
2025-09-11 05:59:00,13.8825,82.7525
2025-09-11 06:00:00,13.8975,82.7775
2025-09-11 06:01:00,13.9000,82.7775
2025-09-11 06:02:00,13.9050,82.8175
2025-09-11 06:03:00,13.9250,82.6100
2025-09-11 06:04:00,13.9125,82.6625
2025-09-11 06:05:00,13.9250,82.6725
2025-09-11 06:06:00,13.9175,82.7175
2025-09-11 06:07:00,13.9150,82.7225
2025-09-11 06:08:00,13.9225,82.6425
2025-09-11 06:09:00,13.9300,82.6425
2025-09-11 06:10:00,13.9400,82.6250
2025-09-11 06:11:00,13.9400,82.5975
2025-09-11 06:12:00,13.9250,82.5600
2025-09-11 06:13:00,13.9025,82.6000
2025-09-11 06:14:00,13.9025,82.6450
2025-09-11 06:15:00,13.9225,82.5625
2025-09-11 06:16:00,13.9350,82.5075
2025-09-11 06:17:00,13.9175,82.5400
2025-09-11 06:18:00,13.9250,82.6200
2025-09-11 06:19:00,13.9325,82.5550
2025-09-11 06:20:00,13.9225,82.4675
2025-09-11 06:21:00,13.9200,82.5000
2025-09-11 06:22:00,13.9150,82.4650
2025-09-11 06:23:00,13.9250,82.4050
2025-09-11 06:24:00,13.9350,82.3825
2025-09-11 06:25:00,13.9150,82.5250
2025-09-11 06:26:00,13.9025,82.5550
2025-09-11 06:27:00,13.9200,82.4900
2025-09-11 06:28:00,13.9225,82.4300
2025-09-11 06:29:00,13.9025,82.4125
2025-09-11 06:30:00,13.8975,82.3200
2025-09-11 06:31:00,13.8850,82.4325
2025-09-11 06:32:00,13.9000,82.4325
2025-09-11 06:33:00,13.8800,82.3700
2025-09-11 06:34:00,13.8850,82.4050
2025-09-11 06:35:00,13.8975,82.2475
2025-09-11 06:36:00,13.9025,82.3825
2025-09-11 06:37:00,13.8925,82.5200
2025-09-11 06:38:00,13.8825,82.4675
2025-09-11 06:39:00,13.8725,82.5025
2025-09-11 06:40:00,13.8925,82.5125
2025-09-11 06:41:00,13.8900,82.3700
2025-09-11 06:42:00,13.8725,82.3650
2025-09-11 06:43:00,13.9000,82.5700
2025-09-11 06:44:00,13.9225,82.4000
2025-09-11 06:45:00,13.8775,82.3600
2025-09-11 06:46:00,13.8850,82.3625
2025-09-11 06:47:00,13.8900,82.4450
2025-09-11 06:48:00,13.8800,82.4050
2025-09-11 06:49:00,13.8800,82.5275
2025-09-11 06:50:00,13.9025,82.4175
2025-09-11 06:51:00,13.8975,82.3300
2025-09-11 06:52:00,13.9100,82.3250
2025-09-11 06:53:00,13.9125,82.2725
2025-09-11 06:54:00,13.8750,82.2850
2025-09-11 06:55:00,13.8800,82.3175
2025-09-11 06:56:00,13.8925,82.2325
2025-09-11 06:57:00,13.8750,82.2925
2025-09-11 06:58:00,13.8775,82.3000
2025-09-11 06:59:00,13.8775,82.1950
2025-09-11 07:00:00,13.8850,82.0725
2025-09-11 07:01:00,13.8725,82.1975
2025-09-11 07:02:00,13.8775,82.1775
2025-09-11 07:03:00,13.9000,82.2000
2025-09-11 07:04:00,13.8800,82.2375
2025-09-11 07:05:00,13.8900,82.2150
2025-09-11 07:06:00,13.8800,82.1175
2025-09-11 07:07:00,13.8825,82.0350
2025-09-11 07:08:00,13.8850,82.2700
2025-09-11 07:09:00,13.9125,82.1175
2025-09-11 07:10:00,13.9025,82.0150
2025-09-11 07:11:00,13.9025,81.9425
2025-09-11 07:12:00,13.8900,82.0675
2025-09-11 07:13:00,13.9075,82.0400
2025-09-11 07:14:00,13.9125,81.8950
2025-09-11 07:15:00,13.8850,81.9325
2025-09-11 07:16:00,13.8925,81.9275
2025-09-11 07:17:00,13.8800,81.9375
2025-09-11 07:18:00,13.8900,81.9100
2025-09-11 07:19:00,13.8775,81.8650
2025-09-11 07:20:00,13.8800,81.9975
2025-09-11 07:21:00,13.8825,81.9025
2025-09-11 07:22:00,13.8900,81.8550
2025-09-11 07:23:00,13.8675,81.8550
2025-09-11 07:24:00,13.8700,81.8225
2025-09-11 07:25:00,13.8625,81.8550
2025-09-11 07:26:00,13.8650,82.0300
2025-09-11 07:27:00,13.9000,81.8550
2025-09-11 07:28:00,13.8925,81.7600
2025-09-11 07:29:00,13.8550,81.8525
2025-09-11 07:30:00,13.8750,81.7725
2025-09-11 07:31:00,13.8550,81.5800
2025-09-11 07:32:00,13.8575,81.7900
2025-09-11 07:33:00,13.8750,81.6800
2025-09-11 07:34:00,13.8700,81.6700
2025-09-11 07:35:00,13.8475,81.6075
2025-09-11 07:36:00,13.8475,81.4675
2025-09-11 07:37:00,13.8650,81.6350
2025-09-11 07:38:00,13.8775,81.4650
2025-09-11 07:39:00,13.8575,81.5975
2025-09-11 07:40:00,13.8475,81.4575
2025-09-11 07:41:00,13.8525,81.5100
2025-09-11 07:42:00,13.8450,81.5600
2025-09-11 07:43:00,13.8725,81.5475
2025-09-11 07:44:00,13.8600,81.5700
2025-09-11 07:45:00,13.8675,81.5725
2025-09-11 07:46:00,13.8650,81.5825
2025-09-11 07:47:00,13.8625,81.5550
2025-09-11 07:48:00,13.8600,81.6150
2025-09-11 07:49:00,13.8375,81.5400
2025-09-11 07:50:00,13.8600,81.5825
2025-09-11 07:51:00,13.8475,81.5300
2025-09-11 07:52:00,13.8525,81.6500
2025-09-11 07:53:00,13.8800,81.5175
2025-09-11 07:54:00,13.8600,81.7025
2025-09-11 07:55:00,13.8600,81.6050
2025-09-11 07:56:00,13.8475,81.7125
2025-09-11 07:57:00,13.8650,81.6525
2025-09-11 07:58:00,13.8525,81.6825
2025-09-11 07:59:00,13.8575,81.6650
2025-09-11 08:00:00,13.8650,81.7400
2025-09-11 08:01:00,13.8775,81.7150
2025-09-11 08:02:00,13.8675,81.6925
2025-09-11 08:03:00,13.8675,81.6825
2025-09-11 08:04:00,13.8750,81.8100
2025-09-11 08:05:00,13.8725,81.7850
2025-09-11 08:06:00,13.8925,81.8375
2025-09-11 08:07:00,13.8900,81.8150
2025-09-11 08:08:00,13.8850,81.9175
2025-09-11 08:09:00,13.8600,81.9675
2025-09-11 08:10:00,13.8975,81.9900
2025-09-11 08:11:00,13.8850,82.0325
2025-09-11 08:12:00,13.8900,82.0375
2025-09-11 08:13:00,13.8800,81.9025
2025-09-11 08:14:00,13.8600,82.1175
2025-09-11 08:15:00,13.8750,82.0050
2025-09-11 08:16:00,13.8750,82.1950
2025-09-11 08:17:00,13.8750,82.1850
2025-09-11 08:18:00,13.8900,82.2000
2025-09-11 08:19:00,13.8775,82.2150
2025-09-11 08:20:00,13.9850,82.1875
2025-09-11 08:21:00,14.0175,82.0800
2025-09-11 08:22:00,13.9775,82.3250
2025-09-11 08:23:00,13.9525,82.3775
2025-09-11 08:24:00,13.9650,82.4300
2025-09-11 08:25:00,13.9400,82.4025
2025-09-11 08:26:00,13.9125,82.5200
2025-09-11 08:27:00,13.9175,82.5150
2025-09-11 08:28:00,13.9100,82.5475
2025-09-11 08:29:00,13.8800,82.5600
2025-09-11 08:30:00,13.8750,82.5275
2025-09-11 08:31:00,13.8800,82.6200
2025-09-11 08:32:00,13.8850,82.6300
2025-09-11 08:33:00,13.8700,82.7425
2025-09-11 08:34:00,13.8675,82.7600
2025-09-11 08:35:00,13.8950,82.7775
2025-09-11 08:36:00,13.8800,82.8050
2025-09-11 08:37:00,13.8950,82.8425
2025-09-11 08:38:00,13.9000,82.7800
2025-09-11 08:39:00,13.9050,82.8500
2025-09-11 08:40:00,13.8850,82.8825
2025-09-11 08:41:00,13.8775,82.9150
2025-09-11 08:42:00,13.8800,82.9975
2025-09-11 08:43:00,13.8950,82.7850
2025-09-11 08:44:00,13.8925,82.8725
2025-09-11 08:45:00,13.8800,82.8950
2025-09-11 08:46:00,13.8925,82.7750
2025-09-11 08:47:00,13.9025,82.8525
2025-09-11 08:48:00,13.8900,82.9700
2025-09-11 08:49:00,13.8850,82.9475
2025-09-11 08:50:00,13.8850,82.8600
2025-09-11 08:51:00,13.8800,82.8600
2025-09-11 08:52:00,13.8700,82.9675
2025-09-11 08:53:00,13.8600,82.8450
2025-09-11 08:54:00,13.8775,82.9500
2025-09-11 08:55:00,13.8775,82.9125
2025-09-11 08:56:00,13.8600,82.8750
2025-09-11 08:57:00,13.8775,82.8775
2025-09-11 08:58:00,13.8625,82.8500
2025-09-11 08:59:00,13.8625,82.8025
2025-09-11 09:00:00,13.8750,82.8200
2025-09-11 09:01:00,13.8525,82.7300
2025-09-11 09:02:00,13.8600,82.7475
2025-09-11 09:03:00,13.8525,82.7300
2025-09-11 09:04:00,13.8750,82.6800
2025-09-11 09:05:00,13.8600,82.7150
2025-09-11 09:06:00,13.8700,82.6900
2025-09-11 09:07:00,13.8650,82.7650
2025-09-11 09:08:00,13.8900,82.7025
2025-09-11 09:09:00,13.8650,82.7275
2025-09-11 09:10:00,13.9225,82.7850
2025-09-11 09:11:00,13.8850,82.7025
2025-09-11 09:12:00,13.8750,82.7175
2025-09-11 09:13:00,13.8850,82.7950
2025-09-11 09:14:00,13.8900,82.8350
2025-09-11 09:15:00,13.8725,82.8750
2025-09-11 09:16:00,13.8750,82.7875
2025-09-11 09:17:00,13.8950,82.8275
2025-09-11 09:18:00,13.8725,82.9325
2025-09-11 09:19:00,13.8725,82.9650
2025-09-11 09:20:00,13.8850,82.9825
2025-09-11 09:21:00,13.8950,82.9650
2025-09-11 09:22:00,13.8850,83.0475
2025-09-11 09:23:00,13.9050,83.0575
2025-09-11 09:24:00,13.8850,83.3075
2025-09-11 09:25:00,13.9075,83.1100
2025-09-11 09:26:00,13.8850,83.1550
2025-09-11 09:27:00,13.8925,83.1350
2025-09-11 09:28:00,13.9100,83.2375
2025-09-11 09:29:00,13.9025,83.2400
2025-09-11 09:30:00,13.9400,83.0600
2025-09-11 09:31:00,13.9125,83.2500
2025-09-11 09:32:00,13.9025,83.1725
2025-09-11 09:33:00,13.9025,83.2500
2025-09-11 09:34:00,13.9000,83.1475
2025-09-11 09:35:00,13.9050,83.2150
2025-09-11 09:36:00,13.8850,83.3075
2025-09-11 09:37:00,13.8825,83.5025
2025-09-11 09:38:00,13.8900,83.3425
2025-09-11 09:39:00,13.9050,83.4050
2025-09-11 09:40:00,13.9025,83.2200
2025-09-11 09:41:00,13.8950,83.4175
2025-09-11 09:42:00,13.9075,83.3175
2025-09-11 09:43:00,13.8900,83.4700
2025-09-11 09:44:00,13.8850,83.5350
2025-09-11 09:45:00,13.8750,83.5325
2025-09-11 09:46:00,13.8750,83.4025
2025-09-11 09:47:00,13.8975,83.4800
2025-09-11 09:48:00,13.8950,83.6675
2025-09-11 09:49:00,13.9025,83.5750
2025-09-11 09:50:00,13.9025,83.7050
2025-09-11 09:51:00,13.8925,83.5325
2025-09-11 09:52:00,13.9025,83.7525
2025-09-11 09:53:00,13.9025,83.5350
2025-09-11 09:54:00,13.9050,83.7450
2025-09-11 09:55:00,13.9000,83.6550
2025-09-11 09:56:00,13.8925,83.6800
2025-09-11 09:57:00,13.9000,83.6625
2025-09-11 09:58:00,13.8825,83.5400
2025-09-11 09:59:00,13.9100,83.6150
2025-09-11 10:00:00,13.9225,83.3900
2025-09-11 10:01:00,13.9100,83.5750
2025-09-11 10:02:00,13.9125,83.2750
2025-09-11 10:03:00,13.8950,83.4825
2025-09-11 10:04:00,13.8850,83.1725
2025-09-11 10:05:00,13.8975,83.4950
2025-09-11 10:06:00,13.8925,83.4950
2025-09-11 10:07:00,13.8975,83.4350
2025-09-11 10:08:00,13.9000,83.2550
2025-09-11 10:09:00,13.9075,83.2450
2025-09-11 10:10:00,13.8975,83.2225
2025-09-11 10:11:00,13.8975,83.3575
2025-09-11 10:12:00,13.9025,83.3425
2025-09-11 10:13:00,13.9025,83.3200
2025-09-11 10:14:00,13.9250,83.2775
2025-09-11 10:15:00,13.9150,83.1550
2025-09-11 10:16:00,13.9075,83.0625
2025-09-11 10:17:00,13.9050,83.1025
2025-09-11 10:18:00,13.9050,83.0775
2025-09-11 10:19:00,13.8900,83.2350
2025-09-11 10:20:00,13.9025,83.2025
2025-09-11 10:21:00,13.8900,83.1175
2025-09-11 10:22:00,13.9025,83.1200
2025-09-11 10:23:00,13.8900,83.0200
2025-09-11 10:24:00,13.8850,83.2200
2025-09-11 10:25:00,13.8750,83.2400
2025-09-11 10:26:00,13.8850,83.2625
2025-09-11 10:27:00,13.8850,83.2425
2025-09-11 10:28:00,13.8900,83.2075
2025-09-11 10:29:00,13.9025,83.2600
2025-09-11 10:30:00,13.8975,83.1875
2025-09-11 10:31:00,13.8925,83.2750
2025-09-11 10:32:00,13.9025,83.2500
2025-09-11 10:33:00,13.8850,83.1325
2025-09-11 10:34:00,13.9100,83.2850
2025-09-11 10:35:00,13.9250,83.1500
2025-09-11 10:36:00,13.9125,83.1675
2025-09-11 10:37:00,13.9150,82.9500
2025-09-11 10:38:00,13.9050,83.2125
2025-09-11 10:39:00,13.9250,83.0275
2025-09-11 10:40:00,13.9075,83.1750
2025-09-11 10:41:00,13.9150,83.0200
2025-09-11 10:42:00,13.9125,82.8850
2025-09-11 10:43:00,13.9050,82.9475
2025-09-11 10:44:00,13.8800,82.9825
2025-09-11 10:45:00,13.8800,82.9475
2025-09-11 10:46:00,13.8750,83.0775
2025-09-11 10:47:00,13.8750,83.2325
2025-09-11 10:48:00,13.8950,83.0925
2025-09-11 10:49:00,13.9025,83.0250
2025-09-11 10:50:00,13.8925,83.0200
2025-09-11 10:51:00,13.8975,83.0575
2025-09-11 10:52:00,13.8850,83.0125
2025-09-11 10:53:00,13.8750,83.0175
2025-09-11 10:54:00,13.8725,82.9950
2025-09-11 10:55:00,13.9050,83.1250
2025-09-11 10:56:00,13.9025,83.1000
2025-09-11 10:57:00,13.9000,83.0200
2025-09-11 10:58:00,13.9050,83.2175
2025-09-11 10:59:00,13.9000,83.1500
2025-09-11 11:00:00,13.9125,83.0700
2025-09-11 11:01:00,13.9050,83.0550
2025-09-11 11:02:00,13.9025,83.0900
2025-09-11 11:03:00,13.9050,83.0500
2025-09-11 11:04:00,13.9300,82.9950
2025-09-11 11:05:00,13.8925,82.9025
2025-09-11 11:06:00,13.9025,83.0975
2025-09-11 11:07:00,13.9400,83.0700
2025-09-11 11:08:00,13.9250,83.0900
2025-09-11 11:09:00,13.9225,83.0550
2025-09-11 11:10:00,13.9225,83.1525
2025-09-11 11:11:00,13.9400,82.9950
2025-09-11 11:12:00,13.9175,82.9800
2025-09-11 11:13:00,13.9175,82.8675
2025-09-11 11:14:00,13.9425,83.1150
2025-09-11 11:15:00,13.9250,82.9150
2025-09-11 11:16:00,13.9175,82.9325
2025-09-11 11:17:00,13.9150,82.9500
2025-09-11 11:18:00,13.9150,83.0300
2025-09-11 11:19:00,13.9250,82.9700
2025-09-11 11:20:00,13.9500,83.0050
2025-09-11 11:21:00,13.9425,82.9025
2025-09-11 11:22:00,13.9400,82.9000
2025-09-11 11:23:00,13.9425,82.9100
2025-09-11 11:24:00,13.9225,82.8875
2025-09-11 11:25:00,13.9025,82.9175
2025-09-11 11:26:00,13.9075,83.0125
2025-09-11 11:27:00,13.9125,82.8250
2025-09-11 11:28:00,13.8950,82.9925
2025-09-11 11:29:00,13.9025,83.0775
2025-09-11 11:30:00,13.8975,82.9500
2025-09-11 11:31:00,13.9025,83.1325
2025-09-11 11:32:00,13.9300,83.0075
2025-09-11 11:33:00,13.9175,82.9200
2025-09-11 11:34:00,13.8950,83.0150
2025-09-11 11:35:00,13.9050,82.9450
2025-09-11 11:36:00,13.9075,82.9050
2025-09-11 11:37:00,13.9100,82.9950
2025-09-11 11:38:00,13.9200,82.8600
2025-09-11 11:39:00,13.9000,82.9750
2025-09-11 11:40:00,13.9025,82.8200
2025-09-11 11:41:00,13.8900,82.9875
2025-09-11 11:42:00,13.9025,82.8350
2025-09-11 11:43:00,13.9100,82.8075
2025-09-11 11:44:00,13.8750,82.8025
2025-09-11 11:45:00,13.8925,82.9100
2025-09-11 11:46:00,13.8850,82.9450
2025-09-11 11:47:00,13.8975,82.8375
2025-09-11 11:48:00,13.9050,82.9400
2025-09-11 11:49:00,13.9025,82.9450
2025-09-11 11:50:00,13.9025,82.9475
2025-09-11 11:51:00,13.9125,82.8750
2025-09-11 11:52:00,13.9025,83.1350
2025-09-11 11:53:00,13.8850,83.0750
2025-09-11 11:54:00,13.9100,82.9650
2025-09-11 11:55:00,13.9150,82.9875
2025-09-11 11:56:00,13.9075,82.9775
2025-09-11 11:57:00,13.8950,83.0575
2025-09-11 11:58:00,13.9100,82.9850
2025-09-11 11:59:00,13.9050,83.0675
2025-09-11 12:00:00,13.8850,82.9575
2025-09-11 12:01:00,13.9150,83.0925
2025-09-11 12:02:00,13.9350,82.9750
2025-09-11 12:03:00,13.9200,82.8975
2025-09-11 12:04:00,13.9175,82.8650
2025-09-11 12:05:00,13.9175,82.8425
2025-09-11 12:06:00,13.9225,82.9625
2025-09-11 12:07:00,13.9350,82.8050
2025-09-11 12:08:00,13.9250,82.8975
2025-09-11 12:09:00,13.9125,82.7125
2025-09-11 12:10:00,13.9175,82.9500
2025-09-11 12:11:00,13.8975,83.0550
2025-09-11 12:12:00,13.9225,82.9275
2025-09-11 12:13:00,13.9175,83.1150
2025-09-11 12:14:00,13.9325,82.9725
2025-09-11 12:15:00,13.9425,82.7875
2025-09-11 12:16:00,13.9125,82.6575
2025-09-11 12:17:00,13.9425,82.8250
2025-09-11 12:18:00,13.9250,82.6875
2025-09-11 12:19:00,13.9050,82.8750
2025-09-11 12:20:00,13.9225,82.8150
2025-09-11 12:21:00,13.9150,82.7000
2025-09-11 12:22:00,13.9225,82.6275
2025-09-11 12:23:00,13.9200,82.7925
2025-09-11 12:24:00,13.9350,82.6725
2025-09-11 12:25:00,13.9500,82.5925
2025-09-11 12:26:00,13.9300,82.5925
2025-09-11 12:27:00,13.9125,82.5950
2025-09-11 12:28:00,13.9000,82.5625
2025-09-11 12:29:00,13.9025,82.5250
2025-09-11 12:30:00,13.8850,82.5250
2025-09-11 12:31:00,13.8750,82.4625
2025-09-11 12:32:00,13.9025,82.4800
2025-09-11 12:33:00,13.8650,82.5525
2025-09-11 12:34:00,13.8900,82.4525
2025-09-11 12:35:00,13.9050,82.6075
2025-09-11 12:36:00,13.9125,82.4825
2025-09-11 12:37:00,13.9050,82.5125
2025-09-11 12:38:00,13.8900,82.6150
2025-09-11 12:39:00,13.8900,82.5025
2025-09-11 12:40:00,13.9175,82.5900
2025-09-11 12:41:00,13.9100,82.4650
2025-09-11 12:42:00,13.8850,82.4275
2025-09-11 12:43:00,13.9150,82.2750
2025-09-11 12:44:00,13.8975,82.3450
2025-09-11 12:45:00,13.8975,82.3300
2025-09-11 12:46:00,13.8850,82.4400
2025-09-11 12:47:00,13.8975,82.4400
2025-09-11 12:48:00,13.9150,82.5025
2025-09-11 12:49:00,13.8850,82.4400
2025-09-11 12:50:00,13.8975,82.4400
2025-09-11 12:51:00,13.9150,82.5025
2025-09-11 12:52:00,13.9125,82.2750
2025-09-11 12:53:00,13.9075,82.3725
2025-09-11 12:54:00,13.9025,82.3950
2025-09-11 12:55:00,13.9025,82.1850
2025-09-11 12:56:00,13.8925,82.4600
2025-09-11 12:57:00,13.9100,82.3600
2025-09-11 12:58:00,13.9200,82.2000
2025-09-11 12:59:00,13.9025,82.3150
2025-09-11 13:00:00,13.9325,82.2250
2025-09-11 13:01:00,13.9250,82.3875
2025-09-11 13:02:00,13.9250,82.4050
2025-09-11 13:03:00,13.9350,82.2350
2025-09-11 13:04:00,13.9250,82.2600
2025-09-11 13:05:00,13.9400,82.1550
2025-09-11 13:06:00,13.9425,82.0775
2025-09-11 13:07:00,13.9025,82.2850
2025-09-11 13:08:00,13.9125,82.1850
2025-09-11 13:09:00,13.9175,82.2000
2025-09-11 13:10:00,13.9400,82.1325
2025-09-11 13:11:00,13.9250,82.2225
2025-09-11 13:12:00,13.9400,81.9925
2025-09-11 13:13:00,13.9125,81.9325
2025-09-11 13:14:00,13.9175,81.9675
2025-09-11 13:15:00,13.9025,81.9425
2025-09-11 13:16:00,13.9125,81.7825
2025-09-11 13:17:00,13.9050,81.7825
2025-09-11 13:18:00,13.9100,81.6375
2025-09-11 13:19:00,14.0550,81.3700
2025-09-11 13:20:00,14.0000,81.6175
2025-09-11 13:21:00,13.9925,81.7400
2025-09-11 13:22:00,13.9500,81.8050
2025-09-11 13:23:00,13.9800,81.9275
2025-09-11 13:24:00,13.9650,82.1300
2025-09-11 13:25:00,13.9725,81.8725
2025-09-11 13:26:00,13.9775,81.9825
2025-09-11 13:27:00,13.9775,81.9300
2025-09-11 13:28:00,13.9700,81.8950
2025-09-11 13:29:00,13.9650,81.7975
2025-09-11 13:30:00,13.9650,81.8700
2025-09-11 13:31:00,13.9500,81.7775
2025-09-11 13:32:00,13.9600,81.7975
2025-09-11 13:33:00,13.9650,81.9250
2025-09-11 13:34:00,13.9700,81.8900
2025-09-11 13:35:00,13.9900,81.8825
2025-09-11 13:36:00,13.9925,81.8025
2025-09-11 13:37:00,13.9850,81.8225
2025-09-11 13:38:00,14.0000,81.7850
2025-09-11 13:39:00,14.0125,81.7200
2025-09-11 13:40:00,14.0100,81.6850
2025-09-11 13:41:00,13.9950,81.6650
2025-09-11 13:42:00,13.9825,81.5475
2025-09-11 13:43:00,13.9850,81.6525
2025-09-11 13:44:00,14.0150,81.6225
2025-09-11 13:45:00,13.9875,81.4850
2025-09-11 13:46:00,13.9650,81.6125
2025-09-11 13:47:00,13.9650,81.4075
2025-09-11 13:48:00,13.9575,81.5175
2025-09-11 13:49:00,13.9500,81.4450
2025-09-11 13:50:00,13.9650,81.5225
2025-09-11 13:51:00,13.9550,81.6375
2025-09-11 13:52:00,13.9500,81.5475
2025-09-11 13:53:00,13.9775,81.4075
2025-09-11 13:54:00,13.9700,81.4250
2025-09-11 13:55:00,13.9525,81.2400
2025-09-11 13:56:00,13.9550,81.3650
2025-09-11 13:57:00,13.9525,81.1400
2025-09-11 13:58:00,13.9425,81.3875
2025-09-11 13:59:00,13.9150,81.1275
2025-09-11 14:00:00,13.9025,81.1850
2025-09-11 14:01:00,13.9200,81.2450
2025-09-11 14:02:00,13.9125,81.1775
2025-09-11 14:03:00,13.9425,81.1925
2025-09-11 14:04:00,13.9400,81.0975
2025-09-11 14:05:00,13.9125,81.1825
2025-09-11 14:06:00,13.9400,81.1775
2025-09-11 14:07:00,13.9350,81.1650
2025-09-11 14:08:00,13.9425,80.9750
2025-09-11 14:09:00,13.9350,81.1600
2025-09-11 14:10:00,13.9125,81.0825
2025-09-11 14:11:00,13.9225,80.9225
2025-09-11 14:12:00,13.9400,80.9850
2025-09-11 14:13:00,13.9175,81.0050
2025-09-11 14:14:00,13.9200,80.9750
2025-09-11 14:15:00,13.9150,80.9175
2025-09-11 14:16:00,13.9125,80.8750
2025-09-11 14:17:00,13.9050,80.8075
2025-09-11 14:18:00,13.8825,80.8150
2025-09-11 14:19:00,13.8950,80.8375
2025-09-11 14:20:00,13.9225,80.7875
2025-09-11 14:21:00,13.8825,80.8150
2025-09-11 14:22:00,13.8950,80.8375
2025-09-11 14:23:00,13.9225,80.7875
2025-09-11 14:24:00,13.9250,80.7250
2025-09-11 14:25:00,13.9125,80.6600
2025-09-11 14:26:00,13.9200,80.7050
2025-09-11 14:27:00,13.9225,80.6075
2025-09-11 14:28:00,13.9225,80.5925
2025-09-11 14:29:00,13.9300,80.4775
2025-09-11 14:30:00,13.9225,80.4600
2025-09-11 14:31:00,13.9150,80.4850
2025-09-11 14:32:00,13.9025,80.4950
2025-09-11 14:33:00,13.9125,80.4950
2025-09-11 14:34:00,13.9300,80.4900
2025-09-11 14:35:00,13.9025,80.5100
2025-09-11 14:36:00,13.8750,80.5075
2025-09-11 14:37:00,13.9050,80.5100
2025-09-11 14:38:00,13.9050,80.4450
2025-09-11 14:39:00,13.9025,80.4450
2025-09-11 14:40:00,13.9750,80.0450
2025-09-11 14:41:00,13.9350,80.2375
2025-09-11 14:42:00,13.9425,80.3650
2025-09-11 14:43:00,13.8975,80.3625
2025-09-11 14:44:00,13.9150,80.3575
2025-09-11 14:45:00,13.9025,80.4450
2025-09-11 14:46:00,13.9075,80.3375
2025-09-11 14:47:00,13.9125,80.2525
2025-09-11 14:48:00,13.9350,80.1650
2025-09-11 14:49:00,13.9150,80.0700
2025-09-11 14:50:00,13.9025,80.1400
2025-09-11 14:51:00,13.9150,80.0700
2025-09-11 14:52:00,13.9025,80.1400
2025-09-11 14:53:00,13.9125,79.9550
2025-09-11 14:54:00,13.9125,79.9950
2025-09-11 14:55:00,13.9350,79.9400
2025-09-11 14:56:00,13.9175,80.0025
2025-09-11 14:57:00,13.9150,79.9225
2025-09-11 14:58:00,13.9475,79.9100
2025-09-11 14:59:00,13.9125,79.7650
2025-09-11 15:00:00,14.0650,79.3600
2025-09-11 15:01:00,14.0475,79.3675
2025-09-11 15:02:00,14.1675,78.9250
2025-09-11 15:03:00,14.1575,79.0575
2025-09-11 15:04:00,14.1225,79.2675
2025-09-11 15:05:00,14.0825,79.4575
2025-09-11 15:06:00,14.0625,79.5125
2025-09-11 15:07:00,14.0025,79.6400
2025-09-11 15:08:00,13.9650,79.6150
2025-09-11 15:09:00,13.9375,79.7200
2025-09-11 15:10:00,13.8850,79.6950
2025-09-11 15:11:00,13.8550,79.9725
2025-09-11 15:12:00,13.8425,79.8950
2025-09-11 15:13:00,13.8050,80.0650
2025-09-11 15:14:00,13.7850,79.9925
2025-09-11 15:15:00,13.7925,80.2175
2025-09-11 15:16:00,13.7825,80.2450
2025-09-11 15:17:00,13.7575,80.2550
2025-09-11 15:18:00,13.7775,80.3325
2025-09-11 15:19:00,13.7725,80.3400
2025-09-11 15:20:00,13.7825,80.3800
2025-09-11 15:21:00,13.7825,80.3800
2025-09-11 15:22:00,13.7625,80.5675
2025-09-11 15:23:00,13.8075,80.4250
2025-09-11 15:24:00,13.8000,80.2050
2025-09-11 15:25:00,13.8200,80.2750
2025-09-11 15:26:00,13.8125,80.3050
2025-09-11 15:27:00,13.7900,80.2325
2025-09-11 15:28:00,13.8050,80.3750
2025-09-11 15:29:00,13.7800,80.3725
2025-09-11 15:30:00,13.8025,80.3400
2025-09-11 15:31:00,13.8050,80.4525
2025-09-11 15:32:00,13.7900,80.4250
2025-09-11 15:33:00,13.7900,80.4550
2025-09-11 15:34:00,13.8125,80.4775
2025-09-11 15:35:00,13.8000,80.5650
2025-09-11 15:36:00,13.7650,80.5750
2025-09-11 15:37:00,13.7925,80.7400
2025-09-11 15:38:00,13.8000,80.6825
2025-09-11 15:39:00,13.8025,80.6750
2025-09-11 15:40:00,13.7925,80.6950
2025-09-11 15:41:00,13.8025,80.7475
2025-09-11 15:42:00,13.8050,80.6150
2025-09-11 15:43:00,13.8250,80.4525
2025-09-11 15:44:00,13.8125,80.3425
2025-09-11 15:45:00,13.8075,80.2175
2025-09-11 15:46:00,13.8000,80.2125
2025-09-11 15:47:00,13.7850,80.3450
2025-09-11 15:48:00,13.7800,80.3900
2025-09-11 15:49:00,13.9025,79.9575
2025-09-11 15:50:00,13.8375,80.0350
2025-09-11 15:51:00,13.8275,80.2200
2025-09-11 15:52:00,13.8125,80.1475
2025-09-11 15:53:00,13.8275,80.2200
2025-09-11 15:54:00,13.8125,80.1475
2025-09-11 15:55:00,13.8175,80.1400
2025-09-11 15:56:00,13.7875,80.1075
2025-09-11 15:57:00,13.7775,80.1400
2025-09-11 15:58:00,13.7950,80.0925
2025-09-11 15:59:00,13.8900,79.8450
2025-09-11 16:00:00,13.8425,79.7975
2025-09-11 16:01:00,13.8200,79.9075
2025-09-11 16:02:00,13.7950,79.9850
2025-09-11 16:03:00,13.7825,80.0525
2025-09-11 16:04:00,13.7800,80.0450
2025-09-11 16:05:00,13.7750,80.0850
2025-09-11 16:06:00,13.7900,79.9800
2025-09-11 16:07:00,13.7575,79.9475
2025-09-11 16:08:00,13.7650,79.9000
2025-09-11 16:09:00,13.7575,79.8800
2025-09-11 16:10:00,13.7625,79.8225
2025-09-11 16:11:00,13.7750,79.8275
2025-09-11 16:12:00,13.7525,79.7950
2025-09-11 16:13:00,13.7675,79.7250
2025-09-11 16:14:00,13.7775,79.7500
2025-09-11 16:15:00,13.7450,79.9225
2025-09-11 16:16:00,13.7575,79.8875
2025-09-11 16:17:00,13.7925,79.8650
2025-09-11 16:18:00,13.7825,79.8350
2025-09-11 16:19:00,13.7825,79.8400
2025-09-11 16:20:00,13.7850,79.7225
2025-09-11 16:21:00,13.7775,79.8650
2025-09-11 16:22:00,13.7900,79.8825
2025-09-11 16:23:00,13.7875,79.7400
2025-09-11 16:24:00,13.8050,79.9175
2025-09-11 16:25:00,13.8125,79.7850
2025-09-11 16:26:00,13.7850,79.8375
2025-09-11 16:27:00,13.7950,79.8250
2025-09-11 16:28:00,13.7825,79.7750
2025-09-11 16:29:00,13.7525,79.7625
2025-09-11 16:30:00,13.7750,79.8425
2025-09-11 16:31:00,13.7750,79.8725
2025-09-11 16:32:00,13.7850,79.8225
2025-09-11 16:33:00,13.7750,79.7125
2025-09-11 16:34:00,13.7875,79.7725
2025-09-11 16:35:00,13.7825,79.6750
2025-09-11 16:36:00,13.7750,79.6900
2025-09-11 16:37:00,13.7650,79.6000
2025-09-11 16:38:00,13.7775,79.6825
2025-09-11 16:39:00,13.7875,79.6650
2025-09-11 16:40:00,13.7750,79.7000
2025-09-11 16:41:00,13.8025,79.7625
2025-09-11 16:42:00,13.7900,79.6425
2025-09-11 16:43:00,13.7975,79.7650
2025-09-11 16:44:00,13.8325,79.7150
2025-09-11 16:45:00,13.8225,79.6425
2025-09-11 16:46:00,13.8225,79.5875
2025-09-11 16:47:00,13.7950,79.5850
2025-09-11 16:48:00,13.8200,79.5775
2025-09-11 16:49:00,13.8000,79.6250
2025-09-11 16:50:00,13.8225,79.5900
2025-09-11 16:51:00,13.8000,79.6250
2025-09-11 16:52:00,13.8225,79.5900
2025-09-11 16:53:00,13.8425,79.5575
2025-09-11 16:54:00,13.8325,79.6650
2025-09-11 16:55:00,13.8225,79.6875
2025-09-11 16:56:00,13.8250,79.7175
2025-09-11 16:57:00,13.7975,79.7500
2025-09-11 16:58:00,13.8000,79.7625
2025-09-11 16:59:00,13.8025,79.9350
2025-09-11 17:00:00,13.8250,79.8075
2025-09-11 17:01:00,13.8300,79.8575
2025-09-11 17:02:00,13.7950,79.9525
2025-09-11 17:03:00,13.8025,79.8700
2025-09-11 17:04:00,13.7800,79.9875
2025-09-11 17:05:00,13.7975,80.0450
2025-09-11 17:06:00,13.8050,80.0150
2025-09-11 17:07:00,13.7950,79.8475
2025-09-11 17:08:00,13.7625,79.9625
2025-09-11 17:09:00,13.7675,79.9425
2025-09-11 17:10:00,13.7825,79.9150
2025-09-11 17:11:00,13.7625,79.8575
2025-09-11 17:12:00,13.7675,79.7700
2025-09-11 17:13:00,13.7800,79.7800
2025-09-11 17:14:00,13.7625,79.7775
2025-09-11 17:15:00,13.7850,79.6800
2025-09-11 17:16:00,13.7725,79.7125
2025-09-11 17:17:00,13.7775,79.7075
2025-09-11 17:18:00,13.7625,79.7650
2025-09-11 17:19:00,13.7825,79.7425
2025-09-11 17:20:00,13.7925,79.7500
2025-09-11 17:21:00,13.7925,79.8025
2025-09-11 17:22:00,13.7575,79.6800
2025-09-11 17:23:00,13.7550,79.7900
2025-09-11 17:24:00,13.7625,79.7800
2025-09-11 17:25:00,13.7600,79.6400
2025-09-11 17:26:00,13.7750,79.7075
2025-09-11 17:27:00,13.7675,79.7550
2025-09-11 17:28:00,13.7750,79.5325
2025-09-11 17:29:00,13.8225,79.6425
2025-09-11 17:30:00,13.8025,79.6350
2025-09-11 17:31:00,13.7900,79.6300
2025-09-11 17:32:00,13.7750,79.5025
2025-09-11 17:33:00,13.7625,79.6325
2025-09-11 17:34:00,13.7475,79.7400
2025-09-11 17:35:00,13.7475,79.8225
2025-09-11 17:36:00,13.7725,79.7625
2025-09-11 17:37:00,13.7825,79.8925
2025-09-11 17:38:00,13.8050,79.8425
2025-09-11 17:39:00,13.7925,79.8750
2025-09-11 17:40:00,13.7725,79.8750
2025-09-11 17:41:00,13.7925,79.8625
2025-09-11 17:42:00,13.7675,79.8950
2025-09-11 17:43:00,13.7725,79.8525
2025-09-11 17:44:00,13.7675,79.8650
2025-09-11 17:45:00,13.7775,79.8250
2025-09-11 17:46:00,13.7525,79.8675
2025-09-11 17:47:00,13.7425,79.8500
2025-09-11 17:48:00,13.7850,79.8025
2025-09-11 17:49:00,13.7625,79.6950
2025-09-11 17:50:00,13.7825,79.6250
2025-09-11 17:51:00,13.7950,79.6125
2025-09-11 17:52:00,13.7675,79.6550
2025-09-11 17:53:00,13.7750,79.6600
2025-09-11 17:54:00,13.8000,79.6875
2025-09-11 17:55:00,13.7625,79.6600
2025-09-11 17:56:00,13.7725,79.7175
2025-09-11 17:57:00,13.7725,79.7125
2025-09-11 17:58:00,13.7850,79.7325
2025-09-11 17:59:00,13.7600,79.6575
2025-09-11 18:00:00,13.7825,79.5775
2025-09-11 18:01:00,13.7650,79.5975
2025-09-11 18:02:00,13.7625,79.5375
2025-09-11 18:03:00,13.7650,79.5375
2025-09-11 18:04:00,13.7675,79.5450
2025-09-11 18:05:00,13.7600,79.5875
2025-09-11 18:06:00,13.7575,79.6275
2025-09-11 18:07:00,13.7625,79.5550
2025-09-11 18:08:00,13.7525,79.6350
2025-09-11 18:09:00,13.7300,79.6575
2025-09-11 18:10:00,13.7400,79.6900
2025-09-11 18:11:00,13.7475,79.7450
2025-09-11 18:12:00,13.7425,79.7675
2025-09-11 18:13:00,13.7250,79.8350
2025-09-11 18:14:00,13.7425,79.9125
2025-09-11 18:15:00,13.7750,79.8950
2025-09-11 18:16:00,13.7725,79.9225
2025-09-11 18:17:00,13.7450,79.9100
2025-09-11 18:18:00,13.7575,79.9300
2025-09-11 18:19:00,13.7400,79.9025
2025-09-11 18:20:00,13.7500,79.9200
2025-09-11 18:21:00,13.7275,79.9925
2025-09-11 18:22:00,13.7625,79.8825
2025-09-11 18:23:00,13.7650,79.8800
2025-09-11 18:24:00,13.7800,79.7550
2025-09-11 18:25:00,13.7650,79.6900
2025-09-11 18:26:00,13.7475,79.7125
2025-09-11 18:27:00,13.7625,79.7150
2025-09-11 18:28:00,13.7750,79.7050
2025-09-11 18:29:00,13.7575,79.6825
2025-09-11 18:30:00,13.7825,79.7275
2025-09-11 18:31:00,13.7900,79.7600
2025-09-11 18:32:00,13.7800,79.8050
2025-09-11 18:33:00,13.7850,79.8825
2025-09-11 18:34:00,13.7900,79.9450
2025-09-11 18:35:00,13.7900,80.0075
2025-09-11 18:36:00,13.7650,80.0550
2025-09-11 18:37:00,13.7775,80.0900
2025-09-11 18:38:00,13.7750,80.1550
2025-09-11 18:39:00,13.7775,80.1950
2025-09-11 18:40:00,13.7600,80.2550
2025-09-11 18:41:00,13.7650,80.3075
2025-09-11 18:42:00,13.7575,80.3325
2025-09-11 18:43:00,13.7650,80.4050
2025-09-11 18:44:00,13.7675,80.4550
2025-09-11 18:45:00,13.7775,80.4450
2025-09-11 18:46:00,13.7800,80.4950
2025-09-11 18:47:00,13.7800,80.5350
2025-09-11 18:48:00,13.7475,80.5350
2025-09-11 18:49:00,13.7625,80.5700
2025-09-11 18:50:00,13.7725,80.6150
2025-09-11 18:51:00,13.7675,80.6925
2025-09-11 18:52:00,13.7625,80.7450
2025-09-11 18:53:00,13.7575,80.7600
2025-09-11 18:54:00,13.7475,80.7950
2025-09-11 18:55:00,13.7625,80.8600
2025-09-11 18:56:00,13.7450,80.9100
2025-09-11 18:57:00,13.7450,80.9450
2025-09-11 18:58:00,13.7375,81.0375
2025-09-11 18:59:00,13.7650,80.9825
2025-09-11 19:00:00,13.7875,81.0850
2025-09-11 19:01:00,13.7825,80.9675
2025-09-11 19:02:00,13.8000,81.0325
2025-09-11 19:03:00,13.7725,81.0325
2025-09-11 19:04:00,13.8050,81.1400
2025-09-11 19:05:00,13.7875,81.1875
2025-09-11 19:06:00,13.7750,81.1850
2025-09-11 19:07:00,13.7525,81.2200
2025-09-11 19:08:00,13.7525,81.2550
2025-09-11 19:09:00,13.7625,81.3600
2025-09-11 19:10:00,13.7875,81.3675
2025-09-11 19:11:00,13.7900,81.3300
2025-09-11 19:12:00,13.7625,81.1975
2025-09-11 19:13:00,13.7850,81.3475
2025-09-11 19:14:00,13.7750,81.3475
2025-09-11 19:15:00,13.7850,81.2225
2025-09-11 19:16:00,13.7650,81.2875
2025-09-11 19:17:00,13.7725,81.2725
2025-09-11 19:18:00,13.7750,81.3475
2025-09-11 19:19:00,13.7925,81.3300
2025-09-11 19:20:00,13.7775,81.3075
2025-09-11 19:21:00,13.7650,81.3150
2025-09-11 19:22:00,13.7750,81.2725
2025-09-11 19:23:00,13.7925,81.3025
2025-09-11 19:24:00,13.7625,81.2025
2025-09-11 19:25:00,13.7775,81.2725
2025-09-11 19:26:00,13.7850,81.1575
2025-09-11 19:27:00,13.7625,81.1775
2025-09-11 19:28:00,13.7425,81.2125
2025-09-11 19:29:00,13.7525,81.2925
2025-09-11 19:30:00,13.7650,81.3625
2025-09-11 19:31:00,13.7675,81.3475
2025-09-11 19:32:00,13.7675,81.3950
2025-09-11 19:33:00,13.7625,81.5000
2025-09-11 19:34:00,13.7625,81.4925
2025-09-11 19:35:00,13.7575,81.5250
2025-09-11 19:36:00,13.7650,81.5900
2025-09-11 19:37:00,13.7825,81.3550
2025-09-11 19:38:00,13.7475,81.5325
2025-09-11 19:39:00,13.7500,81.5300
2025-09-11 19:40:00,13.7650,81.6000
2025-09-11 19:41:00,13.7650,81.5475
2025-09-11 19:42:00,13.7525,81.5450
2025-09-11 19:43:00,13.7650,81.6750
2025-09-11 19:44:00,13.7900,81.5925
2025-09-11 19:45:00,13.7775,81.6275
2025-09-11 19:46:00,13.7850,81.5575
2025-09-11 19:47:00,13.7850,81.6050
2025-09-11 19:48:00,13.7625,81.6350
2025-09-11 19:49:00,13.7625,81.6525
2025-09-11 19:50:00,13.7650,81.6300
2025-09-11 19:51:00,13.7525,81.6650
2025-09-11 19:52:00,13.7900,81.6600
2025-09-11 19:53:00,13.7750,81.6275
2025-09-11 19:54:00,13.7750,81.6525
2025-09-11 19:55:00,13.7850,81.6450
2025-09-11 19:56:00,13.7550,81.6300
2025-09-11 19:57:00,13.7550,81.7000
2025-09-11 19:58:00,13.7675,81.7550
2025-09-11 19:59:00,13.7925,81.5350
2025-09-11 20:00:00,13.7650,81.7500
2025-09-11 20:01:00,13.7825,81.7425
2025-09-11 20:02:00,13.7625,81.8125
2025-09-11 20:03:00,13.7825,81.9175
2025-09-11 20:04:00,13.7900,81.9775
2025-09-11 20:05:00,13.7825,81.9625
2025-09-11 20:06:00,13.7800,82.0400
2025-09-11 20:07:00,13.7750,82.0150
2025-09-11 20:08:00,13.7800,82.0625
2025-09-11 20:09:00,13.7750,82.0825
2025-09-11 20:10:00,13.7775,82.1550
2025-09-11 20:11:00,13.7575,82.1650
2025-09-11 20:12:00,13.7750,82.2975
2025-09-11 20:13:00,13.7800,82.3575
2025-09-11 20:14:00,13.7800,82.1750
2025-09-11 20:15:00,13.7750,82.4800
2025-09-11 20:16:00,13.8025,82.5050
2025-09-11 20:17:00,13.7875,82.5150
2025-09-11 20:18:00,13.7850,82.5275
2025-09-11 20:19:00,13.7975,82.4925
2025-09-11 20:20:00,13.7650,82.6350
2025-09-11 20:21:00,13.7725,82.5000
2025-09-11 20:22:00,13.7625,82.5775
2025-09-11 20:23:00,13.7500,82.6175
2025-09-11 20:24:00,13.7675,82.6500
2025-09-11 20:25:00,13.7725,82.7125
2025-09-11 20:26:00,13.7900,82.6250
2025-09-11 20:27:00,13.7800,82.6400
2025-09-11 20:28:00,13.7950,82.8225
2025-09-11 20:29:00,13.7950,82.7175
2025-09-11 20:30:00,13.7775,82.6450
2025-09-11 20:31:00,13.8050,82.6350
2025-09-11 20:32:00,13.7750,82.4775
2025-09-11 20:33:00,13.7625,82.4900
2025-09-11 20:34:00,13.7475,82.4975
2025-09-11 20:35:00,13.7625,82.2950
2025-09-11 20:36:00,13.7600,82.5325
2025-09-11 20:37:00,13.7775,82.3700
2025-09-11 20:38:00,13.7525,82.6475
2025-09-11 20:39:00,13.7775,82.7700
2025-09-11 20:40:00,13.7825,82.6125
2025-09-11 20:41:00,13.7650,82.7400
2025-09-11 20:42:00,13.7625,82.7150
2025-09-11 20:43:00,13.7650,82.7225
2025-09-11 20:44:00,13.7575,82.5925
2025-09-11 20:45:00,13.7600,82.7600
2025-09-11 20:46:00,13.7750,82.8025
2025-09-11 20:47:00,13.7675,82.7000
2025-09-11 20:48:00,13.7475,82.7425
2025-09-11 20:49:00,13.7575,82.6375
2025-09-11 20:50:00,13.7600,82.7425
2025-09-11 20:51:00,13.7750,82.7725
2025-09-11 20:52:00,13.7850,82.7725
2025-09-11 20:53:00,13.7850,82.7800
2025-09-11 20:54:00,13.7750,82.7350
2025-09-11 20:55:00,13.7675,82.7725
2025-09-11 20:56:00,13.7600,82.8625
2025-09-11 20:57:00,13.7725,82.6900
2025-09-11 20:58:00,13.7575,83.0525
2025-09-11 20:59:00,13.7450,82.8600
2025-09-11 21:00:00,13.7775,82.8350
2025-09-11 21:01:00,13.7400,83.1375
2025-09-11 21:02:00,13.7675,83.1175
2025-09-11 21:03:00,13.7650,83.1000
2025-09-11 21:04:00,13.7675,83.1400
2025-09-11 21:05:00,13.7400,83.0950
2025-09-11 21:06:00,13.7750,83.1300
2025-09-11 21:07:00,13.7575,83.0600
2025-09-11 21:08:00,13.7750,83.1725
2025-09-11 21:09:00,13.7750,83.0125
2025-09-11 21:10:00,13.7650,83.1000
2025-09-11 21:11:00,13.7525,83.1475
2025-09-11 21:12:00,13.7675,83.2150
2025-09-11 21:13:00,13.7675,83.1325
2025-09-11 21:14:00,13.7625,83.3175
2025-09-11 21:15:00,13.7800,83.2175
2025-09-11 21:16:00,13.7600,83.1300
2025-09-11 21:17:00,13.7925,83.1925
2025-09-11 21:18:00,13.7625,83.1875
2025-09-11 21:19:00,13.7550,83.2950
2025-09-11 21:20:00,13.7650,83.3875
2025-09-11 21:21:00,13.7775,83.2550
2025-09-11 21:22:00,13.7475,83.2775
2025-09-11 21:23:00,13.7825,83.3800
2025-09-11 21:24:00,13.7675,83.3275
2025-09-11 21:25:00,13.7550,83.3100
2025-09-11 21:26:00,13.7625,83.4850
2025-09-11 21:27:00,13.7475,83.5225
2025-09-11 21:28:00,13.7750,83.3700
2025-09-11 21:29:00,13.7525,83.4675
2025-09-11 21:30:00,13.7725,83.6000
2025-09-11 21:31:00,13.7525,83.4675
2025-09-11 21:32:00,13.7425,83.5400
2025-09-11 21:33:00,13.7475,83.5675
2025-09-11 21:34:00,13.7475,83.5900
2025-09-11 21:35:00,13.7625,83.5175
2025-09-11 21:36:00,13.7650,83.6925
2025-09-11 21:37:00,13.7650,83.7300
2025-09-11 21:38:00,13.7800,83.4250
2025-09-11 21:39:00,13.7550,83.5775
2025-09-11 21:40:00,13.7875,83.4975
2025-09-11 21:41:00,13.7650,83.5575
2025-09-11 21:42:00,13.7525,83.5450
2025-09-11 21:43:00,13.7500,83.5725
2025-09-11 21:44:00,13.7475,83.6825
2025-09-11 21:45:00,13.7450,83.7150
2025-09-11 21:46:00,13.7525,83.6950
2025-09-11 21:47:00,13.7300,83.6925
2025-09-11 21:48:00,13.7625,83.6725
2025-09-11 21:49:00,13.7475,83.5625
2025-09-11 21:50:00,13.7650,83.8350
2025-09-11 21:51:00,13.7900,83.7850
2025-09-11 21:52:00,13.7625,83.8175
2025-09-11 21:53:00,13.7750,83.7500
2025-09-11 21:54:00,13.7625,83.7500
2025-09-11 21:55:00,13.7625,83.6975
2025-09-11 21:56:00,13.7550,83.5550
2025-09-11 21:57:00,13.7500,83.7425
2025-09-11 21:58:00,13.7525,83.6975
2025-09-11 21:59:00,13.7550,83.6050
2025-09-11 22:00:00,13.7400,83.8025
2025-09-11 22:01:00,13.7450,83.8300
2025-09-11 22:02:00,13.7625,83.8050
2025-09-11 22:03:00,13.7600,83.7775
2025-09-11 22:04:00,13.7525,83.6500
2025-09-11 22:05:00,13.7500,83.7125
2025-09-11 22:06:00,13.7150,83.7950
2025-09-11 22:07:00,13.7250,83.6125
2025-09-11 22:08:00,13.7250,83.6375
2025-09-11 22:09:00,13.7375,83.7200
2025-09-11 22:10:00,13.7600,83.4150
2025-09-11 22:11:00,13.7525,83.6500
2025-09-11 22:12:00,13.7575,83.6350
2025-09-11 22:13:00,13.7475,83.5425
2025-09-11 22:14:00,13.7525,83.6975
2025-09-11 22:15:00,13.7375,83.6675
2025-09-11 22:16:00,13.7600,83.7825
2025-09-11 22:17:00,13.7650,83.7550
2025-09-11 22:18:00,13.7675,83.8425
2025-09-11 22:19:00,13.8025,83.7500
2025-09-11 22:20:00,13.7650,83.8175
2025-09-11 22:21:00,13.7500,83.8550
2025-09-11 22:22:00,13.7675,83.6650
2025-09-11 22:23:00,13.7550,83.8275
2025-09-11 22:24:00,13.7625,83.8175
2025-09-11 22:25:00,13.7775,83.8850
2025-09-11 22:26:00,13.7375,83.8350
2025-09-11 22:27:00,13.7625,83.8975
2025-09-11 22:28:00,13.7800,83.6225
2025-09-11 22:29:00,13.7850,83.8100
2025-09-11 22:30:00,13.7650,83.7925
2025-09-11 22:31:00,13.7750,83.6325
2025-09-11 22:32:00,13.7375,83.7875
2025-09-11 22:33:00,13.7525,83.6200
2025-09-11 22:34:00,13.7525,83.7375
2025-09-11 22:35:00,13.7375,83.6575
2025-09-11 22:36:00,13.7275,83.8500
2025-09-11 22:37:00,13.7450,83.8525
2025-09-11 22:38:00,13.7475,83.7750
2025-09-11 22:39:00,13.7775,83.7975
2025-09-11 22:40:00,13.7450,83.8250
2025-09-11 22:41:00,13.7500,83.8400
2025-09-11 22:42:00,13.7750,83.8700
2025-09-11 22:43:00,13.7725,83.8650
2025-09-11 22:44:00,13.7625,83.8950
2025-09-11 22:45:00,13.7825,83.6800
2025-09-11 22:46:00,13.7525,83.8325
2025-09-11 22:47:00,13.7850,83.9725
2025-09-11 22:48:00,13.7475,83.8650
2025-09-11 22:49:00,13.7625,83.9350
2025-09-11 22:50:00,13.7600,83.8850
2025-09-11 22:51:00,13.7475,83.8125
2025-09-11 22:52:00,13.7575,83.7575
2025-09-11 22:53:00,13.7625,83.8425
2025-09-11 22:54:00,13.7625,83.8025
2025-09-11 22:55:00,13.7375,83.8825
2025-09-11 22:56:00,13.7600,83.8100
2025-09-11 22:57:00,13.7500,83.8950
2025-09-11 22:58:00,13.7525,83.9300
2025-09-11 22:59:00,13.7400,83.9775
2025-09-11 23:00:00,13.7400,84.0025
2025-09-11 23:01:00,13.7875,83.7600
2025-09-11 23:02:00,13.7300,83.8500
2025-09-11 23:03:00,13.7650,83.9925
2025-09-11 23:04:00,13.7475,83.9500
2025-09-11 23:05:00,13.7600,84.0500
2025-09-11 23:06:00,13.7375,83.7950
2025-09-11 23:07:00,13.7475,84.0500
2025-09-11 23:08:00,13.7625,84.0000
2025-09-11 23:09:00,13.7525,83.9625
2025-09-11 23:10:00,13.7550,83.9700
2025-09-11 23:11:00,13.7625,83.8500
2025-09-11 23:12:00,13.7575,83.8850
2025-09-11 23:13:00,13.7800,84.0475
2025-09-11 23:14:00,13.7850,83.8625
2025-09-11 23:15:00,13.7525,83.8550
2025-09-11 23:16:00,13.7500,83.9125
2025-09-11 23:17:00,13.7650,83.9375
2025-09-11 23:18:00,13.7750,83.8575
2025-09-11 23:19:00,13.7600,83.8725
2025-09-11 23:20:00,13.7925,83.8775
2025-09-11 23:21:00,13.7825,83.9150
2025-09-11 23:22:00,13.7750,83.7075
2025-09-11 23:23:00,13.7925,83.7775
2025-09-11 23:24:00,13.7625,83.7850
2025-09-11 23:25:00,13.7825,83.8975
2025-09-11 23:26:00,13.7800,83.8250
2025-09-11 23:27:00,13.7675,83.8775
2025-09-11 23:28:00,13.7850,83.7775
2025-09-11 23:29:00,13.7900,83.7775
2025-09-11 23:30:00,13.8025,83.7700
2025-09-11 23:31:00,13.7850,83.8325
2025-09-11 23:32:00,13.8000,83.8425
2025-09-11 23:33:00,13.8225,83.6975
2025-09-11 23:34:00,13.8375,83.8650
2025-09-11 23:35:00,13.8175,83.6425
2025-09-11 23:36:00,13.8250,83.8000
2025-09-11 23:37:00,13.8075,83.8125
2025-09-11 23:38:00,13.8375,83.5425
2025-09-11 23:39:00,13.8075,83.8650
2025-09-11 23:40:00,13.7875,83.8325
2025-09-11 23:41:00,13.8150,83.8775
2025-09-11 23:42:00,13.8175,83.8175
2025-09-11 23:43:00,13.8300,83.8100
2025-09-11 23:44:00,13.8225,83.9050
2025-09-11 23:45:00,13.8350,83.9525
2025-09-11 23:46:00,13.8225,83.8200
2025-09-11 23:47:00,13.8475,83.8900
2025-09-11 23:48:00,13.7850,84.0000
2025-09-11 23:49:00,13.8000,83.9250
2025-09-11 23:50:00,13.7925,83.9950
2025-09-11 23:51:00,13.7800,83.8075
2025-09-11 23:52:00,13.7850,83.8875
2025-09-11 23:53:00,13.7900,83.8575
2025-09-11 23:54:00,13.7900,83.8525
2025-09-11 23:55:00,13.7850,83.7550
2025-09-11 23:56:00,13.7725,83.9450
2025-09-11 23:57:00,13.7925,83.9175
2025-09-11 23:58:00,13.8000,83.6950
2025-09-11 23:59:00,13.7775,83.8650
2025-09-12 00:00:00,13.7875,83.9000
2025-09-12 00:01:00,13.7725,83.9800
2025-09-12 00:02:00,13.7750,84.0075
2025-09-12 00:03:00,13.7775,83.8850
2025-09-12 00:04:00,13.7750,83.7650
2025-09-12 00:05:00,13.7775,83.9525
2025-09-12 00:06:00,13.7625,83.9475
2025-09-12 00:07:00,13.7675,83.9750
2025-09-12 00:08:00,13.7850,83.7200
2025-09-12 00:09:00,13.7625,84.0550
2025-09-12 00:10:00,13.7650,83.8700
2025-09-12 00:11:00,13.7575,83.9300
2025-09-12 00:12:00,13.7425,83.9450
2025-09-12 00:13:00,13.7625,83.7225
2025-09-12 00:14:00,13.7675,83.8350
2025-09-12 00:15:00,13.7525,83.8625
2025-09-12 00:16:00,13.7725,83.9150
2025-09-12 00:17:00,13.7550,83.8200
2025-09-12 00:18:00,13.7525,83.9475
2025-09-12 00:19:00,13.7600,84.0700
2025-09-12 00:20:00,13.7775,84.1025
2025-09-12 00:21:00,13.7925,84.0975
2025-09-12 00:22:00,13.8000,83.9875
2025-09-12 00:23:00,13.7925,83.9900
2025-09-12 00:24:00,13.7900,83.9275
2025-09-12 00:25:00,13.8150,84.0475
2025-09-12 00:26:00,13.7750,83.8600
2025-09-12 00:27:00,13.7675,83.8475
2025-09-12 00:28:00,13.7675,83.9075
2025-09-12 00:29:00,13.7750,83.8500
2025-09-12 00:30:00,13.7650,84.0250
2025-09-12 00:31:00,13.7800,83.9700
2025-09-12 00:32:00,13.7900,83.8650
2025-09-12 00:33:00,13.7675,83.9800
2025-09-12 00:34:00,13.7625,83.9850
2025-09-12 00:35:00,13.8000,84.0400
2025-09-12 00:36:00,13.8025,83.9125
2025-09-12 00:37:00,13.7975,83.8975
2025-09-12 00:38:00,13.8000,83.8925
2025-09-12 00:39:00,13.8025,83.9350
2025-09-12 00:40:00,13.8150,83.9225
2025-09-12 00:41:00,13.8025,84.0325
2025-09-12 00:42:00,13.8225,83.6825
2025-09-12 00:43:00,13.7975,83.8500
2025-09-12 00:44:00,13.7950,83.9625
2025-09-12 00:45:00,13.8025,83.6550
2025-09-12 00:46:00,13.7900,83.6700
2025-09-12 00:47:00,13.7675,83.6325
2025-09-12 00:48:00,13.7900,83.6450
2025-09-12 00:49:00,13.7575,83.7600
2025-09-12 00:50:00,13.7775,83.7975
2025-09-12 00:51:00,13.7900,83.7700
2025-09-12 00:52:00,13.8000,83.7425
2025-09-12 00:53:00,13.7950,83.7700
2025-09-12 00:54:00,13.7750,83.5525
2025-09-12 00:55:00,13.7750,83.6650
2025-09-12 00:56:00,13.7650,83.6700
2025-09-12 00:57:00,13.8025,83.6950
2025-09-12 00:58:00,13.7800,83.7075
2025-09-12 00:59:00,13.7725,83.7725
2025-09-12 01:00:00,13.7725,83.7400
2025-09-12 01:01:00,13.8075,83.8500
2025-09-12 01:02:00,13.7850,83.8100
2025-09-12 01:03:00,13.8150,83.7100
2025-09-12 01:04:00,13.7900,83.6975
2025-09-12 01:05:00,13.7775,83.7050
2025-09-12 01:06:00,13.7950,83.7775
2025-09-12 01:07:00,13.7900,83.6650
2025-09-12 01:08:00,13.7900,83.7850
2025-09-12 01:09:00,13.7850,83.8525
2025-09-12 01:10:00,13.8025,83.7275
2025-09-12 01:11:00,13.8125,83.6925
2025-09-12 01:12:00,13.8125,83.5375
2025-09-12 01:13:00,13.8000,83.6750
2025-09-12 01:14:00,13.7850,83.7250
2025-09-12 01:15:00,13.7750,83.5600
2025-09-12 01:16:00,13.7825,83.6075
2025-09-12 01:17:00,13.7925,83.6175
2025-09-12 01:18:00,13.7900,83.6450
2025-09-12 01:19:00,13.7975,83.7525
2025-09-12 01:20:00,13.8025,83.4600
2025-09-12 01:21:00,13.7825,83.6075
2025-09-12 01:22:00,13.8000,83.6725
2025-09-12 01:23:00,13.8150,83.6400
2025-09-12 01:24:00,13.8125,83.6575
2025-09-12 01:25:00,13.8025,83.5625
2025-09-12 01:26:00,13.8050,83.7325
2025-09-12 01:27:00,13.8000,83.4400
2025-09-12 01:28:00,13.7800,83.7600
2025-09-12 01:29:00,13.7850,83.6000
2025-09-12 01:30:00,13.7650,83.7425
2025-09-12 01:31:00,13.7625,83.6300
2025-09-12 01:32:00,13.7425,83.6750
2025-09-12 01:33:00,13.7575,83.6150
2025-09-12 01:34:00,13.7475,83.6475
2025-09-12 01:35:00,13.7625,83.4650
2025-09-12 01:36:00,13.7400,83.5525
2025-09-12 01:37:00,13.7650,83.6375
2025-09-12 01:38:00,13.7750,83.5725
2025-09-12 01:39:00,13.7500,83.4075
2025-09-12 01:40:00,13.7875,83.4800
2025-09-12 01:41:00,13.7650,83.5100
2025-09-12 01:42:00,13.7800,83.5975
2025-09-12 01:43:00,13.7650,83.4400
2025-09-12 01:44:00,13.7800,83.5250
2025-09-12 01:45:00,13.7775,83.5250
2025-09-12 01:46:00,13.7750,83.5075
2025-09-12 01:47:00,13.7575,83.5250
2025-09-12 01:48:00,13.7750,83.5750
2025-09-12 01:49:00,13.7625,83.5825
2025-09-12 01:50:00,13.7650,83.3525
2025-09-12 01:51:00,13.7750,83.6075
2025-09-12 01:52:00,13.7625,83.5575
2025-09-12 01:53:00,13.7675,83.4800
2025-09-12 01:54:00,13.7625,83.5775
2025-09-12 01:55:00,13.7625,83.7200
2025-09-12 01:56:00,13.7775,83.7700
2025-09-12 01:57:00,13.7975,83.8900
2025-09-12 01:58:00,13.8175,83.6250
2025-09-12 01:59:00,13.8200,83.7750
2025-09-12 02:00:00,13.8300,83.6375
2025-09-12 02:01:00,13.8025,83.6675
2025-09-12 02:02:00,13.7850,83.7050
2025-09-12 02:03:00,13.7925,83.7375
2025-09-12 02:04:00,13.7900,83.8450
2025-09-12 02:05:00,13.7875,83.8000
2025-09-12 02:06:00,13.7950,83.8325
2025-09-12 02:07:00,13.8000,83.8025
2025-09-12 02:08:00,13.8000,83.7800
2025-09-12 02:09:00,13.7950,83.7725
2025-09-12 02:10:00,13.7875,83.8575
2025-09-12 02:11:00,13.7850,83.8500
2025-09-12 02:12:00,13.7950,83.9050
2025-09-12 02:13:00,13.7800,83.8150
2025-09-12 02:14:00,13.7800,83.8750
2025-09-12 02:15:00,13.7575,83.8425
2025-09-12 02:16:00,13.7650,83.8775
2025-09-12 02:17:00,13.7650,84.0050
2025-09-12 02:18:00,13.7750,84.0225
2025-09-12 02:19:00,13.7775,83.9450
2025-09-12 02:20:00,13.7650,83.9050
2025-09-12 02:21:00,13.7775,83.8925
2025-09-12 02:22:00,13.7750,83.9650
2025-09-12 02:23:00,13.7775,83.9525
2025-09-12 02:24:00,13.7750,83.7000
2025-09-12 02:25:00,13.7775,83.8650
2025-09-12 02:26:00,13.7750,83.9000
2025-09-12 02:27:00,13.7475,83.8425
2025-09-12 02:28:00,13.7575,83.8300
2025-09-12 02:29:00,13.7850,83.7600
2025-09-12 02:30:00,13.7825,83.6500
2025-09-12 02:31:00,13.7625,83.9875
2025-09-12 02:32:00,13.7750,83.9250
2025-09-12 02:33:00,13.7675,84.0350
2025-09-12 02:34:00,13.7475,83.9300
2025-09-12 02:35:00,13.7625,84.0500
2025-09-12 02:36:00,13.7650,83.9000
2025-09-12 02:37:00,13.7225,83.9675
2025-09-12 02:38:00,13.7575,84.0700
2025-09-12 02:39:00,13.7600,84.0675
2025-09-12 02:40:00,13.7400,84.0175
2025-09-12 02:41:00,13.7650,84.1000
2025-09-12 02:42:00,13.7625,84.1625
2025-09-12 02:43:00,13.7875,84.0675
2025-09-12 02:44:00,13.7375,84.1000
2025-09-12 02:45:00,13.7650,84.0900
2025-09-12 02:46:00,13.7525,84.1300
2025-09-12 02:47:00,13.7750,84.1150
2025-09-12 02:48:00,13.7475,83.9750
2025-09-12 02:49:00,13.7475,84.0275
2025-09-12 02:50:00,13.7400,84.0600
2025-09-12 02:51:00,13.7625,84.1200
2025-09-12 02:52:00,13.7575,84.0750
2025-09-12 02:53:00,13.7625,84.0300
2025-09-12 02:54:00,13.7850,84.0975
2025-09-12 02:55:00,13.7800,83.9025
2025-09-12 02:56:00,13.7775,83.9625
2025-09-12 02:57:00,13.7650,83.9450
2025-09-12 02:58:00,13.7750,83.9850
2025-09-12 02:59:00,13.7725,84.0500
2025-09-12 03:00:00,13.7725,83.9650
2025-09-12 03:01:00,13.7400,84.0175
2025-09-12 03:02:00,13.7425,84.0125
2025-09-12 03:03:00,13.7350,83.9675
2025-09-12 03:04:00,13.7375,84.0025
2025-09-12 03:05:00,13.7225,84.0125
2025-09-12 03:06:00,13.7375,83.9900
2025-09-12 03:07:00,13.7250,84.0025
2025-09-12 03:08:00,13.7375,84.0125
2025-09-12 03:09:00,13.7575,84.0050
2025-09-12 03:10:00,13.7400,83.9325
2025-09-12 03:11:00,13.7100,83.8800
2025-09-12 03:12:00,13.7375,84.0000
2025-09-12 03:13:00,13.7375,83.9400
2025-09-12 03:14:00,13.7375,84.0750
2025-09-12 03:15:00,13.7100,84.0850
2025-09-12 03:16:00,13.7175,84.0625
2025-09-12 03:17:00,13.7400,84.0675
2025-09-12 03:18:00,13.7475,84.1400
2025-09-12 03:19:00,13.7500,84.0675
2025-09-12 03:20:00,13.7500,84.0275
2025-09-12 03:21:00,13.7725,83.9925
2025-09-12 03:22:00,13.7475,84.0350
2025-09-12 03:23:00,13.7600,83.9900
2025-09-12 03:24:00,13.7475,84.0075
2025-09-12 03:25:00,13.7600,83.9450
2025-09-12 03:26:00,13.7575,83.8900
2025-09-12 03:27:00,13.7475,83.9450
2025-09-12 03:28:00,13.7625,84.0875
2025-09-12 03:29:00,13.7625,83.8825
2025-09-12 03:30:00,13.7500,83.9300
2025-09-12 03:31:00,13.7525,83.9050
2025-09-12 03:32:00,13.7525,83.9700
2025-09-12 03:33:00,13.7525,84.0000
2025-09-12 03:34:00,13.7750,83.9225
2025-09-12 03:35:00,13.7750,83.8450
2025-09-12 03:36:00,13.7725,83.7850
2025-09-12 03:37:00,13.7500,83.8625
2025-09-12 03:38:00,13.7675,83.8650
2025-09-12 03:39:00,13.7775,83.9500
2025-09-12 03:40:00,13.7775,83.8900
2025-09-12 03:41:00,13.7975,83.8725
2025-09-12 03:42:00,13.7675,84.0350
2025-09-12 03:43:00,13.7775,83.9000
2025-09-12 03:44:00,13.7675,83.8325
2025-09-12 03:45:00,13.7775,83.8850
2025-09-12 03:46:00,13.7750,83.9450
2025-09-12 03:47:00,13.7575,83.8675
2025-09-12 03:48:00,13.7750,83.9400
2025-09-12 03:49:00,13.7625,84.0250
2025-09-12 03:50:00,13.7775,83.9900
2025-09-12 03:51:00,13.7800,83.9675
2025-09-12 03:52:00,13.7625,83.9125
2025-09-12 03:53:00,13.7575,83.8675
2025-09-12 03:54:00,13.7800,83.8325
2025-09-12 03:55:00,13.7750,83.8250
2025-09-12 03:56:00,13.7550,83.8600
2025-09-12 03:57:00,13.7775,83.7375
2025-09-12 03:58:00,13.7625,83.8700
2025-09-12 03:59:00,13.7875,83.7750
2025-09-12 04:00:00,13.7600,83.8400
2025-09-12 04:01:00,13.7650,83.8100
2025-09-12 04:02:00,13.7425,83.6400
2025-09-12 04:03:00,13.7500,83.7225
2025-09-12 04:04:00,13.7425,83.7175
2025-09-12 04:05:00,13.7225,83.7550
2025-09-12 04:06:00,13.7475,83.7500
2025-09-12 04:07:00,13.7375,83.8275
2025-09-12 04:08:00,13.7625,83.7200
2025-09-12 04:09:00,13.7475,83.8000
2025-09-12 04:10:00,13.7600,83.7800
2025-09-12 04:11:00,13.7625,83.7700
2025-09-12 04:12:00,13.7625,83.7075
2025-09-12 04:13:00,13.7525,83.8025
2025-09-12 04:14:00,13.7750,83.7675
2025-09-12 04:15:00,13.7850,83.7525
2025-09-12 04:16:00,13.7775,83.6325
2025-09-12 04:17:00,13.7500,83.6525
2025-09-12 04:18:00,13.7425,83.7375
2025-09-12 04:19:00,13.7500,83.7650
2025-09-12 04:20:00,13.7650,83.4925
2025-09-12 04:21:00,13.7600,83.6525
2025-09-12 04:22:00,13.7375,83.6750
2025-09-12 04:23:00,13.7775,83.6025
2025-09-12 04:24:00,13.7475,83.7125
2025-09-12 04:25:00,13.7600,83.7050
2025-09-12 04:26:00,13.7750,83.7175
2025-09-12 04:27:00,13.7625,83.7100
2025-09-12 04:28:00,13.7575,83.6825
2025-09-12 04:29:00,13.7250,83.7175
2025-09-12 04:30:00,13.7400,83.6800
2025-09-12 04:31:00,13.7625,83.6875
2025-09-12 04:32:00,13.7625,83.6400
2025-09-12 04:33:00,13.7475,83.6075
2025-09-12 04:34:00,13.7425,83.6550
2025-09-12 04:35:00,13.7250,83.6600
2025-09-12 04:36:00,13.7225,83.7725
2025-09-12 04:37:00,13.7125,83.8550
2025-09-12 04:38:00,13.7425,83.7850
2025-09-12 04:39:00,13.7775,83.7925
2025-09-12 04:40:00,13.7400,83.7475
2025-09-12 04:41:00,13.7550,83.7400
2025-09-12 04:42:00,13.7625,83.6575
2025-09-12 04:43:00,13.7825,83.6325
2025-09-12 04:44:00,13.7750,83.4375
2025-09-12 04:45:00,13.7650,83.5575
2025-09-12 04:46:00,13.7800,83.6225
2025-09-12 04:47:00,13.7575,83.6275
2025-09-12 04:48:00,13.7625,83.5675
2025-09-12 04:49:00,13.7800,83.5675
2025-09-12 04:50:00,13.7550,83.5475
2025-09-12 04:51:00,13.7575,83.3575
2025-09-12 04:52:00,13.7575,83.6125
2025-09-12 04:53:00,13.7475,83.6300
2025-09-12 04:54:00,13.7625,83.7075
2025-09-12 04:55:00,13.7750,83.5350
2025-09-12 04:56:00,13.7600,83.5650
2025-09-12 04:57:00,13.7550,83.5125
2025-09-12 04:58:00,13.7675,83.6575
2025-09-12 04:59:00,13.7550,83.4675
2025-09-12 05:00:00,13.7650,83.5250
2025-09-12 05:01:00,13.7650,83.4925
2025-09-12 05:02:00,13.7625,83.4800
2025-09-12 05:03:00,13.7775,83.5025
2025-09-12 05:04:00,13.7425,83.4625
2025-09-12 05:05:00,13.7400,83.4800
2025-09-12 05:06:00,13.7150,83.4775
2025-09-12 05:07:00,13.7300,83.4950
2025-09-12 05:08:00,13.7375,83.4450
2025-09-12 05:09:00,13.7300,83.5025
2025-09-12 05:10:00,13.7400,83.5525
2025-09-12 05:11:00,13.7300,83.5125
2025-09-12 05:12:00,13.7150,83.5950
2025-09-12 05:13:00,13.7375,83.5700
2025-09-12 05:14:00,13.7150,83.5175
2025-09-12 05:15:00,13.7300,83.5375
2025-09-12 05:16:00,13.7450,83.4875
2025-09-12 05:17:00,13.7500,83.4725
2025-09-12 05:18:00,13.7675,83.3225
2025-09-12 05:19:00,13.7650,83.3650
2025-09-12 05:20:00,13.7775,83.4275
2025-09-12 05:21:00,13.7925,83.4175
2025-09-12 05:22:00,13.7625,83.3700
2025-09-12 05:23:00,13.7600,83.4400
2025-09-12 05:24:00,13.7800,83.4500
2025-09-12 05:25:00,13.7650,83.4150
2025-09-12 05:26:00,13.7850,83.4625
2025-09-12 05:27:00,13.7525,83.3750
2025-09-12 05:28:00,13.7625,83.3675
2025-09-12 05:29:00,13.7850,83.4350
2025-09-12 05:30:00,13.7775,83.3675
2025-09-12 05:31:00,13.7750,83.4625
2025-09-12 05:32:00,13.7575,83.5000
2025-09-12 05:33:00,13.7625,83.3525
2025-09-12 05:34:00,13.7675,83.4800
2025-09-12 05:35:00,13.7675,83.2775
2025-09-12 05:36:00,13.7650,83.3675
2025-09-12 05:37:00,13.7400,83.4350
2025-09-12 05:38:00,13.7475,83.4425
2025-09-12 05:39:00,13.7550,83.3975
2025-09-12 05:40:00,13.7650,83.3975
2025-09-12 05:41:00,13.7275,83.5000
2025-09-12 05:42:00,13.7625,83.4875
2025-09-12 05:43:00,13.7550,83.4950
2025-09-12 05:44:00,13.7525,83.4075
2025-09-12 05:45:00,13.7500,83.3725
2025-09-12 05:46:00,13.7375,83.4150
2025-09-12 05:47:00,13.7800,83.4225
2025-09-12 05:48:00,13.7575,83.4325
2025-09-12 05:49:00,13.7475,83.4700
2025-09-12 05:50:00,13.7600,83.5000
2025-09-12 05:51:00,13.7475,83.3850
2025-09-12 05:52:00,13.7475,83.5600
2025-09-12 05:53:00,13.7475,83.4950
2025-09-12 05:54:00,13.7525,83.5675
2025-09-12 05:55:00,13.7625,83.4925
2025-09-12 05:56:00,13.7825,83.4925
2025-09-12 05:57:00,13.7825,83.4650
2025-09-12 05:58:00,13.7900,83.5850
2025-09-12 05:59:00,13.7725,83.4150
2025-09-12 06:00:00,13.7975,83.3800
2025-09-12 06:01:00,13.7650,83.4300
2025-09-12 06:02:00,13.7950,83.3800
2025-09-12 06:03:00,13.7925,83.3900
2025-09-12 06:04:00,13.7950,83.3400
2025-09-12 06:05:00,13.7775,83.3575
2025-09-12 06:06:00,13.7525,83.4025
2025-09-12 06:07:00,13.7800,83.3650
2025-09-12 06:08:00,13.7475,83.3675
2025-09-12 06:09:00,13.7525,83.3200
2025-09-12 06:10:00,13.7275,83.2350
2025-09-12 06:11:00,13.7375,83.2950
2025-09-12 06:12:00,13.7375,83.3950
2025-09-12 06:13:00,13.7375,83.3225
2025-09-12 06:14:00,13.7375,83.3250
2025-09-12 06:15:00,13.7300,83.3275
2025-09-12 06:16:00,13.7500,83.3300
2025-09-12 06:17:00,13.7400,83.5025
2025-09-12 06:18:00,13.7525,83.4025
2025-09-12 06:19:00,13.7500,83.3750
2025-09-12 06:20:00,13.7400,83.3150
2025-09-12 06:21:00,13.7550,83.3050
2025-09-12 06:22:00,13.7750,83.3500
2025-09-12 06:23:00,13.7450,83.4400
2025-09-12 06:24:00,13.7675,83.3500
2025-09-12 06:25:00,13.7650,83.3400
2025-09-12 06:26:00,13.7850,83.2725
2025-09-12 06:27:00,13.7625,83.1900
2025-09-12 06:28:00,13.7750,83.1700
2025-09-12 06:29:00,13.7575,83.1650
2025-09-12 06:30:00,13.7600,83.2775
2025-09-12 06:31:00,13.7625,83.2950
2025-09-12 06:32:00,13.7750,83.2550
2025-09-12 06:33:00,13.7575,83.1650
2025-09-12 06:34:00,13.7900,83.2725
2025-09-12 06:35:00,13.8050,83.1900
2025-09-12 06:36:00,13.7925,83.1650
2025-09-12 06:37:00,13.8025,83.2125
2025-09-12 06:38:00,13.8000,83.2275
2025-09-12 06:39:00,13.8250,83.2375
2025-09-12 06:40:00,13.8250,83.1175
2025-09-12 06:41:00,13.8200,83.1750
2025-09-12 06:42:00,13.8225,83.1925
2025-09-12 06:43:00,13.8150,83.0525
2025-09-12 06:44:00,13.8125,83.1150
2025-09-12 06:45:00,13.8300,83.1050
2025-09-12 06:46:00,13.7950,83.0275
2025-09-12 06:47:00,13.7900,83.1650
2025-09-12 06:48:00,13.7950,83.1150
2025-09-12 06:49:00,13.8000,83.1275
2025-09-12 06:50:00,13.8025,83.0925
2025-09-12 06:51:00,13.7850,83.0500
2025-09-12 06:52:00,13.7750,83.0425
2025-09-12 06:53:00,13.7800,83.0575
2025-09-12 06:54:00,13.7750,83.0400
2025-09-12 06:55:00,13.7900,83.1100
2025-09-12 06:56:00,13.7775,82.9950
2025-09-12 06:57:00,13.7875,83.0575
2025-09-12 06:58:00,13.7850,83.1050
2025-09-12 06:59:00,13.7925,82.9175
2025-09-12 07:00:00,13.7875,82.9675
2025-09-12 07:01:00,13.7550,83.0225
2025-09-12 07:02:00,13.7625,83.0675
2025-09-12 07:03:00,13.7450,83.0125
2025-09-12 07:04:00,13.7850,83.0450
2025-09-12 07:05:00,13.8025,83.0125
2025-09-12 07:06:00,13.7750,82.9150
2025-09-12 07:07:00,13.7625,82.9875
2025-09-12 07:08:00,13.7475,82.9625
2025-09-12 07:09:00,13.7675,83.0525
2025-09-12 07:10:00,13.7925,82.9900
2025-09-12 07:11:00,13.7750,82.9575
2025-09-12 07:12:00,13.7800,82.8575
2025-09-12 07:13:00,13.7750,82.9075
2025-09-12 07:14:00,13.7850,82.8250
2025-09-12 07:15:00,13.7525,82.8450
2025-09-12 07:16:00,13.7400,82.8050
2025-09-12 07:17:00,13.7450,82.8075
2025-09-12 07:18:00,13.7425,82.9075
2025-09-12 07:19:00,13.7500,82.8275
2025-09-12 07:20:00,13.7350,82.8825
2025-09-12 07:21:00,13.7450,82.9000
2025-09-12 07:22:00,13.7375,82.9050
2025-09-12 07:23:00,13.7400,82.8300
2025-09-12 07:24:00,13.7525,82.8500
2025-09-12 07:25:00,13.7350,82.9000
2025-09-12 07:26:00,13.7375,82.8750
2025-09-12 07:27:00,13.7375,82.9175
2025-09-12 07:28:00,13.7375,82.8950
2025-09-12 07:29:00,13.7150,82.8875
2025-09-12 07:30:00,13.6900,82.8600
2025-09-12 07:31:00,13.7200,83.0300
2025-09-12 07:32:00,13.7150,82.9625
2025-09-12 07:33:00,13.7100,82.9750
2025-09-12 07:34:00,13.7100,83.0500
2025-09-12 07:35:00,13.7200,83.1125
2025-09-12 07:36:00,13.7225,83.0525
2025-09-12 07:37:00,13.7275,82.9175
2025-09-12 07:38:00,13.7375,82.9450
2025-09-12 07:39:00,13.7500,82.8750
2025-09-12 07:40:00,13.7400,82.8450
2025-09-12 07:41:00,13.7400,82.8925
2025-09-12 07:42:00,13.7300,82.8200
2025-09-12 07:43:00,13.7275,82.8925
2025-09-12 07:44:00,13.7375,82.8675
2025-09-12 07:45:00,13.7500,82.8300
2025-09-12 07:46:00,13.7375,82.8450
2025-09-12 07:47:00,13.7525,82.8750
2025-09-12 07:48:00,13.7425,82.9375
2025-09-12 07:49:00,13.7475,82.8500
2025-09-12 07:50:00,13.7500,83.0125
2025-09-12 07:51:00,13.7525,82.9875
2025-09-12 07:52:00,13.7675,82.9300
2025-09-12 07:53:00,13.7575,82.8850
2025-09-12 07:54:00,13.7575,82.8950
2025-09-12 07:55:00,13.7750,82.9825
2025-09-12 07:56:00,13.7650,83.1000
2025-09-12 07:57:00,13.7975,83.0700
2025-09-12 07:58:00,13.8950,82.7450
2025-09-12 07:59:00,13.8675,82.9450
2025-09-12 08:00:00,13.8425,82.9900
2025-09-12 08:01:00,13.8400,83.0375
2025-09-12 08:02:00,13.8325,82.9675
2025-09-12 08:03:00,13.8025,83.1375
2025-09-12 08:04:00,13.7950,82.9500
2025-09-12 08:05:00,13.7675,83.2025
2025-09-12 08:06:00,13.7750,83.2700
2025-09-12 08:07:00,13.7900,83.3300
2025-09-12 08:08:00,13.7650,83.3075
2025-09-12 08:09:00,13.7675,83.3450
2025-09-12 08:10:00,13.7800,83.2950
2025-09-12 08:11:00,13.7475,83.5125
2025-09-12 08:12:00,13.7425,83.5450
2025-09-12 08:13:00,13.7475,83.3425
2025-09-12 08:14:00,13.7550,83.5650
2025-09-12 08:15:00,13.7650,83.5475
2025-09-12 08:16:00,13.7575,83.6350
2025-09-12 08:17:00,13.7550,83.6150
2025-09-12 08:18:00,13.7600,83.7925
2025-09-12 08:19:00,13.7725,83.7625
2025-09-12 08:20:00,13.7900,84.0050
2025-09-12 08:21:00,13.7775,83.9000
2025-09-12 08:22:00,13.7950,83.9525
2025-09-12 08:23:00,13.7825,84.0675
2025-09-12 08:24:00,13.8000,83.8600
2025-09-12 08:25:00,13.8050,83.9400
2025-09-12 08:26:00,13.7800,84.2050
2025-09-12 08:27:00,13.7850,84.1175
2025-09-12 08:28:00,13.7775,84.2275
2025-09-12 08:29:00,13.7750,84.0300
2025-09-12 08:30:00,13.7950,83.9450
2025-09-12 08:31:00,13.7750,84.2550
2025-09-12 08:32:00,13.7575,84.2350
2025-09-12 08:33:00,13.7850,84.1950
2025-09-12 08:34:00,13.7775,84.1075
2025-09-12 08:35:00,13.8025,84.1325
2025-09-12 08:36:00,13.7800,84.4300
2025-09-12 08:37:00,13.7925,84.4450
2025-09-12 08:38:00,13.7875,84.1450
2025-09-12 08:39:00,13.7925,84.1875
2025-09-12 08:40:00,13.7800,84.3700
2025-09-12 08:41:00,13.8025,84.3850
2025-09-12 08:42:00,13.7800,84.2750
2025-09-12 08:43:00,13.7875,84.3700
2025-09-12 08:44:00,13.8050,84.3550
2025-09-12 08:45:00,13.7850,84.1950
2025-09-12 08:46:00,13.7750,84.1350
2025-09-12 08:47:00,13.7800,84.4125
2025-09-12 08:48:00,13.7650,84.3925
2025-09-12 08:49:00,13.7675,84.4375
2025-09-12 08:50:00,13.7625,84.4025
2025-09-12 08:51:00,13.7750,84.4000
2025-09-12 08:52:00,13.7750,84.3725
2025-09-12 08:53:00,13.7900,84.1625
2025-09-12 08:54:00,13.7925,84.4575
2025-09-12 08:55:00,13.7550,84.0825
2025-09-12 08:56:00,13.7800,84.4025
2025-09-12 08:57:00,13.7825,84.3375
2025-09-12 08:58:00,13.7600,84.4700
2025-09-12 08:59:00,13.7925,84.4475
2025-09-12 09:00:00,13.7900,84.5250
2025-09-12 09:01:00,13.7650,84.4875
2025-09-12 09:02:00,13.7575,84.4300
2025-09-12 09:03:00,13.7775,84.2850
2025-09-12 09:04:00,13.7750,84.3950
2025-09-12 09:05:00,13.8000,84.3425
2025-09-12 09:06:00,13.7900,84.2600
2025-09-12 09:07:00,13.7475,84.2675
2025-09-12 09:08:00,13.7550,84.2300
2025-09-12 09:09:00,13.7525,84.2900
2025-09-12 09:10:00,13.7525,84.2725
2025-09-12 09:11:00,13.7625,84.2200
2025-09-12 09:12:00,13.7625,84.1450
2025-09-12 09:13:00,13.7625,84.2475
2025-09-12 09:14:00,13.7650,84.1600
2025-09-12 09:15:00,13.7825,84.1225
2025-09-12 09:16:00,13.7675,84.2150
2025-09-12 09:17:00,13.7450,84.1675
2025-09-12 09:18:00,13.6225,83.7700
2025-09-12 09:19:00,13.6750,86.9400
2025-09-12 09:20:00,13.7675,84.9275
2025-09-12 09:21:00,13.7925,84.6400
2025-09-12 09:22:00,13.7850,84.5000
2025-09-12 09:23:00,13.7925,84.6400
2025-09-12 09:24:00,13.7475,84.5300
2025-09-12 09:25:00,13.7475,84.4600
2025-09-12 09:26:00,13.7475,84.5150
2025-09-12 09:27:00,13.7375,84.5975
2025-09-12 09:28:00,13.7275,84.6175
2025-09-12 09:29:00,13.7100,84.6675
2025-09-12 09:30:00,13.6950,84.7650
2025-09-12 09:31:00,13.7100,84.6325
2025-09-12 09:32:00,13.7100,84.6950
2025-09-12 09:33:00,13.7150,85.0675
2025-09-12 09:34:00,13.7400,84.8600
2025-09-12 09:35:00,13.7125,85.0925
2025-09-12 09:36:00,13.7250,85.0300
2025-09-12 09:37:00,13.7400,85.0125
2025-09-12 09:38:00,13.7275,84.9700
2025-09-12 09:39:00,13.7450,85.1950
2025-09-12 09:40:00,13.7375,85.0850
2025-09-12 09:41:00,13.7600,85.2650
2025-09-12 09:42:00,13.7475,85.3625
2025-09-12 09:43:00,13.7775,85.3225
2025-09-12 09:44:00,13.7675,85.2250
2025-09-12 09:45:00,13.7625,85.1525
2025-09-12 09:46:00,13.7750,85.0650
2025-09-12 09:47:00,13.7900,85.1975
2025-09-12 09:48:00,13.7650,85.2425
2025-09-12 09:49:00,13.7750,85.0975
2025-09-12 09:50:00,13.7750,85.1925
2025-09-12 09:51:00,13.7900,85.0950
2025-09-12 09:52:00,13.7850,85.0925
2025-09-12 09:53:00,13.7850,85.0575
2025-09-12 09:54:00,13.7775,85.1050
2025-09-12 09:55:00,13.7925,85.0200
2025-09-12 09:56:00,13.7625,84.9200
2025-09-12 09:57:00,13.7500,85.0000
2025-09-12 09:58:00,13.7650,85.0925
2025-09-12 09:59:00,13.7600,85.0225
2025-09-12 10:00:00,13.7575,84.9225
2025-09-12 10:01:00,13.7650,85.2400
2025-09-12 10:02:00,13.7475,85.2375
2025-09-12 10:03:00,13.7550,85.0650
2025-09-12 10:04:00,13.7675,85.0000
2025-09-12 10:05:00,13.7850,85.0175
2025-09-12 10:06:00,13.7850,85.1900
2025-09-12 10:07:00,13.7750,84.8575
2025-09-12 10:08:00,13.7600,85.0925
2025-09-12 10:09:00,13.7575,85.0075
2025-09-12 10:10:00,13.7625,84.8725
2025-09-12 10:11:00,13.7575,84.8250
2025-09-12 10:12:00,13.7575,85.1025
2025-09-12 10:13:00,13.7575,85.1200
2025-09-12 10:14:00,13.7775,85.0250
2025-09-12 10:15:00,13.7775,84.8400
2025-09-12 10:16:00,13.7575,85.0975
2025-09-12 10:17:00,13.7825,84.8550
2025-09-12 10:18:00,13.7600,84.9275
2025-09-12 10:19:00,13.7775,84.9350
2025-09-12 10:20:00,13.7750,84.5900
2025-09-12 10:21:00,13.7550,85.1900
2025-09-12 10:22:00,13.7750,85.3850
2025-09-12 10:23:00,13.7725,85.0475
2025-09-12 10:24:00,13.7625,85.2175
2025-09-12 10:25:00,13.7625,85.0250
2025-09-12 10:26:00,13.7675,84.9200
2025-09-12 10:27:00,13.7575,84.8450
2025-09-12 10:28:00,13.7775,84.8575
2025-09-12 10:29:00,13.8000,84.8675
2025-09-12 10:30:00,13.8000,84.7275
2025-09-12 10:31:00,13.7900,84.9125
2025-09-12 10:32:00,13.8000,84.7150
2025-09-12 10:33:00,13.7750,85.0400
2025-09-12 10:34:00,13.7825,85.0725
2025-09-12 10:35:00,13.7500,85.0750
2025-09-12 10:36:00,13.7750,85.0550
2025-09-12 10:37:00,13.7925,84.9425
2025-09-12 10:38:00,13.8025,84.9125
2025-09-12 10:39:00,13.7650,85.0400
2025-09-12 10:40:00,13.8050,85.0300
2025-09-12 10:41:00,13.7775,85.2075
2025-09-12 10:42:00,13.7950,84.9375
2025-09-12 10:43:00,13.8025,84.9425
2025-09-12 10:44:00,13.8225,84.8725
2025-09-12 10:45:00,13.7900,85.0900
2025-09-12 10:46:00,13.7900,84.8200
2025-09-12 10:47:00,13.7900,84.8625
2025-09-12 10:48:00,13.8025,84.9725
2025-09-12 10:49:00,13.7850,85.0575
2025-09-12 10:50:00,13.7900,84.9350
2025-09-12 10:51:00,13.7900,84.6300
2025-09-12 10:52:00,13.7750,84.6875
2025-09-12 10:53:00,13.7850,84.9750
2025-09-12 10:54:00,13.7825,84.8000
2025-09-12 10:55:00,13.7925,84.7100
2025-09-12 10:56:00,13.7850,84.8675
2025-09-12 10:57:00,13.8025,84.6500
2025-09-12 10:58:00,13.7925,84.6625
2025-09-12 10:59:00,13.7925,84.7850
2025-09-12 11:00:00,13.7900,84.5650
2025-09-12 11:01:00,13.7600,84.6875
2025-09-12 11:02:00,13.7800,84.5325
2025-09-12 11:03:00,13.7775,84.7000
2025-09-12 11:04:00,13.7750,84.6300
2025-09-12 11:05:00,13.7750,84.8325
2025-09-12 11:06:00,13.8175,84.6950
2025-09-12 11:07:00,13.7950,84.6450
2025-09-12 11:08:00,13.8200,84.9200
2025-09-12 11:09:00,13.8125,84.5000
2025-09-12 11:10:00,13.7850,84.6275
2025-09-12 11:11:00,13.8175,84.6625
2025-09-12 11:12:00,13.8325,84.4925
2025-09-12 11:13:00,13.8125,84.5025
2025-09-12 11:14:00,13.7975,84.5925
2025-09-12 11:15:00,13.7925,84.4375
2025-09-12 11:16:00,13.7900,84.4925
2025-09-12 11:17:00,13.8025,84.4175
2025-09-12 11:18:00,13.7975,84.2850
2025-09-12 11:19:00,13.7825,84.3500
2025-09-12 11:20:00,13.8000,84.2775
2025-09-12 11:21:00,13.8150,84.3575
2025-09-12 11:22:00,13.8225,84.4150
2025-09-12 11:23:00,13.8075,84.4075
2025-09-12 11:24:00,13.7900,84.4375
2025-09-12 11:25:00,13.8175,84.2700
2025-09-12 11:26:00,13.7900,84.4600
2025-09-12 11:27:00,13.8000,84.2325
2025-09-12 11:28:00,13.7875,84.4950
2025-09-12 11:29:00,13.7900,84.2425
2025-09-12 11:30:00,13.7900,84.3525
2025-09-12 11:31:00,13.8000,84.3925
2025-09-12 11:32:00,13.8000,84.3300
2025-09-12 11:33:00,13.7850,84.3650
2025-09-12 11:34:00,13.7875,84.3875
2025-09-12 11:35:00,13.7975,84.4400
2025-09-12 11:36:00,13.8050,84.2775
2025-09-12 11:37:00,13.7725,84.3325
2025-09-12 11:38:00,13.8150,84.3000
2025-09-12 11:39:00,13.7775,84.4600
2025-09-12 11:40:00,13.8000,84.4600
2025-09-12 11:41:00,13.8025,84.3825
2025-09-12 11:42:00,13.7625,84.1800
2025-09-12 11:43:00,13.7775,84.3325
2025-09-12 11:44:00,13.7900,84.4675
2025-09-12 11:45:00,13.7750,84.3775
2025-09-12 11:46:00,13.7675,84.3500
2025-09-12 11:47:00,13.7750,84.4200
2025-09-12 11:48:00,13.7925,84.4725
2025-09-12 11:49:00,13.7900,84.1725
2025-09-12 11:50:00,13.7850,84.2725
2025-09-12 11:51:00,13.8000,84.3875
2025-09-12 11:52:00,13.7900,84.2325
2025-09-12 11:53:00,13.8175,84.2200
2025-09-12 11:54:00,13.7975,84.2275
2025-09-12 11:55:00,13.7875,84.2350
2025-09-12 11:56:00,13.7850,84.2125
2025-09-12 11:57:00,13.7650,84.2300
2025-09-12 11:58:00,13.7725,84.2700
2025-09-12 11:59:00,13.7650,84.3000
2025-09-12 12:00:00,13.7750,84.2775
2025-09-12 12:01:00,13.7975,84.3200
2025-09-12 12:02:00,13.7900,84.4475
2025-09-12 12:03:00,13.8200,84.1425
2025-09-12 12:04:00,13.7850,84.1450
2025-09-12 12:05:00,13.7900,84.1725
2025-09-12 12:06:00,13.7950,84.2025
2025-09-12 12:07:00,13.8125,84.0825
2025-09-12 12:08:00,13.8025,84.1650
2025-09-12 12:09:00,13.8125,83.8850
2025-09-12 12:10:00,13.8000,84.1125
2025-09-12 12:11:00,13.7900,84.0850
2025-09-12 12:12:00,13.8050,84.0350
2025-09-12 12:13:00,13.8000,84.0750
2025-09-12 12:14:00,13.8025,83.9550
2025-09-12 12:15:00,13.8200,83.9375
2025-09-12 12:16:00,13.7850,83.9525
2025-09-12 12:17:00,13.7875,83.8650
2025-09-12 12:18:00,13.7775,83.9400
2025-09-12 12:19:00,13.7875,84.0100
2025-09-12 12:20:00,13.7750,84.0050
2025-09-12 12:21:00,13.7775,83.9550
2025-09-12 12:22:00,13.7750,83.8325
2025-09-12 12:23:00,13.7650,83.9525
2025-09-12 12:24:00,13.7525,83.9400
2025-09-12 12:25:00,13.7850,83.9950
2025-09-12 12:26:00,13.7575,84.0900
2025-09-12 12:27:00,13.7750,84.0925
2025-09-12 12:28:00,13.7825,84.1600
2025-09-12 12:29:00,13.8000,84.1625
2025-09-12 12:30:00,13.7750,83.9975
2025-09-12 12:31:00,13.8050,84.0775
2025-09-12 12:32:00,13.7900,84.0750
2025-09-12 12:33:00,13.7475,83.8975
2025-09-12 12:34:00,13.7550,83.9375
2025-09-12 12:35:00,13.7725,83.8200
2025-09-12 12:36:00,13.7625,83.8550
2025-09-12 12:37:00,13.7600,83.9775
2025-09-12 12:38:00,13.7550,83.9225
2025-09-12 12:39:00,13.7775,84.0350
2025-09-12 12:40:00,13.7750,83.8375
2025-09-12 12:41:00,13.7600,83.7400
2025-09-12 12:42:00,13.7750,84.1150
2025-09-12 12:43:00,13.7600,84.0750
2025-09-12 12:44:00,13.7900,83.9450
2025-09-12 12:45:00,13.7625,83.8600
2025-09-12 12:46:00,13.7750,84.0300
2025-09-12 12:47:00,13.7900,83.9725
2025-09-12 12:48:00,13.7925,84.0225
2025-09-12 12:49:00,13.7800,83.9475
2025-09-12 12:50:00,13.8000,83.9775
2025-09-12 12:51:00,13.8125,83.8875
2025-09-12 12:52:00,13.8425,83.9150
2025-09-12 12:53:00,13.8000,83.8475
2025-09-12 12:54:00,13.8250,83.9450
2025-09-12 12:55:00,13.7925,84.0075
2025-09-12 12:56:00,13.7800,83.9300
2025-09-12 12:57:00,13.7925,83.8575
2025-09-12 12:58:00,13.7925,83.8900
2025-09-12 12:59:00,13.7925,83.4575
2025-09-12 13:00:00,13.8225,83.2725
2025-09-12 13:01:00,13.9800,86.4400
2025-09-12 13:02:00,14.1650,83.4525
2025-09-12 13:03:00,14.4325,81.3950
2025-09-12 13:04:00,14.6650,80.2000
2025-09-12 13:05:00,14.8850,79.4200
2025-09-12 13:06:00,15.1050,78.7425
2025-09-12 13:07:00,15.2900,78.3225
2025-09-12 13:08:00,15.4600,77.6475
2025-09-12 13:09:00,15.6275,77.1050
2025-09-12 13:10:00,15.7925,76.7700
2025-09-12 13:11:00,15.9150,76.4625
2025-09-12 13:12:00,16.0425,76.3825
2025-09-12 13:13:00,16.1550,76.1775
2025-09-12 13:14:00,16.2875,75.8275
2025-09-12 13:15:00,16.4000,75.5500
2025-09-12 13:16:00,16.5250,75.2475
2025-09-12 13:17:00,16.6400,75.0700
2025-09-12 13:18:00,16.7400,74.7875
2025-09-12 13:19:00,16.8700,74.3225
2025-09-12 13:20:00,16.9400,74.0175
2025-09-12 13:21:00,17.0175,73.5500
2025-09-12 13:22:00,17.1125,73.4625
2025-09-12 13:23:00,17.2150,73.1250
2025-09-12 13:24:00,17.3150,72.5500
2025-09-12 13:25:00,17.3900,72.0700
2025-09-12 13:26:00,17.4325,72.0725
2025-09-12 13:27:00,17.5350,71.8450
2025-09-12 13:28:00,17.5950,71.3575
2025-09-12 13:29:00,17.6625,71.1375
2025-09-12 13:30:00,17.7375,70.9925
2025-09-12 13:31:00,17.8050,70.9600
2025-09-12 13:32:00,17.8850,70.6375
2025-09-12 13:33:00,17.9500,70.2950
2025-09-12 13:34:00,18.0125,70.0425
2025-09-12 13:35:00,18.0375,70.2850
2025-09-12 13:36:00,18.1150,69.9775
2025-09-12 13:37:00,18.1400,69.5275
2025-09-12 13:38:00,18.1825,69.3400
2025-09-12 13:39:00,18.2575,69.2675
2025-09-12 13:40:00,18.2975,69.3025
2025-09-12 13:41:00,18.3650,69.2375
2025-09-12 13:42:00,18.4050,69.1875
2025-09-12 13:43:00,18.4400,69.1575
2025-09-12 13:44:00,18.4800,69.1075
2025-09-12 13:45:00,18.5100,68.9325
2025-09-12 13:46:00,18.5800,68.6850
2025-09-12 13:47:00,18.6075,68.3025
2025-09-12 13:48:00,18.6675,68.3050
2025-09-12 13:49:00,18.6875,68.3525
2025-09-12 13:50:00,18.7350,68.1325
2025-09-12 13:51:00,18.7625,67.9000
2025-09-12 13:52:00,18.7950,67.8200
2025-09-12 13:53:00,18.8525,67.8525
2025-09-12 13:54:00,18.8725,67.9925
2025-09-12 13:55:00,18.8975,67.9025
2025-09-12 13:56:00,18.9325,67.7100
2025-09-12 13:57:00,18.9625,67.7200
2025-09-12 13:58:00,18.9950,67.7475
2025-09-12 13:59:00,19.0275,67.6550
2025-09-12 14:00:00,19.0500,67.4600
2025-09-12 14:01:00,19.1175,67.6450
2025-09-12 14:02:00,19.1200,67.2800
2025-09-12 14:03:00,19.1325,67.3500
2025-09-12 14:04:00,19.1625,67.4550
2025-09-12 14:05:00,19.1950,67.4750
2025-09-12 14:06:00,19.2050,67.5025
2025-09-12 14:07:00,19.2225,67.1650
2025-09-12 14:08:00,19.2450,67.0925
2025-09-12 14:09:00,19.2700,67.0800
2025-09-12 14:10:00,19.2950,67.1525
2025-09-12 14:11:00,19.3275,66.9100
2025-09-12 14:12:00,19.3325,66.7800
2025-09-12 14:13:00,19.3700,66.6575
2025-09-12 14:14:00,19.3950,66.8325
2025-09-12 14:15:00,19.4225,66.8300
2025-09-12 14:16:00,19.4350,66.7325
2025-09-12 14:17:00,19.4325,66.5175
2025-09-12 14:18:00,19.4700,66.4925
2025-09-12 14:19:00,19.4850,66.5025
2025-09-12 14:20:00,19.5100,66.3575
2025-09-12 14:21:00,19.5275,66.1900
2025-09-12 14:22:00,19.5425,66.3250
2025-09-12 14:23:00,19.5500,66.2775
2025-09-12 14:24:00,19.5750,66.0725
2025-09-12 14:25:00,19.5750,66.0725
2025-09-12 14:26:00,19.5625,65.8925
2025-09-12 14:27:00,19.5900,65.5850
2025-09-12 14:28:00,19.5950,65.4650
2025-09-12 14:29:00,19.6250,65.5750
2025-09-12 14:30:00,19.6175,65.2475
2025-09-12 14:31:00,19.6125,65.0000
2025-09-12 14:32:00,19.6050,65.0225
2025-09-12 14:33:00,19.6475,64.8275
2025-09-12 14:34:00,19.6325,64.6100
2025-09-12 14:35:00,19.6300,64.2800
2025-09-12 14:36:00,19.6450,64.3375
2025-09-12 14:37:00,19.6550,64.2850
2025-09-12 14:38:00,19.7100,64.0725
2025-09-12 14:39:00,19.7050,63.4550
2025-09-12 14:40:00,19.6950,63.0425
2025-09-12 14:41:00,19.7025,62.9400
2025-09-12 14:42:00,19.7150,63.0975
2025-09-12 14:43:00,19.7400,63.2675
2025-09-12 14:44:00,19.7700,63.0000
2025-09-12 14:45:00,19.7650,62.4600
2025-09-12 14:46:00,19.7725,62.4575
2025-09-12 14:47:00,19.7825,62.4850
2025-09-12 14:48:00,19.8150,63.1925
2025-09-12 14:49:00,19.8550,64.0000
2025-09-12 14:50:00,19.8625,64.6600
2025-09-12 14:51:00,19.8725,65.4675
2025-09-12 14:52:00,19.9100,65.3000
2025-09-12 14:53:00,19.9275,66.1150
2025-09-12 14:54:00,19.9650,65.9100
2025-09-12 14:55:00,19.9400,66.5475
2025-09-12 14:56:00,19.9675,67.1325
2025-09-12 14:57:00,19.9650,67.3175
2025-09-12 14:58:00,19.9825,67.6850
2025-09-12 14:59:00,19.9825,66.9775
2025-09-12 15:00:00,19.9975,66.2750
2025-09-12 15:01:00,19.9750,65.3600
2025-09-12 15:02:00,19.9825,64.1600
2025-09-12 15:03:00,20.0575,63.9500
2025-09-12 15:04:00,20.0375,63.2600
2025-09-12 15:05:00,20.0500,63.0225
2025-09-12 15:06:00,20.0500,63.0350
2025-09-12 15:07:00,20.0500,63.1900
2025-09-12 15:08:00,20.0400,63.3000
2025-09-12 15:09:00,20.0600,63.2750
2025-09-12 15:10:00,20.0700,63.0400
2025-09-12 15:11:00,20.0550,63.0975
2025-09-12 15:12:00,20.0450,63.1875
2025-09-12 15:13:00,20.0375,63.2175
2025-09-12 15:14:00,20.0300,63.3325
2025-09-12 15:15:00,20.0400,63.3950
2025-09-12 15:16:00,20.0500,63.4250
2025-09-12 15:17:00,20.0950,63.3925
2025-09-12 15:18:00,20.0950,63.3925
2025-09-12 15:19:00,20.1150,63.3350
2025-09-12 15:20:00,20.1025,63.3100
2025-09-12 15:21:00,20.1425,63.1650
2025-09-12 15:22:00,20.1450,63.0550
2025-09-12 15:23:00,20.1950,62.9100
2025-09-12 15:24:00,20.1675,62.8175
2025-09-12 15:25:00,20.1625,62.7675
2025-09-12 15:26:00,20.1550,62.6950
2025-09-12 15:27:00,20.1500,62.6225
2025-09-12 15:28:00,20.1425,62.6925
2025-09-12 15:29:00,20.1400,62.7475
2025-09-12 15:30:00,20.1625,62.6325
2025-09-12 15:31:00,20.1925,62.4950
2025-09-12 15:32:00,20.1975,62.4350
2025-09-12 15:33:00,20.2050,62.4025
2025-09-12 15:34:00,20.2125,62.5275
2025-09-12 15:35:00,20.2125,62.5175
2025-09-12 15:36:00,20.2200,62.6400
2025-09-12 15:37:00,20.2225,62.5100
2025-09-12 15:38:00,20.2075,62.5325
2025-09-12 15:39:00,20.2075,62.6150
2025-09-12 15:40:00,20.1925,62.6550
2025-09-12 15:41:00,20.2125,62.5600
2025-09-12 15:42:00,20.2200,62.4675
2025-09-12 15:43:00,20.2275,62.4575
2025-09-12 15:44:00,20.2425,62.4950
2025-09-12 15:45:00,20.2725,62.4125
2025-09-12 15:46:00,20.2725,62.2700
2025-09-12 15:47:00,20.2800,62.2450
2025-09-12 15:48:00,20.2650,62.2925
2025-09-12 15:49:00,20.2900,62.2150
2025-09-12 15:50:00,20.2625,62.0550
2025-09-12 15:51:00,20.2900,62.0400
2025-09-12 15:52:00,20.2675,62.0925
2025-09-12 15:53:00,20.2725,62.1575
2025-09-12 15:54:00,20.2625,62.0550
2025-09-12 15:55:00,20.2900,62.0400
2025-09-12 15:56:00,20.2675,62.0925
2025-09-12 15:57:00,20.2725,62.1575
2025-09-12 15:58:00,20.3925,61.8600
2025-09-12 15:59:00,20.3675,61.8850
2025-09-12 16:00:00,20.3675,61.6350
2025-09-12 16:01:00,20.3425,61.5700
2025-09-12 16:02:00,20.3300,61.5300
2025-09-12 16:03:00,20.3375,61.6625
2025-09-12 16:04:00,20.3400,61.6450
2025-09-12 16:05:00,20.3525,61.6425
2025-09-12 16:06:00,20.3425,61.6300
2025-09-12 16:07:00,20.3375,61.7025
2025-09-12 16:08:00,20.3275,61.6375
2025-09-12 16:09:00,20.3300,61.4775
2025-09-12 16:10:00,20.3275,61.5075
2025-09-12 16:11:00,20.3150,61.6325
2025-09-12 16:12:00,20.3425,61.6025
2025-09-12 16:13:00,20.3525,61.5125
2025-09-12 16:14:00,20.3650,61.4050
2025-09-12 16:15:00,20.3300,61.3925
2025-09-12 16:16:00,20.3300,61.2500
2025-09-12 16:17:00,20.3050,61.1750
2025-09-12 16:18:00,20.3125,61.2025
2025-09-12 16:19:00,20.3075,61.3300
2025-09-12 16:20:00,20.3025,61.2800
2025-09-12 16:21:00,20.3325,61.2800
2025-09-12 16:22:00,20.3450,61.3100
2025-09-12 16:23:00,20.3525,61.1675
2025-09-12 16:24:00,20.3500,61.1425
2025-09-12 16:25:00,20.3650,61.1825
2025-09-12 16:26:00,20.3325,61.3175
2025-09-12 16:27:00,20.3225,61.2875
2025-09-12 16:28:00,20.3225,61.2875
2025-09-12 16:29:00,20.2900,61.4150
2025-09-12 16:30:00,20.2925,61.5400
2025-09-12 16:31:00,20.2900,61.7175
2025-09-12 16:32:00,20.2575,61.8750
2025-09-12 16:33:00,20.2300,62.0300
2025-09-12 16:34:00,20.1925,62.0950
2025-09-12 16:35:00,20.2050,62.2175
2025-09-12 16:36:00,20.1700,62.0550
2025-09-12 16:37:00,20.1650,61.9325
2025-09-12 16:38:00,20.1550,61.8425
2025-09-12 16:39:00,20.1325,61.6500
2025-09-12 16:40:00,20.1225,61.5800
2025-09-12 16:41:00,20.1050,61.7175
2025-09-12 16:42:00,20.0750,61.9750
2025-09-12 16:43:00,20.0525,62.0650
2025-09-12 16:44:00,20.0375,62.2700
2025-09-12 16:45:00,20.0475,62.1575
2025-09-12 16:46:00,20.0075,62.0450
2025-09-12 16:47:00,20.0075,62.0775
2025-09-12 16:48:00,20.0125,62.1000
2025-09-12 16:49:00,20.0225,62.0275
2025-09-12 16:50:00,20.0525,61.8000
2025-09-12 16:51:00,20.0700,61.6925
2025-09-12 16:52:00,20.0875,61.6825
2025-09-12 16:53:00,20.0650,61.7050
2025-09-12 16:54:00,20.0075,61.6750
2025-09-12 16:55:00,20.0125,61.7375
2025-09-12 16:56:00,20.0050,61.7150
2025-09-12 16:57:00,20.1850,61.4000
2025-09-12 16:58:00,20.1550,61.8425
2025-09-12 16:59:00,20.1325,61.6500
2025-09-12 17:00:00,20.1225,61.5800
2025-09-12 17:01:00,20.1050,61.7175
2025-09-12 17:02:00,20.0750,61.9750
2025-09-12 17:03:00,20.0525,62.0650
2025-09-12 17:04:00,20.0375,62.2700
2025-09-12 17:05:00,20.0475,62.1575
2025-09-12 17:06:00,20.0075,62.0450
2025-09-12 17:07:00,20.0075,62.0775
2025-09-12 17:08:00,20.0125,62.1000
2025-09-12 17:09:00,20.0225,62.0275
2025-09-12 17:10:00,20.0525,61.8000
2025-09-12 17:11:00,20.0700,61.6925
2025-09-12 17:12:00,20.0875,61.6825
2025-09-12 17:13:00,20.0650,61.7050
2025-09-12 17:14:00,20.0075,61.6750
2025-09-12 17:15:00,20.0125,61.7375
2025-09-12 17:16:00,20.0050,61.7150
2025-09-12 17:17:00,20.1850,61.4000
2025-09-12 17:18:00,20.1475,61.3225
2025-09-12 17:19:00,20.1100,61.2900
2025-09-12 17:20:00,20.0700,61.4125
2025-09-12 17:21:00,20.0575,61.4950
2025-09-12 17:22:00,20.0925,61.5050
2025-09-12 17:23:00,20.1100,61.5350
2025-09-12 17:24:00,20.1250,61.5825
2025-09-12 17:25:00,20.1300,61.6650
2025-09-12 17:26:00,20.1500,61.7025
2025-09-12 17:27:00,20.1300,61.8150
2025-09-12 17:28:00,20.1750,61.8500
2025-09-12 17:29:00,20.1675,61.8100
2025-09-12 17:30:00,20.1825,61.9075
2025-09-12 17:31:00,20.1725,61.9475
2025-09-12 17:32:00,20.1925,61.8825
2025-09-12 17:33:00,20.1975,61.7300
2025-09-12 17:34:00,20.2225,61.5475
2025-09-12 17:35:00,20.2025,61.4725
2025-09-12 17:36:00,20.2250,61.4975
2025-09-12 17:37:00,20.2225,61.3425
2025-09-12 17:38:00,20.2450,61.3275
2025-09-12 17:39:00,20.2450,61.3125
2025-09-12 17:40:00,20.2475,61.3950
2025-09-12 17:41:00,20.2550,61.2775
2025-09-12 17:42:00,20.2300,61.3525
2025-09-12 17:43:00,20.2600,61.2700
2025-09-12 17:44:00,20.2575,61.1750
2025-09-12 17:45:00,20.2675,61.1250
2025-09-12 17:46:00,20.3050,61.0775
2025-09-12 17:47:00,20.3050,61.1025
2025-09-12 17:48:00,20.3300,61.1625
2025-09-12 17:49:00,20.3150,61.2325
2025-09-12 17:50:00,20.3275,61.2950
2025-09-12 17:51:00,20.3275,61.2725
2025-09-12 17:52:00,20.3275,61.3125
2025-09-12 17:53:00,20.3425,61.2525
2025-09-12 17:54:00,20.3400,61.1175
2025-09-12 17:55:00,20.3450,61.0950
2025-09-12 17:56:00,20.3475,61.1250
2025-09-12 17:57:00,20.3500,60.9875
2025-09-12 17:58:00,20.3725,61.0050
2025-09-12 17:59:00,20.3825,61.1025
2025-09-12 18:00:00,20.3800,61.1425
2025-09-12 18:01:00,20.3875,61.0950
2025-09-12 18:02:00,20.4025,61.0150
2025-09-12 18:03:00,20.3725,61.1300
2025-09-12 18:04:00,20.4025,61.1050
2025-09-12 18:05:00,20.4125,60.9875
2025-09-12 18:06:00,20.3900,61.0100
2025-09-12 18:07:00,20.3900,61.0550
2025-09-12 18:08:00,20.4050,60.9275
2025-09-12 18:09:00,20.4175,60.7325
2025-09-12 18:10:00,20.4175,60.8200
2025-09-12 18:11:00,20.4275,60.7325
2025-09-12 18:12:00,20.6025,60.4800
2025-09-12 18:13:00,20.5600,60.5475
2025-09-12 18:14:00,20.5675,60.6275
2025-09-12 18:15:00,20.5325,60.7300
2025-09-12 18:16:00,20.5350,60.6875
2025-09-12 18:17:00,20.5225,60.4825
2025-09-12 18:18:00,20.5200,60.4475
2025-09-12 18:19:00,20.4700,60.4900
2025-09-12 18:20:00,20.5200,60.5275
2025-09-12 18:21:00,20.5200,60.5700
2025-09-12 18:22:00,20.5225,60.5625
2025-09-12 18:23:00,20.5075,60.5600
2025-09-12 18:24:00,20.5200,60.5950
2025-09-12 18:25:00,20.5150,60.4700
2025-09-12 18:26:00,20.5025,60.5125
2025-09-12 18:27:00,20.5025,60.5075
2025-09-12 18:28:00,20.5425,60.4875
2025-09-12 18:29:00,20.4850,60.5700
2025-09-12 18:30:00,20.5025,60.5850
2025-09-12 18:31:00,20.5000,60.5025
2025-09-12 18:32:00,20.5175,60.3325
2025-09-12 18:33:00,20.5000,60.4500
2025-09-12 18:34:00,20.5075,60.4500
2025-09-12 18:35:00,20.4900,60.5100
2025-09-12 18:36:00,20.4975,60.5975
2025-09-12 18:37:00,20.5000,60.7525
2025-09-12 18:38:00,20.4975,60.7125
2025-09-12 18:39:00,20.4925,60.6050
2025-09-12 18:40:00,20.5025,60.5675
2025-09-12 18:41:00,20.4925,60.5650
2025-09-12 18:42:00,20.5225,60.5700
2025-09-12 18:43:00,20.5025,60.4650
2025-09-12 18:44:00,20.5075,60.5725
2025-09-12 18:45:00,20.4825,60.6125
2025-09-12 18:46:00,20.5075,60.6750
2025-09-12 18:47:00,20.5025,60.6850
2025-09-12 18:48:00,20.5050,60.6750
2025-09-12 18:49:00,20.5050,60.6750
2025-09-12 18:50:00,20.4825,60.6150
2025-09-12 18:51:00,20.4950,60.5100
2025-09-12 18:52:00,20.4850,60.4600
2025-09-12 18:53:00,20.5050,60.4600
2025-09-12 18:54:00,20.4925,60.4600
2025-09-12 18:55:00,20.4750,60.5100
2025-09-12 18:56:00,20.4825,60.4700
2025-09-12 18:57:00,20.5100,60.5525
2025-09-12 18:58:00,20.5200,60.6400
2025-09-12 18:59:00,20.4925,60.7600
2025-09-12 19:00:00,20.4875,60.7625
2025-09-12 19:01:00,20.5200,60.6275
2025-09-12 19:02:00,20.5225,60.5350
2025-09-12 19:03:00,20.5025,60.4850
2025-09-12 19:04:00,20.5025,60.4625
2025-09-12 19:05:00,20.5200,60.4750
2025-09-12 19:06:00,20.5250,60.4850
2025-09-12 19:07:00,20.5200,60.5150
2025-09-12 19:08:00,20.5000,60.5000
2025-09-12 19:09:00,20.5375,60.5700
2025-09-12 19:10:00,20.5200,60.6600
2025-09-12 19:11:00,20.5050,60.6750
2025-09-12 19:12:00,20.5100,60.5375
2025-09-12 19:13:00,20.5175,60.5150
2025-09-12 19:14:00,20.5200,60.4575
2025-09-12 19:15:00,20.5425,60.4900
2025-09-12 19:16:00,20.5300,60.4350
2025-09-12 19:17:00,20.5425,60.4500
2025-09-12 19:18:00,20.5200,60.5250
2025-09-12 19:19:00,20.5400,60.4800
2025-09-12 19:20:00,20.5450,60.3750
2025-09-12 19:21:00,20.5300,60.3300
2025-09-12 19:22:00,20.5275,60.3700
2025-09-12 19:23:00,20.5300,60.4125
2025-09-12 19:24:00,20.5450,60.2925
2025-09-12 19:25:00,20.5200,60.3875
2025-09-12 19:26:00,20.5200,60.3900
2025-09-12 19:27:00,20.5350,60.3700
2025-09-12 19:28:00,20.5475,60.4100
2025-09-12 19:29:00,20.5325,60.4825
2025-09-12 19:30:00,20.5575,60.4175
2025-09-12 19:31:00,20.5475,60.3850
2025-09-12 19:32:00,20.5325,60.4500
2025-09-12 19:33:00,20.5325,60.5175
2025-09-12 19:34:00,20.5200,60.5075
2025-09-12 19:35:00,20.5325,60.5050
2025-09-12 19:36:00,20.5350,60.5750
2025-09-12 19:37:00,20.5225,60.5300
2025-09-12 19:38:00,20.5300,60.4825
2025-09-12 19:39:00,20.5450,60.4425
2025-09-12 19:40:00,20.5350,60.5050
2025-09-12 19:41:00,20.5300,60.4700
2025-09-12 19:42:00,20.5600,60.3950
2025-09-12 19:43:00,20.5450,60.4025
2025-09-12 19:44:00,20.5450,60.4250
2025-09-12 19:45:00,20.5675,60.3825
2025-09-12 19:46:00,20.5575,60.3925
2025-09-12 19:47:00,20.5575,60.4625
2025-09-12 19:48:00,20.5600,60.4125
2025-09-12 19:49:00,20.5550,60.4100
2025-09-12 19:50:00,20.5300,60.4400
2025-09-12 19:51:00,20.5550,60.4425
2025-09-12 19:52:00,20.5600,60.4450
2025-09-12 19:53:00,20.5550,60.5150
2025-09-12 19:54:00,20.5450,60.5500
2025-09-12 19:55:00,20.5550,60.4550
2025-09-12 19:56:00,20.5575,60.3875
2025-09-12 19:57:00,20.5550,60.4625
2025-09-12 19:58:00,20.5575,60.4250
2025-09-12 19:59:00,20.5500,60.4375
2025-09-12 20:00:00,20.5625,60.4775
2025-09-12 20:01:00,20.5350,60.5075
2025-09-12 20:02:00,20.5750,60.4750
2025-09-12 20:03:00,20.5675,60.4450
2025-09-12 20:04:00,20.5500,60.4100
2025-09-12 20:05:00,20.5950,60.3400
2025-09-12 20:06:00,20.5825,60.2050
2025-09-12 20:07:00,20.5575,60.1950
2025-09-12 20:08:00,20.5600,60.3050
2025-09-12 20:09:00,20.5700,60.2875
2025-09-12 20:10:00,20.5625,60.3150
2025-09-12 20:11:00,20.5475,60.3425
2025-09-12 20:12:00,20.5650,60.3500
2025-09-12 20:13:00,20.5850,60.3700
2025-09-12 20:14:00,20.5725,60.4225
2025-09-12 20:15:00,20.5975,60.4525
2025-09-12 20:16:00,20.5875,60.4825
2025-09-12 20:17:00,20.5700,60.4775
2025-09-12 20:18:00,20.5575,60.5375
2025-09-12 20:19:00,20.5575,60.5075
2025-09-12 20:20:00,20.6100,60.5225
2025-09-12 20:21:00,20.6100,60.5450
2025-09-12 20:22:00,20.6125,60.5225
2025-09-12 20:23:00,20.5675,60.4000
2025-09-12 20:24:00,20.5675,60.2650
2025-09-12 20:25:00,20.5950,60.3200
2025-09-12 20:26:00,20.5825,60.2825
2025-09-12 20:27:00,20.6050,60.2775
2025-09-12 20:28:00,20.5850,60.3050
2025-09-12 20:29:00,20.5925,60.2925
2025-09-12 20:30:00,20.5825,60.2100
2025-09-12 20:31:00,20.5850,60.2250
2025-09-12 20:32:00,20.5650,60.2825
2025-09-12 20:33:00,20.6125,60.2800
2025-09-12 20:34:00,20.5950,60.3375
2025-09-12 20:35:00,20.5475,60.3625
2025-09-12 20:36:00,20.5950,60.3325
2025-09-12 20:37:00,20.5975,60.2325
2025-09-12 20:38:00,20.5950,60.2450
2025-09-12 20:39:00,20.5825,60.2300
2025-09-12 20:40:00,20.6000,60.2700
2025-09-12 20:41:00,20.5825,60.3000
2025-09-12 20:42:00,20.5850,60.3350
2025-09-12 20:43:00,20.5950,60.4275
2025-09-12 20:44:00,20.6100,61.1550
2025-09-12 20:45:00,20.6100,62.5525
2025-09-12 20:46:00,20.5950,63.9575
2025-09-12 20:47:00,20.5875,65.3825
2025-09-12 20:48:00,20.6500,66.1300
2025-09-12 20:49:00,20.6275,67.5875
2025-09-12 20:50:00,20.6375,67.1750
2025-09-12 20:51:00,20.6500,66.5175
2025-09-12 20:52:00,20.6350,66.0925
2025-09-12 20:53:00,20.6125,65.2050
2025-09-12 20:54:00,20.6325,64.8075
2025-09-12 20:55:00,20.6350,64.2325
2025-09-12 20:56:00,20.6150,63.8050
2025-09-12 20:57:00,20.6225,63.6750
2025-09-12 20:58:00,20.6325,63.6100
2025-09-12 20:59:00,20.6425,63.1725
2025-09-12 21:00:00,20.6100,63.0075
2025-09-12 21:01:00,20.6250,63.0050
2025-09-12 21:02:00,20.6075,62.9850
2025-09-12 21:03:00,20.6325,62.6150
2025-09-12 21:04:00,20.6325,62.5200
2025-09-12 21:05:00,20.6200,62.5200
2025-09-12 21:06:00,20.6250,62.5325
2025-09-12 21:07:00,20.6200,62.3650
2025-09-12 21:08:00,20.6225,62.3250
2025-09-12 21:09:00,20.6275,62.3825
2025-09-12 21:10:00,20.6100,62.3775
2025-09-12 21:11:00,20.6350,62.2100
2025-09-12 21:12:00,20.6275,62.1475
2025-09-12 21:13:00,20.6075,62.1325
2025-09-12 21:14:00,20.6100,62.0700
2025-09-12 21:15:00,20.6125,61.9125
2025-09-12 21:16:00,20.6000,61.9350
2025-09-12 21:17:00,20.5850,62.0200
2025-09-12 21:18:00,20.6050,62.0050
2025-09-12 21:19:00,20.6150,61.9000
2025-09-12 21:20:00,20.5725,61.9325
2025-09-12 21:21:00,20.5775,62.0400
2025-09-12 21:22:00,20.5975,62.0000
2025-09-12 21:23:00,20.5825,61.9825
2025-09-12 21:24:00,20.5675,62.0175
2025-09-12 21:25:00,20.5875,62.0425
2025-09-12 21:26:00,20.5950,61.9675
2025-09-12 21:27:00,20.6000,61.8925
2025-09-12 21:28:00,20.5925,61.8800
2025-09-12 21:29:00,20.5800,61.9200
2025-09-12 21:30:00,20.5825,61.8750
2025-09-12 21:31:00,20.6225,61.7675
2025-09-12 21:32:00,20.5850,61.7000
2025-09-12 21:33:00,20.6025,61.7375
2025-09-12 21:34:00,20.6150,61.5625
2025-09-12 21:35:00,20.6125,61.4575
2025-09-12 21:36:00,20.5950,61.4550
2025-09-12 21:37:00,20.5975,61.5225
2025-09-12 21:38:00,20.6150,61.4800
2025-09-12 21:39:00,20.6100,61.4000
2025-09-12 21:40:00,20.5875,61.4175
2025-09-12 21:41:00,20.6000,61.4075
2025-09-12 21:42:00,20.5850,61.3475
2025-09-12 21:43:00,20.5825,61.3525
2025-09-12 21:44:00,20.5825,61.2975
2025-09-12 21:45:00,20.5875,61.2950
2025-09-12 21:46:00,20.5875,61.1650
2025-09-12 21:47:00,20.6100,61.1900
2025-09-12 21:48:00,20.6075,61.1750
2025-09-12 21:49:00,20.5975,61.0750
2025-09-12 21:50:00,20.5825,60.9275
2025-09-12 21:51:00,20.5700,60.9200
2025-09-12 21:52:00,20.5975,60.8725
2025-09-12 21:53:00,20.5750,60.7000
2025-09-12 21:54:00,20.5825,60.6175
2025-09-12 21:55:00,20.5700,60.6300
2025-09-12 21:56:00,20.5825,60.6750
2025-09-12 21:57:00,20.5650,60.6500
2025-09-12 21:58:00,20.5575,60.7725
2025-09-12 21:59:00,20.5575,60.9125
2025-09-12 22:00:00,20.5875,61.0275
2025-09-12 22:01:00,20.5875,61.1225
2025-09-12 22:02:00,20.5800,61.2550
2025-09-12 22:03:00,20.5950,61.1425
2025-09-12 22:04:00,20.5625,61.2375
2025-09-12 22:05:00,20.5725,61.2500
2025-09-12 22:06:00,20.5675,61.2050
2025-09-12 22:07:00,20.5825,61.1475
2025-09-12 22:08:00,20.5975,61.0700
2025-09-12 22:09:00,20.5975,60.8850
2025-09-12 22:10:00,20.5675,60.8700
2025-09-12 22:11:00,20.5975,60.7775
2025-09-12 22:12:00,20.7000,60.3425
2025-09-12 22:13:00,20.6825,60.1900
2025-09-12 22:14:00,20.7125,59.9675
2025-09-12 22:15:00,20.6850,60.0675
2025-09-12 22:16:00,20.6525,60.1150
2025-09-12 22:17:00,20.6500,60.0550
2025-09-12 22:18:00,20.6475,59.9600
2025-09-12 22:19:00,20.6200,59.9850
2025-09-12 22:20:00,20.6250,60.0825
2025-09-12 22:21:00,20.6150,59.8800
2025-09-12 22:22:00,20.5825,59.9375
2025-09-12 22:23:00,20.5925,59.9975
2025-09-12 22:24:00,20.6225,59.9600
2025-09-12 22:25:00,20.6100,59.9450
2025-09-12 22:26:00,20.5925,60.0400
2025-09-12 22:27:00,20.5700,60.0300
2025-09-12 22:28:00,20.5750,60.0325
2025-09-12 22:29:00,20.5825,60.0675
2025-09-12 22:30:00,20.5650,60.1025
2025-09-12 22:31:00,20.5675,60.1600
2025-09-12 22:32:00,20.5800,60.1750
2025-09-12 22:33:00,20.5675,60.2400
2025-09-12 22:34:00,20.5575,60.2725
2025-09-12 22:35:00,20.5675,60.3400
2025-09-12 22:36:00,20.6950,60.1125
2025-09-12 22:37:00,20.6425,60.1925
2025-09-12 22:38:00,20.6250,60.3200
2025-09-12 22:39:00,20.6325,60.3875
2025-09-12 22:40:00,20.6475,60.7425
2025-09-12 22:41:00,20.6175,60.9600
2025-09-12 22:42:00,20.6225,61.1225
2025-09-12 22:43:00,20.6150,61.2450
2025-09-12 22:44:00,20.6225,61.4050
2025-09-12 22:45:00,20.6175,61.5000
2025-09-12 22:46:00,20.6275,61.5900
2025-09-12 22:47:00,20.5950,61.6300
2025-09-12 22:48:00,20.6175,61.6650
2025-09-12 22:49:00,20.5950,61.7450
2025-09-12 22:50:00,20.5850,61.6900
2025-09-12 22:51:00,20.5875,61.6025
2025-09-12 22:52:00,20.6000,61.5850
2025-09-12 22:53:00,20.5875,61.5475
2025-09-12 22:54:00,20.5875,61.5850
2025-09-12 22:55:00,20.5975,61.5375
2025-09-12 22:56:00,20.5775,61.5700
2025-09-12 22:57:00,20.5825,61.6025
2025-09-12 22:58:00,20.5875,61.5850
2025-09-12 22:59:00,20.5775,61.5850
2025-09-12 23:00:00,20.5725,61.6475
2025-09-12 23:01:00,20.5750,61.7125
2025-09-12 23:02:00,20.5750,61.7250
2025-09-12 23:03:00,20.5675,61.7125
2025-09-12 23:04:00,20.5650,61.7550
2025-09-12 23:05:00,20.5650,61.8025
2025-09-12 23:06:00,20.5925,61.7800
2025-09-12 23:07:00,20.5825,61.8275
2025-09-12 23:08:00,20.5600,61.8550
2025-09-12 23:09:00,20.5775,61.8700
2025-09-12 23:10:00,20.5975,61.8500
2025-09-12 23:11:00,20.5775,61.9000
2025-09-12 23:12:00,20.5725,61.9175
2025-09-12 23:13:00,20.5625,61.8875
2025-09-12 23:14:00,20.5775,61.8775
2025-09-12 23:15:00,20.5550,61.9125
2025-09-12 23:16:00,20.5500,61.8850
2025-09-12 23:17:00,20.5775,61.8250
2025-09-12 23:18:00,20.5825,61.7125
2025-09-12 23:19:00,20.5725,61.7525
2025-09-12 23:20:00,20.5725,61.7225
2025-09-12 23:21:00,20.5975,61.5450
2025-09-12 23:22:00,20.5750,61.5175
2025-09-12 23:23:00,20.5950,61.5850
2025-09-12 23:24:00,20.6125,61.4400
2025-09-12 23:25:00,20.5850,61.3800
2025-09-12 23:26:00,20.5750,61.4250
2025-09-12 23:27:00,20.5775,61.4550
2025-09-12 23:28:00,20.5850,61.3825
2025-09-12 23:29:00,20.6050,61.3250
2025-09-12 23:30:00,20.5800,61.4050
2025-09-12 23:31:00,20.5725,61.4175
2025-09-12 23:32:00,20.6050,61.4650
2025-09-12 23:33:00,20.5825,61.5300
2025-09-12 23:34:00,20.5775,61.5825
2025-09-12 23:35:00,20.5850,61.6025
2025-09-12 23:36:00,20.5775,61.5925
2025-09-12 23:37:00,20.5775,61.5925
2025-09-12 23:38:00,20.5775,61.6100
2025-09-12 23:39:00,20.6000,61.5750
2025-09-12 23:40:00,20.5825,61.4925
2025-09-12 23:41:00,20.5700,61.5525
2025-09-12 23:42:00,20.5700,61.4875
2025-09-12 23:43:00,20.6150,61.4600
2025-09-12 23:44:00,20.5700,61.5100
2025-09-12 23:45:00,20.5700,61.5775
2025-09-12 23:46:00,20.5975,61.6475
2025-09-12 23:47:00,20.6050,61.7125
2025-09-12 23:48:00,20.5975,61.7950
2025-09-12 23:49:00,20.5950,61.7950
2025-09-12 23:50:00,20.5850,61.7725
2025-09-12 23:51:00,20.6000,61.7650
2025-09-12 23:52:00,20.5825,61.7725
2025-09-12 23:53:00,20.5950,61.7650
2025-09-12 23:54:00,20.5825,61.7200
2025-09-12 23:55:00,20.5975,61.7550
2025-09-12 23:56:00,20.5950,61.7675
2025-09-12 23:57:00,20.6150,61.7700
2025-09-12 23:58:00,20.5950,61.7350
2025-09-12 23:59:00,20.5725,61.8025
