id	Experiment_Day	Temperature
MST60063	17.003483796296297	32.5
MST60063	17.01042824074074	32
MST60063	17.017372685185187	32.5
MST60063	17.02431712962963	32.5
MST60063	17.031261574074072	32
MST60063	17.03820601851852	32
MST60063	17.045150462962962	33.5
MST60063	17.052094907407408	33.5
MST60063	17.05903935185185	33
MST60063	17.065983796296297	33.5
MST60063	17.07292824074074	31.5
MST60063	17.079872685185187	30.5
MST60063	17.08681712962963	33
MST60063	17.093761574074072	34
MST60063	17.10070601851852	32
MST60063	17.107650462962962	33
MST60063	17.114594907407408	31.5
MST60063	17.12153935185185	30
MST60063	17.128483796296297	32
MST60063	17.13542824074074	33
MST60063	17.142372685185187	32.5
MST60063	17.14931712962963	31.5
MST60063	17.156261574074072	33
MST60063	17.16320601851852	32.5
MST60063	17.170150462962962	34
MST60063	17.177094907407408	32.5
MST60063	17.18403935185185	32.5
MST60063	17.190983796296297	33
MST60063	17.19792824074074	33
MST60063	17.204872685185187	31.5
MST60063	17.21181712962963	31.5
MST60063	17.218761574074072	34
MST60063	17.22570601851852	33.5
MST60063	17.232650462962962	32.5
MST60063	17.239594907407408	32
MST60063	17.24653935185185	32.5
MST60063	17.253483796296297	32.5
MST60063	17.26042824074074	34.5
MST60063	17.267372685185187	34.5
MST60063	17.27431712962963	33
MST60063	17.281261574074072	33
MST60063	17.28820601851852	32.5
MST60063	17.295150462962962	32.5
MST60063	17.302094907407408	32.5
MST60063	17.30903935185185	33
MST60063	17.315983796296297	31.5
MST60063	17.32292824074074	31.5
MST60063	17.329872685185187	29.5
MST60063	17.33681712962963	32
MST60063	17.343761574074072	32
MST60063	17.35070601851852	32.5
MST60063	17.357650462962962	32
MST60063	17.364594907407408	33
MST60063	17.37153935185185	32
MST60063	17.378483796296297	33
MST60063	17.38542824074074	32.5
MST60063	17.392372685185187	32.5
MST60063	17.39931712962963	32.5
MST60063	17.406261574074072	33
MST60063	17.41320601851852	32.5
MST60063	17.420150462962962	32.5
MST60063	17.427094907407408	32.5
MST60063	17.43403935185185	32.5
MST60063	17.440983796296297	32.5
MST60063	17.44792824074074	32.5
MST60063	17.454872685185187	32.5
MST60063	17.46181712962963	33
MST60063	17.468761574074072	32.5
MST60063	17.47570601851852	33
MST60063	17.482650462962962	33
MST60063	17.489594907407408	33.5
MST60063	17.49653935185185	33.5
MST60063	17.503483796296297	33.5
MST60063	17.51042824074074	33
MST60063	17.517372685185187	33.5
MST60063	17.52431712962963	33
MST60063	17.531261574074072	33
MST60063	17.53820601851852	33
MST60063	17.545150462962962	32.5
MST60063	17.552094907407408	33
MST60063	17.55903935185185	32.5
MST60063	17.565983796296297	33
MST60063	17.57292824074074	32.5
MST60063	17.579872685185187	32.5
MST60063	17.58681712962963	32
MST60063	17.593761574074072	32.5
MST60063	17.60070601851852	32.5
MST60063	17.607650462962962	32
MST60063	17.614594907407408	32.5
MST60063	17.62153935185185	32.5
MST60063	17.628483796296297	32
MST60063	17.63542824074074	32.5
MST60063	17.642372685185187	32.5
MST60063	17.64931712962963	32.5
MST60063	17.656261574074072	32
MST60063	17.66320601851852	32.5
MST60063	17.670150462962962	32.5
MST60063	17.677094907407408	32.5
MST60063	17.68403935185185	32
MST60063	17.690983796296297	32.5
MST60063	17.69792824074074	32.5
MST60063	17.704872685185187	32
MST60063	17.71181712962963	32
MST60063	17.718761574074072	32
MST60063	17.72570601851852	32.5
MST60063	17.732650462962962	32
MST60063	17.739594907407408	32.5
MST60063	17.74653935185185	32
MST60063	17.753483796296297	32.5
MST60063	17.76042824074074	32.5
MST60063	17.767372685185187	32
MST60063	17.77431712962963	32
MST60063	17.781261574074072	32.5
MST60063	17.78820601851852	32
MST60063	17.795150462962962	32
MST60063	17.802094907407408	32
MST60063	17.80903935185185	32.5
MST60063	17.815983796296297	32.5
MST60063	17.82292824074074	32.5
MST60063	17.829872685185187	32
MST60063	17.83681712962963	32
MST60063	17.843761574074072	32
MST60063	17.85070601851852	32
MST60063	17.857650462962962	32
MST60063	17.864594907407408	31.5
MST60063	17.87153935185185	32
MST60063	17.878483796296297	32
MST60063	17.88542824074074	32
MST60063	17.892372685185187	32
MST60063	17.89931712962963	31.5
MST60063	17.906261574074072	31.5
MST60063	17.91320601851852	31.5
MST60063	17.920150462962962	31
MST60063	17.927094907407408	32.5
MST60063	17.93403935185185	31.5
MST60063	17.940983796296297	30.5
MST60063	17.94792824074074	30.5
MST60063	17.954872685185187	30.5
MST60063	17.96181712962963	30.5
MST60063	17.968761574074072	30.5
MST60063	17.97570601851852	30.5
MST60063	17.982650462962962	30
MST60063	17.989594907407408	31
MST60063	17.99653935185185	31
MST60063	18.003483796296297	31
MST60063	18.01042824074074	31.5
MST60063	18.017372685185187	32.5
MST60063	18.02431712962963	32.5
MST60063	18.031261574074072	33.5
MST60063	18.03820601851852	32
MST60063	18.045150462962962	32.5
MST60063	18.052094907407408	32.5
MST60063	18.05903935185185	32.5
MST60063	18.065983796296297	32
MST60063	18.07292824074074	32
MST60063	18.079872685185187	32
MST60063	18.08681712962963	32.5
MST60063	18.093761574074072	32.5
MST60063	18.10070601851852	33
MST60063	18.107650462962962	32.5
MST60063	18.114594907407408	32
MST60063	18.12153935185185	31
MST60063	18.128483796296297	32
MST60063	18.13542824074074	32.5
MST60063	18.142372685185187	34.5
MST60063	18.14931712962963	33.5
MST60063	18.156261574074072	33
MST60063	18.16320601851852	31.5
MST60063	18.170150462962962	32
MST60063	18.177094907407408	33
MST60063	18.18403935185185	32
MST60063	18.190983796296297	32.5
MST60063	18.19792824074074	34.5
MST60063	18.204872685185187	33
MST60063	18.21181712962963	33
MST60063	18.218761574074072	33
MST60063	18.22570601851852	33.5
MST60063	18.232650462962962	34
MST60063	18.239594907407408	33
MST60063	18.24653935185185	32.5
MST60063	18.253483796296297	33
MST60063	18.26042824074074	33.5
MST60063	18.267372685185187	32.5
MST60063	18.27431712962963	33
MST60063	18.281261574074072	32.5
MST60063	18.28820601851852	33
MST60063	18.295150462962962	33
MST60063	18.302094907407408	33
MST60063	18.30903935185185	32.5
MST60063	18.315983796296297	32.5
MST60063	18.32292824074074	33
MST60063	18.329872685185187	32.5
MST60063	18.33681712962963	31.5
MST60063	18.343761574074072	32
MST60063	18.35070601851852	33
MST60063	18.357650462962962	32.5
MST60063	18.364594907407408	33.5
MST60063	18.37153935185185	33
MST60063	18.378483796296297	34.5
MST60063	18.38542824074074	33
MST60063	18.392372685185187	33.5
MST60063	18.39931712962963	33
MST60063	18.406261574074072	34
MST60063	18.41320601851852	33
MST60063	18.420150462962962	32.5
MST60063	18.427094907407408	33
MST60063	18.43403935185185	33
MST60063	18.440983796296297	32.5
MST60063	18.44792824074074	33
MST60063	18.454872685185187	33
MST60063	18.46181712962963	32.5
MST60063	18.468761574074072	33
MST60063	18.47570601851852	32.5
MST60063	18.482650462962962	32.5
MST60063	18.489594907407408	33
MST60063	18.49653935185185	32.5
MST60063	18.503483796296297	33
MST60063	18.51042824074074	32.5
MST60063	18.517372685185187	32.5
MST60063	18.52431712962963	32.5
MST60063	18.531261574074072	32.5
MST60063	18.53820601851852	32.5
MST60063	18.545150462962962	32.5
MST60063	18.552094907407408	32.5
MST60063	18.55903935185185	32.5
MST60063	18.565983796296297	32.5
MST60063	18.57292824074074	32.5
MST60063	18.579872685185187	32.5
MST60063	18.58681712962963	33
MST60063	18.593761574074072	32.5
MST60063	18.60070601851852	32.5
MST60063	18.607650462962962	32.5
MST60063	18.614594907407408	32.5
MST60063	18.62153935185185	32
MST60063	18.628483796296297	32
MST60063	18.63542824074074	32.5
MST60063	18.642372685185187	32.5
MST60063	18.64931712962963	32
MST60063	18.656261574074072	32.5
MST60063	18.66320601851852	32.5
MST60063	18.670150462962962	33
MST60063	18.677094907407408	33.5
MST60063	18.68403935185185	34
MST60063	18.690983796296297	33.5
MST60063	18.69792824074074	33.5
MST60063	18.704872685185187	33.5
MST60063	18.71181712962963	33
MST60063	18.718761574074072	33
MST60063	18.72570601851852	33
MST60063	18.732650462962962	33
MST60063	18.739594907407408	33
MST60063	18.74653935185185	33
MST60063	18.753483796296297	33
MST60063	18.76042824074074	33
MST60063	18.767372685185187	33
MST60063	18.77431712962963	33
MST60063	18.781261574074072	33
MST60063	18.78820601851852	33.5
MST60063	18.795150462962962	33
MST60063	18.802094907407408	33
MST60063	18.80903935185185	32.5
MST60063	18.815983796296297	32.5
MST60063	18.82292824074074	32.5
MST60063	18.829872685185187	32
MST60063	18.83681712962963	32
MST60063	18.843761574074072	33.5
MST60063	18.85070601851852	32.5
MST60063	18.857650462962962	31.5
MST60063	18.864594907407408	31.5
MST60063	18.87153935185185	32.5
MST60063	18.878483796296297	32
MST60063	18.88542824074074	32
MST60063	18.892372685185187	31
MST60063	18.89931712962963	30
MST60063	18.906261574074072	29.5
MST60063	18.91320601851852	29.5
MST60063	18.920150462962962	29
MST60063	18.927094907407408	28.5
MST60063	18.93403935185185	29.5
MST60063	18.940983796296297	29.5
MST60063	18.94792824074074	30
MST60063	18.954872685185187	28.5
MST60063	18.96181712962963	30
MST60063	18.968761574074072	30.5
MST60063	18.97570601851852	32.5
MST60063	18.982650462962962	32.5
MST60063	18.989594907407408	31
MST60063	18.99653935185185	30.5
MST60063	19.003483796296297	30.5
MST60063	19.01042824074074	31.5
MST60063	19.017372685185187	32
MST60063	19.02431712962963	33
MST60063	19.031261574074072	33.5
MST60063	19.03820601851852	33.5
MST60063	19.045150462962962	34.5
MST60063	19.052094907407408	31.5
MST60063	19.05903935185185	33.5
MST60063	19.065983796296297	34
MST60063	19.07292824074074	34
MST60063	19.079872685185187	33.5
MST60063	19.08681712962963	32
MST60063	19.093761574074072	32.5
MST60063	19.10070601851852	32.5
MST60063	19.107650462962962	34.5
MST60063	19.114594907407408	34
MST60063	19.12153935185185	33.5
MST60063	19.128483796296297	32.5
MST60063	19.13542824074074	33.5
MST60063	19.142372685185187	33.5
MST60063	19.14931712962963	34
MST60063	19.156261574074072	33
MST60063	19.16320601851852	33
MST60063	19.170150462962962	33.5
MST60063	19.177094907407408	32.5
MST60063	19.18403935185185	32.5
MST60063	19.190983796296297	33.5
MST60063	19.19792824074074	33
MST60063	19.204872685185187	33
MST60063	19.21181712962963	34.5
MST60063	19.218761574074072	35
MST60063	19.22570601851852	33.5
MST60063	19.232650462962962	33.5
MST60063	19.239594907407408	33.5
MST60063	19.24653935185185	33
MST60063	19.253483796296297	33.5
MST60063	19.26042824074074	33
MST60063	19.267372685185187	32.5
MST60063	19.27431712962963	32.5
MST60063	19.281261574074072	32.5
MST60063	19.28820601851852	33.5
MST60063	19.295150462962962	33.5
MST60063	19.302094907407408	35
MST60063	19.30903935185185	34.5
MST60063	19.315983796296297	34.5
MST60063	19.32292824074074	33.5
MST60063	19.329872685185187	34
MST60063	19.33681712962963	34
MST60063	19.343761574074072	32.5
MST60063	19.35070601851852	33
MST60063	19.357650462962962	32.5
MST60063	19.364594907407408	35
MST60063	19.37153935185185	33.5
MST60063	19.378483796296297	32.5
MST60063	19.38542824074074	32.5
MST60063	19.392372685185187	32.5
MST60063	19.39931712962963	33
MST60063	19.406261574074072	32
MST60063	19.41320601851852	32.5
MST60063	19.420150462962962	32.5
MST60063	19.427094907407408	33
MST60063	19.43403935185185	33
MST60063	19.440983796296297	33
MST60063	19.44792824074074	32.5
MST60063	19.454872685185187	32.5
MST60063	19.46181712962963	32.5
MST60063	19.468761574074072	32.5
MST60063	19.47570601851852	32.5
MST60063	19.482650462962962	32
MST60063	19.489594907407408	32
MST60063	19.49653935185185	32.5
MST60063	19.503483796296297	32.5
MST60063	19.51042824074074	32.5
MST60063	19.517372685185187	32
MST60063	19.52431712962963	32.5
MST60063	19.531261574074072	32
MST60063	19.53820601851852	32
MST60063	19.545150462962962	32
MST60063	19.552094907407408	32
MST60063	19.55903935185185	32.5
MST60063	19.565983796296297	32
MST60063	19.57292824074074	32.5
MST60063	19.579872685185187	32
MST60063	19.58681712962963	32.5
MST60063	19.593761574074072	32.5
MST60063	19.60070601851852	32.5
MST60063	19.607650462962962	32.5
MST60063	19.614594907407408	32.5
MST60063	19.62153935185185	32.5
MST60063	19.628483796296297	33
MST60063	19.63542824074074	32.5
MST60063	19.642372685185187	32.5
MST60063	19.64931712962963	32
MST60063	19.656261574074072	32
MST60063	19.66320601851852	32.5
MST60063	19.670150462962962	32.5
MST60063	19.677094907407408	32.5
MST60063	19.68403935185185	32.5
MST60063	19.690983796296297	32
MST60063	19.69792824074074	32.5
MST60063	19.704872685185187	32.5
MST60063	19.71181712962963	32
MST60063	19.718761574074072	32
MST60063	19.72570601851852	32.5
MST60063	19.732650462962962	32
MST60063	19.739594907407408	32
MST60063	19.74653935185185	32
MST60063	19.753483796296297	32.5
MST60063	19.76042824074074	32
MST60063	19.767372685185187	31.5
MST60063	19.77431712962963	32
MST60063	19.781261574074072	32
MST60063	19.78820601851852	31
MST60063	19.795150462962962	31
MST60063	19.802094907407408	30.5
MST60063	19.80903935185185	30.5
MST60063	19.815983796296297	29.5
MST60063	19.82292824074074	29
MST60063	19.829872685185187	28.5
MST60063	19.83681712962963	28
MST60063	19.843761574074072	28
MST60063	19.85070601851852	31.5
MST60063	19.857650462962962	31.5
MST60063	19.864594907407408	31.5
MST60063	19.87153935185185	30.5
MST60063	19.878483796296297	30
MST60063	19.88542824074074	29
MST60063	19.892372685185187	28.5
MST60063	19.89931712962963	28
MST60063	19.906261574074072	27.5
MST60063	19.91320601851852	27.5
MST60063	19.920150462962962	27
MST60063	19.927094907407408	27
MST60063	19.93403935185185	27
MST60063	19.940983796296297	27.5
MST60063	19.94792824074074	27
MST60063	19.954872685185187	27.5
MST60063	19.96181712962963	28.5
MST60063	19.968761574074072	30
MST60063	19.97570601851852	30.5
MST60063	19.982650462962962	30.5
MST60063	19.989594907407408	31
MST60063	19.99653935185185	31
MST60063	20.003483796296297	31.5
MST60063	20.01042824074074	31.5
MST60063	20.017372685185187	33
MST60063	20.02431712962963	33.5
MST60063	20.031261574074072	33.5
MST60063	20.03820601851852	34.5
MST60063	20.045150462962962	33
MST60063	20.052094907407408	31.5
MST60063	20.05903935185185	33.5
MST60063	20.065983796296297	33.5
MST60063	20.07292824074074	32.5
MST60063	20.079872685185187	32.5
MST60063	20.08681712962963	33
MST60063	20.093761574074072	34
MST60063	20.10070601851852	32.5
MST60063	20.107650462962962	32.5
MST60063	20.114594907407408	34
MST60063	20.12153935185185	32.5
MST60063	20.128483796296297	33.5
MST60063	20.13542824074074	33
MST60063	20.142372685185187	33
MST60063	20.14931712962963	34
MST60063	20.156261574074072	31
MST60063	20.16320601851852	33
MST60063	20.170150462962962	33
MST60063	20.177094907407408	32.5
MST60063	20.18403935185185	31.5
MST60063	20.190983796296297	33
MST60063	20.19792824074074	32.5
MST60063	20.204872685185187	33.5
MST60063	20.21181712962963	35
MST60063	20.218761574074072	33.5
MST60063	20.22570601851852	32.5
MST60063	20.232650462962962	31.5
MST60063	20.239594907407408	31
MST60063	20.24653935185185	32.5
MST60063	20.253483796296297	33.5
MST60063	20.26042824074074	33
MST60063	20.267372685185187	33
MST60063	20.27431712962963	33
MST60063	20.281261574074072	32.5
MST60063	20.28820601851852	34
MST60063	20.295150462962962	34.5
MST60063	20.302094907407408	33
MST60063	20.30903935185185	31.5
MST60063	20.315983796296297	32
MST60063	20.32292824074074	31
MST60063	20.329872685185187	32.5
MST60063	20.33681712962963	32
MST60063	20.343761574074072	32.5
MST60063	20.35070601851852	33
MST60063	20.357650462962962	32.5
MST60063	20.364594907407408	33
MST60063	20.37153935185185	32.5
MST60063	20.378483796296297	33
MST60063	20.38542824074074	32.5
MST60063	20.392372685185187	32
MST60063	20.39931712962963	32
MST60063	20.406261574074072	32
MST60063	20.41320601851852	32
MST60063	20.420150462962962	32.5
MST60063	20.427094907407408	32.5
MST60063	20.43403935185185	33
MST60063	20.440983796296297	33.5
MST60063	20.44792824074074	33
MST60063	20.454872685185187	33
MST60063	20.46181712962963	33
MST60063	20.468761574074072	33
MST60063	20.47570601851852	33
MST60063	20.482650462962962	33
MST60063	20.489594907407408	33
MST60063	20.49653935185185	33
MST60063	20.503483796296297	32.5
MST60063	20.51042824074074	33.5
MST60063	20.517372685185187	33
MST60063	20.52431712962963	33
MST60063	20.531261574074072	33
MST60063	20.53820601851852	33.5
MST60063	20.545150462962962	33.5
MST60063	20.552094907407408	33
MST60063	20.55903935185185	33.5
MST60063	20.565983796296297	33.5
MST60063	20.57292824074074	33
MST60063	20.579872685185187	33
MST60063	20.58681712962963	33
MST60063	20.593761574074072	33
MST60063	20.60070601851852	33.5
MST60063	20.607650462962962	33
MST60063	20.614594907407408	33
MST60063	20.62153935185185	33
MST60063	20.628483796296297	33.5
MST60063	20.63542824074074	33.5
MST60063	20.642372685185187	33.5
MST60063	20.64931712962963	33.5
MST60063	20.656261574074072	33
MST60063	20.66320601851852	33
MST60063	20.670150462962962	33
MST60063	20.677094907407408	33
MST60063	20.68403935185185	33
MST60063	20.690983796296297	33.5
MST60063	20.69792824074074	33
MST60063	20.704872685185187	33
MST60063	20.71181712962963	33
MST60063	20.718761574074072	33.5
MST60063	20.72570601851852	33.5
MST60063	20.732650462962962	33.5
MST60063	20.739594907407408	33
MST60063	20.74653935185185	33
MST60063	20.753483796296297	33
MST60063	20.76042824074074	33
MST60063	20.767372685185187	32.5
MST60063	20.77431712962963	32.5
MST60063	20.781261574074072	32.5
MST60063	20.78820601851852	32.5
MST60063	20.795150462962962	32.5
MST60063	20.802094907407408	32
MST60063	20.80903935185185	32.5
MST60063	20.815983796296297	33
MST60063	20.82292824074074	32.5
MST60063	20.829872685185187	32.5
MST60063	20.83681712962963	32
MST60063	20.843761574074072	32.5
MST60063	20.85070601851852	32
MST60063	20.857650462962962	33
MST60063	20.864594907407408	33.5
MST60063	20.87153935185185	32.5
MST60063	20.878483796296297	31.5
MST60063	20.88542824074074	31
MST60063	20.892372685185187	31
MST60063	20.89931712962963	31
MST60063	20.906261574074072	31
MST60063	20.91320601851852	31
MST60063	20.920150462962962	31
MST60063	20.927094907407408	31
MST60063	20.93403935185185	30.5
MST60063	20.940983796296297	31
MST60063	20.94792824074074	31
MST60063	20.954872685185187	31.5
MST60063	20.96181712962963	31.5
MST60063	20.968761574074072	30.5
MST60063	20.97570601851852	30
MST60063	20.982650462962962	29.5
MST60063	20.989594907407408	29.5
MST60063	20.99653935185185	30
MST60063	21.003483796296294	31
MST60063	21.01042824074074	31.5
MST60063	21.017372685185187	33
MST60063	21.02431712962963	35.5
MST60063	21.031261574074072	32.5
MST60063	21.03820601851852	35
MST60063	21.045150462962962	32.5
MST60063	21.052094907407408	35
MST60063	21.05903935185185	34.5
MST60063	21.065983796296294	34
MST60063	21.07292824074074	33.5
MST60063	21.079872685185187	34
MST60063	21.08681712962963	33.5
MST60063	21.093761574074072	33
MST60063	21.10070601851852	35
MST60063	21.107650462962962	33
MST60063	21.114594907407408	32
MST60063	21.12153935185185	32
MST60063	21.128483796296294	32
MST60063	21.13542824074074	32.5
MST60063	21.142372685185187	32
MST60063	21.14931712962963	31.5
MST60063	21.156261574074072	31
MST60063	21.16320601851852	30.5
MST60063	21.170150462962962	32
MST60063	21.177094907407408	31
MST60063	21.18403935185185	30.5
MST60063	21.190983796296294	31
MST60063	21.19792824074074	32
MST60063	21.204872685185187	31.5
MST60063	21.21181712962963	32
MST60063	21.218761574074072	31.5
MST60063	21.22570601851852	33.5
MST60063	21.232650462962962	33.5
MST60063	21.239594907407408	32.5
MST60063	21.24653935185185	33.5
MST60063	21.253483796296294	33.5
MST60063	21.26042824074074	32
MST60063	21.267372685185187	32.5
MST60063	21.27431712962963	34
MST60063	21.281261574074072	34
MST60063	21.28820601851852	34.5
MST60063	21.295150462962962	34.5
MST60063	21.302094907407408	34
MST60063	21.30903935185185	33.5
MST60063	21.315983796296294	34
MST60063	21.32292824074074	32.5
MST60063	21.329872685185187	32.5
MST60063	21.33681712962963	34
MST60063	21.343761574074072	33.5
MST60063	21.35070601851852	33.5
MST60063	21.357650462962962	34
MST60063	21.364594907407408	32
MST60063	21.37153935185185	32.5
MST60063	21.378483796296294	32.5
MST60063	21.38542824074074	32.5
MST60063	21.392372685185187	33
MST60063	21.39931712962963	32.5
MST60063	21.406261574074072	32.5
MST60063	21.41320601851852	33.5
MST60063	21.420150462962962	33.5
MST60063	21.427094907407408	33.5
MST60063	21.43403935185185	32.5
MST60063	21.440983796296294	32
MST60063	21.44792824074074	32
MST60063	21.454872685185187	32
MST60063	21.46181712962963	32.5
MST60063	21.468761574074072	32.5
MST60063	21.47570601851852	33.5
MST60063	21.482650462962962	34
MST60063	21.489594907407408	32.5
MST60063	21.49653935185185	32.5
MST60063	21.503483796296294	34.5
MST60063	21.51042824074074	35
MST60063	21.517372685185187	35
MST60063	21.52431712962963	36
MST60063	21.531261574074072	35
MST60063	21.53820601851852	35
MST60063	21.545150462962962	35
MST60063	21.552094907407408	34
MST60063	21.55903935185185	33.5
MST60063	21.565983796296294	33.5
MST60063	21.57292824074074	34
MST60063	21.579872685185187	34
MST60063	21.58681712962963	34
MST60063	21.593761574074072	33.5
MST60063	21.60070601851852	34
MST60063	21.607650462962962	34
MST60063	21.614594907407408	34
MST60063	21.62153935185185	34
MST60063	21.628483796296294	34
MST60063	21.63542824074074	34
MST60063	21.642372685185187	34
MST60063	21.64931712962963	34
MST60063	21.656261574074072	33.5
MST60063	21.66320601851852	34
MST60063	21.670150462962962	34
MST60063	21.677094907407408	33.5
MST60063	21.68403935185185	33.5
MST60063	21.690983796296294	33.5
MST60063	21.69792824074074	33.5
MST60063	21.704872685185187	34
MST60063	21.71181712962963	34
MST60063	21.718761574074072	33.5
MST60063	21.72570601851852	33.5
MST60063	21.732650462962962	33.5
MST60063	21.739594907407408	33.5
MST60063	21.74653935185185	33
MST60063	21.753483796296294	33.5
MST60063	21.76042824074074	33.5
MST60063	21.767372685185187	32.5
MST60063	21.77431712962963	33.5
MST60063	21.781261574074072	33.5
MST60063	21.78820601851852	33.5
MST60063	21.795150462962962	33
MST60063	21.802094907407408	33
MST60063	21.80903935185185	32.5
MST60063	21.815983796296294	33
MST60063	21.82292824074074	33
MST60063	21.829872685185187	32.5
MST60063	21.83681712962963	32.5
MST60063	21.843761574074072	32.5
MST60063	21.85070601851852	32.5
MST60063	21.857650462962962	32.5
MST60063	21.864594907407408	33
MST60063	21.87153935185185	32.5
MST60063	21.878483796296294	32
MST60063	21.88542824074074	32
MST60063	21.892372685185187	32.5
MST60063	21.89931712962963	32
MST60063	21.906261574074072	32
MST60063	21.91320601851852	32
MST60063	21.920150462962962	32
MST60063	21.927094907407408	31.5
MST60063	21.93403935185185	31.5
MST60063	21.940983796296294	31.5
MST60063	21.94792824074074	31.5
MST60063	21.954872685185187	32
MST60063	21.96181712962963	32.5
MST60063	21.968761574074072	34
MST60063	21.97570601851852	33.5
MST60063	21.982650462962962	34.5
MST60063	21.989594907407408	36
MST60063	21.99653935185185	33.5
MST60063	22.003483796296294	33
MST60063	22.01042824074074	32
MST60063	22.017372685185187	31.5
MST60063	22.02431712962963	32
MST60063	22.031261574074072	32.5
MST60063	22.03820601851852	32.5
MST60063	22.045150462962962	31.5
MST60063	22.052094907407408	34
MST60063	22.05903935185185	34
MST60063	22.065983796296294	32.5
MST60063	22.07292824074074	32.5
MST60063	22.079872685185187	34
MST60063	22.08681712962963	36
MST60063	22.093761574074072	32.5
MST60063	22.10070601851852	33
MST60063	22.107650462962962	32.5
MST60063	22.114594907407408	33
MST60063	22.12153935185185	31
MST60063	22.128483796296294	32.5
MST60063	22.13542824074074	32.5
MST60063	22.142372685185187	32.5
MST60063	22.14931712962963	32
MST60063	22.156261574074072	32
MST60063	22.16320601851852	32
MST60063	22.170150462962962	31.5
MST60063	22.177094907407408	31.5
MST60063	22.18403935185185	31.5
MST60063	22.190983796296294	31.5
MST60063	22.19792824074074	31
MST60063	22.204872685185187	32
MST60063	22.21181712962963	31.5
MST60063	22.218761574074072	31
MST60063	22.22570601851852	31
MST60063	22.232650462962962	30.5
MST60063	22.239594907407408	30
MST60063	22.24653935185185	32.5
MST60063	22.253483796296294	33
MST60063	22.26042824074074	32.5
MST60063	22.267372685185187	32
MST60063	22.27431712962963	33
MST60063	22.281261574074072	32.5
MST60063	22.28820601851852	35
MST60063	22.295150462962962	33
MST60063	22.302094907407408	31.5
MST60063	22.30903935185185	32
MST60063	22.315983796296294	32
MST60063	22.32292824074074	34
MST60063	22.329872685185187	30
MST60063	22.33681712962963	30
MST60063	22.343761574074072	32.5
MST60063	22.35070601851852	31.5
MST60063	22.357650462962962	31.5
MST60063	22.364594907407408	33
MST60063	22.37153935185185	33.5
MST60063	22.378483796296294	32
MST60063	22.38542824074074	31.5
MST60063	22.392372685185187	33
MST60063	22.39931712962963	31.5
MST60063	22.406261574074072	32
MST60063	22.41320601851852	32
MST60063	22.420150462962962	32
MST60063	22.427094907407408	31.5
MST60063	22.43403935185185	31
MST60063	22.440983796296294	31.5
MST60063	22.44792824074074	32
MST60063	22.454872685185187	32
MST60063	22.46181712962963	31.5
MST60063	22.468761574074072	31
MST60063	22.47570601851852	31.5
MST60063	22.482650462962962	31.5
MST60063	22.489594907407408	31.5
MST60063	22.49653935185185	31.5
MST60063	22.503483796296294	33
MST60063	22.51042824074074	33.5
MST60063	22.517372685185187	35
MST60063	22.52431712962963	35.5
MST60063	22.531261574074072	35
MST60063	22.53820601851852	34
MST60063	22.545150462962962	34
MST60063	22.552094907407408	34
MST60063	22.55903935185185	33.5
MST60063	22.565983796296294	33.5
MST60063	22.57292824074074	34
MST60063	22.579872685185187	33.5
MST60063	22.58681712962963	34
MST60063	22.593761574074072	33.5
MST60063	22.60070601851852	33.5
MST60063	22.607650462962962	33
MST60063	22.614594907407408	33
MST60063	22.62153935185185	33
MST60063	22.628483796296294	33.5
MST60063	22.63542824074074	33
MST60063	22.642372685185187	33
MST60063	22.64931712962963	33
MST60063	22.656261574074072	33
MST60063	22.66320601851852	32.5
MST60063	22.670150462962962	33
MST60063	22.677094907407408	32.5
MST60063	22.68403935185185	32.5
MST60063	22.690983796296294	32.5
MST60063	22.69792824074074	32.5
MST60063	22.704872685185187	33
MST60063	22.71181712962963	32.5
MST60063	22.718761574074072	33
MST60063	22.72570601851852	32.5
MST60063	22.732650462962962	32.5
MST60063	22.739594907407408	33
MST60063	22.74653935185185	33
MST60063	22.753483796296294	33
MST60063	22.76042824074074	33
MST60063	22.767372685185187	33
MST60063	22.77431712962963	32.5
MST60063	22.781261574074072	32.5
MST60063	22.78820601851852	32.5
MST60063	22.795150462962962	32.5
MST60063	22.802094907407408	33
MST60063	22.80903935185185	32.5
MST60063	22.815983796296294	32.5
MST60063	22.82292824074074	33
MST60063	22.829872685185187	33
MST60063	22.83681712962963	33
MST60063	22.843761574074072	33
MST60063	22.85070601851852	33
MST60063	22.857650462962962	33
MST60063	22.864594907407408	33.5
MST60063	22.87153935185185	32.5
MST60063	22.878483796296294	32.5
MST60063	22.88542824074074	32
MST60063	22.892372685185187	32
MST60063	22.89931712962963	32
MST60063	22.906261574074072	32
MST60063	22.91320601851852	31.5
MST60063	22.920150462962962	32
MST60063	22.927094907407408	32
MST60063	22.93403935185185	32
MST60063	22.940983796296294	32
MST60063	22.94792824074074	31.5
MST60063	22.954872685185187	31
MST60063	22.96181712962963	30.5
MST60063	22.968761574074072	30
MST60063	22.97570601851852	30
MST60063	22.982650462962962	31
MST60063	22.989594907407408	31
MST60063	22.99653935185185	31
MST60063	23.003483796296294	30.5
MST60063	23.01042824074074	31.5
MST60063	23.017372685185187	32
MST60063	23.02431712962963	30.5
MST60063	23.031261574074072	32.5
MST60063	23.03820601851852	31.5
MST60063	23.045150462962962	32
MST60063	23.052094907407408	31.5
MST60063	23.05903935185185	34.5
MST60063	23.065983796296294	31.5
MST60063	23.07292824074074	31.5
MST60063	23.079872685185187	33
MST60063	23.08681712962963	31.5
MST60063	23.093761574074072	31.5
MST60063	23.10070601851852	32.5
MST60063	23.107650462962962	31
MST60063	23.114594907407408	32
MST60063	23.12153935185185	32.5
MST60063	23.128483796296294	33.5
MST60063	23.13542824074074	32.5
MST60063	23.142372685185187	30.5
MST60063	23.14931712962963	34
MST60063	23.156261574074072	30.5
MST60063	23.16320601851852	32
MST60063	23.170150462962962	31.5
MST60063	23.177094907407408	32
MST60063	23.18403935185185	34
MST60063	23.190983796296294	31.5
MST60063	23.19792824074074	34
MST60063	23.204872685185187	32
MST60063	23.21181712962963	32
MST60063	23.218761574074072	31
MST60063	23.22570601851852	31
MST60063	23.232650462962962	30.5
MST60063	23.239594907407408	31.5
MST60063	23.24653935185185	31
MST60063	23.253483796296294	30.5
MST60063	23.26042824074074	32
MST60063	23.267372685185187	31
MST60063	23.27431712962963	32.5
MST60063	23.281261574074072	32
MST60063	23.28820601851852	32.5
MST60063	23.295150462962962	31
MST60063	23.302094907407408	32
MST60063	23.30903935185185	31.5
MST60063	23.315983796296294	31.5
MST60063	23.32292824074074	33.5
MST60063	23.329872685185187	31.5
MST60063	23.33681712962963	32.5
MST60063	23.343761574074072	33.5
MST60063	23.35070601851852	32
MST60063	23.357650462962962	32
MST60063	23.364594907407408	30.5
MST60063	23.37153935185185	30.5
MST60063	23.378483796296294	32
MST60063	23.38542824074074	31.5
MST60063	23.392372685185187	31.5
MST60063	23.39931712962963	30.5
MST60063	23.406261574074072	31
MST60063	23.41320601851852	30.5
MST60063	23.420150462962962	31.5
MST60063	23.427094907407408	31.5
MST60063	23.43403935185185	32
MST60063	23.440983796296294	32.5
MST60063	23.44792824074074	31.5
MST60063	23.454872685185187	31.5
MST60063	23.46181712962963	33.5
MST60063	23.468761574074072	34
MST60063	23.47570601851852	34
MST60063	23.482650462962962	34
MST60063	23.489594907407408	34
MST60063	23.49653935185185	34
MST60063	23.503483796296294	34
MST60063	23.51042824074074	34
MST60063	23.517372685185187	34
MST60063	23.52431712962963	33.5
MST60063	23.531261574074072	33
MST60063	23.53820601851852	33
MST60066	16.000706018518517	34
MST60066	16.007650462962964	34
MST60066	16.014594907407407	33.5
MST60066	16.021539351851853	33.5
MST60066	16.028483796296296	33
MST60066	16.035428240740742	33
MST60066	16.042372685185185	33
MST60066	16.049317129629628	33.5
MST60066	16.056261574074075	33
MST60066	16.063206018518517	33
MST60066	16.070150462962964	32.5
MST60066	16.077094907407407	32.5
MST60066	16.084039351851853	32.5
MST60066	16.090983796296296	32
MST60066	16.097928240740742	32
MST60066	16.104872685185185	31.5
MST60066	16.111817129629628	32
MST60066	16.118761574074075	31.5
MST60066	16.125706018518517	31.5
MST60066	16.132650462962964	31.5
MST60066	16.139594907407407	31.5
MST60066	16.146539351851853	31
MST60066	16.153483796296296	31
MST60066	16.160428240740742	31
MST60066	16.167372685185185	31
MST60066	16.174317129629628	31
MST60066	16.181261574074075	30.5
MST60066	16.188206018518517	31
MST60066	16.195150462962964	32
MST60066	16.202094907407407	32
MST60066	16.209039351851853	33
MST60066	16.215983796296296	31.5
MST60066	16.222928240740742	31
MST60066	16.229872685185185	32
MST60066	16.236817129629628	33.5
MST60066	16.243761574074075	34.5
MST60066	16.250706018518517	34
MST60066	16.257650462962964	31.5
MST60066	16.264594907407407	32.5
MST60066	16.271539351851853	31.5
MST60066	16.278483796296296	32
MST60066	16.285428240740742	32.5
MST60066	16.292372685185185	32
MST60066	16.299317129629628	32.5
MST60066	16.306261574074075	32.5
MST60066	16.313206018518517	32
MST60066	16.320150462962964	32
MST60066	16.327094907407407	32
MST60066	16.334039351851853	31.5
MST60066	16.340983796296296	32
MST60066	16.347928240740742	32.5
MST60066	16.354872685185185	31
MST60066	16.361817129629628	31
MST60066	16.368761574074075	31
MST60066	16.375706018518517	31
MST60066	16.382650462962964	31
MST60066	16.389594907407407	31
MST60066	16.396539351851853	31
MST60066	16.403483796296296	31
MST60066	16.410428240740742	30.5
MST60066	16.417372685185185	31.5
MST60066	16.424317129629628	31.5
MST60066	16.431261574074075	31.5
MST60066	16.438206018518517	31.5
MST60066	16.445150462962964	31.5
MST60066	16.452094907407407	32
MST60066	16.459039351851853	31.5
MST60066	16.465983796296296	32
MST60066	16.472928240740742	33.5
MST60066	16.479872685185185	32
MST60066	16.486817129629628	32
MST60066	16.493761574074075	32
MST60066	16.500706018518517	32
MST60066	16.507650462962964	31.5
MST60066	16.514594907407407	32
MST60066	16.521539351851853	31.5
MST60066	16.528483796296296	32
MST60066	16.535428240740742	32
MST60066	16.542372685185185	32.5
MST60066	16.549317129629628	32
MST60066	16.556261574074075	32.5
MST60066	16.563206018518517	32.5
MST60066	16.570150462962964	32.5
MST60066	16.577094907407407	32
MST60066	16.584039351851853	32
MST60066	16.590983796296296	32.5
MST60066	16.597928240740742	32
MST60066	16.604872685185185	32
MST60066	16.611817129629628	31.5
MST60066	16.618761574074075	31.5
MST60066	16.625706018518517	32
MST60066	16.632650462962964	32.5
MST60066	16.639594907407407	32.5
MST60066	16.646539351851853	31
MST60066	16.653483796296296	31.5
MST60066	16.660428240740742	32
MST60066	16.667372685185185	32.5
MST60066	16.674317129629628	32
MST60066	16.681261574074075	31.5
MST60066	16.688206018518517	31.5
MST60066	16.695150462962964	31.5
MST60066	16.702094907407407	32
MST60066	16.709039351851853	32
MST60066	16.715983796296296	31.5
MST60066	16.722928240740742	32
MST60066	16.729872685185185	32
MST60066	16.736817129629628	32
MST60066	16.743761574074075	32.5
MST60066	16.750706018518517	32.5
MST60066	16.757650462962964	32.5
MST60066	16.764594907407407	32
MST60066	16.771539351851853	33
MST60066	16.778483796296296	32.5
MST60066	16.785428240740742	32
MST60066	16.792372685185185	32.5
MST60066	16.799317129629628	34
MST60066	16.806261574074075	32.5
MST60066	16.813206018518517	32
MST60066	16.820150462962964	31
MST60066	16.827094907407407	30
MST60066	16.834039351851853	30
MST60066	16.840983796296296	30
MST60066	16.847928240740742	29
MST60066	16.854872685185185	28.5
MST60066	16.861817129629628	28
MST60066	16.868761574074075	27.5
MST60066	16.875706018518517	28
MST60066	16.882650462962964	28
MST60066	16.889594907407407	28
MST60066	16.896539351851853	28
MST60066	16.903483796296296	28
MST60066	16.910428240740742	27.5
MST60066	16.917372685185185	28
MST60066	16.924317129629628	27
MST60066	16.931261574074075	27.5
MST60066	16.938206018518517	28.5
MST60066	16.945150462962964	27.5
MST60066	16.952094907407407	28
MST60066	16.959039351851853	28
MST60066	16.965983796296296	28
MST60066	16.972928240740742	27.5
MST60066	16.979872685185185	27.5
MST60066	16.986817129629628	27
MST60066	16.993761574074075	28.5
MST60066	17.000706018518517	29.5
MST60066	17.007650462962964	30
MST60066	17.014594907407407	30
MST60066	17.021539351851853	30
MST60066	17.028483796296296	30.5
MST60066	17.035428240740742	31
MST60066	17.042372685185185	31
MST60066	17.049317129629628	30.5
MST60066	17.056261574074075	31
MST60066	17.063206018518517	30.5
MST60066	17.070150462962964	30.5
MST60066	17.077094907407407	30.5
MST60066	17.084039351851853	30
MST60066	17.090983796296296	30
MST60066	17.097928240740742	30.5
MST60066	17.104872685185185	30
MST60066	17.111817129629628	30.5
MST60066	17.118761574074075	31.5
MST60066	17.125706018518517	31.5
MST60066	17.132650462962964	31.5
MST60066	17.139594907407407	31.5
MST60066	17.146539351851853	31
MST60066	17.153483796296296	33.5
MST60066	17.160428240740742	34.5
MST60066	17.167372685185185	34.5
MST60066	17.174317129629628	33.5
MST60066	17.181261574074075	34
MST60066	17.188206018518517	31
MST60066	17.195150462962964	31
MST60066	17.202094907407407	31
MST60066	17.209039351851853	33
MST60066	17.215983796296296	33
MST60066	17.222928240740742	34.5
MST60066	17.229872685185185	32.5
MST60066	17.236817129629628	32
MST60066	17.243761574074075	32.5
MST60066	17.250706018518517	31
MST60066	17.257650462962964	31
MST60066	17.264594907407407	31.5
MST60066	17.271539351851853	32
MST60066	17.278483796296296	33
MST60066	17.285428240740742	32
MST60066	17.292372685185185	33
MST60066	17.299317129629628	33.5
MST60066	17.306261574074075	32.5
MST60066	17.313206018518517	33
MST60066	17.320150462962964	32
MST60066	17.327094907407407	33
MST60066	17.334039351851853	33
MST60066	17.340983796296296	31.5
MST60066	17.347928240740742	34
MST60066	17.354872685185185	33.5
MST60066	17.361817129629628	33
MST60066	17.368761574074075	33
MST60066	17.375706018518517	33
MST60066	17.382650462962964	33
MST60066	17.389594907407407	33
MST60066	17.396539351851853	33
MST60066	17.403483796296296	33.5
MST60066	17.410428240740742	33
MST60066	17.417372685185185	33
MST60066	17.424317129629628	33
MST60066	17.431261574074075	33
MST60066	17.438206018518517	33.5
MST60066	17.445150462962964	33
MST60066	17.452094907407407	33
MST60066	17.459039351851853	32.5
MST60066	17.465983796296296	32.5
MST60066	17.472928240740742	33
MST60066	17.479872685185185	33
MST60066	17.486817129629628	33
MST60066	17.493761574074075	33
MST60066	17.500706018518517	33
MST60066	17.507650462962964	33
MST60066	17.514594907407407	33
MST60066	17.521539351851853	32.5
MST60066	17.528483796296296	32.5
MST60066	17.535428240740742	33
MST60066	17.542372685185185	32
MST60066	17.549317129629628	32
MST60066	17.556261574074075	31.5
MST60066	17.563206018518517	32
MST60066	17.570150462962964	32
MST60066	17.577094907407407	31.5
MST60066	17.584039351851853	31
MST60066	17.590983796296296	30.5
MST60066	17.597928240740742	31
MST60066	17.604872685185185	31
MST60066	17.611817129629628	31
MST60066	17.618761574074075	31
MST60066	17.625706018518517	30.5
MST60066	17.632650462962964	30.5
MST60066	17.639594907407407	31.5
MST60066	17.646539351851853	31
MST60066	17.653483796296296	31
MST60066	17.660428240740742	30.5
MST60066	17.667372685185185	30.5
MST60066	17.674317129629628	31
MST60066	17.681261574074075	31
MST60066	17.688206018518517	32
MST60066	17.695150462962964	32.5
MST60066	17.702094907407407	32
MST60066	17.709039351851853	32
MST60066	17.715983796296296	32
MST60066	17.722928240740742	32
MST60066	17.729872685185185	32.5
MST60066	17.736817129629628	32
MST60066	17.743761574074075	32
MST60066	17.750706018518517	32.5
MST60066	17.757650462962964	33
MST60066	17.764594907407407	33
MST60066	17.771539351851853	32.5
MST60066	17.778483796296296	32.5
MST60066	17.785428240740742	32.5
MST60066	17.792372685185185	33.5
MST60066	17.799317129629628	34.5
MST60066	17.806261574074075	33.5
MST60066	17.813206018518517	33.5
MST60066	17.820150462962964	32.5
MST60066	17.827094907407407	32.5
MST60066	17.834039351851853	32
MST60066	17.840983796296296	32
MST60066	17.847928240740742	31
MST60066	17.854872685185185	30.5
MST60066	17.861817129629628	30
MST60066	17.868761574074075	30
MST60066	17.875706018518517	30
MST60066	17.882650462962964	29.5
MST60066	17.889594907407407	29.5
MST60066	17.896539351851853	29
MST60066	17.903483796296296	28.5
MST60066	17.910428240740742	29
MST60066	17.917372685185185	29
MST60066	17.924317129629628	28.5
MST60066	17.931261574074075	28.5
MST60066	17.938206018518517	28
MST60066	17.945150462962964	27.5
MST60066	17.952094907407407	27
MST60066	17.959039351851853	27
MST60066	17.965983796296296	27
MST60066	17.972928240740742	27.5
MST60066	17.979872685185185	27
MST60066	17.986817129629628	26.5
MST60066	17.993761574074075	27
MST60066	18.000706018518517	28.5
MST60066	18.007650462962964	29.5
MST60066	18.014594907407407	30.5
MST60066	18.021539351851853	32
MST60066	18.028483796296296	32
MST60066	18.035428240740742	32
MST60066	18.042372685185185	31
MST60066	18.049317129629628	31.5
MST60066	18.056261574074075	31.5
MST60066	18.063206018518517	32
MST60066	18.070150462962964	32
MST60066	18.077094907407407	32.5
MST60066	18.084039351851853	33.5
MST60066	18.090983796296296	33
MST60066	18.097928240740742	32.5
MST60066	18.104872685185185	31
MST60066	18.111817129629628	31.5
MST60066	18.118761574074075	33.5
MST60066	18.125706018518517	34.5
MST60066	18.132650462962964	35
MST60066	18.139594907407407	35.5
MST60066	18.146539351851853	32.5
MST60066	18.153483796296296	32
MST60066	18.160428240740742	31
MST60066	18.167372685185185	32.5
MST60066	18.174317129629628	31.5
MST60066	18.181261574074075	31
MST60066	18.188206018518517	32.5
MST60066	18.195150462962964	34.5
MST60066	18.202094907407407	32.5
MST60066	18.209039351851853	34.5
MST60066	18.215983796296296	35
MST60066	18.222928240740742	32
MST60066	18.229872685185185	31
MST60066	18.236817129629628	31
MST60066	18.243761574074075	32
MST60066	18.250706018518517	32
MST60066	18.257650462962964	33
MST60066	18.264594907407407	33
MST60066	18.271539351851853	33
MST60066	18.278483796296296	33
MST60066	18.285428240740742	33
MST60066	18.292372685185185	33
MST60066	18.299317129629628	33
MST60066	18.306261574074075	33
MST60066	18.313206018518517	33
MST60066	18.320150462962964	33
MST60066	18.327094907407407	33
MST60066	18.334039351851853	32.5
MST60066	18.340983796296296	32.5
MST60066	18.347928240740742	32.5
MST60066	18.354872685185185	32.5
MST60066	18.361817129629628	32.5
MST60066	18.368761574074075	32
MST60066	18.375706018518517	32
MST60066	18.382650462962964	32
MST60066	18.389594907407407	32
MST60066	18.396539351851853	32
MST60066	18.403483796296296	32
MST60066	18.410428240740742	32
MST60066	18.417372685185185	32
MST60066	18.424317129629628	32
MST60066	18.431261574074075	32
MST60066	18.438206018518517	32
MST60066	18.445150462962964	32
MST60066	18.452094907407407	31
MST60066	18.459039351851853	31.5
MST60066	18.465983796296296	31.5
MST60066	18.472928240740742	31.5
MST60066	18.479872685185185	31.5
MST60066	18.486817129629628	31.5
MST60066	18.493761574074075	31.5
MST60066	18.500706018518517	31
MST60066	18.507650462962964	31
MST60066	18.514594907407407	31
MST60066	18.521539351851853	31.5
MST60066	18.528483796296296	32.5
MST60066	18.535428240740742	32
MST60066	18.542372685185185	33
MST60066	18.549317129629628	32.5
MST60066	18.556261574074075	32.5
MST60066	18.563206018518517	32
MST60066	18.570150462962964	32.5
MST60066	18.577094907407407	31.5
MST60066	18.584039351851853	31.5
MST60066	18.590983796296296	32
MST60066	18.597928240740742	31.5
MST60066	18.604872685185185	31
MST60066	18.611817129629628	31
MST60066	18.618761574074075	30.5
MST60066	18.625706018518517	31
MST60066	18.632650462962964	31.5
MST60066	18.639594907407407	32
MST60066	18.646539351851853	31.5
MST60066	18.653483796296296	31.5
MST60066	18.660428240740742	32
MST60066	18.667372685185185	32
MST60066	18.674317129629628	31.5
MST60066	18.681261574074075	30.5
MST60066	18.688206018518517	32
MST60066	18.695150462962964	32
MST60066	18.702094907407407	33
MST60066	18.709039351851853	33
MST60066	18.715983796296296	33
MST60066	18.722928240740742	33
MST60066	18.729872685185185	32.5
MST60066	18.736817129629628	33
MST60066	18.743761574074075	32.5
MST60066	18.750706018518517	31.5
MST60066	18.757650462962964	30.5
MST60066	18.764594907407407	29
MST60066	18.771539351851853	28.5
MST60066	18.778483796296296	28
MST60066	18.785428240740742	27.5
MST60066	18.792372685185185	27.5
MST60066	18.799317129629628	27.5
MST60066	18.806261574074075	28.5
MST60066	18.813206018518517	32.5
MST60066	18.820150462962964	31.5
MST60066	18.827094907407407	31
MST60066	18.834039351851853	31.5
MST60066	18.840983796296296	30.5
MST60066	18.847928240740742	30
MST60066	18.854872685185185	29
MST60066	18.861817129629628	27.5
MST60066	18.868761574074075	27
MST60066	18.875706018518517	26.5
MST60066	18.882650462962964	26
MST60066	18.889594907407407	25.5
MST60066	18.896539351851853	25
MST60066	18.903483796296296	25
MST60066	18.910428240740742	25
MST60066	18.917372685185185	24.5
MST60066	18.924317129629628	24.5
MST60066	18.931261574074075	24.5
MST60066	18.938206018518517	24.5
MST60066	18.945150462962964	24
MST60066	18.952094907407407	24.5
MST60066	18.959039351851853	25
MST60066	18.965983796296296	26
MST60066	18.972928240740742	26
MST60066	18.979872685185185	26.5
MST60066	18.986817129629628	27.5
MST60066	18.993761574074075	27
MST60066	19.000706018518517	27
MST60066	19.007650462962964	27.5
MST60066	19.014594907407407	28.5
MST60066	19.021539351851853	30.5
MST60066	19.028483796296296	31
MST60066	19.035428240740742	31.5
MST60066	19.042372685185185	31
MST60066	19.049317129629628	30.5
MST60066	19.056261574074075	30.5
MST60066	19.063206018518517	31
MST60066	19.070150462962964	31
MST60066	19.077094907407407	31.5
MST60066	19.084039351851853	31.5
MST60066	19.090983796296296	32
MST60066	19.097928240740742	32.5
MST60066	19.104872685185185	32.5
MST60066	19.111817129629628	33
MST60066	19.118761574074075	34
MST60066	19.125706018518517	35
MST60066	19.132650462962964	34
MST60066	19.139594907407407	35.5
MST60066	19.146539351851853	30.5
MST60066	19.153483796296296	31
MST60066	19.160428240740742	31
MST60066	19.167372685185185	32.5
MST60066	19.174317129629628	32
MST60066	19.181261574074075	31.5
MST60066	19.188206018518517	31
MST60066	19.195150462962964	34.5
MST60066	19.202094907407407	34
MST60066	19.209039351851853	34.5
MST60066	19.215983796296296	31
MST60066	19.222928240740742	31
MST60066	19.229872685185185	31.5
MST60066	19.236817129629628	31.5
MST60066	19.243761574074075	30.5
MST60066	19.250706018518517	31
MST60066	19.257650462962964	34
MST60066	19.264594907407407	33
MST60066	19.271539351851853	34
MST60066	19.278483796296296	32
MST60066	19.285428240740742	30.5
MST60066	19.292372685185185	30.5
MST60066	19.299317129629628	32.5
MST60066	19.306261574074075	32.5
MST60066	19.313206018518517	33.5
MST60066	19.320150462962964	33
MST60066	19.327094907407407	33
MST60066	19.334039351851853	33
MST60066	19.340983796296296	32.5
MST60066	19.347928240740742	32.5
MST60066	19.354872685185185	32.5
MST60066	19.361817129629628	32.5
MST60066	19.368761574074075	33.5
MST60066	19.375706018518517	31.5
MST60066	19.382650462962964	32.5
MST60066	19.389594907407407	31.5
MST60066	19.396539351851853	31.5
MST60066	19.403483796296296	32.5
MST60066	19.410428240740742	32
MST60066	19.417372685185185	32.5
MST60066	19.424317129629628	32
MST60066	19.431261574074075	32
MST60066	19.438206018518517	32.5
MST60066	19.445150462962964	32.5
MST60066	19.452094907407407	32
MST60066	19.459039351851853	31.5
MST60066	19.465983796296296	32
MST60066	19.472928240740742	33
MST60066	19.479872685185185	31.5
MST60066	19.486817129629628	30
MST60066	19.493761574074075	30
MST60066	19.500706018518517	30
MST60066	19.507650462962964	30.5
MST60066	19.514594907407407	31
MST60066	19.521539351851853	32
MST60066	19.528483796296296	33
MST60066	19.535428240740742	33
MST60066	19.542372685185185	33.5
MST60066	19.549317129629628	33
MST60066	19.556261574074075	32.5
MST60066	19.563206018518517	33
MST60066	19.570150462962964	32.5
MST60066	19.577094907407407	32
MST60066	19.584039351851853	32
MST60066	19.590983796296296	33
MST60066	19.597928240740742	33
MST60066	19.604872685185185	32.5
MST60066	19.611817129629628	33.5
MST60066	19.618761574074075	33
MST60066	19.625706018518517	32.5
MST60066	19.632650462962964	32.5
MST60066	19.639594907407407	31.5
MST60066	19.646539351851853	32
MST60066	19.653483796296296	32
MST60066	19.660428240740742	32.5
MST60066	19.667372685185185	32
MST60066	19.674317129629628	33
MST60066	19.681261574074075	32
MST60066	19.688206018518517	31.5
MST60066	19.695150462962964	32
MST60066	19.702094907407407	32
MST60066	19.709039351851853	31.5
MST60066	19.715983796296296	31
MST60066	19.722928240740742	31
MST60066	19.729872685185185	31
MST60066	19.736817129629628	31.5
MST60066	19.743761574074075	32
MST60066	19.750706018518517	31.5
MST60066	19.757650462962964	32
MST60066	19.764594907407407	32.5
MST60066	19.771539351851853	32
MST60066	19.778483796296296	31
MST60066	19.785428240740742	30.5
MST60066	19.792372685185185	30
MST60066	19.799317129629628	29
MST60066	19.806261574074075	29
MST60066	19.813206018518517	29
MST60066	19.820150462962964	29
MST60066	19.827094907407407	28.5
MST60066	19.834039351851853	28.5
MST60066	19.840983796296296	29
MST60066	19.847928240740742	29
MST60066	19.854872685185185	28.5
MST60066	19.861817129629628	28.5
MST60066	19.868761574074075	29
MST60066	19.875706018518517	29
MST60066	19.882650462962964	29
MST60066	19.889594907407407	28.5
MST60066	19.896539351851853	28.5
MST60066	19.903483796296296	28.5
MST60066	19.910428240740742	30.5
MST60066	19.917372685185185	34
MST60066	19.924317129629628	33.5
MST60066	19.931261574074075	32.5
MST60066	19.938206018518517	32
MST60066	19.945150462962964	30.5
MST60066	19.952094907407407	30.5
MST60066	19.959039351851853	31
MST60066	19.965983796296296	30.5
MST60066	19.972928240740742	30.5
MST60066	19.979872685185185	30
MST60066	19.986817129629628	29
MST60066	19.993761574074075	28.5
MST60066	20.000706018518517	28.5
MST60066	20.007650462962964	29
MST60066	20.014594907407407	28.5
MST60066	20.02153935185185	29.5
MST60066	20.028483796296296	31
MST60066	20.035428240740742	32
MST60066	20.042372685185185	33
MST60066	20.049317129629628	32
MST60066	20.056261574074075	32
MST60066	20.063206018518517	33
MST60066	20.070150462962964	33.5
MST60066	20.077094907407407	32.5
MST60066	20.08403935185185	33
MST60066	20.090983796296296	32
MST60066	20.097928240740742	32
MST60066	20.104872685185185	31.5
MST60066	20.111817129629628	32.5
MST60066	20.118761574074075	33.5
MST60066	20.125706018518517	34
MST60066	20.132650462962964	34.5
MST60066	20.139594907407407	34
MST60066	20.14653935185185	34
MST60066	20.153483796296296	35
MST60066	20.160428240740742	31.5
MST60066	20.167372685185185	30.5
MST60066	20.174317129629628	31
MST60066	20.181261574074075	35.5
MST60066	20.188206018518517	36
MST60066	20.195150462962964	35.5
MST60066	20.202094907407407	35.5
MST60066	20.20903935185185	32
MST60066	20.215983796296296	33
MST60066	20.222928240740742	30.5
MST60066	20.229872685185185	32
MST60066	20.236817129629628	32
MST60066	20.243761574074075	32.5
MST60066	20.250706018518517	32
MST60066	20.257650462962964	32.5
MST60066	20.264594907407407	33
MST60066	20.27153935185185	32.5
MST60066	20.278483796296296	33
MST60066	20.285428240740742	33.5
MST60066	20.292372685185185	33.5
MST60066	20.299317129629628	33.5
MST60066	20.306261574074075	33.5
MST60066	20.313206018518517	33
MST60066	20.320150462962964	33.5
MST60066	20.327094907407407	33.5
MST60066	20.33403935185185	33
MST60066	20.340983796296296	33
MST60066	20.347928240740742	32.5
MST60066	20.354872685185185	33
MST60066	20.361817129629628	33
MST60066	20.368761574074075	33
MST60066	20.375706018518517	32.5
MST60066	20.382650462962964	32.5
MST60066	20.389594907407407	33.5
MST60066	20.39653935185185	33.5
MST60066	20.403483796296296	32.5
MST60066	20.410428240740742	33
MST60066	20.417372685185185	32.5
MST60066	20.424317129629628	32.5
MST60066	20.431261574074075	32.5
MST60066	20.438206018518517	32.5
MST60066	20.445150462962964	32.5
MST60066	20.452094907407407	32.5
MST60066	20.45903935185185	32.5
MST60066	20.465983796296296	33
MST60066	20.472928240740742	32.5
MST60066	20.479872685185185	32.5
MST60066	20.486817129629628	33
MST60066	20.493761574074075	33
MST60066	20.500706018518517	32.5
MST60066	20.507650462962964	33
MST60066	20.514594907407407	32.5
MST60066	20.52153935185185	32
MST60066	20.528483796296296	33
MST60066	20.535428240740742	33
MST60066	20.542372685185185	33
MST60066	20.549317129629628	33
MST60066	20.556261574074075	33
MST60066	20.563206018518517	33
MST60066	20.570150462962964	33
MST60066	20.577094907407407	33
MST60066	20.58403935185185	33.5
MST60066	20.590983796296296	33
MST60066	20.597928240740742	33
MST60066	20.604872685185185	33.5
MST60066	20.611817129629628	33
MST60066	20.618761574074075	32.5
MST60066	20.625706018518517	33
MST60066	20.632650462962964	33
MST60066	20.639594907407407	32.5
MST60066	20.64653935185185	32
MST60066	20.653483796296296	32.5
MST60066	20.660428240740742	32
MST60066	20.667372685185185	32
MST60066	20.674317129629628	32.5
MST60066	20.681261574074075	32
MST60066	20.688206018518517	33
MST60066	20.695150462962964	33
MST60066	20.702094907407407	32.5
MST60066	20.70903935185185	32
MST60066	20.715983796296296	32
MST60066	20.722928240740742	31.5
MST60066	20.729872685185185	32
MST60066	20.736817129629628	31.5
MST60066	20.743761574074075	31
MST60066	20.750706018518517	32
MST60066	20.757650462962964	31.5
MST60066	20.764594907407407	32.5
MST60066	20.77153935185185	32.5
MST60066	20.778483796296296	32.5
MST60066	20.785428240740742	32.5
MST60066	20.792372685185185	32
MST60066	20.799317129629628	32
MST60066	20.806261574074075	32.5
MST60066	20.813206018518517	33.5
MST60066	20.820150462962964	33
MST60066	20.827094907407407	32.5
MST60066	20.83403935185185	32
MST60066	20.840983796296296	32
MST60066	20.847928240740742	31
MST60066	20.854872685185185	30
MST60066	20.861817129629628	29
MST60066	20.868761574074075	28.5
MST60066	20.875706018518517	28
MST60066	20.882650462962964	27.5
MST60066	20.889594907407407	27
MST60066	20.89653935185185	27
MST60066	20.903483796296296	26.5
MST60066	20.910428240740742	26
MST60066	20.917372685185185	26
MST60066	20.924317129629628	25.5
MST60066	20.931261574074075	25.5
MST60066	20.938206018518517	26
MST60066	20.945150462962964	26
MST60066	20.952094907407407	26
MST60066	20.95903935185185	26.5
MST60066	20.965983796296296	25.5
MST60066	20.972928240740742	25.5
MST60066	20.979872685185185	25.5
MST60066	20.986817129629628	25.5
MST60066	20.993761574074075	26.5
MST60066	21.000706018518517	27.5
MST60066	21.007650462962964	29.5
MST60066	21.014594907407407	31
MST60066	21.02153935185185	31
MST60066	21.028483796296296	31.5
MST60066	21.035428240740742	32
MST60066	21.042372685185185	36
MST60066	21.049317129629628	33
MST60066	21.056261574074075	33
MST60066	21.063206018518517	31.5
MST60066	21.070150462962964	32.5
MST60066	21.077094907407407	33
MST60066	21.08403935185185	32.5
MST60066	21.090983796296296	32
MST60066	21.097928240740742	31.5
MST60066	21.104872685185185	31.5
MST60066	21.111817129629628	31
MST60066	21.118761574074075	31
MST60066	21.125706018518517	31.5
MST60066	21.132650462962964	31
MST60066	21.139594907407407	30.5
MST60066	21.14653935185185	30.5
MST60066	21.153483796296296	30.5
MST60066	21.160428240740742	31
MST60066	21.167372685185185	31.5
MST60066	21.174317129629628	32.5
MST60066	21.181261574074075	35
MST60066	21.188206018518517	32
MST60066	21.195150462962964	31.5
MST60066	21.202094907407407	31.5
MST60066	21.20903935185185	32.5
MST60066	21.215983796296296	32.5
MST60066	21.222928240740742	34.5
MST60066	21.229872685185185	31.5
MST60066	21.236817129629628	31
MST60066	21.243761574074075	33.5
MST60066	21.250706018518517	33.5
MST60066	21.257650462962964	32.5
MST60066	21.264594907407407	34
MST60066	21.27153935185185	32
MST60066	21.278483796296296	34.5
MST60066	21.285428240740742	35.5
MST60066	21.292372685185185	34.5
MST60066	21.299317129629628	33.5
MST60066	21.306261574074075	34
MST60066	21.313206018518517	33
MST60066	21.320150462962964	32.5
MST60066	21.327094907407407	32
MST60066	21.33403935185185	32.5
MST60066	21.340983796296296	33
MST60066	21.347928240740742	32.5
MST60066	21.354872685185185	33
MST60066	21.361817129629628	32
MST60066	21.368761574074075	35.5
MST60066	21.375706018518517	33
MST60066	21.382650462962964	31.5
MST60066	21.389594907407407	31.5
MST60066	21.39653935185185	32
MST60066	21.403483796296296	32.5
MST60066	21.410428240740742	32
MST60066	21.417372685185185	33
MST60066	21.424317129629628	32.5
MST60066	21.431261574074075	33
MST60066	21.438206018518517	32.5
MST60066	21.445150462962964	33
MST60066	21.452094907407407	32.5
MST60066	21.45903935185185	32.5
MST60066	21.465983796296296	32
MST60066	21.472928240740742	34
MST60066	21.479872685185185	33.5
MST60066	21.486817129629628	33
MST60066	21.493761574074075	32.5
MST60066	21.500706018518517	32
MST60066	21.507650462962964	32
MST60066	21.514594907407407	32
MST60066	21.52153935185185	32.5
MST60066	21.528483796296296	32.5
MST60066	21.535428240740742	32.5
MST60066	21.542372685185185	33
MST60066	21.549317129629628	32.5
MST60066	21.556261574074075	32
MST60066	21.563206018518517	32
MST60066	21.570150462962964	32
MST60066	21.577094907407407	32.5
MST60066	21.58403935185185	32.5
MST60066	21.590983796296296	31.5
MST60066	21.597928240740742	32.5
MST60066	21.604872685185185	32.5
MST60066	21.611817129629628	32
MST60066	21.618761574074075	32
MST60066	21.625706018518517	32.5
MST60066	21.632650462962964	32.5
MST60066	21.639594907407407	32.5
MST60066	21.64653935185185	31.5
MST60066	21.653483796296296	31.5
MST60066	21.660428240740742	31
MST60066	21.667372685185185	31
MST60066	21.674317129629628	31.5
MST60066	21.681261574074075	32
MST60066	21.688206018518517	32
MST60066	21.695150462962964	32.5
MST60066	21.702094907407407	32
MST60066	21.70903935185185	31
MST60066	21.715983796296296	30.5
MST60066	21.722928240740742	30
MST60066	21.729872685185185	30
MST60066	21.736817129629628	30.5
MST60066	21.743761574074075	31.5
MST60066	21.750706018518517	31
MST60066	21.757650462962964	31.5
MST60066	21.764594907407407	32
MST60066	21.77153935185185	31.5
MST60066	21.778483796296296	30.5
MST60066	21.785428240740742	30.5
MST60066	21.792372685185185	30
MST60066	21.799317129629628	28
MST60066	21.806261574074075	27.5
MST60066	21.813206018518517	27
MST60066	21.820150462962964	26.5
MST60066	21.827094907407407	26.5
MST60066	21.83403935185185	28.5
MST60066	21.840983796296296	31.5
MST60066	21.847928240740742	31.5
MST60066	21.854872685185185	30.5
MST60066	21.861817129629628	30.5
MST60066	21.868761574074075	30.5
MST60066	21.875706018518517	30
MST60066	21.882650462962964	31
MST60066	21.889594907407407	31
MST60066	21.89653935185185	30.5
MST60066	21.903483796296296	30.5
MST60066	21.910428240740742	30
MST60066	21.917372685185185	28.5
MST60066	21.924317129629628	27
MST60066	21.931261574074075	26.5
MST60066	21.938206018518517	26
MST60066	21.945150462962964	25.5
MST60066	21.952094907407407	25.5
MST60066	21.95903935185185	25
MST60066	21.965983796296296	24.5
MST60066	21.972928240740742	25
MST60066	21.979872685185185	25
MST60066	21.986817129629628	25
MST60066	21.993761574074075	24.5
MST60066	22.000706018518517	24.5
MST60066	22.007650462962964	24.5
MST60066	22.014594907407407	24.5
MST60066	22.02153935185185	25
MST60066	22.028483796296296	25
MST60066	22.035428240740742	27
MST60066	22.042372685185185	31
MST60066	22.049317129629628	33
MST60066	22.056261574074075	32.5
MST60066	22.063206018518517	32
MST60066	22.070150462962964	31.5
MST60066	22.077094907407407	32.5
MST60066	22.08403935185185	32.5
MST60066	22.090983796296296	31.5
MST60066	22.097928240740742	31.5
MST60066	22.104872685185185	31.5
MST60066	22.111817129629628	31
MST60066	22.118761574074075	31.5
MST60066	22.125706018518517	31.5
MST60066	22.132650462962964	31.5
MST60066	22.139594907407407	31.5
MST60066	22.14653935185185	31
MST60066	22.153483796296296	31
MST60066	22.160428240740742	31
MST60066	22.167372685185185	33
MST60066	22.174317129629628	32.5
MST60066	22.181261574074075	32
MST60066	22.188206018518517	32
MST60066	22.195150462962964	31.5
MST60066	22.202094907407407	31.5
MST60066	22.20903935185185	32
MST60066	22.215983796296296	31.5
MST60066	22.222928240740742	32
MST60066	22.229872685185185	35.5
MST60066	22.236817129629628	35.5
MST60066	22.243761574074075	35
MST60066	22.250706018518517	33.5
MST60066	22.257650462962964	32
MST60066	22.264594907407407	33.5
MST60066	22.27153935185185	34.5
MST60066	22.278483796296296	32
MST60066	22.285428240740742	31
MST60066	22.292372685185185	31
MST60066	22.299317129629628	33.5
MST60066	22.306261574074075	32
MST60066	22.313206018518517	31.5
MST60066	22.320150462962964	32.5
MST60066	22.327094907407407	32
MST60066	22.33403935185185	35
MST60066	22.340983796296296	32.5
MST60066	22.347928240740742	33.5
MST60066	22.354872685185185	31.5
MST60066	22.361817129629628	32.5
MST60066	22.368761574074075	32
MST60066	22.375706018518517	31.5
MST60066	22.382650462962964	31
MST60066	22.389594907407407	31.5
MST60066	22.39653935185185	31
MST60066	22.403483796296296	33
MST60066	22.410428240740742	32.5
MST60066	22.417372685185185	32.5
MST60066	22.424317129629628	32
MST60066	22.431261574074075	32
MST60066	22.438206018518517	32.5
MST60066	22.445150462962964	33
MST60066	22.452094907407407	32.5
MST60066	22.45903935185185	33
MST60066	22.465983796296296	32
MST60066	22.472928240740742	34.5
MST60066	22.479872685185185	34.5
MST60066	22.486817129629628	33.5
MST60066	22.493761574074075	33
MST60066	22.500706018518517	32.5
MST60066	22.507650462962964	31
MST60066	22.514594907407407	31
MST60066	22.52153935185185	32
MST60066	22.528483796296296	33
MST60066	22.535428240740742	32.5
MST60066	22.542372685185185	31.5
MST60066	22.549317129629628	31.5
MST60066	22.556261574074075	31
MST60066	22.563206018518517	32
MST60066	22.570150462962964	32
MST60066	22.577094907407407	32
MST60066	22.58403935185185	32
MST60066	22.590983796296296	32
MST60066	22.597928240740742	32
MST60066	22.604872685185185	32
MST60066	22.611817129629628	31.5
MST60066	22.618761574074075	31
MST60066	22.625706018518517	31.5
MST60066	22.632650462962964	31.5
MST60066	22.639594907407407	31
MST60066	22.64653935185185	31
MST60066	22.653483796296296	31
MST60066	22.660428240740742	31.5
MST60066	22.667372685185185	31
MST60066	22.674317129629628	31
MST60066	22.681261574074075	31
MST60066	22.688206018518517	31
MST60066	22.695150462962964	30.5
MST60066	22.702094907407407	31
MST60066	22.70903935185185	31.5
MST60066	22.715983796296296	31
MST60066	22.722928240740742	31.5
MST60066	22.729872685185185	31.5
MST60066	22.736817129629628	30.5
MST60066	22.743761574074075	31
MST60066	22.750706018518517	30.5
MST60066	22.757650462962964	31
MST60066	22.764594907407407	30.5
MST60066	22.77153935185185	31
MST60066	22.778483796296296	30
MST60066	22.785428240740742	30.5
MST60066	22.792372685185185	30.5
MST60066	22.799317129629628	31
MST60066	22.806261574074075	31.5
MST60066	22.813206018518517	30.5
MST60066	22.820150462962964	30.5
MST60066	22.827094907407407	30.5
MST60066	22.83403935185185	30.5
MST60066	22.840983796296296	30.5
MST60066	22.847928240740742	31.5
MST60066	22.854872685185185	31
MST60066	22.861817129629628	31
MST60066	22.868761574074075	30.5
MST60066	22.875706018518517	31
MST60066	22.882650462962964	31
MST60066	22.889594907407407	30.5
MST60066	22.89653935185185	30
MST60066	22.903483796296296	30
MST60066	22.910428240740742	29
MST60066	22.917372685185185	27.5
MST60066	22.924317129629628	28
MST60066	22.931261574074075	31.5
MST60066	22.938206018518517	31.5
MST60066	22.945150462962964	31.5
MST60066	22.952094907407407	31.5
MST60066	22.95903935185185	31.5
MST60066	22.965983796296296	30.5
MST60066	22.972928240740742	29.5
MST60066	22.979872685185185	29
MST60066	22.986817129629628	28.5
MST60066	22.993761574074075	27
MST60066	23.000706018518517	26.5
MST60066	23.007650462962964	26
MST60066	23.014594907407407	25.5
MST60066	23.02153935185185	25.5
MST60066	23.028483796296296	24.5
MST60066	23.035428240740742	24.5
MST60066	23.042372685185185	25
MST60066	23.049317129629628	25.5
MST60066	23.056261574074075	26.5
MST60066	23.063206018518517	29
MST60066	23.070150462962964	30
MST60066	23.077094907407407	30.5
MST60066	23.08403935185185	30
MST60066	23.090983796296296	29.5
MST60066	23.097928240740742	29
MST60066	23.104872685185185	29.5
MST60066	23.111817129629628	31
MST60066	23.118761574074075	32
MST60066	23.125706018518517	31
MST60066	23.132650462962964	31
MST60066	23.139594907407407	32
MST60066	23.14653935185185	31.5
MST60066	23.153483796296296	30
MST60066	23.160428240740742	30.5
MST60066	23.167372685185185	33.5
MST60066	23.174317129629628	32.5
MST60066	23.181261574074075	32.5
MST60066	23.188206018518517	33
MST60066	23.195150462962964	31.5
MST60066	23.202094907407407	33
MST60066	23.20903935185185	34
MST60066	23.215983796296296	31.5
MST60066	23.222928240740742	30.5
MST60066	23.229872685185185	31.5
MST60066	23.236817129629628	33.5
MST60066	23.243761574074075	33.5
MST60066	23.250706018518517	32.5
MST60066	23.257650462962964	33
MST60066	23.264594907407407	33
MST60066	23.27153935185185	33
MST60066	23.278483796296296	34
MST60066	23.285428240740742	31
MST60066	23.292372685185185	33
MST60066	23.299317129629628	31.5
MST60066	23.306261574074075	32
MST60066	23.313206018518517	33.5
MST60066	23.320150462962964	33.5
MST60066	23.327094907407407	34
MST60066	23.33403935185185	34
MST60066	23.340983796296296	33
MST60066	23.347928240740742	32
MST60066	23.354872685185185	32
MST60066	23.361817129629628	33
MST60066	23.368761574074075	31.5
MST60066	23.375706018518517	31.5
MST60066	23.382650462962964	32.5
MST60066	23.389594907407407	32.5
MST60066	23.39653935185185	32.5
MST60066	23.403483796296296	32.5
MST60066	23.410428240740742	32
MST60066	23.417372685185185	32.5
MST60066	23.424317129629628	31.5
MST60066	23.431261574074075	31.5
MST60066	23.438206018518517	31
MST60066	23.445150462962964	31.5
MST60066	23.452094907407407	31
MST60066	23.45903935185185	31
MST60066	23.465983796296296	30
MST60066	23.472928240740742	32
MST60066	23.479872685185185	32
MST60066	23.486817129629628	31.5
MST60066	23.493761574074075	30.5
MST60066	23.500706018518517	29.5
MST60066	23.507650462962964	29
MST60066	23.514594907407407	29
MST60066	23.52153935185185	29
MST60066	23.528483796296296	30
MST60066	23.535428240740742	30
MST60066	23.542372685185185	29.5
MST60066	23.549317129629628	30
MST60066	23.556261574074075	31
MST60066	23.563206018518517	30
MST60066	23.570150462962964	29.5
MST60066	23.577094907407407	29
MST60066	23.58403935185185	29
MST60066	23.590983796296296	28
MST60066	23.597928240740742	29
MST60066	23.604872685185185	30
MST60066	23.611817129629628	30.5
MST60066	23.618761574074075	31
MST60066	23.625706018518517	30.5
MST60066	23.632650462962964	30
MST60066	23.639594907407407	29
MST60066	23.64653935185185	29.5
MST60066	23.653483796296296	31
MST60066	23.660428240740742	31.5
MST60066	23.667372685185185	32
MST60066	23.674317129629628	32
MST60066	23.681261574074075	31
MST60066	23.688206018518517	31.5
MST60066	23.695150462962964	31.5
MST60066	23.702094907407407	31
MST60066	23.70903935185185	31
MST60066	23.715983796296296	31
MST60066	23.722928240740742	30
MST60066	23.729872685185185	30
MST60066	23.736817129629628	30.5
MST60066	23.743761574074075	31
MST60066	23.750706018518517	30.5
MST60066	23.757650462962964	29.5
MST60066	23.764594907407407	29
MST60066	23.77153935185185	29
MST60066	23.778483796296296	28.5
MST60066	23.785428240740742	29
MST60066	23.792372685185185	30
MST60066	23.799317129629628	31
MST60066	23.806261574074075	31
MST60066	23.813206018518517	31.5
MST60066	23.820150462962964	30.5
MST60066	23.827094907407407	30
MST60066	23.83403935185185	28.5
MST60066	23.840983796296296	28.5
MST60066	23.847928240740742	27.5
MST60066	23.854872685185185	27.5
MST60066	23.861817129629628	27.5
MST60066	23.868761574074075	27
MST60066	23.875706018518517	26
MST60066	23.882650462962964	25.5
MST60066	23.889594907407407	25
MST60066	23.89653935185185	25
MST60066	23.903483796296296	25.5
MST60066	23.910428240740742	25.5
MST60066	23.917372685185185	31
MST60066	23.924317129629628	31
MST60066	23.931261574074075	31
MST60066	23.938206018518517	31
MST60066	23.945150462962964	30
MST60066	23.952094907407407	29.5
MST60066	23.95903935185185	31.5
MST60066	23.965983796296296	31
MST60066	23.972928240740742	31
MST60066	23.979872685185185	30.5
MST60066	23.986817129629628	30
MST60066	23.993761574074075	30
MST60066	24.000706018518517	29
MST60066	24.007650462962964	28.5
MST60066	24.014594907407407	28
MST60066	24.02153935185185	28
MST60066	24.028483796296296	29.5
MST60066	24.035428240740742	30
MST60066	24.042372685185185	31
MST60066	24.049317129629628	30.5
MST60066	24.056261574074075	32
MST60066	24.063206018518517	32
MST60066	24.070150462962964	33.5
MST60066	24.077094907407407	31.5
MST60066	24.08403935185185	33
MST60066	24.090983796296296	31
MST60066	24.097928240740742	31
MST60066	24.104872685185185	33
MST60066	24.111817129629628	31.5
MST60066	24.118761574074075	33
MST60066	24.125706018518517	35
MST60066	24.132650462962964	33
MST60066	24.139594907407407	32.5
MST60066	24.14653935185185	32
MST60066	24.153483796296296	34
MST60066	24.160428240740742	34.5
MST60066	24.167372685185185	32
MST60066	24.174317129629628	31.5
MST60066	24.181261574074075	34
MST60066	24.188206018518517	34.5
MST60066	24.195150462962964	33
MST60066	24.202094907407407	31.5
MST60066	24.20903935185185	30.5
MST60066	24.215983796296296	30
MST60066	24.222928240740742	31
MST60066	24.229872685185185	31
MST60066	24.236817129629628	30.5
MST60066	24.243761574074075	31
MST60066	24.250706018518517	31.5
MST60066	24.257650462962964	30.5
MST60066	24.264594907407407	31
MST60066	24.27153935185185	31
MST60066	24.278483796296296	31.5
MST60066	24.285428240740742	32.5
MST60066	24.292372685185185	31.5
MST60066	24.299317129629628	31
MST60066	24.306261574074075	30
MST60066	24.313206018518517	30
MST60066	24.320150462962964	30
MST60066	24.327094907407407	30
MST60066	24.33403935185185	30.5
MST60066	24.340983796296296	30.5
MST60066	24.347928240740742	30.5
MST60066	24.354872685185185	31
MST60066	24.361817129629628	30.5
MST60066	24.368761574074075	31
MST60066	24.375706018518517	30.5
MST60066	24.382650462962964	30.5
MST60066	24.389594907407407	30
MST60066	24.39653935185185	31
MST60066	24.403483796296296	31
MST60066	24.410428240740742	31
MST60066	24.417372685185185	31
MST60066	24.424317129629628	31
MST60066	24.431261574074075	31.5
MST60066	24.438206018518517	30
MST60066	24.445150462962964	30.5
MST60066	24.452094907407407	31.5
MST60066	24.45903935185185	31
MST60066	24.465983796296296	30.5
MST60066	24.472928240740742	31.5
MST60066	24.479872685185185	31.5
MST60066	24.486817129629628	31.5
MST60066	24.493761574074075	31
MST60066	24.500706018518517	31.5
MST60066	24.507650462962964	31.5
MST60066	24.514594907407407	30
MST60066	24.52153935185185	31
MST60066	24.528483796296296	31
MST60066	24.535428240740742	31.5
MST60066	24.542372685185185	32
MST60066	24.549317129629628	31
MST60066	24.556261574074075	31
MST60066	24.563206018518517	29.5
MST60066	24.570150462962964	30.5
MST60066	24.577094907407407	30.5
MST60066	24.58403935185185	31
MST60066	24.590983796296296	30.5
MST60066	24.597928240740742	30.5
MST60066	24.604872685185185	28
MST60066	24.611817129629628	27.5
MST60066	24.618761574074075	26.5
MST60066	24.625706018518517	26
MST60066	24.632650462962964	25
MST60066	24.639594907407407	24.5
MST60066	24.64653935185185	24
MST60066	24.653483796296296	23.5
MST60066	24.660428240740742	23
MST60066	24.667372685185185	22.5
MST60066	24.674317129629628	22.5
MST60066	24.681261574074075	22.5
MST60066	24.688206018518517	22
MST60066	24.695150462962964	22
MST60066	24.702094907407407	22
MST60066	24.70903935185185	21.5
MST60066	24.715983796296296	21.5
MST60066	24.722928240740742	21.5
MST60066	24.729872685185185	21.5
MST60066	24.736817129629628	21.5
MST60066	24.743761574074075	21
MST60066	24.750706018518517	21
MST60066	24.757650462962964	21
MST60066	24.764594907407407	21
MST60066	24.77153935185185	20.5
MST60066	24.778483796296296	20.5
MST60066	24.785428240740742	20.5
MST60066	24.792372685185185	21
MST60066	24.799317129629628	21.5
MST60066	24.806261574074075	22
MST60066	24.813206018518517	22.5
MST60066	24.820150462962964	22.5
MST60066	24.827094907407407	23
MST60066	24.83403935185185	23.5
MST60066	24.840983796296296	24.5
MST60066	24.847928240740742	25
MST60066	24.854872685185185	25.5
MST60066	24.861817129629628	26
MST60066	24.868761574074075	29.5
MST60066	24.875706018518517	31
MST60066	24.882650462962964	31.5
MST60066	24.889594907407407	32
MST60066	24.89653935185185	33
MST60066	24.903483796296296	33
MST60066	24.910428240740742	32
MST60066	24.917372685185185	31.5
MST60066	24.924317129629628	30.5
MST60066	24.931261574074075	30
MST60066	24.938206018518517	31
MST60066	24.945150462962964	30.5
MST60066	24.952094907407407	29.5
MST60066	24.95903935185185	30.5
MST60066	24.965983796296296	30.5
MST60066	24.972928240740742	30
MST60066	24.979872685185185	30
MST60066	24.986817129629628	28.5
MST60066	24.993761574074075	28.5
MST60066	25.000706018518517	27.5
MST60066	25.007650462962964	28
MST60066	25.014594907407407	27.5
MST60066	25.02153935185185	28
MST60066	25.028483796296296	30.5
MST60066	25.035428240740742	30.5
MST60066	25.042372685185185	31.5
MST60066	25.049317129629628	32.5
MST60066	25.056261574074075	32.5
MST60066	25.063206018518517	32
MST60066	25.070150462962964	32
MST60066	25.077094907407407	33
MST60066	25.08403935185185	34
MST60066	25.090983796296296	34
MST60066	25.097928240740742	32
MST60066	25.104872685185185	34.5
MST60066	25.111817129629628	34
MST60066	25.118761574074075	33
MST60066	25.125706018518517	31.5
MST60066	25.132650462962964	32
MST60066	25.139594907407407	35
MST60066	25.14653935185185	31.5
MST60066	25.153483796296296	34
MST60066	25.160428240740742	32.5
MST60066	25.167372685185185	32
MST60066	25.174317129629628	34
MST60066	25.181261574074075	32
MST60066	25.188206018518517	34
MST60066	25.195150462962964	32
MST60066	25.202094907407407	32.5
MST60066	25.20903935185185	30.5
MST60066	25.215983796296296	33.5
MST60066	25.222928240740742	34
MST60066	25.229872685185185	31.5
MST60066	25.236817129629628	31
MST60066	25.243761574074075	30
MST60066	25.250706018518517	33
MST60066	25.257650462962964	33
MST60066	25.264594907407407	32.5
MST60066	25.27153935185185	31.5
MST60066	25.278483796296296	32
MST60066	25.285428240740742	31
MST60066	25.292372685185185	31.5
MST60066	25.299317129629628	32
MST60066	25.306261574074075	32
MST60066	25.313206018518517	32
MST60066	25.320150462962964	31.5
MST60066	25.327094907407407	31.5
MST60066	25.33403935185185	31.5
MST60066	25.340983796296296	32
MST60066	25.347928240740742	32
MST60066	25.354872685185185	31.5
MST60066	25.361817129629628	31.5
MST60066	25.368761574074075	31.5
MST60066	25.375706018518517	31.5
MST60066	25.382650462962964	31.5
MST60066	25.389594907407407	31.5
MST60066	25.39653935185185	31.5
MST60066	25.403483796296296	31.5
MST60066	25.410428240740742	31.5
MST60066	25.417372685185185	31.5
MST60066	25.424317129629628	31.5
MST60066	25.431261574074075	31
MST60066	25.438206018518517	31.5
MST60066	25.445150462962964	31
MST60066	25.452094907407407	31
MST60066	25.45903935185185	31
MST60066	25.465983796296296	31
MST60066	25.472928240740742	31.5
MST60066	25.479872685185185	31
MST60066	25.486817129629628	31
MST60066	25.493761574074075	31
MST60066	25.500706018518517	30.5
MST60066	25.507650462962964	30.5
MST60066	25.514594907407407	30
MST60066	25.52153935185185	30
MST60066	25.528483796296296	29
MST60066	25.535428240740742	28.5
MST60066	25.542372685185185	28.5
MST60066	25.549317129629628	27.5
MST60066	25.556261574074075	27
MST60066	25.563206018518517	26.5
MST60066	25.570150462962964	25.5
MST60066	25.577094907407407	25
MST60066	25.58403935185185	24.5
MST60066	25.590983796296296	24
MST60066	25.597928240740742	23.5
MST60066	25.604872685185185	23
MST60066	25.611817129629628	22.5
MST60066	25.618761574074075	22
MST60066	25.625706018518517	22
MST60066	25.632650462962964	22
MST60066	25.639594907407407	22
MST60066	25.64653935185185	22
MST60066	25.653483796296296	22
MST60066	25.660428240740742	22
MST60066	25.667372685185185	23
MST60066	25.674317129629628	24
MST60066	25.681261574074075	27
MST60066	25.688206018518517	29.5
MST60066	25.695150462962964	29.5
MST60066	25.702094907407407	30.5
MST60066	25.70903935185185	31
MST60066	25.715983796296296	31
MST60066	25.722928240740742	31.5
MST60066	25.729872685185185	31.5
MST60066	25.736817129629628	32
MST60066	25.743761574074075	31.5
MST60066	25.750706018518517	32
MST60066	25.757650462962964	32
MST60066	25.764594907407407	31.5
MST60066	25.77153935185185	31.5
MST60066	25.778483796296296	31.5
MST60066	25.785428240740742	31
MST60066	25.792372685185185	31
MST60066	25.799317129629628	31
MST60066	25.806261574074075	31
MST60066	25.813206018518517	32
MST60066	25.820150462962964	31
MST60066	25.827094907407407	30.5
MST60066	25.83403935185185	30.5
MST60066	25.840983796296296	30
MST60066	25.847928240740742	29
MST60066	25.854872685185185	28.5
MST60066	25.861817129629628	28
MST60066	25.868761574074075	27
MST60066	25.875706018518517	26.5
MST60066	25.882650462962964	26
MST60066	25.889594907407407	25.5
MST60066	25.89653935185185	25
MST60066	25.903483796296296	25
MST60066	25.910428240740742	24.5
MST60066	25.917372685185185	24
MST60066	25.924317129629628	24
MST60066	25.931261574074075	23.5
MST60066	25.938206018518517	23.5
MST60066	25.945150462962964	23.5
MST60066	25.952094907407407	24
MST60066	25.95903935185185	24
MST60066	25.965983796296296	24.5
MST60066	25.972928240740742	25
MST60066	25.979872685185185	25
MST60066	25.986817129629628	25
MST60066	25.993761574074075	25.5
MST60066	26.000706018518517	25.5
MST60066	26.007650462962964	26
MST60066	26.014594907407407	30.5
MST60066	26.02153935185185	32
MST60066	26.028483796296296	32.5
MST60066	26.035428240740742	31.5
MST60066	26.042372685185185	33
MST60066	26.049317129629628	32.5
MST60066	26.056261574074075	33
MST60066	26.063206018518517	35
MST60066	26.070150462962964	35
MST60066	26.077094907407407	33.5
MST60066	26.08403935185185	33
MST60066	26.090983796296296	32.5
MST60066	26.097928240740742	31.5
MST60066	26.104872685185185	32
MST60066	26.111817129629628	33
MST60066	26.118761574074075	31.5
MST60066	26.125706018518517	31.5
MST60066	26.132650462962964	33
MST60066	26.139594907407407	32.5
MST60066	26.14653935185185	34
MST60066	26.153483796296296	34
MST60066	26.160428240740742	33.5
MST60066	26.167372685185185	32
MST60066	26.174317129629628	34.5
MST60066	26.181261574074075	30.5
MST60066	26.188206018518517	30.5
MST60066	26.195150462962964	30.5
MST60066	26.202094907407407	30.5
MST60066	26.20903935185185	31
MST60066	26.215983796296296	30.5
MST60066	26.222928240740742	30.5
MST60066	26.229872685185185	32
MST60066	26.236817129629628	30
MST60066	26.243761574074075	29.5
MST60066	26.250706018518517	30
MST60066	26.257650462962964	29
MST60066	26.264594907407407	29
MST60066	26.27153935185185	30
MST60066	26.278483796296296	30
MST60066	26.285428240740742	29.5
MST60066	26.292372685185185	30
MST60066	26.299317129629628	28.5
MST60066	26.306261574074075	29
MST60066	26.313206018518517	28
MST60066	26.320150462962964	30.5
MST60066	26.327094907407407	30
MST60066	26.33403935185185	30
MST60066	26.340983796296296	29.5
MST60066	26.347928240740742	30
MST60066	26.354872685185185	29.5
MST60066	26.361817129629628	29.5
MST60066	26.368761574074075	30.5
MST60066	26.375706018518517	30.5
MST60066	26.382650462962964	30.5
MST60066	26.389594907407407	31
MST60066	26.39653935185185	31.5
MST60066	26.403483796296296	30
MST60066	26.410428240740742	31
MST60066	26.417372685185185	31
MST60066	26.424317129629628	31
MST60066	26.431261574074075	31
MST60066	26.438206018518517	31
MST60066	26.445150462962964	30.5
MST60066	26.452094907407407	31.5
MST60066	26.45903935185185	31.5
MST60066	26.465983796296296	31
MST60066	26.472928240740742	31.5
MST60066	26.479872685185185	31.5
MST60066	26.486817129629628	31.5
MST60066	26.493761574074075	32
MST60066	26.500706018518517	31.5
MST60066	26.507650462962964	30.5
MST60066	26.514594907407407	31.5
MST60066	26.52153935185185	31
MST60066	26.528483796296296	31.5
MST60066	26.535428240740742	31
MST60069	17.003483796296297	29
MST60069	17.01042824074074	31
MST60069	17.017372685185187	32
MST60069	17.02431712962963	31.5
MST60069	17.031261574074072	31
MST60069	17.03820601851852	30.5
MST60069	17.045150462962962	31
MST60069	17.052094907407408	31
MST60069	17.05903935185185	31.5
MST60069	17.065983796296297	31
MST60069	17.07292824074074	32
MST60069	17.079872685185187	30.5
MST60069	17.08681712962963	32
MST60069	17.093761574074072	30
MST60069	17.10070601851852	30.5
MST60069	17.107650462962962	30.5
MST60069	17.114594907407408	30.5
MST60069	17.12153935185185	29.5
MST60069	17.128483796296297	30
MST60069	17.13542824074074	31
MST60069	17.142372685185187	29.5
MST60069	17.14931712962963	32.5
MST60069	17.156261574074072	30.5
MST60069	17.16320601851852	31
MST60069	17.170150462962962	31
MST60069	17.177094907407408	33
MST60069	17.18403935185185	31
MST60069	17.190983796296297	32
MST60069	17.19792824074074	31
MST60069	17.204872685185187	31
MST60069	17.21181712962963	31
MST60069	17.218761574074072	31
MST60069	17.22570601851852	31
MST60069	17.232650462962962	30.5
MST60069	17.239594907407408	33
MST60069	17.24653935185185	31
MST60069	17.253483796296297	31
MST60069	17.26042824074074	32
MST60069	17.267372685185187	32
MST60069	17.27431712962963	32.5
MST60069	17.281261574074072	31
MST60069	17.28820601851852	31
MST60069	17.295150462962962	31.5
MST60069	17.302094907407408	32
MST60069	17.30903935185185	30.5
MST60069	17.315983796296297	30
MST60069	17.32292824074074	29.5
MST60069	17.329872685185187	30
MST60069	17.33681712962963	31
MST60069	17.343761574074072	31.5
MST60069	17.35070601851852	32
MST60069	17.357650462962962	31.5
MST60069	17.364594907407408	32
MST60069	17.37153935185185	31
MST60069	17.378483796296297	31
MST60069	17.38542824074074	31.5
MST60069	17.392372685185187	30.5
MST60069	17.39931712962963	31.5
MST60069	17.406261574074072	33
MST60069	17.41320601851852	33.5
MST60069	17.420150462962962	33
MST60069	17.427094907407408	33
MST60069	17.43403935185185	33
MST60069	17.440983796296297	33
MST60069	17.44792824074074	33
MST60069	17.454872685185187	33
MST60069	17.46181712962963	33.5
MST60069	17.468761574074072	33
MST60069	17.47570601851852	33
MST60069	17.482650462962962	33
MST60069	17.489594907407408	33
MST60069	17.49653935185185	34
MST60069	17.503483796296297	34
MST60069	17.51042824074074	33.5
MST60069	17.517372685185187	33.5
MST60069	17.52431712962963	33
MST60069	17.531261574074072	33
MST60069	17.53820601851852	33
MST60069	17.545150462962962	33
MST60069	17.552094907407408	32.5
MST60069	17.55903935185185	32
MST60069	17.565983796296297	32.5
MST60069	17.57292824074074	32
MST60069	17.579872685185187	32
MST60069	17.58681712962963	32
MST60069	17.593761574074072	32
MST60069	17.60070601851852	31.5
MST60069	17.607650462962962	31.5
MST60069	17.614594907407408	31.5
MST60069	17.62153935185185	31.5
MST60069	17.628483796296297	31.5
MST60069	17.63542824074074	32
MST60069	17.642372685185187	32
MST60069	17.64931712962963	31.5
MST60069	17.656261574074072	32
MST60069	17.66320601851852	32
MST60069	17.670150462962962	32
MST60069	17.677094907407408	32
MST60069	17.68403935185185	32
MST60069	17.690983796296297	32
MST60069	17.69792824074074	32
MST60069	17.704872685185187	32
MST60069	17.71181712962963	32
MST60069	17.718761574074072	32
MST60069	17.72570601851852	32
MST60069	17.732650462962962	32
MST60069	17.739594907407408	32
MST60069	17.74653935185185	32.5
MST60069	17.753483796296297	32
MST60069	17.76042824074074	32
MST60069	17.767372685185187	32.5
MST60069	17.77431712962963	32
MST60069	17.781261574074072	32
MST60069	17.78820601851852	32
MST60069	17.795150462962962	31.5
MST60069	17.802094907407408	32
MST60069	17.80903935185185	31.5
MST60069	17.815983796296297	31.5
MST60069	17.82292824074074	31.5
MST60069	17.829872685185187	31.5
MST60069	17.83681712962963	31.5
MST60069	17.843761574074072	31.5
MST60069	17.85070601851852	31.5
MST60069	17.857650462962962	32
MST60069	17.864594907407408	31.5
MST60069	17.87153935185185	31.5
MST60069	17.878483796296297	31
MST60069	17.88542824074074	31
MST60069	17.892372685185187	31
MST60069	17.89931712962963	31
MST60069	17.906261574074072	30.5
MST60069	17.91320601851852	30.5
MST60069	17.920150462962962	30
MST60069	17.927094907407408	31.5
MST60069	17.93403935185185	31
MST60069	17.940983796296297	30.5
MST60069	17.94792824074074	30
MST60069	17.954872685185187	29.5
MST60069	17.96181712962963	29.5
MST60069	17.968761574074072	29.5
MST60069	17.97570601851852	29.5
MST60069	17.982650462962962	30
MST60069	17.989594907407408	30
MST60069	17.99653935185185	30
MST60069	18.003483796296297	30
MST60069	18.01042824074074	30.5
MST60069	18.017372685185187	33
MST60069	18.02431712962963	31.5
MST60069	18.031261574074072	31.5
MST60069	18.03820601851852	32
MST60069	18.045150462962962	31.5
MST60069	18.052094907407408	31.5
MST60069	18.05903935185185	31
MST60069	18.065983796296297	31
MST60069	18.07292824074074	31
MST60069	18.079872685185187	30
MST60069	18.08681712962963	32
MST60069	18.093761574074072	32
MST60069	18.10070601851852	32
MST60069	18.107650462962962	31.5
MST60069	18.114594907407408	31
MST60069	18.12153935185185	30
MST60069	18.128483796296297	32
MST60069	18.13542824074074	31.5
MST60069	18.142372685185187	30.5
MST60069	18.14931712962963	31
MST60069	18.156261574074072	32.5
MST60069	18.16320601851852	31
MST60069	18.170150462962962	32
MST60069	18.177094907407408	31.5
MST60069	18.18403935185185	33
MST60069	18.190983796296297	31.5
MST60069	18.19792824074074	33.5
MST60069	18.204872685185187	35
MST60069	18.21181712962963	32
MST60069	18.218761574074072	31
MST60069	18.22570601851852	33.5
MST60069	18.232650462962962	33
MST60069	18.239594907407408	34
MST60069	18.24653935185185	33
MST60069	18.253483796296297	31.5
MST60069	18.26042824074074	32.5
MST60069	18.267372685185187	31
MST60069	18.27431712962963	32
MST60069	18.281261574074072	31.5
MST60069	18.28820601851852	31
MST60069	18.295150462962962	32
MST60069	18.302094907407408	31.5
MST60069	18.30903935185185	31
MST60069	18.315983796296297	31
MST60069	18.32292824074074	32.5
MST60069	18.329872685185187	32.5
MST60069	18.33681712962963	31
MST60069	18.343761574074072	32
MST60069	18.35070601851852	32
MST60069	18.357650462962962	32
MST60069	18.364594907407408	32
MST60069	18.37153935185185	31
MST60069	18.378483796296297	32.5
MST60069	18.38542824074074	31
MST60069	18.392372685185187	30
MST60069	18.39931712962963	30.5
MST60069	18.406261574074072	30.5
MST60069	18.41320601851852	32
MST60069	18.420150462962962	32
MST60069	18.427094907407408	31.5
MST60069	18.43403935185185	31.5
MST60069	18.440983796296297	31.5
MST60069	18.44792824074074	33
MST60069	18.454872685185187	34
MST60069	18.46181712962963	33.5
MST60069	18.468761574074072	33.5
MST60069	18.47570601851852	33.5
MST60069	18.482650462962962	33.5
MST60069	18.489594907407408	33.5
MST60069	18.49653935185185	33.5
MST60069	18.503483796296297	33.5
MST60069	18.51042824074074	33.5
MST60069	18.517372685185187	33
MST60069	18.52431712962963	33.5
MST60069	18.531261574074072	33
MST60069	18.53820601851852	33
MST60069	18.545150462962962	33
MST60069	18.552094907407408	32.5
MST60069	18.55903935185185	33
MST60069	18.565983796296297	32.5
MST60069	18.57292824074074	33.5
MST60069	18.579872685185187	33
MST60069	18.58681712962963	33
MST60069	18.593761574074072	33
MST60069	18.60070601851852	32.5
MST60069	18.607650462962962	33
MST60069	18.614594907407408	33
MST60069	18.62153935185185	33
MST60069	18.628483796296297	33
MST60069	18.63542824074074	32.5
MST60069	18.642372685185187	33
MST60069	18.64931712962963	32.5
MST60069	18.656261574074072	32.5
MST60069	18.66320601851852	32.5
MST60069	18.670150462962962	33
MST60069	18.677094907407408	33
MST60069	18.68403935185185	32.5
MST60069	18.690983796296297	32.5
MST60069	18.69792824074074	32
MST60069	18.704872685185187	32
MST60069	18.71181712962963	32
MST60069	18.718761574074072	31.5
MST60069	18.72570601851852	31.5
MST60069	18.732650462962962	31.5
MST60069	18.739594907407408	31.5
MST60069	18.74653935185185	32
MST60069	18.753483796296297	31.5
MST60069	18.76042824074074	32
MST60069	18.767372685185187	32
MST60069	18.77431712962963	32
MST60069	18.781261574074072	32.5
MST60069	18.78820601851852	32
MST60069	18.795150462962962	31.5
MST60069	18.802094907407408	31.5
MST60069	18.80903935185185	32
MST60069	18.815983796296297	32
MST60069	18.82292824074074	32
MST60069	18.829872685185187	32.5
MST60069	18.83681712962963	32
MST60069	18.843761574074072	34
MST60069	18.85070601851852	34
MST60069	18.857650462962962	33
MST60069	18.864594907407408	33
MST60069	18.87153935185185	32.5
MST60069	18.878483796296297	32.5
MST60069	18.88542824074074	32.5
MST60069	18.892372685185187	32
MST60069	18.89931712962963	31.5
MST60069	18.906261574074072	32
MST60069	18.91320601851852	31.5
MST60069	18.920150462962962	31
MST60069	18.927094907407408	31
MST60069	18.93403935185185	31
MST60069	18.940983796296297	31.5
MST60069	18.94792824074074	31
MST60069	18.954872685185187	30.5
MST60069	18.96181712962963	29.5
MST60069	18.968761574074072	31
MST60069	18.97570601851852	32
MST60069	18.982650462962962	31.5
MST60069	18.989594907407408	30.5
MST60069	18.99653935185185	30
MST60069	19.003483796296297	29.5
MST60069	19.01042824074074	30.5
MST60069	19.017372685185187	33
MST60069	19.02431712962963	32
MST60069	19.031261574074072	32
MST60069	19.03820601851852	33.5
MST60069	19.045150462962962	32.5
MST60069	19.052094907407408	32
MST60069	19.05903935185185	30
MST60069	19.065983796296297	33
MST60069	19.07292824074074	32.5
MST60069	19.079872685185187	32
MST60069	19.08681712962963	33
MST60069	19.093761574074072	33.5
MST60069	19.10070601851852	31
MST60069	19.107650462962962	31.5
MST60069	19.114594907407408	31.5
MST60069	19.12153935185185	33
MST60069	19.128483796296297	33
MST60069	19.13542824074074	30.5
MST60069	19.142372685185187	32
MST60069	19.14931712962963	31.5
MST60069	19.156261574074072	31.5
MST60069	19.16320601851852	32
MST60069	19.170150462962962	32.5
MST60069	19.177094907407408	32.5
MST60069	19.18403935185185	32.5
MST60069	19.190983796296297	33.5
MST60069	19.19792824074074	31
MST60069	19.204872685185187	31
MST60069	19.21181712962963	34
MST60069	19.218761574074072	33.5
MST60069	19.22570601851852	31.5
MST60069	19.232650462962962	31
MST60069	19.239594907407408	33
MST60069	19.24653935185185	31.5
MST60069	19.253483796296297	32.5
MST60069	19.26042824074074	31.5
MST60069	19.267372685185187	31.5
MST60069	19.27431712962963	31.5
MST60069	19.281261574074072	30.5
MST60069	19.28820601851852	34.5
MST60069	19.295150462962962	31.5
MST60069	19.302094907407408	31.5
MST60069	19.30903935185185	32.5
MST60069	19.315983796296297	33
MST60069	19.32292824074074	33
MST60069	19.329872685185187	32
MST60069	19.33681712962963	33.5
MST60069	19.343761574074072	33
MST60069	19.35070601851852	30.5
MST60069	19.357650462962962	32
MST60069	19.364594907407408	31
MST60069	19.37153935185185	31
MST60069	19.378483796296297	32.5
MST60069	19.38542824074074	31.5
MST60069	19.392372685185187	31
MST60069	19.39931712962963	32
MST60069	19.406261574074072	32
MST60069	19.41320601851852	33
MST60069	19.420150462962962	33
MST60069	19.427094907407408	33.5
MST60069	19.43403935185185	34
MST60069	19.440983796296297	33.5
MST60069	19.44792824074074	33.5
MST60069	19.454872685185187	33.5
MST60069	19.46181712962963	33.5
MST60069	19.468761574074072	33
MST60069	19.47570601851852	33.5
MST60069	19.482650462962962	33.5
MST60069	19.489594907407408	33
MST60069	19.49653935185185	33
MST60069	19.503483796296297	33.5
MST60069	19.51042824074074	33
MST60069	19.517372685185187	33
MST60069	19.52431712962963	33
MST60069	19.531261574074072	33
MST60069	19.53820601851852	32.5
MST60069	19.545150462962962	32.5
MST60069	19.552094907407408	32.5
MST60069	19.55903935185185	32.5
MST60069	19.565983796296297	33
MST60069	19.57292824074074	32.5
MST60069	19.579872685185187	32.5
MST60069	19.58681712962963	32.5
MST60069	19.593761574074072	32.5
MST60069	19.60070601851852	32.5
MST60069	19.607650462962962	32.5
MST60069	19.614594907407408	32.5
MST60069	19.62153935185185	32
MST60069	19.628483796296297	32.5
MST60069	19.63542824074074	32.5
MST60069	19.642372685185187	32.5
MST60069	19.64931712962963	32
MST60069	19.656261574074072	32.5
MST60069	19.66320601851852	32.5
MST60069	19.670150462962962	32.5
MST60069	19.677094907407408	33
MST60069	19.68403935185185	32.5
MST60069	19.690983796296297	32.5
MST60069	19.69792824074074	32.5
MST60069	19.704872685185187	32.5
MST60069	19.71181712962963	32
MST60069	19.718761574074072	32
MST60069	19.72570601851852	32
MST60069	19.732650462962962	32
MST60069	19.739594907407408	32.5
MST60069	19.74653935185185	32.5
MST60069	19.753483796296297	32.5
MST60069	19.76042824074074	32.5
MST60069	19.767372685185187	32
MST60069	19.77431712962963	32.5
MST60069	19.781261574074072	32.5
MST60069	19.78820601851852	32
MST60069	19.795150462962962	32
MST60069	19.802094907407408	31.5
MST60069	19.80903935185185	31.5
MST60069	19.815983796296297	31.5
MST60069	19.82292824074074	31
MST60069	19.829872685185187	31
MST60069	19.83681712962963	31.5
MST60069	19.843761574074072	31
MST60069	19.85070601851852	32.5
MST60069	19.857650462962962	32.5
MST60069	19.864594907407408	31.5
MST60069	19.87153935185185	31
MST60069	19.878483796296297	31.5
MST60069	19.88542824074074	31.5
MST60069	19.892372685185187	31
MST60069	19.89931712962963	31
MST60069	19.906261574074072	30.5
MST60069	19.91320601851852	30.5
MST60069	19.920150462962962	30
MST60069	19.927094907407408	29.5
MST60069	19.93403935185185	29.5
MST60069	19.940983796296297	29.5
MST60069	19.94792824074074	29.5
MST60069	19.954872685185187	29.5
MST60069	19.96181712962963	29
MST60069	19.968761574074072	29
MST60069	19.97570601851852	28.5
MST60069	19.982650462962962	28
MST60069	19.989594907407408	28
MST60069	19.99653935185185	28
MST60069	20.003483796296297	29
MST60069	20.01042824074074	30
MST60069	20.017372685185187	32
MST60069	20.02431712962963	33
MST60069	20.031261574074072	32
MST60069	20.03820601851852	32.5
MST60069	20.045150462962962	32.5
MST60069	20.052094907407408	32
MST60069	20.05903935185185	33
MST60069	20.065983796296297	33.5
MST60069	20.07292824074074	33.5
MST60069	20.079872685185187	32
MST60069	20.08681712962963	30
MST60069	20.093761574074072	31.5
MST60069	20.10070601851852	32.5
MST60069	20.107650462962962	32
MST60069	20.114594907407408	32
MST60069	20.12153935185185	32
MST60069	20.128483796296297	30.5
MST60069	20.13542824074074	31
MST60069	20.142372685185187	32
MST60069	20.14931712962963	32
MST60069	20.156261574074072	31.5
MST60069	20.16320601851852	31.5
MST60069	20.170150462962962	32
MST60069	20.177094907407408	31
MST60069	20.18403935185185	34
MST60069	20.190983796296297	32
MST60069	20.19792824074074	32.5
MST60069	20.204872685185187	32
MST60069	20.21181712962963	33.5
MST60069	20.218761574074072	30.5
MST60069	20.22570601851852	33
MST60069	20.232650462962962	33.5
MST60069	20.239594907407408	31
MST60069	20.24653935185185	31.5
MST60069	20.253483796296297	32.5
MST60069	20.26042824074074	31.5
MST60069	20.267372685185187	32
MST60069	20.27431712962963	31.5
MST60069	20.281261574074072	33.5
MST60069	20.28820601851852	34
MST60069	20.295150462962962	33.5
MST60069	20.302094907407408	31.5
MST60069	20.30903935185185	32
MST60069	20.315983796296297	32.5
MST60069	20.32292824074074	32.5
MST60069	20.329872685185187	31.5
MST60069	20.33681712962963	31
MST60069	20.343761574074072	30.5
MST60069	20.35070601851852	31
MST60069	20.357650462962962	31.5
MST60069	20.364594907407408	32.5
MST60069	20.37153935185185	33.5
MST60069	20.378483796296297	33
MST60069	20.38542824074074	33.5
MST60069	20.392372685185187	33
MST60069	20.39931712962963	33
MST60069	20.406261574074072	32.5
MST60069	20.41320601851852	33
MST60069	20.420150462962962	33
MST60069	20.427094907407408	33
MST60069	20.43403935185185	32.5
MST60069	20.440983796296297	33
MST60069	20.44792824074074	33.5
MST60069	20.454872685185187	33
MST60069	20.46181712962963	33
MST60069	20.468761574074072	32.5
MST60069	20.47570601851852	32.5
MST60069	20.482650462962962	32.5
MST60069	20.489594907407408	33
MST60069	20.49653935185185	32.5
MST60069	20.503483796296297	33
MST60069	20.51042824074074	33
MST60069	20.517372685185187	32.5
MST60069	20.52431712962963	32.5
MST60069	20.531261574074072	32.5
MST60069	20.53820601851852	32.5
MST60069	20.545150462962962	32.5
MST60069	20.552094907407408	32
MST60069	20.55903935185185	32
MST60069	20.565983796296297	32.5
MST60069	20.57292824074074	32.5
MST60069	20.579872685185187	32
MST60069	20.58681712962963	32
MST60069	20.593761574074072	32.5
MST60069	20.60070601851852	32
MST60069	20.607650462962962	32
MST60069	20.614594907407408	31.5
MST60069	20.62153935185185	31.5
MST60069	20.628483796296297	32
MST60069	20.63542824074074	32
MST60069	20.642372685185187	32
MST60069	20.64931712962963	32
MST60069	20.656261574074072	32
MST60069	20.66320601851852	31.5
MST60069	20.670150462962962	31.5
MST60069	20.677094907407408	31
MST60069	20.68403935185185	31.5
MST60069	20.690983796296297	31
MST60069	20.69792824074074	31.5
MST60069	20.704872685185187	31.5
MST60069	20.71181712962963	32
MST60069	20.718761574074072	32
MST60069	20.72570601851852	32
MST60069	20.732650462962962	31.5
MST60069	20.739594907407408	32
MST60069	20.74653935185185	32
MST60069	20.753483796296297	32
MST60069	20.76042824074074	32
MST60069	20.767372685185187	31.5
MST60069	20.77431712962963	31.5
MST60069	20.781261574074072	31.5
MST60069	20.78820601851852	31.5
MST60069	20.795150462962962	31.5
MST60069	20.802094907407408	31.5
MST60069	20.80903935185185	31
MST60069	20.815983796296297	31.5
MST60069	20.82292824074074	31.5
MST60069	20.829872685185187	31
MST60069	20.83681712962963	31
MST60069	20.843761574074072	31
MST60069	20.85070601851852	31
MST60069	20.857650462962962	32
MST60069	20.864594907407408	32.5
MST60069	20.87153935185185	32
MST60069	20.878483796296297	31.5
MST60069	20.88542824074074	31
MST60069	20.892372685185187	31
MST60069	20.89931712962963	30.5
MST60069	20.906261574074072	30.5
MST60069	20.91320601851852	31
MST60069	20.920150462962962	30.5
MST60069	20.927094907407408	31
MST60069	20.93403935185185	31
MST60069	20.940983796296297	30.5
MST60069	20.94792824074074	30
MST60069	20.954872685185187	29.5
MST60069	20.96181712962963	30
MST60069	20.968761574074072	29.5
MST60069	20.97570601851852	29
MST60069	20.982650462962962	29
MST60069	20.989594907407408	29
MST60069	20.99653935185185	29.5
MST60069	21.003483796296294	29.5
MST60069	21.01042824074074	31
MST60069	21.017372685185187	33.5
MST60069	21.02431712962963	32
MST60069	21.031261574074072	32.5
MST60069	21.03820601851852	34.5
MST60069	21.045150462962962	32.5
MST60069	21.052094907407408	31.5
MST60069	21.05903935185185	34.5
MST60069	21.065983796296294	33
MST60069	21.07292824074074	31.5
MST60069	21.079872685185187	33.5
MST60069	21.08681712962963	33
MST60069	21.093761574074072	32
MST60069	21.10070601851852	32
MST60069	21.107650462962962	32
MST60069	21.114594907407408	34.5
MST60069	21.12153935185185	32
MST60069	21.128483796296294	32
MST60069	21.13542824074074	32
MST60069	21.142372685185187	32
MST60069	21.14931712962963	31.5
MST60069	21.156261574074072	31.5
MST60069	21.16320601851852	30.5
MST60069	21.170150462962962	31
MST60069	21.177094907407408	31
MST60069	21.18403935185185	31
MST60069	21.190983796296294	31
MST60069	21.19792824074074	31.5
MST60069	21.204872685185187	31.5
MST60069	21.21181712962963	31.5
MST60069	21.218761574074072	32
MST60069	21.22570601851852	33
MST60069	21.232650462962962	34
MST60069	21.239594907407408	31.5
MST60069	21.24653935185185	31.5
MST60069	21.253483796296294	32
MST60069	21.26042824074074	32
MST60069	21.267372685185187	34
MST60069	21.27431712962963	33.5
MST60069	21.281261574074072	32.5
MST60069	21.28820601851852	32.5
MST60069	21.295150462962962	31.5
MST60069	21.302094907407408	32.5
MST60069	21.30903935185185	30.5
MST60069	21.315983796296294	32.5
MST60069	21.32292824074074	32.5
MST60069	21.329872685185187	32.5
MST60069	21.33681712962963	31.5
MST60069	21.343761574074072	32.5
MST60069	21.35070601851852	32.5
MST60069	21.357650462962962	32.5
MST60069	21.364594907407408	31.5
MST60069	21.37153935185185	31.5
MST60069	21.378483796296294	31.5
MST60069	21.38542824074074	31.5
MST60069	21.392372685185187	32
MST60069	21.39931712962963	31.5
MST60069	21.406261574074072	31
MST60069	21.41320601851852	31.5
MST60069	21.420150462962962	31.5
MST60069	21.427094907407408	32
MST60069	21.43403935185185	31
MST60069	21.440983796296294	30.5
MST60069	21.44792824074074	30.5
MST60069	21.454872685185187	30
MST60069	21.46181712962963	31
MST60069	21.468761574074072	30.5
MST60069	21.47570601851852	30
MST60069	21.482650462962962	30.5
MST60069	21.489594907407408	30.5
MST60069	21.49653935185185	31
MST60069	21.503483796296294	31.5
MST60069	21.51042824074074	33.5
MST60069	21.517372685185187	34.5
MST60069	21.52431712962963	34
MST60069	21.531261574074072	34
MST60069	21.53820601851852	33
MST60069	21.545150462962962	34.5
MST60069	21.552094907407408	34
MST60069	21.55903935185185	33.5
MST60069	21.565983796296294	33
MST60069	21.57292824074074	34
MST60069	21.579872685185187	33.5
MST60069	21.58681712962963	34
MST60069	21.593761574074072	33.5
MST60069	21.60070601851852	33.5
MST60069	21.607650462962962	33.5
MST60069	21.614594907407408	33
MST60069	21.62153935185185	33
MST60069	21.628483796296294	33
MST60069	21.63542824074074	33
MST60069	21.642372685185187	32.5
MST60069	21.64931712962963	33
MST60069	21.656261574074072	32
MST60069	21.66320601851852	31
MST60069	21.670150462962962	31.5
MST60069	21.677094907407408	32
MST60069	21.68403935185185	32.5
MST60069	21.690983796296294	33
MST60069	21.69792824074074	33
MST60069	21.704872685185187	32.5
MST60069	21.71181712962963	33
MST60069	21.718761574074072	32.5
MST60069	21.72570601851852	32
MST60069	21.732650462962962	31.5
MST60069	21.739594907407408	33
MST60069	21.74653935185185	33
MST60069	21.753483796296294	32.5
MST60069	21.76042824074074	32.5
MST60069	21.767372685185187	32.5
MST60069	21.77431712962963	32.5
MST60069	21.781261574074072	32.5
MST60069	21.78820601851852	32
MST60069	21.795150462962962	32
MST60069	21.802094907407408	31.5
MST60069	21.80903935185185	32
MST60069	21.815983796296294	31.5
MST60069	21.82292824074074	32
MST60069	21.829872685185187	31.5
MST60069	21.83681712962963	32
MST60069	21.843761574074072	31.5
MST60069	21.85070601851852	31.5
MST60069	21.857650462962962	31.5
MST60069	21.864594907407408	31.5
MST60069	21.87153935185185	32
MST60069	21.878483796296294	32
MST60069	21.88542824074074	31.5
MST60069	21.892372685185187	31
MST60069	21.89931712962963	31.5
MST60069	21.906261574074072	32
MST60069	21.91320601851852	32
MST60069	21.920150462962962	32
MST60069	21.927094907407408	32
MST60069	21.93403935185185	32
MST60069	21.940983796296294	31.5
MST60069	21.94792824074074	31.5
MST60069	21.954872685185187	31.5
MST60069	21.96181712962963	31.5
MST60069	21.968761574074072	33.5
MST60069	21.97570601851852	33.5
MST60069	21.982650462962962	33.5
MST60069	21.989594907407408	33
MST60069	21.99653935185185	34
MST60069	22.003483796296294	32.5
MST60069	22.01042824074074	32
MST60069	22.017372685185187	32.5
MST60069	22.02431712962963	32.5
MST60069	22.031261574074072	32
MST60069	22.03820601851852	32
MST60069	22.045150462962962	31.5
MST60069	22.052094907407408	33.5
MST60069	22.05903935185185	34
MST60069	22.065983796296294	33
MST60069	22.07292824074074	33.5
MST60069	22.079872685185187	33
MST60069	22.08681712962963	36
MST60069	22.093761574074072	32
MST60069	22.10070601851852	32.5
MST60069	22.107650462962962	32
MST60069	22.114594907407408	31.5
MST60069	22.12153935185185	31.5
MST60069	22.128483796296294	34
MST60069	22.13542824074074	35
MST60069	22.142372685185187	32.5
MST60069	22.14931712962963	32
MST60069	22.156261574074072	31.5
MST60069	22.16320601851852	31.5
MST60069	22.170150462962962	31
MST60069	22.177094907407408	30.5
MST60069	22.18403935185185	30.5
MST60069	22.190983796296294	31
MST60069	22.19792824074074	30.5
MST60069	22.204872685185187	31
MST60069	22.21181712962963	31
MST60069	22.218761574074072	31
MST60069	22.22570601851852	30.5
MST60069	22.232650462962962	30.5
MST60069	22.239594907407408	30.5
MST60069	22.24653935185185	32.5
MST60069	22.253483796296294	32.5
MST60069	22.26042824074074	32.5
MST60069	22.267372685185187	33.5
MST60069	22.27431712962963	31.5
MST60069	22.281261574074072	31.5
MST60069	22.28820601851852	35
MST60069	22.295150462962962	33
MST60069	22.302094907407408	31
MST60069	22.30903935185185	31
MST60069	22.315983796296294	32
MST60069	22.32292824074074	32
MST60069	22.329872685185187	31.5
MST60069	22.33681712962963	32.5
MST60069	22.343761574074072	31
MST60069	22.35070601851852	33.5
MST60069	22.357650462962962	31
MST60069	22.364594907407408	30.5
MST60069	22.37153935185185	31.5
MST60069	22.378483796296294	33
MST60069	22.38542824074074	32
MST60069	22.392372685185187	31.5
MST60069	22.39931712962963	31
MST60069	22.406261574074072	31
MST60069	22.41320601851852	32
MST60069	22.420150462962962	30
MST60069	22.427094907407408	32.5
MST60069	22.43403935185185	32
MST60069	22.440983796296294	30
MST60069	22.44792824074074	31
MST60069	22.454872685185187	31.5
MST60069	22.46181712962963	31.5
MST60069	22.468761574074072	31
MST60069	22.47570601851852	31.5
MST60069	22.482650462962962	31.5
MST60069	22.489594907407408	32.5
MST60069	22.49653935185185	31
MST60069	22.503483796296294	31.5
MST60069	22.51042824074074	33.5
MST60069	22.517372685185187	33
MST60069	22.52431712962963	32
MST60069	22.531261574074072	32.5
MST60069	22.53820601851852	32
MST60070	16.004872685185184	32.5
MST60070	16.01181712962963	32
MST60070	16.018761574074073	32
MST60070	16.02570601851852	31.5
MST60070	16.032650462962962	31.5
MST60070	16.03959490740741	31
MST60070	16.04653935185185	31.5
MST60070	16.053483796296295	33
MST60070	16.06042824074074	32.5
MST60070	16.067372685185184	32.5
MST60070	16.07431712962963	33.5
MST60070	16.081261574074073	33
MST60070	16.08820601851852	32.5
MST60070	16.095150462962962	31.5
MST60070	16.10209490740741	31.5
MST60070	16.10903935185185	33
MST60070	16.115983796296295	32.5
MST60070	16.12292824074074	32.5
MST60070	16.129872685185184	32.5
MST60070	16.13681712962963	32.5
MST60070	16.143761574074073	32.5
MST60070	16.15070601851852	32.5
MST60070	16.157650462962962	32
MST60070	16.16459490740741	32
MST60070	16.17153935185185	31.5
MST60070	16.178483796296295	32.5
MST60070	16.18542824074074	33.5
MST60070	16.192372685185184	31.5
MST60070	16.19931712962963	32.5
MST60070	16.206261574074073	32.5
MST60070	16.21320601851852	33
MST60070	16.220150462962962	33.5
MST60070	16.22709490740741	32.5
MST60070	16.23403935185185	34
MST60070	16.240983796296295	35
MST60070	16.24792824074074	34
MST60070	16.254872685185184	31
MST60070	16.26181712962963	31
MST60070	16.268761574074073	31.5
MST60070	16.27570601851852	32.5
MST60070	16.282650462962962	35
MST60070	16.28959490740741	35
MST60070	16.29653935185185	34.5
MST60070	16.303483796296295	31.5
MST60070	16.31042824074074	31
MST60070	16.317372685185184	32.5
MST60070	16.32431712962963	32.5
MST60070	16.331261574074073	32
MST60070	16.33820601851852	32
MST60070	16.345150462962962	31.5
MST60070	16.35209490740741	32
MST60070	16.35903935185185	32.5
MST60070	16.365983796296295	32.5
MST60070	16.37292824074074	32
MST60070	16.379872685185184	32
MST60070	16.38681712962963	32
MST60070	16.393761574074073	32.5
MST60070	16.40070601851852	33
MST60070	16.407650462962962	33.5
MST60070	16.41459490740741	33
MST60070	16.42153935185185	33
MST60070	16.428483796296295	34
MST60070	16.43542824074074	33.5
MST60070	16.442372685185184	33
MST60070	16.44931712962963	33
MST60070	16.456261574074073	32
MST60070	16.46320601851852	31
MST60070	16.470150462962962	32.5
MST60070	16.47709490740741	33
MST60070	16.48403935185185	33.5
MST60070	16.490983796296295	33
MST60070	16.49792824074074	32.5
MST60070	16.504872685185184	32.5
MST60070	16.51181712962963	33.5
MST60070	16.518761574074073	34.5
MST60070	16.52570601851852	33.5
MST60070	16.532650462962962	33.5
MST60070	16.53959490740741	32.5
MST60070	16.54653935185185	32
MST60070	16.553483796296295	32
MST60070	16.56042824074074	31.5
MST60070	16.567372685185184	31
MST60070	16.57431712962963	31
MST60070	16.581261574074073	30.5
MST60070	16.58820601851852	30.5
MST60070	16.595150462962962	30
MST60070	16.60209490740741	29.5
MST60070	16.60903935185185	29.5
MST60070	16.615983796296295	30
MST60070	16.62292824074074	30.5
MST60070	16.629872685185184	30
MST60070	16.63681712962963	30
MST60070	16.643761574074073	30
MST60070	16.65070601851852	30.5
MST60070	16.657650462962962	31.5
MST60070	16.66459490740741	30.5
MST60070	16.67153935185185	30.5
MST60070	16.678483796296295	30
MST60070	16.68542824074074	31
MST60070	16.692372685185184	31.5
MST60070	16.69931712962963	30.5
MST60070	16.706261574074073	31
MST60070	16.71320601851852	31
MST60070	16.720150462962962	31.5
MST60070	16.72709490740741	31.5
MST60070	16.73403935185185	31
MST60070	16.740983796296295	31
MST60070	16.74792824074074	31
MST60070	16.754872685185184	30
MST60070	16.76181712962963	29.5
MST60070	16.768761574074073	29
MST60070	16.77570601851852	29
MST60070	16.782650462962962	29.5
MST60070	16.78959490740741	28.5
MST60070	16.79653935185185	28
MST60070	16.803483796296295	28.5
MST60070	16.81042824074074	29
MST60070	16.817372685185184	28.5
MST60070	16.82431712962963	28
MST60070	16.831261574074073	27.5
MST60070	16.83820601851852	28.5
MST60070	16.845150462962962	29
MST60070	16.85209490740741	29
MST60070	16.85903935185185	28.5
MST60070	16.865983796296295	28.5
MST60070	16.87292824074074	29
MST60070	16.879872685185184	28.5
MST60070	16.88681712962963	28
MST60070	16.893761574074073	29
MST60070	16.90070601851852	29
MST60070	16.907650462962962	29
MST60070	16.91459490740741	28.5
MST60070	16.92153935185185	28.5
MST60070	16.928483796296295	28
MST60070	16.93542824074074	28
MST60070	16.942372685185184	27.5
MST60070	16.94931712962963	27.5
MST60070	16.956261574074073	27.5
MST60070	16.96320601851852	27
MST60070	16.970150462962962	26.5
MST60070	16.97709490740741	26
MST60070	16.98403935185185	26
MST60070	16.990983796296295	26
MST60070	16.99792824074074	26
MST60070	17.004872685185184	26
MST60070	17.01181712962963	26
MST60070	17.018761574074073	26
MST60070	17.02570601851852	26
MST60070	17.032650462962962	26
MST60070	17.03959490740741	26
MST60070	17.04653935185185	26.5
MST60070	17.053483796296295	27
MST60070	17.06042824074074	27.5
MST60070	17.067372685185184	29
MST60070	17.07431712962963	34
MST60070	17.081261574074073	31
MST60070	17.08820601851852	31
MST60070	17.095150462962962	31
MST60070	17.10209490740741	31
MST60070	17.10903935185185	33.5
MST60070	17.115983796296295	35
MST60070	17.12292824074074	34.5
MST60070	17.129872685185184	33.5
MST60070	17.13681712962963	32.5
MST60070	17.143761574074073	33.5
MST60070	17.15070601851852	33
MST60070	17.157650462962962	31
MST60070	17.16459490740741	31.5
MST60070	17.17153935185185	31.5
MST60070	17.178483796296295	31.5
MST60070	17.18542824074074	34
MST60070	17.192372685185184	35
MST60070	17.19931712962963	35
MST60070	17.206261574074073	33.5
MST60070	17.21320601851852	32.5
MST60070	17.220150462962962	33.5
MST60070	17.22709490740741	30.5
MST60070	17.23403935185185	32
MST60070	17.240983796296295	31.5
MST60070	17.24792824074074	30.5
MST60070	17.254872685185184	32.5
MST60070	17.26181712962963	34.5
MST60070	17.268761574074073	34.5
MST60070	17.27570601851852	30.5
MST60070	17.282650462962962	31.5
MST60070	17.28959490740741	31.5
MST60070	17.29653935185185	32
MST60070	17.303483796296295	32
MST60070	17.31042824074074	31
MST60070	17.317372685185184	30.5
MST60070	17.32431712962963	31.5
MST60070	17.331261574074073	31.5
MST60070	17.33820601851852	31.5
MST60070	17.345150462962962	31.5
MST60070	17.35209490740741	31
MST60070	17.35903935185185	31.5
MST60070	17.365983796296295	31.5
MST60070	17.37292824074074	32.5
MST60070	17.379872685185184	33
MST60070	17.38681712962963	32.5
MST60070	17.393761574074073	32.5
MST60070	17.40070601851852	32.5
MST60070	17.407650462962962	32
MST60070	17.41459490740741	31.5
MST60070	17.42153935185185	31
MST60070	17.428483796296298	31.5
MST60070	17.43542824074074	31.5
MST60070	17.442372685185184	31
MST60070	17.44931712962963	31.5
MST60070	17.456261574074073	32
MST60070	17.46320601851852	32
MST60070	17.470150462962962	31.5
MST60070	17.47709490740741	32
MST60070	17.48403935185185	31.5
MST60070	17.490983796296298	32
MST60070	17.49792824074074	32
MST60070	17.504872685185184	31.5
MST60070	17.51181712962963	31.5
MST60070	17.518761574074073	32.5
MST60070	17.52570601851852	32.5
MST60070	17.532650462962962	32.5
MST60070	17.53959490740741	31.5
MST60070	17.54653935185185	31.5
MST60070	17.553483796296298	30.5
MST60070	17.56042824074074	30.5
MST60070	17.567372685185184	30.5
MST60070	17.57431712962963	31
MST60070	17.581261574074073	30
MST60070	17.58820601851852	30
MST60070	17.595150462962962	30
MST60070	17.60209490740741	31
MST60070	17.60903935185185	31.5
MST60070	17.615983796296298	32
MST60070	17.62292824074074	32.5
MST60070	17.629872685185184	33
MST60070	17.63681712962963	33
MST60070	17.643761574074073	32.5
MST60070	17.65070601851852	32.5
MST60070	17.657650462962962	32
MST60070	17.66459490740741	31.5
MST60070	17.67153935185185	30.5
MST60070	17.678483796296298	30
MST60070	17.68542824074074	30.5
MST60070	17.692372685185184	30
MST60070	17.69931712962963	29.5
MST60070	17.706261574074073	28.5
MST60070	17.71320601851852	29.5
MST60070	17.720150462962962	31.5
MST60070	17.72709490740741	32
MST60070	17.73403935185185	32
MST60070	17.740983796296298	32
MST60070	17.74792824074074	32.5
MST60070	17.754872685185184	31.5
MST60070	17.76181712962963	31
MST60070	17.768761574074073	31.5
MST60070	17.77570601851852	32
MST60070	17.782650462962962	31
MST60070	17.78959490740741	31
MST60070	17.79653935185185	31.5
MST60070	17.803483796296298	33
MST60070	17.81042824074074	32
MST60070	17.817372685185184	32.5
MST60070	17.82431712962963	31.5
MST60070	17.831261574074073	31
MST60070	17.83820601851852	31.5
MST60070	17.845150462962962	31
MST60070	17.85209490740741	30.5
MST60070	17.85903935185185	30.5
MST60070	17.865983796296298	29.5
MST60070	17.87292824074074	29
MST60070	17.879872685185184	28
MST60070	17.88681712962963	27.5
MST60070	17.893761574074073	27.5
MST60070	17.90070601851852	26.5
MST60070	17.907650462962962	27.5
MST60070	17.91459490740741	27
MST60070	17.92153935185185	26.5
MST60070	17.928483796296298	26
MST60070	17.93542824074074	26
MST60070	17.942372685185184	26.5
MST60070	17.94931712962963	26
MST60070	17.956261574074073	26.5
MST60070	17.96320601851852	26
MST60070	17.970150462962962	26
MST60070	17.97709490740741	27.5
MST60070	17.98403935185185	29.5
MST60070	17.990983796296298	30
MST60070	17.99792824074074	30
MST60070	18.004872685185184	31
MST60070	18.01181712962963	31
MST60070	18.018761574074073	31
MST60070	18.02570601851852	30.5
MST60070	18.032650462962962	30.5
MST60070	18.03959490740741	31
MST60070	18.04653935185185	31.5
MST60070	18.053483796296298	31.5
MST60070	18.06042824074074	33
MST60070	18.067372685185184	31.5
MST60070	18.07431712962963	31
MST60070	18.081261574074073	32.5
MST60070	18.08820601851852	34.5
MST60070	18.095150462962962	33
MST60070	18.10209490740741	34.5
MST60070	18.10903935185185	32
MST60070	18.115983796296298	32.5
MST60070	18.12292824074074	34.5
MST60070	18.129872685185184	35
MST60070	18.13681712962963	34.5
MST60070	18.143761574074073	31
MST60070	18.15070601851852	31
MST60070	18.157650462962962	34
MST60070	18.16459490740741	34.5
MST60070	18.17153935185185	34
MST60070	18.178483796296298	32
MST60070	18.18542824074074	31
MST60070	18.192372685185184	31
MST60070	18.19931712962963	33
MST60070	18.206261574074073	32
MST60070	18.21320601851852	30.5
MST60070	18.220150462962962	30
MST60070	18.22709490740741	32.5
MST60070	18.23403935185185	33
MST60070	18.240983796296298	34
MST60070	18.24792824074074	32.5
MST60070	18.254872685185184	32.5
MST60070	18.26181712962963	33.5
MST60070	18.268761574074073	31
MST60070	18.27570601851852	32
MST60070	18.282650462962962	32
MST60070	18.28959490740741	32
MST60070	18.29653935185185	32.5
MST60070	18.303483796296298	33
MST60070	18.31042824074074	33
MST60070	18.317372685185184	32.5
MST60070	18.32431712962963	32.5
MST60070	18.331261574074073	33
MST60070	18.33820601851852	32.5
MST60070	18.345150462962962	32.5
MST60070	18.35209490740741	32.5
MST60070	18.35903935185185	32.5
MST60070	18.365983796296298	32.5
MST60070	18.37292824074074	32.5
MST60070	18.379872685185184	32.5
MST60070	18.38681712962963	33
MST60070	18.393761574074073	32.5
MST60070	18.40070601851852	32.5
MST60070	18.407650462962962	33
MST60070	18.41459490740741	33.5
MST60070	18.42153935185185	33
MST60070	18.428483796296298	32.5
MST60070	18.43542824074074	32.5
MST60070	18.442372685185184	32.5
MST60070	18.44931712962963	32.5
MST60070	18.456261574074073	32.5
MST60070	18.46320601851852	32.5
MST60070	18.470150462962962	32.5
MST60070	18.47709490740741	33
MST60070	18.48403935185185	33.5
MST60070	18.490983796296298	32.5
MST60070	18.49792824074074	32.5
MST60070	18.504872685185184	33
MST60070	18.51181712962963	32.5
MST60070	18.518761574074073	32.5
MST60070	18.52570601851852	32.5
MST60070	18.532650462962962	32.5
MST60070	18.53959490740741	32
MST60070	18.54653935185185	32
MST60070	18.553483796296298	31
MST60070	18.56042824074074	31
MST60070	18.567372685185184	31
MST60070	18.57431712962963	31
MST60070	18.581261574074073	30.5
MST60070	18.58820601851852	31
MST60070	18.595150462962962	32
MST60070	18.60209490740741	31.5
MST60070	18.60903935185185	32.5
MST60070	18.615983796296298	32.5
MST60070	18.62292824074074	32
MST60070	18.629872685185184	32.5
MST60070	18.63681712962963	32
MST60070	18.643761574074073	31.5
MST60070	18.65070601851852	31.5
MST60070	18.657650462962962	32
MST60070	18.66459490740741	31.5
MST60070	18.67153935185185	31.5
MST60070	18.678483796296298	31
MST60070	18.68542824074074	31.5
MST60070	18.692372685185184	31.5
MST60070	18.69931712962963	31
MST60070	18.706261574074073	31.5
MST60070	18.71320601851852	31.5
MST60070	18.720150462962962	30.5
MST60070	18.72709490740741	29.5
MST60070	18.73403935185185	31
MST60070	18.740983796296298	32.5
MST60070	18.74792824074074	31.5
MST60070	18.754872685185184	31.5
MST60070	18.76181712962963	31
MST60070	18.768761574074073	30
MST60070	18.77570601851852	30.5
MST60070	18.782650462962962	30
MST60070	18.78959490740741	29
MST60070	18.79653935185185	30
MST60070	18.803483796296298	31.5
MST60070	18.81042824074074	31
MST60070	18.817372685185184	31
MST60070	18.82431712962963	29.5
MST60070	18.831261574074073	32
MST60070	18.83820601851852	32
MST60070	18.845150462962962	31.5
MST60070	18.852094907407405	33
MST60070	18.85903935185185	33
MST60070	18.865983796296295	32.5
MST60070	18.87292824074074	32
MST60070	18.879872685185184	32
MST60070	18.88681712962963	32
MST60070	18.893761574074073	31
MST60070	18.90070601851852	30.5
MST60070	18.907650462962962	30
MST60070	18.914594907407405	29.5
MST60070	18.92153935185185	29
MST60070	18.928483796296295	28.5
MST60070	18.93542824074074	28
MST60070	18.942372685185184	27.5
MST60070	18.94931712962963	27
MST60070	18.956261574074073	27
MST60070	18.96320601851852	26.5
MST60070	18.970150462962962	26.5
MST60070	18.977094907407405	26.5
MST60070	18.98403935185185	26.5
MST60070	18.990983796296295	27
MST60070	18.99792824074074	27.5
MST60070	19.004872685185184	27.5
MST60070	19.01181712962963	29
MST60070	19.018761574074073	31.5
MST60070	19.02570601851852	31.5
MST60070	19.032650462962962	31.5
MST60070	19.039594907407405	31.5
MST60070	19.04653935185185	32
MST60070	19.053483796296295	32
MST60070	19.06042824074074	31.5
MST60070	19.067372685185184	31.5
MST60070	19.07431712962963	33
MST60070	19.081261574074073	33
MST60070	19.08820601851852	32.5
MST60070	19.095150462962962	32
MST60070	19.102094907407405	33
MST60070	19.10903935185185	31.5
MST60070	19.115983796296295	31
MST60070	19.12292824074074	30
MST60070	19.129872685185184	31.5
MST60070	19.13681712962963	31.5
MST60070	19.143761574074073	32.5
MST60070	19.15070601851852	34.5
MST60070	19.157650462962962	33
MST60070	19.164594907407405	34
MST60070	19.17153935185185	34
MST60070	19.178483796296295	32.5
MST60070	19.18542824074074	33
MST60070	19.192372685185184	32.5
MST60070	19.19931712962963	34
MST60070	19.206261574074073	34.5
MST60070	19.21320601851852	31.5
MST60070	19.220150462962962	31
MST60070	19.227094907407405	30.5
MST60070	19.23403935185185	34.5
MST60070	19.240983796296295	35.5
MST60070	19.24792824074074	34.5
MST60070	19.254872685185184	32
MST60070	19.26181712962963	32
MST60070	19.268761574074073	33.5
MST60070	19.27570601851852	33
MST60070	19.282650462962962	32
MST60070	19.289594907407405	32
MST60070	19.29653935185185	30.5
MST60070	19.303483796296295	34.5
MST60070	19.31042824074074	35
MST60070	19.317372685185184	33
MST60070	19.32431712962963	32
MST60070	19.331261574074073	32
MST60070	19.33820601851852	33
MST60070	19.345150462962962	34.5
MST60070	19.352094907407405	32.5
MST60070	19.35903935185185	33
MST60070	19.365983796296295	32.5
MST60070	19.37292824074074	33
MST60070	19.379872685185184	32
MST60070	19.38681712962963	31.5
MST60070	19.393761574074073	32
MST60070	19.40070601851852	31.5
MST60070	19.407650462962962	34
MST60070	19.414594907407405	34.5
MST60070	19.42153935185185	34
MST60070	19.428483796296295	33
MST60070	19.43542824074074	33
MST60070	19.442372685185184	32.5
MST60070	19.44931712962963	32
MST60070	19.456261574074073	32.5
MST60070	19.46320601851852	32.5
MST60070	19.470150462962962	33
MST60070	19.477094907407405	33
MST60070	19.48403935185185	33.5
MST60070	19.490983796296295	33
MST60070	19.49792824074074	32.5
MST60070	19.504872685185184	33
MST60070	19.51181712962963	32.5
MST60070	19.518761574074073	33
MST60070	19.52570601851852	32.5
MST60070	19.532650462962962	32
MST60070	19.539594907407405	32.5
MST60070	19.54653935185185	32.5
MST60070	19.553483796296295	32
MST60070	19.56042824074074	31.5
MST60070	19.567372685185184	31.5
MST60070	19.57431712962963	32
MST60070	19.581261574074073	32
MST60070	19.58820601851852	32
MST60070	19.595150462962962	32
MST60070	19.602094907407405	31.5
MST60070	19.60903935185185	32
MST60070	19.615983796296295	31.5
MST60070	19.62292824074074	31.5
MST60070	19.629872685185184	31
MST60070	19.63681712962963	30.5
MST60070	19.643761574074073	30
MST60070	19.65070601851852	31
MST60070	19.657650462962962	31.5
MST60070	19.664594907407405	32
MST60070	19.67153935185185	31
MST60070	19.678483796296295	30.5
MST60070	19.68542824074074	29.5
MST60070	19.692372685185184	30
MST60070	19.69931712962963	30.5
MST60070	19.706261574074073	32
MST60070	19.71320601851852	32
MST60070	19.720150462962962	32
MST60070	19.727094907407405	32.5
MST60070	19.73403935185185	32.5
MST60070	19.740983796296295	32.5
MST60070	19.74792824074074	32
MST60070	19.754872685185184	31.5
MST60070	19.76181712962963	31.5
MST60070	19.768761574074073	32
MST60070	19.77570601851852	32
MST60070	19.782650462962962	32
MST60070	19.789594907407405	31.5
MST60070	19.79653935185185	32
MST60070	19.803483796296295	32.5
MST60070	19.81042824074074	32.5
MST60070	19.817372685185184	32
MST60070	19.82431712962963	32
MST60070	19.831261574074073	32
MST60070	19.83820601851852	31.5
MST60070	19.845150462962962	31.5
MST60070	19.852094907407405	31.5
MST60070	19.85903935185185	31
MST60070	19.865983796296295	31
MST60070	19.87292824074074	31
MST60070	19.879872685185184	30.5
MST60070	19.88681712962963	30.5
MST60070	19.893761574074073	31
MST60070	19.90070601851852	31.5
MST60070	19.907650462962962	30.5
MST60070	19.914594907407405	30
MST60070	19.92153935185185	30
MST60070	19.928483796296295	29.5
MST60070	19.93542824074074	30
MST60070	19.942372685185184	31
MST60070	19.94931712962963	31
MST60070	19.956261574074073	33.5
MST60070	19.96320601851852	33
MST60070	19.970150462962962	32
MST60070	19.977094907407405	31.5
MST60070	19.98403935185185	30.5
MST60070	19.990983796296295	32
MST60070	19.99792824074074	32.5
MST60070	20.004872685185184	31.5
MST60070	20.01181712962963	31
MST60070	20.018761574074073	31
MST60070	20.02570601851852	30.5
MST60070	20.032650462962962	30
MST60070	20.039594907407405	30
MST60070	20.04653935185185	29.5
MST60070	20.053483796296298	29.5
MST60070	20.06042824074074	30.5
MST60070	20.067372685185184	32.5
MST60070	20.07431712962963	32.5
MST60070	20.081261574074073	31.5
MST60070	20.08820601851852	31.5
MST60070	20.095150462962962	31
MST60070	20.102094907407405	32
MST60070	20.10903935185185	35
MST60070	20.115983796296298	32.5
MST60070	20.12292824074074	32.5
MST60070	20.129872685185184	31
MST60070	20.13681712962963	34
MST60070	20.143761574074073	34.5
MST60070	20.15070601851852	34.5
MST60070	20.157650462962962	33
MST60070	20.164594907407405	30.5
MST60070	20.17153935185185	33
MST60070	20.178483796296298	31.5
MST60070	20.18542824074074	33
MST60070	20.192372685185184	31
MST60070	20.19931712962963	31
MST60070	20.206261574074073	31
MST60070	20.21320601851852	31.5
MST60070	20.220150462962962	31.5
MST60070	20.227094907407405	34
MST60070	20.23403935185185	35
MST60070	20.240983796296298	34.5
MST60070	20.24792824074074	31
MST60070	20.254872685185184	34
MST60070	20.26181712962963	32
MST60070	20.268761574074073	31.5
MST60070	20.27570601851852	32
MST60070	20.282650462962962	31.5
MST60070	20.289594907407405	32.5
MST60070	20.29653935185185	32.5
MST60070	20.303483796296298	32.5
MST60070	20.31042824074074	32.5
MST60070	20.317372685185184	32.5
MST60070	20.32431712962963	34
MST60070	20.331261574074073	33.5
MST60070	20.33820601851852	33
MST60070	20.345150462962962	33
MST60070	20.352094907407405	33
MST60070	20.35903935185185	33.5
MST60070	20.365983796296298	33
MST60070	20.37292824074074	32.5
MST60070	20.379872685185184	33
MST60070	20.38681712962963	32.5
MST60070	20.393761574074073	33
MST60070	20.40070601851852	33.5
MST60070	20.407650462962962	33
MST60070	20.414594907407405	33
MST60070	20.42153935185185	33
MST60070	20.428483796296298	33
MST60070	20.43542824074074	32.5
MST60070	20.442372685185184	33
MST60070	20.44931712962963	32.5
MST60070	20.456261574074073	32.5
MST60070	20.46320601851852	33
MST60070	20.470150462962962	32.5
MST60070	20.477094907407405	32
MST60070	20.48403935185185	33
MST60070	20.490983796296298	32.5
MST60070	20.49792824074074	32.5
MST60070	20.504872685185184	32
MST60070	20.51181712962963	32.5
MST60070	20.518761574074073	32
MST60070	20.52570601851852	32.5
MST60070	20.532650462962962	32.5
MST60070	20.539594907407405	32.5
MST60070	20.54653935185185	33
MST60070	20.553483796296298	32.5
MST60070	20.56042824074074	32
MST60070	20.567372685185184	32.5
MST60070	20.57431712962963	32.5
MST60070	20.581261574074073	32
MST60070	20.58820601851852	31.5
MST60070	20.595150462962962	32
MST60070	20.602094907407405	32
MST60070	20.60903935185185	31.5
MST60070	20.615983796296298	32.5
MST60070	20.62292824074074	31.5
MST60070	20.629872685185184	33
MST60070	20.63681712962963	32
MST60070	20.643761574074073	31.5
MST60070	20.65070601851852	30.5
MST60070	20.657650462962962	30.5
MST60070	20.664594907407405	30.5
MST60070	20.67153935185185	29.5
MST60070	20.678483796296298	29.5
MST60070	20.68542824074074	29.5
MST60070	20.692372685185184	29
MST60070	20.69931712962963	28.5
MST60070	20.706261574074073	28.5
MST60070	20.71320601851852	28.5
MST60070	20.720150462962962	28.5
MST60070	20.727094907407405	30
MST60070	20.73403935185185	32
MST60070	20.740983796296298	31.5
MST60070	20.74792824074074	30.5
MST60070	20.754872685185184	32
MST60070	20.76181712962963	30.5
MST60070	20.768761574074073	31.5
MST60070	20.77570601851852	32
MST60070	20.782650462962962	32
MST60070	20.789594907407405	31
MST60070	20.79653935185185	32
MST60070	20.803483796296298	32
MST60070	20.81042824074074	32
MST60070	20.817372685185184	32
MST60070	20.82431712962963	32.5
MST60070	20.831261574074073	31.5
MST60070	20.83820601851852	32
MST60070	20.845150462962962	32
MST60070	20.852094907407405	33
MST60070	20.85903935185185	32.5
MST60070	20.865983796296298	32
MST60070	20.87292824074074	31.5
MST60070	20.879872685185184	31.5
MST60070	20.88681712962963	31.5
MST60070	20.893761574074073	31
MST60070	20.90070601851852	30.5
MST60070	20.907650462962962	30.5
MST60070	20.914594907407405	29
MST60070	20.92153935185185	28.5
MST60070	20.928483796296298	28
MST60070	20.93542824074074	28
MST60070	20.942372685185184	28.5
MST60070	20.94931712962963	28
MST60070	20.956261574074073	28
MST60070	20.96320601851852	28
MST60070	20.970150462962962	28
MST60070	20.977094907407405	29
MST60070	20.98403935185185	29.5
MST60070	20.990983796296298	29
MST60070	20.99792824074074	28.5
MST60070	21.004872685185184	28.5
MST60070	21.01181712962963	28.5
MST60070	21.018761574074073	29
MST60070	21.02570601851852	30
MST60070	21.032650462962962	30.5
MST60070	21.039594907407405	32
MST60070	21.04653935185185	32
MST60070	21.053483796296298	32.5
MST60070	21.06042824074074	31.5
MST60070	21.067372685185184	31.5
MST60070	21.07431712962963	31.5
MST60070	21.081261574074073	34
MST60070	21.08820601851852	34
MST60070	21.095150462962962	33
MST60070	21.102094907407405	31.5
MST60070	21.10903935185185	32.5
MST60070	21.115983796296298	32
MST60070	21.12292824074074	31.5
MST60070	21.129872685185184	31.5
MST60070	21.13681712962963	31.5
MST60070	21.143761574074073	32
MST60070	21.15070601851852	30.5
MST60070	21.157650462962962	30
MST60070	21.164594907407405	31
MST60070	21.17153935185185	30.5
MST60070	21.178483796296298	31
MST60070	21.18542824074074	30.5
MST60070	21.192372685185184	31
MST60070	21.19931712962963	30
MST60070	21.206261574074073	30
MST60070	21.21320601851852	30
MST60070	21.220150462962962	32
MST60070	21.227094907407405	31
MST60070	21.23403935185185	31
MST60070	21.240983796296298	31.5
MST60070	21.24792824074074	31.5
MST60070	21.254872685185184	30.5
MST60070	21.26181712962963	30.5
MST60070	21.268761574074073	32
MST60070	21.27570601851852	33
MST60070	21.282650462962962	30.5
MST60070	21.289594907407405	32
MST60070	21.29653935185185	33
MST60070	21.303483796296298	34.5
MST60070	21.31042824074074	32.5
MST60070	21.317372685185184	31.5
MST60070	21.32431712962963	33.5
MST60070	21.331261574074073	35.5
MST60070	21.33820601851852	35.5
MST60070	21.345150462962962	35
MST60070	21.352094907407405	31.5
MST60070	21.35903935185185	31.5
MST60070	21.365983796296298	32
MST60070	21.37292824074074	31.5
MST60070	21.379872685185184	34
MST60070	21.38681712962963	33.5
MST60070	21.393761574074073	33
MST60070	21.40070601851852	32
MST60070	21.407650462962962	32.5
MST60070	21.414594907407405	34.5
MST60070	21.42153935185185	31.5
MST60070	21.428483796296298	33.5
MST60070	21.43542824074074	32.5
MST60070	21.442372685185184	32
MST60070	21.44931712962963	32.5
MST60070	21.456261574074073	33
MST60070	21.46320601851852	32
MST60070	21.470150462962962	32.5
MST60070	21.477094907407405	32
MST60070	21.48403935185185	32
MST60070	21.490983796296298	33
MST60070	21.49792824074074	32.5
MST60070	21.504872685185184	32.5
MST60070	21.51181712962963	33
MST60070	21.518761574074073	33
MST60070	21.52570601851852	33
MST60070	21.532650462962962	33.5
MST60070	21.539594907407405	33
MST60070	21.54653935185185	32.5
MST60070	21.553483796296298	32.5
MST60070	21.56042824074074	32
MST60070	21.567372685185184	32
MST60070	21.57431712962963	31.5
MST60070	21.581261574074073	32.5
MST60070	21.58820601851852	32.5
MST60070	21.595150462962962	32
MST60070	21.602094907407405	32
MST60070	21.60903935185185	31.5
MST60070	21.615983796296298	31.5
MST60070	21.62292824074074	32
MST60070	21.629872685185184	31
MST60070	21.63681712962963	31
MST60070	21.643761574074073	32
MST60070	21.65070601851852	31.5
MST60070	21.657650462962962	31.5
MST60070	21.664594907407405	31.5
MST60070	21.67153935185185	32.5
MST60070	21.678483796296298	32
MST60070	21.68542824074074	32
MST60070	21.692372685185184	32
MST60070	21.69931712962963	32
MST60070	21.706261574074073	31.5
MST60070	21.71320601851852	32
MST60070	21.720150462962962	31.5
MST60070	21.727094907407405	31.5
MST60070	21.73403935185185	32
MST60070	21.740983796296298	32
MST60070	21.74792824074074	32
MST60070	21.754872685185184	32
MST60070	21.76181712962963	31
MST60070	21.768761574074073	30
MST60070	21.77570601851852	30
MST60070	21.782650462962962	30
MST60070	21.789594907407405	29.5
MST60070	21.79653935185185	30.5
MST60070	21.803483796296298	30.5
MST60070	21.81042824074074	29.5
MST60070	21.817372685185184	28.5
MST60070	21.82431712962963	28
MST60070	21.831261574074073	27.5
MST60070	21.83820601851852	29.5
MST60070	21.845150462962962	31
MST60070	21.852094907407405	31.5
MST60070	21.85903935185185	32
MST60070	21.865983796296298	31
MST60070	21.87292824074074	32
MST60070	21.879872685185184	32.5
MST60070	21.88681712962963	31.5
MST60070	21.893761574074073	31.5
MST60070	21.90070601851852	31
MST60070	21.907650462962962	30.5
MST60070	21.914594907407405	30.5
MST60070	21.92153935185185	30.5
MST60070	21.928483796296298	30
MST60070	21.93542824074074	30.5
MST60070	21.942372685185184	29
MST60070	21.94931712962963	28.5
MST60070	21.956261574074073	28
MST60070	21.96320601851852	27
MST60070	21.970150462962962	26.5
MST60070	21.977094907407405	26.5
MST60070	21.98403935185185	26.5
MST60070	21.990983796296298	26
MST60070	21.99792824074074	26
MST60070	22.004872685185184	26
MST60070	22.01181712962963	27
MST60070	22.018761574074073	27
MST60070	22.02570601851852	28.5
MST60070	22.032650462962962	29.5
MST60070	22.039594907407405	30.5
MST60070	22.04653935185185	31
MST60070	22.053483796296298	31
MST60070	22.06042824074074	30.5
MST60070	22.067372685185184	31.5
MST60070	22.07431712962963	32
MST60070	22.081261574074073	31.5
MST60070	22.08820601851852	31.5
MST60070	22.095150462962962	31
MST60070	22.102094907407405	31
MST60070	22.10903935185185	34
MST60070	22.115983796296298	31.5
MST60070	22.12292824074074	31
MST60070	22.129872685185184	30.5
MST60070	22.13681712962963	30.5
MST60070	22.143761574074073	30.5
MST60070	22.15070601851852	30.5
MST60070	22.157650462962962	29.5
MST60070	22.164594907407405	29.5
MST60070	22.17153935185185	30
MST60070	22.178483796296298	29.5
MST60070	22.18542824074074	30.5
MST60070	22.192372685185184	30.5
MST60070	22.19931712962963	30
MST60070	22.206261574074073	30
MST60070	22.21320601851852	33.5
MST60070	22.220150462962962	32.5
MST60070	22.227094907407405	32.5
MST60070	22.23403935185185	32
MST60070	22.240983796296298	31
MST60070	22.24792824074074	32
MST60070	22.254872685185184	34
MST60070	22.26181712962963	35
MST60070	22.268761574074073	35
MST60070	22.27570601851852	36
MST60070	22.282650462962962	35.5
MST60070	22.289594907407405	31
MST60070	22.29653935185185	34
MST60070	22.303483796296298	34.5
MST60070	22.31042824074074	35.5
MST60070	22.317372685185184	33
MST60070	22.32431712962963	31.5
MST60070	22.331261574074073	32.5
MST60070	22.33820601851852	35
MST60070	22.345150462962962	34.5
MST60070	22.352094907407405	32
MST60070	22.35903935185185	32
MST60070	22.365983796296298	33
MST60070	22.37292824074074	32.5
MST60070	22.379872685185184	35
MST60070	22.38681712962963	34.5
MST60070	22.393761574074073	31
MST60070	22.40070601851852	32.5
MST60070	22.407650462962962	32.5
MST60070	22.414594907407405	32.5
MST60070	22.42153935185185	32
MST60070	22.428483796296298	31.5
MST60070	22.43542824074074	32.5
MST60070	22.442372685185184	32.5
MST60070	22.44931712962963	34.5
MST60070	22.456261574074073	31
MST60070	22.46320601851852	31.5
MST60070	22.470150462962962	31.5
MST60070	22.477094907407405	32
MST60070	22.48403935185185	32
MST60070	22.490983796296298	31
MST60070	22.49792824074074	31.5
MST60070	22.504872685185184	32
MST60070	22.51181712962963	32
MST60070	22.518761574074073	34
MST60070	22.52570601851852	33
MST60070	22.532650462962962	32.5
MST60070	22.539594907407405	32.5
MST60070	22.54653935185185	32.5
MST60070	22.553483796296298	33
MST60070	22.56042824074074	33
MST60070	22.567372685185184	33
MST60070	22.57431712962963	32
MST60070	22.581261574074073	32
MST60070	22.58820601851852	31.5
MST60070	22.595150462962962	31.5
MST60070	22.602094907407405	32
MST60070	22.60903935185185	31.5
MST60070	22.615983796296298	31
MST60070	22.62292824074074	30.5
MST60070	22.629872685185184	30.5
MST60070	22.63681712962963	30
MST60070	22.643761574074073	30
MST60070	22.65070601851852	30
MST60070	22.657650462962962	30
MST60070	22.664594907407405	30
MST60070	22.67153935185185	30
MST60070	22.678483796296298	30.5
MST60070	22.68542824074074	30.5
MST60070	22.692372685185184	30.5
MST60070	22.69931712962963	31.5
MST60070	22.706261574074073	30.5
MST60070	22.71320601851852	31.5
MST60070	22.720150462962962	31.5
MST60070	22.727094907407405	31.5
MST60070	22.73403935185185	31
MST60070	22.740983796296298	30.5
MST60070	22.74792824074074	32
MST60070	22.754872685185184	32.5
MST60070	22.76181712962963	31.5
MST60070	22.768761574074073	31.5
MST60070	22.77570601851852	32.5
MST60070	22.782650462962962	32
MST60070	22.789594907407405	32
MST60070	22.79653935185185	32
MST60070	22.803483796296298	31.5
MST60070	22.81042824074074	31
MST60070	22.817372685185184	31.5
MST60070	22.82431712962963	31
MST60070	22.831261574074073	30.5
MST60070	22.83820601851852	30.5
MST60070	22.845150462962962	30.5
MST60070	22.852094907407405	29
MST60070	22.85903935185185	28
MST60070	22.865983796296298	28
MST60070	22.87292824074074	28
MST60070	22.879872685185184	27.5
MST60070	22.88681712962963	28
MST60070	22.893761574074073	31
MST60070	22.90070601851852	31.5
MST60070	22.907650462962962	32
MST60070	22.914594907407405	31.5
MST60070	22.92153935185185	31.5
MST60070	22.928483796296298	30
MST60070	22.93542824074074	29.5
MST60070	22.942372685185184	28.5
MST60070	22.94931712962963	27.5
MST60070	22.956261574074073	27.5
MST60070	22.96320601851852	27.5
MST60070	22.970150462962962	30
MST60070	22.977094907407405	32
MST60070	22.98403935185185	32
MST60070	22.990983796296298	32
MST60070	22.99792824074074	32.5
MST60070	23.004872685185184	32
MST60070	23.01181712962963	31.5
MST60070	23.018761574074073	31.5
MST60070	23.02570601851852	31.5
MST60070	23.032650462962962	31
MST60070	23.039594907407405	30.5
MST60070	23.04653935185185	30.5
MST60070	23.053483796296298	30
MST60070	23.06042824074074	30
MST60070	23.067372685185184	29.5
MST60070	23.07431712962963	29.5
MST60070	23.081261574074073	30
MST60070	23.08820601851852	31
MST60070	23.095150462962962	31
MST60070	23.102094907407405	32.5
MST60070	23.10903935185185	31.5
MST60070	23.115983796296298	32
MST60070	23.12292824074074	32
MST60070	23.129872685185184	31
MST60070	23.13681712962963	33.5
MST60070	23.143761574074073	34
MST60070	23.15070601851852	31.5
MST60070	23.157650462962962	31.5
MST60070	23.164594907407405	31
MST60070	23.17153935185185	32.5
MST60070	23.178483796296298	34
MST60070	23.18542824074074	31.5
MST60070	23.192372685185184	31.5
MST60070	23.19931712962963	31
MST60070	23.206261574074073	32
MST60070	23.21320601851852	30.5
MST60070	23.220150462962962	32
MST60070	23.227094907407405	34
MST60070	23.23403935185185	34
MST60070	23.240983796296298	32
MST60070	23.24792824074074	33
MST60070	23.254872685185184	32.5
MST60070	23.26181712962963	32
MST60070	23.268761574074073	32
MST60070	23.27570601851852	32.5
MST60070	23.282650462962962	34
MST60070	23.289594907407405	36
MST60070	23.29653935185185	35
MST60070	23.303483796296298	33.5
MST60070	23.31042824074074	34
MST60070	23.317372685185184	35
MST60070	23.32431712962963	33
MST60070	23.331261574074073	32
MST60070	23.33820601851852	31.5
MST60070	23.345150462962962	33
MST60070	23.352094907407405	32.5
MST60070	23.35903935185185	32.5
MST60070	23.365983796296298	32.5
MST60070	23.37292824074074	33
MST60070	23.379872685185184	33
MST60070	23.38681712962963	33
MST60070	23.393761574074073	32.5
MST60070	23.40070601851852	32.5
MST60070	23.407650462962962	32.5
MST60070	23.414594907407405	33
MST60070	23.42153935185185	32.5
MST60070	23.428483796296298	32.5
MST60070	23.43542824074074	33
MST60070	23.442372685185184	32.5
MST60070	23.44931712962963	33
MST60070	23.456261574074073	32.5
MST60070	23.46320601851852	32.5
MST60070	23.470150462962962	32.5
MST60070	23.477094907407405	32.5
MST60070	23.48403935185185	32
MST60070	23.490983796296298	31.5
MST60070	23.49792824074074	32
MST60070	23.504872685185184	31.5
MST60070	23.51181712962963	32.5
MST60070	23.518761574074073	32.5
MST60070	23.52570601851852	32.5
MST60070	23.532650462962962	33
MST60070	23.539594907407405	32
MST60070	23.54653935185185	31.5
MST60070	23.553483796296298	31.5
MST60070	23.56042824074074	31
MST60070	23.567372685185184	31
MST60070	23.57431712962963	31
MST60070	23.581261574074073	31
MST60070	23.58820601851852	30.5
MST60070	23.595150462962962	30
MST60070	23.602094907407405	30
MST60070	23.60903935185185	30
MST60070	23.615983796296298	29
MST60070	23.62292824074074	28
MST60070	23.629872685185184	28
MST60070	23.63681712962963	28
MST60070	23.643761574074073	28
MST60070	23.65070601851852	28
MST60070	23.657650462962962	28.5
MST60070	23.664594907407405	28
MST60070	23.67153935185185	28
MST60070	23.678483796296298	28
MST60070	23.68542824074074	27
MST60070	23.692372685185184	26.5
MST60070	23.69931712962963	26
MST60070	23.706261574074073	25.5
MST60070	23.71320601851852	25
MST60070	23.720150462962962	25
MST60070	23.727094907407405	24.5
MST60070	23.73403935185185	24.5
MST60070	23.740983796296298	24.5
MST60070	23.74792824074074	24
MST60070	23.754872685185184	23.5
MST60070	23.76181712962963	23
MST60070	23.768761574074073	23
MST60070	23.77570601851852	22.5
MST60070	23.782650462962962	24
MST60070	23.789594907407405	28.5
MST60070	23.79653935185185	31.5
MST60070	23.803483796296298	32
MST60070	23.81042824074074	32.5
MST60070	23.817372685185184	32.5
MST60070	23.82431712962963	32.5
MST60070	23.831261574074073	32.5
MST60070	23.83820601851852	32.5
MST60070	23.845150462962962	32.5
MST60070	23.852094907407405	32.5
MST60070	23.85903935185185	31.5
MST60070	23.865983796296298	31
MST60070	23.87292824074074	32
MST60070	23.879872685185184	32
MST60070	23.88681712962963	32
MST60070	23.893761574074073	32
MST60070	23.90070601851852	31.5
MST60070	23.907650462962962	32
MST60070	23.914594907407405	32
MST60070	23.92153935185185	32
MST60070	23.928483796296298	31
MST60070	23.93542824074074	31.5
MST60070	23.942372685185184	32
MST60070	23.94931712962963	32
MST60070	23.956261574074073	32
MST60070	23.96320601851852	32
MST60070	23.970150462962962	32
MST60070	23.977094907407405	30.5
MST60070	23.98403935185185	30
MST60070	23.990983796296298	29.5
MST60070	23.99792824074074	29.5
MST60070	24.004872685185184	29
MST60070	24.01181712962963	29.5
MST60070	24.018761574074073	30
MST60070	24.02570601851852	29.5
MST60070	24.032650462962962	29.5
MST60070	24.039594907407405	30
MST60070	24.04653935185185	30
MST60070	24.053483796296298	30
MST60070	24.06042824074074	30
MST60070	24.067372685185184	30.5
MST60070	24.07431712962963	31
MST60070	24.081261574074073	32
MST60070	24.08820601851852	31.5
MST60070	24.095150462962962	31
MST60070	24.102094907407405	33.5
MST60070	24.10903935185185	35
MST60070	24.115983796296298	32
MST60070	24.12292824074074	34
MST60070	24.129872685185184	35
MST60070	24.13681712962963	34
MST60070	24.143761574074073	30
MST60070	24.15070601851852	31.5
MST60070	24.157650462962962	30
MST60070	24.164594907407405	31.5
MST60070	24.17153935185185	34
MST60070	24.178483796296298	31.5
MST60070	24.18542824074074	32
MST60070	24.192372685185184	32.5
MST60070	24.19931712962963	32
MST60070	24.206261574074073	33.5
MST60070	24.21320601851852	34
MST60070	24.220150462962962	31
MST60070	24.227094907407405	33
MST60070	24.23403935185185	34.5
MST60070	24.240983796296298	33
MST60070	24.24792824074074	32
MST60070	24.254872685185184	31.5
MST60070	24.26181712962963	32
MST60070	24.268761574074073	31.5
MST60070	24.27570601851852	31
MST60070	24.282650462962962	31
MST60070	24.289594907407405	32.5
MST60070	24.29653935185185	32
MST60070	24.303483796296298	31.5
MST60070	24.31042824074074	32
MST60070	24.317372685185184	32
MST60070	24.32431712962963	31.5
MST60070	24.331261574074073	32
MST60070	24.33820601851852	32
MST60070	24.345150462962962	32
MST60070	24.352094907407405	32
MST60070	24.35903935185185	31.5
MST60070	24.365983796296298	31
MST60070	24.37292824074074	31.5
MST60070	24.379872685185184	31
MST60070	24.38681712962963	31
MST60070	24.393761574074073	31.5
MST60070	24.40070601851852	31.5
MST60070	24.407650462962962	31.5
MST60070	24.414594907407405	31.5
MST60070	24.42153935185185	31
MST60070	24.428483796296298	31
MST60070	24.43542824074074	31
MST60070	24.442372685185184	31
MST60070	24.44931712962963	30.5
MST60070	24.456261574074073	31.5
MST60070	24.46320601851852	31.5
MST60070	24.470150462962962	31
MST60070	24.477094907407405	31.5
MST60070	24.48403935185185	31
MST60070	24.490983796296298	30.5
MST60070	24.49792824074074	29.5
MST60070	24.504872685185184	30.5
MST60070	24.51181712962963	30.5
MST60070	24.518761574074073	31.5
MST60070	24.52570601851852	32.5
MST60070	24.532650462962962	32
MST60070	24.539594907407405	31
MST60070	24.54653935185185	30.5
MST60070	24.553483796296298	30
MST60070	24.56042824074074	29.5
MST60070	24.567372685185184	29
MST60070	24.57431712962963	29
MST60070	24.581261574074073	29
MST60070	24.58820601851852	29
MST60070	24.595150462962962	28
MST60070	24.602094907407405	27.5
MST60070	24.60903935185185	27.5
MST60070	24.615983796296298	27.5
MST60070	24.62292824074074	27
MST60070	24.629872685185184	26
MST60070	24.63681712962963	25.5
MST60070	24.643761574074073	26
MST60070	24.65070601851852	25
MST60070	24.657650462962962	25
MST60070	24.664594907407405	25
MST60070	24.67153935185185	24.5
MST60070	24.678483796296298	24.5
MST60070	24.68542824074074	24
MST60070	24.692372685185184	24
MST60070	24.69931712962963	23.5
MST60070	24.706261574074073	23.5
MST60070	24.71320601851852	23.5
MST60070	24.720150462962962	23.5
MST60070	24.727094907407405	23.5
MST60070	24.73403935185185	23.5
MST60070	24.740983796296298	23
MST60070	24.74792824074074	22.5
MST60070	24.754872685185184	22.5
MST60070	24.76181712962963	22.5
MST60070	24.768761574074073	22
MST60070	24.77570601851852	22
MST60070	24.782650462962962	22
MST60070	24.789594907407405	22
MST60070	24.79653935185185	21.5
MST60070	24.803483796296298	21.5
MST60070	24.81042824074074	21.5
MST60070	24.817372685185184	21.5
MST60070	24.82431712962963	21.5
MST60070	24.831261574074073	21.5
MST60070	24.83820601851852	22
MST60070	24.845150462962962	22.5
MST60070	24.852094907407405	25
MST60070	24.85903935185185	28.5
MST60070	24.865983796296298	31
MST60070	24.87292824074074	31.5
MST60070	24.879872685185184	32
MST60070	24.88681712962963	32
MST60070	24.893761574074073	32.5
MST60070	24.90070601851852	31.5
MST60070	24.907650462962962	32
MST60070	24.914594907407405	32.5
MST60070	24.92153935185185	32.5
MST60070	24.928483796296298	32
MST60070	24.93542824074074	32.5
MST60070	24.942372685185184	32.5
MST60070	24.94931712962963	32
MST60070	24.956261574074073	31
MST60070	24.96320601851852	31
MST60070	24.970150462962962	30.5
MST60070	24.977094907407405	29.5
MST60070	24.98403935185185	29.5
MST60070	24.990983796296298	30
MST60070	24.99792824074074	30
MST60070	25.004872685185184	29.5
MST60070	25.01181712962963	29
MST60070	25.018761574074073	29
MST60070	25.02570601851852	28.5
MST60070	25.032650462962962	28.5
MST60070	25.039594907407405	29
MST60070	25.04653935185185	30
MST60070	25.053483796296298	30
MST60070	25.06042824074074	30
MST60070	25.067372685185184	31.5
MST60070	25.07431712962963	31
MST60070	25.081261574074073	31.5
MST60070	25.08820601851852	33
MST60070	25.095150462962962	32.5
MST60070	25.102094907407405	31.5
MST60070	25.10903935185185	31.5
MST60070	25.115983796296298	32
MST60070	25.12292824074074	32.5
MST60070	25.129872685185184	35.5
MST60070	25.13681712962963	33
MST60070	25.143761574074073	33.5
MST60070	25.15070601851852	34
MST60070	25.157650462962962	34.5
MST60070	25.164594907407405	33
MST60070	25.17153935185185	32
MST60070	25.178483796296298	32
MST60070	25.18542824074074	34
MST60070	25.192372685185184	35
MST60070	25.19931712962963	34.5
MST60070	25.206261574074073	34.5
MST60070	25.21320601851852	34.5
MST60070	25.220150462962962	34.5
MST60070	25.227094907407405	32
MST60070	25.23403935185185	31.5
MST60070	25.240983796296298	31
MST60070	25.24792824074074	31.5
MST60070	25.254872685185184	33
MST60070	25.26181712962963	34.5
MST60070	25.268761574074073	33.5
MST60070	25.27570601851852	33
MST60070	25.282650462962962	34.5
MST60070	25.289594907407405	32
MST60070	25.29653935185185	35
MST60070	25.303483796296298	33
MST60070	25.31042824074074	31
MST60070	25.317372685185184	31
MST60070	25.32431712962963	31
MST60070	25.331261574074073	31
MST60070	25.33820601851852	31.5
MST60070	25.345150462962962	31.5
MST60070	25.352094907407405	31.5
MST60070	25.35903935185185	31
MST60070	25.365983796296298	31.5
MST60070	25.37292824074074	31
MST60070	25.379872685185184	31
MST60070	25.38681712962963	31
MST60070	25.393761574074073	31.5
MST60070	25.40070601851852	31.5
MST60070	25.407650462962962	31.5
MST60070	25.414594907407405	31
MST60070	25.42153935185185	31
MST60070	25.428483796296298	31
MST60070	25.43542824074074	31
MST60070	25.442372685185184	31
MST60070	25.44931712962963	31
MST60070	25.456261574074073	31
MST60070	25.46320601851852	31
MST60070	25.470150462962962	31
MST60070	25.477094907407405	31
MST60070	25.48403935185185	30.5
MST60070	25.490983796296298	30.5
MST60070	25.49792824074074	29.5
MST60070	25.504872685185184	28.5
MST60070	25.51181712962963	29.5
MST60070	25.518761574074073	29.5
MST60070	25.52570601851852	29.5
MST60070	25.532650462962962	29.5
MST60070	25.539594907407405	28.5
MST60075	16.004872685185184	31.5
MST60075	16.01181712962963	31.5
MST60075	16.018761574074073	31.5
MST60075	16.02570601851852	31
MST60075	16.032650462962962	31.5
MST60075	16.03959490740741	31.5
MST60075	16.04653935185185	30.5
MST60075	16.053483796296295	31
MST60075	16.06042824074074	30.5
MST60075	16.067372685185184	30
MST60075	16.07431712962963	29.5
MST60075	16.081261574074073	31
MST60075	16.08820601851852	31
MST60075	16.095150462962962	31
MST60075	16.10209490740741	30.5
MST60075	16.10903935185185	31.5
MST60075	16.115983796296295	29.5
MST60075	16.12292824074074	29
MST60075	16.129872685185184	30
MST60075	16.13681712962963	33
MST60075	16.143761574074073	33.5
MST60075	16.15070601851852	32
MST60075	16.157650462962962	32.5
MST60075	16.16459490740741	30.5
MST60075	16.17153935185185	33
MST60075	16.178483796296295	33.5
MST60075	16.18542824074074	32.5
MST60075	16.192372685185184	30
MST60075	16.19931712962963	32
MST60075	16.206261574074073	30.5
MST60075	16.21320601851852	32
MST60075	16.220150462962962	30.5
MST60075	16.22709490740741	30
MST60075	16.23403935185185	28.5
MST60075	16.240983796296295	30
MST60075	16.24792824074074	29
MST60075	16.254872685185184	30.5
MST60075	16.26181712962963	30
MST60075	16.268761574074073	31.5
MST60075	16.27570601851852	31.5
MST60075	16.282650462962962	32
MST60075	16.28959490740741	32.5
MST60075	16.29653935185185	32.5
MST60075	16.303483796296295	32
MST60075	16.31042824074074	32.5
MST60075	16.317372685185184	32.5
MST60075	16.32431712962963	32.5
MST60075	16.331261574074073	32
MST60075	16.33820601851852	32.5
MST60075	16.345150462962962	32.5
MST60075	16.35209490740741	33
MST60075	16.35903935185185	33.5
MST60075	16.365983796296295	33.5
MST60075	16.37292824074074	32.5
MST60075	16.379872685185184	33.5
MST60075	16.38681712962963	33
MST60075	16.393761574074073	32.5
MST60075	16.40070601851852	32.5
MST60075	16.407650462962962	32.5
MST60075	16.41459490740741	32.5
MST60075	16.42153935185185	32.5
MST60075	16.428483796296295	32.5
MST60075	16.43542824074074	32.5
MST60075	16.442372685185184	32.5
MST60075	16.44931712962963	32.5
MST60075	16.456261574074073	32.5
MST60075	16.46320601851852	32.5
MST60075	16.470150462962962	33
MST60075	16.47709490740741	33
MST60075	16.48403935185185	33
MST60075	16.490983796296295	33
MST60075	16.49792824074074	32.5
MST60075	16.504872685185184	32.5
MST60075	16.51181712962963	33
MST60075	16.518761574074073	32.5
MST60075	16.52570601851852	32.5
MST60075	16.532650462962962	32
MST60075	16.53959490740741	32
MST60075	16.54653935185185	32
MST60075	16.553483796296295	31.5
MST60075	16.56042824074074	32
MST60075	16.567372685185184	32
MST60075	16.57431712962963	32
MST60075	16.581261574074073	32
MST60075	16.58820601851852	31.5
MST60075	16.595150462962962	32
MST60075	16.60209490740741	32
MST60075	16.60903935185185	32
MST60075	16.615983796296295	32
MST60075	16.62292824074074	32
MST60075	16.629872685185184	32
MST60075	16.63681712962963	32
MST60075	16.643761574074073	31.5
MST60075	16.65070601851852	31.5
MST60075	16.657650462962962	31.5
MST60075	16.66459490740741	31
MST60075	16.67153935185185	31.5
MST60075	16.678483796296295	31.5
MST60075	16.68542824074074	31.5
MST60075	16.692372685185184	32
MST60075	16.69931712962963	31.5
MST60075	16.706261574074073	31
MST60075	16.71320601851852	31.5
MST60075	16.720150462962962	31
MST60075	16.72709490740741	31.5
MST60075	16.73403935185185	31.5
MST60075	16.740983796296295	32
MST60075	16.74792824074074	32
MST60075	16.754872685185184	32
MST60075	16.76181712962963	32
MST60075	16.768761574074073	32
MST60075	16.77570601851852	31.5
MST60075	16.782650462962962	32
MST60075	16.78959490740741	31.5
MST60075	16.79653935185185	32
MST60075	16.803483796296295	31.5
MST60075	16.81042824074074	32
MST60075	16.817372685185184	32
MST60075	16.82431712962963	31
MST60075	16.831261574074073	31
MST60075	16.83820601851852	31.5
MST60075	16.845150462962962	31.5
MST60075	16.85209490740741	31
MST60075	16.85903935185185	31.5
MST60075	16.865983796296295	31.5
MST60075	16.87292824074074	31
MST60075	16.879872685185184	30.5
MST60075	16.88681712962963	30.5
MST60075	16.893761574074073	31
MST60075	16.90070601851852	30.5
MST60075	16.907650462962962	31
MST60075	16.91459490740741	31
MST60075	16.92153935185185	30
MST60075	16.928483796296295	30
MST60075	16.93542824074074	30
MST60075	16.942372685185184	30
MST60075	16.94931712962963	30
MST60075	16.956261574074073	30.5
MST60075	16.96320601851852	30.5
MST60075	16.970150462962962	30.5
MST60075	16.97709490740741	30.5
MST60075	16.98403935185185	30
MST60075	16.990983796296295	30.5
MST60075	16.99792824074074	31
MST60075	17.004872685185184	30.5
MST60075	17.01181712962963	30.5
MST60075	17.018761574074073	31
MST60075	17.02570601851852	31
MST60075	17.032650462962962	32
MST60075	17.03959490740741	31.5
MST60075	17.04653935185185	30.5
MST60075	17.053483796296295	30
MST60075	17.06042824074074	31
MST60075	17.067372685185184	34.5
MST60075	17.07431712962963	32.5
MST60075	17.081261574074073	31
MST60075	17.08820601851852	32.5
MST60075	17.095150462962962	29.5
MST60075	17.10209490740741	32.5
MST60075	17.10903935185185	32.5
MST60075	17.115983796296295	30
MST60075	17.12292824074074	30
MST60075	17.129872685185184	30.5
MST60075	17.13681712962963	32
MST60075	17.143761574074073	33.5
MST60075	17.15070601851852	32
MST60075	17.157650462962962	32
MST60075	17.16459490740741	33
MST60075	17.17153935185185	33
MST60075	17.178483796296295	27.5
MST60075	17.18542824074074	30
MST60075	17.192372685185184	30.5
MST60075	17.19931712962963	31.5
MST60075	17.206261574074073	31.5
MST60075	17.21320601851852	33.5
MST60075	17.220150462962962	33
MST60075	17.22709490740741	32.5
MST60075	17.23403935185185	32.5
MST60075	17.240983796296295	32.5
MST60075	17.24792824074074	32.5
MST60075	17.254872685185184	32.5
MST60075	17.26181712962963	32.5
MST60075	17.268761574074073	32.5
MST60075	17.27570601851852	32.5
MST60075	17.282650462962962	32.5
MST60075	17.28959490740741	32.5
MST60075	17.29653935185185	32.5
MST60075	17.303483796296295	32.5
MST60075	17.31042824074074	32.5
MST60075	17.317372685185184	32.5
MST60075	17.32431712962963	33
MST60075	17.331261574074073	33
MST60075	17.33820601851852	32.5
MST60075	17.345150462962962	33
MST60075	17.35209490740741	33
MST60075	17.35903935185185	32.5
MST60075	17.365983796296295	32.5
MST60075	17.37292824074074	32.5
MST60075	17.379872685185184	32.5
MST60075	17.38681712962963	32.5
MST60075	17.393761574074073	32.5
MST60075	17.40070601851852	32.5
MST60075	17.407650462962962	32
MST60075	17.41459490740741	32.5
MST60075	17.42153935185185	32
MST60075	17.428483796296298	32.5
MST60075	17.43542824074074	32.5
MST60075	17.442372685185184	32.5
MST60075	17.44931712962963	32
MST60075	17.456261574074073	32
MST60075	17.46320601851852	32
MST60075	17.470150462962962	32.5
MST60075	17.47709490740741	32.5
MST60075	17.48403935185185	32.5
MST60075	17.490983796296298	32.5
MST60075	17.49792824074074	32.5
MST60075	17.504872685185184	32.5
MST60075	17.51181712962963	32.5
MST60075	17.518761574074073	32.5
MST60075	17.52570601851852	32.5
MST60075	17.532650462962962	32.5
MST60075	17.53959490740741	32
MST60075	17.54653935185185	32.5
MST60075	17.553483796296298	32.5
MST60075	17.56042824074074	32.5
MST60075	17.567372685185184	32.5
MST60075	17.57431712962963	32.5
MST60075	17.581261574074073	32
MST60075	17.58820601851852	32
MST60075	17.595150462962962	32
MST60075	17.60209490740741	32
MST60075	17.60903935185185	32.5
MST60075	17.615983796296298	32.5
MST60075	17.62292824074074	32
MST60075	17.629872685185184	32
MST60075	17.63681712962963	32.5
MST60075	17.643761574074073	32.5
MST60075	17.65070601851852	32
MST60075	17.657650462962962	32.5
MST60075	17.66459490740741	32.5
MST60075	17.67153935185185	32
MST60075	17.678483796296298	32.5
MST60075	17.68542824074074	32
MST60075	17.692372685185184	32.5
MST60075	17.69931712962963	32.5
MST60075	17.706261574074073	32.5
MST60075	17.71320601851852	32.5
MST60075	17.720150462962962	33
MST60075	17.72709490740741	32.5
MST60075	17.73403935185185	32.5
MST60075	17.740983796296298	33
MST60075	17.74792824074074	33
MST60075	17.754872685185184	32.5
MST60075	17.76181712962963	32
MST60075	17.768761574074073	32
MST60075	17.77570601851852	31.5
MST60075	17.782650462962962	32.5
MST60075	17.78959490740741	32
MST60075	17.79653935185185	32.5
MST60075	17.803483796296298	32.5
MST60075	17.81042824074074	33
MST60075	17.817372685185184	32.5
MST60075	17.82431712962963	32
MST60075	17.831261574074073	32
MST60075	17.83820601851852	31.5
MST60075	17.845150462962962	31
MST60075	17.85209490740741	30.5
MST60075	17.85903935185185	30.5
MST60075	17.865983796296298	30
MST60075	17.87292824074074	30
MST60075	17.879872685185184	29.5
MST60075	17.88681712962963	29.5
MST60075	17.893761574074073	29
MST60075	17.90070601851852	29
MST60075	17.907650462962962	28.5
MST60075	17.91459490740741	28.5
MST60075	17.92153935185185	28
MST60075	17.928483796296298	28
MST60075	17.93542824074074	28
MST60075	17.942372685185184	29
MST60075	17.94931712962963	29
MST60075	17.956261574074073	29
MST60075	17.96320601851852	29.5
MST60075	17.970150462962962	30
MST60075	17.97709490740741	30.5
MST60075	17.98403935185185	31
MST60075	17.990983796296298	31
MST60075	17.99792824074074	31
MST60075	18.004872685185184	31
MST60075	18.01181712962963	32
MST60075	18.018761574074073	32
MST60075	18.02570601851852	31
MST60075	18.032650462962962	30.5
MST60075	18.03959490740741	31
MST60075	18.04653935185185	30.5
MST60075	18.053483796296298	30.5
MST60075	18.06042824074074	34
MST60075	18.067372685185184	33.5
MST60075	18.07431712962963	33
MST60075	18.081261574074073	33
MST60075	18.08820601851852	30.5
MST60075	18.095150462962962	31.5
MST60075	18.10209490740741	30
MST60075	18.10903935185185	31.5
MST60075	18.115983796296298	33
MST60075	18.12292824074074	32.5
MST60075	18.129872685185184	31
MST60075	18.13681712962963	31.5
MST60075	18.143761574074073	30
MST60075	18.15070601851852	33.5
MST60075	18.157650462962962	34
MST60075	18.16459490740741	32
MST60075	18.17153935185185	30
MST60075	18.178483796296298	31.5
MST60075	18.18542824074074	32
MST60075	18.192372685185184	31.5
MST60075	18.19931712962963	32.5
MST60075	18.206261574074073	32
MST60075	18.21320601851852	31
MST60075	18.220150462962962	31.5
MST60075	18.22709490740741	31.5
MST60075	18.23403935185185	32
MST60075	18.240983796296298	32
MST60075	18.24792824074074	32
MST60075	18.254872685185184	32.5
MST60075	18.26181712962963	32.5
MST60075	18.268761574074073	32
MST60075	18.27570601851852	32
MST60075	18.282650462962962	32.5
MST60075	18.28959490740741	32.5
MST60075	18.29653935185185	32.5
MST60075	18.303483796296298	32.5
MST60075	18.31042824074074	32.5
MST60075	18.317372685185184	32.5
MST60075	18.32431712962963	32.5
MST60075	18.331261574074073	32
MST60075	18.33820601851852	32.5
MST60075	18.345150462962962	32.5
MST60075	18.35209490740741	32
MST60075	18.35903935185185	32
MST60075	18.365983796296298	32
MST60075	18.37292824074074	32.5
MST60075	18.379872685185184	32
MST60075	18.38681712962963	32
MST60075	18.393761574074073	32.5
MST60075	18.40070601851852	32.5
MST60075	18.407650462962962	32
MST60075	18.41459490740741	32
MST60075	18.42153935185185	32
MST60075	18.428483796296298	31.5
MST60075	18.43542824074074	31.5
MST60075	18.442372685185184	31.5
MST60075	18.44931712962963	31
MST60075	18.456261574074073	31
MST60075	18.46320601851852	31
MST60075	18.470150462962962	31
MST60075	18.47709490740741	31.5
MST60075	18.48403935185185	32
MST60075	18.490983796296298	32.5
MST60075	18.49792824074074	32
MST60075	18.504872685185184	32
MST60075	18.51181712962963	32
MST60075	18.518761574074073	32
MST60075	18.52570601851852	32
MST60075	18.532650462962962	32
MST60075	18.53959490740741	32.5
MST60075	18.54653935185185	32.5
MST60075	18.553483796296298	32.5
MST60075	18.56042824074074	32.5
MST60075	18.567372685185184	32.5
MST60075	18.57431712962963	32.5
MST60075	18.581261574074073	31.5
MST60075	18.58820601851852	31.5
MST60075	18.595150462962962	32
MST60075	18.60209490740741	32
MST60075	18.60903935185185	32
MST60075	18.615983796296298	32
MST60075	18.62292824074074	32.5
MST60075	18.629872685185184	32.5
MST60075	18.63681712962963	32.5
MST60075	18.643761574074073	32.5
MST60075	18.65070601851852	32.5
MST60075	18.657650462962962	32
MST60075	18.66459490740741	32
MST60075	18.67153935185185	32
MST60075	18.678483796296298	32
MST60075	18.68542824074074	32
MST60075	18.692372685185184	32
MST60075	18.69931712962963	32
MST60075	18.706261574074073	32.5
MST60075	18.71320601851852	32
MST60075	18.720150462962962	32
MST60075	18.72709490740741	32.5
MST60075	18.73403935185185	32
MST60075	18.740983796296298	32
MST60075	18.74792824074074	32
MST60075	18.754872685185184	31.5
MST60075	18.76181712962963	31
MST60075	18.768761574074073	31
MST60075	18.77570601851852	31.5
MST60075	18.782650462962962	31
MST60075	18.78959490740741	30.5
MST60075	18.79653935185185	30
MST60075	18.803483796296298	29.5
MST60075	18.81042824074074	33
MST60075	18.817372685185184	32.5
MST60075	18.82431712962963	32
MST60075	18.831261574074073	31.5
MST60075	18.83820601851852	31
MST60075	18.845150462962962	30
MST60075	18.852094907407405	29.5
MST60075	18.85903935185185	28.5
MST60075	18.865983796296295	28
MST60075	18.87292824074074	27.5
MST60075	18.879872685185184	27
MST60075	18.88681712962963	27
MST60075	18.893761574074073	26.5
MST60075	18.90070601851852	26
MST60075	18.907650462962962	25.5
MST60075	18.914594907407405	25
MST60075	18.92153935185185	25
MST60075	18.928483796296295	25
MST60075	18.93542824074074	25
MST60075	18.942372685185184	25
MST60075	18.94931712962963	26
MST60075	18.956261574074073	27.5
MST60075	18.96320601851852	27.5
MST60075	18.970150462962962	28.5
MST60075	18.977094907407405	29
MST60075	18.98403935185185	30
MST60075	18.990983796296295	31
MST60075	18.99792824074074	31
MST60075	19.004872685185184	31.5
MST60075	19.01181712962963	31.5
MST60075	19.018761574074073	31.5
MST60075	19.02570601851852	31.5
MST60075	19.032650462962962	31
MST60075	19.039594907407405	30.5
MST60075	19.04653935185185	31.5
MST60075	19.053483796296295	32.5
MST60075	19.06042824074074	32.5
MST60075	19.067372685185184	32
MST60075	19.07431712962963	31.5
MST60075	19.081261574074073	32.5
MST60075	19.08820601851852	33
MST60075	19.095150462962962	31.5
MST60075	19.102094907407405	32.5
MST60075	19.10903935185185	32
MST60075	19.115983796296295	32
MST60075	19.12292824074074	31
MST60075	19.129872685185184	33
MST60075	19.13681712962963	32.5
MST60075	19.143761574074073	32
MST60075	19.15070601851852	32
MST60075	19.157650462962962	31.5
MST60075	19.164594907407405	30.5
MST60075	19.17153935185185	31.5
MST60075	19.178483796296295	33
MST60075	19.18542824074074	31
MST60075	19.192372685185184	32
MST60075	19.19931712962963	32.5
MST60075	19.206261574074073	33.5
MST60075	19.21320601851852	31.5
MST60075	19.220150462962962	30.5
MST60075	19.227094907407405	31
MST60075	19.23403935185185	31
MST60075	19.240983796296295	30.5
MST60075	19.24792824074074	31.5
MST60075	19.254872685185184	31.5
MST60075	19.26181712962963	31.5
MST60075	19.268761574074073	31
MST60075	19.27570601851852	31.5
MST60075	19.282650462962962	31.5
MST60075	19.289594907407405	32
MST60075	19.29653935185185	31.5
MST60075	19.303483796296295	32
MST60075	19.31042824074074	32.5
MST60075	19.317372685185184	33
MST60075	19.32431712962963	33
MST60075	19.331261574074073	32.5
MST60075	19.33820601851852	32
MST60075	19.345150462962962	32
MST60075	19.352094907407405	32
MST60075	19.35903935185185	32
MST60075	19.365983796296295	33.5
MST60075	19.37292824074074	33
MST60075	19.379872685185184	34
MST60075	19.38681712962963	35
MST60075	19.393761574074073	34.5
MST60075	19.40070601851852	34.5
MST60075	19.407650462962962	33.5
MST60075	19.414594907407405	33.5
MST60075	19.42153935185185	34
MST60075	19.428483796296295	34
MST60075	19.43542824074074	34
MST60075	19.442372685185184	33.5
MST60075	19.44931712962963	34
MST60075	19.456261574074073	33.5
MST60075	19.46320601851852	33.5
MST60075	19.470150462962962	33
MST60075	19.477094907407405	33.5
MST60075	19.48403935185185	33
MST60075	19.490983796296295	32.5
MST60075	19.49792824074074	32.5
MST60075	19.504872685185184	33
MST60075	19.51181712962963	33
MST60075	19.518761574074073	32
MST60075	19.52570601851852	32
MST60075	19.532650462962962	32.5
MST60075	19.539594907407405	32
MST60075	19.54653935185185	32.5
MST60075	19.553483796296295	33
MST60075	19.56042824074074	33
MST60075	19.567372685185184	32.5
MST60075	19.57431712962963	31.5
MST60075	19.581261574074073	31
MST60075	19.58820601851852	31
MST60075	19.595150462962962	30.5
MST60075	19.602094907407405	31.5
MST60075	19.60903935185185	32.5
MST60075	19.615983796296295	32.5
MST60075	19.62292824074074	32.5
MST60075	19.629872685185184	32.5
MST60075	19.63681712962963	32
MST60075	19.643761574074073	31.5
MST60075	19.65070601851852	31.5
MST60075	19.657650462962962	31.5
MST60075	19.664594907407405	32
MST60075	19.67153935185185	31.5
MST60075	19.678483796296295	31.5
MST60075	19.68542824074074	31
MST60075	19.692372685185184	31
MST60075	19.69931712962963	31.5
MST60075	19.706261574074073	32.5
MST60075	19.71320601851852	32
MST60075	19.720150462962962	31
MST60075	19.727094907407405	31
MST60075	19.73403935185185	31
MST60075	19.740983796296295	30.5
MST60075	19.74792824074074	30
MST60075	19.754872685185184	30
MST60075	19.76181712962963	30.5
MST60075	19.768761574074073	30.5
MST60075	19.77570601851852	30.5
MST60075	19.782650462962962	30.5
MST60075	19.789594907407405	30
MST60075	19.79653935185185	29.5
MST60075	19.803483796296295	30
MST60075	19.81042824074074	30
MST60075	19.817372685185184	29.5
MST60075	19.82431712962963	30
MST60075	19.831261574074073	30
MST60075	19.83820601851852	29.5
MST60075	19.845150462962962	29.5
MST60075	19.852094907407405	29.5
MST60075	19.85903935185185	29.5
MST60075	19.865983796296295	29.5
MST60075	19.87292824074074	30
MST60075	19.879872685185184	29
MST60075	19.88681712962963	28.5
MST60075	19.893761574074073	28.5
MST60075	19.90070601851852	29
MST60075	19.907650462962962	30.5
MST60075	19.914594907407405	33
MST60075	19.92153935185185	33
MST60075	19.928483796296295	32.5
MST60075	19.93542824074074	32
MST60075	19.942372685185184	31.5
MST60075	19.94931712962963	31.5
MST60075	19.956261574074073	31
MST60075	19.96320601851852	31
MST60075	19.970150462962962	31
MST60075	19.977094907407405	31
MST60075	19.98403935185185	30.5
MST60075	19.990983796296295	30.5
MST60075	19.99792824074074	31
MST60075	20.004872685185184	30.5
MST60075	20.01181712962963	31
MST60075	20.018761574074073	31.5
MST60075	20.02570601851852	33
MST60075	20.032650462962962	32
MST60075	20.039594907407405	32
MST60075	20.04653935185185	33
MST60075	20.053483796296298	32.5
MST60075	20.06042824074074	32
MST60075	20.067372685185184	32
MST60075	20.07431712962963	32.5
MST60075	20.081261574074073	32
MST60075	20.08820601851852	32.5
MST60075	20.095150462962962	31.5
MST60075	20.102094907407405	31
MST60075	20.10903935185185	33
MST60075	20.115983796296298	31.5
MST60075	20.12292824074074	31.5
MST60075	20.129872685185184	33
MST60075	20.13681712962963	34.5
MST60075	20.143761574074073	32
MST60075	20.15070601851852	32
MST60075	20.157650462962962	32.5
MST60075	20.164594907407405	31
MST60075	20.17153935185185	31.5
MST60075	20.178483796296298	32.5
MST60075	20.18542824074074	32.5
MST60075	20.192372685185184	32.5
MST60075	20.19931712962963	33
MST60075	20.206261574074073	33.5
MST60075	20.21320601851852	31
MST60075	20.220150462962962	33.5
MST60075	20.227094907407405	31
MST60075	20.23403935185185	32.5
MST60075	20.240983796296298	32
MST60075	20.24792824074074	32.5
MST60075	20.254872685185184	33
MST60075	20.26181712962963	33.5
MST60075	20.268761574074073	33
MST60075	20.27570601851852	33.5
MST60075	20.282650462962962	33.5
MST60075	20.289594907407405	33.5
MST60075	20.29653935185185	33.5
MST60075	20.303483796296298	33
MST60075	20.31042824074074	33
MST60075	20.317372685185184	33
MST60075	20.32431712962963	33
MST60075	20.331261574074073	32.5
MST60075	20.33820601851852	33
MST60075	20.345150462962962	32.5
MST60075	20.352094907407405	32.5
MST60075	20.35903935185185	32.5
MST60075	20.365983796296298	32.5
MST60075	20.37292824074074	32.5
MST60075	20.379872685185184	32.5
MST60075	20.38681712962963	32.5
MST60075	20.393761574074073	32.5
MST60075	20.40070601851852	32.5
MST60075	20.407650462962962	32.5
MST60075	20.414594907407405	32.5
MST60075	20.42153935185185	32.5
MST60075	20.428483796296298	32.5
MST60075	20.43542824074074	32.5
MST60075	20.442372685185184	32.5
MST60075	20.44931712962963	32.5
MST60075	20.456261574074073	32.5
MST60075	20.46320601851852	32
MST60075	20.470150462962962	32.5
MST60075	20.477094907407405	32.5
MST60075	20.48403935185185	32.5
MST60075	20.490983796296298	32.5
MST60075	20.49792824074074	33
MST60075	20.504872685185184	33
MST60075	20.51181712962963	32.5
MST60075	20.518761574074073	32.5
MST60075	20.52570601851852	32.5
MST60075	20.532650462962962	33
MST60075	20.539594907407405	33
MST60075	20.54653935185185	33
MST60075	20.553483796296298	33
MST60075	20.56042824074074	33
MST60075	20.567372685185184	33.5
MST60075	20.57431712962963	33
MST60075	20.581261574074073	33
MST60075	20.58820601851852	32.5
MST60075	20.595150462962962	32.5
MST60075	20.602094907407405	32.5
MST60075	20.60903935185185	32.5
MST60075	20.615983796296298	32.5
MST60075	20.62292824074074	32.5
MST60075	20.629872685185184	32
MST60075	20.63681712962963	32
MST60075	20.643761574074073	32
MST60075	20.65070601851852	32.5
MST60075	20.657650462962962	32
MST60075	20.664594907407405	31.5
MST60075	20.67153935185185	30.5
MST60075	20.678483796296298	31
MST60075	20.68542824074074	31.5
MST60075	20.692372685185184	32
MST60075	20.69931712962963	32.5
MST60075	20.706261574074073	32
MST60075	20.71320601851852	32.5
MST60075	20.720150462962962	32.5
MST60075	20.727094907407405	32.5
MST60075	20.73403935185185	32
MST60075	20.740983796296298	32.5
MST60075	20.74792824074074	32.5
MST60075	20.754872685185184	32
MST60075	20.76181712962963	32
MST60075	20.768761574074073	32.5
MST60075	20.77570601851852	33
MST60075	20.782650462962962	33
MST60075	20.789594907407405	33
MST60075	20.79653935185185	32.5
MST60075	20.803483796296298	33
MST60075	20.81042824074074	34
MST60075	20.817372685185184	33.5
MST60075	20.82431712962963	33
MST60075	20.831261574074073	33
MST60075	20.83820601851852	32.5
MST60075	20.845150462962962	32.5
MST60075	20.852094907407405	32
MST60075	20.85903935185185	31.5
MST60075	20.865983796296298	32
MST60075	20.87292824074074	31.5
MST60075	20.879872685185184	31
MST60075	20.88681712962963	30.5
MST60075	20.893761574074073	29.5
MST60075	20.90070601851852	29
MST60075	20.907650462962962	29.5
MST60075	20.914594907407405	29.5
MST60075	20.92153935185185	29.5
MST60075	20.928483796296298	30
MST60075	20.93542824074074	30
MST60075	20.942372685185184	30
MST60075	20.94931712962963	30
MST60075	20.956261574074073	30
MST60075	20.96320601851852	30.5
MST60075	20.970150462962962	30.5
MST60075	20.977094907407405	30
MST60075	20.98403935185185	30
MST60075	20.990983796296298	30.5
MST60075	20.99792824074074	31
MST60075	21.004872685185184	31
MST60075	21.01181712962963	32
MST60075	21.018761574074073	33.5
MST60075	21.02570601851852	31.5
MST60075	21.032650462962962	31.5
MST60075	21.039594907407405	33.5
MST60075	21.04653935185185	34.5
MST60075	21.053483796296298	33.5
MST60075	21.06042824074074	32.5
MST60075	21.067372685185184	34
MST60075	21.07431712962963	32.5
MST60075	21.081261574074073	32
MST60075	21.08820601851852	32.5
MST60075	21.095150462962962	32
MST60075	21.102094907407405	32.5
MST60075	21.10903935185185	32
MST60075	21.115983796296298	32.5
MST60075	21.12292824074074	32
MST60075	21.129872685185184	31.5
MST60075	21.13681712962963	31.5
MST60075	21.143761574074073	31.5
MST60075	21.15070601851852	31
MST60075	21.157650462962962	31
MST60075	21.164594907407405	31.5
MST60075	21.17153935185185	32
MST60075	21.178483796296298	33.5
MST60075	21.18542824074074	32.5
MST60075	21.192372685185184	32.5
MST60075	21.19931712962963	32
MST60075	21.206261574074073	32
MST60075	21.21320601851852	32.5
MST60075	21.220150462962962	32.5
MST60075	21.227094907407405	32
MST60075	21.23403935185185	32.5
MST60075	21.240983796296298	32
MST60075	21.24792824074074	32.5
MST60075	21.254872685185184	31.5
MST60075	21.26181712962963	31
MST60075	21.268761574074073	32.5
MST60075	21.27570601851852	31.5
MST60075	21.282650462962962	31.5
MST60075	21.289594907407405	32.5
MST60075	21.29653935185185	33.5
MST60075	21.303483796296298	31
MST60075	21.31042824074074	33.5
MST60075	21.317372685185184	31.5
MST60075	21.32431712962963	32.5
MST60075	21.331261574074073	32.5
MST60075	21.33820601851852	34
MST60075	21.345150462962962	33.5
MST60075	21.352094907407405	34
MST60075	21.35903935185185	34
MST60075	21.365983796296298	33
MST60075	21.37292824074074	31.5
MST60075	21.379872685185184	32
MST60075	21.38681712962963	33
MST60075	21.393761574074073	33.5
MST60075	21.40070601851852	33.5
MST60075	21.407650462962962	33.5
MST60075	21.414594907407405	33.5
MST60075	21.42153935185185	34
MST60075	21.428483796296298	33.5
MST60075	21.43542824074074	34
MST60075	21.442372685185184	33.5
MST60075	21.44931712962963	34
MST60075	21.456261574074073	33.5
MST60075	21.46320601851852	34
MST60075	21.470150462962962	34
MST60075	21.477094907407405	34
MST60075	21.48403935185185	33.5
MST60075	21.490983796296298	33.5
MST60075	21.49792824074074	33.5
MST60075	21.504872685185184	34
MST60075	21.51181712962963	33
MST60075	21.518761574074073	33.5
MST60075	21.52570601851852	33.5
MST60075	21.532650462962962	33.5
MST60075	21.539594907407405	33.5
MST60075	21.54653935185185	33.5
MST60075	21.553483796296298	33.5
MST60075	21.56042824074074	33.5
MST60075	21.567372685185184	33
MST60075	21.57431712962963	33
MST60075	21.581261574074073	33
MST60075	21.58820601851852	33
MST60075	21.595150462962962	33
MST60075	21.602094907407405	32.5
MST60075	21.60903935185185	32.5
MST60075	21.615983796296298	32.5
MST60075	21.62292824074074	32.5
MST60075	21.629872685185184	32.5
MST60075	21.63681712962963	32.5
MST60075	21.643761574074073	32
MST60075	21.65070601851852	32.5
MST60075	21.657650462962962	32.5
MST60075	21.664594907407405	32.5
MST60075	21.67153935185185	32.5
MST60075	21.678483796296298	32.5
MST60075	21.68542824074074	32.5
MST60075	21.692372685185184	32.5
MST60075	21.69931712962963	32
MST60075	21.706261574074073	32
MST60075	21.71320601851852	32
MST60075	21.720150462962962	32.5
MST60075	21.727094907407405	32
MST60075	21.73403935185185	32
MST60075	21.740983796296298	32.5
MST60075	21.74792824074074	31.5
MST60075	21.754872685185184	32
MST60075	21.76181712962963	32
MST60075	21.768761574074073	31.5
MST60075	21.77570601851852	32
MST60075	21.782650462962962	32.5
MST60075	21.789594907407405	32
MST60075	21.79653935185185	31
MST60075	21.803483796296298	32
MST60075	21.81042824074074	31.5
MST60075	21.817372685185184	32.5
MST60075	21.82431712962963	32
MST60075	21.831261574074073	31.5
MST60075	21.83820601851852	32
MST60075	21.845150462962962	32
MST60075	21.852094907407405	31.5
MST60075	21.85903935185185	31.5
MST60075	21.865983796296298	32
MST60075	21.87292824074074	31.5
MST60075	21.879872685185184	31.5
MST60075	21.88681712962963	32
MST60075	21.893761574074073	31.5
MST60075	21.90070601851852	31
MST60075	21.907650462962962	31
MST60075	21.914594907407405	30.5
MST60075	21.92153935185185	30.5
MST60075	21.928483796296298	30
MST60075	21.93542824074074	29.5
MST60075	21.942372685185184	29
MST60075	21.94931712962963	28.5
MST60075	21.956261574074073	27.5
MST60075	21.96320601851852	27
MST60075	21.970150462962962	26.5
MST60075	21.977094907407405	27
MST60075	21.98403935185185	27.5
MST60075	21.990983796296298	27
MST60075	21.99792824074074	27
MST60075	22.004872685185184	27
MST60075	22.01181712962963	28
MST60075	22.018761574074073	31
MST60075	22.02570601851852	31
MST60075	22.032650462962962	30.5
MST60075	22.039594907407405	31
MST60075	22.04653935185185	33.5
MST60075	22.053483796296298	32.5
MST60075	22.06042824074074	33
MST60075	22.067372685185184	32.5
MST60075	22.07431712962963	32.5
MST60075	22.081261574074073	32
MST60075	22.08820601851852	32
MST60075	22.095150462962962	32
MST60075	22.102094907407405	32
MST60075	22.10903935185185	31.5
MST60075	22.115983796296298	32
MST60075	22.12292824074074	32
MST60075	22.129872685185184	32
MST60075	22.13681712962963	32.5
MST60075	22.143761574074073	32
MST60075	22.15070601851852	32
MST60075	22.157650462962962	32
MST60075	22.164594907407405	32
MST60075	22.17153935185185	33.5
MST60075	22.178483796296298	33
MST60075	22.18542824074074	32
MST60075	22.192372685185184	32
MST60075	22.19931712962963	32.5
MST60075	22.206261574074073	32.5
MST60075	22.21320601851852	33.5
MST60075	22.220150462962962	33
MST60075	22.227094907407405	33.5
MST60075	22.23403935185185	34.5
MST60075	22.240983796296298	33
MST60075	22.24792824074074	32
MST60075	22.254872685185184	31.5
MST60075	22.26181712962963	32
MST60075	22.268761574074073	33
MST60075	22.27570601851852	32
MST60075	22.282650462962962	31
MST60075	22.289594907407405	31.5
MST60075	22.29653935185185	32.5
MST60075	22.303483796296298	33.5
MST60075	22.31042824074074	32
MST60075	22.317372685185184	31
MST60075	22.32431712962963	32
MST60075	22.331261574074073	34
MST60075	22.33820601851852	34
MST60075	22.345150462962962	33
MST60075	22.352094907407405	31
MST60075	22.35903935185185	32.5
MST60075	22.365983796296298	32.5
MST60075	22.37292824074074	32.5
MST60075	22.379872685185184	32
MST60075	22.38681712962963	32
MST60075	22.393761574074073	32
MST60075	22.40070601851852	31.5
MST60075	22.407650462962962	31.5
MST60075	22.414594907407405	31.5
MST60075	22.42153935185185	30.5
MST60075	22.428483796296298	33
MST60075	22.43542824074074	32.5
MST60075	22.442372685185184	32.5
MST60075	22.44931712962963	32.5
MST60075	22.456261574074073	32
MST60075	22.46320601851852	32
MST60075	22.470150462962962	33
MST60075	22.477094907407405	33.5
MST60075	22.48403935185185	32.5
MST60075	22.490983796296298	32.5
MST60075	22.49792824074074	32.5
MST60075	22.504872685185184	32.5
MST60075	22.51181712962963	32.5
MST60075	22.518761574074073	32.5
MST60075	22.52570601851852	32.5
MST60075	22.532650462962962	32
MST60075	22.539594907407405	32
MST60075	22.54653935185185	32
MST60075	22.553483796296298	32
MST60075	22.56042824074074	32
MST60075	22.567372685185184	32
MST60075	22.57431712962963	32
MST60075	22.581261574074073	32
MST60075	22.58820601851852	32
MST60075	22.595150462962962	31.5
MST60075	22.602094907407405	31
MST60075	22.60903935185185	31
MST60075	22.615983796296298	31
MST60075	22.62292824074074	31
MST60075	22.629872685185184	31
MST60075	22.63681712962963	31
MST60075	22.643761574074073	29.5
MST60075	22.65070601851852	29
MST60075	22.657650462962962	29.5
MST60075	22.664594907407405	30
MST60075	22.67153935185185	29.5
MST60075	22.678483796296298	28.5
MST60075	22.68542824074074	28.5
MST60075	22.692372685185184	27.5
MST60075	22.69931712962963	27
MST60075	22.706261574074073	27.5
MST60075	22.71320601851852	27.5
MST60075	22.720150462962962	27.5
MST60075	22.727094907407405	27.5
MST60075	22.73403935185185	31.5
MST60075	22.740983796296298	31.5
MST60075	22.74792824074074	32.5
MST60075	22.754872685185184	32
MST60075	22.76181712962963	32
MST60075	22.768761574074073	32.5
MST60075	22.77570601851852	32
MST60075	22.782650462962962	32
MST60075	22.789594907407405	32.5
MST60075	22.79653935185185	32
MST60075	22.803483796296298	31.5
MST60075	22.81042824074074	32.5
MST60075	22.817372685185184	32.5
MST60075	22.82431712962963	32
MST60075	22.831261574074073	32
MST60075	22.83820601851852	32
MST60075	22.845150462962962	32
MST60075	22.852094907407405	32
MST60075	22.85903935185185	32
MST60075	22.865983796296298	32
MST60075	22.87292824074074	32.5
MST60075	22.879872685185184	32
MST60075	22.88681712962963	31.5
MST60075	22.893761574074073	31
MST60075	22.90070601851852	31
MST60075	22.907650462962962	30.5
MST60075	22.914594907407405	29.5
MST60075	22.92153935185185	30
MST60075	22.928483796296298	31
MST60075	22.93542824074074	31.5
MST60075	22.942372685185184	32
MST60075	22.94931712962963	32
MST60075	22.956261574074073	32
MST60075	22.96320601851852	31.5
MST60075	22.970150462962962	31
MST60075	22.977094907407405	31.5
MST60075	22.98403935185185	31
MST60075	22.990983796296298	31
MST60075	22.99792824074074	30
MST60075	23.004872685185184	29.5
MST60075	23.01181712962963	29
MST60075	23.018761574074073	28.5
MST60075	23.02570601851852	27.5
MST60075	23.032650462962962	27
MST60075	23.039594907407405	27
MST60075	23.04653935185185	27
MST60075	23.053483796296298	27.5
MST60075	23.06042824074074	30
MST60075	23.067372685185184	31
MST60075	23.07431712962963	30.5
MST60075	23.081261574074073	31
MST60075	23.08820601851852	30.5
MST60075	23.095150462962962	31.5
MST60075	23.102094907407405	32.5
MST60075	23.10903935185185	31.5
MST60075	23.115983796296298	33.5
MST60075	23.12292824074074	31.5
MST60075	23.129872685185184	31.5
MST60075	23.13681712962963	30
MST60075	23.143761574074073	31
MST60075	23.15070601851852	31
MST60075	23.157650462962962	31
MST60075	23.164594907407405	33
MST60075	23.17153935185185	33
MST60075	23.178483796296298	34
MST60075	23.18542824074074	31
MST60075	23.192372685185184	30.5
MST60075	23.19931712962963	31
MST60075	23.206261574074073	30
MST60075	23.21320601851852	30.5
MST60075	23.220150462962962	31.5
MST60075	23.227094907407405	31
MST60075	23.23403935185185	32.5
MST60075	23.240983796296298	33.5
MST60075	23.24792824074074	33
MST60075	23.254872685185184	34
MST60075	23.26181712962963	33.5
MST60075	23.268761574074073	33.5
MST60075	23.27570601851852	31
MST60075	23.282650462962962	31
MST60075	23.289594907407405	31
MST60075	23.29653935185185	32
MST60075	23.303483796296298	32
MST60075	23.31042824074074	32
MST60075	23.317372685185184	31.5
MST60075	23.32431712962963	31.5
MST60075	23.331261574074073	31.5
MST60075	23.33820601851852	31
MST60075	23.345150462962962	31.5
MST60075	23.352094907407405	31.5
MST60075	23.35903935185185	31.5
MST60075	23.365983796296298	31
MST60075	23.37292824074074	31
MST60075	23.379872685185184	31
MST60075	23.38681712962963	30.5
MST60075	23.393761574074073	31
MST60075	23.40070601851852	31
MST60075	23.407650462962962	31.5
MST60075	23.414594907407405	31
MST60075	23.42153935185185	31.5
MST60075	23.428483796296298	31
MST60075	23.43542824074074	31
MST60075	23.442372685185184	31
MST60075	23.44931712962963	30.5
MST60075	23.456261574074073	30.5
MST60075	23.46320601851852	30
MST60075	23.470150462962962	32
MST60075	23.477094907407405	32
MST60075	23.48403935185185	32
MST60075	23.490983796296298	31.5
MST60075	23.49792824074074	31.5
MST60075	23.504872685185184	31
MST60075	23.51181712962963	30
MST60075	23.518761574074073	29.5
MST60075	23.52570601851852	29
MST60075	23.532650462962962	29
MST60075	23.539594907407405	28.5
MST60075	23.54653935185185	28
MST60075	23.553483796296298	27.5
MST60075	23.56042824074074	27
MST60075	23.567372685185184	27
MST60075	23.57431712962963	26.5
MST60075	23.581261574074073	26
MST60075	23.58820601851852	26
MST60075	23.595150462962962	26
MST60075	23.602094907407405	25.5
MST60075	23.60903935185185	25.5
MST60075	23.615983796296298	25
MST60075	23.62292824074074	25
MST60075	23.629872685185184	24.5
MST60075	23.63681712962963	24
MST60075	23.643761574074073	24
MST60075	23.65070601851852	23.5
MST60075	23.657650462962962	23
MST60075	23.664594907407405	23
MST60075	23.67153935185185	23
MST60075	23.678483796296298	23
MST60075	23.68542824074074	22.5
MST60075	23.692372685185184	22.5
MST60075	23.69931712962963	22.5
MST60075	23.706261574074073	22
MST60075	23.71320601851852	22
MST60075	23.720150462962962	21.5
MST60075	23.727094907407405	21.5
MST60075	23.73403935185185	21.5
MST60075	23.740983796296298	25.5
MST60075	23.74792824074074	31
MST60075	23.754872685185184	32
MST60075	23.76181712962963	32.5
MST60075	23.768761574074073	32.5
MST60075	23.77570601851852	33
MST60075	23.782650462962962	32.5
MST60075	23.789594907407405	32.5
MST60075	23.79653935185185	32.5
MST60075	23.803483796296298	33
MST60075	23.81042824074074	33
MST60075	23.817372685185184	33
MST60075	23.82431712962963	33
MST60075	23.831261574074073	33
MST60075	23.83820601851852	32.5
MST60075	23.845150462962962	33
MST60075	23.852094907407405	33
MST60075	23.85903935185185	32
MST60075	23.865983796296298	32.5
MST60075	23.87292824074074	32
MST60075	23.879872685185184	32
MST60075	23.88681712962963	32
MST60075	23.893761574074073	32
MST60075	23.90070601851852	31.5
MST60075	23.907650462962962	31.5
MST60075	23.914594907407405	31.5
MST60075	23.92153935185185	31.5
MST60075	23.928483796296298	31.5
MST60075	23.93542824074074	31
MST60075	23.942372685185184	30
MST60075	23.94931712962963	29
MST60075	23.956261574074073	28.5
MST60075	23.96320601851852	27.5
MST60075	23.970150462962962	27
MST60075	23.977094907407405	26.5
MST60075	23.98403935185185	26
MST60075	23.990983796296298	25.5
MST60075	23.99792824074074	26
MST60075	24.004872685185184	29
MST60075	24.01181712962963	30
MST60075	24.018761574074073	30
MST60075	24.02570601851852	30.5
MST60075	24.032650462962962	31
MST60075	24.039594907407405	31.5
MST60075	24.04653935185185	32
MST60075	24.053483796296298	31.5
MST60075	24.06042824074074	31.5
MST60075	24.067372685185184	33
MST60075	24.07431712962963	33
MST60075	24.081261574074073	33.5
MST60075	24.08820601851852	32.5
MST60075	24.095150462962962	30.5
MST60075	24.102094907407405	31.5
MST60075	24.10903935185185	31.5
MST60075	24.115983796296298	31.5
MST60075	24.12292824074074	32
MST60075	24.129872685185184	31.5
MST60075	24.13681712962963	32
MST60075	24.143761574074073	33
MST60075	24.15070601851852	33
MST60075	24.157650462962962	33.5
MST60075	24.164594907407405	33.5
MST60075	24.17153935185185	32.5
MST60075	24.178483796296298	32
MST60075	24.18542824074074	33
MST60075	24.192372685185184	31
MST60075	24.19931712962963	33
MST60075	24.206261574074073	31
MST60075	24.21320601851852	31
MST60075	24.220150462962962	31
MST60075	24.227094907407405	30.5
MST60075	24.23403935185185	32
MST60075	24.240983796296298	32
MST60075	24.24792824074074	33
MST60075	24.254872685185184	32.5
MST60075	24.26181712962963	32
MST60075	24.268761574074073	32
MST60075	24.27570601851852	32
MST60075	24.282650462962962	32
MST60075	24.289594907407405	32
MST60075	24.29653935185185	32
MST60075	24.303483796296298	31.5
MST60075	24.31042824074074	31.5
MST60075	24.317372685185184	31
MST60075	24.32431712962963	31.5
MST60075	24.331261574074073	31.5
MST60075	24.33820601851852	31.5
MST60075	24.345150462962962	31
MST60075	24.352094907407405	31.5
MST60075	24.35903935185185	31
MST60075	24.365983796296298	31
MST60075	24.37292824074074	31.5
MST60075	24.379872685185184	31.5
MST60075	24.38681712962963	31
MST60075	24.393761574074073	31
MST60075	24.40070601851852	31
MST60075	24.407650462962962	31
MST60075	24.414594907407405	31
MST60075	24.42153935185185	30.5
MST60075	24.428483796296298	31
MST60075	24.43542824074074	30.5
MST60075	24.442372685185184	30
MST60075	24.44931712962963	29.5
MST60075	24.456261574074073	28.5
MST60075	24.46320601851852	28
MST60075	24.470150462962962	28.5
MST60075	24.477094907407405	28.5
MST60075	24.48403935185185	28.5
MST60075	24.490983796296298	28
MST60075	24.49792824074074	28.5
MST60075	24.504872685185184	28.5
MST60075	24.51181712962963	28
MST60075	24.518761574074073	27.5
MST60075	24.52570601851852	27
MST60075	24.532650462962962	27
MST60075	24.539594907407405	27
MST60075	24.54653935185185	26
MST60075	24.553483796296298	26
MST60075	24.56042824074074	25.5
MST60075	24.567372685185184	25.5
MST60075	24.57431712962963	25.5
MST60075	24.581261574074073	25
MST60075	24.58820601851852	25
MST60075	24.595150462962962	25
MST60075	24.602094907407405	25
MST60075	24.60903935185185	24.5
MST60075	24.615983796296298	24
MST60075	24.62292824074074	24
MST60075	24.629872685185184	23.5
MST60075	24.63681712962963	23.5
MST60075	24.643761574074073	23
MST60075	24.65070601851852	22.5
MST60075	24.657650462962962	22.5
MST60075	24.664594907407405	22.5
MST60075	24.67153935185185	22.5
MST60075	24.678483796296298	22
MST60075	24.68542824074074	22
MST60075	24.692372685185184	22
MST60075	24.69931712962963	22
MST60075	24.706261574074073	22
MST60075	24.71320601851852	21.5
MST60075	24.720150462962962	21.5
MST60075	24.727094907407405	21.5
MST60075	24.73403935185185	21
MST60075	24.740983796296298	21
MST60075	24.74792824074074	21
MST60075	24.754872685185184	21
MST60075	24.76181712962963	21
MST60075	24.768761574074073	20.5
MST60075	24.77570601851852	20.5
MST60075	24.782650462962962	20.5
MST60075	24.789594907407405	21
MST60075	24.79653935185185	21
MST60075	24.803483796296298	21
MST60075	24.81042824074074	21
MST60075	24.817372685185184	22
MST60075	24.82431712962963	28
MST60075	24.831261574074073	31
MST60075	24.83820601851852	32
MST60075	24.845150462962962	32
MST60075	24.852094907407405	32.5
MST60075	24.85903935185185	33
MST60075	24.865983796296298	33
MST60075	24.87292824074074	32.5
MST60075	24.879872685185184	33
MST60075	24.88681712962963	33
MST60075	24.893761574074073	33
MST60075	24.90070601851852	33
MST60075	24.907650462962962	32.5
MST60075	24.914594907407405	32.5
MST60075	24.92153935185185	32.5
MST60075	24.928483796296298	32
MST60075	24.93542824074074	32
MST60075	24.942372685185184	32
MST60075	24.94931712962963	31.5
MST60075	24.956261574074073	31.5
MST60075	24.96320601851852	31.5
MST60075	24.970150462962962	31
MST60075	24.977094907407405	30
MST60075	24.98403935185185	31
MST60075	24.990983796296298	30.5
MST60075	24.99792824074074	30
MST60075	25.004872685185184	30
MST60075	25.01181712962963	30
MST60075	25.018761574074073	30.5
MST60075	25.02570601851852	31.5
MST60075	25.032650462962962	32
MST60075	25.039594907407405	31
MST60075	25.04653935185185	32
MST60075	25.053483796296298	31.5
MST60075	25.06042824074074	33.5
MST60075	25.067372685185184	31.5
MST60075	25.07431712962963	30.5
MST60075	25.081261574074073	34.5
MST60075	25.08820601851852	33.5
MST60075	25.095150462962962	31
MST60075	25.102094907407405	33.5
MST60075	25.10903935185185	32.5
MST60075	25.115983796296298	31.5
MST60075	25.12292824074074	30.5
MST60075	25.129872685185184	32
MST60075	25.13681712962963	30.5
MST60075	25.143761574074073	31
MST60075	25.15070601851852	33.5
MST60075	25.157650462962962	32
MST60075	25.164594907407405	31.5
MST60075	25.17153935185185	30.5
MST60075	25.178483796296298	33
MST60075	25.18542824074074	31.5
MST60075	25.192372685185184	31
MST60075	25.19931712962963	32
MST60075	25.206261574074073	32
MST60075	25.21320601851852	31.5
MST60075	25.220150462962962	32
MST60075	25.227094907407405	32
MST60075	25.23403935185185	31.5
MST60075	25.240983796296298	31.5
MST60075	25.24792824074074	31
MST60075	25.254872685185184	31.5
MST60075	25.26181712962963	32
MST60075	25.268761574074073	31.5
MST60075	25.27570601851852	32
MST60075	25.282650462962962	32
MST60075	25.289594907407405	32
MST60075	25.29653935185185	32
MST60075	25.303483796296298	33
MST60075	25.31042824074074	32.5
MST60075	25.317372685185184	33
MST60075	25.32431712962963	32.5
MST60075	25.331261574074073	33
MST60075	25.33820601851852	33
MST60075	25.345150462962962	33
MST60075	25.352094907407405	32.5
MST60075	25.35903935185185	32.5
MST60075	25.365983796296298	32
MST60075	25.37292824074074	32.5
MST60075	25.379872685185184	32
MST60075	25.38681712962963	32.5
MST60075	25.393761574074073	32.5
MST60075	25.40070601851852	33
MST60075	25.407650462962962	32.5
MST60075	25.414594907407405	32
MST60075	25.42153935185185	32
MST60075	25.428483796296298	32
MST60075	25.43542824074074	32.5
MST60075	25.442372685185184	33
MST60075	25.44931712962963	32.5
MST60075	25.456261574074073	33
MST60075	25.46320601851852	32.5
MST60075	25.470150462962962	33
MST60075	25.477094907407405	35
MST60075	25.48403935185185	34.5
MST60075	25.490983796296298	33.5
MST60075	25.49792824074074	33
MST60075	25.504872685185184	33
MST60075	25.51181712962963	33.5
MST60075	25.518761574074073	33
MST60075	25.52570601851852	33
MST60075	25.532650462962962	33.5
MST60075	25.539594907407405	33
MST60075	25.54653935185185	33
MST60075	25.553483796296298	33
MST60075	25.56042824074074	32.5
MST60075	25.567372685185184	32
MST60075	25.57431712962963	32
MST60075	25.581261574074073	33
MST60075	25.58820601851852	33.5
MST60075	25.595150462962962	31
MST60075	25.602094907407405	30.5
MST60075	25.60903935185185	30
MST60075	25.615983796296298	30.5
MST60075	25.62292824074074	31
MST60075	25.629872685185184	30.5
MST60075	25.63681712962963	30.5
MST60075	25.643761574074073	32
MST60075	25.65070601851852	32
MST60075	25.657650462962962	32
MST60075	25.664594907407405	31.5
MST60075	25.67153935185185	31.5
MST60075	25.678483796296298	31.5
MST60075	25.68542824074074	31
MST60075	25.692372685185184	32
MST60075	25.69931712962963	32
MST60075	25.706261574074073	32
MST60075	25.71320601851852	31.5
MST60075	25.720150462962962	31.5
MST60075	25.727094907407405	30.5
MST60075	25.73403935185185	30.5
MST60075	25.740983796296298	31
MST60075	25.74792824074074	31
MST60075	25.754872685185184	30
MST60075	25.76181712962963	30
MST60075	25.768761574074073	31
MST60075	25.77570601851852	30.5
MST60075	25.782650462962962	29.5
MST60075	25.789594907407405	29
MST60075	25.79653935185185	28
MST60075	25.803483796296298	27
MST60075	25.81042824074074	29
MST60075	25.817372685185184	33
MST60075	25.82431712962963	33
MST60075	25.831261574074073	32
MST60075	25.83820601851852	30.5
MST60075	25.845150462962962	30
MST60075	25.852094907407405	31
MST60075	25.85903935185185	30.5
MST60075	25.865983796296298	29
MST60075	25.87292824074074	30
MST60075	25.879872685185184	30.5
MST60075	25.88681712962963	30
MST60075	25.893761574074073	29.5
MST60075	25.90070601851852	29.5
MST60075	25.907650462962962	28.5
MST60075	25.914594907407405	29
MST60075	25.92153935185185	28.5
MST60075	25.928483796296298	28
MST60075	25.93542824074074	27
MST60075	25.942372685185184	27
MST60075	25.94931712962963	26.5
MST60075	25.956261574074073	26
MST60075	25.96320601851852	26
MST60075	25.970150462962962	25.5
MST60075	25.977094907407405	26
MST60075	25.98403935185185	28
MST60075	25.990983796296298	30.5
MST60075	25.99792824074074	30
MST60075	26.004872685185184	31
MST60075	26.01181712962963	32
MST60075	26.018761574074073	33
MST60075	26.02570601851852	31.5
MST60075	26.032650462962962	34
MST60075	26.039594907407405	33
MST60075	26.04653935185185	32.5
MST60075	26.053483796296298	32
MST60075	26.06042824074074	31.5
MST60075	26.067372685185184	33.5
MST60075	26.07431712962963	33.5
MST60075	26.081261574074073	32
MST60075	26.08820601851852	33.5
MST60075	26.095150462962962	34
MST60075	26.102094907407405	31
MST60075	26.10903935185185	31.5
MST60075	26.115983796296298	30
MST60075	26.12292824074074	31
MST60075	26.129872685185184	33.5
MST60075	26.13681712962963	34.5
MST60075	26.143761574074073	33
MST60075	26.15070601851852	33.5
MST60075	26.157650462962962	33.5
MST60075	26.164594907407405	34
MST60075	26.17153935185185	32.5
MST60075	26.178483796296298	31.5
MST60075	26.18542824074074	31
MST60075	26.192372685185184	32
MST60075	26.19931712962963	32.5
MST60075	26.206261574074073	32
MST60075	26.21320601851852	32
MST60075	26.220150462962962	31.5
MST60075	26.227094907407405	34
MST60075	26.23403935185185	33.5
MST60075	26.240983796296298	33.5
MST60075	26.24792824074074	33
MST60075	26.254872685185184	33.5
MST60075	26.26181712962963	33
MST60075	26.268761574074073	32.5
MST60075	26.27570601851852	32.5
MST60075	26.282650462962962	33
MST60075	26.289594907407405	33
MST60075	26.29653935185185	33
MST60075	26.303483796296298	32.5
MST60075	26.31042824074074	32.5
MST60075	26.317372685185184	32.5
MST60075	26.32431712962963	32.5
MST60075	26.331261574074073	32
MST60075	26.33820601851852	32
MST60075	26.345150462962962	32
MST60075	26.352094907407405	32
MST60075	26.35903935185185	32.5
MST60075	26.365983796296298	32
MST60075	26.37292824074074	33
MST60075	26.379872685185184	33
MST60075	26.38681712962963	33
MST60075	26.393761574074073	33.5
MST60075	26.40070601851852	33
MST60075	26.407650462962962	33
MST60075	26.414594907407405	32
MST60075	26.42153935185185	32
MST60075	26.428483796296298	32.5
MST60075	26.43542824074074	32
MST60075	26.442372685185184	32.5
MST60075	26.44931712962963	32.5
MST60075	26.456261574074073	32
MST60075	26.46320601851852	32
MST60075	26.470150462962962	32
MST60075	26.477094907407405	32
MST60075	26.48403935185185	32
MST60075	26.490983796296298	31.5
MST60075	26.49792824074074	31.5
MST60075	26.504872685185184	31.5
MST60075	26.51181712962963	32
MST60075	26.518761574074073	32
MST60075	26.52570601851852	32
MST60075	26.532650462962962	32
MST60075	26.539594907407405	32
MST60076	17.002789351851852	31.5
MST60076	17.009733796296295	28.5
MST60076	17.01667824074074	28.5
MST60076	17.023622685185185	33
MST60076	17.03056712962963	33
MST60076	17.037511574074074	32.5
MST60076	17.044456018518517	33
MST60076	17.051400462962963	32.5
MST60076	17.058344907407406	32
MST60076	17.065289351851852	32
MST60076	17.072233796296295	31
MST60076	17.07917824074074	31.5
MST60076	17.086122685185185	31.5
MST60076	17.09306712962963	32
MST60076	17.100011574074074	32
MST60076	17.106956018518517	32
MST60076	17.113900462962963	31
MST60076	17.120844907407406	29.5
MST60076	17.127789351851852	30
MST60076	17.134733796296295	31
MST60076	17.14167824074074	30.5
MST60076	17.148622685185185	29.5
MST60076	17.15556712962963	30
MST60076	17.162511574074074	30.5
MST60076	17.169456018518517	31.5
MST60076	17.176400462962963	32
MST60076	17.183344907407406	31.5
MST60076	17.190289351851852	31
MST60076	17.197233796296295	31.5
MST60076	17.20417824074074	31
MST60076	17.211122685185185	30
MST60076	17.21806712962963	29.5
MST60076	17.225011574074074	30.5
MST60076	17.231956018518517	32
MST60076	17.238900462962963	31.5
MST60076	17.245844907407406	31
MST60076	17.252789351851852	31
MST60076	17.259733796296295	32
MST60076	17.26667824074074	32
MST60076	17.273622685185185	31.5
MST60076	17.28056712962963	31
MST60076	17.287511574074074	30.5
MST60076	17.294456018518517	30.5
MST60076	17.301400462962963	31
MST60076	17.308344907407406	30
MST60076	17.315289351851852	30.5
MST60076	17.322233796296295	30.5
MST60076	17.32917824074074	30
MST60076	17.336122685185185	30
MST60076	17.34306712962963	30.5
MST60076	17.350011574074074	31
MST60076	17.356956018518517	31
MST60076	17.363900462962963	31
MST60076	17.370844907407406	31
MST60076	17.377789351851852	31
MST60076	17.384733796296295	31.5
MST60076	17.39167824074074	32.5
MST60076	17.398622685185185	32
MST60076	17.40556712962963	31.5
MST60076	17.412511574074074	31
MST60076	17.419456018518517	31
MST60076	17.426400462962963	30.5
MST60076	17.433344907407406	31
MST60076	17.440289351851852	31
MST60076	17.447233796296295	31
MST60076	17.45417824074074	31
MST60076	17.461122685185185	31
MST60076	17.46806712962963	31.5
MST60076	17.475011574074074	31.5
MST60076	17.481956018518517	31.5
MST60076	17.488900462962963	31.5
MST60076	17.495844907407406	32
MST60076	17.502789351851852	32
MST60076	17.509733796296295	32
MST60076	17.51667824074074	32
MST60076	17.523622685185185	31.5
MST60076	17.53056712962963	31.5
MST60076	17.537511574074074	31.5
MST60076	17.544456018518517	31
MST60076	17.551400462962963	31.5
MST60076	17.558344907407406	31
MST60076	17.565289351851852	31
MST60076	17.572233796296295	30.5
MST60076	17.57917824074074	30
MST60076	17.586122685185185	30
MST60076	17.59306712962963	30
MST60076	17.600011574074074	30
MST60076	17.606956018518517	30
MST60076	17.613900462962963	30
MST60076	17.620844907407406	29.5
MST60076	17.627789351851852	29.5
MST60076	17.634733796296295	29.5
MST60076	17.64167824074074	29
MST60076	17.648622685185185	29.5
MST60076	17.65556712962963	30
MST60076	17.662511574074074	31
MST60076	17.669456018518517	31
MST60076	17.676400462962963	30.5
MST60076	17.683344907407406	30.5
MST60076	17.690289351851852	30.5
MST60076	17.697233796296295	30.5
MST60076	17.70417824074074	30
MST60076	17.711122685185185	29.5
MST60076	17.71806712962963	29.5
MST60076	17.725011574074074	29
MST60076	17.731956018518517	29
MST60076	17.738900462962963	29.5
MST60076	17.745844907407406	30.5
MST60076	17.752789351851852	30.5
MST60076	17.759733796296295	30.5
MST60076	17.76667824074074	30.5
MST60076	17.773622685185185	30.5
MST60076	17.78056712962963	30
MST60076	17.787511574074074	30
MST60076	17.794456018518517	30
MST60076	17.801400462962963	30
MST60076	17.808344907407406	31
MST60076	17.815289351851852	31
MST60076	17.822233796296295	31
MST60076	17.82917824074074	30.5
MST60076	17.836122685185185	30
MST60076	17.84306712962963	29.5
MST60076	17.850011574074074	29
MST60076	17.856956018518517	29
MST60076	17.863900462962963	29
MST60076	17.870844907407406	28.5
MST60076	17.877789351851852	28.5
MST60076	17.884733796296295	28.5
MST60076	17.89167824074074	28.5
MST60076	17.898622685185185	28.5
MST60076	17.90556712962963	28.5
MST60076	17.912511574074074	30
MST60076	17.919456018518517	30.5
MST60076	17.926400462962963	32
MST60076	17.933344907407406	31.5
MST60076	17.940289351851852	31
MST60076	17.947233796296295	30.5
MST60076	17.95417824074074	30
MST60076	17.961122685185185	29.5
MST60076	17.96806712962963	29.5
MST60076	17.975011574074074	29
MST60076	17.981956018518517	29
MST60076	17.988900462962963	29
MST60076	17.995844907407406	29
MST60076	18.002789351851852	29
MST60076	18.009733796296295	30
MST60076	18.01667824074074	33
MST60076	18.023622685185185	32
MST60076	18.03056712962963	31.5
MST60076	18.037511574074074	32
MST60076	18.044456018518517	33
MST60076	18.051400462962963	30
MST60076	18.058344907407406	30.5
MST60076	18.065289351851852	31.5
MST60076	18.072233796296295	30.5
MST60076	18.07917824074074	30
MST60076	18.086122685185185	30
MST60076	18.09306712962963	29
MST60076	18.100011574074074	30.5
MST60076	18.106956018518517	31.5
MST60076	18.113900462962963	31.5
MST60076	18.120844907407406	32
MST60076	18.127789351851852	31.5
MST60076	18.134733796296295	33
MST60076	18.14167824074074	31.5
MST60076	18.148622685185185	32.5
MST60076	18.15556712962963	30.5
MST60076	18.162511574074074	32.5
MST60076	18.169456018518517	32
MST60076	18.176400462962963	33.5
MST60076	18.183344907407406	31
MST60076	18.190289351851852	30.5
MST60076	18.197233796296295	30
MST60076	18.20417824074074	30.5
MST60076	18.211122685185185	31.5
MST60076	18.21806712962963	30.5
MST60076	18.225011574074074	30.5
MST60076	18.231956018518517	33
MST60076	18.238900462962963	33
MST60076	18.245844907407406	32.5
MST60076	18.252789351851852	30
MST60076	18.259733796296295	30.5
MST60076	18.26667824074074	31.5
MST60076	18.273622685185185	32.5
MST60076	18.28056712962963	32
MST60076	18.287511574074074	31.5
MST60076	18.294456018518517	32
MST60076	18.301400462962963	32
MST60076	18.308344907407406	32
MST60076	18.315289351851852	32.5
MST60076	18.322233796296295	32
MST60076	18.32917824074074	32.5
MST60076	18.336122685185185	31.5
MST60076	18.34306712962963	31
MST60076	18.350011574074074	31
MST60076	18.356956018518517	31
MST60076	18.363900462962963	31
MST60076	18.370844907407406	31
MST60076	18.377789351851852	31
MST60076	18.384733796296295	31
MST60076	18.39167824074074	31
MST60076	18.398622685185185	30.5
MST60076	18.40556712962963	31
MST60076	18.412511574074074	30.5
MST60076	18.419456018518517	31
MST60076	18.426400462962963	31
MST60076	18.433344907407406	31.5
MST60076	18.440289351851852	32.5
MST60076	18.447233796296295	32
MST60076	18.45417824074074	32
MST60076	18.461122685185185	32
MST60076	18.46806712962963	32
MST60076	18.475011574074074	32
MST60076	18.48195601851852	32.5
MST60076	18.488900462962963	32.5
MST60076	18.495844907407406	32
MST60076	18.502789351851852	32.5
MST60076	18.509733796296295	32.5
MST60076	18.51667824074074	32.5
MST60076	18.523622685185185	32
MST60076	18.53056712962963	32
MST60076	18.537511574074074	32
MST60076	18.54445601851852	31.5
MST60076	18.551400462962963	31.5
MST60076	18.558344907407406	31.5
MST60076	18.565289351851852	31.5
MST60076	18.572233796296295	31
MST60076	18.57917824074074	31.5
MST60076	18.586122685185185	31
MST60076	18.59306712962963	31
MST60076	18.600011574074074	31
MST60076	18.60695601851852	31.5
MST60076	18.613900462962963	31
MST60076	18.620844907407406	31.5
MST60076	18.627789351851852	31.5
MST60076	18.634733796296295	31
MST60076	18.64167824074074	30.5
MST60076	18.648622685185185	30.5
MST60076	18.65556712962963	31
MST60076	18.662511574074074	30.5
MST60076	18.66945601851852	30.5
MST60076	18.676400462962963	30
MST60076	18.683344907407406	30.5
MST60076	18.690289351851852	30.5
MST60076	18.697233796296295	30.5
MST60076	18.70417824074074	30.5
MST60076	18.711122685185185	31.5
MST60076	18.71806712962963	31
MST60076	18.725011574074074	31
MST60076	18.73195601851852	31.5
MST60076	18.738900462962963	30.5
MST60076	18.745844907407406	30.5
MST60076	18.752789351851852	30.5
MST60076	18.759733796296295	30.5
MST60076	18.76667824074074	30
MST60076	18.773622685185185	30.5
MST60076	18.78056712962963	31.5
MST60076	18.787511574074074	31.5
MST60076	18.79445601851852	31
MST60076	18.801400462962963	30.5
MST60076	18.808344907407406	30.5
MST60076	18.815289351851852	30
MST60076	18.822233796296295	30
MST60076	18.82917824074074	30
MST60076	18.836122685185185	30
MST60076	18.84306712962963	30
MST60076	18.850011574074074	32
MST60076	18.85695601851852	31.5
MST60076	18.863900462962963	31.5
MST60076	18.870844907407406	30.5
MST60076	18.877789351851852	30.5
MST60076	18.884733796296295	30
MST60076	18.89167824074074	29.5
MST60076	18.898622685185185	30
MST60076	18.90556712962963	29.5
MST60076	18.912511574074074	29.5
MST60076	18.91945601851852	29.5
MST60076	18.926400462962963	29.5
MST60076	18.933344907407406	29.5
MST60076	18.940289351851852	29.5
MST60076	18.947233796296295	29.5
MST60076	18.95417824074074	29.5
MST60076	18.961122685185185	29.5
MST60076	18.96806712962963	29.5
MST60076	18.975011574074074	29.5
MST60076	18.98195601851852	29
MST60076	18.988900462962963	29
MST60076	18.995844907407406	29
MST60076	19.002789351851852	29
MST60076	19.009733796296295	30
MST60076	19.01667824074074	33
MST60076	19.023622685185185	32.5
MST60076	19.03056712962963	31.5
MST60076	19.037511574074074	31.5
MST60076	19.044456018518517	35
MST60076	19.051400462962963	31
MST60076	19.058344907407406	31
MST60076	19.065289351851852	31
MST60076	19.072233796296295	29
MST60076	19.07917824074074	31
MST60076	19.086122685185185	30
MST60076	19.09306712962963	30.5
MST60076	19.100011574074074	31
MST60076	19.106956018518517	30
MST60076	19.113900462962963	30.5
MST60076	19.120844907407406	30
MST60076	19.127789351851852	30.5
MST60076	19.134733796296295	30
MST60076	19.14167824074074	29.5
MST60076	19.148622685185185	29.5
MST60076	19.15556712962963	30.5
MST60076	19.162511574074074	29
MST60076	19.169456018518517	30
MST60076	19.176400462962963	30.5
MST60076	19.183344907407406	31
MST60076	19.190289351851852	31
MST60076	19.197233796296295	32.5
MST60076	19.20417824074074	32
MST60076	19.211122685185185	31
MST60076	19.21806712962963	30.5
MST60076	19.225011574074074	29.5
MST60076	19.231956018518517	30
MST60076	19.238900462962963	30
MST60076	19.245844907407406	34
MST60076	19.252789351851852	33.5
MST60076	19.259733796296295	34
MST60076	19.26667824074074	32
MST60076	19.273622685185185	31.5
MST60076	19.28056712962963	32
MST60076	19.287511574074074	32.5
MST60076	19.294456018518517	31
MST60076	19.301400462962963	30.5
MST60076	19.308344907407406	29.5
MST60076	19.315289351851852	33.5
MST60076	19.322233796296295	32.5
MST60076	19.32917824074074	29.5
MST60076	19.336122685185185	30
MST60076	19.34306712962963	31
MST60076	19.350011574074074	32.5
MST60076	19.356956018518517	31.5
MST60076	19.363900462962963	31
MST60076	19.370844907407406	30.5
MST60076	19.377789351851852	30.5
MST60076	19.384733796296295	30.5
MST60076	19.39167824074074	30.5
MST60076	19.398622685185185	31
MST60076	19.40556712962963	31
MST60076	19.412511574074074	30.5
MST60076	19.419456018518517	31
MST60076	19.426400462962963	31
MST60076	19.433344907407406	31
MST60076	19.440289351851852	31.5
MST60076	19.447233796296295	31.5
MST60076	19.45417824074074	31.5
MST60076	19.461122685185185	31.5
MST60076	19.46806712962963	31.5
MST60076	19.475011574074074	32
MST60076	19.481956018518517	32.5
MST60076	19.488900462962963	32.5
MST60076	19.495844907407406	32.5
MST60076	19.502789351851852	32
MST60076	19.509733796296295	32
MST60076	19.51667824074074	32
MST60076	19.523622685185185	32
MST60076	19.53056712962963	32
MST60076	19.537511574074074	32
MST60076	19.544456018518517	31.5
MST60076	19.551400462962963	31.5
MST60076	19.558344907407406	31.5
MST60076	19.565289351851852	31
MST60076	19.572233796296295	30.5
MST60076	19.57917824074074	30
MST60076	19.586122685185185	30.5
MST60076	19.59306712962963	30.5
MST60076	19.600011574074074	30.5
MST60076	19.606956018518517	30
MST60076	19.613900462962963	30
MST60076	19.620844907407406	30
MST60076	19.627789351851852	30
MST60076	19.634733796296295	30
MST60076	19.64167824074074	30
MST60076	19.648622685185185	30
MST60076	19.65556712962963	30
MST60076	19.662511574074074	30.5
MST60076	19.669456018518517	31.5
MST60076	19.676400462962963	31.5
MST60076	19.683344907407406	31
MST60076	19.690289351851852	30.5
MST60076	19.697233796296295	30
MST60076	19.70417824074074	30.5
MST60076	19.711122685185185	31
MST60076	19.71806712962963	31
MST60076	19.725011574074074	31
MST60076	19.731956018518517	31
MST60076	19.738900462962963	30.5
MST60076	19.745844907407406	30.5
MST60076	19.752789351851852	30.5
MST60076	19.759733796296295	30
MST60076	19.76667824074074	30
MST60076	19.773622685185185	30
MST60076	19.78056712962963	30
MST60076	19.787511574074074	31
MST60076	19.794456018518517	31.5
MST60076	19.801400462962963	31
MST60076	19.808344907407406	31
MST60076	19.815289351851852	30.5
MST60076	19.822233796296295	30
MST60076	19.82917824074074	30.5
MST60076	19.836122685185185	30
MST60076	19.84306712962963	30
MST60076	19.850011574074074	31
MST60076	19.856956018518517	32
MST60076	19.863900462962963	31.5
MST60076	19.870844907407406	31
MST60076	19.877789351851852	30.5
MST60076	19.884733796296295	30
MST60076	19.89167824074074	30
MST60076	19.898622685185185	29.5
MST60076	19.90556712962963	29.5
MST60076	19.912511574074074	29
MST60076	19.919456018518517	28.5
MST60076	19.926400462962963	28.5
MST60076	19.933344907407406	29
MST60076	19.940289351851852	29
MST60076	19.947233796296295	29.5
MST60076	19.95417824074074	29.5
MST60076	19.961122685185185	29
MST60076	19.96806712962963	29
MST60076	19.975011574074074	29
MST60076	19.981956018518517	29
MST60076	19.988900462962963	28.5
MST60076	19.995844907407406	29
MST60076	20.002789351851852	29.5
MST60076	20.009733796296295	30.5
MST60076	20.01667824074074	32.5
MST60076	20.023622685185185	32.5
MST60076	20.03056712962963	32
MST60076	20.037511574074074	31
MST60076	20.044456018518517	31
MST60076	20.051400462962963	31.5
MST60076	20.058344907407406	32
MST60076	20.065289351851852	32
MST60076	20.072233796296295	34
MST60076	20.07917824074074	35
MST60076	20.086122685185185	32
MST60076	20.09306712962963	30.5
MST60076	20.100011574074074	29
MST60076	20.106956018518517	29.5
MST60076	20.113900462962963	29.5
MST60076	20.120844907407406	29.5
MST60076	20.127789351851852	30
MST60076	20.134733796296295	33.5
MST60076	20.14167824074074	31
MST60076	20.148622685185185	31.5
MST60076	20.15556712962963	30.5
MST60076	20.162511574074074	30
MST60076	20.169456018518517	29
MST60076	20.176400462962963	29
MST60076	20.183344907407406	31.5
MST60076	20.190289351851852	32
MST60076	20.197233796296295	32
MST60076	20.20417824074074	31.5
MST60076	20.211122685185185	30.5
MST60076	20.21806712962963	30
MST60076	20.225011574074074	29.5
MST60076	20.231956018518517	30.5
MST60076	20.238900462962963	32
MST60076	20.245844907407406	33
MST60076	20.252789351851852	31.5
MST60076	20.259733796296295	33
MST60076	20.26667824074074	32
MST60076	20.273622685185185	31.5
MST60076	20.28056712962963	32.5
MST60076	20.287511574074074	30
MST60076	20.294456018518517	32.5
MST60076	20.301400462962963	30
MST60076	20.308344907407406	30
MST60076	20.315289351851852	30
MST60076	20.322233796296295	31.5
MST60076	20.32917824074074	32
MST60076	20.336122685185185	31.5
MST60076	20.34306712962963	31
MST60076	20.350011574074074	30.5
MST60076	20.356956018518517	30.5
MST60076	20.363900462962963	31
MST60076	20.370844907407406	31
MST60076	20.377789351851852	31
MST60076	20.384733796296295	31
MST60076	20.39167824074074	31
MST60076	20.398622685185185	31
MST60076	20.40556712962963	31
MST60076	20.412511574074074	31
MST60076	20.419456018518517	31.5
MST60076	20.426400462962963	31.5
MST60076	20.433344907407406	31.5
MST60076	20.440289351851852	31.5
MST60076	20.447233796296295	31
MST60076	20.45417824074074	31
MST60076	20.461122685185185	31.5
MST60076	20.46806712962963	31.5
MST60076	20.475011574074074	31.5
MST60076	20.481956018518517	32
MST60076	20.488900462962963	32
MST60076	20.495844907407406	32
MST60076	20.502789351851852	32.5
MST60076	20.509733796296295	32.5
MST60076	20.51667824074074	32
MST60076	20.523622685185185	31.5
MST60076	20.53056712962963	31
MST60076	20.537511574074074	31.5
MST60076	20.544456018518517	31
MST60076	20.551400462962963	31.5
MST60076	20.558344907407406	31.5
MST60076	20.565289351851852	32
MST60076	20.572233796296295	31.5
MST60076	20.57917824074074	31
MST60076	20.586122685185185	30.5
MST60076	20.59306712962963	30.5
MST60076	20.600011574074074	30
MST60076	20.606956018518517	30
MST60076	20.613900462962963	29.5
MST60076	20.620844907407406	29.5
MST60076	20.627789351851852	29.5
MST60076	20.634733796296295	29.5
MST60076	20.64167824074074	30
MST60076	20.648622685185185	30
MST60076	20.65556712962963	30
MST60076	20.662511574074074	30
MST60076	20.669456018518517	29.5
MST60076	20.676400462962963	29.5
MST60076	20.683344907407406	29.5
MST60076	20.690289351851852	29.5
MST60076	20.697233796296295	30.5
MST60076	20.70417824074074	30
MST60076	20.711122685185185	30
MST60076	20.71806712962963	30
MST60076	20.725011574074074	29.5
MST60076	20.731956018518517	29.5
MST60076	20.738900462962963	29.5
MST60076	20.745844907407406	30
MST60076	20.752789351851852	30
MST60076	20.759733796296295	30.5
MST60076	20.76667824074074	31
MST60076	20.773622685185185	31
MST60076	20.78056712962963	31
MST60076	20.787511574074074	30.5
MST60076	20.794456018518517	30.5
MST60076	20.801400462962963	30
MST60076	20.808344907407406	29.5
MST60076	20.815289351851852	30
MST60076	20.822233796296295	30
MST60076	20.82917824074074	30
MST60076	20.836122685185185	30.5
MST60076	20.84306712962963	30.5
MST60076	20.850011574074074	30
MST60076	20.856956018518517	31
MST60076	20.863900462962963	32
MST60076	20.870844907407406	32
MST60076	20.877789351851852	31.5
MST60076	20.884733796296295	31
MST60076	20.89167824074074	30.5
MST60076	20.898622685185185	30.5
MST60076	20.90556712962963	30
MST60076	20.912511574074074	30
MST60076	20.919456018518517	30
MST60076	20.926400462962963	29.5
MST60076	20.933344907407406	29
MST60076	20.940289351851852	29
MST60076	20.947233796296295	29
MST60076	20.95417824074074	29.5
MST60076	20.961122685185185	29
MST60076	20.96806712962963	29.5
MST60076	20.975011574074074	29.5
MST60076	20.981956018518517	29.5
MST60076	20.988900462962963	30
MST60076	20.995844907407406	30
MST60076	21.002789351851852	30
MST60076	21.009733796296295	30.5
MST60076	21.01667824074074	32.5
MST60076	21.023622685185185	32
MST60076	21.03056712962963	32.5
MST60076	21.037511574074074	31.5
MST60076	21.044456018518517	30
MST60076	21.051400462962963	34.5
MST60076	21.058344907407406	34
MST60076	21.065289351851852	34
MST60076	21.072233796296295	32.5
MST60076	21.07917824074074	33.5
MST60076	21.086122685185185	33
MST60076	21.09306712962963	32
MST60076	21.100011574074074	32
MST60076	21.106956018518517	32
MST60076	21.113900462962963	32.5
MST60076	21.120844907407406	33.5
MST60076	21.127789351851852	32
MST60076	21.134733796296295	32
MST60076	21.14167824074074	32
MST60076	21.148622685185185	31.5
MST60076	21.15556712962963	31.5
MST60076	21.162511574074074	31.5
MST60076	21.169456018518517	32.5
MST60076	21.176400462962963	31.5
MST60076	21.183344907407406	31.5
MST60076	21.190289351851852	32
MST60076	21.197233796296295	32.5
MST60076	21.20417824074074	32
MST60076	21.211122685185185	32.5
MST60076	21.21806712962963	31.5
MST60076	21.225011574074074	33
MST60076	21.231956018518517	32
MST60076	21.238900462962963	33
MST60076	21.245844907407406	32
MST60076	21.252789351851852	31.5
MST60076	21.259733796296295	31.5
MST60076	21.26667824074074	30.5
MST60076	21.273622685185185	30.5
MST60076	21.28056712962963	30.5
MST60076	21.287511574074074	31
MST60076	21.294456018518517	30
MST60076	21.301400462962963	30
MST60076	21.308344907407406	30
MST60076	21.315289351851852	31.5
MST60076	21.322233796296295	32.5
MST60076	21.32917824074074	32.5
MST60076	21.336122685185185	31.5
MST60076	21.34306712962963	31
MST60076	21.350011574074074	31
MST60076	21.356956018518517	32.5
MST60076	21.363900462962963	29
MST60076	21.370844907407406	31.5
MST60076	21.377789351851852	32.5
MST60076	21.384733796296295	32
MST60076	21.39167824074074	31.5
MST60076	21.398622685185185	31.5
MST60076	21.40556712962963	31.5
MST60076	21.412511574074074	31.5
MST60076	21.419456018518517	31.5
MST60076	21.426400462962963	31.5
MST60076	21.433344907407406	31
MST60076	21.440289351851852	31
MST60076	21.447233796296295	31
MST60076	21.45417824074074	31
MST60076	21.461122685185185	31
MST60076	21.46806712962963	31
MST60076	21.475011574074074	31.5
MST60076	21.481956018518517	31.5
MST60076	21.488900462962963	32
MST60076	21.495844907407406	32
MST60076	21.502789351851852	32
MST60076	21.509733796296295	32.5
MST60076	21.51667824074074	32.5
MST60076	21.523622685185185	32.5
MST60076	21.53056712962963	32.5
MST60076	21.537511574074074	32.5
MST60076	21.544456018518517	32
MST60076	21.551400462962963	32
MST60076	21.558344907407406	32
MST60076	21.565289351851852	32
MST60076	21.572233796296295	32
MST60076	21.57917824074074	32
MST60076	21.586122685185185	32
MST60076	21.59306712962963	32
MST60076	21.600011574074074	32
MST60076	21.606956018518517	32
MST60076	21.613900462962963	32
MST60076	21.620844907407406	32
MST60076	21.627789351851852	32
MST60076	21.634733796296295	31.5
MST60076	21.64167824074074	32
MST60076	21.648622685185185	32
MST60076	21.65556712962963	31.5
MST60076	21.662511574074074	31
MST60076	21.669456018518517	31.5
MST60076	21.676400462962963	31.5
MST60076	21.683344907407406	31.5
MST60076	21.690289351851852	31.5
MST60076	21.697233796296295	32
MST60076	21.70417824074074	32
MST60076	21.711122685185185	32
MST60076	21.71806712962963	32
MST60076	21.725011574074074	32
MST60076	21.731956018518517	32
MST60076	21.738900462962963	32
MST60076	21.745844907407406	31.5
MST60076	21.752789351851852	31.5
MST60076	21.759733796296295	31.5
MST60076	21.76667824074074	31
MST60076	21.773622685185185	31
MST60076	21.78056712962963	31
MST60076	21.787511574074074	31.5
MST60076	21.794456018518517	31.5
MST60076	21.801400462962963	31.5
MST60076	21.808344907407406	31
MST60076	21.815289351851852	31.5
MST60076	21.822233796296295	31.5
MST60076	21.82917824074074	32
MST60076	21.836122685185185	32
MST60076	21.84306712962963	31.5
MST60076	21.850011574074074	31
MST60076	21.856956018518517	31
MST60076	21.863900462962963	30.5
MST60076	21.870844907407406	30
MST60076	21.877789351851852	29.5
MST60076	21.884733796296295	29.5
MST60076	21.89167824074074	29
MST60076	21.898622685185185	28.5
MST60076	21.90556712962963	28
MST60076	21.912511574074074	27.5
MST60076	21.919456018518517	27.5
MST60076	21.926400462962963	27
MST60076	21.933344907407406	27
MST60076	21.940289351851852	26.5
MST60076	21.947233796296295	26.5
MST60076	21.95417824074074	26.5
MST60076	21.961122685185185	26.5
MST60076	21.96806712962963	30
MST60076	21.975011574074074	31.5
MST60076	21.981956018518517	32.5
MST60076	21.988900462962963	34
MST60076	21.995844907407406	33
MST60076	22.002789351851852	33
MST60076	22.009733796296295	32
MST60076	22.01667824074074	31.5
MST60076	22.023622685185185	31.5
MST60076	22.03056712962963	33.5
MST60076	22.037511574074074	32.5
MST60076	22.044456018518517	31
MST60076	22.051400462962963	31.5
MST60076	22.058344907407406	30.5
MST60076	22.065289351851852	31.5
MST60076	22.072233796296295	35.5
MST60076	22.07917824074074	31
MST60076	22.086122685185185	34.5
MST60076	22.09306712962963	33
MST60076	22.100011574074074	33
MST60076	22.106956018518517	32.5
MST60076	22.113900462962963	32.5
MST60076	22.120844907407406	32.5
MST60076	22.127789351851852	32.5
MST60076	22.134733796296295	32.5
MST60076	22.14167824074074	32
MST60076	22.148622685185185	31.5
MST60076	22.15556712962963	31.5
MST60076	22.162511574074074	31.5
MST60076	22.169456018518517	31.5
MST60076	22.176400462962963	31.5
MST60076	22.183344907407406	31.5
MST60076	22.190289351851852	31.5
MST60076	22.197233796296295	31.5
MST60076	22.20417824074074	32
MST60076	22.211122685185185	32
MST60076	22.21806712962963	31.5
MST60076	22.225011574074074	31.5
MST60076	22.231956018518517	31.5
MST60076	22.238900462962963	30.5
MST60076	22.245844907407406	32.5
MST60076	22.252789351851852	33
MST60076	22.259733796296295	32
MST60076	22.26667824074074	32.5
MST60076	22.273622685185185	34
MST60076	22.28056712962963	33
MST60076	22.287511574074074	32.5
MST60076	22.294456018518517	31.5
MST60076	22.301400462962963	32.5
MST60076	22.308344907407406	31.5
MST60076	22.315289351851852	30.5
MST60076	22.322233796296295	31.5
MST60076	22.32917824074074	30.5
MST60076	22.336122685185185	31.5
MST60076	22.34306712962963	30.5
MST60076	22.350011574074074	32
MST60076	22.356956018518517	33.5
MST60076	22.363900462962963	31
MST60076	22.370844907407406	30
MST60076	22.377789351851852	32.5
MST60076	22.384733796296295	32
MST60076	22.39167824074074	30
MST60076	22.398622685185185	30.5
MST60076	22.40556712962963	29.5
MST60076	22.412511574074074	31
MST60076	22.419456018518517	32
MST60076	22.426400462962963	31.5
MST60076	22.433344907407406	32.5
MST60076	22.440289351851852	32.5
MST60076	22.447233796296295	32
MST60076	22.45417824074074	31.5
MST60076	22.461122685185185	31.5
MST60076	22.46806712962963	31.5
MST60076	22.475011574074074	32
MST60076	22.481956018518517	32
MST60076	22.488900462962963	32
MST60076	22.495844907407406	31.5
MST60076	22.502789351851852	31.5
MST60076	22.509733796296295	32.5
MST60076	22.51667824074074	32.5
MST60076	22.523622685185185	32.5
MST60076	22.53056712962963	32.5
MST60076	22.537511574074074	32.5
MST60076	22.544456018518517	32.5
MST60076	22.551400462962963	32
MST60076	22.558344907407406	32
MST60076	22.565289351851852	31.5
MST60076	22.572233796296295	31.5
MST60076	22.57917824074074	32
MST60076	22.586122685185185	32
MST60076	22.59306712962963	32
MST60076	22.600011574074074	32
MST60076	22.606956018518517	32
MST60076	22.613900462962963	31.5
MST60076	22.620844907407406	31.5
MST60076	22.627789351851852	32
MST60076	22.634733796296295	31.5
MST60076	22.64167824074074	31.5
MST60076	22.648622685185185	32
MST60076	22.65556712962963	32
MST60076	22.662511574074074	32
MST60076	22.669456018518517	31.5
MST60076	22.676400462962963	31.5
MST60076	22.683344907407406	31
MST60076	22.690289351851852	31
MST60076	22.697233796296295	31
MST60076	22.70417824074074	31
MST60076	22.711122685185185	31
MST60076	22.71806712962963	31
MST60076	22.725011574074074	31.5
MST60076	22.731956018518517	31.5
MST60076	22.738900462962963	31.5
MST60076	22.745844907407406	31.5
MST60076	22.752789351851852	31.5
MST60076	22.759733796296295	31.5
MST60076	22.76667824074074	31.5
MST60076	22.773622685185185	31
MST60076	22.78056712962963	31
MST60076	22.787511574074074	31.5
MST60076	22.794456018518517	31
MST60076	22.801400462962963	31
MST60076	22.808344907407406	30
MST60076	22.815289351851852	30.5
MST60076	22.822233796296295	31
MST60076	22.82917824074074	31.5
MST60076	22.836122685185185	31.5
MST60076	22.84306712962963	31.5
MST60076	22.850011574074074	31
MST60076	22.856956018518517	31
MST60076	22.863900462962963	32
MST60076	22.870844907407406	32
MST60076	22.877789351851852	32
MST60076	22.884733796296295	32
MST60076	22.89167824074074	31.5
MST60076	22.898622685185185	31.5
MST60076	22.90556712962963	31
MST60076	22.912511574074074	30.5
MST60076	22.919456018518517	31
MST60076	22.926400462962963	31
MST60076	22.933344907407406	30.5
MST60076	22.940289351851852	29.5
MST60076	22.947233796296295	29.5
MST60076	22.95417824074074	29
MST60076	22.961122685185185	28.5
MST60076	22.96806712962963	28
MST60076	22.975011574074074	28
MST60076	22.981956018518517	27.5
MST60076	22.988900462962963	27.5
MST60076	22.995844907407406	27.5
MST60076	23.002789351851852	29
MST60076	23.009733796296295	30
MST60076	23.01667824074074	30.5
MST60076	23.023622685185185	32
MST60076	23.03056712962963	32.5
MST60076	23.037511574074074	32
MST60076	23.044456018518517	30.5
MST60076	23.051400462962963	31
MST60076	23.058344907407406	30
MST60076	23.065289351851852	30.5
MST60076	23.072233796296295	33
MST60076	23.07917824074074	31
MST60076	23.086122685185185	29.5
MST60076	23.09306712962963	29.5
MST60076	23.100011574074074	30
MST60076	23.106956018518517	29.5
MST60076	23.113900462962963	30
MST60076	23.120844907407406	29.5
MST60076	23.127789351851852	30.5
MST60076	23.134733796296295	30.5
MST60076	23.14167824074074	30
MST60076	23.148622685185185	29.5
MST60076	23.15556712962963	30
MST60076	23.162511574074074	31.5
MST60076	23.169456018518517	31
MST60076	23.176400462962963	30.5
MST60076	23.183344907407406	31
MST60076	23.190289351851852	31.5
MST60076	23.197233796296295	31.5
MST60076	23.20417824074074	30.5
MST60076	23.211122685185185	31.5
MST60076	23.21806712962963	29.5
MST60076	23.225011574074074	31
MST60076	23.231956018518517	32
MST60076	23.238900462962963	32
MST60076	23.245844907407406	32
MST60076	23.252789351851852	32.5
MST60076	23.259733796296295	33
MST60076	23.26667824074074	31
MST60076	23.273622685185185	31
MST60076	23.28056712962963	31.5
MST60076	23.287511574074074	32
MST60076	23.294456018518517	31.5
MST60076	23.301400462962963	31
MST60076	23.308344907407406	31
MST60076	23.315289351851852	31.5
MST60076	23.322233796296295	33
MST60076	23.32917824074074	32
MST60076	23.336122685185185	31
MST60076	23.34306712962963	33
MST60076	23.350011574074074	32
MST60076	23.356956018518517	31
MST60076	23.363900462962963	31.5
MST60076	23.370844907407406	31.5
MST60076	23.377789351851852	32
MST60076	23.384733796296295	33
MST60076	23.39167824074074	32.5
MST60076	23.398622685185185	33
MST60076	23.40556712962963	32
MST60076	23.412511574074074	34
MST60076	23.419456018518517	33
MST60076	23.426400462962963	32
MST60076	23.433344907407406	31.5
MST60076	23.440289351851852	31
MST60076	23.447233796296295	31
MST60076	23.45417824074074	31
MST60076	23.461122685185185	31
MST60076	23.46806712962963	31
MST60076	23.475011574074074	31
MST60076	23.481956018518517	31.5
MST60076	23.488900462962963	31.5
MST60076	23.495844907407406	31.5
MST60076	23.502789351851852	31.5
MST60076	23.509733796296295	32.5
MST60076	23.51667824074074	32.5
MST60076	23.523622685185185	32
MST60076	23.53056712962963	32
MST60076	23.537511574074074	31.5
MST60076	23.544456018518517	31.5
MST60076	23.551400462962963	31.5
MST60076	23.558344907407406	31
MST60076	23.565289351851852	31.5
MST60076	23.572233796296295	31.5
MST60076	23.57917824074074	31.5
MST60076	23.586122685185185	31.5
MST60076	23.59306712962963	31.5
MST60076	23.600011574074074	31
MST60076	23.606956018518517	31
MST60076	23.613900462962963	31.5
MST60076	23.620844907407406	31.5
MST60076	23.627789351851852	31.5
MST60076	23.634733796296295	31.5
MST60076	23.64167824074074	31.5
MST60076	23.648622685185185	31
MST60076	23.65556712962963	31
MST60076	23.662511574074074	31
MST60076	23.669456018518517	31
MST60076	23.676400462962963	30.5
MST60076	23.683344907407406	31
MST60076	23.690289351851852	31
MST60076	23.697233796296295	31
MST60076	23.70417824074074	31
MST60076	23.711122685185185	31.5
MST60076	23.71806712962963	31.5
MST60076	23.725011574074074	31.5
MST60076	23.731956018518517	31
MST60076	23.738900462962963	31
MST60076	23.745844907407406	31
MST60076	23.752789351851852	31.5
MST60076	23.759733796296295	31.5
MST60076	23.76667824074074	31.5
MST60076	23.773622685185185	31.5
MST60076	23.78056712962963	31
MST60076	23.787511574074074	31
MST60076	23.794456018518517	31
MST60076	23.801400462962963	31
MST60076	23.808344907407406	30.5
MST60076	23.815289351851852	30
MST60076	23.822233796296295	30
MST60076	23.82917824074074	30
MST60076	23.836122685185185	30
MST60076	23.84306712962963	29.5
MST60076	23.850011574074074	29.5
MST60076	23.856956018518517	28.5
MST60076	23.863900462962963	28.5
MST60076	23.870844907407406	28.5
MST60076	23.877789351851852	28.5
MST60076	23.884733796296295	29.5
MST60076	23.89167824074074	30
MST60076	23.898622685185185	31.5
MST60076	23.90556712962963	31.5
MST60076	23.912511574074074	31
MST60076	23.919456018518517	30.5
MST60076	23.926400462962963	30.5
MST60076	23.933344907407406	30
MST60076	23.940289351851852	29.5
MST60076	23.947233796296295	29
MST60076	23.95417824074074	29
MST60076	23.961122685185185	29
MST60076	23.96806712962963	29
MST60076	23.975011574074074	29
MST60076	23.981956018518517	28.5
MST60076	23.988900462962963	28.5
MST60076	23.995844907407406	29
MST60076	24.002789351851852	29.5
MST60076	24.009733796296295	31
MST60076	24.01667824074074	33
MST60076	24.023622685185185	32
MST60076	24.03056712962963	31.5
MST60076	24.037511574074074	31.5
MST60076	24.044456018518517	33.5
MST60076	24.051400462962963	32.5
MST60076	24.058344907407406	33
MST60076	24.065289351851852	34.5
MST60076	24.072233796296295	32
MST60076	24.07917824074074	32.5
MST60076	24.086122685185185	33
MST60076	24.09306712962963	34.5
MST60076	24.100011574074074	31.5
MST60076	24.106956018518517	32.5
MST60076	24.113900462962963	31
MST60076	24.120844907407406	30.5
MST60076	24.127789351851852	31
MST60076	24.134733796296295	32
MST60076	24.14167824074074	31.5
MST60076	24.148622685185185	30.5
MST60076	24.15556712962963	30.5
MST60076	24.162511574074074	32.5
MST60076	24.169456018518517	32
MST60076	24.176400462962963	30.5
MST60076	24.183344907407406	30
MST60076	24.190289351851852	32
MST60076	24.197233796296295	32
MST60076	24.20417824074074	32
MST60076	24.211122685185185	33.5
MST60076	24.21806712962963	31
MST60076	24.225011574074074	31.5
MST60076	24.231956018518517	30.5
MST60076	24.238900462962963	32
MST60076	24.245844907407406	31.5
MST60076	24.252789351851852	31
MST60076	24.259733796296295	32
MST60076	24.26667824074074	33
MST60076	24.273622685185185	31
MST60076	24.28056712962963	31
MST60076	24.287511574074074	32
MST60076	24.294456018518517	31
MST60076	24.301400462962963	32
MST60076	24.308344907407406	31
MST60076	24.315289351851852	31
MST60076	24.322233796296295	31.5
MST60076	24.32917824074074	33
MST60076	24.336122685185185	32
MST60076	24.34306712962963	31.5
MST60076	24.350011574074074	31.5
MST60076	24.356956018518517	31.5
MST60076	24.363900462962963	31.5
MST60076	24.370844907407406	31.5
MST60076	24.377789351851852	31.5
MST60076	24.384733796296295	31.5
MST60076	24.39167824074074	31
MST60076	24.398622685185185	31
MST60076	24.40556712962963	31
MST60076	24.412511574074074	31
MST60076	24.419456018518517	31.5
MST60076	24.426400462962963	31.5
MST60076	24.433344907407406	31.5
MST60076	24.440289351851852	31.5
MST60076	24.447233796296295	31.5
MST60076	24.45417824074074	31.5
MST60076	24.461122685185185	32
MST60076	24.46806712962963	32
MST60076	24.475011574074074	32
MST60076	24.481956018518517	32
MST60076	24.488900462962963	32
MST60076	24.495844907407406	33
MST60076	24.502789351851852	33
MST60076	24.509733796296295	32.5
MST60076	24.51667824074074	33
MST60076	24.523622685185185	33
MST60076	24.53056712962963	32.5
MST60076	24.537511574074074	32.5
MST60076	24.544456018518517	32.5
MST60076	24.551400462962963	32
MST60076	24.558344907407406	31.5
MST60076	24.565289351851852	31.5
MST60076	24.572233796296295	31
MST60076	24.57917824074074	31
MST60076	24.586122685185185	31.5
MST60076	24.59306712962963	31
MST60076	24.600011574074074	31
MST60076	24.606956018518517	31.5
MST60076	24.613900462962963	31.5
MST60076	24.620844907407406	31
MST60076	24.627789351851852	30.5
MST60076	24.634733796296295	30.5
MST60076	24.64167824074074	30
MST60076	24.648622685185185	30
MST60076	24.65556712962963	30.5
MST60076	24.662511574074074	31
MST60076	24.669456018518517	31.5
MST60076	24.676400462962963	31
MST60076	24.683344907407406	31.5
MST60076	24.690289351851852	32
MST60076	24.697233796296295	32
MST60076	24.70417824074074	32
MST60076	24.711122685185185	32
MST60076	24.71806712962963	32
MST60076	24.725011574074074	32
MST60076	24.731956018518517	32
MST60076	24.738900462962963	32
MST60076	24.745844907407406	32
MST60076	24.752789351851852	31.5
MST60076	24.759733796296295	32
MST60076	24.76667824074074	32
MST60076	24.773622685185185	31.5
MST60076	24.78056712962963	31
MST60076	24.787511574074074	31
MST60076	24.794456018518517	31
MST60076	24.801400462962963	31
MST60076	24.808344907407406	31
MST60076	24.815289351851852	30.5
MST60076	24.822233796296295	30.5
MST60076	24.82917824074074	29.5
MST60076	24.836122685185185	29
MST60076	24.84306712962963	32
MST60076	24.850011574074074	33
MST60076	24.856956018518517	33
MST60076	24.863900462962963	32.5
MST60076	24.870844907407406	32
MST60076	24.877789351851852	31.5
MST60076	24.884733796296295	31
MST60076	24.89167824074074	31
MST60076	24.898622685185185	30.5
MST60076	24.90556712962963	30.5
MST60076	24.912511574074074	30
MST60076	24.919456018518517	30
MST60076	24.926400462962963	30
MST60076	24.933344907407406	29.5
MST60076	24.940289351851852	29.5
MST60076	24.947233796296295	29.5
MST60076	24.95417824074074	30
MST60076	24.961122685185185	31.5
MST60076	24.96806712962963	31.5
MST60076	24.975011574074074	31
MST60076	24.981956018518517	31
MST60076	24.988900462962963	31
MST60076	24.995844907407406	31
MST60076	25.002789351851852	31
MST60076	25.009733796296295	31.5
MST60076	25.016678240740738	33.5
MST60076	25.023622685185185	32.5
MST60076	25.03056712962963	31.5
MST60076	25.037511574074074	30
MST60076	25.044456018518517	30.5
MST60076	25.051400462962963	30
MST60076	25.05834490740741	30.5
MST60076	25.065289351851852	32
MST60076	25.072233796296295	31.5
MST60076	25.079178240740738	31
MST60076	25.086122685185185	35
MST60076	25.09306712962963	36
MST60076	25.100011574074074	31
MST60076	25.106956018518517	30.5
MST60076	25.113900462962963	31
MST60076	25.12084490740741	30.5
MST60076	25.127789351851852	30
MST60076	25.134733796296295	30
MST60076	25.141678240740738	31
MST60076	25.148622685185185	32.5
MST60076	25.15556712962963	32
MST60076	25.162511574074074	30.5
MST60076	25.169456018518517	31.5
MST60076	25.176400462962963	33
MST60076	25.18334490740741	34
MST60076	25.190289351851852	35
MST60076	25.197233796296295	33
MST60076	25.204178240740738	31.5
MST60076	25.211122685185185	31.5
MST60076	25.21806712962963	32
MST60076	25.225011574074074	33
MST60076	25.231956018518517	32
MST60076	25.238900462962963	32
MST60076	25.24584490740741	30.5
MST60076	25.252789351851852	30
MST60076	25.259733796296295	30.5
MST60076	25.266678240740738	30
MST60076	25.273622685185185	31
MST60076	25.28056712962963	32
MST60076	25.287511574074074	30.5
MST60076	25.294456018518517	30
MST60076	25.301400462962963	30.5
MST60076	25.30834490740741	32
MST60076	25.315289351851852	32.5
MST60076	25.322233796296295	31.5
MST60076	25.329178240740738	30
MST60076	25.336122685185185	31
MST60076	25.34306712962963	32
MST60076	25.350011574074074	32.5
MST60076	25.356956018518517	31.5
MST60076	25.363900462962963	31.5
MST60076	25.37084490740741	32
MST60076	25.377789351851852	31.5
MST60076	25.384733796296295	31.5
MST60076	25.391678240740738	33
MST60076	25.398622685185185	33
MST60076	25.40556712962963	32
MST60076	25.412511574074074	32
MST60076	25.419456018518517	31.5
MST60076	25.426400462962963	32
MST60076	25.43334490740741	32
MST60076	25.440289351851852	31.5
MST60076	25.447233796296295	31.5
MST60076	25.454178240740738	32
MST60076	25.461122685185185	32
MST60076	25.46806712962963	32
MST60076	25.475011574074074	32
MST60076	25.481956018518517	32
MST60076	25.488900462962963	32.5
MST60076	25.49584490740741	32.5
MST60076	25.502789351851852	33
MST60076	25.509733796296295	33
MST60076	25.516678240740738	32
MST60076	25.523622685185185	32.5
MST60076	25.53056712962963	32.5
MST60076	25.537511574074074	32.5
MST60076	25.544456018518517	32
MST60076	25.551400462962963	32.5
MST60076	25.55834490740741	32.5
MST60076	25.565289351851852	32
MST60076	25.572233796296295	32
MST60076	25.579178240740738	32
MST60076	25.586122685185185	31.5
MST60076	25.59306712962963	31.5
MST60076	25.600011574074074	32
MST60076	25.606956018518517	32
MST60076	25.613900462962963	32
MST60076	25.62084490740741	32
MST60076	25.627789351851852	32
MST60076	25.634733796296295	32
MST60076	25.641678240740738	32
MST60076	25.648622685185185	32
MST60076	25.65556712962963	32
MST60076	25.662511574074074	32
MST60076	25.669456018518517	32
MST60076	25.676400462962963	31.5
MST60076	25.68334490740741	31.5
MST60076	25.690289351851852	32
MST60076	25.697233796296295	32
MST60076	25.704178240740738	31.5
MST60076	25.711122685185185	31.5
MST60076	25.71806712962963	31.5
MST60076	25.725011574074074	32
MST60076	25.731956018518517	31.5
MST60076	25.738900462962963	32
MST60076	25.74584490740741	31.5
MST60076	25.752789351851852	31.5
MST60076	25.759733796296295	32
MST60076	25.766678240740738	32
MST60076	25.773622685185185	31.5
MST60076	25.78056712962963	31
MST60076	25.787511574074074	31
MST60076	25.794456018518517	31
MST60076	25.801400462962963	31
MST60076	25.80834490740741	30
MST60076	25.815289351851852	29.5
MST60076	25.822233796296295	29.5
MST60076	25.829178240740738	29
MST60076	25.836122685185185	28.5
MST60076	25.84306712962963	28
MST60076	25.850011574074074	28
MST60076	25.856956018518517	27.5
MST60076	25.863900462962963	27.5
MST60076	25.87084490740741	27.5
MST60076	25.877789351851852	27
MST60076	25.884733796296295	27
MST60076	25.891678240740738	26.5
MST60076	25.898622685185185	26.5
MST60076	25.90556712962963	26.5
MST60076	25.912511574074074	26.5
MST60076	25.919456018518517	28.5
MST60076	25.926400462962963	29.5
MST60076	25.93334490740741	30.5
MST60076	25.940289351851852	29.5
MST60076	25.947233796296295	30.5
MST60076	25.954178240740738	31
MST60076	25.961122685185185	30.5
MST60076	25.96806712962963	30.5
MST60076	25.975011574074074	30
MST60076	25.981956018518517	30
MST60076	25.988900462962963	30.5
MST60076	25.99584490740741	31
MST60076	26.002789351851852	31
MST60076	26.009733796296295	32
MST60076	26.016678240740738	32.5
MST60076	26.023622685185185	31.5
MST60076	26.03056712962963	31
MST60076	26.037511574074074	30.5
MST60076	26.044456018518517	33
MST60076	26.051400462962963	34
MST60076	26.05834490740741	30.5
MST60076	26.065289351851852	30.5
MST60076	26.072233796296295	32
MST60076	26.079178240740738	30
MST60076	26.086122685185185	29.5
MST60076	26.09306712962963	30
MST60076	26.100011574074074	30
MST60076	26.106956018518517	31
MST60076	26.113900462962963	31.5
MST60076	26.12084490740741	30.5
MST60076	26.127789351851852	31
MST60076	26.134733796296295	30
MST60076	26.141678240740738	34.5
MST60076	26.148622685185185	32
MST60076	26.15556712962963	33.5
MST60076	26.162511574074074	29.5
MST60076	26.169456018518517	30
MST60076	26.176400462962963	33.5
MST60076	26.18334490740741	34.5
MST60076	26.190289351851852	34
MST60076	26.197233796296295	33.5
MST60076	26.204178240740738	31.5
MST60076	26.211122685185185	31
MST60076	26.21806712962963	32
MST60076	26.225011574074074	30
MST60076	26.231956018518517	29.5
MST60076	26.238900462962963	32.5
MST60076	26.24584490740741	35
MST60076	26.252789351851852	35
MST60076	26.259733796296295	34
MST60076	26.266678240740738	29.5
MST60076	26.273622685185185	31.5
MST60076	26.28056712962963	32
MST60076	26.287511574074074	31
MST60076	26.294456018518517	29.5
MST60076	26.301400462962963	30.5
MST60076	26.30834490740741	31
MST60076	26.315289351851852	30
MST60076	26.322233796296295	30
MST60076	26.329178240740738	31.5
MST60076	26.336122685185185	32
MST60076	26.34306712962963	31
MST60076	26.350011574074074	31.5
MST60076	26.356956018518517	31.5
MST60076	26.363900462962963	33.5
MST60076	26.37084490740741	32
MST60076	26.377789351851852	31.5
MST60076	26.384733796296295	31.5
MST60076	26.391678240740738	31.5
MST60076	26.398622685185185	31
MST60076	26.40556712962963	31.5
MST60076	26.412511574074074	31.5
MST60076	26.419456018518517	32
MST60076	26.426400462962963	31.5
MST60076	26.43334490740741	31.5
MST60076	26.440289351851852	31.5
MST60076	26.447233796296295	31.5
MST60076	26.454178240740738	32
MST60076	26.461122685185185	31.5
MST60076	26.46806712962963	32
MST60076	26.475011574074074	32
MST60076	26.481956018518517	32
MST60076	26.488900462962963	32.5
MST60076	26.49584490740741	32
MST60076	26.502789351851852	32
MST60076	26.509733796296295	32
MST60076	26.516678240740738	32
MST60076	26.523622685185185	31.5
MST60076	26.53056712962963	32
MST60076	26.537511574074074	31
MST60085	17.002094907407407	30.5
MST60085	17.00903935185185	31
MST60085	17.015983796296297	30.5
MST60085	17.02292824074074	32.5
MST60085	17.029872685185186	29.5
MST60085	17.03681712962963	29.5
MST60085	17.043761574074075	31
MST60085	17.050706018518518	29
MST60085	17.057650462962965	31
MST60085	17.064594907407407	32
MST60085	17.07153935185185	31
MST60085	17.078483796296297	31
MST60085	17.08542824074074	31.5
MST60085	17.092372685185186	32
MST60085	17.09931712962963	32
MST60085	17.106261574074075	32
MST60085	17.113206018518518	32.5
MST60085	17.120150462962965	31.5
MST60085	17.127094907407407	33.5
MST60085	17.13403935185185	31.5
MST60085	17.140983796296297	31
MST60085	17.14792824074074	30.5
MST60085	17.154872685185186	31
MST60085	17.16181712962963	32.5
MST60085	17.168761574074075	31
MST60085	17.175706018518518	30
MST60085	17.182650462962965	31.5
MST60085	17.189594907407407	32.5
MST60085	17.19653935185185	31.5
MST60085	17.203483796296297	30.5
MST60085	17.21042824074074	31
MST60085	17.217372685185186	31
MST60085	17.22431712962963	32.5
MST60085	17.231261574074075	30
MST60085	17.238206018518518	30
MST60085	17.245150462962965	31
MST60085	17.252094907407407	30
MST60085	17.25903935185185	28
MST60085	17.265983796296297	27
MST60085	17.27292824074074	28.5
MST60085	17.279872685185186	28.5
MST60085	17.28681712962963	28
MST60085	17.293761574074075	31
MST60085	17.300706018518518	29.5
MST60085	17.307650462962965	27.5
MST60085	17.314594907407407	31
MST60085	17.32153935185185	30.5
MST60085	17.328483796296297	29.5
MST60085	17.33542824074074	29
MST60085	17.342372685185186	30.5
MST60085	17.34931712962963	30.5
MST60085	17.356261574074075	31
MST60085	17.363206018518518	31.5
MST60085	17.370150462962965	31
MST60085	17.377094907407407	31
MST60085	17.38403935185185	31
MST60085	17.390983796296297	30.5
MST60085	17.39792824074074	31
MST60085	17.404872685185186	31
MST60085	17.41181712962963	30.5
MST60085	17.418761574074075	31.5
MST60085	17.425706018518518	31
MST60085	17.432650462962965	31
MST60085	17.439594907407407	30.5
MST60085	17.44653935185185	31
MST60085	17.453483796296297	31.5
MST60085	17.46042824074074	31
MST60085	17.467372685185186	31
MST60085	17.47431712962963	31.5
MST60085	17.481261574074075	31
MST60085	17.488206018518518	31.5
MST60085	17.495150462962965	31.5
MST60085	17.502094907407407	31
MST60085	17.50903935185185	31
MST60085	17.515983796296297	30.5
MST60085	17.52292824074074	31
MST60085	17.529872685185186	30.5
MST60085	17.53681712962963	30
MST60085	17.543761574074075	30
MST60085	17.550706018518518	30
MST60085	17.557650462962965	30
MST60085	17.564594907407407	29.5
MST60085	17.57153935185185	29
MST60085	17.578483796296297	28.5
MST60085	17.58542824074074	28.5
MST60085	17.592372685185186	28.5
MST60085	17.59931712962963	28.5
MST60085	17.606261574074075	28.5
MST60085	17.613206018518518	28.5
MST60085	17.620150462962965	29.5
MST60085	17.627094907407407	30
MST60085	17.63403935185185	30.5
MST60085	17.640983796296297	31.5
MST60085	17.64792824074074	31.5
MST60085	17.654872685185186	31.5
MST60085	17.66181712962963	31.5
MST60085	17.668761574074075	31.5
MST60085	17.675706018518518	31
MST60085	17.682650462962965	31
MST60085	17.689594907407407	30
MST60085	17.69653935185185	31
MST60085	17.703483796296297	31.5
MST60085	17.71042824074074	31.5
MST60085	17.717372685185186	31
MST60085	17.72431712962963	31
MST60085	17.731261574074075	31
MST60085	17.738206018518518	31.5
MST60085	17.745150462962965	31.5
MST60085	17.752094907407407	31
MST60085	17.75903935185185	31
MST60085	17.765983796296297	30.5
MST60085	17.77292824074074	31
MST60085	17.779872685185186	31
MST60085	17.78681712962963	31
MST60085	17.793761574074075	31
MST60085	17.800706018518518	30.5
MST60085	17.807650462962965	30.5
MST60085	17.814594907407407	30
MST60085	17.82153935185185	29
MST60085	17.828483796296297	28.5
MST60085	17.83542824074074	28
MST60085	17.842372685185186	28
MST60085	17.84931712962963	28
MST60085	17.856261574074075	27.5
MST60085	17.863206018518518	28
MST60085	17.870150462962965	29.5
MST60085	17.877094907407407	29
MST60085	17.88403935185185	31.5
MST60085	17.890983796296297	31
MST60085	17.89792824074074	30.5
MST60085	17.904872685185186	30.5
MST60085	17.91181712962963	30
MST60085	17.918761574074075	31
MST60085	17.925706018518518	31
MST60085	17.932650462962965	30
MST60085	17.939594907407407	29.5
MST60085	17.94653935185185	29
MST60085	17.953483796296297	29
MST60085	17.96042824074074	29.5
MST60085	17.967372685185186	30.5
MST60085	17.97431712962963	32.5
MST60085	17.981261574074075	31
MST60085	17.988206018518518	31.5
MST60085	17.995150462962965	31
MST60085	18.002094907407407	29.5
MST60085	18.00903935185185	29.5
MST60085	18.015983796296297	31
MST60085	18.02292824074074	31.5
MST60085	18.029872685185186	30.5
MST60085	18.03681712962963	30.5
MST60085	18.043761574074075	31
MST60085	18.050706018518518	30
MST60085	18.057650462962965	32
MST60085	18.064594907407407	31.5
MST60085	18.07153935185185	31.5
MST60085	18.078483796296297	29.5
MST60085	18.08542824074074	31
MST60085	18.092372685185186	29.5
MST60085	18.09931712962963	28.5
MST60085	18.106261574074075	31.5
MST60085	18.113206018518518	31
MST60085	18.120150462962965	32
MST60085	18.127094907407407	33
MST60085	18.13403935185185	32
MST60085	18.140983796296297	32
MST60085	18.14792824074074	32.5
MST60085	18.154872685185186	32
MST60085	18.16181712962963	33
MST60085	18.168761574074075	31.5
MST60085	18.175706018518518	31
MST60085	18.182650462962965	32
MST60085	18.189594907407407	32.5
MST60085	18.19653935185185	31.5
MST60085	18.203483796296297	33
MST60085	18.21042824074074	31.5
MST60085	18.217372685185186	32.5
MST60085	18.22431712962963	33.5
MST60085	18.231261574074075	30.5
MST60085	18.238206018518518	31
MST60085	18.245150462962965	31
MST60085	18.252094907407407	29
MST60085	18.25903935185185	28.5
MST60085	18.265983796296297	31.5
MST60085	18.27292824074074	31
MST60085	18.279872685185186	31
MST60085	18.28681712962963	31
MST60085	18.293761574074075	30.5
MST60085	18.300706018518518	31
MST60085	18.307650462962965	31.5
MST60085	18.314594907407407	32
MST60085	18.32153935185185	31.5
MST60085	18.328483796296297	31
MST60085	18.33542824074074	31
MST60085	18.342372685185186	31
MST60085	18.34931712962963	30.5
MST60085	18.356261574074075	31
MST60085	18.363206018518518	31
MST60085	18.370150462962965	31
MST60085	18.377094907407407	31
MST60085	18.38403935185185	31.5
MST60085	18.390983796296297	32
MST60085	18.39792824074074	31.5
MST60085	18.404872685185186	32
MST60085	18.41181712962963	31.5
MST60085	18.418761574074075	31.5
MST60085	18.425706018518518	31.5
MST60085	18.432650462962965	31.5
MST60085	18.439594907407407	31.5
MST60085	18.44653935185185	31.5
MST60085	18.453483796296297	31
MST60085	18.46042824074074	31
MST60085	18.467372685185186	31.5
MST60085	18.47431712962963	31.5
MST60085	18.481261574074075	31
MST60085	18.488206018518518	31
MST60085	18.495150462962965	30.5
MST60085	18.502094907407407	30.5
MST60085	18.50903935185185	30
MST60085	18.515983796296297	30
MST60085	18.52292824074074	30
MST60085	18.529872685185186	31
MST60085	18.53681712962963	30.5
MST60085	18.543761574074075	31
MST60085	18.550706018518518	31
MST60085	18.557650462962965	31
MST60085	18.564594907407407	31
MST60085	18.57153935185185	31.5
MST60085	18.578483796296297	31.5
MST60085	18.58542824074074	31.5
MST60085	18.592372685185186	31.5
MST60085	18.59931712962963	31.5
MST60085	18.606261574074075	32
MST60085	18.613206018518518	31.5
MST60085	18.620150462962965	31.5
MST60085	18.627094907407407	32
MST60085	18.63403935185185	32
MST60085	18.640983796296297	32
MST60085	18.64792824074074	32
MST60085	18.654872685185186	31
MST60085	18.66181712962963	31
MST60085	18.668761574074075	30.5
MST60085	18.675706018518518	30.5
MST60085	18.682650462962965	30.5
MST60085	18.689594907407407	30.5
MST60085	18.69653935185185	31
MST60085	18.703483796296297	31.5
MST60085	18.71042824074074	31.5
MST60085	18.717372685185186	31
MST60085	18.72431712962963	31
MST60085	18.731261574074075	31
MST60085	18.738206018518518	31
MST60085	18.745150462962965	31.5
MST60085	18.752094907407407	31
MST60085	18.75903935185185	31
MST60085	18.765983796296297	30.5
MST60085	18.77292824074074	30.5
MST60085	18.779872685185186	31
MST60085	18.78681712962963	32
MST60085	18.793761574074075	31.5
MST60085	18.800706018518518	32
MST60085	18.807650462962965	31.5
MST60085	18.814594907407407	31
MST60085	18.82153935185185	31.5
MST60085	18.828483796296297	31
MST60085	18.83542824074074	30.5
MST60085	18.842372685185186	29.5
MST60085	18.84931712962963	28.5
MST60085	18.856261574074075	28
MST60085	18.863206018518518	28
MST60085	18.870150462962965	28
MST60085	18.877094907407407	28.5
MST60085	18.88403935185185	29.5
MST60085	18.890983796296297	29
MST60085	18.89792824074074	29.5
MST60085	18.904872685185186	29.5
MST60085	18.91181712962963	28.5
MST60085	18.918761574074075	28
MST60085	18.925706018518518	29
MST60085	18.932650462962965	31
MST60085	18.939594907407407	31
MST60085	18.94653935185185	30
MST60085	18.953483796296297	29.5
MST60085	18.96042824074074	29.5
MST60085	18.967372685185186	30
MST60085	18.97431712962963	33
MST60085	18.981261574074075	32
MST60085	18.988206018518518	32
MST60085	18.995150462962965	31
MST60085	19.002094907407407	33
MST60085	19.009039351851854	32
MST60085	19.015983796296297	31
MST60085	19.02292824074074	29
MST60085	19.029872685185186	32
MST60085	19.03681712962963	33
MST60085	19.043761574074075	32
MST60085	19.050706018518518	33.5
MST60085	19.057650462962965	32
MST60085	19.064594907407407	31.5
MST60085	19.071539351851854	31
MST60085	19.078483796296297	29.5
MST60085	19.08542824074074	32
MST60085	19.092372685185186	32
MST60085	19.09931712962963	29.5
MST60085	19.106261574074075	33
MST60085	19.113206018518518	34
MST60085	19.120150462962965	33
MST60085	19.127094907407407	33.5
MST60085	19.134039351851854	32.5
MST60085	19.140983796296297	31.5
MST60085	19.14792824074074	31.5
MST60085	19.154872685185186	31.5
MST60085	19.16181712962963	29
MST60085	19.168761574074075	32
MST60085	19.175706018518518	31
MST60085	19.182650462962965	30
MST60085	19.189594907407407	29
MST60085	19.196539351851854	28.5
MST60085	19.203483796296297	28.5
MST60085	19.21042824074074	28.5
MST60085	19.217372685185186	28.5
MST60085	19.22431712962963	29.5
MST60085	19.231261574074075	30.5
MST60085	19.238206018518518	31.5
MST60085	19.245150462962965	32
MST60085	19.252094907407407	32
MST60085	19.259039351851854	31.5
MST60085	19.265983796296297	31.5
MST60085	19.27292824074074	31
MST60085	19.279872685185186	31
MST60085	19.28681712962963	31
MST60085	19.293761574074075	31
MST60085	19.300706018518518	31
MST60085	19.307650462962965	30.5
MST60085	19.314594907407407	31
MST60085	19.321539351851854	31.5
MST60085	19.328483796296297	31.5
MST60085	19.33542824074074	31
MST60085	19.342372685185186	31
MST60085	19.34931712962963	31.5
MST60085	19.356261574074075	31.5
MST60085	19.363206018518518	31.5
MST60085	19.370150462962965	32
MST60085	19.377094907407407	32
MST60085	19.384039351851854	32.5
MST60085	19.390983796296297	32.5
MST60085	19.39792824074074	31.5
MST60085	19.404872685185186	32
MST60085	19.41181712962963	31.5
MST60085	19.418761574074075	31.5
MST60085	19.425706018518518	31.5
MST60085	19.432650462962965	31.5
MST60085	19.439594907407407	31
MST60085	19.446539351851854	31
MST60085	19.453483796296297	31
MST60085	19.46042824074074	31
MST60085	19.467372685185186	31
MST60085	19.47431712962963	31
MST60085	19.481261574074075	31
MST60085	19.488206018518518	31.5
MST60085	19.495150462962965	31
MST60085	19.502094907407407	31
MST60085	19.509039351851854	31
MST60085	19.515983796296297	31
MST60085	19.52292824074074	31
MST60085	19.529872685185186	31
MST60085	19.53681712962963	30
MST60085	19.543761574074075	29.5
MST60085	19.550706018518518	29
MST60085	19.557650462962965	28.5
MST60085	19.564594907407407	28.5
MST60085	19.571539351851854	29
MST60085	19.578483796296297	29.5
MST60085	19.58542824074074	30
MST60085	19.592372685185186	31
MST60085	19.59931712962963	31.5
MST60085	19.606261574074075	31
MST60085	19.613206018518518	30.5
MST60085	19.620150462962965	30.5
MST60085	19.627094907407407	31
MST60085	19.634039351851854	31
MST60085	19.640983796296297	31.5
MST60085	19.64792824074074	31.5
MST60085	19.654872685185186	31
MST60085	19.66181712962963	31.5
MST60085	19.668761574074075	31
MST60085	19.675706018518518	31.5
MST60085	19.682650462962965	31
MST60085	19.689594907407407	31
MST60085	19.696539351851854	31
MST60085	19.703483796296297	30.5
MST60085	19.71042824074074	30.5
MST60085	19.717372685185186	31
MST60085	19.72431712962963	31.5
MST60085	19.731261574074075	31.5
MST60085	19.738206018518518	31
MST60085	19.745150462962965	30.5
MST60085	19.752094907407407	30
MST60085	19.759039351851854	29.5
MST60085	19.765983796296297	29.5
MST60085	19.77292824074074	28.5
MST60085	19.779872685185186	28
MST60085	19.78681712962963	27.5
MST60085	19.793761574074075	27
MST60085	19.800706018518518	29
MST60085	19.807650462962965	31
MST60085	19.814594907407407	31.5
MST60085	19.821539351851854	31.5
MST60085	19.828483796296297	31
MST60085	19.83542824074074	30
MST60085	19.842372685185186	30
MST60085	19.84931712962963	30
MST60085	19.856261574074075	30.5
MST60085	19.863206018518518	30
MST60085	19.87015046296296	30
MST60085	19.877094907407407	30
MST60085	19.88403935185185	29
MST60085	19.890983796296297	28.5
MST60085	19.89792824074074	27.5
MST60085	19.904872685185186	27
MST60085	19.91181712962963	26.5
MST60085	19.918761574074075	27.5
MST60085	19.925706018518518	28
MST60085	19.93265046296296	28
MST60085	19.939594907407407	28
MST60085	19.94653935185185	29
MST60085	19.953483796296297	29.5
MST60085	19.96042824074074	30.5
MST60085	19.967372685185186	30.5
MST60085	19.97431712962963	31.5
MST60085	19.981261574074075	32
MST60085	19.988206018518518	32
MST60085	19.99515046296296	31
MST60085	20.002094907407407	31.5
MST60085	20.00903935185185	30.5
MST60085	20.015983796296297	32
MST60085	20.02292824074074	31
MST60085	20.029872685185186	30.5
MST60085	20.03681712962963	30
MST60085	20.043761574074075	31.5
MST60085	20.050706018518518	31.5
MST60085	20.05765046296296	30.5
MST60085	20.064594907407407	33
MST60085	20.07153935185185	32.5
MST60085	20.078483796296297	33
MST60085	20.08542824074074	31
MST60085	20.092372685185186	31
MST60085	20.09931712962963	31
MST60085	20.106261574074075	34
MST60085	20.113206018518518	30.5
MST60085	20.12015046296296	32.5
MST60085	20.127094907407407	30.5
MST60085	20.13403935185185	29.5
MST60085	20.140983796296297	30
MST60085	20.14792824074074	31.5
MST60085	20.154872685185186	29.5
MST60085	20.16181712962963	31
MST60085	20.168761574074075	32
MST60085	20.175706018518518	33.5
MST60085	20.18265046296296	31
MST60085	20.189594907407407	31.5
MST60085	20.19653935185185	31.5
MST60085	20.203483796296297	31.5
MST60085	20.21042824074074	31
MST60085	20.217372685185186	30
MST60085	20.22431712962963	30.5
MST60085	20.231261574074075	31
MST60085	20.238206018518518	30
MST60085	20.24515046296296	30
MST60085	20.252094907407407	30
MST60085	20.25903935185185	30.5
MST60085	20.265983796296297	31
MST60085	20.27292824074074	31.5
MST60085	20.279872685185186	32
MST60085	20.28681712962963	32
MST60085	20.293761574074075	31
MST60085	20.300706018518518	30.5
MST60085	20.30765046296296	30.5
MST60085	20.314594907407407	30.5
MST60085	20.32153935185185	30.5
MST60085	20.328483796296297	31
MST60085	20.33542824074074	31
MST60085	20.342372685185186	30.5
MST60085	20.34931712962963	31
MST60085	20.356261574074075	30
MST60085	20.363206018518518	30.5
MST60085	20.37015046296296	30.5
MST60085	20.377094907407407	30.5
MST60085	20.38403935185185	31.5
MST60085	20.390983796296297	32.5
MST60085	20.39792824074074	31.5
MST60085	20.404872685185186	32
MST60085	20.41181712962963	32.5
MST60085	20.418761574074075	32.5
MST60085	20.425706018518518	32.5
MST60085	20.43265046296296	33
MST60085	20.439594907407407	32.5
MST60085	20.44653935185185	32.5
MST60085	20.453483796296297	32.5
MST60085	20.46042824074074	32.5
MST60085	20.467372685185186	33
MST60085	20.47431712962963	33
MST60085	20.481261574074075	32.5
MST60085	20.488206018518518	32.5
MST60085	20.49515046296296	32.5
MST60085	20.502094907407407	32.5
MST60085	20.50903935185185	32.5
MST60085	20.515983796296297	32.5
MST60085	20.52292824074074	32
MST60085	20.529872685185186	32
MST60085	20.53681712962963	32
MST60085	20.543761574074075	32
MST60085	20.550706018518518	32
MST60085	20.55765046296296	31.5
MST60085	20.564594907407407	31.5
MST60085	20.57153935185185	32
MST60085	20.578483796296297	31.5
MST60085	20.58542824074074	31.5
MST60085	20.592372685185186	31
MST60085	20.59931712962963	31.5
MST60085	20.606261574074075	31.5
MST60085	20.613206018518518	31
MST60085	20.62015046296296	31
MST60085	20.627094907407407	31
MST60085	20.63403935185185	31.5
MST60085	20.640983796296297	31.5
MST60085	20.64792824074074	31.5
MST60085	20.654872685185186	31.5
MST60085	20.66181712962963	32
MST60085	20.668761574074075	31.5
MST60085	20.675706018518518	31.5
MST60085	20.68265046296296	31.5
MST60085	20.689594907407407	31.5
MST60085	20.69653935185185	31.5
MST60085	20.703483796296297	31.5
MST60085	20.71042824074074	31.5
MST60085	20.717372685185186	31
MST60085	20.72431712962963	31.5
MST60085	20.731261574074075	30.5
MST60085	20.738206018518518	31
MST60085	20.74515046296296	31
MST60085	20.752094907407407	31
MST60085	20.75903935185185	30.5
MST60085	20.765983796296297	31
MST60085	20.77292824074074	30.5
MST60085	20.779872685185186	30
MST60085	20.78681712962963	29.5
MST60085	20.793761574074075	31
MST60085	20.800706018518518	31
MST60085	20.80765046296296	30.5
MST60085	20.814594907407407	31
MST60085	20.82153935185185	32.5
MST60085	20.828483796296297	31
MST60085	20.83542824074074	30
MST60085	20.842372685185186	30.5
MST60085	20.84931712962963	30
MST60085	20.856261574074075	29.5
MST60085	20.863206018518518	29.5
MST60085	20.87015046296296	29.5
MST60085	20.877094907407407	30.5
MST60085	20.88403935185185	30
MST60085	20.890983796296297	30.5
MST60085	20.89792824074074	30
MST60085	20.904872685185186	29.5
MST60085	20.91181712962963	30
MST60085	20.918761574074075	30.5
MST60085	20.925706018518518	31
MST60085	20.93265046296296	30
MST60085	20.939594907407407	30
MST60085	20.94653935185185	30
MST60085	20.953483796296297	30
MST60085	20.96042824074074	29.5
MST60085	20.967372685185186	30
MST60085	20.97431712962963	31.5
MST60085	20.981261574074075	31.5
MST60085	20.988206018518518	31.5
MST60085	20.99515046296296	30.5
MST60085	21.002094907407407	31
MST60085	21.009039351851854	31.5
MST60085	21.015983796296297	32.5
MST60085	21.02292824074074	30.5
MST60085	21.029872685185186	31.5
MST60085	21.03681712962963	34
MST60085	21.043761574074075	33.5
MST60085	21.050706018518518	32.5
MST60085	21.05765046296296	32.5
MST60085	21.064594907407407	32.5
MST60085	21.071539351851854	32.5
MST60085	21.078483796296297	31.5
MST60085	21.08542824074074	31.5
MST60085	21.092372685185186	31.5
MST60085	21.09931712962963	31.5
MST60085	21.106261574074075	31.5
MST60085	21.113206018518518	31
MST60085	21.12015046296296	30.5
MST60085	21.127094907407407	32
MST60085	21.134039351851854	31.5
MST60085	21.140983796296297	31.5
MST60085	21.14792824074074	31.5
MST60085	21.154872685185186	31
MST60085	21.16181712962963	31.5
MST60085	21.168761574074075	31.5
MST60085	21.175706018518518	31
MST60085	21.18265046296296	32.5
MST60085	21.189594907407407	31
MST60085	21.196539351851854	32.5
MST60085	21.203483796296297	31
MST60085	21.21042824074074	31
MST60085	21.217372685185186	30.5
MST60085	21.22431712962963	28.5
MST60085	21.231261574074075	28
MST60085	21.238206018518518	30
MST60085	21.24515046296296	32
MST60085	21.252094907407407	32.5
MST60085	21.259039351851854	32.5
MST60085	21.265983796296297	32
MST60085	21.27292824074074	30.5
MST60085	21.279872685185186	31.5
MST60085	21.28681712962963	30.5
MST60085	21.293761574074075	29.5
MST60085	21.300706018518518	31.5
MST60085	21.30765046296296	31.5
MST60085	21.314594907407407	33
MST60085	21.321539351851854	30
MST60085	21.328483796296297	30.5
MST60085	21.33542824074074	29.5
MST60085	21.342372685185186	29
MST60085	21.34931712962963	31.5
MST60085	21.356261574074075	31.5
MST60085	21.363206018518518	32
MST60085	21.37015046296296	32
MST60085	21.377094907407407	30
MST60085	21.384039351851854	31
MST60085	21.390983796296297	30.5
MST60085	21.39792824074074	28
MST60085	21.404872685185186	27.5
MST60085	21.41181712962963	30.5
MST60085	21.418761574074075	31
MST60085	21.425706018518518	31.5
MST60085	21.43265046296296	31
MST60085	21.439594907407407	32.5
MST60085	21.446539351851854	31.5
MST60085	21.453483796296297	30.5
MST60085	21.46042824074074	31.5
MST60085	21.467372685185186	31.5
MST60085	21.47431712962963	30.5
MST60085	21.481261574074075	31
MST60085	21.488206018518518	30
MST60085	21.49515046296296	30.5
MST60085	21.502094907407407	31
MST60085	21.509039351851854	31
MST60085	21.515983796296297	31
MST60085	21.52292824074074	31
MST60085	21.529872685185186	30.5
MST60085	21.53681712962963	30
MST60085	21.543761574074075	30
MST60085	21.550706018518518	30
MST60085	21.55765046296296	30
MST60085	21.564594907407407	30
MST60085	21.571539351851854	30
MST60085	21.578483796296297	30.5
MST60085	21.58542824074074	29.5
MST60085	21.592372685185186	31
MST60085	21.59931712962963	31.5
MST60085	21.606261574074075	30
MST60085	21.613206018518518	31.5
MST60085	21.62015046296296	31
MST60085	21.627094907407407	30.5
MST60085	21.634039351851854	30.5
MST60085	21.640983796296297	31.5
MST60085	21.64792824074074	32
MST60085	21.654872685185186	32.5
MST60085	21.66181712962963	33
MST60085	21.668761574074075	32
MST60085	21.675706018518518	32
MST60085	21.68265046296296	31
MST60085	21.689594907407407	31.5
MST60085	21.696539351851854	31.5
MST60085	21.703483796296297	31
MST60085	21.71042824074074	29.5
MST60085	21.717372685185186	29
MST60085	21.72431712962963	29
MST60085	21.731261574074075	28.5
MST60085	21.738206018518518	29
MST60085	21.74515046296296	29
MST60085	21.752094907407407	30
MST60085	21.759039351851854	30.5
MST60085	21.765983796296297	29.5
MST60085	21.77292824074074	30.5
MST60085	21.779872685185186	30.5
MST60085	21.78681712962963	30.5
MST60085	21.793761574074075	30.5
MST60085	21.800706018518518	30.5
MST60085	21.80765046296296	31
MST60085	21.814594907407407	31
MST60085	21.821539351851854	31
MST60085	21.828483796296297	31.5
MST60085	21.83542824074074	31
MST60085	21.842372685185186	31
MST60085	21.84931712962963	30.5
MST60085	21.856261574074075	31
MST60085	21.863206018518518	31.5
MST60085	21.87015046296296	31.5
MST60085	21.877094907407407	31.5
MST60085	21.884039351851854	31
MST60085	21.890983796296297	31.5
MST60085	21.89792824074074	31
MST60085	21.904872685185186	31.5
MST60085	21.91181712962963	30.5
MST60085	21.918761574074075	30.5
MST60085	21.925706018518518	32.5
MST60085	21.93265046296296	32.5
MST60085	21.939594907407407	33
MST60085	21.946539351851854	32
MST60085	21.953483796296297	31.5
MST60085	21.96042824074074	30
MST60085	21.967372685185186	30
MST60085	21.97431712962963	30.5
MST60085	21.981261574074075	31
MST60085	21.988206018518518	31.5
MST60085	21.99515046296296	31
MST60085	22.002094907407407	31
MST60085	22.009039351851854	31.5
MST60085	22.015983796296297	28.5
MST60085	22.02292824074074	28.5
MST60085	22.029872685185186	32
MST60085	22.03681712962963	33
MST60085	22.043761574074075	31
MST60085	22.050706018518518	33.5
MST60085	22.05765046296296	34
MST60085	22.064594907407407	32
MST60085	22.071539351851854	32
MST60085	22.078483796296297	32
MST60085	22.08542824074074	31.5
MST60085	22.092372685185186	31
MST60085	22.09931712962963	31.5
MST60085	22.106261574074075	30.5
MST60085	22.113206018518518	33.5
MST60085	22.12015046296296	32
MST60085	22.127094907407407	31.5
MST60085	22.134039351851854	31.5
MST60085	22.140983796296297	31
MST60085	22.14792824074074	31.5
MST60085	22.154872685185186	31.5
MST60085	22.16181712962963	31.5
MST60085	22.168761574074075	32
MST60085	22.175706018518518	31.5
MST60085	22.18265046296296	30.5
MST60085	22.189594907407407	31
MST60085	22.196539351851854	31
MST60085	22.203483796296297	32
MST60085	22.21042824074074	31
MST60085	22.217372685185186	31
MST60085	22.22431712962963	31.5
MST60085	22.231261574074075	31.5
MST60085	22.238206018518518	31
MST60085	22.24515046296296	31
MST60085	22.252094907407407	30.5
MST60085	22.259039351851854	30.5
MST60085	22.265983796296297	31.5
MST60085	22.27292824074074	28
MST60085	22.279872685185186	30.5
MST60085	22.28681712962963	30.5
MST60085	22.293761574074075	32.5
MST60085	22.300706018518518	33
MST60085	22.30765046296296	31
MST60085	22.314594907407407	29.5
MST60085	22.321539351851854	31
MST60085	22.328483796296297	31.5
MST60085	22.33542824074074	30.5
MST60085	22.342372685185186	31
MST60085	22.34931712962963	32
MST60085	22.356261574074075	30.5
MST60085	22.363206018518518	29
MST60085	22.37015046296296	28.5
MST60085	22.377094907407407	31.5
MST60085	22.384039351851854	31.5
MST60085	22.390983796296297	31
MST60085	22.39792824074074	31.5
MST60085	22.404872685185186	31
MST60085	22.41181712962963	29.5
MST60085	22.418761574074075	31.5
MST60085	22.425706018518518	30
MST60085	22.43265046296296	30
MST60085	22.439594907407407	29.5
MST60085	22.446539351851854	29.5
MST60085	22.453483796296297	30
MST60085	22.46042824074074	30
MST60085	22.467372685185186	31.5
MST60085	22.47431712962963	30.5
MST60085	22.481261574074075	30.5
MST60085	22.488206018518518	30.5
MST60085	22.49515046296296	30
MST60085	22.502094907407407	30.5
MST60085	22.509039351851854	30
MST60085	22.515983796296297	30.5
MST60085	22.52292824074074	30.5
MST60085	22.529872685185186	30.5
MST60085	22.53681712962963	30.5
MST60085	22.543761574074075	30.5
MST60085	22.550706018518518	30
MST60085	22.55765046296296	30
MST60085	22.564594907407407	30
MST60085	22.571539351851854	30
MST60085	22.578483796296297	30
MST60085	22.58542824074074	30
MST60085	22.592372685185186	30
MST60085	22.59931712962963	30
MST60085	22.606261574074075	30
MST60085	22.613206018518518	30.5
MST60085	22.62015046296296	30
MST60085	22.627094907407407	30
MST60085	22.634039351851854	30
MST60085	22.640983796296297	30
MST60085	22.64792824074074	30
MST60085	22.654872685185186	30
MST60085	22.66181712962963	30
MST60085	22.668761574074075	30
MST60085	22.675706018518518	30.5
MST60085	22.68265046296296	30
MST60085	22.689594907407407	29.5
MST60085	22.696539351851854	30
MST60085	22.703483796296297	30.5
MST60085	22.71042824074074	30
MST60085	22.717372685185186	30
MST60085	22.72431712962963	29.5
MST60085	22.731261574074075	30
MST60085	22.738206018518518	30
MST60085	22.74515046296296	30
MST60085	22.752094907407407	30
MST60085	22.759039351851854	31
MST60085	22.765983796296297	31
MST60085	22.77292824074074	30.5
MST60085	22.779872685185186	30.5
MST60085	22.78681712962963	30.5
MST60085	22.793761574074075	31
MST60085	22.800706018518518	30.5
MST60085	22.80765046296296	31
MST60085	22.814594907407407	31
MST60085	22.821539351851854	32.5
MST60085	22.828483796296297	30.5
MST60085	22.83542824074074	31
MST60085	22.842372685185186	30.5
MST60085	22.84931712962963	30.5
MST60085	22.856261574074075	31
MST60085	22.863206018518518	30.5
MST60085	22.87015046296296	30
MST60085	22.877094907407407	30
MST60085	22.884039351851854	30
MST60085	22.890983796296297	30
MST60085	22.89792824074074	30
MST60085	22.904872685185186	30
MST60085	22.91181712962963	29.5
MST60085	22.918761574074075	29.5
MST60085	22.925706018518518	29.5
MST60085	22.93265046296296	30
MST60085	22.939594907407407	30
MST60085	22.946539351851854	30
MST60085	22.953483796296297	29.5
MST60085	22.96042824074074	29.5
MST60085	22.967372685185186	30.5
MST60085	22.97431712962963	31
MST60085	22.981261574074075	31.5
MST60085	22.988206018518518	31.5
MST60085	22.99515046296296	31
MST60085	23.002094907407407	31
MST60085	23.009039351851854	31
MST60085	23.015983796296297	31
MST60085	23.02292824074074	32
MST60085	23.029872685185186	31.5
MST60085	23.03681712962963	31
MST60085	23.043761574074075	30.5
MST60085	23.050706018518518	32
MST60085	23.05765046296296	30.5
MST60085	23.064594907407407	30
MST60085	23.071539351851854	32
MST60085	23.078483796296297	29.5
MST60085	23.08542824074074	30
MST60085	23.092372685185186	31
MST60085	23.09931712962963	31
MST60085	23.106261574074075	30
MST60085	23.113206018518518	32.5
MST60085	23.12015046296296	31
MST60085	23.127094907407407	29
MST60085	23.134039351851854	27.5
MST60085	23.140983796296297	31.5
MST60085	23.14792824074074	34
MST60085	23.154872685185186	34
MST60085	23.16181712962963	32.5
MST60085	23.168761574074075	32
MST60085	23.175706018518518	32
MST60085	23.18265046296296	30.5
MST60085	23.189594907407407	31.5
MST60085	23.196539351851854	31
MST60085	23.203483796296297	30.5
MST60085	23.21042824074074	31.5
MST60085	23.217372685185186	29
MST60085	23.22431712962963	31
MST60085	23.231261574074075	31
MST60085	23.238206018518518	27
MST60085	23.24515046296296	28
MST60085	23.252094907407407	31.5
MST60085	23.259039351851854	28.5
MST60085	23.265983796296297	28
MST60085	23.27292824074074	28.5
MST60085	23.279872685185186	30.5
MST60085	23.28681712962963	31
MST60085	23.293761574074075	29.5
MST60085	23.300706018518518	29
MST60085	23.30765046296296	28.5
MST60085	23.314594907407407	29.5
MST60085	23.321539351851854	29.5
MST60085	23.328483796296297	30
MST60085	23.33542824074074	29.5
MST60085	23.342372685185186	30
MST60085	23.34931712962963	30
MST60085	23.356261574074075	30.5
MST60085	23.363206018518518	30
MST60085	23.37015046296296	30.5
MST60085	23.377094907407407	30
MST60085	23.384039351851854	30.5
MST60085	23.390983796296297	30.5
MST60085	23.39792824074074	31
MST60085	23.404872685185186	31
MST60085	23.41181712962963	30.5
MST60085	23.418761574074075	30.5
MST60085	23.425706018518518	30.5
MST60085	23.43265046296296	31.5
MST60085	23.439594907407407	32
MST60085	23.446539351851854	31
MST60085	23.453483796296297	31.5
MST60085	23.46042824074074	33
MST60085	23.467372685185186	34
MST60085	23.47431712962963	32.5
MST60085	23.481261574074075	31.5
MST60085	23.488206018518518	30.5
MST60085	23.49515046296296	30.5
MST60085	23.502094907407407	30.5
MST60085	23.509039351851854	29.5
MST60085	23.515983796296297	30.5
MST60085	23.52292824074074	31.5
MST60085	23.529872685185186	31.5
MST60085	23.53681712962963	31
MST60085	23.543761574074075	31.5
MST60085	23.550706018518518	30.5
MST60085	23.55765046296296	28.5
MST60085	23.564594907407407	28.5
MST60085	23.571539351851854	30.5
MST60085	23.578483796296297	30.5
MST60085	23.58542824074074	31
MST60085	23.592372685185186	31
MST60085	23.59931712962963	30.5
MST60085	23.606261574074075	30.5
MST60085	23.613206018518518	30
MST60085	23.62015046296296	30.5
MST60085	23.627094907407407	31
MST60085	23.634039351851854	31
MST60085	23.640983796296297	31
MST60085	23.64792824074074	31
MST60085	23.654872685185186	30.5
MST60085	23.66181712962963	31
MST60085	23.668761574074075	31
MST60085	23.675706018518518	31.5
MST60085	23.68265046296296	30
MST60085	23.689594907407407	30.5
MST60085	23.696539351851854	31
MST60085	23.703483796296297	30.5
MST60085	23.71042824074074	31
MST60085	23.717372685185186	31
MST60085	23.72431712962963	31
MST60085	23.731261574074075	30.5
MST60085	23.738206018518518	29.5
MST60085	23.74515046296296	27.5
MST60085	23.752094907407407	27.5
MST60085	23.759039351851854	30
MST60085	23.765983796296297	30
MST60085	23.77292824074074	30.5
MST60085	23.779872685185186	30.5
MST60085	23.78681712962963	30.5
MST60085	23.793761574074075	30.5
MST60085	23.800706018518518	30.5
MST60085	23.80765046296296	29.5
MST60085	23.814594907407407	29
MST60085	23.821539351851854	29
MST60085	23.828483796296297	29.5
MST60085	23.83542824074074	30.5
MST60085	23.842372685185186	30.5
MST60085	23.84931712962963	30.5
MST60085	23.856261574074075	31.5
MST60085	23.863206018518518	30
MST60085	23.87015046296296	29.5
MST60085	23.877094907407407	30
MST60085	23.884039351851854	29.5
MST60085	23.890983796296297	29
MST60085	23.89792824074074	29.5
MST60085	23.904872685185186	29.5
MST60085	23.91181712962963	29.5
MST60085	23.918761574074075	30.5
MST60085	23.925706018518518	30
MST60085	23.93265046296296	29.5
MST60085	23.939594907407407	29.5
MST60085	23.946539351851854	29
MST60085	23.953483796296297	29.5
MST60085	23.96042824074074	30
MST60085	23.967372685185186	30
MST60085	23.97431712962963	31
MST60085	23.981261574074075	31
MST60085	23.988206018518518	31
MST60085	23.99515046296296	31
MST60085	24.002094907407407	29.5
MST60085	24.009039351851854	30
MST60085	24.015983796296297	31
MST60085	24.02292824074074	33
MST60085	24.029872685185186	31
MST60085	24.03681712962963	31
MST60085	24.043761574074075	31
MST60085	24.050706018518518	32.5
MST60085	24.05765046296296	30.5
MST60085	24.064594907407407	31.5
MST60085	24.071539351851854	32
MST60085	24.078483796296297	31
MST60085	24.08542824074074	31.5
MST60085	24.092372685185186	31.5
MST60085	24.09931712962963	31.5
MST60085	24.106261574074075	29.5
MST60085	24.113206018518518	27
MST60085	24.12015046296296	30
MST60085	24.127094907407407	31.5
MST60085	24.134039351851854	33
MST60085	24.140983796296297	31.5
MST60085	24.14792824074074	31.5
MST60085	24.154872685185186	31.5
MST60085	24.16181712962963	32.5
MST60085	24.168761574074075	31
MST60085	24.175706018518518	30.5
MST60085	24.18265046296296	31.5
MST60085	24.189594907407407	31
MST60085	24.196539351851854	28.5
MST60085	24.203483796296297	27.5
MST60085	24.21042824074074	33
MST60085	24.217372685185186	31
MST60085	24.22431712962963	31
MST60085	24.231261574074075	31
MST60085	24.238206018518518	31
MST60085	24.24515046296296	31
MST60085	24.252094907407407	30
MST60085	24.259039351851854	31
MST60085	24.265983796296297	30
MST60085	24.27292824074074	30
MST60085	24.279872685185186	30
MST60085	24.28681712962963	30.5
MST60085	24.293761574074075	30.5
MST60085	24.300706018518518	31
MST60085	24.30765046296296	30.5
MST60085	24.314594907407407	30.5
MST60085	24.321539351851854	30.5
MST60085	24.328483796296297	30.5
MST60085	24.33542824074074	30.5
MST60085	24.342372685185186	31
MST60085	24.34931712962963	31.5
MST60085	24.356261574074075	31
MST60085	24.363206018518518	30.5
MST60085	24.37015046296296	31
MST60085	24.377094907407407	31
MST60085	24.384039351851854	31
MST60085	24.390983796296297	31
MST60085	24.39792824074074	31
MST60085	24.404872685185186	30.5
MST60085	24.41181712962963	30.5
MST60085	24.418761574074075	30.5
MST60085	24.425706018518518	30.5
MST60085	24.43265046296296	30.5
MST60085	24.439594907407407	31
MST60085	24.446539351851854	30.5
MST60085	24.453483796296297	30.5
MST60085	24.46042824074074	30
MST60085	24.467372685185186	29.5
MST60085	24.47431712962963	29.5
MST60085	24.481261574074075	29
MST60085	24.488206018518518	29
MST60085	24.49515046296296	29
MST60085	24.502094907407407	29.5
MST60085	24.509039351851854	29.5
MST60085	24.515983796296297	29.5
MST60085	24.52292824074074	30
MST60085	24.529872685185186	30.5
MST60085	24.53681712962963	30.5
MST60085	24.543761574074075	30.5
MST60085	24.550706018518518	31
MST60085	24.55765046296296	31
MST60085	24.564594907407407	31
MST60085	24.571539351851854	31.5
MST60085	24.578483796296297	31
MST60085	24.58542824074074	31.5
MST60085	24.592372685185186	31.5
MST60085	24.59931712962963	31
MST60085	24.606261574074075	31
MST60085	24.613206018518518	30.5
MST60085	24.62015046296296	31
MST60085	24.627094907407407	31
MST60085	24.634039351851854	31
MST60085	24.640983796296297	31
MST60085	24.64792824074074	31.5
MST60085	24.654872685185186	31.5
MST60085	24.66181712962963	31
MST60085	24.668761574074075	31.5
MST60085	24.675706018518518	31
MST60085	24.68265046296296	31
MST60085	24.689594907407407	31
MST60085	24.696539351851854	31
MST60085	24.703483796296297	31
MST60085	24.71042824074074	31
MST60085	24.717372685185186	30.5
MST60085	24.72431712962963	31
MST60085	24.731261574074075	31
MST60085	24.738206018518518	30.5
MST60085	24.74515046296296	30
MST60085	24.752094907407407	30
MST60085	24.759039351851854	31
MST60085	24.765983796296297	31
MST60085	24.77292824074074	31
MST60085	24.779872685185186	31
MST60085	24.78681712962963	30.5
MST60085	24.793761574074075	30
MST60085	24.800706018518518	31.5
MST60085	24.80765046296296	32
MST60085	24.814594907407407	31.5
MST60085	24.821539351851854	31
MST60085	24.828483796296297	30
MST60085	24.83542824074074	30
MST60085	24.842372685185186	30.5
MST60085	24.84931712962963	30.5
MST60085	24.856261574074075	30
MST60085	24.863206018518518	30
MST60085	24.87015046296296	30.5
MST60085	24.877094907407407	30
MST60085	24.884039351851854	29
MST60085	24.890983796296297	28.5
MST60085	24.89792824074074	28
MST60085	24.904872685185186	28
MST60085	24.91181712962963	28.5
MST60085	24.918761574074075	29.5
MST60085	24.925706018518518	29.5
MST60085	24.93265046296296	29
MST60085	24.939594907407407	29
MST60085	24.946539351851854	29.5
MST60085	24.953483796296297	29.5
MST60085	24.96042824074074	30
MST60085	24.967372685185186	30
MST60085	24.97431712962963	32
MST60085	24.981261574074075	30
MST60085	24.988206018518518	31
MST60085	24.99515046296296	30.5
MST60085	25.002094907407407	32
MST60085	25.009039351851854	32.5
MST60085	25.015983796296297	31.5
MST60085	25.02292824074074	31
MST60085	25.029872685185182	31
MST60085	25.03681712962963	30
MST60085	25.043761574074075	30.5
MST60085	25.050706018518518	32.5
MST60085	25.05765046296296	30.5
MST60085	25.064594907407407	29
MST60085	25.071539351851854	29
MST60085	25.078483796296297	30
MST60085	25.08542824074074	30
MST60085	25.092372685185182	29.5
MST60085	25.09931712962963	29
MST60085	25.106261574074075	30
MST60085	25.113206018518518	26.5
MST60085	25.12015046296296	30
MST60085	25.127094907407407	31.5
MST60085	25.134039351851854	32
MST60085	25.140983796296297	33.5
MST60085	25.14792824074074	30
MST60085	25.154872685185182	28.5
MST60085	25.16181712962963	32.5
MST60085	25.168761574074075	31
MST60085	25.175706018518518	32
MST60085	25.18265046296296	34.5
MST60085	25.189594907407407	30
MST60085	25.196539351851854	29.5
MST60085	25.203483796296297	30
MST60085	25.21042824074074	28.5
MST60085	25.217372685185182	31.5
MST60085	25.22431712962963	31
MST60085	25.231261574074075	32.5
MST60085	25.238206018518518	30.5
MST60085	25.24515046296296	31.5
MST60085	25.252094907407407	31.5
MST60085	25.259039351851854	29.5
MST60085	25.265983796296297	30
MST60085	25.27292824074074	30
MST60085	25.279872685185182	30
MST60085	25.28681712962963	29.5
MST60085	25.293761574074075	30.5
MST60085	25.300706018518518	30.5
MST60085	25.30765046296296	31
MST60085	25.314594907407407	31
MST60085	25.321539351851854	31
MST60085	25.328483796296297	30.5
MST60085	25.33542824074074	31
MST60085	25.342372685185182	31
MST60085	25.34931712962963	31
MST60085	25.356261574074075	31
MST60085	25.363206018518518	31
MST60085	25.37015046296296	31
MST60085	25.377094907407407	31
MST60085	25.384039351851854	31.5
MST60085	25.390983796296297	31.5
MST60085	25.39792824074074	31.5
MST60085	25.404872685185182	31.5
MST60085	25.41181712962963	31
MST60085	25.418761574074075	31
MST60085	25.425706018518518	31.5
MST60085	25.43265046296296	31
MST60085	25.439594907407407	31.5
MST60085	25.446539351851854	31
MST60085	25.453483796296297	31
MST60085	25.46042824074074	31
MST60085	25.467372685185182	31
MST60085	25.47431712962963	31
MST60085	25.481261574074075	30.5
MST60085	25.488206018518518	30
MST60085	25.49515046296296	30.5
MST60085	25.502094907407407	31
MST60085	25.509039351851854	31
MST60085	25.515983796296297	31
MST60085	25.52292824074074	31
MST60085	25.529872685185182	30.5
MST60085	25.53681712962963	30.5
MST60089	16.004872685185184	30.5
MST60089	16.01181712962963	30.5
MST60089	16.018761574074073	31
MST60089	16.02570601851852	30.5
MST60089	16.032650462962962	30
MST60089	16.03959490740741	30
MST60089	16.04653935185185	30
MST60089	16.053483796296295	30
MST60089	16.06042824074074	31.5
MST60089	16.067372685185184	31
MST60089	16.07431712962963	31
MST60089	16.081261574074073	31
MST60089	16.08820601851852	30.5
MST60089	16.095150462962962	31
MST60089	16.10209490740741	30.5
MST60089	16.10903935185185	30
MST60089	16.115983796296295	29.5
MST60089	16.12292824074074	30
MST60089	16.129872685185184	30
MST60089	16.13681712962963	31.5
MST60089	16.143761574074073	31.5
MST60089	16.15070601851852	31.5
MST60089	16.157650462962962	31.5
MST60089	16.16459490740741	31.5
MST60089	16.17153935185185	31.5
MST60089	16.178483796296295	30.5
MST60089	16.18542824074074	29.5
MST60089	16.192372685185184	31.5
MST60089	16.19931712962963	32.5
MST60089	16.206261574074073	32.5
MST60089	16.21320601851852	34
MST60089	16.220150462962962	34
MST60089	16.22709490740741	32.5
MST60089	16.23403935185185	31
MST60089	16.240983796296295	34
MST60089	16.24792824074074	32
MST60089	16.254872685185184	30.5
MST60089	16.26181712962963	30.5
MST60089	16.268761574074073	30.5
MST60089	16.27570601851852	31.5
MST60089	16.282650462962962	30
MST60089	16.28959490740741	33
MST60089	16.29653935185185	32
MST60089	16.303483796296295	31
MST60089	16.31042824074074	32
MST60089	16.317372685185184	31
MST60089	16.32431712962963	31
MST60089	16.331261574074073	31
MST60089	16.33820601851852	30.5
MST60089	16.345150462962962	31
MST60089	16.35209490740741	31
MST60089	16.35903935185185	30.5
MST60089	16.365983796296295	31
MST60089	16.37292824074074	31
MST60089	16.379872685185184	31
MST60089	16.38681712962963	31.5
MST60089	16.393761574074073	31
MST60089	16.40070601851852	32
MST60089	16.407650462962962	31.5
MST60089	16.41459490740741	31
MST60089	16.42153935185185	32
MST60089	16.428483796296295	32
MST60089	16.43542824074074	32
MST60089	16.442372685185184	32
MST60089	16.44931712962963	31.5
MST60089	16.456261574074073	32
MST60089	16.46320601851852	32
MST60089	16.470150462962962	31.5
MST60089	16.47709490740741	31.5
MST60089	16.48403935185185	31.5
MST60089	16.490983796296295	31.5
MST60089	16.49792824074074	31.5
MST60089	16.504872685185184	31.5
MST60089	16.51181712962963	31
MST60089	16.518761574074073	31
MST60089	16.52570601851852	31.5
MST60089	16.532650462962962	31
MST60089	16.53959490740741	31
MST60089	16.54653935185185	30.5
MST60089	16.553483796296295	30.5
MST60089	16.56042824074074	30.5
MST60089	16.567372685185184	30.5
MST60089	16.57431712962963	31
MST60089	16.581261574074073	30.5
MST60089	16.58820601851852	30
MST60089	16.595150462962962	30
MST60089	16.60209490740741	30.5
MST60089	16.60903935185185	30.5
MST60089	16.615983796296295	30.5
MST60089	16.62292824074074	30.5
MST60089	16.629872685185184	30.5
MST60089	16.63681712962963	30
MST60089	16.643761574074073	29.5
MST60089	16.65070601851852	30
MST60089	16.657650462962962	30.5
MST60089	16.66459490740741	29.5
MST60089	16.67153935185185	30
MST60089	16.678483796296295	30
MST60089	16.68542824074074	30.5
MST60089	16.692372685185184	30.5
MST60089	16.69931712962963	31
MST60089	16.706261574074073	31
MST60089	16.71320601851852	31.5
MST60089	16.720150462962962	31
MST60089	16.72709490740741	30.5
MST60089	16.73403935185185	30
MST60089	16.740983796296295	29.5
MST60089	16.74792824074074	28.5
MST60089	16.754872685185184	28
MST60089	16.76181712962963	28
MST60089	16.768761574074073	28.5
MST60089	16.77570601851852	28
MST60089	16.782650462962962	28.5
MST60089	16.78959490740741	29
MST60089	16.79653935185185	29.5
MST60089	16.803483796296295	29.5
MST60089	16.81042824074074	29
MST60089	16.817372685185184	29.5
MST60089	16.82431712962963	29
MST60089	16.831261574074073	28.5
MST60089	16.83820601851852	31
MST60089	16.845150462962962	31
MST60089	16.85209490740741	31.5
MST60089	16.85903935185185	31.5
MST60089	16.865983796296295	31
MST60089	16.87292824074074	31
MST60089	16.879872685185184	30.5
MST60089	16.88681712962963	30
MST60089	16.893761574074073	29
MST60089	16.90070601851852	28.5
MST60089	16.907650462962962	28
MST60089	16.91459490740741	27
MST60089	16.92153935185185	27
MST60089	16.928483796296295	26.5
MST60089	16.93542824074074	26.5
MST60089	16.942372685185184	26.5
MST60089	16.94931712962963	26.5
MST60089	16.956261574074073	28.5
MST60089	16.96320601851852	30
MST60089	16.970150462962962	30.5
MST60089	16.97709490740741	30.5
MST60089	16.98403935185185	31
MST60089	16.990983796296295	30.5
MST60089	16.99792824074074	30.5
MST60089	17.004872685185184	30.5
MST60089	17.01181712962963	30.5
MST60089	17.018761574074073	29.5
MST60089	17.02570601851852	29.5
MST60089	17.032650462962962	29.5
MST60089	17.03959490740741	29.5
MST60089	17.04653935185185	29
MST60089	17.053483796296295	29
MST60089	17.06042824074074	29.5
MST60089	17.067372685185184	30
MST60089	17.07431712962963	31
MST60089	17.081261574074073	30
MST60089	17.08820601851852	30
MST60089	17.095150462962962	30.5
MST60089	17.10209490740741	30
MST60089	17.10903935185185	33.5
MST60089	17.115983796296295	33.5
MST60089	17.12292824074074	32
MST60089	17.129872685185184	31
MST60089	17.13681712962963	31.5
MST60089	17.143761574074073	31.5
MST60089	17.15070601851852	32.5
MST60089	17.157650462962962	29.5
MST60089	17.16459490740741	30
MST60089	17.17153935185185	30
MST60089	17.178483796296295	30
MST60089	17.18542824074074	31
MST60089	17.192372685185184	30.5
MST60089	17.19931712962963	30
MST60089	17.206261574074073	30.5
MST60089	17.21320601851852	30.5
MST60089	17.220150462962962	30.5
MST60089	17.22709490740741	30.5
MST60089	17.23403935185185	31
MST60089	17.240983796296295	30.5
MST60089	17.24792824074074	30.5
MST60089	17.254872685185184	31.5
MST60089	17.26181712962963	31
MST60089	17.268761574074073	31
MST60089	17.27570601851852	31
MST60089	17.282650462962962	31
MST60089	17.28959490740741	31
MST60089	17.29653935185185	31
MST60089	17.303483796296295	31
MST60089	17.31042824074074	31.5
MST60089	17.317372685185184	31.5
MST60089	17.32431712962963	31
MST60089	17.331261574074073	31
MST60089	17.33820601851852	31.5
MST60089	17.345150462962962	31
MST60089	17.35209490740741	31
MST60089	17.35903935185185	31.5
MST60089	17.365983796296295	32
MST60089	17.37292824074074	32
MST60089	17.379872685185184	32
MST60089	17.38681712962963	31.5
MST60089	17.393761574074073	31.5
MST60089	17.40070601851852	31.5
MST60089	17.407650462962962	31
MST60089	17.41459490740741	31
MST60089	17.42153935185185	31
MST60089	17.428483796296298	31
MST60089	17.43542824074074	31
MST60089	17.442372685185184	31.5
MST60089	17.44931712962963	31
MST60089	17.456261574074073	31.5
MST60089	17.46320601851852	31.5
MST60089	17.470150462962962	31
MST60089	17.47709490740741	31
MST60089	17.48403935185185	31
MST60089	17.490983796296298	31.5
MST60089	17.49792824074074	31
MST60089	17.504872685185184	31
MST60089	17.51181712962963	31.5
MST60089	17.518761574074073	31
MST60089	17.52570601851852	31.5
MST60089	17.532650462962962	31.5
MST60089	17.53959490740741	31.5
MST60089	17.54653935185185	31.5
MST60089	17.553483796296298	31.5
MST60089	17.56042824074074	31
MST60089	17.567372685185184	31
MST60089	17.57431712962963	31.5
MST60089	17.581261574074073	31
MST60089	17.58820601851852	30.5
MST60089	17.595150462962962	31
MST60089	17.60209490740741	31.5
MST60089	17.60903935185185	31
MST60089	17.615983796296298	31.5
MST60089	17.62292824074074	31
MST60089	17.629872685185184	31
MST60089	17.63681712962963	31.5
MST60089	17.643761574074073	31.5
MST60089	17.65070601851852	31
MST60089	17.657650462962962	31.5
MST60089	17.66459490740741	31.5
MST60089	17.67153935185185	30.5
MST60089	17.678483796296298	30
MST60089	17.68542824074074	29.5
MST60089	17.692372685185184	29
MST60089	17.69931712962963	29
MST60089	17.706261574074073	29
MST60089	17.71320601851852	29.5
MST60089	17.720150462962962	31
MST60089	17.72709490740741	32
MST60089	17.73403935185185	31.5
MST60089	17.740983796296298	32
MST60089	17.74792824074074	32
MST60089	17.754872685185184	32
MST60089	17.76181712962963	32
MST60089	17.768761574074073	31.5
MST60089	17.77570601851852	31.5
MST60089	17.782650462962962	31.5
MST60089	17.78959490740741	31.5
MST60089	17.79653935185185	31.5
MST60089	17.803483796296298	31.5
MST60089	17.81042824074074	31.5
MST60089	17.817372685185184	31.5
MST60089	17.82431712962963	31.5
MST60089	17.831261574074073	31
MST60089	17.83820601851852	32.5
MST60089	17.845150462962962	32
MST60089	17.85209490740741	31
MST60089	17.85903935185185	31.5
MST60089	17.865983796296298	31
MST60089	17.87292824074074	31
MST60089	17.879872685185184	30.5
MST60089	17.88681712962963	30
MST60089	17.893761574074073	30
MST60089	17.90070601851852	29.5
MST60089	17.907650462962962	29.5
MST60089	17.91459490740741	29.5
MST60089	17.92153935185185	29
MST60089	17.928483796296298	29
MST60089	17.93542824074074	29
MST60089	17.942372685185184	28.5
MST60089	17.94931712962963	28
MST60089	17.956261574074073	27.5
MST60089	17.96320601851852	27
MST60089	17.970150462962962	27.5
MST60089	17.97709490740741	28
MST60089	17.98403935185185	28
MST60089	17.990983796296298	28.5
MST60089	17.99792824074074	28.5
MST60089	18.004872685185184	28.5
MST60089	18.01181712962963	28.5
MST60089	18.018761574074073	28.5
MST60089	18.02570601851852	29
MST60089	18.032650462962962	30
MST60089	18.03959490740741	31
MST60089	18.04653935185185	31
MST60089	18.053483796296298	31
MST60089	18.06042824074074	30.5
MST60089	18.067372685185184	30
MST60089	18.07431712962963	30
MST60089	18.081261574074073	30.5
MST60089	18.08820601851852	32
MST60089	18.095150462962962	30.5
MST60089	18.10209490740741	31
MST60089	18.10903935185185	32
MST60089	18.115983796296298	33.5
MST60089	18.12292824074074	32.5
MST60089	18.129872685185184	31
MST60089	18.13681712962963	33
MST60089	18.143761574074073	31
MST60089	18.15070601851852	30.5
MST60089	18.157650462962962	30.5
MST60089	18.16459490740741	31.5
MST60089	18.17153935185185	33.5
MST60089	18.178483796296298	34
MST60089	18.18542824074074	32
MST60089	18.192372685185184	31.5
MST60089	18.19931712962963	30.5
MST60089	18.206261574074073	30.5
MST60089	18.21320601851852	31
MST60089	18.220150462962962	29.5
MST60089	18.22709490740741	29.5
MST60089	18.23403935185185	31.5
MST60089	18.240983796296298	30.5
MST60089	18.24792824074074	32
MST60089	18.254872685185184	32.5
MST60089	18.26181712962963	32.5
MST60089	18.268761574074073	31.5
MST60089	18.27570601851852	30.5
MST60089	18.282650462962962	30.5
MST60089	18.28959490740741	31
MST60089	18.29653935185185	31
MST60089	18.303483796296298	31.5
MST60089	18.31042824074074	31.5
MST60089	18.317372685185184	31.5
MST60089	18.32431712962963	31.5
MST60089	18.331261574074073	32
MST60089	18.33820601851852	32
MST60089	18.345150462962962	32
MST60089	18.35209490740741	31.5
MST60089	18.35903935185185	32
MST60089	18.365983796296298	32
MST60089	18.37292824074074	31.5
MST60089	18.379872685185184	31.5
MST60089	18.38681712962963	32
MST60089	18.393761574074073	32
MST60089	18.40070601851852	32
MST60089	18.407650462962962	31.5
MST60089	18.41459490740741	32
MST60089	18.42153935185185	31.5
MST60089	18.428483796296298	31
MST60089	18.43542824074074	31.5
MST60089	18.442372685185184	31
MST60089	18.44931712962963	31
MST60089	18.456261574074073	31.5
MST60089	18.46320601851852	31.5
MST60089	18.470150462962962	32
MST60089	18.47709490740741	32
MST60089	18.48403935185185	32
MST60089	18.490983796296298	31.5
MST60089	18.49792824074074	32
MST60089	18.504872685185184	31.5
MST60089	18.51181712962963	31
MST60089	18.518761574074073	32
MST60089	18.52570601851852	31.5
MST60089	18.532650462962962	32
MST60089	18.53959490740741	32
MST60089	18.54653935185185	32
MST60089	18.553483796296298	32
MST60089	18.56042824074074	32
MST60089	18.567372685185184	32
MST60089	18.57431712962963	32
MST60089	18.581261574074073	31
MST60089	18.58820601851852	31
MST60089	18.595150462962962	31
MST60089	18.60209490740741	31
MST60089	18.60903935185185	30.5
MST60089	18.615983796296298	30.5
MST60089	18.62292824074074	31
MST60089	18.629872685185184	31
MST60089	18.63681712962963	31.5
MST60089	18.643761574074073	31.5
MST60089	18.65070601851852	31.5
MST60089	18.657650462962962	31
MST60089	18.66459490740741	31.5
MST60089	18.67153935185185	31.5
MST60089	18.678483796296298	31.5
MST60089	18.68542824074074	31
MST60089	18.692372685185184	31
MST60089	18.69931712962963	31
MST60089	18.706261574074073	31
MST60089	18.71320601851852	30.5
MST60089	18.720150462962962	29
MST60089	18.72709490740741	30.5
MST60089	18.73403935185185	30.5
MST60089	18.740983796296298	30.5
MST60089	18.74792824074074	30
MST60089	18.754872685185184	30.5
MST60089	18.76181712962963	30
MST60089	18.768761574074073	30.5
MST60089	18.77570601851852	31
MST60089	18.782650462962962	31.5
MST60089	18.78959490740741	30.5
MST60089	18.79653935185185	30.5
MST60089	18.803483796296298	30.5
MST60089	18.81042824074074	30.5
MST60089	18.817372685185184	31
MST60089	18.82431712962963	30.5
MST60089	18.831261574074073	31
MST60089	18.83820601851852	31
MST60089	18.845150462962962	30.5
MST60089	18.852094907407405	31.5
MST60089	18.85903935185185	31
MST60089	18.865983796296295	31.5
MST60089	18.87292824074074	31
MST60089	18.879872685185184	30.5
MST60089	18.88681712962963	30.5
MST60089	18.893761574074073	31
MST60089	18.90070601851852	31
MST60089	18.907650462962962	30.5
MST60089	18.914594907407405	30.5
MST60089	18.92153935185185	30
MST60089	18.928483796296295	29.5
MST60089	18.93542824074074	29.5
MST60089	18.942372685185184	29.5
MST60089	18.94931712962963	29
MST60089	18.956261574074073	29.5
MST60089	18.96320601851852	29.5
MST60089	18.970150462962962	29
MST60089	18.977094907407405	29.5
MST60089	18.98403935185185	30
MST60089	18.990983796296295	29.5
MST60089	18.99792824074074	30.5
MST60089	19.004872685185184	30
MST60089	19.01181712962963	30
MST60089	19.018761574074073	30.5
MST60089	19.02570601851852	30
MST60089	19.032650462962962	31
MST60089	19.039594907407405	31
MST60089	19.04653935185185	31.5
MST60089	19.053483796296295	31.5
MST60089	19.06042824074074	32.5
MST60089	19.067372685185184	30.5
MST60089	19.07431712962963	30
MST60089	19.081261574074073	30.5
MST60089	19.08820601851852	30
MST60089	19.095150462962962	31
MST60089	19.102094907407405	31
MST60089	19.10903935185185	30.5
MST60089	19.115983796296295	30
MST60089	19.12292824074074	32
MST60089	19.129872685185184	32.5
MST60089	19.13681712962963	30
MST60089	19.143761574074073	30.5
MST60089	19.15070601851852	33
MST60089	19.157650462962962	32
MST60089	19.164594907407405	31
MST60089	19.17153935185185	32
MST60089	19.178483796296295	32.5
MST60089	19.18542824074074	31.5
MST60089	19.192372685185184	32
MST60089	19.19931712962963	31.5
MST60089	19.206261574074073	30
MST60089	19.21320601851852	29.5
MST60089	19.220150462962962	30
MST60089	19.227094907407405	30.5
MST60089	19.23403935185185	32.5
MST60089	19.240983796296295	33
MST60089	19.24792824074074	33.5
MST60089	19.254872685185184	31.5
MST60089	19.26181712962963	30
MST60089	19.268761574074073	30.5
MST60089	19.27570601851852	30.5
MST60089	19.282650462962962	29.5
MST60089	19.289594907407405	29
MST60089	19.29653935185185	31
MST60089	19.303483796296295	32
MST60089	19.31042824074074	32
MST60089	19.317372685185184	31
MST60089	19.32431712962963	30
MST60089	19.331261574074073	31.5
MST60089	19.33820601851852	31.5
MST60089	19.345150462962962	31.5
MST60089	19.352094907407405	32
MST60089	19.35903935185185	32
MST60089	19.365983796296295	32
MST60089	19.37292824074074	32.5
MST60089	19.379872685185184	32
MST60089	19.38681712962963	32.5
MST60089	19.393761574074073	32.5
MST60089	19.40070601851852	32.5
MST60089	19.407650462962962	33.5
MST60089	19.414594907407405	34
MST60089	19.42153935185185	33.5
MST60089	19.428483796296295	32.5
MST60089	19.43542824074074	32
MST60089	19.442372685185184	32.5
MST60089	19.44931712962963	32.5
MST60089	19.456261574074073	32.5
MST60089	19.46320601851852	33
MST60089	19.470150462962962	32.5
MST60089	19.477094907407405	32.5
MST60089	19.48403935185185	32
MST60089	19.490983796296295	33
MST60089	19.49792824074074	32.5
MST60089	19.504872685185184	32.5
MST60089	19.51181712962963	32
MST60089	19.518761574074073	33
MST60089	19.52570601851852	32.5
MST60089	19.532650462962962	32
MST60089	19.539594907407405	32.5
MST60089	19.54653935185185	32
MST60089	19.553483796296295	32
MST60089	19.56042824074074	32.5
MST60089	19.567372685185184	32
MST60089	19.57431712962963	32.5
MST60089	19.581261574074073	33
MST60089	19.58820601851852	32
MST60089	19.595150462962962	32.5
MST60089	19.602094907407405	32
MST60089	19.60903935185185	32.5
MST60089	19.615983796296295	32
MST60089	19.62292824074074	32
MST60089	19.629872685185184	32
MST60089	19.63681712962963	32
MST60089	19.643761574074073	32.5
MST60089	19.65070601851852	32.5
MST60089	19.657650462962962	32.5
MST60089	19.664594907407405	32.5
MST60089	19.67153935185185	32.5
MST60089	19.678483796296295	32.5
MST60089	19.68542824074074	32.5
MST60089	19.692372685185184	33
MST60089	19.69931712962963	32.5
MST60089	19.706261574074073	32.5
MST60089	19.71320601851852	33
MST60089	19.720150462962962	32.5
MST60089	19.727094907407405	32.5
MST60089	19.73403935185185	32.5
MST60089	19.740983796296295	32.5
MST60089	19.74792824074074	32.5
MST60089	19.754872685185184	32.5
MST60089	19.76181712962963	32.5
MST60089	19.768761574074073	32.5
MST60089	19.77570601851852	33
MST60089	19.782650462962962	32.5
MST60089	19.789594907407405	32.5
MST60089	19.79653935185185	31.5
MST60089	19.803483796296295	32
MST60089	19.81042824074074	32.5
MST60089	19.817372685185184	32.5
MST60089	19.82431712962963	32
MST60089	19.831261574074073	32.5
MST60089	19.83820601851852	32.5
MST60089	19.845150462962962	32
MST60089	19.852094907407405	32.5
MST60089	19.85903935185185	32
MST60089	19.865983796296295	32
MST60089	19.87292824074074	32
MST60089	19.879872685185184	32
MST60089	19.88681712962963	32
MST60089	19.893761574074073	32
MST60089	19.90070601851852	32
MST60089	19.907650462962962	32
MST60089	19.914594907407405	32.5
MST60089	19.92153935185185	32.5
MST60089	19.928483796296295	32.5
MST60089	19.93542824074074	32
MST60089	19.942372685185184	32.5
MST60089	19.94931712962963	32.5
MST60089	19.956261574074073	33.5
MST60089	19.96320601851852	33
MST60089	19.970150462962962	32
MST60089	19.977094907407405	31.5
MST60089	19.98403935185185	31
MST60089	19.990983796296295	31.5
MST60089	19.99792824074074	32
MST60089	20.004872685185184	32
MST60089	20.01181712962963	31.5
MST60089	20.018761574074073	31.5
MST60089	20.02570601851852	31.5
MST60089	20.032650462962962	32.5
MST60089	20.039594907407405	32
MST60089	20.04653935185185	31.5
MST60089	20.053483796296298	32
MST60089	20.06042824074074	32
MST60089	20.067372685185184	30.5
MST60089	20.07431712962963	30.5
MST60089	20.081261574074073	30.5
MST60089	20.08820601851852	30.5
MST60089	20.095150462962962	30.5
MST60089	20.102094907407405	32.5
MST60089	20.10903935185185	32.5
MST60089	20.115983796296298	35
MST60089	20.12292824074074	32
MST60089	20.129872685185184	31
MST60089	20.13681712962963	33
MST60089	20.143761574074073	35
MST60089	20.15070601851852	35
MST60089	20.157650462962962	32.5
MST60089	20.164594907407405	32.5
MST60089	20.17153935185185	31.5
MST60089	20.178483796296298	33
MST60089	20.18542824074074	33.5
MST60089	20.192372685185184	32
MST60089	20.19931712962963	31.5
MST60089	20.206261574074073	30.5
MST60089	20.21320601851852	30.5
MST60089	20.220150462962962	32.5
MST60089	20.227094907407405	35
MST60089	20.23403935185185	35
MST60089	20.240983796296298	34.5
MST60089	20.24792824074074	32.5
MST60089	20.254872685185184	33.5
MST60089	20.26181712962963	32.5
MST60089	20.268761574074073	30.5
MST60089	20.27570601851852	30
MST60089	20.282650462962962	30
MST60089	20.289594907407405	30.5
MST60089	20.29653935185185	32
MST60089	20.303483796296298	31.5
MST60089	20.31042824074074	31.5
MST60089	20.317372685185184	31.5
MST60089	20.32431712962963	32
MST60089	20.331261574074073	32.5
MST60089	20.33820601851852	32.5
MST60089	20.345150462962962	32.5
MST60089	20.352094907407405	32.5
MST60089	20.35903935185185	33
MST60089	20.365983796296298	32.5
MST60089	20.37292824074074	32.5
MST60089	20.379872685185184	32.5
MST60089	20.38681712962963	33.5
MST60089	20.393761574074073	33.5
MST60089	20.40070601851852	32.5
MST60089	20.407650462962962	33
MST60089	20.414594907407405	33
MST60089	20.42153935185185	33
MST60089	20.428483796296298	33
MST60089	20.43542824074074	32.5
MST60089	20.442372685185184	32.5
MST60089	20.44931712962963	32
MST60089	20.456261574074073	32.5
MST60089	20.46320601851852	33
MST60089	20.470150462962962	33
MST60089	20.477094907407405	33
MST60089	20.48403935185185	32.5
MST60089	20.490983796296298	32.5
MST60089	20.49792824074074	32.5
MST60089	20.504872685185184	32.5
MST60089	20.51181712962963	33
MST60089	20.518761574074073	33
MST60089	20.52570601851852	33
MST60089	20.532650462962962	33
MST60089	20.539594907407405	33
MST60089	20.54653935185185	33
MST60089	20.553483796296298	33
MST60089	20.56042824074074	32.5
MST60089	20.567372685185184	32.5
MST60089	20.57431712962963	32.5
MST60089	20.581261574074073	32
MST60089	20.58820601851852	32.5
MST60089	20.595150462962962	32.5
MST60089	20.602094907407405	32.5
MST60089	20.60903935185185	33
MST60089	20.615983796296298	32.5
MST60089	20.62292824074074	32.5
MST60089	20.629872685185184	33
MST60089	20.63681712962963	32.5
MST60089	20.643761574074073	32.5
MST60089	20.65070601851852	32.5
MST60089	20.657650462962962	32.5
MST60089	20.664594907407405	31.5
MST60089	20.67153935185185	32
MST60089	20.678483796296298	31.5
MST60089	20.68542824074074	31.5
MST60089	20.692372685185184	32
MST60089	20.69931712962963	32.5
MST60089	20.706261574074073	31.5
MST60089	20.71320601851852	32.5
MST60089	20.720150462962962	32.5
MST60089	20.727094907407405	33
MST60089	20.73403935185185	32.5
MST60089	20.740983796296298	32
MST60089	20.74792824074074	32
MST60089	20.754872685185184	32
MST60089	20.76181712962963	31.5
MST60089	20.768761574074073	31.5
MST60089	20.77570601851852	31.5
MST60089	20.782650462962962	32
MST60089	20.789594907407405	31.5
MST60089	20.79653935185185	31
MST60089	20.803483796296298	31
MST60089	20.81042824074074	32
MST60089	20.817372685185184	32.5
MST60089	20.82431712962963	32
MST60089	20.831261574074073	31.5
MST60089	20.83820601851852	31.5
MST60089	20.845150462962962	32
MST60089	20.852094907407405	32.5
MST60089	20.85903935185185	32.5
MST60089	20.865983796296298	32
MST60089	20.87292824074074	32
MST60089	20.879872685185184	31
MST60089	20.88681712962963	30.5
MST60089	20.893761574074073	30
MST60089	20.90070601851852	30.5
MST60089	20.907650462962962	31
MST60089	20.914594907407405	30.5
MST60089	20.92153935185185	29.5
MST60089	20.928483796296298	30
MST60089	20.93542824074074	30.5
MST60089	20.942372685185184	30.5
MST60089	20.94931712962963	31
MST60089	20.956261574074073	31.5
MST60089	20.96320601851852	31
MST60089	20.970150462962962	31
MST60089	20.977094907407405	31
MST60089	20.98403935185185	31
MST60089	20.990983796296298	31
MST60089	20.99792824074074	31
MST60089	21.004872685185184	30.5
MST60089	21.01181712962963	30.5
MST60089	21.018761574074073	30
MST60089	21.02570601851852	29.5
MST60089	21.032650462962962	31
MST60089	21.039594907407405	31
MST60089	21.04653935185185	30.5
MST60089	21.053483796296298	30
MST60089	21.06042824074074	30
MST60089	21.067372685185184	29.5
MST60089	21.07431712962963	30.5
MST60089	21.081261574074073	31.5
MST60089	21.08820601851852	32.5
MST60089	21.095150462962962	31.5
MST60089	21.102094907407405	30.5
MST60089	21.10903935185185	30.5
MST60089	21.115983796296298	30.5
MST60089	21.12292824074074	34
MST60089	21.129872685185184	31.5
MST60089	21.13681712962963	31
MST60089	21.143761574074073	31
MST60089	21.15070601851852	30.5
MST60089	21.157650462962962	30.5
MST60089	21.164594907407405	30.5
MST60089	21.17153935185185	30.5
MST60089	21.178483796296298	30.5
MST60089	21.18542824074074	30.5
MST60089	21.192372685185184	31
MST60089	21.19931712962963	31
MST60089	21.206261574074073	31
MST60089	21.21320601851852	31
MST60089	21.220150462962962	32.5
MST60089	21.227094907407405	33.5
MST60089	21.23403935185185	33
MST60089	21.240983796296298	34
MST60089	21.24792824074074	33.5
MST60089	21.254872685185184	33.5
MST60089	21.26181712962963	33
MST60089	21.268761574074073	33
MST60089	21.27570601851852	33
MST60089	21.282650462962962	31.5
MST60089	21.289594907407405	30
MST60089	21.29653935185185	31
MST60089	21.303483796296298	30
MST60089	21.31042824074074	30
MST60089	21.317372685185184	33
MST60089	21.32431712962963	34
MST60089	21.331261574074073	34.5
MST60089	21.33820601851852	34
MST60089	21.345150462962962	31.5
MST60089	21.352094907407405	32.5
MST60089	21.35903935185185	30
MST60089	21.365983796296298	30
MST60089	21.37292824074074	30.5
MST60089	21.379872685185184	33
MST60089	21.38681712962963	34.5
MST60089	21.393761574074073	32.5
MST60089	21.40070601851852	33.5
MST60089	21.407650462962962	33
MST60089	21.414594907407405	32
MST60089	21.42153935185185	32
MST60089	21.428483796296298	34.5
MST60089	21.43542824074074	30.5
MST60089	21.442372685185184	31.5
MST60089	21.44931712962963	32
MST60089	21.456261574074073	32.5
MST60089	21.46320601851852	32.5
MST60089	21.470150462962962	33
MST60089	21.477094907407405	32.5
MST60089	21.48403935185185	33
MST60089	21.490983796296298	33
MST60089	21.49792824074074	33
MST60089	21.504872685185184	33
MST60089	21.51181712962963	32.5
MST60089	21.518761574074073	33
MST60089	21.52570601851852	33
MST60089	21.532650462962962	33
MST60089	21.539594907407405	33
MST60089	21.54653935185185	33
MST60089	21.553483796296298	32.5
MST60089	21.56042824074074	32.5
MST60089	21.567372685185184	32.5
MST60089	21.57431712962963	33.5
MST60089	21.581261574074073	33.5
MST60089	21.58820601851852	33
MST60089	21.595150462962962	32.5
MST60089	21.602094907407405	33
MST60089	21.60903935185185	33
MST60089	21.615983796296298	33
MST60089	21.62292824074074	32
MST60089	21.629872685185184	32
MST60089	21.63681712962963	32.5
MST60089	21.643761574074073	32.5
MST60089	21.65070601851852	32.5
MST60089	21.657650462962962	32.5
MST60089	21.664594907407405	32
MST60089	21.67153935185185	32
MST60089	21.678483796296298	31.5
MST60089	21.68542824074074	31.5
MST60089	21.692372685185184	31.5
MST60089	21.69931712962963	32.5
MST60089	21.706261574074073	32.5
MST60089	21.71320601851852	31.5
MST60089	21.720150462962962	32
MST60089	21.727094907407405	32.5
MST60089	21.73403935185185	32
MST60089	21.740983796296298	31.5
MST60089	21.74792824074074	31
MST60089	21.754872685185184	31.5
MST60089	21.76181712962963	31
MST60089	21.768761574074073	31
MST60089	21.77570601851852	30.5
MST60089	21.782650462962962	30.5
MST60089	21.789594907407405	30.5
MST60089	21.79653935185185	31
MST60089	21.803483796296298	31
MST60089	21.81042824074074	31
MST60089	21.817372685185184	31
MST60089	21.82431712962963	32
MST60089	21.831261574074073	32
MST60089	21.83820601851852	32
MST60089	21.845150462962962	31.5
MST60089	21.852094907407405	31.5
MST60089	21.85903935185185	31
MST60089	21.865983796296298	31.5
MST60089	21.87292824074074	31.5
MST60089	21.879872685185184	32.5
MST60089	21.88681712962963	32
MST60089	21.893761574074073	31.5
MST60089	21.90070601851852	31.5
MST60089	21.907650462962962	31
MST60089	21.914594907407405	30.5
MST60089	21.92153935185185	30.5
MST60089	21.928483796296298	31.5
MST60089	21.93542824074074	31
MST60089	21.942372685185184	30.5
MST60089	21.94931712962963	31
MST60089	21.956261574074073	31
MST60089	21.96320601851852	31.5
MST60089	21.970150462962962	32
MST60089	21.977094907407405	32
MST60089	21.98403935185185	31
MST60089	21.990983796296298	29.5
MST60089	21.99792824074074	30.5
MST60089	22.004872685185184	29
MST60089	22.01181712962963	28
MST60089	22.018761574074073	28.5
MST60089	22.02570601851852	29.5
MST60089	22.032650462962962	30
MST60089	22.039594907407405	30
MST60089	22.04653935185185	30.5
MST60089	22.053483796296298	30
MST60089	22.06042824074074	29.5
MST60089	22.067372685185184	29.5
MST60089	22.07431712962963	30
MST60089	22.081261574074073	29.5
MST60089	22.08820601851852	31.5
MST60089	22.095150462962962	31
MST60089	22.102094907407405	31
MST60089	22.10903935185185	30.5
MST60089	22.115983796296298	30
MST60089	22.12292824074074	31
MST60089	22.129872685185184	30
MST60089	22.13681712962963	30.5
MST60089	22.143761574074073	31
MST60089	22.15070601851852	30.5
MST60089	22.157650462962962	30.5
MST60089	22.164594907407405	30.5
MST60089	22.17153935185185	30.5
MST60089	22.178483796296298	30.5
MST60089	22.18542824074074	30.5
MST60089	22.192372685185184	31
MST60089	22.19931712962963	31
MST60089	22.206261574074073	31
MST60089	22.21320601851852	32.5
MST60089	22.220150462962962	32
MST60089	22.227094907407405	32.5
MST60089	22.23403935185185	31.5
MST60089	22.240983796296298	30.5
MST60089	22.24792824074074	30.5
MST60089	22.254872685185184	33
MST60089	22.26181712962963	31.5
MST60089	22.268761574074073	32
MST60089	22.27570601851852	30.5
MST60089	22.282650462962962	34
MST60089	22.289594907407405	33
MST60089	22.29653935185185	33.5
MST60089	22.303483796296298	33.5
MST60089	22.31042824074074	33.5
MST60089	22.317372685185184	29.5
MST60089	22.32431712962963	30
MST60089	22.331261574074073	29.5
MST60089	22.33820601851852	32
MST60089	22.345150462962962	33.5
MST60089	22.352094907407405	33
MST60089	22.35903935185185	30
MST60089	22.365983796296298	30.5
MST60089	22.37292824074074	30.5
MST60089	22.379872685185184	34.5
MST60089	22.38681712962963	34.5
MST60089	22.393761574074073	32
MST60089	22.40070601851852	32.5
MST60089	22.407650462962962	30
MST60089	22.414594907407405	30.5
MST60089	22.42153935185185	31
MST60089	22.428483796296298	31.5
MST60089	22.43542824074074	32
MST60089	22.442372685185184	32
MST60089	22.44931712962963	32
MST60089	22.456261574074073	32.5
MST60089	22.46320601851852	32.5
MST60089	22.470150462962962	32.5
MST60089	22.477094907407405	33
MST60089	22.48403935185185	33
MST60089	22.490983796296298	33
MST60089	22.49792824074074	32.5
MST60089	22.504872685185184	32.5
MST60089	22.51181712962963	32
MST60089	22.518761574074073	33.5
MST60089	22.52570601851852	33
MST60089	22.532650462962962	33
MST60089	22.539594907407405	33
MST60089	22.54653935185185	33
MST60089	22.553483796296298	33
MST60089	22.56042824074074	33.5
MST60089	22.567372685185184	32.5
MST60089	22.57431712962963	33
MST60089	22.581261574074073	32.5
MST60089	22.58820601851852	32.5
MST60089	22.595150462962962	33
MST60089	22.602094907407405	32.5
MST60089	22.60903935185185	32
MST60089	22.615983796296298	32.5
MST60089	22.62292824074074	32.5
MST60089	22.629872685185184	31.5
MST60089	22.63681712962963	31.5
MST60089	22.643761574074073	32
MST60089	22.65070601851852	30.5
MST60089	22.657650462962962	31.5
MST60089	22.664594907407405	31.5
MST60089	22.67153935185185	31
MST60089	22.678483796296298	32
MST60089	22.68542824074074	31.5
MST60089	22.692372685185184	31
MST60089	22.69931712962963	31
MST60089	22.706261574074073	32
MST60089	22.71320601851852	31.5
MST60089	22.720150462962962	31.5
MST60089	22.727094907407405	30.5
MST60089	22.73403935185185	31.5
MST60089	22.740983796296298	31.5
MST60089	22.74792824074074	30.5
MST60089	22.754872685185184	30.5
MST60089	22.76181712962963	31
MST60089	22.768761574074073	31
MST60089	22.77570601851852	31.5
MST60089	22.782650462962962	31.5
MST60089	22.789594907407405	32
MST60089	22.79653935185185	31.5
MST60089	22.803483796296298	31.5
MST60089	22.81042824074074	30.5
MST60089	22.817372685185184	30.5
MST60089	22.82431712962963	30.5
MST60089	22.831261574074073	30
MST60089	22.83820601851852	29
MST60089	22.845150462962962	28.5
MST60089	22.852094907407405	28
MST60089	22.85903935185185	28
MST60089	22.865983796296298	28
MST60089	22.87292824074074	28
MST60089	22.879872685185184	28
MST60089	22.88681712962963	27.5
MST60089	22.893761574074073	27
MST60089	22.90070601851852	27
MST60089	22.907650462962962	27
MST60089	22.914594907407405	27.5
MST60089	22.92153935185185	28.5
MST60089	22.928483796296298	29.5
MST60089	22.93542824074074	30
MST60089	22.942372685185184	30
MST60089	22.94931712962963	29.5
MST60089	22.956261574074073	29
MST60089	22.96320601851852	29
MST60089	22.970150462962962	29.5
MST60089	22.977094907407405	29.5
MST60089	22.98403935185185	30.5
MST60089	22.990983796296298	31
MST60089	22.99792824074074	31.5
MST60089	23.004872685185184	31.5
MST60089	23.01181712962963	32.5
MST60089	23.018761574074073	31.5
MST60089	23.02570601851852	31
MST60089	23.032650462962962	30
MST60089	23.039594907407405	31
MST60089	23.04653935185185	31.5
MST60089	23.053483796296298	31.5
MST60089	23.06042824074074	31.5
MST60089	23.067372685185184	31.5
MST60089	23.07431712962963	31.5
MST60089	23.081261574074073	31.5
MST60089	23.08820601851852	31
MST60089	23.095150462962962	31
MST60089	23.102094907407405	29.5
MST60089	23.10903935185185	30
MST60089	23.115983796296298	30
MST60089	23.12292824074074	31
MST60089	23.129872685185184	31.5
MST60089	23.13681712962963	31.5
MST60089	23.143761574074073	32.5
MST60089	23.15070601851852	31
MST60089	23.157650462962962	31.5
MST60089	23.164594907407405	30
MST60089	23.17153935185185	29.5
MST60089	23.178483796296298	29.5
MST60089	23.18542824074074	30.5
MST60089	23.192372685185184	30.5
MST60089	23.19931712962963	33
MST60089	23.206261574074073	33
MST60089	23.21320601851852	34
MST60089	23.220150462962962	34
MST60089	23.227094907407405	31
MST60089	23.23403935185185	30.5
MST60089	23.240983796296298	33
MST60089	23.24792824074074	31.5
MST60089	23.254872685185184	33
MST60089	23.26181712962963	30
MST60089	23.268761574074073	29.5
MST60089	23.27570601851852	30.5
MST60089	23.282650462962962	30.5
MST60089	23.289594907407405	33.5
MST60089	23.29653935185185	34
MST60089	23.303483796296298	30.5
MST60089	23.31042824074074	31
MST60089	23.317372685185184	33
MST60089	23.32431712962963	33
MST60089	23.331261574074073	29
MST60089	23.33820601851852	29.5
MST60089	23.345150462962962	30.5
MST60089	23.352094907407405	30
MST60089	23.35903935185185	31.5
MST60089	23.365983796296298	31.5
MST60089	23.37292824074074	31.5
MST60089	23.379872685185184	31
MST60089	23.38681712962963	31
MST60089	23.393761574074073	30.5
MST60089	23.40070601851852	31
MST60089	23.407650462962962	32.5
MST60089	23.414594907407405	32
MST60089	23.42153935185185	31
MST60089	23.428483796296298	31.5
MST60089	23.43542824074074	31.5
MST60089	23.442372685185184	32
MST60089	23.44931712962963	32
MST60089	23.456261574074073	32.5
MST60089	23.46320601851852	31.5
MST60089	23.470150462962962	31
MST60089	23.477094907407405	31
MST60089	23.48403935185185	31
MST60089	23.490983796296298	31
MST60089	23.49792824074074	31
MST60089	23.504872685185184	31
MST60089	23.51181712962963	31
MST60089	23.518761574074073	30.5
MST60089	23.52570601851852	31
MST60089	23.532650462962962	31
MST60089	23.539594907407405	31
MST60089	23.54653935185185	30.5
MST60089	23.553483796296298	30.5
MST60089	23.56042824074074	30.5
MST60089	23.567372685185184	30.5
MST60089	23.57431712962963	31
MST60089	23.581261574074073	31.5
MST60089	23.58820601851852	31.5
MST60089	23.595150462962962	31.5
MST60089	23.602094907407405	31.5
MST60089	23.60903935185185	31.5
MST60089	23.615983796296298	31
MST60089	23.62292824074074	31.5
MST60089	23.629872685185184	30.5
MST60089	23.63681712962963	31
MST60089	23.643761574074073	31
MST60089	23.65070601851852	30.5
MST60089	23.657650462962962	31
MST60089	23.664594907407405	30
MST60089	23.67153935185185	29.5
MST60089	23.678483796296298	29
MST60089	23.68542824074074	28.5
MST60089	23.692372685185184	28.5
MST60089	23.69931712962963	28.5
MST60089	23.706261574074073	27.5
MST60089	23.71320601851852	27
MST60089	23.720150462962962	27.5
MST60089	23.727094907407405	27.5
MST60089	23.73403935185185	27.5
MST60089	23.740983796296298	27.5
MST60089	23.74792824074074	27.5
MST60089	23.754872685185184	27
MST60089	23.76181712962963	27
MST60089	23.768761574074073	26.5
MST60089	23.77570601851852	27
MST60089	23.782650462962962	27.5
MST60089	23.789594907407405	30
MST60089	23.79653935185185	31.5
MST60089	23.803483796296298	31
MST60089	23.81042824074074	32
MST60089	23.817372685185184	31.5
MST60089	23.82431712962963	30.5
MST60089	23.831261574074073	30.5
MST60089	23.83820601851852	30.5
MST60089	23.845150462962962	30.5
MST60089	23.852094907407405	31
MST60089	23.85903935185185	31
MST60089	23.865983796296298	31
MST60089	23.87292824074074	31.5
MST60089	23.879872685185184	31
MST60089	23.88681712962963	31
MST60089	23.893761574074073	31
MST60089	23.90070601851852	31
MST60089	23.907650462962962	31
MST60089	23.914594907407405	32
MST60089	23.92153935185185	32.5
MST60089	23.928483796296298	31.5
MST60089	23.93542824074074	31.5
MST60089	23.942372685185184	30.5
MST60089	23.94931712962963	30
MST60089	23.956261574074073	30.5
MST60089	23.96320601851852	31
MST60089	23.970150462962962	31.5
MST60089	23.977094907407405	31
MST60089	23.98403935185185	31
MST60089	23.990983796296298	30
MST60089	23.99792824074074	29.5
MST60089	24.004872685185184	28
MST60089	24.01181712962963	29
MST60089	24.018761574074073	28.5
MST60089	24.02570601851852	29.5
MST60089	24.032650462962962	29.5
MST60089	24.039594907407405	29.5
MST60089	24.04653935185185	30.5
MST60089	24.053483796296298	30
MST60089	24.06042824074074	30
MST60089	24.067372685185184	29
MST60089	24.07431712962963	29.5
MST60089	24.081261574074073	29.5
MST60089	24.08820601851852	29.5
MST60089	24.095150462962962	30
MST60089	24.102094907407405	31
MST60089	24.10903935185185	31.5
MST60089	24.115983796296298	34
MST60089	24.12292824074074	31
MST60089	24.129872685185184	31
MST60089	24.13681712962963	31
MST60089	24.143761574074073	29.5
MST60089	24.15070601851852	31
MST60089	24.157650462962962	31.5
MST60089	24.164594907407405	31.5
MST60089	24.17153935185185	30.5
MST60089	24.178483796296298	31
MST60089	24.18542824074074	31
MST60089	24.192372685185184	32.5
MST60089	24.19931712962963	34
MST60089	24.206261574074073	34
MST60089	24.21320601851852	31
MST60089	24.220150462962962	31
MST60089	24.227094907407405	31.5
MST60089	24.23403935185185	30.5
MST60089	24.240983796296298	34
MST60089	24.24792824074074	31
MST60089	24.254872685185184	30
MST60089	24.26181712962963	30
MST60089	24.268761574074073	32
MST60089	24.27570601851852	32.5
MST60089	24.282650462962962	33
MST60089	24.289594907407405	33
MST60089	24.29653935185185	33.5
MST60089	24.303483796296298	33
MST60089	24.31042824074074	33.5
MST60089	24.317372685185184	33.5
MST60089	24.32431712962963	33.5
MST60089	24.331261574074073	33
MST60089	24.33820601851852	33
MST60089	24.345150462962962	32.5
MST60089	24.352094907407405	32
MST60089	24.35903935185185	32.5
MST60089	24.365983796296298	31.5
MST60089	24.37292824074074	32
MST60089	24.379872685185184	32
MST60089	24.38681712962963	31.5
MST60089	24.393761574074073	32
MST60089	24.40070601851852	32
MST60089	24.407650462962962	32
MST60089	24.414594907407405	32
MST60089	24.42153935185185	32
MST60089	24.428483796296298	32
MST60089	24.43542824074074	31.5
MST60089	24.442372685185184	31.5
MST60089	24.44931712962963	31.5
MST60089	24.456261574074073	32
MST60089	24.46320601851852	32
MST60089	24.470150462962962	32
MST60089	24.477094907407405	32
MST60089	24.48403935185185	32
MST60089	24.490983796296298	32.5
MST60089	24.49792824074074	32.5
MST60089	24.504872685185184	32
MST60089	24.51181712962963	31.5
MST60089	24.518761574074073	32
MST60089	24.52570601851852	32.5
MST60089	24.532650462962962	31.5
MST60089	24.539594907407405	32
MST60090	16.004178240740742	31.5
MST60090	16.011122685185185	31.5
MST60090	16.018067129629628	31
MST60090	16.025011574074075	30
MST60090	16.031956018518517	30.5
MST60090	16.038900462962964	30
MST60090	16.045844907407407	31
MST60090	16.052789351851853	31
MST60090	16.059733796296296	31.5
MST60090	16.066678240740742	32
MST60090	16.073622685185185	31.5
MST60090	16.080567129629628	31
MST60090	16.087511574074075	32.5
MST60090	16.094456018518517	32.5
MST60090	16.101400462962964	34
MST60090	16.108344907407407	32.5
MST60090	16.115289351851853	31.5
MST60090	16.122233796296296	32.5
MST60090	16.129178240740742	32
MST60090	16.136122685185185	32
MST60090	16.143067129629628	31.5
MST60090	16.150011574074075	30.5
MST60090	16.156956018518517	30.5
MST60090	16.163900462962964	31
MST60090	16.170844907407407	32
MST60090	16.177789351851853	33.5
MST60090	16.184733796296296	32.5
MST60090	16.191678240740742	31
MST60090	16.198622685185185	33.5
MST60090	16.205567129629628	34
MST60090	16.212511574074075	33
MST60090	16.219456018518517	32
MST60090	16.226400462962964	33
MST60090	16.233344907407407	31
MST60090	16.240289351851853	34
MST60090	16.247233796296296	34.5
MST60090	16.254178240740742	31.5
MST60090	16.261122685185185	31.5
MST60090	16.268067129629628	31.5
MST60090	16.275011574074075	31.5
MST60090	16.281956018518517	34.5
MST60090	16.288900462962964	32
MST60090	16.295844907407407	31.5
MST60090	16.302789351851853	31
MST60090	16.309733796296296	31
MST60090	16.316678240740742	32.5
MST60090	16.323622685185185	33
MST60090	16.330567129629628	33
MST60090	16.337511574074075	32.5
MST60090	16.344456018518517	32.5
MST60090	16.351400462962964	33
MST60090	16.358344907407407	33.5
MST60090	16.365289351851853	33.5
MST60090	16.372233796296296	32.5
MST60090	16.379178240740742	33
MST60090	16.386122685185185	32.5
MST60090	16.393067129629628	33
MST60090	16.400011574074075	33.5
MST60090	16.406956018518517	33
MST60090	16.413900462962964	33
MST60090	16.420844907407407	33
MST60090	16.427789351851853	33
MST60090	16.434733796296296	33
MST60090	16.441678240740742	33
MST60090	16.448622685185185	33
MST60090	16.455567129629628	33
MST60090	16.462511574074075	32.5
MST60090	16.469456018518517	32
MST60090	16.476400462962964	32.5
MST60090	16.483344907407407	33.5
MST60090	16.490289351851853	33
MST60090	16.497233796296296	33
MST60090	16.504178240740742	33
MST60090	16.511122685185185	33.5
MST60090	16.518067129629628	33.5
MST60090	16.525011574074075	33
MST60090	16.531956018518517	32.5
MST60090	16.538900462962964	33
MST60090	16.545844907407407	33
MST60090	16.552789351851853	32.5
MST60090	16.559733796296296	32.5
MST60090	16.566678240740742	32
MST60090	16.573622685185185	32.5
MST60090	16.580567129629628	32
MST60090	16.587511574074075	31.5
MST60090	16.594456018518517	31.5
MST60090	16.601400462962964	31.5
MST60090	16.608344907407407	31
MST60090	16.615289351851853	30.5
MST60090	16.622233796296296	31
MST60090	16.629178240740742	31.5
MST60090	16.636122685185185	32
MST60090	16.643067129629628	32.5
MST60090	16.650011574074075	32.5
MST60090	16.656956018518517	32
MST60090	16.663900462962964	32
MST60090	16.670844907407407	32
MST60090	16.677789351851853	31.5
MST60090	16.684733796296296	31
MST60090	16.691678240740742	31
MST60090	16.698622685185185	30.5
MST60090	16.705567129629628	30.5
MST60090	16.712511574074075	31
MST60090	16.719456018518517	31.5
MST60090	16.726400462962964	31
MST60090	16.733344907407407	30.5
MST60090	16.740289351851853	31
MST60090	16.747233796296296	31
MST60090	16.754178240740742	31
MST60090	16.761122685185185	30.5
MST60090	16.768067129629628	30.5
MST60090	16.775011574074075	30.5
MST60090	16.781956018518517	31
MST60090	16.788900462962964	30.5
MST60090	16.795844907407407	30.5
MST60090	16.802789351851853	30.5
MST60090	16.809733796296296	30
MST60090	16.816678240740742	30
MST60090	16.823622685185185	30
MST60090	16.830567129629628	29.5
MST60090	16.837511574074075	30
MST60090	16.844456018518517	31
MST60090	16.851400462962964	31
MST60090	16.858344907407407	31
MST60090	16.865289351851853	31
MST60090	16.872233796296296	30.5
MST60090	16.879178240740742	30
MST60090	16.886122685185185	30
MST60090	16.893067129629628	30
MST60090	16.900011574074075	30.5
MST60090	16.906956018518517	30.5
MST60090	16.913900462962964	30
MST60090	16.920844907407407	30
MST60090	16.927789351851853	29.5
MST60090	16.934733796296296	29
MST60090	16.941678240740742	29
MST60090	16.948622685185185	28.5
MST60090	16.955567129629628	28.5
MST60090	16.962511574074075	29
MST60090	16.969456018518517	28.5
MST60090	16.976400462962964	28.5
MST60090	16.983344907407407	28
MST60090	16.990289351851853	28
MST60090	16.997233796296296	27.5
MST60090	17.004178240740742	27.5
MST60090	17.011122685185185	28
MST60090	17.018067129629628	28.5
MST60090	17.025011574074075	28.5
MST60090	17.031956018518517	29
MST60090	17.038900462962964	28.5
MST60090	17.045844907407407	30
MST60090	17.052789351851853	30
MST60090	17.059733796296296	31
MST60090	17.066678240740742	31.5
MST60090	17.073622685185185	32.5
MST60090	17.080567129629628	32
MST60090	17.087511574074075	32
MST60090	17.094456018518517	31.5
MST60090	17.101400462962964	31
MST60090	17.108344907407407	34
MST60090	17.115289351851853	33.5
MST60090	17.122233796296296	32.5
MST60090	17.129178240740742	31
MST60090	17.136122685185185	32
MST60090	17.143067129629628	32
MST60090	17.150011574074075	31
MST60090	17.156956018518517	31.5
MST60090	17.163900462962964	30
MST60090	17.170844907407407	32
MST60090	17.177789351851853	32
MST60090	17.184733796296296	32.5
MST60090	17.191678240740742	31.5
MST60090	17.198622685185185	31
MST60090	17.205567129629628	30.5
MST60090	17.212511574074075	31
MST60090	17.219456018518517	31.5
MST60090	17.226400462962964	30.5
MST60090	17.233344907407407	33
MST60090	17.240289351851853	32.5
MST60090	17.247233796296296	31.5
MST60090	17.254178240740742	33
MST60090	17.261122685185185	32.5
MST60090	17.268067129629628	33
MST60090	17.275011574074075	31
MST60090	17.281956018518517	32
MST60090	17.288900462962964	32
MST60090	17.295844907407407	32.5
MST60090	17.302789351851853	32
MST60090	17.309733796296296	32
MST60090	17.316678240740742	30
MST60090	17.323622685185185	31.5
MST60090	17.330567129629628	31
MST60090	17.337511574074075	32
MST60090	17.344456018518517	31.5
MST60090	17.351400462962964	31.5
MST60090	17.358344907407407	31
MST60090	17.365289351851853	32
MST60090	17.372233796296296	32
MST60090	17.379178240740742	31.5
MST60090	17.386122685185185	32
MST60090	17.393067129629628	31.5
MST60090	17.400011574074075	31.5
MST60090	17.406956018518517	31.5
MST60090	17.413900462962964	31.5
MST60090	17.420844907407407	32
MST60090	17.427789351851853	32
MST60090	17.434733796296296	31
MST60090	17.441678240740742	31
MST60090	17.448622685185185	32
MST60090	17.455567129629628	31
MST60090	17.462511574074075	31.5
MST60090	17.469456018518517	32
MST60090	17.476400462962964	32.5
MST60090	17.483344907407407	32
MST60090	17.490289351851853	32
MST60090	17.497233796296296	31.5
MST60090	17.504178240740742	32
MST60090	17.511122685185185	32
MST60090	17.518067129629628	32
MST60090	17.525011574074075	32.5
MST60090	17.531956018518517	32
MST60090	17.538900462962964	31.5
MST60090	17.545844907407407	31.5
MST60090	17.552789351851853	31
MST60090	17.559733796296296	31
MST60090	17.566678240740742	31.5
MST60090	17.573622685185185	31
MST60090	17.580567129629628	30
MST60090	17.587511574074075	30.5
MST60090	17.594456018518517	30.5
MST60090	17.601400462962964	30
MST60090	17.608344907407407	30
MST60090	17.615289351851853	30.5
MST60090	17.622233796296296	30
MST60090	17.629178240740742	29.5
MST60090	17.636122685185185	29
MST60090	17.643067129629628	28.5
MST60090	17.650011574074075	28
MST60090	17.656956018518517	27.5
MST60090	17.663900462962964	27
MST60090	17.670844907407407	26.5
MST60090	17.677789351851853	26
MST60090	17.684733796296296	26.5
MST60090	17.691678240740742	26.5
MST60090	17.698622685185185	27
MST60090	17.705567129629628	26.5
MST60090	17.712511574074075	26
MST60090	17.719456018518517	25.5
MST60090	17.726400462962964	25
MST60090	17.733344907407407	25.5
MST60090	17.740289351851853	25
MST60090	17.747233796296296	24.5
MST60090	17.754178240740742	24.5
MST60090	17.761122685185185	24.5
MST60090	17.768067129629628	24.5
MST60090	17.775011574074075	24
MST60090	17.781956018518517	24
MST60090	17.788900462962964	24
MST60090	17.795844907407407	24
MST60090	17.802789351851853	24
MST60090	17.809733796296296	25
MST60090	17.816678240740742	28.5
MST60090	17.823622685185185	31.5
MST60090	17.830567129629628	31.5
MST60090	17.837511574074075	33
MST60090	17.844456018518517	31.5
MST60090	17.851400462962964	31.5
MST60090	17.858344907407407	31.5
MST60090	17.865289351851853	32
MST60090	17.872233796296296	31.5
MST60090	17.879178240740742	31.5
MST60090	17.886122685185185	31.5
MST60090	17.893067129629628	30
MST60090	17.900011574074075	30
MST60090	17.906956018518517	30
MST60090	17.913900462962964	30
MST60090	17.920844907407407	29.5
MST60090	17.927789351851853	28
MST60090	17.934733796296296	27.5
MST60090	17.941678240740742	27.5
MST60090	17.948622685185185	28
MST60090	17.955567129629628	27.5
MST60090	17.962511574074075	28.5
MST60090	17.969456018518517	28
MST60090	17.976400462962964	27.5
MST60090	17.983344907407407	27.5
MST60090	17.990289351851853	29
MST60090	17.997233796296296	29.5
MST60090	18.004178240740742	29.5
MST60090	18.011122685185185	30
MST60090	18.018067129629628	30
MST60090	18.025011574074075	30.5
MST60090	18.031956018518517	29.5
MST60090	18.038900462962964	30.5
MST60090	18.045844907407407	31
MST60090	18.052789351851853	31
MST60090	18.059733796296296	32
MST60090	18.066678240740742	33.5
MST60090	18.073622685185185	32
MST60090	18.080567129629628	32.5
MST60090	18.087511574074075	31
MST60090	18.094456018518517	33
MST60090	18.101400462962964	32.5
MST60090	18.108344907407407	33
MST60090	18.115289351851853	33
MST60090	18.122233796296296	32.5
MST60090	18.129178240740742	31
MST60090	18.136122685185185	30.5
MST60090	18.143067129629628	32
MST60090	18.150011574074075	32
MST60090	18.156956018518517	30
MST60090	18.163900462962964	33.5
MST60090	18.170844907407407	32
MST60090	18.177789351851853	32
MST60090	18.184733796296296	32
MST60090	18.191678240740742	31
MST60090	18.198622685185185	30.5
MST60090	18.205567129629628	31
MST60090	18.212511574074075	30.5
MST60090	18.219456018518517	31
MST60090	18.226400462962964	32.5
MST60090	18.233344907407407	33
MST60090	18.240289351851853	32.5
MST60090	18.247233796296296	33.5
MST60090	18.254178240740742	32.5
MST60090	18.261122685185185	32.5
MST60090	18.268067129629628	32
MST60090	18.275011574074075	32.5
MST60090	18.281956018518517	32.5
MST60090	18.288900462962964	32
MST60090	18.295844907407407	32
MST60090	18.302789351851853	32.5
MST60090	18.309733796296296	32
MST60090	18.316678240740742	32
MST60090	18.323622685185185	32
MST60090	18.330567129629628	32.5
MST60090	18.337511574074075	32
MST60090	18.344456018518517	32
MST60090	18.351400462962964	32
MST60090	18.358344907407407	32
MST60090	18.365289351851853	31.5
MST60090	18.372233796296296	31.5
MST60090	18.379178240740742	32
MST60090	18.386122685185185	32
MST60090	18.393067129629628	32
MST60090	18.400011574074075	31.5
MST60090	18.406956018518517	32
MST60090	18.413900462962964	32
MST60090	18.420844907407407	31.5
MST60090	18.427789351851853	31.5
MST60090	18.434733796296296	31.5
MST60090	18.441678240740742	31.5
MST60090	18.448622685185185	31.5
MST60090	18.455567129629628	31.5
MST60090	18.462511574074075	31.5
MST60090	18.469456018518517	31.5
MST60090	18.476400462962964	31.5
MST60090	18.483344907407407	32
MST60090	18.490289351851853	31.5
MST60090	18.497233796296296	32
MST60090	18.504178240740742	31.5
MST60090	18.511122685185185	32
MST60090	18.518067129629628	32
MST60090	18.525011574074075	32
MST60090	18.531956018518517	31.5
MST60090	18.538900462962964	31.5
MST60090	18.545844907407407	31
MST60090	18.552789351851853	31
MST60090	18.559733796296296	31
MST60090	18.566678240740742	30
MST60090	18.573622685185185	30
MST60090	18.580567129629628	30
MST60090	18.587511574074075	30.5
MST60090	18.594456018518517	30.5
MST60090	18.601400462962964	31
MST60090	18.608344907407407	31
MST60090	18.615289351851853	31
MST60090	18.622233796296296	31
MST60090	18.629178240740742	30
MST60090	18.636122685185185	30
MST60090	18.643067129629628	29.5
MST60090	18.650011574074075	29
MST60090	18.656956018518517	28.5
MST60090	18.663900462962964	27.5
MST60090	18.670844907407407	27
MST60090	18.677789351851853	27.5
MST60090	18.684733796296296	28
MST60090	18.691678240740742	28
MST60090	18.698622685185185	27.5
MST60090	18.705567129629628	27
MST60090	18.712511574074075	27
MST60090	18.719456018518517	28.5
MST60090	18.726400462962964	29.5
MST60090	18.733344907407407	31
MST60090	18.740289351851853	31.5
MST60090	18.747233796296296	30.5
MST60090	18.754178240740742	31
MST60090	18.761122685185185	31
MST60090	18.768067129629628	31.5
MST60090	18.775011574074075	30.5
MST60090	18.781956018518517	30.5
MST60090	18.788900462962964	30.5
MST60090	18.795844907407407	30
MST60090	18.802789351851853	29.5
MST60090	18.809733796296296	29
MST60090	18.816678240740742	28.5
MST60090	18.823622685185185	27.5
MST60090	18.830567129629628	27.5
MST60090	18.837511574074075	27
MST60090	18.844456018518517	26
MST60090	18.851400462962964	30
MST60090	18.858344907407407	31
MST60090	18.865289351851853	31
MST60090	18.872233796296296	31
MST60090	18.879178240740742	31.5
MST60090	18.886122685185185	31
MST60090	18.893067129629628	30
MST60090	18.900011574074075	29.5
MST60090	18.906956018518517	28.5
MST60090	18.913900462962964	28
MST60090	18.920844907407407	27.5
MST60090	18.927789351851853	27
MST60090	18.934733796296296	26.5
MST60090	18.941678240740742	26
MST60090	18.948622685185185	25.5
MST60090	18.955567129629628	25
MST60090	18.962511574074075	25
MST60090	18.969456018518517	24.5
MST60090	18.976400462962964	24.5
MST60090	18.983344907407407	24.5
MST60090	18.990289351851853	24.5
MST60090	18.997233796296296	24.5
MST60090	19.004178240740742	24.5
MST60090	19.011122685185185	24.5
MST60090	19.018067129629628	25
MST60090	19.025011574074075	25.5
MST60090	19.031956018518517	27.5
MST60090	19.038900462962964	30.5
MST60090	19.045844907407407	31
MST60090	19.052789351851853	32
MST60090	19.059733796296296	33
MST60090	19.066678240740742	33.5
MST60090	19.073622685185185	33
MST60090	19.080567129629628	33
MST60090	19.087511574074075	33.5
MST60090	19.094456018518517	32
MST60090	19.101400462962964	30.5
MST60090	19.108344907407407	31
MST60090	19.115289351851853	31.5
MST60090	19.122233796296296	31
MST60090	19.129178240740742	32
MST60090	19.136122685185185	32.5
MST60090	19.143067129629628	33
MST60090	19.150011574074075	32.5
MST60090	19.156956018518517	32
MST60090	19.163900462962964	33
MST60090	19.170844907407407	32
MST60090	19.177789351851853	32.5
MST60090	19.184733796296296	34
MST60090	19.191678240740742	31
MST60090	19.198622685185185	31.5
MST60090	19.205567129629628	31.5
MST60090	19.212511574074075	31.5
MST60090	19.219456018518517	32
MST60090	19.226400462962964	31
MST60090	19.233344907407407	31
MST60090	19.240289351851853	33
MST60090	19.247233796296296	32.5
MST60090	19.254178240740742	34
MST60090	19.261122685185185	30.5
MST60090	19.268067129629628	31.5
MST60090	19.275011574074075	32
MST60090	19.281956018518517	33
MST60090	19.288900462962964	32.5
MST60090	19.295844907407407	32
MST60090	19.302789351851853	32
MST60090	19.309733796296296	32.5
MST60090	19.316678240740742	32.5
MST60090	19.323622685185185	32
MST60090	19.330567129629628	32.5
MST60090	19.337511574074075	32.5
MST60090	19.344456018518517	33
MST60090	19.351400462962964	33
MST60090	19.358344907407407	33
MST60090	19.365289351851853	32.5
MST60090	19.372233796296296	32.5
MST60090	19.379178240740742	32
MST60090	19.386122685185185	32
MST60090	19.393067129629628	32
MST60090	19.400011574074075	31.5
MST60090	19.406956018518517	35
MST60090	19.413900462962964	35
MST60090	19.420844907407407	34.5
MST60090	19.427789351851853	33.5
MST60090	19.434733796296296	33.5
MST60090	19.441678240740742	33
MST60090	19.448622685185185	32.5
MST60090	19.455567129629628	33
MST60090	19.462511574074075	32.5
MST60090	19.469456018518517	33
MST60090	19.476400462962964	33
MST60090	19.483344907407407	33
MST60090	19.490289351851853	33
MST60090	19.497233796296296	33
MST60090	19.504178240740742	32.5
MST60090	19.511122685185185	32.5
MST60090	19.518067129629628	32.5
MST60090	19.525011574074075	32
MST60090	19.531956018518517	32
MST60090	19.538900462962964	31.5
MST60090	19.545844907407407	32
MST60090	19.552789351851853	32
MST60090	19.559733796296296	31.5
MST60090	19.566678240740742	31.5
MST60090	19.573622685185185	31.5
MST60090	19.580567129629628	31
MST60090	19.587511574074075	31.5
MST60090	19.594456018518517	31
MST60090	19.601400462962964	31
MST60090	19.608344907407407	31
MST60090	19.615289351851853	31
MST60090	19.622233796296296	31
MST60090	19.629178240740742	30.5
MST60090	19.636122685185185	30
MST60090	19.643067129629628	29.5
MST60090	19.650011574074075	30
MST60090	19.656956018518517	30
MST60090	19.663900462962964	29
MST60090	19.670844907407407	28.5
MST60090	19.677789351851853	28.5
MST60090	19.684733796296296	28
MST60090	19.691678240740742	28.5
MST60090	19.698622685185185	28
MST60090	19.705567129629628	27.5
MST60090	19.712511574074075	27.5
MST60090	19.719456018518517	27
MST60090	19.726400462962964	27
MST60090	19.733344907407407	27
MST60090	19.740289351851853	26.5
MST60090	19.747233796296296	26.5
MST60090	19.754178240740742	26.5
MST60090	19.761122685185185	26.5
MST60090	19.768067129629628	26
MST60090	19.775011574074075	26
MST60090	19.781956018518517	26
MST60090	19.788900462962964	26
MST60090	19.795844907407407	26
MST60090	19.802789351851853	26.5
MST60090	19.809733796296296	29.5
MST60090	19.816678240740742	31.5
MST60090	19.823622685185185	32
MST60090	19.830567129629628	31.5
MST60090	19.837511574074075	32
MST60090	19.844456018518517	32
MST60090	19.851400462962964	31.5
MST60090	19.858344907407407	31.5
MST60090	19.865289351851853	31.5
MST60090	19.872233796296296	31
MST60090	19.879178240740742	31
MST60090	19.886122685185185	30.5
MST60090	19.893067129629628	29.5
MST60090	19.900011574074075	29
MST60090	19.906956018518517	29
MST60090	19.913900462962964	28.5
MST60090	19.920844907407407	27.5
MST60090	19.927789351851853	27
MST60090	19.934733796296296	27
MST60090	19.941678240740742	26.5
MST60090	19.948622685185185	27
MST60090	19.955567129629628	32.5
MST60090	19.962511574074075	32
MST60090	19.969456018518517	30.5
MST60090	19.976400462962964	29.5
MST60090	19.983344907407407	29
MST60090	19.990289351851853	29.5
MST60090	19.997233796296296	30.5
MST60090	20.004178240740742	30
MST60090	20.011122685185185	29.5
MST60090	20.018067129629628	29.5
MST60090	20.025011574074075	30.5
MST60090	20.031956018518517	30
MST60090	20.038900462962964	30
MST60090	20.045844907407407	31
MST60090	20.05278935185185	31.5
MST60090	20.059733796296296	30.5
MST60090	20.066678240740742	32
MST60090	20.073622685185185	33
MST60090	20.080567129629628	32
MST60090	20.087511574074075	32
MST60090	20.094456018518517	32
MST60090	20.101400462962964	31.5
MST60090	20.108344907407407	34
MST60090	20.11528935185185	32
MST60090	20.122233796296296	31
MST60090	20.129178240740742	30.5
MST60090	20.136122685185185	33
MST60090	20.143067129629628	31.5
MST60090	20.150011574074075	32
MST60090	20.156956018518517	32
MST60090	20.163900462962964	33
MST60090	20.170844907407407	31.5
MST60090	20.17778935185185	31.5
MST60090	20.184733796296296	32.5
MST60090	20.191678240740742	35
MST60090	20.198622685185185	34.5
MST60090	20.205567129629628	31.5
MST60090	20.212511574074075	32.5
MST60090	20.219456018518517	33.5
MST60090	20.226400462962964	34
MST60090	20.233344907407407	34
MST60090	20.24028935185185	33
MST60090	20.247233796296296	33
MST60090	20.254178240740742	33.5
MST60090	20.261122685185185	34.5
MST60090	20.268067129629628	32.5
MST60090	20.275011574074075	32.5
MST60090	20.281956018518517	33
MST60090	20.288900462962964	32.5
MST60090	20.295844907407407	32.5
MST60090	20.30278935185185	31.5
MST60090	20.309733796296296	31
MST60090	20.316678240740742	32.5
MST60090	20.323622685185185	32
MST60090	20.330567129629628	32.5
MST60090	20.337511574074075	33
MST60090	20.344456018518517	32
MST60090	20.351400462962964	32
MST60090	20.358344907407407	32.5
MST60090	20.36528935185185	32
MST60090	20.372233796296296	32
MST60090	20.379178240740742	32.5
MST60090	20.386122685185185	32.5
MST60090	20.393067129629628	32.5
MST60090	20.400011574074075	32.5
MST60090	20.406956018518517	32.5
MST60090	20.413900462962964	33
MST60090	20.420844907407407	32.5
MST60090	20.42778935185185	32.5
MST60090	20.434733796296296	32.5
MST60090	20.441678240740742	32.5
MST60090	20.448622685185185	32
MST60090	20.455567129629628	33
MST60090	20.462511574074075	33
MST60090	20.469456018518517	33
MST60090	20.476400462962964	32.5
MST60090	20.483344907407407	33.5
MST60090	20.49028935185185	33.5
MST60090	20.497233796296296	33.5
MST60090	20.504178240740742	32.5
MST60090	20.511122685185185	33
MST60090	20.518067129629628	33
MST60090	20.525011574074075	32.5
MST60090	20.531956018518517	33
MST60090	20.538900462962964	32.5
MST60090	20.545844907407407	32
MST60090	20.55278935185185	32
MST60090	20.559733796296296	31.5
MST60090	20.566678240740742	31.5
MST60090	20.573622685185185	31.5
MST60090	20.580567129629628	32.5
MST60090	20.587511574074075	32.5
MST60090	20.594456018518517	32
MST60090	20.601400462962964	32
MST60090	20.608344907407407	32
MST60090	20.61528935185185	33.5
MST60090	20.622233796296296	33.5
MST60090	20.629178240740742	33
MST60090	20.636122685185185	32
MST60090	20.643067129629628	32.5
MST60090	20.650011574074075	32
MST60090	20.656956018518517	32.5
MST60090	20.663900462962964	31.5
MST60090	20.670844907407407	31.5
MST60090	20.67778935185185	31.5
MST60090	20.684733796296296	32
MST60090	20.691678240740742	31.5
MST60090	20.698622685185185	31
MST60090	20.705567129629628	31.5
MST60090	20.712511574074075	31.5
MST60090	20.719456018518517	32
MST60090	20.726400462962964	32.5
MST60090	20.733344907407407	31.5
MST60090	20.74028935185185	32
MST60090	20.747233796296296	32
MST60090	20.754178240740742	32
MST60090	20.761122685185185	31.5
MST60090	20.768067129629628	31.5
MST60090	20.775011574074075	30.5
MST60090	20.781956018518517	30.5
MST60090	20.788900462962964	30
MST60090	20.795844907407407	30
MST60090	20.80278935185185	31.5
MST60090	20.809733796296296	31.5
MST60090	20.816678240740742	32
MST60090	20.823622685185185	32
MST60090	20.830567129629628	32
MST60090	20.837511574074075	32
MST60090	20.844456018518517	32
MST60090	20.851400462962964	33.5
MST60090	20.858344907407407	32.5
MST60090	20.86528935185185	33
MST60090	20.872233796296296	32
MST60090	20.879178240740742	31
MST60090	20.886122685185185	31.5
MST60090	20.893067129629628	31.5
MST60090	20.900011574074075	31.5
MST60090	20.906956018518517	30.5
MST60090	20.913900462962964	30
MST60090	20.920844907407407	29.5
MST60090	20.92778935185185	29
MST60090	20.934733796296296	29
MST60090	20.941678240740742	29
MST60090	20.948622685185185	28
MST60090	20.955567129629628	28
MST60090	20.962511574074075	27.5
MST60090	20.969456018518517	27.5
MST60090	20.976400462962964	27.5
MST60090	20.983344907407407	28.5
MST60090	20.99028935185185	29
MST60090	20.997233796296296	29
MST60090	21.004178240740742	29
MST60090	21.011122685185185	29
MST60090	21.018067129629628	28.5
MST60090	21.025011574074075	28
MST60090	21.031956018518517	29
MST60090	21.038900462962964	30.5
MST60090	21.045844907407407	32.5
MST60090	21.05278935185185	32
MST60090	21.059733796296296	32.5
MST60090	21.066678240740742	35
MST60090	21.073622685185185	32.5
MST60090	21.080567129629628	34
MST60090	21.087511574074075	34.5
MST60090	21.094456018518517	33.5
MST60090	21.101400462962964	32.5
MST60090	21.108344907407407	33
MST60090	21.11528935185185	32.5
MST60090	21.122233796296296	33
MST60090	21.129178240740742	32
MST60090	21.136122685185185	32.5
MST60090	21.143067129629628	32.5
MST60090	21.150011574074075	33
MST60090	21.156956018518517	32
MST60090	21.163900462962964	32.5
MST60090	21.170844907407407	31.5
MST60090	21.17778935185185	32
MST60090	21.184733796296296	31.5
MST60090	21.191678240740742	31
MST60090	21.198622685185185	31.5
MST60090	21.205567129629628	31.5
MST60090	21.212511574074075	32
MST60090	21.219456018518517	33.5
MST60090	21.226400462962964	32.5
MST60090	21.233344907407407	32.5
MST60090	21.24028935185185	32
MST60090	21.247233796296296	33
MST60090	21.254178240740742	33.5
MST60090	21.261122685185185	32
MST60090	21.268067129629628	31
MST60090	21.275011574074075	32.5
MST60090	21.281956018518517	31.5
MST60090	21.288900462962964	32.5
MST60090	21.295844907407407	33.5
MST60090	21.30278935185185	32.5
MST60090	21.309733796296296	33.5
MST60090	21.316678240740742	33
MST60090	21.323622685185185	31.5
MST60090	21.330567129629628	33.5
MST60090	21.337511574074075	33.5
MST60090	21.344456018518517	31.5
MST60090	21.351400462962964	32.5
MST60090	21.358344907407407	31.5
MST60090	21.36528935185185	33
MST60090	21.372233796296296	33
MST60090	21.379178240740742	32
MST60090	21.386122685185185	30
MST60090	21.393067129629628	31
MST60090	21.400011574074075	31.5
MST60090	21.406956018518517	32
MST60090	21.413900462962964	33
MST60090	21.420844907407407	32.5
MST60090	21.42778935185185	33.5
MST60090	21.434733796296296	33.5
MST60090	21.441678240740742	32.5
MST60090	21.448622685185185	33
MST60090	21.455567129629628	33.5
MST60090	21.462511574074075	33
MST60090	21.469456018518517	33
MST60090	21.476400462962964	33
MST60090	21.483344907407407	33
MST60090	21.49028935185185	33
MST60090	21.497233796296296	33
MST60090	21.504178240740742	32.5
MST60090	21.511122685185185	32.5
MST60090	21.518067129629628	33.5
MST60090	21.525011574074075	33
MST60090	21.531956018518517	33
MST60090	21.538900462962964	33
MST60090	21.545844907407407	32.5
MST60090	21.55278935185185	32.5
MST60090	21.559733796296296	32.5
MST60090	21.566678240740742	32.5
MST60090	21.573622685185185	32.5
MST60090	21.580567129629628	33
MST60090	21.587511574074075	33
MST60090	21.594456018518517	33
MST60090	21.601400462962964	32.5
MST60090	21.608344907407407	32
MST60090	21.61528935185185	32.5
MST60090	21.622233796296296	32
MST60090	21.629178240740742	32.5
MST60090	21.636122685185185	32.5
MST60090	21.643067129629628	32.5
MST60090	21.650011574074075	32
MST60090	21.656956018518517	32
MST60090	21.663900462962964	32
MST60090	21.670844907407407	32.5
MST60090	21.67778935185185	32
MST60090	21.684733796296296	31.5
MST60090	21.691678240740742	31.5
MST60090	21.698622685185185	31
MST60090	21.705567129629628	31
MST60090	21.712511574074075	30.5
MST60090	21.719456018518517	30.5
MST60090	21.726400462962964	31
MST60090	21.733344907407407	31.5
MST60090	21.74028935185185	31.5
MST60090	21.747233796296296	31.5
MST60090	21.754178240740742	31
MST60090	21.761122685185185	31.5
MST60090	21.768067129629628	30.5
MST60090	21.775011574074075	30
MST60090	21.781956018518517	30
MST60090	21.788900462962964	29.5
MST60090	21.795844907407407	30
MST60090	21.80278935185185	29.5
MST60090	21.809733796296296	29
MST60090	21.816678240740742	28.5
MST60090	21.823622685185185	28
MST60090	21.830567129629628	28
MST60090	21.837511574074075	28
MST60090	21.844456018518517	28
MST60090	21.851400462962964	28
MST60090	21.858344907407407	28.5
MST60090	21.86528935185185	28.5
MST60090	21.872233796296296	31
MST60090	21.879178240740742	32.5
MST60090	21.886122685185185	32.5
MST60090	21.893067129629628	32
MST60090	21.900011574074075	31.5
MST60090	21.906956018518517	31.5
MST60090	21.913900462962964	31.5
MST60090	21.920844907407407	31.5
MST60090	21.92778935185185	32
MST60090	21.934733796296296	31.5
MST60090	21.941678240740742	31
MST60090	21.948622685185185	30
MST60090	21.955567129629628	30.5
MST60090	21.962511574074075	30
MST60090	21.969456018518517	29.5
MST60090	21.976400462962964	29.5
MST60090	21.983344907407407	29
MST60090	21.99028935185185	28.5
MST60090	21.997233796296296	28.5
MST60090	22.004178240740742	28.5
MST60090	22.011122685185185	27.5
MST60090	22.018067129629628	27
MST60090	22.025011574074075	27.5
MST60090	22.031956018518517	27
MST60090	22.038900462962964	27
MST60090	22.045844907407407	27
MST60090	22.05278935185185	27
MST60090	22.059733796296296	27
MST60090	22.066678240740742	28.5
MST60090	22.073622685185185	29.5
MST60090	22.080567129629628	30.5
MST60090	22.087511574074075	32.5
MST60090	22.094456018518517	33
MST60090	22.101400462962964	33
MST60090	22.108344907407407	33
MST60090	22.11528935185185	33
MST60090	22.122233796296296	33
MST60090	22.129178240740742	32.5
MST60090	22.136122685185185	32
MST60090	22.143067129629628	31.5
MST60090	22.150011574074075	31
MST60090	22.156956018518517	31
MST60090	22.163900462962964	32
MST60090	22.170844907407407	32
MST60090	22.17778935185185	32
MST60090	22.184733796296296	31.5
MST60090	22.191678240740742	31.5
MST60090	22.198622685185185	31.5
MST60090	22.205567129629628	31.5
MST60090	22.212511574074075	33
MST60090	22.219456018518517	32
MST60090	22.226400462962964	31.5
MST60090	22.233344907407407	31
MST60090	22.24028935185185	31
MST60090	22.247233796296296	31.5
MST60090	22.254178240740742	32
MST60090	22.261122685185185	32
MST60090	22.268067129629628	33
MST60090	22.275011574074075	33.5
MST60090	22.281956018518517	34
MST60090	22.288900462962964	31.5
MST60090	22.295844907407407	31.5
MST60090	22.30278935185185	31
MST60090	22.309733796296296	30.5
MST60090	22.316678240740742	31
MST60090	22.323622685185185	31.5
MST60090	22.330567129629628	31
MST60090	22.337511574074075	31
MST60090	22.344456018518517	32
MST60090	22.351400462962964	30.5
MST60090	22.358344907407407	33
MST60090	22.36528935185185	32.5
MST60090	22.372233796296296	30.5
MST60090	22.379178240740742	32
MST60090	22.386122685185185	32
MST60090	22.393067129629628	32.5
MST60090	22.400011574074075	34
MST60090	22.406956018518517	32.5
MST60090	22.413900462962964	33
MST60090	22.420844907407407	33
MST60090	22.42778935185185	32.5
MST60090	22.434733796296296	30
MST60090	22.441678240740742	30.5
MST60090	22.448622685185185	31.5
MST60090	22.455567129629628	30.5
MST60090	22.462511574074075	31
MST60090	22.469456018518517	31.5
MST60090	22.476400462962964	31.5
MST60090	22.483344907407407	31.5
MST60090	22.49028935185185	31
MST60090	22.497233796296296	31
MST60090	22.504178240740742	31.5
MST60090	22.511122685185185	31.5
MST60090	22.518067129629628	33.5
MST60090	22.525011574074075	32
MST60090	22.531956018518517	31
MST60090	22.538900462962964	31
MST60090	22.545844907407407	31.5
MST60090	22.55278935185185	31.5
MST60090	22.559733796296296	31
MST60090	22.566678240740742	30.5
MST60090	22.573622685185185	30.5
MST60090	22.580567129629628	30.5
MST60090	22.587511574074075	32
MST60090	22.594456018518517	31.5
MST60090	22.601400462962964	30.5
MST60090	22.608344907407407	30.5
MST60090	22.61528935185185	31
MST60090	22.622233796296296	31.5
MST60090	22.629178240740742	32
MST60090	22.636122685185185	32.5
MST60090	22.643067129629628	32
MST60090	22.650011574074075	32
MST60090	22.656956018518517	32
MST60090	22.663900462962964	32
MST60090	22.670844907407407	32
MST60090	22.67778935185185	31.5
MST60090	22.684733796296296	31.5
MST60090	22.691678240740742	31
MST60090	22.698622685185185	31.5
MST60090	22.705567129629628	31
MST60090	22.712511574074075	31
MST60090	22.719456018518517	30.5
MST60090	22.726400462962964	31
MST60090	22.733344907407407	31.5
MST60090	22.74028935185185	30.5
MST60090	22.747233796296296	31
MST60090	22.754178240740742	31.5
MST60090	22.761122685185185	31.5
MST60090	22.768067129629628	31
MST60090	22.775011574074075	30.5
MST60090	22.781956018518517	29.5
MST60090	22.788900462962964	29
MST60090	22.795844907407407	28
MST60090	22.80278935185185	28
MST60090	22.809733796296296	27
MST60090	22.816678240740742	27
MST60090	22.823622685185185	27.5
MST60090	22.830567129629628	27.5
MST60090	22.837511574074075	27
MST60090	22.844456018518517	26.5
MST60090	22.851400462962964	26.5
MST60090	22.858344907407407	26.5
MST60090	22.86528935185185	26.5
MST60090	22.872233796296296	26.5
MST60090	22.879178240740742	26.5
MST60090	22.886122685185185	26.5
MST60090	22.893067129629628	26
MST60090	22.900011574074075	26
MST60090	22.906956018518517	26
MST60090	22.913900462962964	26
MST60090	22.920844907407407	26
MST60090	22.92778935185185	25.5
MST60090	22.934733796296296	25
MST60090	22.941678240740742	25
MST60090	22.948622685185185	24.5
MST60090	22.955567129629628	24.5
MST60090	22.962511574074075	24
MST60090	22.969456018518517	29
MST60090	22.976400462962964	32
MST60090	22.983344907407407	32.5
MST60090	22.99028935185185	32.5
MST60090	22.997233796296296	32.5
MST60090	23.004178240740742	32.5
MST60090	23.011122685185185	32
MST60090	23.018067129629628	31.5
MST60090	23.025011574074075	31
MST60090	23.031956018518517	31.5
MST60090	23.038900462962964	31
MST60090	23.045844907407407	30.5
MST60090	23.05278935185185	29.5
MST60090	23.059733796296296	29
MST60090	23.066678240740742	29
MST60090	23.073622685185185	29
MST60090	23.080567129629628	28.5
MST60090	23.087511574074075	29.5
MST60090	23.094456018518517	29.5
MST60090	23.101400462962964	29
MST60090	23.108344907407407	28.5
MST60090	23.11528935185185	28.5
MST60090	23.122233796296296	29.5
MST60090	23.129178240740742	30.5
MST60090	23.136122685185185	30.5
MST60090	23.143067129629628	30
MST60090	23.150011574074075	30.5
MST60090	23.156956018518517	31.5
MST60090	23.163900462962964	31
MST60090	23.170844907407407	31
MST60090	23.17778935185185	31.5
MST60090	23.184733796296296	32
MST60090	23.191678240740742	32
MST60090	23.198622685185185	31
MST60090	23.205567129629628	32
MST60090	23.212511574074075	32.5
MST60090	23.219456018518517	31
MST60090	23.226400462962964	31
MST60090	23.233344907407407	31
MST60090	23.24028935185185	33
MST60090	23.247233796296296	31.5
MST60090	23.254178240740742	30.5
MST60090	23.261122685185185	31
MST60090	23.268067129629628	31
MST60090	23.275011574074075	34
MST60090	23.281956018518517	34
MST60090	23.288900462962964	32.5
MST60090	23.295844907407407	33
MST60090	23.30278935185185	32
MST60090	23.309733796296296	32.5
MST60090	23.316678240740742	31
MST60090	23.323622685185185	32.5
MST60090	23.330567129629628	31.5
MST60090	23.337511574074075	32
MST60090	23.344456018518517	33
MST60090	23.351400462962964	32.5
MST60090	23.358344907407407	31.5
MST60090	23.36528935185185	32
MST60090	23.372233796296296	31.5
MST60090	23.379178240740742	31.5
MST60090	23.386122685185185	32
MST60090	23.393067129629628	31.5
MST60090	23.400011574074075	31
MST60090	23.406956018518517	31.5
MST60090	23.413900462962964	31
MST60090	23.420844907407407	31
MST60090	23.42778935185185	31
MST60090	23.434733796296296	31
MST60090	23.441678240740742	31
MST60090	23.448622685185185	31
MST60090	23.455567129629628	31.5
MST60090	23.462511574074075	31.5
MST60090	23.469456018518517	31.5
MST60090	23.476400462962964	31.5
MST60090	23.483344907407407	31.5
MST60090	23.49028935185185	31.5
MST60090	23.497233796296296	30.5
MST60090	23.504178240740742	30
MST60090	23.511122685185185	30.5
MST60090	23.518067129629628	31.5
MST60090	23.525011574074075	31
MST60090	23.531956018518517	31.5
MST60090	23.538900462962964	31
MST60090	23.545844907407407	31.5
MST60090	23.55278935185185	30.5
MST60090	23.559733796296296	30.5
MST60090	23.566678240740742	31
MST60090	23.573622685185185	30.5
MST60090	23.580567129629628	30.5
MST60090	23.587511574074075	30.5
MST60090	23.594456018518517	30
MST60090	23.601400462962964	29.5
MST60090	23.608344907407407	29
MST60090	23.61528935185185	29
MST60090	23.622233796296296	28.5
MST60090	23.629178240740742	28.5
MST60090	23.636122685185185	27.5
MST60090	23.643067129629628	27
MST60090	23.650011574074075	26.5
MST60090	23.656956018518517	26.5
MST60090	23.663900462962964	26.5
MST60090	23.670844907407407	26
MST60090	23.67778935185185	25.5
MST60090	23.684733796296296	26
MST60090	23.691678240740742	25
MST60090	23.698622685185185	25.5
MST60090	23.705567129629628	25.5
MST60090	23.712511574074075	25.5
MST60090	23.719456018518517	25.5
MST60090	23.726400462962964	26
MST60090	23.733344907407407	26
MST60090	23.74028935185185	26
MST60090	23.747233796296296	26
MST60090	23.754178240740742	25
MST60090	23.761122685185185	25
MST60090	23.768067129629628	25
MST60090	23.775011574074075	25
MST60090	23.781956018518517	25
MST60090	23.788900462962964	25
MST60090	23.795844907407407	25.5
MST60090	23.80278935185185	24.5
MST60090	23.809733796296296	25.5
MST60090	23.816678240740742	26
MST60090	23.823622685185185	26
MST60090	23.830567129629628	26
MST60090	23.837511574074075	26
MST60090	23.844456018518517	25.5
MST60090	23.851400462962964	25
MST60090	23.858344907407407	25
MST60090	23.86528935185185	25
MST60090	23.872233796296296	24.5
MST60090	23.879178240740742	23.5
MST60090	23.886122685185185	24
MST60090	23.893067129629628	24
MST60090	23.900011574074075	23.5
MST60090	23.906956018518517	23
MST60090	23.913900462962964	23.5
MST60090	23.920844907407407	23.5
MST60090	23.92778935185185	23.5
MST60090	23.934733796296296	23.5
MST60090	23.941678240740742	23.5
MST60090	23.948622685185185	23.5
MST60090	23.955567129629628	24
MST60090	23.962511574074075	30.5
MST60090	23.969456018518517	31.5
MST60090	23.976400462962964	31.5
MST60090	23.983344907407407	31.5
MST60090	23.99028935185185	30.5
MST60090	23.997233796296296	31.5
MST60090	24.004178240740742	31
MST60090	24.011122685185185	31
MST60090	24.018067129629628	31
MST60090	24.025011574074075	31
MST60090	24.031956018518517	31
MST60090	24.038900462962964	31.5
MST60090	24.045844907407407	31
MST60090	24.05278935185185	31
MST60090	24.059733796296296	30.5
MST60090	24.066678240740742	30
MST60090	24.073622685185185	30.5
MST60090	24.080567129629628	32.5
MST60090	24.087511574074075	33
MST60090	24.094456018518517	34
MST60090	24.101400462962964	31.5
MST60090	24.108344907407407	32
MST60090	24.11528935185185	31
MST60090	24.122233796296296	31.5
MST60090	24.129178240740742	31
MST60090	24.136122685185185	32.5
MST60090	24.143067129629628	31.5
MST60090	24.150011574074075	31.5
MST60090	24.156956018518517	31.5
MST60090	24.163900462962964	32
MST60090	24.170844907407407	32
MST60090	24.17778935185185	33
MST60090	24.184733796296296	30.5
MST60090	24.191678240740742	31.5
MST60090	24.198622685185185	32.5
MST60090	24.205567129629628	31.5
MST60090	24.212511574074075	32.5
MST60090	24.219456018518517	30
MST60090	24.226400462962964	30
MST60090	24.233344907407407	30
MST60090	24.24028935185185	31.5
MST60090	24.247233796296296	32
MST60090	24.254178240740742	32.5
MST60090	24.261122685185185	31.5
MST60090	24.268067129629628	32.5
MST60090	24.275011574074075	33
MST60090	24.281956018518517	33
MST60090	24.288900462962964	32.5
MST60090	24.295844907407407	33
MST60090	24.30278935185185	33
MST60090	24.309733796296296	33.5
MST60090	24.316678240740742	33.5
MST60090	24.323622685185185	33
MST60090	24.330567129629628	33
MST60090	24.337511574074075	33
MST60090	24.344456018518517	33
MST60090	24.351400462962964	33
MST60090	24.358344907407407	33
MST60090	24.36528935185185	33
MST60090	24.372233796296296	33
MST60090	24.379178240740742	33.5
MST60090	24.386122685185185	33
MST60090	24.393067129629628	33
MST60090	24.400011574074075	33
MST60090	24.406956018518517	33
MST60090	24.413900462962964	33
MST60090	24.420844907407407	32.5
MST60090	24.42778935185185	32
MST60090	24.434733796296296	32.5
MST60090	24.441678240740742	32
MST60090	24.448622685185185	31.5
MST60090	24.455567129629628	32.5
MST60090	24.462511574074075	32
MST60090	24.469456018518517	32.5
MST60090	24.476400462962964	32.5
MST60090	24.483344907407407	33
MST60090	24.49028935185185	33
MST60090	24.497233796296296	33
MST60090	24.504178240740742	33
MST60090	24.511122685185185	33
MST60090	24.518067129629628	33
MST60090	24.525011574074075	33
MST60090	24.531956018518517	33
MST60090	24.538900462962964	33
MST60090	24.545844907407407	33
MST60090	24.55278935185185	33
MST60090	24.559733796296296	33
MST60090	24.566678240740742	32
MST60090	24.573622685185185	32
MST60090	24.580567129629628	32
MST60090	24.587511574074075	32
MST60090	24.594456018518517	32
MST60090	24.601400462962964	32
MST60090	24.608344907407407	32
MST60090	24.61528935185185	32
MST60090	24.622233796296296	31.5
MST60090	24.629178240740742	32.5
MST60090	24.636122685185185	32
MST60090	24.643067129629628	31.5
MST60090	24.650011574074075	31.5
MST60090	24.656956018518517	32
MST60090	24.663900462962964	32
MST60090	24.670844907407407	32
MST60090	24.67778935185185	32
MST60090	24.684733796296296	32
MST60090	24.691678240740742	31.5
MST60090	24.698622685185185	32
MST60090	24.705567129629628	31.5
MST60090	24.712511574074075	31.5
MST60090	24.719456018518517	30
MST60090	24.726400462962964	29
MST60090	24.733344907407407	28
MST60090	24.74028935185185	28
MST60090	24.747233796296296	28
MST60090	24.754178240740742	28
MST60090	24.761122685185185	27.5
MST60090	24.768067129629628	27
MST60090	24.775011574074075	27
MST60090	24.781956018518517	27
MST60090	24.788900462962964	26.5
MST60090	24.795844907407407	27
MST60090	24.80278935185185	26.5
MST60090	24.809733796296296	26
MST60090	24.816678240740742	26
MST60090	24.823622685185185	26
MST60090	24.830567129629628	25.5
MST60090	24.837511574074075	25.5
MST60090	24.844456018518517	25.5
MST60090	24.851400462962964	26
MST60090	24.858344907407407	25.5
MST60090	24.86528935185185	27
MST60090	24.872233796296296	30.5
MST60090	24.879178240740742	29.5
MST60090	24.886122685185185	29
MST60090	24.893067129629628	30
MST60090	24.900011574074075	30
MST60090	24.906956018518517	29.5
MST60090	24.913900462962964	28.5
MST60090	24.920844907407407	28
MST60090	24.92778935185185	27.5
MST60090	24.934733796296296	28.5
MST60090	24.941678240740742	32
MST60090	24.948622685185185	32
MST60090	24.955567129629628	31
MST60090	24.962511574074075	30.5
MST60090	24.969456018518517	30
MST60090	24.976400462962964	30
MST60090	24.983344907407407	31.5
MST60090	24.99028935185185	31.5
MST60090	24.997233796296296	31
MST60090	25.004178240740742	30.5
MST60090	25.011122685185185	30.5
MST60090	25.018067129629628	29.5
MST60090	25.025011574074075	29.5
MST60090	25.031956018518517	29.5
MST60090	25.038900462962964	30.5
MST60090	25.045844907407407	31
MST60090	25.05278935185185	31
MST60090	25.059733796296296	31
MST60090	25.066678240740742	31
MST60090	25.073622685185185	32
MST60090	25.080567129629628	31.5
MST60090	25.087511574074075	31
MST60090	25.094456018518517	32
MST60090	25.101400462962964	31
MST60090	25.108344907407407	32.5
MST60090	25.11528935185185	31
MST60090	25.122233796296296	31
MST60090	25.129178240740742	32.5
MST60090	25.136122685185185	33
MST60090	25.143067129629628	32
MST60090	25.150011574074075	32.5
MST60090	25.156956018518517	30.5
MST60090	25.163900462962964	31
MST60090	25.170844907407407	31
MST60090	25.17778935185185	31.5
MST60090	25.184733796296296	29.5
MST60090	25.191678240740742	30
MST60090	25.198622685185185	30
MST60090	25.205567129629628	31
MST60090	25.212511574074075	32.5
MST60090	25.219456018518517	29.5
MST60090	25.226400462962964	31
MST60090	25.233344907407407	30.5
MST60090	25.24028935185185	31.5
MST60090	25.247233796296296	32
MST60090	25.254178240740742	32
MST60090	25.261122685185185	32.5
MST60090	25.268067129629628	31.5
MST60090	25.275011574074075	30.5
MST60090	25.281956018518517	30.5
MST60090	25.288900462962964	29
MST60090	25.295844907407407	30
MST60090	25.30278935185185	30.5
MST60090	25.309733796296296	31
MST60090	25.316678240740742	31.5
MST60090	25.323622685185185	31
MST60090	25.330567129629628	31
MST60090	25.337511574074075	31.5
MST60090	25.344456018518517	31.5
MST60090	25.351400462962964	32
MST60090	25.358344907407407	32
MST60090	25.36528935185185	32
MST60090	25.372233796296296	32
MST60090	25.379178240740742	31.5
MST60090	25.386122685185185	32
MST60090	25.393067129629628	31.5
MST60090	25.400011574074075	31.5
MST60090	25.406956018518517	32
MST60090	25.413900462962964	31.5
MST60090	25.420844907407407	31
MST60090	25.42778935185185	31
MST60090	25.434733796296296	32
MST60090	25.441678240740742	32
MST60090	25.448622685185185	31.5
MST60090	25.455567129629628	32
MST60090	25.462511574074075	32
MST60090	25.469456018518517	31.5
MST60090	25.476400462962964	31.5
MST60090	25.483344907407407	32
MST60090	25.49028935185185	31
MST60090	25.497233796296296	31.5
MST60090	25.504178240740742	31.5
MST60090	25.511122685185185	31
MST60090	25.518067129629628	32
MST60090	25.525011574074075	30
MST60090	25.531956018518517	30.5
MST60090	25.538900462962964	31
MST60090	25.545844907407407	30
MST60090	25.55278935185185	30.5
MST60090	25.559733796296296	30
MST60090	25.566678240740742	30
MST60090	25.573622685185185	29
MST60090	25.580567129629628	29.5
MST60090	25.587511574074075	29.5
MST60090	25.594456018518517	29
MST60090	25.601400462962964	29
MST60090	25.608344907407407	28.5
MST60090	25.61528935185185	28
MST60090	25.622233796296296	27
MST60090	25.629178240740742	27.5
MST60090	25.636122685185185	29.5
MST60090	25.643067129629628	32
MST60090	25.650011574074075	31.5
MST60090	25.656956018518517	32.5
MST60090	25.663900462962964	33
MST60090	25.670844907407407	32
MST60090	25.67778935185185	32.5
MST60090	25.684733796296296	32
MST60090	25.691678240740742	33
MST60090	25.698622685185185	32.5
MST60090	25.705567129629628	32.5
MST60090	25.712511574074075	31.5
MST60090	25.719456018518517	32
MST60090	25.726400462962964	32
MST60090	25.733344907407407	32
MST60090	25.74028935185185	32
MST60090	25.747233796296296	32
MST60090	25.754178240740742	32.5
MST60090	25.761122685185185	32.5
MST60090	25.768067129629628	31
MST60090	25.775011574074075	31.5
MST60090	25.781956018518517	31.5
MST60090	25.788900462962964	31.5
MST60090	25.795844907407407	32
MST60090	25.80278935185185	31.5
MST60090	25.809733796296296	31.5
MST60090	25.816678240740742	31.5
MST60090	25.823622685185185	31
MST60090	25.830567129629628	31
MST60090	25.837511574074075	30.5
MST60090	25.844456018518517	30
MST60090	25.851400462962964	30
MST60090	25.858344907407407	31.5
MST60090	25.86528935185185	30.5
MST60090	25.872233796296296	30
MST60090	25.879178240740742	29
MST60090	25.886122685185185	28
MST60090	25.893067129629628	29.5
MST60090	25.900011574074075	29.5
MST60090	25.906956018518517	28.5
MST60090	25.913900462962964	27.5
MST60090	25.920844907407407	28
MST60090	25.92778935185185	28
MST60090	25.934733796296296	27.5
MST60090	25.941678240740742	28
MST60090	25.948622685185185	27
MST60090	25.955567129629628	27
MST60090	25.962511574074075	26.5
MST60090	25.969456018518517	27.5
MST60090	25.976400462962964	28
MST60090	25.983344907407407	27
MST60090	25.99028935185185	26.5
MST60090	25.997233796296296	26
MST60090	26.004178240740742	25.5
MST60090	26.011122685185185	25.5
MST60090	26.018067129629628	25.5
MST60090	26.025011574074075	25.5
MST60090	26.031956018518517	27
MST60090	26.038900462962964	29.5
MST60090	26.045844907407407	30
MST60090	26.05278935185185	31.5
MST60090	26.059733796296296	32.5
MST60090	26.066678240740742	31
MST60090	26.073622685185185	30
MST60090	26.080567129629628	33
MST60090	26.087511574074075	31
MST60090	26.094456018518517	30
MST60090	26.101400462962964	30.5
MST60090	26.108344907407407	33.5
MST60090	26.11528935185185	32.5
MST60090	26.122233796296296	30
MST60090	26.129178240740742	31
MST60090	26.136122685185185	33
MST60090	26.143067129629628	32
MST60090	26.150011574074075	30.5
MST60090	26.156956018518517	29
MST60090	26.163900462962964	31
MST60090	26.170844907407407	32.5
MST60090	26.17778935185185	29.5
MST60090	26.184733796296296	31
MST60090	26.191678240740742	32
MST60090	26.198622685185185	34
MST60090	26.205567129629628	30.5
MST60090	26.212511574074075	31.5
MST60090	26.219456018518517	32
MST60090	26.226400462962964	30.5
MST60090	26.233344907407407	29.5
MST60090	26.24028935185185	30
MST60090	26.247233796296296	31
MST60090	26.254178240740742	29.5
MST60090	26.261122685185185	29.5
MST60090	26.268067129629628	29.5
MST60090	26.275011574074075	31.5
MST60090	26.281956018518517	32
MST60090	26.288900462962964	32
MST60090	26.295844907407407	32
MST60090	26.30278935185185	31.5
MST60090	26.309733796296296	31.5
MST60090	26.316678240740742	32
MST60090	26.323622685185185	31.5
MST60090	26.330567129629628	31.5
MST60090	26.337511574074075	31.5
MST60090	26.344456018518517	31.5
MST60090	26.351400462962964	31.5
MST60090	26.358344907407407	31
MST60090	26.36528935185185	31
MST60090	26.372233796296296	31
MST60090	26.379178240740742	31
MST60090	26.386122685185185	31.5
MST60090	26.393067129629628	31.5
MST60090	26.400011574074075	31.5
MST60090	26.406956018518517	31.5
MST60090	26.413900462962964	31
MST60090	26.420844907407407	31
MST60090	26.42778935185185	31
MST60090	26.434733796296296	31
MST60090	26.441678240740742	31
MST60090	26.448622685185185	31
MST60090	26.455567129629628	31
MST60090	26.462511574074075	31.5
MST60090	26.469456018518517	31.5
MST60090	26.476400462962964	31
MST60090	26.483344907407407	31
MST60090	26.49028935185185	30.5
MST60090	26.497233796296296	31.5
MST60090	26.504178240740742	31.5
MST60090	26.511122685185185	31.5
MST60090	26.518067129629628	32
MST60090	26.525011574074075	31.5
MST60090	26.531956018518517	31.5
MST60090	26.538900462962964	31.5
MST60094	16.00556712962963	32.5
MST60094	16.012511574074075	32
MST60094	16.019456018518518	32
MST60094	16.026400462962965	31.5
MST60094	16.033344907407407	31.5
MST60094	16.04028935185185	32.5
MST60094	16.047233796296297	32
MST60094	16.05417824074074	33
MST60094	16.061122685185186	32.5
MST60094	16.06806712962963	32
MST60094	16.075011574074075	32.5
MST60094	16.081956018518518	33
MST60094	16.088900462962965	34
MST60094	16.095844907407407	34
MST60094	16.10278935185185	33.5
MST60094	16.109733796296297	33
MST60094	16.11667824074074	33.5
MST60094	16.123622685185186	33
MST60094	16.13056712962963	33.5
MST60094	16.137511574074075	33
MST60094	16.144456018518518	33
MST60094	16.151400462962965	32.5
MST60094	16.158344907407407	32.5
MST60094	16.16528935185185	33
MST60094	16.172233796296297	33.5
MST60094	16.17917824074074	33
MST60094	16.186122685185186	33.5
MST60094	16.19306712962963	32.5
MST60094	16.200011574074075	31.5
MST60094	16.206956018518518	33.5
MST60094	16.213900462962965	33.5
MST60094	16.220844907407407	33
MST60094	16.22778935185185	33
MST60094	16.234733796296297	33
MST60094	16.24167824074074	31.5
MST60094	16.248622685185186	32
MST60094	16.25556712962963	31
MST60094	16.262511574074075	31.5
MST60094	16.269456018518518	32
MST60094	16.276400462962965	32
MST60094	16.283344907407407	33
MST60094	16.29028935185185	34
MST60094	16.297233796296297	33
MST60094	16.30417824074074	31.5
MST60094	16.311122685185186	31.5
MST60094	16.31806712962963	32
MST60094	16.325011574074075	32
MST60094	16.331956018518518	32
MST60094	16.338900462962965	33
MST60094	16.345844907407407	34
MST60094	16.35278935185185	32.5
MST60094	16.359733796296297	32
MST60094	16.36667824074074	32.5
MST60094	16.373622685185186	33
MST60094	16.38056712962963	32.5
MST60094	16.387511574074075	33.5
MST60094	16.394456018518518	32.5
MST60094	16.401400462962965	33.5
MST60094	16.408344907407407	32.5
MST60094	16.41528935185185	33
MST60094	16.422233796296297	33
MST60094	16.42917824074074	33.5
MST60094	16.436122685185186	33
MST60094	16.44306712962963	32.5
MST60094	16.450011574074075	32.5
MST60094	16.456956018518518	32
MST60094	16.463900462962965	32.5
MST60094	16.470844907407407	32.5
MST60094	16.47778935185185	32.5
MST60094	16.484733796296297	32.5
MST60094	16.49167824074074	33
MST60094	16.498622685185186	33
MST60094	16.50556712962963	32.5
MST60094	16.512511574074075	34
MST60094	16.519456018518518	34
MST60094	16.526400462962965	32.5
MST60094	16.533344907407407	33.5
MST60094	16.54028935185185	32.5
MST60094	16.547233796296297	32.5
MST60094	16.55417824074074	32
MST60094	16.561122685185186	31.5
MST60094	16.56806712962963	31
MST60094	16.575011574074075	30.5
MST60094	16.581956018518518	30
MST60094	16.588900462962965	30
MST60094	16.595844907407407	29.5
MST60094	16.60278935185185	31
MST60094	16.609733796296297	31
MST60094	16.61667824074074	32
MST60094	16.623622685185186	32
MST60094	16.63056712962963	32
MST60094	16.637511574074075	31.5
MST60094	16.644456018518518	31.5
MST60094	16.651400462962965	31.5
MST60094	16.658344907407407	31
MST60094	16.66528935185185	31.5
MST60094	16.672233796296297	31.5
MST60094	16.67917824074074	31.5
MST60094	16.686122685185186	31
MST60094	16.69306712962963	30
MST60094	16.700011574074075	30
MST60094	16.706956018518518	30
MST60094	16.713900462962965	30.5
MST60094	16.720844907407407	32
MST60094	16.72778935185185	31.5
MST60094	16.734733796296297	31
MST60094	16.74167824074074	30
MST60094	16.748622685185186	30.5
MST60094	16.75556712962963	30
MST60094	16.762511574074075	30.5
MST60094	16.769456018518518	30
MST60094	16.776400462962965	28.5
MST60094	16.783344907407407	30
MST60094	16.79028935185185	30
MST60094	16.797233796296297	29.5
MST60094	16.80417824074074	28.5
MST60094	16.811122685185186	28.5
MST60094	16.81806712962963	30
MST60094	16.825011574074075	30
MST60094	16.831956018518518	30
MST60094	16.838900462962965	33
MST60094	16.845844907407407	32
MST60094	16.85278935185185	31
MST60094	16.859733796296297	31
MST60094	16.86667824074074	30.5
MST60094	16.873622685185186	29.5
MST60094	16.88056712962963	29
MST60094	16.887511574074075	29.5
MST60094	16.894456018518518	29
MST60094	16.901400462962965	30
MST60094	16.908344907407407	30
MST60094	16.91528935185185	30
MST60094	16.922233796296297	30
MST60094	16.92917824074074	29.5
MST60094	16.936122685185186	29.5
MST60094	16.94306712962963	29
MST60094	16.950011574074075	29
MST60094	16.956956018518518	29
MST60094	16.963900462962965	29.5
MST60094	16.970844907407407	29
MST60094	16.97778935185185	28.5
MST60094	16.984733796296297	28.5
MST60094	16.99167824074074	28.5
MST60094	16.998622685185186	28
MST60094	17.00556712962963	28
MST60094	17.012511574074075	27.5
MST60094	17.019456018518518	28
MST60094	17.026400462962965	28.5
MST60094	17.033344907407407	29.5
MST60094	17.04028935185185	31
MST60094	17.047233796296297	31.5
MST60094	17.05417824074074	31
MST60094	17.061122685185186	31.5
MST60094	17.06806712962963	33
MST60094	17.075011574074075	33.5
MST60094	17.081956018518518	32.5
MST60094	17.088900462962965	32
MST60094	17.095844907407407	31.5
MST60094	17.10278935185185	31
MST60094	17.109733796296297	33
MST60094	17.11667824074074	32
MST60094	17.123622685185186	34
MST60094	17.13056712962963	33
MST60094	17.137511574074075	33
MST60094	17.144456018518518	32
MST60094	17.151400462962965	33
MST60094	17.158344907407407	31
MST60094	17.16528935185185	31.5
MST60094	17.172233796296297	31.5
MST60094	17.17917824074074	35
MST60094	17.186122685185186	35.5
MST60094	17.19306712962963	35
MST60094	17.200011574074075	33.5
MST60094	17.206956018518518	33
MST60094	17.213900462962965	33.5
MST60094	17.220844907407407	33.5
MST60094	17.22778935185185	31
MST60094	17.234733796296297	32.5
MST60094	17.24167824074074	31
MST60094	17.248622685185186	31.5
MST60094	17.25556712962963	32
MST60094	17.262511574074075	31
MST60094	17.269456018518518	34
MST60094	17.276400462962965	34
MST60094	17.283344907407407	33.5
MST60094	17.29028935185185	32
MST60094	17.297233796296297	31.5
MST60094	17.30417824074074	31.5
MST60094	17.311122685185186	31
MST60094	17.31806712962963	32.5
MST60094	17.325011574074075	32
MST60094	17.331956018518518	31
MST60094	17.338900462962965	31
MST60094	17.345844907407407	30.5
MST60094	17.35278935185185	30
MST60094	17.359733796296297	30.5
MST60094	17.36667824074074	32
MST60094	17.373622685185186	32
MST60094	17.38056712962963	33.5
MST60094	17.387511574074075	33.5
MST60094	17.394456018518518	32.5
MST60094	17.401400462962965	32.5
MST60094	17.408344907407407	32
MST60094	17.41528935185185	32
MST60094	17.422233796296297	31.5
MST60094	17.42917824074074	30.5
MST60094	17.436122685185186	30.5
MST60094	17.44306712962963	30.5
MST60094	17.450011574074075	30
MST60094	17.456956018518518	30.5
MST60094	17.463900462962965	30.5
MST60094	17.470844907407407	31
MST60094	17.47778935185185	31.5
MST60094	17.484733796296297	31.5
MST60094	17.49167824074074	32
MST60094	17.498622685185186	32.5
MST60094	17.50556712962963	32.5
MST60094	17.512511574074075	32.5
MST60094	17.519456018518518	33.5
MST60094	17.526400462962965	33.5
MST60094	17.533344907407407	33
MST60094	17.54028935185185	33
MST60094	17.547233796296297	32.5
MST60094	17.55417824074074	32
MST60094	17.561122685185186	32
MST60094	17.56806712962963	31.5
MST60094	17.575011574074075	31.5
MST60094	17.581956018518518	31
MST60094	17.588900462962965	30.5
MST60094	17.595844907407407	30.5
MST60094	17.60278935185185	31.5
MST60094	17.609733796296297	32
MST60094	17.61667824074074	32
MST60094	17.623622685185186	32.5
MST60094	17.63056712962963	32
MST60094	17.637511574074075	31.5
MST60094	17.644456018518518	31.5
MST60094	17.651400462962965	31.5
MST60094	17.658344907407407	31
MST60094	17.66528935185185	31
MST60094	17.672233796296297	31.5
MST60094	17.67917824074074	30.5
MST60094	17.686122685185186	30
MST60094	17.69306712962963	29.5
MST60094	17.700011574074075	29
MST60094	17.706956018518518	28.5
MST60094	17.713900462962965	28.5
MST60094	17.720844907407407	28
MST60094	17.72778935185185	27.5
MST60094	17.734733796296297	27.5
MST60094	17.74167824074074	27.5
MST60094	17.748622685185186	27.5
MST60094	17.75556712962963	27.5
MST60094	17.762511574074075	27.5
MST60094	17.769456018518518	27.5
MST60094	17.776400462962965	27.5
MST60094	17.783344907407407	28
MST60094	17.79028935185185	29.5
MST60094	17.797233796296297	31
MST60094	17.80417824074074	32
MST60094	17.811122685185186	32
MST60094	17.81806712962963	31.5
MST60094	17.825011574074075	32
MST60094	17.831956018518518	32
MST60094	17.838900462962965	32
MST60094	17.845844907407407	31.5
MST60094	17.85278935185185	31.5
MST60094	17.859733796296297	31
MST60094	17.86667824074074	30
MST60094	17.873622685185186	29.5
MST60094	17.88056712962963	29
MST60094	17.887511574074075	28
MST60094	17.894456018518518	28
MST60094	17.901400462962965	27.5
MST60094	17.908344907407407	27.5
MST60094	17.91528935185185	27
MST60094	17.922233796296297	27.5
MST60094	17.92917824074074	27.5
MST60094	17.936122685185186	29
MST60094	17.94306712962963	30
MST60094	17.950011574074075	30.5
MST60094	17.956956018518518	29
MST60094	17.963900462962965	28
MST60094	17.970844907407407	27.5
MST60094	17.97778935185185	27
MST60094	17.984733796296297	27.5
MST60094	17.99167824074074	29
MST60094	17.998622685185186	31.5
MST60094	18.00556712962963	31
MST60094	18.012511574074075	31
MST60094	18.019456018518518	30.5
MST60094	18.026400462962965	30.5
MST60094	18.033344907407407	30
MST60094	18.040289351851854	31
MST60094	18.047233796296297	31
MST60094	18.05417824074074	32
MST60094	18.061122685185186	32
MST60094	18.06806712962963	31.5
MST60094	18.075011574074075	31
MST60094	18.081956018518518	32.5
MST60094	18.088900462962965	32.5
MST60094	18.095844907407407	34
MST60094	18.102789351851854	33
MST60094	18.109733796296297	33.5
MST60094	18.11667824074074	35
MST60094	18.123622685185186	34
MST60094	18.13056712962963	33.5
MST60094	18.137511574074075	33
MST60094	18.144456018518518	31
MST60094	18.151400462962965	32.5
MST60094	18.158344907407407	34
MST60094	18.165289351851854	34.5
MST60094	18.172233796296297	34
MST60094	18.17917824074074	34
MST60094	18.186122685185186	32
MST60094	18.19306712962963	31
MST60094	18.200011574074075	33
MST60094	18.206956018518518	31
MST60094	18.213900462962965	30.5
MST60094	18.220844907407407	31
MST60094	18.227789351851854	33
MST60094	18.234733796296297	34
MST60094	18.24167824074074	34
MST60094	18.248622685185186	32.5
MST60094	18.25556712962963	34.5
MST60094	18.262511574074075	34
MST60094	18.269456018518518	31.5
MST60094	18.276400462962965	32.5
MST60094	18.283344907407407	32.5
MST60094	18.290289351851854	32.5
MST60094	18.297233796296297	32.5
MST60094	18.30417824074074	34
MST60094	18.311122685185186	32.5
MST60094	18.31806712962963	32.5
MST60094	18.325011574074075	32.5
MST60094	18.331956018518518	32.5
MST60094	18.338900462962965	31.5
MST60094	18.345844907407407	31.5
MST60094	18.352789351851854	31.5
MST60094	18.359733796296297	32.5
MST60094	18.36667824074074	31.5
MST60094	18.373622685185186	32
MST60094	18.38056712962963	32
MST60094	18.387511574074075	33
MST60094	18.394456018518518	33
MST60094	18.401400462962965	32.5
MST60094	18.408344907407407	32
MST60094	18.415289351851854	33
MST60094	18.422233796296297	32.5
MST60094	18.42917824074074	33.5
MST60094	18.436122685185186	33
MST60094	18.44306712962963	32.5
MST60094	18.450011574074075	32.5
MST60094	18.456956018518518	32.5
MST60094	18.463900462962965	32.5
MST60094	18.470844907407407	32
MST60094	18.477789351851854	33
MST60094	18.484733796296297	33
MST60094	18.49167824074074	32.5
MST60094	18.498622685185186	32
MST60094	18.50556712962963	31.5
MST60094	18.512511574074075	32
MST60094	18.519456018518518	32
MST60094	18.526400462962965	31.5
MST60094	18.533344907407407	31.5
MST60094	18.540289351851854	31.5
MST60094	18.547233796296297	31
MST60094	18.55417824074074	30.5
MST60094	18.561122685185186	30
MST60094	18.56806712962963	30
MST60094	18.575011574074075	29.5
MST60094	18.581956018518518	29.5
MST60094	18.588900462962965	28.5
MST60094	18.595844907407407	28.5
MST60094	18.602789351851854	28
MST60094	18.609733796296297	28
MST60094	18.61667824074074	28
MST60094	18.623622685185186	27.5
MST60094	18.63056712962963	27.5
MST60094	18.637511574074075	28
MST60094	18.644456018518518	28
MST60094	18.651400462962965	28
MST60094	18.658344907407407	30.5
MST60094	18.665289351851854	32.5
MST60094	18.672233796296297	33
MST60094	18.67917824074074	33
MST60094	18.686122685185186	33
MST60094	18.69306712962963	33.5
MST60094	18.700011574074075	33
MST60094	18.706956018518518	33
MST60094	18.713900462962965	32.5
MST60094	18.720844907407407	33
MST60094	18.727789351851854	33
MST60094	18.734733796296297	33
MST60094	18.74167824074074	32
MST60094	18.748622685185186	31.5
MST60094	18.75556712962963	31
MST60094	18.762511574074075	30.5
MST60094	18.769456018518518	30.5
MST60094	18.776400462962965	30.5
MST60094	18.783344907407407	31.5
MST60094	18.790289351851854	32
MST60094	18.797233796296297	32.5
MST60094	18.80417824074074	32
MST60094	18.811122685185186	31.5
MST60094	18.81806712962963	31
MST60094	18.825011574074075	31
MST60094	18.831956018518518	31
MST60094	18.838900462962965	31
MST60094	18.845844907407407	30
MST60094	18.85278935185185	32
MST60094	18.859733796296297	32
MST60094	18.86667824074074	32
MST60094	18.873622685185186	31.5
MST60094	18.88056712962963	31.5
MST60094	18.887511574074075	31
MST60094	18.894456018518518	30.5
MST60094	18.90140046296296	30.5
MST60094	18.908344907407407	30
MST60094	18.91528935185185	29.5
MST60094	18.922233796296297	29.5
MST60094	18.92917824074074	30
MST60094	18.936122685185186	29
MST60094	18.94306712962963	29
MST60094	18.950011574074075	28.5
MST60094	18.956956018518518	28
MST60094	18.96390046296296	27.5
MST60094	18.970844907407407	27.5
MST60094	18.97778935185185	27.5
MST60094	18.984733796296297	27.5
MST60094	18.99167824074074	29
MST60094	18.998622685185186	31.5
MST60094	19.00556712962963	31
MST60094	19.012511574074075	31
MST60094	19.019456018518518	31
MST60094	19.02640046296296	30.5
MST60094	19.033344907407407	30.5
MST60094	19.04028935185185	32
MST60094	19.047233796296297	31.5
MST60094	19.05417824074074	32.5
MST60094	19.061122685185186	33.5
MST60094	19.06806712962963	33.5
MST60094	19.075011574074075	33.5
MST60094	19.081956018518518	33.5
MST60094	19.08890046296296	34
MST60094	19.095844907407407	32.5
MST60094	19.10278935185185	32
MST60094	19.109733796296297	32
MST60094	19.11667824074074	31
MST60094	19.123622685185186	31.5
MST60094	19.13056712962963	32.5
MST60094	19.137511574074075	31.5
MST60094	19.144456018518518	32
MST60094	19.15140046296296	32
MST60094	19.158344907407407	32
MST60094	19.16528935185185	34
MST60094	19.172233796296297	33
MST60094	19.17917824074074	32.5
MST60094	19.186122685185186	33
MST60094	19.19306712962963	32.5
MST60094	19.200011574074075	31.5
MST60094	19.206956018518518	31.5
MST60094	19.21390046296296	32
MST60094	19.220844907407407	32.5
MST60094	19.22778935185185	31.5
MST60094	19.234733796296297	32.5
MST60094	19.24167824074074	31
MST60094	19.248622685185186	33.5
MST60094	19.25556712962963	32
MST60094	19.262511574074075	31.5
MST60094	19.269456018518518	33
MST60094	19.27640046296296	33.5
MST60094	19.283344907407407	31.5
MST60094	19.29028935185185	30.5
MST60094	19.297233796296297	31.5
MST60094	19.30417824074074	33
MST60094	19.311122685185186	32
MST60094	19.31806712962963	33
MST60094	19.325011574074075	31
MST60094	19.331956018518518	33.5
MST60094	19.33890046296296	33
MST60094	19.345844907407407	33
MST60094	19.35278935185185	33.5
MST60094	19.359733796296297	34
MST60094	19.36667824074074	34
MST60094	19.373622685185186	32.5
MST60094	19.38056712962963	32.5
MST60094	19.387511574074075	32.5
MST60094	19.394456018518518	32
MST60094	19.40140046296296	32
MST60094	19.408344907407407	35
MST60094	19.41528935185185	35
MST60094	19.422233796296297	35
MST60094	19.42917824074074	34
MST60094	19.436122685185186	34
MST60094	19.44306712962963	33.5
MST60094	19.450011574074075	33
MST60094	19.456956018518518	33.5
MST60094	19.46390046296296	33.5
MST60094	19.470844907407407	33.5
MST60094	19.47778935185185	33.5
MST60094	19.484733796296297	34
MST60094	19.49167824074074	33.5
MST60094	19.498622685185186	33.5
MST60094	19.50556712962963	33
MST60094	19.512511574074075	34
MST60094	19.519456018518518	33.5
MST60094	19.52640046296296	33.5
MST60094	19.533344907407407	33.5
MST60094	19.54028935185185	33.5
MST60094	19.547233796296297	32.5
MST60094	19.55417824074074	32.5
MST60094	19.561122685185186	32.5
MST60094	19.56806712962963	32
MST60094	19.575011574074075	32
MST60094	19.581956018518518	32
MST60094	19.58890046296296	32
MST60094	19.595844907407407	32
MST60094	19.60278935185185	32.5
MST60094	19.609733796296297	33
MST60094	19.61667824074074	32.5
MST60094	19.623622685185186	33
MST60094	19.63056712962963	32
MST60094	19.637511574074075	31
MST60094	19.644456018518518	31.5
MST60094	19.65140046296296	31
MST60094	19.658344907407407	31
MST60094	19.66528935185185	32
MST60094	19.672233796296297	31.5
MST60094	19.67917824074074	31.5
MST60094	19.686122685185186	31
MST60094	19.69306712962963	30.5
MST60094	19.700011574074075	31
MST60094	19.706956018518518	31.5
MST60094	19.71390046296296	31.5
MST60094	19.720844907407407	31
MST60094	19.72778935185185	31
MST60094	19.734733796296297	31.5
MST60094	19.74167824074074	31.5
MST60094	19.748622685185186	32
MST60094	19.75556712962963	32
MST60094	19.762511574074075	31
MST60094	19.769456018518518	31.5
MST60094	19.77640046296296	31.5
MST60094	19.783344907407407	31.5
MST60094	19.79028935185185	31
MST60094	19.797233796296297	30.5
MST60094	19.80417824074074	31
MST60094	19.811122685185186	31
MST60094	19.81806712962963	31
MST60094	19.825011574074075	31
MST60094	19.831956018518518	30.5
MST60094	19.83890046296296	30.5
MST60094	19.845844907407407	31
MST60094	19.85278935185185	31
MST60094	19.859733796296297	30
MST60094	19.86667824074074	31
MST60094	19.873622685185186	30.5
MST60094	19.88056712962963	30.5
MST60094	19.887511574074075	30.5
MST60094	19.894456018518518	30
MST60094	19.90140046296296	29.5
MST60094	19.908344907407407	30
MST60094	19.91528935185185	30
MST60094	19.922233796296297	29.5
MST60094	19.92917824074074	29.5
MST60094	19.936122685185186	29.5
MST60094	19.94306712962963	29
MST60094	19.950011574074075	29.5
MST60094	19.956956018518518	33
MST60094	19.96390046296296	33
MST60094	19.970844907407407	32.5
MST60094	19.97778935185185	32
MST60094	19.984733796296297	31.5
MST60094	19.99167824074074	32
MST60094	19.998622685185186	31.5
MST60094	20.00556712962963	32
MST60094	20.012511574074075	32
MST60094	20.019456018518518	32
MST60094	20.02640046296296	31
MST60094	20.033344907407407	31
MST60094	20.040289351851854	31
MST60094	20.047233796296297	31
MST60094	20.05417824074074	31
MST60094	20.061122685185186	31.5
MST60094	20.06806712962963	33.5
MST60094	20.075011574074075	33
MST60094	20.081956018518518	34
MST60094	20.08890046296296	33.5
MST60094	20.095844907407407	33.5
MST60094	20.102789351851854	33
MST60094	20.109733796296297	32
MST60094	20.11667824074074	32
MST60094	20.123622685185186	32.5
MST60094	20.13056712962963	32.5
MST60094	20.137511574074075	31.5
MST60094	20.144456018518518	30.5
MST60094	20.15140046296296	32
MST60094	20.158344907407407	32
MST60094	20.165289351851854	31
MST60094	20.172233796296297	32
MST60094	20.17917824074074	31.5
MST60094	20.186122685185186	33.5
MST60094	20.19306712962963	34
MST60094	20.200011574074075	32.5
MST60094	20.206956018518518	30
MST60094	20.21390046296296	32
MST60094	20.220844907407407	32.5
MST60094	20.227789351851854	33.5
MST60094	20.234733796296297	33
MST60094	20.24167824074074	34
MST60094	20.248622685185186	31.5
MST60094	20.25556712962963	34
MST60094	20.262511574074075	33.5
MST60094	20.269456018518518	31
MST60094	20.27640046296296	31.5
MST60094	20.283344907407407	31.5
MST60094	20.290289351851854	32
MST60094	20.297233796296297	33
MST60094	20.30417824074074	32.5
MST60094	20.311122685185186	32.5
MST60094	20.31806712962963	33.5
MST60094	20.325011574074075	33
MST60094	20.331956018518518	34
MST60094	20.33890046296296	33.5
MST60094	20.345844907407407	33
MST60094	20.352789351851854	33.5
MST60094	20.359733796296297	33.5
MST60094	20.36667824074074	32.5
MST60094	20.373622685185186	32.5
MST60094	20.38056712962963	32.5
MST60094	20.387511574074075	32.5
MST60094	20.394456018518518	32
MST60094	20.40140046296296	32
MST60094	20.408344907407407	32
MST60094	20.415289351851854	32
MST60094	20.422233796296297	32
MST60094	20.42917824074074	32.5
MST60094	20.436122685185186	33
MST60094	20.44306712962963	33
MST60094	20.450011574074075	33
MST60094	20.456956018518518	33
MST60094	20.46390046296296	33
MST60094	20.470844907407407	33
MST60094	20.477789351851854	32.5
MST60094	20.484733796296297	32.5
MST60094	20.49167824074074	33
MST60094	20.498622685185186	33
MST60094	20.50556712962963	33
MST60094	20.512511574074075	33
MST60094	20.519456018518518	32.5
MST60094	20.52640046296296	33
MST60094	20.533344907407407	33
MST60094	20.540289351851854	33
MST60094	20.547233796296297	33
MST60094	20.55417824074074	33
MST60094	20.561122685185186	32.5
MST60094	20.56806712962963	32.5
MST60094	20.575011574074075	32
MST60094	20.581956018518518	32
MST60094	20.58890046296296	32
MST60094	20.595844907407407	31.5
MST60094	20.602789351851854	31
MST60094	20.609733796296297	30.5
MST60094	20.61667824074074	30.5
MST60094	20.623622685185186	30
MST60094	20.63056712962963	30
MST60094	20.637511574074075	29.5
MST60094	20.644456018518518	29.5
MST60094	20.65140046296296	29
MST60094	20.658344907407407	29.5
MST60094	20.665289351851854	29
MST60094	20.672233796296297	29
MST60094	20.67917824074074	29
MST60094	20.686122685185186	29
MST60094	20.69306712962963	29
MST60094	20.700011574074075	28.5
MST60094	20.706956018518518	29
MST60094	20.71390046296296	28.5
MST60094	20.720844907407407	28.5
MST60094	20.727789351851854	28
MST60094	20.734733796296297	28
MST60094	20.74167824074074	28.5
MST60094	20.748622685185186	29
MST60094	20.75556712962963	28.5
MST60094	20.762511574074075	28
MST60094	20.769456018518518	28
MST60094	20.77640046296296	28
MST60094	20.783344907407407	28
MST60094	20.790289351851854	28
MST60094	20.797233796296297	28.5
MST60094	20.80417824074074	28
MST60094	20.811122685185186	28
MST60094	20.81806712962963	29
MST60094	20.825011574074075	31.5
MST60094	20.831956018518518	32.5
MST60094	20.83890046296296	32.5
MST60094	20.845844907407407	32.5
MST60094	20.852789351851854	33
MST60094	20.859733796296297	33
MST60094	20.86667824074074	33
MST60094	20.873622685185186	33
MST60094	20.88056712962963	33
MST60094	20.887511574074075	32.5
MST60094	20.894456018518518	32.5
MST60094	20.90140046296296	31.5
MST60094	20.908344907407407	31.5
MST60094	20.915289351851854	31
MST60094	20.922233796296297	31
MST60094	20.92917824074074	30.5
MST60094	20.936122685185186	30
MST60094	20.94306712962963	30
MST60094	20.950011574074075	29.5
MST60094	20.956956018518518	29
MST60094	20.96390046296296	29
MST60094	20.970844907407407	28.5
MST60094	20.977789351851854	29
MST60094	20.984733796296297	29
MST60094	20.99167824074074	30
MST60094	20.998622685185186	29.5
MST60094	21.00556712962963	29
MST60094	21.012511574074075	29
MST60094	21.019456018518518	29.5
MST60094	21.02640046296296	29.5
MST60094	21.033344907407407	30
MST60094	21.040289351851854	32
MST60094	21.047233796296297	31.5
MST60094	21.05417824074074	33
MST60094	21.061122685185186	32
MST60094	21.06806712962963	33.5
MST60094	21.075011574074075	33.5
MST60094	21.081956018518518	35
MST60094	21.08890046296296	33.5
MST60094	21.095844907407407	33.5
MST60094	21.102789351851854	33.5
MST60094	21.109733796296297	33
MST60094	21.11667824074074	33.5
MST60094	21.123622685185186	33
MST60094	21.13056712962963	33
MST60094	21.137511574074075	33
MST60094	21.144456018518518	33
MST60094	21.15140046296296	33
MST60094	21.158344907407407	33
MST60094	21.165289351851854	33
MST60094	21.172233796296297	33
MST60094	21.17917824074074	33
MST60094	21.186122685185186	33
MST60094	21.19306712962963	33
MST60094	21.200011574074075	33
MST60094	21.206956018518518	33
MST60094	21.21390046296296	33
MST60094	21.220844907407407	34
MST60094	21.227789351851854	33.5
MST60094	21.234733796296297	33.5
MST60094	21.24167824074074	33
MST60094	21.248622685185186	34
MST60094	21.25556712962963	33
MST60094	21.262511574074075	34
MST60094	21.269456018518518	34.5
MST60094	21.27640046296296	32.5
MST60094	21.283344907407407	34
MST60094	21.290289351851854	33.5
MST60094	21.297233796296297	33.5
MST60094	21.30417824074074	34.5
MST60094	21.311122685185186	33.5
MST60094	21.31806712962963	33.5
MST60094	21.325011574074075	35.5
MST60094	21.331956018518518	32.5
MST60094	21.33890046296296	33
MST60094	21.345844907407407	32
MST60094	21.352789351851854	32
MST60094	21.359733796296297	31.5
MST60094	21.36667824074074	32
MST60094	21.373622685185186	32.5
MST60094	21.38056712962963	32.5
MST60094	21.387511574074075	34.5
MST60094	21.394456018518518	33
MST60094	21.40140046296296	32
MST60094	21.408344907407407	34
MST60094	21.415289351851854	33
MST60094	21.422233796296297	33.5
MST60094	21.42917824074074	32.5
MST60094	21.436122685185186	32.5
MST60094	21.44306712962963	32.5
MST60094	21.450011574074075	32.5
MST60094	21.456956018518518	34
MST60094	21.46390046296296	34
MST60094	21.470844907407407	33
MST60094	21.477789351851854	32.5
MST60094	21.484733796296297	33.5
MST60094	21.49167824074074	33
MST60094	21.498622685185186	32.5
MST60094	21.50556712962963	32
MST60094	21.512511574074075	32
MST60094	21.519456018518518	33
MST60094	21.52640046296296	32
MST60094	21.533344907407407	32.5
MST60094	21.540289351851854	32
MST60094	21.547233796296297	31.5
MST60094	21.55417824074074	32
MST60094	21.561122685185186	31.5
MST60094	21.56806712962963	32
MST60094	21.575011574074075	32
MST60094	21.581956018518518	32
MST60094	21.58890046296296	32
MST60094	21.595844907407407	31
MST60094	21.602789351851854	31
MST60094	21.609733796296297	30.5
MST60094	21.61667824074074	30.5
MST60094	21.623622685185186	32
MST60094	21.63056712962963	32
MST60094	21.637511574074075	31
MST60094	21.644456018518518	30.5
MST60094	21.65140046296296	31.5
MST60094	21.658344907407407	31.5
MST60094	21.665289351851854	31.5
MST60094	21.672233796296297	31
MST60094	21.67917824074074	31
MST60094	21.686122685185186	31
MST60094	21.69306712962963	30.5
MST60094	21.700011574074075	30
MST60094	21.706956018518518	30.5
MST60094	21.71390046296296	31.5
MST60094	21.720844907407407	31.5
MST60094	21.727789351851854	31
MST60094	21.734733796296297	31.5
MST60094	21.74167824074074	30.5
MST60094	21.748622685185186	31
MST60094	21.75556712962963	30.5
MST60094	21.762511574074075	30.5
MST60094	21.769456018518518	30.5
MST60094	21.77640046296296	30.5
MST60094	21.783344907407407	29
MST60094	21.790289351851854	28.5
MST60094	21.797233796296297	28.5
MST60094	21.80417824074074	28
MST60094	21.811122685185186	27.5
MST60094	21.81806712962963	27
MST60094	21.825011574074075	28.5
MST60094	21.831956018518518	30.5
MST60094	21.83890046296296	31
MST60094	21.845844907407407	31.5
MST60094	21.852789351851854	31
MST60094	21.859733796296297	31.5
MST60094	21.86667824074074	31
MST60094	21.873622685185186	31
MST60094	21.88056712962963	32.5
MST60094	21.887511574074075	32.5
MST60094	21.894456018518518	31
MST60094	21.90140046296296	30
MST60094	21.908344907407407	29
MST60094	21.915289351851854	29.5
MST60094	21.922233796296297	29.5
MST60094	21.92917824074074	29
MST60094	21.936122685185186	28.5
MST60094	21.94306712962963	28
MST60094	21.950011574074075	27.5
MST60094	21.956956018518518	27.5
MST60094	21.96390046296296	27
MST60094	21.970844907407407	27.5
MST60094	21.977789351851854	27.5
MST60094	21.984733796296297	27.5
MST60094	21.99167824074074	28
MST60094	21.998622685185186	28
MST60094	22.00556712962963	28
MST60094	22.012511574074075	28
MST60094	22.019456018518518	28
MST60094	22.02640046296296	30
MST60094	22.033344907407407	30.5
MST60094	22.040289351851854	31
MST60094	22.047233796296297	31
MST60094	22.05417824074074	30.5
MST60094	22.061122685185186	33.5
MST60094	22.06806712962963	33.5
MST60094	22.075011574074075	33
MST60094	22.081956018518518	32
MST60094	22.08890046296296	33
MST60094	22.095844907407407	33
MST60094	22.102789351851854	33
MST60094	22.109733796296297	32.5
MST60094	22.11667824074074	32.5
MST60094	22.123622685185186	32.5
MST60094	22.13056712962963	33
MST60094	22.137511574074075	33
MST60094	22.144456018518518	32
MST60094	22.15140046296296	31.5
MST60094	22.158344907407407	31.5
MST60094	22.165289351851854	32
MST60094	22.172233796296297	32
MST60094	22.17917824074074	32
MST60094	22.186122685185186	32
MST60094	22.19306712962963	32.5
MST60094	22.200011574074075	32.5
MST60094	22.206956018518518	32.5
MST60094	22.21390046296296	33.5
MST60094	22.220844907407407	32.5
MST60094	22.227789351851854	32
MST60094	22.234733796296297	33.5
MST60094	22.24167824074074	31.5
MST60094	22.248622685185186	33
MST60094	22.25556712962963	32.5
MST60094	22.262511574074075	32.5
MST60094	22.269456018518518	34.5
MST60094	22.27640046296296	34
MST60094	22.283344907407407	33
MST60094	22.290289351851854	33
MST60094	22.297233796296297	35.5
MST60094	22.30417824074074	32
MST60094	22.311122685185186	32.5
MST60094	22.31806712962963	33
MST60094	22.325011574074075	31
MST60094	22.331956018518518	31
MST60094	22.33890046296296	31
MST60094	22.345844907407407	33
MST60094	22.352789351851854	33
MST60094	22.359733796296297	30.5
MST60094	22.36667824074074	33.5
MST60094	22.373622685185186	33
MST60094	22.38056712962963	31
MST60094	22.387511574074075	34
MST60094	22.394456018518518	31
MST60094	22.40140046296296	32
MST60094	22.408344907407407	31
MST60094	22.415289351851854	31
MST60094	22.422233796296297	30.5
MST60094	22.42917824074074	31.5
MST60094	22.436122685185186	32.5
MST60094	22.44306712962963	33.5
MST60094	22.450011574074075	33
MST60094	22.456956018518518	31
MST60094	22.46390046296296	29.5
MST60094	22.470844907407407	29.5
MST60094	22.477789351851854	32
MST60094	22.484733796296297	32
MST60094	22.49167824074074	32
MST60094	22.498622685185186	34
MST60094	22.50556712962963	33
MST60094	22.512511574074075	33
MST60094	22.519456018518518	34.5
MST60094	22.52640046296296	34.5
MST60094	22.533344907407407	34
MST60094	22.540289351851854	33.5
MST60096	16.004872685185184	31
MST60096	16.01181712962963	31.5
MST60096	16.018761574074073	32
MST60096	16.02570601851852	32
MST60096	16.032650462962962	32
MST60096	16.03959490740741	32
MST60096	16.04653935185185	31.5
MST60096	16.053483796296295	31.5
MST60096	16.06042824074074	31.5
MST60096	16.067372685185184	33.5
MST60096	16.07431712962963	33.5
MST60096	16.081261574074073	33.5
MST60096	16.08820601851852	33
MST60096	16.095150462962962	33.5
MST60096	16.10209490740741	33.5
MST60096	16.10903935185185	33
MST60096	16.115983796296295	33
MST60096	16.12292824074074	31.5
MST60096	16.129872685185184	32
MST60096	16.13681712962963	32
MST60096	16.143761574074073	31.5
MST60096	16.15070601851852	32
MST60096	16.157650462962962	32.5
MST60096	16.16459490740741	31
MST60096	16.17153935185185	31.5
MST60096	16.178483796296295	32.5
MST60096	16.18542824074074	34
MST60096	16.192372685185184	32.5
MST60096	16.19931712962963	32.5
MST60096	16.206261574074073	33
MST60096	16.21320601851852	32.5
MST60096	16.220150462962962	34.5
MST60096	16.22709490740741	31.5
MST60096	16.23403935185185	33.5
MST60096	16.240983796296295	33.5
MST60096	16.24792824074074	33.5
MST60096	16.254872685185184	32
MST60096	16.26181712962963	31.5
MST60096	16.268761574074073	31.5
MST60096	16.27570601851852	32
MST60096	16.282650462962962	33
MST60096	16.28959490740741	33
MST60096	16.29653935185185	31.5
MST60096	16.303483796296295	33
MST60096	16.31042824074074	32
MST60096	16.317372685185184	31.5
MST60096	16.32431712962963	32
MST60096	16.331261574074073	31.5
MST60096	16.33820601851852	32
MST60096	16.345150462962962	32.5
MST60096	16.35209490740741	32.5
MST60096	16.35903935185185	31
MST60096	16.365983796296295	31.5
MST60096	16.37292824074074	33
MST60096	16.379872685185184	32
MST60096	16.38681712962963	31.5
MST60096	16.393761574074073	32
MST60096	16.40070601851852	30.5
MST60096	16.407650462962962	31
MST60096	16.41459490740741	32
MST60096	16.42153935185185	32
MST60096	16.428483796296295	31.5
MST60096	16.43542824074074	31
MST60096	16.442372685185184	31
MST60096	16.44931712962963	31
MST60096	16.456261574074073	31.5
MST60096	16.46320601851852	31.5
MST60096	16.470150462962962	31.5
MST60096	16.47709490740741	32.5
MST60096	16.48403935185185	33
MST60096	16.490983796296295	33
MST60096	16.49792824074074	33.5
MST60096	16.504872685185184	33.5
MST60096	16.51181712962963	33.5
MST60096	16.518761574074073	33
MST60096	16.52570601851852	31.5
MST60096	16.532650462962962	31.5
MST60096	16.53959490740741	31.5
MST60096	16.54653935185185	31.5
MST60096	16.553483796296295	31.5
MST60096	16.56042824074074	31.5
MST60096	16.567372685185184	31.5
MST60096	16.57431712962963	31.5
MST60096	16.581261574074073	32
MST60096	16.58820601851852	31.5
MST60096	16.595150462962962	31.5
MST60096	16.60209490740741	31
MST60096	16.60903935185185	31
MST60096	16.615983796296295	32
MST60096	16.62292824074074	31.5
MST60096	16.629872685185184	32
MST60096	16.63681712962963	32
MST60096	16.643761574074073	32
MST60096	16.65070601851852	31.5
MST60096	16.657650462962962	32
MST60096	16.66459490740741	32.5
MST60096	16.67153935185185	32
MST60096	16.678483796296295	32.5
MST60096	16.68542824074074	32
MST60096	16.692372685185184	32
MST60096	16.69931712962963	31.5
MST60096	16.706261574074073	31.5
MST60096	16.71320601851852	31
MST60096	16.720150462962962	31
MST60096	16.72709490740741	31.5
MST60096	16.73403935185185	31
MST60096	16.740983796296295	30.5
MST60096	16.74792824074074	31
MST60096	16.754872685185184	31
MST60096	16.76181712962963	31.5
MST60096	16.768761574074073	31.5
MST60096	16.77570601851852	31
MST60096	16.782650462962962	31
MST60096	16.78959490740741	31
MST60096	16.79653935185185	31.5
MST60096	16.803483796296295	30.5
MST60096	16.81042824074074	31
MST60096	16.817372685185184	31
MST60096	16.82431712962963	30.5
MST60096	16.831261574074073	30.5
MST60096	16.83820601851852	32
MST60096	16.845150462962962	32
MST60096	16.85209490740741	31.5
MST60096	16.85903935185185	30.5
MST60096	16.865983796296295	31
MST60096	16.87292824074074	30.5
MST60096	16.879872685185184	29.5
MST60096	16.88681712962963	28
MST60096	16.893761574074073	29
MST60096	16.90070601851852	29
MST60096	16.907650462962962	30
MST60096	16.91459490740741	30
MST60096	16.92153935185185	30
MST60096	16.928483796296295	28.5
MST60096	16.93542824074074	29
MST60096	16.942372685185184	29
MST60096	16.94931712962963	28.5
MST60096	16.956261574074073	29
MST60096	16.96320601851852	28.5
MST60096	16.970150462962962	28
MST60096	16.97709490740741	27
MST60096	16.98403935185185	26.5
MST60096	16.990983796296295	26.5
MST60096	16.99792824074074	28
MST60096	17.004872685185184	29
MST60096	17.01181712962963	30
MST60096	17.018761574074073	31
MST60096	17.02570601851852	30.5
MST60096	17.032650462962962	29
MST60096	17.03959490740741	29
MST60096	17.04653935185185	30
MST60096	17.053483796296295	30.5
MST60096	17.06042824074074	30.5
MST60096	17.067372685185184	31.5
MST60096	17.07431712962963	32.5
MST60096	17.081261574074073	32
MST60096	17.08820601851852	31
MST60096	17.095150462962962	31.5
MST60096	17.10209490740741	31
MST60096	17.10903935185185	34
MST60096	17.115983796296295	34
MST60096	17.12292824074074	32
MST60096	17.129872685185184	32
MST60096	17.13681712962963	32.5
MST60096	17.143761574074073	32.5
MST60096	17.15070601851852	32
MST60096	17.157650462962962	30.5
MST60096	17.16459490740741	31.5
MST60096	17.17153935185185	31
MST60096	17.178483796296295	31
MST60096	17.18542824074074	32.5
MST60096	17.192372685185184	34
MST60096	17.19931712962963	33.5
MST60096	17.206261574074073	33
MST60096	17.21320601851852	34
MST60096	17.220150462962962	31.5
MST60096	17.22709490740741	32
MST60096	17.23403935185185	32
MST60096	17.240983796296295	32
MST60096	17.24792824074074	30.5
MST60096	17.254872685185184	31
MST60096	17.26181712962963	33.5
MST60096	17.268761574074073	33
MST60096	17.27570601851852	32.5
MST60096	17.282650462962962	34.5
MST60096	17.28959490740741	32.5
MST60096	17.29653935185185	31.5
MST60096	17.303483796296295	31.5
MST60096	17.31042824074074	31.5
MST60096	17.317372685185184	31.5
MST60096	17.32431712962963	31.5
MST60096	17.331261574074073	31.5
MST60096	17.33820601851852	32
MST60096	17.345150462962962	33
MST60096	17.35209490740741	32.5
MST60096	17.35903935185185	32.5
MST60096	17.365983796296295	33
MST60096	17.37292824074074	31
MST60096	17.379872685185184	32
MST60096	17.38681712962963	32.5
MST60096	17.393761574074073	32.5
MST60096	17.40070601851852	32
MST60096	17.407650462962962	32
MST60096	17.41459490740741	32
MST60096	17.42153935185185	32
MST60096	17.428483796296298	32
MST60096	17.43542824074074	31.5
MST60096	17.442372685185184	31.5
MST60096	17.44931712962963	31.5
MST60096	17.456261574074073	31.5
MST60096	17.46320601851852	31.5
MST60096	17.470150462962962	31.5
MST60096	17.47709490740741	32
MST60096	17.48403935185185	32.5
MST60096	17.490983796296298	32
MST60096	17.49792824074074	32.5
MST60096	17.504872685185184	32.5
MST60096	17.51181712962963	33
MST60096	17.518761574074073	32.5
MST60096	17.52570601851852	32.5
MST60096	17.532650462962962	32.5
MST60096	17.53959490740741	32
MST60096	17.54653935185185	32
MST60096	17.553483796296298	32
MST60096	17.56042824074074	31.5
MST60096	17.567372685185184	32
MST60096	17.57431712962963	31.5
MST60096	17.581261574074073	31.5
MST60096	17.58820601851852	30
MST60096	17.595150462962962	31.5
MST60096	17.60209490740741	32
MST60096	17.60903935185185	31.5
MST60096	17.615983796296298	32
MST60096	17.62292824074074	31.5
MST60096	17.629872685185184	32
MST60096	17.63681712962963	31.5
MST60096	17.643761574074073	32
MST60096	17.65070601851852	31.5
MST60096	17.657650462962962	31.5
MST60096	17.66459490740741	31.5
MST60096	17.67153935185185	31.5
MST60096	17.678483796296298	32
MST60096	17.68542824074074	31.5
MST60096	17.692372685185184	31
MST60096	17.69931712962963	29.5
MST60096	17.706261574074073	29
MST60096	17.71320601851852	29.5
MST60096	17.720150462962962	30.5
MST60096	17.72709490740741	31
MST60096	17.73403935185185	31.5
MST60096	17.740983796296298	31
MST60096	17.74792824074074	30
MST60096	17.754872685185184	30
MST60096	17.76181712962963	30
MST60096	17.768761574074073	30.5
MST60096	17.77570601851852	30
MST60096	17.782650462962962	30.5
MST60096	17.78959490740741	29.5
MST60096	17.79653935185185	29.5
MST60096	17.803483796296298	29
MST60096	17.81042824074074	29
MST60096	17.817372685185184	28.5
MST60096	17.82431712962963	28
MST60096	17.831261574074073	28.5
MST60096	17.83820601851852	32
MST60096	17.845150462962962	31.5
MST60096	17.85209490740741	31.5
MST60096	17.85903935185185	31
MST60096	17.865983796296298	30.5
MST60096	17.87292824074074	30.5
MST60096	17.879872685185184	30
MST60096	17.88681712962963	29
MST60096	17.893761574074073	28
MST60096	17.90070601851852	27.5
MST60096	17.907650462962962	28.5
MST60096	17.91459490740741	29
MST60096	17.92153935185185	29
MST60096	17.928483796296298	28.5
MST60096	17.93542824074074	28.5
MST60096	17.942372685185184	28
MST60096	17.94931712962963	28
MST60096	17.956261574074073	27.5
MST60096	17.96320601851852	26.5
MST60096	17.970150462962962	26
MST60096	17.97709490740741	25.5
MST60096	17.98403935185185	25
MST60096	17.990983796296298	24.5
MST60096	17.99792824074074	25
MST60096	18.004872685185184	26.5
MST60096	18.01181712962963	30
MST60096	18.018761574074073	31
MST60096	18.02570601851852	30.5
MST60096	18.032650462962962	30.5
MST60096	18.03959490740741	31.5
MST60096	18.04653935185185	31.5
MST60096	18.053483796296298	31.5
MST60096	18.06042824074074	32
MST60096	18.067372685185184	32
MST60096	18.07431712962963	31
MST60096	18.081261574074073	33.5
MST60096	18.08820601851852	33
MST60096	18.095150462962962	33
MST60096	18.10209490740741	35.5
MST60096	18.10903935185185	34
MST60096	18.115983796296298	33
MST60096	18.12292824074074	34
MST60096	18.129872685185184	33.5
MST60096	18.13681712962963	31
MST60096	18.143761574074073	31.5
MST60096	18.15070601851852	31.5
MST60096	18.157650462962962	34
MST60096	18.16459490740741	33
MST60096	18.17153935185185	33.5
MST60096	18.178483796296298	32
MST60096	18.18542824074074	32
MST60096	18.192372685185184	32.5
MST60096	18.19931712962963	32
MST60096	18.206261574074073	33.5
MST60096	18.21320601851852	31.5
MST60096	18.220150462962962	31.5
MST60096	18.22709490740741	32.5
MST60096	18.23403935185185	34.5
MST60096	18.240983796296298	33
MST60096	18.24792824074074	31.5
MST60096	18.254872685185184	35
MST60096	18.26181712962963	35
MST60096	18.268761574074073	32
MST60096	18.27570601851852	31.5
MST60096	18.282650462962962	31
MST60096	18.28959490740741	31
MST60096	18.29653935185185	32.5
MST60096	18.303483796296298	32
MST60096	18.31042824074074	31.5
MST60096	18.317372685185184	33.5
MST60096	18.32431712962963	34
MST60096	18.331261574074073	34
MST60096	18.33820601851852	34
MST60096	18.345150462962962	34
MST60096	18.35209490740741	34.5
MST60096	18.35903935185185	34
MST60096	18.365983796296298	33.5
MST60096	18.37292824074074	34
MST60096	18.379872685185184	34
MST60096	18.38681712962963	31.5
MST60096	18.393761574074073	31
MST60096	18.40070601851852	31
MST60096	18.407650462962962	31.5
MST60096	18.41459490740741	32
MST60096	18.42153935185185	32
MST60096	18.428483796296298	32
MST60096	18.43542824074074	32.5
MST60096	18.442372685185184	32
MST60096	18.44931712962963	31
MST60096	18.456261574074073	32
MST60096	18.46320601851852	32.5
MST60096	18.470150462962962	32.5
MST60096	18.47709490740741	33.5
MST60096	18.48403935185185	34
MST60096	18.490983796296298	33.5
MST60096	18.49792824074074	33.5
MST60096	18.504872685185184	33.5
MST60096	18.51181712962963	34
MST60096	18.518761574074073	34.5
MST60096	18.52570601851852	33.5
MST60096	18.532650462962962	33.5
MST60096	18.53959490740741	33
MST60096	18.54653935185185	33
MST60096	18.553483796296298	32.5
MST60096	18.56042824074074	32
MST60096	18.567372685185184	31.5
MST60096	18.57431712962963	32.5
MST60096	18.581261574074073	33
MST60096	18.58820601851852	32.5
MST60096	18.595150462962962	33
MST60096	18.60209490740741	33
MST60096	18.60903935185185	33.5
MST60096	18.615983796296298	33.5
MST60096	18.62292824074074	33.5
MST60096	18.629872685185184	33
MST60096	18.63681712962963	33
MST60096	18.643761574074073	33
MST60096	18.65070601851852	32.5
MST60096	18.657650462962962	32.5
MST60096	18.66459490740741	32.5
MST60096	18.67153935185185	32.5
MST60096	18.678483796296298	33
MST60096	18.68542824074074	33
MST60096	18.692372685185184	32.5
MST60096	18.69931712962963	32
MST60096	18.706261574074073	32.5
MST60096	18.71320601851852	32.5
MST60096	18.720150462962962	32.5
MST60096	18.72709490740741	32.5
MST60096	18.73403935185185	33
MST60096	18.740983796296298	33
MST60096	18.74792824074074	32.5
MST60096	18.754872685185184	31.5
MST60096	18.76181712962963	32
MST60096	18.768761574074073	32
MST60096	18.77570601851852	31.5
MST60096	18.782650462962962	31
MST60096	18.78959490740741	30
MST60096	18.79653935185185	29.5
MST60096	18.803483796296298	29
MST60096	18.81042824074074	29
MST60096	18.817372685185184	29.5
MST60096	18.82431712962963	29.5
MST60096	18.831261574074073	29
MST60096	18.83820601851852	28
MST60096	18.845150462962962	28
MST60096	18.852094907407405	31
MST60096	18.85903935185185	32.5
MST60096	18.865983796296295	32
MST60096	18.87292824074074	32
MST60096	18.879872685185184	32
MST60096	18.88681712962963	31.5
MST60096	18.893761574074073	31.5
MST60096	18.90070601851852	32
MST60096	18.907650462962962	32
MST60096	18.914594907407405	32
MST60096	18.92153935185185	31
MST60096	18.928483796296295	31.5
MST60096	18.93542824074074	30
MST60096	18.942372685185184	30
MST60096	18.94931712962963	29
MST60096	18.956261574074073	28
MST60096	18.96320601851852	28.5
MST60096	18.970150462962962	29
MST60096	18.977094907407405	30
MST60096	18.98403935185185	29
MST60096	18.990983796296295	29.5
MST60096	18.99792824074074	29.5
MST60096	19.004872685185184	29.5
MST60096	19.01181712962963	29
MST60096	19.018761574074073	30
MST60096	19.02570601851852	30.5
MST60096	19.032650462962962	30.5
MST60096	19.039594907407405	29.5
MST60096	19.04653935185185	30.5
MST60096	19.053483796296295	32
MST60096	19.06042824074074	32
MST60096	19.067372685185184	32
MST60096	19.07431712962963	32
MST60096	19.081261574074073	31.5
MST60096	19.08820601851852	32
MST60096	19.095150462962962	33
MST60096	19.102094907407405	31.5
MST60096	19.10903935185185	31
MST60096	19.115983796296295	31
MST60096	19.12292824074074	33
MST60096	19.129872685185184	31.5
MST60096	19.13681712962963	31.5
MST60096	19.143761574074073	32
MST60096	19.15070601851852	32.5
MST60096	19.157650462962962	32
MST60096	19.164594907407405	32.5
MST60096	19.17153935185185	33
MST60096	19.178483796296295	31.5
MST60096	19.18542824074074	31.5
MST60096	19.192372685185184	32.5
MST60096	19.19931712962963	33
MST60096	19.206261574074073	31
MST60096	19.21320601851852	31
MST60096	19.220150462962962	31.5
MST60096	19.227094907407405	31
MST60096	19.23403935185185	31.5
MST60096	19.240983796296295	34.5
MST60096	19.24792824074074	33.5
MST60096	19.254872685185184	32.5
MST60096	19.26181712962963	31
MST60096	19.268761574074073	31.5
MST60096	19.27570601851852	35
MST60096	19.282650462962962	33
MST60096	19.289594907407405	31.5
MST60096	19.29653935185185	30.5
MST60096	19.303483796296295	34.5
MST60096	19.31042824074074	30.5
MST60096	19.317372685185184	30.5
MST60096	19.32431712962963	31
MST60096	19.331261574074073	31
MST60096	19.33820601851852	31.5
MST60096	19.345150462962962	32
MST60096	19.352094907407405	32.5
MST60096	19.35903935185185	32
MST60096	19.365983796296295	32.5
MST60096	19.37292824074074	33
MST60096	19.379872685185184	33
MST60096	19.38681712962963	33
MST60096	19.393761574074073	32.5
MST60096	19.40070601851852	32.5
MST60096	19.407650462962962	35
MST60096	19.414594907407405	34.5
MST60096	19.42153935185185	34
MST60096	19.428483796296295	33
MST60096	19.43542824074074	33
MST60096	19.442372685185184	32.5
MST60096	19.44931712962963	32.5
MST60096	19.456261574074073	32.5
MST60096	19.46320601851852	33
MST60096	19.470150462962962	32.5
MST60096	19.477094907407405	33
MST60096	19.48403935185185	33.5
MST60096	19.490983796296295	33.5
MST60096	19.49792824074074	34
MST60096	19.504872685185184	33
MST60096	19.51181712962963	32
MST60096	19.518761574074073	32
MST60096	19.52570601851852	32
MST60096	19.532650462962962	31
MST60096	19.539594907407405	31
MST60096	19.54653935185185	31.5
MST60096	19.553483796296295	31.5
MST60096	19.56042824074074	31
MST60096	19.567372685185184	32
MST60096	19.57431712962963	31.5
MST60096	19.581261574074073	30.5
MST60096	19.58820601851852	32
MST60096	19.595150462962962	31.5
MST60096	19.602094907407405	32
MST60096	19.60903935185185	31
MST60096	19.615983796296295	31.5
MST60096	19.62292824074074	30.5
MST60096	19.629872685185184	31
MST60096	19.63681712962963	32
MST60096	19.643761574074073	32.5
MST60096	19.65070601851852	32.5
MST60096	19.657650462962962	31
MST60096	19.664594907407405	31
MST60096	19.67153935185185	31.5
MST60096	19.678483796296295	32
MST60096	19.68542824074074	31.5
MST60096	19.692372685185184	31
MST60096	19.69931712962963	30.5
MST60096	19.706261574074073	31
MST60096	19.71320601851852	30
MST60096	19.720150462962962	30
MST60096	19.727094907407405	30
MST60096	19.73403935185185	29.5
MST60096	19.740983796296295	29.5
MST60096	19.74792824074074	30
MST60096	19.754872685185184	30.5
MST60096	19.76181712962963	30
MST60096	19.768761574074073	29
MST60096	19.77570601851852	28.5
MST60096	19.782650462962962	28.5
MST60096	19.789594907407405	30
MST60096	19.79653935185185	30
MST60096	19.803483796296295	31
MST60096	19.81042824074074	31.5
MST60096	19.817372685185184	31.5
MST60096	19.82431712962963	31.5
MST60096	19.831261574074073	31.5
MST60096	19.83820601851852	31.5
MST60096	19.845150462962962	31
MST60096	19.852094907407405	31
MST60096	19.85903935185185	31
MST60096	19.865983796296295	31
MST60096	19.87292824074074	31.5
MST60096	19.879872685185184	31
MST60096	19.88681712962963	31.5
MST60096	19.893761574074073	30.5
MST60096	19.90070601851852	30.5
MST60096	19.907650462962962	31
MST60096	19.914594907407405	31
MST60096	19.92153935185185	30.5
MST60096	19.928483796296295	30
MST60096	19.93542824074074	29.5
MST60096	19.942372685185184	30
MST60096	19.94931712962963	31.5
MST60096	19.956261574074073	35
MST60096	19.96320601851852	33.5
MST60096	19.970150462962962	32
MST60096	19.977094907407405	31
MST60096	19.98403935185185	31.5
MST60096	19.990983796296295	31.5
MST60096	19.99792824074074	32
MST60096	20.004872685185184	32
MST60096	20.01181712962963	32
MST60096	20.018761574074073	31
MST60096	20.02570601851852	30
MST60096	20.032650462962962	31
MST60096	20.039594907407405	30.5
MST60096	20.04653935185185	30.5
MST60096	20.053483796296298	31.5
MST60096	20.06042824074074	33
MST60096	20.067372685185184	31.5
MST60096	20.07431712962963	32
MST60096	20.081261574074073	32
MST60096	20.08820601851852	32.5
MST60096	20.095150462962962	31.5
MST60096	20.102094907407405	34
MST60096	20.10903935185185	33.5
MST60096	20.115983796296298	33.5
MST60096	20.12292824074074	31
MST60096	20.129872685185184	30.5
MST60096	20.13681712962963	31.5
MST60096	20.143761574074073	34
MST60096	20.15070601851852	33.5
MST60096	20.157650462962962	31.5
MST60096	20.164594907407405	32
MST60096	20.17153935185185	33
MST60096	20.178483796296298	33.5
MST60096	20.18542824074074	34
MST60096	20.192372685185184	32
MST60096	20.19931712962963	34
MST60096	20.206261574074073	31.5
MST60096	20.21320601851852	31
MST60096	20.220150462962962	31
MST60096	20.227094907407405	33.5
MST60096	20.23403935185185	34
MST60096	20.240983796296298	34
MST60096	20.24792824074074	31
MST60096	20.254872685185184	33.5
MST60096	20.26181712962963	32
MST60096	20.268761574074073	31.5
MST60096	20.27570601851852	32
MST60096	20.282650462962962	31.5
MST60096	20.289594907407405	31.5
MST60096	20.29653935185185	32
MST60096	20.303483796296298	32
MST60096	20.31042824074074	32.5
MST60096	20.317372685185184	32
MST60096	20.32431712962963	32
MST60096	20.331261574074073	32
MST60096	20.33820601851852	32.5
MST60096	20.345150462962962	31.5
MST60096	20.352094907407405	32
MST60096	20.35903935185185	31
MST60096	20.365983796296298	31
MST60096	20.37292824074074	31.5
MST60096	20.379872685185184	32.5
MST60096	20.38681712962963	32
MST60096	20.393761574074073	31.5
MST60096	20.40070601851852	31
MST60096	20.407650462962962	31.5
MST60096	20.414594907407405	31.5
MST60096	20.42153935185185	31.5
MST60096	20.428483796296298	33.5
MST60096	20.43542824074074	34
MST60096	20.442372685185184	33
MST60096	20.44931712962963	33.5
MST60096	20.456261574074073	33.5
MST60096	20.46320601851852	33.5
MST60096	20.470150462962962	33
MST60096	20.477094907407405	33.5
MST60096	20.48403935185185	33.5
MST60096	20.490983796296298	33.5
MST60096	20.49792824074074	34
MST60096	20.504872685185184	33
MST60096	20.51181712962963	33
MST60096	20.518761574074073	33.5
MST60096	20.52570601851852	33
MST60096	20.532650462962962	33.5
MST60096	20.539594907407405	31.5
MST60096	20.54653935185185	30.5
MST60096	20.553483796296298	32.5
MST60096	20.56042824074074	32
MST60096	20.567372685185184	32
MST60096	20.57431712962963	31.5
MST60096	20.581261574074073	31.5
MST60096	20.58820601851852	32
MST60096	20.595150462962962	32.5
MST60096	20.602094907407405	31.5
MST60096	20.60903935185185	30.5
MST60096	20.615983796296298	33
MST60096	20.62292824074074	32.5
MST60096	20.629872685185184	32.5
MST60096	20.63681712962963	32.5
MST60096	20.643761574074073	32
MST60096	20.65070601851852	32
MST60096	20.657650462962962	32
MST60096	20.664594907407405	31
MST60096	20.67153935185185	30
MST60096	20.678483796296298	29.5
MST60096	20.68542824074074	30
MST60096	20.692372685185184	30
MST60096	20.69931712962963	30
MST60096	20.706261574074073	30.5
MST60096	20.71320601851852	31
MST60096	20.720150462962962	30
MST60096	20.727094907407405	32
MST60096	20.73403935185185	32
MST60096	20.740983796296298	32
MST60096	20.74792824074074	32
MST60096	20.754872685185184	31.5
MST60096	20.76181712962963	31
MST60096	20.768761574074073	30.5
MST60096	20.77570601851852	30.5
MST60096	20.782650462962962	30
MST60096	20.789594907407405	32
MST60096	20.79653935185185	31
MST60096	20.803483796296298	32
MST60096	20.81042824074074	32
MST60096	20.817372685185184	32
MST60096	20.82431712962963	31
MST60096	20.831261574074073	31
MST60096	20.83820601851852	30
MST60096	20.845150462962962	32
MST60096	20.852094907407405	34
MST60096	20.85903935185185	33.5
MST60096	20.865983796296298	32
MST60096	20.87292824074074	32
MST60096	20.879872685185184	31.5
MST60096	20.88681712962963	30.5
MST60096	20.893761574074073	30
MST60096	20.90070601851852	29.5
MST60096	20.907650462962962	29.5
MST60096	20.914594907407405	29
MST60096	20.92153935185185	28.5
MST60096	20.928483796296298	28.5
MST60096	20.93542824074074	29
MST60096	20.942372685185184	30
MST60096	20.94931712962963	30.5
MST60096	20.956261574074073	31
MST60096	20.96320601851852	31.5
MST60096	20.970150462962962	31.5
MST60096	20.977094907407405	31
MST60096	20.98403935185185	30.5
MST60096	20.990983796296298	31
MST60096	20.99792824074074	30.5
MST60096	21.004872685185184	30
MST60096	21.01181712962963	29.5
MST60096	21.018761574074073	27.5
MST60096	21.02570601851852	28
MST60096	21.032650462962962	29
MST60096	21.039594907407405	31
MST60096	21.04653935185185	31
MST60096	21.053483796296298	32.5
MST60096	21.06042824074074	32
MST60096	21.067372685185184	32
MST60096	21.07431712962963	32
MST60096	21.081261574074073	33.5
MST60096	21.08820601851852	34.5
MST60096	21.095150462962962	33
MST60096	21.102094907407405	32.5
MST60096	21.10903935185185	32
MST60096	21.115983796296298	31.5
MST60096	21.12292824074074	32
MST60096	21.129872685185184	31.5
MST60096	21.13681712962963	32
MST60096	21.143761574074073	34
MST60096	21.15070601851852	32.5
MST60096	21.157650462962962	31.5
MST60096	21.164594907407405	32
MST60096	21.17153935185185	31.5
MST60096	21.178483796296298	31.5
MST60096	21.18542824074074	31
MST60096	21.192372685185184	30.5
MST60096	21.19931712962963	31
MST60096	21.206261574074073	31
MST60096	21.21320601851852	31.5
MST60096	21.220150462962962	32.5
MST60096	21.227094907407405	32
MST60096	21.23403935185185	32
MST60096	21.240983796296298	31.5
MST60096	21.24792824074074	30.5
MST60096	21.254872685185184	30.5
MST60096	21.26181712962963	32
MST60096	21.268761574074073	31
MST60096	21.27570601851852	31.5
MST60096	21.282650462962962	31
MST60096	21.289594907407405	31
MST60096	21.29653935185185	31
MST60096	21.303483796296298	34
MST60096	21.31042824074074	33
MST60096	21.317372685185184	32.5
MST60096	21.32431712962963	33
MST60096	21.331261574074073	35.5
MST60096	21.33820601851852	34
MST60096	21.345150462962962	34.5
MST60096	21.352094907407405	34.5
MST60096	21.35903935185185	31.5
MST60096	21.365983796296298	31.5
MST60096	21.37292824074074	32
MST60096	21.379872685185184	35
MST60096	21.38681712962963	35
MST60096	21.393761574074073	34
MST60096	21.40070601851852	32
MST60096	21.407650462962962	33.5
MST60096	21.414594907407405	32.5
MST60096	21.42153935185185	32.5
MST60096	21.428483796296298	35
MST60096	21.43542824074074	31.5
MST60096	21.442372685185184	32.5
MST60096	21.44931712962963	32
MST60096	21.456261574074073	31.5
MST60096	21.46320601851852	33
MST60096	21.470150462962962	32
MST60096	21.477094907407405	32.5
MST60096	21.48403935185185	32
MST60096	21.490983796296298	31.5
MST60096	21.49792824074074	33
MST60096	21.504872685185184	32.5
MST60096	21.51181712962963	33
MST60096	21.518761574074073	32.5
MST60096	21.52570601851852	33.5
MST60096	21.532650462962962	33
MST60096	21.539594907407405	32.5
MST60096	21.54653935185185	32
MST60096	21.553483796296298	31.5
MST60096	21.56042824074074	31.5
MST60096	21.567372685185184	31.5
MST60096	21.57431712962963	31.5
MST60096	21.581261574074073	32
MST60096	21.58820601851852	32.5
MST60096	21.595150462962962	31.5
MST60096	21.602094907407405	32
MST60096	21.60903935185185	31.5
MST60096	21.615983796296298	30.5
MST60096	21.62292824074074	31.5
MST60096	21.629872685185184	31.5
MST60096	21.63681712962963	31
MST60096	21.643761574074073	31
MST60096	21.65070601851852	31.5
MST60096	21.657650462962962	31
MST60096	21.664594907407405	31
MST60096	21.67153935185185	31
MST60096	21.678483796296298	31
MST60096	21.68542824074074	31.5
MST60096	21.692372685185184	31
MST60096	21.69931712962963	30.5
MST60096	21.706261574074073	31
MST60096	21.71320601851852	31.5
MST60096	21.720150462962962	31
MST60096	21.727094907407405	31.5
MST60096	21.73403935185185	31
MST60096	21.740983796296298	30.5
MST60096	21.74792824074074	30
MST60096	21.754872685185184	30
MST60096	21.76181712962963	30
MST60096	21.768761574074073	29
MST60096	21.77570601851852	28
MST60096	21.782650462962962	27
MST60096	21.789594907407405	27.5
MST60096	21.79653935185185	27.5
MST60096	21.803483796296298	27
MST60096	21.81042824074074	26
MST60096	21.817372685185184	25
MST60096	21.82431712962963	25.5
MST60096	21.831261574074073	27.5
MST60096	21.83820601851852	29.5
MST60096	21.845150462962962	31
MST60096	21.852094907407405	31
MST60096	21.85903935185185	31
MST60096	21.865983796296298	31
MST60096	21.87292824074074	31
MST60096	21.879872685185184	32.5
MST60096	21.88681712962963	32
MST60096	21.893761574074073	31
MST60096	21.90070601851852	30.5
MST60096	21.907650462962962	30
MST60096	21.914594907407405	30
MST60096	21.92153935185185	30
MST60096	21.928483796296298	29.5
MST60096	21.93542824074074	28.5
MST60096	21.942372685185184	28
MST60096	21.94931712962963	27
MST60096	21.956261574074073	28
MST60096	21.96320601851852	29
MST60096	21.970150462962962	29
MST60096	21.977094907407405	29
MST60096	21.98403935185185	29
MST60096	21.990983796296298	30
MST60096	21.99792824074074	30.5
MST60096	22.004872685185184	30
MST60096	22.01181712962963	30
MST60096	22.018761574074073	30
MST60096	22.02570601851852	30
MST60096	22.032650462962962	30
MST60096	22.039594907407405	30.5
MST60096	22.04653935185185	31.5
MST60096	22.053483796296298	31.5
MST60096	22.06042824074074	31
MST60096	22.067372685185184	31.5
MST60096	22.07431712962963	31.5
MST60096	22.081261574074073	31
MST60096	22.08820601851852	33.5
MST60096	22.095150462962962	33
MST60096	22.102094907407405	32.5
MST60096	22.10903935185185	32
MST60096	22.115983796296298	32
MST60096	22.12292824074074	32
MST60096	22.129872685185184	31.5
MST60096	22.13681712962963	31.5
MST60096	22.143761574074073	32
MST60096	22.15070601851852	32
MST60096	22.157650462962962	31.5
MST60096	22.164594907407405	32
MST60096	22.17153935185185	31.5
MST60096	22.178483796296298	31.5
MST60096	22.18542824074074	31.5
MST60096	22.192372685185184	31.5
MST60096	22.19931712962963	31.5
MST60096	22.206261574074073	32
MST60096	22.21320601851852	33
MST60096	22.220150462962962	32.5
MST60096	22.227094907407405	32
MST60096	22.23403935185185	32
MST60096	22.240983796296298	31
MST60096	22.24792824074074	33
MST60096	22.254872685185184	34.5
MST60096	22.26181712962963	34.5
MST60096	22.268761574074073	33.5
MST60096	22.27570601851852	34.5
MST60096	22.282650462962962	33.5
MST60096	22.289594907407405	34.5
MST60096	22.29653935185185	33
MST60096	22.303483796296298	35.5
MST60096	22.31042824074074	33.5
MST60096	22.317372685185184	34.5
MST60096	22.32431712962963	32
MST60096	22.331261574074073	32
MST60096	22.33820601851852	31.5
MST60096	22.345150462962962	33
MST60096	22.352094907407405	32.5
MST60096	22.35903935185185	32
MST60096	22.365983796296298	31.5
MST60096	22.37292824074074	34.5
MST60096	22.379872685185184	35
MST60096	22.38681712962963	33.5
MST60096	22.393761574074073	34
MST60096	22.40070601851852	33.5
MST60096	22.407650462962962	32
MST60096	22.414594907407405	31.5
MST60096	22.42153935185185	31.5
MST60096	22.428483796296298	32.5
MST60096	22.43542824074074	34
MST60096	22.442372685185184	32.5
MST60096	22.44931712962963	32
MST60096	22.456261574074073	32
MST60096	22.46320601851852	31.5
MST60096	22.470150462962962	31
MST60096	22.477094907407405	32
MST60096	22.48403935185185	32.5
MST60096	22.490983796296298	32.5
MST60096	22.49792824074074	32
MST60096	22.504872685185184	32
MST60096	22.51181712962963	32.5
MST60096	22.518761574074073	33.5
MST60096	22.52570601851852	32.5
MST60096	22.532650462962962	32.5
MST60096	22.539594907407405	32.5
MST60096	22.54653935185185	32
MST60096	22.553483796296298	32.5
MST60096	22.56042824074074	32
MST60096	22.567372685185184	32.5
MST60096	22.57431712962963	31.5
MST60096	22.581261574074073	32
MST60096	22.58820601851852	31.5
MST60096	22.595150462962962	31.5
MST60096	22.602094907407405	31.5
MST60096	22.60903935185185	32
MST60096	22.615983796296298	31
MST60096	22.62292824074074	30.5
MST60096	22.629872685185184	30.5
MST60096	22.63681712962963	30.5
MST60096	22.643761574074073	30.5
MST60096	22.65070601851852	30.5
MST60096	22.657650462962962	30.5
MST60096	22.664594907407405	31
MST60096	22.67153935185185	30.5
MST60096	22.678483796296298	30.5
MST60096	22.68542824074074	31
MST60096	22.692372685185184	31.5
MST60096	22.69931712962963	31.5
MST60096	22.706261574074073	31
MST60096	22.71320601851852	31
MST60096	22.720150462962962	31
MST60096	22.727094907407405	31.5
MST60096	22.73403935185185	31.5
MST60096	22.740983796296298	31.5
MST60096	22.74792824074074	31.5
MST60096	22.754872685185184	31.5
MST60096	22.76181712962963	31
MST60096	22.768761574074073	31.5
MST60096	22.77570601851852	30.5
MST60096	22.782650462962962	31
MST60096	22.789594907407405	31
MST60096	22.79653935185185	30.5
MST60096	22.803483796296298	31
MST60096	22.81042824074074	30.5
MST60096	22.817372685185184	30
MST60096	22.82431712962963	30.5
MST60096	22.831261574074073	29.5
MST60096	22.83820601851852	30
MST60096	22.845150462962962	30
MST60096	22.852094907407405	29.5
MST60096	22.85903935185185	28.5
MST60096	22.865983796296298	28
MST60096	22.87292824074074	28.5
MST60096	22.879872685185184	28
MST60096	22.88681712962963	28.5
MST60096	22.893761574074073	28.5
MST60096	22.90070601851852	28
MST60096	22.907650462962962	28.5
MST60096	22.914594907407405	27
MST60096	22.92153935185185	26
MST60096	22.928483796296298	25
MST60096	22.93542824074074	24.5
MST60096	22.942372685185184	25.5
MST60096	22.94931712962963	25
MST60096	22.956261574074073	25
MST60096	22.96320601851852	26
MST60096	22.970150462962962	30
MST60096	22.977094907407405	31
MST60096	22.98403935185185	31
MST60096	22.990983796296298	31.5
MST60096	22.99792824074074	31.5
MST60096	23.004872685185184	31.5
MST60096	23.01181712962963	31.5
MST60096	23.018761574074073	30.5
MST60096	23.02570601851852	31.5
MST60096	23.032650462962962	31.5
MST60096	23.039594907407405	31
MST60096	23.04653935185185	31
MST60096	23.053483796296298	30.5
MST60096	23.06042824074074	30.5
MST60096	23.067372685185184	30.5
MST60096	23.07431712962963	31
MST60096	23.081261574074073	31
MST60096	23.08820601851852	31.5
MST60096	23.095150462962962	31.5
MST60096	23.102094907407405	32
MST60096	23.10903935185185	31.5
MST60096	23.115983796296298	32
MST60096	23.12292824074074	33
MST60096	23.129872685185184	32
MST60096	23.13681712962963	32
MST60096	23.143761574074073	32
MST60096	23.15070601851852	31
MST60096	23.157650462962962	33
MST60096	23.164594907407405	33
MST60096	23.17153935185185	33.5
MST60096	23.178483796296298	31.5
MST60096	23.18542824074074	31.5
MST60096	23.192372685185184	31
MST60096	23.19931712962963	30.5
MST60096	23.206261574074073	32
MST60096	23.21320601851852	34
MST60096	23.220150462962962	34
MST60096	23.227094907407405	33.5
MST60096	23.23403935185185	32
MST60096	23.240983796296298	33.5
MST60096	23.24792824074074	32.5
MST60096	23.254872685185184	31.5
MST60096	23.26181712962963	32
MST60096	23.268761574074073	32
MST60096	23.27570601851852	32.5
MST60096	23.282650462962962	34
MST60096	23.289594907407405	35
MST60096	23.29653935185185	34
MST60096	23.303483796296298	34
MST60096	23.31042824074074	32
MST60096	23.317372685185184	32.5
MST60096	23.32431712962963	32
MST60096	23.331261574074073	31.5
MST60096	23.33820601851852	31.5
MST60096	23.345150462962962	32
MST60096	23.352094907407405	32.5
MST60096	23.35903935185185	32.5
MST60096	23.365983796296298	33
MST60096	23.37292824074074	31
MST60096	23.379872685185184	31.5
MST60096	23.38681712962963	32.5
MST60096	23.393761574074073	31
MST60096	23.40070601851852	32
MST60096	23.407650462962962	32.5
MST60096	23.414594907407405	32
MST60096	23.42153935185185	32.5
MST60096	23.428483796296298	32
MST60096	23.43542824074074	31.5
MST60096	23.442372685185184	31.5
MST60096	23.44931712962963	32
MST60096	23.456261574074073	32
MST60096	23.46320601851852	31.5
MST60096	23.470150462962962	32
MST60096	23.477094907407405	32
MST60096	23.48403935185185	32.5
MST60096	23.490983796296298	33
MST60096	23.49792824074074	30.5
MST60096	23.504872685185184	31
MST60096	23.51181712962963	32
MST60096	23.518761574074073	33
MST60096	23.52570601851852	32
MST60096	23.532650462962962	32
MST60096	23.539594907407405	32
MST60096	23.54653935185185	31.5
MST60096	23.553483796296298	31
MST60096	23.56042824074074	31
MST60096	23.567372685185184	30
MST60096	23.57431712962963	30.5
MST60096	23.581261574074073	30
MST60096	23.58820601851852	31
MST60096	23.595150462962962	30.5
MST60096	23.602094907407405	31
MST60096	23.60903935185185	31.5
MST60096	23.615983796296298	30.5
MST60096	23.62292824074074	30
MST60096	23.629872685185184	29.5
MST60096	23.63681712962963	29.5
MST60096	23.643761574074073	29
MST60096	23.65070601851852	29
MST60096	23.657650462962962	29.5
MST60096	23.664594907407405	29
MST60096	23.67153935185185	28.5
MST60096	23.678483796296298	28
MST60096	23.68542824074074	27.5
MST60096	23.692372685185184	27.5
MST60096	23.69931712962963	28
MST60096	23.706261574074073	28.5
MST60096	23.71320601851852	29.5
MST60096	23.720150462962962	29.5
MST60096	23.727094907407405	29
MST60096	23.73403935185185	28.5
MST60096	23.740983796296298	27
MST60096	23.74792824074074	26
MST60096	23.754872685185184	25
MST60096	23.76181712962963	24
MST60096	23.768761574074073	23.5
MST60096	23.77570601851852	23.5
MST60096	23.782650462962962	29
MST60096	23.789594907407405	31
MST60096	23.79653935185185	31.5
MST60096	23.803483796296298	31.5
MST60096	23.81042824074074	31.5
MST60096	23.817372685185184	31.5
MST60096	23.82431712962963	31.5
MST60096	23.831261574074073	32
MST60096	23.83820601851852	31.5
MST60096	23.845150462962962	32
MST60096	23.852094907407405	32
MST60096	23.85903935185185	31.5
MST60096	23.865983796296298	32
MST60096	23.87292824074074	32
MST60096	23.879872685185184	32
MST60096	23.88681712962963	32
MST60096	23.893761574074073	32
MST60096	23.90070601851852	31.5
MST60096	23.907650462962962	31.5
MST60096	23.914594907407405	31.5
MST60096	23.92153935185185	31
MST60096	23.928483796296298	30
MST60096	23.93542824074074	30
MST60096	23.942372685185184	30.5
MST60096	23.94931712962963	31
MST60096	23.956261574074073	32
MST60096	23.96320601851852	33
MST60096	23.970150462962962	32
MST60096	23.977094907407405	30.5
MST60096	23.98403935185185	29.5
MST60096	23.990983796296298	29
MST60096	23.99792824074074	27.5
MST60096	24.004872685185184	27
MST60096	24.01181712962963	27
MST60096	24.018761574074073	28
MST60096	24.02570601851852	28
MST60096	24.032650462962962	28
MST60096	24.039594907407405	30
MST60096	24.04653935185185	30
MST60096	24.053483796296298	30.5
MST60096	24.06042824074074	30
MST60096	24.067372685185184	32
MST60096	24.07431712962963	30.5
MST60096	24.081261574074073	31.5
MST60096	24.08820601851852	31.5
MST60096	24.095150462962962	31
MST60096	24.102094907407405	32.5
MST60096	24.10903935185185	35
MST60096	24.115983796296298	34.5
MST60096	24.12292824074074	34.5
MST60096	24.129872685185184	33.5
MST60096	24.13681712962963	34.5
MST60096	24.143761574074073	33
MST60096	24.15070601851852	32
MST60096	24.157650462962962	34.5
MST60096	24.164594907407405	35
MST60096	24.17153935185185	33.5
MST60096	24.178483796296298	32
MST60096	24.18542824074074	31.5
MST60096	24.192372685185184	34.5
MST60096	24.19931712962963	34
MST60096	24.206261574074073	35
MST60096	24.21320601851852	32
MST60096	24.220150462962962	33
MST60096	24.227094907407405	32.5
MST60096	24.23403935185185	32.5
MST60096	24.240983796296298	33.5
MST60096	24.24792824074074	31.5
MST60096	24.254872685185184	31.5
MST60096	24.26181712962963	31.5
MST60096	24.268761574074073	31
MST60096	24.27570601851852	31
MST60096	24.282650462962962	32
MST60096	24.289594907407405	32
MST60096	24.29653935185185	31.5
MST60096	24.303483796296298	31
MST60096	24.31042824074074	31
MST60096	24.317372685185184	31.5
MST60096	24.32431712962963	31
MST60096	24.331261574074073	31
MST60096	24.33820601851852	32
MST60096	24.345150462962962	32
MST60096	24.352094907407405	32
MST60096	24.35903935185185	32.5
MST60096	24.365983796296298	31.5
MST60096	24.37292824074074	31.5
MST60096	24.379872685185184	32
MST60096	24.38681712962963	31.5
MST60096	24.393761574074073	31.5
MST60096	24.40070601851852	31
MST60096	24.407650462962962	32.5
MST60096	24.414594907407405	32.5
MST60096	24.42153935185185	31
MST60096	24.428483796296298	31.5
MST60096	24.43542824074074	31
MST60096	24.442372685185184	31.5
MST60096	24.44931712962963	31
MST60096	24.456261574074073	31
MST60096	24.46320601851852	31
MST60096	24.470150462962962	31.5
MST60096	24.477094907407405	32
MST60096	24.48403935185185	32
MST60096	24.490983796296298	32
MST60096	24.49792824074074	32
MST60096	24.504872685185184	32
MST60096	24.51181712962963	32
MST60096	24.518761574074073	33
MST60096	24.52570601851852	32.5
MST60096	24.532650462962962	30.5
MST60096	24.539594907407405	29
MST60096	24.54653935185185	30
MST60096	24.553483796296298	29.5
MST60096	24.56042824074074	30
MST60096	24.567372685185184	31
MST60096	24.57431712962963	31.5
MST60096	24.581261574074073	30
MST60096	24.58820601851852	30
MST60096	24.595150462962962	29
MST60096	24.602094907407405	28
MST60096	24.60903935185185	27.5
MST60096	24.615983796296298	28
MST60096	24.62292824074074	29
MST60096	24.629872685185184	29
MST60096	24.63681712962963	28.5
MST60096	24.643761574074073	29
MST60096	24.65070601851852	29.5
MST60096	24.657650462962962	29
MST60096	24.664594907407405	28
MST60096	24.67153935185185	27
MST60096	24.678483796296298	27.5
MST60096	24.68542824074074	26
MST60096	24.692372685185184	26
MST60096	24.69931712962963	25.5
MST60096	24.706261574074073	26
MST60096	24.71320601851852	26.5
MST60096	24.720150462962962	27
MST60096	24.727094907407405	26.5
MST60096	24.73403935185185	26
MST60096	24.740983796296298	25.5
MST60096	24.74792824074074	26.5
MST60096	24.754872685185184	26.5
MST60096	24.76181712962963	28
MST60096	24.768761574074073	28.5
MST60096	24.77570601851852	27.5
MST60096	24.782650462962962	26.5
MST60096	24.789594907407405	25
MST60096	24.79653935185185	24.5
MST60096	24.803483796296298	23.5
MST60096	24.81042824074074	23
MST60096	24.817372685185184	22.5
MST60096	24.82431712962963	22
MST60096	24.831261574074073	25.5
MST60096	24.83820601851852	30
MST60096	24.845150462962962	31
MST60096	24.852094907407405	31.5
MST60096	24.85903935185185	31.5
MST60096	24.865983796296298	32
MST60096	24.87292824074074	32
MST60096	24.879872685185184	32
MST60096	24.88681712962963	31.5
MST60096	24.893761574074073	32
MST60096	24.90070601851852	31.5
MST60096	24.907650462962962	31.5
MST60096	24.914594907407405	33
MST60096	24.92153935185185	33
MST60096	24.928483796296298	33
MST60096	24.93542824074074	34
MST60096	24.942372685185184	32
MST60096	24.94931712962963	33
MST60096	24.956261574074073	33
MST60096	24.96320601851852	32.5
MST60096	24.970150462962962	32
MST60096	24.977094907407405	31
MST60096	24.98403935185185	30.5
MST60096	24.990983796296298	31
MST60096	24.99792824074074	30.5
MST60096	25.004872685185184	30.5
MST60096	25.01181712962963	30
MST60096	25.018761574074073	29.5
MST60096	25.02570601851852	29
MST60096	25.032650462962962	29
MST60096	25.039594907407405	29.5
MST60096	25.04653935185185	29.5
MST60096	25.053483796296298	30
MST60096	25.06042824074074	31
MST60096	25.067372685185184	31
MST60096	25.07431712962963	31
MST60096	25.081261574074073	31.5
MST60096	25.08820601851852	33
MST60096	25.095150462962962	34
MST60096	25.102094907407405	32.5
MST60096	25.10903935185185	34
MST60096	25.115983796296298	31.5
MST60096	25.12292824074074	32.5
MST60096	25.129872685185184	34.5
MST60096	25.13681712962963	34
MST60096	25.143761574074073	34
MST60096	25.15070601851852	33.5
MST60096	25.157650462962962	31.5
MST60096	25.164594907407405	32.5
MST60096	25.17153935185185	30.5
MST60096	25.178483796296298	35
MST60096	25.18542824074074	33.5
MST60096	25.192372685185184	34
MST60096	25.19931712962963	34.5
MST60096	25.206261574074073	33
MST60096	25.21320601851852	32.5
MST60096	25.220150462962962	34.5
MST60096	25.227094907407405	34
MST60096	25.23403935185185	32
MST60096	25.240983796296298	31.5
MST60096	25.24792824074074	33
MST60096	25.254872685185184	33
MST60096	25.26181712962963	33
MST60096	25.268761574074073	33.5
MST60096	25.27570601851852	32.5
MST60096	25.282650462962962	33.5
MST60096	25.289594907407405	33.5
MST60096	25.29653935185185	33.5
MST60096	25.303483796296298	31.5
MST60096	25.31042824074074	32
MST60096	25.317372685185184	30.5
MST60096	25.32431712962963	30.5
MST60096	25.331261574074073	31
MST60096	25.33820601851852	31
MST60096	25.345150462962962	32
MST60096	25.352094907407405	32
MST60096	25.35903935185185	33
MST60096	25.365983796296298	33.5
MST60096	25.37292824074074	33.5
MST60096	25.379872685185184	32.5
MST60096	25.38681712962963	32
MST60096	25.393761574074073	32.5
MST60096	25.40070601851852	32
MST60096	25.407650462962962	32.5
MST60096	25.414594907407405	32
MST60096	25.42153935185185	32.5
MST60096	25.428483796296298	32
MST60096	25.43542824074074	31.5
MST60096	25.442372685185184	30.5
MST60096	25.44931712962963	31.5
MST60096	25.456261574074073	30.5
MST60096	25.46320601851852	31
MST60096	25.470150462962962	31
MST60096	25.477094907407405	31
MST60096	25.48403935185185	31
MST60096	25.490983796296298	30.5
MST60096	25.49792824074074	30.5
MST60096	25.504872685185184	31
MST60096	25.51181712962963	31
MST60096	25.518761574074073	31.5
MST60096	25.52570601851852	31.5
MST60096	25.532650462962962	30.5
MST60096	25.539594907407405	29.5
MST60096	25.54653935185185	28
MST60096	25.553483796296298	27
MST60096	25.56042824074074	27
MST60096	25.567372685185184	26.5
MST60096	25.57431712962963	25.5
MST60096	25.581261574074073	24.5
MST60096	25.58820601851852	24
MST60096	25.595150462962962	22.5
MST60096	25.602094907407405	22
MST60096	25.60903935185185	21.5
MST60096	25.615983796296298	21.5
MST60096	25.62292824074074	21.5
MST60096	25.629872685185184	21.5
MST60096	25.63681712962963	21.5
MST60096	25.643761574074073	21
MST60096	25.65070601851852	20.5
MST60096	25.657650462962962	20.5
MST60096	25.664594907407405	21
MST60096	25.67153935185185	21.5
MST60096	25.678483796296298	22.5
MST60096	25.68542824074074	25
MST60096	25.692372685185184	29.5
MST60096	25.69931712962963	30
MST60096	25.706261574074073	30
MST60096	25.71320601851852	30.5
MST60096	25.720150462962962	31.5
MST60096	25.727094907407405	31.5
MST60096	25.73403935185185	31
MST60096	25.740983796296298	31.5
MST60096	25.74792824074074	31.5
MST60096	25.754872685185184	31
MST60096	25.76181712962963	31.5
MST60096	25.768761574074073	31.5
MST60096	25.77570601851852	31.5
MST60096	25.782650462962962	31
MST60096	25.789594907407405	31.5
MST60096	25.79653935185185	31
MST60096	25.803483796296298	31.5
MST60096	25.81042824074074	30.5
MST60096	25.817372685185184	30
MST60096	25.82431712962963	29.5
MST60096	25.831261574074073	29
MST60096	25.83820601851852	29
MST60096	25.845150462962962	27.5
MST60096	25.852094907407405	28.5
MST60096	25.85903935185185	31.5
MST60096	25.865983796296298	30.5
MST60096	25.87292824074074	30
MST60096	25.879872685185184	29
MST60096	25.88681712962963	28
MST60096	25.893761574074073	29
MST60096	25.90070601851852	27.5
MST60096	25.907650462962962	26.5
MST60096	25.914594907407405	25.5
MST60096	25.92153935185185	27
MST60096	25.928483796296298	27.5
MST60096	25.93542824074074	26
MST60096	25.942372685185184	25.5
MST60096	25.94931712962963	26
MST60096	25.956261574074073	25
MST60096	25.96320601851852	24
MST60096	25.970150462962962	25
MST60096	25.977094907407405	25.5
MST60096	25.98403935185185	26.5
MST60096	25.990983796296298	28
MST60096	25.99792824074074	29
MST60096	26.004872685185184	30.5
MST60096	26.01181712962963	29.5
MST60096	26.018761574074073	29.5
MST60096	26.02570601851852	30.5
MST60096	26.032650462962962	31
MST60096	26.039594907407405	31
MST60096	26.04653935185185	32
MST60096	26.053483796296298	31
MST60096	26.06042824074074	32
MST60096	26.067372685185184	32.5
MST60096	26.07431712962963	33.5
MST60096	26.081261574074073	34.5
MST60096	26.08820601851852	31.5
MST60096	26.095150462962962	31
MST60096	26.102094907407405	31.5
MST60096	26.10903935185185	33
MST60096	26.115983796296298	33.5
MST60096	26.12292824074074	32
MST60096	26.129872685185184	33
MST60096	26.13681712962963	33.5
MST60096	26.143761574074073	31.5
MST60096	26.15070601851852	34
MST60096	26.157650462962962	31.5
MST60096	26.164594907407405	31.5
MST60096	26.17153935185185	33.5
MST60096	26.178483796296298	35.5
MST60096	26.18542824074074	34.5
MST60096	26.192372685185184	35
MST60096	26.19931712962963	32
MST60096	26.206261574074073	34
MST60096	26.21320601851852	33
MST60096	26.220150462962962	33.5
MST60096	26.227094907407405	33.5
MST60096	26.23403935185185	31
MST60096	26.240983796296298	31
MST60096	26.24792824074074	31.5
MST60096	26.254872685185184	31.5
MST60096	26.26181712962963	31
MST60096	26.268761574074073	31.5
MST60096	26.27570601851852	31
MST60096	26.282650462962962	32
MST60096	26.289594907407405	32
MST60096	26.29653935185185	32
MST60096	26.303483796296298	32.5
MST60096	26.31042824074074	31
MST60096	26.317372685185184	32
MST60096	26.32431712962963	32
MST60096	26.331261574074073	34
MST60096	26.33820601851852	33.5
MST60096	26.345150462962962	33.5
MST60096	26.352094907407405	33.5
MST60096	26.35903935185185	33
MST60096	26.365983796296298	32.5
MST60096	26.37292824074074	33
MST60096	26.379872685185184	32.5
MST60096	26.38681712962963	32
MST60096	26.393761574074073	32.5
MST60096	26.40070601851852	32.5
MST60096	26.407650462962962	33
MST60096	26.414594907407405	32
MST60096	26.42153935185185	32
MST60096	26.428483796296298	32.5
MST60096	26.43542824074074	32
MST60096	26.442372685185184	33
MST60096	26.44931712962963	32.5
MST60096	26.456261574074073	32.5
MST60096	26.46320601851852	32
MST60096	26.470150462962962	32.5
MST60096	26.477094907407405	32.5
MST60096	26.48403935185185	32.5
MST60096	26.490983796296298	32.5
MST60096	26.49792824074074	32
MST60096	26.504872685185184	32
MST60096	26.51181712962963	33
MST60096	26.518761574074073	32.5
MST60096	26.52570601851852	32.5
MST60096	26.532650462962962	32.5
MST60096	26.539594907407405	32.5
MST60101	17.001400462962962	32
MST60101	17.00834490740741	32
MST60101	17.01528935185185	32
MST60101	17.022233796296295	32.5
MST60101	17.02917824074074	32
MST60101	17.036122685185184	32.5
MST60101	17.04306712962963	32
MST60101	17.050011574074073	32
MST60101	17.05695601851852	33
MST60101	17.063900462962962	33.5
MST60101	17.07084490740741	31
MST60101	17.07778935185185	30.5
MST60101	17.084733796296295	31
MST60101	17.09167824074074	33
MST60101	17.098622685185184	31.5
MST60101	17.10556712962963	31
MST60101	17.112511574074073	32
MST60101	17.11945601851852	30.5
MST60101	17.126400462962962	29.5
MST60101	17.13334490740741	29.5
MST60101	17.14028935185185	31.5
MST60101	17.147233796296295	32
MST60101	17.15417824074074	32.5
MST60101	17.161122685185184	30
MST60101	17.16806712962963	33
MST60101	17.175011574074073	31.5
MST60101	17.18195601851852	31.5
MST60101	17.188900462962962	31
MST60101	17.19584490740741	31.5
MST60101	17.20278935185185	34.5
MST60101	17.209733796296295	32
MST60101	17.21667824074074	33.5
MST60101	17.223622685185184	32.5
MST60101	17.23056712962963	31
MST60101	17.237511574074073	30.5
MST60101	17.24445601851852	30.5
MST60101	17.251400462962962	29
MST60101	17.25834490740741	30
MST60101	17.26528935185185	30.5
MST60101	17.272233796296295	30.5
MST60101	17.27917824074074	31.5
MST60101	17.286122685185184	32.5
MST60101	17.29306712962963	31
MST60101	17.300011574074073	31
MST60101	17.30695601851852	31.5
MST60101	17.313900462962962	31
MST60101	17.32084490740741	29
MST60101	17.32778935185185	31
MST60101	17.334733796296295	32.5
MST60101	17.34167824074074	32
MST60101	17.348622685185184	33
MST60101	17.35556712962963	31
MST60101	17.362511574074073	32
MST60101	17.36945601851852	31.5
MST60101	17.376400462962962	31.5
MST60101	17.38334490740741	32.5
MST60101	17.39028935185185	32
MST60101	17.397233796296295	32
MST60101	17.40417824074074	32.5
MST60101	17.411122685185184	32.5
MST60101	17.41806712962963	32.5
MST60101	17.425011574074073	32
MST60101	17.43195601851852	32
MST60101	17.438900462962962	32
MST60101	17.44584490740741	32
MST60101	17.45278935185185	32.5
MST60101	17.459733796296295	32.5
MST60101	17.46667824074074	32.5
MST60101	17.473622685185184	32.5
MST60101	17.48056712962963	32.5
MST60101	17.487511574074073	32.5
MST60101	17.49445601851852	33
MST60101	17.501400462962962	33
MST60101	17.50834490740741	33.5
MST60101	17.51528935185185	33
MST60101	17.522233796296295	33.5
MST60101	17.52917824074074	33
MST60101	17.536122685185184	33
MST60101	17.54306712962963	32.5
MST60101	17.550011574074073	32.5
MST60101	17.55695601851852	32.5
MST60101	17.563900462962962	32.5
MST60101	17.57084490740741	32.5
MST60101	17.57778935185185	32.5
MST60101	17.584733796296295	32.5
MST60101	17.59167824074074	32.5
MST60101	17.598622685185184	32.5
MST60101	17.60556712962963	32.5
MST60101	17.612511574074073	32
MST60101	17.61945601851852	32
MST60101	17.626400462962962	32.5
MST60101	17.63334490740741	32.5
MST60101	17.64028935185185	32.5
MST60101	17.647233796296295	32
MST60101	17.65417824074074	32
MST60101	17.661122685185184	32.5
MST60101	17.66806712962963	32.5
MST60101	17.675011574074073	32.5
MST60101	17.68195601851852	32.5
MST60101	17.688900462962962	32.5
MST60101	17.69584490740741	32
MST60101	17.70278935185185	32.5
MST60101	17.709733796296295	32.5
MST60101	17.71667824074074	32.5
MST60101	17.723622685185184	33
MST60101	17.73056712962963	32.5
MST60101	17.737511574074073	32.5
MST60101	17.74445601851852	32.5
MST60101	17.751400462962962	33
MST60101	17.75834490740741	33
MST60101	17.76528935185185	32.5
MST60101	17.772233796296295	32
MST60101	17.77917824074074	32.5
MST60101	17.786122685185184	32.5
MST60101	17.79306712962963	32.5
MST60101	17.800011574074073	32.5
MST60101	17.80695601851852	32.5
MST60101	17.813900462962962	32.5
MST60101	17.82084490740741	32.5
MST60101	17.82778935185185	32.5
MST60101	17.834733796296295	32.5
MST60101	17.84167824074074	32.5
MST60101	17.848622685185184	32
MST60101	17.85556712962963	32
MST60101	17.862511574074073	32
MST60101	17.86945601851852	32
MST60101	17.876400462962962	32
MST60101	17.88334490740741	31.5
MST60101	17.89028935185185	31.5
MST60101	17.897233796296295	31
MST60101	17.90417824074074	31
MST60101	17.911122685185184	30.5
MST60101	17.91806712962963	30
MST60101	17.925011574074073	32
MST60101	17.93195601851852	31.5
MST60101	17.938900462962962	31.5
MST60101	17.94584490740741	31.5
MST60101	17.95278935185185	31.5
MST60101	17.959733796296295	31
MST60101	17.96667824074074	31.5
MST60101	17.973622685185184	31
MST60101	17.98056712962963	31.5
MST60101	17.987511574074073	31
MST60101	17.99445601851852	31
MST60101	18.001400462962962	31
MST60101	18.00834490740741	31.5
MST60101	18.01528935185185	32.5
MST60101	18.022233796296295	31
MST60101	18.02917824074074	32
MST60101	18.036122685185184	31.5
MST60101	18.04306712962963	31
MST60101	18.050011574074073	31
MST60101	18.05695601851852	31.5
MST60101	18.063900462962962	32
MST60101	18.07084490740741	31
MST60101	18.07778935185185	30.5
MST60101	18.084733796296295	30.5
MST60101	18.09167824074074	30.5
MST60101	18.098622685185184	30
MST60101	18.10556712962963	30
MST60101	18.112511574074073	29
MST60101	18.11945601851852	31
MST60101	18.126400462962962	33
MST60101	18.13334490740741	32
MST60101	18.14028935185185	31.5
MST60101	18.147233796296295	31.5
MST60101	18.15417824074074	32
MST60101	18.161122685185184	31
MST60101	18.16806712962963	32
MST60101	18.175011574074073	31.5
MST60101	18.18195601851852	32
MST60101	18.188900462962962	30.5
MST60101	18.19584490740741	30.5
MST60101	18.20278935185185	31
MST60101	18.209733796296295	31.5
MST60101	18.21667824074074	32
MST60101	18.223622685185184	32
MST60101	18.23056712962963	32.5
MST60101	18.237511574074073	30.5
MST60101	18.24445601851852	30.5
MST60101	18.251400462962962	31
MST60101	18.25834490740741	31.5
MST60101	18.26528935185185	30.5
MST60101	18.272233796296295	30.5
MST60101	18.27917824074074	31
MST60101	18.286122685185184	31
MST60101	18.29306712962963	31.5
MST60101	18.300011574074073	31
MST60101	18.30695601851852	31.5
MST60101	18.313900462962962	32
MST60101	18.32084490740741	32
MST60101	18.32778935185185	32
MST60101	18.334733796296295	32.5
MST60101	18.34167824074074	32
MST60101	18.348622685185184	31.5
MST60101	18.35556712962963	32
MST60101	18.362511574074073	31.5
MST60101	18.36945601851852	31.5
MST60101	18.376400462962962	31.5
MST60101	18.38334490740741	31.5
MST60101	18.39028935185185	31.5
MST60101	18.397233796296295	31.5
MST60101	18.40417824074074	31.5
MST60101	18.411122685185184	31.5
MST60101	18.41806712962963	31.5
MST60101	18.425011574074073	31.5
MST60101	18.43195601851852	32
MST60101	18.438900462962962	32
MST60101	18.44584490740741	32.5
MST60101	18.45278935185185	32.5
MST60101	18.459733796296298	32.5
MST60101	18.46667824074074	33
MST60101	18.473622685185184	32.5
MST60101	18.48056712962963	32.5
MST60101	18.487511574074073	32.5
MST60101	18.49445601851852	32.5
MST60101	18.501400462962962	32.5
MST60101	18.50834490740741	33
MST60101	18.51528935185185	33
MST60101	18.522233796296298	33
MST60101	18.52917824074074	32.5
MST60101	18.536122685185184	32.5
MST60101	18.54306712962963	32.5
MST60101	18.550011574074073	32.5
MST60101	18.55695601851852	32.5
MST60101	18.563900462962962	32.5
MST60101	18.57084490740741	32.5
MST60101	18.57778935185185	33
MST60101	18.584733796296298	32.5
MST60101	18.59167824074074	32.5
MST60101	18.598622685185184	32.5
MST60101	18.60556712962963	32.5
MST60101	18.612511574074073	33
MST60101	18.61945601851852	33
MST60101	18.626400462962962	33
MST60101	18.63334490740741	33
MST60101	18.64028935185185	32.5
MST60101	18.647233796296298	33
MST60101	18.65417824074074	33
MST60101	18.661122685185184	32.5
MST60101	18.66806712962963	32.5
MST60101	18.675011574074073	33
MST60101	18.68195601851852	32.5
MST60101	18.688900462962962	32.5
MST60101	18.69584490740741	32.5
MST60101	18.70278935185185	32.5
MST60101	18.709733796296298	33
MST60101	18.71667824074074	32.5
MST60101	18.723622685185184	32.5
MST60101	18.73056712962963	33
MST60101	18.737511574074073	32.5
MST60101	18.74445601851852	32.5
MST60101	18.751400462962962	32.5
MST60101	18.75834490740741	32.5
MST60101	18.76528935185185	32
MST60101	18.772233796296298	31.5
MST60101	18.77917824074074	32
MST60101	18.786122685185184	32
MST60101	18.79306712962963	32
MST60101	18.800011574074073	32.5
MST60101	18.80695601851852	32
MST60101	18.813900462962962	32
MST60101	18.82084490740741	32
MST60101	18.82778935185185	32.5
MST60101	18.834733796296298	32.5
MST60101	18.84167824074074	32.5
MST60101	18.848622685185184	33.5
MST60101	18.85556712962963	33
MST60101	18.862511574074073	33
MST60101	18.86945601851852	33
MST60101	18.876400462962962	33
MST60101	18.88334490740741	32.5
MST60101	18.89028935185185	32.5
MST60101	18.897233796296298	31.5
MST60101	18.90417824074074	32
MST60101	18.911122685185184	32
MST60101	18.91806712962963	32
MST60101	18.925011574074073	31.5
MST60101	18.93195601851852	31.5
MST60101	18.938900462962962	31.5
MST60101	18.94584490740741	31
MST60101	18.95278935185185	31
MST60101	18.959733796296298	31.5
MST60101	18.96667824074074	32
MST60101	18.973622685185184	32
MST60101	18.98056712962963	31.5
MST60101	18.987511574074073	31.5
MST60101	18.99445601851852	31
MST60101	19.001400462962962	31.5
MST60101	19.00834490740741	32
MST60101	19.01528935185185	32.5
MST60101	19.022233796296298	31
MST60101	19.02917824074074	32
MST60101	19.036122685185184	32
MST60101	19.04306712962963	30
MST60101	19.050011574074073	32.5
MST60101	19.05695601851852	30.5
MST60101	19.063900462962962	30.5
MST60101	19.07084490740741	31
MST60101	19.07778935185185	32
MST60101	19.084733796296298	32
MST60101	19.09167824074074	32.5
MST60101	19.098622685185184	33.5
MST60101	19.10556712962963	31.5
MST60101	19.112511574074073	31
MST60101	19.11945601851852	31.5
MST60101	19.126400462962962	31
MST60101	19.13334490740741	31
MST60101	19.14028935185185	30.5
MST60101	19.147233796296298	30.5
MST60101	19.15417824074074	33.5
MST60101	19.161122685185184	33
MST60101	19.16806712962963	30.5
MST60101	19.175011574074073	30
MST60101	19.18195601851852	31.5
MST60101	19.188900462962962	31.5
MST60101	19.19584490740741	31
MST60101	19.20278935185185	31
MST60101	19.209733796296298	33
MST60101	19.21667824074074	32
MST60101	19.223622685185184	34
MST60101	19.23056712962963	31.5
MST60101	19.237511574074073	31
MST60101	19.24445601851852	32
MST60101	19.251400462962962	34
MST60101	19.25834490740741	33
MST60101	19.26528935185185	31.5
MST60101	19.272233796296298	31.5
MST60101	19.27917824074074	31.5
MST60101	19.286122685185184	31.5
MST60101	19.29306712962963	32.5
MST60101	19.300011574074073	31
MST60101	19.30695601851852	33
MST60101	19.313900462962962	34
MST60101	19.32084490740741	31.5
MST60101	19.32778935185185	32.5
MST60101	19.334733796296298	31.5
MST60101	19.34167824074074	32
MST60101	19.348622685185184	31
MST60101	19.35556712962963	31.5
MST60101	19.362511574074073	33
MST60101	19.36945601851852	30
MST60101	19.376400462962962	31.5
MST60101	19.38334490740741	32
MST60101	19.39028935185185	32
MST60101	19.397233796296298	32
MST60101	19.40417824074074	32
MST60101	19.411122685185184	32.5
MST60101	19.41806712962963	33
MST60101	19.425011574074073	33
MST60101	19.43195601851852	32.5
MST60101	19.438900462962962	33.5
MST60101	19.44584490740741	33.5
MST60101	19.45278935185185	33.5
MST60101	19.459733796296298	33.5
MST60101	19.46667824074074	33.5
MST60101	19.473622685185184	34.5
MST60101	19.48056712962963	35
MST60101	19.487511574074073	34
MST60101	19.49445601851852	34
MST60101	19.501400462962962	34
MST60101	19.50834490740741	33.5
MST60101	19.51528935185185	34
MST60101	19.522233796296298	33.5
MST60101	19.52917824074074	34
MST60101	19.536122685185184	34
MST60101	19.54306712962963	33.5
MST60101	19.550011574074073	33.5
MST60101	19.55695601851852	33.5
MST60101	19.563900462962962	33.5
MST60101	19.57084490740741	33.5
MST60101	19.57778935185185	33.5
MST60101	19.584733796296298	33.5
MST60101	19.59167824074074	33.5
MST60101	19.598622685185184	33.5
MST60101	19.60556712962963	33
MST60101	19.612511574074073	33.5
MST60101	19.61945601851852	33
MST60101	19.626400462962962	33
MST60101	19.63334490740741	33
MST60101	19.64028935185185	33
MST60101	19.647233796296298	33
MST60101	19.65417824074074	33.5
MST60101	19.661122685185184	33
MST60101	19.66806712962963	33.5
MST60101	19.675011574074073	33
MST60101	19.68195601851852	33
MST60101	19.688900462962962	33
MST60101	19.69584490740741	33
MST60101	19.70278935185185	33
MST60101	19.709733796296298	33.5
MST60101	19.71667824074074	33.5
MST60101	19.723622685185184	33.5
MST60101	19.73056712962963	33
MST60101	19.737511574074073	33.5
MST60101	19.74445601851852	33
MST60101	19.751400462962962	33
MST60101	19.75834490740741	33.5
MST60101	19.76528935185185	33
MST60101	19.772233796296298	33
MST60101	19.77917824074074	33
MST60101	19.786122685185184	33
MST60101	19.79306712962963	33.5
MST60101	19.800011574074073	33
MST60101	19.80695601851852	33
MST60101	19.813900462962962	33
MST60101	19.82084490740741	33
MST60101	19.82778935185185	32.5
MST60101	19.834733796296298	33
MST60101	19.84167824074074	33
MST60101	19.848622685185184	33
MST60101	19.85556712962963	33.5
MST60101	19.862511574074073	33
MST60101	19.86945601851852	32.5
MST60101	19.876400462962962	32
MST60101	19.883344907407405	32
MST60101	19.89028935185185	32
MST60101	19.897233796296295	32
MST60101	19.90417824074074	31.5
MST60101	19.911122685185184	31
MST60101	19.91806712962963	31
MST60101	19.925011574074073	31
MST60101	19.93195601851852	31.5
MST60101	19.938900462962962	31.5
MST60101	19.945844907407405	31.5
MST60101	19.95278935185185	31.5
MST60101	19.959733796296295	31
MST60101	19.96667824074074	31
MST60101	19.973622685185184	31
MST60101	19.98056712962963	31
MST60101	19.987511574074073	31.5
MST60101	19.99445601851852	31.5
MST60101	20.001400462962962	31.5
MST60101	20.008344907407405	32
MST60101	20.01528935185185	33.5
MST60101	20.022233796296295	32
MST60101	20.02917824074074	32
MST60101	20.036122685185184	32
MST60101	20.04306712962963	32
MST60101	20.050011574074073	31.5
MST60101	20.05695601851852	32.5
MST60101	20.063900462962962	32
MST60101	20.070844907407405	32.5
MST60101	20.07778935185185	32
MST60101	20.084733796296295	31.5
MST60101	20.09167824074074	31.5
MST60101	20.098622685185184	31
MST60101	20.10556712962963	31
MST60101	20.112511574074073	33.5
MST60101	20.11945601851852	33.5
MST60101	20.126400462962962	33.5
MST60101	20.133344907407405	31.5
MST60101	20.14028935185185	32
MST60101	20.147233796296295	31
MST60101	20.15417824074074	31.5
MST60101	20.161122685185184	31
MST60101	20.16806712962963	31.5
MST60101	20.175011574074073	31.5
MST60101	20.18195601851852	31.5
MST60101	20.188900462962962	31.5
MST60101	20.195844907407405	33
MST60101	20.20278935185185	32
MST60101	20.209733796296295	31.5
MST60101	20.21667824074074	32
MST60101	20.223622685185184	31
MST60101	20.23056712962963	31
MST60101	20.237511574074073	30.5
MST60101	20.24445601851852	33
MST60101	20.251400462962962	32.5
MST60101	20.258344907407405	33
MST60101	20.26528935185185	31.5
MST60101	20.272233796296295	31.5
MST60101	20.27917824074074	31.5
MST60101	20.286122685185184	30.5
MST60101	20.29306712962963	31.5
MST60101	20.300011574074073	32.5
MST60101	20.30695601851852	31.5
MST60101	20.313900462962962	32
MST60101	20.320844907407405	31
MST60101	20.32778935185185	31.5
MST60101	20.334733796296295	32
MST60101	20.34167824074074	31.5
MST60101	20.348622685185184	31.5
MST60101	20.35556712962963	30.5
MST60101	20.362511574074073	33
MST60101	20.36945601851852	31.5
MST60101	20.376400462962962	31.5
MST60101	20.383344907407405	32
MST60101	20.39028935185185	32
MST60101	20.397233796296295	31
MST60101	20.40417824074074	32.5
MST60101	20.411122685185184	33
MST60101	20.41806712962963	33
MST60101	20.425011574074073	31.5
MST60101	20.43195601851852	32.5
MST60101	20.438900462962962	32
MST60101	20.445844907407405	33
MST60101	20.45278935185185	32.5
MST60101	20.459733796296295	33
MST60101	20.46667824074074	32.5
MST60101	20.473622685185184	32.5
MST60101	20.48056712962963	32
MST60101	20.487511574074073	32.5
MST60101	20.49445601851852	32.5
MST60101	20.501400462962962	32.5
MST60101	20.508344907407405	32
MST60101	20.51528935185185	31
MST60101	20.522233796296295	32.5
MST60101	20.52917824074074	33
MST60101	20.536122685185184	31.5
MST60101	20.54306712962963	32.5
MST60101	20.550011574074073	33.5
MST60101	20.55695601851852	32.5
MST60101	20.563900462962962	32.5
MST60101	20.570844907407405	32.5
MST60101	20.57778935185185	33
MST60101	20.584733796296295	33
MST60101	20.59167824074074	33
MST60101	20.598622685185184	32.5
MST60101	20.60556712962963	33
MST60101	20.612511574074073	32.5
MST60101	20.61945601851852	33
MST60101	20.626400462962962	32.5
MST60101	20.633344907407405	33
MST60101	20.64028935185185	32.5
MST60101	20.647233796296295	32.5
MST60101	20.65417824074074	33
MST60101	20.661122685185184	33
MST60101	20.66806712962963	33
MST60101	20.675011574074073	32
MST60101	20.68195601851852	32
MST60101	20.688900462962962	32
MST60101	20.695844907407405	33
MST60101	20.70278935185185	33
MST60101	20.709733796296295	32.5
MST60101	20.71667824074074	33
MST60101	20.723622685185184	32.5
MST60101	20.73056712962963	33
MST60101	20.737511574074073	33
MST60101	20.74445601851852	33
MST60101	20.751400462962962	32.5
MST60101	20.758344907407405	33
MST60101	20.76528935185185	32.5
MST60101	20.772233796296295	32.5
MST60101	20.77917824074074	32.5
MST60101	20.786122685185184	33
MST60101	20.79306712962963	32.5
MST60101	20.800011574074073	32.5
MST60101	20.80695601851852	33
MST60101	20.813900462962962	33
MST60101	20.820844907407405	33
MST60101	20.82778935185185	32.5
MST60101	20.834733796296295	32
MST60101	20.84167824074074	32
MST60101	20.848622685185184	32.5
MST60101	20.85556712962963	32.5
MST60101	20.862511574074073	33
MST60101	20.86945601851852	32.5
MST60101	20.876400462962962	32
MST60101	20.883344907407405	32.5
MST60101	20.89028935185185	32.5
MST60101	20.897233796296295	32
MST60101	20.90417824074074	32
MST60101	20.911122685185184	32
MST60101	20.91806712962963	32
MST60101	20.925011574074073	32.5
MST60101	20.93195601851852	32
MST60101	20.938900462962962	31.5
MST60101	20.945844907407405	31.5
MST60101	20.95278935185185	31
MST60101	20.959733796296295	31
MST60101	20.96667824074074	31
MST60101	20.973622685185184	31
MST60101	20.98056712962963	31
MST60101	20.987511574074073	31
MST60101	20.99445601851852	31
MST60101	21.001400462962962	31
MST60101	21.008344907407405	31.5
MST60101	21.01528935185185	33
MST60101	21.022233796296298	32
MST60101	21.02917824074074	32
MST60101	21.036122685185184	32
MST60101	21.04306712962963	33
MST60101	21.050011574074073	31.5
MST60101	21.05695601851852	35
MST60101	21.063900462962962	33
MST60101	21.070844907407405	33
MST60101	21.07778935185185	33.5
MST60101	21.084733796296298	33.5
MST60101	21.09167824074074	33
MST60101	21.098622685185184	32.5
MST60101	21.10556712962963	32
MST60101	21.112511574074073	33
MST60101	21.11945601851852	32
MST60101	21.126400462962962	32
MST60101	21.133344907407405	32
MST60101	21.14028935185185	33.5
MST60101	21.147233796296298	31.5
MST60101	21.15417824074074	33
MST60101	21.161122685185184	32
MST60101	21.16806712962963	32
MST60101	21.175011574074073	31.5
MST60101	21.18195601851852	32
MST60101	21.188900462962962	32.5
MST60101	21.195844907407405	32
MST60101	21.20278935185185	31.5
MST60101	21.209733796296298	31
MST60101	21.21667824074074	31.5
MST60101	21.223622685185184	33
MST60101	21.23056712962963	33
MST60101	21.237511574074073	32
MST60101	21.24445601851852	32
MST60101	21.251400462962962	32.5
MST60101	21.258344907407405	32
MST60101	21.26528935185185	31
MST60101	21.272233796296298	31.5
MST60101	21.27917824074074	32
MST60101	21.286122685185184	32.5
MST60101	21.29306712962963	34
MST60101	21.300011574074073	35
MST60101	21.30695601851852	31
MST60101	21.313900462962962	31.5
MST60101	21.320844907407405	32.5
MST60101	21.32778935185185	31.5
MST60101	21.334733796296298	33
MST60101	21.34167824074074	31.5
MST60101	21.348622685185184	31.5
MST60101	21.35556712962963	31.5
MST60101	21.362511574074073	32.5
MST60101	21.36945601851852	33
MST60101	21.376400462962962	31
MST60101	21.383344907407405	29.5
MST60101	21.39028935185185	29.5
MST60101	21.397233796296298	31
MST60101	21.40417824074074	31.5
MST60101	21.411122685185184	31
MST60101	21.41806712962963	32.5
MST60101	21.425011574074073	32.5
MST60101	21.43195601851852	32.5
MST60101	21.438900462962962	32.5
MST60101	21.445844907407405	32
MST60101	21.45278935185185	32.5
MST60101	21.459733796296298	31.5
MST60101	21.46667824074074	31
MST60101	21.473622685185184	32.5
MST60101	21.48056712962963	32
MST60101	21.487511574074073	32
MST60101	21.49445601851852	32
MST60101	21.501400462962962	32
MST60101	21.508344907407405	34
MST60101	21.51528935185185	34
MST60101	21.522233796296298	34
MST60101	21.52917824074074	34
MST60101	21.536122685185184	33.5
MST60101	21.54306712962963	33
MST60101	21.550011574074073	33.5
MST60101	21.55695601851852	33.5
MST60101	21.563900462962962	34
MST60101	21.570844907407405	33
MST60101	21.57778935185185	33
MST60101	21.584733796296298	33
MST60101	21.59167824074074	33.5
MST60101	21.598622685185184	33
MST60101	21.60556712962963	33.5
MST60101	21.612511574074073	33.5
MST60101	21.61945601851852	33.5
MST60101	21.626400462962962	33
MST60101	21.633344907407405	33
MST60101	21.64028935185185	33
MST60101	21.647233796296298	33
MST60101	21.65417824074074	33
MST60101	21.661122685185184	33
MST60101	21.66806712962963	33.5
MST60101	21.675011574074073	33
MST60101	21.68195601851852	33
MST60101	21.688900462962962	33
MST60101	21.695844907407405	33
MST60101	21.70278935185185	32.5
MST60101	21.709733796296298	33
MST60101	21.71667824074074	32.5
MST60101	21.723622685185184	32.5
MST60101	21.73056712962963	33
MST60101	21.737511574074073	33
MST60101	21.74445601851852	32.5
MST60101	21.751400462962962	33
MST60101	21.758344907407405	33
MST60101	21.76528935185185	32.5
MST60101	21.772233796296298	32.5
MST60101	21.77917824074074	32.5
MST60101	21.786122685185184	32.5
MST60101	21.79306712962963	33
MST60101	21.800011574074073	33
MST60101	21.80695601851852	32.5
MST60101	21.813900462962962	32.5
MST60101	21.820844907407405	33
MST60101	21.82778935185185	32.5
MST60101	21.834733796296298	32
MST60101	21.84167824074074	33
MST60101	21.848622685185184	32.5
MST60101	21.85556712962963	32
MST60101	21.862511574074073	32
MST60101	21.86945601851852	31.5
MST60101	21.876400462962962	32
MST60101	21.883344907407405	31.5
MST60101	21.89028935185185	32
MST60101	21.897233796296298	32
MST60101	21.90417824074074	32.5
MST60101	21.911122685185184	32.5
MST60101	21.91806712962963	32
MST60101	21.925011574074073	31.5
MST60101	21.93195601851852	31.5
MST60101	21.938900462962962	32
MST60101	21.945844907407405	31.5
MST60101	21.95278935185185	31.5
MST60101	21.959733796296298	31.5
MST60101	21.96667824074074	32.5
MST60101	21.973622685185184	33
MST60101	21.98056712962963	35
MST60101	21.987511574074073	35.5
MST60101	21.99445601851852	34.5
MST60101	22.001400462962962	33
MST60101	22.008344907407405	33
MST60101	22.01528935185185	32.5
MST60101	22.022233796296298	32.5
MST60101	22.02917824074074	32.5
MST60101	22.036122685185184	31
MST60101	22.04306712962963	32.5
MST60101	22.050011574074073	33
MST60101	22.05695601851852	31.5
MST60101	22.063900462962962	30.5
MST60101	22.070844907407405	33
MST60101	22.07778935185185	31.5
MST60101	22.084733796296298	30.5
MST60101	22.09167824074074	32.5
MST60101	22.098622685185184	32.5
MST60101	22.10556712962963	32
MST60101	22.112511574074073	32
MST60101	22.11945601851852	32
MST60101	22.126400462962962	32
MST60101	22.133344907407405	31.5
MST60101	22.14028935185185	32
MST60101	22.147233796296298	31
MST60101	22.15417824074074	31.5
MST60101	22.161122685185184	31.5
MST60101	22.16806712962963	31.5
MST60101	22.175011574074073	32
MST60101	22.18195601851852	32
MST60101	22.188900462962962	31.5
MST60101	22.195844907407405	31.5
MST60101	22.20278935185185	32.5
MST60101	22.209733796296298	32.5
MST60101	22.21667824074074	32
MST60101	22.223622685185184	31
MST60101	22.23056712962963	31
MST60101	22.237511574074073	31
MST60101	22.24445601851852	32
MST60101	22.251400462962962	33
MST60101	22.258344907407405	32.5
MST60101	22.26528935185185	31
MST60101	22.272233796296298	31.5
MST60101	22.27917824074074	31
MST60101	22.286122685185184	32.5
MST60101	22.29306712962963	31
MST60101	22.300011574074073	31
MST60101	22.30695601851852	31
MST60101	22.313900462962962	32.5
MST60101	22.320844907407405	29.5
MST60101	22.32778935185185	30.5
MST60101	22.334733796296298	30.5
MST60101	22.34167824074074	31
MST60101	22.348622685185184	31
MST60101	22.35556712962963	30
MST60101	22.362511574074073	33.5
MST60101	22.36945601851852	32
MST60101	22.376400462962962	32
MST60101	22.383344907407405	31.5
MST60101	22.39028935185185	31.5
MST60101	22.397233796296298	29.5
MST60101	22.40417824074074	32
MST60101	22.411122685185184	30.5
MST60101	22.41806712962963	30.5
MST60101	22.425011574074073	31
MST60101	22.43195601851852	31
MST60101	22.438900462962962	31
MST60101	22.445844907407405	31.5
MST60101	22.45278935185185	31.5
MST60101	22.459733796296298	31.5
MST60101	22.46667824074074	31
MST60101	22.473622685185184	32.5
MST60101	22.48056712962963	32.5
MST60101	22.487511574074073	31.5
MST60101	22.49445601851852	32
MST60101	22.501400462962962	31.5
MST60101	22.508344907407405	34
MST60101	22.51528935185185	34
MST60101	22.522233796296298	31
MST60101	22.52917824074074	31.5
MST60101	22.536122685185184	32.5
MST60104	16.006261574074074	31
MST60104	16.013206018518517	31
MST60104	16.020150462962963	30.5
MST60104	16.027094907407406	30
MST60104	16.034039351851852	30
MST60104	16.040983796296295	30
MST60104	16.04792824074074	30
MST60104	16.054872685185185	30.5
MST60104	16.06181712962963	31
MST60104	16.068761574074074	31
MST60104	16.075706018518517	30.5
MST60104	16.082650462962963	30.5
MST60104	16.089594907407406	31.5
MST60104	16.096539351851852	31.5
MST60104	16.103483796296295	31
MST60104	16.11042824074074	30
MST60104	16.117372685185185	30
MST60104	16.12431712962963	30.5
MST60104	16.131261574074074	31.5
MST60104	16.138206018518517	32
MST60104	16.145150462962963	29.5
MST60104	16.152094907407406	31
MST60104	16.159039351851852	30.5
MST60104	16.165983796296295	31
MST60104	16.17292824074074	31.5
MST60104	16.179872685185185	30.5
MST60104	16.18681712962963	30.5
MST60104	16.193761574074074	31
MST60104	16.200706018518517	34
MST60104	16.207650462962963	34
MST60104	16.214594907407406	33
MST60104	16.221539351851852	33
MST60104	16.228483796296295	30.5
MST60104	16.23542824074074	30
MST60104	16.242372685185185	32.5
MST60104	16.24931712962963	30.5
MST60104	16.256261574074074	31
MST60104	16.263206018518517	31
MST60104	16.270150462962963	31.5
MST60104	16.277094907407406	33.5
MST60104	16.284039351851852	32.5
MST60104	16.290983796296295	31
MST60104	16.29792824074074	32
MST60104	16.304872685185185	31.5
MST60104	16.31181712962963	30.5
MST60104	16.318761574074074	31
MST60104	16.325706018518517	31
MST60104	16.332650462962963	30.5
MST60104	16.339594907407406	30.5
MST60104	16.346539351851852	31
MST60104	16.353483796296295	31
MST60104	16.36042824074074	30.5
MST60104	16.367372685185185	30.5
MST60104	16.37431712962963	30
MST60104	16.381261574074074	31
MST60104	16.388206018518517	30.5
MST60104	16.395150462962963	31.5
MST60104	16.402094907407406	31.5
MST60104	16.409039351851852	31
MST60104	16.415983796296295	31
MST60104	16.42292824074074	31
MST60104	16.429872685185185	31
MST60104	16.43681712962963	30.5
MST60104	16.443761574074074	30.5
MST60104	16.450706018518517	30.5
MST60104	16.457650462962963	30.5
MST60104	16.464594907407406	30.5
MST60104	16.471539351851852	31
MST60104	16.478483796296295	30.5
MST60104	16.48542824074074	31
MST60104	16.492372685185185	31
MST60104	16.49931712962963	31
MST60104	16.506261574074074	31
MST60104	16.513206018518517	31
MST60104	16.520150462962963	31
MST60104	16.527094907407406	31
MST60104	16.534039351851852	31
MST60104	16.540983796296295	31.5
MST60104	16.54792824074074	31.5
MST60104	16.554872685185185	31.5
MST60104	16.56181712962963	31
MST60104	16.568761574074074	30.5
MST60104	16.575706018518517	31
MST60104	16.582650462962963	31
MST60104	16.589594907407406	31
MST60104	16.596539351851852	30
MST60104	16.603483796296295	30.5
MST60104	16.61042824074074	30
MST60104	16.617372685185185	29
MST60104	16.62431712962963	29.5
MST60104	16.631261574074074	30
MST60104	16.638206018518517	30.5
MST60104	16.645150462962963	30.5
MST60104	16.652094907407406	30
MST60104	16.659039351851852	30.5
MST60104	16.665983796296295	30.5
MST60104	16.67292824074074	30.5
MST60104	16.679872685185185	31
MST60104	16.68681712962963	30.5
MST60104	16.693761574074074	31
MST60104	16.700706018518517	31
MST60104	16.707650462962963	30.5
MST60104	16.714594907407406	30.5
MST60104	16.721539351851852	30.5
MST60104	16.728483796296295	30
MST60104	16.73542824074074	30.5
MST60104	16.742372685185185	31
MST60104	16.74931712962963	31
MST60104	16.756261574074074	31
MST60104	16.763206018518517	31
MST60104	16.770150462962963	31
MST60104	16.777094907407406	30.5
MST60104	16.784039351851852	30.5
MST60104	16.790983796296295	30
MST60104	16.79792824074074	30
MST60104	16.804872685185185	30.5
MST60104	16.81181712962963	30.5
MST60104	16.818761574074074	30
MST60104	16.825706018518517	30.5
MST60104	16.832650462962963	30.5
MST60104	16.839594907407406	32
MST60104	16.846539351851852	30.5
MST60104	16.853483796296295	30.5
MST60104	16.86042824074074	29.5
MST60104	16.867372685185185	29
MST60104	16.87431712962963	28.5
MST60104	16.881261574074074	28.5
MST60104	16.888206018518517	28
MST60104	16.895150462962963	28
MST60104	16.902094907407406	27.5
MST60104	16.909039351851852	27
MST60104	16.915983796296295	26.5
MST60104	16.92292824074074	26.5
MST60104	16.929872685185185	28
MST60104	16.93681712962963	28.5
MST60104	16.943761574074074	28
MST60104	16.950706018518517	28
MST60104	16.957650462962963	29
MST60104	16.964594907407406	30
MST60104	16.971539351851852	29.5
MST60104	16.978483796296295	29.5
MST60104	16.98542824074074	30
MST60104	16.992372685185185	29.5
MST60104	16.99931712962963	30
MST60104	17.006261574074074	29.5
MST60104	17.013206018518517	30
MST60104	17.020150462962963	30.5
MST60104	17.027094907407406	29.5
MST60104	17.034039351851852	28
MST60104	17.040983796296295	28
MST60104	17.04792824074074	28.5
MST60104	17.054872685185185	28.5
MST60104	17.06181712962963	29
MST60104	17.068761574074074	30
MST60104	17.075706018518517	30
MST60104	17.082650462962963	30.5
MST60104	17.089594907407406	31.5
MST60104	17.096539351851852	31
MST60104	17.103483796296295	30.5
MST60104	17.11042824074074	30
MST60104	17.117372685185185	30.5
MST60104	17.12431712962963	33.5
MST60104	17.131261574074074	32
MST60104	17.138206018518517	32.5
MST60104	17.145150462962963	32.5
MST60104	17.152094907407406	33
MST60104	17.159039351851852	30
MST60104	17.165983796296295	30.5
MST60104	17.17292824074074	31.5
MST60104	17.179872685185185	30
MST60104	17.18681712962963	33.5
MST60104	17.193761574074074	33.5
MST60104	17.200706018518517	32.5
MST60104	17.207650462962963	32
MST60104	17.214594907407406	33
MST60104	17.221539351851852	32.5
MST60104	17.228483796296295	32
MST60104	17.23542824074074	29.5
MST60104	17.242372685185185	30.5
MST60104	17.24931712962963	30.5
MST60104	17.256261574074074	30.5
MST60104	17.263206018518517	32
MST60104	17.270150462962963	30.5
MST60104	17.277094907407406	33.5
MST60104	17.284039351851852	33.5
MST60104	17.290983796296295	32.5
MST60104	17.29792824074074	31
MST60104	17.304872685185185	31
MST60104	17.31181712962963	30
MST60104	17.318761574074074	29.5
MST60104	17.325706018518517	29.5
MST60104	17.332650462962963	29.5
MST60104	17.339594907407406	27.5
MST60104	17.346539351851852	29.5
MST60104	17.353483796296295	30
MST60104	17.36042824074074	30
MST60104	17.367372685185185	30.5
MST60104	17.37431712962963	30
MST60104	17.381261574074074	29.5
MST60104	17.388206018518517	29.5
MST60104	17.395150462962963	29.5
MST60104	17.402094907407406	29.5
MST60104	17.409039351851852	30
MST60104	17.415983796296295	30
MST60104	17.42292824074074	30
MST60104	17.429872685185185	30
MST60104	17.43681712962963	29.5
MST60104	17.443761574074074	30
MST60104	17.45070601851852	30
MST60104	17.457650462962963	29.5
MST60104	17.464594907407406	30
MST60104	17.471539351851852	30
MST60104	17.478483796296295	30
MST60104	17.48542824074074	31
MST60104	17.492372685185185	30.5
MST60104	17.49931712962963	30.5
MST60104	17.506261574074074	30
MST60104	17.51320601851852	30
MST60104	17.520150462962963	31
MST60104	17.527094907407406	31
MST60104	17.534039351851852	30.5
MST60104	17.540983796296295	30.5
MST60104	17.54792824074074	31
MST60104	17.554872685185185	31
MST60104	17.56181712962963	31.5
MST60104	17.568761574074074	30.5
MST60104	17.57570601851852	30
MST60104	17.582650462962963	30.5
MST60104	17.589594907407406	30
MST60104	17.596539351851852	29.5
MST60104	17.603483796296295	29
MST60104	17.61042824074074	28.5
MST60104	17.617372685185185	31.5
MST60104	17.62431712962963	31.5
MST60104	17.631261574074074	31
MST60104	17.63820601851852	30.5
MST60104	17.645150462962963	28.5
MST60104	17.652094907407406	29
MST60104	17.659039351851852	29
MST60104	17.665983796296295	29
MST60104	17.67292824074074	30
MST60104	17.679872685185185	31
MST60104	17.68681712962963	31.5
MST60104	17.693761574074074	32
MST60104	17.70070601851852	31.5
MST60104	17.707650462962963	32
MST60104	17.714594907407406	31.5
MST60104	17.721539351851852	31.5
MST60104	17.728483796296295	32
MST60104	17.73542824074074	31.5
MST60104	17.742372685185185	31.5
MST60104	17.74931712962963	31.5
MST60104	17.756261574074074	31.5
MST60104	17.76320601851852	31.5
MST60104	17.770150462962963	31.5
MST60104	17.777094907407406	31.5
MST60104	17.784039351851852	32
MST60104	17.790983796296295	31.5
MST60104	17.79792824074074	32
MST60104	17.804872685185185	31.5
MST60104	17.81181712962963	31
MST60104	17.818761574074074	30.5
MST60104	17.82570601851852	31
MST60104	17.832650462962963	30.5
MST60104	17.839594907407406	32
MST60104	17.846539351851852	32
MST60104	17.853483796296295	31
MST60104	17.86042824074074	30
MST60104	17.867372685185185	30
MST60104	17.87431712962963	29.5
MST60104	17.881261574074074	29
MST60104	17.88820601851852	29.5
MST60104	17.895150462962963	29
MST60104	17.902094907407406	29
MST60104	17.909039351851852	29.5
MST60104	17.915983796296295	29.5
MST60104	17.92292824074074	29
MST60104	17.929872685185185	30
MST60104	17.93681712962963	30.5
MST60104	17.943761574074074	29.5
MST60104	17.95070601851852	28.5
MST60104	17.957650462962963	28
MST60104	17.964594907407406	27.5
MST60104	17.971539351851852	27
MST60104	17.978483796296295	26
MST60104	17.98542824074074	25.5
MST60104	17.992372685185185	25.5
MST60104	17.99931712962963	25.5
MST60104	18.006261574074074	25
MST60104	18.013206018518517	25
MST60104	18.020150462962963	26.5
MST60104	18.027094907407406	28
MST60104	18.034039351851852	29.5
MST60104	18.040983796296295	29
MST60104	18.04792824074074	29.5
MST60104	18.054872685185185	31
MST60104	18.06181712962963	31
MST60104	18.068761574074074	31
MST60104	18.075706018518517	32.5
MST60104	18.082650462962963	30.5
MST60104	18.089594907407406	31
MST60104	18.096539351851852	31
MST60104	18.103483796296295	33.5
MST60104	18.11042824074074	34
MST60104	18.117372685185185	34
MST60104	18.12431712962963	33.5
MST60104	18.131261574074074	31.5
MST60104	18.138206018518517	34
MST60104	18.145150462962963	31
MST60104	18.152094907407406	30.5
MST60104	18.159039351851852	30.5
MST60104	18.165983796296295	32.5
MST60104	18.17292824074074	33.5
MST60104	18.179872685185185	32.5
MST60104	18.18681712962963	31
MST60104	18.193761574074074	34
MST60104	18.200706018518517	34
MST60104	18.207650462962963	33
MST60104	18.214594907407406	29.5
MST60104	18.221539351851852	30.5
MST60104	18.228483796296295	33.5
MST60104	18.23542824074074	33
MST60104	18.242372685185185	33
MST60104	18.24931712962963	33
MST60104	18.256261574074074	34.5
MST60104	18.263206018518517	31
MST60104	18.270150462962963	29.5
MST60104	18.277094907407406	30
MST60104	18.284039351851852	30
MST60104	18.290983796296295	30.5
MST60104	18.29792824074074	31.5
MST60104	18.304872685185185	31.5
MST60104	18.31181712962963	32
MST60104	18.318761574074074	30.5
MST60104	18.325706018518517	31
MST60104	18.332650462962963	31
MST60104	18.339594907407406	31
MST60104	18.346539351851852	30.5
MST60104	18.353483796296295	30
MST60104	18.36042824074074	30.5
MST60104	18.367372685185185	30.5
MST60104	18.37431712962963	31.5
MST60104	18.381261574074074	31
MST60104	18.388206018518517	31
MST60104	18.395150462962963	31
MST60104	18.402094907407406	31
MST60104	18.409039351851852	30.5
MST60104	18.415983796296295	31
MST60104	18.42292824074074	30.5
MST60104	18.429872685185185	30
MST60104	18.43681712962963	30
MST60104	18.443761574074074	30.5
MST60104	18.450706018518517	30.5
MST60104	18.457650462962963	30
MST60104	18.464594907407406	31
MST60104	18.471539351851852	30
MST60104	18.478483796296295	30.5
MST60104	18.48542824074074	30.5
MST60104	18.492372685185185	30.5
MST60104	18.49931712962963	31
MST60104	18.506261574074074	30.5
MST60104	18.513206018518517	30.5
MST60104	18.520150462962963	30.5
MST60104	18.527094907407406	31
MST60104	18.534039351851852	31
MST60104	18.540983796296295	31.5
MST60104	18.54792824074074	31
MST60104	18.554872685185185	31
MST60104	18.56181712962963	30.5
MST60104	18.568761574074074	31
MST60104	18.575706018518517	31
MST60104	18.582650462962963	29
MST60104	18.589594907407406	28.5
MST60104	18.596539351851852	29
MST60104	18.603483796296295	29
MST60104	18.61042824074074	29
MST60104	18.617372685185185	28
MST60104	18.62431712962963	28.5
MST60104	18.631261574074074	28.5
MST60104	18.638206018518517	28
MST60104	18.645150462962963	27.5
MST60104	18.652094907407406	27
MST60104	18.659039351851852	26.5
MST60104	18.665983796296295	26
MST60104	18.67292824074074	26
MST60104	18.679872685185185	25.5
MST60104	18.68681712962963	25.5
MST60104	18.693761574074074	25.5
MST60104	18.700706018518517	25
MST60104	18.707650462962963	25
MST60104	18.714594907407406	26
MST60104	18.721539351851852	30.5
MST60104	18.728483796296295	32
MST60104	18.73542824074074	31.5
MST60104	18.742372685185185	30
MST60104	18.74931712962963	30
MST60104	18.756261574074074	31.5
MST60104	18.763206018518517	31.5
MST60104	18.770150462962963	31.5
MST60104	18.777094907407406	31.5
MST60104	18.784039351851852	31.5
MST60104	18.790983796296295	31.5
MST60104	18.79792824074074	32
MST60104	18.804872685185185	31.5
MST60104	18.81181712962963	31
MST60104	18.818761574074074	31.5
MST60104	18.825706018518517	31
MST60104	18.832650462962963	31
MST60104	18.839594907407406	31
MST60104	18.846539351851852	31
MST60104	18.853483796296295	32
MST60104	18.86042824074074	31
MST60104	18.867372685185185	30
MST60104	18.87431712962963	29.5
MST60104	18.881261574074074	30
MST60104	18.888206018518517	29
MST60104	18.895150462962963	28.5
MST60104	18.902094907407406	28
MST60104	18.909039351851852	27
MST60104	18.915983796296295	27.5
MST60104	18.92292824074074	27
MST60104	18.929872685185185	26.5
MST60104	18.93681712962963	26
MST60104	18.943761574074074	25
MST60104	18.950706018518517	25
MST60104	18.957650462962963	24.5
MST60104	18.964594907407406	24
MST60104	18.971539351851852	25
MST60104	18.978483796296295	24.5
MST60104	18.98542824074074	24.5
MST60104	18.992372685185185	26
MST60104	18.99931712962963	26.5
MST60104	19.006261574074074	27.5
MST60104	19.013206018518517	29
MST60104	19.020150462962963	29.5
MST60104	19.027094907407406	29.5
MST60104	19.034039351851852	29
MST60104	19.040983796296295	30
MST60104	19.04792824074074	30
MST60104	19.054872685185185	30
MST60104	19.06181712962963	31
MST60104	19.068761574074074	32
MST60104	19.075706018518517	31
MST60104	19.082650462962963	31
MST60104	19.089594907407406	30.5
MST60104	19.096539351851852	31
MST60104	19.103483796296295	32
MST60104	19.11042824074074	32
MST60104	19.117372685185185	29.5
MST60104	19.12431712962963	32
MST60104	19.131261574074074	30.5
MST60104	19.138206018518517	30
MST60104	19.145150462962963	31.5
MST60104	19.152094907407406	31
MST60104	19.159039351851852	31
MST60104	19.165983796296295	31.5
MST60104	19.17292824074074	31.5
MST60104	19.179872685185185	33
MST60104	19.18681712962963	32.5
MST60104	19.193761574074074	34
MST60104	19.200706018518517	34
MST60104	19.207650462962963	31.5
MST60104	19.214594907407406	31
MST60104	19.221539351851852	30.5
MST60104	19.228483796296295	30
MST60104	19.23542824074074	32.5
MST60104	19.242372685185185	34
MST60104	19.24931712962963	33.5
MST60104	19.256261574074074	30.5
MST60104	19.263206018518517	30
MST60104	19.270150462962963	32
MST60104	19.277094907407406	32
MST60104	19.284039351851852	30
MST60104	19.290983796296295	29.5
MST60104	19.29792824074074	30.5
MST60104	19.304872685185185	30
MST60104	19.31181712962963	30.5
MST60104	19.318761574074074	31
MST60104	19.325706018518517	30.5
MST60104	19.332650462962963	30.5
MST60104	19.339594907407406	30.5
MST60104	19.346539351851852	30.5
MST60104	19.353483796296295	30.5
MST60104	19.36042824074074	31
MST60104	19.367372685185185	31
MST60104	19.37431712962963	30.5
MST60104	19.381261574074074	30.5
MST60104	19.388206018518517	30.5
MST60104	19.395150462962963	30.5
MST60104	19.402094907407406	30.5
MST60104	19.409039351851852	33
MST60104	19.415983796296295	31.5
MST60104	19.42292824074074	31.5
MST60104	19.429872685185185	31
MST60104	19.43681712962963	30.5
MST60104	19.443761574074074	30.5
MST60104	19.450706018518517	30.5
MST60104	19.457650462962963	30.5
MST60104	19.464594907407406	30.5
MST60104	19.471539351851852	31
MST60104	19.478483796296295	31
MST60104	19.48542824074074	31
MST60104	19.492372685185185	31
MST60104	19.49931712962963	31
MST60104	19.506261574074074	31
MST60104	19.513206018518517	31
MST60104	19.520150462962963	31
MST60104	19.527094907407406	30.5
MST60104	19.534039351851852	30.5
MST60104	19.540983796296295	30
MST60104	19.54792824074074	30
MST60104	19.554872685185185	30
MST60104	19.56181712962963	29
MST60104	19.568761574074074	28.5
MST60104	19.575706018518517	28
MST60104	19.582650462962963	28
MST60104	19.589594907407406	27.5
MST60104	19.596539351851852	28
MST60104	19.603483796296295	28
MST60104	19.61042824074074	29.5
MST60104	19.617372685185185	30.5
MST60104	19.62431712962963	31.5
MST60104	19.631261574074074	31.5
MST60104	19.638206018518517	31.5
MST60104	19.645150462962963	31
MST60104	19.652094907407406	31
MST60104	19.659039351851852	31.5
MST60104	19.665983796296295	31.5
MST60104	19.67292824074074	31.5
MST60104	19.679872685185185	31.5
MST60104	19.68681712962963	31.5
MST60104	19.693761574074074	31
MST60104	19.700706018518517	31.5
MST60104	19.707650462962963	31.5
MST60104	19.714594907407406	31.5
MST60104	19.721539351851852	31
MST60104	19.728483796296295	31.5
MST60104	19.73542824074074	31.5
MST60104	19.742372685185185	31
MST60104	19.74931712962963	31
MST60104	19.756261574074074	31
MST60104	19.763206018518517	31
MST60104	19.770150462962963	30.5
MST60104	19.777094907407406	31
MST60104	19.784039351851852	31
MST60104	19.790983796296295	30.5
MST60104	19.79792824074074	30.5
MST60104	19.804872685185185	29.5
MST60104	19.81181712962963	29
MST60104	19.818761574074074	28.5
MST60104	19.825706018518517	28
MST60104	19.832650462962963	27.5
MST60104	19.839594907407406	27
MST60104	19.846539351851852	27
MST60104	19.853483796296295	27.5
MST60104	19.86042824074074	27
MST60104	19.867372685185185	27
MST60104	19.87431712962963	28.5
MST60104	19.881261574074074	30
MST60104	19.888206018518517	30.5
MST60104	19.895150462962963	30.5
MST60104	19.902094907407406	29.5
MST60104	19.909039351851852	29.5
MST60104	19.915983796296295	30
MST60104	19.92292824074074	29.5
MST60104	19.929872685185185	28.5
MST60104	19.93681712962963	27
MST60104	19.943761574074074	26
MST60104	19.950706018518517	28
MST60104	19.957650462962963	30
MST60104	19.964594907407406	29.5
MST60104	19.971539351851852	29.5
MST60104	19.978483796296295	29.5
MST60104	19.98542824074074	30
MST60104	19.992372685185185	30
MST60104	19.99931712962963	30.5
MST60104	20.006261574074074	30.5
MST60104	20.013206018518517	30.5
MST60104	20.020150462962963	30
MST60104	20.027094907407406	30
MST60104	20.034039351851852	29.5
MST60104	20.040983796296295	28.5
MST60104	20.04792824074074	29
MST60104	20.054872685185185	29.5
MST60104	20.06181712962963	29
MST60104	20.068761574074074	29.5
MST60104	20.075706018518517	31
MST60104	20.082650462962963	31.5
MST60104	20.089594907407406	31.5
MST60104	20.096539351851852	31.5
MST60104	20.103483796296295	31.5
MST60104	20.11042824074074	33
MST60104	20.117372685185185	33
MST60104	20.12431712962963	31
MST60104	20.131261574074074	31
MST60104	20.138206018518517	33.5
MST60104	20.145150462962963	32
MST60104	20.152094907407406	33
MST60104	20.159039351851852	33
MST60104	20.165983796296295	34.5
MST60104	20.17292824074074	31
MST60104	20.179872685185185	34
MST60104	20.18681712962963	33.5
MST60104	20.193761574074074	32
MST60104	20.200706018518517	33
MST60104	20.207650462962963	30.5
MST60104	20.214594907407406	33
MST60104	20.221539351851852	33.5
MST60104	20.228483796296295	34
MST60104	20.23542824074074	34
MST60104	20.242372685185185	32.5
MST60104	20.24931712962963	32.5
MST60104	20.256261574074074	34.5
MST60104	20.263206018518517	31.5
MST60104	20.270150462962963	31
MST60104	20.277094907407406	30.5
MST60104	20.284039351851852	30
MST60104	20.290983796296295	30.5
MST60104	20.29792824074074	33
MST60104	20.304872685185185	32
MST60104	20.31181712962963	31
MST60104	20.318761574074074	31.5
MST60104	20.325706018518517	30.5
MST60104	20.332650462962963	32
MST60104	20.339594907407406	31.5
MST60104	20.346539351851852	32
MST60104	20.353483796296295	31.5
MST60104	20.36042824074074	31
MST60104	20.367372685185185	31.5
MST60104	20.37431712962963	31
MST60104	20.381261574074074	31.5
MST60104	20.388206018518517	32
MST60104	20.395150462962963	31
MST60104	20.402094907407406	31.5
MST60104	20.409039351851852	31
MST60104	20.415983796296295	31.5
MST60104	20.42292824074074	32
MST60104	20.429872685185185	31.5
MST60104	20.43681712962963	31.5
MST60104	20.443761574074074	31
MST60104	20.450706018518517	31
MST60104	20.457650462962963	31
MST60104	20.464594907407406	31
MST60104	20.471539351851852	31
MST60104	20.478483796296295	31
MST60104	20.48542824074074	31
MST60104	20.492372685185185	31.5
MST60104	20.49931712962963	31.5
MST60104	20.506261574074074	31.5
MST60104	20.513206018518517	32
MST60104	20.520150462962963	31.5
MST60104	20.527094907407406	31.5
MST60104	20.534039351851852	31.5
MST60104	20.540983796296295	32
MST60104	20.54792824074074	31.5
MST60104	20.554872685185185	31.5
MST60104	20.56181712962963	31.5
MST60104	20.568761574074074	31.5
MST60104	20.575706018518517	31.5
MST60104	20.582650462962963	31.5
MST60104	20.589594907407406	31.5
MST60104	20.596539351851852	31
MST60104	20.603483796296295	31
MST60104	20.61042824074074	31.5
MST60104	20.617372685185185	31.5
MST60104	20.62431712962963	31
MST60104	20.631261574074074	30.5
MST60104	20.638206018518517	30.5
MST60104	20.645150462962963	30.5
MST60104	20.652094907407406	32
MST60104	20.659039351851852	30.5
MST60104	20.665983796296295	31
MST60104	20.67292824074074	31
MST60104	20.679872685185185	31.5
MST60104	20.68681712962963	31.5
MST60104	20.693761574074074	31.5
MST60104	20.700706018518517	31
MST60104	20.707650462962963	31
MST60104	20.714594907407406	31
MST60104	20.721539351851852	31
MST60104	20.728483796296295	31
MST60104	20.73542824074074	30.5
MST60104	20.742372685185185	30.5
MST60104	20.74931712962963	31
MST60104	20.756261574074074	31.5
MST60104	20.763206018518517	30
MST60104	20.770150462962963	29
MST60104	20.777094907407406	29
MST60104	20.784039351851852	29.5
MST60104	20.790983796296295	30
MST60104	20.79792824074074	30.5
MST60104	20.804872685185185	30.5
MST60104	20.81181712962963	29
MST60104	20.818761574074074	31
MST60104	20.825706018518517	31
MST60104	20.832650462962963	30.5
MST60104	20.839594907407406	30.5
MST60104	20.846539351851852	30.5
MST60104	20.853483796296295	32
MST60104	20.86042824074074	31.5
MST60104	20.867372685185185	30.5
MST60104	20.87431712962963	29.5
MST60104	20.881261574074074	30
MST60104	20.888206018518517	29.5
MST60104	20.895150462962963	29.5
MST60104	20.902094907407406	29
MST60104	20.909039351851852	29
MST60104	20.915983796296295	28
MST60104	20.92292824074074	27.5
MST60104	20.929872685185185	27
MST60104	20.93681712962963	26.5
MST60104	20.943761574074074	26
MST60104	20.950706018518517	26.5
MST60104	20.957650462962963	26.5
MST60104	20.964594907407406	26
MST60104	20.971539351851852	26
MST60104	20.978483796296295	25.5
MST60104	20.98542824074074	25
MST60104	20.992372685185185	25
MST60104	20.99931712962963	25.5
MST60104	21.006261574074074	25
MST60104	21.013206018518517	25
MST60104	21.020150462962963	25
MST60104	21.027094907407406	25
MST60104	21.034039351851852	28.5
MST60104	21.040983796296295	30
MST60104	21.04792824074074	30.5
MST60104	21.054872685185185	30
MST60104	21.06181712962963	30.5
MST60104	21.068761574074074	30.5
MST60104	21.075706018518517	32
MST60104	21.082650462962963	31.5
MST60104	21.089594907407406	33
MST60104	21.096539351851852	32
MST60104	21.103483796296295	31.5
MST60104	21.11042824074074	31
MST60104	21.117372685185185	31
MST60104	21.12431712962963	30.5
MST60104	21.131261574074074	30.5
MST60104	21.138206018518517	30.5
MST60104	21.145150462962963	30.5
MST60104	21.152094907407406	31.5
MST60104	21.159039351851852	32
MST60104	21.165983796296295	31.5
MST60104	21.17292824074074	31
MST60104	21.179872685185185	31
MST60104	21.18681712962963	30.5
MST60104	21.193761574074074	31
MST60104	21.200706018518517	30.5
MST60104	21.207650462962963	30.5
MST60104	21.214594907407406	30.5
MST60104	21.221539351851852	31.5
MST60104	21.228483796296295	30.5
MST60104	21.23542824074074	30.5
MST60104	21.242372685185185	30
MST60104	21.24931712962963	31
MST60104	21.256261574074074	31
MST60104	21.263206018518517	31.5
MST60104	21.270150462962963	30.5
MST60104	21.277094907407406	31
MST60104	21.284039351851852	30.5
MST60104	21.290983796296295	31
MST60104	21.29792824074074	32
MST60104	21.304872685185185	33
MST60104	21.31181712962963	32
MST60104	21.318761574074074	33
MST60104	21.325706018518517	34.5
MST60104	21.332650462962963	34
MST60104	21.339594907407406	34.5
MST60104	21.346539351851852	33.5
MST60104	21.353483796296295	31.5
MST60104	21.36042824074074	30.5
MST60104	21.367372685185185	30.5
MST60104	21.37431712962963	32
MST60104	21.381261574074074	33.5
MST60104	21.388206018518517	31
MST60104	21.395150462962963	31
MST60104	21.402094907407406	30
MST60104	21.409039351851852	32.5
MST60104	21.415983796296295	32
MST60104	21.42292824074074	30.5
MST60104	21.429872685185185	31
MST60104	21.43681712962963	31
MST60104	21.443761574074074	32
MST60104	21.450706018518517	31
MST60104	21.457650462962963	31
MST60104	21.464594907407406	30.5
MST60104	21.471539351851852	30.5
MST60104	21.478483796296295	31
MST60104	21.48542824074074	31
MST60104	21.492372685185185	31
MST60104	21.49931712962963	31
MST60104	21.506261574074074	31
MST60104	21.513206018518517	32
MST60104	21.520150462962963	32.5
MST60104	21.527094907407406	32
MST60104	21.534039351851852	31
MST60104	21.540983796296295	31
MST60104	21.54792824074074	31
MST60104	21.554872685185185	31
MST60104	21.56181712962963	31
MST60104	21.568761574074074	31
MST60104	21.575706018518517	31.5
MST60104	21.582650462962963	31.5
MST60104	21.589594907407406	31.5
MST60104	21.596539351851852	31.5
MST60104	21.603483796296295	32
MST60104	21.61042824074074	32
MST60104	21.617372685185185	32
MST60104	21.62431712962963	32
MST60104	21.631261574074074	32
MST60104	21.638206018518517	32
MST60104	21.645150462962963	32
MST60104	21.652094907407406	31.5
MST60104	21.659039351851852	32
MST60104	21.665983796296295	31.5
MST60104	21.67292824074074	31.5
MST60104	21.679872685185185	31.5
MST60104	21.68681712962963	31.5
MST60104	21.693761574074074	32
MST60104	21.700706018518517	32
MST60104	21.707650462962963	32
MST60104	21.714594907407406	32
MST60104	21.721539351851852	32
MST60104	21.728483796296295	31.5
MST60104	21.73542824074074	31.5
MST60104	21.742372685185185	32
MST60104	21.74931712962963	32
MST60104	21.756261574074074	32
MST60104	21.763206018518517	31.5
MST60104	21.770150462962963	32
MST60104	21.777094907407406	31.5
MST60104	21.784039351851852	31.5
MST60104	21.790983796296295	31.5
MST60104	21.79792824074074	31.5
MST60104	21.804872685185185	31.5
MST60104	21.81181712962963	31.5
MST60104	21.818761574074074	31
MST60104	21.825706018518517	30
MST60104	21.832650462962963	30.5
MST60104	21.839594907407406	31.5
MST60104	21.846539351851852	32
MST60104	21.853483796296295	31.5
MST60104	21.86042824074074	31.5
MST60104	21.867372685185185	31
MST60104	21.87431712962963	31.5
MST60104	21.881261574074074	32
MST60104	21.888206018518517	31.5
MST60104	21.895150462962963	31
MST60104	21.902094907407406	30
MST60104	21.909039351851852	29.5
MST60104	21.915983796296295	29.5
MST60104	21.92292824074074	30
MST60104	21.929872685185185	29.5
MST60104	21.93681712962963	29
MST60104	21.943761574074074	29
MST60104	21.950706018518517	28.5
MST60104	21.957650462962963	28.5
MST60104	21.964594907407406	28.5
MST60104	21.971539351851852	29
MST60104	21.978483796296295	28.5
MST60104	21.98542824074074	28.5
MST60104	21.992372685185185	30
MST60104	21.99931712962963	30.5
MST60104	22.006261574074074	30.5
MST60104	22.013206018518517	31
MST60104	22.020150462962963	30
MST60104	22.027094907407406	29
MST60104	22.034039351851852	29
MST60104	22.040983796296295	29.5
MST60104	22.04792824074074	29.5
MST60104	22.054872685185185	30
MST60104	22.06181712962963	30
MST60104	22.068761574074074	30
MST60104	22.075706018518517	30
MST60104	22.082650462962963	30
MST60104	22.089594907407406	33
MST60104	22.096539351851852	32
MST60104	22.103483796296295	31
MST60104	22.11042824074074	31
MST60104	22.117372685185185	30.5
MST60104	22.12431712962963	30.5
MST60104	22.131261574074074	31
MST60104	22.138206018518517	30.5
MST60104	22.145150462962963	30.5
MST60104	22.152094907407406	30
MST60104	22.159039351851852	31
MST60104	22.165983796296295	31
MST60104	22.17292824074074	30.5
MST60104	22.179872685185185	30.5
MST60104	22.18681712962963	30.5
MST60104	22.193761574074074	30.5
MST60104	22.200706018518517	30.5
MST60104	22.207650462962963	32
MST60104	22.214594907407406	32
MST60104	22.221539351851852	30.5
MST60104	22.228483796296295	30.5
MST60104	22.23542824074074	31
MST60104	22.242372685185185	31.5
MST60104	22.24931712962963	33
MST60104	22.256261574074074	33
MST60104	22.263206018518517	34
MST60104	22.270150462962963	35
MST60104	22.277094907407406	35
MST60104	22.284039351851852	33.5
MST60104	22.290983796296295	33
MST60104	22.29792824074074	32
MST60104	22.304872685185185	32.5
MST60104	22.31181712962963	32
MST60104	22.318761574074074	32
MST60104	22.325706018518517	29.5
MST60104	22.332650462962963	30
MST60104	22.339594907407406	33
MST60104	22.346539351851852	33.5
MST60104	22.353483796296295	31
MST60104	22.36042824074074	30.5
MST60104	22.367372685185185	31
MST60104	22.37431712962963	32.5
MST60104	22.381261574074074	33.5
MST60104	22.388206018518517	31.5
MST60104	22.395150462962963	31
MST60104	22.402094907407406	31.5
MST60104	22.409039351851852	30.5
MST60104	22.415983796296295	31.5
MST60104	22.42292824074074	31
MST60104	22.429872685185185	34
MST60104	22.43681712962963	32.5
MST60104	22.443761574074074	30.5
MST60104	22.450706018518517	33
MST60104	22.457650462962963	31
MST60104	22.464594907407406	31
MST60104	22.471539351851852	30.5
MST60104	22.478483796296295	30.5
MST60104	22.48542824074074	31
MST60104	22.492372685185185	31
MST60104	22.49931712962963	30.5
MST60104	22.506261574074074	31.5
MST60104	22.513206018518517	32
MST60104	22.520150462962963	31
MST60104	22.527094907407406	30.5
MST60104	22.534039351851852	30.5
MST60104	22.540983796296295	30.5
MST60104	22.54792824074074	30
MST60104	22.554872685185185	30
MST60104	22.56181712962963	30
MST60104	22.568761574074074	30
MST60104	22.575706018518517	30
MST60104	22.582650462962963	30
MST60104	22.589594907407406	30
MST60104	22.596539351851852	30
MST60104	22.603483796296295	30
MST60104	22.61042824074074	30
MST60104	22.617372685185185	30
MST60104	22.62431712962963	30.5
MST60104	22.631261574074074	31
MST60104	22.638206018518517	31
MST60104	22.645150462962963	31
MST60104	22.652094907407406	31
MST60104	22.659039351851852	31
MST60104	22.665983796296295	31
MST60104	22.67292824074074	31
MST60104	22.679872685185185	30.5
MST60104	22.68681712962963	30.5
MST60104	22.693761574074074	30.5
MST60104	22.700706018518517	30.5
MST60104	22.707650462962963	30
MST60104	22.714594907407406	30
MST60104	22.721539351851852	30.5
MST60104	22.728483796296295	31
MST60104	22.73542824074074	31
MST60104	22.742372685185185	30.5
MST60104	22.74931712962963	29.5
MST60104	22.756261574074074	29.5
MST60104	22.763206018518517	30.5
MST60104	22.770150462962963	30.5
MST60104	22.777094907407406	30
MST60104	22.784039351851852	30
MST60104	22.790983796296295	29.5
MST60104	22.79792824074074	29
MST60104	22.804872685185185	28.5
MST60104	22.81181712962963	28
MST60104	22.818761574074074	28
MST60104	22.825706018518517	27.5
MST60104	22.832650462962963	27
MST60104	22.839594907407406	27.5
MST60104	22.846539351851852	29.5
MST60104	22.853483796296295	30.5
MST60104	22.86042824074074	30.5
MST60104	22.867372685185185	30.5
MST60104	22.87431712962963	30
MST60104	22.881261574074074	30
MST60104	22.888206018518517	29
MST60104	22.895150462962963	29.5
MST60104	22.902094907407406	30
MST60104	22.909039351851852	30
MST60104	22.915983796296295	30.5
MST60104	22.92292824074074	30
MST60104	22.929872685185185	30.5
MST60104	22.93681712962963	30.5
MST60104	22.943761574074074	30
MST60104	22.950706018518517	29.5
MST60104	22.957650462962963	29.5
MST60104	22.964594907407406	30
MST60104	22.971539351851852	31
MST60104	22.978483796296295	31
MST60104	22.98542824074074	31
MST60104	22.992372685185185	31
MST60104	22.99931712962963	30.5
MST60104	23.006261574074074	29.5
MST60104	23.013206018518517	29
MST60104	23.020150462962963	29.5
MST60104	23.027094907407406	29
MST60104	23.034039351851852	28.5
MST60104	23.040983796296295	29.5
MST60104	23.04792824074074	30
MST60104	23.054872685185185	30
MST60104	23.06181712962963	30
MST60104	23.068761574074074	29.5
MST60104	23.075706018518517	29.5
MST60104	23.082650462962963	28.5
MST60104	23.089594907407406	28
MST60104	23.096539351851852	27.5
MST60104	23.103483796296295	27
MST60104	23.11042824074074	28
MST60104	23.117372685185185	28.5
MST60104	23.12431712962963	29
MST60104	23.131261574074074	29.5
MST60104	23.138206018518517	30
MST60104	23.145150462962963	29
MST60104	23.152094907407406	30
MST60104	23.159039351851852	30
MST60104	23.165983796296295	30.5
MST60104	23.17292824074074	30
MST60104	23.179872685185185	30
MST60104	23.18681712962963	30.5
MST60104	23.193761574074074	31
MST60104	23.200706018518517	31
MST60104	23.207650462962963	31
MST60104	23.214594907407406	31.5
MST60104	23.221539351851852	34.5
MST60104	23.228483796296295	34
MST60104	23.23542824074074	32
MST60104	23.242372685185185	33.5
MST60104	23.24931712962963	33.5
MST60104	23.256261574074074	32.5
MST60104	23.263206018518517	30.5
MST60104	23.270150462962963	30.5
MST60104	23.277094907407406	31
MST60104	23.284039351851852	34.5
MST60104	23.290983796296295	33
MST60104	23.29792824074074	33
MST60104	23.304872685185185	31.5
MST60104	23.31181712962963	33
MST60104	23.318761574074074	33.5
MST60104	23.325706018518517	34
MST60104	23.332650462962963	31.5
MST60104	23.339594907407406	31
MST60104	23.346539351851852	30.5
MST60104	23.353483796296295	31
MST60104	23.36042824074074	31
MST60104	23.367372685185185	31.5
MST60104	23.37431712962963	31
MST60104	23.381261574074074	30.5
MST60104	23.388206018518517	30.5
MST60104	23.395150462962963	31.5
MST60104	23.402094907407406	30.5
MST60104	23.409039351851852	30.5
MST60104	23.415983796296295	30
MST60104	23.42292824074074	29
MST60104	23.429872685185185	29.5
MST60104	23.43681712962963	29.5
MST60104	23.443761574074074	29.5
MST60104	23.450706018518517	29.5
MST60104	23.457650462962963	29.5
MST60104	23.464594907407406	30.5
MST60104	23.471539351851852	31
MST60104	23.478483796296295	31
MST60104	23.48542824074074	31.5
MST60104	23.492372685185185	31
MST60104	23.49931712962963	30.5
MST60104	23.506261574074074	30.5
MST60104	23.513206018518517	31.5
MST60104	23.520150462962963	32
MST60104	23.527094907407406	31.5
MST60104	23.534039351851852	31.5
MST60104	23.540983796296295	31
MST60104	23.54792824074074	31
MST60104	23.554872685185185	30.5
MST60104	23.56181712962963	31
MST60104	23.568761574074074	30
MST60104	23.575706018518517	31
MST60104	23.582650462962963	31.5
MST60104	23.589594907407406	30.5
MST60104	23.596539351851852	31.5
MST60104	23.603483796296295	31.5
MST60104	23.61042824074074	31.5
MST60104	23.617372685185185	32
MST60104	23.62431712962963	31.5
MST60104	23.631261574074074	31
MST60104	23.638206018518517	30.5
MST60104	23.645150462962963	31
MST60104	23.652094907407406	31.5
MST60104	23.659039351851852	31.5
MST60104	23.665983796296295	31
MST60104	23.67292824074074	31
MST60104	23.679872685185185	31
MST60104	23.68681712962963	31
MST60104	23.693761574074074	30.5
MST60104	23.700706018518517	30.5
MST60104	23.707650462962963	30
MST60104	23.714594907407406	30.5
MST60104	23.721539351851852	31
MST60104	23.728483796296295	31.5
MST60104	23.73542824074074	31.5
MST60104	23.742372685185185	31
MST60104	23.74931712962963	31
MST60104	23.756261574074074	31
MST60104	23.763206018518517	31
MST60104	23.770150462962963	30
MST60104	23.777094907407406	30
MST60104	23.784039351851852	31
MST60104	23.790983796296295	31.5
MST60104	23.79792824074074	31.5
MST60104	23.804872685185185	30.5
MST60104	23.81181712962963	28.5
MST60104	23.818761574074074	27
MST60104	23.825706018518517	27
MST60104	23.832650462962963	26
MST60104	23.839594907407406	25.5
MST60104	23.846539351851852	24.5
MST60104	23.853483796296295	24
MST60104	23.86042824074074	23
MST60104	23.867372685185185	23.5
MST60104	23.87431712962963	23
MST60104	23.881261574074074	23
MST60104	23.888206018518517	23
MST60104	23.895150462962963	23
MST60104	23.902094907407406	22.5
MST60104	23.909039351851852	23
MST60104	23.915983796296295	24
MST60104	23.92292824074074	25.5
MST60104	23.929872685185185	29
MST60104	23.93681712962963	29
MST60104	23.943761574074074	29
MST60104	23.950706018518517	30
MST60104	23.957650462962963	31.5
MST60104	23.964594907407406	30.5
MST60104	23.971539351851852	29.5
MST60104	23.978483796296295	29.5
MST60104	23.98542824074074	30
MST60104	23.992372685185185	30
MST60104	23.99931712962963	31.5
MST60104	24.006261574074074	30.5
MST60104	24.013206018518517	29.5
MST60104	24.020150462962963	28.5
MST60104	24.02709490740741	28.5
MST60104	24.034039351851852	27
MST60104	24.040983796296295	27
MST60104	24.047928240740738	27
MST60104	24.054872685185185	27
MST60104	24.06181712962963	29
MST60104	24.068761574074074	30.5
MST60104	24.075706018518517	31
MST60104	24.082650462962963	31
MST60104	24.08959490740741	31.5
MST60104	24.096539351851852	31
MST60104	24.103483796296295	32
MST60104	24.110428240740738	34
MST60104	24.117372685185185	34
MST60104	24.12431712962963	32
MST60104	24.131261574074074	31
MST60104	24.138206018518517	33
MST60104	24.145150462962963	31.5
MST60104	24.15209490740741	32.5
MST60104	24.159039351851852	33.5
MST60104	24.165983796296295	33.5
MST60104	24.172928240740738	32.5
MST60104	24.179872685185185	31
MST60104	24.18681712962963	31.5
MST60104	24.193761574074074	34.5
MST60104	24.200706018518517	32
MST60104	24.207650462962963	31.5
MST60104	24.21459490740741	33
MST60104	24.221539351851852	32
MST60104	24.228483796296295	32.5
MST60104	24.235428240740738	32
MST60104	24.242372685185185	31.5
MST60104	24.24931712962963	29.5
MST60104	24.256261574074074	30
MST60104	24.263206018518517	30
MST60104	24.270150462962963	30.5
MST60104	24.27709490740741	32
MST60104	24.284039351851852	31
MST60104	24.290983796296295	30.5
MST60104	24.297928240740738	30.5
MST60104	24.304872685185185	30.5
MST60104	24.31181712962963	30.5
MST60104	24.318761574074074	30.5
MST60104	24.325706018518517	32
MST60104	24.332650462962963	30.5
MST60104	24.33959490740741	30
MST60104	24.346539351851852	30
MST60104	24.353483796296295	30.5
MST60104	24.360428240740738	30
MST60104	24.367372685185185	30.5
MST60104	24.37431712962963	30.5
MST60104	24.381261574074074	31
MST60104	24.388206018518517	31.5
MST60104	24.395150462962963	32
MST60104	24.40209490740741	32
MST60104	24.409039351851852	31.5
MST60104	24.415983796296295	29
MST60104	24.422928240740738	28.5
MST60104	24.429872685185185	28.5
MST60104	24.43681712962963	28.5
MST60104	24.443761574074074	29.5
MST60104	24.450706018518517	30.5
MST60104	24.457650462962963	30.5
MST60104	24.46459490740741	30.5
MST60104	24.471539351851852	30.5
MST60104	24.478483796296295	30.5
MST60104	24.485428240740738	30.5
MST60104	24.492372685185185	31
MST60104	24.49931712962963	30.5
MST60104	24.506261574074074	30.5
MST60104	24.513206018518517	31
MST60104	24.520150462962963	31
MST60104	24.52709490740741	31.5
MST60104	24.534039351851852	32
MST60104	24.540983796296295	31.5
MST60104	24.547928240740738	30
MST60104	24.554872685185185	30
MST60104	24.56181712962963	30.5
MST60104	24.568761574074074	30.5
MST60104	24.575706018518517	30.5
MST60104	24.582650462962963	29.5
MST60104	24.58959490740741	28.5
MST60104	24.596539351851852	28
MST60104	24.603483796296295	28.5
MST60104	24.610428240740738	28
MST60104	24.617372685185185	27
MST60104	24.62431712962963	26.5
MST60104	24.631261574074074	26
MST60104	24.638206018518517	25
MST60104	24.645150462962963	24.5
MST60104	24.65209490740741	24.5
MST60104	24.659039351851852	24
MST60104	24.665983796296295	24
MST60104	24.672928240740738	24
MST60104	24.679872685185185	23.5
MST60104	24.68681712962963	25.5
MST60104	24.693761574074074	30
MST60104	24.700706018518517	31
MST60104	24.707650462962963	29.5
MST60104	24.71459490740741	28.5
MST60104	24.721539351851852	27.5
MST60104	24.728483796296295	27
MST60104	24.735428240740738	27.5
MST60104	24.742372685185185	29.5
MST60104	24.74931712962963	31
MST60104	24.756261574074074	31.5
MST60104	24.763206018518517	30.5
MST60104	24.770150462962963	30
MST60104	24.77709490740741	29.5
MST60104	24.784039351851852	30
MST60104	24.790983796296295	30
MST60104	24.797928240740738	29.5
MST60104	24.804872685185185	29.5
MST60104	24.81181712962963	30.5
MST60104	24.818761574074074	30.5
MST60104	24.825706018518517	28.5
MST60104	24.832650462962963	28.5
MST60104	24.83959490740741	29
MST60104	24.846539351851852	28
MST60104	24.853483796296295	27
MST60104	24.860428240740738	26.5
MST60104	24.867372685185185	25.5
MST60104	24.87431712962963	25
MST60104	24.881261574074074	24
MST60104	24.888206018518517	23.5
MST60104	24.895150462962963	23.5
MST60104	24.90209490740741	23.5
MST60104	24.909039351851852	24.5
MST60104	24.915983796296295	25.5
MST60104	24.922928240740738	26
MST60104	24.929872685185185	28
MST60104	24.93681712962963	31
MST60104	24.943761574074074	31.5
MST60104	24.950706018518517	30
MST60104	24.957650462962963	30.5
MST60104	24.96459490740741	30.5
MST60104	24.971539351851852	30.5
MST60104	24.978483796296295	31
MST60104	24.985428240740738	30
MST60104	24.992372685185185	30.5
MST60104	24.99931712962963	30
MST60104	25.006261574074074	30
MST60104	25.013206018518517	30.5
MST60104	25.020150462962963	29.5
MST60104	25.02709490740741	29.5
MST60104	25.034039351851852	30
MST60104	25.040983796296295	30
MST60104	25.047928240740738	29.5
MST60104	25.054872685185185	30.5
MST60104	25.06181712962963	30.5
MST60104	25.068761574074074	30.5
MST60104	25.075706018518517	30.5
MST60104	25.082650462962963	30
MST60104	25.08959490740741	31
MST60104	25.096539351851852	31.5
MST60104	25.103483796296295	32.5
MST60104	25.110428240740738	32.5
MST60104	25.117372685185185	31.5
MST60104	25.12431712962963	33.5
MST60104	25.131261574074074	32.5
MST60104	25.138206018518517	33
MST60104	25.145150462962963	33.5
MST60104	25.15209490740741	32
MST60104	25.159039351851852	32.5
MST60104	25.165983796296295	32
MST60104	25.172928240740738	32
MST60104	25.179872685185185	33
MST60104	25.18681712962963	33
MST60104	25.193761574074074	30.5
MST60104	25.200706018518517	34.5
MST60104	25.207650462962963	34
MST60104	25.21459490740741	33.5
MST60104	25.221539351851852	32
MST60104	25.228483796296295	33.5
MST60104	25.235428240740738	31.5
MST60104	25.242372685185185	30.5
MST60104	25.24931712962963	30.5
MST60104	25.256261574074074	30.5
MST60104	25.263206018518517	31
MST60104	25.270150462962963	31.5
MST60104	25.27709490740741	30
MST60104	25.284039351851852	33.5
MST60104	25.290983796296295	32.5
MST60104	25.297928240740738	33.5
MST60104	25.304872685185185	31.5
MST60104	25.31181712962963	31
MST60104	25.318761574074074	30.5
MST60104	25.325706018518517	30.5
MST60104	25.332650462962963	31
MST60104	25.33959490740741	31
MST60104	25.346539351851852	31
MST60104	25.353483796296295	30.5
MST60104	25.360428240740738	30.5
MST60104	25.367372685185185	30.5
MST60104	25.37431712962963	30.5
MST60104	25.381261574074074	30
MST60104	25.388206018518517	30
MST60104	25.395150462962963	30
MST60104	25.40209490740741	30
MST60104	25.409039351851852	30.5
MST60104	25.415983796296295	30.5
MST60104	25.422928240740738	30.5
MST60104	25.429872685185185	30.5
MST60104	25.43681712962963	31
MST60104	25.443761574074074	31
MST60104	25.450706018518517	31
MST60104	25.457650462962963	31
MST60104	25.46459490740741	31.5
MST60104	25.471539351851852	31.5
MST60104	25.478483796296295	31
MST60104	25.485428240740738	31
MST60104	25.492372685185185	31.5
MST60104	25.49931712962963	31
MST60104	25.506261574074074	31.5
MST60104	25.513206018518517	32.5
MST60104	25.520150462962963	31.5
MST60104	25.52709490740741	31
MST60104	25.534039351851852	31
MST60104	25.540983796296295	31
MST60104	25.547928240740738	30
MST60104	25.554872685185185	31
MST60104	25.56181712962963	31
MST60104	25.568761574074074	31
MST60104	25.575706018518517	31.5
MST60104	25.582650462962963	31
MST60104	25.58959490740741	30.5
MST60104	25.596539351851852	29.5
MST60104	25.603483796296295	29.5
MST60104	25.610428240740738	29
MST60104	25.617372685185185	28
MST60104	25.62431712962963	28
MST60104	25.631261574074074	28.5
MST60104	25.638206018518517	30
MST60104	25.645150462962963	30.5
MST60104	25.65209490740741	31
MST60104	25.659039351851852	31.5
MST60104	25.665983796296295	31.5
MST60104	25.672928240740738	31
MST60104	25.679872685185185	31
MST60104	25.68681712962963	30.5
MST60104	25.693761574074074	30.5
MST60104	25.700706018518517	29.5
MST60104	25.707650462962963	29
MST60104	25.71459490740741	29
MST60104	25.721539351851852	28.5
MST60104	25.728483796296295	28.5
MST60104	25.735428240740738	28.5
MST60104	25.742372685185185	27
MST60104	25.74931712962963	27
MST60104	25.756261574074074	26.5
MST60104	25.763206018518517	25.5
MST60104	25.770150462962963	25
MST60104	25.77709490740741	25
MST60104	25.784039351851852	25
MST60104	25.790983796296295	25
MST60104	25.797928240740738	24.5
MST60104	25.804872685185185	24.5
MST60104	25.81181712962963	23.5
MST60104	25.818761574074074	24
MST60104	25.825706018518517	25.5
MST60104	25.832650462962963	26
MST60104	25.83959490740741	29.5
MST60104	25.846539351851852	31
MST60104	25.853483796296295	32
MST60104	25.860428240740738	30.5
MST60104	25.867372685185185	29.5
MST60104	25.87431712962963	29.5
MST60104	25.881261574074074	29.5
MST60104	25.888206018518517	30
MST60104	25.895150462962963	28.5
MST60104	25.90209490740741	28
MST60104	25.909039351851852	27
MST60104	25.915983796296295	26
MST60104	25.922928240740738	25.5
MST60104	25.929872685185185	25
MST60104	25.93681712962963	24.5
MST60104	25.943761574074074	24.5
MST60104	25.950706018518517	24.5
MST60104	25.957650462962963	24.5
MST60104	25.96459490740741	24.5
MST60104	25.971539351851852	26
MST60104	25.978483796296295	28
MST60104	25.985428240740738	29.5
MST60104	25.992372685185185	29.5
MST60104	25.99931712962963	29.5
MST60104	26.006261574074074	30
MST60104	26.013206018518517	30.5
MST60104	26.020150462962963	30
MST60104	26.02709490740741	30
MST60104	26.034039351851852	29
MST60104	26.040983796296295	29.5
MST60104	26.047928240740738	30.5
MST60104	26.054872685185185	30
MST60104	26.06181712962963	31.5
MST60104	26.068761574074074	32
MST60104	26.075706018518517	32
MST60104	26.082650462962963	34
MST60104	26.08959490740741	33
MST60104	26.096539351851852	33.5
MST60104	26.103483796296295	31.5
MST60104	26.110428240740738	33.5
MST60104	26.117372685185185	32.5
MST60104	26.12431712962963	33.5
MST60104	26.131261574074074	32
MST60104	26.138206018518517	33
MST60104	26.145150462962963	31.5
MST60104	26.15209490740741	32
MST60104	26.159039351851852	30.5
MST60104	26.165983796296295	32.5
MST60104	26.172928240740738	31
MST60104	26.179872685185185	33.5
MST60104	26.18681712962963	34
MST60104	26.193761574074074	34
MST60104	26.200706018518517	31
MST60104	26.207650462962963	31.5
MST60104	26.21459490740741	31
MST60104	26.221539351851852	32
MST60104	26.228483796296295	30
MST60104	26.235428240740738	30
MST60104	26.242372685185185	31
MST60104	26.24931712962963	30
MST60104	26.256261574074074	30
MST60104	26.263206018518517	30.5
MST60104	26.270150462962963	30.5
MST60104	26.27709490740741	31
MST60104	26.284039351851852	30.5
MST60104	26.290983796296295	30
MST60104	26.297928240740738	30.5
MST60104	26.304872685185185	30.5
MST60104	26.31181712962963	30
MST60104	26.318761574074074	31
MST60104	26.325706018518517	30
MST60104	26.332650462962963	30
MST60104	26.33959490740741	30
MST60104	26.346539351851852	29.5
MST60104	26.353483796296295	29.5
MST60104	26.360428240740738	29
MST60104	26.367372685185185	29.5
MST60104	26.37431712962963	29.5
MST60104	26.381261574074074	29
MST60104	26.388206018518517	29.5
MST60104	26.395150462962963	29.5
MST60104	26.40209490740741	29.5
MST60104	26.409039351851852	29.5
MST60104	26.415983796296295	30
MST60104	26.422928240740738	29.5
MST60104	26.429872685185185	30
MST60104	26.43681712962963	29.5
MST60104	26.443761574074074	30.5
MST60104	26.450706018518517	30
MST60104	26.457650462962963	30
MST60104	26.46459490740741	30
MST60104	26.471539351851852	30
MST60104	26.478483796296295	30.5
MST60104	26.485428240740738	30.5
MST60104	26.492372685185185	30.5
MST60104	26.49931712962963	30
MST60104	26.506261574074074	31
MST60104	26.513206018518517	30.5
MST60104	26.520150462962963	30
MST60104	26.52709490740741	30
MST60104	26.534039351851852	30.5
MST60104	26.540983796296295	30
MST60110	17.003483796296297	27
MST60110	17.01042824074074	30
MST60110	17.017372685185187	32
MST60110	17.02431712962963	32
MST60110	17.031261574074072	31.5
MST60110	17.03820601851852	30.5
MST60110	17.045150462962962	31
MST60110	17.052094907407408	33
MST60110	17.05903935185185	33.5
MST60110	17.065983796296297	32.5
MST60110	17.07292824074074	30.5
MST60110	17.079872685185187	31
MST60110	17.08681712962963	32
MST60110	17.093761574074072	32.5
MST60110	17.10070601851852	29.5
MST60110	17.107650462962962	32.5
MST60110	17.114594907407408	30
MST60110	17.12153935185185	31.5
MST60110	17.128483796296297	31
MST60110	17.13542824074074	31.5
MST60110	17.142372685185187	31.5
MST60110	17.14931712962963	32
MST60110	17.156261574074072	31.5
MST60110	17.16320601851852	30.5
MST60110	17.170150462962962	31.5
MST60110	17.177094907407408	32.5
MST60110	17.18403935185185	31
MST60110	17.190983796296297	33.5
MST60110	17.19792824074074	33
MST60110	17.204872685185187	32
MST60110	17.21181712962963	31
MST60110	17.218761574074072	32
MST60110	17.22570601851852	33.5
MST60110	17.232650462962962	33
MST60110	17.239594907407408	31.5
MST60110	17.24653935185185	32
MST60110	17.253483796296297	31.5
MST60110	17.26042824074074	31
MST60110	17.267372685185187	33.5
MST60110	17.27431712962963	31.5
MST60110	17.281261574074072	32.5
MST60110	17.28820601851852	33
MST60110	17.295150462962962	32
MST60110	17.302094907407408	33
MST60110	17.30903935185185	32
MST60110	17.315983796296297	32.5
MST60110	17.32292824074074	30.5
MST60110	17.329872685185187	30.5
MST60110	17.33681712962963	31.5
MST60110	17.343761574074072	30.5
MST60110	17.35070601851852	32
MST60110	17.357650462962962	34
MST60110	17.364594907407408	31.5
MST60110	17.37153935185185	31.5
MST60110	17.378483796296297	31.5
MST60110	17.38542824074074	32
MST60110	17.392372685185187	32.5
MST60110	17.39931712962963	32
MST60110	17.406261574074072	32
MST60110	17.41320601851852	32
MST60110	17.420150462962962	33
MST60110	17.427094907407408	32
MST60110	17.43403935185185	31.5
MST60110	17.440983796296297	32.5
MST60110	17.44792824074074	32.5
MST60110	17.454872685185187	32.5
MST60110	17.46181712962963	32.5
MST60110	17.468761574074072	33
MST60110	17.47570601851852	33.5
MST60110	17.482650462962962	33.5
MST60110	17.489594907407408	32.5
MST60110	17.49653935185185	33
MST60110	17.503483796296297	33
MST60110	17.51042824074074	33
MST60110	17.517372685185187	34.5
MST60110	17.52431712962963	34.5
MST60110	17.531261574074072	33.5
MST60110	17.53820601851852	33
MST60110	17.545150462962962	33
MST60110	17.552094907407408	32.5
MST60110	17.55903935185185	33.5
MST60110	17.565983796296297	33.5
MST60110	17.57292824074074	32.5
MST60110	17.579872685185187	33
MST60110	17.58681712962963	33.5
MST60110	17.593761574074072	33
MST60110	17.60070601851852	33
MST60110	17.607650462962962	32.5
MST60110	17.614594907407408	32.5
MST60110	17.62153935185185	31.5
MST60110	17.628483796296297	32
MST60110	17.63542824074074	32.5
MST60110	17.642372685185187	32
MST60110	17.64931712962963	32.5
MST60110	17.656261574074072	32.5
MST60110	17.66320601851852	32.5
MST60110	17.670150462962962	32.5
MST60110	17.677094907407408	32.5
MST60110	17.68403935185185	33
MST60110	17.690983796296297	33.5
MST60110	17.69792824074074	32.5
MST60110	17.704872685185187	32.5
MST60110	17.71181712962963	32.5
MST60110	17.718761574074072	32
MST60110	17.72570601851852	32.5
MST60110	17.732650462962962	32
MST60110	17.739594907407408	32
MST60110	17.74653935185185	31.5
MST60110	17.753483796296297	32
MST60110	17.76042824074074	32
MST60110	17.767372685185187	32
MST60110	17.77431712962963	32.5
MST60110	17.781261574074072	32.5
MST60110	17.78820601851852	32
MST60110	17.795150462962962	32
MST60110	17.802094907407408	32.5
MST60110	17.80903935185185	32.5
MST60110	17.815983796296297	32
MST60110	17.82292824074074	32
MST60110	17.829872685185187	32.5
MST60110	17.83681712962963	32
MST60110	17.843761574074072	32.5
MST60110	17.85070601851852	32.5
MST60110	17.857650462962962	33
MST60110	17.864594907407408	32.5
MST60110	17.87153935185185	32
MST60110	17.878483796296297	32.5
MST60110	17.88542824074074	32.5
MST60110	17.892372685185187	32
MST60110	17.89931712962963	32
MST60110	17.906261574074072	32
MST60110	17.91320601851852	31.5
MST60110	17.920150462962962	31.5
MST60110	17.927094907407408	33.5
MST60110	17.93403935185185	32.5
MST60110	17.940983796296297	32
MST60110	17.94792824074074	31.5
MST60110	17.954872685185187	31
MST60110	17.96181712962963	31
MST60110	17.968761574074072	30.5
MST60110	17.97570601851852	32
MST60110	17.982650462962962	31.5
MST60110	17.989594907407408	30.5
MST60110	17.99653935185185	31
MST60110	18.003483796296297	30.5
MST60110	18.01042824074074	31
MST60110	18.017372685185187	32
MST60110	18.02431712962963	32
MST60110	18.031261574074072	33
MST60110	18.03820601851852	33.5
MST60110	18.045150462962962	30.5
MST60110	18.052094907407408	32.5
MST60110	18.05903935185185	32
MST60110	18.065983796296297	30.5
MST60110	18.07292824074074	32
MST60110	18.079872685185187	33
MST60110	18.08681712962963	32
MST60110	18.093761574074072	32
MST60110	18.10070601851852	32
MST60110	18.107650462962962	31.5
MST60110	18.114594907407408	31.5
MST60110	18.12153935185185	30.5
MST60110	18.128483796296297	32
MST60110	18.13542824074074	31
MST60110	18.142372685185187	33
MST60110	18.14931712962963	32
MST60110	18.156261574074072	30.5
MST60110	18.16320601851852	34
MST60110	18.170150462962962	30
MST60110	18.177094907407408	31.5
MST60110	18.18403935185185	33.5
MST60110	18.190983796296297	33
MST60110	18.19792824074074	32
MST60110	18.204872685185187	31
MST60110	18.21181712962963	32
MST60110	18.218761574074072	33
MST60110	18.22570601851852	33.5
MST60110	18.232650462962962	31.5
MST60110	18.239594907407408	34
MST60110	18.24653935185185	31.5
MST60110	18.253483796296297	30
MST60110	18.26042824074074	31
MST60110	18.267372685185187	32
MST60110	18.27431712962963	32
MST60110	18.281261574074072	32
MST60110	18.28820601851852	32.5
MST60110	18.295150462962962	32
MST60110	18.302094907407408	32
MST60110	18.30903935185185	32
MST60110	18.315983796296297	32
MST60110	18.32292824074074	31
MST60110	18.329872685185187	31.5
MST60110	18.33681712962963	31.5
MST60110	18.343761574074072	31.5
MST60110	18.35070601851852	32
MST60110	18.357650462962962	31.5
MST60110	18.364594907407408	31.5
MST60110	18.37153935185185	31
MST60110	18.378483796296297	31
MST60110	18.38542824074074	31
MST60110	18.392372685185187	30.5
MST60110	18.39931712962963	31
MST60110	18.406261574074072	31
MST60110	18.41320601851852	31
MST60110	18.420150462962962	31
MST60110	18.427094907407408	31.5
MST60110	18.43403935185185	32
MST60110	18.440983796296297	32.5
MST60110	18.44792824074074	33
MST60110	18.454872685185187	32.5
MST60110	18.46181712962963	32.5
MST60110	18.468761574074072	32.5
MST60110	18.47570601851852	32.5
MST60110	18.482650462962962	32.5
MST60110	18.489594907407408	32
MST60110	18.49653935185185	32
MST60110	18.503483796296297	32
MST60110	18.51042824074074	33
MST60110	18.517372685185187	33
MST60110	18.52431712962963	33
MST60110	18.531261574074072	32.5
MST60110	18.53820601851852	32.5
MST60110	18.545150462962962	32
MST60110	18.552094907407408	31.5
MST60110	18.55903935185185	31.5
MST60110	18.565983796296297	31.5
MST60110	18.57292824074074	31
MST60110	18.579872685185187	31
MST60110	18.58681712962963	31.5
MST60110	18.593761574074072	31.5
MST60110	18.60070601851852	31.5
MST60110	18.607650462962962	31
MST60110	18.614594907407408	31
MST60110	18.62153935185185	31
MST60110	18.628483796296297	30.5
MST60110	18.63542824074074	30.5
MST60110	18.642372685185187	30
MST60110	18.64931712962963	29.5
MST60110	18.656261574074072	29.5
MST60110	18.66320601851852	30
MST60110	18.670150462962962	30.5
MST60110	18.677094907407408	32
MST60110	18.68403935185185	32.5
MST60110	18.690983796296297	32.5
MST60110	18.69792824074074	32
MST60110	18.704872685185187	32
MST60110	18.71181712962963	32
MST60110	18.718761574074072	32
MST60110	18.72570601851852	32.5
MST60110	18.732650462962962	32.5
MST60110	18.739594907407408	32.5
MST60110	18.74653935185185	32
MST60110	18.753483796296297	32
MST60110	18.76042824074074	32
MST60110	18.767372685185187	31.5
MST60110	18.77431712962963	31.5
MST60110	18.781261574074072	31.5
MST60110	18.78820601851852	31.5
MST60110	18.795150462962962	32
MST60110	18.802094907407408	32
MST60110	18.80903935185185	31.5
MST60110	18.815983796296297	31.5
MST60110	18.82292824074074	31
MST60110	18.829872685185187	30.5
MST60110	18.83681712962963	30.5
MST60110	18.843761574074072	31
MST60110	18.85070601851852	32.5
MST60110	18.857650462962962	32.5
MST60110	18.864594907407408	32.5
MST60110	18.87153935185185	32.5
MST60110	18.878483796296297	32
MST60110	18.88542824074074	31
MST60110	18.892372685185187	32
MST60110	18.89931712962963	32.5
MST60110	18.906261574074072	32
MST60110	18.91320601851852	31.5
MST60110	18.920150462962962	31.5
MST60110	18.927094907407408	31
MST60110	18.93403935185185	31
MST60110	18.940983796296297	30.5
MST60110	18.94792824074074	29.5
MST60110	18.954872685185187	29.5
MST60110	18.96181712962963	29
MST60110	18.968761574074072	29.5
MST60110	18.97570601851852	30
MST60110	18.982650462962962	31
MST60110	18.989594907407408	30.5
MST60110	18.99653935185185	30.5
MST60110	19.003483796296297	30.5
MST60110	19.01042824074074	31
MST60110	19.017372685185187	32.5
MST60110	19.02431712962963	33
MST60110	19.031261574074072	32
MST60110	19.03820601851852	32.5
MST60110	19.045150462962962	33
MST60110	19.052094907407408	32
MST60110	19.05903935185185	32
MST60110	19.065983796296297	33
MST60110	19.07292824074074	33.5
MST60110	19.079872685185187	32.5
MST60110	19.08681712962963	32
MST60110	19.093761574074072	32.5
MST60110	19.10070601851852	31.5
MST60110	19.107650462962962	31.5
MST60110	19.114594907407408	32
MST60110	19.12153935185185	32
MST60110	19.128483796296297	32.5
MST60110	19.13542824074074	32
MST60110	19.142372685185187	32
MST60110	19.14931712962963	33.5
MST60110	19.156261574074072	34
MST60110	19.16320601851852	31.5
MST60110	19.170150462962962	33
MST60110	19.177094907407408	31.5
MST60110	19.18403935185185	33
MST60110	19.190983796296297	33.5
MST60110	19.19792824074074	32
MST60110	19.204872685185187	31
MST60110	19.21181712962963	33.5
MST60110	19.218761574074072	34.5
MST60110	19.22570601851852	33
MST60110	19.232650462962962	34
MST60110	19.239594907407408	34.5
MST60110	19.24653935185185	33
MST60110	19.253483796296297	33.5
MST60110	19.26042824074074	32.5
MST60110	19.267372685185187	32
MST60110	19.27431712962963	32
MST60110	19.281261574074072	32
MST60110	19.28820601851852	34
MST60110	19.295150462962962	31.5
MST60110	19.302094907407408	31.5
MST60110	19.30903935185185	33.5
MST60110	19.315983796296297	32.5
MST60110	19.32292824074074	32.5
MST60110	19.329872685185187	34
MST60110	19.33681712962963	35
MST60110	19.343761574074072	34.5
MST60110	19.35070601851852	31.5
MST60110	19.357650462962962	32
MST60110	19.364594907407408	33
MST60110	19.37153935185185	32.5
MST60110	19.378483796296297	31.5
MST60110	19.38542824074074	31.5
MST60110	19.392372685185187	32
MST60110	19.39931712962963	32.5
MST60110	19.406261574074072	32.5
MST60110	19.41320601851852	33
MST60110	19.420150462962962	33
MST60110	19.427094907407408	33
MST60110	19.43403935185185	33.5
MST60110	19.440983796296297	33.5
MST60110	19.44792824074074	33.5
MST60110	19.454872685185187	33.5
MST60110	19.46181712962963	33.5
MST60110	19.468761574074072	34
MST60110	19.47570601851852	34
MST60110	19.482650462962962	34
MST60110	19.489594907407408	34
MST60110	19.49653935185185	34
MST60110	19.503483796296297	34
MST60110	19.51042824074074	34.5
MST60110	19.517372685185187	34.5
MST60110	19.52431712962963	34
MST60110	19.531261574074072	34
MST60110	19.53820601851852	34.5
MST60110	19.545150462962962	34
MST60110	19.552094907407408	34
MST60110	19.55903935185185	34
MST60110	19.565983796296297	33.5
MST60110	19.57292824074074	34
MST60110	19.579872685185187	33.5
MST60110	19.58681712962963	33.5
MST60110	19.593761574074072	34
MST60110	19.60070601851852	34
MST60110	19.607650462962962	33.5
MST60110	19.614594907407408	33.5
MST60110	19.62153935185185	33.5
MST60110	19.628483796296297	33.5
MST60110	19.63542824074074	33
MST60110	19.642372685185187	33
MST60110	19.64931712962963	33
MST60110	19.656261574074072	33.5
MST60110	19.66320601851852	33.5
MST60110	19.670150462962962	33.5
MST60110	19.677094907407408	33
MST60110	19.68403935185185	33
MST60110	19.690983796296297	33
MST60110	19.69792824074074	33.5
MST60110	19.704872685185187	33.5
MST60110	19.71181712962963	33.5
MST60110	19.718761574074072	33.5
MST60110	19.72570601851852	33.5
MST60110	19.732650462962962	33.5
MST60110	19.739594907407408	33.5
MST60110	19.74653935185185	33.5
MST60110	19.753483796296297	33.5
MST60110	19.76042824074074	33.5
MST60110	19.767372685185187	33.5
MST60110	19.77431712962963	33.5
MST60110	19.781261574074072	33
MST60110	19.78820601851852	33
MST60110	19.795150462962962	33.5
MST60110	19.802094907407408	33.5
MST60110	19.80903935185185	33.5
MST60110	19.815983796296297	33
MST60110	19.82292824074074	33.5
MST60110	19.829872685185187	33.5
MST60110	19.83681712962963	33
MST60110	19.843761574074072	33.5
MST60110	19.85070601851852	34
MST60110	19.857650462962962	33.5
MST60110	19.864594907407408	32
MST60110	19.87153935185185	32
MST60110	19.878483796296297	32
MST60110	19.88542824074074	32
MST60110	19.892372685185187	32
MST60110	19.89931712962963	32
MST60110	19.906261574074072	32
MST60110	19.91320601851852	32
MST60110	19.920150462962962	32
MST60110	19.927094907407408	32
MST60110	19.93403935185185	31.5
MST60110	19.940983796296297	32
MST60110	19.94792824074074	32
MST60110	19.954872685185187	31.5
MST60110	19.96181712962963	31.5
MST60110	19.968761574074072	31.5
MST60110	19.97570601851852	31
MST60110	19.982650462962962	31
MST60110	19.989594907407408	31
MST60110	19.99653935185185	31.5
MST60110	20.003483796296297	31
MST60110	20.01042824074074	32
MST60110	20.017372685185187	34
MST60110	20.02431712962963	32.5
MST60110	20.031261574074072	33.5
MST60110	20.03820601851852	33
MST60110	20.045150462962962	33.5
MST60110	20.052094907407408	31.5
MST60110	20.05903935185185	33.5
MST60110	20.065983796296297	33.5
MST60110	20.07292824074074	31.5
MST60110	20.079872685185187	33.5
MST60110	20.08681712962963	33
MST60110	20.093761574074072	32.5
MST60110	20.10070601851852	32
MST60110	20.107650462962962	31.5
MST60110	20.114594907407408	30.5
MST60110	20.12153935185185	32
MST60110	20.128483796296297	31
MST60110	20.13542824074074	32.5
MST60110	20.142372685185187	32.5
MST60110	20.14931712962963	34
MST60110	20.156261574074072	32
MST60110	20.16320601851852	30
MST60110	20.170150462962962	32.5
MST60110	20.177094907407408	32
MST60110	20.18403935185185	34
MST60110	20.190983796296297	32
MST60110	20.19792824074074	32
MST60110	20.204872685185187	33.5
MST60110	20.21181712962963	33.5
MST60110	20.218761574074072	33.5
MST60110	20.22570601851852	32
MST60110	20.232650462962962	33.5
MST60110	20.239594907407408	32.5
MST60110	20.24653935185185	31.5
MST60110	20.253483796296297	31.5
MST60110	20.26042824074074	32.5
MST60110	20.267372685185187	32
MST60110	20.27431712962963	32
MST60110	20.281261574074072	33.5
MST60110	20.28820601851852	32
MST60110	20.295150462962962	33.5
MST60110	20.302094907407408	31.5
MST60110	20.30903935185185	32.5
MST60110	20.315983796296297	30.5
MST60110	20.32292824074074	31
MST60110	20.329872685185187	32
MST60110	20.33681712962963	31.5
MST60110	20.343761574074072	31.5
MST60110	20.35070601851852	31.5
MST60110	20.357650462962962	31.5
MST60110	20.364594907407408	32
MST60110	20.37153935185185	33
MST60110	20.378483796296297	32.5
MST60110	20.38542824074074	33
MST60110	20.392372685185187	33
MST60110	20.39931712962963	33
MST60110	20.406261574074072	33
MST60110	20.41320601851852	33
MST60110	20.420150462962962	33.5
MST60110	20.427094907407408	34
MST60110	20.43403935185185	33.5
MST60110	20.440983796296297	34
MST60110	20.44792824074074	33
MST60110	20.454872685185187	31.5
MST60110	20.46181712962963	31.5
MST60110	20.468761574074072	31
MST60110	20.47570601851852	32
MST60110	20.482650462962962	32.5
MST60110	20.489594907407408	32.5
MST60110	20.49653935185185	32.5
MST60110	20.503483796296297	32
MST60110	20.51042824074074	33.5
MST60110	20.517372685185187	32.5
MST60110	20.52431712962963	33
MST60110	20.531261574074072	32.5
MST60110	20.53820601851852	33
MST60110	20.545150462962962	33
MST60110	20.552094907407408	33
MST60110	20.55903935185185	33
MST60110	20.565983796296297	32.5
MST60110	20.57292824074074	32.5
MST60110	20.579872685185187	32.5
MST60110	20.58681712962963	32.5
MST60110	20.593761574074072	32
MST60110	20.60070601851852	32
MST60110	20.607650462962962	31
MST60110	20.614594907407408	31
MST60110	20.62153935185185	31
MST60110	20.628483796296297	30.5
MST60110	20.63542824074074	30
MST60110	20.642372685185187	30.5
MST60110	20.64931712962963	31
MST60110	20.656261574074072	31.5
MST60110	20.66320601851852	31.5
MST60110	20.670150462962962	32
MST60110	20.677094907407408	32
MST60110	20.68403935185185	32
MST60110	20.690983796296297	31.5
MST60110	20.69792824074074	32
MST60110	20.704872685185187	32
MST60110	20.71181712962963	32.5
MST60110	20.718761574074072	33
MST60110	20.72570601851852	32.5
MST60110	20.732650462962962	32.5
MST60110	20.739594907407408	32.5
MST60110	20.74653935185185	32.5
MST60110	20.753483796296297	33
MST60110	20.76042824074074	32.5
MST60110	20.767372685185187	32.5
MST60110	20.77431712962963	32.5
MST60110	20.781261574074072	32.5
MST60110	20.78820601851852	33
MST60110	20.795150462962962	32.5
MST60110	20.802094907407408	32.5
MST60110	20.80903935185185	33
MST60110	20.815983796296297	32
MST60110	20.82292824074074	32.5
MST60110	20.829872685185187	32.5
MST60110	20.83681712962963	32.5
MST60110	20.843761574074072	33
MST60110	20.85070601851852	32.5
MST60110	20.857650462962962	33
MST60110	20.864594907407408	33
MST60110	20.87153935185185	32
MST60110	20.878483796296297	31.5
MST60110	20.88542824074074	31.5
MST60110	20.892372685185187	31
MST60110	20.89931712962963	30.5
MST60110	20.906261574074072	30.5
MST60110	20.91320601851852	30
MST60110	20.920150462962962	30
MST60110	20.927094907407408	30
MST60110	20.93403935185185	29.5
MST60110	20.940983796296297	29.5
MST60110	20.94792824074074	29
MST60110	20.954872685185187	29
MST60110	20.96181712962963	30
MST60110	20.968761574074072	30
MST60110	20.97570601851852	30
MST60110	20.982650462962962	30
MST60110	20.989594907407408	30.5
MST60110	20.99653935185185	29.5
MST60110	21.003483796296294	30
MST60110	21.01042824074074	31
MST60110	21.017372685185187	31.5
MST60110	21.02431712962963	32
MST60110	21.031261574074072	33
MST60110	21.03820601851852	33
MST60110	21.045150462962962	31.5
MST60110	21.052094907407408	34
MST60110	21.05903935185185	32.5
MST60110	21.065983796296294	32.5
MST60110	21.07292824074074	32
MST60110	21.079872685185187	33.5
MST60110	21.08681712962963	33.5
MST60110	21.093761574074072	32.5
MST60110	21.10070601851852	32.5
MST60110	21.107650462962962	32.5
MST60110	21.114594907407408	32.5
MST60110	21.12153935185185	32
MST60110	21.128483796296294	32
MST60110	21.13542824074074	32.5
MST60110	21.142372685185187	33
MST60110	21.14931712962963	32.5
MST60110	21.156261574074072	34
MST60110	21.16320601851852	32.5
MST60110	21.170150462962962	32
MST60110	21.177094907407408	31.5
MST60110	21.18403935185185	31.5
MST60110	21.190983796296294	31.5
MST60110	21.19792824074074	32.5
MST60110	21.204872685185187	32
MST60110	21.21181712962963	31
MST60110	21.218761574074072	32
MST60110	21.22570601851852	33
MST60110	21.232650462962962	33.5
MST60110	21.239594907407408	32
MST60110	21.24653935185185	32
MST60110	21.253483796296294	31
MST60110	21.26042824074074	31.5
MST60110	21.267372685185187	33
MST60110	21.27431712962963	32.5
MST60110	21.281261574074072	32.5
MST60110	21.28820601851852	33.5
MST60110	21.295150462962962	31.5
MST60110	21.302094907407408	32.5
MST60110	21.30903935185185	34
MST60110	21.315983796296294	33
MST60110	21.32292824074074	33.5
MST60110	21.329872685185187	32
MST60110	21.33681712962963	32
MST60110	21.343761574074072	32
MST60110	21.35070601851852	32.5
MST60110	21.357650462962962	32.5
MST60110	21.364594907407408	32
MST60110	21.37153935185185	32.5
MST60110	21.378483796296294	32.5
MST60110	21.38542824074074	32.5
MST60110	21.392372685185187	32
MST60110	21.39931712962963	33
MST60110	21.406261574074072	32.5
MST60110	21.41320601851852	32.5
MST60110	21.420150462962962	32
MST60110	21.427094907407408	31.5
MST60110	21.43403935185185	32
MST60110	21.440983796296294	31.5
MST60110	21.44792824074074	31
MST60110	21.454872685185187	31
MST60110	21.46181712962963	31
MST60110	21.468761574074072	31.5
MST60110	21.47570601851852	31
MST60110	21.482650462962962	31.5
MST60110	21.489594907407408	32.5
MST60110	21.49653935185185	32
MST60110	21.503483796296294	33.5
MST60110	21.51042824074074	34
MST60110	21.517372685185187	34
MST60110	21.52431712962963	34
MST60110	21.531261574074072	34
MST60110	21.53820601851852	34
MST60110	21.545150462962962	33.5
MST60110	21.552094907407408	33
MST60110	21.55903935185185	33
MST60110	21.565983796296294	33
MST60110	21.57292824074074	32.5
MST60110	21.579872685185187	32
MST60110	21.58681712962963	32
MST60110	21.593761574074072	33
MST60110	21.60070601851852	32.5
MST60110	21.607650462962962	33.5
MST60110	21.614594907407408	33
MST60110	21.62153935185185	33
MST60110	21.628483796296294	33
MST60110	21.63542824074074	33
MST60110	21.642372685185187	33
MST60110	21.64931712962963	33
MST60110	21.656261574074072	33.5
MST60110	21.66320601851852	33
MST60110	21.670150462962962	32
MST60110	21.677094907407408	33
MST60110	21.68403935185185	33.5
MST60110	21.690983796296294	33.5
MST60110	21.69792824074074	33
MST60110	21.704872685185187	33.5
MST60110	21.71181712962963	33.5
MST60110	21.718761574074072	33
MST60110	21.72570601851852	33
MST60110	21.732650462962962	33
MST60110	21.739594907407408	33
MST60110	21.74653935185185	33
MST60110	21.753483796296294	33
MST60110	21.76042824074074	32.5
MST60110	21.767372685185187	32.5
MST60110	21.77431712962963	33
MST60110	21.781261574074072	32.5
MST60110	21.78820601851852	32.5
MST60110	21.795150462962962	32.5
MST60110	21.802094907407408	32
MST60110	21.80903935185185	32
MST60110	21.815983796296294	32
MST60110	21.82292824074074	32.5
MST60110	21.829872685185187	32.5
MST60110	21.83681712962963	32.5
MST60110	21.843761574074072	32.5
MST60110	21.85070601851852	32.5
MST60110	21.857650462962962	32.5
MST60110	21.864594907407408	32.5
MST60110	21.87153935185185	32.5
MST60110	21.878483796296294	32
MST60110	21.88542824074074	32.5
MST60110	21.892372685185187	31.5
MST60110	21.89931712962963	31.5
MST60110	21.906261574074072	32
MST60110	21.91320601851852	30.5
MST60110	21.920150462962962	30
MST60110	21.927094907407408	31
MST60110	21.93403935185185	31
MST60110	21.940983796296294	30.5
MST60110	21.94792824074074	31
MST60110	21.954872685185187	30.5
MST60110	21.96181712962963	31
MST60110	21.968761574074072	33
MST60110	21.97570601851852	32.5
MST60110	21.982650462962962	33
MST60110	21.989594907407408	34
MST60110	21.99653935185185	33.5
MST60110	22.003483796296294	32.5
MST60110	22.01042824074074	32
MST60110	22.017372685185187	31.5
MST60110	22.02431712962963	33
MST60110	22.031261574074072	31.5
MST60110	22.03820601851852	31.5
MST60110	22.045150462962962	32.5
MST60110	22.052094907407408	31
MST60110	22.05903935185185	30.5
MST60110	22.065983796296294	32
MST60110	22.07292824074074	31.5
MST60110	22.079872685185187	31
MST60110	22.08681712962963	31
MST60110	22.093761574074072	30.5
MST60110	22.10070601851852	30
MST60110	22.107650462962962	30
MST60110	22.114594907407408	29.5
MST60110	22.12153935185185	29
MST60110	22.128483796296294	29
MST60110	22.13542824074074	29
MST60110	22.142372685185187	29.5
MST60110	22.14931712962963	29
MST60110	22.156261574074072	29
MST60110	22.16320601851852	29
MST60110	22.170150462962962	32.5
MST60110	22.177094907407408	32.5
MST60110	22.18403935185185	31.5
MST60110	22.190983796296294	32
MST60110	22.19792824074074	31.5
MST60110	22.204872685185187	32
MST60110	22.21181712962963	31
MST60110	22.218761574074072	31
MST60110	22.22570601851852	31
MST60110	22.232650462962962	31
MST60110	22.239594907407408	30.5
MST60110	22.24653935185185	33.5
MST60110	22.253483796296294	33.5
MST60110	22.26042824074074	32.5
MST60110	22.267372685185187	32.5
MST60110	22.27431712962963	32
MST60110	22.281261574074072	32
MST60110	22.28820601851852	32
MST60110	22.295150462962962	31.5
MST60110	22.302094907407408	31.5
MST60110	22.30903935185185	32
MST60110	22.315983796296294	32.5
MST60110	22.32292824074074	31
MST60110	22.329872685185187	32.5
MST60110	22.33681712962963	32
MST60110	22.343761574074072	32
MST60110	22.35070601851852	32
MST60110	22.357650462962962	31.5
MST60110	22.364594907407408	33
MST60110	22.37153935185185	31.5
MST60110	22.378483796296294	33
MST60110	22.38542824074074	31.5
MST60110	22.392372685185187	32.5
MST60110	22.39931712962963	30.5
MST60110	22.406261574074072	32
MST60110	22.41320601851852	32
MST60110	22.420150462962962	31.5
MST60110	22.427094907407408	31
MST60110	22.43403935185185	31.5
MST60110	22.440983796296294	31
MST60110	22.44792824074074	31
MST60110	22.454872685185187	31
MST60110	22.46181712962963	31.5
MST60110	22.468761574074072	30.5
MST60110	22.47570601851852	31.5
MST60110	22.482650462962962	31.5
MST60110	22.489594907407408	31.5
MST60110	22.49653935185185	31.5
MST60110	22.503483796296294	32
MST60110	22.51042824074074	34
MST60110	22.517372685185187	33.5
MST60110	22.52431712962963	33.5
MST60110	22.531261574074072	33.5
MST60110	22.53820601851852	33
MST60110	22.545150462962962	32.5
MST60110	22.552094907407408	33
MST60110	22.55903935185185	32.5
MST60110	22.565983796296294	32.5
MST60110	22.57292824074074	32.5
MST60110	22.579872685185187	32.5
MST60110	22.58681712962963	32.5
MST60110	22.593761574074072	32.5
MST60110	22.60070601851852	32.5
MST60110	22.607650462962962	32
MST60110	22.614594907407408	32
MST60110	22.62153935185185	32.5
MST60110	22.628483796296294	32.5
MST60110	22.63542824074074	32
MST60110	22.642372685185187	32
MST60110	22.64931712962963	32
MST60110	22.656261574074072	32
MST60110	22.66320601851852	31.5
MST60110	22.670150462962962	31.5
MST60110	22.677094907407408	31.5
MST60110	22.68403935185185	31.5
MST60110	22.690983796296294	31.5
MST60110	22.69792824074074	31.5
MST60110	22.704872685185187	32
MST60110	22.71181712962963	32
MST60110	22.718761574074072	32
MST60110	22.72570601851852	32
MST60110	22.732650462962962	32
MST60110	22.739594907407408	32
MST60110	22.74653935185185	32.5
MST60110	22.753483796296294	32
MST60110	22.76042824074074	32
MST60110	22.767372685185187	32.5
MST60110	22.77431712962963	32.5
MST60110	22.781261574074072	32.5
MST60110	22.78820601851852	32.5
MST60110	22.795150462962962	33
MST60110	22.802094907407408	33
MST60110	22.80903935185185	33
MST60110	22.815983796296294	33
MST60110	22.82292824074074	32.5
MST60110	22.829872685185187	33
MST60110	22.83681712962963	33
MST60110	22.843761574074072	33
MST60110	22.85070601851852	33
MST60110	22.857650462962962	33.5
MST60110	22.864594907407408	33
MST60110	22.87153935185185	33
MST60110	22.878483796296294	33
MST60110	22.88542824074074	32
MST60110	22.892372685185187	32.5
MST60110	22.89931712962963	32.5
MST60110	22.906261574074072	32.5
MST60110	22.91320601851852	32.5
MST60110	22.920150462962962	32.5
MST60110	22.927094907407408	32.5
MST60110	22.93403935185185	32.5
MST60110	22.940983796296294	32
MST60110	22.94792824074074	32
MST60110	22.954872685185187	32
MST60110	22.96181712962963	32
MST60110	22.968761574074072	32
MST60110	22.97570601851852	32
MST60110	22.982650462962962	32
MST60110	22.989594907407408	31.5
MST60110	22.99653935185185	31.5
MST60110	23.003483796296294	31
MST60110	23.01042824074074	31.5
MST60110	23.017372685185187	32
MST60110	23.02431712962963	31
MST60110	23.031261574074072	31.5
MST60110	23.03820601851852	32.5
MST60110	23.045150462962962	31.5
MST60110	23.052094907407408	32.5
MST60110	23.05903935185185	33
MST60110	23.065983796296294	30.5
MST60110	23.07292824074074	33
MST60110	23.079872685185187	32.5
MST60110	23.08681712962963	32.5
MST60110	23.093761574074072	31.5
MST60110	23.10070601851852	33
MST60110	23.107650462962962	31
MST60110	23.114594907407408	32.5
MST60110	23.12153935185185	32
MST60110	23.128483796296294	30.5
MST60110	23.13542824074074	29
MST60110	23.142372685185187	31
MST60110	23.14931712962963	31.5
MST60110	23.156261574074072	30.5
MST60110	23.16320601851852	31
MST60110	23.170150462962962	31.5
MST60110	23.177094907407408	33
MST60110	23.18403935185185	33
MST60110	23.190983796296294	33.5
MST60110	23.19792824074074	32.5
MST60110	23.204872685185187	34
MST60110	23.21181712962963	30
MST60110	23.218761574074072	31
MST60110	23.22570601851852	31.5
MST60110	23.232650462962962	31.5
MST60110	23.239594907407408	31.5
MST60110	23.24653935185185	32
MST60110	23.253483796296294	36
MST60110	23.26042824074074	31.5
MST60110	23.267372685185187	33
MST60110	23.27431712962963	31
MST60110	23.281261574074072	30
MST60110	23.28820601851852	33
MST60110	23.295150462962962	31.5
MST60110	23.302094907407408	33
MST60110	23.30903935185185	31.5
MST60110	23.315983796296294	30.5
MST60110	23.32292824074074	32.5
MST60110	23.329872685185187	30.5
MST60110	23.33681712962963	33.5
MST60110	23.343761574074072	33
MST60110	23.35070601851852	31
MST60110	23.357650462962962	31
MST60110	23.364594907407408	31
MST60110	23.37153935185185	31.5
MST60110	23.378483796296294	31
MST60110	23.38542824074074	30.5
MST60110	23.392372685185187	30.5
MST60110	23.39931712962963	31
MST60110	23.406261574074072	31.5
MST60110	23.41320601851852	32
MST60110	23.420150462962962	32
MST60110	23.427094907407408	32.5
MST60110	23.43403935185185	32.5
MST60110	23.440983796296294	32.5
MST60110	23.44792824074074	32.5
MST60110	23.454872685185187	32.5
MST60110	23.46181712962963	32.5
MST60110	23.468761574074072	33
MST60110	23.47570601851852	33
MST60110	23.482650462962962	33
MST60110	23.489594907407408	33.5
MST60110	23.49653935185185	34
MST60110	23.503483796296294	34.5
MST60110	23.51042824074074	34.5
MST60110	23.517372685185187	34.5
MST60110	23.52431712962963	34.5
MST60110	23.531261574074072	34.5
MST60110	23.53820601851852	34.5
MST60110	23.545150462962962	34.5
MST60110	23.552094907407408	34
MST60110	23.55903935185185	34.5
MST60110	23.565983796296294	34.5
MST60110	23.57292824074074	34.5
MST60110	23.579872685185187	34
MST60110	23.58681712962963	34
MST60110	23.593761574074072	34
MST60110	23.60070601851852	34
MST60110	23.607650462962962	33.5
MST60110	23.614594907407408	34
MST60110	23.62153935185185	34
MST60110	23.628483796296294	34
MST60110	23.63542824074074	34
MST60110	23.642372685185187	34
MST60110	23.64931712962963	34
MST60110	23.656261574074072	34
MST60110	23.66320601851852	33.5
MST60110	23.670150462962962	33.5
MST60110	23.677094907407408	33.5
MST60110	23.68403935185185	34
MST60110	23.690983796296294	34
MST60110	23.69792824074074	33.5
MST60110	23.704872685185187	34
MST60110	23.71181712962963	33.5
MST60110	23.718761574074072	34
MST60110	23.72570601851852	34
MST60110	23.732650462962962	34
MST60110	23.739594907407408	34
MST60110	23.74653935185185	34
MST60110	23.753483796296294	33.5
MST60110	23.76042824074074	34
MST60110	23.767372685185187	34
MST60110	23.77431712962963	34
MST60110	23.781261574074072	33.5
MST60110	23.78820601851852	33.5
MST60110	23.795150462962962	33
MST60110	23.802094907407408	33.5
MST60110	23.80903935185185	33.5
MST60110	23.815983796296294	33.5
MST60110	23.82292824074074	33.5
MST60110	23.829872685185187	33.5
MST60110	23.83681712962963	33
MST60110	23.843761574074072	33
MST60110	23.85070601851852	32.5
MST60110	23.857650462962962	32
MST60110	23.864594907407408	32
MST60110	23.87153935185185	32.5
MST60110	23.878483796296294	33
MST60110	23.88542824074074	33
MST60110	23.892372685185187	33
MST60110	23.89931712962963	33
MST60110	23.906261574074072	33
MST60110	23.91320601851852	32.5
MST60110	23.920150462962962	32
MST60110	23.927094907407408	32
MST60110	23.93403935185185	31.5
MST60110	23.940983796296294	31.5
MST60110	23.94792824074074	31
MST60110	23.954872685185187	31
MST60110	23.96181712962963	31
MST60110	23.968761574074072	30.5
MST60110	23.97570601851852	30.5
MST60110	23.982650462962962	30.5
MST60110	23.989594907407408	30.5
MST60110	23.99653935185185	30.5
MST60110	24.003483796296294	31
MST60110	24.01042824074074	31.5
MST60110	24.017372685185187	32
MST60110	24.02431712962963	32
MST60110	24.031261574074072	32.5
MST60110	24.03820601851852	31.5
MST60110	24.045150462962962	32.5
MST60110	24.052094907407408	34.5
MST60110	24.05903935185185	33.5
MST60110	24.065983796296294	33
MST60110	24.07292824074074	33
MST60110	24.079872685185187	32
MST60110	24.08681712962963	31
MST60110	24.093761574074072	32.5
MST60110	24.10070601851852	32.5
MST60110	24.107650462962962	31.5
MST60110	24.114594907407408	33
MST60110	24.12153935185185	29.5
MST60110	24.128483796296294	31.5
MST60110	24.13542824074074	32
MST60110	24.142372685185187	31.5
MST60110	24.14931712962963	31
MST60110	24.156261574074072	32.5
MST60110	24.16320601851852	33
MST60110	24.170150462962962	32
MST60110	24.177094907407408	33
MST60110	24.18403935185185	32
MST60110	24.190983796296294	34.5
MST60110	24.19792824074074	33
MST60110	24.204872685185187	32.5
MST60110	24.21181712962963	33.5
MST60110	24.218761574074072	32
MST60110	24.22570601851852	31.5
MST60110	24.232650462962962	31.5
MST60110	24.239594907407408	31
MST60110	24.24653935185185	32.5
MST60110	24.253483796296294	32.5
MST60110	24.26042824074074	32
MST60110	24.267372685185187	32
MST60110	24.27431712962963	31.5
MST60110	24.281261574074072	31.5
MST60110	24.28820601851852	30.5
MST60110	24.295150462962962	31.5
MST60110	24.302094907407408	31.5
MST60110	24.30903935185185	31.5
MST60110	24.315983796296294	31
MST60110	24.32292824074074	30.5
MST60110	24.329872685185187	30.5
MST60110	24.33681712962963	31
MST60110	24.343761574074072	31
MST60110	24.35070601851852	31
MST60110	24.357650462962962	31
MST60110	24.364594907407408	32
MST60110	24.37153935185185	32
MST60110	24.378483796296294	32.5
MST60110	24.38542824074074	32
MST60110	24.392372685185187	32
MST60110	24.39931712962963	32
MST60110	24.406261574074072	31.5
MST60110	24.41320601851852	32
MST60110	24.420150462962962	32.5
MST60110	24.427094907407408	32
MST60110	24.43403935185185	32.5
MST60110	24.440983796296294	32.5
MST60110	24.44792824074074	32.5
MST60110	24.454872685185187	32.5
MST60110	24.46181712962963	33
MST60110	24.468761574074072	33
MST60110	24.47570601851852	33
MST60110	24.482650462962962	33
MST60110	24.489594907407408	33.5
MST60110	24.49653935185185	33.5
MST60110	24.503483796296294	34
MST60110	24.51042824074074	34
MST60110	24.517372685185187	34
MST60110	24.52431712962963	33.5
MST60110	24.531261574074072	33.5
MST60110	24.53820601851852	33
MST60110	24.545150462962962	33
MST60110	24.552094907407408	33
MST60110	24.55903935185185	33
MST60110	24.565983796296294	33
MST60110	24.57292824074074	32.5
MST60110	24.579872685185187	32.5
MST60110	24.58681712962963	32.5
MST60110	24.593761574074072	32.5
MST60110	24.60070601851852	32.5
MST60110	24.607650462962962	32.5
MST60110	24.614594907407408	32
MST60110	24.62153935185185	32
MST60110	24.628483796296294	32
MST60110	24.63542824074074	31.5
MST60110	24.642372685185187	32
MST60110	24.64931712962963	31.5
MST60110	24.656261574074072	31.5
MST60110	24.66320601851852	31.5
MST60110	24.670150462962962	31.5
MST60110	24.677094907407408	31
MST60110	24.68403935185185	31.5
MST60110	24.690983796296294	32
MST60110	24.69792824074074	32
MST60110	24.704872685185187	32
MST60110	24.71181712962963	31.5
MST60110	24.718761574074072	31.5
MST60110	24.72570601851852	32
MST60110	24.732650462962962	32
MST60110	24.739594907407408	32.5
MST60110	24.74653935185185	33
MST60110	24.753483796296294	32.5
MST60110	24.76042824074074	32
MST60110	24.767372685185187	31.5
MST60110	24.77431712962963	31.5
MST60110	24.781261574074072	31
MST60110	24.78820601851852	31
MST60110	24.795150462962962	30.5
MST60110	24.802094907407408	30.5
MST60110	24.80903935185185	30.5
MST60110	24.815983796296294	30.5
MST60110	24.82292824074074	30.5
MST60110	24.829872685185187	30
MST60110	24.83681712962963	30.5
MST60110	24.843761574074072	33.5
MST60110	24.85070601851852	35.5
MST60110	24.857650462962962	34.5
MST60110	24.864594907407408	34
MST60110	24.87153935185185	33.5
MST60110	24.878483796296294	33
MST60110	24.88542824074074	33.5
MST60110	24.892372685185187	33.5
MST60110	24.89931712962963	33.5
MST60110	24.906261574074072	33.5
MST60110	24.91320601851852	33
MST60110	24.920150462962962	33.5
MST60110	24.927094907407408	33
MST60110	24.93403935185185	32.5
MST60110	24.940983796296294	32.5
MST60110	24.94792824074074	32.5
MST60110	24.954872685185187	31.5
MST60110	24.96181712962963	32.5
MST60110	24.968761574074072	32.5
MST60110	24.97570601851852	32
MST60110	24.982650462962962	32
MST60110	24.989594907407408	32
MST60110	24.99653935185185	32
MST60110	25.003483796296294	32
MST60110	25.01042824074074	32.5
MST60110	25.017372685185187	31.5
MST60110	25.02431712962963	32
MST60110	25.031261574074072	33
MST60110	25.03820601851852	33
MST60110	25.045150462962965	33
MST60110	25.052094907407408	31.5
MST60110	25.05903935185185	33
MST60110	25.065983796296294	34
MST60110	25.07292824074074	32.5
MST60110	25.079872685185187	31.5
MST60110	25.08681712962963	35
MST60110	25.093761574074072	33
MST60110	25.10070601851852	34
MST60110	25.107650462962965	32.5
MST60110	25.114594907407408	34
MST60110	25.12153935185185	33
MST60110	25.128483796296294	34.5
MST60110	25.13542824074074	33
MST60110	25.142372685185187	32.5
MST60110	25.14931712962963	32
MST60110	25.156261574074072	30.5
MST60110	25.16320601851852	34
MST60110	25.170150462962965	34.5
MST60110	25.177094907407408	32
MST60110	25.18403935185185	31.5
MST60110	25.190983796296294	33.5
MST60110	25.19792824074074	33
MST60110	25.204872685185187	30
MST60110	25.21181712962963	30.5
MST60110	25.218761574074072	31
MST60110	25.22570601851852	32
MST60110	25.232650462962965	30.5
MST60110	25.239594907407408	30.5
MST60110	25.24653935185185	32
MST60110	25.253483796296294	33
MST60110	25.26042824074074	33.5
MST60110	25.267372685185187	32
MST60110	25.27431712962963	33
MST60110	25.281261574074072	31.5
MST60110	25.28820601851852	33
MST60110	25.295150462962965	34
MST60110	25.302094907407408	31
MST60110	25.30903935185185	32
MST60110	25.315983796296294	31
MST60110	25.32292824074074	30
MST60110	25.329872685185187	29.5
MST60110	25.33681712962963	30.5
MST60110	25.343761574074072	31
MST60110	25.35070601851852	31
MST60110	25.357650462962965	31
MST60110	25.364594907407408	31
MST60110	25.37153935185185	30.5
MST60110	25.378483796296294	31
MST60110	25.38542824074074	31
MST60110	25.392372685185187	31.5
MST60110	25.39931712962963	32
MST60110	25.406261574074072	32
MST60110	25.41320601851852	32
MST60110	25.420150462962965	31.5
MST60110	25.427094907407408	31.5
MST60110	25.43403935185185	32
MST60110	25.440983796296294	31.5
MST60110	25.44792824074074	31.5
MST60110	25.454872685185187	32.5
MST60110	25.46181712962963	33
MST60110	25.468761574074072	33
MST60110	25.47570601851852	32.5
MST60110	25.482650462962965	32.5
MST60110	25.489594907407408	33
MST60110	25.49653935185185	33
MST60110	25.503483796296294	33
MST60110	25.51042824074074	33
MST60110	25.517372685185187	33
MST60110	25.52431712962963	32.5
MST60110	25.531261574074072	32.5
MST60110	25.53820601851852	32
MST60110	25.545150462962965	32.5
MST60110	25.552094907407408	32.5
MST60110	25.55903935185185	32.5
MST60110	25.565983796296294	32.5
MST60110	25.57292824074074	32.5
MST60110	25.579872685185187	32
MST60110	25.58681712962963	32
MST60110	25.593761574074072	32.5
MST60110	25.60070601851852	32
MST60110	25.607650462962965	32
MST60110	25.614594907407408	32
MST60110	25.62153935185185	32
MST60110	25.628483796296294	32
MST60110	25.63542824074074	32
MST60110	25.642372685185187	32.5
MST60110	25.64931712962963	32.5
MST60110	25.656261574074072	32.5
MST60110	25.66320601851852	32.5
MST60110	25.670150462962965	32.5
MST60110	25.677094907407408	32
MST60110	25.68403935185185	32
MST60110	25.690983796296294	31.5
MST60110	25.69792824074074	32
MST60110	25.704872685185187	32.5
MST60110	25.71181712962963	32
MST60110	25.718761574074072	32
MST60110	25.72570601851852	32.5
MST60110	25.732650462962965	32.5
MST60110	25.739594907407408	32.5
MST60110	25.74653935185185	32.5
MST60110	25.753483796296294	32.5
MST60110	25.76042824074074	32.5
MST60110	25.767372685185187	32.5
MST60110	25.77431712962963	32.5
MST60110	25.781261574074072	32.5
MST60110	25.78820601851852	32.5
MST60110	25.795150462962965	32.5
MST60110	25.802094907407408	32.5
MST60110	25.80903935185185	32
MST60110	25.815983796296294	32
MST60110	25.82292824074074	31.5
MST60110	25.829872685185187	32
MST60110	25.83681712962963	31.5
MST60110	25.843761574074072	31.5
MST60110	25.85070601851852	31
MST60110	25.857650462962965	30
MST60110	25.864594907407408	29.5
MST60110	25.87153935185185	29
MST60110	25.878483796296294	28.5
MST60110	25.88542824074074	28
MST60110	25.892372685185187	27.5
MST60110	25.89931712962963	27
MST60110	25.906261574074072	27
MST60110	25.91320601851852	27.5
MST60110	25.920150462962965	29
MST60110	25.927094907407408	29.5
MST60110	25.93403935185185	30
MST60110	25.940983796296294	29.5
MST60110	25.94792824074074	30.5
MST60110	25.954872685185187	31
MST60110	25.96181712962963	30
MST60110	25.968761574074072	29.5
MST60110	25.97570601851852	29.5
MST60110	25.982650462962965	30
MST60110	25.989594907407408	29.5
MST60110	25.99653935185185	30.5
MST60110	26.003483796296294	31
MST60110	26.01042824074074	31.5
MST60110	26.017372685185187	31
MST60110	26.02431712962963	30
MST60110	26.031261574074072	31.5
MST60110	26.03820601851852	34
MST60110	26.045150462962965	32.5
MST60110	26.052094907407408	33
MST60110	26.05903935185185	32.5
MST60110	26.065983796296294	33.5
MST60110	26.07292824074074	32
MST60110	26.079872685185187	30.5
MST60110	26.08681712962963	30.5
MST60110	26.093761574074072	33.5
MST60110	26.10070601851852	31
MST60110	26.107650462962965	32.5
MST60110	26.114594907407408	33.5
MST60110	26.12153935185185	30
MST60110	26.128483796296294	32
MST60110	26.13542824074074	32
MST60110	26.142372685185187	33
MST60110	26.14931712962963	30
MST60110	26.156261574074072	31
MST60110	26.16320601851852	33.5
MST60110	26.170150462962965	34.5
MST60110	26.177094907407408	30
MST60110	26.18403935185185	33
MST60110	26.190983796296294	32
MST60110	26.19792824074074	29
MST60110	26.204872685185187	30
MST60110	26.21181712962963	31
MST60110	26.218761574074072	32.5
MST60110	26.22570601851852	33
MST60110	26.232650462962965	32.5
MST60110	26.239594907407408	33.5
MST60110	26.24653935185185	32
MST60110	26.253483796296294	32
MST60110	26.26042824074074	30.5
MST60110	26.267372685185187	34.5
MST60110	26.27431712962963	32
MST60110	26.281261574074072	31.5
MST60110	26.28820601851852	31.5
MST60110	26.295150462962965	30.5
MST60110	26.302094907407408	30.5
MST60110	26.30903935185185	33.5
MST60110	26.315983796296294	33.5
MST60110	26.32292824074074	32
MST60110	26.329872685185187	30
MST60110	26.33681712962963	28.5
MST60110	26.343761574074072	30
MST60110	26.35070601851852	29.5
MST60110	26.357650462962965	29.5
MST60110	26.364594907407408	30
MST60110	26.37153935185185	30
MST60110	26.378483796296294	29.5
MST60110	26.38542824074074	29.5
MST60110	26.392372685185187	29.5
MST60110	26.39931712962963	29.5
MST60110	26.406261574074072	30
MST60110	26.41320601851852	30.5
MST60110	26.420150462962965	31.5
MST60110	26.427094907407408	31.5
MST60110	26.43403935185185	31.5
MST60110	26.440983796296294	31.5
MST60110	26.44792824074074	31
MST60110	26.454872685185187	31.5
MST60110	26.46181712962963	31
MST60110	26.468761574074072	32
MST60110	26.47570601851852	32
MST60110	26.482650462962965	32.5
MST60110	26.489594907407408	32
MST60110	26.49653935185185	29.5
MST60110	26.503483796296294	33.5
MST60110	26.51042824074074	34
MST60110	26.517372685185187	34.5
MST60110	26.52431712962963	34
MST60110	26.531261574074072	33
MST60110	26.53820601851852	33
MST60126	16.003483796296297	20
MST60126	16.011122685185185	20
MST60126	16.018761574074073	20.5
MST60126	16.026400462962965	21.5
MST60126	16.034039351851852	22.5
MST60126	16.04167824074074	23
MST60126	16.049317129629628	31.5
MST60126	16.05695601851852	32
MST60126	16.064594907407407	32.5
MST60126	16.072233796296295	36
MST60126	16.079872685185187	35.5
MST60126	16.087511574074075	35
MST60126	16.095150462962962	35
MST60126	16.10278935185185	34.5
MST60126	16.11042824074074	35
MST60126	16.11806712962963	35
MST60126	16.125706018518517	35
MST60126	16.13334490740741	34.5
MST60126	16.140983796296297	34
MST60126	16.148622685185185	33.5
MST60126	16.156261574074072	32.5
MST60126	16.163900462962964	32.5
MST60126	16.17153935185185	33.5
MST60126	16.17917824074074	34
MST60126	16.18681712962963	33.5
MST60126	16.19445601851852	33.5
MST60126	16.202094907407407	32.5
MST60126	16.209733796296295	31.5
MST60126	16.217372685185186	31.5
MST60126	16.225011574074074	31
MST60126	16.232650462962962	32
MST60126	16.240289351851853	33
MST60126	16.24792824074074	31.5
MST60126	16.25556712962963	35
MST60126	16.263206018518517	34
MST60126	16.270844907407408	32.5
MST60126	16.278483796296296	31
MST60126	16.286122685185184	33.5
MST60126	16.293761574074075	32.5
MST60126	16.301400462962963	33.5
MST60126	16.30903935185185	33.5
MST60126	16.316678240740742	34.5
MST60126	16.32431712962963	35.5
MST60126	16.331956018518518	35.5
MST60126	16.339594907407406	33
MST60126	16.347233796296297	31
MST60126	16.354872685185185	35
MST60126	16.362511574074073	32
MST60126	16.370150462962965	31.5
MST60126	16.377789351851852	31
MST60126	16.38542824074074	33.5
MST60126	16.393067129629628	36
MST60126	16.40070601851852	36
MST60126	16.408344907407407	36
MST60126	16.415983796296295	31.5
MST60126	16.423622685185187	31
MST60126	16.431261574074075	32
MST60126	16.438900462962962	32.5
MST60126	16.44653935185185	32.5
MST60126	16.45417824074074	33
MST60126	16.46181712962963	33
MST60126	16.469456018518517	32.5
MST60126	16.47709490740741	33
MST60126	16.484733796296297	32.5
MST60126	16.492372685185185	33.5
MST60126	16.500011574074072	33.5
MST60126	16.507650462962964	34
MST60126	16.51528935185185	33.5
MST60126	16.52292824074074	33.5
MST60126	16.53056712962963	33
MST60126	16.53820601851852	33
MST60126	16.545844907407407	33
MST60126	16.553483796296295	33
MST60126	16.561122685185186	33
MST60126	16.568761574074074	33
MST60126	16.576400462962962	33
MST60126	16.584039351851853	33
MST60126	16.59167824074074	33
MST60126	16.59931712962963	33
MST60126	16.606956018518517	33.5
MST60126	16.614594907407408	33.5
MST60126	16.622233796296296	33
MST60126	16.629872685185184	33.5
MST60126	16.637511574074075	33.5
MST60126	16.645150462962963	33
MST60126	16.65278935185185	33
MST60126	16.660428240740742	33
MST60126	16.66806712962963	33
MST60126	16.675706018518518	33
MST60126	16.683344907407406	33
MST60126	16.690983796296297	33
MST60126	16.698622685185185	33
MST60126	16.706261574074073	33
MST60126	16.713900462962965	33.5
MST60126	16.721539351851852	33
MST60126	16.72917824074074	33
MST60126	16.736817129629628	33
MST60126	16.74445601851852	33.5
MST60126	16.752094907407407	33
MST60126	16.759733796296295	33
MST60126	16.767372685185187	33.5
MST60126	16.775011574074075	33.5
MST60126	16.782650462962962	33
MST60126	16.79028935185185	33.5
MST60126	16.79792824074074	33
MST60126	16.80556712962963	33
MST60126	16.813206018518517	33.5
MST60126	16.82084490740741	33.5
MST60126	16.828483796296297	34
MST60126	16.836122685185185	33.5
MST60126	16.843761574074072	33
MST60126	16.851400462962964	33.5
MST60126	16.85903935185185	33
MST60126	16.86667824074074	33
MST60126	16.87431712962963	33
MST60126	16.88195601851852	33
MST60126	16.889594907407407	33
MST60126	16.897233796296295	33
MST60126	16.904872685185186	33
MST60126	16.912511574074074	33
MST60126	16.920150462962962	31
MST60126	16.927789351851853	32
MST60126	16.93542824074074	33.5
MST60126	16.94306712962963	33.5
MST60126	16.950706018518517	33.5
MST60126	16.958344907407408	33
MST60126	16.965983796296296	32.5
MST60126	16.973622685185184	32.5
MST60126	16.981261574074075	32.5
MST60126	16.988900462962963	32.5
MST60126	16.99653935185185	32.5
MST60126	17.004178240740742	32.5
MST60126	17.01181712962963	32.5
MST60126	17.019456018518518	32.5
MST60126	17.027094907407406	32
MST60126	17.034733796296297	32
MST60126	17.042372685185185	32
MST60126	17.050011574074073	32
MST60126	17.057650462962965	31
MST60126	17.065289351851852	32
MST60126	17.07292824074074	32.5
MST60126	17.080567129629628	32.5
MST60126	17.08820601851852	32.5
MST60126	17.095844907407407	32.5
MST60126	17.103483796296295	32
MST60126	17.111122685185187	32
MST60126	17.118761574074075	32
MST60126	17.126400462962962	32.5
MST60126	17.13403935185185	32.5
MST60126	17.14167824074074	32
MST60126	17.14931712962963	32.5
MST60126	17.156956018518517	32.5
MST60126	17.16459490740741	33
MST60126	17.172233796296297	33
MST60126	17.179872685185185	33.5
MST60126	17.187511574074072	31
MST60126	17.195150462962964	32
MST60126	17.20278935185185	33.5
MST60126	17.21042824074074	31.5
MST60126	17.21806712962963	35
MST60126	17.22570601851852	35.5
MST60126	17.233344907407407	35.5
MST60126	17.240983796296295	32.5
MST60126	17.248622685185186	34
MST60126	17.256261574074074	34
MST60126	17.263900462962962	36
MST60126	17.271539351851853	31.5
MST60126	17.27917824074074	31.5
MST60126	17.28681712962963	34.5
MST60126	17.294456018518517	36.5
MST60126	17.302094907407408	37
MST60126	17.309733796296296	35
MST60126	17.317372685185184	36
MST60126	17.325011574074075	34.5
MST60126	17.332650462962963	35
MST60126	17.34028935185185	31.5
MST60126	17.347928240740742	32
MST60126	17.35556712962963	31.5
MST60126	17.363206018518518	35
MST60126	17.370844907407406	35.5
MST60126	17.378483796296297	35.5
MST60126	17.386122685185185	33.5
MST60126	17.393761574074073	34
MST60126	17.401400462962965	32
MST60126	17.409039351851852	30.5
MST60126	17.41667824074074	31
MST60126	17.424317129629628	31
MST60126	17.43195601851852	33.5
MST60126	17.439594907407407	31
MST60126	17.447233796296295	33.5
MST60126	17.454872685185187	34
MST60126	17.462511574074075	33.5
MST60126	17.470150462962962	34.5
MST60126	17.47778935185185	35
MST60126	17.48542824074074	34.5
MST60126	17.49306712962963	34.5
MST60126	17.500706018518517	32
MST60126	17.50834490740741	33
MST60126	17.515983796296297	33
MST60126	17.523622685185185	32.5
MST60126	17.531261574074072	35
MST60126	17.538900462962964	33.5
MST60126	17.54653935185185	33
MST60126	17.55417824074074	33
MST60126	17.56181712962963	33
MST60126	17.56945601851852	33.5
MST60126	17.577094907407407	32.5
MST60126	17.584733796296298	33.5
MST60126	17.592372685185186	34
MST60126	17.600011574074074	34.5
MST60126	17.607650462962962	34
MST60126	17.615289351851853	33.5
MST60126	17.62292824074074	34
MST60126	17.63056712962963	33.5
MST60126	17.63820601851852	34
MST60126	17.645844907407408	34
MST60126	17.653483796296296	34
MST60126	17.661122685185184	34
MST60126	17.668761574074075	34.5
MST60126	17.676400462962963	34.5
MST60126	17.68403935185185	34
MST60126	17.691678240740742	34.5
MST60126	17.69931712962963	34
MST60126	17.706956018518518	32.5
MST60126	17.714594907407406	34
MST60126	17.722233796296297	34
MST60126	17.729872685185185	34
MST60126	17.737511574074073	33.5
MST60126	17.745150462962965	33.5
MST60126	17.752789351851852	33.5
MST60126	17.76042824074074	33.5
MST60126	17.768067129629628	33.5
MST60126	17.77570601851852	33
MST60126	17.783344907407407	33.5
MST60126	17.790983796296295	33.5
MST60126	17.798622685185187	34
MST60126	17.806261574074075	34
MST60126	17.813900462962962	34
MST60126	17.82153935185185	33.5
MST60126	17.82917824074074	34
MST60126	17.83681712962963	33.5
MST60126	17.844456018518517	34.5
MST60126	17.85209490740741	34
MST60126	17.859733796296297	34
MST60126	17.867372685185185	34
MST60126	17.875011574074072	34
MST60126	17.882650462962964	34
MST60126	17.89028935185185	34
MST60126	17.89792824074074	34
MST60126	17.90556712962963	34.5
MST60126	17.91320601851852	34.5
MST60126	17.920844907407407	35
MST60126	17.928483796296298	34.5
MST60126	17.936122685185186	34.5
MST60126	17.943761574074074	34.5
MST60126	17.951400462962962	35
MST60126	17.959039351851853	32.5
MST60126	17.96667824074074	33
MST60126	17.97431712962963	33.5
MST60126	17.98195601851852	34.5
MST60126	17.989594907407408	33
MST60126	17.997233796296296	33
MST60126	18.004872685185184	33
MST60126	18.012511574074075	31.5
MST60126	18.020150462962963	32
MST60126	18.02778935185185	32
MST60126	18.035428240740742	32
MST60126	18.04306712962963	31.5
MST60126	18.050706018518518	32
MST60126	18.058344907407406	31.5
MST60126	18.065983796296297	31.5
MST60126	18.073622685185185	31
MST60126	18.081261574074073	31
MST60126	18.088900462962965	29.5
MST60126	18.096539351851852	28.5
MST60126	18.10417824074074	27
MST60126	18.111817129629628	26
MST60126	18.11945601851852	26
MST60126	18.127094907407407	27.5
MST60126	18.134733796296295	29.5
MST60126	18.142372685185187	30
MST60126	18.150011574074075	31
MST60126	18.157650462962962	31
MST60126	18.165289351851854	32.5
MST60126	18.17292824074074	33
MST60126	18.18056712962963	31
MST60126	18.188206018518517	31
MST60126	18.19584490740741	32.5
MST60126	18.203483796296297	30.5
MST60126	18.211122685185185	33.5
MST60126	18.218761574074072	35
MST60126	18.226400462962964	35
MST60126	18.23403935185185	33
MST60126	18.24167824074074	33.5
MST60126	18.24931712962963	33.5
MST60126	18.25695601851852	32
MST60126	18.264594907407407	30.5
MST60126	18.272233796296298	34
MST60126	18.279872685185186	33.5
MST60126	18.287511574074074	33
MST60126	18.295150462962962	33
MST60126	18.302789351851853	34
MST60126	18.31042824074074	32.5
MST60126	18.31806712962963	34
MST60126	18.325706018518517	31
MST60126	18.333344907407408	30.5
MST60126	18.340983796296296	33
MST60126	18.348622685185184	34.5
MST60126	18.356261574074075	34.5
MST60126	18.363900462962963	35
MST60126	18.37153935185185	35
MST60126	18.379178240740742	31
MST60126	18.38681712962963	30.5
MST60126	18.394456018518518	31
MST60126	18.402094907407406	31
MST60126	18.409733796296297	32
MST60126	18.417372685185185	33
MST60126	18.425011574074073	33
MST60126	18.432650462962965	31.5
MST60126	18.440289351851852	31
MST60126	18.44792824074074	31.5
MST60126	18.455567129629628	31.5
MST60126	18.46320601851852	33
MST60126	18.470844907407407	32
MST60126	18.478483796296295	32
MST60126	18.486122685185187	32
MST60126	18.493761574074075	31.5
MST60126	18.501400462962962	33.5
MST60126	18.509039351851854	33
MST60126	18.51667824074074	33.5
MST60126	18.52431712962963	33.5
MST60126	18.531956018518517	33
MST60126	18.53959490740741	33
MST60126	18.547233796296297	32.5
MST60126	18.554872685185185	31.5
MST60126	18.562511574074072	32.5
MST60126	18.570150462962964	31
MST60126	18.57778935185185	31.5
MST60126	18.58542824074074	31
MST60126	18.59306712962963	31.5
MST60126	18.60070601851852	31
MST60126	18.608344907407407	31
MST60126	18.615983796296298	31
MST60126	18.623622685185186	34
MST60126	18.631261574074074	31.5
MST60126	18.638900462962962	31.5
MST60126	18.646539351851853	33
MST60126	18.65417824074074	33.5
MST60126	18.66181712962963	33
MST60126	18.669456018518517	33
MST60126	18.677094907407408	33.5
MST60126	18.684733796296296	33
MST60126	18.692372685185184	32.5
MST60126	18.700011574074075	32.5
MST60126	18.707650462962963	32.5
MST60126	18.71528935185185	33
MST60126	18.722928240740742	32.5
MST60126	18.73056712962963	32
MST60126	18.738206018518518	32
MST60126	18.745844907407406	32.5
MST60126	18.753483796296297	32.5
MST60126	18.761122685185185	32.5
MST60126	18.768761574074073	32.5
MST60126	18.776400462962965	32
MST60126	18.784039351851852	32.5
MST60126	18.79167824074074	32.5
MST60126	18.799317129629628	33
MST60126	18.80695601851852	33
MST60126	18.814594907407407	33
MST60126	18.822233796296295	32.5
MST60126	18.829872685185187	31.5
MST60126	18.837511574074075	33
MST60126	18.845150462962962	33
MST60126	18.85278935185185	32.5
MST60126	18.86042824074074	33
MST60126	18.86806712962963	33
MST60126	18.875706018518517	33
MST60126	18.883344907407405	33.5
MST60126	18.890983796296297	33
MST60126	18.898622685185185	33.5
MST60126	18.906261574074072	33
MST60126	18.913900462962964	33
MST60126	18.92153935185185	33
MST60126	18.92917824074074	32.5
MST60126	18.93681712962963	32.5
MST60126	18.94445601851852	32.5
MST60126	18.952094907407407	32.5
MST60126	18.959733796296295	33
MST60126	18.967372685185186	33
MST60126	18.975011574074074	32
MST60126	18.982650462962962	32
MST60126	18.990289351851853	31
MST60126	18.99792824074074	30.5
MST60126	19.00556712962963	30
MST60126	19.013206018518517	29
MST60126	19.020844907407408	28.5
MST60126	19.028483796296296	27.5
MST60126	19.036122685185184	27
MST60126	19.043761574074075	26.5
MST60126	19.051400462962963	25.5
MST60126	19.05903935185185	25.5
MST60126	19.066678240740742	25
MST60126	19.07431712962963	24.5
MST60126	19.081956018518518	24.5
MST60126	19.089594907407406	24.5
MST60126	19.097233796296297	24
MST60126	19.104872685185185	25.5
MST60126	19.112511574074073	25.5
MST60126	19.12015046296296	25.5
MST60126	19.127789351851852	27.5
MST60126	19.13542824074074	30.5
MST60126	19.143067129629628	32
MST60126	19.15070601851852	32.5
MST60126	19.158344907407407	32
MST60126	19.165983796296295	32.5
MST60126	19.173622685185187	31
MST60126	19.181261574074075	31
MST60126	19.188900462962962	30.5
MST60126	19.19653935185185	33
MST60126	19.20417824074074	32.5
MST60126	19.21181712962963	32
MST60126	19.219456018518517	31
MST60126	19.227094907407405	31
MST60126	19.234733796296297	34
MST60126	19.242372685185185	34.5
MST60126	19.250011574074072	33.5
MST60126	19.257650462962964	34.5
MST60126	19.26528935185185	35
MST60126	19.27292824074074	35.5
MST60126	19.28056712962963	36
MST60126	19.28820601851852	34.5
MST60126	19.295844907407407	33.5
MST60126	19.303483796296295	34
MST60126	19.311122685185186	34
MST60126	19.318761574074074	31.5
MST60126	19.326400462962962	31
MST60126	19.334039351851853	31
MST60126	19.34167824074074	31.5
MST60126	19.34931712962963	35.5
MST60126	19.356956018518517	33.5
MST60126	19.364594907407408	34.5
MST60126	19.372233796296296	31.5
MST60126	19.379872685185184	34
MST60126	19.387511574074075	33
MST60126	19.395150462962963	31
MST60126	19.40278935185185	32
MST60126	19.410428240740742	35.5
MST60126	19.41806712962963	35
MST60126	19.425706018518518	33
MST60126	19.433344907407406	34
MST60126	19.440983796296297	30.5
MST60126	19.448622685185185	31
MST60126	19.456261574074073	31
MST60126	19.46390046296296	31
MST60126	19.471539351851852	32
MST60126	19.47917824074074	32.5
MST60126	19.486817129629628	30.5
MST60126	19.49445601851852	32
MST60126	19.502094907407407	32.5
MST60126	19.509733796296295	32.5
MST60126	19.517372685185187	32
MST60126	19.525011574074075	32.5
MST60126	19.532650462962962	32.5
MST60126	19.54028935185185	32
MST60126	19.54792824074074	31.5
MST60126	19.55556712962963	31.5
MST60126	19.563206018518517	31
MST60126	19.570844907407405	31
MST60126	19.578483796296297	31
MST60126	19.586122685185185	31
MST60126	19.593761574074072	31
MST60126	19.601400462962964	31
MST60126	19.60903935185185	31
MST60126	19.61667824074074	31
MST60126	19.62431712962963	31
MST60126	19.63195601851852	31
MST60126	19.639594907407407	30.5
MST60126	19.647233796296295	30.5
MST60126	19.654872685185186	30.5
MST60126	19.662511574074074	30
MST60126	19.670150462962962	30
MST60126	19.677789351851853	30
MST60126	19.68542824074074	30.5
MST60126	19.69306712962963	30.5
MST60126	19.700706018518517	30.5
MST60126	19.708344907407408	30.5
MST60126	19.715983796296296	30
MST60126	19.723622685185184	29.5
MST60126	19.731261574074075	30
MST60126	19.738900462962963	30.5
MST60126	19.74653935185185	30.5
MST60126	19.754178240740742	30
MST60126	19.76181712962963	30.5
MST60126	19.769456018518518	32
MST60126	19.777094907407406	31.5
MST60126	19.784733796296297	33.5
MST60126	19.792372685185185	32
MST60126	19.800011574074073	32
MST60126	19.80765046296296	32
MST60126	19.815289351851852	32.5
MST60126	19.82292824074074	32
MST60126	19.830567129629628	32.5
MST60126	19.83820601851852	33
MST60126	19.845844907407407	33
MST60126	19.853483796296295	33
MST60126	19.861122685185187	32.5
MST60126	19.868761574074075	31.5
MST60126	19.876400462962962	32
MST60126	19.88403935185185	32.5
MST60126	19.89167824074074	32.5
MST60126	19.89931712962963	32.5
MST60126	19.906956018518517	32.5
MST60126	19.914594907407405	32.5
MST60126	19.922233796296297	32
MST60126	19.929872685185185	32
MST60126	19.937511574074072	32
MST60126	19.945150462962964	31
MST60126	19.95278935185185	31.5
MST60126	19.96042824074074	31
MST60126	19.96806712962963	31.5
MST60126	19.97570601851852	30.5
MST60126	19.983344907407407	31
MST60126	19.990983796296295	31
MST60126	19.998622685185186	30
MST60126	20.006261574074074	29
MST60126	20.013900462962962	27.5
MST60126	20.02153935185185	27
MST60126	20.02917824074074	26.5
MST60126	20.03681712962963	25.5
MST60126	20.044456018518517	25
MST60126	20.052094907407408	24.5
MST60126	20.059733796296296	24.5
MST60126	20.067372685185184	30.5
MST60126	20.075011574074075	31.5
MST60126	20.082650462962963	31.5
MST60126	20.09028935185185	31.5
MST60126	20.097928240740742	31.5
MST60126	20.10556712962963	32
MST60126	20.113206018518518	32.5
MST60126	20.120844907407406	32
MST60126	20.128483796296294	32
MST60126	20.136122685185185	32
MST60126	20.143761574074073	31.5
MST60126	20.15140046296296	31
MST60126	20.159039351851852	31.5
MST60126	20.16667824074074	31.5
MST60126	20.174317129629628	32
MST60126	20.18195601851852	31
MST60126	20.189594907407407	31
MST60126	20.197233796296295	31.5
MST60126	20.204872685185187	33
MST60126	20.212511574074075	33
MST60126	20.220150462962962	33
MST60126	20.227789351851854	33
MST60126	20.23542824074074	33.5
MST60126	20.24306712962963	33
MST60126	20.250706018518517	32.5
MST60126	20.258344907407405	34
MST60126	20.265983796296297	35.5
MST60126	20.273622685185185	34
MST60126	20.281261574074072	35
MST60126	20.288900462962964	34
MST60126	20.29653935185185	35
MST60126	20.30417824074074	34.5
MST60126	20.31181712962963	35
MST60126	20.31945601851852	31
MST60126	20.327094907407407	32.5
MST60126	20.334733796296298	36
MST60126	20.342372685185186	36
MST60126	20.350011574074074	36
MST60126	20.357650462962962	36
MST60126	20.36528935185185	36
MST60126	20.37292824074074	34
MST60126	20.38056712962963	31.5
MST60126	20.388206018518517	32
MST60126	20.395844907407408	31.5
MST60126	20.403483796296296	32
MST60126	20.411122685185184	33.5
MST60126	20.418761574074075	33.5
MST60126	20.426400462962963	34.5
MST60126	20.43403935185185	34.5
MST60126	20.441678240740742	34.5
MST60126	20.44931712962963	34.5
MST60126	20.456956018518518	34.5
MST60126	20.464594907407406	35
MST60126	20.472233796296294	34.5
MST60126	20.479872685185185	34.5
MST60126	20.487511574074073	34.5
MST60126	20.49515046296296	34
MST60126	20.502789351851852	34
MST60126	20.51042824074074	34
MST60126	20.518067129629628	34
MST60126	20.52570601851852	34
MST60126	20.533344907407407	34
MST60126	20.540983796296295	33.5
MST60126	20.548622685185187	34
MST60126	20.556261574074075	34
MST60126	20.563900462962962	34
MST60126	20.571539351851854	33.5
MST60126	20.57917824074074	34
MST60126	20.58681712962963	34
MST60126	20.594456018518517	34
MST60126	20.602094907407405	34
MST60126	20.609733796296297	34
MST60126	20.617372685185185	34.5
MST60126	20.625011574074072	34.5
MST60126	20.632650462962964	34
MST60126	20.64028935185185	34.5
MST60126	20.64792824074074	34.5
MST60126	20.65556712962963	34
MST60126	20.66320601851852	34
MST60126	20.670844907407407	34
MST60126	20.678483796296298	34
MST60126	20.686122685185186	34
MST60126	20.693761574074074	34
MST60126	20.701400462962962	33.5
MST60126	20.70903935185185	33
MST60126	20.71667824074074	33.5
MST60126	20.72431712962963	34
MST60126	20.731956018518517	33.5
MST60126	20.739594907407408	33.5
MST60126	20.747233796296296	33
MST60126	20.754872685185184	33
MST60126	20.762511574074075	32.5
MST60126	20.770150462962963	33
MST60126	20.77778935185185	33
MST60126	20.785428240740742	33
MST60126	20.79306712962963	33
MST60126	20.800706018518518	32.5
MST60126	20.808344907407406	32.5
MST60126	20.815983796296294	32
MST60126	20.823622685185185	32.5
MST60126	20.831261574074073	32.5
MST60126	20.83890046296296	32.5
MST60126	20.846539351851852	31.5
MST60126	20.85417824074074	31.5
MST60126	20.861817129629628	31.5
MST60126	20.86945601851852	31.5
MST60126	20.877094907407407	31
MST60126	20.884733796296295	29.5
MST60126	20.892372685185187	29
MST60126	20.900011574074075	28.5
MST60126	20.907650462962962	28.5
MST60126	20.915289351851854	30
MST60126	20.92292824074074	31.5
MST60126	20.93056712962963	32.5
MST60126	20.938206018518517	32.5
MST60126	20.945844907407405	32.5
MST60126	20.953483796296297	32.5
MST60126	20.961122685185185	33
MST60126	20.968761574074072	32.5
MST60126	20.976400462962964	32.5
MST60126	20.98403935185185	32
MST60126	20.99167824074074	31.5
MST60126	20.99931712962963	31
MST60126	21.00695601851852	31.5
MST60126	21.014594907407407	31.5
MST60126	21.022233796296298	30.5
MST60126	21.029872685185186	30
MST60126	21.037511574074074	30
MST60126	21.045150462962962	29
MST60126	21.05278935185185	28.5
MST60126	21.06042824074074	28
MST60126	21.06806712962963	27.5
MST60126	21.075706018518517	27.5
MST60126	21.083344907407408	27
MST60126	21.090983796296296	27
MST60126	21.098622685185184	27
MST60126	21.106261574074075	27.5
MST60126	21.113900462962963	27
MST60126	21.12153935185185	27.5
MST60126	21.129178240740742	27
MST60126	21.13681712962963	29.5
MST60126	21.144456018518518	31.5
MST60126	21.152094907407406	32.5
MST60126	21.159733796296294	33
MST60126	21.167372685185185	32.5
MST60126	21.175011574074073	31
MST60126	21.18265046296296	31.5
MST60126	21.190289351851852	33
MST60126	21.19792824074074	35
MST60126	21.205567129629628	33.5
MST60126	21.21320601851852	32.5
MST60126	21.220844907407407	31.5
MST60126	21.228483796296295	31.5
MST60126	21.236122685185187	31.5
MST60126	21.243761574074075	31.5
MST60126	21.251400462962962	31.5
MST60126	21.259039351851854	32
MST60126	21.26667824074074	31.5
MST60126	21.27431712962963	32.5
MST60126	21.281956018518517	31
MST60126	21.289594907407405	31.5
MST60126	21.297233796296297	31.5
MST60126	21.304872685185185	31.5
MST60126	21.312511574074072	31.5
MST60126	21.320150462962964	31.5
MST60126	21.32778935185185	33.5
MST60126	21.33542824074074	35.5
MST60126	21.34306712962963	34.5
MST60126	21.35070601851852	34.5
MST60126	21.358344907407407	34.5
MST60126	21.365983796296298	32.5
MST60126	21.373622685185186	34
MST60126	21.381261574074074	34
MST60126	21.388900462962962	32
MST60126	21.39653935185185	35
MST60126	21.40417824074074	36.5
MST60126	21.41181712962963	36.5
MST60126	21.419456018518517	36.5
MST60126	21.427094907407408	36.5
MST60126	21.434733796296296	36
MST60126	21.442372685185184	37
MST60126	21.450011574074075	36.5
MST60126	21.457650462962963	36
MST60126	21.46528935185185	32
MST60126	21.472928240740742	31.5
MST60126	21.48056712962963	32
MST60126	21.488206018518518	34.5
MST60126	21.495844907407406	35
MST60126	21.503483796296294	34.5
MST60126	21.511122685185185	33
MST60126	21.518761574074073	34
MST60126	21.52640046296296	34.5
MST60126	21.534039351851852	34.5
MST60126	21.54167824074074	32.5
MST60126	21.549317129629628	32
MST60126	21.55695601851852	33.5
MST60126	21.564594907407407	34
MST60126	21.572233796296295	34
MST60126	21.579872685185187	34
MST60126	21.587511574074075	34
MST60126	21.595150462962962	33.5
MST60126	21.602789351851854	34
MST60126	21.61042824074074	34
MST60126	21.61806712962963	33.5
MST60126	21.625706018518517	33.5
MST60126	21.633344907407405	33
MST60126	21.640983796296297	33.5
MST60126	21.648622685185185	33.5
MST60126	21.656261574074072	33.5
MST60126	21.663900462962964	34
MST60126	21.67153935185185	34
MST60126	21.67917824074074	33.5
MST60126	21.68681712962963	34.5
MST60126	21.69445601851852	35
MST60126	21.702094907407407	35
MST60126	21.709733796296298	35
MST60126	21.717372685185186	34.5
MST60126	21.725011574074074	34.5
MST60126	21.732650462962962	34.5
MST60126	21.74028935185185	34.5
MST60126	21.74792824074074	34
MST60126	21.75556712962963	33.5
MST60126	21.763206018518517	33
MST60126	21.770844907407408	32.5
MST60126	21.778483796296296	32
MST60126	21.786122685185184	32
MST60126	21.793761574074075	32
MST60126	21.801400462962963	32
MST60126	21.80903935185185	32
MST60126	21.816678240740742	32
MST60126	21.82431712962963	32.5
MST60126	21.831956018518518	32.5
MST60126	21.839594907407406	32
MST60126	21.847233796296294	32
MST60126	21.854872685185185	32.5
MST60126	21.862511574074073	32
MST60126	21.87015046296296	32
MST60126	21.877789351851852	32
MST60126	21.88542824074074	31.5
MST60126	21.893067129629628	32
MST60126	21.90070601851852	31.5
MST60126	21.908344907407407	31.5
MST60126	21.915983796296295	31.5
MST60126	21.923622685185187	31
MST60126	21.931261574074075	31
MST60126	21.938900462962962	31.5
MST60126	21.946539351851854	31
MST60126	21.95417824074074	31.5
MST60126	21.96181712962963	32
MST60126	21.969456018518517	32
MST60126	21.977094907407405	32
MST60126	21.984733796296297	32
MST60126	21.992372685185185	32
MST60126	22.000011574074072	32
MST60126	22.007650462962964	32
MST60126	22.01528935185185	32
MST60126	22.02292824074074	32
MST60126	22.03056712962963	32
MST60126	22.03820601851852	32
MST60126	22.045844907407407	32
MST60126	22.053483796296298	32
MST60126	22.061122685185186	31.5
MST60126	22.068761574074074	31
MST60126	22.076400462962962	30.5
MST60126	22.08403935185185	30
MST60126	22.09167824074074	29.5
MST60126	22.09931712962963	31
MST60126	22.106956018518517	31
MST60126	22.114594907407408	31
MST60126	22.122233796296296	30
MST60126	22.129872685185184	30
MST60126	22.137511574074075	29.5
MST60126	22.145150462962963	29
MST60126	22.15278935185185	29.5
MST60126	22.160428240740742	29
MST60126	22.16806712962963	28
MST60126	22.175706018518518	30.5
MST60126	22.183344907407406	31.5
MST60126	22.190983796296294	32
MST60126	22.198622685185185	32.5
MST60126	22.206261574074073	31.5
MST60126	22.21390046296296	31.5
MST60126	22.221539351851852	31.5
MST60126	22.22917824074074	31.5
MST60126	22.236817129629628	31.5
MST60126	22.24445601851852	31
MST60126	22.252094907407407	30.5
MST60126	22.259733796296295	30
MST60126	22.267372685185187	30.5
MST60126	22.275011574074075	30.5
MST60126	22.282650462962962	30.5
MST60126	22.290289351851854	31.5
MST60126	22.29792824074074	31.5
MST60126	22.30556712962963	31.5
MST60126	22.313206018518517	31
MST60126	22.320844907407405	35
MST60126	22.328483796296297	33
MST60126	22.336122685185185	32
MST60126	22.343761574074072	32.5
MST60126	22.351400462962964	31.5
MST60126	22.35903935185185	31
MST60126	22.36667824074074	35
MST60126	22.37431712962963	34.5
MST60126	22.38195601851852	33.5
MST60126	22.389594907407407	34.5
MST60126	22.397233796296298	34
MST60126	22.404872685185186	34.5
MST60126	22.412511574074074	32
MST60126	22.420150462962962	34.5
MST60126	22.42778935185185	31
MST60126	22.43542824074074	31
MST60126	22.44306712962963	30.5
MST60126	22.450706018518517	33.5
MST60126	22.458344907407408	34
MST60126	22.465983796296296	34
MST60126	22.473622685185184	31.5
MST60126	22.481261574074075	34
MST60126	22.488900462962963	34.5
MST60126	22.49653935185185	35
MST60126	22.504178240740742	34.5
MST60126	22.51181712962963	32.5
MST60126	22.519456018518518	31.5
MST60126	22.527094907407406	31.5
MST60126	22.534733796296294	32
MST60126	22.542372685185185	31.5
MST60126	22.550011574074073	32
MST60126	22.55765046296296	32
MST60126	22.565289351851852	32.5
MST60126	22.57292824074074	32.5
MST60126	22.580567129629628	33
MST60126	22.58820601851852	33
MST60126	22.595844907407407	33
MST60126	22.603483796296295	32.5
MST60126	22.611122685185187	33.5
MST60126	22.618761574074075	33.5
MST60126	22.626400462962962	33.5
MST60126	22.634039351851854	33.5
MST60126	22.64167824074074	33.5
MST60126	22.64931712962963	33.5
MST60126	22.656956018518517	33
MST60126	22.664594907407405	33
MST60126	22.672233796296297	33
MST60126	22.679872685185185	32.5
MST60126	22.687511574074072	32.5
MST60126	22.695150462962964	33
MST60126	22.70278935185185	33
MST60126	22.71042824074074	32.5
MST60126	22.71806712962963	32.5
MST60126	22.72570601851852	33
MST60126	22.733344907407407	33
MST60126	22.740983796296298	33
MST60126	22.748622685185186	32.5
MST60126	22.756261574074074	33
MST60126	22.763900462962962	33
MST60126	22.77153935185185	33.5
MST60126	22.77917824074074	33
MST60126	22.78681712962963	32.5
MST60126	22.794456018518517	32.5
MST60126	22.802094907407408	32.5
MST60126	22.809733796296296	32.5
MST60126	22.817372685185184	33
MST60126	22.825011574074075	32.5
MST60126	22.832650462962963	32.5
MST60126	22.84028935185185	32.5
MST60126	22.847928240740742	32.5
MST60126	22.85556712962963	32
MST60126	22.863206018518518	32.5
MST60126	22.870844907407406	32.5
MST60126	22.878483796296294	32.5
MST60126	22.886122685185185	32.5
MST60126	22.893761574074073	32.5
MST60126	22.90140046296296	32
MST60126	22.909039351851852	32
MST60126	22.91667824074074	31.5
MST60126	22.924317129629628	30
MST60126	22.93195601851852	29.5
MST60126	22.939594907407407	28.5
MST60126	22.947233796296295	28
MST60126	22.954872685185187	27
MST60126	22.962511574074075	26
MST60126	22.970150462962962	25.5
MST60126	22.977789351851854	25.5
MST60126	22.98542824074074	25
MST60126	22.99306712962963	25
MST60126	23.000706018518517	24.5
MST60126	23.008344907407405	24.5
MST60126	23.015983796296297	24.5
MST60126	23.023622685185185	24
MST60126	23.031261574074072	24
MST60126	23.038900462962964	24
MST60126	23.04653935185185	24.5
MST60126	23.05417824074074	24.5
MST60126	23.06181712962963	24.5
MST60126	23.06945601851852	24.5
MST60126	23.077094907407407	24.5
MST60126	23.084733796296298	29.5
MST60126	23.092372685185186	31.5
MST60126	23.100011574074074	32.5
MST60126	23.107650462962962	33
MST60126	23.11528935185185	32.5
MST60126	23.12292824074074	32.5
MST60126	23.13056712962963	32.5
MST60126	23.138206018518517	32
MST60126	23.145844907407408	32.5
MST60126	23.153483796296296	32.5
MST60126	23.161122685185184	32
MST60126	23.168761574074075	31.5
MST60126	23.176400462962963	31.5
MST60126	23.18403935185185	31
MST60126	23.191678240740742	31
MST60126	23.19931712962963	31
MST60126	23.206956018518518	30.5
MST60126	23.214594907407406	31
MST60126	23.222233796296294	31
MST60126	23.229872685185185	31.5
MST60126	23.237511574074073	32
MST60126	23.24515046296296	32
MST60126	23.252789351851852	32
MST60126	23.26042824074074	31.5
MST60126	23.268067129629628	31.5
MST60126	23.27570601851852	35
MST60126	23.283344907407407	33.5
MST60126	23.290983796296295	31.5
MST60126	23.298622685185187	31
MST60126	23.306261574074075	32
MST60126	23.313900462962962	32.5
MST60126	23.321539351851854	34.5
MST60126	23.32917824074074	34.5
MST60126	23.33681712962963	34.5
MST60126	23.344456018518517	34
MST60126	23.352094907407405	33
MST60126	23.359733796296297	33
MST60126	23.367372685185185	33
MST60126	23.375011574074072	31
MST60126	23.382650462962964	31.5
MST60126	23.39028935185185	33
MST60126	23.39792824074074	32.5
MST60126	23.40556712962963	33.5
MST60126	23.41320601851852	35
MST60126	23.420844907407407	34
MST60126	23.428483796296298	34
MST60126	23.436122685185186	34.5
MST60126	23.443761574074074	30.5
MST60126	23.451400462962962	31.5
MST60126	23.45903935185185	32.5
MST60126	23.46667824074074	34
MST60126	23.47431712962963	33.5
MST60126	23.481956018518517	34
MST60126	23.489594907407408	32.5
MST60126	23.497233796296296	33.5
MST60126	23.504872685185184	33.5
MST60126	23.512511574074075	33.5
MST60126	23.520150462962963	33.5
MST60126	23.52778935185185	33.5
MST60126	23.535428240740742	33
MST60126	23.54306712962963	32.5
MST60126	23.550706018518518	32.5
MST60126	23.558344907407406	32.5
MST60126	23.565983796296294	32.5
MST60126	23.573622685185185	33
MST60126	23.581261574074073	32
MST60126	23.58890046296296	31.5
MST60126	23.596539351851852	31
MST60126	23.60417824074074	30
MST60126	23.611817129629628	30.5
MST60126	23.61945601851852	30.5
MST60126	23.627094907407407	33
MST60126	23.634733796296295	33.5
MST60126	23.642372685185187	33.5
MST60126	23.650011574074075	34.5
MST60126	23.657650462962962	33.5
MST60126	23.665289351851854	32.5
MST60126	23.67292824074074	33
MST60126	23.68056712962963	31
MST60126	23.688206018518517	32.5
MST60126	23.695844907407405	33
MST60126	23.703483796296297	33.5
MST60126	23.711122685185185	34
MST60126	23.718761574074072	33
MST60126	23.726400462962964	33.5
MST60126	23.73403935185185	34
MST60126	23.74167824074074	33
MST60126	23.74931712962963	31.5
MST60126	23.75695601851852	31.5
MST60126	23.764594907407407	31.5
MST60126	23.772233796296298	30.5
MST60126	23.779872685185186	31
MST60126	23.787511574074074	30.5
MST60126	23.795150462962962	32
MST60126	23.80278935185185	32.5
MST60126	23.81042824074074	32
MST60126	23.81806712962963	31.5
MST60126	23.825706018518517	33
MST60126	23.833344907407408	33
MST60126	23.840983796296296	32.5
MST60126	23.848622685185184	33
MST60126	23.856261574074075	32.5
MST60126	23.863900462962963	33
MST60126	23.87153935185185	32.5
MST60126	23.879178240740742	32.5
MST60126	23.88681712962963	32.5
MST60126	23.894456018518518	32
MST60126	23.902094907407406	32
MST60126	23.909733796296294	32
MST60126	23.917372685185185	31.5
MST60126	23.925011574074073	32.5
MST60126	23.93265046296296	32.5
MST60126	23.940289351851852	32.5
MST60126	23.94792824074074	32.5
MST60126	23.955567129629628	32.5
MST60126	23.96320601851852	32.5
MST60126	23.970844907407407	32.5
MST60126	23.978483796296295	32.5
MST60126	23.986122685185187	33
MST60126	23.993761574074075	32.5
MST60126	24.001400462962962	32.5
MST60126	24.009039351851854	32
MST60126	24.016678240740738	30.5
MST60126	24.02431712962963	28.5
MST60126	24.031956018518517	27.5
MST60126	24.039594907407405	27
MST60126	24.047233796296297	27
MST60126	24.054872685185185	26.5
MST60126	24.062511574074072	27
MST60126	24.070150462962964	33.5
MST60126	24.07778935185185	32.5
MST60126	24.08542824074074	31
MST60126	24.09306712962963	32
MST60126	24.10070601851852	32
MST60126	24.108344907407407	32
MST60126	24.115983796296298	31.5
MST60126	24.123622685185182	31.5
MST60126	24.131261574074074	32
MST60126	24.138900462962965	32
MST60126	24.14653935185185	32
MST60126	24.15417824074074	32.5
MST60126	24.16181712962963	32.5
MST60126	24.169456018518517	32
MST60126	24.177094907407408	32
MST60126	24.184733796296296	31
MST60126	24.192372685185184	32
MST60126	24.200011574074075	32.5
MST60126	24.207650462962963	31
MST60126	24.21528935185185	33
MST60126	24.222928240740742	34.5
MST60126	24.23056712962963	33.5
MST60126	24.238206018518518	33
MST60126	24.24584490740741	33.5
MST60126	24.253483796296294	33
MST60126	24.261122685185185	33
MST60126	24.268761574074073	34
MST60126	24.27640046296296	33.5
MST60126	24.284039351851852	32.5
MST60126	24.29167824074074	33
MST60126	24.299317129629628	31
MST60126	24.30695601851852	35
MST60126	24.314594907407407	34
MST60126	24.322233796296295	31.5
MST60126	24.329872685185187	33.5
MST60126	24.337511574074075	34
MST60126	24.345150462962962	32.5
MST60126	24.352789351851854	32
MST60126	24.360428240740738	30.5
MST60126	24.36806712962963	30
MST60126	24.375706018518517	31
MST60126	24.383344907407405	31.5
MST60126	24.390983796296297	32
MST60126	24.398622685185185	32
MST60126	24.406261574074072	32
MST60126	24.413900462962964	31.5
MST60126	24.42153935185185	32
MST60126	24.42917824074074	31.5
MST60126	24.43681712962963	32
MST60126	24.44445601851852	31.5
MST60126	24.452094907407407	31.5
MST60126	24.459733796296298	31.5
MST60126	24.467372685185182	31
MST60126	24.475011574074074	30
MST60126	24.482650462962965	30
MST60126	24.49028935185185	31
MST60126	24.49792824074074	31
MST60126	24.50556712962963	32
MST60126	24.513206018518517	32
MST60126	24.520844907407408	31.5
MST60126	24.528483796296296	32
MST60126	24.536122685185184	30.5
MST60126	24.543761574074075	30.5
MST60126	24.551400462962963	30.5
MST60126	24.55903935185185	31
MST60126	24.566678240740742	31.5
MST60126	24.57431712962963	31.5
MST60126	24.581956018518518	32
MST60126	24.58959490740741	31
MST60126	24.597233796296294	31.5
MST60126	24.604872685185185	32.5
MST60126	24.612511574074073	31.5
MST60126	24.62015046296296	32
MST60126	24.627789351851852	31.5
MST60126	24.63542824074074	31.5
MST60126	24.643067129629628	29
MST60126	24.65070601851852	30.5
MST60126	24.658344907407407	31.5
MST60126	24.665983796296295	31.5
MST60126	24.673622685185187	31
MST60126	24.681261574074075	32
MST60126	24.688900462962962	32.5
MST60126	24.696539351851854	32.5
MST60126	24.704178240740738	31
MST60126	24.71181712962963	30
MST60126	24.719456018518517	30.5
MST60126	24.727094907407405	30
MST60126	24.734733796296297	30.5
MST60126	24.742372685185185	31.5
MST60126	24.750011574074072	31.5
MST60126	24.757650462962964	30.5
MST60126	24.76528935185185	31.5
MST60126	24.77292824074074	32
MST60126	24.78056712962963	31.5
MST60126	24.78820601851852	31.5
MST60126	24.795844907407407	30.5
MST60126	24.803483796296298	30
MST60126	24.811122685185182	29
MST60126	24.818761574074074	27
MST60126	24.826400462962965	27.5
MST60126	24.83403935185185	27
MST60126	24.84167824074074	26
MST60126	24.84931712962963	25.5
MST60126	24.856956018518517	25
MST60126	24.864594907407408	25
MST60126	24.872233796296296	26
MST60126	24.879872685185184	25.5
MST60126	24.887511574074075	25.5
MST60126	24.895150462962963	25
MST60126	24.90278935185185	25
MST60126	24.910428240740742	25
MST60126	24.91806712962963	24.5
MST60126	24.925706018518518	25
MST60126	24.93334490740741	25.5
MST60126	24.940983796296294	24
MST60126	24.948622685185185	24.5
MST60126	24.956261574074073	24.5
MST60126	24.96390046296296	23.5
MST60126	24.971539351851852	23.5
MST60126	24.97917824074074	24
MST60126	24.986817129629628	24
MST60126	24.99445601851852	24
MST60126	25.002094907407407	24.5
MST60126	25.009733796296295	23
MST60126	25.017372685185187	23
MST60126	25.025011574074075	24
MST60126	25.032650462962962	24.5
MST60126	25.040289351851854	24.5
MST60126	25.047928240740738	27.5
MST60126	25.05556712962963	31.5
MST60126	25.063206018518517	32
MST60126	25.070844907407405	32
MST60126	25.078483796296297	32.5
MST60126	25.086122685185185	33
MST60126	25.093761574074072	33.5
MST60126	25.101400462962964	33
MST60126	25.10903935185185	33
MST60126	25.11667824074074	33.5
MST60126	25.12431712962963	33.5
MST60126	25.13195601851852	33
MST60126	25.139594907407407	33
MST60126	25.147233796296298	31.5
MST60126	25.154872685185182	31.5
MST60126	25.162511574074074	31.5
MST60126	25.170150462962965	31.5
MST60126	25.17778935185185	31
MST60126	25.18542824074074	30
MST60126	25.19306712962963	30
MST60126	25.200706018518517	32.5
MST60126	25.208344907407408	32.5
MST60126	25.215983796296296	32.5
MST60126	25.223622685185184	31.5
MST60126	25.231261574074075	30.5
MST60126	25.238900462962963	32
MST60126	25.24653935185185	32.5
MST60126	25.254178240740742	32
MST60126	25.26181712962963	32.5
MST60126	25.269456018518518	33
MST60126	25.27709490740741	31
MST60126	25.284733796296294	32.5
MST60126	25.292372685185185	32.5
MST60126	25.300011574074073	34
MST60126	25.30765046296296	33.5
MST60126	25.315289351851852	32.5
MST60126	25.32292824074074	30.5
MST60126	25.330567129629628	30.5
MST60126	25.33820601851852	31.5
MST60126	25.345844907407407	32
MST60126	25.353483796296295	28
MST60126	25.361122685185187	26.5
MST60126	25.368761574074075	29
MST60126	25.376400462962962	33.5
MST60126	25.384039351851854	31.5
MST60126	25.391678240740738	31.5
MST60126	25.39931712962963	33
MST60126	25.406956018518517	33
MST60126	25.414594907407405	32
MST60126	25.422233796296297	31.5
MST60126	25.429872685185185	27
MST60126	25.437511574074072	28
MST60126	25.445150462962964	28
MST60126	25.45278935185185	29
MST60126	25.46042824074074	29
MST60126	25.46806712962963	30
MST60126	25.47570601851852	30
MST60126	25.483344907407407	28.5
MST60126	25.490983796296298	28
MST60126	25.498622685185182	28.5
MST60126	25.506261574074074	29
MST60126	25.513900462962965	28.5
MST60126	25.52153935185185	29
MST60126	25.52917824074074	28.5
MST60126	25.53681712962963	28.5
MST60126	25.544456018518517	30
MST60126	25.552094907407408	29.5
MST60126	25.559733796296296	28.5
MST60126	25.567372685185184	27
MST60126	25.575011574074075	28.5
MST60126	25.582650462962963	28.5
MST60126	25.59028935185185	28.5
MST60126	25.597928240740742	28
MST60126	25.60556712962963	28
MST60126	25.613206018518518	28
MST60126	25.62084490740741	30.5
MST60126	25.628483796296294	31
MST60126	25.636122685185185	30
MST60126	25.643761574074073	32
MST60126	25.65140046296296	33.5
MST60126	25.659039351851852	30.5
MST60126	25.66667824074074	30.5
MST60126	25.674317129629628	30.5
MST60126	25.68195601851852	31.5
MST60126	25.689594907407407	32
MST60126	25.697233796296295	31
MST60126	25.704872685185187	30
MST60126	25.712511574074075	31.5
MST60126	25.720150462962962	31
MST60126	25.727789351851854	31
MST60126	25.735428240740738	29
MST60126	25.74306712962963	30.5
MST60126	25.750706018518517	32.5
MST60126	25.758344907407405	31.5
MST60126	25.765983796296297	32
MST60126	25.773622685185185	30.5
MST60126	25.781261574074072	30.5
MST60126	25.788900462962964	30.5
MST60126	25.79653935185185	31
MST60126	25.80417824074074	31
MST60126	25.81181712962963	30
MST60126	25.81945601851852	30.5
MST60126	25.827094907407407	30.5
MST60126	25.834733796296298	29.5
MST60126	25.842372685185182	29.5
MST60126	25.850011574074074	30
MST60126	25.857650462962965	29.5
MST60126	25.86528935185185	29.5
MST60126	25.87292824074074	30
MST60126	25.88056712962963	29.5
MST60126	25.888206018518517	29
MST60126	25.895844907407408	28.5
MST60126	25.903483796296296	30
MST60126	25.911122685185184	29.5
MST60126	25.918761574074075	29.5
MST60126	25.926400462962963	29
MST60126	25.93403935185185	28
MST60126	25.941678240740742	29
MST60126	25.94931712962963	29.5
MST60126	25.956956018518518	30
MST60126	25.96459490740741	31
MST60126	25.972233796296294	31
MST60126	25.979872685185185	31
MST60126	25.987511574074073	30.5
MST60126	25.99515046296296	28.5
MST60126	26.002789351851852	29.5
MST60126	26.01042824074074	28
MST60126	26.018067129629628	27
MST60126	26.02570601851852	25
MST60126	26.033344907407407	24.5
MST60126	26.040983796296295	24
MST60126	26.048622685185187	25
MST60126	26.056261574074075	25.5
MST60126	26.063900462962962	25.5
MST60126	26.071539351851854	25.5
MST60126	26.079178240740738	26
MST60126	26.08681712962963	26
MST60126	26.094456018518517	27
MST60126	26.102094907407405	27.5
MST60126	26.109733796296297	28.5
MST60126	26.117372685185185	29
MST60126	26.125011574074072	29.5
MST60126	26.132650462962964	29.5
MST60126	26.14028935185185	29
MST60126	26.14792824074074	30
MST60126	26.15556712962963	30
MST60126	26.16320601851852	26
MST60126	26.170844907407407	26.5
MST60126	26.178483796296298	25.5
MST60126	26.186122685185182	26.5
MST60126	26.193761574074074	28
MST60126	26.201400462962965	31
MST60126	26.20903935185185	30
MST60126	26.21667824074074	34
MST60126	26.22431712962963	33
MST60126	26.231956018518517	32
MST60126	26.239594907407408	32.5
MST60126	26.247233796296296	31.5
MST60126	26.254872685185184	30
MST60126	26.262511574074075	29
MST60126	26.270150462962963	26.5
MST60126	26.27778935185185	27
MST60126	26.285428240740742	32
MST60126	26.29306712962963	34
MST60126	26.300706018518518	33
MST60126	26.30834490740741	32
MST60126	26.315983796296294	32.5
MST60126	26.323622685185185	27
MST60126	26.331261574074073	28.5
MST60126	26.33890046296296	28.5
MST60126	26.346539351851852	23.5
MST60126	26.35417824074074	22.5
MST60126	26.361817129629628	23.5
MST60126	26.36945601851852	23.5
MST60126	26.377094907407407	28
MST60126	26.384733796296295	30
MST60126	26.392372685185187	30
MST60126	26.400011574074075	30
MST60126	26.407650462962962	30.5
MST60126	26.415289351851854	30
MST60126	26.422928240740738	30
MST60126	26.43056712962963	29.5
MST60126	26.438206018518517	29
MST60126	26.445844907407405	30
MST60126	26.453483796296297	29.5
MST60126	26.461122685185185	30
MST60126	26.468761574074072	29.5
MST60126	26.476400462962964	28.5
MST60126	26.48403935185185	29.5
MST60126	26.49167824074074	29.5
MST60126	26.49931712962963	30
MST60126	26.50695601851852	30
MST60126	26.514594907407407	29
MST60126	26.522233796296298	22.5
MST60126	26.529872685185182	19.5
MST60126	26.537511574074074	19.5
MST60136	17.000011574074072	33
MST60136	17.00695601851852	33
MST60136	17.013900462962962	32
MST60136	17.020844907407408	31.5
MST60136	17.02778935185185	32.5
MST60136	17.034733796296297	33.5
MST60136	17.04167824074074	31
MST60136	17.048622685185187	30.5
MST60136	17.05556712962963	31
MST60136	17.062511574074072	31
MST60136	17.06945601851852	29.5
MST60136	17.076400462962962	30.5
MST60136	17.083344907407408	31.5
MST60136	17.09028935185185	30.5
MST60136	17.097233796296297	32
MST60136	17.10417824074074	31
MST60136	17.111122685185187	32.5
MST60136	17.11806712962963	29
MST60136	17.125011574074072	31
MST60136	17.13195601851852	31
MST60136	17.138900462962962	31
MST60136	17.145844907407408	31.5
MST60136	17.15278935185185	30.5
MST60136	17.159733796296297	32
MST60136	17.16667824074074	32
MST60136	17.173622685185187	30.5
MST60136	17.18056712962963	31.5
MST60136	17.187511574074072	31
MST60136	17.19445601851852	31
MST60136	17.201400462962962	33.5
MST60136	17.208344907407408	30
MST60136	17.21528935185185	30
MST60136	17.222233796296297	31.5
MST60136	17.22917824074074	32.5
MST60136	17.236122685185187	31
MST60136	17.24306712962963	30.5
MST60136	17.250011574074072	31
MST60136	17.25695601851852	33
MST60136	17.263900462962962	31.5
MST60136	17.270844907407408	31
MST60136	17.27778935185185	31
MST60136	17.284733796296297	31.5
MST60136	17.29167824074074	31
MST60136	17.298622685185187	30.5
MST60136	17.30556712962963	30
MST60136	17.312511574074072	30.5
MST60136	17.31945601851852	30.5
MST60136	17.326400462962962	30.5
MST60136	17.333344907407408	30
MST60136	17.34028935185185	30.5
MST60136	17.347233796296297	31
MST60136	17.35417824074074	30.5
MST60136	17.361122685185187	31
MST60136	17.36806712962963	31.5
MST60136	17.375011574074072	32
MST60136	17.38195601851852	32
MST60136	17.388900462962962	31
MST60136	17.395844907407408	32
MST60136	17.40278935185185	32
MST60136	17.409733796296297	32
MST60136	17.41667824074074	31.5
MST60136	17.423622685185187	32
MST60136	17.43056712962963	32
MST60136	17.437511574074072	32
MST60136	17.44445601851852	32
MST60136	17.451400462962962	32
MST60136	17.458344907407408	32
MST60136	17.46528935185185	32
MST60136	17.472233796296297	32
MST60136	17.47917824074074	32
MST60136	17.486122685185187	32.5
MST60136	17.49306712962963	32
MST60136	17.500011574074072	33
MST60136	17.50695601851852	32.5
MST60136	17.513900462962962	32.5
MST60136	17.520844907407408	33
MST60136	17.52778935185185	32.5
MST60136	17.534733796296297	31.5
MST60136	17.54167824074074	32
MST60136	17.548622685185187	32
MST60136	17.55556712962963	32
MST60136	17.562511574074072	32
MST60136	17.56945601851852	31.5
MST60136	17.576400462962962	31.5
MST60136	17.583344907407408	31.5
MST60136	17.59028935185185	31.5
MST60136	17.597233796296297	31.5
MST60136	17.60417824074074	31.5
MST60136	17.611122685185187	31.5
MST60136	17.61806712962963	31
MST60136	17.625011574074072	31.5
MST60136	17.63195601851852	31.5
MST60136	17.638900462962962	30.5
MST60136	17.645844907407408	31
MST60136	17.65278935185185	31
MST60136	17.659733796296297	30.5
MST60136	17.66667824074074	30
MST60136	17.673622685185187	30
MST60136	17.68056712962963	30.5
MST60136	17.687511574074072	31
MST60136	17.69445601851852	31
MST60136	17.701400462962962	30.5
MST60136	17.708344907407408	31
MST60136	17.71528935185185	30.5
MST60136	17.722233796296297	30.5
MST60136	17.72917824074074	30.5
MST60136	17.736122685185187	31
MST60136	17.74306712962963	31
MST60136	17.750011574074072	30.5
MST60136	17.75695601851852	30.5
MST60136	17.763900462962962	30
MST60136	17.770844907407408	29.5
MST60136	17.77778935185185	30
MST60136	17.784733796296297	30.5
MST60136	17.79167824074074	30.5
MST60136	17.798622685185187	30.5
MST60136	17.80556712962963	30.5
MST60136	17.812511574074072	30.5
MST60136	17.81945601851852	30.5
MST60136	17.826400462962962	30.5
MST60136	17.833344907407408	30.5
MST60136	17.84028935185185	30.5
MST60136	17.847233796296297	30.5
MST60136	17.85417824074074	30
MST60136	17.861122685185187	30
MST60136	17.86806712962963	31
MST60136	17.875011574074072	31
MST60136	17.88195601851852	31
MST60136	17.888900462962962	31
MST60136	17.895844907407408	30.5
MST60136	17.90278935185185	30
MST60136	17.909733796296297	29.5
MST60136	17.91667824074074	29
MST60136	17.923622685185187	32
MST60136	17.93056712962963	32.5
MST60136	17.937511574074072	31.5
MST60136	17.94445601851852	31
MST60136	17.951400462962962	30.5
MST60136	17.958344907407408	30.5
MST60136	17.96528935185185	30.5
MST60136	17.972233796296297	30.5
MST60136	17.97917824074074	29.5
MST60136	17.986122685185187	29.5
MST60136	17.99306712962963	29.5
MST60136	18.000011574074072	30
MST60136	18.00695601851852	30.5
MST60136	18.013900462962962	31
MST60136	18.020844907407408	31
MST60136	18.02778935185185	32
MST60136	18.034733796296297	31
MST60136	18.04167824074074	31
MST60136	18.048622685185187	31
MST60136	18.05556712962963	34
MST60136	18.062511574074072	32.5
MST60136	18.06945601851852	31
MST60136	18.076400462962962	32
MST60136	18.083344907407408	31
MST60136	18.09028935185185	31
MST60136	18.097233796296297	32.5
MST60136	18.10417824074074	33.5
MST60136	18.111122685185187	34
MST60136	18.11806712962963	32
MST60136	18.125011574074072	32.5
MST60136	18.13195601851852	32.5
MST60136	18.138900462962962	31.5
MST60136	18.145844907407408	33
MST60136	18.15278935185185	33
MST60136	18.159733796296297	33
MST60136	18.16667824074074	33.5
MST60136	18.173622685185187	34
MST60136	18.18056712962963	32.5
MST60136	18.187511574074072	33
MST60136	18.19445601851852	35
MST60136	18.201400462962962	32.5
MST60136	18.208344907407408	32.5
MST60136	18.21528935185185	32
MST60136	18.222233796296297	33.5
MST60136	18.22917824074074	34.5
MST60136	18.236122685185187	33.5
MST60136	18.24306712962963	32
MST60136	18.250011574074072	32.5
MST60136	18.25695601851852	33.5
MST60136	18.263900462962962	32.5
MST60136	18.270844907407408	31
MST60136	18.27778935185185	32.5
MST60136	18.284733796296297	29.5
MST60136	18.29167824074074	30
MST60136	18.298622685185187	30.5
MST60136	18.30556712962963	30.5
MST60136	18.312511574074072	31.5
MST60136	18.31945601851852	31.5
MST60136	18.326400462962962	32
MST60136	18.333344907407408	32.5
MST60136	18.34028935185185	30
MST60136	18.347233796296297	31
MST60136	18.35417824074074	31
MST60136	18.361122685185187	31
MST60136	18.36806712962963	31
MST60136	18.375011574074072	31
MST60136	18.38195601851852	30.5
MST60136	18.388900462962962	31
MST60136	18.395844907407408	31.5
MST60136	18.40278935185185	31
MST60136	18.409733796296297	31
MST60136	18.41667824074074	31.5
MST60136	18.423622685185187	31.5
MST60136	18.43056712962963	32
MST60136	18.437511574074072	32
MST60136	18.44445601851852	32.5
MST60136	18.451400462962962	32
MST60136	18.458344907407408	32
MST60136	18.46528935185185	31.5
MST60136	18.472233796296297	32
MST60136	18.47917824074074	32
MST60136	18.486122685185187	32
MST60136	18.49306712962963	32
MST60136	18.500011574074072	32
MST60136	18.50695601851852	32
MST60136	18.513900462962962	32
MST60136	18.520844907407408	33
MST60136	18.52778935185185	32
MST60136	18.534733796296297	32
MST60136	18.54167824074074	32.5
MST60136	18.548622685185187	32
MST60136	18.55556712962963	32
MST60136	18.562511574074072	32
MST60136	18.56945601851852	31.5
MST60136	18.576400462962962	31.5
MST60136	18.583344907407408	31.5
MST60136	18.59028935185185	31.5
MST60136	18.597233796296297	31.5
MST60136	18.60417824074074	32
MST60136	18.611122685185187	31.5
MST60136	18.61806712962963	31
MST60136	18.625011574074072	31.5
MST60136	18.63195601851852	31.5
MST60136	18.638900462962962	31.5
MST60136	18.645844907407408	31.5
MST60136	18.65278935185185	31
MST60136	18.659733796296297	31
MST60136	18.66667824074074	31
MST60136	18.673622685185187	31.5
MST60136	18.68056712962963	31.5
MST60136	18.687511574074072	31.5
MST60136	18.69445601851852	31
MST60136	18.701400462962962	30.5
MST60136	18.708344907407408	31
MST60136	18.71528935185185	31
MST60136	18.722233796296297	30.5
MST60136	18.72917824074074	30
MST60136	18.736122685185187	30
MST60136	18.74306712962963	30
MST60136	18.750011574074072	29.5
MST60136	18.75695601851852	29
MST60136	18.763900462962962	29.5
MST60136	18.770844907407408	29.5
MST60136	18.77778935185185	29.5
MST60136	18.784733796296297	30
MST60136	18.79167824074074	30
MST60136	18.798622685185187	30.5
MST60136	18.80556712962963	31
MST60136	18.812511574074072	30.5
MST60136	18.81945601851852	30.5
MST60136	18.826400462962962	31
MST60136	18.833344907407408	30.5
MST60136	18.84028935185185	31
MST60136	18.847233796296297	32
MST60136	18.85417824074074	31.5
MST60136	18.861122685185187	32.5
MST60136	18.86806712962963	32
MST60136	18.875011574074072	31.5
MST60136	18.88195601851852	31
MST60136	18.888900462962962	31
MST60136	18.895844907407408	30.5
MST60136	18.90278935185185	30
MST60136	18.909733796296297	29.5
MST60136	18.91667824074074	29.5
MST60136	18.923622685185187	29.5
MST60136	18.93056712962963	29.5
MST60136	18.937511574074072	30
MST60136	18.94445601851852	29.5
MST60136	18.951400462962962	30
MST60136	18.958344907407408	30
MST60136	18.96528935185185	30
MST60136	18.972233796296297	30
MST60136	18.97917824074074	29.5
MST60136	18.986122685185187	29.5
MST60136	18.99306712962963	30
MST60136	19.000011574074072	30.5
MST60136	19.00695601851852	30.5
MST60136	19.013900462962962	31.5
MST60136	19.020844907407408	30.5
MST60136	19.02778935185185	31
MST60136	19.034733796296297	31
MST60136	19.04167824074074	31
MST60136	19.048622685185187	33.5
MST60136	19.05556712962963	32.5
MST60136	19.062511574074072	31
MST60136	19.06945601851852	34.5
MST60136	19.076400462962962	33.5
MST60136	19.083344907407408	33.5
MST60136	19.09028935185185	34.5
MST60136	19.097233796296297	34
MST60136	19.10417824074074	32
MST60136	19.111122685185187	31.5
MST60136	19.11806712962963	31
MST60136	19.125011574074072	33
MST60136	19.13195601851852	33.5
MST60136	19.138900462962962	33.5
MST60136	19.145844907407408	31.5
MST60136	19.15278935185185	33.5
MST60136	19.159733796296297	34
MST60136	19.16667824074074	31
MST60136	19.173622685185187	32
MST60136	19.18056712962963	33
MST60136	19.187511574074072	32.5
MST60136	19.19445601851852	31
MST60136	19.201400462962962	31
MST60136	19.208344907407408	30.5
MST60136	19.21528935185185	35
MST60136	19.222233796296297	34
MST60136	19.22917824074074	33.5
MST60136	19.236122685185187	34
MST60136	19.24306712962963	35
MST60136	19.250011574074072	34.5
MST60136	19.25695601851852	33
MST60136	19.263900462962962	32.5
MST60136	19.270844907407408	32
MST60136	19.27778935185185	32
MST60136	19.284733796296297	31
MST60136	19.29167824074074	31.5
MST60136	19.298622685185187	32.5
MST60136	19.30556712962963	33
MST60136	19.312511574074072	34
MST60136	19.31945601851852	32
MST60136	19.326400462962962	34.5
MST60136	19.333344907407408	32.5
MST60136	19.34028935185185	32.5
MST60136	19.347233796296297	32.5
MST60136	19.35417824074074	32.5
MST60136	19.361122685185187	33.5
MST60136	19.36806712962963	32
MST60136	19.375011574074072	31.5
MST60136	19.38195601851852	32
MST60136	19.388900462962962	31.5
MST60136	19.395844907407408	31.5
MST60136	19.40278935185185	31
MST60136	19.409733796296297	31.5
MST60136	19.41667824074074	31.5
MST60136	19.423622685185187	31.5
MST60136	19.43056712962963	31.5
MST60136	19.437511574074072	32
MST60136	19.44445601851852	32
MST60136	19.451400462962962	32
MST60136	19.458344907407408	32
MST60136	19.46528935185185	32
MST60136	19.472233796296297	32.5
MST60136	19.47917824074074	32.5
MST60136	19.486122685185187	32.5
MST60136	19.49306712962963	32.5
MST60136	19.500011574074072	32.5
MST60136	19.50695601851852	32.5
MST60136	19.513900462962962	32.5
MST60136	19.520844907407408	32.5
MST60136	19.52778935185185	32
MST60136	19.534733796296297	32
MST60136	19.54167824074074	32
MST60136	19.548622685185187	32
MST60136	19.55556712962963	32
MST60136	19.562511574074072	32
MST60136	19.56945601851852	31.5
MST60136	19.576400462962962	31.5
MST60136	19.583344907407408	31.5
MST60136	19.59028935185185	31.5
MST60136	19.597233796296297	31.5
MST60136	19.60417824074074	31
MST60136	19.611122685185187	31
MST60136	19.61806712962963	31
MST60136	19.625011574074072	31
MST60136	19.63195601851852	31
MST60136	19.638900462962962	31
MST60136	19.645844907407408	31
MST60136	19.65278935185185	30.5
MST60136	19.659733796296297	31
MST60136	19.66667824074074	31
MST60136	19.673622685185187	31
MST60136	19.68056712962963	31
MST60136	19.687511574074072	31
MST60136	19.69445601851852	31
MST60136	19.701400462962962	30.5
MST60136	19.708344907407408	30.5
MST60136	19.71528935185185	31
MST60136	19.722233796296297	31
MST60136	19.72917824074074	31
MST60136	19.736122685185187	30.5
MST60136	19.74306712962963	31
MST60136	19.750011574074072	30.5
MST60136	19.75695601851852	31
MST60136	19.763900462962962	30.5
MST60136	19.770844907407408	30.5
MST60136	19.77778935185185	30.5
MST60136	19.784733796296297	31
MST60136	19.79167824074074	31
MST60136	19.798622685185187	30
MST60136	19.80556712962963	29.5
MST60136	19.812511574074072	29
MST60136	19.81945601851852	29
MST60136	19.826400462962962	29.5
MST60136	19.833344907407408	30
MST60136	19.84028935185185	29.5
MST60136	19.847233796296297	31.5
MST60136	19.85417824074074	32.5
MST60136	19.861122685185187	31
MST60136	19.86806712962963	30.5
MST60136	19.875011574074072	30.5
MST60136	19.88195601851852	30
MST60136	19.888900462962962	30
MST60136	19.895844907407408	29.5
MST60136	19.90278935185185	29
MST60136	19.909733796296297	29
MST60136	19.91667824074074	29.5
MST60136	19.923622685185187	30
MST60136	19.93056712962963	30
MST60136	19.937511574074072	29.5
MST60136	19.94445601851852	29
MST60136	19.951400462962962	29
MST60136	19.958344907407408	28.5
MST60136	19.96528935185185	28
MST60136	19.972233796296297	28
MST60136	19.97917824074074	29.5
MST60136	19.986122685185187	30
MST60136	19.99306712962963	30
MST60136	20.000011574074072	30
MST60136	20.00695601851852	30
MST60136	20.013900462962962	31
MST60136	20.020844907407408	30.5
MST60136	20.02778935185185	31
MST60136	20.034733796296297	31
MST60136	20.04167824074074	32.5
MST60136	20.048622685185187	31.5
MST60136	20.05556712962963	31
MST60136	20.062511574074072	34
MST60136	20.06945601851852	33.5
MST60136	20.076400462962962	33.5
MST60136	20.083344907407408	31
MST60136	20.09028935185185	32.5
MST60136	20.097233796296297	33.5
MST60136	20.10417824074074	33.5
MST60136	20.111122685185187	33.5
MST60136	20.11806712962963	34
MST60136	20.125011574074072	33
MST60136	20.13195601851852	33
MST60136	20.138900462962962	33.5
MST60136	20.145844907407408	32
MST60136	20.15278935185185	32.5
MST60136	20.159733796296297	31.5
MST60136	20.16667824074074	33
MST60136	20.173622685185187	32.5
MST60136	20.18056712962963	31
MST60136	20.187511574074072	32
MST60136	20.19445601851852	32
MST60136	20.201400462962962	31.5
MST60136	20.208344907407408	30.5
MST60136	20.21528935185185	30.5
MST60136	20.222233796296297	31
MST60136	20.22917824074074	29
MST60136	20.236122685185187	31
MST60136	20.24306712962963	32
MST60136	20.250011574074072	32.5
MST60136	20.25695601851852	31.5
MST60136	20.263900462962962	30.5
MST60136	20.270844907407408	31.5
MST60136	20.27778935185185	32.5
MST60136	20.284733796296297	33.5
MST60136	20.29167824074074	32.5
MST60136	20.298622685185187	33
MST60136	20.30556712962963	32
MST60136	20.312511574074072	31.5
MST60136	20.31945601851852	32
MST60136	20.326400462962962	31.5
MST60136	20.333344907407408	31
MST60136	20.34028935185185	30.5
MST60136	20.347233796296297	30.5
MST60136	20.35417824074074	30.5
MST60136	20.361122685185187	30.5
MST60136	20.36806712962963	31
MST60136	20.375011574074072	30.5
MST60136	20.38195601851852	30.5
MST60136	20.388900462962962	30.5
MST60136	20.395844907407408	30.5
MST60136	20.40278935185185	31
MST60136	20.409733796296297	30.5
MST60136	20.41667824074074	31
MST60136	20.423622685185187	31
MST60136	20.43056712962963	30.5
MST60136	20.437511574074072	30.5
MST60136	20.44445601851852	31
MST60136	20.451400462962962	30.5
MST60136	20.458344907407408	30.5
MST60136	20.46528935185185	31
MST60136	20.472233796296297	30.5
MST60136	20.47917824074074	31
MST60136	20.486122685185187	31
MST60136	20.49306712962963	30.5
MST60136	20.500011574074072	30.5
MST60136	20.50695601851852	31
MST60136	20.513900462962962	31
MST60136	20.520844907407408	31
MST60136	20.52778935185185	31
MST60136	20.534733796296297	31
MST60136	20.54167824074074	31
MST60136	20.548622685185187	31
MST60136	20.55556712962963	31
MST60136	20.562511574074072	30.5
MST60136	20.56945601851852	31
MST60136	20.576400462962962	30.5
MST60136	20.583344907407408	30
MST60136	20.59028935185185	29.5
MST60136	20.597233796296297	30
MST60136	20.60417824074074	30.5
MST60136	20.611122685185187	30
MST60136	20.61806712962963	30
MST60136	20.625011574074072	29.5
MST60136	20.63195601851852	29
MST60136	20.638900462962962	28.5
MST60136	20.645844907407408	28.5
MST60136	20.65278935185185	28
MST60136	20.659733796296297	27.5
MST60136	20.66667824074074	28
MST60136	20.673622685185187	28
MST60136	20.68056712962963	28.5
MST60136	20.687511574074072	29
MST60136	20.69445601851852	29.5
MST60136	20.701400462962962	30
MST60136	20.708344907407408	30.5
MST60136	20.71528935185185	30.5
MST60136	20.722233796296297	30.5
MST60136	20.72917824074074	31
MST60136	20.736122685185187	31
MST60136	20.74306712962963	31
MST60136	20.750011574074072	30.5
MST60136	20.75695601851852	31
MST60136	20.763900462962962	31
MST60136	20.770844907407408	31
MST60136	20.77778935185185	30.5
MST60136	20.784733796296297	30.5
MST60136	20.79167824074074	29.5
MST60136	20.798622685185187	29
MST60136	20.80556712962963	28.5
MST60136	20.812511574074072	28.5
MST60136	20.81945601851852	28
MST60136	20.826400462962962	28
MST60136	20.833344907407408	27.5
MST60136	20.84028935185185	27
MST60136	20.847233796296297	27
MST60136	20.85417824074074	28
MST60136	20.861122685185187	31
MST60136	20.86806712962963	31
MST60136	20.875011574074072	30
MST60136	20.88195601851852	30
MST60136	20.888900462962962	29
MST60136	20.895844907407408	28.5
MST60136	20.90278935185185	28.5
MST60136	20.909733796296297	28
MST60136	20.91667824074074	28
MST60136	20.923622685185187	27.5
MST60136	20.93056712962963	27
MST60136	20.937511574074072	27
MST60136	20.94445601851852	26.5
MST60136	20.951400462962962	26.5
MST60136	20.958344907407408	27
MST60136	20.96528935185185	27
MST60136	20.972233796296297	27
MST60136	20.97917824074074	27.5
MST60136	20.986122685185187	29.5
MST60136	20.99306712962963	30
MST60136	21.000011574074072	30.5
MST60136	21.00695601851852	30.5
MST60136	21.013900462962962	31
MST60136	21.020844907407408	32
MST60136	21.02778935185185	31.5
MST60136	21.034733796296294	31.5
MST60136	21.04167824074074	31.5
MST60136	21.048622685185187	32.5
MST60136	21.05556712962963	33.5
MST60136	21.062511574074072	32.5
MST60136	21.06945601851852	33.5
MST60136	21.076400462962962	34
MST60136	21.083344907407408	33.5
MST60136	21.09028935185185	33
MST60136	21.097233796296294	33
MST60136	21.10417824074074	32.5
MST60136	21.111122685185187	32
MST60136	21.11806712962963	32.5
MST60136	21.125011574074072	32.5
MST60136	21.13195601851852	32.5
MST60136	21.138900462962962	32
MST60136	21.145844907407408	31.5
MST60136	21.15278935185185	31
MST60136	21.159733796296294	31
MST60136	21.16667824074074	31.5
MST60136	21.173622685185187	32
MST60136	21.18056712962963	32.5
MST60136	21.187511574074072	33
MST60136	21.19445601851852	32.5
MST60136	21.201400462962962	32.5
MST60136	21.208344907407408	32.5
MST60136	21.21528935185185	32
MST60136	21.222233796296294	32.5
MST60136	21.22917824074074	31
MST60136	21.236122685185187	31.5
MST60136	21.24306712962963	32
MST60136	21.250011574074072	31
MST60136	21.25695601851852	31
MST60136	21.263900462962962	30
MST60136	21.270844907407408	32.5
MST60136	21.27778935185185	31
MST60136	21.284733796296294	31
MST60136	21.29167824074074	33.5
MST60136	21.298622685185187	32.5
MST60136	21.30556712962963	33
MST60136	21.312511574074072	33.5
MST60136	21.31945601851852	31.5
MST60136	21.326400462962962	30.5
MST60136	21.333344907407408	30.5
MST60136	21.34028935185185	32
MST60136	21.347233796296294	35
MST60136	21.35417824074074	33.5
MST60136	21.361122685185187	32.5
MST60136	21.36806712962963	29.5
MST60136	21.375011574074072	30
MST60136	21.38195601851852	30.5
MST60136	21.388900462962962	31
MST60136	21.395844907407408	31
MST60136	21.40278935185185	32
MST60136	21.409733796296294	31
MST60136	21.41667824074074	31
MST60136	21.423622685185187	30.5
MST60136	21.43056712962963	30.5
MST60136	21.437511574074072	30.5
MST60136	21.44445601851852	30.5
MST60136	21.451400462962962	30.5
MST60136	21.458344907407408	30.5
MST60136	21.46528935185185	30
MST60136	21.472233796296294	31
MST60136	21.47917824074074	31
MST60136	21.486122685185187	31
MST60136	21.49306712962963	30.5
MST60136	21.500011574074072	30.5
MST60136	21.50695601851852	31.5
MST60136	21.513900462962962	31.5
MST60136	21.520844907407408	31
MST60136	21.52778935185185	31.5
MST60136	21.534733796296294	31
MST60136	21.54167824074074	31.5
MST60136	21.548622685185187	31.5
MST60136	21.55556712962963	31
MST60136	21.562511574074072	31
MST60136	21.56945601851852	31
MST60136	21.576400462962962	30.5
MST60136	21.583344907407408	30.5
MST60136	21.59028935185185	31
MST60136	21.597233796296294	30.5
MST60136	21.60417824074074	30.5
MST60136	21.611122685185187	30.5
MST60136	21.61806712962963	30.5
MST60136	21.625011574074072	31
MST60136	21.63195601851852	30.5
MST60136	21.638900462962962	30.5
MST60136	21.645844907407408	31
MST60136	21.65278935185185	30.5
MST60136	21.659733796296294	30.5
MST60136	21.66667824074074	30.5
MST60136	21.673622685185187	30.5
MST60136	21.68056712962963	30.5
MST60136	21.687511574074072	30.5
MST60136	21.69445601851852	31
MST60136	21.701400462962962	31
MST60136	21.708344907407408	30.5
MST60136	21.71528935185185	30.5
MST60136	21.722233796296294	31
MST60136	21.72917824074074	30.5
MST60136	21.736122685185187	31
MST60136	21.74306712962963	31
MST60136	21.750011574074072	31
MST60136	21.75695601851852	31
MST60136	21.763900462962962	31
MST60136	21.770844907407408	30.5
MST60136	21.77778935185185	30.5
MST60136	21.784733796296294	30.5
MST60136	21.79167824074074	30.5
MST60136	21.798622685185187	30.5
MST60136	21.80556712962963	31
MST60136	21.812511574074072	30
MST60136	21.81945601851852	30.5
MST60136	21.826400462962962	30
MST60136	21.833344907407408	30.5
MST60136	21.84028935185185	30.5
MST60136	21.847233796296294	30.5
MST60136	21.85417824074074	30
MST60136	21.861122685185187	30
MST60136	21.86806712962963	29.5
MST60136	21.875011574074072	29.5
MST60136	21.88195601851852	29.5
MST60136	21.888900462962962	29
MST60136	21.895844907407408	30
MST60136	21.90278935185185	30
MST60136	21.909733796296294	30.5
MST60136	21.91667824074074	29.5
MST60136	21.923622685185187	29.5
MST60136	21.93056712962963	30.5
MST60136	21.937511574074072	30.5
MST60136	21.94445601851852	30
MST60136	21.951400462962962	30
MST60136	21.958344907407408	30.5
MST60136	21.96528935185185	31.5
MST60136	21.972233796296294	31.5
MST60136	21.97917824074074	31.5
MST60136	21.986122685185187	30.5
MST60136	21.99306712962963	31.5
MST60136	22.000011574074072	31.5
MST60136	22.00695601851852	30.5
MST60136	22.013900462962962	30
MST60136	22.020844907407408	30
MST60136	22.02778935185185	29.5
MST60136	22.034733796296294	30.5
MST60136	22.04167824074074	30.5
MST60136	22.048622685185187	30.5
MST60136	22.05556712962963	30
MST60136	22.062511574074072	30
MST60136	22.06945601851852	33.5
MST60136	22.076400462962962	32
MST60136	22.083344907407408	30
MST60136	22.09028935185185	29
MST60136	22.097233796296294	32.5
MST60136	22.10417824074074	32.5
MST60136	22.111122685185187	32
MST60136	22.11806712962963	32
MST60136	22.125011574074072	31
MST60136	22.13195601851852	29
MST60136	22.138900462962962	29.5
MST60136	22.145844907407408	29.5
MST60136	22.15278935185185	28.5
MST60136	22.159733796296294	28
MST60136	22.16667824074074	28.5
MST60136	22.173622685185187	28
MST60136	22.18056712962963	28
MST60136	22.187511574074072	30
MST60136	22.19445601851852	31.5
MST60136	22.201400462962962	31.5
MST60136	22.208344907407408	33.5
MST60136	22.21528935185185	33
MST60136	22.222233796296294	32.5
MST60136	22.22917824074074	32.5
MST60136	22.236122685185187	35
MST60136	22.24306712962963	33
MST60136	22.250011574074072	33.5
MST60136	22.25695601851852	32.5
MST60136	22.263900462962962	32
MST60136	22.270844907407408	31.5
MST60136	22.27778935185185	31.5
MST60136	22.284733796296294	30.5
MST60136	22.29167824074074	31
MST60136	22.298622685185187	30.5
MST60136	22.30556712962963	30.5
MST60136	22.312511574074072	30.5
MST60136	22.31945601851852	30
MST60136	22.326400462962962	30.5
MST60136	22.333344907407408	30
MST60136	22.34028935185185	30
MST60136	22.347233796296294	30
MST60136	22.35417824074074	30
MST60136	22.361122685185187	30
MST60136	22.36806712962963	30
MST60136	22.375011574074072	32
MST60136	22.38195601851852	33.5
MST60136	22.388900462962962	33
MST60136	22.395844907407408	32.5
MST60136	22.40278935185185	30.5
MST60136	22.409733796296294	32.5
MST60136	22.41667824074074	32
MST60136	22.423622685185187	31.5
MST60136	22.43056712962963	31.5
MST60136	22.437511574074072	32.5
MST60136	22.44445601851852	32.5
MST60136	22.451400462962962	32.5
MST60136	22.458344907407408	32.5
MST60136	22.46528935185185	33
MST60136	22.472233796296294	32
MST60136	22.47917824074074	31.5
MST60136	22.486122685185187	31.5
MST60136	22.49306712962963	31.5
MST60136	22.500011574074072	31.5
MST60136	22.50695601851852	32
MST60136	22.513900462962962	32.5
MST60136	22.520844907407408	32
MST60136	22.52778935185185	32
MST60136	22.534733796296294	32
MST60136	22.54167824074074	31.5
MST60136	22.548622685185187	32
MST60136	22.55556712962963	32
MST60136	22.562511574074072	31.5
MST60136	22.56945601851852	31.5
MST60136	22.576400462962962	31.5
MST60136	22.583344907407408	31.5
MST60136	22.59028935185185	31.5
MST60136	22.597233796296294	31.5
MST60136	22.60417824074074	32
MST60136	22.611122685185187	32
MST60136	22.61806712962963	32
MST60136	22.625011574074072	31.5
MST60136	22.63195601851852	31.5
MST60136	22.638900462962962	31.5
MST60136	22.645844907407408	32
MST60136	22.65278935185185	32
MST60136	22.659733796296294	32
MST60136	22.66667824074074	32
MST60136	22.673622685185187	32
MST60136	22.68056712962963	32
MST60136	22.687511574074072	31.5
MST60136	22.69445601851852	32
MST60136	22.701400462962962	32
MST60136	22.708344907407408	31.5
MST60136	22.71528935185185	32
MST60136	22.722233796296294	32
MST60136	22.72917824074074	32
MST60136	22.736122685185187	31.5
MST60136	22.74306712962963	32
MST60136	22.750011574074072	32
MST60136	22.75695601851852	31.5
MST60136	22.763900462962962	31.5
MST60136	22.770844907407408	32
MST60136	22.77778935185185	32
MST60136	22.784733796296294	31.5
MST60136	22.79167824074074	32
MST60136	22.798622685185187	31.5
MST60136	22.80556712962963	32
MST60136	22.812511574074072	32
MST60136	22.81945601851852	32
MST60136	22.826400462962962	32
MST60136	22.833344907407408	32
MST60136	22.84028935185185	32
MST60136	22.847233796296294	32
MST60136	22.85417824074074	32
MST60136	22.861122685185187	32
MST60136	22.86806712962963	32
MST60136	22.875011574074072	31.5
MST60136	22.88195601851852	31.5
MST60136	22.888900462962962	31
MST60136	22.895844907407408	31
MST60136	22.90278935185185	31.5
MST60136	22.909733796296294	30.5
MST60136	22.91667824074074	30.5
MST60136	22.923622685185187	30.5
MST60136	22.93056712962963	30.5
MST60136	22.937511574074072	30
MST60136	22.94445601851852	30.5
MST60136	22.951400462962962	31
MST60136	22.958344907407408	31
MST60136	22.96528935185185	31
MST60136	22.972233796296294	31
MST60136	22.97917824074074	31
MST60136	22.986122685185187	30.5
MST60136	22.99306712962963	31
MST60136	23.000011574074072	31
MST60136	23.00695601851852	30.5
MST60136	23.013900462962962	30
MST60136	23.020844907407408	30.5
MST60136	23.02778935185185	30.5
MST60136	23.034733796296294	30
MST60136	23.04167824074074	30
MST60136	23.048622685185187	31.5
MST60136	23.05556712962963	33
MST60136	23.062511574074072	33
MST60136	23.06945601851852	31.5
MST60136	23.076400462962962	33
MST60136	23.083344907407408	32.5
MST60136	23.09028935185185	32.5
MST60136	23.097233796296294	32
MST60136	23.10417824074074	32
MST60136	23.111122685185187	32.5
MST60136	23.11806712962963	33
MST60136	23.125011574074072	30.5
MST60136	23.13195601851852	33
MST60136	23.138900462962962	32.5
MST60136	23.145844907407408	31.5
MST60136	23.15278935185185	33
MST60136	23.159733796296294	31.5
MST60136	23.16667824074074	33.5
MST60136	23.173622685185187	32
MST60136	23.18056712962963	31
MST60136	23.187511574074072	31.5
MST60136	23.19445601851852	33
MST60136	23.201400462962962	33
MST60136	23.208344907407408	32
MST60136	23.21528935185185	32
MST60136	23.222233796296294	31.5
MST60136	23.22917824074074	32.5
MST60136	23.236122685185187	32
MST60136	23.24306712962963	33
MST60136	23.250011574074072	32.5
MST60136	23.25695601851852	32.5
MST60136	23.263900462962962	33
MST60136	23.270844907407408	32
MST60136	23.27778935185185	32
MST60136	23.284733796296294	32.5
MST60136	23.29167824074074	31.5
MST60136	23.298622685185187	31.5
MST60136	23.30556712962963	32.5
MST60136	23.312511574074072	32
MST60136	23.31945601851852	32.5
MST60136	23.326400462962962	32
MST60136	23.333344907407408	32
MST60136	23.34028935185185	31
MST60136	23.347233796296294	32.5
MST60136	23.35417824074074	32.5
MST60136	23.361122685185187	32.5
MST60136	23.36806712962963	32
MST60136	23.375011574074072	31.5
MST60136	23.38195601851852	31.5
MST60136	23.388900462962962	31.5
MST60136	23.395844907407408	31.5
MST60136	23.40278935185185	32
MST60136	23.409733796296294	32
MST60136	23.41667824074074	32
MST60136	23.423622685185187	32.5
MST60136	23.43056712962963	32
MST60136	23.437511574074072	31.5
MST60136	23.44445601851852	31.5
MST60136	23.451400462962962	31.5
MST60136	23.458344907407408	31.5
MST60136	23.46528935185185	31.5
MST60136	23.472233796296294	31.5
MST60136	23.47917824074074	31.5
MST60136	23.486122685185187	31.5
MST60136	23.49306712962963	31.5
MST60136	23.500011574074072	31.5
MST60136	23.50695601851852	32
MST60136	23.513900462962962	32.5
MST60136	23.520844907407408	32.5
MST60136	23.52778935185185	32.5
MST60136	23.534733796296294	32
MST60136	23.54167824074074	32
MST60136	23.548622685185187	32
MST60136	23.55556712962963	32
MST60136	23.562511574074072	32
MST60136	23.56945601851852	32
MST60136	23.576400462962962	32
MST60136	23.583344907407408	32
MST60136	23.59028935185185	32
MST60136	23.597233796296294	32
MST60136	23.60417824074074	32
MST60136	23.611122685185187	32
MST60136	23.61806712962963	31.5
MST60136	23.625011574074072	32
MST60136	23.63195601851852	32
MST60136	23.638900462962962	31.5
MST60136	23.645844907407408	31.5
MST60136	23.65278935185185	31.5
MST60136	23.659733796296294	31.5
MST60136	23.66667824074074	31
MST60136	23.673622685185187	31
MST60136	23.68056712962963	31.5
MST60136	23.687511574074072	31.5
MST60136	23.69445601851852	31.5
MST60136	23.701400462962962	31.5
MST60136	23.708344907407408	31.5
MST60136	23.71528935185185	31.5
MST60136	23.722233796296294	31
MST60136	23.72917824074074	31.5
MST60136	23.736122685185187	32
MST60136	23.74306712962963	31
MST60136	23.750011574074072	31
MST60136	23.75695601851852	31
MST60136	23.763900462962962	31
MST60136	23.770844907407408	31.5
MST60136	23.77778935185185	31.5
MST60136	23.784733796296294	31.5
MST60136	23.79167824074074	31
MST60136	23.798622685185187	31
MST60136	23.80556712962963	31
MST60136	23.812511574074072	30.5
MST60136	23.81945601851852	30
MST60136	23.826400462962962	30
MST60136	23.833344907407408	29.5
MST60136	23.84028935185185	30.5
MST60136	23.847233796296294	30.5
MST60136	23.85417824074074	30
MST60136	23.861122685185187	30
MST60136	23.86806712962963	30.5
MST60136	23.875011574074072	30.5
MST60136	23.88195601851852	30.5
MST60136	23.888900462962962	30.5
MST60136	23.895844907407408	31
MST60136	23.90278935185185	31
MST60136	23.909733796296294	31
MST60136	23.91667824074074	30
MST60136	23.923622685185187	30
MST60136	23.93056712962963	29
MST60136	23.937511574074072	29
MST60136	23.94445601851852	28.5
MST60136	23.951400462962962	28
MST60136	23.958344907407408	29
MST60136	23.96528935185185	30
MST60136	23.972233796296294	29.5
MST60136	23.97917824074074	30
MST60136	23.986122685185187	30.5
MST60136	23.99306712962963	30.5
MST60136	24.000011574074072	30.5
MST60136	24.00695601851852	30.5
MST60136	24.013900462962962	31.5
MST60136	24.020844907407408	32.5
MST60136	24.02778935185185	32
MST60136	24.034733796296294	32
MST60136	24.04167824074074	31.5
MST60136	24.048622685185187	32
MST60136	24.05556712962963	34.5
MST60136	24.062511574074072	34.5
MST60136	24.06945601851852	34
MST60136	24.076400462962962	32.5
MST60136	24.083344907407408	33
MST60136	24.09028935185185	32.5
MST60136	24.097233796296294	32
MST60136	24.10417824074074	33.5
MST60136	24.111122685185187	33.5
MST60136	24.11806712962963	32
MST60136	24.125011574074072	33
MST60136	24.13195601851852	32
MST60136	24.138900462962962	31.5
MST60136	24.145844907407408	31
MST60136	24.15278935185185	33.5
MST60136	24.159733796296294	31
MST60136	24.16667824074074	32.5
MST60136	24.173622685185187	33
MST60136	24.18056712962963	32.5
MST60136	24.187511574074072	32
MST60136	24.19445601851852	33
MST60136	24.201400462962962	33
MST60136	24.208344907407408	33.5
MST60136	24.21528935185185	33
MST60136	24.222233796296294	33
MST60136	24.22917824074074	31
MST60136	24.236122685185187	32.5
MST60136	24.24306712962963	31.5
MST60136	24.250011574074072	31
MST60136	24.25695601851852	32.5
MST60136	24.263900462962962	32.5
MST60136	24.270844907407408	33
MST60136	24.27778935185185	32.5
MST60136	24.284733796296294	32.5
MST60136	24.29167824074074	33
MST60136	24.298622685185187	31
MST60136	24.30556712962963	30.5
MST60136	24.312511574074072	29.5
MST60136	24.31945601851852	29.5
MST60136	24.326400462962962	30
MST60136	24.333344907407408	32.5
MST60136	24.34028935185185	32.5
MST60136	24.347233796296294	32.5
MST60136	24.35417824074074	33.5
MST60136	24.361122685185187	33
MST60136	24.36806712962963	33
MST60136	24.375011574074072	33
MST60136	24.38195601851852	33
MST60136	24.388900462962962	32.5
MST60136	24.395844907407408	32
MST60136	24.40278935185185	32
MST60136	24.409733796296294	32
MST60136	24.41667824074074	32
MST60136	24.423622685185187	32
MST60136	24.43056712962963	32
MST60136	24.437511574074072	32
MST60136	24.44445601851852	31.5
MST60136	24.451400462962962	32
MST60136	24.458344907407408	32
MST60136	24.46528935185185	32
MST60136	24.472233796296294	32
MST60136	24.47917824074074	32
MST60136	24.486122685185187	32
MST60136	24.49306712962963	32.5
MST60136	24.500011574074072	32.5
MST60136	24.50695601851852	32.5
MST60136	24.513900462962962	33
MST60136	24.520844907407408	32.5
MST60136	24.52778935185185	32.5
MST60136	24.534733796296294	32.5
MST60136	24.54167824074074	32.5
MST60136	24.548622685185187	32
MST60136	24.55556712962963	32
MST60136	24.562511574074072	32
MST60136	24.56945601851852	31.5
MST60136	24.576400462962962	31.5
MST60136	24.583344907407408	31.5
MST60136	24.59028935185185	31.5
MST60136	24.597233796296294	31.5
MST60136	24.60417824074074	31
MST60136	24.611122685185187	31
MST60136	24.61806712962963	31
MST60136	24.625011574074072	31
MST60136	24.63195601851852	31
MST60136	24.638900462962962	31
MST60136	24.645844907407408	31
MST60136	24.65278935185185	30.5
MST60136	24.659733796296294	31
MST60136	24.66667824074074	31
MST60136	24.673622685185187	30.5
MST60136	24.68056712962963	30.5
MST60136	24.687511574074072	30.5
MST60136	24.69445601851852	31
MST60136	24.701400462962962	31
MST60136	24.708344907407408	31
MST60136	24.71528935185185	30.5
MST60136	24.722233796296294	30
MST60136	24.72917824074074	31
MST60136	24.736122685185187	31
MST60136	24.74306712962963	31.5
MST60136	24.750011574074072	31.5
MST60136	24.75695601851852	30.5
MST60136	24.763900462962962	30.5
MST60136	24.770844907407408	30
MST60136	24.77778935185185	29.5
MST60136	24.784733796296294	29
MST60136	24.79167824074074	29
MST60136	24.798622685185187	28.5
MST60136	24.80556712962963	28
MST60136	24.812511574074072	28
MST60136	24.81945601851852	28.5
MST60136	24.826400462962962	28.5
MST60136	24.833344907407408	28
MST60136	24.84028935185185	29.5
MST60136	24.847233796296294	31.5
MST60136	24.85417824074074	33
MST60136	24.861122685185187	32.5
MST60136	24.86806712962963	32
MST60136	24.875011574074072	31
MST60136	24.88195601851852	30.5
MST60136	24.888900462962962	30
MST60136	24.895844907407408	29.5
MST60136	24.90278935185185	29
MST60136	24.909733796296294	29
MST60136	24.91667824074074	29
MST60136	24.923622685185187	29
MST60136	24.93056712962963	29
MST60136	24.937511574074072	29
MST60136	24.94445601851852	29
MST60136	24.951400462962962	29
MST60136	24.958344907407408	31
MST60136	24.96528935185185	31
MST60136	24.972233796296294	30.5
MST60136	24.97917824074074	30.5
MST60136	24.986122685185187	30.5
MST60136	24.99306712962963	30.5
MST60136	25.000011574074072	30.5
MST60136	25.00695601851852	30.5
MST60136	25.013900462962965	33
MST60136	25.020844907407408	32.5
MST60136	25.02778935185185	32.5
MST60136	25.034733796296294	33
MST60136	25.04167824074074	34
MST60136	25.048622685185187	32.5
MST60136	25.05556712962963	31
MST60136	25.062511574074072	33.5
MST60136	25.06945601851852	34
MST60136	25.076400462962965	34.5
MST60136	25.083344907407408	34.5
MST60136	25.09028935185185	33.5
MST60136	25.097233796296294	32.5
MST60136	25.10417824074074	33
MST60136	25.111122685185187	33
MST60136	25.11806712962963	31.5
MST60136	25.125011574074072	33
MST60136	25.13195601851852	33.5
MST60136	25.138900462962965	32
MST60136	25.145844907407408	32
MST60136	25.15278935185185	31.5
MST60136	25.159733796296294	33.5
MST60136	25.16667824074074	34
MST60136	25.173622685185187	32
MST60136	25.18056712962963	34
MST60136	25.187511574074072	35
MST60136	25.19445601851852	34
MST60136	25.201400462962965	33.5
MST60136	25.208344907407408	33.5
MST60136	25.21528935185185	34
MST60136	25.222233796296294	31.5
MST60136	25.22917824074074	32.5
MST60136	25.236122685185187	31.5
MST60136	25.24306712962963	31.5
MST60136	25.250011574074072	31
MST60136	25.25695601851852	34.5
MST60136	25.263900462962965	33.5
MST60136	25.270844907407408	34.5
MST60136	25.27778935185185	33
MST60136	25.284733796296294	33.5
MST60136	25.29167824074074	35
MST60136	25.298622685185187	33
MST60136	25.30556712962963	31
MST60136	25.312511574074072	31.5
MST60136	25.31945601851852	33
MST60136	25.326400462962965	31.5
MST60136	25.333344907407408	32.5
MST60136	25.34028935185185	33
MST60136	25.347233796296294	32.5
MST60136	25.35417824074074	33
MST60136	25.361122685185187	32
MST60136	25.36806712962963	32
MST60136	25.375011574074072	32.5
MST60136	25.38195601851852	32.5
MST60136	25.388900462962965	31.5
MST60136	25.395844907407408	31.5
MST60136	25.40278935185185	31.5
MST60136	25.409733796296294	31
MST60136	25.41667824074074	31.5
MST60136	25.423622685185187	31
MST60136	25.43056712962963	31.5
MST60136	25.437511574074072	31
MST60136	25.44445601851852	31.5
MST60136	25.451400462962965	31.5
MST60136	25.458344907407408	31.5
MST60136	25.46528935185185	31.5
MST60136	25.472233796296294	31.5
MST60136	25.47917824074074	31.5
MST60136	25.486122685185187	31.5
MST60136	25.49306712962963	31.5
MST60136	25.500011574074072	31.5
MST60136	25.50695601851852	32
MST60136	25.513900462962965	31.5
MST60136	25.520844907407408	31.5
MST60136	25.52778935185185	31.5
MST60136	25.534733796296294	31.5
MST60136	25.54167824074074	31
MST60136	25.548622685185187	31
MST60136	25.55556712962963	31
MST60136	25.562511574074072	31
MST60136	25.56945601851852	31
MST60136	25.576400462962965	31
MST60136	25.583344907407408	30.5
MST60136	25.59028935185185	30.5
MST60136	25.597233796296294	30.5
MST60136	25.60417824074074	30.5
MST60136	25.611122685185187	31
MST60136	25.61806712962963	32
MST60136	25.625011574074072	31
MST60136	25.63195601851852	31
MST60136	25.638900462962965	31.5
MST60136	25.645844907407408	31.5
MST60136	25.65278935185185	31.5
MST60136	25.659733796296294	31.5
MST60136	25.66667824074074	31.5
MST60136	25.673622685185187	31
MST60136	25.68056712962963	31.5
MST60136	25.687511574074072	31.5
MST60136	25.69445601851852	31
MST60136	25.701400462962965	31
MST60136	25.708344907407408	31
MST60136	25.71528935185185	31
MST60136	25.722233796296294	30.5
MST60136	25.72917824074074	30.5
MST60136	25.736122685185187	30
MST60136	25.74306712962963	29.5
MST60136	25.750011574074072	29.5
MST60136	25.75695601851852	30
MST60136	25.763900462962965	29.5
MST60136	25.770844907407408	29.5
MST60136	25.77778935185185	30
MST60136	25.784733796296294	30
MST60136	25.79167824074074	30
MST60136	25.798622685185187	29.5
MST60136	25.80556712962963	29
MST60136	25.812511574074072	28.5
MST60136	25.81945601851852	28.5
MST60136	25.826400462962965	28
MST60136	25.833344907407408	27.5
MST60136	25.84028935185185	28
MST60136	25.847233796296294	28.5
MST60136	25.85417824074074	29
MST60136	25.861122685185187	28.5
MST60136	25.86806712962963	28
MST60136	25.875011574074072	27.5
MST60136	25.88195601851852	27
MST60136	25.888900462962965	27
MST60136	25.895844907407408	26.5
MST60136	25.90278935185185	26
MST60136	25.909733796296294	26.5
MST60136	25.91667824074074	28
MST60136	25.923622685185187	30
MST60136	25.93056712962963	30.5
MST60136	25.937511574074072	30.5
MST60136	25.94445601851852	31
MST60136	25.951400462962965	31.5
MST60136	25.958344907407408	31
MST60136	25.96528935185185	31
MST60136	25.972233796296294	31
MST60136	25.97917824074074	31
MST60136	25.986122685185187	31
MST60136	25.99306712962963	31
MST60136	26.000011574074072	31
MST60136	26.00695601851852	31
MST60136	26.013900462962965	33
MST60136	26.020844907407408	32
MST60136	26.02778935185185	31.5
MST60136	26.034733796296294	31
MST60136	26.04167824074074	33
MST60136	26.048622685185187	34
MST60136	26.05556712962963	33.5
MST60136	26.062511574074072	32.5
MST60136	26.06945601851852	32.5
MST60136	26.076400462962965	32.5
MST60136	26.083344907407408	31.5
MST60136	26.09028935185185	32
MST60136	26.097233796296294	33
MST60136	26.10417824074074	32.5
MST60136	26.111122685185187	32
MST60136	26.11806712962963	32.5
MST60136	26.125011574074072	32.5
MST60136	26.13195601851852	34
MST60136	26.138900462962965	32.5
MST60136	26.145844907407408	34.5
MST60136	26.15278935185185	33
MST60136	26.159733796296294	32.5
MST60136	26.16667824074074	34
MST60136	26.173622685185187	33.5
MST60136	26.18056712962963	33.5
MST60136	26.187511574074072	32
MST60136	26.19445601851852	31.5
MST60136	26.201400462962965	33
MST60136	26.208344907407408	31
MST60136	26.21528935185185	31.5
MST60136	26.222233796296294	31
MST60136	26.22917824074074	33
MST60136	26.236122685185187	33
MST60136	26.24306712962963	31.5
MST60136	26.250011574074072	33.5
MST60136	26.25695601851852	33.5
MST60136	26.263900462962965	33
MST60136	26.270844907407408	34
MST60136	26.27778935185185	32
MST60136	26.284733796296294	30.5
MST60136	26.29167824074074	31
MST60136	26.298622685185187	31.5
MST60136	26.30556712962963	32
MST60136	26.312511574074072	32.5
MST60136	26.31945601851852	33
MST60136	26.326400462962965	32.5
MST60136	26.333344907407408	31
MST60136	26.34028935185185	30.5
MST60136	26.347233796296294	31
MST60136	26.35417824074074	31
MST60136	26.361122685185187	31.5
MST60136	26.36806712962963	32
MST60136	26.375011574074072	32.5
MST60136	26.38195601851852	32
MST60136	26.388900462962965	32
MST60136	26.395844907407408	32
MST60136	26.40278935185185	33
MST60136	26.409733796296294	33
MST60136	26.41667824074074	33.5
MST60136	26.423622685185187	33.5
MST60136	26.43056712962963	33.5
MST60136	26.437511574074072	33.5
MST60136	26.44445601851852	33
MST60136	26.451400462962965	32.5
MST60136	26.458344907407408	32.5
MST60136	26.46528935185185	33
MST60136	26.472233796296294	32.5
MST60136	26.47917824074074	33
MST60136	26.486122685185187	33
MST60136	26.49306712962963	32.5
MST60136	26.500011574074072	32.5
MST60136	26.50695601851852	32.5
MST60136	26.513900462962965	32
MST60136	26.520844907407408	31.5
MST60136	26.52778935185185	31.5
MST60136	26.534733796296294	31.5
MST60139	16.001400462962962	32.5
MST60139	16.00834490740741	32
MST60139	16.01528935185185	31.5
MST60139	16.022233796296295	31
MST60139	16.02917824074074	31.5
MST60139	16.036122685185184	32
MST60139	16.04306712962963	30.5
MST60139	16.050011574074073	33
MST60139	16.05695601851852	32.5
MST60139	16.063900462962962	31
MST60139	16.07084490740741	32
MST60139	16.07778935185185	32
MST60139	16.084733796296295	32
MST60139	16.09167824074074	33
MST60139	16.098622685185184	33.5
MST60139	16.10556712962963	33.5
MST60139	16.112511574074073	32
MST60139	16.11945601851852	31
MST60139	16.126400462962962	34.5
MST60139	16.13334490740741	32
MST60139	16.14028935185185	32
MST60139	16.147233796296295	33
MST60139	16.15417824074074	33
MST60139	16.161122685185184	30.5
MST60139	16.16806712962963	31
MST60139	16.175011574074073	31.5
MST60139	16.18195601851852	32
MST60139	16.188900462962962	32
MST60139	16.19584490740741	32
MST60139	16.20278935185185	31
MST60139	16.209733796296295	33.5
MST60139	16.21667824074074	32.5
MST60139	16.223622685185184	32
MST60139	16.23056712962963	32
MST60139	16.237511574074073	32
MST60139	16.24445601851852	33.5
MST60139	16.251400462962962	32
MST60139	16.25834490740741	32
MST60139	16.26528935185185	31.5
MST60139	16.272233796296295	32
MST60139	16.27917824074074	32.5
MST60139	16.286122685185184	32
MST60139	16.29306712962963	32
MST60139	16.300011574074073	32
MST60139	16.30695601851852	31
MST60139	16.313900462962962	32
MST60139	16.32084490740741	32
MST60139	16.32778935185185	32
MST60139	16.334733796296295	32
MST60139	16.34167824074074	31.5
MST60139	16.348622685185184	32
MST60139	16.35556712962963	32
MST60139	16.362511574074073	32.5
MST60139	16.36945601851852	32
MST60139	16.376400462962962	33
MST60139	16.38334490740741	34
MST60139	16.39028935185185	34
MST60139	16.397233796296295	33
MST60139	16.40417824074074	33.5
MST60139	16.411122685185184	33.5
MST60139	16.41806712962963	33.5
MST60139	16.425011574074073	34
MST60139	16.43195601851852	33
MST60139	16.438900462962962	33
MST60139	16.44584490740741	32
MST60139	16.45278935185185	32
MST60139	16.459733796296295	32
MST60139	16.46667824074074	32.5
MST60139	16.473622685185184	32.5
MST60139	16.48056712962963	32
MST60139	16.487511574074073	32
MST60139	16.49445601851852	31.5
MST60139	16.501400462962962	33.5
MST60139	16.50834490740741	33
MST60139	16.51528935185185	33.5
MST60139	16.522233796296295	33
MST60139	16.52917824074074	32.5
MST60139	16.536122685185184	32
MST60139	16.54306712962963	32
MST60139	16.550011574074073	32
MST60139	16.55695601851852	31.5
MST60139	16.563900462962962	30.5
MST60139	16.57084490740741	30
MST60139	16.57778935185185	30
MST60139	16.584733796296295	30.5
MST60139	16.59167824074074	29
MST60139	16.598622685185184	29
MST60139	16.60556712962963	28.5
MST60139	16.612511574074073	29
MST60139	16.61945601851852	30
MST60139	16.626400462962962	29.5
MST60139	16.63334490740741	29.5
MST60139	16.64028935185185	31
MST60139	16.647233796296295	32
MST60139	16.65417824074074	32
MST60139	16.661122685185184	31.5
MST60139	16.66806712962963	31
MST60139	16.675011574074073	31.5
MST60139	16.68195601851852	31.5
MST60139	16.688900462962962	31.5
MST60139	16.69584490740741	31.5
MST60139	16.70278935185185	31.5
MST60139	16.709733796296295	32
MST60139	16.71667824074074	32.5
MST60139	16.723622685185184	32.5
MST60139	16.73056712962963	32
MST60139	16.737511574074073	32
MST60139	16.74445601851852	31.5
MST60139	16.751400462962962	30.5
MST60139	16.75834490740741	30
MST60139	16.76528935185185	29.5
MST60139	16.772233796296295	29.5
MST60139	16.77917824074074	30.5
MST60139	16.786122685185184	31
MST60139	16.79306712962963	30
MST60139	16.800011574074073	29.5
MST60139	16.80695601851852	29
MST60139	16.813900462962962	28.5
MST60139	16.82084490740741	28.5
MST60139	16.82778935185185	28
MST60139	16.834733796296295	28
MST60139	16.84167824074074	29.5
MST60139	16.848622685185184	29.5
MST60139	16.85556712962963	29.5
MST60139	16.862511574074073	29.5
MST60139	16.86945601851852	29.5
MST60139	16.876400462962962	29
MST60139	16.88334490740741	28
MST60139	16.89028935185185	28.5
MST60139	16.897233796296295	30
MST60139	16.90417824074074	30
MST60139	16.911122685185184	29
MST60139	16.91806712962963	29.5
MST60139	16.925011574074073	29.5
MST60139	16.93195601851852	29
MST60139	16.938900462962962	28.5
MST60139	16.94584490740741	28
MST60139	16.95278935185185	28
MST60139	16.959733796296295	27.5
MST60139	16.96667824074074	27.5
MST60139	16.973622685185184	27
MST60139	16.98056712962963	27
MST60139	16.987511574074073	27
MST60139	16.99445601851852	26.5
MST60139	17.001400462962962	26.5
MST60139	17.00834490740741	27
MST60139	17.01528935185185	26.5
MST60139	17.022233796296295	27
MST60139	17.02917824074074	26.5
MST60139	17.036122685185184	26.5
MST60139	17.04306712962963	26.5
MST60139	17.050011574074073	26.5
MST60139	17.05695601851852	27
MST60139	17.063900462962962	30
MST60139	17.07084490740741	32.5
MST60139	17.07778935185185	34.5
MST60139	17.084733796296295	33
MST60139	17.09167824074074	31.5
MST60139	17.098622685185184	32
MST60139	17.10556712962963	31
MST60139	17.112511574074073	32
MST60139	17.11945601851852	32
MST60139	17.126400462962962	34
MST60139	17.13334490740741	31
MST60139	17.14028935185185	32.5
MST60139	17.147233796296295	32
MST60139	17.15417824074074	31
MST60139	17.161122685185184	31.5
MST60139	17.16806712962963	31.5
MST60139	17.175011574074073	32
MST60139	17.18195601851852	33
MST60139	17.188900462962962	34.5
MST60139	17.19584490740741	34
MST60139	17.20278935185185	34.5
MST60139	17.209733796296295	34
MST60139	17.21667824074074	32.5
MST60139	17.223622685185184	32
MST60139	17.23056712962963	32
MST60139	17.237511574074073	31.5
MST60139	17.24445601851852	31
MST60139	17.251400462962962	32.5
MST60139	17.25834490740741	32
MST60139	17.26528935185185	33
MST60139	17.272233796296295	32.5
MST60139	17.27917824074074	31
MST60139	17.286122685185184	32
MST60139	17.29306712962963	32.5
MST60139	17.300011574074073	32
MST60139	17.30695601851852	32
MST60139	17.313900462962962	31.5
MST60139	17.32084490740741	31.5
MST60139	17.32778935185185	31
MST60139	17.334733796296295	31
MST60139	17.34167824074074	32
MST60139	17.348622685185184	32.5
MST60139	17.35556712962963	31.5
MST60139	17.362511574074073	34
MST60139	17.36945601851852	33
MST60139	17.376400462962962	33
MST60139	17.38334490740741	32.5
MST60139	17.39028935185185	32.5
MST60139	17.397233796296295	31.5
MST60139	17.40417824074074	31
MST60139	17.411122685185184	32
MST60139	17.41806712962963	31.5
MST60139	17.425011574074073	31
MST60139	17.43195601851852	31.5
MST60139	17.438900462962962	31
MST60139	17.44584490740741	31.5
MST60139	17.45278935185185	31.5
MST60139	17.459733796296298	31.5
MST60139	17.46667824074074	31
MST60139	17.473622685185184	31
MST60139	17.48056712962963	31.5
MST60139	17.487511574074073	32
MST60139	17.49445601851852	31
MST60139	17.501400462962962	31.5
MST60139	17.50834490740741	31.5
MST60139	17.51528935185185	32.5
MST60139	17.522233796296298	32
MST60139	17.52917824074074	32.5
MST60139	17.536122685185184	33
MST60139	17.54306712962963	32.5
MST60139	17.550011574074073	32
MST60139	17.55695601851852	32
MST60139	17.563900462962962	32
MST60139	17.57084490740741	31.5
MST60139	17.57778935185185	31.5
MST60139	17.584733796296298	32
MST60139	17.59167824074074	32
MST60139	17.598622685185184	32
MST60139	17.60556712962963	32.5
MST60139	17.612511574074073	32
MST60139	17.61945601851852	32
MST60139	17.626400462962962	32.5
MST60139	17.63334490740741	32.5
MST60139	17.64028935185185	32.5
MST60139	17.647233796296298	32
MST60139	17.65417824074074	31.5
MST60139	17.661122685185184	31
MST60139	17.66806712962963	30
MST60139	17.675011574074073	29.5
MST60139	17.68195601851852	29.5
MST60139	17.688900462962962	29.5
MST60139	17.69584490740741	28.5
MST60139	17.70278935185185	28.5
MST60139	17.709733796296298	30.5
MST60139	17.71667824074074	32
MST60139	17.723622685185184	31.5
MST60139	17.73056712962963	32
MST60139	17.737511574074073	31.5
MST60139	17.74445601851852	32
MST60139	17.751400462962962	31.5
MST60139	17.75834490740741	31
MST60139	17.76528935185185	30
MST60139	17.772233796296298	29
MST60139	17.77917824074074	28
MST60139	17.786122685185184	27
MST60139	17.79306712962963	26.5
MST60139	17.800011574074073	26
MST60139	17.80695601851852	26
MST60139	17.813900462962962	26
MST60139	17.82084490740741	26
MST60139	17.82778935185185	26
MST60139	17.834733796296298	27
MST60139	17.84167824074074	30.5
MST60139	17.848622685185184	31.5
MST60139	17.85556712962963	32
MST60139	17.862511574074073	32
MST60139	17.86945601851852	30.5
MST60139	17.876400462962962	29
MST60139	17.88334490740741	29.5
MST60139	17.89028935185185	28
MST60139	17.897233796296298	27
MST60139	17.90417824074074	26.5
MST60139	17.911122685185184	26
MST60139	17.91806712962963	25.5
MST60139	17.925011574074073	25.5
MST60139	17.93195601851852	25
MST60139	17.938900462962962	24.5
MST60139	17.94584490740741	24.5
MST60139	17.95278935185185	24.5
MST60139	17.959733796296298	24.5
MST60139	17.96667824074074	24.5
MST60139	17.973622685185184	24
MST60139	17.98056712962963	24
MST60139	17.987511574074073	24
MST60139	17.99445601851852	25
MST60139	18.001400462962962	27
MST60139	18.00834490740741	30
MST60139	18.01528935185185	30.5
MST60139	18.022233796296298	30.5
MST60139	18.02917824074074	29
MST60139	18.036122685185184	28
MST60139	18.04306712962963	27.5
MST60139	18.050011574074073	27
MST60139	18.05695601851852	28.5
MST60139	18.063900462962962	33
MST60139	18.07084490740741	31.5
MST60139	18.07778935185185	32.5
MST60139	18.084733796296298	33
MST60139	18.09167824074074	32.5
MST60139	18.098622685185184	31
MST60139	18.10556712962963	34.5
MST60139	18.112511574074073	34
MST60139	18.11945601851852	34.5
MST60139	18.126400462962962	32.5
MST60139	18.13334490740741	30
MST60139	18.14028935185185	30.5
MST60139	18.147233796296298	31.5
MST60139	18.15417824074074	31
MST60139	18.161122685185184	31.5
MST60139	18.16806712962963	30.5
MST60139	18.175011574074073	32.5
MST60139	18.18195601851852	31.5
MST60139	18.188900462962962	33
MST60139	18.19584490740741	30
MST60139	18.20278935185185	33
MST60139	18.209733796296298	30.5
MST60139	18.21667824074074	31
MST60139	18.223622685185184	31
MST60139	18.23056712962963	33
MST60139	18.237511574074073	32.5
MST60139	18.24445601851852	33.5
MST60139	18.251400462962962	34
MST60139	18.25834490740741	34
MST60139	18.26528935185185	32
MST60139	18.272233796296298	31
MST60139	18.27917824074074	31
MST60139	18.286122685185184	32
MST60139	18.29306712962963	32
MST60139	18.300011574074073	33
MST60139	18.30695601851852	31.5
MST60139	18.313900462962962	30.5
MST60139	18.32084490740741	30
MST60139	18.32778935185185	30
MST60139	18.334733796296298	31.5
MST60139	18.34167824074074	31
MST60139	18.348622685185184	31
MST60139	18.35556712962963	31
MST60139	18.362511574074073	32
MST60139	18.36945601851852	31.5
MST60139	18.376400462962962	31
MST60139	18.38334490740741	31.5
MST60139	18.39028935185185	31
MST60139	18.397233796296298	31.5
MST60139	18.40417824074074	30
MST60139	18.411122685185184	32
MST60139	18.41806712962963	32
MST60139	18.425011574074073	31.5
MST60139	18.43195601851852	31.5
MST60139	18.438900462962962	31
MST60139	18.44584490740741	31
MST60139	18.45278935185185	31
MST60139	18.459733796296298	31.5
MST60139	18.46667824074074	31
MST60139	18.473622685185184	31
MST60139	18.48056712962963	31.5
MST60139	18.487511574074073	31.5
MST60139	18.49445601851852	31.5
MST60139	18.501400462962962	31
MST60139	18.50834490740741	31
MST60139	18.51528935185185	30
MST60139	18.522233796296298	29.5
MST60139	18.52917824074074	29.5
MST60139	18.536122685185184	29
MST60139	18.54306712962963	28.5
MST60139	18.550011574074073	28
MST60139	18.55695601851852	28
MST60139	18.563900462962962	28
MST60139	18.57084490740741	27.5
MST60139	18.57778935185185	27.5
MST60139	18.584733796296298	27.5
MST60139	18.59167824074074	28
MST60139	18.598622685185184	27.5
MST60139	18.60556712962963	28
MST60139	18.612511574074073	27.5
MST60139	18.61945601851852	27.5
MST60139	18.626400462962962	28
MST60139	18.63334490740741	27.5
MST60139	18.64028935185185	27.5
MST60139	18.647233796296298	27.5
MST60139	18.65417824074074	27.5
MST60139	18.661122685185184	27.5
MST60139	18.66806712962963	28
MST60139	18.675011574074073	29.5
MST60139	18.68195601851852	32.5
MST60139	18.688900462962962	32
MST60139	18.69584490740741	32
MST60139	18.70278935185185	31.5
MST60139	18.709733796296298	32
MST60139	18.71667824074074	31.5
MST60139	18.723622685185184	32
MST60139	18.73056712962963	32
MST60139	18.737511574074073	32
MST60139	18.74445601851852	31.5
MST60139	18.751400462962962	31.5
MST60139	18.75834490740741	31.5
MST60139	18.76528935185185	32
MST60139	18.772233796296298	31.5
MST60139	18.77917824074074	31.5
MST60139	18.786122685185184	31.5
MST60139	18.79306712962963	31.5
MST60139	18.800011574074073	31
MST60139	18.80695601851852	31.5
MST60139	18.813900462962962	30.5
MST60139	18.82084490740741	30
MST60139	18.82778935185185	29
MST60139	18.834733796296298	28
MST60139	18.84167824074074	27.5
MST60139	18.848622685185184	28.5
MST60139	18.85556712962963	30.5
MST60139	18.862511574074073	30
MST60139	18.86945601851852	29.5
MST60139	18.876400462962962	29
MST60139	18.883344907407405	28.5
MST60139	18.89028935185185	28.5
MST60139	18.897233796296295	27.5
MST60139	18.90417824074074	27.5
MST60139	18.911122685185184	27
MST60139	18.91806712962963	27
MST60139	18.925011574074073	26.5
MST60139	18.93195601851852	26
MST60139	18.938900462962962	26.5
MST60139	18.945844907407405	26.5
MST60139	18.95278935185185	26.5
MST60139	18.959733796296295	26
MST60139	18.96667824074074	25.5
MST60139	18.973622685185184	25
MST60139	18.98056712962963	25
MST60139	18.987511574074073	25
MST60139	18.99445601851852	25
MST60139	19.001400462962962	25
MST60139	19.008344907407405	25.5
MST60139	19.01528935185185	26
MST60139	19.022233796296295	26
MST60139	19.02917824074074	28
MST60139	19.036122685185184	27.5
MST60139	19.04306712962963	30.5
MST60139	19.050011574074073	32
MST60139	19.05695601851852	32.5
MST60139	19.063900462962962	33.5
MST60139	19.070844907407405	32.5
MST60139	19.07778935185185	32
MST60139	19.084733796296295	32
MST60139	19.09167824074074	32
MST60139	19.098622685185184	32
MST60139	19.10556712962963	31
MST60139	19.112511574074073	31.5
MST60139	19.11945601851852	30.5
MST60139	19.126400462962962	31
MST60139	19.133344907407405	32.5
MST60139	19.14028935185185	32.5
MST60139	19.147233796296295	32
MST60139	19.15417824074074	31
MST60139	19.161122685185184	33.5
MST60139	19.16806712962963	33
MST60139	19.175011574074073	33
MST60139	19.18195601851852	33.5
MST60139	19.188900462962962	31
MST60139	19.195844907407405	32
MST60139	19.20278935185185	30
MST60139	19.209733796296295	30.5
MST60139	19.21667824074074	32
MST60139	19.223622685185184	31
MST60139	19.23056712962963	31
MST60139	19.237511574074073	31.5
MST60139	19.24445601851852	34
MST60139	19.251400462962962	31.5
MST60139	19.258344907407405	31
MST60139	19.26528935185185	32
MST60139	19.272233796296295	32
MST60139	19.27917824074074	31.5
MST60139	19.286122685185184	32
MST60139	19.29306712962963	31
MST60139	19.300011574074073	32
MST60139	19.30695601851852	31.5
MST60139	19.313900462962962	32
MST60139	19.320844907407405	32
MST60139	19.32778935185185	31.5
MST60139	19.334733796296295	31
MST60139	19.34167824074074	34
MST60139	19.348622685185184	34.5
MST60139	19.35556712962963	33.5
MST60139	19.362511574074073	33.5
MST60139	19.36945601851852	34
MST60139	19.376400462962962	34
MST60139	19.383344907407405	33.5
MST60139	19.39028935185185	33
MST60139	19.397233796296295	32.5
MST60139	19.40417824074074	32.5
MST60139	19.411122685185184	36.5
MST60139	19.41806712962963	35.5
MST60139	19.425011574074073	34.5
MST60139	19.43195601851852	34
MST60139	19.438900462962962	33.5
MST60139	19.445844907407405	33
MST60139	19.45278935185185	33
MST60139	19.459733796296295	32.5
MST60139	19.46667824074074	32.5
MST60139	19.473622685185184	33
MST60139	19.48056712962963	33
MST60139	19.487511574074073	32
MST60139	19.49445601851852	32
MST60139	19.501400462962962	32
MST60139	19.508344907407405	31.5
MST60139	19.51528935185185	31.5
MST60139	19.522233796296295	32
MST60139	19.52917824074074	32
MST60139	19.536122685185184	31.5
MST60139	19.54306712962963	31
MST60139	19.550011574074073	30.5
MST60139	19.55695601851852	30
MST60139	19.563900462962962	30.5
MST60139	19.570844907407405	30
MST60139	19.57778935185185	30
MST60139	19.584733796296295	30.5
MST60139	19.59167824074074	29.5
MST60139	19.598622685185184	30
MST60139	19.60556712962963	30
MST60139	19.612511574074073	29.5
MST60139	19.61945601851852	30
MST60139	19.626400462962962	29
MST60139	19.633344907407405	28.5
MST60139	19.64028935185185	28.5
MST60139	19.647233796296295	28.5
MST60139	19.65417824074074	28.5
MST60139	19.661122685185184	28
MST60139	19.66806712962963	28
MST60139	19.675011574074073	28.5
MST60139	19.68195601851852	28.5
MST60139	19.688900462962962	28.5
MST60139	19.695844907407405	32
MST60139	19.70278935185185	33.5
MST60139	19.709733796296295	32.5
MST60139	19.71667824074074	32.5
MST60139	19.723622685185184	32.5
MST60139	19.73056712962963	32.5
MST60139	19.737511574074073	32.5
MST60139	19.74445601851852	32
MST60139	19.751400462962962	32.5
MST60139	19.758344907407405	31.5
MST60139	19.76528935185185	32
MST60139	19.772233796296295	32
MST60139	19.77917824074074	31.5
MST60139	19.786122685185184	31
MST60139	19.79306712962963	31
MST60139	19.800011574074073	30.5
MST60139	19.80695601851852	31.5
MST60139	19.813900462962962	32.5
MST60139	19.820844907407405	32.5
MST60139	19.82778935185185	32
MST60139	19.834733796296295	31.5
MST60139	19.84167824074074	31
MST60139	19.848622685185184	30
MST60139	19.85556712962963	29
MST60139	19.862511574074073	28.5
MST60139	19.86945601851852	28
MST60139	19.876400462962962	27.5
MST60139	19.883344907407405	27.5
MST60139	19.89028935185185	27
MST60139	19.897233796296295	26.5
MST60139	19.90417824074074	26.5
MST60139	19.911122685185184	26
MST60139	19.91806712962963	26
MST60139	19.925011574074073	25.5
MST60139	19.93195601851852	25.5
MST60139	19.938900462962962	25.5
MST60139	19.945844907407405	25.5
MST60139	19.95278935185185	27.5
MST60139	19.959733796296295	32
MST60139	19.96667824074074	32
MST60139	19.973622685185184	31.5
MST60139	19.98056712962963	31
MST60139	19.987511574074073	31.5
MST60139	19.99445601851852	31
MST60139	20.001400462962962	31
MST60139	20.008344907407405	31.5
MST60139	20.01528935185185	30.5
MST60139	20.022233796296298	30
MST60139	20.02917824074074	29.5
MST60139	20.036122685185184	29.5
MST60139	20.04306712962963	28.5
MST60139	20.050011574074073	29
MST60139	20.05695601851852	29
MST60139	20.063900462962962	28.5
MST60139	20.070844907407405	29.5
MST60139	20.07778935185185	32
MST60139	20.084733796296298	32
MST60139	20.09167824074074	32.5
MST60139	20.098622685185184	31
MST60139	20.10556712962963	33.5
MST60139	20.112511574074073	35
MST60139	20.11945601851852	31.5
MST60139	20.126400462962962	30.5
MST60139	20.133344907407405	30.5
MST60139	20.14028935185185	31.5
MST60139	20.147233796296298	30.5
MST60139	20.15417824074074	32.5
MST60139	20.161122685185184	32
MST60139	20.16806712962963	31.5
MST60139	20.175011574074073	32.5
MST60139	20.18195601851852	33
MST60139	20.188900462962962	31
MST60139	20.195844907407405	34
MST60139	20.20278935185185	34
MST60139	20.209733796296298	31.5
MST60139	20.21667824074074	30.5
MST60139	20.223622685185184	33
MST60139	20.23056712962963	31.5
MST60139	20.237511574074073	31
MST60139	20.24445601851852	31.5
MST60139	20.251400462962962	31
MST60139	20.258344907407405	32
MST60139	20.26528935185185	30.5
MST60139	20.272233796296298	31.5
MST60139	20.27917824074074	32
MST60139	20.286122685185184	32
MST60139	20.29306712962963	32
MST60139	20.300011574074073	32.5
MST60139	20.30695601851852	32.5
MST60139	20.313900462962962	32
MST60139	20.320844907407405	32.5
MST60139	20.32778935185185	32
MST60139	20.334733796296298	32.5
MST60139	20.34167824074074	33
MST60139	20.348622685185184	32.5
MST60139	20.35556712962963	32.5
MST60139	20.362511574074073	32.5
MST60139	20.36945601851852	32.5
MST60139	20.376400462962962	32
MST60139	20.383344907407405	32.5
MST60139	20.39028935185185	32
MST60139	20.397233796296298	31.5
MST60139	20.40417824074074	32
MST60139	20.411122685185184	31.5
MST60139	20.41806712962963	31
MST60139	20.425011574074073	31
MST60139	20.43195601851852	31.5
MST60139	20.438900462962962	31
MST60139	20.445844907407405	30.5
MST60139	20.45278935185185	30.5
MST60139	20.459733796296298	31
MST60139	20.46667824074074	30
MST60139	20.473622685185184	30
MST60139	20.48056712962963	30
MST60139	20.487511574074073	30
MST60139	20.49445601851852	30
MST60139	20.501400462962962	30
MST60139	20.508344907407405	30
MST60139	20.51528935185185	31.5
MST60139	20.522233796296298	31.5
MST60139	20.52917824074074	32
MST60139	20.536122685185184	32
MST60139	20.54306712962963	32
MST60139	20.550011574074073	32
MST60139	20.55695601851852	32
MST60139	20.563900462962962	32
MST60139	20.570844907407405	31.5
MST60139	20.57778935185185	30.5
MST60139	20.584733796296298	30
MST60139	20.59167824074074	29
MST60139	20.598622685185184	28.5
MST60139	20.60556712962963	28.5
MST60139	20.612511574074073	28.5
MST60139	20.61945601851852	27.5
MST60139	20.626400462962962	27.5
MST60139	20.633344907407405	28.5
MST60139	20.64028935185185	28.5
MST60139	20.647233796296298	28.5
MST60139	20.65417824074074	28
MST60139	20.661122685185184	28
MST60139	20.66806712962963	28
MST60139	20.675011574074073	28
MST60139	20.68195601851852	28
MST60139	20.688900462962962	28
MST60139	20.695844907407405	27.5
MST60139	20.70278935185185	27.5
MST60139	20.709733796296298	27.5
MST60139	20.71667824074074	27
MST60139	20.723622685185184	27
MST60139	20.73056712962963	27
MST60139	20.737511574074073	27
MST60139	20.74445601851852	27
MST60139	20.751400462962962	27
MST60139	20.758344907407405	27
MST60139	20.76528935185185	26.5
MST60139	20.772233796296298	26.5
MST60139	20.77917824074074	26.5
MST60139	20.786122685185184	26.5
MST60139	20.79306712962963	26.5
MST60139	20.800011574074073	27
MST60139	20.80695601851852	27
MST60139	20.813900462962962	27.5
MST60139	20.820844907407405	27.5
MST60139	20.82778935185185	28
MST60139	20.834733796296298	28.5
MST60139	20.84167824074074	28.5
MST60139	20.848622685185184	29.5
MST60139	20.85556712962963	31.5
MST60139	20.862511574074073	31
MST60139	20.86945601851852	32
MST60139	20.876400462962962	32
MST60139	20.883344907407405	32.5
MST60139	20.89028935185185	32.5
MST60139	20.897233796296298	32.5
MST60139	20.90417824074074	32.5
MST60139	20.911122685185184	32.5
MST60139	20.91806712962963	31.5
MST60139	20.925011574074073	31
MST60139	20.93195601851852	30
MST60139	20.938900462962962	29.5
MST60139	20.945844907407405	29
MST60139	20.95278935185185	29
MST60139	20.959733796296298	28.5
MST60139	20.96667824074074	28.5
MST60139	20.973622685185184	27
MST60139	20.98056712962963	27
MST60139	20.987511574074073	26.5
MST60139	20.99445601851852	26.5
MST60139	21.001400462962962	26.5
MST60139	21.008344907407405	26
MST60139	21.01528935185185	26.5
MST60139	21.022233796296298	27
MST60139	21.02917824074074	31
MST60139	21.036122685185184	32.5
MST60139	21.04306712962963	32
MST60139	21.050011574074073	31.5
MST60139	21.05695601851852	33
MST60139	21.063900462962962	32.5
MST60139	21.070844907407405	31.5
MST60139	21.07778935185185	33
MST60139	21.084733796296298	33
MST60139	21.09167824074074	34
MST60139	21.098622685185184	33
MST60139	21.10556712962963	32.5
MST60139	21.112511574074073	32.5
MST60139	21.11945601851852	32.5
MST60139	21.126400462962962	33.5
MST60139	21.133344907407405	32
MST60139	21.14028935185185	32
MST60139	21.147233796296298	32
MST60139	21.15417824074074	31
MST60139	21.161122685185184	31
MST60139	21.16806712962963	32.5
MST60139	21.175011574074073	31
MST60139	21.18195601851852	33
MST60139	21.188900462962962	33
MST60139	21.195844907407405	33
MST60139	21.20278935185185	32.5
MST60139	21.209733796296298	32.5
MST60139	21.21667824074074	34.5
MST60139	21.223622685185184	34.5
MST60139	21.23056712962963	33.5
MST60139	21.237511574074073	33
MST60139	21.24445601851852	32.5
MST60139	21.251400462962962	33
MST60139	21.258344907407405	31
MST60139	21.26528935185185	31
MST60139	21.272233796296298	31
MST60139	21.27917824074074	31.5
MST60139	21.286122685185184	31
MST60139	21.29306712962963	31
MST60139	21.300011574074073	34
MST60139	21.30695601851852	33.5
MST60139	21.313900462962962	31
MST60139	21.320844907407405	34
MST60139	21.32778935185185	35
MST60139	21.334733796296298	34
MST60139	21.34167824074074	33.5
MST60139	21.348622685185184	33.5
MST60139	21.35556712962963	33
MST60139	21.362511574074073	32
MST60139	21.36945601851852	32.5
MST60139	21.376400462962962	33.5
MST60139	21.383344907407405	34.5
MST60139	21.39028935185185	33
MST60139	21.397233796296298	32
MST60139	21.40417824074074	31.5
MST60139	21.411122685185184	33.5
MST60139	21.41806712962963	33
MST60139	21.425011574074073	32.5
MST60139	21.43195601851852	31.5
MST60139	21.438900462962962	32
MST60139	21.445844907407405	33
MST60139	21.45278935185185	33
MST60139	21.459733796296298	32.5
MST60139	21.46667824074074	33
MST60139	21.473622685185184	33
MST60139	21.48056712962963	33
MST60139	21.487511574074073	33
MST60139	21.49445601851852	32.5
MST60139	21.501400462962962	32.5
MST60139	21.508344907407405	32.5
MST60139	21.51528935185185	33.5
MST60139	21.522233796296298	32.5
MST60139	21.52917824074074	32
MST60139	21.536122685185184	32
MST60139	21.54306712962963	32
MST60139	21.550011574074073	31.5
MST60139	21.55695601851852	32
MST60139	21.563900462962962	31.5
MST60139	21.570844907407405	32
MST60139	21.57778935185185	31.5
MST60139	21.584733796296298	31.5
MST60139	21.59167824074074	32
MST60139	21.598622685185184	31.5
MST60139	21.60556712962963	31.5
MST60139	21.612511574074073	31.5
MST60139	21.61945601851852	32
MST60139	21.626400462962962	32
MST60139	21.633344907407405	32
MST60139	21.64028935185185	32.5
MST60139	21.647233796296298	32
MST60139	21.65417824074074	32
MST60139	21.661122685185184	32
MST60139	21.66806712962963	32
MST60139	21.675011574074073	33.5
MST60139	21.68195601851852	33
MST60139	21.688900462962962	33
MST60139	21.695844907407405	32.5
MST60139	21.70278935185185	32.5
MST60139	21.709733796296298	32
MST60139	21.71667824074074	32.5
MST60139	21.723622685185184	33
MST60139	21.73056712962963	33
MST60139	21.737511574074073	32.5
MST60139	21.74445601851852	32.5
MST60139	21.751400462962962	33
MST60139	21.758344907407405	32
MST60139	21.76528935185185	33
MST60139	21.772233796296298	32.5
MST60139	21.77917824074074	32.5
MST60139	21.786122685185184	32.5
MST60139	21.79306712962963	32
MST60139	21.800011574074073	31.5
MST60139	21.80695601851852	32
MST60139	21.813900462962962	32.5
MST60139	21.820844907407405	32
MST60139	21.82778935185185	31.5
MST60139	21.834733796296298	32
MST60139	21.84167824074074	32.5
MST60139	21.848622685185184	32
MST60139	21.85556712962963	32.5
MST60139	21.862511574074073	32
MST60139	21.86945601851852	32
MST60139	21.876400462962962	32
MST60139	21.883344907407405	32
MST60139	21.89028935185185	31.5
MST60139	21.897233796296298	31.5
MST60139	21.90417824074074	31.5
MST60139	21.911122685185184	30.5
MST60139	21.91806712962963	29.5
MST60139	21.925011574074073	29.5
MST60139	21.93195601851852	28.5
MST60139	21.938900462962962	28
MST60139	21.945844907407405	27.5
MST60139	21.95278935185185	28
MST60139	21.959733796296298	27.5
MST60139	21.96667824074074	27
MST60139	21.973622685185184	27.5
MST60139	21.98056712962963	27.5
MST60139	21.987511574074073	27.5
MST60139	21.99445601851852	27.5
MST60139	22.001400462962962	27.5
MST60139	22.008344907407405	27
MST60139	22.01528935185185	26.5
MST60139	22.022233796296298	26.5
MST60139	22.02917824074074	26.5
MST60139	22.036122685185184	26.5
MST60139	22.04306712962963	27
MST60139	22.050011574074073	27
MST60139	22.05695601851852	26.5
MST60139	22.063900462962962	29.5
MST60139	22.070844907407405	32.5
MST60139	22.07778935185185	32
MST60139	22.084733796296298	33.5
MST60139	22.09167824074074	33.5
MST60139	22.098622685185184	32.5
MST60139	22.10556712962963	33
MST60139	22.112511574074073	32.5
MST60139	22.11945601851852	31.5
MST60139	22.126400462962962	30.5
MST60139	22.133344907407405	30.5
MST60139	22.14028935185185	31.5
MST60139	22.147233796296298	31.5
MST60139	22.15417824074074	31
MST60139	22.161122685185184	31.5
MST60139	22.16806712962963	31
MST60139	22.175011574074073	32.5
MST60139	22.18195601851852	32
MST60139	22.188900462962962	32.5
MST60139	22.195844907407405	32.5
MST60139	22.20278935185185	31
MST60139	22.209733796296298	33
MST60139	22.21667824074074	32
MST60139	22.223622685185184	31
MST60139	22.23056712962963	31.5
MST60139	22.237511574074073	33
MST60139	22.24445601851852	30.5
MST60139	22.251400462962962	32
MST60139	22.258344907407405	32.5
MST60139	22.26528935185185	30.5
MST60139	22.272233796296298	34
MST60139	22.27917824074074	34
MST60139	22.286122685185184	34.5
MST60139	22.29306712962963	34
MST60139	22.300011574074073	33.5
MST60139	22.30695601851852	33.5
MST60139	22.313900462962962	30.5
MST60139	22.320844907407405	32
MST60139	22.32778935185185	30.5
MST60139	22.334733796296298	31
MST60139	22.34167824074074	31
MST60139	22.348622685185184	31
MST60139	22.35556712962963	32
MST60139	22.362511574074073	31.5
MST60139	22.36945601851852	32.5
MST60139	22.376400462962962	35
MST60139	22.383344907407405	31.5
MST60139	22.39028935185185	33.5
MST60139	22.397233796296298	31.5
MST60139	22.40417824074074	32
MST60139	22.411122685185184	32
MST60139	22.41806712962963	31.5
MST60139	22.425011574074073	32.5
MST60139	22.43195601851852	33.5
MST60139	22.438900462962962	31.5
MST60139	22.445844907407405	31
MST60139	22.45278935185185	33.5
MST60139	22.459733796296298	32
MST60139	22.46667824074074	32.5
MST60139	22.473622685185184	32
MST60139	22.48056712962963	31.5
MST60139	22.487511574074073	31.5
MST60139	22.49445601851852	32
MST60139	22.501400462962962	32
MST60139	22.508344907407405	32
MST60139	22.51528935185185	36
MST60139	22.522233796296298	34.5
MST60139	22.52917824074074	34
MST60139	22.536122685185184	34
MST60139	22.54306712962963	34.5
MST60139	22.550011574074073	33.5
MST60139	22.55695601851852	34
MST60139	22.563900462962962	33.5
MST60139	22.570844907407405	33
MST60139	22.57778935185185	33
MST60139	22.584733796296298	33
MST60139	22.59167824074074	33
MST60139	22.598622685185184	32.5
MST60139	22.60556712962963	33.5
MST60139	22.612511574074073	33
MST60139	22.61945601851852	32
MST60139	22.626400462962962	32
MST60139	22.633344907407405	31
MST60139	22.64028935185185	32
MST60139	22.647233796296298	31.5
MST60139	22.65417824074074	31
MST60139	22.661122685185184	31
MST60139	22.66806712962963	31.5
MST60139	22.675011574074073	32
MST60139	22.68195601851852	32
MST60139	22.688900462962962	33
MST60139	22.695844907407405	33.5
MST60139	22.70278935185185	33
MST60139	22.709733796296298	32.5
MST60139	22.71667824074074	32.5
MST60139	22.723622685185184	33
MST60139	22.73056712962963	32.5
MST60139	22.737511574074073	32.5
MST60139	22.74445601851852	33
MST60139	22.751400462962962	32.5
MST60139	22.758344907407405	33
MST60139	22.76528935185185	32.5
MST60139	22.772233796296298	32
MST60139	22.77917824074074	32.5
MST60139	22.786122685185184	32.5
MST60139	22.79306712962963	31.5
MST60139	22.800011574074073	31.5
MST60139	22.80695601851852	31.5
MST60139	22.813900462962962	31
MST60139	22.820844907407405	30.5
MST60139	22.82778935185185	29.5
MST60139	22.834733796296298	31
MST60139	22.84167824074074	31.5
MST60139	22.848622685185184	31.5
MST60139	22.85556712962963	32
MST60139	22.862511574074073	32
MST60139	22.86945601851852	32
MST60139	22.876400462962962	32
MST60139	22.883344907407405	32
MST60139	22.89028935185185	32
MST60139	22.897233796296298	31.5
MST60139	22.90417824074074	32.5
MST60139	22.911122685185184	33
MST60139	22.91806712962963	32.5
MST60139	22.925011574074073	31.5
MST60139	22.93195601851852	31
MST60139	22.938900462962962	31
MST60139	22.945844907407405	32
MST60139	22.95278935185185	31
MST60139	22.959733796296298	31
MST60139	22.96667824074074	30.5
MST60139	22.973622685185184	30.5
MST60139	22.98056712962963	31
MST60139	22.987511574074073	31.5
MST60139	22.99445601851852	32
MST60139	23.001400462962962	31.5
MST60139	23.008344907407405	31
MST60139	23.01528935185185	31
MST60139	23.022233796296298	31
MST60139	23.02917824074074	31
MST60139	23.036122685185184	30.5
MST60139	23.04306712962963	29.5
MST60139	23.050011574074073	29.5
MST60139	23.05695601851852	29
MST60139	23.063900462962962	29
MST60139	23.070844907407405	28.5
MST60139	23.07778935185185	28.5
MST60139	23.084733796296298	28.5
MST60139	23.09167824074074	28
MST60139	23.098622685185184	28
MST60139	23.10556712962963	28.5
MST60139	23.112511574074073	31.5
MST60139	23.11945601851852	31
MST60139	23.126400462962962	31.5
MST60139	23.133344907407405	32
MST60139	23.14028935185185	32
MST60139	23.147233796296298	32
MST60139	23.15417824074074	32
MST60139	23.161122685185184	31
MST60139	23.16806712962963	32
MST60139	23.175011574074073	32.5
MST60139	23.18195601851852	32.5
MST60139	23.188900462962962	32
MST60139	23.195844907407405	31
MST60139	23.20278935185185	32
MST60139	23.209733796296298	34
MST60139	23.21667824074074	34.5
MST60139	23.223622685185184	32
MST60139	23.23056712962963	31.5
MST60139	23.237511574074073	30.5
MST60139	23.24445601851852	34
MST60139	23.251400462962962	34.5
MST60139	23.258344907407405	31
MST60139	23.26528935185185	32
MST60139	23.272233796296298	31.5
MST60139	23.27917824074074	31.5
MST60139	23.286122685185184	31.5
MST60139	23.29306712962963	32.5
MST60139	23.300011574074073	33
MST60139	23.30695601851852	34
MST60139	23.313900462962962	34
MST60139	23.320844907407405	33
MST60139	23.32778935185185	31.5
MST60139	23.334733796296298	32
MST60139	23.34167824074074	32
MST60139	23.348622685185184	32.5
MST60139	23.35556712962963	32.5
MST60139	23.362511574074073	32.5
MST60139	23.36945601851852	33
MST60139	23.376400462962962	33
MST60139	23.383344907407405	33
MST60139	23.39028935185185	33
MST60139	23.397233796296298	32.5
MST60139	23.40417824074074	32.5
MST60139	23.411122685185184	32.5
MST60139	23.41806712962963	32.5
MST60139	23.425011574074073	32
MST60139	23.43195601851852	32
MST60139	23.438900462962962	32.5
MST60139	23.445844907407405	32
MST60139	23.45278935185185	32
MST60139	23.459733796296298	32.5
MST60139	23.46667824074074	31.5
MST60139	23.473622685185184	32
MST60139	23.48056712962963	31.5
MST60139	23.487511574074073	31.5
MST60139	23.49445601851852	31.5
MST60139	23.501400462962962	31
MST60139	23.508344907407405	31
MST60139	23.51528935185185	33.5
MST60139	23.522233796296298	32.5
MST60139	23.52917824074074	31.5
MST60139	23.536122685185184	31.5
MST60139	23.54306712962963	31.5
MST60139	23.550011574074073	31
MST60139	23.55695601851852	31
MST60139	23.563900462962962	31
MST60139	23.570844907407405	31
MST60139	23.57778935185185	31.5
MST60139	23.584733796296298	31
MST60139	23.59167824074074	30.5
MST60139	23.598622685185184	30
MST60139	23.60556712962963	30.5
MST60139	23.612511574074073	30
MST60139	23.61945601851852	30
MST60139	23.626400462962962	30
MST60139	23.633344907407405	29.5
MST60139	23.64028935185185	29.5
MST60139	23.647233796296298	29.5
MST60139	23.65417824074074	29
MST60139	23.661122685185184	29.5
MST60139	23.66806712962963	30
MST60139	23.675011574074073	31
MST60139	23.68195601851852	32
MST60139	23.688900462962962	32.5
MST60139	23.695844907407405	32
MST60139	23.70278935185185	32.5
MST60139	23.709733796296298	32.5
MST60139	23.71667824074074	32.5
MST60139	23.723622685185184	32.5
MST60139	23.73056712962963	33
MST60139	23.737511574074073	32.5
MST60139	23.74445601851852	32
MST60139	23.751400462962962	31.5
MST60139	23.758344907407405	30.5
MST60139	23.76528935185185	30
MST60139	23.772233796296298	28
MST60139	23.77917824074074	28
MST60139	23.786122685185184	27.5
MST60139	23.79306712962963	27
MST60139	23.800011574074073	26.5
MST60139	23.80695601851852	25.5
MST60139	23.813900462962962	26
MST60139	23.820844907407405	26
MST60139	23.82778935185185	26.5
MST60139	23.834733796296298	26.5
MST60139	23.84167824074074	26
MST60139	23.848622685185184	26.5
MST60139	23.85556712962963	26.5
MST60139	23.862511574074073	27.5
MST60139	23.86945601851852	27
MST60139	23.876400462962962	26.5
MST60139	23.883344907407405	26.5
MST60139	23.89028935185185	26.5
MST60139	23.897233796296298	26.5
MST60139	23.90417824074074	27
MST60139	23.911122685185184	27.5
MST60139	23.91806712962963	27
MST60139	23.925011574074073	26
MST60139	23.93195601851852	26
MST60139	23.938900462962962	25
MST60139	23.945844907407405	25
MST60139	23.95278935185185	25
MST60139	23.959733796296298	28
MST60139	23.96667824074074	31.5
MST60139	23.973622685185184	32.5
MST60139	23.98056712962963	32.5
MST60139	23.987511574074073	32
MST60139	23.99445601851852	32.5
MST60139	24.001400462962962	32
MST60139	24.008344907407405	32.5
MST60139	24.01528935185185	32
MST60139	24.022233796296298	31.5
MST60139	24.02917824074074	31
MST60139	24.036122685185184	30.5
MST60139	24.04306712962963	30
MST60139	24.050011574074073	29.5
MST60139	24.05695601851852	29
MST60139	24.063900462962962	28.5
MST60139	24.070844907407405	28.5
MST60139	24.07778935185185	28.5
MST60139	24.084733796296298	30
MST60139	24.09167824074074	31.5
MST60139	24.098622685185184	33
MST60139	24.10556712962963	32.5
MST60139	24.112511574074073	30.5
MST60139	24.11945601851852	31.5
MST60139	24.126400462962962	34
MST60139	24.133344907407405	34.5
MST60139	24.14028935185185	32.5
MST60139	24.147233796296298	30.5
MST60139	24.15417824074074	31
MST60139	24.161122685185184	31.5
MST60139	24.16806712962963	34.5
MST60139	24.175011574074073	34
MST60139	24.18195601851852	32.5
MST60139	24.188900462962962	31.5
MST60139	24.195844907407405	32.5
MST60139	24.20278935185185	32
MST60139	24.209733796296298	32.5
MST60139	24.21667824074074	30.5
MST60139	24.223622685185184	31.5
MST60139	24.23056712962963	33
MST60139	24.237511574074073	33
MST60139	24.24445601851852	32.5
MST60139	24.251400462962962	32
MST60139	24.258344907407405	31.5
MST60139	24.26528935185185	32.5
MST60139	24.272233796296298	32.5
MST60139	24.27917824074074	32.5
MST60139	24.286122685185184	33.5
MST60139	24.29306712962963	34
MST60139	24.300011574074073	33
MST60139	24.30695601851852	33
MST60139	24.313900462962962	34
MST60139	24.320844907407405	34
MST60139	24.32778935185185	33.5
MST60139	24.334733796296298	33
MST60139	24.34167824074074	33
MST60139	24.348622685185184	32.5
MST60139	24.35556712962963	32.5
MST60139	24.362511574074073	32.5
MST60139	24.36945601851852	32.5
MST60139	24.376400462962962	32.5
MST60139	24.383344907407405	32
MST60139	24.39028935185185	31
MST60139	24.397233796296298	32
MST60139	24.40417824074074	32
MST60139	24.411122685185184	32.5
MST60139	24.41806712962963	32
MST60139	24.425011574074073	31
MST60139	24.43195601851852	30.5
MST60139	24.438900462962962	31.5
MST60139	24.445844907407405	31.5
MST60139	24.45278935185185	31
MST60139	24.459733796296298	31
MST60139	24.46667824074074	31.5
MST60139	24.473622685185184	31
MST60139	24.48056712962963	31.5
MST60139	24.487511574074073	31.5
MST60139	24.49445601851852	32
MST60139	24.501400462962962	31
MST60139	24.508344907407405	32
MST60139	24.51528935185185	33
MST60139	24.522233796296298	33
MST60139	24.52917824074074	33
MST60139	24.536122685185184	33
MST60139	24.54306712962963	33
MST60139	24.550011574074073	33
MST60139	24.55695601851852	33
MST60139	24.563900462962962	32.5
MST60139	24.570844907407405	31.5
MST60139	24.57778935185185	31
MST60139	24.584733796296298	30
MST60139	24.59167824074074	29.5
MST60139	24.598622685185184	29
MST60139	24.60556712962963	29
MST60139	24.612511574074073	29
MST60139	24.61945601851852	29.5
MST60139	24.626400462962962	30.5
MST60139	24.633344907407405	32
MST60139	24.64028935185185	32.5
MST60139	24.647233796296298	31.5
MST60139	24.65417824074074	31
MST60139	24.661122685185184	30.5
MST60139	24.66806712962963	29.5
MST60139	24.675011574074073	29
MST60139	24.68195601851852	28.5
MST60139	24.688900462962962	27.5
MST60139	24.695844907407405	26.5
MST60139	24.70278935185185	26.5
MST60139	24.709733796296298	26.5
MST60139	24.71667824074074	26
MST60139	24.723622685185184	26
MST60139	24.73056712962963	26
MST60139	24.737511574074073	26
MST60139	24.74445601851852	25.5
MST60139	24.751400462962962	25.5
MST60139	24.758344907407405	25
MST60139	24.76528935185185	25.5
MST60139	24.772233796296298	25
MST60139	24.77917824074074	25
MST60139	24.786122685185184	25
MST60139	24.79306712962963	25
MST60139	24.800011574074073	25.5
MST60139	24.80695601851852	25
MST60139	24.813900462962962	25.5
MST60139	24.820844907407405	25
MST60139	24.82778935185185	25
MST60139	24.834733796296298	25
MST60139	24.84167824074074	25
MST60139	24.848622685185184	24.5
MST60139	24.85556712962963	24.5
MST60139	24.862511574074073	24
MST60139	24.86945601851852	23.5
MST60139	24.876400462962962	23.5
MST60139	24.883344907407405	23.5
MST60139	24.89028935185185	23.5
MST60139	24.897233796296298	24
MST60139	24.90417824074074	24
MST60139	24.911122685185184	25
MST60139	24.91806712962963	24.5
MST60139	24.925011574074073	25
MST60139	24.93195601851852	24.5
MST60139	24.938900462962962	26.5
MST60139	24.945844907407405	31.5
MST60139	24.95278935185185	32.5
MST60139	24.959733796296298	32.5
MST60139	24.96667824074074	32.5
MST60139	24.973622685185184	32.5
MST60139	24.98056712962963	32.5
MST60139	24.987511574074073	32.5
MST60139	24.99445601851852	32
MST60139	25.001400462962962	31.5
MST60139	25.008344907407405	31.5
MST60139	25.01528935185185	31
MST60139	25.022233796296298	31
MST60139	25.02917824074074	31.5
MST60139	25.036122685185184	31
MST60139	25.04306712962963	30.5
MST60139	25.050011574074073	30
MST60139	25.05695601851852	30.5
MST60139	25.063900462962962	32
MST60139	25.070844907407405	34
MST60139	25.07778935185185	31
MST60139	25.084733796296298	31.5
MST60139	25.09167824074074	32.5
MST60139	25.098622685185184	32.5
MST60139	25.10556712962963	33
MST60139	25.112511574074073	33
MST60139	25.11945601851852	31.5
MST60139	25.126400462962962	35
MST60139	25.133344907407405	32
MST60139	25.14028935185185	31
MST60139	25.147233796296298	33
MST60139	25.15417824074074	31.5
MST60139	25.161122685185184	33
MST60139	25.16806712962963	31.5
MST60139	25.175011574074073	31
MST60139	25.18195601851852	31.5
MST60139	25.188900462962962	34
MST60139	25.195844907407405	34
MST60139	25.20278935185185	32
MST60139	25.209733796296298	32.5
MST60139	25.21667824074074	34
MST60139	25.223622685185184	34
MST60139	25.23056712962963	34
MST60139	25.237511574074073	32
MST60139	25.24445601851852	32
MST60139	25.251400462962962	31
MST60139	25.258344907407405	33
MST60139	25.26528935185185	34
MST60139	25.272233796296298	32
MST60139	25.27917824074074	32
MST60139	25.286122685185184	33.5
MST60139	25.29306712962963	33.5
MST60139	25.300011574074073	34
MST60139	25.30695601851852	34.5
MST60139	25.313900462962962	31.5
MST60139	25.320844907407405	31
MST60139	25.32778935185185	31
MST60139	25.334733796296298	31
MST60139	25.34167824074074	33.5
MST60139	25.348622685185184	34.5
MST60139	25.35556712962963	34
MST60139	25.362511574074073	33.5
MST60139	25.36945601851852	33.5
MST60139	25.376400462962962	33.5
MST60139	25.383344907407405	33.5
MST60139	25.39028935185185	33.5
MST60139	25.397233796296298	34
MST60139	25.40417824074074	34.5
MST60139	25.411122685185184	33.5
MST60139	25.41806712962963	33.5
MST60139	25.425011574074073	33
MST60139	25.43195601851852	33
MST60139	25.438900462962962	33
MST60139	25.445844907407405	33
MST60139	25.45278935185185	33
MST60139	25.459733796296298	33
MST60139	25.46667824074074	33
MST60139	25.473622685185184	32.5
MST60139	25.48056712962963	33
MST60139	25.487511574074073	33
MST60139	25.49445601851852	34
MST60139	25.501400462962962	34
MST60139	25.508344907407405	33.5
MST60139	25.51528935185185	33
MST60139	25.522233796296298	34.5
MST60139	25.52917824074074	33.5
MST60139	25.536122685185184	32.5
MST60139	25.54306712962963	32.5
MST60139	25.550011574074073	31.5
MST60139	25.55695601851852	30.5
MST60139	25.563900462962962	32
MST60139	25.570844907407405	32.5
MST60139	25.57778935185185	33
MST60139	25.584733796296298	33
MST60139	25.59167824074074	33
MST60139	25.598622685185184	34
MST60139	25.60556712962963	33.5
MST60139	25.612511574074073	33.5
MST60139	25.61945601851852	33
MST60139	25.626400462962962	33
MST60139	25.633344907407405	33
MST60139	25.64028935185185	32.5
MST60139	25.647233796296298	32.5
MST60139	25.65417824074074	32.5
MST60139	25.661122685185184	33
MST60139	25.66806712962963	33
MST60139	25.675011574074073	32.5
MST60139	25.68195601851852	32
MST60139	25.688900462962962	32
MST60139	25.695844907407405	33
MST60139	25.70278935185185	32.5
MST60139	25.709733796296298	32.5
MST60139	25.71667824074074	32.5
MST60139	25.723622685185184	32.5
MST60139	25.73056712962963	32
MST60139	25.737511574074073	32
MST60139	25.74445601851852	32
MST60139	25.751400462962962	32
MST60139	25.758344907407405	32
MST60139	25.76528935185185	32.5
MST60139	25.772233796296298	32.5
MST60139	25.77917824074074	32
MST60139	25.786122685185184	32.5
MST60139	25.79306712962963	32.5
MST60139	25.800011574074073	32
MST60139	25.80695601851852	32
MST60139	25.813900462962962	32
MST60139	25.820844907407405	31
MST60139	25.82778935185185	29.5
MST60139	25.834733796296298	28.5
MST60139	25.84167824074074	28.5
MST60139	25.848622685185184	28
MST60139	25.85556712962963	29.5
MST60139	25.862511574074073	31
MST60139	25.86945601851852	31
MST60139	25.876400462962962	30.5
MST60139	25.883344907407405	29.5
MST60139	25.89028935185185	28.5
MST60139	25.897233796296298	28.5
MST60139	25.90417824074074	27.5
MST60139	25.911122685185184	27.5
MST60139	25.91806712962963	27
MST60139	25.925011574074073	27.5
MST60139	25.93195601851852	27
MST60139	25.938900462962962	27
MST60139	25.945844907407405	27
MST60139	25.95278935185185	27
MST60139	25.959733796296298	26.5
MST60139	25.96667824074074	26.5
MST60139	25.973622685185184	26
MST60139	25.98056712962963	26
MST60139	25.987511574074073	26
MST60139	25.99445601851852	25.5
MST60139	26.001400462962962	25.5
MST60139	26.008344907407405	25
MST60139	26.01528935185185	25.5
MST60139	26.022233796296298	26
MST60139	26.02917824074074	26
MST60139	26.036122685185184	26
MST60139	26.04306712962963	27
MST60139	26.050011574074073	29.5
MST60139	26.05695601851852	32
MST60139	26.063900462962962	32.5
MST60139	26.070844907407405	31.5
MST60139	26.07778935185185	32.5
MST60139	26.084733796296298	32.5
MST60139	26.09167824074074	31.5
MST60139	26.098622685185184	33.5
MST60139	26.10556712962963	33.5
MST60139	26.112511574074073	34.5
MST60139	26.11945601851852	34.5
MST60139	26.126400462962962	31
MST60139	26.133344907407405	31.5
MST60139	26.14028935185185	32
MST60139	26.147233796296298	31
MST60139	26.15417824074074	30.5
MST60139	26.161122685185184	32.5
MST60139	26.16806712962963	35
MST60139	26.175011574074073	35
MST60139	26.18195601851852	35
MST60139	26.188900462962962	31.5
MST60139	26.195844907407405	32.5
MST60139	26.20278935185185	33
MST60139	26.209733796296298	33.5
MST60139	26.21667824074074	32
MST60139	26.223622685185184	34
MST60139	26.23056712962963	32
MST60139	26.237511574074073	31.5
MST60139	26.24445601851852	31.5
MST60139	26.251400462962962	31.5
MST60139	26.258344907407405	31.5
MST60139	26.26528935185185	32
MST60139	26.272233796296298	33.5
MST60139	26.27917824074074	33.5
MST60139	26.286122685185184	33.5
MST60139	26.29306712962963	33.5
MST60139	26.300011574074073	33
MST60139	26.30695601851852	33
MST60139	26.313900462962962	33
MST60139	26.320844907407405	33
MST60139	26.32778935185185	33
MST60139	26.334733796296298	33
MST60139	26.34167824074074	33.5
MST60139	26.348622685185184	33
MST60139	26.35556712962963	33
MST60139	26.362511574074073	33
MST60139	26.36945601851852	32.5
MST60139	26.376400462962962	32.5
MST60139	26.383344907407405	32.5
MST60139	26.39028935185185	32
MST60139	26.397233796296298	32
MST60139	26.40417824074074	32
MST60139	26.411122685185184	32
MST60139	26.41806712962963	32
MST60139	26.425011574074073	31.5
MST60139	26.43195601851852	31
MST60139	26.438900462962962	31
MST60139	26.445844907407405	31
MST60139	26.45278935185185	31
MST60139	26.459733796296298	31
MST60139	26.46667824074074	31
MST60139	26.473622685185184	30.5
MST60139	26.48056712962963	30.5
MST60139	26.487511574074073	31.5
MST60139	26.49445601851852	31.5
MST60139	26.501400462962962	31.5
MST60139	26.508344907407405	31
MST60139	26.51528935185185	32
MST60139	26.522233796296298	32
MST60139	26.52917824074074	32
MST60139	26.536122685185184	32.5
MST60142	17.000706018518517	32.5
MST60142	17.007650462962964	32
MST60142	17.014594907407407	32
MST60142	17.021539351851853	32.5
MST60142	17.028483796296296	32.5
MST60142	17.035428240740742	32.5
MST60142	17.042372685185185	32
MST60142	17.049317129629628	31.5
MST60142	17.056261574074075	31
MST60142	17.063206018518517	31
MST60142	17.070150462962964	31
MST60142	17.077094907407407	31
MST60142	17.084039351851853	31
MST60142	17.090983796296296	30.5
MST60142	17.097928240740742	31
MST60142	17.104872685185185	31.5
MST60142	17.111817129629628	32.5
MST60142	17.118761574074075	31
MST60142	17.125706018518517	31.5
MST60142	17.132650462962964	32
MST60142	17.139594907407407	32
MST60142	17.146539351851853	32.5
MST60142	17.153483796296296	32.5
MST60142	17.160428240740742	30
MST60142	17.167372685185185	31.5
MST60142	17.174317129629628	31.5
MST60142	17.181261574074075	31.5
MST60142	17.188206018518517	31
MST60142	17.195150462962964	31.5
MST60142	17.202094907407407	32.5
MST60142	17.209039351851853	32.5
MST60142	17.215983796296296	33
MST60142	17.222928240740742	32.5
MST60142	17.229872685185185	32
MST60142	17.236817129629628	31.5
MST60142	17.243761574074075	31
MST60142	17.250706018518517	31.5
MST60142	17.257650462962964	31.5
MST60142	17.264594907407407	32.5
MST60142	17.271539351851853	32
MST60142	17.278483796296296	32.5
MST60142	17.285428240740742	31
MST60142	17.292372685185185	32
MST60142	17.299317129629628	31.5
MST60142	17.306261574074075	30
MST60142	17.313206018518517	30
MST60142	17.320150462962964	31.5
MST60142	17.327094907407407	30.5
MST60142	17.334039351851853	29.5
MST60142	17.340983796296296	31
MST60142	17.347928240740742	30.5
MST60142	17.354872685185185	32.5
MST60142	17.361817129629628	31
MST60142	17.368761574074075	32.5
MST60142	17.375706018518517	32
MST60142	17.382650462962964	32
MST60142	17.389594907407407	31.5
MST60142	17.396539351851853	32
MST60142	17.403483796296296	32
MST60142	17.410428240740742	32
MST60142	17.417372685185185	32
MST60142	17.424317129629628	32
MST60142	17.431261574074075	31.5
MST60142	17.438206018518517	31.5
MST60142	17.445150462962964	32
MST60142	17.452094907407407	32.5
MST60142	17.459039351851853	33
MST60142	17.465983796296296	33
MST60142	17.472928240740742	34
MST60142	17.479872685185185	34
MST60142	17.486817129629628	34
MST60142	17.493761574074075	33.5
MST60142	17.500706018518517	33
MST60142	17.507650462962964	34.5
MST60142	17.514594907407407	34
MST60142	17.521539351851853	34.5
MST60142	17.528483796296296	34
MST60142	17.535428240740742	33
MST60142	17.542372685185185	33.5
MST60142	17.549317129629628	33.5
MST60142	17.556261574074075	33.5
MST60142	17.563206018518517	33.5
MST60142	17.570150462962964	33.5
MST60142	17.577094907407407	33.5
MST60142	17.584039351851853	33.5
MST60142	17.590983796296296	33
MST60142	17.597928240740742	33
MST60142	17.604872685185185	33
MST60142	17.611817129629628	32.5
MST60142	17.618761574074075	32.5
MST60142	17.625706018518517	32.5
MST60142	17.632650462962964	32.5
MST60142	17.639594907407407	32.5
MST60142	17.646539351851853	32.5
MST60142	17.653483796296296	32.5
MST60142	17.660428240740742	32.5
MST60142	17.667372685185185	32.5
MST60142	17.674317129629628	32.5
MST60142	17.681261574074075	32.5
MST60142	17.688206018518517	32.5
MST60142	17.695150462962964	33.5
MST60142	17.702094907407407	32.5
MST60142	17.709039351851853	33
MST60142	17.715983796296296	32
MST60142	17.722928240740742	32.5
MST60142	17.729872685185185	32.5
MST60142	17.736817129629628	32.5
MST60142	17.743761574074075	32.5
MST60142	17.750706018518517	32.5
MST60142	17.757650462962964	32
MST60142	17.764594907407407	32
MST60142	17.771539351851853	32
MST60142	17.778483796296296	32.5
MST60142	17.785428240740742	32
MST60142	17.792372685185185	32
MST60142	17.799317129629628	32
MST60142	17.806261574074075	32
MST60142	17.813206018518517	31.5
MST60142	17.820150462962964	32
MST60142	17.827094907407407	32
MST60142	17.834039351851853	32
MST60142	17.840983796296296	32
MST60142	17.847928240740742	32.5
MST60142	17.854872685185185	32
MST60142	17.861817129629628	32.5
MST60142	17.868761574074075	32.5
MST60142	17.875706018518517	32.5
MST60142	17.882650462962964	32.5
MST60142	17.889594907407407	32.5
MST60142	17.896539351851853	32
MST60142	17.903483796296296	32
MST60142	17.910428240740742	32
MST60142	17.917372685185185	32
MST60142	17.924317129629628	33.5
MST60142	17.931261574074075	33
MST60142	17.938206018518517	32
MST60142	17.945150462962964	32
MST60142	17.952094907407407	31.5
MST60142	17.959039351851853	31
MST60142	17.965983796296296	31
MST60142	17.972928240740742	31
MST60142	17.979872685185185	31
MST60142	17.986817129629628	31
MST60142	17.993761574074075	31
MST60142	18.000706018518517	31
MST60142	18.007650462962964	31
MST60142	18.014594907407407	33
MST60142	18.021539351851853	32.5
MST60142	18.028483796296296	31.5
MST60142	18.035428240740742	32.5
MST60142	18.042372685185185	32.5
MST60142	18.049317129629628	30.5
MST60142	18.056261574074075	32
MST60142	18.063206018518517	31
MST60142	18.070150462962964	31
MST60142	18.077094907407407	31
MST60142	18.084039351851853	32.5
MST60142	18.090983796296296	31
MST60142	18.097928240740742	30.5
MST60142	18.104872685185185	33.5
MST60142	18.111817129629628	33.5
MST60142	18.118761574074075	31.5
MST60142	18.125706018518517	31
MST60142	18.132650462962964	32
MST60142	18.139594907407407	31.5
MST60142	18.146539351851853	31.5
MST60142	18.153483796296296	30
MST60142	18.160428240740742	33
MST60142	18.167372685185185	33
MST60142	18.174317129629628	33
MST60142	18.181261574074075	32.5
MST60142	18.188206018518517	32
MST60142	18.195150462962964	32.5
MST60142	18.202094907407407	31.5
MST60142	18.209039351851853	32
MST60142	18.215983796296296	31.5
MST60142	18.222928240740742	33
MST60142	18.229872685185185	34
MST60142	18.236817129629628	33.5
MST60142	18.243761574074075	33.5
MST60142	18.250706018518517	30.5
MST60142	18.257650462962964	31.5
MST60142	18.264594907407407	30.5
MST60142	18.271539351851853	32
MST60142	18.278483796296296	32.5
MST60142	18.285428240740742	32.5
MST60142	18.292372685185185	31
MST60142	18.299317129629628	29.5
MST60142	18.306261574074075	29.5
MST60142	18.313206018518517	32.5
MST60142	18.320150462962964	31
MST60142	18.327094907407407	31
MST60142	18.334039351851853	31.5
MST60142	18.340983796296296	31.5
MST60142	18.347928240740742	31
MST60142	18.354872685185185	31.5
MST60142	18.361817129629628	32
MST60142	18.368761574074075	31
MST60142	18.375706018518517	31.5
MST60142	18.382650462962964	31.5
MST60142	18.389594907407407	31
MST60142	18.396539351851853	32.5
MST60142	18.403483796296296	32
MST60142	18.410428240740742	31.5
MST60142	18.417372685185185	32
MST60142	18.424317129629628	32
MST60142	18.431261574074075	32.5
MST60142	18.438206018518517	32
MST60142	18.445150462962964	32
MST60142	18.452094907407407	32
MST60142	18.459039351851853	32
MST60142	18.465983796296296	33.5
MST60142	18.472928240740742	33
MST60142	18.479872685185185	33
MST60142	18.486817129629628	32.5
MST60142	18.493761574074075	33
MST60142	18.500706018518517	32.5
MST60142	18.507650462962964	34
MST60142	18.514594907407407	35
MST60142	18.521539351851853	34.5
MST60142	18.528483796296296	33
MST60142	18.535428240740742	32.5
MST60142	18.542372685185185	32.5
MST60142	18.549317129629628	33
MST60142	18.556261574074075	32.5
MST60142	18.563206018518517	32.5
MST60142	18.570150462962964	32.5
MST60142	18.577094907407407	32
MST60142	18.584039351851853	33
MST60142	18.590983796296296	33.5
MST60142	18.597928240740742	32.5
MST60142	18.604872685185185	31.5
MST60142	18.611817129629628	32.5
MST60142	18.618761574074075	33.5
MST60142	18.625706018518517	33
MST60142	18.632650462962964	33
MST60142	18.639594907407407	32.5
MST60142	18.646539351851853	32.5
MST60142	18.653483796296296	33
MST60142	18.660428240740742	32.5
MST60142	18.667372685185185	32.5
MST60142	18.674317129629628	32.5
MST60142	18.681261574074075	32.5
MST60142	18.688206018518517	32.5
MST60142	18.695150462962964	32
MST60142	18.702094907407407	32.5
MST60142	18.709039351851853	32
MST60142	18.715983796296296	32
MST60142	18.722928240740742	32
MST60142	18.729872685185185	32
MST60142	18.736817129629628	32
MST60142	18.743761574074075	32
MST60142	18.750706018518517	32
MST60142	18.757650462962964	32
MST60142	18.764594907407407	32
MST60142	18.771539351851853	32
MST60142	18.778483796296296	32
MST60142	18.785428240740742	32.5
MST60142	18.792372685185185	32
MST60142	18.799317129629628	32.5
MST60142	18.806261574074075	32
MST60142	18.813206018518517	32
MST60142	18.820150462962964	32
MST60142	18.827094907407407	32
MST60142	18.834039351851853	32
MST60142	18.840983796296296	32.5
MST60142	18.847928240740742	33.5
MST60142	18.854872685185185	33
MST60142	18.861817129629628	33.5
MST60142	18.868761574074075	33
MST60142	18.875706018518517	32.5
MST60142	18.882650462962964	32
MST60142	18.889594907407407	32
MST60142	18.896539351851853	31.5
MST60142	18.903483796296296	31.5
MST60142	18.910428240740742	31.5
MST60142	18.917372685185185	31
MST60142	18.924317129629628	31
MST60142	18.931261574074075	30.5
MST60142	18.938206018518517	30
MST60142	18.945150462962964	30
MST60142	18.952094907407407	29.5
MST60142	18.959039351851853	29.5
MST60142	18.965983796296296	29.5
MST60142	18.972928240740742	30.5
MST60142	18.979872685185185	31
MST60142	18.986817129629628	30.5
MST60142	18.993761574074075	30.5
MST60142	19.000706018518517	30.5
MST60142	19.007650462962964	31
MST60142	19.014594907407407	32.5
MST60142	19.021539351851853	33
MST60142	19.028483796296296	32
MST60142	19.035428240740742	33.5
MST60142	19.042372685185185	34
MST60142	19.049317129629628	33
MST60142	19.056261574074075	31.5
MST60142	19.063206018518517	32
MST60142	19.070150462962964	34
MST60142	19.077094907407407	33.5
MST60142	19.084039351851853	34
MST60142	19.090983796296296	34.5
MST60142	19.097928240740742	34
MST60142	19.104872685185185	31.5
MST60142	19.111817129629628	32
MST60142	19.118761574074075	31.5
MST60142	19.125706018518517	32
MST60142	19.132650462962964	32.5
MST60142	19.139594907407407	31.5
MST60142	19.146539351851853	31
MST60142	19.153483796296296	33
MST60142	19.160428240740742	31.5
MST60142	19.167372685185185	33
MST60142	19.174317129629628	31
MST60142	19.181261574074075	32
MST60142	19.188206018518517	33
MST60142	19.195150462962964	31.5
MST60142	19.202094907407407	33
MST60142	19.209039351851853	33
MST60142	19.215983796296296	34
MST60142	19.222928240740742	34
MST60142	19.229872685185185	32.5
MST60142	19.236817129629628	32.5
MST60142	19.243761574074075	33.5
MST60142	19.250706018518517	33.5
MST60142	19.257650462962964	34
MST60142	19.264594907407407	33.5
MST60142	19.271539351851853	32.5
MST60142	19.278483796296296	32.5
MST60142	19.285428240740742	32
MST60142	19.292372685185185	33
MST60142	19.299317129629628	32
MST60142	19.306261574074075	32.5
MST60142	19.313206018518517	33
MST60142	19.320150462962964	31.5
MST60142	19.327094907407407	33.5
MST60142	19.334039351851853	32
MST60142	19.340983796296296	34.5
MST60142	19.347928240740742	33.5
MST60142	19.354872685185185	32.5
MST60142	19.361817129629628	34
MST60142	19.368761574074075	31.5
MST60142	19.375706018518517	31.5
MST60142	19.382650462962964	32
MST60142	19.389594907407407	31.5
MST60142	19.396539351851853	32
MST60142	19.403483796296296	33
MST60142	19.410428240740742	32
MST60142	19.417372685185185	31.5
MST60142	19.424317129629628	32.5
MST60142	19.431261574074075	32.5
MST60142	19.438206018518517	32.5
MST60142	19.445150462962964	32.5
MST60142	19.452094907407407	32.5
MST60142	19.459039351851853	32.5
MST60142	19.465983796296296	33
MST60142	19.472928240740742	33
MST60142	19.479872685185185	33.5
MST60142	19.486817129629628	33.5
MST60142	19.493761574074075	33
MST60142	19.500706018518517	32.5
MST60142	19.507650462962964	33
MST60142	19.514594907407407	33
MST60142	19.521539351851853	32.5
MST60142	19.528483796296296	32.5
MST60142	19.535428240740742	32
MST60142	19.542372685185185	32
MST60142	19.549317129629628	32.5
MST60142	19.556261574074075	33
MST60142	19.563206018518517	33
MST60142	19.570150462962964	32.5
MST60142	19.577094907407407	33
MST60142	19.584039351851853	32.5
MST60142	19.590983796296296	32.5
MST60142	19.597928240740742	32.5
MST60142	19.604872685185185	32
MST60142	19.611817129629628	32.5
MST60142	19.618761574074075	32.5
MST60142	19.625706018518517	32.5
MST60142	19.632650462962964	32
MST60142	19.639594907407407	32.5
MST60142	19.646539351851853	32.5
MST60142	19.653483796296296	32.5
MST60142	19.660428240740742	32
MST60142	19.667372685185185	32.5
MST60142	19.674317129629628	32
MST60142	19.681261574074075	32
MST60142	19.688206018518517	32
MST60142	19.695150462962964	32
MST60142	19.702094907407407	32
MST60142	19.709039351851853	32.5
MST60142	19.715983796296296	32.5
MST60142	19.722928240740742	32.5
MST60142	19.729872685185185	32.5
MST60142	19.736817129629628	32.5
MST60142	19.743761574074075	32
MST60142	19.750706018518517	32
MST60142	19.757650462962964	32
MST60142	19.764594907407407	32
MST60142	19.771539351851853	32.5
MST60142	19.778483796296296	32.5
MST60142	19.785428240740742	32.5
MST60142	19.792372685185185	32.5
MST60142	19.799317129629628	32.5
MST60142	19.806261574074075	32.5
MST60142	19.813206018518517	32
MST60142	19.820150462962964	31.5
MST60142	19.827094907407407	31
MST60142	19.834039351851853	32
MST60142	19.840983796296296	31.5
MST60142	19.847928240740742	32.5
MST60142	19.854872685185185	32
MST60142	19.861817129629628	31
MST60142	19.868761574074075	31
MST60142	19.875706018518517	30.5
MST60142	19.882650462962964	30
MST60142	19.889594907407407	29
MST60142	19.896539351851853	29
MST60142	19.903483796296296	29.5
MST60142	19.910428240740742	29
MST60142	19.917372685185185	30
MST60142	19.924317129629628	29.5
MST60142	19.931261574074075	29
MST60142	19.938206018518517	28.5
MST60142	19.945150462962964	28.5
MST60142	19.952094907407407	28.5
MST60142	19.959039351851853	29.5
MST60142	19.965983796296296	30
MST60142	19.972928240740742	29
MST60142	19.979872685185185	29
MST60142	19.986817129629628	29.5
MST60142	19.993761574074075	30.5
MST60142	20.000706018518517	31
MST60142	20.007650462962964	30.5
MST60142	20.014594907407407	32
MST60142	20.021539351851853	33.5
MST60142	20.028483796296296	32.5
MST60142	20.035428240740742	33
MST60142	20.042372685185185	31
MST60142	20.049317129629628	31.5
MST60142	20.056261574074075	32
MST60142	20.063206018518517	33.5
MST60142	20.070150462962964	32.5
MST60142	20.077094907407407	34
MST60142	20.084039351851853	34
MST60142	20.090983796296296	32
MST60142	20.097928240740742	32.5
MST60142	20.104872685185185	33
MST60142	20.111817129629628	34
MST60142	20.118761574074075	34
MST60142	20.125706018518517	34
MST60142	20.132650462962964	32
MST60142	20.139594907407407	33
MST60142	20.146539351851853	34.5
MST60142	20.153483796296296	33
MST60142	20.160428240740742	33.5
MST60142	20.167372685185185	34
MST60142	20.174317129629628	31.5
MST60142	20.181261574074075	31.5
MST60142	20.188206018518517	31.5
MST60142	20.195150462962964	33
MST60142	20.202094907407407	32.5
MST60142	20.209039351851853	32.5
MST60142	20.215983796296296	31
MST60142	20.222928240740742	33
MST60142	20.229872685185185	33
MST60142	20.236817129629628	32
MST60142	20.243761574074075	32
MST60142	20.250706018518517	33
MST60142	20.257650462962964	32.5
MST60142	20.264594907407407	32
MST60142	20.271539351851853	32.5
MST60142	20.278483796296296	33
MST60142	20.285428240740742	33
MST60142	20.292372685185185	34
MST60142	20.299317129629628	32.5
MST60142	20.306261574074075	30.5
MST60142	20.313206018518517	30.5
MST60142	20.320150462962964	31.5
MST60142	20.327094907407407	31
MST60142	20.334039351851853	32.5
MST60142	20.340983796296296	32.5
MST60142	20.347928240740742	32.5
MST60142	20.354872685185185	31.5
MST60142	20.361817129629628	31
MST60142	20.368761574074075	31.5
MST60142	20.375706018518517	32
MST60142	20.382650462962964	32
MST60142	20.389594907407407	32
MST60142	20.396539351851853	31.5
MST60142	20.403483796296296	32
MST60142	20.410428240740742	32
MST60142	20.417372685185185	33.5
MST60142	20.424317129629628	33
MST60142	20.431261574074075	32.5
MST60142	20.438206018518517	32
MST60142	20.445150462962964	32
MST60142	20.452094907407407	32
MST60142	20.459039351851853	32.5
MST60142	20.465983796296296	32.5
MST60142	20.472928240740742	32.5
MST60142	20.479872685185185	33
MST60142	20.486817129629628	33
MST60142	20.493761574074075	33
MST60142	20.500706018518517	32.5
MST60142	20.507650462962964	32.5
MST60142	20.514594907407407	33
MST60142	20.521539351851853	32.5
MST60142	20.528483796296296	32.5
MST60142	20.535428240740742	32.5
MST60142	20.542372685185185	33
MST60142	20.549317129629628	33.5
MST60142	20.556261574074075	33
MST60142	20.563206018518517	32.5
MST60142	20.570150462962964	32.5
MST60142	20.577094907407407	32.5
MST60142	20.584039351851853	32.5
MST60142	20.590983796296296	32
MST60142	20.597928240740742	31.5
MST60142	20.604872685185185	31.5
MST60142	20.611817129629628	31.5
MST60142	20.618761574074075	30.5
MST60142	20.625706018518517	29.5
MST60142	20.632650462962964	29.5
MST60142	20.639594907407407	30.5
MST60142	20.646539351851853	31.5
MST60142	20.653483796296296	31.5
MST60142	20.660428240740742	31
MST60142	20.667372685185185	31.5
MST60142	20.674317129629628	32
MST60142	20.681261574074075	32
MST60142	20.688206018518517	32
MST60142	20.695150462962964	31.5
MST60142	20.702094907407407	31.5
MST60142	20.709039351851853	31.5
MST60142	20.715983796296296	31.5
MST60142	20.722928240740742	32
MST60142	20.729872685185185	32
MST60142	20.736817129629628	32
MST60142	20.743761574074075	31.5
MST60142	20.750706018518517	31
MST60142	20.757650462962964	32
MST60142	20.764594907407407	31.5
MST60142	20.771539351851853	31.5
MST60142	20.778483796296296	31.5
MST60142	20.785428240740742	32
MST60142	20.792372685185185	31.5
MST60142	20.799317129629628	31
MST60142	20.806261574074075	29.5
MST60142	20.813206018518517	29
MST60142	20.820150462962964	28.5
MST60142	20.827094907407407	28.5
MST60142	20.834039351851853	29
MST60142	20.840983796296296	29.5
MST60142	20.847928240740742	29.5
MST60142	20.854872685185185	30
MST60142	20.861817129629628	33
MST60142	20.868761574074075	33
MST60142	20.875706018518517	33
MST60142	20.882650462962964	32.5
MST60142	20.889594907407407	32.5
MST60142	20.896539351851853	33
MST60142	20.903483796296296	32.5
MST60142	20.910428240740742	32.5
MST60142	20.917372685185185	32.5
MST60142	20.924317129629628	32
MST60142	20.931261574074075	31.5
MST60142	20.938206018518517	32.5
MST60142	20.945150462962964	32.5
MST60142	20.952094907407407	31.5
MST60142	20.959039351851853	30.5
MST60142	20.965983796296296	30
MST60142	20.972928240740742	30
MST60142	20.979872685185185	29.5
MST60142	20.986817129629628	30
MST60142	20.993761574074075	31
MST60142	21.000706018518517	31.5
MST60142	21.007650462962964	32
MST60142	21.014594907407407	33.5
MST60142	21.02153935185185	34
MST60142	21.028483796296296	33.5
MST60142	21.035428240740742	32
MST60142	21.042372685185185	32.5
MST60142	21.049317129629628	33
MST60142	21.056261574074075	34
MST60142	21.063206018518517	33.5
MST60142	21.070150462962964	33
MST60142	21.077094907407407	33.5
MST60142	21.08403935185185	33
MST60142	21.090983796296296	33
MST60142	21.097928240740742	32
MST60142	21.104872685185185	31.5
MST60142	21.111817129629628	31.5
MST60142	21.118761574074075	31
MST60142	21.125706018518517	30.5
MST60142	21.132650462962964	30.5
MST60142	21.139594907407407	32
MST60142	21.14653935185185	31.5
MST60142	21.153483796296296	31
MST60142	21.160428240740742	30.5
MST60142	21.167372685185185	31.5
MST60142	21.174317129629628	31
MST60142	21.181261574074075	34
MST60142	21.188206018518517	32
MST60142	21.195150462962964	31
MST60142	21.202094907407407	31
MST60142	21.20903935185185	31
MST60142	21.215983796296296	31.5
MST60142	21.222928240740742	36.5
MST60142	21.229872685185185	33.5
MST60142	21.236817129629628	33
MST60142	21.243761574074075	32
MST60142	21.250706018518517	33.5
MST60142	21.257650462962964	32.5
MST60142	21.264594907407407	31
MST60142	21.27153935185185	33
MST60142	21.278483796296296	33
MST60142	21.285428240740742	32
MST60142	21.292372685185185	34.5
MST60142	21.299317129629628	34.5
MST60142	21.306261574074075	32
MST60142	21.313206018518517	32
MST60142	21.320150462962964	31.5
MST60142	21.327094907407407	32.5
MST60142	21.33403935185185	30.5
MST60142	21.340983796296296	31.5
MST60142	21.347928240740742	31.5
MST60142	21.354872685185185	33
MST60142	21.361817129629628	32.5
MST60142	21.368761574074075	32
MST60142	21.375706018518517	32.5
MST60142	21.382650462962964	32
MST60142	21.389594907407407	32
MST60142	21.39653935185185	33
MST60142	21.403483796296296	32.5
MST60142	21.410428240740742	31
MST60142	21.417372685185185	31
MST60142	21.424317129629628	31
MST60142	21.431261574074075	32
MST60142	21.438206018518517	32.5
MST60142	21.445150462962964	32
MST60142	21.452094907407407	31.5
MST60142	21.45903935185185	31.5
MST60142	21.465983796296296	31.5
MST60142	21.472928240740742	32
MST60142	21.479872685185185	32
MST60142	21.486817129629628	32.5
MST60142	21.493761574074075	32.5
MST60142	21.500706018518517	32.5
MST60142	21.507650462962964	33
MST60142	21.514594907407407	33
MST60142	21.52153935185185	32.5
MST60142	21.528483796296296	33
MST60142	21.535428240740742	33
MST60142	21.542372685185185	33.5
MST60142	21.549317129629628	33
MST60142	21.556261574074075	33
MST60142	21.563206018518517	33
MST60142	21.570150462962964	33
MST60142	21.577094907407407	33.5
MST60142	21.58403935185185	33
MST60142	21.590983796296296	32.5
MST60142	21.597928240740742	33
MST60142	21.604872685185185	32.5
MST60142	21.611817129629628	32.5
MST60142	21.618761574074075	32.5
MST60142	21.625706018518517	32.5
MST60142	21.632650462962964	32.5
MST60142	21.639594907407407	32.5
MST60142	21.64653935185185	32.5
MST60142	21.653483796296296	32.5
MST60142	21.660428240740742	32.5
MST60142	21.667372685185185	32
MST60142	21.674317129629628	32
MST60142	21.681261574074075	31
MST60142	21.688206018518517	32
MST60142	21.695150462962964	32.5
MST60142	21.702094907407407	32.5
MST60142	21.70903935185185	32.5
MST60142	21.715983796296296	33
MST60142	21.722928240740742	32.5
MST60142	21.729872685185185	32.5
MST60142	21.736817129629628	32.5
MST60142	21.743761574074075	33
MST60142	21.750706018518517	33
MST60142	21.757650462962964	33
MST60142	21.764594907407407	33.5
MST60142	21.77153935185185	33
MST60142	21.778483796296296	33
MST60142	21.785428240740742	33.5
MST60142	21.792372685185185	33
MST60142	21.799317129629628	33
MST60142	21.806261574074075	33.5
MST60142	21.813206018518517	33.5
MST60142	21.820150462962964	33
MST60142	21.827094907407407	33
MST60142	21.83403935185185	32.5
MST60142	21.840983796296296	32.5
MST60142	21.847928240740742	33
MST60142	21.854872685185185	32.5
MST60142	21.861817129629628	32
MST60142	21.868761574074075	32
MST60142	21.875706018518517	32
MST60142	21.882650462962964	31.5
MST60142	21.889594907407407	32
MST60142	21.89653935185185	32.5
MST60142	21.903483796296296	32
MST60142	21.910428240740742	32
MST60142	21.917372685185185	31
MST60142	21.924317129629628	31
MST60142	21.931261574074075	31
MST60142	21.938206018518517	30
MST60142	21.945150462962964	29
MST60142	21.952094907407407	30.5
MST60142	21.95903935185185	31
MST60142	21.965983796296296	32.5
MST60142	21.972928240740742	32.5
MST60142	21.979872685185185	33
MST60142	21.986817129629628	33
MST60142	21.993761574074075	33
MST60142	22.000706018518517	32
MST60142	22.007650462962964	32
MST60142	22.014594907407407	31.5
MST60142	22.02153935185185	32
MST60142	22.028483796296296	34
MST60142	22.035428240740742	33
MST60142	22.042372685185185	31.5
MST60142	22.049317129629628	32
MST60142	22.056261574074075	33.5
MST60142	22.063206018518517	33.5
MST60142	22.070150462962964	33.5
MST60142	22.077094907407407	31.5
MST60142	22.08403935185185	33
MST60142	22.090983796296296	34
MST60142	22.097928240740742	33
MST60142	22.104872685185185	32.5
MST60142	22.111817129629628	32.5
MST60142	22.118761574074075	32
MST60142	22.125706018518517	31.5
MST60142	22.132650462962964	31
MST60142	22.139594907407407	31.5
MST60142	22.14653935185185	31
MST60142	22.153483796296296	31.5
MST60142	22.160428240740742	31.5
MST60142	22.167372685185185	31
MST60142	22.174317129629628	31.5
MST60142	22.181261574074075	30.5
MST60142	22.188206018518517	32.5
MST60142	22.195150462962964	33
MST60142	22.202094907407407	32.5
MST60142	22.20903935185185	32.5
MST60142	22.215983796296296	32
MST60142	22.222928240740742	32
MST60142	22.229872685185185	31.5
MST60142	22.236817129629628	31.5
MST60142	22.243761574074075	32
MST60142	22.250706018518517	36
MST60142	22.257650462962964	34
MST60142	22.264594907407407	33
MST60142	22.27153935185185	34
MST60142	22.278483796296296	32
MST60142	22.285428240740742	33
MST60142	22.292372685185185	32
MST60142	22.299317129629628	32.5
MST60142	22.306261574074075	32
MST60142	22.313206018518517	31.5
MST60142	22.320150462962964	30
MST60142	22.327094907407407	31
MST60142	22.33403935185185	30.5
MST60142	22.340983796296296	32
MST60142	22.347928240740742	31.5
MST60142	22.354872685185185	32
MST60142	22.361817129629628	33.5
MST60142	22.368761574074075	33
MST60142	22.375706018518517	31.5
MST60142	22.382650462962964	31
MST60142	22.389594907407407	31.5
MST60142	22.39653935185185	32.5
MST60142	22.403483796296296	31
MST60142	22.410428240740742	32.5
MST60142	22.417372685185185	32
MST60142	22.424317129629628	31.5
MST60142	22.431261574074075	32
MST60142	22.438206018518517	31.5
MST60142	22.445150462962964	32.5
MST60142	22.452094907407407	32.5
MST60142	22.45903935185185	32.5
MST60142	22.465983796296296	33
MST60142	22.472928240740742	33
MST60142	22.479872685185185	31.5
MST60142	22.486817129629628	31.5
MST60142	22.493761574074075	32
MST60142	22.500706018518517	31.5
MST60142	22.507650462962964	33
MST60142	22.514594907407407	32.5
MST60142	22.52153935185185	32.5
MST60142	22.528483796296296	32.5
MST60142	22.535428240740742	32.5
MST60142	22.542372685185185	32
MST60142	22.549317129629628	32
MST60142	22.556261574074075	32
MST60142	22.563206018518517	31.5
MST60142	22.570150462962964	31.5
MST60142	22.577094907407407	31.5
MST60142	22.58403935185185	31.5
MST60142	22.590983796296296	32
MST60142	22.597928240740742	31.5
MST60142	22.604872685185185	31
MST60142	22.611817129629628	30.5
MST60142	22.618761574074075	30.5
MST60142	22.625706018518517	30
MST60142	22.632650462962964	30.5
MST60142	22.639594907407407	30
MST60142	22.64653935185185	29.5
MST60142	22.653483796296296	29.5
MST60142	22.660428240740742	30
MST60142	22.667372685185185	30
MST60142	22.674317129629628	29.5
MST60142	22.681261574074075	29
MST60142	22.688206018518517	29
MST60142	22.695150462962964	29
MST60142	22.702094907407407	29
MST60142	22.70903935185185	29
MST60142	22.715983796296296	29
MST60142	22.722928240740742	29.5
MST60142	22.729872685185185	30
MST60142	22.736817129629628	30.5
MST60142	22.743761574074075	31
MST60142	22.750706018518517	31.5
MST60142	22.757650462962964	31.5
MST60142	22.764594907407407	31.5
MST60142	22.77153935185185	31.5
MST60142	22.778483796296296	31.5
MST60142	22.785428240740742	32
MST60142	22.792372685185185	31.5
MST60142	22.799317129629628	32
MST60142	22.806261574074075	32
MST60142	22.813206018518517	32
MST60142	22.820150462962964	32
MST60142	22.827094907407407	32
MST60142	22.83403935185185	32
MST60142	22.840983796296296	32
MST60142	22.847928240740742	32
MST60142	22.854872685185185	32
MST60142	22.861817129629628	32.5
MST60142	22.868761574074075	32
MST60142	22.875706018518517	32
MST60142	22.882650462962964	31.5
MST60142	22.889594907407407	31
MST60142	22.89653935185185	31
MST60142	22.903483796296296	30.5
MST60142	22.910428240740742	29.5
MST60142	22.917372685185185	29
MST60142	22.924317129629628	28.5
MST60142	22.931261574074075	28
MST60142	22.938206018518517	27.5
MST60142	22.945150462962964	28.5
MST60142	22.952094907407407	28.5
MST60142	22.95903935185185	29
MST60142	22.965983796296296	29
MST60142	22.972928240740742	29
MST60142	22.979872685185185	29
MST60142	22.986817129629628	29.5
MST60142	22.993761574074075	29
MST60142	23.000706018518517	29
MST60142	23.007650462962964	29.5
MST60142	23.014594907407407	31.5
MST60142	23.02153935185185	32.5
MST60142	23.028483796296296	32.5
MST60142	23.035428240740742	31.5
MST60142	23.042372685185185	31.5
MST60142	23.049317129629628	32
MST60142	23.056261574074075	31
MST60142	23.063206018518517	33.5
MST60142	23.070150462962964	32
MST60142	23.077094907407407	30.5
MST60142	23.08403935185185	32.5
MST60142	23.090983796296296	31
MST60142	23.097928240740742	33
MST60142	23.104872685185185	32
MST60142	23.111817129629628	32
MST60142	23.118761574074075	31.5
MST60142	23.125706018518517	31.5
MST60142	23.132650462962964	32.5
MST60142	23.139594907407407	33
MST60142	23.14653935185185	32
MST60142	23.153483796296296	32
MST60142	23.160428240740742	32.5
MST60142	23.167372685185185	31.5
MST60142	23.174317129629628	32.5
MST60142	23.181261574074075	34
MST60142	23.188206018518517	33.5
MST60142	23.195150462962964	31.5
MST60142	23.202094907407407	33.5
MST60142	23.20903935185185	33.5
MST60142	23.215983796296296	33
MST60142	23.222928240740742	33
MST60142	23.229872685185185	31
MST60142	23.236817129629628	32
MST60142	23.243761574074075	32
MST60142	23.250706018518517	31.5
MST60142	23.257650462962964	32.5
MST60142	23.264594907407407	32
MST60142	23.27153935185185	32.5
MST60142	23.278483796296296	34.5
MST60142	23.285428240740742	32.5
MST60142	23.292372685185185	34
MST60142	23.299317129629628	33
MST60142	23.306261574074075	32
MST60142	23.313206018518517	30
MST60142	23.320150462962964	33
MST60142	23.327094907407407	31.5
MST60142	23.33403935185185	31
MST60142	23.340983796296296	32
MST60142	23.347928240740742	32
MST60142	23.354872685185185	32.5
MST60142	23.361817129629628	32.5
MST60142	23.368761574074075	32
MST60142	23.375706018518517	32
MST60142	23.382650462962964	32
MST60142	23.389594907407407	31.5
MST60142	23.39653935185185	31.5
MST60142	23.403483796296296	32.5
MST60142	23.410428240740742	32.5
MST60142	23.417372685185185	33
MST60142	23.424317129629628	33
MST60142	23.431261574074075	32.5
MST60142	23.438206018518517	33
MST60142	23.445150462962964	33
MST60142	23.452094907407407	32.5
MST60142	23.45903935185185	32.5
MST60142	23.465983796296296	32.5
MST60142	23.472928240740742	33
MST60142	23.479872685185185	33
MST60142	23.486817129629628	33.5
MST60142	23.493761574074075	33.5
MST60142	23.500706018518517	33.5
MST60142	23.507650462962964	34
MST60142	23.514594907407407	34
MST60142	23.52153935185185	34
MST60142	23.528483796296296	34
MST60142	23.535428240740742	33.5
MST60142	23.542372685185185	34
MST60142	23.549317129629628	34
MST60142	23.556261574074075	34
MST60142	23.563206018518517	33.5
MST60142	23.570150462962964	33.5
MST60142	23.577094907407407	34
MST60142	23.58403935185185	34
MST60142	23.590983796296296	34
MST60142	23.597928240740742	34
MST60142	23.604872685185185	34
MST60142	23.611817129629628	34
MST60142	23.618761574074075	34
MST60142	23.625706018518517	34
MST60142	23.632650462962964	34
MST60142	23.639594907407407	33.5
MST60142	23.64653935185185	33.5
MST60142	23.653483796296296	34
MST60142	23.660428240740742	34
MST60142	23.667372685185185	34
MST60142	23.674317129629628	33.5
MST60142	23.681261574074075	34
MST60142	23.688206018518517	34
MST60142	23.695150462962964	33.5
MST60142	23.702094907407407	34
MST60142	23.70903935185185	34
MST60142	23.715983796296296	34
MST60142	23.722928240740742	34
MST60142	23.729872685185185	33.5
MST60142	23.736817129629628	34
MST60142	23.743761574074075	33.5
MST60142	23.750706018518517	34
MST60142	23.757650462962964	33.5
MST60142	23.764594907407407	33.5
MST60142	23.77153935185185	34
MST60142	23.778483796296296	33.5
MST60142	23.785428240740742	33.5
MST60142	23.792372685185185	33
MST60142	23.799317129629628	33.5
MST60142	23.806261574074075	33.5
MST60142	23.813206018518517	33.5
MST60142	23.820150462962964	33.5
MST60142	23.827094907407407	33
MST60142	23.83403935185185	33.5
MST60142	23.840983796296296	33.5
MST60142	23.847928240740742	33.5
MST60142	23.854872685185185	32.5
MST60142	23.861817129629628	32.5
MST60142	23.868761574074075	33
MST60142	23.875706018518517	33
MST60142	23.882650462962964	33
MST60142	23.889594907407407	33
MST60142	23.89653935185185	33.5
MST60142	23.903483796296296	33
MST60142	23.910428240740742	33.5
MST60142	23.917372685185185	33
MST60142	23.924317129629628	33
MST60142	23.931261574074075	33
MST60142	23.938206018518517	32.5
MST60142	23.945150462962964	32.5
MST60142	23.952094907407407	33
MST60142	23.95903935185185	33.5
MST60142	23.965983796296296	32.5
MST60142	23.972928240740742	32.5
MST60142	23.979872685185185	32
MST60142	23.986817129629628	32
MST60142	23.993761574074075	32
MST60142	24.000706018518517	32.5
MST60142	24.007650462962964	32.5
MST60142	24.014594907407407	33.5
MST60142	24.02153935185185	33.5
MST60142	24.028483796296296	32
MST60142	24.035428240740742	32.5
MST60142	24.042372685185185	32.5
MST60142	24.049317129629628	34
MST60142	24.056261574074075	34
MST60142	24.063206018518517	33.5
MST60142	24.070150462962964	32
MST60142	24.077094907407407	34
MST60142	24.08403935185185	35
MST60142	24.090983796296296	33.5
MST60142	24.097928240740742	33.5
MST60142	24.104872685185185	34
MST60142	24.111817129629628	33
MST60142	24.118761574074075	34
MST60142	24.125706018518517	32.5
MST60142	24.132650462962964	32.5
MST60142	24.139594907407407	33.5
MST60142	24.14653935185185	33
MST60142	24.153483796296296	32.5
MST60142	24.160428240740742	32
MST60142	24.167372685185185	34
MST60142	24.174317129629628	32.5
MST60142	24.181261574074075	31.5
MST60142	24.188206018518517	32.5
MST60142	24.195150462962964	32.5
MST60142	24.202094907407407	32
MST60142	24.20903935185185	34.5
MST60142	24.215983796296296	33
MST60142	24.222928240740742	34
MST60142	24.229872685185185	32
MST60142	24.236817129629628	33
MST60142	24.243761574074075	33.5
MST60142	24.250706018518517	32
MST60142	24.257650462962964	35
MST60142	24.264594907407407	34.5
MST60142	24.27153935185185	33
MST60142	24.278483796296296	34
MST60142	24.285428240740742	34
MST60142	24.292372685185185	34.5
MST60142	24.299317129629628	32.5
MST60142	24.306261574074075	32
MST60142	24.313206018518517	34
MST60142	24.320150462962964	32
MST60142	24.327094907407407	32
MST60142	24.33403935185185	33
MST60142	24.340983796296296	33.5
MST60142	24.347928240740742	33.5
MST60142	24.354872685185185	34
MST60142	24.361817129629628	34
MST60142	24.368761574074075	33.5
MST60142	24.375706018518517	33
MST60142	24.382650462962964	34
MST60142	24.389594907407407	34
MST60142	24.39653935185185	34
MST60142	24.403483796296296	34
MST60142	24.410428240740742	34
MST60142	24.417372685185185	34
MST60142	24.424317129629628	34
MST60142	24.431261574074075	33.5
MST60142	24.438206018518517	33
MST60142	24.445150462962964	34
MST60142	24.452094907407407	34
MST60142	24.45903935185185	34
MST60142	24.465983796296296	34
MST60142	24.472928240740742	34.5
MST60142	24.479872685185185	34
MST60142	24.486817129629628	34
MST60142	24.493761574074075	34.5
MST60142	24.500706018518517	34.5
MST60142	24.507650462962964	35
MST60142	24.514594907407407	34.5
MST60142	24.52153935185185	34
MST60142	24.528483796296296	34
MST60142	24.535428240740742	34
MST60142	24.542372685185185	34
MST60142	24.549317129629628	34
MST60142	24.556261574074075	34
MST60142	24.563206018518517	34
MST60142	24.570150462962964	34
MST60142	24.577094907407407	34
MST60142	24.58403935185185	34
MST60142	24.590983796296296	34
MST60142	24.597928240740742	33.5
MST60142	24.604872685185185	33.5
MST60142	24.611817129629628	33.5
MST60142	24.618761574074075	33.5
MST60142	24.625706018518517	33.5
MST60142	24.632650462962964	33.5
MST60142	24.639594907407407	33.5
MST60142	24.64653935185185	33.5
MST60142	24.653483796296296	33.5
MST60142	24.660428240740742	33.5
MST60142	24.667372685185185	33.5
MST60142	24.674317129629628	33.5
MST60142	24.681261574074075	33.5
MST60142	24.688206018518517	33.5
MST60142	24.695150462962964	33.5
MST60142	24.702094907407407	33
MST60142	24.70903935185185	33.5
MST60142	24.715983796296296	33
MST60142	24.722928240740742	32.5
MST60142	24.729872685185185	32.5
MST60142	24.736817129629628	32
MST60142	24.743761574074075	32.5
MST60142	24.750706018518517	33
MST60142	24.757650462962964	32.5
MST60142	24.764594907407407	32.5
MST60142	24.77153935185185	32
MST60142	24.778483796296296	32
MST60142	24.785428240740742	32
MST60142	24.792372685185185	32.5
MST60142	24.799317129629628	32
MST60142	24.806261574074075	31
MST60142	24.813206018518517	31
MST60142	24.820150462962964	31.5
MST60142	24.827094907407407	31.5
MST60142	24.83403935185185	31.5
MST60142	24.840983796296296	33
MST60142	24.847928240740742	34.5
MST60142	24.854872685185185	33
MST60142	24.861817129629628	32
MST60142	24.868761574074075	31.5
MST60142	24.875706018518517	32
MST60142	24.882650462962964	33
MST60142	24.889594907407407	31.5
MST60142	24.89653935185185	31.5
MST60142	24.903483796296296	32
MST60142	24.910428240740742	31.5
MST60142	24.917372685185185	31.5
MST60142	24.924317129629628	31.5
MST60142	24.931261574074075	31
MST60142	24.938206018518517	30.5
MST60142	24.945150462962964	29.5
MST60142	24.952094907407407	30
MST60142	24.95903935185185	33
MST60142	24.965983796296296	32.5
MST60142	24.972928240740742	31
MST60142	24.979872685185185	30.5
MST60142	24.986817129629628	31.5
MST60142	24.993761574074075	31.5
MST60142	25.000706018518517	31.5
MST60142	25.007650462962964	31
MST60142	25.014594907407407	32.5
MST60142	25.02153935185185	33
MST60142	25.028483796296296	32.5
MST60142	25.035428240740742	32.5
MST60142	25.042372685185185	34
MST60142	25.049317129629628	31.5
MST60142	25.056261574074075	32.5
MST60142	25.063206018518517	33
MST60142	25.070150462962964	33.5
MST60142	25.077094907407407	33
MST60142	25.08403935185185	32
MST60142	25.090983796296296	34
MST60142	25.097928240740742	31.5
MST60142	25.104872685185185	32
MST60142	25.111817129629628	33.5
MST60142	25.118761574074075	32.5
MST60142	25.125706018518517	34
MST60142	25.132650462962964	32.5
MST60142	25.139594907407407	33.5
MST60142	25.14653935185185	31.5
MST60142	25.153483796296296	32
MST60142	25.160428240740742	31.5
MST60142	25.167372685185185	33.5
MST60142	25.174317129629628	34.5
MST60142	25.181261574074075	34.5
MST60142	25.188206018518517	34.5
MST60142	25.195150462962964	34
MST60142	25.202094907407407	33
MST60142	25.20903935185185	32.5
MST60142	25.215983796296296	33
MST60142	25.222928240740742	31
MST60142	25.229872685185185	32
MST60142	25.236817129629628	31.5
MST60142	25.243761574074075	32.5
MST60142	25.250706018518517	32.5
MST60142	25.257650462962964	34.5
MST60142	25.264594907407407	34
MST60142	25.27153935185185	33
MST60142	25.278483796296296	32.5
MST60142	25.285428240740742	31.5
MST60142	25.292372685185185	34
MST60142	25.299317129629628	32
MST60142	25.306261574074075	31.5
MST60142	25.313206018518517	33.5
MST60142	25.320150462962964	33
MST60142	25.327094907407407	32
MST60142	25.33403935185185	31.5
MST60142	25.340983796296296	32
MST60142	25.347928240740742	33
MST60142	25.354872685185185	31.5
MST60142	25.361817129629628	31
MST60142	25.368761574074075	31.5
MST60142	25.375706018518517	32.5
MST60142	25.382650462962964	32.5
MST60142	25.389594907407407	32.5
MST60142	25.39653935185185	32.5
MST60142	25.403483796296296	32.5
MST60142	25.410428240740742	32.5
MST60142	25.417372685185185	32.5
MST60142	25.424317129629628	32.5
MST60142	25.431261574074075	32.5
MST60142	25.438206018518517	32.5
MST60142	25.445150462962964	32.5
MST60142	25.452094907407407	32.5
MST60142	25.45903935185185	33
MST60142	25.465983796296296	33
MST60142	25.472928240740742	33
MST60142	25.479872685185185	33
MST60142	25.486817129629628	33
MST60142	25.493761574074075	33
MST60142	25.500706018518517	33
MST60142	25.507650462962964	33.5
MST60142	25.514594907407407	33
MST60142	25.52153935185185	33
MST60142	25.528483796296296	32.5
MST60142	25.535428240740742	32.5
MST60142	25.542372685185185	32.5
MST60142	25.549317129629628	32.5
MST60142	25.556261574074075	31.5
MST60142	25.563206018518517	32.5
MST60142	25.570150462962964	32
MST60142	25.577094907407407	32
MST60142	25.58403935185185	32
MST60142	25.590983796296296	31.5
MST60142	25.597928240740742	31.5
MST60142	25.604872685185185	32
MST60142	25.611817129629628	32
MST60142	25.618761574074075	31.5
MST60142	25.625706018518517	31.5
MST60142	25.632650462962964	31.5
MST60142	25.639594907407407	32
MST60142	25.64653935185185	31.5
MST60142	25.653483796296296	32
MST60142	25.660428240740742	31.5
MST60142	25.667372685185185	31
MST60142	25.674317129629628	30.5
MST60142	25.681261574074075	31
MST60142	25.688206018518517	31
MST60142	25.695150462962964	31
MST60142	25.702094907407407	31
MST60142	25.70903935185185	31
MST60142	25.715983796296296	32
MST60142	25.722928240740742	31.5
MST60142	25.729872685185185	32
MST60142	25.736817129629628	31.5
MST60142	25.743761574074075	31.5
MST60142	25.750706018518517	32
MST60142	25.757650462962964	32
MST60142	25.764594907407407	32
MST60142	25.77153935185185	32
MST60142	25.778483796296296	31.5
MST60142	25.785428240740742	32
MST60142	25.792372685185185	32
MST60142	25.799317129629628	31.5
MST60142	25.806261574074075	31.5
MST60142	25.813206018518517	31.5
MST60142	25.820150462962964	31.5
MST60142	25.827094907407407	31
MST60142	25.83403935185185	31
MST60142	25.840983796296296	31
MST60142	25.847928240740742	31
MST60142	25.854872685185185	30.5
MST60142	25.861817129629628	29
MST60142	25.868761574074075	28
MST60142	25.875706018518517	27.5
MST60142	25.882650462962964	27
MST60142	25.889594907407407	27
MST60142	25.89653935185185	27
MST60142	25.903483796296296	26
MST60142	25.910428240740742	26.5
MST60142	25.917372685185185	28.5
MST60142	25.924317129629628	30
MST60142	25.931261574074075	30.5
MST60142	25.938206018518517	30
MST60142	25.945150462962964	30
MST60142	25.952094907407407	31
MST60142	25.95903935185185	31.5
MST60142	25.965983796296296	31
MST60142	25.972928240740742	30
MST60142	25.979872685185185	30
MST60142	25.986817129629628	30
MST60142	25.993761574074075	30
MST60142	26.000706018518517	30
MST60142	26.007650462962964	30.5
MST60142	26.014594907407407	32.5
MST60142	26.02153935185185	32.5
MST60142	26.028483796296296	32.5
MST60142	26.035428240740742	31.5
MST60142	26.042372685185185	33.5
MST60142	26.049317129629628	34.5
MST60142	26.056261574074075	34
MST60142	26.063206018518517	31.5
MST60142	26.070150462962964	32.5
MST60142	26.077094907407407	31
MST60142	26.08403935185185	33.5
MST60142	26.090983796296296	33
MST60142	26.097928240740742	33.5
MST60142	26.104872685185185	33
MST60142	26.111817129629628	31.5
MST60142	26.118761574074075	33.5
MST60142	26.125706018518517	31.5
MST60142	26.132650462962964	33
MST60142	26.139594907407407	34.5
MST60142	26.14653935185185	33.5
MST60142	26.153483796296296	33
MST60142	26.160428240740742	34
MST60142	26.167372685185185	31.5
MST60142	26.174317129629628	33.5
MST60142	26.181261574074075	32.5
MST60142	26.188206018518517	34
MST60142	26.195150462962964	32.5
MST60142	26.202094907407407	32.5
MST60142	26.20903935185185	32
MST60142	26.215983796296296	32
MST60142	26.222928240740742	31
MST60142	26.229872685185185	34.5
MST60142	26.236817129629628	33
MST60142	26.243761574074075	33.5
MST60142	26.250706018518517	34
MST60142	26.257650462962964	34
MST60142	26.264594907407407	33
MST60142	26.27153935185185	34
MST60142	26.278483796296296	32
MST60142	26.285428240740742	31.5
MST60142	26.292372685185185	31.5
MST60142	26.299317129629628	31
MST60142	26.306261574074075	33.5
MST60142	26.313206018518517	33
MST60142	26.320150462962964	31.5
MST60142	26.327094907407407	31
MST60142	26.33403935185185	32
MST60142	26.340983796296296	32.5
MST60142	26.347928240740742	32.5
MST60142	26.354872685185185	32.5
MST60142	26.361817129629628	32
MST60142	26.368761574074075	32
MST60142	26.375706018518517	32.5
MST60142	26.382650462962964	33
MST60142	26.389594907407407	33
MST60142	26.39653935185185	33
MST60142	26.403483796296296	33
MST60142	26.410428240740742	33
MST60142	26.417372685185185	33
MST60142	26.424317129629628	33
MST60142	26.431261574074075	33
MST60142	26.438206018518517	32.5
MST60142	26.445150462962964	33
MST60142	26.452094907407407	33
MST60142	26.45903935185185	33
MST60142	26.465983796296296	33
MST60142	26.472928240740742	33.5
MST60142	26.479872685185185	33.5
MST60142	26.486817129629628	33.5
MST60142	26.493761574074075	33.5
MST60142	26.500706018518517	33.5
MST60142	26.507650462962964	33.5
MST60142	26.514594907407407	33
MST60142	26.52153935185185	33
MST60142	26.528483796296296	33
MST60142	26.535428240740742	33
MST60149	17.002789351851852	33.5
MST60149	17.009733796296295	33
MST60149	17.01667824074074	32.5
MST60149	17.023622685185185	32.5
MST60149	17.03056712962963	32
MST60149	17.037511574074074	32
MST60149	17.044456018518517	32.5
MST60149	17.051400462962963	31.5
MST60149	17.058344907407406	31
MST60149	17.065289351851852	31
MST60149	17.072233796296295	30.5
MST60149	17.07917824074074	30
MST60149	17.086122685185185	30.5
MST60149	17.09306712962963	30
MST60149	17.100011574074074	30
MST60149	17.106956018518517	31
MST60149	17.113900462962963	31.5
MST60149	17.120844907407406	30.5
MST60149	17.127789351851852	31
MST60149	17.134733796296295	31
MST60149	17.14167824074074	30
MST60149	17.148622685185185	30.5
MST60149	17.15556712962963	31
MST60149	17.162511574074074	31.5
MST60149	17.169456018518517	33
MST60149	17.176400462962963	31
MST60149	17.183344907407406	31
MST60149	17.190289351851852	31
MST60149	17.197233796296295	31.5
MST60149	17.20417824074074	32.5
MST60149	17.211122685185185	30.5
MST60149	17.21806712962963	30.5
MST60149	17.225011574074074	31
MST60149	17.231956018518517	32
MST60149	17.238900462962963	31.5
MST60149	17.245844907407406	31.5
MST60149	17.252789351851852	32
MST60149	17.259733796296295	34
MST60149	17.26667824074074	31.5
MST60149	17.273622685185185	30.5
MST60149	17.28056712962963	31
MST60149	17.287511574074074	30.5
MST60149	17.294456018518517	31
MST60149	17.301400462962963	31.5
MST60149	17.308344907407406	31.5
MST60149	17.315289351851852	32
MST60149	17.322233796296295	31
MST60149	17.32917824074074	31
MST60149	17.336122685185185	31.5
MST60149	17.34306712962963	31
MST60149	17.350011574074074	31
MST60149	17.356956018518517	31.5
MST60149	17.363900462962963	31.5
MST60149	17.370844907407406	30.5
MST60149	17.377789351851852	30.5
MST60149	17.384733796296295	31
MST60149	17.39167824074074	31
MST60149	17.398622685185185	31
MST60149	17.40556712962963	31.5
MST60149	17.412511574074074	31.5
MST60149	17.419456018518517	31.5
MST60149	17.426400462962963	31.5
MST60149	17.433344907407406	31.5
MST60149	17.440289351851852	31.5
MST60149	17.447233796296295	32
MST60149	17.45417824074074	31.5
MST60149	17.461122685185185	32
MST60149	17.46806712962963	32
MST60149	17.475011574074074	32
MST60149	17.481956018518517	32
MST60149	17.488900462962963	32
MST60149	17.495844907407406	32
MST60149	17.502789351851852	31.5
MST60149	17.509733796296295	32
MST60149	17.51667824074074	32
MST60149	17.523622685185185	31.5
MST60149	17.53056712962963	32
MST60149	17.537511574074074	32
MST60149	17.544456018518517	32
MST60149	17.551400462962963	32
MST60149	17.558344907407406	32
MST60149	17.565289351851852	32
MST60149	17.572233796296295	32
MST60149	17.57917824074074	31.5
MST60149	17.586122685185185	32
MST60149	17.59306712962963	32
MST60149	17.600011574074074	31.5
MST60149	17.606956018518517	31.5
MST60149	17.613900462962963	31.5
MST60149	17.620844907407406	31.5
MST60149	17.627789351851852	31
MST60149	17.634733796296295	31.5
MST60149	17.64167824074074	31.5
MST60149	17.648622685185185	31
MST60149	17.65556712962963	31.5
MST60149	17.662511574074074	31.5
MST60149	17.669456018518517	31.5
MST60149	17.676400462962963	31.5
MST60149	17.683344907407406	32
MST60149	17.690289351851852	32
MST60149	17.697233796296295	32
MST60149	17.70417824074074	31.5
MST60149	17.711122685185185	32
MST60149	17.71806712962963	32
MST60149	17.725011574074074	32
MST60149	17.731956018518517	31.5
MST60149	17.738900462962963	31.5
MST60149	17.745844907407406	32
MST60149	17.752789351851852	32
MST60149	17.759733796296295	32
MST60149	17.76667824074074	31.5
MST60149	17.773622685185185	32
MST60149	17.78056712962963	31.5
MST60149	17.787511574074074	31.5
MST60149	17.794456018518517	31.5
MST60149	17.801400462962963	31.5
MST60149	17.808344907407406	31
MST60149	17.815289351851852	31
MST60149	17.822233796296295	31
MST60149	17.82917824074074	31
MST60149	17.836122685185185	31
MST60149	17.84306712962963	31
MST60149	17.850011574074074	31
MST60149	17.856956018518517	31
MST60149	17.863900462962963	31
MST60149	17.870844907407406	30.5
MST60149	17.877789351851852	30
MST60149	17.884733796296295	30
MST60149	17.89167824074074	30
MST60149	17.898622685185185	29
MST60149	17.90556712962963	29
MST60149	17.912511574074074	28.5
MST60149	17.919456018518517	29.5
MST60149	17.926400462962963	31
MST60149	17.933344907407406	31
MST60149	17.940289351851852	30.5
MST60149	17.947233796296295	30.5
MST60149	17.95417824074074	30
MST60149	17.961122685185185	29.5
MST60149	17.96806712962963	29.5
MST60149	17.975011574074074	29.5
MST60149	17.981956018518517	29
MST60149	17.988900462962963	29.5
MST60149	17.995844907407406	30
MST60149	18.002789351851852	30.5
MST60149	18.009733796296295	31
MST60149	18.01667824074074	31.5
MST60149	18.023622685185185	31.5
MST60149	18.03056712962963	31
MST60149	18.037511574074074	30.5
MST60149	18.044456018518517	31.5
MST60149	18.051400462962963	29.5
MST60149	18.058344907407406	30.5
MST60149	18.065289351851852	30.5
MST60149	18.072233796296295	30.5
MST60149	18.07917824074074	30
MST60149	18.086122685185185	29.5
MST60149	18.09306712962963	29.5
MST60149	18.100011574074074	30
MST60149	18.106956018518517	30.5
MST60149	18.113900462962963	30
MST60149	18.120844907407406	31.5
MST60149	18.127789351851852	31.5
MST60149	18.134733796296295	30.5
MST60149	18.14167824074074	31.5
MST60149	18.148622685185185	33.5
MST60149	18.15556712962963	33.5
MST60149	18.162511574074074	31
MST60149	18.169456018518517	30
MST60149	18.176400462962963	32
MST60149	18.183344907407406	30
MST60149	18.190289351851852	30
MST60149	18.197233796296295	30.5
MST60149	18.20417824074074	32.5
MST60149	18.211122685185185	31
MST60149	18.21806712962963	30.5
MST60149	18.225011574074074	31
MST60149	18.231956018518517	34
MST60149	18.238900462962963	33
MST60149	18.245844907407406	30.5
MST60149	18.252789351851852	31.5
MST60149	18.259733796296295	30.5
MST60149	18.26667824074074	30.5
MST60149	18.273622685185185	30.5
MST60149	18.28056712962963	30
MST60149	18.287511574074074	31
MST60149	18.294456018518517	31.5
MST60149	18.301400462962963	31
MST60149	18.308344907407406	31
MST60149	18.315289351851852	31
MST60149	18.322233796296295	31
MST60149	18.32917824074074	30.5
MST60149	18.336122685185185	30.5
MST60149	18.34306712962963	30.5
MST60149	18.350011574074074	31
MST60149	18.356956018518517	31
MST60149	18.363900462962963	31
MST60149	18.370844907407406	31
MST60149	18.377789351851852	30.5
MST60149	18.384733796296295	30.5
MST60149	18.39167824074074	32
MST60149	18.398622685185185	31
MST60149	18.40556712962963	31
MST60149	18.412511574074074	31.5
MST60149	18.419456018518517	32
MST60149	18.426400462962963	32
MST60149	18.433344907407406	33
MST60149	18.440289351851852	33
MST60149	18.447233796296295	33.5
MST60149	18.45417824074074	33
MST60149	18.461122685185185	32.5
MST60149	18.46806712962963	33
MST60149	18.475011574074074	33
MST60149	18.48195601851852	33
MST60149	18.488900462962963	33
MST60149	18.495844907407406	33
MST60149	18.502789351851852	33
MST60149	18.509733796296295	33
MST60149	18.51667824074074	33
MST60149	18.523622685185185	33
MST60149	18.53056712962963	32.5
MST60149	18.537511574074074	32.5
MST60149	18.54445601851852	32.5
MST60149	18.551400462962963	32
MST60149	18.558344907407406	32.5
MST60149	18.565289351851852	32.5
MST60149	18.572233796296295	32
MST60149	18.57917824074074	32
MST60149	18.586122685185185	32
MST60149	18.59306712962963	32
MST60149	18.600011574074074	32
MST60149	18.60695601851852	31.5
MST60149	18.613900462962963	31.5
MST60149	18.620844907407406	32
MST60149	18.627789351851852	31.5
MST60149	18.634733796296295	31.5
MST60149	18.64167824074074	31.5
MST60149	18.648622685185185	32
MST60149	18.65556712962963	31.5
MST60149	18.662511574074074	31.5
MST60149	18.66945601851852	32
MST60149	18.676400462962963	31.5
MST60149	18.683344907407406	31.5
MST60149	18.690289351851852	31.5
MST60149	18.697233796296295	31.5
MST60149	18.70417824074074	31.5
MST60149	18.711122685185185	31.5
MST60149	18.71806712962963	31.5
MST60149	18.725011574074074	31.5
MST60149	18.73195601851852	31.5
MST60149	18.738900462962963	31.5
MST60149	18.745844907407406	31.5
MST60149	18.752789351851852	31.5
MST60149	18.759733796296295	31.5
MST60149	18.76667824074074	31.5
MST60149	18.773622685185185	31
MST60149	18.78056712962963	31.5
MST60149	18.787511574074074	32
MST60149	18.79445601851852	32
MST60149	18.801400462962963	32
MST60149	18.808344907407406	31.5
MST60149	18.815289351851852	31.5
MST60149	18.822233796296295	31
MST60149	18.82917824074074	31
MST60149	18.836122685185185	31
MST60149	18.84306712962963	31
MST60149	18.850011574074074	32.5
MST60149	18.85695601851852	32
MST60149	18.863900462962963	31.5
MST60149	18.870844907407406	31.5
MST60149	18.877789351851852	31
MST60149	18.884733796296295	31
MST60149	18.89167824074074	30.5
MST60149	18.898622685185185	31.5
MST60149	18.90556712962963	31
MST60149	18.912511574074074	31
MST60149	18.91945601851852	31
MST60149	18.926400462962963	31
MST60149	18.933344907407406	31
MST60149	18.940289351851852	31
MST60149	18.947233796296295	31
MST60149	18.95417824074074	30.5
MST60149	18.961122685185185	30
MST60149	18.96806712962963	30.5
MST60149	18.975011574074074	30.5
MST60149	18.98195601851852	31
MST60149	18.988900462962963	31
MST60149	18.995844907407406	30.5
MST60149	19.002789351851852	31
MST60149	19.009733796296295	31.5
MST60149	19.01667824074074	30
MST60149	19.023622685185185	31.5
MST60149	19.03056712962963	31
MST60149	19.037511574074074	33
MST60149	19.044456018518517	31
MST60149	19.051400462962963	30
MST60149	19.058344907407406	30.5
MST60149	19.065289351851852	30
MST60149	19.072233796296295	32.5
MST60149	19.07917824074074	31.5
MST60149	19.086122685185185	29.5
MST60149	19.09306712962963	30.5
MST60149	19.100011574074074	32
MST60149	19.106956018518517	32
MST60149	19.113900462962963	31
MST60149	19.120844907407406	31
MST60149	19.127789351851852	30.5
MST60149	19.134733796296295	31.5
MST60149	19.14167824074074	32.5
MST60149	19.148622685185185	33.5
MST60149	19.15556712962963	34
MST60149	19.162511574074074	32
MST60149	19.169456018518517	31
MST60149	19.176400462962963	30.5
MST60149	19.183344907407406	30.5
MST60149	19.190289351851852	31
MST60149	19.197233796296295	31.5
MST60149	19.20417824074074	31
MST60149	19.211122685185185	34.5
MST60149	19.21806712962963	33
MST60149	19.225011574074074	31.5
MST60149	19.231956018518517	30.5
MST60149	19.238900462962963	32
MST60149	19.245844907407406	33
MST60149	19.252789351851852	31
MST60149	19.259733796296295	33
MST60149	19.26667824074074	31
MST60149	19.273622685185185	31
MST60149	19.28056712962963	31
MST60149	19.287511574074074	31.5
MST60149	19.294456018518517	31.5
MST60149	19.301400462962963	31.5
MST60149	19.308344907407406	31.5
MST60149	19.315289351851852	32.5
MST60149	19.322233796296295	30.5
MST60149	19.32917824074074	31
MST60149	19.336122685185185	31.5
MST60149	19.34306712962963	31
MST60149	19.350011574074074	31.5
MST60149	19.356956018518517	31.5
MST60149	19.363900462962963	30.5
MST60149	19.370844907407406	32
MST60149	19.377789351851852	31
MST60149	19.384733796296295	30.5
MST60149	19.39167824074074	30.5
MST60149	19.398622685185185	31
MST60149	19.40556712962963	31.5
MST60149	19.412511574074074	31
MST60149	19.419456018518517	31.5
MST60149	19.426400462962963	31.5
MST60149	19.433344907407406	31.5
MST60149	19.440289351851852	31.5
MST60149	19.447233796296295	31.5
MST60149	19.45417824074074	31.5
MST60149	19.461122685185185	31.5
MST60149	19.46806712962963	32
MST60149	19.475011574074074	32
MST60149	19.481956018518517	32
MST60149	19.488900462962963	32
MST60149	19.495844907407406	32
MST60149	19.502789351851852	31.5
MST60149	19.509733796296295	32
MST60149	19.51667824074074	32
MST60149	19.523622685185185	32
MST60149	19.53056712962963	31.5
MST60149	19.537511574074074	32
MST60149	19.544456018518517	32
MST60149	19.551400462962963	32
MST60149	19.558344907407406	31.5
MST60149	19.565289351851852	31
MST60149	19.572233796296295	31
MST60149	19.57917824074074	31.5
MST60149	19.586122685185185	31.5
MST60149	19.59306712962963	31
MST60149	19.600011574074074	31.5
MST60149	19.606956018518517	31
MST60149	19.613900462962963	31
MST60149	19.620844907407406	30.5
MST60149	19.627789351851852	31
MST60149	19.634733796296295	31.5
MST60149	19.64167824074074	31.5
MST60149	19.648622685185185	31.5
MST60149	19.65556712962963	31.5
MST60149	19.662511574074074	31.5
MST60149	19.669456018518517	31
MST60149	19.676400462962963	31
MST60149	19.683344907407406	31.5
MST60149	19.690289351851852	31
MST60149	19.697233796296295	30.5
MST60149	19.70417824074074	31
MST60149	19.711122685185185	31.5
MST60149	19.71806712962963	31.5
MST60149	19.725011574074074	31.5
MST60149	19.731956018518517	31.5
MST60149	19.738900462962963	31
MST60149	19.745844907407406	31
MST60149	19.752789351851852	31
MST60149	19.759733796296295	31
MST60149	19.76667824074074	31
MST60149	19.773622685185185	31
MST60149	19.78056712962963	31.5
MST60149	19.787511574074074	31.5
MST60149	19.794456018518517	31.5
MST60149	19.801400462962963	31.5
MST60149	19.808344907407406	31.5
MST60149	19.815289351851852	31
MST60149	19.822233796296295	30.5
MST60149	19.82917824074074	30.5
MST60149	19.836122685185185	30.5
MST60149	19.84306712962963	30.5
MST60149	19.850011574074074	31.5
MST60149	19.856956018518517	31
MST60149	19.863900462962963	30.5
MST60149	19.870844907407406	30
MST60149	19.877789351851852	29.5
MST60149	19.884733796296295	29
MST60149	19.89167824074074	28.5
MST60149	19.898622685185185	28
MST60149	19.90556712962963	27.5
MST60149	19.912511574074074	27.5
MST60149	19.919456018518517	27
MST60149	19.926400462962963	27
MST60149	19.933344907407406	27
MST60149	19.940289351851852	27
MST60149	19.947233796296295	27.5
MST60149	19.95417824074074	27
MST60149	19.961122685185185	27
MST60149	19.96806712962963	27
MST60149	19.975011574074074	28
MST60149	19.981956018518517	29
MST60149	19.988900462962963	29.5
MST60149	19.995844907407406	30
MST60149	20.002789351851852	30
MST60149	20.009733796296295	31
MST60149	20.01667824074074	32
MST60149	20.023622685185185	32.5
MST60149	20.03056712962963	31.5
MST60149	20.037511574074074	31
MST60149	20.044456018518517	31
MST60149	20.051400462962963	32
MST60149	20.058344907407406	31.5
MST60149	20.065289351851852	32
MST60149	20.072233796296295	32.5
MST60149	20.07917824074074	33.5
MST60149	20.086122685185185	32.5
MST60149	20.09306712962963	31
MST60149	20.100011574074074	30.5
MST60149	20.106956018518517	31
MST60149	20.113900462962963	30
MST60149	20.120844907407406	32
MST60149	20.127789351851852	31.5
MST60149	20.134733796296295	31
MST60149	20.14167824074074	31
MST60149	20.148622685185185	30.5
MST60149	20.15556712962963	31
MST60149	20.162511574074074	30
MST60149	20.169456018518517	32.5
MST60149	20.176400462962963	30
MST60149	20.183344907407406	31.5
MST60149	20.190289351851852	30.5
MST60149	20.197233796296295	32.5
MST60149	20.20417824074074	31
MST60149	20.211122685185185	30.5
MST60149	20.21806712962963	30.5
MST60149	20.225011574074074	30
MST60149	20.231956018518517	30
MST60149	20.238900462962963	31
MST60149	20.245844907407406	31
MST60149	20.252789351851852	30
MST60149	20.259733796296295	30.5
MST60149	20.26667824074074	31.5
MST60149	20.273622685185185	32
MST60149	20.28056712962963	31.5
MST60149	20.287511574074074	31
MST60149	20.294456018518517	31.5
MST60149	20.301400462962963	30
MST60149	20.308344907407406	31.5
MST60149	20.315289351851852	31
MST60149	20.322233796296295	32
MST60149	20.32917824074074	31.5
MST60149	20.336122685185185	32
MST60149	20.34306712962963	32
MST60149	20.350011574074074	31
MST60149	20.356956018518517	31.5
MST60149	20.363900462962963	31.5
MST60149	20.370844907407406	31.5
MST60149	20.377789351851852	31.5
MST60149	20.384733796296295	32
MST60149	20.39167824074074	31.5
MST60149	20.398622685185185	32
MST60149	20.40556712962963	31.5
MST60149	20.412511574074074	32
MST60149	20.419456018518517	32.5
MST60149	20.426400462962963	32
MST60149	20.433344907407406	31.5
MST60149	20.440289351851852	31.5
MST60149	20.447233796296295	31.5
MST60149	20.45417824074074	31.5
MST60149	20.461122685185185	32
MST60149	20.46806712962963	31.5
MST60149	20.475011574074074	32
MST60149	20.481956018518517	32
MST60149	20.488900462962963	32
MST60149	20.495844907407406	32
MST60149	20.502789351851852	32
MST60149	20.509733796296295	32
MST60149	20.51667824074074	32
MST60149	20.523622685185185	31.5
MST60149	20.53056712962963	31.5
MST60149	20.537511574074074	31.5
MST60149	20.544456018518517	31
MST60149	20.551400462962963	31
MST60149	20.558344907407406	31
MST60149	20.565289351851852	30.5
MST60149	20.572233796296295	30.5
MST60149	20.57917824074074	29.5
MST60149	20.586122685185185	29.5
MST60149	20.59306712962963	29.5
MST60149	20.600011574074074	29
MST60149	20.606956018518517	29
MST60149	20.613900462962963	29
MST60149	20.620844907407406	28.5
MST60149	20.627789351851852	28.5
MST60149	20.634733796296295	28.5
MST60149	20.64167824074074	28.5
MST60149	20.648622685185185	29
MST60149	20.65556712962963	28.5
MST60149	20.662511574074074	28
MST60149	20.669456018518517	28
MST60149	20.676400462962963	28
MST60149	20.683344907407406	28.5
MST60149	20.690289351851852	28.5
MST60149	20.697233796296295	28.5
MST60149	20.70417824074074	28
MST60149	20.711122685185185	28
MST60149	20.71806712962963	28
MST60149	20.725011574074074	29
MST60149	20.731956018518517	30.5
MST60149	20.738900462962963	31.5
MST60149	20.745844907407406	32
MST60149	20.752789351851852	31.5
MST60149	20.759733796296295	31.5
MST60149	20.76667824074074	31.5
MST60149	20.773622685185185	31.5
MST60149	20.78056712962963	31.5
MST60149	20.787511574074074	31
MST60149	20.794456018518517	31
MST60149	20.801400462962963	31.5
MST60149	20.808344907407406	31.5
MST60149	20.815289351851852	31
MST60149	20.822233796296295	31
MST60149	20.82917824074074	31.5
MST60149	20.836122685185185	31.5
MST60149	20.84306712962963	31
MST60149	20.850011574074074	31
MST60149	20.856956018518517	31.5
MST60149	20.863900462962963	32
MST60149	20.870844907407406	32
MST60149	20.877789351851852	31.5
MST60149	20.884733796296295	31.5
MST60149	20.89167824074074	31.5
MST60149	20.898622685185185	30.5
MST60149	20.90556712962963	30
MST60149	20.912511574074074	31
MST60149	20.919456018518517	30.5
MST60149	20.926400462962963	29.5
MST60149	20.933344907407406	29
MST60149	20.940289351851852	28.5
MST60149	20.947233796296295	28
MST60149	20.95417824074074	27.5
MST60149	20.961122685185185	27.5
MST60149	20.96806712962963	27.5
MST60149	20.975011574074074	28
MST60149	20.981956018518517	28.5
MST60149	20.988900462962963	30
MST60149	20.995844907407406	30
MST60149	21.002789351851852	30.5
MST60149	21.009733796296295	31
MST60149	21.01667824074074	33
MST60149	21.023622685185185	32.5
MST60149	21.03056712962963	31.5
MST60149	21.037511574074074	31
MST60149	21.044456018518517	31.5
MST60149	21.051400462962963	32
MST60149	21.058344907407406	33
MST60149	21.065289351851852	31
MST60149	21.072233796296295	34.5
MST60149	21.07917824074074	33
MST60149	21.086122685185185	32.5
MST60149	21.09306712962963	32
MST60149	21.100011574074074	31.5
MST60149	21.106956018518517	31
MST60149	21.113900462962963	31.5
MST60149	21.120844907407406	30.5
MST60149	21.127789351851852	30.5
MST60149	21.134733796296295	30.5
MST60149	21.14167824074074	31
MST60149	21.148622685185185	30.5
MST60149	21.15556712962963	30.5
MST60149	21.162511574074074	30
MST60149	21.169456018518517	30.5
MST60149	21.176400462962963	30
MST60149	21.183344907407406	30
MST60149	21.190289351851852	30.5
MST60149	21.197233796296295	32
MST60149	21.20417824074074	31.5
MST60149	21.211122685185185	31.5
MST60149	21.21806712962963	31.5
MST60149	21.225011574074074	33
MST60149	21.231956018518517	32.5
MST60149	21.238900462962963	32
MST60149	21.245844907407406	32.5
MST60149	21.252789351851852	31.5
MST60149	21.259733796296295	31.5
MST60149	21.26667824074074	31.5
MST60149	21.273622685185185	31
MST60149	21.28056712962963	32
MST60149	21.287511574074074	31.5
MST60149	21.294456018518517	31.5
MST60149	21.301400462962963	32.5
MST60149	21.308344907407406	31.5
MST60149	21.315289351851852	32.5
MST60149	21.322233796296295	30.5
MST60149	21.32917824074074	31
MST60149	21.336122685185185	31
MST60149	21.34306712962963	34
MST60149	21.350011574074074	32
MST60149	21.356956018518517	32
MST60149	21.363900462962963	31
MST60149	21.370844907407406	31
MST60149	21.377789351851852	31.5
MST60149	21.384733796296295	31
MST60149	21.39167824074074	31
MST60149	21.398622685185185	31.5
MST60149	21.40556712962963	31.5
MST60149	21.412511574074074	31.5
MST60149	21.419456018518517	31.5
MST60149	21.426400462962963	31.5
MST60149	21.433344907407406	31
MST60149	21.440289351851852	31.5
MST60149	21.447233796296295	31.5
MST60149	21.45417824074074	33
MST60149	21.461122685185185	31
MST60149	21.46806712962963	32.5
MST60149	21.475011574074074	32.5
MST60149	21.481956018518517	32
MST60149	21.488900462962963	32
MST60149	21.495844907407406	32
MST60149	21.502789351851852	32
MST60149	21.509733796296295	33
MST60149	21.51667824074074	32.5
MST60149	21.523622685185185	32.5
MST60149	21.53056712962963	32
MST60149	21.537511574074074	32.5
MST60149	21.544456018518517	33
MST60149	21.551400462962963	33
MST60149	21.558344907407406	33
MST60149	21.565289351851852	32.5
MST60149	21.572233796296295	32.5
MST60149	21.57917824074074	32.5
MST60149	21.586122685185185	32.5
MST60149	21.59306712962963	32.5
MST60149	21.600011574074074	32.5
MST60149	21.606956018518517	32.5
MST60149	21.613900462962963	32.5
MST60149	21.620844907407406	32.5
MST60149	21.627789351851852	32
MST60149	21.634733796296295	32
MST60149	21.64167824074074	32
MST60149	21.648622685185185	32
MST60149	21.65556712962963	32
MST60149	21.662511574074074	32
MST60149	21.669456018518517	31.5
MST60149	21.676400462962963	32
MST60149	21.683344907407406	32
MST60149	21.690289351851852	31.5
MST60149	21.697233796296295	32
MST60149	21.70417824074074	32
MST60149	21.711122685185185	32
MST60149	21.71806712962963	32
MST60149	21.725011574074074	32.5
MST60149	21.731956018518517	32
MST60149	21.738900462962963	32
MST60149	21.745844907407406	31.5
MST60149	21.752789351851852	31.5
MST60149	21.759733796296295	31.5
MST60149	21.76667824074074	32
MST60149	21.773622685185185	31.5
MST60149	21.78056712962963	32
MST60149	21.787511574074074	32
MST60149	21.794456018518517	32
MST60149	21.801400462962963	31.5
MST60149	21.808344907407406	31.5
MST60149	21.815289351851852	31.5
MST60149	21.822233796296295	31.5
MST60149	21.82917824074074	31
MST60149	21.836122685185185	31.5
MST60149	21.84306712962963	31.5
MST60149	21.850011574074074	31.5
MST60149	21.856956018518517	31.5
MST60149	21.863900462962963	31.5
MST60149	21.870844907407406	31.5
MST60149	21.877789351851852	31.5
MST60149	21.884733796296295	31
MST60149	21.89167824074074	31
MST60149	21.898622685185185	31.5
MST60149	21.90556712962963	31.5
MST60149	21.912511574074074	31.5
MST60149	21.919456018518517	31.5
MST60149	21.926400462962963	31
MST60149	21.933344907407406	31
MST60149	21.940289351851852	30.5
MST60149	21.947233796296295	30
MST60149	21.95417824074074	30.5
MST60149	21.961122685185185	30.5
MST60149	21.96806712962963	31.5
MST60149	21.975011574074074	31.5
MST60149	21.981956018518517	31.5
MST60149	21.988900462962963	31.5
MST60149	21.995844907407406	31.5
MST60149	22.002789351851852	31
MST60149	22.009733796296295	31
MST60149	22.01667824074074	31
MST60149	22.023622685185185	30.5
MST60149	22.03056712962963	32
MST60149	22.037511574074074	31.5
MST60149	22.044456018518517	31.5
MST60149	22.051400462962963	31
MST60149	22.058344907407406	31
MST60149	22.065289351851852	31
MST60149	22.072233796296295	30
MST60149	22.07917824074074	31
MST60149	22.086122685185185	35.5
MST60149	22.09306712962963	33
MST60149	22.100011574074074	32.5
MST60149	22.106956018518517	31.5
MST60149	22.113900462962963	31
MST60149	22.120844907407406	30.5
MST60149	22.127789351851852	30.5
MST60149	22.134733796296295	30.5
MST60149	22.14167824074074	30.5
MST60149	22.148622685185185	30
MST60149	22.15556712962963	30.5
MST60149	22.162511574074074	31
MST60149	22.169456018518517	30.5
MST60149	22.176400462962963	30.5
MST60149	22.183344907407406	30.5
MST60149	22.190289351851852	31
MST60149	22.197233796296295	31
MST60149	22.20417824074074	30.5
MST60149	22.211122685185185	30.5
MST60149	22.21806712962963	33.5
MST60149	22.225011574074074	34
MST60149	22.231956018518517	32
MST60149	22.238900462962963	31.5
MST60149	22.245844907407406	32
MST60149	22.252789351851852	33.5
MST60149	22.259733796296295	32
MST60149	22.26667824074074	31.5
MST60149	22.273622685185185	32
MST60149	22.28056712962963	31
MST60149	22.287511574074074	31
MST60149	22.294456018518517	32.5
MST60149	22.301400462962963	31
MST60149	22.308344907407406	31
MST60149	22.315289351851852	31.5
MST60149	22.322233796296295	32.5
MST60149	22.32917824074074	30.5
MST60149	22.336122685185185	30.5
MST60149	22.34306712962963	30.5
MST60149	22.350011574074074	30.5
MST60149	22.356956018518517	32.5
MST60149	22.363900462962963	30.5
MST60149	22.370844907407406	31
MST60149	22.377789351851852	30.5
MST60149	22.384733796296295	30
MST60149	22.39167824074074	31.5
MST60149	22.398622685185185	31.5
MST60149	22.40556712962963	30.5
MST60149	22.412511574074074	31
MST60149	22.419456018518517	31
MST60149	22.426400462962963	31
MST60149	22.433344907407406	31.5
MST60149	22.440289351851852	31
MST60149	22.447233796296295	31
MST60149	22.45417824074074	31
MST60149	22.461122685185185	31.5
MST60149	22.46806712962963	31.5
MST60149	22.475011574074074	30.5
MST60149	22.481956018518517	31
MST60149	22.488900462962963	31.5
MST60149	22.495844907407406	31
MST60149	22.502789351851852	32
MST60149	22.509733796296295	33.5
MST60149	22.51667824074074	33.5
MST60149	22.523622685185185	33
MST60149	22.53056712962963	32
MST60149	22.537511574074074	31.5
MST60149	22.544456018518517	31.5
MST60149	22.551400462962963	31.5
MST60149	22.558344907407406	31.5
MST60149	22.565289351851852	31.5
MST60149	22.572233796296295	31.5
MST60149	22.57917824074074	31
MST60149	22.586122685185185	31.5
MST60149	22.59306712962963	31.5
MST60149	22.600011574074074	31
MST60149	22.606956018518517	31
MST60149	22.613900462962963	31
MST60149	22.620844907407406	31
MST60149	22.627789351851852	31
MST60149	22.634733796296295	31.5
MST60149	22.64167824074074	31.5
MST60149	22.648622685185185	31
MST60149	22.65556712962963	31
MST60149	22.662511574074074	31
MST60149	22.669456018518517	31
MST60149	22.676400462962963	31
MST60149	22.683344907407406	31
MST60149	22.690289351851852	31
MST60149	22.697233796296295	30.5
MST60149	22.70417824074074	30.5
MST60149	22.711122685185185	31
MST60149	22.71806712962963	30.5
MST60149	22.725011574074074	30
MST60149	22.731956018518517	30.5
MST60149	22.738900462962963	30.5
MST60149	22.745844907407406	30.5
MST60149	22.752789351851852	31
MST60149	22.759733796296295	30.5
MST60149	22.76667824074074	31
MST60149	22.773622685185185	31
MST60149	22.78056712962963	31
MST60149	22.787511574074074	31
MST60149	22.794456018518517	31
MST60149	22.801400462962963	30.5
MST60149	22.808344907407406	30.5
MST60149	22.815289351851852	31
MST60149	22.822233796296295	31
MST60149	22.82917824074074	31
MST60149	22.836122685185185	31
MST60149	22.84306712962963	31
MST60149	22.850011574074074	31
MST60149	22.856956018518517	31
MST60149	22.863900462962963	31
MST60149	22.870844907407406	31
MST60149	22.877789351851852	31
MST60149	22.884733796296295	31
MST60149	22.89167824074074	31
MST60149	22.898622685185185	30.5
MST60149	22.90556712962963	31
MST60149	22.912511574074074	30.5
MST60149	22.919456018518517	30.5
MST60149	22.926400462962963	30
MST60149	22.933344907407406	29.5
MST60149	22.940289351851852	29.5
MST60149	22.947233796296295	29.5
MST60149	22.95417824074074	28.5
MST60149	22.961122685185185	28.5
MST60149	22.96806712962963	29
MST60149	22.975011574074074	29.5
MST60149	22.981956018518517	29.5
MST60149	22.988900462962963	30
MST60149	22.995844907407406	30.5
MST60149	23.002789351851852	30.5
MST60149	23.009733796296295	30.5
MST60149	23.01667824074074	31
MST60149	23.023622685185185	31.5
MST60149	23.03056712962963	31
MST60149	23.037511574074074	30.5
MST60149	23.044456018518517	30.5
MST60149	23.051400462962963	31
MST60149	23.058344907407406	30
MST60149	23.065289351851852	30.5
MST60149	23.072233796296295	30.5
MST60149	23.07917824074074	30.5
MST60149	23.086122685185185	30
MST60149	23.09306712962963	30.5
MST60149	23.100011574074074	31.5
MST60149	23.106956018518517	30.5
MST60149	23.113900462962963	30.5
MST60149	23.120844907407406	30.5
MST60149	23.127789351851852	31
MST60149	23.134733796296295	30.5
MST60149	23.14167824074074	30.5
MST60149	23.148622685185185	30.5
MST60149	23.15556712962963	30.5
MST60149	23.162511574074074	30.5
MST60149	23.169456018518517	30.5
MST60149	23.176400462962963	31
MST60149	23.183344907407406	31
MST60149	23.190289351851852	31
MST60149	23.197233796296295	30
MST60149	23.20417824074074	30
MST60149	23.211122685185185	30.5
MST60149	23.21806712962963	31
MST60149	23.225011574074074	32
MST60149	23.231956018518517	31
MST60149	23.238900462962963	31
MST60149	23.245844907407406	30.5
MST60149	23.252789351851852	31.5
MST60149	23.259733796296295	32.5
MST60149	23.26667824074074	30.5
MST60149	23.273622685185185	30.5
MST60149	23.28056712962963	31
MST60149	23.287511574074074	31.5
MST60149	23.294456018518517	31
MST60149	23.301400462962963	31
MST60149	23.308344907407406	31.5
MST60149	23.315289351851852	31.5
MST60149	23.322233796296295	31.5
MST60149	23.32917824074074	31
MST60149	23.336122685185185	31.5
MST60149	23.34306712962963	30.5
MST60149	23.350011574074074	30.5
MST60149	23.356956018518517	31
MST60149	23.363900462962963	31
MST60149	23.370844907407406	31.5
MST60149	23.377789351851852	31.5
MST60149	23.384733796296295	31.5
MST60149	23.39167824074074	31.5
MST60149	23.398622685185185	31.5
MST60149	23.40556712962963	31.5
MST60149	23.412511574074074	31.5
MST60149	23.419456018518517	31.5
MST60149	23.426400462962963	32
MST60149	23.433344907407406	32
MST60149	23.440289351851852	32
MST60149	23.447233796296295	32
MST60149	23.45417824074074	32
MST60149	23.461122685185185	32
MST60149	23.46806712962963	32
MST60149	23.475011574074074	32
MST60149	23.481956018518517	32.5
MST60149	23.488900462962963	32
MST60149	23.495844907407406	32.5
MST60149	23.502789351851852	32.5
MST60149	23.509733796296295	32.5
MST60149	23.51667824074074	32.5
MST60149	23.523622685185185	32
MST60149	23.53056712962963	31.5
MST60149	23.537511574074074	31.5
MST60149	23.544456018518517	31.5
MST60149	23.551400462962963	31.5
MST60149	23.558344907407406	31.5
MST60149	23.565289351851852	31.5
MST60149	23.572233796296295	31.5
MST60149	23.57917824074074	31.5
MST60149	23.586122685185185	31
MST60149	23.59306712962963	31
MST60149	23.600011574074074	31
MST60149	23.606956018518517	31
MST60149	23.613900462962963	31.5
MST60149	23.620844907407406	31
MST60149	23.627789351851852	31
MST60149	23.634733796296295	31.5
MST60149	23.64167824074074	31.5
MST60149	23.648622685185185	32
MST60149	23.65556712962963	31.5
MST60149	23.662511574074074	31.5
MST60149	23.669456018518517	31
MST60149	23.676400462962963	31
MST60149	23.683344907407406	31
MST60149	23.690289351851852	31.5
MST60149	23.697233796296295	31.5
MST60149	23.70417824074074	31.5
MST60149	23.711122685185185	31.5
MST60149	23.71806712962963	31.5
MST60149	23.725011574074074	31.5
MST60149	23.731956018518517	31.5
MST60149	23.738900462962963	31
MST60149	23.745844907407406	31
MST60149	23.752789351851852	31
MST60149	23.759733796296295	31
MST60149	23.76667824074074	31
MST60149	23.773622685185185	31
MST60149	23.78056712962963	31
MST60149	23.787511574074074	31.5
MST60149	23.794456018518517	31.5
MST60149	23.801400462962963	31
MST60149	23.808344907407406	31.5
MST60149	23.815289351851852	31.5
MST60149	23.822233796296295	31.5
MST60149	23.82917824074074	31.5
MST60149	23.836122685185185	31
MST60149	23.84306712962963	31
MST60149	23.850011574074074	31.5
MST60149	23.856956018518517	31.5
MST60149	23.863900462962963	31.5
MST60149	23.870844907407406	31.5
MST60149	23.877789351851852	31
MST60149	23.884733796296295	31.5
MST60149	23.89167824074074	31.5
MST60149	23.898622685185185	31.5
MST60149	23.90556712962963	31.5
MST60149	23.912511574074074	31
MST60149	23.919456018518517	31
MST60149	23.926400462962963	30
MST60149	23.933344907407406	29.5
MST60149	23.940289351851852	29
MST60149	23.947233796296295	29
MST60149	23.95417824074074	28.5
MST60149	23.961122685185185	28.5
MST60149	23.96806712962963	28
MST60149	23.975011574074074	28
MST60149	23.981956018518517	28.5
MST60149	23.988900462962963	29
MST60149	23.995844907407406	29.5
MST60149	24.002789351851852	30.5
MST60149	24.009733796296295	31
MST60149	24.01667824074074	32.5
MST60149	24.023622685185185	31
MST60149	24.03056712962963	30.5
MST60149	24.037511574074074	31
MST60149	24.044456018518517	32
MST60149	24.051400462962963	30.5
MST60149	24.058344907407406	30.5
MST60149	24.065289351851852	30.5
MST60149	24.072233796296295	30.5
MST60149	24.07917824074074	31
MST60149	24.086122685185185	30
MST60149	24.09306712962963	31
MST60149	24.100011574074074	30.5
MST60149	24.106956018518517	30.5
MST60149	24.113900462962963	30
MST60149	24.120844907407406	31.5
MST60149	24.127789351851852	32
MST60149	24.134733796296295	30.5
MST60149	24.14167824074074	31
MST60149	24.148622685185185	32
MST60149	24.15556712962963	30.5
MST60149	24.162511574074074	31
MST60149	24.169456018518517	30.5
MST60149	24.176400462962963	31
MST60149	24.183344907407406	30
MST60149	24.190289351851852	30.5
MST60149	24.197233796296295	31
MST60149	24.20417824074074	31.5
MST60149	24.211122685185185	30
MST60149	24.21806712962963	30
MST60149	24.225011574074074	30.5
MST60149	24.231956018518517	32
MST60149	24.238900462962963	31
MST60149	24.245844907407406	31.5
MST60149	24.252789351851852	31
MST60149	24.259733796296295	32.5
MST60149	24.26667824074074	31
MST60149	24.273622685185185	31.5
MST60149	24.28056712962963	31
MST60149	24.287511574074074	31
MST60149	24.294456018518517	31.5
MST60149	24.301400462962963	31
MST60149	24.308344907407406	31
MST60149	24.315289351851852	32
MST60149	24.322233796296295	30.5
MST60149	24.32917824074074	31
MST60149	24.336122685185185	31
MST60149	24.34306712962963	31
MST60149	24.350011574074074	31.5
MST60149	24.356956018518517	31
MST60149	24.363900462962963	31
MST60149	24.370844907407406	32
MST60149	24.377789351851852	31.5
MST60149	24.384733796296295	31.5
MST60149	24.39167824074074	31.5
MST60149	24.398622685185185	31.5
MST60149	24.40556712962963	31.5
MST60149	24.412511574074074	31.5
MST60149	24.419456018518517	31
MST60149	24.426400462962963	31.5
MST60149	24.433344907407406	32
MST60149	24.440289351851852	31.5
MST60149	24.447233796296295	31.5
MST60149	24.45417824074074	32
MST60149	24.461122685185185	32
MST60149	24.46806712962963	32
MST60149	24.475011574074074	32
MST60149	24.481956018518517	31.5
MST60149	24.488900462962963	31.5
MST60149	24.495844907407406	32
MST60149	24.502789351851852	31.5
MST60149	24.509733796296295	32.5
MST60149	24.51667824074074	32.5
MST60149	24.523622685185185	32
MST60149	24.53056712962963	32
MST60149	24.537511574074074	31.5
MST60149	24.544456018518517	31.5
MST60149	24.551400462962963	31.5
MST60149	24.558344907407406	32
MST60149	24.565289351851852	32
MST60149	24.572233796296295	32
MST60149	24.57917824074074	32
MST60149	24.586122685185185	32
MST60149	24.59306712962963	32
MST60149	24.600011574074074	32
MST60149	24.606956018518517	31.5
MST60149	24.613900462962963	32
MST60149	24.620844907407406	32
MST60149	24.627789351851852	31.5
MST60149	24.634733796296295	32
MST60149	24.64167824074074	32
MST60149	24.648622685185185	32
MST60149	24.65556712962963	31.5
MST60149	24.662511574074074	32
MST60149	24.669456018518517	31.5
MST60149	24.676400462962963	31.5
MST60149	24.683344907407406	31.5
MST60149	24.690289351851852	32
MST60149	24.697233796296295	32.5
MST60149	24.70417824074074	32.5
MST60149	24.711122685185185	32.5
MST60149	24.71806712962963	32.5
MST60149	24.725011574074074	32
MST60149	24.731956018518517	31.5
MST60149	24.738900462962963	31.5
MST60149	24.745844907407406	31.5
MST60149	24.752789351851852	31.5
MST60149	24.759733796296295	32
MST60149	24.76667824074074	31.5
MST60149	24.773622685185185	32
MST60149	24.78056712962963	31.5
MST60149	24.787511574074074	31.5
MST60149	24.794456018518517	31.5
MST60149	24.801400462962963	31
MST60149	24.808344907407406	30.5
MST60149	24.815289351851852	30
MST60149	24.822233796296295	30
MST60149	24.82917824074074	29.5
MST60149	24.836122685185185	29
MST60149	24.84306712962963	33
MST60149	24.850011574074074	34
MST60149	24.856956018518517	33.5
MST60149	24.863900462962963	33.5
MST60149	24.870844907407406	33
MST60149	24.877789351851852	32.5
MST60149	24.884733796296295	32
MST60149	24.89167824074074	32
MST60149	24.898622685185185	31.5
MST60149	24.90556712962963	31.5
MST60149	24.912511574074074	31
MST60149	24.919456018518517	31
MST60149	24.926400462962963	31
MST60149	24.933344907407406	30.5
MST60149	24.940289351851852	30.5
MST60149	24.947233796296295	30.5
MST60149	24.95417824074074	31
MST60149	24.961122685185185	31.5
MST60149	24.96806712962963	31.5
MST60149	24.975011574074074	31.5
MST60149	24.981956018518517	31.5
MST60149	24.988900462962963	31.5
MST60149	24.995844907407406	31.5
MST60149	25.002789351851852	31
MST60149	25.009733796296295	31
MST60149	25.016678240740738	31.5
MST60149	25.023622685185185	31
MST60149	25.03056712962963	31.5
MST60149	25.037511574074074	30.5
MST60149	25.044456018518517	30
MST60149	25.051400462962963	30
MST60149	25.05834490740741	30.5
MST60149	25.065289351851852	30
MST60149	25.072233796296295	31
MST60149	25.079178240740738	30.5
MST60149	25.086122685185185	30.5
MST60149	25.09306712962963	30.5
MST60149	25.100011574074074	30.5
MST60149	25.106956018518517	31.5
MST60149	25.113900462962963	30.5
MST60149	25.12084490740741	30.5
MST60149	25.127789351851852	30.5
MST60149	25.134733796296295	31
MST60149	25.141678240740738	31
MST60149	25.148622685185185	31.5
MST60149	25.15556712962963	30.5
MST60149	25.162511574074074	31.5
MST60149	25.169456018518517	30
MST60149	25.176400462962963	30.5
MST60149	25.18334490740741	33
MST60149	25.190289351851852	29.5
MST60149	25.197233796296295	31
MST60149	25.204178240740738	31
MST60149	25.211122685185185	30
MST60149	25.21806712962963	30
MST60149	25.225011574074074	30
MST60149	25.231956018518517	31
MST60149	25.238900462962963	31
MST60149	25.24584490740741	31
MST60149	25.252789351851852	31
MST60149	25.259733796296295	30
MST60149	25.266678240740738	30.5
MST60149	25.273622685185185	31
MST60149	25.28056712962963	31
MST60149	25.287511574074074	31.5
MST60149	25.294456018518517	31
MST60149	25.301400462962963	31
MST60149	25.30834490740741	30
MST60149	25.315289351851852	30
MST60149	25.322233796296295	31.5
MST60149	25.329178240740738	31.5
MST60149	25.336122685185185	31.5
MST60149	25.34306712962963	31
MST60149	25.350011574074074	31
MST60149	25.356956018518517	31.5
MST60149	25.363900462962963	30.5
MST60149	25.37084490740741	30
MST60149	25.377789351851852	30.5
MST60149	25.384733796296295	31
MST60149	25.391678240740738	31
MST60149	25.398622685185185	31
MST60149	25.40556712962963	31
MST60149	25.412511574074074	31
MST60149	25.419456018518517	31.5
MST60149	25.426400462962963	31
MST60149	25.43334490740741	31.5
MST60149	25.440289351851852	31
MST60149	25.447233796296295	31
MST60149	25.454178240740738	31.5
MST60149	25.461122685185185	31.5
MST60149	25.46806712962963	31.5
MST60149	25.475011574074074	31.5
MST60149	25.481956018518517	31.5
MST60149	25.488900462962963	31.5
MST60149	25.49584490740741	31.5
MST60149	25.502789351851852	32
MST60149	25.509733796296295	32
MST60149	25.516678240740738	32
MST60149	25.523622685185185	31.5
MST60149	25.53056712962963	31.5
MST60149	25.537511574074074	31.5
MST60149	25.544456018518517	31.5
MST60149	25.551400462962963	31
MST60149	25.55834490740741	31
MST60149	25.565289351851852	31
MST60149	25.572233796296295	31.5
MST60149	25.579178240740738	31
MST60149	25.586122685185185	31.5
MST60149	25.59306712962963	31
MST60149	25.600011574074074	31
MST60149	25.606956018518517	31
MST60149	25.613900462962963	31
MST60149	25.62084490740741	31
MST60149	25.627789351851852	31.5
MST60149	25.634733796296295	31.5
MST60149	25.641678240740738	31.5
MST60149	25.648622685185185	31
MST60149	25.65556712962963	31
MST60149	25.662511574074074	31.5
MST60149	25.669456018518517	31
MST60149	25.676400462962963	31
MST60149	25.68334490740741	30.5
MST60149	25.690289351851852	30.5
MST60149	25.697233796296295	31
MST60149	25.704178240740738	30.5
MST60149	25.711122685185185	31
MST60149	25.71806712962963	31.5
MST60149	25.725011574074074	31.5
MST60149	25.731956018518517	31.5
MST60149	25.738900462962963	31.5
MST60149	25.74584490740741	31.5
MST60149	25.752789351851852	31.5
MST60149	25.759733796296295	31.5
MST60149	25.766678240740738	31.5
MST60149	25.773622685185185	30.5
MST60149	25.78056712962963	30.5
MST60149	25.787511574074074	30
MST60149	25.794456018518517	30
MST60149	25.801400462962963	30
MST60149	25.80834490740741	30
MST60149	25.815289351851852	29.5
MST60149	25.822233796296295	28.5
MST60149	25.829178240740738	28
MST60149	25.836122685185185	28
MST60149	25.84306712962963	27.5
MST60149	25.850011574074074	27
MST60149	25.856956018518517	27.5
MST60149	25.863900462962963	27
MST60149	25.87084490740741	27
MST60149	25.877789351851852	27
MST60149	25.884733796296295	27
MST60149	25.891678240740738	28.5
MST60149	25.898622685185185	30
MST60149	25.90556712962963	30
MST60149	25.912511574074074	30
MST60149	25.919456018518517	30.5
MST60149	25.926400462962963	30.5
MST60149	25.93334490740741	30
MST60149	25.940289351851852	29.5
MST60149	25.947233796296295	30.5
MST60149	25.954178240740738	31.5
MST60149	25.961122685185185	30.5
MST60149	25.96806712962963	30.5
MST60149	25.975011574074074	30.5
MST60149	25.981956018518517	30.5
MST60149	25.988900462962963	30.5
MST60149	25.99584490740741	31
MST60149	26.002789351851852	31
MST60149	26.009733796296295	31
MST60149	26.016678240740738	31
MST60149	26.023622685185185	30.5
MST60149	26.03056712962963	30.5
MST60149	26.037511574074074	30.5
MST60149	26.044456018518517	31.5
MST60149	26.051400462962963	30.5
MST60149	26.05834490740741	30
MST60149	26.065289351851852	30.5
MST60149	26.072233796296295	30.5
MST60149	26.079178240740738	30.5
MST60149	26.086122685185185	30
MST60149	26.09306712962963	29.5
MST60149	26.100011574074074	30.5
MST60149	26.106956018518517	30.5
MST60149	26.113900462962963	30.5
MST60149	26.12084490740741	31
MST60149	26.127789351851852	31
MST60149	26.134733796296295	30
MST60149	26.141678240740738	32.5
MST60149	26.148622685185185	31
MST60149	26.15556712962963	32
MST60149	26.162511574074074	31.5
MST60149	26.169456018518517	30.5
MST60149	26.176400462962963	29.5
MST60149	26.18334490740741	30.5
MST60149	26.190289351851852	29.5
MST60149	26.197233796296295	32
MST60149	26.204178240740738	30.5
MST60149	26.211122685185185	30.5
MST60149	26.21806712962963	31
MST60149	26.225011574074074	31
MST60149	26.231956018518517	30.5
MST60149	26.238900462962963	30
MST60149	26.24584490740741	33.5
MST60149	26.252789351851852	30.5
MST60149	26.259733796296295	30
MST60149	26.266678240740738	31.5
MST60149	26.273622685185185	31
MST60149	26.28056712962963	30.5
MST60149	26.287511574074074	30.5
MST60149	26.294456018518517	30.5
MST60149	26.301400462962963	30.5
MST60149	26.30834490740741	30.5
MST60149	26.315289351851852	30.5
MST60149	26.322233796296295	32
MST60149	26.329178240740738	31.5
MST60149	26.336122685185185	31
MST60149	26.34306712962963	31.5
MST60149	26.350011574074074	31.5
MST60149	26.356956018518517	31.5
MST60149	26.363900462962963	31.5
MST60149	26.37084490740741	31
MST60149	26.377789351851852	31.5
MST60149	26.384733796296295	31
MST60149	26.391678240740738	31.5
MST60149	26.398622685185185	31.5
MST60149	26.40556712962963	30
MST60149	26.412511574074074	31.5
MST60149	26.419456018518517	32
MST60149	26.426400462962963	31
MST60149	26.43334490740741	31.5
MST60149	26.440289351851852	31.5
MST60149	26.447233796296295	31.5
MST60149	26.454178240740738	31.5
MST60149	26.461122685185185	31
MST60149	26.46806712962963	31.5
MST60149	26.475011574074074	31.5
MST60149	26.481956018518517	32
MST60149	26.488900462962963	31
MST60149	26.49584490740741	31.5
MST60149	26.502789351851852	31.5
MST60149	26.509733796296295	31.5
MST60149	26.516678240740738	31.5
MST60149	26.523622685185185	31
MST60149	26.53056712962963	30.5
MST60149	26.537511574074074	31
MST60157	17.003483796296297	32.5
MST60157	17.01042824074074	32
MST60157	17.017372685185187	32
MST60157	17.02431712962963	32.5
MST60157	17.031261574074072	32.5
MST60157	17.03820601851852	32.5
MST60157	17.045150462962962	29.5
MST60157	17.052094907407408	31
MST60157	17.05903935185185	32
MST60157	17.065983796296297	29.5
MST60157	17.07292824074074	30.5
MST60157	17.079872685185187	29
MST60157	17.08681712962963	30
MST60157	17.093761574074072	28.5
MST60157	17.10070601851852	30.5
MST60157	17.107650462962962	31.5
MST60157	17.114594907407408	29.5
MST60157	17.12153935185185	29
MST60157	17.128483796296297	30
MST60157	17.13542824074074	29.5
MST60157	17.142372685185187	31.5
MST60157	17.14931712962963	32.5
MST60157	17.156261574074072	32
MST60157	17.16320601851852	31.5
MST60157	17.170150462962962	30
MST60157	17.177094907407408	30
MST60157	17.18403935185185	29.5
MST60157	17.190983796296297	31
MST60157	17.19792824074074	30.5
MST60157	17.204872685185187	32.5
MST60157	17.21181712962963	31
MST60157	17.218761574074072	32
MST60157	17.22570601851852	32.5
MST60157	17.232650462962962	34
MST60157	17.239594907407408	29.5
MST60157	17.24653935185185	30
MST60157	17.253483796296297	30
MST60157	17.26042824074074	30
MST60157	17.267372685185187	30.5
MST60157	17.27431712962963	30.5
MST60157	17.281261574074072	30
MST60157	17.28820601851852	31
MST60157	17.295150462962962	30.5
MST60157	17.302094907407408	31
MST60157	17.30903935185185	30.5
MST60157	17.315983796296297	30.5
MST60157	17.32292824074074	30.5
MST60157	17.329872685185187	30
MST60157	17.33681712962963	30.5
MST60157	17.343761574074072	29.5
MST60157	17.35070601851852	31
MST60157	17.357650462962962	28
MST60157	17.364594907407408	30
MST60157	17.37153935185185	31
MST60157	17.378483796296297	30.5
MST60157	17.38542824074074	29.5
MST60157	17.392372685185187	30.5
MST60157	17.39931712962963	31
MST60157	17.406261574074072	31
MST60157	17.41320601851852	30
MST60157	17.420150462962962	31
MST60157	17.427094907407408	31
MST60157	17.43403935185185	31
MST60157	17.440983796296297	31
MST60157	17.44792824074074	31
MST60157	17.454872685185187	31
MST60157	17.46181712962963	31
MST60157	17.468761574074072	31.5
MST60157	17.47570601851852	31
MST60157	17.482650462962962	31.5
MST60157	17.489594907407408	31
MST60157	17.49653935185185	31.5
MST60157	17.503483796296297	31.5
MST60157	17.51042824074074	32
MST60157	17.517372685185187	32.5
MST60157	17.52431712962963	32
MST60157	17.531261574074072	31.5
MST60157	17.53820601851852	32
MST60157	17.545150462962962	32.5
MST60157	17.552094907407408	32.5
MST60157	17.55903935185185	32.5
MST60157	17.565983796296297	32
MST60157	17.57292824074074	32
MST60157	17.579872685185187	32
MST60157	17.58681712962963	31.5
MST60157	17.593761574074072	32
MST60157	17.60070601851852	30.5
MST60157	17.607650462962962	30
MST60157	17.614594907407408	31.5
MST60157	17.62153935185185	31
MST60157	17.628483796296297	31
MST60157	17.63542824074074	30.5
MST60157	17.642372685185187	30
MST60157	17.64931712962963	30
MST60157	17.656261574074072	31
MST60157	17.66320601851852	30.5
MST60157	17.670150462962962	31
MST60157	17.677094907407408	31
MST60157	17.68403935185185	31
MST60157	17.690983796296297	32
MST60157	17.69792824074074	32
MST60157	17.704872685185187	31
MST60157	17.71181712962963	31
MST60157	17.718761574074072	31
MST60157	17.72570601851852	31.5
MST60157	17.732650462962962	31
MST60157	17.739594907407408	31.5
MST60157	17.74653935185185	31.5
MST60157	17.753483796296297	31
MST60157	17.76042824074074	30.5
MST60157	17.767372685185187	30.5
MST60157	17.77431712962963	31.5
MST60157	17.781261574074072	31
MST60157	17.78820601851852	30
MST60157	17.795150462962962	29.5
MST60157	17.802094907407408	30
MST60157	17.80903935185185	30
MST60157	17.815983796296297	29.5
MST60157	17.82292824074074	29.5
MST60157	17.829872685185187	29
MST60157	17.83681712962963	29.5
MST60157	17.843761574074072	30.5
MST60157	17.85070601851852	30.5
MST60157	17.857650462962962	31.5
MST60157	17.864594907407408	31
MST60157	17.87153935185185	31
MST60157	17.878483796296297	31.5
MST60157	17.88542824074074	31.5
MST60157	17.892372685185187	31
MST60157	17.89931712962963	31
MST60157	17.906261574074072	31.5
MST60157	17.91320601851852	31
MST60157	17.920150462962962	31
MST60157	17.927094907407408	32.5
MST60157	17.93403935185185	31.5
MST60157	17.940983796296297	31
MST60157	17.94792824074074	31
MST60157	17.954872685185187	30.5
MST60157	17.96181712962963	30
MST60157	17.968761574074072	30
MST60157	17.97570601851852	30.5
MST60157	17.982650462962962	30.5
MST60157	17.989594907407408	31
MST60157	17.99653935185185	31
MST60157	18.003483796296297	30.5
MST60157	18.01042824074074	31
MST60157	18.017372685185187	30.5
MST60157	18.02431712962963	30.5
MST60157	18.031261574074072	29.5
MST60157	18.03820601851852	32
MST60157	18.045150462962962	29
MST60157	18.052094907407408	29
MST60157	18.05903935185185	31
MST60157	18.065983796296297	29.5
MST60157	18.07292824074074	29.5
MST60157	18.079872685185187	31.5
MST60157	18.08681712962963	30
MST60157	18.093761574074072	29
MST60157	18.10070601851852	31
MST60157	18.107650462962962	31
MST60157	18.114594907407408	30
MST60157	18.12153935185185	31.5
MST60157	18.128483796296297	30
MST60157	18.13542824074074	30.5
MST60157	18.142372685185187	31
MST60157	18.14931712962963	31.5
MST60157	18.156261574074072	32.5
MST60157	18.16320601851852	30.5
MST60157	18.170150462962962	32.5
MST60157	18.177094907407408	31.5
MST60157	18.18403935185185	31
MST60157	18.190983796296297	31.5
MST60157	18.19792824074074	29.5
MST60157	18.204872685185187	33
MST60157	18.21181712962963	30.5
MST60157	18.218761574074072	31
MST60157	18.22570601851852	34
MST60157	18.232650462962962	33
MST60157	18.239594907407408	31.5
MST60157	18.24653935185185	30.5
MST60157	18.253483796296297	32.5
MST60157	18.26042824074074	32.5
MST60157	18.267372685185187	31
MST60157	18.27431712962963	30
MST60157	18.281261574074072	31
MST60157	18.28820601851852	30
MST60157	18.295150462962962	30
MST60157	18.302094907407408	30
MST60157	18.30903935185185	29.5
MST60157	18.315983796296297	30
MST60157	18.32292824074074	29.5
MST60157	18.329872685185187	30
MST60157	18.33681712962963	30
MST60157	18.343761574074072	29
MST60157	18.35070601851852	29.5
MST60157	18.357650462962962	30
MST60157	18.364594907407408	31
MST60157	18.37153935185185	31
MST60157	18.378483796296297	30.5
MST60157	18.38542824074074	30.5
MST60157	18.392372685185187	31
MST60157	18.39931712962963	30.5
MST60157	18.406261574074072	30.5
MST60157	18.41320601851852	30.5
MST60157	18.420150462962962	30.5
MST60157	18.427094907407408	30.5
MST60157	18.43403935185185	31.5
MST60157	18.440983796296297	31.5
MST60157	18.44792824074074	31.5
MST60157	18.454872685185187	31
MST60157	18.46181712962963	31
MST60157	18.468761574074072	31.5
MST60157	18.47570601851852	31.5
MST60157	18.482650462962962	32
MST60157	18.489594907407408	31.5
MST60157	18.49653935185185	31.5
MST60157	18.503483796296297	32
MST60157	18.51042824074074	31.5
MST60157	18.517372685185187	31
MST60157	18.52431712962963	32
MST60157	18.531261574074072	31.5
MST60157	18.53820601851852	32
MST60157	18.545150462962962	31.5
MST60157	18.552094907407408	31.5
MST60157	18.55903935185185	31.5
MST60157	18.565983796296297	31
MST60157	18.57292824074074	31
MST60157	18.579872685185187	31.5
MST60157	18.58681712962963	31
MST60157	18.593761574074072	31
MST60157	18.60070601851852	30.5
MST60157	18.607650462962962	30.5
MST60157	18.614594907407408	30
MST60157	18.62153935185185	30.5
MST60157	18.628483796296297	31.5
MST60157	18.63542824074074	31
MST60157	18.642372685185187	31.5
MST60157	18.64931712962963	30.5
MST60157	18.656261574074072	31
MST60157	18.66320601851852	31
MST60157	18.670150462962962	31.5
MST60157	18.677094907407408	31
MST60157	18.68403935185185	31
MST60157	18.690983796296297	31.5
MST60157	18.69792824074074	31
MST60157	18.704872685185187	30.5
MST60157	18.71181712962963	31
MST60157	18.718761574074072	31
MST60157	18.72570601851852	30.5
MST60157	18.732650462962962	31
MST60157	18.739594907407408	31
MST60157	18.74653935185185	31
MST60157	18.753483796296297	31
MST60157	18.76042824074074	30.5
MST60157	18.767372685185187	30
MST60157	18.77431712962963	30
MST60157	18.781261574074072	31.5
MST60157	18.78820601851852	31
MST60157	18.795150462962962	30.5
MST60157	18.802094907407408	30.5
MST60157	18.80903935185185	30.5
MST60157	18.815983796296297	30.5
MST60157	18.82292824074074	29.5
MST60157	18.829872685185187	30
MST60157	18.83681712962963	30.5
MST60157	18.843761574074072	31
MST60157	18.85070601851852	31
MST60157	18.857650462962962	31
MST60157	18.864594907407408	31
MST60157	18.87153935185185	31
MST60157	18.878483796296297	31
MST60157	18.88542824074074	31.5
MST60157	18.892372685185187	31.5
MST60157	18.89931712962963	31.5
MST60157	18.906261574074072	31
MST60157	18.91320601851852	30.5
MST60157	18.920150462962962	30.5
MST60157	18.927094907407408	30
MST60157	18.93403935185185	29.5
MST60157	18.940983796296297	30
MST60157	18.94792824074074	29.5
MST60157	18.954872685185187	30.5
MST60157	18.96181712962963	30
MST60157	18.968761574074072	30
MST60157	18.97570601851852	29.5
MST60157	18.982650462962962	30
MST60157	18.989594907407408	30.5
MST60157	18.99653935185185	30.5
MST60157	19.003483796296297	30.5
MST60157	19.01042824074074	31.5
MST60157	19.017372685185187	31
MST60157	19.02431712962963	29.5
MST60157	19.031261574074072	29.5
MST60157	19.03820601851852	31.5
MST60157	19.045150462962962	33
MST60157	19.052094907407408	29.5
MST60157	19.05903935185185	30.5
MST60157	19.065983796296297	32.5
MST60157	19.07292824074074	31.5
MST60157	19.079872685185187	32
MST60157	19.08681712962963	33
MST60157	19.093761574074072	33
MST60157	19.10070601851852	30.5
MST60157	19.107650462962962	30.5
MST60157	19.114594907407408	30.5
MST60157	19.12153935185185	30.5
MST60157	19.128483796296297	30
MST60157	19.13542824074074	31
MST60157	19.142372685185187	30.5
MST60157	19.14931712962963	30
MST60157	19.156261574074072	30
MST60157	19.16320601851852	32
MST60157	19.170150462962962	29
MST60157	19.177094907407408	30.5
MST60157	19.18403935185185	30.5
MST60157	19.190983796296297	32.5
MST60157	19.19792824074074	30
MST60157	19.204872685185187	30
MST60157	19.21181712962963	34.5
MST60157	19.218761574074072	31
MST60157	19.22570601851852	33
MST60157	19.232650462962962	32
MST60157	19.239594907407408	32.5
MST60157	19.24653935185185	30.5
MST60157	19.253483796296297	31
MST60157	19.26042824074074	31
MST60157	19.267372685185187	29.5
MST60157	19.27431712962963	30.5
MST60157	19.281261574074072	31
MST60157	19.28820601851852	33
MST60157	19.295150462962962	31
MST60157	19.302094907407408	29.5
MST60157	19.30903935185185	29
MST60157	19.315983796296297	29
MST60157	19.32292824074074	31.5
MST60157	19.329872685185187	30
MST60157	19.33681712962963	30.5
MST60157	19.343761574074072	30
MST60157	19.35070601851852	28.5
MST60157	19.357650462962962	30
MST60157	19.364594907407408	29.5
MST60157	19.37153935185185	30
MST60157	19.378483796296297	30.5
MST60157	19.38542824074074	30.5
MST60157	19.392372685185187	30
MST60157	19.39931712962963	30.5
MST60157	19.406261574074072	31
MST60157	19.41320601851852	31
MST60157	19.420150462962962	31
MST60157	19.427094907407408	31.5
MST60157	19.43403935185185	31
MST60157	19.440983796296297	31.5
MST60157	19.44792824074074	31
MST60157	19.454872685185187	31
MST60157	19.46181712962963	31
MST60157	19.468761574074072	30.5
MST60157	19.47570601851852	31.5
MST60157	19.482650462962962	31.5
MST60157	19.489594907407408	32
MST60157	19.49653935185185	31.5
MST60157	19.503483796296297	31.5
MST60157	19.51042824074074	31.5
MST60157	19.517372685185187	32
MST60157	19.52431712962963	31.5
MST60157	19.531261574074072	31.5
MST60157	19.53820601851852	31
MST60157	19.545150462962962	31.5
MST60157	19.552094907407408	31
MST60157	19.55903935185185	31.5
MST60157	19.565983796296297	31
MST60157	19.57292824074074	30.5
MST60157	19.579872685185187	31.5
MST60157	19.58681712962963	31
MST60157	19.593761574074072	31.5
MST60157	19.60070601851852	31.5
MST60157	19.607650462962962	31.5
MST60157	19.614594907407408	31
MST60157	19.62153935185185	30.5
MST60157	19.628483796296297	31
MST60157	19.63542824074074	31
MST60157	19.642372685185187	30.5
MST60157	19.64931712962963	30
MST60157	19.656261574074072	30.5
MST60157	19.66320601851852	30.5
MST60157	19.670150462962962	30.5
MST60157	19.677094907407408	30.5
MST60157	19.68403935185185	31
MST60157	19.690983796296297	31
MST60157	19.69792824074074	31.5
MST60157	19.704872685185187	31.5
MST60157	19.71181712962963	30.5
MST60157	19.718761574074072	31
MST60157	19.72570601851852	31
MST60157	19.732650462962962	31
MST60157	19.739594907407408	31
MST60157	19.74653935185185	31
MST60157	19.753483796296297	30.5
MST60157	19.76042824074074	31
MST60157	19.767372685185187	31.5
MST60157	19.77431712962963	31.5
MST60157	19.781261574074072	31
MST60157	19.78820601851852	31
MST60157	19.795150462962962	30.5
MST60157	19.802094907407408	30.5
MST60157	19.80903935185185	30.5
MST60157	19.815983796296297	30
MST60157	19.82292824074074	30.5
MST60157	19.829872685185187	30
MST60157	19.83681712962963	29.5
MST60157	19.843761574074072	29.5
MST60157	19.85070601851852	29.5
MST60157	19.857650462962962	29
MST60157	19.864594907407408	29
MST60157	19.87153935185185	28.5
MST60157	19.878483796296297	28
MST60157	19.88542824074074	28
MST60157	19.892372685185187	27.5
MST60157	19.89931712962963	27
MST60157	19.906261574074072	26.5
MST60157	19.91320601851852	26.5
MST60157	19.920150462962962	26.5
MST60157	19.927094907407408	26
MST60157	19.93403935185185	27.5
MST60157	19.940983796296297	29
MST60157	19.94792824074074	29.5
MST60157	19.954872685185187	29.5
MST60157	19.96181712962963	29.5
MST60157	19.968761574074072	29.5
MST60157	19.97570601851852	29.5
MST60157	19.982650462962962	29.5
MST60157	19.989594907407408	29.5
MST60157	19.99653935185185	29.5
MST60157	20.003483796296297	30
MST60157	20.01042824074074	30.5
MST60157	20.017372685185187	31.5
MST60157	20.02431712962963	30.5
MST60157	20.031261574074072	31.5
MST60157	20.03820601851852	32
MST60157	20.045150462962962	31.5
MST60157	20.052094907407408	32
MST60157	20.05903935185185	30.5
MST60157	20.065983796296297	32.5
MST60157	20.07292824074074	31.5
MST60157	20.079872685185187	31
MST60157	20.08681712962963	31.5
MST60157	20.093761574074072	29.5
MST60157	20.10070601851852	32.5
MST60157	20.107650462962962	30.5
MST60157	20.114594907407408	33
MST60157	20.12153935185185	32.5
MST60157	20.128483796296297	31.5
MST60157	20.13542824074074	31
MST60157	20.142372685185187	31.5
MST60157	20.14931712962963	32
MST60157	20.156261574074072	31.5
MST60157	20.16320601851852	32
MST60157	20.170150462962962	30.5
MST60157	20.177094907407408	30.5
MST60157	20.18403935185185	32
MST60157	20.190983796296297	30
MST60157	20.19792824074074	30.5
MST60157	20.204872685185187	30.5
MST60157	20.21181712962963	31.5
MST60157	20.218761574074072	31.5
MST60157	20.22570601851852	30.5
MST60157	20.232650462962962	34
MST60157	20.239594907407408	31.5
MST60157	20.24653935185185	30.5
MST60157	20.253483796296297	31.5
MST60157	20.26042824074074	30
MST60157	20.267372685185187	31
MST60157	20.27431712962963	31
MST60157	20.281261574074072	31
MST60157	20.28820601851852	31
MST60157	20.295150462962962	31
MST60157	20.302094907407408	31
MST60157	20.30903935185185	31
MST60157	20.315983796296297	30.5
MST60157	20.32292824074074	31
MST60157	20.329872685185187	31.5
MST60157	20.33681712962963	31
MST60157	20.343761574074072	31
MST60157	20.35070601851852	31
MST60157	20.357650462962962	30.5
MST60157	20.364594907407408	31
MST60157	20.37153935185185	31.5
MST60157	20.378483796296297	31.5
MST60157	20.38542824074074	31
MST60157	20.392372685185187	31
MST60157	20.39931712962963	31
MST60157	20.406261574074072	31
MST60157	20.41320601851852	31
MST60157	20.420150462962962	31
MST60157	20.427094907407408	31
MST60157	20.43403935185185	31.5
MST60157	20.440983796296297	31.5
MST60157	20.44792824074074	31.5
MST60157	20.454872685185187	31.5
MST60157	20.46181712962963	31
MST60157	20.468761574074072	31
MST60157	20.47570601851852	31
MST60157	20.482650462962962	31
MST60157	20.489594907407408	31
MST60157	20.49653935185185	31.5
MST60157	20.503483796296297	31.5
MST60157	20.51042824074074	32
MST60157	20.517372685185187	32
MST60157	20.52431712962963	31
MST60157	20.531261574074072	31.5
MST60157	20.53820601851852	31.5
MST60157	20.545150462962962	31.5
MST60157	20.552094907407408	31
MST60157	20.55903935185185	31.5
MST60157	20.565983796296297	31.5
MST60157	20.57292824074074	31.5
MST60157	20.579872685185187	31.5
MST60157	20.58681712962963	31.5
MST60157	20.593761574074072	31.5
MST60157	20.60070601851852	31
MST60157	20.607650462962962	31
MST60157	20.614594907407408	30.5
MST60157	20.62153935185185	31
MST60157	20.628483796296297	31
MST60157	20.63542824074074	31
MST60157	20.642372685185187	31
MST60157	20.64931712962963	31
MST60157	20.656261574074072	31
MST60157	20.66320601851852	30
MST60157	20.670150462962962	30.5
MST60157	20.677094907407408	30
MST60157	20.68403935185185	30
MST60157	20.690983796296297	30.5
MST60157	20.69792824074074	31
MST60157	20.704872685185187	31
MST60157	20.71181712962963	31.5
MST60157	20.718761574074072	31
MST60157	20.72570601851852	31
MST60157	20.732650462962962	31
MST60157	20.739594907407408	31
MST60157	20.74653935185185	31
MST60157	20.753483796296297	31
MST60157	20.76042824074074	30.5
MST60157	20.767372685185187	30.5
MST60157	20.77431712962963	30
MST60157	20.781261574074072	30
MST60157	20.78820601851852	30
MST60157	20.795150462962962	30.5
MST60157	20.802094907407408	29.5
MST60157	20.80903935185185	30
MST60157	20.815983796296297	29.5
MST60157	20.82292824074074	28.5
MST60157	20.829872685185187	28
MST60157	20.83681712962963	28
MST60157	20.843761574074072	27.5
MST60157	20.85070601851852	27.5
MST60157	20.857650462962962	28.5
MST60157	20.864594907407408	29.5
MST60157	20.87153935185185	30
MST60157	20.878483796296297	29.5
MST60157	20.88542824074074	29
MST60157	20.892372685185187	28.5
MST60157	20.89931712962963	28
MST60157	20.906261574074072	28
MST60157	20.91320601851852	27.5
MST60157	20.920150462962962	28
MST60157	20.927094907407408	28
MST60157	20.93403935185185	27.5
MST60157	20.940983796296297	28.5
MST60157	20.94792824074074	28.5
MST60157	20.954872685185187	29
MST60157	20.96181712962963	29.5
MST60157	20.968761574074072	29
MST60157	20.97570601851852	29
MST60157	20.982650462962962	29
MST60157	20.989594907407408	29.5
MST60157	20.99653935185185	29.5
MST60157	21.003483796296294	29.5
MST60157	21.01042824074074	31
MST60157	21.017372685185187	30
MST60157	21.02431712962963	30.5
MST60157	21.031261574074072	32.5
MST60157	21.03820601851852	33
MST60157	21.045150462962962	30
MST60157	21.052094907407408	31.5
MST60157	21.05903935185185	30
MST60157	21.065983796296294	30.5
MST60157	21.07292824074074	30.5
MST60157	21.079872685185187	32.5
MST60157	21.08681712962963	32
MST60157	21.093761574074072	31.5
MST60157	21.10070601851852	31
MST60157	21.107650462962962	31
MST60157	21.114594907407408	30.5
MST60157	21.12153935185185	29.5
MST60157	21.128483796296294	29.5
MST60157	21.13542824074074	29.5
MST60157	21.142372685185187	30
MST60157	21.14931712962963	30
MST60157	21.156261574074072	29.5
MST60157	21.16320601851852	29.5
MST60157	21.170150462962962	29.5
MST60157	21.177094907407408	29.5
MST60157	21.18403935185185	29
MST60157	21.190983796296294	30
MST60157	21.19792824074074	30.5
MST60157	21.204872685185187	31
MST60157	21.21181712962963	31
MST60157	21.218761574074072	31
MST60157	21.22570601851852	31.5
MST60157	21.232650462962962	31
MST60157	21.239594907407408	30
MST60157	21.24653935185185	30
MST60157	21.253483796296294	30
MST60157	21.26042824074074	30.5
MST60157	21.267372685185187	29
MST60157	21.27431712962963	28
MST60157	21.281261574074072	31.5
MST60157	21.28820601851852	32
MST60157	21.295150462962962	33
MST60157	21.302094907407408	29
MST60157	21.30903935185185	30
MST60157	21.315983796296294	32
MST60157	21.32292824074074	31
MST60157	21.329872685185187	28.5
MST60157	21.33681712962963	30
MST60157	21.343761574074072	30
MST60157	21.35070601851852	29
MST60157	21.357650462962962	30
MST60157	21.364594907407408	31
MST60157	21.37153935185185	29
MST60157	21.378483796296294	29.5
MST60157	21.38542824074074	30.5
MST60157	21.392372685185187	29.5
MST60157	21.39931712962963	28
MST60157	21.406261574074072	30.5
MST60157	21.41320601851852	31
MST60157	21.420150462962962	31
MST60157	21.427094907407408	30
MST60157	21.43403935185185	27.5
MST60157	21.440983796296294	28.5
MST60157	21.44792824074074	29
MST60157	21.454872685185187	29.5
MST60157	21.46181712962963	27.5
MST60157	21.468761574074072	30
MST60157	21.47570601851852	30
MST60157	21.482650462962962	31
MST60157	21.489594907407408	28.5
MST60157	21.49653935185185	29.5
MST60157	21.503483796296294	31
MST60157	21.51042824074074	33
MST60157	21.517372685185187	33.5
MST60157	21.52431712962963	33.5
MST60157	21.531261574074072	33.5
MST60157	21.53820601851852	33.5
MST60157	21.545150462962962	33
MST60157	21.552094907407408	33
MST60157	21.55903935185185	32.5
MST60157	21.565983796296294	32.5
MST60157	21.57292824074074	32.5
MST60157	21.579872685185187	32.5
MST60157	21.58681712962963	32.5
MST60157	21.593761574074072	32.5
MST60157	21.60070601851852	32.5
MST60157	21.607650462962962	32.5
MST60157	21.614594907407408	32.5
MST60157	21.62153935185185	32.5
MST60157	21.628483796296294	32.5
MST60157	21.63542824074074	32.5
MST60157	21.642372685185187	32.5
MST60157	21.64931712962963	32.5
MST60157	21.656261574074072	32.5
MST60157	21.66320601851852	32
MST60157	21.670150462962962	32.5
MST60157	21.677094907407408	32.5
MST60157	21.68403935185185	32.5
MST60157	21.690983796296294	32
MST60157	21.69792824074074	32
MST60157	21.704872685185187	32
MST60157	21.71181712962963	32
MST60157	21.718761574074072	32
MST60157	21.72570601851852	32
MST60157	21.732650462962962	32
MST60157	21.739594907407408	32
MST60157	21.74653935185185	32
MST60157	21.753483796296294	32
MST60157	21.76042824074074	32
MST60157	21.767372685185187	32
MST60157	21.77431712962963	31.5
MST60157	21.781261574074072	32
MST60157	21.78820601851852	32
MST60157	21.795150462962962	32
MST60157	21.802094907407408	31.5
MST60157	21.80903935185185	31
MST60157	21.815983796296294	31
MST60157	21.82292824074074	31.5
MST60157	21.829872685185187	31.5
MST60157	21.83681712962963	31
MST60157	21.843761574074072	31.5
MST60157	21.85070601851852	31.5
MST60157	21.857650462962962	31.5
MST60157	21.864594907407408	31.5
MST60157	21.87153935185185	31
MST60157	21.878483796296294	31.5
MST60157	21.88542824074074	31.5
MST60157	21.892372685185187	30.5
MST60157	21.89931712962963	30.5
MST60157	21.906261574074072	30.5
MST60157	21.91320601851852	30
MST60157	21.920150462962962	30
MST60157	21.927094907407408	30
MST60157	21.93403935185185	30
MST60157	21.940983796296294	30
MST60157	21.94792824074074	30
MST60157	21.954872685185187	30.5
MST60157	21.96181712962963	30.5
MST60157	21.968761574074072	31.5
MST60157	21.97570601851852	31.5
MST60157	21.982650462962962	32.5
MST60157	21.989594907407408	33
MST60157	21.99653935185185	33.5
MST60157	22.003483796296294	33
MST60157	22.01042824074074	32.5
MST60157	22.017372685185187	32
MST60157	22.02431712962963	32.5
MST60157	22.031261574074072	29
MST60157	22.03820601851852	27.5
MST60157	22.045150462962962	29
MST60157	22.052094907407408	30
MST60157	22.05903935185185	30.5
MST60157	22.065983796296294	30.5
MST60157	22.07292824074074	30.5
MST60157	22.079872685185187	28.5
MST60157	22.08681712962963	27.5
MST60157	22.093761574074072	31.5
MST60157	22.10070601851852	32
MST60157	22.107650462962962	29.5
MST60157	22.114594907407408	29
MST60157	22.12153935185185	28.5
MST60157	22.128483796296294	28
MST60157	22.13542824074074	27.5
MST60157	22.142372685185187	27
MST60157	22.14931712962963	26.5
MST60157	22.156261574074072	27
MST60157	22.16320601851852	27.5
MST60157	22.170150462962962	27
MST60157	22.177094907407408	27
MST60157	22.18403935185185	27.5
MST60157	22.190983796296294	28.5
MST60157	22.19792824074074	28
MST60157	22.204872685185187	28.5
MST60157	22.21181712962963	27.5
MST60157	22.218761574074072	27.5
MST60157	22.22570601851852	27.5
MST60157	22.232650462962962	32
MST60157	22.239594907407408	32
MST60157	22.24653935185185	33
MST60157	22.253483796296294	32.5
MST60157	22.26042824074074	32
MST60157	22.267372685185187	33
MST60157	22.27431712962963	32
MST60157	22.281261574074072	32
MST60157	22.28820601851852	33
MST60157	22.295150462962962	32.5
MST60157	22.302094907407408	32
MST60157	22.30903935185185	31
MST60157	22.315983796296294	32
MST60157	22.32292824074074	32
MST60157	22.329872685185187	32.5
MST60157	22.33681712962963	31
MST60157	22.343761574074072	31.5
MST60157	22.35070601851852	33
MST60157	22.357650462962962	33.5
MST60157	22.364594907407408	32
MST60157	22.37153935185185	32
MST60157	22.378483796296294	32.5
MST60157	22.38542824074074	33
MST60157	22.392372685185187	34
MST60157	22.39931712962963	32
MST60157	22.406261574074072	31
MST60157	22.41320601851852	32.5
MST60157	22.420150462962962	32
MST60157	22.427094907407408	30.5
MST60157	22.43403935185185	31
MST60157	22.440983796296294	31.5
MST60157	22.44792824074074	32
MST60157	22.454872685185187	32
MST60157	22.46181712962963	32.5
MST60157	22.468761574074072	32.5
MST60157	22.47570601851852	33
MST60157	22.482650462962962	32.5
MST60157	22.489594907407408	33
MST60157	22.49653935185185	31.5
MST60157	22.503483796296294	32
MST60157	22.51042824074074	32.5
MST60157	22.517372685185187	32
MST60157	22.52431712962963	32.5
MST60157	22.531261574074072	32
MST60157	22.53820601851852	32
MST60157	22.545150462962962	32.5
MST60157	22.552094907407408	32.5
MST60157	22.55903935185185	32
MST60157	22.565983796296294	32
MST60157	22.57292824074074	32
MST60157	22.579872685185187	32
MST60157	22.58681712962963	32
MST60157	22.593761574074072	32
MST60157	22.60070601851852	32
MST60157	22.607650462962962	32
MST60157	22.614594907407408	31.5
MST60157	22.62153935185185	32
MST60157	22.628483796296294	32
MST60157	22.63542824074074	32
MST60157	22.642372685185187	32
MST60157	22.64931712962963	31.5
MST60157	22.656261574074072	31.5
MST60157	22.66320601851852	31
MST60157	22.670150462962962	31.5
MST60157	22.677094907407408	31.5
MST60157	22.68403935185185	31.5
MST60157	22.690983796296294	31
MST60157	22.69792824074074	31.5
MST60157	22.704872685185187	31
MST60157	22.71181712962963	31.5
MST60157	22.718761574074072	31
MST60157	22.72570601851852	31
MST60157	22.732650462962962	30.5
MST60157	22.739594907407408	30.5
MST60157	22.74653935185185	31
MST60157	22.753483796296294	31
MST60157	22.76042824074074	31.5
MST60157	22.767372685185187	31.5
MST60157	22.77431712962963	32
MST60157	22.781261574074072	32
MST60157	22.78820601851852	32
MST60157	22.795150462962962	32
MST60157	22.802094907407408	32
MST60157	22.80903935185185	31.5
MST60157	22.815983796296294	32
MST60157	22.82292824074074	32
MST60157	22.829872685185187	32
MST60157	22.83681712962963	31.5
MST60157	22.843761574074072	31.5
MST60157	22.85070601851852	31.5
MST60157	22.857650462962962	32
MST60157	22.864594907407408	31.5
MST60157	22.87153935185185	32.5
MST60157	22.878483796296294	31.5
MST60157	22.88542824074074	32
MST60157	22.892372685185187	32
MST60157	22.89931712962963	32
MST60157	22.906261574074072	31.5
MST60157	22.91320601851852	30.5
MST60157	22.920150462962962	31
MST60157	22.927094907407408	31
MST60157	22.93403935185185	31
MST60157	22.940983796296294	31
MST60157	22.94792824074074	31
MST60157	22.954872685185187	31.5
MST60157	22.96181712962963	31
MST60157	22.968761574074072	31
MST60157	22.97570601851852	30.5
MST60157	22.982650462962962	30.5
MST60157	22.989594907407408	30.5
MST60157	22.99653935185185	30.5
MST60157	23.003483796296294	30.5
MST60157	23.01042824074074	31
MST60157	23.017372685185187	31.5
MST60157	23.02431712962963	31.5
MST60157	23.031261574074072	32
MST60157	23.03820601851852	33
MST60157	23.045150462962962	31
MST60157	23.052094907407408	33
MST60157	23.05903935185185	32
MST60157	23.065983796296294	32.5
MST60157	23.07292824074074	32
MST60157	23.079872685185187	30.5
MST60157	23.08681712962963	32
MST60157	23.093761574074072	32
MST60157	23.10070601851852	32.5
MST60157	23.107650462962962	32.5
MST60157	23.114594907407408	33.5
MST60157	23.12153935185185	32
MST60157	23.128483796296294	32.5
MST60157	23.13542824074074	32
MST60157	23.142372685185187	31.5
MST60157	23.14931712962963	33
MST60157	23.156261574074072	31.5
MST60157	23.16320601851852	32.5
MST60157	23.170150462962962	33.5
MST60157	23.177094907407408	32
MST60157	23.18403935185185	31
MST60157	23.190983796296294	33
MST60157	23.19792824074074	32.5
MST60157	23.204872685185187	33
MST60157	23.21181712962963	32.5
MST60157	23.218761574074072	33
MST60157	23.22570601851852	32.5
MST60157	23.232650462962962	32.5
MST60157	23.239594907407408	32.5
MST60157	23.24653935185185	32.5
MST60157	23.253483796296294	32
MST60157	23.26042824074074	34.5
MST60157	23.267372685185187	34
MST60157	23.27431712962963	33.5
MST60157	23.281261574074072	33.5
MST60157	23.28820601851852	33
MST60157	23.295150462962962	32.5
MST60157	23.302094907407408	32.5
MST60157	23.30903935185185	32.5
MST60157	23.315983796296294	31.5
MST60157	23.32292824074074	31.5
MST60157	23.329872685185187	31.5
MST60157	23.33681712962963	31.5
MST60157	23.343761574074072	31.5
MST60157	23.35070601851852	31.5
MST60157	23.357650462962962	32
MST60157	23.364594907407408	32
MST60157	23.37153935185185	32
MST60157	23.378483796296294	32
MST60157	23.38542824074074	32
MST60157	23.392372685185187	32
MST60157	23.39931712962963	32
MST60157	23.406261574074072	32
MST60157	23.41320601851852	32.5
MST60157	23.420150462962962	33
MST60157	23.427094907407408	32.5
MST60157	23.43403935185185	32.5
MST60157	23.440983796296294	32
MST60157	23.44792824074074	32
MST60157	23.454872685185187	31.5
MST60157	23.46181712962963	31.5
MST60157	23.468761574074072	31.5
MST60157	23.47570601851852	32.5
MST60157	23.482650462962962	32
MST60157	23.489594907407408	32.5
MST60157	23.49653935185185	33
MST60157	23.503483796296294	33.5
MST60157	23.51042824074074	34
MST60157	23.517372685185187	33
MST60157	23.52431712962963	32.5
MST60157	23.531261574074072	33
MST60157	23.53820601851852	32.5
MST60157	23.545150462962962	32.5
MST60157	23.552094907407408	33
MST60157	23.55903935185185	32.5
MST60157	23.565983796296294	32.5
MST60157	23.57292824074074	33
MST60157	23.579872685185187	32.5
MST60157	23.58681712962963	32.5
MST60157	23.593761574074072	32.5
MST60157	23.60070601851852	32.5
MST60157	23.607650462962962	33
MST60157	23.614594907407408	32.5
MST60157	23.62153935185185	32.5
MST60157	23.628483796296294	32
MST60157	23.63542824074074	32
MST60157	23.642372685185187	32
MST60157	23.64931712962963	32
MST60157	23.656261574074072	32.5
MST60157	23.66320601851852	32
MST60157	23.670150462962962	32
MST60157	23.677094907407408	32
MST60157	23.68403935185185	32
MST60157	23.690983796296294	32.5
MST60157	23.69792824074074	32
MST60157	23.704872685185187	32.5
MST60157	23.71181712962963	32
MST60157	23.718761574074072	32.5
MST60157	23.72570601851852	32
MST60157	23.732650462962962	32
MST60157	23.739594907407408	32
MST60157	23.74653935185185	31.5
MST60157	23.753483796296294	32
MST60157	23.76042824074074	31.5
MST60157	23.767372685185187	31.5
MST60157	23.77431712962963	31.5
MST60157	23.781261574074072	32
MST60157	23.78820601851852	32
MST60157	23.795150462962962	31.5
MST60157	23.802094907407408	31.5
MST60157	23.80903935185185	31
MST60157	23.815983796296294	31
MST60157	23.82292824074074	31.5
MST60157	23.829872685185187	31.5
MST60157	23.83681712962963	31.5
MST60157	23.843761574074072	31.5
MST60157	23.85070601851852	31.5
MST60157	23.857650462962962	31.5
MST60157	23.864594907407408	32
MST60157	23.87153935185185	32
MST60157	23.878483796296294	32
MST60157	23.88542824074074	32
MST60157	23.892372685185187	32.5
MST60157	23.89931712962963	33
MST60157	23.906261574074072	32.5
MST60157	23.91320601851852	32
MST60157	23.920150462962962	32.5
MST60157	23.927094907407408	32
MST60157	23.93403935185185	32.5
MST60157	23.940983796296294	31.5
MST60157	23.94792824074074	31.5
MST60157	23.954872685185187	31
MST60157	23.96181712962963	31.5
MST60157	23.968761574074072	30.5
MST60157	23.97570601851852	30.5
MST60157	23.982650462962962	30.5
MST60157	23.989594907407408	30.5
MST60157	23.99653935185185	30.5
MST60157	24.003483796296294	31.5
MST60157	24.01042824074074	31
MST60157	24.017372685185187	32.5
MST60157	24.02431712962963	32
MST60157	24.031261574074072	33
MST60157	24.03820601851852	32
MST60157	24.045150462962962	31
MST60157	24.052094907407408	32.5
MST60157	24.05903935185185	33.5
MST60157	24.065983796296294	32
MST60157	24.07292824074074	31
MST60157	24.079872685185187	32.5
MST60157	24.08681712962963	33
MST60157	24.093761574074072	33.5
MST60157	24.10070601851852	32.5
MST60157	24.107650462962962	33
MST60157	24.114594907407408	33.5
MST60157	24.12153935185185	32
MST60157	24.128483796296294	33
MST60157	24.13542824074074	35
MST60157	24.142372685185187	32.5
MST60157	24.14931712962963	31.5
MST60157	24.156261574074072	32.5
MST60157	24.16320601851852	33
MST60157	24.170150462962962	34
MST60157	24.177094907407408	33
MST60157	24.18403935185185	32.5
MST60157	24.190983796296294	32
MST60157	24.19792824074074	33.5
MST60157	24.204872685185187	32
MST60157	24.21181712962963	32.5
MST60157	24.218761574074072	32.5
MST60157	24.22570601851852	32
MST60157	24.232650462962962	32.5
MST60157	24.239594907407408	32.5
MST60157	24.24653935185185	32.5
MST60157	24.253483796296294	33
MST60157	24.26042824074074	34
MST60157	24.267372685185187	33
MST60157	24.27431712962963	33
MST60157	24.281261574074072	34
MST60157	24.28820601851852	32
MST60157	24.295150462962962	32
MST60157	24.302094907407408	32
MST60157	24.30903935185185	31.5
MST60157	24.315983796296294	31.5
MST60157	24.32292824074074	31.5
MST60157	24.329872685185187	31.5
MST60157	24.33681712962963	32
MST60157	24.343761574074072	32
MST60157	24.35070601851852	32
MST60157	24.357650462962962	32
MST60157	24.364594907407408	32
MST60157	24.37153935185185	32.5
MST60157	24.378483796296294	32.5
MST60157	24.38542824074074	32.5
MST60157	24.392372685185187	32.5
MST60157	24.39931712962963	32.5
MST60157	24.406261574074072	32
MST60157	24.41320601851852	32
MST60157	24.420150462962962	32
MST60157	24.427094907407408	32.5
MST60157	24.43403935185185	32.5
MST60157	24.440983796296294	32.5
MST60157	24.44792824074074	32.5
MST60157	24.454872685185187	32.5
MST60157	24.46181712962963	32.5
MST60157	24.468761574074072	32.5
MST60157	24.47570601851852	32.5
MST60157	24.482650462962962	32.5
MST60157	24.489594907407408	33
MST60157	24.49653935185185	33
MST60157	24.503483796296294	33
MST60157	24.51042824074074	33.5
MST60157	24.517372685185187	33
MST60157	24.52431712962963	33
MST60157	24.531261574074072	32.5
MST60157	24.53820601851852	33
MST60157	24.545150462962962	32.5
MST60157	24.552094907407408	32.5
MST60157	24.55903935185185	32.5
MST60157	24.565983796296294	32
MST60157	24.57292824074074	32
MST60157	24.579872685185187	32
MST60157	24.58681712962963	32.5
MST60157	24.593761574074072	32
MST60157	24.60070601851852	32
MST60157	24.607650462962962	32
MST60157	24.614594907407408	31.5
MST60157	24.62153935185185	31
MST60157	24.628483796296294	32
MST60157	24.63542824074074	32.5
MST60157	24.642372685185187	32
MST60157	24.64931712962963	32
MST60157	24.656261574074072	32
MST60157	24.66320601851852	32.5
MST60157	24.670150462962962	32.5
MST60157	24.677094907407408	33
MST60157	24.68403935185185	32.5
MST60157	24.690983796296294	31.5
MST60157	24.69792824074074	32
MST60157	24.704872685185187	32.5
MST60157	24.71181712962963	32.5
MST60157	24.718761574074072	31.5
MST60157	24.72570601851852	31.5
MST60157	24.732650462962962	32
MST60157	24.739594907407408	32.5
MST60157	24.74653935185185	32.5
MST60157	24.753483796296294	32.5
MST60157	24.76042824074074	32
MST60157	24.767372685185187	32
MST60157	24.77431712962963	32
MST60157	24.781261574074072	31.5
MST60157	24.78820601851852	31.5
MST60157	24.795150462962962	31.5
MST60157	24.802094907407408	31
MST60157	24.80903935185185	31
MST60157	24.815983796296294	30
MST60157	24.82292824074074	29.5
MST60157	24.829872685185187	29.5
MST60157	24.83681712962963	30
MST60157	24.843761574074072	32.5
MST60157	24.85070601851852	33
MST60157	24.857650462962962	32.5
MST60157	24.864594907407408	32.5
MST60157	24.87153935185185	32.5
MST60157	24.878483796296294	32.5
MST60157	24.88542824074074	32
MST60157	24.892372685185187	32.5
MST60157	24.89931712962963	32.5
MST60157	24.906261574074072	32.5
MST60157	24.91320601851852	32.5
MST60157	24.920150462962962	32.5
MST60157	24.927094907407408	32
MST60157	24.93403935185185	31.5
MST60157	24.940983796296294	31.5
MST60157	24.94792824074074	31
MST60157	24.954872685185187	31.5
MST60157	24.96181712962963	31.5
MST60157	24.968761574074072	31.5
MST60157	24.97570601851852	30.5
MST60157	24.982650462962962	30.5
MST60157	24.989594907407408	31
MST60157	24.99653935185185	31.5
MST60157	25.003483796296294	31.5
MST60157	25.01042824074074	32.5
MST60157	25.017372685185187	32
MST60157	25.02431712962963	31.5
MST60157	25.031261574074072	34
MST60157	25.03820601851852	32.5
MST60157	25.045150462962965	33
MST60157	25.052094907407408	32
MST60157	25.05903935185185	32
MST60157	25.065983796296294	32.5
MST60157	25.07292824074074	32.5
MST60157	25.079872685185187	33.5
MST60157	25.08681712962963	32
MST60157	25.093761574074072	33.5
MST60157	25.10070601851852	31.5
MST60157	25.107650462962965	32.5
MST60157	25.114594907407408	32.5
MST60157	25.12153935185185	31.5
MST60157	25.128483796296294	30.5
MST60157	25.13542824074074	31
MST60157	25.142372685185187	33.5
MST60157	25.14931712962963	32
MST60157	25.156261574074072	31
MST60157	25.16320601851852	34.5
MST60157	25.170150462962965	32
MST60157	25.177094907407408	33
MST60157	25.18403935185185	34
MST60157	25.190983796296294	33.5
MST60157	25.19792824074074	31
MST60157	25.204872685185187	30.5
MST60157	25.21181712962963	31
MST60157	25.218761574074072	31.5
MST60157	25.22570601851852	33
MST60157	25.232650462962965	33
MST60157	25.239594907407408	32.5
MST60157	25.24653935185185	32
MST60157	25.253483796296294	32.5
MST60157	25.26042824074074	34
MST60157	25.267372685185187	32
MST60157	25.27431712962963	33
MST60157	25.281261574074072	33.5
MST60157	25.28820601851852	33
MST60157	25.295150462962965	32.5
MST60157	25.302094907407408	33
MST60157	25.30903935185185	33
MST60157	25.315983796296294	32
MST60157	25.32292824074074	32
MST60157	25.329872685185187	32
MST60157	25.33681712962963	32
MST60157	25.343761574074072	32.5
MST60157	25.35070601851852	33
MST60157	25.357650462962965	32.5
MST60157	25.364594907407408	32.5
MST60157	25.37153935185185	33
MST60157	25.378483796296294	33.5
MST60157	25.38542824074074	33.5
MST60157	25.392372685185187	33
MST60157	25.39931712962963	32.5
MST60157	25.406261574074072	32
MST60157	25.41320601851852	32
MST60157	25.420150462962965	32.5
MST60157	25.427094907407408	32.5
MST60157	25.43403935185185	32.5
MST60157	25.440983796296294	32.5
MST60157	25.44792824074074	32.5
MST60157	25.454872685185187	32.5
MST60157	25.46181712962963	32.5
MST60157	25.468761574074072	32
MST60157	25.47570601851852	32
MST60157	25.482650462962965	32
MST60157	25.489594907407408	32
MST60157	25.49653935185185	32
MST60157	25.503483796296294	32.5
MST60157	25.51042824074074	32.5
MST60157	25.517372685185187	32.5
MST60157	25.52431712962963	32.5
MST60157	25.531261574074072	32.5
MST60157	25.53820601851852	32.5
MST60157	25.545150462962965	32.5
MST60157	25.552094907407408	32.5
MST60157	25.55903935185185	32.5
MST60157	25.565983796296294	32
MST60157	25.57292824074074	32
MST60157	25.579872685185187	32
MST60157	25.58681712962963	32
MST60157	25.593761574074072	31.5
MST60157	25.60070601851852	31.5
MST60157	25.607650462962965	31.5
MST60157	25.614594907407408	31
MST60157	25.62153935185185	31
MST60157	25.628483796296294	30.5
MST60157	25.63542824074074	30
MST60157	25.642372685185187	30.5
MST60157	25.64931712962963	31
MST60157	25.656261574074072	31.5
MST60157	25.66320601851852	32
MST60157	25.670150462962965	31.5
MST60157	25.677094907407408	32
MST60157	25.68403935185185	32
MST60157	25.690983796296294	32.5
MST60157	25.69792824074074	32
MST60157	25.704872685185187	32
MST60157	25.71181712962963	32.5
MST60157	25.718761574074072	32.5
MST60157	25.72570601851852	32.5
MST60157	25.732650462962965	32.5
MST60157	25.739594907407408	32
MST60157	25.74653935185185	32
MST60157	25.753483796296294	32
MST60157	25.76042824074074	32
MST60157	25.767372685185187	32
MST60157	25.77431712962963	32
MST60157	25.781261574074072	32.5
MST60157	25.78820601851852	32.5
MST60157	25.795150462962965	32.5
MST60157	25.802094907407408	32
MST60157	25.80903935185185	32
MST60157	25.815983796296294	32
MST60157	25.82292824074074	32
MST60157	25.829872685185187	31.5
MST60157	25.83681712962963	32
MST60157	25.843761574074072	32
MST60157	25.85070601851852	31.5
MST60157	25.857650462962965	31
MST60157	25.864594907407408	31
MST60157	25.87153935185185	31
MST60157	25.878483796296294	29.5
MST60157	25.88542824074074	29.5
MST60157	25.892372685185187	29
MST60157	25.89931712962963	29
MST60157	25.906261574074072	29
MST60157	25.91320601851852	29.5
MST60157	25.920150462962965	29
MST60157	25.927094907407408	29
MST60157	25.93403935185185	29
MST60157	25.940983796296294	29
MST60157	25.94792824074074	29.5
MST60157	25.954872685185187	30
MST60157	25.96181712962963	30.5
MST60157	25.968761574074072	30.5
MST60157	25.97570601851852	30.5
MST60157	25.982650462962965	30
MST60157	25.989594907407408	30
MST60157	25.99653935185185	30.5
MST60157	26.003483796296294	30.5
MST60157	26.01042824074074	31.5
MST60157	26.017372685185187	32
MST60157	26.02431712962963	31.5
MST60157	26.031261574074072	33.5
MST60157	26.03820601851852	32.5
MST60157	26.045150462962965	32.5
MST60157	26.052094907407408	32.5
MST60157	26.05903935185185	32.5
MST60157	26.065983796296294	33.5
MST60157	26.07292824074074	31.5
MST60157	26.079872685185187	31.5
MST60157	26.08681712962963	32.5
MST60157	26.093761574074072	32
MST60157	26.10070601851852	32
MST60157	26.107650462962965	31
MST60157	26.114594907407408	32
MST60157	26.12153935185185	32.5
MST60157	26.128483796296294	31.5
MST60157	26.13542824074074	32.5
MST60157	26.142372685185187	33
MST60157	26.14931712962963	32
MST60157	26.156261574074072	33.5
MST60157	26.16320601851852	32
MST60157	26.170150462962965	30
MST60157	26.177094907407408	30.5
MST60157	26.18403935185185	32
MST60157	26.190983796296294	34
MST60157	26.19792824074074	34.5
MST60157	26.204872685185187	33
MST60157	26.21181712962963	32
MST60157	26.218761574074072	34.5
MST60157	26.22570601851852	33
MST60157	26.232650462962965	33
MST60157	26.239594907407408	33
MST60157	26.24653935185185	34
MST60157	26.253483796296294	34.5
MST60157	26.26042824074074	31.5
MST60157	26.267372685185187	33
MST60157	26.27431712962963	33.5
MST60157	26.281261574074072	32.5
MST60157	26.28820601851852	33.5
MST60157	26.295150462962965	32
MST60157	26.302094907407408	33.5
MST60157	26.30903935185185	33.5
MST60157	26.315983796296294	32.5
MST60157	26.32292824074074	33
MST60157	26.329872685185187	32.5
MST60157	26.33681712962963	32.5
MST60157	26.343761574074072	32.5
MST60157	26.35070601851852	31.5
MST60157	26.357650462962965	31
MST60157	26.364594907407408	31.5
MST60157	26.37153935185185	31.5
MST60157	26.378483796296294	32
MST60157	26.38542824074074	32
MST60157	26.392372685185187	32.5
MST60157	26.39931712962963	32
MST60157	26.406261574074072	32.5
MST60157	26.41320601851852	32.5
MST60157	26.420150462962965	32
MST60157	26.427094907407408	32.5
MST60157	26.43403935185185	32.5
MST60157	26.440983796296294	32
MST60157	26.44792824074074	32
MST60157	26.454872685185187	32.5
MST60157	26.46181712962963	32.5
MST60157	26.468761574074072	32
MST60157	26.47570601851852	33
MST60157	26.482650462962965	33.5
MST60157	26.489594907407408	33.5
MST60157	26.49653935185185	32.5
MST60157	26.503483796296294	34.5
MST60157	26.51042824074074	35
MST60157	26.517372685185187	35
MST60157	26.52431712962963	35
MST60157	26.531261574074072	35.5
MST60157	26.53820601851852	35
MST60158	16.000706018518517	31
MST60158	16.007650462962964	31
MST60158	16.014594907407407	30.5
MST60158	16.021539351851853	31
MST60158	16.028483796296296	30.5
MST60158	16.035428240740742	30
MST60158	16.042372685185185	30.5
MST60158	16.049317129629628	31
MST60158	16.056261574074075	31.5
MST60158	16.063206018518517	32
MST60158	16.070150462962964	32
MST60158	16.077094907407407	32
MST60158	16.084039351851853	32
MST60158	16.090983796296296	31.5
MST60158	16.097928240740742	32
MST60158	16.104872685185185	31.5
MST60158	16.111817129629628	31
MST60158	16.118761574074075	31
MST60158	16.125706018518517	32.5
MST60158	16.132650462962964	31.5
MST60158	16.139594907407407	32
MST60158	16.146539351851853	33
MST60158	16.153483796296296	32
MST60158	16.160428240740742	30
MST60158	16.167372685185185	30
MST60158	16.174317129629628	30.5
MST60158	16.181261574074075	33
MST60158	16.188206018518517	32
MST60158	16.195150462962964	32
MST60158	16.202094907407407	31
MST60158	16.209039351851853	33.5
MST60158	16.215983796296296	33.5
MST60158	16.222928240740742	34
MST60158	16.229872685185185	31.5
MST60158	16.236817129629628	33.5
MST60158	16.243761574074075	33.5
MST60158	16.250706018518517	31
MST60158	16.257650462962964	32
MST60158	16.264594907407407	31
MST60158	16.271539351851853	30
MST60158	16.278483796296296	31
MST60158	16.285428240740742	34
MST60158	16.292372685185185	33.5
MST60158	16.299317129629628	34
MST60158	16.306261574074075	31
MST60158	16.313206018518517	30
MST60158	16.320150462962964	31
MST60158	16.327094907407407	31
MST60158	16.334039351851853	31.5
MST60158	16.340983796296296	32.5
MST60158	16.347928240740742	32.5
MST60158	16.354872685185185	32.5
MST60158	16.361817129629628	32.5
MST60158	16.368761574074075	32.5
MST60158	16.375706018518517	32.5
MST60158	16.382650462962964	32.5
MST60158	16.389594907407407	32
MST60158	16.396539351851853	32.5
MST60158	16.403483796296296	32.5
MST60158	16.410428240740742	33.5
MST60158	16.417372685185185	31.5
MST60158	16.424317129629628	31
MST60158	16.431261574074075	30.5
MST60158	16.438206018518517	31
MST60158	16.445150462962964	30.5
MST60158	16.452094907407407	31
MST60158	16.459039351851853	31
MST60158	16.465983796296296	31
MST60158	16.472928240740742	31
MST60158	16.479872685185185	31
MST60158	16.486817129629628	31
MST60158	16.493761574074075	31
MST60158	16.500706018518517	31
MST60158	16.507650462962964	31
MST60158	16.514594907407407	32.5
MST60158	16.521539351851853	32
MST60158	16.528483796296296	32
MST60158	16.535428240740742	31.5
MST60158	16.542372685185185	31
MST60158	16.549317129629628	31
MST60158	16.556261574074075	30.5
MST60158	16.563206018518517	30.5
MST60158	16.570150462962964	31.5
MST60158	16.577094907407407	31.5
MST60158	16.584039351851853	31.5
MST60158	16.590983796296296	32
MST60158	16.597928240740742	32
MST60158	16.604872685185185	32
MST60158	16.611817129629628	32
MST60158	16.618761574074075	32
MST60158	16.625706018518517	31.5
MST60158	16.632650462962964	32
MST60158	16.639594907407407	32
MST60158	16.646539351851853	32
MST60158	16.653483796296296	32
MST60158	16.660428240740742	32
MST60158	16.667372685185185	32
MST60158	16.674317129629628	32
MST60158	16.681261574074075	32
MST60158	16.688206018518517	32.5
MST60158	16.695150462962964	32
MST60158	16.702094907407407	32.5
MST60158	16.709039351851853	32
MST60158	16.715983796296296	31.5
MST60158	16.722928240740742	31.5
MST60158	16.729872685185185	31.5
MST60158	16.736817129629628	32
MST60158	16.743761574074075	33
MST60158	16.750706018518517	32
MST60158	16.757650462962964	31.5
MST60158	16.764594907407407	32
MST60158	16.771539351851853	32
MST60158	16.778483796296296	32.5
MST60158	16.785428240740742	32
MST60158	16.792372685185185	31.5
MST60158	16.799317129629628	32
MST60158	16.806261574074075	31.5
MST60158	16.813206018518517	31
MST60158	16.820150462962964	32
MST60158	16.827094907407407	32
MST60158	16.834039351851853	31
MST60158	16.840983796296296	32.5
MST60158	16.847928240740742	31
MST60158	16.854872685185185	32.5
MST60158	16.861817129629628	30
MST60158	16.868761574074075	29.5
MST60158	16.875706018518517	29.5
MST60158	16.882650462962964	29.5
MST60158	16.889594907407407	29
MST60158	16.896539351851853	29
MST60158	16.903483796296296	29.5
MST60158	16.910428240740742	29
MST60158	16.917372685185185	28.5
MST60158	16.924317129629628	27.5
MST60158	16.931261574074075	27.5
MST60158	16.938206018518517	28.5
MST60158	16.945150462962964	27.5
MST60158	16.952094907407407	29
MST60158	16.959039351851853	29.5
MST60158	16.965983796296296	29.5
MST60158	16.972928240740742	30.5
MST60158	16.979872685185185	30
MST60158	16.986817129629628	29.5
MST60158	16.993761574074075	29.5
MST60158	17.000706018518517	29
MST60158	17.007650462962964	29
MST60158	17.014594907407407	28.5
MST60158	17.021539351851853	28.5
MST60158	17.028483796296296	28.5
MST60158	17.035428240740742	29
MST60158	17.042372685185185	29.5
MST60158	17.049317129629628	29.5
MST60158	17.056261574074075	30
MST60158	17.063206018518517	30
MST60158	17.070150462962964	30
MST60158	17.077094907407407	31
MST60158	17.084039351851853	31
MST60158	17.090983796296296	31.5
MST60158	17.097928240740742	30.5
MST60158	17.104872685185185	31
MST60158	17.111817129629628	32
MST60158	17.118761574074075	32.5
MST60158	17.125706018518517	33.5
MST60158	17.132650462962964	31
MST60158	17.139594907407407	33.5
MST60158	17.146539351851853	33.5
MST60158	17.153483796296296	34
MST60158	17.160428240740742	30.5
MST60158	17.167372685185185	30
MST60158	17.174317129629628	31
MST60158	17.181261574074075	34.5
MST60158	17.188206018518517	33
MST60158	17.195150462962964	34
MST60158	17.202094907407407	33.5
MST60158	17.209039351851853	32
MST60158	17.215983796296296	33
MST60158	17.222928240740742	31.5
MST60158	17.229872685185185	30
MST60158	17.236817129629628	31.5
MST60158	17.243761574074075	31
MST60158	17.250706018518517	31
MST60158	17.257650462962964	31.5
MST60158	17.264594907407407	31.5
MST60158	17.271539351851853	31
MST60158	17.278483796296296	31
MST60158	17.285428240740742	31.5
MST60158	17.292372685185185	31.5
MST60158	17.299317129629628	31.5
MST60158	17.306261574074075	31.5
MST60158	17.313206018518517	31
MST60158	17.320150462962964	32
MST60158	17.327094907407407	31.5
MST60158	17.334039351851853	33
MST60158	17.340983796296296	32
MST60158	17.347928240740742	32
MST60158	17.354872685185185	31
MST60158	17.361817129629628	31.5
MST60158	17.368761574074075	31.5
MST60158	17.375706018518517	32
MST60158	17.382650462962964	32.5
MST60158	17.389594907407407	31.5
MST60158	17.396539351851853	31
MST60158	17.403483796296296	31.5
MST60158	17.410428240740742	32
MST60158	17.417372685185185	33
MST60158	17.424317129629628	32.5
MST60158	17.431261574074075	32.5
MST60158	17.438206018518517	31.5
MST60158	17.445150462962964	31.5
MST60158	17.452094907407407	30.5
MST60158	17.459039351851853	31
MST60158	17.465983796296296	30
MST60158	17.472928240740742	32
MST60158	17.479872685185185	33
MST60158	17.486817129629628	33.5
MST60158	17.493761574074075	33.5
MST60158	17.500706018518517	33.5
MST60158	17.507650462962964	31.5
MST60158	17.514594907407407	32.5
MST60158	17.521539351851853	32
MST60158	17.528483796296296	32.5
MST60158	17.535428240740742	31
MST60158	17.542372685185185	32
MST60158	17.549317129629628	33
MST60158	17.556261574074075	33.5
MST60158	17.563206018518517	33
MST60158	17.570150462962964	32.5
MST60158	17.577094907407407	33
MST60158	17.584039351851853	33
MST60158	17.590983796296296	32.5
MST60158	17.597928240740742	32.5
MST60158	17.604872685185185	31.5
MST60158	17.611817129629628	32
MST60158	17.618761574074075	31.5
MST60158	17.625706018518517	31
MST60158	17.632650462962964	31.5
MST60158	17.639594907407407	31.5
MST60158	17.646539351851853	31.5
MST60158	17.653483796296296	31.5
MST60158	17.660428240740742	32.5
MST60158	17.667372685185185	32
MST60158	17.674317129629628	32.5
MST60158	17.681261574074075	32
MST60158	17.688206018518517	32
MST60158	17.695150462962964	31
MST60158	17.702094907407407	30
MST60158	17.709039351851853	30
MST60158	17.715983796296296	30.5
MST60158	17.722928240740742	30
MST60158	17.729872685185185	29.5
MST60158	17.736817129629628	28.5
MST60158	17.743761574074075	30.5
MST60158	17.750706018518517	31.5
MST60158	17.757650462962964	32.5
MST60158	17.764594907407407	32
MST60158	17.771539351851853	32
MST60158	17.778483796296296	32.5
MST60158	17.785428240740742	32
MST60158	17.792372685185185	32.5
MST60158	17.799317129629628	32
MST60158	17.806261574074075	31.5
MST60158	17.813206018518517	31.5
MST60158	17.820150462962964	31.5
MST60158	17.827094907407407	31.5
MST60158	17.834039351851853	32.5
MST60158	17.840983796296296	32.5
MST60158	17.847928240740742	31.5
MST60158	17.854872685185185	31
MST60158	17.861817129629628	30
MST60158	17.868761574074075	29
MST60158	17.875706018518517	28.5
MST60158	17.882650462962964	29.5
MST60158	17.889594907407407	29
MST60158	17.896539351851853	29
MST60158	17.903483796296296	28.5
MST60158	17.910428240740742	29
MST60158	17.917372685185185	29.5
MST60158	17.924317129629628	29
MST60158	17.931261574074075	29
MST60158	17.938206018518517	30
MST60158	17.945150462962964	29
MST60158	17.952094907407407	28.5
MST60158	17.959039351851853	27.5
MST60158	17.965983796296296	26.5
MST60158	17.972928240740742	26
MST60158	17.979872685185185	25.5
MST60158	17.986817129629628	25.5
MST60158	17.993761574074075	25
MST60158	18.000706018518517	26
MST60158	18.007650462962964	26.5
MST60158	18.014594907407407	28.5
MST60158	18.021539351851853	29.5
MST60158	18.028483796296296	30
MST60158	18.035428240740742	31
MST60158	18.042372685185185	30.5
MST60158	18.049317129629628	31.5
MST60158	18.056261574074075	31.5
MST60158	18.063206018518517	32
MST60158	18.070150462962964	32.5
MST60158	18.077094907407407	31
MST60158	18.084039351851853	31
MST60158	18.090983796296296	31.5
MST60158	18.097928240740742	33.5
MST60158	18.104872685185185	34.5
MST60158	18.111817129629628	34.5
MST60158	18.118761574074075	34
MST60158	18.125706018518517	31.5
MST60158	18.132650462962964	34
MST60158	18.139594907407407	31
MST60158	18.146539351851853	31
MST60158	18.153483796296296	30.5
MST60158	18.160428240740742	33
MST60158	18.167372685185185	33.5
MST60158	18.174317129629628	33.5
MST60158	18.181261574074075	33
MST60158	18.188206018518517	30
MST60158	18.195150462962964	32.5
MST60158	18.202094907407407	33.5
MST60158	18.209039351851853	32
MST60158	18.215983796296296	30.5
MST60158	18.222928240740742	30.5
MST60158	18.229872685185185	31
MST60158	18.236817129629628	33
MST60158	18.243761574074075	35
MST60158	18.250706018518517	34
MST60158	18.257650462962964	34.5
MST60158	18.264594907407407	33.5
MST60158	18.271539351851853	30.5
MST60158	18.278483796296296	30
MST60158	18.285428240740742	30.5
MST60158	18.292372685185185	31.5
MST60158	18.299317129629628	31.5
MST60158	18.306261574074075	32.5
MST60158	18.313206018518517	33
MST60158	18.320150462962964	33
MST60158	18.327094907407407	33
MST60158	18.334039351851853	32.5
MST60158	18.340983796296296	32.5
MST60158	18.347928240740742	32
MST60158	18.354872685185185	32.5
MST60158	18.361817129629628	33
MST60158	18.368761574074075	33.5
MST60158	18.375706018518517	33.5
MST60158	18.382650462962964	32.5
MST60158	18.389594907407407	32.5
MST60158	18.396539351851853	33
MST60158	18.403483796296296	32.5
MST60158	18.410428240740742	33.5
MST60158	18.417372685185185	32
MST60158	18.424317129629628	32.5
MST60158	18.431261574074075	32.5
MST60158	18.438206018518517	32
MST60158	18.445150462962964	32.5
MST60158	18.452094907407407	32
MST60158	18.459039351851853	32.5
MST60158	18.465983796296296	32.5
MST60158	18.472928240740742	31.5
MST60158	18.479872685185185	32
MST60158	18.486817129629628	32
MST60158	18.493761574074075	32.5
MST60158	18.500706018518517	32
MST60158	18.507650462962964	32
MST60158	18.514594907407407	32
MST60158	18.521539351851853	31.5
MST60158	18.528483796296296	32
MST60158	18.535428240740742	32
MST60158	18.542372685185185	32
MST60158	18.549317129629628	32
MST60158	18.556261574074075	31.5
MST60158	18.563206018518517	31.5
MST60158	18.570150462962964	31.5
MST60158	18.577094907407407	31.5
MST60158	18.584039351851853	31.5
MST60158	18.590983796296296	32
MST60158	18.597928240740742	31.5
MST60158	18.604872685185185	32
MST60158	18.611817129629628	31.5
MST60158	18.618761574074075	30.5
MST60158	18.625706018518517	30.5
MST60158	18.632650462962964	30.5
MST60158	18.639594907407407	31
MST60158	18.646539351851853	30.5
MST60158	18.653483796296296	30.5
MST60158	18.660428240740742	30
MST60158	18.667372685185185	30
MST60158	18.674317129629628	31
MST60158	18.681261574074075	31.5
MST60158	18.688206018518517	32
MST60158	18.695150462962964	32
MST60158	18.702094907407407	31.5
MST60158	18.709039351851853	32
MST60158	18.715983796296296	31.5
MST60158	18.722928240740742	31
MST60158	18.729872685185185	31
MST60158	18.736817129629628	31.5
MST60158	18.743761574074075	31.5
MST60158	18.750706018518517	31
MST60158	18.757650462962964	30.5
MST60158	18.764594907407407	31
MST60158	18.771539351851853	31
MST60158	18.778483796296296	31
MST60158	18.785428240740742	31.5
MST60158	18.792372685185185	31.5
MST60158	18.799317129629628	32
MST60158	18.806261574074075	31
MST60158	18.813206018518517	30.5
MST60158	18.820150462962964	31.5
MST60158	18.827094907407407	31.5
MST60158	18.834039351851853	31
MST60158	18.840983796296296	31
MST60158	18.847928240740742	33.5
MST60158	18.854872685185185	32
MST60158	18.861817129629628	30
MST60158	18.868761574074075	30
MST60158	18.875706018518517	30
MST60158	18.882650462962964	30.5
MST60158	18.889594907407407	30.5
MST60158	18.896539351851853	29.5
MST60158	18.903483796296296	29
MST60158	18.910428240740742	28.5
MST60158	18.917372685185185	28
MST60158	18.924317129629628	27.5
MST60158	18.931261574074075	27.5
MST60158	18.938206018518517	27
MST60158	18.945150462962964	26
MST60158	18.952094907407407	26
MST60158	18.959039351851853	25.5
MST60158	18.965983796296296	25.5
MST60158	18.972928240740742	25
MST60158	18.979872685185185	25
MST60158	18.986817129629628	24.5
MST60158	18.993761574074075	24
MST60158	19.000706018518517	24
MST60158	19.007650462962964	27.5
MST60158	19.014594907407407	29.5
MST60158	19.021539351851853	31
MST60158	19.028483796296296	31
MST60158	19.035428240740742	31.5
MST60158	19.042372685185185	31.5
MST60158	19.049317129629628	32
MST60158	19.056261574074075	33
MST60158	19.063206018518517	32.5
MST60158	19.070150462962964	32.5
MST60158	19.077094907407407	32
MST60158	19.084039351851853	31.5
MST60158	19.090983796296296	31.5
MST60158	19.097928240740742	31
MST60158	19.104872685185185	31.5
MST60158	19.111817129629628	30.5
MST60158	19.118761574074075	31
MST60158	19.125706018518517	31
MST60158	19.132650462962964	31.5
MST60158	19.139594907407407	31.5
MST60158	19.146539351851853	33
MST60158	19.153483796296296	34
MST60158	19.160428240740742	34
MST60158	19.167372685185185	34.5
MST60158	19.174317129629628	33.5
MST60158	19.181261574074075	33.5
MST60158	19.188206018518517	32.5
MST60158	19.195150462962964	34
MST60158	19.202094907407407	33.5
MST60158	19.209039351851853	31.5
MST60158	19.215983796296296	31
MST60158	19.222928240740742	31.5
MST60158	19.229872685185185	31
MST60158	19.236817129629628	33
MST60158	19.243761574074075	33.5
MST60158	19.250706018518517	33.5
MST60158	19.257650462962964	31
MST60158	19.264594907407407	30.5
MST60158	19.271539351851853	32.5
MST60158	19.278483796296296	31
MST60158	19.285428240740742	30
MST60158	19.292372685185185	31
MST60158	19.299317129629628	32
MST60158	19.306261574074075	32
MST60158	19.313206018518517	32
MST60158	19.320150462962964	32
MST60158	19.327094907407407	32
MST60158	19.334039351851853	32.5
MST60158	19.340983796296296	32
MST60158	19.347928240740742	33
MST60158	19.354872685185185	33
MST60158	19.361817129629628	33
MST60158	19.368761574074075	33
MST60158	19.375706018518517	33
MST60158	19.382650462962964	31.5
MST60158	19.389594907407407	31
MST60158	19.396539351851853	31.5
MST60158	19.403483796296296	32
MST60158	19.410428240740742	33.5
MST60158	19.417372685185185	32
MST60158	19.424317129629628	32.5
MST60158	19.431261574074075	32.5
MST60158	19.438206018518517	32.5
MST60158	19.445150462962964	32
MST60158	19.452094907407407	32
MST60158	19.459039351851853	32
MST60158	19.465983796296296	32.5
MST60158	19.472928240740742	32.5
MST60158	19.479872685185185	33
MST60158	19.486817129629628	32.5
MST60158	19.493761574074075	32.5
MST60158	19.500706018518517	33
MST60158	19.507650462962964	32.5
MST60158	19.514594907407407	32.5
MST60158	19.521539351851853	32.5
MST60158	19.528483796296296	32.5
MST60158	19.535428240740742	32
MST60158	19.542372685185185	30.5
MST60158	19.549317129629628	30
MST60158	19.556261574074075	31.5
MST60158	19.563206018518517	32
MST60158	19.570150462962964	31.5
MST60158	19.577094907407407	31.5
MST60158	19.584039351851853	31.5
MST60158	19.590983796296296	32
MST60158	19.597928240740742	31
MST60158	19.604872685185185	30.5
MST60158	19.611817129629628	31
MST60158	19.618761574074075	31.5
MST60158	19.625706018518517	31
MST60158	19.632650462962964	31
MST60158	19.639594907407407	30.5
MST60158	19.646539351851853	31
MST60158	19.653483796296296	32
MST60158	19.660428240740742	31.5
MST60158	19.667372685185185	31
MST60158	19.674317129629628	31.5
MST60158	19.681261574074075	31.5
MST60158	19.688206018518517	31.5
MST60158	19.695150462962964	31
MST60158	19.702094907407407	30.5
MST60158	19.709039351851853	30
MST60158	19.715983796296296	30
MST60158	19.722928240740742	30.5
MST60158	19.729872685185185	31
MST60158	19.736817129629628	31.5
MST60158	19.743761574074075	31
MST60158	19.750706018518517	31
MST60158	19.757650462962964	30.5
MST60158	19.764594907407407	30.5
MST60158	19.771539351851853	31
MST60158	19.778483796296296	31.5
MST60158	19.785428240740742	32
MST60158	19.792372685185185	31.5
MST60158	19.799317129629628	31.5
MST60158	19.806261574074075	31
MST60158	19.813206018518517	31.5
MST60158	19.820150462962964	31
MST60158	19.827094907407407	31.5
MST60158	19.834039351851853	30.5
MST60158	19.840983796296296	30.5
MST60158	19.847928240740742	29.5
MST60158	19.854872685185185	30
MST60158	19.861817129629628	29.5
MST60158	19.868761574074075	29.5
MST60158	19.875706018518517	30
MST60158	19.882650462962964	30
MST60158	19.889594907407407	30
MST60158	19.896539351851853	30
MST60158	19.903483796296296	28.5
MST60158	19.910428240740742	27.5
MST60158	19.917372685185185	27
MST60158	19.924317129629628	27
MST60158	19.931261574074075	26
MST60158	19.938206018518517	25
MST60158	19.945150462962964	24.5
MST60158	19.952094907407407	27.5
MST60158	19.959039351851853	31
MST60158	19.965983796296296	31
MST60158	19.972928240740742	30.5
MST60158	19.979872685185185	30
MST60158	19.986817129629628	30.5
MST60158	19.993761574074075	31.5
MST60158	20.000706018518517	32
MST60158	20.007650462962964	32
MST60158	20.014594907407407	31.5
MST60158	20.02153935185185	31.5
MST60158	20.028483796296296	31
MST60158	20.035428240740742	31.5
MST60158	20.042372685185185	31
MST60158	20.049317129629628	30.5
MST60158	20.056261574074075	31.5
MST60158	20.063206018518517	31.5
MST60158	20.070150462962964	32
MST60158	20.077094907407407	31
MST60158	20.08403935185185	31
MST60158	20.090983796296296	31
MST60158	20.097928240740742	31
MST60158	20.104872685185185	31.5
MST60158	20.111817129629628	33
MST60158	20.118761574074075	33
MST60158	20.125706018518517	30.5
MST60158	20.132650462962964	31.5
MST60158	20.139594907407407	33.5
MST60158	20.14653935185185	35
MST60158	20.153483796296296	34
MST60158	20.160428240740742	31.5
MST60158	20.167372685185185	31
MST60158	20.174317129629628	33
MST60158	20.181261574074075	35
MST60158	20.188206018518517	34
MST60158	20.195150462962964	34.5
MST60158	20.202094907407407	34.5
MST60158	20.20903935185185	30
MST60158	20.215983796296296	33
MST60158	20.222928240740742	34.5
MST60158	20.229872685185185	34.5
MST60158	20.236817129629628	34.5
MST60158	20.243761574074075	34.5
MST60158	20.250706018518517	32.5
MST60158	20.257650462962964	33.5
MST60158	20.264594907407407	32
MST60158	20.27153935185185	31
MST60158	20.278483796296296	31
MST60158	20.285428240740742	32.5
MST60158	20.292372685185185	32.5
MST60158	20.299317129629628	31.5
MST60158	20.306261574074075	32
MST60158	20.313206018518517	32.5
MST60158	20.320150462962964	33
MST60158	20.327094907407407	32.5
MST60158	20.33403935185185	32.5
MST60158	20.340983796296296	33
MST60158	20.347928240740742	32.5
MST60158	20.354872685185185	32.5
MST60158	20.361817129629628	32
MST60158	20.368761574074075	32
MST60158	20.375706018518517	32.5
MST60158	20.382650462962964	31
MST60158	20.389594907407407	32
MST60158	20.39653935185185	31
MST60158	20.403483796296296	31.5
MST60158	20.410428240740742	30.5
MST60158	20.417372685185185	31
MST60158	20.424317129629628	31.5
MST60158	20.431261574074075	31
MST60158	20.438206018518517	31.5
MST60158	20.445150462962964	31
MST60158	20.452094907407407	31.5
MST60158	20.45903935185185	31
MST60158	20.465983796296296	31
MST60158	20.472928240740742	31
MST60158	20.479872685185185	31.5
MST60158	20.486817129629628	31.5
MST60158	20.493761574074075	32
MST60158	20.500706018518517	31.5
MST60158	20.507650462962964	32.5
MST60158	20.514594907407407	32.5
MST60158	20.52153935185185	32.5
MST60158	20.528483796296296	32
MST60158	20.535428240740742	32.5
MST60158	20.542372685185185	32.5
MST60158	20.549317129629628	32.5
MST60158	20.556261574074075	32
MST60158	20.563206018518517	31.5
MST60158	20.570150462962964	31
MST60158	20.577094907407407	31
MST60158	20.58403935185185	31.5
MST60158	20.590983796296296	31.5
MST60158	20.597928240740742	31.5
MST60158	20.604872685185185	31.5
MST60158	20.611817129629628	31.5
MST60158	20.618761574074075	31
MST60158	20.625706018518517	31.5
MST60158	20.632650462962964	31.5
MST60158	20.639594907407407	31.5
MST60158	20.64653935185185	32
MST60158	20.653483796296296	31.5
MST60158	20.660428240740742	30.5
MST60158	20.667372685185185	31.5
MST60158	20.674317129629628	32
MST60158	20.681261574074075	32
MST60158	20.688206018518517	31.5
MST60158	20.695150462962964	32
MST60158	20.702094907407407	32
MST60158	20.70903935185185	32.5
MST60158	20.715983796296296	32.5
MST60158	20.722928240740742	32
MST60158	20.729872685185185	31.5
MST60158	20.736817129629628	31
MST60158	20.743761574074075	30
MST60158	20.750706018518517	29.5
MST60158	20.757650462962964	29
MST60158	20.764594907407407	28
MST60158	20.77153935185185	30.5
MST60158	20.778483796296296	31
MST60158	20.785428240740742	31
MST60158	20.792372685185185	31
MST60158	20.799317129629628	32
MST60158	20.806261574074075	32
MST60158	20.813206018518517	32
MST60158	20.820150462962964	32
MST60158	20.827094907407407	32.5
MST60158	20.83403935185185	32.5
MST60158	20.840983796296296	32.5
MST60158	20.847928240740742	33
MST60158	20.854872685185185	33
MST60158	20.861817129629628	32
MST60158	20.868761574074075	31
MST60158	20.875706018518517	31
MST60158	20.882650462962964	31.5
MST60158	20.889594907407407	31.5
MST60158	20.89653935185185	31.5
MST60158	20.903483796296296	31
MST60158	20.910428240740742	31
MST60158	20.917372685185185	29.5
MST60158	20.924317129629628	30
MST60158	20.931261574074075	29
MST60158	20.938206018518517	29
MST60158	20.945150462962964	29
MST60158	20.952094907407407	29
MST60158	20.95903935185185	28.5
MST60158	20.965983796296296	28.5
MST60158	20.972928240740742	28
MST60158	20.979872685185185	28.5
MST60158	20.986817129629628	29
MST60158	20.993761574074075	29
MST60158	21.000706018518517	29.5
MST60158	21.007650462962964	28.5
MST60158	21.014594907407407	29
MST60158	21.02153935185185	30
MST60158	21.028483796296296	29.5
MST60158	21.035428240740742	30
MST60158	21.042372685185185	30.5
MST60158	21.049317129629628	30.5
MST60158	21.056261574074075	30.5
MST60158	21.063206018518517	31
MST60158	21.070150462962964	30.5
MST60158	21.077094907407407	32.5
MST60158	21.08403935185185	34
MST60158	21.090983796296296	33.5
MST60158	21.097928240740742	33
MST60158	21.104872685185185	32.5
MST60158	21.111817129629628	32
MST60158	21.118761574074075	32
MST60158	21.125706018518517	31.5
MST60158	21.132650462962964	30
MST60158	21.139594907407407	29.5
MST60158	21.14653935185185	30.5
MST60158	21.153483796296296	29.5
MST60158	21.160428240740742	29
MST60158	21.167372685185185	30
MST60158	21.174317129629628	31
MST60158	21.181261574074075	30.5
MST60158	21.188206018518517	29.5
MST60158	21.195150462962964	31.5
MST60158	21.202094907407407	31
MST60158	21.20903935185185	31
MST60158	21.215983796296296	32
MST60158	21.222928240740742	31.5
MST60158	21.229872685185185	31.5
MST60158	21.236817129629628	31.5
MST60158	21.243761574074075	30.5
MST60158	21.250706018518517	30.5
MST60158	21.257650462962964	31
MST60158	21.264594907407407	31
MST60158	21.27153935185185	31.5
MST60158	21.278483796296296	31
MST60158	21.285428240740742	34.5
MST60158	21.292372685185185	32.5
MST60158	21.299317129629628	31.5
MST60158	21.306261574074075	32
MST60158	21.313206018518517	33.5
MST60158	21.320150462962964	35
MST60158	21.327094907407407	34
MST60158	21.33403935185185	34
MST60158	21.340983796296296	34
MST60158	21.347928240740742	34.5
MST60158	21.354872685185185	31.5
MST60158	21.361817129629628	30.5
MST60158	21.368761574074075	31.5
MST60158	21.375706018518517	33.5
MST60158	21.382650462962964	35
MST60158	21.389594907407407	32
MST60158	21.39653935185185	31.5
MST60158	21.403483796296296	31.5
MST60158	21.410428240740742	31
MST60158	21.417372685185185	32
MST60158	21.424317129629628	31.5
MST60158	21.431261574074075	32
MST60158	21.438206018518517	33
MST60158	21.445150462962964	32.5
MST60158	21.452094907407407	33
MST60158	21.45903935185185	33
MST60158	21.465983796296296	33.5
MST60158	21.472928240740742	33.5
MST60158	21.479872685185185	33
MST60158	21.486817129629628	33
MST60158	21.493761574074075	31
MST60158	21.500706018518517	31
MST60158	21.507650462962964	32.5
MST60158	21.514594907407407	34.5
MST60158	21.52153935185185	34
MST60158	21.528483796296296	35
MST60158	21.535428240740742	34
MST60158	21.542372685185185	33.5
MST60158	21.549317129629628	32.5
MST60158	21.556261574074075	32
MST60158	21.563206018518517	32
MST60158	21.570150462962964	32.5
MST60158	21.577094907407407	32
MST60158	21.58403935185185	32.5
MST60158	21.590983796296296	32.5
MST60158	21.597928240740742	32.5
MST60158	21.604872685185185	32
MST60158	21.611817129629628	32
MST60158	21.618761574074075	32.5
MST60158	21.625706018518517	32.5
MST60158	21.632650462962964	32.5
MST60158	21.639594907407407	33
MST60158	21.64653935185185	32
MST60158	21.653483796296296	32
MST60158	21.660428240740742	32
MST60158	21.667372685185185	33
MST60158	21.674317129629628	32
MST60158	21.681261574074075	32
MST60158	21.688206018518517	31.5
MST60158	21.695150462962964	32
MST60158	21.702094907407407	32
MST60158	21.70903935185185	32
MST60158	21.715983796296296	32
MST60158	21.722928240740742	31.5
MST60158	21.729872685185185	32
MST60158	21.736817129629628	32.5
MST60158	21.743761574074075	32.5
MST60158	21.750706018518517	32
MST60158	21.757650462962964	31.5
MST60158	21.764594907407407	31.5
MST60158	21.77153935185185	30.5
MST60158	21.778483796296296	29.5
MST60158	21.785428240740742	28.5
MST60158	21.792372685185185	28
MST60158	21.799317129629628	30.5
MST60158	21.806261574074075	30.5
MST60158	21.813206018518517	30.5
MST60158	21.820150462962964	30.5
MST60158	21.827094907407407	30
MST60158	21.83403935185185	29.5
MST60158	21.840983796296296	29.5
MST60158	21.847928240740742	30
MST60158	21.854872685185185	30
MST60158	21.861817129629628	30
MST60158	21.868761574074075	31
MST60158	21.875706018518517	32
MST60158	21.882650462962964	33
MST60158	21.889594907407407	33
MST60158	21.89653935185185	32.5
MST60158	21.903483796296296	33
MST60158	21.910428240740742	32.5
MST60158	21.917372685185185	32.5
MST60158	21.924317129629628	32.5
MST60158	21.931261574074075	32
MST60158	21.938206018518517	31.5
MST60158	21.945150462962964	32
MST60158	21.952094907407407	31.5
MST60158	21.95903935185185	31.5
MST60158	21.965983796296296	32
MST60158	21.972928240740742	32
MST60158	21.979872685185185	31
MST60158	21.986817129629628	31
MST60158	21.993761574074075	31.5
MST60158	22.000706018518517	31
MST60158	22.007650462962964	30.5
MST60158	22.014594907407407	30
MST60158	22.02153935185185	30.5
MST60158	22.028483796296296	30
MST60158	22.035428240740742	30
MST60158	22.042372685185185	29
MST60158	22.049317129629628	29.5
MST60158	22.056261574074075	29.5
MST60158	22.063206018518517	29.5
MST60158	22.070150462962964	30.5
MST60158	22.077094907407407	31
MST60158	22.08403935185185	32
MST60158	22.090983796296296	31.5
MST60158	22.097928240740742	31.5
MST60158	22.104872685185185	30.5
MST60158	22.111817129629628	31
MST60158	22.118761574074075	30
MST60158	22.125706018518517	30.5
MST60158	22.132650462962964	30
MST60158	22.139594907407407	29.5
MST60158	22.14653935185185	30.5
MST60158	22.153483796296296	29.5
MST60158	22.160428240740742	31
MST60158	22.167372685185185	31
MST60158	22.174317129629628	31
MST60158	22.181261574074075	30
MST60158	22.188206018518517	30
MST60158	22.195150462962964	30
MST60158	22.202094907407407	33
MST60158	22.20903935185185	33.5
MST60158	22.215983796296296	34.5
MST60158	22.222928240740742	33.5
MST60158	22.229872685185185	33
MST60158	22.236817129629628	32
MST60158	22.243761574074075	31
MST60158	22.250706018518517	31
MST60158	22.257650462962964	30.5
MST60158	22.264594907407407	30.5
MST60158	22.27153935185185	33.5
MST60158	22.278483796296296	34.5
MST60158	22.285428240740742	34
MST60158	22.292372685185185	33.5
MST60158	22.299317129629628	34
MST60158	22.306261574074075	31
MST60158	22.313206018518517	31
MST60158	22.320150462962964	34.5
MST60158	22.327094907407407	31
MST60158	22.33403935185185	31.5
MST60158	22.340983796296296	35
MST60158	22.347928240740742	34
MST60158	22.354872685185185	31
MST60158	22.361817129629628	33.5
MST60158	22.368761574074075	32
MST60158	22.375706018518517	31.5
MST60158	22.382650462962964	31
MST60158	22.389594907407407	33
MST60158	22.39653935185185	31.5
MST60158	22.403483796296296	31.5
MST60158	22.410428240740742	31.5
MST60158	22.417372685185185	32
MST60158	22.424317129629628	32.5
MST60158	22.431261574074075	32.5
MST60158	22.438206018518517	32
MST60158	22.445150462962964	31.5
MST60158	22.452094907407407	32
MST60158	22.45903935185185	31.5
MST60158	22.465983796296296	31.5
MST60158	22.472928240740742	32.5
MST60158	22.479872685185185	32
MST60158	22.486817129629628	32
MST60158	22.493761574074075	32.5
MST60158	22.500706018518517	32.5
MST60158	22.507650462962964	32.5
MST60158	22.514594907407407	33.5
MST60158	22.52153935185185	34
MST60158	22.528483796296296	34.5
MST60158	22.535428240740742	35
MST60158	22.542372685185185	34
MST60158	22.549317129629628	33.5
MST60158	22.556261574074075	33
MST60158	22.563206018518517	33.5
MST60158	22.570150462962964	33.5
MST60158	22.577094907407407	33.5
MST60158	22.58403935185185	33
MST60158	22.590983796296296	33.5
MST60158	22.597928240740742	33
MST60158	22.604872685185185	32.5
MST60158	22.611817129629628	31.5
MST60158	22.618761574074075	32
MST60158	22.625706018518517	32
MST60158	22.632650462962964	31.5
MST60158	22.639594907407407	31.5
MST60158	22.64653935185185	31.5
MST60158	22.653483796296296	32
MST60158	22.660428240740742	32
MST60158	22.667372685185185	32
MST60158	22.674317129629628	32.5
MST60158	22.681261574074075	33
MST60158	22.688206018518517	33
MST60158	22.695150462962964	32.5
MST60158	22.702094907407407	33
MST60158	22.70903935185185	32
MST60158	22.715983796296296	32.5
MST60158	22.722928240740742	33
MST60158	22.729872685185185	32
MST60158	22.736817129629628	33
MST60158	22.743761574074075	32.5
MST60158	22.750706018518517	32.5
MST60158	22.757650462962964	33
MST60158	22.764594907407407	32.5
MST60158	22.77153935185185	32
MST60158	22.778483796296296	32
MST60158	22.785428240740742	32
MST60158	22.792372685185185	32.5
MST60158	22.799317129629628	32.5
MST60158	22.806261574074075	32.5
MST60158	22.813206018518517	32
MST60158	22.820150462962964	31.5
MST60158	22.827094907407407	32
MST60158	22.83403935185185	31.5
MST60158	22.840983796296296	31.5
MST60158	22.847928240740742	31.5
MST60158	22.854872685185185	31
MST60158	22.861817129629628	31
MST60158	22.868761574074075	31
MST60158	22.875706018518517	31.5
MST60158	22.882650462962964	31
MST60158	22.889594907407407	31
MST60158	22.89653935185185	31
MST60158	22.903483796296296	31
MST60158	22.910428240740742	31
MST60158	22.917372685185185	32
MST60158	22.924317129629628	32.5
MST60158	22.931261574074075	33
MST60158	22.938206018518517	33
MST60158	22.945150462962964	32.5
MST60158	22.952094907407407	32
MST60158	22.95903935185185	31.5
MST60158	22.965983796296296	31.5
MST60158	22.972928240740742	32
MST60158	22.979872685185185	32.5
MST60158	22.986817129629628	32.5
MST60158	22.993761574074075	32.5
MST60158	23.000706018518517	32.5
MST60158	23.007650462962964	32.5
MST60158	23.014594907407407	32.5
MST60158	23.02153935185185	32.5
MST60158	23.028483796296296	32
MST60158	23.035428240740742	32
MST60158	23.042372685185185	31.5
MST60158	23.049317129629628	31
MST60158	23.056261574074075	30.5
MST60158	23.063206018518517	30.5
MST60158	23.070150462962964	30
MST60158	23.077094907407407	30
MST60158	23.08403935185185	30
MST60158	23.090983796296296	30
MST60158	23.097928240740742	29.5
MST60158	23.104872685185185	31
MST60158	23.111817129629628	31
MST60158	23.118761574074075	31.5
MST60158	23.125706018518517	31.5
MST60158	23.132650462962964	31.5
MST60158	23.139594907407407	30.5
MST60158	23.14653935185185	31
MST60158	23.153483796296296	30.5
MST60158	23.160428240740742	30.5
MST60158	23.167372685185185	33
MST60158	23.174317129629628	34
MST60158	23.181261574074075	34
MST60158	23.188206018518517	30
MST60158	23.195150462962964	30
MST60158	23.202094907407407	31.5
MST60158	23.20903935185185	34.5
MST60158	23.215983796296296	34
MST60158	23.222928240740742	33
MST60158	23.229872685185185	30.5
MST60158	23.236817129629628	30
MST60158	23.243761574074075	33
MST60158	23.250706018518517	33.5
MST60158	23.257650462962964	32
MST60158	23.264594907407407	31
MST60158	23.27153935185185	31
MST60158	23.278483796296296	34.5
MST60158	23.285428240740742	35
MST60158	23.292372685185185	35
MST60158	23.299317129629628	33.5
MST60158	23.306261574074075	32
MST60158	23.313206018518517	32
MST60158	23.320150462962964	31
MST60158	23.327094907407407	30.5
MST60158	23.33403935185185	30
MST60158	23.340983796296296	31.5
MST60158	23.347928240740742	32
MST60158	23.354872685185185	32
MST60158	23.361817129629628	33
MST60158	23.368761574074075	32
MST60158	23.375706018518517	32
MST60158	23.382650462962964	32.5
MST60158	23.389594907407407	31.5
MST60158	23.39653935185185	32.5
MST60158	23.403483796296296	33
MST60158	23.410428240740742	32.5
MST60158	23.417372685185185	31.5
MST60158	23.424317129629628	32
MST60158	23.431261574074075	31
MST60158	23.438206018518517	31
MST60158	23.445150462962964	30.5
MST60158	23.452094907407407	31
MST60158	23.45903935185185	31
MST60158	23.465983796296296	31.5
MST60158	23.472928240740742	31
MST60158	23.479872685185185	31
MST60158	23.486817129629628	31.5
MST60158	23.493761574074075	32
MST60158	23.500706018518517	32
MST60158	23.507650462962964	32
MST60158	23.514594907407407	32
MST60158	23.52153935185185	32
MST60158	23.528483796296296	31.5
MST60158	23.535428240740742	31.5
MST60158	23.542372685185185	31.5
MST60158	23.549317129629628	32
MST60158	23.556261574074075	31.5
MST60158	23.563206018518517	31.5
MST60158	23.570150462962964	31
MST60158	23.577094907407407	31.5
MST60158	23.58403935185185	31.5
MST60158	23.590983796296296	31
MST60158	23.597928240740742	32
MST60158	23.604872685185185	31.5
MST60158	23.611817129629628	32
MST60158	23.618761574074075	32
MST60158	23.625706018518517	33
MST60158	23.632650462962964	33.5
MST60158	23.639594907407407	32.5
MST60158	23.64653935185185	33.5
MST60158	23.653483796296296	32.5
MST60158	23.660428240740742	32
MST60158	23.667372685185185	32
MST60158	23.674317129629628	32.5
MST60158	23.681261574074075	33
MST60158	23.688206018518517	32.5
MST60158	23.695150462962964	31
MST60158	23.702094907407407	31
MST60158	23.70903935185185	30
MST60158	23.715983796296296	30.5
MST60158	23.722928240740742	29.5
MST60158	23.729872685185185	31
MST60158	23.736817129629628	31.5
MST60158	23.743761574074075	31
MST60158	23.750706018518517	31.5
MST60158	23.757650462962964	32
MST60158	23.764594907407407	32
MST60158	23.77153935185185	31.5
MST60158	23.778483796296296	30.5
MST60158	23.785428240740742	31
MST60158	23.792372685185185	31
MST60158	23.799317129629628	32
MST60158	23.806261574074075	31.5
MST60158	23.813206018518517	31.5
MST60158	23.820150462962964	31
MST60158	23.827094907407407	32
MST60158	23.83403935185185	31
MST60158	23.840983796296296	32.5
MST60158	23.847928240740742	32
MST60158	23.854872685185185	31.5
MST60158	23.861817129629628	31
MST60158	23.868761574074075	29.5
MST60158	23.875706018518517	28.5
MST60158	23.882650462962964	29
MST60158	23.889594907407407	28
MST60158	23.89653935185185	28
MST60158	23.903483796296296	28
MST60158	23.910428240740742	27
MST60158	23.917372685185185	26.5
MST60158	23.924317129629628	26.5
MST60158	23.931261574074075	26
MST60158	23.938206018518517	26
MST60158	23.945150462962964	26
MST60158	23.952094907407407	27.5
MST60158	23.95903935185185	33
MST60158	23.965983796296296	33.5
MST60158	23.972928240740742	31.5
MST60158	23.979872685185185	31.5
MST60158	23.986817129629628	32
MST60158	23.993761574074075	31.5
MST60158	24.000706018518517	31
MST60158	24.007650462962964	31
MST60158	24.014594907407407	30
MST60158	24.02153935185185	30
MST60158	24.028483796296296	30
MST60158	24.035428240740742	30
MST60158	24.042372685185185	29
MST60158	24.049317129629628	29
MST60158	24.056261574074075	29
MST60158	24.063206018518517	30.5
MST60158	24.070150462962964	30.5
MST60158	24.077094907407407	30
MST60158	24.08403935185185	31
MST60158	24.090983796296296	30.5
MST60158	24.097928240740742	30.5
MST60158	24.104872685185185	33
MST60158	24.111817129629628	34.5
MST60158	24.118761574074075	34.5
MST60158	24.125706018518517	34.5
MST60158	24.132650462962964	30.5
MST60158	24.139594907407407	32.5
MST60158	24.14653935185185	31.5
MST60158	24.153483796296296	31
MST60158	24.160428240740742	31.5
MST60158	24.167372685185185	33
MST60158	24.174317129629628	32
MST60158	24.181261574074075	31
MST60158	24.188206018518517	32
MST60158	24.195150462962964	34
MST60158	24.202094907407407	32
MST60158	24.20903935185185	32.5
MST60158	24.215983796296296	31.5
MST60158	24.222928240740742	32.5
MST60158	24.229872685185185	34
MST60158	24.236817129629628	31
MST60158	24.243761574074075	30.5
MST60158	24.250706018518517	30.5
MST60158	24.257650462962964	31
MST60158	24.264594907407407	31
MST60158	24.27153935185185	32
MST60158	24.278483796296296	32
MST60158	24.285428240740742	32
MST60158	24.292372685185185	29.5
MST60158	24.299317129629628	29.5
MST60158	24.306261574074075	31
MST60158	24.313206018518517	31
MST60158	24.320150462962964	30.5
MST60158	24.327094907407407	31
MST60158	24.33403935185185	32
MST60158	24.340983796296296	31.5
MST60158	24.347928240740742	31.5
MST60158	24.354872685185185	31
MST60158	24.361817129629628	31
MST60158	24.368761574074075	31
MST60158	24.375706018518517	31
MST60158	24.382650462962964	31
MST60158	24.389594907407407	31
MST60158	24.39653935185185	31
MST60158	24.403483796296296	30.5
MST60158	24.410428240740742	31.5
MST60158	24.417372685185185	32
MST60158	24.424317129629628	31.5
MST60158	24.431261574074075	31
MST60158	24.438206018518517	31.5
MST60158	24.445150462962964	31
MST60158	24.452094907407407	31.5
MST60158	24.45903935185185	31
MST60158	24.465983796296296	32
MST60158	24.472928240740742	30.5
MST60158	24.479872685185185	31
MST60158	24.486817129629628	31
MST60158	24.493761574074075	31.5
MST60158	24.500706018518517	32
MST60158	24.507650462962964	31.5
MST60158	24.514594907407407	31
MST60158	24.52153935185185	33
MST60158	24.528483796296296	32
MST60158	24.535428240740742	31.5
MST60158	24.542372685185185	31
MST60158	24.549317129629628	30.5
MST60158	24.556261574074075	31
MST60158	24.563206018518517	31
MST60158	24.570150462962964	31.5
MST60158	24.577094907407407	31
MST60158	24.58403935185185	30.5
MST60158	24.590983796296296	30.5
MST60158	24.597928240740742	30
MST60158	24.604872685185185	28.5
MST60158	24.611817129629628	27.5
MST60158	24.618761574074075	30.5
MST60158	24.625706018518517	31
MST60158	24.632650462962964	31.5
MST60158	24.639594907407407	31
MST60158	24.64653935185185	30.5
MST60158	24.653483796296296	29.5
MST60158	24.660428240740742	28.5
MST60158	24.667372685185185	27.5
MST60158	24.674317129629628	27
MST60158	24.681261574074075	26.5
MST60158	24.688206018518517	26
MST60158	24.695150462962964	25.5
MST60158	24.702094907407407	25
MST60158	24.70903935185185	24.5
MST60158	24.715983796296296	24
MST60158	24.722928240740742	24
MST60158	24.729872685185185	23.5
MST60158	24.736817129629628	23.5
MST60158	24.743761574074075	23.5
MST60158	24.750706018518517	23
MST60158	24.757650462962964	22.5
MST60158	24.764594907407407	22.5
MST60158	24.77153935185185	22.5
MST60158	24.778483796296296	22.5
MST60158	24.785428240740742	22.5
MST60158	24.792372685185185	22.5
MST60158	24.799317129629628	22
MST60158	24.806261574074075	22
MST60158	24.813206018518517	21.5
MST60158	24.820150462962964	21.5
MST60158	24.827094907407407	23.5
MST60158	24.83403935185185	30
MST60158	24.840983796296296	31
MST60158	24.847928240740742	32
MST60158	24.854872685185185	32
MST60158	24.861817129629628	32
MST60158	24.868761574074075	32.5
MST60158	24.875706018518517	32.5
MST60158	24.882650462962964	32.5
MST60158	24.889594907407407	32.5
MST60158	24.89653935185185	32
MST60158	24.903483796296296	32
MST60158	24.910428240740742	31.5
MST60158	24.917372685185185	32
MST60158	24.924317129629628	33
MST60158	24.931261574074075	32.5
MST60158	24.938206018518517	32.5
MST60158	24.945150462962964	32.5
MST60158	24.952094907407407	31
MST60158	24.95903935185185	30.5
MST60158	24.965983796296296	30.5
MST60158	24.972928240740742	29
MST60158	24.979872685185185	29.5
MST60158	24.986817129629628	29.5
MST60158	24.993761574074075	30.5
MST60158	25.000706018518517	30
MST60158	25.007650462962964	30
MST60158	25.014594907407407	30.5
MST60158	25.02153935185185	30.5
MST60158	25.028483796296296	30
MST60158	25.035428240740742	29.5
MST60158	25.042372685185185	29.5
MST60158	25.049317129629628	30
MST60158	25.056261574074075	29.5
MST60158	25.063206018518517	30.5
MST60158	25.070150462962964	32
MST60158	25.077094907407407	32.5
MST60158	25.08403935185185	31
MST60158	25.090983796296296	31.5
MST60158	25.097928240740742	33
MST60158	25.104872685185185	33
MST60158	25.111817129629628	32.5
MST60158	25.118761574074075	32.5
MST60158	25.125706018518517	34.5
MST60158	25.132650462962964	34.5
MST60158	25.139594907407407	33
MST60158	25.14653935185185	32.5
MST60158	25.153483796296296	33.5
MST60158	25.160428240740742	33
MST60158	25.167372685185185	29.5
MST60158	25.174317129629628	31
MST60158	25.181261574074075	31.5
MST60158	25.188206018518517	33
MST60158	25.195150462962964	31.5
MST60158	25.202094907407407	31
MST60158	25.20903935185185	33
MST60158	25.215983796296296	32
MST60158	25.222928240740742	33.5
MST60158	25.229872685185185	33
MST60158	25.236817129629628	31.5
MST60158	25.243761574074075	31
MST60158	25.250706018518517	32
MST60158	25.257650462962964	31
MST60158	25.264594907407407	32.5
MST60158	25.27153935185185	33.5
MST60158	25.278483796296296	32
MST60158	25.285428240740742	33.5
MST60158	25.292372685185185	33
MST60158	25.299317129629628	31.5
MST60158	25.306261574074075	32.5
MST60158	25.313206018518517	31
MST60158	25.320150462962964	31
MST60158	25.327094907407407	32
MST60158	25.33403935185185	33.5
MST60158	25.340983796296296	34.5
MST60158	25.347928240740742	33.5
MST60158	25.354872685185185	34
MST60158	25.361817129629628	34
MST60158	25.368761574074075	34
MST60158	25.375706018518517	33.5
MST60158	25.382650462962964	33.5
MST60158	25.389594907407407	34
MST60158	25.39653935185185	33
MST60158	25.403483796296296	33
MST60158	25.410428240740742	33.5
MST60158	25.417372685185185	33
MST60158	25.424317129629628	33
MST60158	25.431261574074075	34
MST60158	25.438206018518517	34
MST60158	25.445150462962964	34.5
MST60158	25.452094907407407	34.5
MST60158	25.45903935185185	34.5
MST60158	25.465983796296296	34.5
MST60158	25.472928240740742	33.5
MST60158	25.479872685185185	34
MST60158	25.486817129629628	34.5
MST60158	25.493761574074075	34
MST60158	25.500706018518517	33.5
MST60158	25.507650462962964	33.5
MST60158	25.514594907407407	32.5
MST60158	25.52153935185185	34
MST60158	25.528483796296296	34.5
MST60158	25.535428240740742	35.5
MST60158	25.542372685185185	35
MST60158	25.549317129629628	35
MST60158	25.556261574074075	34.5
MST60158	25.563206018518517	34
MST60158	25.570150462962964	34
MST60158	25.577094907407407	34.5
MST60158	25.58403935185185	34.5
MST60158	25.590983796296296	34
MST60158	25.597928240740742	34
MST60158	25.604872685185185	34.5
MST60158	25.611817129629628	34.5
MST60158	25.618761574074075	34.5
MST60158	25.625706018518517	34.5
MST60158	25.632650462962964	33
MST60158	25.639594907407407	33
MST60158	25.64653935185185	32.5
MST60158	25.653483796296296	32.5
MST60158	25.660428240740742	33
MST60158	25.667372685185185	33.5
MST60158	25.674317129629628	34
MST60158	25.681261574074075	34
MST60158	25.688206018518517	34
MST60158	25.695150462962964	33.5
MST60158	25.702094907407407	34
MST60158	25.70903935185185	33
MST60158	25.715983796296296	33
MST60158	25.722928240740742	33.5
MST60158	25.729872685185185	33
MST60158	25.736817129629628	33.5
MST60158	25.743761574074075	33
MST60158	25.750706018518517	31
MST60158	25.757650462962964	32
MST60158	25.764594907407407	33.5
MST60158	25.77153935185185	32.5
MST60158	25.778483796296296	32.5
MST60158	25.785428240740742	32.5
MST60158	25.792372685185185	32.5
MST60158	25.799317129629628	33
MST60158	25.806261574074075	33.5
MST60158	25.813206018518517	33
MST60158	25.820150462962964	32.5
MST60158	25.827094907407407	32.5
MST60158	25.83403935185185	32.5
MST60158	25.840983796296296	32
MST60158	25.847928240740742	32.5
MST60158	25.854872685185185	33.5
MST60158	25.861817129629628	34
MST60158	25.868761574074075	33
MST60158	25.875706018518517	32.5
MST60158	25.882650462962964	32
MST60158	25.889594907407407	30.5
MST60158	25.89653935185185	31.5
MST60158	25.903483796296296	30.5
MST60158	25.910428240740742	30.5
MST60158	25.917372685185185	31
MST60158	25.924317129629628	29.5
MST60158	25.931261574074075	29.5
MST60158	25.938206018518517	29.5
MST60158	25.945150462962964	30
MST60158	25.952094907407407	30
MST60158	25.95903935185185	29.5
MST60158	25.965983796296296	29.5
MST60158	25.972928240740742	30
MST60158	25.979872685185185	30.5
MST60158	25.986817129629628	31
MST60158	25.993761574074075	31.5
MST60158	26.000706018518517	31
MST60158	26.007650462962964	32
MST60158	26.014594907407407	31.5
MST60158	26.02153935185185	31
MST60158	26.028483796296296	30
MST60158	26.035428240740742	31
MST60158	26.042372685185185	31
MST60158	26.049317129629628	31.5
MST60158	26.056261574074075	30.5
MST60158	26.063206018518517	30.5
MST60158	26.070150462962964	31.5
MST60158	26.077094907407407	33
MST60158	26.08403935185185	33
MST60158	26.090983796296296	31.5
MST60158	26.097928240740742	30.5
MST60158	26.104872685185185	32
MST60158	26.111817129629628	34
MST60158	26.118761574074075	33
MST60158	26.125706018518517	32
MST60158	26.132650462962964	31.5
MST60158	26.139594907407407	30.5
MST60158	26.14653935185185	30
MST60158	26.153483796296296	31.5
MST60158	26.160428240740742	30.5
MST60158	26.167372685185185	32.5
MST60158	26.174317129629628	34.5
MST60158	26.181261574074075	35
MST60158	26.188206018518517	34.5
MST60158	26.195150462962964	34.5
MST60158	26.202094907407407	33
MST60158	26.20903935185185	33
MST60158	26.215983796296296	31
MST60158	26.222928240740742	32
MST60158	26.229872685185185	30.5
MST60158	26.236817129629628	30.5
MST60158	26.243761574074075	31
MST60158	26.250706018518517	30.5
MST60158	26.257650462962964	31
MST60158	26.264594907407407	31
MST60158	26.27153935185185	33
MST60158	26.278483796296296	33
MST60158	26.285428240740742	33
MST60158	26.292372685185185	32.5
MST60158	26.299317129629628	33
MST60158	26.306261574074075	33
MST60158	26.313206018518517	33
MST60158	26.320150462962964	32.5
MST60158	26.327094907407407	33.5
MST60158	26.33403935185185	33
MST60158	26.340983796296296	32.5
MST60158	26.347928240740742	33.5
MST60158	26.354872685185185	33
MST60158	26.361817129629628	33
MST60158	26.368761574074075	32.5
MST60158	26.375706018518517	31.5
MST60158	26.382650462962964	32
MST60158	26.389594907407407	32
MST60158	26.39653935185185	30.5
MST60158	26.403483796296296	30.5
MST60158	26.410428240740742	31.5
MST60158	26.417372685185185	32
MST60158	26.424317129629628	31.5
MST60158	26.431261574074075	31
MST60158	26.438206018518517	31.5
MST60158	26.445150462962964	31.5
MST60158	26.452094907407407	31.5
MST60158	26.45903935185185	32
MST60158	26.465983796296296	31.5
MST60158	26.472928240740742	32
MST60158	26.479872685185185	32.5
MST60158	26.486817129629628	31.5
MST60158	26.493761574074075	32.5
MST60158	26.500706018518517	32.5
MST60158	26.507650462962964	32.5
MST60158	26.514594907407407	31
MST60158	26.52153935185185	31.5
MST60158	26.528483796296296	32
MST60158	26.535428240740742	32.5
