DateTime	Unit	Value	NumberDate
2025-05-16T14:50:00Z	C	29.091	1747407000
2025-05-16T15:00:00Z	C	28.592	1747407600
2025-05-16T15:10:00Z	C	28.592	1747408200
2025-05-16T15:20:00Z	C	28.592	1747408800
2025-05-16T15:30:00Z	C	28.592	1747409400
2025-05-16T15:40:00Z	C	29.091	1747410000
2025-05-16T15:50:00Z	C	29.091	1747410600
2025-05-16T16:00:00Z	C	29.091	1747411200
2025-05-16T16:10:00Z	C	29.591	1747411800
2025-05-16T16:20:00Z	C	28.592	1747412400
2025-05-16T16:30:00Z	C	29.091	1747413000
2025-05-16T16:40:00Z	C	29.091	1747413600
2025-05-16T16:50:00Z	C	28.592	1747414200
2025-05-16T17:00:00Z	C	28.592	1747414800
2025-05-16T17:10:00Z	C	28.592	1747415400
2025-05-16T17:20:00Z	C	29.091	1747416000
2025-05-16T17:30:00Z	C	28.592	1747416600
2025-05-16T17:40:00Z	C	28.592	1747417200
2025-05-16T17:50:00Z	C	28.092	1747417800
2025-05-16T18:00:00Z	C	28.092	1747418400
2025-05-16T18:10:00Z	C	27.593	1747419000
2025-05-16T18:20:00Z	C	27.593	1747419600
2025-05-16T18:30:00Z	C	27.093	1747420200
2025-05-16T18:40:00Z	C	26.593	1747420800
2025-05-16T18:50:00Z	C	26.094	1747421400
2025-05-16T19:00:00Z	C	25.594	1747422000
2025-05-16T19:10:00Z	C	25.594	1747422600
2025-05-16T19:20:00Z	C	25.594	1747423200
2025-05-16T19:30:00Z	C	25.094	1747423800
2025-05-16T19:40:00Z	C	25.094	1747424400
2025-05-16T19:50:00Z	C	24.594	1747425000
2025-05-16T20:00:00Z	C	24.594	1747425600
2025-05-16T20:10:00Z	C	25.094	1747426200
2025-05-16T20:20:00Z	C	24.594	1747426800
2025-05-16T20:30:00Z	C	24.594	1747427400
2025-05-16T20:40:00Z	C	24.594	1747428000
2025-05-16T20:50:00Z	C	24.094	1747428600
2025-05-16T21:00:00Z	C	24.094	1747429200
2025-05-16T21:10:00Z	C	24.094	1747429800
2025-05-16T21:20:00Z	C	24.094	1747430400
2025-05-16T21:30:00Z	C	24.094	1747431000
2025-05-16T21:40:00Z	C	23.594	1747431600
2025-05-16T21:50:00Z	C	23.594	1747432200
2025-05-16T22:00:00Z	C	23.594	1747432800
2025-05-16T22:10:00Z	C	23.594	1747433400
2025-05-16T22:20:00Z	C	23.594	1747434000
2025-05-16T22:30:00Z	C	23.594	1747434600
2025-05-16T22:40:00Z	C	23.093	1747435200
2025-05-16T22:50:00Z	C	23.093	1747435800
2025-05-16T23:00:00Z	C	23.093	1747436400
2025-05-16T23:10:00Z	C	23.093	1747437000
2025-05-16T23:20:00Z	C	23.093	1747437600
2025-05-16T23:30:00Z	C	22.593	1747438200
2025-05-16T23:40:00Z	C	22.593	1747438800
2025-05-16T23:50:00Z	C	22.593	1747439400
2025-05-17T00:00:00Z	C	22.593	1747440000
2025-05-17T00:10:00Z	C	22.093	1747440600
2025-05-17T00:20:00Z	C	22.593	1747441200
2025-05-17T00:30:00Z	C	22.593	1747441800
2025-05-17T00:40:00Z	C	22.593	1747442400
2025-05-17T00:50:00Z	C	22.593	1747443000
2025-05-17T01:00:00Z	C	22.093	1747443600
2025-05-17T01:10:00Z	C	21.592	1747444200
2025-05-17T01:20:00Z	C	21.592	1747444800
2025-05-17T01:30:00Z	C	21.592	1747445400
2025-05-17T01:40:00Z	C	21.592	1747446000
2025-05-17T01:50:00Z	C	21.592	1747446600
2025-05-17T02:00:00Z	C	21.592	1747447200
2025-05-17T02:10:00Z	C	21.592	1747447800
2025-05-17T02:20:00Z	C	21.092	1747448400
2025-05-17T02:30:00Z	C	21.092	1747449000
2025-05-17T02:40:00Z	C	21.092	1747449600
2025-05-17T02:50:00Z	C	21.092	1747450200
2025-05-17T03:00:00Z	C	21.092	1747450800
2025-05-17T03:10:00Z	C	21.092	1747451400
2025-05-17T03:20:00Z	C	21.092	1747452000
2025-05-17T03:30:00Z	C	21.092	1747452600
2025-05-17T03:40:00Z	C	21.092	1747453200
2025-05-17T03:50:00Z	C	21.092	1747453800
2025-05-17T04:00:00Z	C	21.092	1747454400
2025-05-17T04:10:00Z	C	21.092	1747455000
2025-05-17T04:20:00Z	C	21.092	1747455600
2025-05-17T04:30:00Z	C	21.092	1747456200
2025-05-17T04:40:00Z	C	21.092	1747456800
2025-05-17T04:50:00Z	C	21.092	1747457400
2025-05-17T05:00:00Z	C	21.092	1747458000
2025-05-17T05:10:00Z	C	21.092	1747458600
2025-05-17T05:20:00Z	C	21.092	1747459200
2025-05-17T05:30:00Z	C	21.092	1747459800
2025-05-17T05:40:00Z	C	21.092	1747460400
2025-05-17T05:50:00Z	C	21.092	1747461000
2025-05-17T06:00:00Z	C	20.591	1747461600
2025-05-17T06:10:00Z	C	20.591	1747462200
2025-05-17T06:20:00Z	C	20.591	1747462800
2025-05-17T06:30:00Z	C	20.591	1747463400
2025-05-17T06:40:00Z	C	20.591	1747464000
2025-05-17T06:50:00Z	C	20.591	1747464600
2025-05-17T07:00:00Z	C	20.591	1747465200
2025-05-17T07:10:00Z	C	20.591	1747465800
2025-05-17T07:20:00Z	C	21.592	1747466400
2025-05-17T07:30:00Z	C	23.093	1747467000
2025-05-17T07:40:00Z	C	23.594	1747467600
2025-05-17T07:50:00Z	C	24.594	1747468200
2025-05-17T08:00:00Z	C	26.593	1747468800
2025-05-17T08:10:00Z	C	27.593	1747469400
2025-05-17T08:20:00Z	C	26.094	1747470000
2025-05-17T08:30:00Z	C	28.092	1747470600
2025-05-17T08:40:00Z	C	28.092	1747471200
2025-05-17T08:50:00Z	C	26.593	1747471800
2025-05-17T09:00:00Z	C	27.593	1747472400
2025-05-17T09:10:00Z	C	28.592	1747473000
2025-05-17T09:20:00Z	C	28.592	1747473600
2025-05-17T09:30:00Z	C	27.093	1747474200
2025-05-17T09:40:00Z	C	27.093	1747474800
2025-05-17T09:50:00Z	C	27.093	1747475400
2025-05-17T10:00:00Z	C	26.593	1747476000
2025-05-17T10:10:00Z	C	26.593	1747476600
2025-05-17T10:20:00Z	C	27.093	1747477200
2025-05-17T10:30:00Z	C	27.593	1747477800
2025-05-17T10:40:00Z	C	27.593	1747478400
2025-05-17T10:50:00Z	C	27.593	1747479000
2025-05-17T11:00:00Z	C	27.593	1747479600
2025-05-17T11:10:00Z	C	27.593	1747480200
2025-05-17T11:20:00Z	C	28.092	1747480800
2025-05-17T11:30:00Z	C	28.092	1747481400
2025-05-17T11:40:00Z	C	28.092	1747482000
2025-05-17T11:50:00Z	C	28.092	1747482600
2025-05-17T12:00:00Z	C	28.092	1747483200
2025-05-17T12:10:00Z	C	28.092	1747483800
2025-05-17T12:20:00Z	C	28.092	1747484400
2025-05-17T12:30:00Z	C	28.592	1747485000
2025-05-17T12:40:00Z	C	29.091	1747485600
2025-05-17T12:50:00Z	C	28.592	1747486200
2025-05-17T13:00:00Z	C	28.592	1747486800
2025-05-17T13:10:00Z	C	28.092	1747487400
2025-05-17T13:20:00Z	C	28.592	1747488000
2025-05-17T13:30:00Z	C	28.592	1747488600
2025-05-17T13:40:00Z	C	28.592	1747489200
2025-05-17T13:50:00Z	C	29.091	1747489800
2025-05-17T14:00:00Z	C	29.591	1747490400
2025-05-17T14:10:00Z	C	29.591	1747491000
2025-05-17T14:20:00Z	C	29.591	1747491600
2025-05-17T14:30:00Z	C	29.091	1747492200
2025-05-17T14:40:00Z	C	29.591	1747492800
2025-05-17T14:50:00Z	C	29.591	1747493400
2025-05-17T15:00:00Z	C	29.591	1747494000
2025-05-17T15:10:00Z	C	29.091	1747494600
2025-05-17T15:20:00Z	C	29.591	1747495200
2025-05-17T15:30:00Z	C	29.591	1747495800
2025-05-17T15:40:00Z	C	29.591	1747496400
2025-05-17T15:50:00Z	C	29.591	1747497000
2025-05-17T16:00:00Z	C	29.591	1747497600
2025-05-17T16:10:00Z	C	29.591	1747498200
2025-05-17T16:20:00Z	C	29.091	1747498800
2025-05-17T16:30:00Z	C	29.091	1747499400
2025-05-17T16:40:00Z	C	29.591	1747500000
2025-05-17T16:50:00Z	C	29.591	1747500600
2025-05-17T17:00:00Z	C	29.591	1747501200
2025-05-17T17:10:00Z	C	29.091	1747501800
2025-05-17T17:20:00Z	C	29.091	1747502400
2025-05-17T17:30:00Z	C	29.091	1747503000
2025-05-17T17:40:00Z	C	28.592	1747503600
2025-05-17T17:50:00Z	C	28.592	1747504200
2025-05-17T18:00:00Z	C	28.592	1747504800
2025-05-17T18:10:00Z	C	28.092	1747505400
2025-05-17T18:20:00Z	C	28.092	1747506000
2025-05-17T18:30:00Z	C	27.593	1747506600
2025-05-17T18:40:00Z	C	27.093	1747507200
2025-05-17T18:50:00Z	C	27.093	1747507800
2025-05-17T19:00:00Z	C	26.593	1747508400
2025-05-17T19:10:00Z	C	26.094	1747509000
2025-05-17T19:20:00Z	C	25.594	1747509600
2025-05-17T19:30:00Z	C	25.594	1747510200
2025-05-17T19:40:00Z	C	25.594	1747510800
2025-05-17T19:50:00Z	C	25.094	1747511400
2025-05-17T20:00:00Z	C	25.094	1747512000
2025-05-17T20:10:00Z	C	25.094	1747512600
2025-05-17T20:20:00Z	C	24.594	1747513200
2025-05-17T20:30:00Z	C	24.594	1747513800
2025-05-17T20:40:00Z	C	24.594	1747514400
2025-05-17T20:50:00Z	C	24.594	1747515000
2025-05-17T21:00:00Z	C	24.594	1747515600
2025-05-17T21:10:00Z	C	24.094	1747516200
2025-05-17T21:20:00Z	C	24.094	1747516800
2025-05-17T21:30:00Z	C	24.094	1747517400
2025-05-17T21:40:00Z	C	23.594	1747518000
2025-05-17T21:50:00Z	C	23.594	1747518600
2025-05-17T22:00:00Z	C	23.594	1747519200
2025-05-17T22:10:00Z	C	23.594	1747519800
2025-05-17T22:20:00Z	C	23.594	1747520400
2025-05-17T22:30:00Z	C	23.093	1747521000
2025-05-17T22:40:00Z	C	23.093	1747521600
2025-05-17T22:50:00Z	C	23.093	1747522200
2025-05-17T23:00:00Z	C	23.093	1747522800
2025-05-17T23:10:00Z	C	23.093	1747523400
2025-05-17T23:20:00Z	C	22.593	1747524000
2025-05-17T23:30:00Z	C	23.093	1747524600
2025-05-17T23:40:00Z	C	23.093	1747525200
2025-05-17T23:50:00Z	C	22.593	1747525800
2025-05-18T00:00:00Z	C	22.593	1747526400
2025-05-18T00:10:00Z	C	22.093	1747527000
2025-05-18T00:20:00Z	C	22.593	1747527600
2025-05-18T00:30:00Z	C	22.593	1747528200
2025-05-18T00:40:00Z	C	22.593	1747528800
2025-05-18T00:50:00Z	C	22.093	1747529400
2025-05-18T01:00:00Z	C	22.093	1747530000
2025-05-18T01:10:00Z	C	22.093	1747530600
2025-05-18T01:20:00Z	C	22.093	1747531200
2025-05-18T01:30:00Z	C	22.093	1747531800
2025-05-18T01:40:00Z	C	22.093	1747532400
2025-05-18T01:50:00Z	C	22.093	1747533000
2025-05-18T02:00:00Z	C	22.093	1747533600
2025-05-18T02:10:00Z	C	22.093	1747534200
2025-05-18T02:20:00Z	C	22.093	1747534800
2025-05-18T02:30:00Z	C	22.093	1747535400
2025-05-18T02:40:00Z	C	22.093	1747536000
2025-05-18T02:50:00Z	C	22.593	1747536600
2025-05-18T03:00:00Z	C	22.593	1747537200
2025-05-18T03:10:00Z	C	22.593	1747537800
2025-05-18T03:20:00Z	C	22.593	1747538400
2025-05-18T03:30:00Z	C	22.593	1747539000
2025-05-18T03:40:00Z	C	22.593	1747539600
2025-05-18T03:50:00Z	C	22.593	1747540200
2025-05-18T04:00:00Z	C	22.593	1747540800
2025-05-18T04:10:00Z	C	22.593	1747541400
2025-05-18T04:20:00Z	C	22.593	1747542000
2025-05-18T04:30:00Z	C	22.093	1747542600
2025-05-18T04:40:00Z	C	22.093	1747543200
2025-05-18T04:50:00Z	C	22.093	1747543800
2025-05-18T05:00:00Z	C	22.093	1747544400
2025-05-18T05:10:00Z	C	22.093	1747545000
2025-05-18T05:20:00Z	C	22.093	1747545600
2025-05-18T05:30:00Z	C	22.093	1747546200
2025-05-18T05:40:00Z	C	21.592	1747546800
2025-05-18T05:50:00Z	C	21.592	1747547400
2025-05-18T06:00:00Z	C	21.592	1747548000
2025-05-18T06:10:00Z	C	21.592	1747548600
2025-05-18T06:20:00Z	C	21.592	1747549200
2025-05-18T06:30:00Z	C	21.592	1747549800
2025-05-18T06:40:00Z	C	21.592	1747550400
2025-05-18T06:50:00Z	C	21.592	1747551000
2025-05-18T07:00:00Z	C	21.592	1747551600
2025-05-18T07:10:00Z	C	21.592	1747552200
2025-05-18T07:20:00Z	C	22.093	1747552800
2025-05-18T07:30:00Z	C	23.594	1747553400
2025-05-18T07:40:00Z	C	24.594	1747554000
2025-05-18T07:50:00Z	C	25.094	1747554600
2025-05-18T08:00:00Z	C	26.094	1747555200
2025-05-18T08:10:00Z	C	26.593	1747555800
2025-05-18T08:20:00Z	C	26.094	1747556400
2025-05-18T08:30:00Z	C	28.092	1747557000
2025-05-18T08:40:00Z	C	29.091	1747557600
2025-05-18T08:50:00Z	C	27.093	1747558200
2025-05-18T09:00:00Z	C	28.092	1747558800
2025-05-18T09:10:00Z	C	28.592	1747559400
2025-05-18T09:20:00Z	C	29.091	1747560000
2025-05-18T09:30:00Z	C	27.093	1747560600
2025-05-18T09:40:00Z	C	27.093	1747561200
2025-05-18T09:50:00Z	C	27.093	1747561800
2025-05-18T10:00:00Z	C	27.093	1747562400
2025-05-18T10:10:00Z	C	27.093	1747563000
2025-05-18T10:20:00Z	C	27.093	1747563600
2025-05-18T10:30:00Z	C	27.593	1747564200
2025-05-18T10:40:00Z	C	28.092	1747564800
2025-05-18T10:50:00Z	C	28.092	1747565400
2025-05-18T11:00:00Z	C	28.092	1747566000
2025-05-18T11:10:00Z	C	28.092	1747566600
2025-05-18T11:20:00Z	C	28.592	1747567200
2025-05-18T11:30:00Z	C	28.592	1747567800
2025-05-18T11:40:00Z	C	29.091	1747568400
2025-05-18T11:50:00Z	C	28.592	1747569000
2025-05-18T12:00:00Z	C	28.592	1747569600
2025-05-18T12:10:00Z	C	29.091	1747570200
2025-05-18T12:20:00Z	C	29.591	1747570800
2025-05-18T12:30:00Z	C	29.591	1747571400
2025-05-18T12:40:00Z	C	29.091	1747572000
2025-05-18T12:50:00Z	C	29.591	1747572600
2025-05-18T13:00:00Z	C	29.591	1747573200
2025-05-18T13:10:00Z	C	30.09	1747573800
2025-05-18T13:20:00Z	C	29.091	1747574400
2025-05-18T13:30:00Z	C	29.591	1747575000
2025-05-18T13:40:00Z	C	29.591	1747575600
2025-05-18T13:50:00Z	C	30.09	1747576200
2025-05-18T14:00:00Z	C	29.591	1747576800
2025-05-18T14:10:00Z	C	30.09	1747577400
2025-05-18T14:20:00Z	C	30.09	1747578000
2025-05-18T14:30:00Z	C	29.591	1747578600
2025-05-18T14:40:00Z	C	30.09	1747579200
2025-05-18T14:50:00Z	C	30.09	1747579800
2025-05-18T15:00:00Z	C	30.09	1747580400
2025-05-18T15:10:00Z	C	30.09	1747581000
2025-05-18T15:20:00Z	C	30.09	1747581600
2025-05-18T15:30:00Z	C	30.09	1747582200
2025-05-18T15:40:00Z	C	29.591	1747582800
2025-05-18T15:50:00Z	C	30.09	1747583400
2025-05-18T16:00:00Z	C	30.09	1747584000
2025-05-18T16:10:00Z	C	30.09	1747584600
2025-05-18T16:20:00Z	C	30.09	1747585200
2025-05-18T16:30:00Z	C	30.09	1747585800
2025-05-18T16:40:00Z	C	29.591	1747586400
2025-05-18T16:50:00Z	C	30.09	1747587000
2025-05-18T17:00:00Z	C	30.09	1747587600
2025-05-18T17:10:00Z	C	30.09	1747588200
2025-05-18T17:20:00Z	C	29.591	1747588800
2025-05-18T17:30:00Z	C	29.591	1747589400
2025-05-18T17:40:00Z	C	29.591	1747590000
2025-05-18T17:50:00Z	C	29.091	1747590600
2025-05-18T18:00:00Z	C	29.091	1747591200
2025-05-18T18:10:00Z	C	28.592	1747591800
2025-05-18T18:20:00Z	C	28.592	1747592400
2025-05-18T18:30:00Z	C	28.592	1747593000
2025-05-18T18:40:00Z	C	28.092	1747593600
2025-05-18T18:50:00Z	C	27.593	1747594200
2025-05-18T19:00:00Z	C	27.093	1747594800
2025-05-18T19:10:00Z	C	26.593	1747595400
2025-05-18T19:20:00Z	C	26.593	1747596000
2025-05-18T19:30:00Z	C	26.094	1747596600
2025-05-18T19:40:00Z	C	26.094	1747597200
2025-05-18T19:50:00Z	C	26.094	1747597800
2025-05-18T20:00:00Z	C	25.594	1747598400
2025-05-18T20:10:00Z	C	25.594	1747599000
2025-05-18T20:20:00Z	C	25.094	1747599600
2025-05-18T20:30:00Z	C	24.594	1747600200
2025-05-18T20:40:00Z	C	24.594	1747600800
2025-05-18T20:50:00Z	C	25.094	1747601400
2025-05-18T21:00:00Z	C	24.594	1747602000
2025-05-18T21:10:00Z	C	24.594	1747602600
2025-05-18T21:20:00Z	C	24.594	1747603200
2025-05-18T21:30:00Z	C	24.094	1747603800
2025-05-18T21:40:00Z	C	23.594	1747604400
2025-05-18T21:50:00Z	C	23.594	1747605000
2025-05-18T22:00:00Z	C	23.093	1747605600
2025-05-18T22:10:00Z	C	23.093	1747606200
2025-05-18T22:20:00Z	C	23.093	1747606800
2025-05-18T22:30:00Z	C	23.093	1747607400
2025-05-18T22:40:00Z	C	22.593	1747608000
2025-05-18T22:50:00Z	C	22.593	1747608600
2025-05-18T23:00:00Z	C	23.093	1747609200
2025-05-18T23:10:00Z	C	22.593	1747609800
2025-05-18T23:20:00Z	C	22.593	1747610400
2025-05-18T23:30:00Z	C	22.593	1747611000
2025-05-18T23:40:00Z	C	22.093	1747611600
2025-05-18T23:50:00Z	C	22.093	1747612200
2025-05-19T00:00:00Z	C	22.093	1747612800
2025-05-19T00:10:00Z	C	22.593	1747613400
2025-05-19T00:20:00Z	C	22.093	1747614000
2025-05-19T00:30:00Z	C	22.593	1747614600
2025-05-19T00:40:00Z	C	22.093	1747615200
2025-05-19T00:50:00Z	C	22.093	1747615800
2025-05-19T01:00:00Z	C	22.093	1747616400
2025-05-19T01:10:00Z	C	21.592	1747617000
2025-05-19T01:20:00Z	C	22.093	1747617600
2025-05-19T01:30:00Z	C	22.093	1747618200
2025-05-19T01:40:00Z	C	22.093	1747618800
2025-05-19T01:50:00Z	C	21.592	1747619400
2025-05-19T02:00:00Z	C	22.093	1747620000
2025-05-19T02:10:00Z	C	22.093	1747620600
2025-05-19T02:20:00Z	C	22.093	1747621200
2025-05-19T02:30:00Z	C	22.093	1747621800
2025-05-19T02:40:00Z	C	22.093	1747622400
2025-05-19T02:50:00Z	C	22.093	1747623000
2025-05-19T03:00:00Z	C	22.093	1747623600
2025-05-19T03:10:00Z	C	22.093	1747624200
2025-05-19T03:20:00Z	C	21.592	1747624800
2025-05-19T03:30:00Z	C	21.592	1747625400
2025-05-19T03:40:00Z	C	21.592	1747626000
2025-05-19T03:50:00Z	C	21.592	1747626600
2025-05-19T04:00:00Z	C	21.092	1747627200
2025-05-19T04:10:00Z	C	21.092	1747627800
2025-05-19T04:20:00Z	C	21.092	1747628400
2025-05-19T04:30:00Z	C	21.092	1747629000
2025-05-19T04:40:00Z	C	21.092	1747629600
2025-05-19T04:50:00Z	C	21.092	1747630200
2025-05-19T05:00:00Z	C	21.092	1747630800
2025-05-19T05:10:00Z	C	20.591	1747631400
2025-05-19T05:20:00Z	C	20.591	1747632000
2025-05-19T05:30:00Z	C	20.091	1747632600
2025-05-19T05:40:00Z	C	20.591	1747633200
2025-05-19T05:50:00Z	C	20.591	1747633800
2025-05-19T06:00:00Z	C	20.591	1747634400
2025-05-19T06:10:00Z	C	20.091	1747635000
2025-05-19T06:20:00Z	C	20.091	1747635600
2025-05-19T06:30:00Z	C	20.091	1747636200
2025-05-19T06:40:00Z	C	20.591	1747636800
2025-05-19T06:50:00Z	C	20.591	1747637400
2025-05-19T07:00:00Z	C	20.091	1747638000
2025-05-19T07:10:00Z	C	20.591	1747638600
2025-05-19T07:20:00Z	C	21.092	1747639200
2025-05-19T07:30:00Z	C	22.593	1747639800
2025-05-19T07:40:00Z	C	24.594	1747640400
2025-05-19T07:50:00Z	C	25.594	1747641000
2025-05-19T08:00:00Z	C	27.593	1747641600
2025-05-19T08:10:00Z	C	28.092	1747642200
2025-05-19T08:20:00Z	C	27.093	1747642800
2025-05-19T08:30:00Z	C	29.091	1747643400
2025-05-19T08:40:00Z	C	29.591	1747644000
2025-05-19T08:50:00Z	C	27.593	1747644600
2025-05-19T09:00:00Z	C	28.592	1747645200
2025-05-19T09:10:00Z	C	31.089	1747645800
2025-05-19T09:20:00Z	C	31.588	1747646400
2025-05-19T09:30:00Z	C	29.091	1747647000
2025-05-19T09:40:00Z	C	28.092	1747647600
2025-05-19T09:50:00Z	C	28.092	1747648200
2025-05-19T10:00:00Z	C	28.592	1747648800
2025-05-19T10:10:00Z	C	28.592	1747649400
2025-05-19T10:20:00Z	C	28.592	1747650000
2025-05-19T10:30:00Z	C	28.592	1747650600
2025-05-19T10:40:00Z	C	28.592	1747651200
2025-05-19T10:50:00Z	C	28.592	1747651800
2025-05-19T11:00:00Z	C	29.091	1747652400
2025-05-19T11:10:00Z	C	29.091	1747653000
2025-05-19T11:20:00Z	C	29.091	1747653600
2025-05-19T11:30:00Z	C	29.091	1747654200
2025-05-19T11:40:00Z	C	29.591	1747654800
2025-05-19T11:50:00Z	C	29.591	1747655400
2025-05-19T12:00:00Z	C	29.591	1747656000
2025-05-19T12:10:00Z	C	29.591	1747656600
2025-05-19T12:20:00Z	C	29.591	1747657200
2025-05-19T12:30:00Z	C	29.591	1747657800
2025-05-19T12:40:00Z	C	29.591	1747658400
2025-05-19T12:50:00Z	C	30.09	1747659000
2025-05-19T13:00:00Z	C	30.09	1747659600
2025-05-19T13:10:00Z	C	29.591	1747660200
2025-05-19T13:20:00Z	C	30.09	1747660800
2025-05-19T13:30:00Z	C	30.09	1747661400
2025-05-19T13:40:00Z	C	30.09	1747662000
2025-05-19T13:50:00Z	C	30.09	1747662600
2025-05-19T14:00:00Z	C	30.09	1747663200
2025-05-19T14:10:00Z	C	30.09	1747663800
2025-05-19T14:20:00Z	C	30.09	1747664400
2025-05-19T14:30:00Z	C	30.589	1747665000
2025-05-19T14:40:00Z	C	30.589	1747665600
2025-05-19T14:50:00Z	C	30.09	1747666200
2025-05-19T15:00:00Z	C	30.589	1747666800
2025-05-19T15:10:00Z	C	30.589	1747667400
2025-05-19T15:20:00Z	C	30.09	1747668000
2025-05-19T15:30:00Z	C	30.589	1747668600
2025-05-19T15:40:00Z	C	30.589	1747669200
2025-05-19T15:50:00Z	C	30.589	1747669800
2025-05-19T16:00:00Z	C	30.589	1747670400
2025-05-19T16:10:00Z	C	30.589	1747671000
2025-05-19T16:20:00Z	C	30.09	1747671600
2025-05-19T16:30:00Z	C	30.09	1747672200
2025-05-19T16:40:00Z	C	30.09	1747672800
2025-05-19T16:50:00Z	C	30.589	1747673400
2025-05-19T17:00:00Z	C	30.09	1747674000
2025-05-19T17:10:00Z	C	30.09	1747674600
2025-05-19T17:20:00Z	C	30.09	1747675200
2025-05-19T17:30:00Z	C	30.09	1747675800
2025-05-19T17:40:00Z	C	29.591	1747676400
2025-05-19T17:50:00Z	C	29.091	1747677000
2025-05-19T18:00:00Z	C	29.091	1747677600
2025-05-19T18:10:00Z	C	28.592	1747678200
2025-05-19T18:20:00Z	C	28.092	1747678800
2025-05-19T18:30:00Z	C	27.593	1747679400
2025-05-19T18:40:00Z	C	27.093	1747680000
2025-05-19T18:50:00Z	C	27.093	1747680600
2025-05-19T19:00:00Z	C	26.593	1747681200
2025-05-19T19:10:00Z	C	26.593	1747681800
2025-05-19T19:20:00Z	C	26.094	1747682400
2025-05-19T19:30:00Z	C	26.094	1747683000
2025-05-19T19:40:00Z	C	26.094	1747683600
2025-05-19T19:50:00Z	C	26.094	1747684200
2025-05-19T20:00:00Z	C	25.094	1747684800
2025-05-19T20:10:00Z	C	25.094	1747685400
2025-05-19T20:20:00Z	C	24.594	1747686000
2025-05-19T20:30:00Z	C	24.594	1747686600
2025-05-19T20:40:00Z	C	24.594	1747687200
2025-05-19T20:50:00Z	C	24.594	1747687800
2025-05-19T21:00:00Z	C	25.094	1747688400
2025-05-19T21:10:00Z	C	25.094	1747689000
2025-05-19T21:20:00Z	C	24.594	1747689600
2025-05-19T21:30:00Z	C	24.594	1747690200
2025-05-19T21:40:00Z	C	24.594	1747690800
2025-05-19T21:50:00Z	C	24.594	1747691400
2025-05-19T22:00:00Z	C	24.094	1747692000
2025-05-19T22:10:00Z	C	24.094	1747692600
2025-05-19T22:20:00Z	C	24.094	1747693200
2025-05-19T22:30:00Z	C	24.094	1747693800
2025-05-19T22:40:00Z	C	24.094	1747694400
2025-05-19T22:50:00Z	C	23.093	1747695000
2025-05-19T23:00:00Z	C	23.093	1747695600
2025-05-19T23:10:00Z	C	23.093	1747696200
2025-05-19T23:20:00Z	C	23.093	1747696800
2025-05-19T23:30:00Z	C	22.593	1747697400
2025-05-19T23:40:00Z	C	22.593	1747698000
2025-05-19T23:50:00Z	C	22.593	1747698600
2025-05-20T00:00:00Z	C	22.593	1747699200
2025-05-20T00:10:00Z	C	22.593	1747699800
2025-05-20T00:20:00Z	C	22.093	1747700400
2025-05-20T00:30:00Z	C	22.593	1747701000
2025-05-20T00:40:00Z	C	22.593	1747701600
2025-05-20T00:50:00Z	C	22.593	1747702200
2025-05-20T01:00:00Z	C	22.593	1747702800
2025-05-20T01:10:00Z	C	22.593	1747703400
2025-05-20T01:20:00Z	C	22.093	1747704000
2025-05-20T01:30:00Z	C	22.093	1747704600
2025-05-20T01:40:00Z	C	22.593	1747705200
2025-05-20T01:50:00Z	C	22.093	1747705800
2025-05-20T02:00:00Z	C	22.093	1747706400
2025-05-20T02:10:00Z	C	22.093	1747707000
2025-05-20T02:20:00Z	C	22.093	1747707600
2025-05-20T02:30:00Z	C	22.093	1747708200
2025-05-20T02:40:00Z	C	22.093	1747708800
2025-05-20T02:50:00Z	C	22.593	1747709400
2025-05-20T03:00:00Z	C	22.593	1747710000
2025-05-20T03:10:00Z	C	22.593	1747710600
2025-05-20T03:20:00Z	C	22.593	1747711200
2025-05-20T03:30:00Z	C	22.593	1747711800
2025-05-20T03:40:00Z	C	22.593	1747712400
2025-05-20T03:50:00Z	C	22.593	1747713000
2025-05-20T04:00:00Z	C	22.593	1747713600
2025-05-20T04:10:00Z	C	22.593	1747714200
2025-05-20T04:20:00Z	C	22.593	1747714800
2025-05-20T04:30:00Z	C	22.593	1747715400
2025-05-20T04:40:00Z	C	22.593	1747716000
2025-05-20T04:50:00Z	C	22.593	1747716600
2025-05-20T05:00:00Z	C	22.593	1747717200
2025-05-20T05:10:00Z	C	22.593	1747717800
2025-05-20T05:20:00Z	C	22.593	1747718400
2025-05-20T05:30:00Z	C	22.093	1747719000
2025-05-20T05:40:00Z	C	22.093	1747719600
2025-05-20T05:50:00Z	C	22.093	1747720200
2025-05-20T06:00:00Z	C	22.093	1747720800
2025-05-20T06:10:00Z	C	22.093	1747721400
2025-05-20T06:20:00Z	C	21.592	1747722000
2025-05-20T06:30:00Z	C	21.592	1747722600
2025-05-20T06:40:00Z	C	21.592	1747723200
2025-05-20T06:50:00Z	C	21.592	1747723800
2025-05-20T07:00:00Z	C	21.592	1747724400
2025-05-20T07:10:00Z	C	22.093	1747725000
2025-05-20T07:20:00Z	C	22.093	1747725600
2025-05-20T07:30:00Z	C	22.093	1747726200
2025-05-20T07:40:00Z	C	22.093	1747726800
2025-05-20T07:50:00Z	C	22.593	1747727400
2025-05-20T08:00:00Z	C	22.093	1747728000
2025-05-20T08:10:00Z	C	22.093	1747728600
2025-05-20T08:20:00Z	C	22.593	1747729200
2025-05-20T08:30:00Z	C	22.593	1747729800
2025-05-20T08:40:00Z	C	22.593	1747730400
2025-05-20T08:50:00Z	C	22.093	1747731000
2025-05-20T09:00:00Z	C	21.592	1747731600
2025-05-20T09:10:00Z	C	21.592	1747732200
2025-05-20T09:20:00Z	C	22.093	1747732800
2025-05-20T09:30:00Z	C	22.593	1747733400
2025-05-20T09:40:00Z	C	23.093	1747734000
2025-05-20T09:50:00Z	C	23.093	1747734600
2025-05-20T10:00:00Z	C	23.594	1747735200
2025-05-20T10:10:00Z	C	24.094	1747735800
2025-05-20T10:20:00Z	C	24.594	1747736400
2025-05-20T10:30:00Z	C	24.594	1747737000
2025-05-20T10:40:00Z	C	25.594	1747737600
2025-05-20T10:50:00Z	C	25.594	1747738200
2025-05-20T11:00:00Z	C	26.593	1747738800
2025-05-20T11:10:00Z	C	26.593	1747739400
2025-05-20T11:20:00Z	C	26.593	1747740000
2025-05-20T11:30:00Z	C	26.094	1747740600
2025-05-20T11:40:00Z	C	26.593	1747741200
2025-05-20T11:50:00Z	C	27.093	1747741800
2025-05-20T12:00:00Z	C	26.094	1747742400
2025-05-20T12:10:00Z	C	25.594	1747743000
2025-05-20T12:20:00Z	C	25.594	1747743600
2025-05-20T12:30:00Z	C	26.094	1747744200
2025-05-20T12:40:00Z	C	26.593	1747744800
2025-05-20T12:50:00Z	C	26.593	1747745400
2025-05-20T13:00:00Z	C	27.093	1747746000
2025-05-20T13:10:00Z	C	27.593	1747746600
2025-05-20T13:20:00Z	C	27.093	1747747200
2025-05-20T13:30:00Z	C	26.593	1747747800
2025-05-20T13:40:00Z	C	26.593	1747748400
2025-05-20T13:50:00Z	C	26.593	1747749000
2025-05-20T14:00:00Z	C	27.093	1747749600
2025-05-20T14:10:00Z	C	27.593	1747750200
2025-05-20T14:20:00Z	C	28.592	1747750800
2025-05-20T14:30:00Z	C	28.092	1747751400
2025-05-20T14:40:00Z	C	28.092	1747752000
2025-05-20T14:50:00Z	C	27.593	1747752600
2025-05-20T15:00:00Z	C	27.593	1747753200
2025-05-20T15:10:00Z	C	26.593	1747753800
2025-05-20T15:20:00Z	C	26.593	1747754400
2025-05-20T15:30:00Z	C	27.093	1747755000
2025-05-20T15:40:00Z	C	27.093	1747755600
2025-05-20T15:50:00Z	C	27.593	1747756200
2025-05-20T16:00:00Z	C	27.593	1747756800
2025-05-20T16:10:00Z	C	27.093	1747757400
2025-05-20T16:20:00Z	C	26.094	1747758000
2025-05-20T16:30:00Z	C	26.593	1747758600
2025-05-20T16:40:00Z	C	26.094	1747759200
2025-05-20T16:50:00Z	C	26.094	1747759800
2025-05-20T17:00:00Z	C	25.594	1747760400
2025-05-20T17:10:00Z	C	25.594	1747761000
2025-05-20T17:20:00Z	C	24.594	1747761600
2025-05-20T17:30:00Z	C	24.094	1747762200
2025-05-20T17:40:00Z	C	24.094	1747762800
2025-05-20T17:50:00Z	C	24.094	1747763400
2025-05-20T18:00:00Z	C	24.094	1747764000
2025-05-20T18:10:00Z	C	24.094	1747764600
2025-05-20T18:20:00Z	C	24.594	1747765200
2025-05-20T18:30:00Z	C	24.094	1747765800
2025-05-20T18:40:00Z	C	24.094	1747766400
2025-05-20T18:50:00Z	C	23.594	1747767000
2025-05-20T19:00:00Z	C	23.594	1747767600
2025-05-20T19:10:00Z	C	22.593	1747768200
2025-05-20T19:20:00Z	C	21.592	1747768800
2025-05-20T19:30:00Z	C	21.592	1747769400
2025-05-20T19:40:00Z	C	21.592	1747770000
2025-05-20T19:50:00Z	C	21.092	1747770600
2025-05-20T20:00:00Z	C	20.591	1747771200
2025-05-20T20:10:00Z	C	20.591	1747771800
2025-05-20T20:20:00Z	C	20.591	1747772400
2025-05-20T20:30:00Z	C	20.091	1747773000
2025-05-20T20:40:00Z	C	20.591	1747773600
2025-05-20T20:50:00Z	C	20.591	1747774200
2025-05-20T21:00:00Z	C	20.591	1747774800
2025-05-20T21:10:00Z	C	20.591	1747775400
2025-05-20T21:20:00Z	C	20.591	1747776000
2025-05-20T21:30:00Z	C	20.591	1747776600
2025-05-20T21:40:00Z	C	21.092	1747777200
2025-05-20T21:50:00Z	C	20.591	1747777800
2025-05-20T22:00:00Z	C	20.591	1747778400
2025-05-20T22:10:00Z	C	20.591	1747779000
2025-05-20T22:20:00Z	C	20.591	1747779600
2025-05-20T22:30:00Z	C	20.591	1747780200
2025-05-20T22:40:00Z	C	20.591	1747780800
2025-05-20T22:50:00Z	C	20.591	1747781400
2025-05-20T23:00:00Z	C	20.591	1747782000
2025-05-20T23:10:00Z	C	20.591	1747782600
2025-05-20T23:20:00Z	C	20.591	1747783200
2025-05-20T23:30:00Z	C	20.591	1747783800
2025-05-20T23:40:00Z	C	20.591	1747784400
2025-05-20T23:50:00Z	C	20.591	1747785000
2025-05-21T00:00:00Z	C	20.591	1747785600
2025-05-21T00:10:00Z	C	20.591	1747786200
2025-05-21T00:20:00Z	C	20.091	1747786800
2025-05-21T00:30:00Z	C	20.091	1747787400
2025-05-21T00:40:00Z	C	19.59	1747788000
2025-05-21T00:50:00Z	C	19.59	1747788600
2025-05-21T01:00:00Z	C	19.59	1747789200
2025-05-21T01:10:00Z	C	19.59	1747789800
2025-05-21T01:20:00Z	C	19.59	1747790400
2025-05-21T01:30:00Z	C	19.59	1747791000
2025-05-21T01:40:00Z	C	19.59	1747791600
2025-05-21T01:50:00Z	C	19.59	1747792200
2025-05-21T02:00:00Z	C	19.59	1747792800
2025-05-21T02:10:00Z	C	19.59	1747793400
2025-05-21T02:20:00Z	C	19.59	1747794000
2025-05-21T02:30:00Z	C	19.59	1747794600
2025-05-21T02:40:00Z	C	19.59	1747795200
2025-05-21T02:50:00Z	C	20.091	1747795800
2025-05-21T03:00:00Z	C	20.091	1747796400
2025-05-21T03:10:00Z	C	20.091	1747797000
2025-05-21T03:20:00Z	C	20.091	1747797600
2025-05-21T03:30:00Z	C	20.091	1747798200
2025-05-21T03:40:00Z	C	20.091	1747798800
2025-05-21T03:50:00Z	C	20.591	1747799400
2025-05-21T04:00:00Z	C	20.591	1747800000
2025-05-21T04:10:00Z	C	20.591	1747800600
2025-05-21T04:20:00Z	C	20.091	1747801200
2025-05-21T04:30:00Z	C	20.591	1747801800
2025-05-21T04:40:00Z	C	20.591	1747802400
2025-05-21T04:50:00Z	C	20.091	1747803000
2025-05-21T05:00:00Z	C	20.091	1747803600
2025-05-21T05:10:00Z	C	20.091	1747804200
2025-05-21T05:20:00Z	C	20.091	1747804800
2025-05-21T05:30:00Z	C	20.091	1747805400
2025-05-21T05:40:00Z	C	20.091	1747806000
2025-05-21T05:50:00Z	C	20.091	1747806600
2025-05-21T06:00:00Z	C	20.091	1747807200
2025-05-21T06:10:00Z	C	19.59	1747807800
2025-05-21T06:20:00Z	C	19.59	1747808400
2025-05-21T06:30:00Z	C	19.59	1747809000
2025-05-21T06:40:00Z	C	19.59	1747809600
2025-05-21T06:50:00Z	C	19.59	1747810200
2025-05-21T07:00:00Z	C	20.091	1747810800
2025-05-21T07:10:00Z	C	20.091	1747811400
2025-05-21T07:20:00Z	C	20.591	1747812000
2025-05-21T07:30:00Z	C	22.593	1747812600
2025-05-21T07:40:00Z	C	24.594	1747813200
2025-05-21T07:50:00Z	C	25.594	1747813800
2025-05-21T08:00:00Z	C	27.593	1747814400
2025-05-21T08:10:00Z	C	27.093	1747815000
2025-05-21T08:20:00Z	C	25.094	1747815600
2025-05-21T08:30:00Z	C	25.594	1747816200
2025-05-21T08:40:00Z	C	25.094	1747816800
2025-05-21T08:50:00Z	C	24.594	1747817400
2025-05-21T09:00:00Z	C	24.594	1747818000
2025-05-21T09:10:00Z	C	26.094	1747818600
2025-05-21T09:20:00Z	C	25.094	1747819200
2025-05-21T09:30:00Z	C	23.594	1747819800
2025-05-21T09:40:00Z	C	24.094	1747820400
2025-05-21T09:50:00Z	C	24.594	1747821000
2025-05-21T10:00:00Z	C	24.594	1747821600
2025-05-21T10:10:00Z	C	25.094	1747822200
2025-05-21T10:20:00Z	C	25.094	1747822800
2025-05-21T10:30:00Z	C	26.094	1747823400
2025-05-21T10:40:00Z	C	26.094	1747824000
2025-05-21T10:50:00Z	C	26.094	1747824600
2025-05-21T11:00:00Z	C	25.594	1747825200
2025-05-21T11:10:00Z	C	25.594	1747825800
2025-05-21T11:20:00Z	C	25.594	1747826400
2025-05-21T11:30:00Z	C	25.594	1747827000
2025-05-21T11:40:00Z	C	25.594	1747827600
2025-05-21T11:50:00Z	C	25.094	1747828200
2025-05-21T12:00:00Z	C	25.594	1747828800
2025-05-21T12:10:00Z	C	25.594	1747829400
2025-05-21T12:20:00Z	C	26.094	1747830000
2025-05-21T12:30:00Z	C	26.094	1747830600
2025-05-21T12:40:00Z	C	26.094	1747831200
2025-05-21T12:50:00Z	C	26.094	1747831800
2025-05-21T13:00:00Z	C	26.593	1747832400
2025-05-21T13:10:00Z	C	26.593	1747833000
2025-05-21T13:20:00Z	C	27.093	1747833600
2025-05-21T13:30:00Z	C	27.093	1747834200
2025-05-21T13:40:00Z	C	27.093	1747834800
2025-05-21T13:50:00Z	C	27.093	1747835400
2025-05-21T14:00:00Z	C	27.093	1747836000
2025-05-21T14:10:00Z	C	27.593	1747836600
2025-05-21T14:20:00Z	C	27.593	1747837200
2025-05-21T14:30:00Z	C	27.093	1747837800
2025-05-21T14:40:00Z	C	27.093	1747838400
2025-05-21T14:50:00Z	C	27.593	1747839000
2025-05-21T15:00:00Z	C	27.593	1747839600
2025-05-21T15:10:00Z	C	27.593	1747840200
2025-05-21T15:20:00Z	C	27.593	1747840800
2025-05-21T15:30:00Z	C	27.593	1747841400
2025-05-21T15:40:00Z	C	27.593	1747842000
2025-05-21T15:50:00Z	C	27.593	1747842600
2025-05-21T16:00:00Z	C	28.092	1747843200
2025-05-21T16:10:00Z	C	28.092	1747843800
2025-05-21T16:20:00Z	C	28.092	1747844400
2025-05-21T16:30:00Z	C	28.092	1747845000
2025-05-21T16:40:00Z	C	28.092	1747845600
2025-05-21T16:50:00Z	C	28.092	1747846200
2025-05-21T17:00:00Z	C	28.092	1747846800
2025-05-21T17:10:00Z	C	27.593	1747847400
2025-05-21T17:20:00Z	C	27.593	1747848000
2025-05-21T17:30:00Z	C	27.593	1747848600
2025-05-21T17:40:00Z	C	27.093	1747849200
2025-05-21T17:50:00Z	C	26.593	1747849800
2025-05-21T18:00:00Z	C	26.593	1747850400
2025-05-21T18:10:00Z	C	26.094	1747851000
2025-05-21T18:20:00Z	C	25.594	1747851600
2025-05-21T18:30:00Z	C	25.594	1747852200
2025-05-21T18:40:00Z	C	25.594	1747852800
2025-05-21T18:50:00Z	C	25.094	1747853400
2025-05-21T19:00:00Z	C	25.094	1747854000
2025-05-21T19:10:00Z	C	25.094	1747854600
2025-05-21T19:20:00Z	C	24.594	1747855200
2025-05-21T19:30:00Z	C	24.594	1747855800
2025-05-21T19:40:00Z	C	24.594	1747856400
2025-05-21T19:50:00Z	C	24.594	1747857000
2025-05-21T20:00:00Z	C	24.094	1747857600
2025-05-21T20:10:00Z	C	24.094	1747858200
2025-05-21T20:20:00Z	C	23.594	1747858800
2025-05-21T20:30:00Z	C	23.594	1747859400
2025-05-21T20:40:00Z	C	23.594	1747860000
2025-05-21T20:50:00Z	C	23.594	1747860600
2025-05-21T21:00:00Z	C	23.594	1747861200
2025-05-21T21:10:00Z	C	23.093	1747861800
2025-05-21T21:20:00Z	C	23.093	1747862400
2025-05-21T21:30:00Z	C	23.093	1747863000
2025-05-21T21:40:00Z	C	23.093	1747863600
2025-05-21T21:50:00Z	C	23.093	1747864200
2025-05-21T22:00:00Z	C	23.093	1747864800
2025-05-21T22:10:00Z	C	23.093	1747865400
2025-05-21T22:20:00Z	C	22.593	1747866000
2025-05-21T22:30:00Z	C	22.593	1747866600
2025-05-21T22:40:00Z	C	22.593	1747867200
2025-05-21T22:50:00Z	C	22.593	1747867800
2025-05-21T23:00:00Z	C	22.593	1747868400
2025-05-21T23:10:00Z	C	22.093	1747869000
2025-05-21T23:20:00Z	C	22.093	1747869600
2025-05-21T23:30:00Z	C	22.093	1747870200
2025-05-21T23:40:00Z	C	22.093	1747870800
2025-05-21T23:50:00Z	C	22.093	1747871400
2025-05-22T00:00:00Z	C	22.093	1747872000
2025-05-22T00:10:00Z	C	22.093	1747872600
2025-05-22T00:20:00Z	C	21.592	1747873200
2025-05-22T00:30:00Z	C	22.093	1747873800
2025-05-22T00:40:00Z	C	22.093	1747874400
2025-05-22T00:50:00Z	C	22.093	1747875000
2025-05-22T01:00:00Z	C	21.592	1747875600
2025-05-22T01:10:00Z	C	22.093	1747876200
2025-05-22T01:20:00Z	C	22.093	1747876800
2025-05-22T01:30:00Z	C	22.093	1747877400
2025-05-22T01:40:00Z	C	22.093	1747878000
2025-05-22T01:50:00Z	C	22.093	1747878600
2025-05-22T02:00:00Z	C	22.093	1747879200
2025-05-22T02:10:00Z	C	22.093	1747879800
2025-05-22T02:20:00Z	C	22.093	1747880400
2025-05-22T02:30:00Z	C	22.093	1747881000
2025-05-22T02:40:00Z	C	21.592	1747881600
2025-05-22T02:50:00Z	C	21.592	1747882200
2025-05-22T03:00:00Z	C	21.592	1747882800
2025-05-22T03:10:00Z	C	21.592	1747883400
2025-05-22T03:20:00Z	C	21.592	1747884000
2025-05-22T03:30:00Z	C	21.592	1747884600
2025-05-22T03:40:00Z	C	21.592	1747885200
2025-05-22T03:50:00Z	C	21.592	1747885800
2025-05-22T04:00:00Z	C	21.592	1747886400
2025-05-22T04:10:00Z	C	21.592	1747887000
2025-05-22T04:20:00Z	C	21.592	1747887600
2025-05-22T04:30:00Z	C	21.592	1747888200
2025-05-22T04:40:00Z	C	21.592	1747888800
2025-05-22T04:50:00Z	C	21.592	1747889400
2025-05-22T05:00:00Z	C	21.592	1747890000
2025-05-22T05:10:00Z	C	21.592	1747890600
2025-05-22T05:20:00Z	C	21.092	1747891200
2025-05-22T05:30:00Z	C	21.092	1747891800
2025-05-22T05:40:00Z	C	21.092	1747892400
2025-05-22T05:50:00Z	C	21.092	1747893000
2025-05-22T06:00:00Z	C	21.092	1747893600
2025-05-22T06:10:00Z	C	21.092	1747894200
2025-05-22T06:20:00Z	C	21.092	1747894800
2025-05-22T06:30:00Z	C	21.092	1747895400
2025-05-22T06:40:00Z	C	21.592	1747896000
2025-05-22T06:50:00Z	C	21.092	1747896600
2025-05-22T07:00:00Z	C	21.092	1747897200
2025-05-22T07:10:00Z	C	21.092	1747897800
2025-05-22T07:20:00Z	C	21.092	1747898400
2025-05-22T07:30:00Z	C	21.092	1747899000
2025-05-22T07:40:00Z	C	21.592	1747899600
2025-05-22T07:50:00Z	C	21.092	1747900200
2025-05-22T08:00:00Z	C	21.092	1747900800
2025-05-22T08:10:00Z	C	21.092	1747901400
2025-05-22T08:20:00Z	C	21.592	1747902000
2025-05-22T08:30:00Z	C	21.592	1747902600
2025-05-22T08:40:00Z	C	22.093	1747903200
2025-05-22T08:50:00Z	C	23.093	1747903800
2025-05-22T09:00:00Z	C	23.594	1747904400
2025-05-22T09:10:00Z	C	24.594	1747905000
2025-05-22T09:20:00Z	C	25.094	1747905600
2025-05-22T09:30:00Z	C	24.594	1747906200
2025-05-22T09:40:00Z	C	24.594	1747906800
2025-05-22T09:50:00Z	C	24.594	1747907400
2025-05-22T10:00:00Z	C	24.594	1747908000
2025-05-22T10:10:00Z	C	25.594	1747908600
2025-05-22T10:20:00Z	C	26.094	1747909200
2025-05-22T10:30:00Z	C	25.594	1747909800
2025-05-22T10:40:00Z	C	26.094	1747910400
2025-05-22T10:50:00Z	C	26.593	1747911000
2025-05-22T11:00:00Z	C	26.593	1747911600
2025-05-22T11:10:00Z	C	27.093	1747912200
2025-05-22T11:20:00Z	C	27.093	1747912800
2025-05-22T11:30:00Z	C	27.093	1747913400
2025-05-22T11:40:00Z	C	27.593	1747914000
2025-05-22T11:50:00Z	C	28.092	1747914600
2025-05-22T12:00:00Z	C	28.092	1747915200
2025-05-22T12:10:00Z	C	27.093	1747915800
2025-05-22T12:20:00Z	C	27.093	1747916400
2025-05-22T12:30:00Z	C	26.593	1747917000
2025-05-22T12:40:00Z	C	23.093	1747917600
2025-05-22T12:50:00Z	C	20.091	1747918200
2025-05-22T13:00:00Z	C	19.59	1747918800
2025-05-22T13:10:00Z	C	19.59	1747919400
2025-05-22T13:20:00Z	C	19.59	1747920000
2025-05-22T13:30:00Z	C	20.091	1747920600
2025-05-22T13:40:00Z	C	20.591	1747921200
2025-05-22T13:50:00Z	C	21.092	1747921800
2025-05-22T14:00:00Z	C	21.092	1747922400
2025-05-22T14:10:00Z	C	21.592	1747923000
2025-05-22T14:20:00Z	C	21.592	1747923600
2025-05-22T14:30:00Z	C	22.093	1747924200
2025-05-22T14:40:00Z	C	23.093	1747924800
2025-05-22T14:50:00Z	C	24.094	1747925400
2025-05-22T15:00:00Z	C	24.594	1747926000
2025-05-22T15:10:00Z	C	24.594	1747926600
2025-05-22T15:20:00Z	C	24.594	1747927200
2025-05-22T15:30:00Z	C	24.594	1747927800
2025-05-22T15:40:00Z	C	24.594	1747928400
2025-05-22T15:50:00Z	C	25.094	1747929000
2025-05-22T16:00:00Z	C	25.094	1747929600
2025-05-22T16:10:00Z	C	25.094	1747930200
2025-05-22T16:20:00Z	C	25.094	1747930800
2025-05-22T16:30:00Z	C	25.094	1747931400
2025-05-22T16:40:00Z	C	25.094	1747932000
2025-05-22T16:50:00Z	C	24.594	1747932600
2025-05-22T17:00:00Z	C	24.594	1747933200
2025-05-22T17:10:00Z	C	24.094	1747933800
2025-05-22T17:20:00Z	C	24.094	1747934400
2025-05-22T17:30:00Z	C	24.094	1747935000
2025-05-22T17:40:00Z	C	24.094	1747935600
2025-05-22T17:50:00Z	C	24.094	1747936200
2025-05-22T18:00:00Z	C	24.094	1747936800
2025-05-22T18:10:00Z	C	23.594	1747937400
2025-05-22T18:20:00Z	C	23.594	1747938000
2025-05-22T18:30:00Z	C	23.594	1747938600
2025-05-22T18:40:00Z	C	23.093	1747939200
2025-05-22T18:50:00Z	C	23.093	1747939800
2025-05-22T19:00:00Z	C	23.093	1747940400
2025-05-22T19:10:00Z	C	22.593	1747941000
2025-05-22T19:20:00Z	C	22.593	1747941600
2025-05-22T19:30:00Z	C	22.093	1747942200
2025-05-22T19:40:00Z	C	20.091	1747942800
2025-05-22T19:50:00Z	C	20.091	1747943400
2025-05-22T20:00:00Z	C	20.091	1747944000
2025-05-22T20:10:00Z	C	20.091	1747944600
2025-05-22T20:20:00Z	C	20.091	1747945200
2025-05-22T20:30:00Z	C	20.091	1747945800
2025-05-22T20:40:00Z	C	20.091	1747946400
2025-05-22T20:50:00Z	C	20.091	1747947000
2025-05-22T21:00:00Z	C	20.091	1747947600
2025-05-22T21:10:00Z	C	20.091	1747948200
2025-05-22T21:20:00Z	C	20.091	1747948800
2025-05-22T21:30:00Z	C	20.591	1747949400
2025-05-22T21:40:00Z	C	20.591	1747950000
2025-05-22T21:50:00Z	C	20.591	1747950600
2025-05-22T22:00:00Z	C	20.591	1747951200
2025-05-22T22:10:00Z	C	20.091	1747951800
2025-05-22T22:20:00Z	C	20.091	1747952400
2025-05-22T22:30:00Z	C	20.591	1747953000
2025-05-22T22:40:00Z	C	20.591	1747953600
2025-05-22T22:50:00Z	C	20.091	1747954200
2025-05-22T23:00:00Z	C	20.091	1747954800
2025-05-22T23:10:00Z	C	20.591	1747955400
2025-05-22T23:20:00Z	C	20.591	1747956000
2025-05-22T23:30:00Z	C	20.591	1747956600
2025-05-22T23:40:00Z	C	20.591	1747957200
2025-05-22T23:50:00Z	C	20.591	1747957800
2025-05-23T00:00:00Z	C	20.591	1747958400
2025-05-23T00:10:00Z	C	20.591	1747959000
2025-05-23T00:20:00Z	C	20.591	1747959600
2025-05-23T00:30:00Z	C	21.092	1747960200
2025-05-23T00:40:00Z	C	20.591	1747960800
2025-05-23T00:50:00Z	C	20.591	1747961400
2025-05-23T01:00:00Z	C	20.591	1747962000
2025-05-23T01:10:00Z	C	20.591	1747962600
2025-05-23T01:20:00Z	C	20.591	1747963200
2025-05-23T01:30:00Z	C	20.091	1747963800
2025-05-23T01:40:00Z	C	20.091	1747964400
2025-05-23T01:50:00Z	C	20.091	1747965000
2025-05-23T02:00:00Z	C	20.591	1747965600
2025-05-23T02:10:00Z	C	20.591	1747966200
2025-05-23T02:20:00Z	C	20.591	1747966800
2025-05-23T02:30:00Z	C	20.591	1747967400
2025-05-23T02:40:00Z	C	20.591	1747968000
2025-05-23T02:50:00Z	C	20.591	1747968600
2025-05-23T03:00:00Z	C	20.091	1747969200
2025-05-23T03:10:00Z	C	20.091	1747969800
2025-05-23T03:20:00Z	C	20.091	1747970400
2025-05-23T03:30:00Z	C	20.091	1747971000
2025-05-23T03:40:00Z	C	19.59	1747971600
2025-05-23T03:50:00Z	C	19.59	1747972200
2025-05-23T04:00:00Z	C	19.59	1747972800
2025-05-23T04:10:00Z	C	19.59	1747973400
2025-05-23T04:20:00Z	C	19.59	1747974000
2025-05-23T04:30:00Z	C	19.59	1747974600
2025-05-23T04:40:00Z	C	19.59	1747975200
2025-05-23T04:50:00Z	C	19.59	1747975800
2025-05-23T05:00:00Z	C	20.091	1747976400
2025-05-23T05:10:00Z	C	20.091	1747977000
2025-05-23T05:20:00Z	C	20.091	1747977600
2025-05-23T05:30:00Z	C	20.091	1747978200
2025-05-23T05:40:00Z	C	20.091	1747978800
2025-05-23T05:50:00Z	C	20.091	1747979400
2025-05-23T06:00:00Z	C	20.091	1747980000
2025-05-23T06:10:00Z	C	20.091	1747980600
2025-05-23T06:20:00Z	C	20.091	1747981200
2025-05-23T06:30:00Z	C	20.091	1747981800
2025-05-23T06:40:00Z	C	20.091	1747982400
2025-05-23T06:50:00Z	C	20.091	1747983000
2025-05-23T07:00:00Z	C	20.091	1747983600
2025-05-23T07:10:00Z	C	20.091	1747984200
2025-05-23T07:20:00Z	C	20.591	1747984800
2025-05-23T07:30:00Z	C	20.591	1747985400
2025-05-23T07:40:00Z	C	20.591	1747986000
2025-05-23T07:50:00Z	C	21.092	1747986600
2025-05-23T08:00:00Z	C	21.592	1747987200
2025-05-23T08:10:00Z	C	22.093	1747987800
2025-05-23T08:20:00Z	C	23.594	1747988400
2025-05-23T08:30:00Z	C	28.092	1747989000
2025-05-23T08:40:00Z	C	29.591	1747989600
2025-05-23T08:50:00Z	C	27.593	1747990200
2025-05-23T09:00:00Z	C	25.094	1747990800
2025-05-23T09:10:00Z	C	27.093	1747991400
2025-05-23T09:20:00Z	C	29.091	1747992000
2025-05-23T09:30:00Z	C	28.092	1747992600
2025-05-23T09:40:00Z	C	26.094	1747993200
2025-05-23T09:50:00Z	C	26.094	1747993800
2025-05-23T10:00:00Z	C	26.094	1747994400
2025-05-23T10:10:00Z	C	26.094	1747995000
2025-05-23T10:20:00Z	C	26.593	1747995600
2025-05-23T10:30:00Z	C	26.593	1747996200
2025-05-23T10:40:00Z	C	26.593	1747996800
2025-05-23T10:50:00Z	C	26.094	1747997400
2025-05-23T11:00:00Z	C	26.094	1747998000
2025-05-23T11:10:00Z	C	26.094	1747998600
2025-05-23T11:20:00Z	C	26.593	1747999200
2025-05-23T11:30:00Z	C	26.094	1747999800
2025-05-23T11:40:00Z	C	26.593	1748000400
2025-05-23T11:50:00Z	C	26.593	1748001000
2025-05-23T12:00:00Z	C	26.593	1748001600
2025-05-23T12:10:00Z	C	26.593	1748002200
2025-05-23T12:20:00Z	C	26.593	1748002800
2025-05-23T12:30:00Z	C	26.593	1748003400
2025-05-23T12:40:00Z	C	26.593	1748004000
2025-05-23T12:50:00Z	C	26.593	1748004600
2025-05-23T13:00:00Z	C	26.094	1748005200
2025-05-23T13:10:00Z	C	26.094	1748005800
2025-05-23T13:20:00Z	C	26.593	1748006400
2025-05-23T13:30:00Z	C	26.593	1748007000
2025-05-23T13:40:00Z	C	26.593	1748007600
2025-05-23T13:50:00Z	C	26.094	1748008200
2025-05-23T14:00:00Z	C	26.593	1748008800
2025-05-23T14:10:00Z	C	26.593	1748009400
2025-05-23T14:20:00Z	C	26.593	1748010000
2025-05-23T14:30:00Z	C	27.093	1748010600
2025-05-23T14:40:00Z	C	26.593	1748011200
2025-05-23T14:50:00Z	C	27.093	1748011800
2025-05-23T15:00:00Z	C	27.093	1748012400
2025-05-23T15:10:00Z	C	27.093	1748013000
2025-05-23T15:20:00Z	C	27.093	1748013600
2025-05-23T15:30:00Z	C	27.593	1748014200
2025-05-23T15:40:00Z	C	27.593	1748014800
2025-05-23T15:50:00Z	C	27.593	1748015400
2025-05-23T16:00:00Z	C	27.593	1748016000
2025-05-23T16:10:00Z	C	27.593	1748016600
2025-05-23T16:20:00Z	C	27.593	1748017200
2025-05-23T16:30:00Z	C	27.593	1748017800
2025-05-23T16:40:00Z	C	27.593	1748018400
2025-05-23T16:50:00Z	C	27.593	1748019000
2025-05-23T17:00:00Z	C	27.093	1748019600
2025-05-23T17:10:00Z	C	27.093	1748020200
2025-05-23T17:20:00Z	C	26.593	1748020800
2025-05-23T17:30:00Z	C	26.593	1748021400
2025-05-23T17:40:00Z	C	26.593	1748022000
2025-05-23T17:50:00Z	C	26.094	1748022600
2025-05-23T18:00:00Z	C	26.094	1748023200
2025-05-23T18:10:00Z	C	26.593	1748023800
2025-05-23T18:20:00Z	C	26.593	1748024400
2025-05-23T18:30:00Z	C	26.094	1748025000
2025-05-23T18:40:00Z	C	25.594	1748025600
2025-05-23T18:50:00Z	C	25.594	1748026200
2025-05-23T19:00:00Z	C	25.094	1748026800
2025-05-23T19:10:00Z	C	24.094	1748027400
2025-05-23T19:20:00Z	C	24.094	1748028000
2025-05-23T19:30:00Z	C	24.094	1748028600
2025-05-23T19:40:00Z	C	24.094	1748029200
2025-05-23T19:50:00Z	C	24.094	1748029800
2025-05-23T20:00:00Z	C	23.594	1748030400
2025-05-23T20:10:00Z	C	23.594	1748031000
2025-05-23T20:20:00Z	C	23.594	1748031600
2025-05-23T20:30:00Z	C	23.594	1748032200
2025-05-23T20:40:00Z	C	23.594	1748032800
2025-05-23T20:50:00Z	C	23.093	1748033400
2025-05-23T21:00:00Z	C	23.093	1748034000
2025-05-23T21:10:00Z	C	23.093	1748034600
2025-05-23T21:20:00Z	C	22.593	1748035200
2025-05-23T21:30:00Z	C	22.593	1748035800
2025-05-23T21:40:00Z	C	22.593	1748036400
2025-05-23T21:50:00Z	C	22.593	1748037000
2025-05-23T22:00:00Z	C	22.093	1748037600
2025-05-23T22:10:00Z	C	22.093	1748038200
2025-05-23T22:20:00Z	C	22.093	1748038800
2025-05-23T22:30:00Z	C	22.093	1748039400
2025-05-23T22:40:00Z	C	22.093	1748040000
2025-05-23T22:50:00Z	C	21.592	1748040600
2025-05-23T23:00:00Z	C	22.093	1748041200
2025-05-23T23:10:00Z	C	22.093	1748041800
2025-05-23T23:20:00Z	C	22.093	1748042400
2025-05-23T23:30:00Z	C	22.093	1748043000
2025-05-23T23:40:00Z	C	22.093	1748043600
2025-05-23T23:50:00Z	C	22.093	1748044200
2025-05-24T00:00:00Z	C	22.093	1748044800
2025-05-24T00:10:00Z	C	22.093	1748045400
2025-05-24T00:20:00Z	C	22.093	1748046000
2025-05-24T00:30:00Z	C	22.593	1748046600
2025-05-24T00:40:00Z	C	22.593	1748047200
2025-05-24T00:50:00Z	C	22.593	1748047800
2025-05-24T01:00:00Z	C	22.593	1748048400
2025-05-24T01:10:00Z	C	22.593	1748049000
2025-05-24T01:20:00Z	C	22.593	1748049600
2025-05-24T01:30:00Z	C	22.593	1748050200
2025-05-24T01:40:00Z	C	22.593	1748050800
2025-05-24T01:50:00Z	C	22.593	1748051400
2025-05-24T02:00:00Z	C	22.593	1748052000
2025-05-24T02:10:00Z	C	22.593	1748052600
2025-05-24T02:20:00Z	C	22.093	1748053200
2025-05-24T02:30:00Z	C	22.093	1748053800
2025-05-24T02:40:00Z	C	22.093	1748054400
2025-05-24T02:50:00Z	C	22.093	1748055000
2025-05-24T03:00:00Z	C	22.093	1748055600
2025-05-24T03:10:00Z	C	21.592	1748056200
2025-05-24T03:20:00Z	C	21.592	1748056800
2025-05-24T03:30:00Z	C	21.092	1748057400
2025-05-24T03:40:00Z	C	21.092	1748058000
2025-05-24T03:50:00Z	C	21.092	1748058600
2025-05-24T04:00:00Z	C	21.092	1748059200
2025-05-24T04:10:00Z	C	21.092	1748059800
2025-05-24T04:20:00Z	C	21.092	1748060400
2025-05-24T04:30:00Z	C	20.591	1748061000
2025-05-24T04:40:00Z	C	20.591	1748061600
2025-05-24T04:50:00Z	C	20.591	1748062200
2025-05-24T05:00:00Z	C	20.591	1748062800
2025-05-24T05:10:00Z	C	20.591	1748063400
2025-05-24T05:20:00Z	C	20.591	1748064000
2025-05-24T05:30:00Z	C	20.591	1748064600
2025-05-24T05:40:00Z	C	20.591	1748065200
2025-05-24T05:50:00Z	C	20.091	1748065800
2025-05-24T06:00:00Z	C	20.091	1748066400
2025-05-24T06:10:00Z	C	20.091	1748067000
2025-05-24T06:20:00Z	C	20.091	1748067600
2025-05-24T06:30:00Z	C	20.091	1748068200
2025-05-24T06:40:00Z	C	20.591	1748068800
2025-05-24T06:50:00Z	C	20.591	1748069400
2025-05-24T07:00:00Z	C	20.091	1748070000
2025-05-24T07:10:00Z	C	20.091	1748070600
2025-05-24T07:20:00Z	C	20.591	1748071200
2025-05-24T07:30:00Z	C	22.593	1748071800
2025-05-24T07:40:00Z	C	24.594	1748072400
2025-05-24T07:50:00Z	C	25.594	1748073000
2025-05-24T08:00:00Z	C	27.593	1748073600
2025-05-24T08:10:00Z	C	28.592	1748074200
2025-05-24T08:20:00Z	C	27.593	1748074800
2025-05-24T08:30:00Z	C	30.09	1748075400
2025-05-24T08:40:00Z	C	31.089	1748076000
2025-05-24T08:50:00Z	C	29.591	1748076600
2025-05-24T09:00:00Z	C	29.091	1748077200
2025-05-24T09:10:00Z	C	30.09	1748077800
2025-05-24T09:20:00Z	C	30.09	1748078400
2025-05-24T09:30:00Z	C	28.592	1748079000
2025-05-24T09:40:00Z	C	27.093	1748079600
2025-05-24T09:50:00Z	C	27.093	1748080200
2025-05-24T10:00:00Z	C	27.093	1748080800
2025-05-24T10:10:00Z	C	27.093	1748081400
2025-05-24T10:20:00Z	C	27.093	1748082000
2025-05-24T10:30:00Z	C	27.593	1748082600
2025-05-24T10:40:00Z	C	27.593	1748083200
2025-05-24T10:50:00Z	C	27.593	1748083800
2025-05-24T11:00:00Z	C	28.092	1748084400
2025-05-24T11:10:00Z	C	28.092	1748085000
2025-05-24T11:20:00Z	C	28.092	1748085600
2025-05-24T11:30:00Z	C	28.092	1748086200
2025-05-24T11:40:00Z	C	28.092	1748086800
2025-05-24T11:50:00Z	C	28.092	1748087400
2025-05-24T12:00:00Z	C	28.092	1748088000
2025-05-24T12:10:00Z	C	28.592	1748088600
2025-05-24T12:20:00Z	C	28.592	1748089200
2025-05-24T12:30:00Z	C	28.092	1748089800
2025-05-24T12:40:00Z	C	28.092	1748090400
2025-05-24T12:50:00Z	C	28.592	1748091000
2025-05-24T13:00:00Z	C	28.092	1748091600
2025-05-24T13:10:00Z	C	28.092	1748092200
2025-05-24T13:20:00Z	C	28.092	1748092800
2025-05-24T13:30:00Z	C	28.592	1748093400
2025-05-24T13:40:00Z	C	28.092	1748094000
2025-05-24T13:50:00Z	C	28.592	1748094600
2025-05-24T14:00:00Z	C	28.592	1748095200
2025-05-24T14:10:00Z	C	28.092	1748095800
2025-05-24T14:20:00Z	C	28.592	1748096400
2025-05-24T14:30:00Z	C	28.592	1748097000
2025-05-24T14:40:00Z	C	28.092	1748097600
2025-05-24T14:50:00Z	C	28.592	1748098200
2025-05-24T15:00:00Z	C	29.091	1748098800
2025-05-24T15:10:00Z	C	29.091	1748099400
2025-05-24T15:20:00Z	C	29.091	1748100000
2025-05-24T15:30:00Z	C	28.092	1748100600
2025-05-24T15:40:00Z	C	28.592	1748101200
2025-05-24T15:50:00Z	C	28.592	1748101800
2025-05-24T16:00:00Z	C	29.091	1748102400
2025-05-24T16:10:00Z	C	28.592	1748103000
2025-05-24T16:20:00Z	C	29.091	1748103600
2025-05-24T16:30:00Z	C	29.091	1748104200
2025-05-24T16:40:00Z	C	29.091	1748104800
2025-05-24T16:50:00Z	C	29.091	1748105400
2025-05-24T17:00:00Z	C	29.091	1748106000
2025-05-24T17:10:00Z	C	29.091	1748106600
2025-05-24T17:20:00Z	C	28.592	1748107200
2025-05-24T17:30:00Z	C	28.592	1748107800
2025-05-24T17:40:00Z	C	28.592	1748108400
2025-05-24T17:50:00Z	C	28.592	1748109000
2025-05-24T18:00:00Z	C	28.092	1748109600
2025-05-24T18:10:00Z	C	28.092	1748110200
2025-05-24T18:20:00Z	C	28.092	1748110800
2025-05-24T18:30:00Z	C	27.593	1748111400
2025-05-24T18:40:00Z	C	27.093	1748112000
2025-05-24T18:50:00Z	C	26.593	1748112600
2025-05-24T19:00:00Z	C	26.593	1748113200
2025-05-24T19:10:00Z	C	26.094	1748113800
2025-05-24T19:20:00Z	C	26.094	1748114400
2025-05-24T19:30:00Z	C	25.594	1748115000
2025-05-24T19:40:00Z	C	25.594	1748115600
2025-05-24T19:50:00Z	C	25.594	1748116200
2025-05-24T20:00:00Z	C	25.594	1748116800
2025-05-24T20:10:00Z	C	25.094	1748117400
2025-05-24T20:20:00Z	C	25.094	1748118000
2025-05-24T20:30:00Z	C	25.094	1748118600
2025-05-24T20:40:00Z	C	24.594	1748119200
2025-05-24T20:50:00Z	C	24.594	1748119800
2025-05-24T21:00:00Z	C	24.594	1748120400
2025-05-24T21:10:00Z	C	24.594	1748121000
2025-05-24T21:20:00Z	C	24.594	1748121600
2025-05-24T21:30:00Z	C	24.594	1748122200
2025-05-24T21:40:00Z	C	24.594	1748122800
2025-05-24T21:50:00Z	C	24.594	1748123400
2025-05-24T22:00:00Z	C	24.094	1748124000
2025-05-24T22:10:00Z	C	24.594	1748124600
2025-05-24T22:20:00Z	C	24.594	1748125200
2025-05-24T22:30:00Z	C	24.594	1748125800
2025-05-24T22:40:00Z	C	24.594	1748126400
2025-05-24T22:50:00Z	C	24.094	1748127000
2025-05-24T23:00:00Z	C	24.094	1748127600
2025-05-24T23:10:00Z	C	24.094	1748128200
2025-05-24T23:20:00Z	C	23.594	1748128800
2025-05-24T23:30:00Z	C	23.594	1748129400
2025-05-24T23:40:00Z	C	23.594	1748130000
2025-05-24T23:50:00Z	C	23.594	1748130600
2025-05-25T00:00:00Z	C	23.594	1748131200
2025-05-25T00:10:00Z	C	23.594	1748131800
2025-05-25T00:20:00Z	C	23.594	1748132400
2025-05-25T00:30:00Z	C	23.093	1748133000
2025-05-25T00:40:00Z	C	23.594	1748133600
2025-05-25T00:50:00Z	C	23.093	1748134200
2025-05-25T01:00:00Z	C	23.093	1748134800
2025-05-25T01:10:00Z	C	23.093	1748135400
2025-05-25T01:20:00Z	C	23.093	1748136000
2025-05-25T01:30:00Z	C	23.594	1748136600
2025-05-25T01:40:00Z	C	23.594	1748137200
2025-05-25T01:50:00Z	C	23.093	1748137800
2025-05-25T02:00:00Z	C	21.592	1748138400
2025-05-25T02:10:00Z	C	20.591	1748139000
2025-05-25T02:20:00Z	C	20.091	1748139600
2025-05-25T02:30:00Z	C	19.59	1748140200
2025-05-25T02:40:00Z	C	19.59	1748140800
2025-05-25T02:50:00Z	C	19.59	1748141400
2025-05-25T03:00:00Z	C	19.59	1748142000
2025-05-25T03:10:00Z	C	19.089	1748142600
2025-05-25T03:20:00Z	C	19.089	1748143200
2025-05-25T03:30:00Z	C	19.089	1748143800
2025-05-25T03:40:00Z	C	19.089	1748144400
2025-05-25T03:50:00Z	C	19.089	1748145000
2025-05-25T04:00:00Z	C	19.089	1748145600
2025-05-25T04:10:00Z	C	18.589	1748146200
2025-05-25T04:20:00Z	C	18.589	1748146800
2025-05-25T04:30:00Z	C	18.589	1748147400
2025-05-25T04:40:00Z	C	18.589	1748148000
2025-05-25T04:50:00Z	C	18.589	1748148600
2025-05-25T05:00:00Z	C	18.589	1748149200
2025-05-25T05:10:00Z	C	18.589	1748149800
2025-05-25T05:20:00Z	C	18.589	1748150400
2025-05-25T05:30:00Z	C	18.589	1748151000
2025-05-25T05:40:00Z	C	18.589	1748151600
2025-05-25T05:50:00Z	C	19.089	1748152200
2025-05-25T06:00:00Z	C	18.589	1748152800
2025-05-25T06:10:00Z	C	18.589	1748153400
2025-05-25T06:20:00Z	C	18.589	1748154000
2025-05-25T06:30:00Z	C	18.589	1748154600
2025-05-25T06:40:00Z	C	18.589	1748155200
2025-05-25T06:50:00Z	C	19.089	1748155800
2025-05-25T07:00:00Z	C	19.089	1748156400
2025-05-25T07:10:00Z	C	19.089	1748157000
2025-05-25T07:20:00Z	C	19.59	1748157600
2025-05-25T07:30:00Z	C	20.091	1748158200
2025-05-25T07:40:00Z	C	20.091	1748158800
2025-05-25T07:50:00Z	C	20.591	1748159400
2025-05-25T08:00:00Z	C	21.592	1748160000
2025-05-25T08:10:00Z	C	21.592	1748160600
2025-05-25T08:20:00Z	C	24.594	1748161200
2025-05-25T08:30:00Z	C	23.594	1748161800
2025-05-25T08:40:00Z	C	22.593	1748162400
2025-05-25T08:50:00Z	C	23.594	1748163000
2025-05-25T09:00:00Z	C	25.594	1748163600
2025-05-25T09:10:00Z	C	28.592	1748164200
2025-05-25T09:20:00Z	C	29.591	1748164800
2025-05-25T09:30:00Z	C	29.591	1748165400
2025-05-25T09:40:00Z	C	27.093	1748166000
2025-05-25T09:50:00Z	C	26.094	1748166600
2025-05-25T10:00:00Z	C	26.593	1748167200
2025-05-25T10:10:00Z	C	26.094	1748167800
2025-05-25T10:20:00Z	C	27.093	1748168400
2025-05-25T10:30:00Z	C	27.593	1748169000
2025-05-25T10:40:00Z	C	27.093	1748169600
2025-05-25T10:50:00Z	C	26.593	1748170200
2025-05-25T11:00:00Z	C	27.093	1748170800
2025-05-25T11:10:00Z	C	27.093	1748171400
2025-05-25T11:20:00Z	C	27.093	1748172000
2025-05-25T11:30:00Z	C	27.093	1748172600
2025-05-25T11:40:00Z	C	27.093	1748173200
2025-05-25T11:50:00Z	C	27.593	1748173800
2025-05-25T12:00:00Z	C	27.593	1748174400
2025-05-25T12:10:00Z	C	27.593	1748175000
2025-05-25T12:20:00Z	C	27.593	1748175600
2025-05-25T12:30:00Z	C	27.593	1748176200
2025-05-25T12:40:00Z	C	27.593	1748176800
2025-05-25T12:50:00Z	C	27.593	1748177400
2025-05-25T13:00:00Z	C	27.593	1748178000
2025-05-25T13:10:00Z	C	27.593	1748178600
2025-05-25T13:20:00Z	C	28.092	1748179200
2025-05-25T13:30:00Z	C	27.593	1748179800
2025-05-25T13:40:00Z	C	28.092	1748180400
2025-05-25T13:50:00Z	C	27.593	1748181000
2025-05-25T14:00:00Z	C	27.593	1748181600
2025-05-25T14:10:00Z	C	27.093	1748182200
2025-05-25T14:20:00Z	C	27.093	1748182800
2025-05-25T14:30:00Z	C	27.093	1748183400
2025-05-25T14:40:00Z	C	27.093	1748184000
2025-05-25T14:50:00Z	C	26.593	1748184600
2025-05-25T15:00:00Z	C	26.593	1748185200
2025-05-25T15:10:00Z	C	26.593	1748185800
2025-05-25T15:20:00Z	C	26.593	1748186400
2025-05-25T15:30:00Z	C	26.593	1748187000
2025-05-25T15:40:00Z	C	26.593	1748187600
2025-05-25T15:50:00Z	C	26.094	1748188200
2025-05-25T16:00:00Z	C	26.593	1748188800
2025-05-25T16:10:00Z	C	26.593	1748189400
2025-05-25T16:20:00Z	C	26.593	1748190000
2025-05-25T16:30:00Z	C	27.093	1748190600
2025-05-25T16:40:00Z	C	27.093	1748191200
2025-05-25T16:50:00Z	C	27.093	1748191800
2025-05-25T17:00:00Z	C	26.593	1748192400
2025-05-25T17:10:00Z	C	26.593	1748193000
2025-05-25T17:20:00Z	C	26.593	1748193600
2025-05-25T17:30:00Z	C	26.593	1748194200
2025-05-25T17:40:00Z	C	27.093	1748194800
2025-05-25T17:50:00Z	C	26.593	1748195400
2025-05-25T18:00:00Z	C	26.593	1748196000
2025-05-25T18:10:00Z	C	26.593	1748196600
2025-05-25T18:20:00Z	C	26.593	1748197200
2025-05-25T18:30:00Z	C	26.094	1748197800
2025-05-25T18:40:00Z	C	26.094	1748198400
2025-05-25T18:50:00Z	C	25.594	1748199000
2025-05-25T19:00:00Z	C	25.594	1748199600
2025-05-25T19:10:00Z	C	25.094	1748200200
2025-05-25T19:20:00Z	C	25.094	1748200800
2025-05-25T19:30:00Z	C	24.594	1748201400
2025-05-25T19:40:00Z	C	24.594	1748202000
2025-05-25T19:50:00Z	C	24.594	1748202600
2025-05-25T20:00:00Z	C	24.094	1748203200
2025-05-25T20:10:00Z	C	24.094	1748203800
2025-05-25T20:20:00Z	C	24.094	1748204400
2025-05-25T20:30:00Z	C	23.594	1748205000
2025-05-25T20:40:00Z	C	23.594	1748205600
2025-05-25T20:50:00Z	C	24.094	1748206200
2025-05-25T21:00:00Z	C	23.594	1748206800
2025-05-25T21:10:00Z	C	23.093	1748207400
2025-05-25T21:20:00Z	C	23.594	1748208000
2025-05-25T21:30:00Z	C	23.093	1748208600
2025-05-25T21:40:00Z	C	23.093	1748209200
2025-05-25T21:50:00Z	C	23.093	1748209800
2025-05-25T22:00:00Z	C	23.093	1748210400
2025-05-25T22:10:00Z	C	23.093	1748211000
2025-05-25T22:20:00Z	C	22.593	1748211600
2025-05-25T22:30:00Z	C	23.093	1748212200
2025-05-25T22:40:00Z	C	23.093	1748212800
2025-05-25T22:50:00Z	C	23.093	1748213400
2025-05-25T23:00:00Z	C	23.093	1748214000
2025-05-25T23:10:00Z	C	22.593	1748214600
2025-05-25T23:20:00Z	C	22.593	1748215200
2025-05-25T23:30:00Z	C	22.593	1748215800
2025-05-25T23:40:00Z	C	22.593	1748216400
2025-05-25T23:50:00Z	C	22.593	1748217000
2025-05-26T00:00:00Z	C	22.593	1748217600
2025-05-26T00:10:00Z	C	22.593	1748218200
2025-05-26T00:20:00Z	C	22.593	1748218800
2025-05-26T00:30:00Z	C	22.593	1748219400
2025-05-26T00:40:00Z	C	22.593	1748220000
2025-05-26T00:50:00Z	C	22.593	1748220600
2025-05-26T01:00:00Z	C	22.093	1748221200
2025-05-26T01:10:00Z	C	21.592	1748221800
2025-05-26T01:20:00Z	C	21.592	1748222400
2025-05-26T01:30:00Z	C	21.592	1748223000
2025-05-26T01:40:00Z	C	21.092	1748223600
2025-05-26T01:50:00Z	C	21.092	1748224200
2025-05-26T02:00:00Z	C	21.592	1748224800
2025-05-26T02:10:00Z	C	21.092	1748225400
2025-05-26T02:20:00Z	C	21.092	1748226000
2025-05-26T02:30:00Z	C	21.092	1748226600
2025-05-26T02:40:00Z	C	21.592	1748227200
2025-05-26T02:50:00Z	C	21.592	1748227800
2025-05-26T03:00:00Z	C	21.592	1748228400
2025-05-26T03:10:00Z	C	21.092	1748229000
2025-05-26T03:20:00Z	C	21.092	1748229600
2025-05-26T03:30:00Z	C	21.092	1748230200
2025-05-26T03:40:00Z	C	21.092	1748230800
2025-05-26T03:50:00Z	C	21.092	1748231400
2025-05-26T04:00:00Z	C	21.092	1748232000
2025-05-26T04:10:00Z	C	21.092	1748232600
2025-05-26T04:20:00Z	C	21.092	1748233200
2025-05-26T04:30:00Z	C	21.092	1748233800
2025-05-26T04:40:00Z	C	20.591	1748234400
2025-05-26T04:50:00Z	C	20.591	1748235000
2025-05-26T05:00:00Z	C	20.591	1748235600
2025-05-26T05:10:00Z	C	20.591	1748236200
2025-05-26T05:20:00Z	C	20.091	1748236800
2025-05-26T05:30:00Z	C	20.091	1748237400
2025-05-26T05:40:00Z	C	20.091	1748238000
2025-05-26T05:50:00Z	C	20.591	1748238600
2025-05-26T06:00:00Z	C	20.591	1748239200
2025-05-26T06:10:00Z	C	20.091	1748239800
2025-05-26T06:20:00Z	C	20.091	1748240400
2025-05-26T06:30:00Z	C	20.091	1748241000
2025-05-26T06:40:00Z	C	20.091	1748241600
2025-05-26T06:50:00Z	C	20.091	1748242200
2025-05-26T07:00:00Z	C	19.59	1748242800
2025-05-26T07:10:00Z	C	20.091	1748243400
2025-05-26T07:20:00Z	C	20.591	1748244000
2025-05-26T07:30:00Z	C	21.092	1748244600
2025-05-26T07:40:00Z	C	22.593	1748245200
2025-05-26T07:50:00Z	C	23.594	1748245800
2025-05-26T08:00:00Z	C	24.094	1748246400
2025-05-26T08:10:00Z	C	23.093	1748247000
2025-05-26T08:20:00Z	C	22.093	1748247600
2025-05-26T08:30:00Z	C	22.093	1748248200
2025-05-26T08:40:00Z	C	23.093	1748248800
2025-05-26T08:50:00Z	C	22.593	1748249400
2025-05-26T09:00:00Z	C	23.093	1748250000
2025-05-26T09:10:00Z	C	23.594	1748250600
2025-05-26T09:20:00Z	C	23.093	1748251200
2025-05-26T09:30:00Z	C	23.093	1748251800
2025-05-26T09:40:00Z	C	23.594	1748252400
2025-05-26T09:50:00Z	C	23.594	1748253000
2025-05-26T10:00:00Z	C	23.594	1748253600
2025-05-26T10:10:00Z	C	23.594	1748254200
2025-05-26T10:20:00Z	C	23.594	1748254800
2025-05-26T10:30:00Z	C	23.594	1748255400
2025-05-26T10:40:00Z	C	24.094	1748256000
2025-05-26T10:50:00Z	C	24.594	1748256600
2025-05-26T11:00:00Z	C	24.594	1748257200
2025-05-26T11:10:00Z	C	25.094	1748257800
2025-05-26T11:20:00Z	C	25.094	1748258400
2025-05-26T11:30:00Z	C	25.094	1748259000
2025-05-26T11:40:00Z	C	25.094	1748259600
2025-05-26T11:50:00Z	C	25.094	1748260200
2025-05-26T12:00:00Z	C	25.094	1748260800
2025-05-26T12:10:00Z	C	25.594	1748261400
2025-05-26T12:20:00Z	C	26.094	1748262000
2025-05-26T12:30:00Z	C	26.593	1748262600
2025-05-26T12:40:00Z	C	25.594	1748263200
2025-05-26T12:50:00Z	C	25.594	1748263800
2025-05-26T13:00:00Z	C	26.094	1748264400
2025-05-26T13:10:00Z	C	26.094	1748265000
2025-05-26T13:20:00Z	C	26.593	1748265600
2025-05-26T13:30:00Z	C	26.593	1748266200
2025-05-26T13:40:00Z	C	26.593	1748266800
2025-05-26T13:50:00Z	C	26.593	1748267400
2025-05-26T14:00:00Z	C	26.593	1748268000
2025-05-26T14:10:00Z	C	26.593	1748268600
2025-05-26T14:20:00Z	C	27.093	1748269200
2025-05-26T14:30:00Z	C	27.093	1748269800
2025-05-26T14:40:00Z	C	27.593	1748270400
2025-05-26T14:50:00Z	C	27.093	1748271000
2025-05-26T15:00:00Z	C	27.593	1748271600
2025-05-26T15:10:00Z	C	27.593	1748272200
2025-05-26T15:20:00Z	C	27.593	1748272800
2025-05-26T15:30:00Z	C	27.593	1748273400
2025-05-26T15:40:00Z	C	27.593	1748274000
2025-05-26T15:50:00Z	C	27.093	1748274600
2025-05-26T16:00:00Z	C	27.093	1748275200
2025-05-26T16:10:00Z	C	27.593	1748275800
2025-05-26T16:20:00Z	C	27.093	1748276400
2025-05-26T16:30:00Z	C	27.093	1748277000
2025-05-26T16:40:00Z	C	27.093	1748277600
2025-05-26T16:50:00Z	C	26.593	1748278200
2025-05-26T17:00:00Z	C	27.093	1748278800
2025-05-26T17:10:00Z	C	27.093	1748279400
2025-05-26T17:20:00Z	C	27.093	1748280000
2025-05-26T17:30:00Z	C	27.093	1748280600
2025-05-26T17:40:00Z	C	27.093	1748281200
2025-05-26T17:50:00Z	C	27.093	1748281800
2025-05-26T18:00:00Z	C	27.093	1748282400
2025-05-26T18:10:00Z	C	26.593	1748283000
2025-05-26T18:20:00Z	C	26.593	1748283600
2025-05-26T18:30:00Z	C	26.094	1748284200
2025-05-26T18:40:00Z	C	26.094	1748284800
2025-05-26T18:50:00Z	C	26.094	1748285400
2025-05-26T19:00:00Z	C	25.594	1748286000
2025-05-26T19:10:00Z	C	25.094	1748286600
2025-05-26T19:20:00Z	C	25.094	1748287200
2025-05-26T19:30:00Z	C	25.094	1748287800
2025-05-26T19:40:00Z	C	24.594	1748288400
2025-05-26T19:50:00Z	C	24.594	1748289000
2025-05-26T20:00:00Z	C	24.594	1748289600
2025-05-26T20:10:00Z	C	24.094	1748290200
2025-05-26T20:20:00Z	C	24.094	1748290800
2025-05-26T20:30:00Z	C	23.594	1748291400
2025-05-26T20:40:00Z	C	23.594	1748292000
2025-05-26T20:50:00Z	C	23.594	1748292600
2025-05-26T21:00:00Z	C	23.594	1748293200
2025-05-26T21:10:00Z	C	23.093	1748293800
2025-05-26T21:20:00Z	C	23.093	1748294400
2025-05-26T21:30:00Z	C	23.093	1748295000
2025-05-26T21:40:00Z	C	23.093	1748295600
2025-05-26T21:50:00Z	C	23.093	1748296200
2025-05-26T22:00:00Z	C	23.093	1748296800
2025-05-26T22:10:00Z	C	22.593	1748297400
2025-05-26T22:20:00Z	C	22.593	1748298000
2025-05-26T22:30:00Z	C	22.593	1748298600
2025-05-26T22:40:00Z	C	22.593	1748299200
2025-05-26T22:50:00Z	C	22.593	1748299800
2025-05-26T23:00:00Z	C	22.593	1748300400
2025-05-26T23:10:00Z	C	22.593	1748301000
2025-05-26T23:20:00Z	C	22.593	1748301600
2025-05-26T23:30:00Z	C	22.593	1748302200
2025-05-26T23:40:00Z	C	22.093	1748302800
2025-05-26T23:50:00Z	C	22.093	1748303400
2025-05-27T00:00:00Z	C	22.093	1748304000
2025-05-27T00:10:00Z	C	22.093	1748304600
2025-05-27T00:20:00Z	C	22.093	1748305200
2025-05-27T00:30:00Z	C	22.093	1748305800
2025-05-27T00:40:00Z	C	22.093	1748306400
2025-05-27T00:50:00Z	C	22.093	1748307000
2025-05-27T01:00:00Z	C	22.093	1748307600
2025-05-27T01:10:00Z	C	22.093	1748308200
2025-05-27T01:20:00Z	C	22.093	1748308800
2025-05-27T01:30:00Z	C	22.093	1748309400
2025-05-27T01:40:00Z	C	22.093	1748310000
2025-05-27T01:50:00Z	C	22.093	1748310600
2025-05-27T02:00:00Z	C	20.591	1748311200
2025-05-27T02:10:00Z	C	20.091	1748311800
2025-05-27T02:20:00Z	C	19.59	1748312400
2025-05-27T02:30:00Z	C	18.589	1748313000
2025-05-27T02:40:00Z	C	18.589	1748313600
2025-05-27T02:50:00Z	C	18.589	1748314200
2025-05-27T03:00:00Z	C	18.088	1748314800
2025-05-27T03:10:00Z	C	18.088	1748315400
2025-05-27T03:20:00Z	C	18.088	1748316000
2025-05-27T03:30:00Z	C	18.589	1748316600
2025-05-27T03:40:00Z	C	18.589	1748317200
2025-05-27T03:50:00Z	C	18.589	1748317800
2025-05-27T04:00:00Z	C	18.589	1748318400
2025-05-27T04:10:00Z	C	18.589	1748319000
2025-05-27T04:20:00Z	C	18.589	1748319600
2025-05-27T04:30:00Z	C	18.589	1748320200
2025-05-27T04:40:00Z	C	18.589	1748320800
2025-05-27T04:50:00Z	C	18.589	1748321400
2025-05-27T05:00:00Z	C	18.589	1748322000
2025-05-27T05:10:00Z	C	18.589	1748322600
2025-05-27T05:20:00Z	C	18.589	1748323200
2025-05-27T05:30:00Z	C	18.589	1748323800
2025-05-27T05:40:00Z	C	18.088	1748324400
2025-05-27T05:50:00Z	C	18.088	1748325000
2025-05-27T06:00:00Z	C	18.589	1748325600
2025-05-27T06:10:00Z	C	18.589	1748326200
2025-05-27T06:20:00Z	C	18.589	1748326800
2025-05-27T06:30:00Z	C	18.589	1748327400
2025-05-27T06:40:00Z	C	18.589	1748328000
2025-05-27T06:50:00Z	C	19.089	1748328600
2025-05-27T07:00:00Z	C	19.089	1748329200
2025-05-27T07:10:00Z	C	19.089	1748329800
2025-05-27T07:20:00Z	C	19.59	1748330400
2025-05-27T07:30:00Z	C	19.59	1748331000
2025-05-27T07:40:00Z	C	20.091	1748331600
2025-05-27T07:50:00Z	C	20.591	1748332200
2025-05-27T08:00:00Z	C	21.592	1748332800
2025-05-27T08:10:00Z	C	23.093	1748333400
2025-05-27T08:20:00Z	C	23.093	1748334000
2025-05-27T08:30:00Z	C	26.094	1748334600
2025-05-27T08:40:00Z	C	27.093	1748335200
2025-05-27T08:50:00Z	C	26.593	1748335800
2025-05-27T09:00:00Z	C	26.094	1748336400
2025-05-27T09:10:00Z	C	28.092	1748337000
2025-05-27T09:20:00Z	C	26.593	1748337600
2025-05-27T09:30:00Z	C	25.094	1748338200
2025-05-27T09:40:00Z	C	24.094	1748338800
2025-05-27T09:50:00Z	C	24.094	1748339400
2025-05-27T10:00:00Z	C	24.594	1748340000
2025-05-27T10:10:00Z	C	24.594	1748340600
2025-05-27T10:20:00Z	C	24.594	1748341200
2025-05-27T10:30:00Z	C	24.594	1748341800
2025-05-27T10:40:00Z	C	24.094	1748342400
2025-05-27T10:50:00Z	C	24.094	1748343000
2025-05-27T11:00:00Z	C	24.094	1748343600
2025-05-27T11:10:00Z	C	24.094	1748344200
2025-05-27T11:20:00Z	C	24.594	1748344800
2025-05-27T11:30:00Z	C	24.594	1748345400
2025-05-27T11:40:00Z	C	24.594	1748346000
2025-05-27T11:50:00Z	C	24.594	1748346600
2025-05-27T12:00:00Z	C	24.594	1748347200
2025-05-27T12:10:00Z	C	22.593	1748347800
2025-05-27T12:20:00Z	C	20.591	1748348400
2025-05-27T12:30:00Z	C	20.091	1748349000
2025-05-27T12:40:00Z	C	20.591	1748349600
2025-05-27T12:50:00Z	C	21.592	1748350200
2025-05-27T13:00:00Z	C	22.093	1748350800
2025-05-27T13:10:00Z	C	23.093	1748351400
2025-05-27T13:20:00Z	C	23.594	1748352000
2025-05-27T13:30:00Z	C	23.594	1748352600
2025-05-27T13:40:00Z	C	24.094	1748353200
2025-05-27T13:50:00Z	C	25.094	1748353800
2025-05-27T14:00:00Z	C	25.094	1748354400
2025-05-27T14:10:00Z	C	25.594	1748355000
2025-05-27T14:20:00Z	C	25.594	1748355600
2025-05-27T14:30:00Z	C	26.094	1748356200
2025-05-27T14:40:00Z	C	25.594	1748356800
2025-05-27T14:50:00Z	C	25.594	1748357400
2025-05-27T15:00:00Z	C	25.594	1748358000
2025-05-27T15:10:00Z	C	25.594	1748358600
2025-05-27T15:20:00Z	C	26.094	1748359200
2025-05-27T15:30:00Z	C	26.094	1748359800
2025-05-27T15:40:00Z	C	26.094	1748360400
2025-05-27T15:50:00Z	C	26.094	1748361000
2025-05-27T16:00:00Z	C	25.594	1748361600
2025-05-27T16:10:00Z	C	25.094	1748362200
2025-05-27T16:20:00Z	C	25.094	1748362800
2025-05-27T16:30:00Z	C	25.094	1748363400
2025-05-27T16:40:00Z	C	25.594	1748364000
2025-05-27T16:50:00Z	C	25.594	1748364600
2025-05-27T17:00:00Z	C	25.094	1748365200
2025-05-27T17:10:00Z	C	25.094	1748365800
2025-05-27T17:20:00Z	C	25.094	1748366400
2025-05-27T17:30:00Z	C	25.594	1748367000
2025-05-27T17:40:00Z	C	26.094	1748367600
2025-05-27T17:50:00Z	C	26.094	1748368200
2025-05-27T18:00:00Z	C	26.094	1748368800
2025-05-27T18:10:00Z	C	25.594	1748369400
2025-05-27T18:20:00Z	C	25.094	1748370000
2025-05-27T18:30:00Z	C	25.094	1748370600
2025-05-27T18:40:00Z	C	24.594	1748371200
2025-05-27T18:50:00Z	C	24.094	1748371800
2025-05-27T19:00:00Z	C	24.094	1748372400
2025-05-27T19:10:00Z	C	23.594	1748373000
2025-05-27T19:20:00Z	C	23.594	1748373600
2025-05-27T19:30:00Z	C	23.093	1748374200
2025-05-27T19:40:00Z	C	23.093	1748374800
2025-05-27T19:50:00Z	C	23.093	1748375400
2025-05-27T20:00:00Z	C	23.093	1748376000
2025-05-27T20:10:00Z	C	22.593	1748376600
2025-05-27T20:20:00Z	C	22.593	1748377200
2025-05-27T20:30:00Z	C	22.593	1748377800
2025-05-27T20:40:00Z	C	22.093	1748378400
2025-05-27T20:50:00Z	C	22.093	1748379000
2025-05-27T21:00:00Z	C	22.093	1748379600
2025-05-27T21:10:00Z	C	22.093	1748380200
2025-05-27T21:20:00Z	C	22.093	1748380800
2025-05-27T21:30:00Z	C	22.093	1748381400
2025-05-27T21:40:00Z	C	22.093	1748382000
2025-05-27T21:50:00Z	C	22.093	1748382600
2025-05-27T22:00:00Z	C	22.093	1748383200
2025-05-27T22:10:00Z	C	21.592	1748383800
2025-05-27T22:20:00Z	C	21.592	1748384400
2025-05-27T22:30:00Z	C	21.092	1748385000
2025-05-27T22:40:00Z	C	20.591	1748385600
2025-05-27T22:50:00Z	C	20.591	1748386200
2025-05-27T23:00:00Z	C	20.591	1748386800
2025-05-27T23:10:00Z	C	20.591	1748387400
2025-05-27T23:20:00Z	C	20.591	1748388000
2025-05-27T23:30:00Z	C	20.591	1748388600
2025-05-27T23:40:00Z	C	20.591	1748389200
2025-05-27T23:50:00Z	C	20.591	1748389800
2025-05-28T00:00:00Z	C	20.591	1748390400
2025-05-28T00:10:00Z	C	20.091	1748391000
2025-05-28T00:20:00Z	C	20.091	1748391600
2025-05-28T00:30:00Z	C	20.091	1748392200
2025-05-28T00:40:00Z	C	20.091	1748392800
2025-05-28T00:50:00Z	C	20.091	1748393400
2025-05-28T01:00:00Z	C	20.091	1748394000
2025-05-28T01:10:00Z	C	20.091	1748394600
2025-05-28T01:20:00Z	C	20.091	1748395200
2025-05-28T01:30:00Z	C	20.091	1748395800
2025-05-28T01:40:00Z	C	20.091	1748396400
2025-05-28T01:50:00Z	C	20.091	1748397000
2025-05-28T02:00:00Z	C	20.091	1748397600
2025-05-28T02:10:00Z	C	19.59	1748398200
2025-05-28T02:20:00Z	C	19.59	1748398800
2025-05-28T02:30:00Z	C	19.59	1748399400
2025-05-28T02:40:00Z	C	19.59	1748400000
2025-05-28T02:50:00Z	C	19.59	1748400600
2025-05-28T03:00:00Z	C	19.59	1748401200
2025-05-28T03:10:00Z	C	19.59	1748401800
2025-05-28T03:20:00Z	C	19.59	1748402400
2025-05-28T03:30:00Z	C	19.59	1748403000
2025-05-28T03:40:00Z	C	19.59	1748403600
2025-05-28T03:50:00Z	C	19.089	1748404200
2025-05-28T04:00:00Z	C	19.089	1748404800
2025-05-28T04:10:00Z	C	19.089	1748405400
2025-05-28T04:20:00Z	C	19.59	1748406000
2025-05-28T04:30:00Z	C	19.59	1748406600
2025-05-28T04:40:00Z	C	19.59	1748407200
2025-05-28T04:50:00Z	C	19.59	1748407800
2025-05-28T05:00:00Z	C	19.59	1748408400
2025-05-28T05:10:00Z	C	19.089	1748409000
2025-05-28T05:20:00Z	C	19.089	1748409600
2025-05-28T05:30:00Z	C	19.089	1748410200
2025-05-28T05:40:00Z	C	19.089	1748410800
2025-05-28T05:50:00Z	C	19.089	1748411400
2025-05-28T06:00:00Z	C	19.089	1748412000
2025-05-28T06:10:00Z	C	19.089	1748412600
2025-05-28T06:20:00Z	C	19.089	1748413200
2025-05-28T06:30:00Z	C	18.589	1748413800
2025-05-28T06:40:00Z	C	19.089	1748414400
2025-05-28T06:50:00Z	C	19.089	1748415000
2025-05-28T07:00:00Z	C	18.589	1748415600
2025-05-28T07:10:00Z	C	19.089	1748416200
2025-05-28T07:20:00Z	C	19.59	1748416800
2025-05-28T07:30:00Z	C	20.591	1748417400
2025-05-28T07:40:00Z	C	22.093	1748418000
2025-05-28T07:50:00Z	C	23.093	1748418600
2025-05-28T08:00:00Z	C	24.594	1748419200
2025-05-28T08:10:00Z	C	24.594	1748419800
2025-05-28T08:20:00Z	C	23.594	1748420400
2025-05-28T08:30:00Z	C	25.094	1748421000
2025-05-28T08:40:00Z	C	25.594	1748421600
2025-05-28T08:50:00Z	C	24.594	1748422200
2025-05-28T09:00:00Z	C	24.594	1748422800
2025-05-28T09:10:00Z	C	26.094	1748423400
2025-05-28T09:20:00Z	C	27.093	1748424000
2025-05-28T09:30:00Z	C	26.593	1748424600
2025-05-28T09:40:00Z	C	25.594	1748425200
2025-05-28T09:50:00Z	C	25.094	1748425800
2025-05-28T10:00:00Z	C	25.094	1748426400
2025-05-28T10:10:00Z	C	25.094	1748427000
2025-05-28T10:20:00Z	C	25.094	1748427600
2025-05-28T10:30:00Z	C	25.094	1748428200
2025-05-28T10:40:00Z	C	25.594	1748428800
2025-05-28T10:50:00Z	C	25.594	1748429400
2025-05-28T11:00:00Z	C	25.594	1748430000
2025-05-28T11:10:00Z	C	25.594	1748430600
2025-05-28T11:20:00Z	C	26.094	1748431200
2025-05-28T11:30:00Z	C	25.594	1748431800
2025-05-28T11:40:00Z	C	26.094	1748432400
2025-05-28T11:50:00Z	C	26.094	1748433000
2025-05-28T12:00:00Z	C	26.094	1748433600
2025-05-28T12:10:00Z	C	26.094	1748434200
2025-05-28T12:20:00Z	C	26.094	1748434800
2025-05-28T12:30:00Z	C	26.094	1748435400
2025-05-28T12:40:00Z	C	25.594	1748436000
2025-05-28T12:50:00Z	C	26.593	1748436600
2025-05-28T13:00:00Z	C	26.593	1748437200
2025-05-28T13:10:00Z	C	26.593	1748437800
2025-05-28T13:20:00Z	C	27.093	1748438400
2025-05-28T13:30:00Z	C	27.093	1748439000
2025-05-28T13:40:00Z	C	27.093	1748439600
2025-05-28T13:50:00Z	C	27.093	1748440200
2025-05-28T14:00:00Z	C	27.093	1748440800
2025-05-28T14:10:00Z	C	27.093	1748441400
2025-05-28T14:20:00Z	C	27.093	1748442000
2025-05-28T14:30:00Z	C	27.093	1748442600
2025-05-28T14:40:00Z	C	27.093	1748443200
2025-05-28T14:50:00Z	C	27.593	1748443800
2025-05-28T15:00:00Z	C	27.593	1748444400
2025-05-28T15:10:00Z	C	27.593	1748445000
2025-05-28T15:20:00Z	C	27.093	1748445600
2025-05-28T15:30:00Z	C	27.093	1748446200
2025-05-28T15:40:00Z	C	27.093	1748446800
2025-05-28T15:50:00Z	C	26.593	1748447400
2025-05-28T16:00:00Z	C	26.593	1748448000
2025-05-28T16:10:00Z	C	26.593	1748448600
2025-05-28T16:20:00Z	C	26.593	1748449200
2025-05-28T16:30:00Z	C	26.593	1748449800
2025-05-28T16:40:00Z	C	26.593	1748450400
2025-05-28T16:50:00Z	C	26.593	1748451000
2025-05-28T17:00:00Z	C	26.593	1748451600
2025-05-28T17:10:00Z	C	26.593	1748452200
2025-05-28T17:20:00Z	C	26.593	1748452800
2025-05-28T17:30:00Z	C	26.593	1748453400
2025-05-28T17:40:00Z	C	26.094	1748454000
2025-05-28T17:50:00Z	C	26.094	1748454600
2025-05-28T18:00:00Z	C	26.094	1748455200
2025-05-28T18:10:00Z	C	25.594	1748455800
2025-05-28T18:20:00Z	C	25.594	1748456400
2025-05-28T18:30:00Z	C	25.594	1748457000
2025-05-28T18:40:00Z	C	25.094	1748457600
2025-05-28T18:50:00Z	C	24.594	1748458200
2025-05-28T19:00:00Z	C	24.594	1748458800
2025-05-28T19:10:00Z	C	24.094	1748459400
2025-05-28T19:20:00Z	C	24.094	1748460000
2025-05-28T19:30:00Z	C	23.594	1748460600
2025-05-28T19:40:00Z	C	23.594	1748461200
2025-05-28T19:50:00Z	C	23.594	1748461800
2025-05-28T20:00:00Z	C	23.594	1748462400
2025-05-28T20:10:00Z	C	23.594	1748463000
2025-05-28T20:20:00Z	C	23.093	1748463600
2025-05-28T20:30:00Z	C	23.093	1748464200
2025-05-28T20:40:00Z	C	23.093	1748464800
2025-05-28T20:50:00Z	C	23.093	1748465400
2025-05-28T21:00:00Z	C	23.093	1748466000
2025-05-28T21:10:00Z	C	23.093	1748466600
2025-05-28T21:20:00Z	C	22.593	1748467200
2025-05-28T21:30:00Z	C	22.593	1748467800
2025-05-28T21:40:00Z	C	22.593	1748468400
2025-05-28T21:50:00Z	C	22.593	1748469000
2025-05-28T22:00:00Z	C	22.593	1748469600
2025-05-28T22:10:00Z	C	22.593	1748470200
2025-05-28T22:20:00Z	C	22.593	1748470800
2025-05-28T22:30:00Z	C	22.593	1748471400
2025-05-28T22:40:00Z	C	22.593	1748472000
2025-05-28T22:50:00Z	C	22.093	1748472600
2025-05-28T23:00:00Z	C	22.093	1748473200
2025-05-28T23:10:00Z	C	22.093	1748473800
2025-05-28T23:20:00Z	C	22.093	1748474400
2025-05-28T23:30:00Z	C	22.093	1748475000
2025-05-28T23:40:00Z	C	22.093	1748475600
2025-05-28T23:50:00Z	C	22.093	1748476200
2025-05-29T00:00:00Z	C	22.093	1748476800
2025-05-29T00:10:00Z	C	22.093	1748477400
2025-05-29T00:20:00Z	C	22.093	1748478000
2025-05-29T00:30:00Z	C	22.093	1748478600
2025-05-29T00:40:00Z	C	22.093	1748479200
2025-05-29T00:50:00Z	C	22.093	1748479800
2025-05-29T01:00:00Z	C	21.592	1748480400
2025-05-29T01:10:00Z	C	21.592	1748481000
2025-05-29T01:20:00Z	C	22.093	1748481600
2025-05-29T01:30:00Z	C	21.592	1748482200
2025-05-29T01:40:00Z	C	21.592	1748482800
2025-05-29T01:50:00Z	C	21.592	1748483400
2025-05-29T02:00:00Z	C	21.592	1748484000
2025-05-29T02:10:00Z	C	21.592	1748484600
2025-05-29T02:20:00Z	C	21.092	1748485200
2025-05-29T02:30:00Z	C	21.092	1748485800
2025-05-29T02:40:00Z	C	21.092	1748486400
2025-05-29T02:50:00Z	C	21.092	1748487000
2025-05-29T03:00:00Z	C	20.591	1748487600
2025-05-29T03:10:00Z	C	20.591	1748488200
2025-05-29T03:20:00Z	C	21.092	1748488800
2025-05-29T03:30:00Z	C	21.092	1748489400
2025-05-29T03:40:00Z	C	21.092	1748490000
2025-05-29T03:50:00Z	C	20.591	1748490600
2025-05-29T04:00:00Z	C	20.591	1748491200
2025-05-29T04:10:00Z	C	20.591	1748491800
2025-05-29T04:20:00Z	C	20.091	1748492400
2025-05-29T04:30:00Z	C	20.091	1748493000
2025-05-29T04:40:00Z	C	20.091	1748493600
2025-05-29T04:50:00Z	C	20.091	1748494200
2025-05-29T05:00:00Z	C	20.091	1748494800
2025-05-29T05:10:00Z	C	20.091	1748495400
2025-05-29T05:20:00Z	C	20.091	1748496000
2025-05-29T05:30:00Z	C	20.091	1748496600
2025-05-29T05:40:00Z	C	19.59	1748497200
2025-05-29T05:50:00Z	C	19.59	1748497800
2025-05-29T06:00:00Z	C	19.59	1748498400
2025-05-29T06:10:00Z	C	19.59	1748499000
2025-05-29T06:20:00Z	C	19.59	1748499600
2025-05-29T06:30:00Z	C	19.59	1748500200
2025-05-29T06:40:00Z	C	19.59	1748500800
2025-05-29T06:50:00Z	C	19.59	1748501400
2025-05-29T07:00:00Z	C	19.59	1748502000
2025-05-29T07:10:00Z	C	19.59	1748502600
2025-05-29T07:20:00Z	C	19.59	1748503200
2025-05-29T07:30:00Z	C	20.091	1748503800
2025-05-29T07:40:00Z	C	21.592	1748504400
2025-05-29T07:50:00Z	C	23.093	1748505000
2025-05-29T08:00:00Z	C	25.594	1748505600
2025-05-29T08:10:00Z	C	27.093	1748506200
2025-05-29T08:20:00Z	C	26.094	1748506800
2025-05-29T08:30:00Z	C	28.092	1748507400
2025-05-29T08:40:00Z	C	27.093	1748508000
2025-05-29T08:50:00Z	C	26.593	1748508600
2025-05-29T09:00:00Z	C	26.094	1748509200
2025-05-29T09:10:00Z	C	26.593	1748509800
2025-05-29T09:20:00Z	C	26.094	1748510400
2025-05-29T09:30:00Z	C	27.593	1748511000
2025-05-29T09:40:00Z	C	27.093	1748511600
2025-05-29T09:50:00Z	C	26.094	1748512200
2025-05-29T10:00:00Z	C	26.593	1748512800
2025-05-29T10:10:00Z	C	26.094	1748513400
2025-05-29T10:20:00Z	C	26.593	1748514000
2025-05-29T10:30:00Z	C	26.593	1748514600
2025-05-29T10:40:00Z	C	26.094	1748515200
2025-05-29T10:50:00Z	C	25.594	1748515800
2025-05-29T11:00:00Z	C	26.094	1748516400
2025-05-29T11:10:00Z	C	26.094	1748517000
2025-05-29T11:20:00Z	C	26.094	1748517600
2025-05-29T11:30:00Z	C	26.094	1748518200
2025-05-29T11:40:00Z	C	26.094	1748518800
2025-05-29T11:50:00Z	C	26.593	1748519400
2025-05-29T12:00:00Z	C	26.593	1748520000
2025-05-29T12:10:00Z	C	26.593	1748520600
2025-05-29T12:20:00Z	C	27.093	1748521200
2025-05-29T12:30:00Z	C	27.093	1748521800
2025-05-29T12:40:00Z	C	27.093	1748522400
2025-05-29T12:50:00Z	C	27.093	1748523000
2025-05-29T13:00:00Z	C	27.593	1748523600
2025-05-29T13:10:00Z	C	27.093	1748524200
2025-05-29T13:20:00Z	C	27.593	1748524800
2025-05-29T13:30:00Z	C	27.593	1748525400
2025-05-29T13:40:00Z	C	27.593	1748526000
2025-05-29T13:50:00Z	C	27.593	1748526600
2025-05-29T14:00:00Z	C	27.593	1748527200
2025-05-29T14:10:00Z	C	28.092	1748527800
2025-05-29T14:20:00Z	C	27.593	1748528400
2025-05-29T14:30:00Z	C	28.092	1748529000
2025-05-29T14:40:00Z	C	28.092	1748529600
2025-05-29T14:50:00Z	C	27.593	1748530200
2025-05-29T15:00:00Z	C	27.093	1748530800
2025-05-29T15:10:00Z	C	27.093	1748531400
2025-05-29T15:20:00Z	C	27.093	1748532000
2025-05-29T15:30:00Z	C	27.093	1748532600
2025-05-29T15:40:00Z	C	27.093	1748533200
2025-05-29T15:50:00Z	C	27.093	1748533800
2025-05-29T16:00:00Z	C	27.093	1748534400
2025-05-29T16:10:00Z	C	26.593	1748535000
2025-05-29T16:20:00Z	C	26.593	1748535600
2025-05-29T16:30:00Z	C	27.093	1748536200
2025-05-29T16:40:00Z	C	26.593	1748536800
2025-05-29T16:50:00Z	C	27.093	1748537400
2025-05-29T17:00:00Z	C	27.093	1748538000
2025-05-29T17:10:00Z	C	27.093	1748538600
2025-05-29T17:20:00Z	C	26.593	1748539200
2025-05-29T17:30:00Z	C	26.593	1748539800
2025-05-29T17:40:00Z	C	26.094	1748540400
2025-05-29T17:50:00Z	C	26.094	1748541000
2025-05-29T18:00:00Z	C	26.094	1748541600
2025-05-29T18:10:00Z	C	26.094	1748542200
2025-05-29T18:20:00Z	C	25.594	1748542800
2025-05-29T18:30:00Z	C	25.594	1748543400
2025-05-29T18:40:00Z	C	25.094	1748544000
2025-05-29T18:50:00Z	C	24.594	1748544600
2025-05-29T19:00:00Z	C	24.594	1748545200
2025-05-29T19:10:00Z	C	24.594	1748545800
2025-05-29T19:20:00Z	C	24.594	1748546400
2025-05-29T19:30:00Z	C	24.094	1748547000
2025-05-29T19:40:00Z	C	24.094	1748547600
2025-05-29T19:50:00Z	C	23.594	1748548200
2025-05-29T20:00:00Z	C	23.594	1748548800
2025-05-29T20:10:00Z	C	23.594	1748549400
2025-05-29T20:20:00Z	C	23.594	1748550000
2025-05-29T20:30:00Z	C	23.093	1748550600
2025-05-29T20:40:00Z	C	23.093	1748551200
2025-05-29T20:50:00Z	C	23.093	1748551800
2025-05-29T21:00:00Z	C	23.093	1748552400
2025-05-29T21:10:00Z	C	23.093	1748553000
2025-05-29T21:20:00Z	C	23.093	1748553600
2025-05-29T21:30:00Z	C	22.593	1748554200
2025-05-29T21:40:00Z	C	22.593	1748554800
2025-05-29T21:50:00Z	C	22.593	1748555400
2025-05-29T22:00:00Z	C	22.593	1748556000
2025-05-29T22:10:00Z	C	22.593	1748556600
2025-05-29T22:20:00Z	C	22.593	1748557200
2025-05-29T22:30:00Z	C	22.593	1748557800
2025-05-29T22:40:00Z	C	22.593	1748558400
2025-05-29T22:50:00Z	C	22.093	1748559000
2025-05-29T23:00:00Z	C	22.093	1748559600
2025-05-29T23:10:00Z	C	22.093	1748560200
2025-05-29T23:20:00Z	C	22.093	1748560800
2025-05-29T23:30:00Z	C	21.592	1748561400
2025-05-29T23:40:00Z	C	21.592	1748562000
2025-05-29T23:50:00Z	C	21.592	1748562600
2025-05-30T00:00:00Z	C	21.592	1748563200
2025-05-30T00:10:00Z	C	22.093	1748563800
2025-05-30T00:20:00Z	C	22.093	1748564400
2025-05-30T00:30:00Z	C	21.592	1748565000
2025-05-30T00:40:00Z	C	21.092	1748565600
2025-05-30T00:50:00Z	C	21.592	1748566200
2025-05-30T01:00:00Z	C	21.592	1748566800
2025-05-30T01:10:00Z	C	21.092	1748567400
2025-05-30T01:20:00Z	C	21.092	1748568000
2025-05-30T01:30:00Z	C	21.092	1748568600
2025-05-30T01:40:00Z	C	21.092	1748569200
2025-05-30T01:50:00Z	C	21.092	1748569800
2025-05-30T02:00:00Z	C	21.092	1748570400
2025-05-30T02:10:00Z	C	21.092	1748571000
2025-05-30T02:20:00Z	C	21.092	1748571600
2025-05-30T02:30:00Z	C	21.092	1748572200
2025-05-30T02:40:00Z	C	21.092	1748572800
2025-05-30T02:50:00Z	C	21.092	1748573400
2025-05-30T03:00:00Z	C	21.092	1748574000
2025-05-30T03:10:00Z	C	21.092	1748574600
2025-05-30T03:20:00Z	C	21.092	1748575200
2025-05-30T03:30:00Z	C	21.092	1748575800
2025-05-30T03:40:00Z	C	21.092	1748576400
2025-05-30T03:50:00Z	C	21.092	1748577000
2025-05-30T04:00:00Z	C	20.591	1748577600
2025-05-30T04:10:00Z	C	20.591	1748578200
2025-05-30T04:20:00Z	C	20.591	1748578800
2025-05-30T04:30:00Z	C	20.091	1748579400
2025-05-30T04:40:00Z	C	20.091	1748580000
2025-05-30T04:50:00Z	C	20.091	1748580600
2025-05-30T05:00:00Z	C	20.091	1748581200
2025-05-30T05:10:00Z	C	20.091	1748581800
2025-05-30T05:20:00Z	C	20.091	1748582400
2025-05-30T05:30:00Z	C	20.091	1748583000
2025-05-30T05:40:00Z	C	20.091	1748583600
2025-05-30T05:50:00Z	C	20.091	1748584200
2025-05-30T06:00:00Z	C	20.091	1748584800
2025-05-30T06:10:00Z	C	20.091	1748585400
2025-05-30T06:20:00Z	C	20.091	1748586000
2025-05-30T06:30:00Z	C	20.091	1748586600
2025-05-30T06:40:00Z	C	20.091	1748587200
2025-05-30T06:50:00Z	C	20.091	1748587800
2025-05-30T07:00:00Z	C	20.091	1748588400
2025-05-30T07:10:00Z	C	20.091	1748589000
2025-05-30T07:20:00Z	C	20.591	1748589600
2025-05-30T07:30:00Z	C	21.592	1748590200
2025-05-30T07:40:00Z	C	24.094	1748590800
2025-05-30T07:50:00Z	C	24.594	1748591400
2025-05-30T08:00:00Z	C	25.594	1748592000
2025-05-30T08:10:00Z	C	26.094	1748592600
2025-05-30T08:20:00Z	C	24.094	1748593200
2025-05-30T08:30:00Z	C	24.094	1748593800
2025-05-30T08:40:00Z	C	26.593	1748594400
2025-05-30T08:50:00Z	C	26.593	1748595000
2025-05-30T09:00:00Z	C	26.094	1748595600
2025-05-30T09:10:00Z	C	28.592	1748596200
2025-05-30T09:20:00Z	C	29.091	1748596800
2025-05-30T09:30:00Z	C	28.092	1748597400
2025-05-30T09:40:00Z	C	27.093	1748598000
2025-05-30T09:50:00Z	C	26.593	1748598600
2025-05-30T10:00:00Z	C	26.593	1748599200
2025-05-30T10:10:00Z	C	26.094	1748599800
2025-05-30T10:20:00Z	C	26.593	1748600400
2025-05-30T10:30:00Z	C	26.094	1748601000
2025-05-30T10:40:00Z	C	26.593	1748601600
2025-05-30T10:50:00Z	C	26.593	1748602200
2025-05-30T11:00:00Z	C	26.094	1748602800
2025-05-30T11:10:00Z	C	26.593	1748603400
2025-05-30T11:20:00Z	C	26.593	1748604000
2025-05-30T11:30:00Z	C	27.093	1748604600
2025-05-30T11:40:00Z	C	27.593	1748605200
2025-05-30T11:50:00Z	C	27.093	1748605800
2025-05-30T12:00:00Z	C	27.593	1748606400
2025-05-30T12:10:00Z	C	27.593	1748607000
2025-05-30T12:20:00Z	C	27.093	1748607600
2025-05-30T12:30:00Z	C	27.593	1748608200
2025-05-30T12:40:00Z	C	27.593	1748608800
2025-05-30T12:50:00Z	C	27.593	1748609400
2025-05-30T13:00:00Z	C	27.593	1748610000
2025-05-30T13:10:00Z	C	27.593	1748610600
2025-05-30T13:20:00Z	C	28.092	1748611200
2025-05-30T13:30:00Z	C	27.593	1748611800
2025-05-30T13:40:00Z	C	28.092	1748612400
2025-05-30T13:50:00Z	C	28.092	1748613000
2025-05-30T14:00:00Z	C	28.092	1748613600
2025-05-30T14:10:00Z	C	28.092	1748614200
2025-05-30T14:20:00Z	C	28.092	1748614800
2025-05-30T14:30:00Z	C	28.092	1748615400
2025-05-30T14:40:00Z	C	28.092	1748616000
2025-05-30T14:50:00Z	C	28.092	1748616600
2025-05-30T15:00:00Z	C	28.092	1748617200
2025-05-30T15:10:00Z	C	28.092	1748617800
2025-05-30T15:20:00Z	C	28.092	1748618400
2025-05-30T15:30:00Z	C	28.092	1748619000
2025-05-30T15:40:00Z	C	28.592	1748619600
2025-05-30T15:50:00Z	C	28.092	1748620200
2025-05-30T16:00:00Z	C	27.593	1748620800
2025-05-30T16:10:00Z	C	27.593	1748621400
2025-05-30T16:20:00Z	C	27.593	1748622000
2025-05-30T16:30:00Z	C	27.593	1748622600
2025-05-30T16:40:00Z	C	27.593	1748623200
2025-05-30T16:50:00Z	C	27.593	1748623800
2025-05-30T17:00:00Z	C	27.593	1748624400
2025-05-30T17:10:00Z	C	27.593	1748625000
2025-05-30T17:20:00Z	C	27.093	1748625600
2025-05-30T17:30:00Z	C	27.093	1748626200
2025-05-30T17:40:00Z	C	26.593	1748626800
2025-05-30T17:50:00Z	C	26.593	1748627400
2025-05-30T18:00:00Z	C	26.593	1748628000
2025-05-30T18:10:00Z	C	26.094	1748628600
2025-05-30T18:20:00Z	C	26.094	1748629200
2025-05-30T18:30:00Z	C	25.594	1748629800
2025-05-30T18:40:00Z	C	25.094	1748630400
2025-05-30T18:50:00Z	C	25.094	1748631000
2025-05-30T19:00:00Z	C	24.594	1748631600
2025-05-30T19:10:00Z	C	24.594	1748632200
2025-05-30T19:20:00Z	C	24.094	1748632800
2025-05-30T19:30:00Z	C	24.094	1748633400
2025-05-30T19:40:00Z	C	24.094	1748634000
2025-05-30T19:50:00Z	C	24.094	1748634600
2025-05-30T20:00:00Z	C	23.594	1748635200
2025-05-30T20:10:00Z	C	23.594	1748635800
2025-05-30T20:20:00Z	C	23.594	1748636400
2025-05-30T20:30:00Z	C	23.594	1748637000
2025-05-30T20:40:00Z	C	23.594	1748637600
2025-05-30T20:50:00Z	C	23.093	1748638200
2025-05-30T21:00:00Z	C	23.093	1748638800
2025-05-30T21:10:00Z	C	23.093	1748639400
2025-05-30T21:20:00Z	C	23.093	1748640000
2025-05-30T21:30:00Z	C	23.093	1748640600
2025-05-30T21:40:00Z	C	23.093	1748641200
2025-05-30T21:50:00Z	C	23.093	1748641800
2025-05-30T22:00:00Z	C	23.093	1748642400
2025-05-30T22:10:00Z	C	23.093	1748643000
2025-05-30T22:20:00Z	C	23.093	1748643600
2025-05-30T22:30:00Z	C	23.093	1748644200
2025-05-30T22:40:00Z	C	23.594	1748644800
2025-05-30T22:50:00Z	C	23.594	1748645400
2025-05-30T23:00:00Z	C	23.594	1748646000
2025-05-30T23:10:00Z	C	23.093	1748646600
2025-05-30T23:20:00Z	C	23.093	1748647200
2025-05-30T23:30:00Z	C	23.093	1748647800
2025-05-30T23:40:00Z	C	23.093	1748648400
2025-05-30T23:50:00Z	C	23.093	1748649000
2025-05-31T00:00:00Z	C	23.093	1748649600
2025-05-31T00:10:00Z	C	23.093	1748650200
2025-05-31T00:20:00Z	C	23.093	1748650800
2025-05-31T00:30:00Z	C	23.093	1748651400
2025-05-31T00:40:00Z	C	23.093	1748652000
2025-05-31T00:50:00Z	C	23.093	1748652600
2025-05-31T01:00:00Z	C	22.593	1748653200
2025-05-31T01:10:00Z	C	22.593	1748653800
2025-05-31T01:20:00Z	C	22.593	1748654400
2025-05-31T01:30:00Z	C	22.593	1748655000
2025-05-31T01:40:00Z	C	22.593	1748655600
2025-05-31T01:50:00Z	C	22.593	1748656200
2025-05-31T02:00:00Z	C	22.593	1748656800
2025-05-31T02:10:00Z	C	22.593	1748657400
2025-05-31T02:20:00Z	C	22.093	1748658000
2025-05-31T02:30:00Z	C	22.093	1748658600
2025-05-31T02:40:00Z	C	22.093	1748659200
2025-05-31T02:50:00Z	C	22.093	1748659800
2025-05-31T03:00:00Z	C	22.093	1748660400
2025-05-31T03:10:00Z	C	22.093	1748661000
2025-05-31T03:20:00Z	C	22.093	1748661600
2025-05-31T03:30:00Z	C	22.093	1748662200
2025-05-31T03:40:00Z	C	22.093	1748662800
2025-05-31T03:50:00Z	C	22.093	1748663400
2025-05-31T04:00:00Z	C	21.592	1748664000
2025-05-31T04:10:00Z	C	21.092	1748664600
2025-05-31T04:20:00Z	C	21.592	1748665200
2025-05-31T04:30:00Z	C	21.592	1748665800
2025-05-31T04:40:00Z	C	21.592	1748666400
2025-05-31T04:50:00Z	C	21.592	1748667000
2025-05-31T05:00:00Z	C	21.092	1748667600
2025-05-31T05:10:00Z	C	21.092	1748668200
2025-05-31T05:20:00Z	C	21.092	1748668800
2025-05-31T05:30:00Z	C	21.592	1748669400
2025-05-31T05:40:00Z	C	21.092	1748670000
2025-05-31T05:50:00Z	C	21.592	1748670600
2025-05-31T06:00:00Z	C	21.592	1748671200
2025-05-31T06:10:00Z	C	21.592	1748671800
2025-05-31T06:20:00Z	C	21.592	1748672400
2025-05-31T06:30:00Z	C	21.592	1748673000
2025-05-31T06:40:00Z	C	21.592	1748673600
2025-05-31T06:50:00Z	C	21.592	1748674200
2025-05-31T07:00:00Z	C	21.592	1748674800
2025-05-31T07:10:00Z	C	21.592	1748675400
2025-05-31T07:20:00Z	C	21.592	1748676000
2025-05-31T07:30:00Z	C	21.592	1748676600
2025-05-31T07:40:00Z	C	21.592	1748677200
2025-05-31T07:50:00Z	C	22.093	1748677800
2025-05-31T08:00:00Z	C	22.093	1748678400
2025-05-31T08:10:00Z	C	21.592	1748679000
2025-05-31T08:20:00Z	C	21.592	1748679600
2025-05-31T08:30:00Z	C	22.093	1748680200
2025-05-31T08:40:00Z	C	22.093	1748680800
2025-05-31T08:50:00Z	C	22.093	1748681400
2025-05-31T09:00:00Z	C	22.093	1748682000
2025-05-31T09:10:00Z	C	21.592	1748682600
2025-05-31T09:20:00Z	C	21.592	1748683200
2025-05-31T09:30:00Z	C	22.093	1748683800
2025-05-31T09:40:00Z	C	22.593	1748684400
2025-05-31T09:50:00Z	C	23.093	1748685000
2025-05-31T10:00:00Z	C	23.594	1748685600
2025-05-31T10:10:00Z	C	23.594	1748686200
2025-05-31T10:20:00Z	C	24.094	1748686800
2025-05-31T10:30:00Z	C	25.094	1748687400
2025-05-31T10:40:00Z	C	24.594	1748688000
2025-05-31T10:50:00Z	C	24.594	1748688600
2025-05-31T11:00:00Z	C	25.094	1748689200
2025-05-31T11:10:00Z	C	25.094	1748689800
2025-05-31T11:20:00Z	C	25.594	1748690400
2025-05-31T11:30:00Z	C	26.094	1748691000
2025-05-31T11:40:00Z	C	26.593	1748691600
2025-05-31T11:50:00Z	C	26.593	1748692200
2025-05-31T12:00:00Z	C	26.593	1748692800
2025-05-31T12:10:00Z	C	26.593	1748693400
2025-05-31T12:20:00Z	C	27.093	1748694000
2025-05-31T12:30:00Z	C	27.093	1748694600
2025-05-31T12:40:00Z	C	27.093	1748695200
2025-05-31T12:50:00Z	C	27.093	1748695800
2025-05-31T13:00:00Z	C	27.093	1748696400
2025-05-31T13:10:00Z	C	27.593	1748697000
2025-05-31T13:20:00Z	C	27.593	1748697600
2025-05-31T13:30:00Z	C	27.593	1748698200
2025-05-31T13:40:00Z	C	27.593	1748698800
2025-05-31T13:50:00Z	C	28.092	1748699400
2025-05-31T14:00:00Z	C	27.593	1748700000
2025-05-31T14:10:00Z	C	28.092	1748700600
2025-05-31T14:20:00Z	C	28.092	1748701200
2025-05-31T14:30:00Z	C	28.592	1748701800
2025-05-31T14:40:00Z	C	28.092	1748702400
2025-05-31T14:50:00Z	C	28.092	1748703000
2025-05-31T15:00:00Z	C	28.592	1748703600
2025-05-31T15:10:00Z	C	27.593	1748704200
2025-05-31T15:20:00Z	C	28.592	1748704800
2025-05-31T15:30:00Z	C	28.092	1748705400
2025-05-31T15:40:00Z	C	28.092	1748706000
2025-05-31T15:50:00Z	C	28.592	1748706600
2025-05-31T16:00:00Z	C	28.592	1748707200
2025-05-31T16:10:00Z	C	28.092	1748707800
2025-05-31T16:20:00Z	C	28.092	1748708400
2025-05-31T16:30:00Z	C	28.092	1748709000
2025-05-31T16:40:00Z	C	28.092	1748709600
2025-05-31T16:50:00Z	C	28.092	1748710200
2025-05-31T17:00:00Z	C	28.092	1748710800
2025-05-31T17:10:00Z	C	28.092	1748711400
2025-05-31T17:20:00Z	C	28.092	1748712000
2025-05-31T17:30:00Z	C	28.092	1748712600
2025-05-31T17:40:00Z	C	27.593	1748713200
2025-05-31T17:50:00Z	C	27.593	1748713800
2025-05-31T18:00:00Z	C	27.093	1748714400
2025-05-31T18:10:00Z	C	26.593	1748715000
2025-05-31T18:20:00Z	C	26.094	1748715600
2025-05-31T18:30:00Z	C	26.094	1748716200
2025-05-31T18:40:00Z	C	25.594	1748716800
2025-05-31T18:50:00Z	C	25.094	1748717400
2025-05-31T19:00:00Z	C	25.094	1748718000
2025-05-31T19:10:00Z	C	24.594	1748718600
2025-05-31T19:20:00Z	C	24.594	1748719200
2025-05-31T19:30:00Z	C	24.594	1748719800
2025-05-31T19:40:00Z	C	24.594	1748720400
2025-05-31T19:50:00Z	C	24.094	1748721000
2025-05-31T20:00:00Z	C	24.094	1748721600
2025-05-31T20:10:00Z	C	23.594	1748722200
2025-05-31T20:20:00Z	C	23.594	1748722800
2025-05-31T20:30:00Z	C	23.594	1748723400
2025-05-31T20:40:00Z	C	23.594	1748724000
2025-05-31T20:50:00Z	C	23.594	1748724600
2025-05-31T21:00:00Z	C	23.594	1748725200
2025-05-31T21:10:00Z	C	23.594	1748725800
2025-05-31T21:20:00Z	C	23.093	1748726400
2025-05-31T21:30:00Z	C	23.093	1748727000
2025-05-31T21:40:00Z	C	23.093	1748727600
2025-05-31T21:50:00Z	C	23.093	1748728200
2025-05-31T22:00:00Z	C	23.093	1748728800
2025-05-31T22:10:00Z	C	23.093	1748729400
2025-05-31T22:20:00Z	C	22.593	1748730000
2025-05-31T22:30:00Z	C	22.593	1748730600
2025-05-31T22:40:00Z	C	22.593	1748731200
2025-05-31T22:50:00Z	C	22.593	1748731800
2025-05-31T23:00:00Z	C	22.593	1748732400
2025-05-31T23:10:00Z	C	22.593	1748733000
2025-05-31T23:20:00Z	C	22.593	1748733600
2025-05-31T23:30:00Z	C	22.593	1748734200
2025-05-31T23:40:00Z	C	22.593	1748734800
2025-05-31T23:50:00Z	C	22.093	1748735400
2025-06-01T00:00:00Z	C	22.093	1748736000
2025-06-01T00:10:00Z	C	21.592	1748736600
2025-06-01T00:20:00Z	C	22.093	1748737200
2025-06-01T00:30:00Z	C	22.093	1748737800
2025-06-01T00:40:00Z	C	22.093	1748738400
2025-06-01T00:50:00Z	C	22.093	1748739000
2025-06-01T01:00:00Z	C	22.093	1748739600
2025-06-01T01:10:00Z	C	22.093	1748740200
2025-06-01T01:20:00Z	C	22.093	1748740800
2025-06-01T01:30:00Z	C	22.093	1748741400
2025-06-01T01:40:00Z	C	22.093	1748742000
2025-06-01T01:50:00Z	C	22.093	1748742600
2025-06-01T02:00:00Z	C	21.092	1748743200
2025-06-01T02:10:00Z	C	20.591	1748743800
2025-06-01T02:20:00Z	C	19.59	1748744400
2025-06-01T02:30:00Z	C	19.089	1748745000
2025-06-01T02:40:00Z	C	19.089	1748745600
2025-06-01T02:50:00Z	C	19.59	1748746200
2025-06-01T03:00:00Z	C	19.089	1748746800
2025-06-01T03:10:00Z	C	19.59	1748747400
2025-06-01T03:20:00Z	C	19.59	1748748000
2025-06-01T03:30:00Z	C	19.59	1748748600
2025-06-01T03:40:00Z	C	19.59	1748749200
2025-06-01T03:50:00Z	C	19.59	1748749800
2025-06-01T04:00:00Z	C	19.59	1748750400
2025-06-01T04:10:00Z	C	19.59	1748751000
2025-06-01T04:20:00Z	C	20.091	1748751600
2025-06-01T04:30:00Z	C	19.59	1748752200
2025-06-01T04:40:00Z	C	20.091	1748752800
2025-06-01T04:50:00Z	C	20.091	1748753400
2025-06-01T05:00:00Z	C	20.091	1748754000
2025-06-01T05:10:00Z	C	19.59	1748754600
2025-06-01T05:20:00Z	C	19.59	1748755200
2025-06-01T05:30:00Z	C	19.59	1748755800
2025-06-01T05:40:00Z	C	19.59	1748756400
2025-06-01T05:50:00Z	C	19.59	1748757000
2025-06-01T06:00:00Z	C	19.59	1748757600
2025-06-01T06:10:00Z	C	19.59	1748758200
2025-06-01T06:20:00Z	C	19.59	1748758800
2025-06-01T06:30:00Z	C	20.091	1748759400
2025-06-01T06:40:00Z	C	20.091	1748760000
2025-06-01T06:50:00Z	C	19.59	1748760600
2025-06-01T07:00:00Z	C	20.091	1748761200
2025-06-01T07:10:00Z	C	20.091	1748761800
2025-06-01T07:20:00Z	C	20.091	1748762400
2025-06-01T07:30:00Z	C	20.091	1748763000
2025-06-01T07:40:00Z	C	20.091	1748763600
2025-06-01T07:50:00Z	C	20.591	1748764200
2025-06-01T08:00:00Z	C	21.092	1748764800
2025-06-01T08:10:00Z	C	22.093	1748765400
2025-06-01T08:20:00Z	C	22.093	1748766000
2025-06-01T08:30:00Z	C	22.093	1748766600
2025-06-01T08:40:00Z	C	22.593	1748767200
2025-06-01T08:50:00Z	C	22.593	1748767800
2025-06-01T09:00:00Z	C	22.593	1748768400
2025-06-01T09:10:00Z	C	23.093	1748769000
2025-06-01T09:20:00Z	C	24.094	1748769600
2025-06-01T09:30:00Z	C	24.594	1748770200
2025-06-01T09:40:00Z	C	24.094	1748770800
2025-06-01T09:50:00Z	C	23.594	1748771400
2025-06-01T10:00:00Z	C	24.594	1748772000
2025-06-01T10:10:00Z	C	24.094	1748772600
2025-06-01T10:20:00Z	C	24.094	1748773200
2025-06-01T10:30:00Z	C	24.094	1748773800
2025-06-01T10:40:00Z	C	24.594	1748774400
2025-06-01T10:50:00Z	C	24.094	1748775000
2025-06-01T11:00:00Z	C	23.594	1748775600
2025-06-01T11:10:00Z	C	24.094	1748776200
2025-06-01T11:20:00Z	C	24.594	1748776800
2025-06-01T11:30:00Z	C	24.594	1748777400
2025-06-01T11:40:00Z	C	25.094	1748778000
2025-06-01T11:50:00Z	C	25.094	1748778600
2025-06-01T12:00:00Z	C	26.094	1748779200
2025-06-01T12:10:00Z	C	26.094	1748779800
2025-06-01T12:20:00Z	C	26.094	1748780400
2025-06-01T12:30:00Z	C	26.094	1748781000
2025-06-01T12:40:00Z	C	26.593	1748781600
2025-06-01T12:50:00Z	C	26.593	1748782200
2025-06-01T13:00:00Z	C	26.593	1748782800
2025-06-01T13:10:00Z	C	26.094	1748783400
2025-06-01T13:20:00Z	C	26.593	1748784000
2025-06-01T13:30:00Z	C	27.093	1748784600
2025-06-01T13:40:00Z	C	27.593	1748785200
2025-06-01T13:50:00Z	C	27.593	1748785800
2025-06-01T14:00:00Z	C	27.593	1748786400
2025-06-01T14:10:00Z	C	27.593	1748787000
2025-06-01T14:20:00Z	C	28.092	1748787600
2025-06-01T14:30:00Z	C	27.593	1748788200
2025-06-01T14:40:00Z	C	27.093	1748788800
2025-06-01T14:50:00Z	C	27.593	1748789400
2025-06-01T15:00:00Z	C	28.092	1748790000
2025-06-01T15:10:00Z	C	28.092	1748790600
2025-06-01T15:20:00Z	C	28.092	1748791200
2025-06-01T15:30:00Z	C	28.092	1748791800
2025-06-01T15:40:00Z	C	28.092	1748792400
2025-06-01T15:50:00Z	C	28.092	1748793000
2025-06-01T16:00:00Z	C	28.092	1748793600
2025-06-01T16:10:00Z	C	28.092	1748794200
2025-06-01T16:20:00Z	C	28.092	1748794800
2025-06-01T16:30:00Z	C	28.092	1748795400
2025-06-01T16:40:00Z	C	28.092	1748796000
2025-06-01T16:50:00Z	C	28.092	1748796600
2025-06-01T17:00:00Z	C	28.092	1748797200
2025-06-01T17:10:00Z	C	28.092	1748797800
2025-06-01T17:20:00Z	C	27.593	1748798400
2025-06-01T17:30:00Z	C	27.593	1748799000
2025-06-01T17:40:00Z	C	27.593	1748799600
2025-06-01T17:50:00Z	C	27.593	1748800200
2025-06-01T18:00:00Z	C	27.093	1748800800
2025-06-01T18:10:00Z	C	27.093	1748801400
2025-06-01T18:20:00Z	C	27.093	1748802000
2025-06-01T18:30:00Z	C	26.593	1748802600
2025-06-01T18:40:00Z	C	26.094	1748803200
2025-06-01T18:50:00Z	C	25.594	1748803800
2025-06-01T19:00:00Z	C	25.594	1748804400
2025-06-01T19:10:00Z	C	25.094	1748805000
2025-06-01T19:20:00Z	C	24.594	1748805600
2025-06-01T19:30:00Z	C	24.594	1748806200
2025-06-01T19:40:00Z	C	24.594	1748806800
2025-06-01T19:50:00Z	C	24.594	1748807400
2025-06-01T20:00:00Z	C	24.094	1748808000
2025-06-01T20:10:00Z	C	24.094	1748808600
2025-06-01T20:20:00Z	C	24.094	1748809200
2025-06-01T20:30:00Z	C	24.094	1748809800
2025-06-01T20:40:00Z	C	23.594	1748810400
2025-06-01T20:50:00Z	C	23.594	1748811000
2025-06-01T21:00:00Z	C	23.594	1748811600
2025-06-01T21:10:00Z	C	23.093	1748812200
2025-06-01T21:20:00Z	C	23.093	1748812800
2025-06-01T21:30:00Z	C	23.093	1748813400
2025-06-01T21:40:00Z	C	23.093	1748814000
2025-06-01T21:50:00Z	C	23.093	1748814600
2025-06-01T22:00:00Z	C	22.593	1748815200
2025-06-01T22:10:00Z	C	22.593	1748815800
2025-06-01T22:20:00Z	C	22.593	1748816400
2025-06-01T22:30:00Z	C	22.593	1748817000
2025-06-01T22:40:00Z	C	22.593	1748817600
2025-06-01T22:50:00Z	C	22.593	1748818200
2025-06-01T23:00:00Z	C	22.593	1748818800
2025-06-01T23:10:00Z	C	22.093	1748819400
2025-06-01T23:20:00Z	C	22.593	1748820000
2025-06-01T23:30:00Z	C	22.593	1748820600
2025-06-01T23:40:00Z	C	22.593	1748821200
2025-06-01T23:50:00Z	C	22.593	1748821800
2025-06-02T00:00:00Z	C	21.092	1748822400
2025-06-02T00:10:00Z	C	21.592	1748823000
2025-06-02T00:20:00Z	C	21.592	1748823600
2025-06-02T00:30:00Z	C	21.592	1748824200
2025-06-02T00:40:00Z	C	21.592	1748824800
2025-06-02T00:50:00Z	C	21.592	1748825400
2025-06-02T01:00:00Z	C	21.592	1748826000
2025-06-02T01:10:00Z	C	21.092	1748826600
2025-06-02T01:20:00Z	C	21.092	1748827200
2025-06-02T01:30:00Z	C	21.092	1748827800
2025-06-02T01:40:00Z	C	21.092	1748828400
2025-06-02T01:50:00Z	C	21.092	1748829000
2025-06-02T02:00:00Z	C	21.092	1748829600
2025-06-02T02:10:00Z	C	21.092	1748830200
2025-06-02T02:20:00Z	C	21.092	1748830800
2025-06-02T02:30:00Z	C	21.092	1748831400
2025-06-02T02:40:00Z	C	21.092	1748832000
2025-06-02T02:50:00Z	C	20.591	1748832600
2025-06-02T03:00:00Z	C	20.591	1748833200
2025-06-02T03:10:00Z	C	20.591	1748833800
2025-06-02T03:20:00Z	C	20.591	1748834400
2025-06-02T03:30:00Z	C	20.591	1748835000
2025-06-02T03:40:00Z	C	20.591	1748835600
2025-06-02T03:50:00Z	C	20.591	1748836200
2025-06-02T04:00:00Z	C	20.591	1748836800
2025-06-02T04:10:00Z	C	20.591	1748837400
2025-06-02T04:20:00Z	C	20.591	1748838000
2025-06-02T04:30:00Z	C	20.591	1748838600
2025-06-02T04:40:00Z	C	20.591	1748839200
2025-06-02T04:50:00Z	C	20.591	1748839800
2025-06-02T05:00:00Z	C	20.591	1748840400
2025-06-02T05:10:00Z	C	20.591	1748841000
2025-06-02T05:20:00Z	C	20.091	1748841600
2025-06-02T05:30:00Z	C	20.091	1748842200
2025-06-02T05:40:00Z	C	20.091	1748842800
2025-06-02T05:50:00Z	C	20.591	1748843400
2025-06-02T06:00:00Z	C	20.591	1748844000
2025-06-02T06:10:00Z	C	20.091	1748844600
2025-06-02T06:20:00Z	C	20.091	1748845200
2025-06-02T06:30:00Z	C	20.091	1748845800
2025-06-02T06:40:00Z	C	20.091	1748846400
2025-06-02T06:50:00Z	C	20.091	1748847000
2025-06-02T07:00:00Z	C	20.091	1748847600
2025-06-02T07:10:00Z	C	20.591	1748848200
2025-06-02T07:20:00Z	C	21.092	1748848800
2025-06-02T07:30:00Z	C	22.093	1748849400
2025-06-02T07:40:00Z	C	24.094	1748850000
2025-06-02T07:50:00Z	C	24.594	1748850600
2025-06-02T08:00:00Z	C	26.094	1748851200
2025-06-02T08:10:00Z	C	27.593	1748851800
2025-06-02T08:20:00Z	C	26.593	1748852400
2025-06-02T08:30:00Z	C	28.592	1748853000
2025-06-02T08:40:00Z	C	29.091	1748853600
2025-06-02T08:50:00Z	C	28.592	1748854200
2025-06-02T09:00:00Z	C	26.593	1748854800
2025-06-02T09:10:00Z	C	29.091	1748855400
2025-06-02T09:20:00Z	C	29.091	1748856000
2025-06-02T09:30:00Z	C	27.093	1748856600
2025-06-02T09:40:00Z	C	27.093	1748857200
2025-06-02T09:50:00Z	C	26.094	1748857800
2025-06-02T10:00:00Z	C	26.593	1748858400
2025-06-02T10:10:00Z	C	26.593	1748859000
2025-06-02T10:20:00Z	C	26.593	1748859600
2025-06-02T10:30:00Z	C	26.593	1748860200
2025-06-02T10:40:00Z	C	26.593	1748860800
2025-06-02T10:50:00Z	C	26.593	1748861400
2025-06-02T11:00:00Z	C	27.093	1748862000
2025-06-02T11:10:00Z	C	27.093	1748862600
2025-06-02T11:20:00Z	C	27.093	1748863200
2025-06-02T11:30:00Z	C	27.093	1748863800
2025-06-02T11:40:00Z	C	27.593	1748864400
2025-06-02T11:50:00Z	C	27.593	1748865000
2025-06-02T12:00:00Z	C	27.593	1748865600
2025-06-02T12:10:00Z	C	27.593	1748866200
2025-06-02T12:20:00Z	C	27.593	1748866800
2025-06-02T12:30:00Z	C	27.593	1748867400
2025-06-02T12:40:00Z	C	27.093	1748868000
2025-06-02T12:50:00Z	C	27.093	1748868600
2025-06-02T13:00:00Z	C	28.092	1748869200
2025-06-02T13:10:00Z	C	28.092	1748869800
2025-06-02T13:20:00Z	C	28.092	1748870400
2025-06-02T13:30:00Z	C	28.092	1748871000
2025-06-02T13:40:00Z	C	28.092	1748871600
2025-06-02T13:50:00Z	C	28.092	1748872200
2025-06-02T14:00:00Z	C	28.092	1748872800
2025-06-02T14:10:00Z	C	28.092	1748873400
2025-06-02T14:20:00Z	C	28.592	1748874000
2025-06-02T14:30:00Z	C	28.592	1748874600
2025-06-02T14:40:00Z	C	28.592	1748875200
2025-06-02T14:50:00Z	C	28.592	1748875800
2025-06-02T15:00:00Z	C	28.592	1748876400
2025-06-02T15:10:00Z	C	28.592	1748877000
2025-06-02T15:20:00Z	C	28.592	1748877600
2025-06-02T15:30:00Z	C	28.592	1748878200
2025-06-02T15:40:00Z	C	28.592	1748878800
2025-06-02T15:50:00Z	C	29.091	1748879400
2025-06-02T16:00:00Z	C	29.091	1748880000
2025-06-02T16:10:00Z	C	29.091	1748880600
2025-06-02T16:20:00Z	C	29.091	1748881200
2025-06-02T16:30:00Z	C	29.091	1748881800
2025-06-02T16:40:00Z	C	29.091	1748882400
2025-06-02T16:50:00Z	C	29.091	1748883000
2025-06-02T17:00:00Z	C	29.091	1748883600
2025-06-02T17:10:00Z	C	28.592	1748884200
2025-06-02T17:20:00Z	C	28.592	1748884800
2025-06-02T17:30:00Z	C	28.592	1748885400
2025-06-02T17:40:00Z	C	28.592	1748886000
2025-06-02T17:50:00Z	C	28.092	1748886600
2025-06-02T18:00:00Z	C	28.092	1748887200
2025-06-02T18:10:00Z	C	28.092	1748887800
2025-06-02T18:20:00Z	C	27.593	1748888400
2025-06-02T18:30:00Z	C	27.593	1748889000
2025-06-02T18:40:00Z	C	27.093	1748889600
2025-06-02T18:50:00Z	C	26.593	1748890200
2025-06-02T19:00:00Z	C	26.094	1748890800
2025-06-02T19:10:00Z	C	25.594	1748891400
2025-06-02T19:20:00Z	C	25.594	1748892000
2025-06-02T19:30:00Z	C	25.594	1748892600
2025-06-02T19:40:00Z	C	25.594	1748893200
2025-06-02T19:50:00Z	C	25.094	1748893800
2025-06-02T20:00:00Z	C	24.594	1748894400
2025-06-02T20:10:00Z	C	24.594	1748895000
2025-06-02T20:20:00Z	C	24.094	1748895600
2025-06-02T20:30:00Z	C	24.594	1748896200
2025-06-02T20:40:00Z	C	24.094	1748896800
2025-06-02T20:50:00Z	C	23.594	1748897400
2025-06-02T21:00:00Z	C	24.094	1748898000
2025-06-02T21:10:00Z	C	24.094	1748898600
2025-06-02T21:20:00Z	C	23.594	1748899200
2025-06-02T21:30:00Z	C	23.594	1748899800
2025-06-02T21:40:00Z	C	23.594	1748900400
2025-06-02T21:50:00Z	C	23.594	1748901000
2025-06-02T22:00:00Z	C	23.594	1748901600
2025-06-02T22:10:00Z	C	23.093	1748902200
2025-06-02T22:20:00Z	C	23.093	1748902800
2025-06-02T22:30:00Z	C	23.093	1748903400
2025-06-02T22:40:00Z	C	23.093	1748904000
2025-06-02T22:50:00Z	C	22.593	1748904600
2025-06-02T23:00:00Z	C	23.093	1748905200
2025-06-02T23:10:00Z	C	23.093	1748905800
2025-06-02T23:20:00Z	C	23.093	1748906400
2025-06-02T23:30:00Z	C	23.093	1748907000
2025-06-02T23:40:00Z	C	23.093	1748907600
2025-06-02T23:50:00Z	C	22.593	1748908200
2025-06-03T00:00:00Z	C	22.593	1748908800
2025-06-03T00:10:00Z	C	22.593	1748909400
2025-06-03T00:20:00Z	C	22.593	1748910000
2025-06-03T00:30:00Z	C	22.593	1748910600
2025-06-03T00:40:00Z	C	22.093	1748911200
2025-06-03T00:50:00Z	C	22.093	1748911800
2025-06-03T01:00:00Z	C	21.592	1748912400
2025-06-03T01:10:00Z	C	21.592	1748913000
2025-06-03T01:20:00Z	C	21.592	1748913600
2025-06-03T01:30:00Z	C	21.592	1748914200
2025-06-03T01:40:00Z	C	21.592	1748914800
2025-06-03T01:50:00Z	C	21.092	1748915400
2025-06-03T02:00:00Z	C	21.092	1748916000
2025-06-03T02:10:00Z	C	21.092	1748916600
2025-06-03T02:20:00Z	C	21.092	1748917200
2025-06-03T02:30:00Z	C	21.092	1748917800
2025-06-03T02:40:00Z	C	21.092	1748918400
2025-06-03T02:50:00Z	C	21.092	1748919000
2025-06-03T03:00:00Z	C	20.591	1748919600
2025-06-03T03:10:00Z	C	20.591	1748920200
2025-06-03T03:20:00Z	C	21.092	1748920800
2025-06-03T03:30:00Z	C	21.092	1748921400
2025-06-03T03:40:00Z	C	20.591	1748922000
2025-06-03T03:50:00Z	C	20.591	1748922600
2025-06-03T04:00:00Z	C	20.591	1748923200
2025-06-03T04:10:00Z	C	20.591	1748923800
2025-06-03T04:20:00Z	C	20.591	1748924400
2025-06-03T04:30:00Z	C	20.591	1748925000
2025-06-03T04:40:00Z	C	20.591	1748925600
2025-06-03T04:50:00Z	C	20.591	1748926200
2025-06-03T05:00:00Z	C	20.591	1748926800
2025-06-03T05:10:00Z	C	20.591	1748927400
2025-06-03T05:20:00Z	C	20.091	1748928000
2025-06-03T05:30:00Z	C	20.091	1748928600
2025-06-03T05:40:00Z	C	19.59	1748929200
2025-06-03T05:50:00Z	C	19.59	1748929800
2025-06-03T06:00:00Z	C	20.091	1748930400
2025-06-03T06:10:00Z	C	20.091	1748931000
2025-06-03T06:20:00Z	C	20.091	1748931600
2025-06-03T06:30:00Z	C	20.091	1748932200
2025-06-03T06:40:00Z	C	20.091	1748932800
2025-06-03T06:50:00Z	C	20.091	1748933400
2025-06-03T07:00:00Z	C	20.591	1748934000
2025-06-03T07:10:00Z	C	20.591	1748934600
2025-06-03T07:20:00Z	C	21.092	1748935200
2025-06-03T07:30:00Z	C	22.093	1748935800
2025-06-03T07:40:00Z	C	23.093	1748936400
2025-06-03T07:50:00Z	C	24.094	1748937000
2025-06-03T08:00:00Z	C	25.594	1748937600
2025-06-03T08:10:00Z	C	25.594	1748938200
2025-06-03T08:20:00Z	C	25.594	1748938800
2025-06-03T08:30:00Z	C	25.094	1748939400
2025-06-03T08:40:00Z	C	24.594	1748940000
2025-06-03T08:50:00Z	C	25.094	1748940600
2025-06-03T09:00:00Z	C	24.594	1748941200
2025-06-03T09:10:00Z	C	29.091	1748941800
2025-06-03T09:20:00Z	C	31.089	1748942400
2025-06-03T09:30:00Z	C	31.588	1748943000
2025-06-03T09:40:00Z	C	30.589	1748943600
2025-06-03T09:50:00Z	C	28.592	1748944200
2025-06-03T10:00:00Z	C	28.592	1748944800
2025-06-03T10:10:00Z	C	28.592	1748945400
2025-06-03T10:20:00Z	C	28.592	1748946000
2025-06-03T10:30:00Z	C	29.091	1748946600
2025-06-03T10:40:00Z	C	29.091	1748947200
2025-06-03T10:50:00Z	C	29.091	1748947800
2025-06-03T11:00:00Z	C	28.592	1748948400
2025-06-03T11:10:00Z	C	28.592	1748949000
2025-06-03T11:20:00Z	C	28.092	1748949600
2025-06-03T11:30:00Z	C	28.092	1748950200
2025-06-03T11:40:00Z	C	28.092	1748950800
2025-06-03T11:50:00Z	C	28.592	1748951400
2025-06-03T12:00:00Z	C	28.592	1748952000
2025-06-03T12:10:00Z	C	28.592	1748952600
2025-06-03T12:20:00Z	C	28.592	1748953200
2025-06-03T12:30:00Z	C	28.592	1748953800
2025-06-03T12:40:00Z	C	28.592	1748954400
2025-06-03T12:50:00Z	C	29.091	1748955000
2025-06-03T13:00:00Z	C	28.592	1748955600
2025-06-03T13:10:00Z	C	28.592	1748956200
2025-06-03T13:20:00Z	C	29.091	1748956800
2025-06-03T13:30:00Z	C	29.091	1748957400
2025-06-03T13:40:00Z	C	28.592	1748958000
2025-06-03T13:50:00Z	C	28.592	1748958600
2025-06-03T14:00:00Z	C	26.094	1748959200
2025-06-03T14:10:00Z	C	24.594	1748959800
2025-06-03T14:20:00Z	C	23.093	1748960400
2025-06-03T14:30:00Z	C	23.093	1748961000
2025-06-03T14:40:00Z	C	23.093	1748961600
2025-06-03T14:50:00Z	C	23.594	1748962200
2025-06-03T15:00:00Z	C	23.093	1748962800
2025-06-03T15:10:00Z	C	23.093	1748963400
2025-06-03T15:20:00Z	C	22.593	1748964000
2025-06-03T15:30:00Z	C	22.593	1748964600
2025-06-03T15:40:00Z	C	22.093	1748965200
2025-06-03T15:50:00Z	C	22.093	1748965800
2025-06-03T16:00:00Z	C	22.093	1748966400
2025-06-03T16:10:00Z	C	22.093	1748967000
2025-06-03T16:20:00Z	C	22.093	1748967600
2025-06-03T16:30:00Z	C	22.093	1748968200
2025-06-03T16:40:00Z	C	22.593	1748968800
2025-06-03T16:50:00Z	C	23.093	1748969400
2025-06-03T17:00:00Z	C	22.593	1748970000
2025-06-03T17:10:00Z	C	22.593	1748970600
2025-06-03T17:20:00Z	C	23.093	1748971200
2025-06-03T17:30:00Z	C	23.093	1748971800
2025-06-03T17:40:00Z	C	23.093	1748972400
2025-06-03T17:50:00Z	C	23.093	1748973000
2025-06-03T18:00:00Z	C	23.093	1748973600
2025-06-03T18:10:00Z	C	23.093	1748974200
2025-06-03T18:20:00Z	C	23.093	1748974800
2025-06-03T18:30:00Z	C	23.093	1748975400
2025-06-03T18:40:00Z	C	23.594	1748976000
2025-06-03T18:50:00Z	C	23.093	1748976600
2025-06-03T19:00:00Z	C	22.593	1748977200
2025-06-03T19:10:00Z	C	22.093	1748977800
2025-06-03T19:20:00Z	C	22.093	1748978400
2025-06-03T19:30:00Z	C	22.093	1748979000
2025-06-03T19:40:00Z	C	22.093	1748979600
2025-06-03T19:50:00Z	C	21.592	1748980200
2025-06-03T20:00:00Z	C	21.592	1748980800
2025-06-03T20:10:00Z	C	21.592	1748981400
2025-06-03T20:20:00Z	C	21.592	1748982000
2025-06-03T20:30:00Z	C	21.592	1748982600
2025-06-03T20:40:00Z	C	21.592	1748983200
2025-06-03T20:50:00Z	C	21.592	1748983800
2025-06-03T21:00:00Z	C	21.592	1748984400
2025-06-03T21:10:00Z	C	21.592	1748985000
2025-06-03T21:20:00Z	C	21.092	1748985600
2025-06-03T21:30:00Z	C	21.092	1748986200
2025-06-03T21:40:00Z	C	21.092	1748986800
2025-06-03T21:50:00Z	C	21.092	1748987400
2025-06-03T22:00:00Z	C	20.591	1748988000
2025-06-03T22:10:00Z	C	20.591	1748988600
2025-06-03T22:20:00Z	C	20.591	1748989200
2025-06-03T22:30:00Z	C	20.591	1748989800
2025-06-03T22:40:00Z	C	20.591	1748990400
2025-06-03T22:50:00Z	C	20.591	1748991000
2025-06-03T23:00:00Z	C	20.591	1748991600
2025-06-03T23:10:00Z	C	20.591	1748992200
2025-06-03T23:20:00Z	C	20.591	1748992800
2025-06-03T23:30:00Z	C	20.591	1748993400
2025-06-03T23:40:00Z	C	20.591	1748994000
2025-06-03T23:50:00Z	C	20.591	1748994600
2025-06-04T00:00:00Z	C	20.591	1748995200
2025-06-04T00:10:00Z	C	20.591	1748995800
2025-06-04T00:20:00Z	C	20.591	1748996400
2025-06-04T00:30:00Z	C	20.591	1748997000
2025-06-04T00:40:00Z	C	20.591	1748997600
2025-06-04T00:50:00Z	C	20.591	1748998200
2025-06-04T01:00:00Z	C	20.591	1748998800
2025-06-04T01:10:00Z	C	20.591	1748999400
2025-06-04T01:30:00Z	C	20.591	1749000600
2025-06-04T01:40:00Z	C	20.591	1749001200
2025-06-04T01:50:00Z	C	20.591	1749001800
2025-06-04T02:00:00Z	C	20.591	1749002400
2025-06-04T02:10:00Z	C	20.591	1749003000
2025-06-04T02:20:00Z	C	20.591	1749003600
2025-06-04T02:30:00Z	C	20.591	1749004200
2025-06-04T02:40:00Z	C	21.092	1749004800
2025-06-04T02:50:00Z	C	21.092	1749005400
2025-06-04T03:00:00Z	C	21.092	1749006000
2025-06-04T03:10:00Z	C	20.091	1749006600
2025-06-04T03:20:00Z	C	20.091	1749007200
2025-06-04T03:30:00Z	C	20.091	1749007800
2025-06-04T03:40:00Z	C	20.091	1749008400
2025-06-04T03:50:00Z	C	20.091	1749009000
2025-06-04T04:00:00Z	C	19.59	1749009600
2025-06-04T04:10:00Z	C	19.59	1749010200
2025-06-04T04:20:00Z	C	19.59	1749010800
2025-06-04T04:30:00Z	C	19.59	1749011400
2025-06-04T04:40:00Z	C	19.59	1749012000
2025-06-04T04:50:00Z	C	19.59	1749012600
2025-06-04T05:00:00Z	C	19.089	1749013200
2025-06-04T05:10:00Z	C	19.089	1749013800
2025-06-04T05:20:00Z	C	19.089	1749014400
2025-06-04T05:30:00Z	C	19.089	1749015000
2025-06-04T05:40:00Z	C	19.089	1749015600
2025-06-04T05:50:00Z	C	19.089	1749016200
2025-06-04T06:00:00Z	C	19.59	1749016800
2025-06-04T06:10:00Z	C	19.089	1749017400
2025-06-04T06:20:00Z	C	19.089	1749018000
2025-06-04T06:30:00Z	C	19.089	1749018600
2025-06-04T06:40:00Z	C	18.589	1749019200
2025-06-04T06:50:00Z	C	18.589	1749019800
2025-06-04T07:00:00Z	C	18.589	1749020400
2025-06-04T07:10:00Z	C	19.089	1749021000
2025-06-04T07:20:00Z	C	19.089	1749021600
2025-06-04T07:30:00Z	C	19.59	1749022200
2025-06-04T07:40:00Z	C	19.59	1749022800
2025-06-04T07:50:00Z	C	19.59	1749023400
2025-06-04T08:00:00Z	C	19.59	1749024000
2025-06-04T08:10:00Z	C	20.091	1749024600
2025-06-04T08:20:00Z	C	20.591	1749025200
2025-06-04T08:30:00Z	C	21.592	1749025800
2025-06-04T08:40:00Z	C	22.593	1749026400
2025-06-04T08:50:00Z	C	24.094	1749027000
2025-06-04T09:00:00Z	C	24.594	1749027600
2025-06-04T09:10:00Z	C	25.094	1749028200
2025-06-04T09:20:00Z	C	26.593	1749028800
2025-06-04T09:30:00Z	C	26.593	1749029400
2025-06-04T09:40:00Z	C	26.094	1749030000
2025-06-04T09:50:00Z	C	25.094	1749030600
2025-06-04T10:00:00Z	C	25.094	1749031200
2025-06-04T10:10:00Z	C	25.094	1749031800
2025-06-04T10:20:00Z	C	25.094	1749032400
2025-06-04T10:30:00Z	C	25.094	1749033000
2025-06-04T10:40:00Z	C	25.094	1749033600
2025-06-04T10:50:00Z	C	25.094	1749034200
2025-06-04T11:00:00Z	C	25.094	1749034800
2025-06-04T11:10:00Z	C	25.594	1749035400
2025-06-04T11:20:00Z	C	26.094	1749036000
2025-06-04T11:30:00Z	C	26.094	1749036600
2025-06-04T11:40:00Z	C	26.094	1749037200
2025-06-04T11:50:00Z	C	26.094	1749037800
2025-06-04T12:00:00Z	C	26.593	1749038400
2025-06-04T12:10:00Z	C	26.593	1749039000
2025-06-04T12:20:00Z	C	27.093	1749039600
2025-06-04T12:30:00Z	C	27.093	1749040200
2025-06-04T12:40:00Z	C	27.093	1749040800
2025-06-04T12:50:00Z	C	27.093	1749041400
2025-06-04T13:00:00Z	C	27.093	1749042000
2025-06-04T13:10:00Z	C	27.593	1749042600
2025-06-04T13:20:00Z	C	27.593	1749043200
2025-06-04T13:30:00Z	C	27.593	1749043800
2025-06-04T13:40:00Z	C	27.593	1749044400
2025-06-04T13:50:00Z	C	27.593	1749045000
2025-06-04T14:00:00Z	C	27.593	1749045600
2025-06-04T14:10:00Z	C	27.593	1749046200
2025-06-04T14:20:00Z	C	28.092	1749046800
2025-06-04T14:30:00Z	C	28.092	1749047400
2025-06-04T14:40:00Z	C	28.092	1749048000
2025-06-04T14:50:00Z	C	28.092	1749048600
2025-06-04T15:00:00Z	C	27.593	1749049200
2025-06-04T15:10:00Z	C	28.092	1749049800
2025-06-04T15:20:00Z	C	27.593	1749050400
2025-06-04T15:30:00Z	C	28.092	1749051000
2025-06-04T15:40:00Z	C	28.092	1749051600
2025-06-04T15:50:00Z	C	28.092	1749052200
2025-06-04T16:00:00Z	C	28.092	1749052800
2025-06-04T16:10:00Z	C	27.593	1749053400
2025-06-04T16:20:00Z	C	28.092	1749054000
2025-06-04T16:30:00Z	C	27.593	1749054600
2025-06-04T16:40:00Z	C	27.593	1749055200
2025-06-04T16:50:00Z	C	27.593	1749055800
2025-06-04T17:00:00Z	C	27.593	1749056400
2025-06-04T17:10:00Z	C	27.593	1749057000
2025-06-04T17:20:00Z	C	27.593	1749057600
2025-06-04T17:30:00Z	C	27.093	1749058200
2025-06-04T17:40:00Z	C	27.093	1749058800
2025-06-04T17:50:00Z	C	27.093	1749059400
2025-06-04T18:00:00Z	C	27.093	1749060000
2025-06-04T18:10:00Z	C	27.093	1749060600
2025-06-04T18:20:00Z	C	26.593	1749061200
2025-06-04T18:30:00Z	C	26.593	1749061800
2025-06-04T18:40:00Z	C	26.094	1749062400
2025-06-04T18:50:00Z	C	25.594	1749063000
2025-06-04T19:00:00Z	C	25.094	1749063600
2025-06-04T19:10:00Z	C	24.594	1749064200
2025-06-04T19:20:00Z	C	24.594	1749064800
2025-06-04T19:30:00Z	C	24.094	1749065400
2025-06-04T19:40:00Z	C	24.094	1749066000
2025-06-04T19:50:00Z	C	24.094	1749066600
2025-06-04T20:00:00Z	C	24.094	1749067200
2025-06-04T20:10:00Z	C	24.094	1749067800
2025-06-04T20:20:00Z	C	23.594	1749068400
2025-06-04T20:30:00Z	C	23.594	1749069000
2025-06-04T20:40:00Z	C	23.594	1749069600
2025-06-04T20:50:00Z	C	23.594	1749070200
2025-06-04T21:00:00Z	C	23.594	1749070800
2025-06-04T21:10:00Z	C	23.594	1749071400
2025-06-04T21:20:00Z	C	23.093	1749072000
2025-06-04T21:30:00Z	C	23.093	1749072600
2025-06-04T21:40:00Z	C	23.093	1749073200
2025-06-04T21:50:00Z	C	23.093	1749073800
2025-06-04T22:00:00Z	C	23.093	1749074400
2025-06-04T22:10:00Z	C	22.593	1749075000
2025-06-04T22:20:00Z	C	22.593	1749075600
2025-06-04T22:30:00Z	C	22.593	1749076200
2025-06-04T22:40:00Z	C	22.093	1749076800
2025-06-04T22:50:00Z	C	22.093	1749077400
2025-06-04T23:00:00Z	C	21.592	1749078000
2025-06-04T23:10:00Z	C	22.093	1749078600
2025-06-04T23:20:00Z	C	22.093	1749079200
2025-06-04T23:30:00Z	C	22.093	1749079800
2025-06-04T23:40:00Z	C	21.592	1749080400
2025-06-04T23:50:00Z	C	21.592	1749081000
2025-06-05T00:00:00Z	C	21.592	1749081600
2025-06-05T00:10:00Z	C	21.592	1749082200
2025-06-05T00:20:00Z	C	21.592	1749082800
2025-06-05T00:30:00Z	C	22.093	1749083400
2025-06-05T00:40:00Z	C	22.093	1749084000
2025-06-05T00:50:00Z	C	21.592	1749084600
2025-06-05T01:00:00Z	C	19.59	1749085200
2025-06-05T01:10:00Z	C	18.589	1749085800
2025-06-05T01:20:00Z	C	17.587	1749086400
2025-06-05T01:30:00Z	C	17.086	1749087000
2025-06-05T01:40:00Z	C	17.086	1749087600
2025-06-05T01:50:00Z	C	17.086	1749088200
2025-06-05T02:00:00Z	C	17.086	1749088800
2025-06-05T02:10:00Z	C	17.086	1749089400
2025-06-05T02:20:00Z	C	17.086	1749090000
2025-06-05T02:30:00Z	C	17.086	1749090600
2025-06-05T02:40:00Z	C	17.086	1749091200
2025-06-05T02:50:00Z	C	16.585	1749091800
2025-06-05T03:00:00Z	C	16.585	1749092400
2025-06-05T03:10:00Z	C	16.585	1749093000
2025-06-05T03:20:00Z	C	16.585	1749093600
2025-06-05T03:30:00Z	C	17.086	1749094200
2025-06-05T03:40:00Z	C	17.086	1749094800
2025-06-05T03:50:00Z	C	17.086	1749095400
2025-06-05T04:00:00Z	C	17.086	1749096000
2025-06-05T04:10:00Z	C	17.086	1749096600
2025-06-05T04:20:00Z	C	17.587	1749097200
2025-06-05T04:30:00Z	C	17.587	1749097800
2025-06-05T04:40:00Z	C	17.587	1749098400
2025-06-05T04:50:00Z	C	17.587	1749099000
2025-06-05T05:00:00Z	C	17.587	1749099600
2025-06-05T05:10:00Z	C	18.088	1749100200
2025-06-05T05:20:00Z	C	18.088	1749100800
2025-06-05T05:30:00Z	C	18.589	1749101400
2025-06-05T05:40:00Z	C	18.589	1749102000
2025-06-05T05:50:00Z	C	18.589	1749102600
2025-06-05T06:00:00Z	C	18.589	1749103200
2025-06-05T06:10:00Z	C	18.589	1749103800
2025-06-05T06:20:00Z	C	18.589	1749104400
2025-06-05T06:30:00Z	C	18.589	1749105000
2025-06-05T06:40:00Z	C	18.589	1749105600
2025-06-05T06:50:00Z	C	18.589	1749106200
2025-06-05T07:00:00Z	C	18.589	1749106800
2025-06-05T07:10:00Z	C	19.089	1749107400
2025-06-05T07:20:00Z	C	19.089	1749108000
2025-06-05T07:30:00Z	C	19.089	1749108600
2025-06-05T07:40:00Z	C	19.089	1749109200
2025-06-05T07:50:00Z	C	19.089	1749109800
2025-06-05T08:00:00Z	C	19.089	1749110400
2025-06-05T08:10:00Z	C	19.59	1749111000
2025-06-05T08:20:00Z	C	19.59	1749111600
2025-06-05T08:30:00Z	C	19.59	1749112200
2025-06-05T08:40:00Z	C	20.091	1749112800
2025-06-05T08:50:00Z	C	20.091	1749113400
2025-06-05T09:00:00Z	C	20.091	1749114000
2025-06-05T09:10:00Z	C	20.091	1749114600
2025-06-05T09:20:00Z	C	20.091	1749115200
2025-06-05T09:30:00Z	C	20.591	1749115800
2025-06-05T09:40:00Z	C	20.591	1749116400
2025-06-05T09:50:00Z	C	21.092	1749117000
2025-06-05T10:00:00Z	C	21.092	1749117600
2025-06-05T10:10:00Z	C	21.092	1749118200
2025-06-05T10:20:00Z	C	21.092	1749118800
2025-06-05T10:30:00Z	C	21.592	1749119400
2025-06-05T10:40:00Z	C	21.092	1749120000
2025-06-05T10:50:00Z	C	21.592	1749120600
2025-06-05T11:00:00Z	C	22.093	1749121200
2025-06-05T11:10:00Z	C	22.593	1749121800
2025-06-05T11:20:00Z	C	23.093	1749122400
2025-06-05T11:30:00Z	C	23.594	1749123000
2025-06-05T11:40:00Z	C	24.594	1749123600
2025-06-05T11:50:00Z	C	24.594	1749124200
2025-06-05T12:00:00Z	C	24.594	1749124800
2025-06-05T12:10:00Z	C	25.094	1749125400
2025-06-05T12:20:00Z	C	25.094	1749126000
2025-06-05T12:30:00Z	C	25.594	1749126600
2025-06-05T12:40:00Z	C	26.094	1749127200
2025-06-05T12:50:00Z	C	26.094	1749127800
2025-06-05T13:00:00Z	C	26.593	1749128400
2025-06-05T13:10:00Z	C	27.093	1749129000
2025-06-05T13:20:00Z	C	27.593	1749129600
2025-06-05T13:30:00Z	C	27.593	1749130200
2025-06-05T13:40:00Z	C	27.593	1749130800
2025-06-05T13:50:00Z	C	27.593	1749131400
2025-06-05T14:00:00Z	C	28.092	1749132000
2025-06-05T14:10:00Z	C	28.092	1749132600
2025-06-05T14:20:00Z	C	28.592	1749133200
2025-06-05T14:30:00Z	C	28.092	1749133800
2025-06-05T14:40:00Z	C	28.092	1749134400
2025-06-05T14:50:00Z	C	28.092	1749135000
2025-06-05T15:00:00Z	C	27.093	1749135600
2025-06-05T15:10:00Z	C	27.093	1749136200
2025-06-05T15:20:00Z	C	27.093	1749136800
2025-06-05T15:30:00Z	C	27.593	1749137400
2025-06-05T15:40:00Z	C	27.093	1749138000
2025-06-05T15:50:00Z	C	26.593	1749138600
2025-06-05T16:00:00Z	C	26.094	1749139200
2025-06-05T16:10:00Z	C	26.593	1749139800
2025-06-05T16:20:00Z	C	26.094	1749140400
2025-06-05T16:30:00Z	C	25.594	1749141000
2025-06-05T16:40:00Z	C	25.594	1749141600
2025-06-05T16:50:00Z	C	25.594	1749142200
2025-06-05T17:00:00Z	C	25.094	1749142800
2025-06-05T17:10:00Z	C	24.594	1749143400
2025-06-05T17:20:00Z	C	24.594	1749144000
2025-06-05T17:30:00Z	C	24.094	1749144600
2025-06-05T17:40:00Z	C	24.094	1749145200
2025-06-05T17:50:00Z	C	24.094	1749145800
2025-06-05T18:00:00Z	C	24.094	1749146400
2025-06-05T18:10:00Z	C	24.094	1749147000
2025-06-05T18:20:00Z	C	24.094	1749147600
2025-06-05T18:30:00Z	C	23.594	1749148200
2025-06-05T18:40:00Z	C	23.594	1749148800
2025-06-05T18:50:00Z	C	23.594	1749149400
2025-06-05T19:00:00Z	C	23.594	1749150000
2025-06-05T19:10:00Z	C	23.594	1749150600
2025-06-05T19:20:00Z	C	23.594	1749151200
2025-06-05T19:30:00Z	C	23.594	1749151800
2025-06-05T19:40:00Z	C	23.594	1749152400
2025-06-05T19:50:00Z	C	23.594	1749153000
2025-06-05T20:00:00Z	C	23.093	1749153600
2025-06-05T20:10:00Z	C	23.093	1749154200
2025-06-05T20:20:00Z	C	23.093	1749154800
2025-06-05T20:30:00Z	C	22.593	1749155400
2025-06-05T20:40:00Z	C	22.593	1749156000
2025-06-05T20:50:00Z	C	22.593	1749156600
2025-06-05T21:00:00Z	C	22.593	1749157200
2025-06-05T21:10:00Z	C	22.593	1749157800
2025-06-05T21:20:00Z	C	22.593	1749158400
2025-06-05T21:30:00Z	C	22.593	1749159000
2025-06-05T21:40:00Z	C	22.593	1749159600
2025-06-05T21:50:00Z	C	22.593	1749160200
2025-06-05T22:00:00Z	C	22.093	1749160800
2025-06-05T22:10:00Z	C	22.093	1749161400
2025-06-05T22:20:00Z	C	22.093	1749162000
2025-06-05T22:30:00Z	C	22.093	1749162600
2025-06-05T22:40:00Z	C	22.093	1749163200
2025-06-05T22:50:00Z	C	21.592	1749163800
2025-06-05T23:00:00Z	C	21.592	1749164400
2025-06-05T23:10:00Z	C	21.592	1749165000
2025-06-05T23:20:00Z	C	21.092	1749165600
2025-06-05T23:30:00Z	C	21.092	1749166200
2025-06-05T23:40:00Z	C	21.092	1749166800
2025-06-05T23:50:00Z	C	21.092	1749167400
2025-06-06T00:00:00Z	C	21.092	1749168000
2025-06-06T00:10:00Z	C	21.092	1749168600
2025-06-06T00:20:00Z	C	20.591	1749169200
2025-06-06T00:30:00Z	C	20.591	1749169800
2025-06-06T00:40:00Z	C	20.591	1749170400
2025-06-06T00:50:00Z	C	20.591	1749171000
2025-06-06T01:00:00Z	C	20.591	1749171600
2025-06-06T01:10:00Z	C	20.591	1749172200
2025-06-06T01:20:00Z	C	20.591	1749172800
2025-06-06T01:30:00Z	C	20.591	1749173400
2025-06-06T01:40:00Z	C	20.591	1749174000
2025-06-06T01:50:00Z	C	20.591	1749174600
2025-06-06T02:00:00Z	C	20.591	1749175200
2025-06-06T02:10:00Z	C	20.591	1749175800
2025-06-06T02:20:00Z	C	20.591	1749176400
2025-06-06T02:30:00Z	C	20.591	1749177000
2025-06-06T02:40:00Z	C	20.591	1749177600
2025-06-06T02:50:00Z	C	20.591	1749178200
2025-06-06T03:00:00Z	C	20.591	1749178800
2025-06-06T03:10:00Z	C	20.591	1749179400
2025-06-06T03:20:00Z	C	20.591	1749180000
2025-06-06T03:30:00Z	C	20.591	1749180600
2025-06-06T03:40:00Z	C	20.591	1749181200
2025-06-06T03:50:00Z	C	20.591	1749181800
2025-06-06T04:00:00Z	C	20.591	1749182400
2025-06-06T04:10:00Z	C	20.591	1749183000
2025-06-06T04:20:00Z	C	20.591	1749183600
2025-06-06T04:30:00Z	C	20.591	1749184200
2025-06-06T04:40:00Z	C	20.591	1749184800
2025-06-06T04:50:00Z	C	20.591	1749185400
2025-06-06T05:00:00Z	C	20.591	1749186000
2025-06-06T05:10:00Z	C	20.591	1749186600
2025-06-06T05:20:00Z	C	20.591	1749187200
2025-06-06T05:30:00Z	C	20.591	1749187800
2025-06-06T05:40:00Z	C	20.591	1749188400
2025-06-06T05:50:00Z	C	20.591	1749189000
2025-06-06T06:00:00Z	C	20.591	1749189600
2025-06-06T06:10:00Z	C	20.591	1749190200
2025-06-06T06:20:00Z	C	20.591	1749190800
2025-06-06T06:30:00Z	C	20.591	1749191400
2025-06-06T06:40:00Z	C	20.591	1749192000
2025-06-06T06:50:00Z	C	20.591	1749192600
2025-06-06T07:00:00Z	C	20.591	1749193200
2025-06-06T07:10:00Z	C	20.591	1749193800
2025-06-06T07:20:00Z	C	20.591	1749194400
2025-06-06T07:30:00Z	C	20.591	1749195000
2025-06-06T07:40:00Z	C	20.591	1749195600
2025-06-06T07:50:00Z	C	21.092	1749196200
2025-06-06T08:00:00Z	C	21.092	1749196800
2025-06-06T08:10:00Z	C	21.592	1749197400
2025-06-06T08:20:00Z	C	22.093	1749198000
2025-06-06T08:30:00Z	C	23.594	1749198600
2025-06-06T08:40:00Z	C	25.094	1749199200
2025-06-06T08:50:00Z	C	25.094	1749199800
2025-06-06T09:00:00Z	C	25.094	1749200400
2025-06-06T09:10:00Z	C	28.592	1749201000
2025-06-06T09:20:00Z	C	28.592	1749201600
2025-06-06T09:30:00Z	C	29.591	1749202200
2025-06-06T09:40:00Z	C	28.592	1749202800
2025-06-06T09:50:00Z	C	26.593	1749203400
2025-06-06T10:00:00Z	C	26.593	1749204000
2025-06-06T10:10:00Z	C	26.094	1749204600
2025-06-06T10:20:00Z	C	26.094	1749205200
2025-06-06T10:30:00Z	C	26.593	1749205800
2025-06-06T10:40:00Z	C	26.593	1749206400
2025-06-06T10:50:00Z	C	26.094	1749207000
2025-06-06T11:00:00Z	C	26.094	1749207600
2025-06-06T11:10:00Z	C	27.093	1749208200
2025-06-06T11:20:00Z	C	27.093	1749208800
2025-06-06T11:30:00Z	C	27.093	1749209400
2025-06-06T11:40:00Z	C	26.593	1749210000
2025-06-06T11:50:00Z	C	26.593	1749210600
2025-06-06T12:00:00Z	C	26.593	1749211200
2025-06-06T12:10:00Z	C	27.093	1749211800
2025-06-06T12:20:00Z	C	27.093	1749212400
2025-06-06T12:30:00Z	C	27.093	1749213000
2025-06-06T12:40:00Z	C	27.093	1749213600
2025-06-06T12:50:00Z	C	27.093	1749214200
2025-06-06T13:00:00Z	C	27.093	1749214800
2025-06-06T13:10:00Z	C	27.093	1749215400
2025-06-06T13:20:00Z	C	26.593	1749216000
2025-06-06T13:30:00Z	C	27.093	1749216600
2025-06-06T13:40:00Z	C	27.093	1749217200
2025-06-06T13:50:00Z	C	27.093	1749217800
2025-06-06T14:00:00Z	C	27.093	1749218400
2025-06-06T14:10:00Z	C	27.093	1749219000
2025-06-06T14:20:00Z	C	27.093	1749219600
2025-06-06T14:30:00Z	C	27.093	1749220200
2025-06-06T14:40:00Z	C	27.093	1749220800
2025-06-06T14:50:00Z	C	27.093	1749221400
2025-06-06T15:00:00Z	C	27.093	1749222000
2025-06-06T15:10:00Z	C	27.593	1749222600
2025-06-06T15:20:00Z	C	27.093	1749223200
2025-06-06T15:30:00Z	C	27.593	1749223800
2025-06-06T15:40:00Z	C	27.593	1749224400
2025-06-06T15:50:00Z	C	27.593	1749225000
2025-06-06T16:00:00Z	C	27.593	1749225600
2025-06-06T16:10:00Z	C	27.093	1749226200
2025-06-06T16:20:00Z	C	28.092	1749226800
2025-06-06T16:30:00Z	C	27.593	1749227400
2025-06-06T16:40:00Z	C	27.093	1749228000
2025-06-06T16:50:00Z	C	27.093	1749228600
2025-06-06T17:00:00Z	C	27.093	1749229200
2025-06-06T17:10:00Z	C	27.093	1749229800
2025-06-06T17:20:00Z	C	27.093	1749230400
2025-06-06T17:30:00Z	C	26.593	1749231000
2025-06-06T17:40:00Z	C	26.593	1749231600
2025-06-06T17:50:00Z	C	26.593	1749232200
2025-06-06T18:00:00Z	C	26.593	1749232800
2025-06-06T18:10:00Z	C	25.594	1749233400
2025-06-06T18:20:00Z	C	25.094	1749234000
2025-06-06T18:30:00Z	C	25.094	1749234600
2025-06-06T18:40:00Z	C	24.594	1749235200
2025-06-06T18:50:00Z	C	24.094	1749235800
2025-06-06T19:00:00Z	C	24.094	1749236400
2025-06-06T19:10:00Z	C	23.594	1749237000
2025-06-06T19:20:00Z	C	23.594	1749237600
2025-06-06T19:30:00Z	C	24.094	1749238200
2025-06-06T19:40:00Z	C	23.594	1749238800
2025-06-06T19:50:00Z	C	23.594	1749239400
2025-06-06T20:00:00Z	C	23.093	1749240000
2025-06-06T20:10:00Z	C	23.093	1749240600
2025-06-06T20:20:00Z	C	23.093	1749241200
2025-06-06T20:30:00Z	C	22.593	1749241800
2025-06-06T20:40:00Z	C	22.593	1749242400
2025-06-06T20:50:00Z	C	22.593	1749243000
2025-06-06T21:00:00Z	C	22.093	1749243600
2025-06-06T21:10:00Z	C	22.593	1749244200
2025-06-06T21:20:00Z	C	22.593	1749244800
2025-06-06T21:30:00Z	C	22.093	1749245400
2025-06-06T21:40:00Z	C	22.093	1749246000
2025-06-06T21:50:00Z	C	22.093	1749246600
2025-06-06T22:00:00Z	C	22.093	1749247200
2025-06-06T22:10:00Z	C	22.093	1749247800
2025-06-06T22:20:00Z	C	21.592	1749248400
2025-06-06T22:30:00Z	C	21.592	1749249000
2025-06-06T22:40:00Z	C	21.592	1749249600
2025-06-06T22:50:00Z	C	21.592	1749250200
2025-06-06T23:00:00Z	C	21.592	1749250800
2025-06-06T23:10:00Z	C	21.592	1749251400
2025-06-06T23:20:00Z	C	21.592	1749252000
2025-06-06T23:30:00Z	C	21.592	1749252600
2025-06-06T23:40:00Z	C	21.592	1749253200
2025-06-06T23:50:00Z	C	21.592	1749253800
2025-06-07T00:00:00Z	C	21.592	1749254400
2025-06-07T00:10:00Z	C	21.092	1749255000
2025-06-07T00:20:00Z	C	21.092	1749255600
2025-06-07T00:30:00Z	C	21.092	1749256200
2025-06-07T00:40:00Z	C	21.092	1749256800
2025-06-07T00:50:00Z	C	21.092	1749257400
2025-06-07T01:00:00Z	C	21.092	1749258000
2025-06-07T01:10:00Z	C	21.092	1749258600
2025-06-07T01:20:00Z	C	21.092	1749259200
2025-06-07T01:30:00Z	C	21.092	1749259800
2025-06-07T01:40:00Z	C	20.591	1749260400
2025-06-07T01:50:00Z	C	19.089	1749261000
2025-06-07T02:00:00Z	C	18.589	1749261600
2025-06-07T02:10:00Z	C	18.589	1749262200
2025-06-07T02:20:00Z	C	18.589	1749262800
2025-06-07T02:30:00Z	C	18.589	1749263400
2025-06-07T02:40:00Z	C	18.589	1749264000
2025-06-07T02:50:00Z	C	18.589	1749264600
2025-06-07T03:00:00Z	C	18.589	1749265200
2025-06-07T03:10:00Z	C	19.089	1749265800
2025-06-07T03:20:00Z	C	19.089	1749266400
2025-06-07T03:30:00Z	C	19.59	1749267000
2025-06-07T03:40:00Z	C	19.089	1749267600
2025-06-07T03:50:00Z	C	19.59	1749268200
2025-06-07T04:00:00Z	C	19.089	1749268800
2025-06-07T04:10:00Z	C	19.089	1749269400
2025-06-07T04:20:00Z	C	19.59	1749270000
2025-06-07T04:30:00Z	C	19.59	1749270600
2025-06-07T04:40:00Z	C	19.59	1749271200
2025-06-07T04:50:00Z	C	19.59	1749271800
2025-06-07T05:00:00Z	C	19.59	1749272400
2025-06-07T05:10:00Z	C	19.59	1749273000
2025-06-07T05:20:00Z	C	19.089	1749273600
2025-06-07T05:30:00Z	C	19.089	1749274200
2025-06-07T05:40:00Z	C	19.089	1749274800
2025-06-07T05:50:00Z	C	19.089	1749275400
2025-06-07T06:00:00Z	C	19.089	1749276000
2025-06-07T06:10:00Z	C	19.089	1749276600
2025-06-07T06:20:00Z	C	18.589	1749277200
2025-06-07T06:30:00Z	C	19.089	1749277800
2025-06-07T06:40:00Z	C	19.089	1749278400
2025-06-07T06:50:00Z	C	19.089	1749279000
2025-06-07T07:00:00Z	C	19.089	1749279600
2025-06-07T07:10:00Z	C	19.089	1749280200
2025-06-07T07:20:00Z	C	19.59	1749280800
2025-06-07T07:30:00Z	C	19.59	1749281400
2025-06-07T07:40:00Z	C	19.59	1749282000
2025-06-07T07:50:00Z	C	20.091	1749282600
2025-06-07T08:00:00Z	C	20.091	1749283200
2025-06-07T08:10:00Z	C	20.091	1749283800
2025-06-07T08:20:00Z	C	20.591	1749284400
2025-06-07T08:30:00Z	C	20.591	1749285000
2025-06-07T08:40:00Z	C	20.591	1749285600
2025-06-07T08:50:00Z	C	21.092	1749286200
2025-06-07T09:00:00Z	C	21.592	1749286800
2025-06-07T09:10:00Z	C	22.093	1749287400
2025-06-07T09:20:00Z	C	22.593	1749288000
2025-06-07T09:30:00Z	C	23.093	1749288600
2025-06-07T09:40:00Z	C	23.594	1749289200
2025-06-07T09:50:00Z	C	24.094	1749289800
2025-06-07T10:00:00Z	C	24.094	1749290400
2025-06-07T10:10:00Z	C	24.594	1749291000
2025-06-07T10:20:00Z	C	24.594	1749291600
2025-06-07T10:30:00Z	C	25.094	1749292200
2025-06-07T10:40:00Z	C	25.094	1749292800
2025-06-07T10:50:00Z	C	25.094	1749293400
2025-06-07T11:00:00Z	C	25.594	1749294000
2025-06-07T11:10:00Z	C	25.594	1749294600
2025-06-07T11:20:00Z	C	25.594	1749295200
2025-06-07T11:30:00Z	C	26.094	1749295800
2025-06-07T11:40:00Z	C	25.594	1749296400
2025-06-07T11:50:00Z	C	26.094	1749297000
2025-06-07T12:00:00Z	C	26.094	1749297600
2025-06-07T12:10:00Z	C	26.094	1749298200
2025-06-07T12:20:00Z	C	26.094	1749298800
2025-06-07T12:30:00Z	C	26.094	1749299400
2025-06-07T12:40:00Z	C	26.094	1749300000
2025-06-07T12:50:00Z	C	26.094	1749300600
2025-06-07T13:00:00Z	C	26.094	1749301200
2025-06-07T13:10:00Z	C	26.094	1749301800
2025-06-07T13:20:00Z	C	26.094	1749302400
2025-06-07T13:30:00Z	C	26.094	1749303000
2025-06-07T13:40:00Z	C	26.593	1749303600
2025-06-07T13:50:00Z	C	26.593	1749304200
2025-06-07T14:00:00Z	C	26.593	1749304800
2025-06-07T14:10:00Z	C	26.593	1749305400
2025-06-07T14:20:00Z	C	26.593	1749306000
2025-06-07T14:30:00Z	C	26.593	1749306600
2025-06-07T14:40:00Z	C	27.093	1749307200
2025-06-07T14:50:00Z	C	27.093	1749307800
2025-06-07T15:00:00Z	C	26.593	1749308400
2025-06-07T15:10:00Z	C	27.093	1749309000
2025-06-07T15:20:00Z	C	27.093	1749309600
2025-06-07T15:30:00Z	C	27.093	1749310200
2025-06-07T15:40:00Z	C	27.093	1749310800
2025-06-07T15:50:00Z	C	27.093	1749311400
2025-06-07T16:00:00Z	C	27.093	1749312000
2025-06-07T16:10:00Z	C	27.093	1749312600
2025-06-07T16:20:00Z	C	26.593	1749313200
2025-06-07T16:30:00Z	C	26.593	1749313800
2025-06-07T16:40:00Z	C	26.593	1749314400
2025-06-07T16:50:00Z	C	27.093	1749315000
2025-06-07T17:00:00Z	C	26.593	1749315600
2025-06-07T17:10:00Z	C	26.593	1749316200
2025-06-07T17:20:00Z	C	26.593	1749316800
2025-06-07T17:30:00Z	C	26.593	1749317400
2025-06-07T17:40:00Z	C	26.094	1749318000
2025-06-07T17:50:00Z	C	26.094	1749318600
2025-06-07T18:00:00Z	C	26.094	1749319200
2025-06-07T18:10:00Z	C	25.594	1749319800
2025-06-07T18:20:00Z	C	25.594	1749320400
2025-06-07T18:30:00Z	C	25.594	1749321000
2025-06-07T18:40:00Z	C	25.094	1749321600
2025-06-07T18:50:00Z	C	24.594	1749322200
2025-06-07T19:00:00Z	C	24.594	1749322800
2025-06-07T19:10:00Z	C	24.094	1749323400
2025-06-07T19:20:00Z	C	24.094	1749324000
2025-06-07T19:30:00Z	C	24.094	1749324600
2025-06-07T19:40:00Z	C	24.094	1749325200
2025-06-07T19:50:00Z	C	23.594	1749325800
2025-06-07T20:00:00Z	C	23.594	1749326400
2025-06-07T20:10:00Z	C	23.594	1749327000
2025-06-07T20:20:00Z	C	23.594	1749327600
2025-06-07T20:30:00Z	C	23.093	1749328200
2025-06-07T20:40:00Z	C	23.093	1749328800
2025-06-07T20:50:00Z	C	23.093	1749329400
2025-06-07T21:00:00Z	C	22.593	1749330000
2025-06-07T21:10:00Z	C	22.593	1749330600
2025-06-07T21:20:00Z	C	22.593	1749331200
2025-06-07T21:30:00Z	C	22.593	1749331800
2025-06-07T21:40:00Z	C	22.593	1749332400
2025-06-07T21:50:00Z	C	22.093	1749333000
2025-06-07T22:00:00Z	C	22.093	1749333600
2025-06-07T22:10:00Z	C	22.093	1749334200
2025-06-07T22:20:00Z	C	22.093	1749334800
2025-06-07T22:30:00Z	C	22.093	1749335400
2025-06-07T22:40:00Z	C	21.592	1749336000
2025-06-07T22:50:00Z	C	21.592	1749336600
2025-06-07T23:00:00Z	C	21.592	1749337200
2025-06-07T23:10:00Z	C	21.592	1749337800
2025-06-07T23:20:00Z	C	21.592	1749338400
2025-06-07T23:30:00Z	C	21.592	1749339000
2025-06-07T23:40:00Z	C	21.592	1749339600
2025-06-07T23:50:00Z	C	21.592	1749340200
2025-06-08T00:00:00Z	C	21.592	1749340800
2025-06-08T00:10:00Z	C	21.592	1749341400
2025-06-08T00:20:00Z	C	21.592	1749342000
2025-06-08T00:30:00Z	C	21.592	1749342600
2025-06-08T00:40:00Z	C	21.592	1749343200
2025-06-08T00:50:00Z	C	21.092	1749343800
2025-06-08T01:00:00Z	C	21.092	1749344400
2025-06-08T01:10:00Z	C	21.592	1749345000
2025-06-08T01:20:00Z	C	21.092	1749345600
2025-06-08T01:30:00Z	C	21.092	1749346200
2025-06-08T01:40:00Z	C	21.092	1749346800
2025-06-08T01:50:00Z	C	21.092	1749347400
2025-06-08T02:00:00Z	C	21.092	1749348000
2025-06-08T02:10:00Z	C	20.591	1749348600
2025-06-08T02:20:00Z	C	20.591	1749349200
2025-06-08T02:30:00Z	C	20.591	1749349800
2025-06-08T02:40:00Z	C	20.091	1749350400
2025-06-08T02:50:00Z	C	20.091	1749351000
2025-06-08T03:00:00Z	C	20.091	1749351600
2025-06-08T03:10:00Z	C	20.591	1749352200
2025-06-08T03:20:00Z	C	20.591	1749352800
2025-06-08T03:30:00Z	C	20.091	1749353400
2025-06-08T03:40:00Z	C	20.091	1749354000
2025-06-08T03:50:00Z	C	20.591	1749354600
2025-06-08T04:00:00Z	C	20.091	1749355200
2025-06-08T04:10:00Z	C	19.59	1749355800
2025-06-08T04:20:00Z	C	20.091	1749356400
2025-06-08T04:30:00Z	C	20.091	1749357000
2025-06-08T04:40:00Z	C	20.091	1749357600
2025-06-08T04:50:00Z	C	20.091	1749358200
2025-06-08T05:00:00Z	C	20.091	1749358800
2025-06-08T05:10:00Z	C	20.091	1749359400
2025-06-08T05:20:00Z	C	19.59	1749360000
2025-06-08T05:30:00Z	C	20.091	1749360600
2025-06-08T05:40:00Z	C	20.091	1749361200
2025-06-08T05:50:00Z	C	19.59	1749361800
2025-06-08T06:00:00Z	C	19.59	1749362400
2025-06-08T06:10:00Z	C	19.59	1749363000
2025-06-08T06:20:00Z	C	19.59	1749363600
2025-06-08T06:30:00Z	C	19.59	1749364200
2025-06-08T06:40:00Z	C	19.59	1749364800
2025-06-08T06:50:00Z	C	19.59	1749365400
2025-06-08T07:00:00Z	C	19.59	1749366000
2025-06-08T07:10:00Z	C	19.59	1749366600
2025-06-08T07:20:00Z	C	20.591	1749367200
2025-06-08T07:30:00Z	C	21.592	1749367800
2025-06-08T07:40:00Z	C	23.093	1749368400
2025-06-08T07:50:00Z	C	24.094	1749369000
2025-06-08T08:00:00Z	C	25.094	1749369600
2025-06-08T08:10:00Z	C	26.593	1749370200
2025-06-08T08:20:00Z	C	26.094	1749370800
2025-06-08T08:30:00Z	C	27.093	1749371400
2025-06-08T08:40:00Z	C	27.593	1749372000
2025-06-08T08:50:00Z	C	27.593	1749372600
2025-06-08T09:00:00Z	C	25.094	1749373200
2025-06-08T09:10:00Z	C	27.093	1749373800
2025-06-08T09:20:00Z	C	27.593	1749374400
2025-06-08T09:30:00Z	C	28.092	1749375000
2025-06-08T09:40:00Z	C	27.093	1749375600
2025-06-08T09:50:00Z	C	25.594	1749376200
2025-06-08T10:00:00Z	C	25.594	1749376800
2025-06-08T10:10:00Z	C	26.094	1749377400
2025-06-08T10:20:00Z	C	26.094	1749378000
2025-06-08T10:30:00Z	C	26.094	1749378600
2025-06-08T10:40:00Z	C	26.593	1749379200
2025-06-08T10:50:00Z	C	26.593	1749379800
2025-06-08T11:00:00Z	C	26.593	1749380400
2025-06-08T11:10:00Z	C	27.093	1749381000
2025-06-08T11:20:00Z	C	27.093	1749381600
2025-06-08T11:30:00Z	C	27.093	1749382200
2025-06-08T11:40:00Z	C	26.593	1749382800
2025-06-08T11:50:00Z	C	26.593	1749383400
2025-06-08T12:00:00Z	C	27.093	1749384000
2025-06-08T12:10:00Z	C	26.593	1749384600
2025-06-08T12:20:00Z	C	27.093	1749385200
2025-06-08T12:30:00Z	C	27.093	1749385800
2025-06-08T12:40:00Z	C	27.093	1749386400
2025-06-08T12:50:00Z	C	27.593	1749387000
2025-06-08T13:00:00Z	C	27.593	1749387600
2025-06-08T13:10:00Z	C	28.092	1749388200
2025-06-08T13:20:00Z	C	27.593	1749388800
2025-06-08T13:30:00Z	C	27.093	1749389400
2025-06-08T13:40:00Z	C	27.593	1749390000
2025-06-08T13:50:00Z	C	27.093	1749390600
2025-06-08T14:00:00Z	C	27.593	1749391200
2025-06-08T14:10:00Z	C	28.092	1749391800
2025-06-08T14:20:00Z	C	28.092	1749392400
2025-06-08T14:30:00Z	C	28.092	1749393000
2025-06-08T14:40:00Z	C	28.092	1749393600
2025-06-08T14:50:00Z	C	27.593	1749394200
2025-06-08T15:00:00Z	C	28.092	1749394800
2025-06-08T15:10:00Z	C	28.092	1749395400
2025-06-08T15:20:00Z	C	28.092	1749396000
2025-06-08T15:30:00Z	C	28.092	1749396600
2025-06-08T15:40:00Z	C	28.092	1749397200
2025-06-08T15:50:00Z	C	28.092	1749397800
2025-06-08T16:00:00Z	C	28.092	1749398400
2025-06-08T16:10:00Z	C	27.593	1749399000
2025-06-08T16:20:00Z	C	28.092	1749399600
2025-06-08T16:30:00Z	C	28.092	1749400200
2025-06-08T16:40:00Z	C	28.092	1749400800
2025-06-08T16:50:00Z	C	28.092	1749401400
2025-06-08T17:00:00Z	C	28.092	1749402000
2025-06-08T17:10:00Z	C	27.593	1749402600
2025-06-08T17:20:00Z	C	28.092	1749403200
2025-06-08T17:30:00Z	C	28.092	1749403800
2025-06-08T17:40:00Z	C	28.092	1749404400
2025-06-08T17:50:00Z	C	27.593	1749405000
2025-06-08T18:00:00Z	C	27.593	1749405600
2025-06-08T18:10:00Z	C	27.593	1749406200
2025-06-08T18:20:00Z	C	27.593	1749406800
2025-06-08T18:30:00Z	C	27.093	1749407400
2025-06-08T18:40:00Z	C	26.593	1749408000
2025-06-08T18:50:00Z	C	26.094	1749408600
2025-06-08T19:00:00Z	C	26.094	1749409200
2025-06-08T19:10:00Z	C	25.594	1749409800
2025-06-08T19:20:00Z	C	25.594	1749410400
2025-06-08T19:30:00Z	C	25.094	1749411000
2025-06-08T19:40:00Z	C	25.094	1749411600
2025-06-08T19:50:00Z	C	24.594	1749412200
2025-06-08T20:00:00Z	C	24.594	1749412800
2025-06-08T20:10:00Z	C	24.594	1749413400
2025-06-08T20:20:00Z	C	24.094	1749414000
2025-06-08T20:30:00Z	C	24.094	1749414600
2025-06-08T20:40:00Z	C	23.594	1749415200
2025-06-08T20:50:00Z	C	23.594	1749415800
2025-06-08T21:00:00Z	C	23.594	1749416400
2025-06-08T21:10:00Z	C	23.594	1749417000
2025-06-08T21:20:00Z	C	23.093	1749417600
2025-06-08T21:30:00Z	C	23.093	1749418200
2025-06-08T21:40:00Z	C	23.093	1749418800
2025-06-08T21:50:00Z	C	23.093	1749419400
2025-06-08T22:00:00Z	C	22.593	1749420000
2025-06-08T22:10:00Z	C	22.593	1749420600
2025-06-08T22:20:00Z	C	22.593	1749421200
2025-06-08T22:30:00Z	C	22.593	1749421800
2025-06-08T22:40:00Z	C	22.593	1749422400
2025-06-08T22:50:00Z	C	22.593	1749423000
2025-06-08T23:00:00Z	C	22.593	1749423600
2025-06-08T23:10:00Z	C	22.093	1749424200
2025-06-08T23:20:00Z	C	22.093	1749424800
2025-06-08T23:30:00Z	C	22.093	1749425400
2025-06-08T23:40:00Z	C	22.093	1749426000
2025-06-08T23:50:00Z	C	22.093	1749426600
2025-06-09T00:00:00Z	C	22.093	1749427200
2025-06-09T00:10:00Z	C	22.093	1749427800
2025-06-09T00:20:00Z	C	21.592	1749428400
2025-06-09T00:30:00Z	C	21.592	1749429000
2025-06-09T00:40:00Z	C	21.592	1749429600
2025-06-09T00:50:00Z	C	21.592	1749430200
2025-06-09T01:00:00Z	C	21.092	1749430800
2025-06-09T01:10:00Z	C	21.592	1749431400
2025-06-09T01:20:00Z	C	21.592	1749432000
2025-06-09T01:30:00Z	C	21.592	1749432600
2025-06-09T01:40:00Z	C	21.592	1749433200
2025-06-09T01:50:00Z	C	21.092	1749433800
2025-06-09T02:00:00Z	C	21.592	1749434400
2025-06-09T02:10:00Z	C	21.092	1749435000
2025-06-09T02:20:00Z	C	21.092	1749435600
2025-06-09T02:30:00Z	C	21.092	1749436200
2025-06-09T02:40:00Z	C	21.092	1749436800
2025-06-09T02:50:00Z	C	21.092	1749437400
2025-06-09T03:00:00Z	C	20.591	1749438000
2025-06-09T03:10:00Z	C	20.591	1749438600
2025-06-09T03:20:00Z	C	20.591	1749439200
2025-06-09T03:30:00Z	C	20.591	1749439800
2025-06-09T03:40:00Z	C	20.091	1749440400
2025-06-09T03:50:00Z	C	20.591	1749441000
2025-06-09T04:00:00Z	C	20.591	1749441600
2025-06-09T04:10:00Z	C	20.091	1749442200
2025-06-09T04:20:00Z	C	19.59	1749442800
2025-06-09T04:30:00Z	C	20.091	1749443400
2025-06-09T04:40:00Z	C	20.091	1749444000
2025-06-09T04:50:00Z	C	20.091	1749444600
2025-06-09T05:00:00Z	C	20.091	1749445200
2025-06-09T05:10:00Z	C	19.59	1749445800
2025-06-09T05:20:00Z	C	19.59	1749446400
2025-06-09T05:30:00Z	C	19.59	1749447000
2025-06-09T05:40:00Z	C	19.089	1749447600
2025-06-09T05:50:00Z	C	19.089	1749448200
2025-06-09T06:00:00Z	C	19.59	1749448800
2025-06-09T06:10:00Z	C	19.59	1749449400
2025-06-09T06:20:00Z	C	19.59	1749450000
2025-06-09T06:30:00Z	C	20.091	1749450600
2025-06-09T06:40:00Z	C	20.091	1749451200
2025-06-09T06:50:00Z	C	20.591	1749451800
2025-06-09T07:00:00Z	C	20.591	1749452400
2025-06-09T07:10:00Z	C	20.591	1749453000
2025-06-09T07:20:00Z	C	21.092	1749453600
2025-06-09T07:30:00Z	C	22.093	1749454200
2025-06-09T07:40:00Z	C	23.594	1749454800
2025-06-09T07:50:00Z	C	24.594	1749455400
2025-06-09T08:00:00Z	C	26.094	1749456000
2025-06-09T08:10:00Z	C	27.593	1749456600
2025-06-09T08:20:00Z	C	27.093	1749457200
2025-06-09T08:30:00Z	C	28.592	1749457800
2025-06-09T08:40:00Z	C	29.591	1749458400
2025-06-09T08:50:00Z	C	30.589	1749459000
2025-06-09T09:00:00Z	C	27.593	1749459600
2025-06-09T09:10:00Z	C	29.091	1749460200
2025-06-09T09:20:00Z	C	30.09	1749460800
2025-06-09T09:30:00Z	C	30.09	1749461400
2025-06-09T09:40:00Z	C	29.091	1749462000
2025-06-09T09:50:00Z	C	27.593	1749462600
2025-06-09T10:00:00Z	C	27.593	1749463200
2025-06-09T10:10:00Z	C	27.593	1749463800
2025-06-09T10:20:00Z	C	27.593	1749464400
2025-06-09T10:30:00Z	C	28.092	1749465000
2025-06-09T10:40:00Z	C	28.092	1749465600
2025-06-09T10:50:00Z	C	28.092	1749466200
2025-06-09T11:00:00Z	C	28.592	1749466800
2025-06-09T11:10:00Z	C	28.092	1749467400
2025-06-09T11:20:00Z	C	28.092	1749468000
2025-06-09T11:30:00Z	C	28.592	1749468600
2025-06-09T11:40:00Z	C	28.092	1749469200
2025-06-09T11:50:00Z	C	28.092	1749469800
2025-06-09T12:00:00Z	C	28.092	1749470400
2025-06-09T12:10:00Z	C	28.092	1749471000
2025-06-09T12:20:00Z	C	28.092	1749471600
2025-06-09T12:30:00Z	C	28.592	1749472200
2025-06-09T12:40:00Z	C	28.592	1749472800
2025-06-09T12:50:00Z	C	28.092	1749473400
2025-06-09T13:00:00Z	C	28.592	1749474000
2025-06-09T13:10:00Z	C	28.592	1749474600
2025-06-09T13:20:00Z	C	28.092	1749475200
2025-06-09T13:30:00Z	C	28.092	1749475800
2025-06-09T13:40:00Z	C	28.592	1749476400
2025-06-09T13:50:00Z	C	28.592	1749477000
2025-06-09T14:00:00Z	C	28.592	1749477600
2025-06-09T14:10:00Z	C	28.092	1749478200
2025-06-09T14:20:00Z	C	28.592	1749478800
2025-06-09T14:30:00Z	C	28.592	1749479400
2025-06-09T14:40:00Z	C	28.592	1749480000
2025-06-09T14:50:00Z	C	28.592	1749480600
2025-06-09T15:00:00Z	C	28.592	1749481200
2025-06-09T15:10:00Z	C	28.592	1749481800
2025-06-09T15:20:00Z	C	28.592	1749482400
2025-06-09T15:30:00Z	C	28.592	1749483000
2025-06-09T15:40:00Z	C	28.592	1749483600
2025-06-09T15:50:00Z	C	28.592	1749484200
2025-06-09T16:00:00Z	C	28.592	1749484800
2025-06-09T16:10:00Z	C	29.091	1749485400
2025-06-09T16:20:00Z	C	29.091	1749486000
2025-06-09T16:30:00Z	C	29.091	1749486600
2025-06-09T16:40:00Z	C	27.593	1749487200
2025-06-09T16:50:00Z	C	27.093	1749487800
2025-06-09T17:00:00Z	C	24.594	1749488400
2025-06-09T17:10:00Z	C	23.594	1749489000
2025-06-09T17:20:00Z	C	24.094	1749489600
2025-06-09T17:30:00Z	C	24.594	1749490200
2025-06-09T17:40:00Z	C	25.094	1749490800
2025-06-09T17:50:00Z	C	25.094	1749491400
2025-06-09T18:00:00Z	C	25.594	1749492000
2025-06-09T18:10:00Z	C	25.094	1749492600
2025-06-09T18:20:00Z	C	25.094	1749493200
2025-06-09T18:30:00Z	C	25.094	1749493800
2025-06-09T18:40:00Z	C	25.094	1749494400
2025-06-09T18:50:00Z	C	25.094	1749495000
2025-06-09T19:00:00Z	C	24.594	1749495600
2025-06-09T19:10:00Z	C	24.594	1749496200
2025-06-09T19:20:00Z	C	24.094	1749496800
2025-06-09T19:30:00Z	C	24.094	1749497400
2025-06-09T19:40:00Z	C	24.094	1749498000
2025-06-09T19:50:00Z	C	24.094	1749498600
2025-06-09T20:00:00Z	C	24.094	1749499200
2025-06-09T20:10:00Z	C	23.594	1749499800
2025-06-09T20:20:00Z	C	23.594	1749500400
2025-06-09T20:30:00Z	C	23.594	1749501000
2025-06-09T20:40:00Z	C	23.594	1749501600
2025-06-09T20:50:00Z	C	23.093	1749502200
2025-06-09T21:00:00Z	C	23.093	1749502800
2025-06-09T21:10:00Z	C	23.093	1749503400
2025-06-09T21:20:00Z	C	23.093	1749504000
2025-06-09T21:30:00Z	C	23.093	1749504600
2025-06-09T21:40:00Z	C	22.593	1749505200
2025-06-09T21:50:00Z	C	22.593	1749505800
2025-06-09T22:00:00Z	C	22.593	1749506400
2025-06-09T22:10:00Z	C	22.593	1749507000
2025-06-09T22:20:00Z	C	22.593	1749507600
2025-06-09T22:30:00Z	C	22.593	1749508200
2025-06-09T22:40:00Z	C	22.593	1749508800
2025-06-09T22:50:00Z	C	22.593	1749509400
2025-06-09T23:00:00Z	C	22.593	1749510000
2025-06-09T23:10:00Z	C	22.593	1749510600
2025-06-09T23:20:00Z	C	22.093	1749511200
2025-06-09T23:30:00Z	C	21.592	1749511800
2025-06-09T23:40:00Z	C	21.092	1749512400
2025-06-09T23:50:00Z	C	20.591	1749513000
2025-06-10T00:00:00Z	C	20.091	1749513600
2025-06-10T00:10:00Z	C	20.091	1749514200
2025-06-10T00:20:00Z	C	20.091	1749514800
2025-06-10T00:30:00Z	C	20.091	1749515400
2025-06-10T00:40:00Z	C	20.091	1749516000
2025-06-10T00:50:00Z	C	20.091	1749516600
2025-06-10T01:00:00Z	C	20.091	1749517200
2025-06-10T01:10:00Z	C	20.591	1749517800
2025-06-10T01:20:00Z	C	20.591	1749518400
2025-06-10T01:30:00Z	C	20.091	1749519000
2025-06-10T01:40:00Z	C	20.091	1749519600
2025-06-10T01:50:00Z	C	20.591	1749520200
2025-06-10T02:00:00Z	C	20.591	1749520800
2025-06-10T02:10:00Z	C	20.591	1749521400
2025-06-10T02:20:00Z	C	20.591	1749522000
2025-06-10T02:30:00Z	C	20.091	1749522600
2025-06-10T02:40:00Z	C	20.591	1749523200
2025-06-10T02:50:00Z	C	20.091	1749523800
2025-06-10T03:00:00Z	C	20.591	1749524400
2025-06-10T03:10:00Z	C	20.591	1749525000
2025-06-10T03:20:00Z	C	20.091	1749525600
2025-06-10T03:30:00Z	C	20.591	1749526200
2025-06-10T03:40:00Z	C	20.591	1749526800
2025-06-10T03:50:00Z	C	21.592	1749527400
2025-06-10T04:00:00Z	C	21.592	1749528000
2025-06-10T04:10:00Z	C	21.592	1749528600
2025-06-10T04:20:00Z	C	21.592	1749529200
2025-06-10T04:30:00Z	C	22.093	1749529800
2025-06-10T04:40:00Z	C	22.093	1749530400
2025-06-10T04:50:00Z	C	21.592	1749531000
2025-06-10T05:00:00Z	C	22.093	1749531600
2025-06-10T05:10:00Z	C	21.592	1749532200
2025-06-10T05:20:00Z	C	21.092	1749532800
2025-06-10T05:30:00Z	C	21.092	1749533400
2025-06-10T05:40:00Z	C	20.591	1749534000
2025-06-10T05:50:00Z	C	20.591	1749534600
2025-06-10T06:00:00Z	C	20.591	1749535200
2025-06-10T06:10:00Z	C	20.591	1749535800
2025-06-10T06:20:00Z	C	20.091	1749536400
2025-06-10T06:30:00Z	C	20.091	1749537000
2025-06-10T06:40:00Z	C	20.091	1749537600
2025-06-10T06:50:00Z	C	20.091	1749538200
2025-06-10T07:00:00Z	C	20.091	1749538800
2025-06-10T07:10:00Z	C	20.091	1749539400
2025-06-10T07:20:00Z	C	21.092	1749540000
2025-06-10T07:30:00Z	C	22.093	1749540600
2025-06-10T07:40:00Z	C	23.594	1749541200
2025-06-10T07:50:00Z	C	24.594	1749541800
2025-06-10T08:00:00Z	C	25.594	1749542400
2025-06-10T08:10:00Z	C	27.093	1749543000
2025-06-10T08:20:00Z	C	26.593	1749543600
2025-06-10T08:30:00Z	C	28.092	1749544200
2025-06-10T08:40:00Z	C	29.591	1749544800
2025-06-10T08:50:00Z	C	30.589	1749545400
2025-06-10T09:00:00Z	C	27.593	1749546000
2025-06-10T09:10:00Z	C	29.091	1749546600
2025-06-10T09:20:00Z	C	29.091	1749547200
2025-06-10T09:30:00Z	C	29.091	1749547800
2025-06-10T09:40:00Z	C	28.092	1749548400
2025-06-10T09:50:00Z	C	26.593	1749549000
2025-06-10T10:00:00Z	C	26.593	1749549600
2025-06-10T10:10:00Z	C	26.593	1749550200
2025-06-10T10:20:00Z	C	27.093	1749550800
2025-06-10T10:30:00Z	C	27.093	1749551400
2025-06-10T10:40:00Z	C	27.093	1749552000
2025-06-10T10:50:00Z	C	27.593	1749552600
2025-06-10T11:00:00Z	C	27.593	1749553200
2025-06-10T11:10:00Z	C	27.593	1749553800
2025-06-10T11:20:00Z	C	27.593	1749554400
2025-06-10T11:30:00Z	C	27.593	1749555000
2025-06-10T11:40:00Z	C	27.593	1749555600
2025-06-10T11:50:00Z	C	27.593	1749556200
2025-06-10T12:00:00Z	C	28.092	1749556800
2025-06-10T12:10:00Z	C	27.593	1749557400
2025-06-10T12:20:00Z	C	27.593	1749558000
2025-06-10T12:30:00Z	C	28.092	1749558600
2025-06-10T12:40:00Z	C	27.593	1749559200
2025-06-10T12:50:00Z	C	28.092	1749559800
2025-06-10T13:00:00Z	C	28.092	1749560400
2025-06-10T13:10:00Z	C	28.092	1749561000
2025-06-10T13:20:00Z	C	28.092	1749561600
2025-06-10T13:30:00Z	C	28.092	1749562200
2025-06-10T13:40:00Z	C	28.092	1749562800
2025-06-10T13:50:00Z	C	28.092	1749563400
2025-06-10T14:00:00Z	C	28.092	1749564000
2025-06-10T14:10:00Z	C	28.092	1749564600
2025-06-10T14:20:00Z	C	28.092	1749565200
2025-06-10T14:30:00Z	C	28.092	1749565800
2025-06-10T14:40:00Z	C	28.092	1749566400
2025-06-10T14:50:00Z	C	28.092	1749567000
2025-06-10T15:00:00Z	C	28.092	1749567600
2025-06-10T15:10:00Z	C	28.092	1749568200
2025-06-10T15:20:00Z	C	28.592	1749568800
2025-06-10T15:30:00Z	C	28.092	1749569400
2025-06-10T15:40:00Z	C	28.092	1749570000
2025-06-10T15:50:00Z	C	28.092	1749570600
2025-06-10T16:00:00Z	C	28.092	1749571200
2025-06-10T16:10:00Z	C	28.592	1749571800
2025-06-10T16:20:00Z	C	28.592	1749572400
2025-06-10T16:30:00Z	C	28.592	1749573000
2025-06-10T16:40:00Z	C	28.592	1749573600
2025-06-10T16:50:00Z	C	28.092	1749574200
2025-06-10T17:00:00Z	C	28.092	1749574800
2025-06-10T17:10:00Z	C	28.592	1749575400
2025-06-10T17:20:00Z	C	28.092	1749576000
2025-06-10T17:30:00Z	C	28.092	1749576600
2025-06-10T17:40:00Z	C	28.092	1749577200
2025-06-10T17:50:00Z	C	28.092	1749577800
2025-06-10T18:00:00Z	C	27.593	1749578400
2025-06-10T18:10:00Z	C	27.593	1749579000
2025-06-10T18:20:00Z	C	27.593	1749579600
2025-06-10T18:30:00Z	C	27.593	1749580200
2025-06-10T18:40:00Z	C	27.093	1749580800
2025-06-10T18:50:00Z	C	26.593	1749581400
2025-06-10T19:00:00Z	C	26.094	1749582000
2025-06-10T19:10:00Z	C	25.594	1749582600
2025-06-10T19:20:00Z	C	25.594	1749583200
2025-06-10T19:30:00Z	C	25.594	1749583800
2025-06-10T19:40:00Z	C	25.094	1749584400
2025-06-10T19:50:00Z	C	25.094	1749585000
2025-06-10T20:00:00Z	C	25.094	1749585600
2025-06-10T20:10:00Z	C	25.094	1749586200
2025-06-10T20:20:00Z	C	24.594	1749586800
2025-06-10T20:30:00Z	C	24.594	1749587400
2025-06-10T20:40:00Z	C	24.094	1749588000
2025-06-10T20:50:00Z	C	24.094	1749588600
2025-06-10T21:00:00Z	C	24.094	1749589200
2025-06-10T21:10:00Z	C	24.094	1749589800
2025-06-10T21:20:00Z	C	23.594	1749590400
2025-06-10T21:30:00Z	C	23.093	1749591000
2025-06-10T21:40:00Z	C	23.093	1749591600
2025-06-10T21:50:00Z	C	23.093	1749592200
2025-06-10T22:00:00Z	C	23.093	1749592800
2025-06-10T22:10:00Z	C	23.093	1749593400
2025-06-10T22:20:00Z	C	23.093	1749594000
2025-06-10T22:30:00Z	C	23.594	1749594600
2025-06-10T22:40:00Z	C	23.594	1749595200
2025-06-10T22:50:00Z	C	23.093	1749595800
2025-06-10T23:00:00Z	C	23.093	1749596400
2025-06-10T23:10:00Z	C	23.093	1749597000
2025-06-10T23:20:00Z	C	22.593	1749597600
2025-06-10T23:30:00Z	C	22.593	1749598200
2025-06-10T23:40:00Z	C	22.593	1749598800
2025-06-10T23:50:00Z	C	22.093	1749599400
2025-06-11T00:00:00Z	C	22.093	1749600000
2025-06-11T00:10:00Z	C	22.093	1749600600
2025-06-11T00:20:00Z	C	22.093	1749601200
2025-06-11T00:30:00Z	C	22.093	1749601800
2025-06-11T00:40:00Z	C	22.093	1749602400
2025-06-11T00:50:00Z	C	22.093	1749603000
2025-06-11T01:00:00Z	C	21.592	1749603600
2025-06-11T01:10:00Z	C	21.592	1749604200
2025-06-11T01:20:00Z	C	21.592	1749604800
2025-06-11T01:30:00Z	C	21.592	1749605400
2025-06-11T01:40:00Z	C	21.592	1749606000
2025-06-11T01:50:00Z	C	21.092	1749606600
2025-06-11T02:00:00Z	C	21.092	1749607200
2025-06-11T02:10:00Z	C	20.591	1749607800
2025-06-11T02:20:00Z	C	20.591	1749608400
2025-06-11T02:30:00Z	C	20.591	1749609000
2025-06-11T02:40:00Z	C	20.591	1749609600
2025-06-11T02:50:00Z	C	20.591	1749610200
2025-06-11T03:00:00Z	C	20.591	1749610800
2025-06-11T03:10:00Z	C	20.591	1749611400
2025-06-11T03:20:00Z	C	20.591	1749612000
2025-06-11T03:30:00Z	C	20.591	1749612600
2025-06-11T03:40:00Z	C	20.591	1749613200
2025-06-11T03:50:00Z	C	20.591	1749613800
2025-06-11T04:00:00Z	C	20.591	1749614400
2025-06-11T04:10:00Z	C	20.591	1749615000
2025-06-11T04:20:00Z	C	20.591	1749615600
2025-06-11T04:30:00Z	C	20.591	1749616200
2025-06-11T04:40:00Z	C	20.591	1749616800
2025-06-11T04:50:00Z	C	20.591	1749617400
2025-06-11T05:00:00Z	C	20.591	1749618000
2025-06-11T05:10:00Z	C	20.591	1749618600
2025-06-11T05:20:00Z	C	20.591	1749619200
2025-06-11T05:30:00Z	C	20.591	1749619800
2025-06-11T05:40:00Z	C	20.591	1749620400
2025-06-11T05:50:00Z	C	20.591	1749621000
2025-06-11T06:00:00Z	C	20.591	1749621600
2025-06-11T06:10:00Z	C	20.591	1749622200
2025-06-11T06:20:00Z	C	20.591	1749622800
2025-06-11T06:30:00Z	C	21.092	1749623400
2025-06-11T06:40:00Z	C	20.591	1749624000
2025-06-11T06:50:00Z	C	20.591	1749624600
2025-06-11T07:00:00Z	C	21.092	1749625200
2025-06-11T07:10:00Z	C	21.092	1749625800
2025-06-11T07:20:00Z	C	22.093	1749626400
2025-06-11T07:30:00Z	C	23.093	1749627000
2025-06-11T07:40:00Z	C	24.594	1749627600
2025-06-11T07:50:00Z	C	25.094	1749628200
2025-06-11T08:00:00Z	C	26.094	1749628800
2025-06-11T08:10:00Z	C	27.593	1749629400
2025-06-11T08:20:00Z	C	27.093	1749630000
2025-06-11T08:30:00Z	C	28.592	1749630600
2025-06-11T08:40:00Z	C	29.591	1749631200
2025-06-11T08:50:00Z	C	29.591	1749631800
2025-06-11T09:00:00Z	C	27.093	1749632400
2025-06-11T09:10:00Z	C	28.092	1749633000
2025-06-11T09:20:00Z	C	28.592	1749633600
2025-06-11T09:30:00Z	C	28.092	1749634200
2025-06-11T09:40:00Z	C	27.093	1749634800
2025-06-11T09:50:00Z	C	26.094	1749635400
2025-06-11T10:00:00Z	C	26.094	1749636000
2025-06-11T10:10:00Z	C	26.593	1749636600
2025-06-11T10:20:00Z	C	26.593	1749637200
2025-06-11T10:30:00Z	C	27.093	1749637800
2025-06-11T10:40:00Z	C	27.093	1749638400
2025-06-11T10:50:00Z	C	27.093	1749639000
2025-06-11T11:00:00Z	C	27.093	1749639600
2025-06-11T11:10:00Z	C	27.593	1749640200
2025-06-11T11:20:00Z	C	27.593	1749640800
2025-06-11T11:30:00Z	C	27.593	1749641400
2025-06-11T11:40:00Z	C	27.593	1749642000
2025-06-11T11:50:00Z	C	27.593	1749642600
2025-06-11T12:00:00Z	C	27.593	1749643200
2025-06-11T12:10:00Z	C	27.593	1749643800
2025-06-11T12:20:00Z	C	28.092	1749644400
2025-06-11T12:30:00Z	C	28.092	1749645000
2025-06-11T12:40:00Z	C	28.092	1749645600
2025-06-11T12:50:00Z	C	28.092	1749646200
2025-06-11T13:00:00Z	C	28.092	1749646800
2025-06-11T13:10:00Z	C	28.092	1749647400
2025-06-11T13:20:00Z	C	28.592	1749648000
2025-06-11T13:30:00Z	C	28.592	1749648600
2025-06-11T13:40:00Z	C	28.592	1749649200
2025-06-11T13:50:00Z	C	28.592	1749649800
2025-06-11T14:00:00Z	C	28.592	1749650400
2025-06-11T14:10:00Z	C	28.592	1749651000
2025-06-11T14:20:00Z	C	29.091	1749651600
2025-06-11T14:30:00Z	C	29.091	1749652200
2025-06-11T14:40:00Z	C	29.091	1749652800
2025-06-11T14:50:00Z	C	29.091	1749653400
2025-06-11T15:00:00Z	C	29.591	1749654000
2025-06-11T15:10:00Z	C	29.591	1749654600
2025-06-11T15:20:00Z	C	29.091	1749655200
2025-06-11T15:30:00Z	C	29.591	1749655800
2025-06-11T15:40:00Z	C	29.591	1749656400
2025-06-11T15:50:00Z	C	29.591	1749657000
2025-06-11T16:00:00Z	C	29.591	1749657600
2025-06-11T16:10:00Z	C	29.091	1749658200
2025-06-11T16:20:00Z	C	29.591	1749658800
2025-06-11T16:30:00Z	C	29.591	1749659400
2025-06-11T16:40:00Z	C	29.591	1749660000
2025-06-11T16:50:00Z	C	29.591	1749660600
2025-06-11T17:00:00Z	C	29.591	1749661200
2025-06-11T17:10:00Z	C	29.091	1749661800
2025-06-11T17:20:00Z	C	29.091	1749662400
2025-06-11T17:30:00Z	C	29.091	1749663000
2025-06-11T17:40:00Z	C	29.091	1749663600
2025-06-11T17:50:00Z	C	28.592	1749664200
2025-06-11T18:00:00Z	C	28.592	1749664800
2025-06-11T18:10:00Z	C	28.592	1749665400
2025-06-11T18:20:00Z	C	28.592	1749666000
2025-06-11T18:30:00Z	C	28.092	1749666600
2025-06-11T18:40:00Z	C	27.593	1749667200
2025-06-11T18:50:00Z	C	27.093	1749667800
2025-06-11T19:00:00Z	C	27.093	1749668400
2025-06-11T19:10:00Z	C	26.593	1749669000
2025-06-11T19:20:00Z	C	26.094	1749669600
2025-06-11T19:30:00Z	C	26.094	1749670200
2025-06-11T19:40:00Z	C	26.094	1749670800
2025-06-11T19:50:00Z	C	25.594	1749671400
2025-06-11T20:00:00Z	C	25.594	1749672000
2025-06-11T20:10:00Z	C	25.094	1749672600
2025-06-11T20:20:00Z	C	25.094	1749673200
2025-06-11T20:30:00Z	C	24.594	1749673800
2025-06-11T20:40:00Z	C	24.594	1749674400
2025-06-11T20:50:00Z	C	24.594	1749675000
2025-06-11T21:00:00Z	C	24.594	1749675600
2025-06-11T21:10:00Z	C	24.594	1749676200
2025-06-11T21:20:00Z	C	24.094	1749676800
2025-06-11T21:30:00Z	C	24.094	1749677400
2025-06-11T21:40:00Z	C	23.594	1749678000
2025-06-11T21:50:00Z	C	23.594	1749678600
2025-06-11T22:00:00Z	C	23.594	1749679200
2025-06-11T22:10:00Z	C	23.594	1749679800
2025-06-11T22:20:00Z	C	23.093	1749680400
2025-06-11T22:30:00Z	C	23.093	1749681000
2025-06-11T22:40:00Z	C	23.093	1749681600
2025-06-11T22:50:00Z	C	23.093	1749682200
2025-06-11T23:00:00Z	C	23.093	1749682800
2025-06-11T23:10:00Z	C	23.093	1749683400
2025-06-11T23:20:00Z	C	23.093	1749684000
2025-06-11T23:30:00Z	C	23.093	1749684600
2025-06-11T23:40:00Z	C	23.093	1749685200
2025-06-11T23:50:00Z	C	22.593	1749685800
2025-06-12T00:00:00Z	C	22.593	1749686400
2025-06-12T00:10:00Z	C	22.593	1749687000
2025-06-12T00:20:00Z	C	22.593	1749687600
2025-06-12T00:30:00Z	C	22.593	1749688200
2025-06-12T00:40:00Z	C	22.593	1749688800
2025-06-12T00:50:00Z	C	22.093	1749689400
2025-06-12T01:00:00Z	C	21.592	1749690000
2025-06-12T01:10:00Z	C	22.093	1749690600
2025-06-12T01:20:00Z	C	22.093	1749691200
2025-06-12T01:30:00Z	C	22.093	1749691800
2025-06-12T01:40:00Z	C	22.093	1749692400
2025-06-12T01:50:00Z	C	22.093	1749693000
2025-06-12T02:00:00Z	C	22.593	1749693600
2025-06-12T02:10:00Z	C	22.593	1749694200
2025-06-12T02:20:00Z	C	23.093	1749694800
2025-06-12T02:30:00Z	C	23.594	1749695400
2025-06-12T02:40:00Z	C	23.093	1749696000
2025-06-12T02:50:00Z	C	22.093	1749696600
2025-06-12T03:00:00Z	C	22.593	1749697200
2025-06-12T03:10:00Z	C	22.593	1749697800
2025-06-12T03:20:00Z	C	21.592	1749698400
2025-06-12T03:30:00Z	C	21.592	1749699000
2025-06-12T03:40:00Z	C	21.592	1749699600
2025-06-12T03:50:00Z	C	21.592	1749700200
2025-06-12T04:00:00Z	C	21.592	1749700800
2025-06-12T04:10:00Z	C	21.092	1749701400
2025-06-12T04:20:00Z	C	21.092	1749702000
2025-06-12T04:30:00Z	C	21.092	1749702600
2025-06-12T04:40:00Z	C	21.092	1749703200
2025-06-12T04:50:00Z	C	21.092	1749703800
2025-06-12T05:00:00Z	C	21.092	1749704400
2025-06-12T05:10:00Z	C	21.092	1749705000
2025-06-12T05:20:00Z	C	20.091	1749705600
2025-06-12T05:30:00Z	C	19.089	1749706200
2025-06-12T05:40:00Z	C	19.089	1749706800
2025-06-12T05:50:00Z	C	19.089	1749707400
2025-06-12T06:00:00Z	C	19.59	1749708000
2025-06-12T06:10:00Z	C	19.59	1749708600
2025-06-12T06:20:00Z	C	19.59	1749709200
2025-06-12T06:30:00Z	C	19.59	1749709800
2025-06-12T06:40:00Z	C	20.091	1749710400
2025-06-12T06:50:00Z	C	20.091	1749711000
2025-06-12T07:00:00Z	C	20.091	1749711600
2025-06-12T07:10:00Z	C	20.591	1749712200
2025-06-12T07:20:00Z	C	20.591	1749712800
2025-06-12T07:30:00Z	C	20.591	1749713400
2025-06-12T07:40:00Z	C	21.092	1749714000
2025-06-12T07:50:00Z	C	21.592	1749714600
2025-06-12T08:00:00Z	C	21.592	1749715200
2025-06-12T08:10:00Z	C	22.093	1749715800
2025-06-12T08:20:00Z	C	22.593	1749716400
2025-06-12T08:30:00Z	C	23.093	1749717000
2025-06-12T08:40:00Z	C	24.094	1749717600
2025-06-12T08:50:00Z	C	27.093	1749718200
2025-06-12T09:00:00Z	C	27.093	1749718800
2025-06-12T09:10:00Z	C	28.592	1749719400
2025-06-12T09:20:00Z	C	29.591	1749720000
2025-06-12T09:30:00Z	C	28.092	1749720600
2025-06-12T09:40:00Z	C	27.593	1749721200
2025-06-12T09:50:00Z	C	26.094	1749721800
2025-06-12T10:00:00Z	C	26.094	1749722400
2025-06-12T10:10:00Z	C	26.094	1749723000
2025-06-12T10:20:00Z	C	26.094	1749723600
2025-06-12T10:30:00Z	C	26.094	1749724200
2025-06-12T10:40:00Z	C	26.593	1749724800
2025-06-12T10:50:00Z	C	27.093	1749725400
2025-06-12T11:00:00Z	C	27.093	1749726000
2025-06-12T11:10:00Z	C	27.093	1749726600
2025-06-12T11:20:00Z	C	27.093	1749727200
2025-06-12T11:30:00Z	C	27.093	1749727800
2025-06-12T11:40:00Z	C	27.593	1749728400
2025-06-12T11:50:00Z	C	27.593	1749729000
2025-06-12T12:00:00Z	C	27.593	1749729600
2025-06-12T12:10:00Z	C	28.092	1749730200
2025-06-12T12:20:00Z	C	28.092	1749730800
2025-06-12T12:30:00Z	C	28.092	1749731400
2025-06-12T12:40:00Z	C	28.092	1749732000
2025-06-12T12:50:00Z	C	28.592	1749732600
2025-06-12T13:00:00Z	C	28.592	1749733200
2025-06-12T13:10:00Z	C	28.592	1749733800
2025-06-12T13:20:00Z	C	28.592	1749734400
2025-06-12T13:30:00Z	C	28.592	1749735000
2025-06-12T13:40:00Z	C	28.592	1749735600
2025-06-12T13:50:00Z	C	28.592	1749736200
2025-06-12T14:00:00Z	C	28.592	1749736800
2025-06-12T14:10:00Z	C	28.592	1749737400
2025-06-12T14:20:00Z	C	29.091	1749738000
2025-06-12T14:30:00Z	C	29.091	1749738600
2025-06-12T14:40:00Z	C	29.091	1749739200
2025-06-12T14:50:00Z	C	29.091	1749739800
2025-06-12T15:00:00Z	C	29.091	1749740400
2025-06-12T15:10:00Z	C	29.091	1749741000
2025-06-12T15:20:00Z	C	29.091	1749741600
2025-06-12T15:30:00Z	C	28.592	1749742200
2025-06-12T15:40:00Z	C	29.091	1749742800
2025-06-12T15:50:00Z	C	29.591	1749743400
2025-06-12T16:00:00Z	C	29.091	1749744000
2025-06-12T16:10:00Z	C	29.591	1749744600
2025-06-12T16:20:00Z	C	29.591	1749745200
2025-06-12T16:30:00Z	C	29.591	1749745800
2025-06-12T16:40:00Z	C	29.091	1749746400
2025-06-12T16:50:00Z	C	29.091	1749747000
2025-06-12T17:00:00Z	C	29.091	1749747600
2025-06-12T17:10:00Z	C	29.091	1749748200
2025-06-12T17:20:00Z	C	29.091	1749748800
2025-06-12T17:30:00Z	C	29.091	1749749400
2025-06-12T17:40:00Z	C	28.592	1749750000
2025-06-12T17:50:00Z	C	28.592	1749750600
2025-06-12T18:00:00Z	C	28.592	1749751200
2025-06-12T18:10:00Z	C	28.592	1749751800
2025-06-12T18:20:00Z	C	28.092	1749752400
2025-06-12T18:30:00Z	C	28.092	1749753000
2025-06-12T18:40:00Z	C	27.593	1749753600
2025-06-12T18:50:00Z	C	27.093	1749754200
2025-06-12T19:00:00Z	C	26.593	1749754800
2025-06-12T19:10:00Z	C	26.094	1749755400
2025-06-12T19:20:00Z	C	26.094	1749756000
2025-06-12T19:30:00Z	C	25.594	1749756600
2025-06-12T19:40:00Z	C	25.594	1749757200
2025-06-12T19:50:00Z	C	25.594	1749757800
2025-06-12T20:00:00Z	C	25.594	1749758400
2025-06-12T20:10:00Z	C	25.094	1749759000
2025-06-12T20:20:00Z	C	24.594	1749759600
2025-06-12T20:30:00Z	C	24.094	1749760200
2025-06-12T20:40:00Z	C	24.094	1749760800
2025-06-12T20:50:00Z	C	24.094	1749761400
2025-06-12T21:00:00Z	C	24.094	1749762000
2025-06-12T21:10:00Z	C	24.094	1749762600
2025-06-12T21:20:00Z	C	24.094	1749763200
2025-06-12T21:30:00Z	C	23.594	1749763800
2025-06-12T21:40:00Z	C	23.594	1749764400
2025-06-12T21:50:00Z	C	23.093	1749765000
2025-06-12T22:00:00Z	C	23.093	1749765600
2025-06-12T22:10:00Z	C	23.594	1749766200
2025-06-12T22:20:00Z	C	23.594	1749766800
2025-06-12T22:30:00Z	C	23.594	1749767400
2025-06-12T22:40:00Z	C	23.093	1749768000
2025-06-12T22:50:00Z	C	23.093	1749768600
2025-06-12T23:00:00Z	C	23.093	1749769200
2025-06-12T23:10:00Z	C	22.593	1749769800
2025-06-12T23:20:00Z	C	22.593	1749770400
2025-06-12T23:30:00Z	C	23.093	1749771000
2025-06-12T23:40:00Z	C	23.093	1749771600
2025-06-12T23:50:00Z	C	23.093	1749772200
2025-06-13T00:00:00Z	C	23.093	1749772800
2025-06-13T00:10:00Z	C	23.093	1749773400
2025-06-13T00:20:00Z	C	22.593	1749774000
2025-06-13T00:30:00Z	C	22.593	1749774600
2025-06-13T00:40:00Z	C	22.093	1749775200
2025-06-13T00:50:00Z	C	22.093	1749775800
2025-06-13T01:00:00Z	C	22.093	1749776400
2025-06-13T01:10:00Z	C	22.093	1749777000
2025-06-13T01:20:00Z	C	22.093	1749777600
2025-06-13T01:30:00Z	C	21.592	1749778200
2025-06-13T01:40:00Z	C	22.093	1749778800
2025-06-13T01:50:00Z	C	22.093	1749779400
2025-06-13T02:00:00Z	C	22.093	1749780000
2025-06-13T02:10:00Z	C	21.592	1749780600
2025-06-13T02:20:00Z	C	22.093	1749781200
2025-06-13T02:30:00Z	C	22.593	1749781800
2025-06-13T02:40:00Z	C	22.593	1749782400
2025-06-13T02:50:00Z	C	22.593	1749783000
2025-06-13T03:00:00Z	C	22.593	1749783600
2025-06-13T03:10:00Z	C	22.593	1749784200
2025-06-13T03:20:00Z	C	22.593	1749784800
2025-06-13T03:30:00Z	C	21.592	1749785400
2025-06-13T03:40:00Z	C	21.092	1749786000
2025-06-13T03:50:00Z	C	21.592	1749786600
2025-06-13T04:00:00Z	C	21.092	1749787200
2025-06-13T04:10:00Z	C	21.092	1749787800
2025-06-13T04:20:00Z	C	21.092	1749788400
2025-06-13T04:30:00Z	C	21.092	1749789000
2025-06-13T04:40:00Z	C	21.092	1749789600
2025-06-13T04:50:00Z	C	21.092	1749790200
2025-06-13T05:00:00Z	C	21.092	1749790800
2025-06-13T05:10:00Z	C	21.092	1749791400
2025-06-13T05:20:00Z	C	20.591	1749792000
2025-06-13T05:30:00Z	C	20.591	1749792600
2025-06-13T05:40:00Z	C	20.591	1749793200
2025-06-13T05:50:00Z	C	20.591	1749793800
2025-06-13T06:00:00Z	C	20.591	1749794400
2025-06-13T06:10:00Z	C	20.591	1749795000
2025-06-13T06:20:00Z	C	20.591	1749795600
2025-06-13T06:30:00Z	C	20.091	1749796200
2025-06-13T06:40:00Z	C	20.091	1749796800
2025-06-13T06:50:00Z	C	20.091	1749797400
2025-06-13T07:00:00Z	C	20.091	1749798000
2025-06-13T07:10:00Z	C	20.591	1749798600
2025-06-13T07:20:00Z	C	21.092	1749799200
2025-06-13T07:30:00Z	C	22.593	1749799800
2025-06-13T07:40:00Z	C	24.094	1749800400
2025-06-13T07:50:00Z	C	24.594	1749801000
2025-06-13T08:00:00Z	C	25.594	1749801600
2025-06-13T08:10:00Z	C	27.093	1749802200
2025-06-13T08:20:00Z	C	26.593	1749802800
2025-06-13T08:30:00Z	C	27.593	1749803400
2025-06-13T08:40:00Z	C	29.091	1749804000
2025-06-13T08:50:00Z	C	29.591	1749804600
2025-06-13T09:00:00Z	C	26.593	1749805200
2025-06-13T09:10:00Z	C	28.592	1749805800
2025-06-13T09:20:00Z	C	30.589	1749806400
2025-06-13T09:30:00Z	C	31.089	1749807000
2025-06-13T09:40:00Z	C	30.09	1749807600
2025-06-13T09:50:00Z	C	28.592	1749808200
2025-06-13T10:00:00Z	C	27.593	1749808800
2025-06-13T10:10:00Z	C	27.593	1749809400
2025-06-13T10:20:00Z	C	27.593	1749810000
2025-06-13T10:30:00Z	C	28.092	1749810600
2025-06-13T10:40:00Z	C	27.593	1749811200
2025-06-13T10:50:00Z	C	28.092	1749811800
2025-06-13T11:00:00Z	C	27.593	1749812400
2025-06-13T11:10:00Z	C	28.092	1749813000
2025-06-13T11:20:00Z	C	28.092	1749813600
2025-06-13T11:30:00Z	C	28.092	1749814200
2025-06-13T11:40:00Z	C	28.092	1749814800
2025-06-13T11:50:00Z	C	28.092	1749815400
2025-06-13T12:00:00Z	C	28.592	1749816000
2025-06-13T12:10:00Z	C	28.592	1749816600
2025-06-13T12:20:00Z	C	28.592	1749817200
2025-06-13T12:30:00Z	C	28.592	1749817800
2025-06-13T12:40:00Z	C	28.592	1749818400
2025-06-13T12:50:00Z	C	28.592	1749819000
2025-06-13T13:00:00Z	C	28.592	1749819600
2025-06-13T13:10:00Z	C	28.592	1749820200
2025-06-13T13:20:00Z	C	29.091	1749820800
2025-06-13T13:30:00Z	C	29.091	1749821400
2025-06-13T13:40:00Z	C	29.091	1749822000
2025-06-13T13:50:00Z	C	29.091	1749822600
2025-06-13T14:00:00Z	C	29.091	1749823200
2025-06-13T14:10:00Z	C	29.091	1749823800
2025-06-13T14:20:00Z	C	29.591	1749824400
2025-06-13T14:30:00Z	C	29.091	1749825000
2025-06-13T14:40:00Z	C	29.591	1749825600
2025-06-13T14:50:00Z	C	29.591	1749826200
2025-06-13T15:00:00Z	C	29.091	1749826800
2025-06-13T15:10:00Z	C	28.592	1749827400
2025-06-13T15:20:00Z	C	29.591	1749828000
2025-06-13T15:30:00Z	C	29.591	1749828600
2025-06-13T15:40:00Z	C	29.591	1749829200
2025-06-13T15:50:00Z	C	29.591	1749829800
2025-06-13T16:00:00Z	C	29.591	1749830400
2025-06-13T16:10:00Z	C	29.591	1749831000
2025-06-13T16:20:00Z	C	29.591	1749831600
2025-06-13T16:30:00Z	C	29.591	1749832200
2025-06-13T16:40:00Z	C	29.591	1749832800
2025-06-13T16:50:00Z	C	29.591	1749833400
2025-06-13T17:00:00Z	C	29.091	1749834000
2025-06-13T17:10:00Z	C	29.091	1749834600
2025-06-13T17:20:00Z	C	29.091	1749835200
2025-06-13T17:30:00Z	C	29.091	1749835800
2025-06-13T17:40:00Z	C	29.091	1749836400
2025-06-13T17:50:00Z	C	29.091	1749837000
2025-06-13T18:00:00Z	C	29.091	1749837600
2025-06-13T18:10:00Z	C	28.592	1749838200
2025-06-13T18:20:00Z	C	28.592	1749838800
2025-06-13T18:30:00Z	C	28.092	1749839400
2025-06-13T18:40:00Z	C	27.593	1749840000
2025-06-13T18:50:00Z	C	27.093	1749840600
2025-06-13T19:00:00Z	C	26.593	1749841200
2025-06-13T19:10:00Z	C	26.094	1749841800
2025-06-13T19:20:00Z	C	25.594	1749842400
2025-06-13T19:30:00Z	C	26.094	1749843000
2025-06-13T19:40:00Z	C	25.594	1749843600
2025-06-13T19:50:00Z	C	25.094	1749844200
2025-06-13T20:00:00Z	C	25.094	1749844800
2025-06-13T20:10:00Z	C	25.094	1749845400
2025-06-13T20:20:00Z	C	24.594	1749846000
2025-06-13T20:30:00Z	C	24.594	1749846600
2025-06-13T20:40:00Z	C	24.094	1749847200
2025-06-13T20:50:00Z	C	24.094	1749847800
2025-06-13T21:00:00Z	C	24.094	1749848400
2025-06-13T21:10:00Z	C	23.594	1749849000
2025-06-13T21:20:00Z	C	23.594	1749849600
2025-06-13T21:30:00Z	C	23.093	1749850200
2025-06-13T21:40:00Z	C	23.093	1749850800
2025-06-13T21:50:00Z	C	23.093	1749851400
2025-06-13T22:00:00Z	C	23.093	1749852000
2025-06-13T22:10:00Z	C	23.093	1749852600
2025-06-13T22:20:00Z	C	22.593	1749853200
2025-06-13T22:30:00Z	C	22.593	1749853800
2025-06-13T22:40:00Z	C	22.593	1749854400
2025-06-13T22:50:00Z	C	22.093	1749855000
2025-06-13T23:00:00Z	C	22.093	1749855600
2025-06-13T23:10:00Z	C	22.593	1749856200
2025-06-13T23:20:00Z	C	22.093	1749856800
2025-06-13T23:30:00Z	C	22.093	1749857400
2025-06-13T23:40:00Z	C	22.093	1749858000
2025-06-13T23:50:00Z	C	22.093	1749858600
2025-06-14T00:00:00Z	C	22.093	1749859200
2025-06-14T00:10:00Z	C	21.592	1749859800
2025-06-14T00:20:00Z	C	21.592	1749860400
2025-06-14T00:30:00Z	C	22.093	1749861000
2025-06-14T00:40:00Z	C	22.093	1749861600
2025-06-14T00:50:00Z	C	22.593	1749862200
2025-06-14T01:00:00Z	C	22.593	1749862800
2025-06-14T01:10:00Z	C	22.093	1749863400
2025-06-14T01:20:00Z	C	22.093	1749864000
2025-06-14T01:30:00Z	C	21.592	1749864600
2025-06-14T01:40:00Z	C	21.592	1749865200
2025-06-14T01:50:00Z	C	21.592	1749865800
2025-06-14T02:00:00Z	C	21.592	1749866400
2025-06-14T02:10:00Z	C	21.592	1749867000
2025-06-14T02:20:00Z	C	21.592	1749867600
2025-06-14T02:30:00Z	C	21.592	1749868200
2025-06-14T02:40:00Z	C	21.092	1749868800
2025-06-14T02:50:00Z	C	21.592	1749869400
2025-06-14T03:00:00Z	C	21.092	1749870000
2025-06-14T03:10:00Z	C	21.092	1749870600
2025-06-14T03:20:00Z	C	21.092	1749871200
2025-06-14T03:30:00Z	C	21.092	1749871800
2025-06-14T03:40:00Z	C	21.092	1749872400
2025-06-14T03:50:00Z	C	21.092	1749873000
2025-06-14T04:00:00Z	C	21.592	1749873600
2025-06-14T04:10:00Z	C	21.092	1749874200
2025-06-14T04:20:00Z	C	21.092	1749874800
2025-06-14T04:30:00Z	C	21.092	1749875400
2025-06-14T04:40:00Z	C	20.591	1749876000
2025-06-14T04:50:00Z	C	20.591	1749876600
2025-06-14T05:00:00Z	C	20.591	1749877200
2025-06-14T05:10:00Z	C	20.591	1749877800
2025-06-14T05:20:00Z	C	20.591	1749878400
2025-06-14T05:30:00Z	C	20.591	1749879000
2025-06-14T05:40:00Z	C	20.591	1749879600
2025-06-14T05:50:00Z	C	19.59	1749880200
2025-06-14T06:00:00Z	C	20.091	1749880800
2025-06-14T06:10:00Z	C	20.091	1749881400
2025-06-14T06:20:00Z	C	20.091	1749882000
2025-06-14T06:30:00Z	C	20.091	1749882600
2025-06-14T06:40:00Z	C	20.091	1749883200
2025-06-14T06:50:00Z	C	20.091	1749883800
2025-06-14T07:00:00Z	C	20.091	1749884400
2025-06-14T07:10:00Z	C	19.59	1749885000
2025-06-14T07:20:00Z	C	20.591	1749885600
2025-06-14T07:30:00Z	C	21.592	1749886200
2025-06-14T07:40:00Z	C	23.093	1749886800
2025-06-14T07:50:00Z	C	24.594	1749887400
2025-06-14T08:00:00Z	C	25.094	1749888000
2025-06-14T08:10:00Z	C	27.093	1749888600
2025-06-14T08:20:00Z	C	26.593	1749889200
2025-06-14T08:30:00Z	C	27.593	1749889800
2025-06-14T08:40:00Z	C	29.091	1749890400
2025-06-14T08:50:00Z	C	29.591	1749891000
2025-06-14T09:00:00Z	C	27.093	1749891600
2025-06-14T09:10:00Z	C	27.593	1749892200
2025-06-14T09:20:00Z	C	28.092	1749892800
2025-06-14T09:30:00Z	C	28.092	1749893400
2025-06-14T09:40:00Z	C	27.093	1749894000
2025-06-14T09:50:00Z	C	26.094	1749894600
2025-06-14T10:00:00Z	C	26.094	1749895200
2025-06-14T10:10:00Z	C	26.094	1749895800
2025-06-14T10:20:00Z	C	26.094	1749896400
2025-06-14T10:30:00Z	C	26.094	1749897000
2025-06-14T10:40:00Z	C	26.593	1749897600
2025-06-14T10:50:00Z	C	26.593	1749898200
2025-06-14T11:00:00Z	C	26.593	1749898800
2025-06-14T11:10:00Z	C	26.593	1749899400
2025-06-14T11:20:00Z	C	26.593	1749900000
2025-06-14T11:30:00Z	C	27.093	1749900600
2025-06-14T11:40:00Z	C	27.593	1749901200
2025-06-14T11:50:00Z	C	27.093	1749901800
2025-06-14T12:00:00Z	C	27.593	1749902400
2025-06-14T12:10:00Z	C	27.593	1749903000
2025-06-14T12:20:00Z	C	27.593	1749903600
2025-06-14T12:30:00Z	C	27.593	1749904200
2025-06-14T12:40:00Z	C	28.092	1749904800
2025-06-14T12:50:00Z	C	28.092	1749905400
2025-06-14T13:00:00Z	C	28.092	1749906000
2025-06-14T13:10:00Z	C	28.092	1749906600
2025-06-14T13:20:00Z	C	28.592	1749907200
2025-06-14T13:30:00Z	C	28.592	1749907800
2025-06-14T13:40:00Z	C	28.592	1749908400
2025-06-14T13:50:00Z	C	29.091	1749909000
2025-06-14T14:00:00Z	C	29.091	1749909600
2025-06-14T14:10:00Z	C	29.591	1749910200
2025-06-14T14:20:00Z	C	29.591	1749910800
2025-06-14T14:30:00Z	C	29.591	1749911400
2025-06-14T14:40:00Z	C	29.591	1749912000
2025-06-14T14:50:00Z	C	29.591	1749912600
2025-06-14T15:00:00Z	C	29.591	1749913200
2025-06-14T15:10:00Z	C	29.591	1749913800
2025-06-14T15:20:00Z	C	29.591	1749914400
2025-06-14T15:30:00Z	C	29.591	1749915000
2025-06-14T15:40:00Z	C	29.591	1749915600
2025-06-14T15:50:00Z	C	29.591	1749916200
2025-06-14T16:00:00Z	C	29.591	1749916800
2025-06-14T16:10:00Z	C	29.591	1749917400
2025-06-14T16:20:00Z	C	29.591	1749918000
2025-06-14T16:30:00Z	C	29.591	1749918600
2025-06-14T16:40:00Z	C	29.591	1749919200
2025-06-14T16:50:00Z	C	29.091	1749919800
2025-06-14T17:00:00Z	C	29.091	1749920400
2025-06-14T17:10:00Z	C	29.091	1749921000
2025-06-14T17:20:00Z	C	29.091	1749921600
2025-06-14T17:30:00Z	C	29.091	1749922200
2025-06-14T17:40:00Z	C	29.091	1749922800
2025-06-14T17:50:00Z	C	29.091	1749923400
2025-06-14T18:00:00Z	C	29.091	1749924000
2025-06-14T18:10:00Z	C	28.592	1749924600
2025-06-14T18:20:00Z	C	28.592	1749925200
2025-06-14T18:30:00Z	C	28.592	1749925800
2025-06-14T18:40:00Z	C	28.092	1749926400
2025-06-14T18:50:00Z	C	27.093	1749927000
2025-06-14T19:00:00Z	C	26.593	1749927600
2025-06-14T19:10:00Z	C	26.094	1749928200
2025-06-14T19:20:00Z	C	26.094	1749928800
2025-06-14T19:30:00Z	C	25.594	1749929400
2025-06-14T19:40:00Z	C	25.594	1749930000
2025-06-14T19:50:00Z	C	25.594	1749930600
2025-06-14T20:00:00Z	C	25.094	1749931200
2025-06-14T20:10:00Z	C	25.094	1749931800
2025-06-14T20:20:00Z	C	24.594	1749932400
2025-06-14T20:30:00Z	C	24.594	1749933000
2025-06-14T20:40:00Z	C	24.094	1749933600
2025-06-14T20:50:00Z	C	24.094	1749934200
2025-06-14T21:00:00Z	C	24.094	1749934800
2025-06-14T21:10:00Z	C	24.094	1749935400
2025-06-14T21:20:00Z	C	24.094	1749936000
2025-06-14T21:30:00Z	C	24.094	1749936600
2025-06-14T21:40:00Z	C	23.594	1749937200
2025-06-14T21:50:00Z	C	23.594	1749937800
2025-06-14T22:00:00Z	C	23.594	1749938400
2025-06-14T22:10:00Z	C	23.093	1749939000
2025-06-14T22:20:00Z	C	23.093	1749939600
2025-06-14T22:30:00Z	C	23.093	1749940200
2025-06-14T22:40:00Z	C	23.093	1749940800
2025-06-14T22:50:00Z	C	23.093	1749941400
2025-06-14T23:00:00Z	C	23.093	1749942000
2025-06-14T23:10:00Z	C	23.093	1749942600
2025-06-14T23:20:00Z	C	23.093	1749943200
2025-06-14T23:30:00Z	C	23.093	1749943800
2025-06-14T23:40:00Z	C	23.093	1749944400
2025-06-14T23:50:00Z	C	23.093	1749945000
2025-06-15T00:00:00Z	C	23.093	1749945600
2025-06-15T00:10:00Z	C	23.093	1749946200
2025-06-15T00:20:00Z	C	23.093	1749946800
2025-06-15T00:30:00Z	C	23.093	1749947400
2025-06-15T00:40:00Z	C	23.093	1749948000
2025-06-15T00:50:00Z	C	23.093	1749948600
2025-06-15T01:00:00Z	C	23.093	1749949200
2025-06-15T01:10:00Z	C	23.093	1749949800
2025-06-15T01:20:00Z	C	22.593	1749950400
2025-06-15T01:30:00Z	C	22.593	1749951000
2025-06-15T01:40:00Z	C	22.593	1749951600
2025-06-15T01:50:00Z	C	22.593	1749952200
2025-06-15T02:00:00Z	C	22.593	1749952800
2025-06-15T02:10:00Z	C	22.593	1749953400
2025-06-15T02:20:00Z	C	22.593	1749954000
2025-06-15T02:30:00Z	C	22.593	1749954600
2025-06-15T02:40:00Z	C	22.093	1749955200
2025-06-15T02:50:00Z	C	22.093	1749955800
2025-06-15T03:00:00Z	C	22.093	1749956400
2025-06-15T03:10:00Z	C	22.093	1749957000
2025-06-15T03:20:00Z	C	22.093	1749957600
2025-06-15T03:30:00Z	C	22.093	1749958200
2025-06-15T03:40:00Z	C	22.093	1749958800
2025-06-15T03:50:00Z	C	21.592	1749959400
2025-06-15T04:00:00Z	C	21.592	1749960000
2025-06-15T04:10:00Z	C	21.592	1749960600
2025-06-15T04:20:00Z	C	21.592	1749961200
2025-06-15T04:30:00Z	C	21.592	1749961800
2025-06-15T04:40:00Z	C	21.592	1749962400
2025-06-15T04:50:00Z	C	21.592	1749963000
2025-06-15T05:00:00Z	C	21.092	1749963600
2025-06-15T05:10:00Z	C	21.592	1749964200
2025-06-15T05:20:00Z	C	21.592	1749964800
2025-06-15T05:30:00Z	C	21.092	1749965400
2025-06-15T05:40:00Z	C	21.092	1749966000
2025-06-15T05:50:00Z	C	21.092	1749966600
2025-06-15T06:00:00Z	C	21.592	1749967200
2025-06-15T06:10:00Z	C	21.592	1749967800
2025-06-15T06:20:00Z	C	21.092	1749968400
2025-06-15T06:30:00Z	C	21.092	1749969000
2025-06-15T06:40:00Z	C	20.591	1749969600
2025-06-15T06:50:00Z	C	21.092	1749970200
2025-06-15T07:00:00Z	C	20.591	1749970800
2025-06-15T07:10:00Z	C	20.591	1749971400
2025-06-15T07:20:00Z	C	20.591	1749972000
2025-06-15T07:30:00Z	C	21.092	1749972600
2025-06-15T07:40:00Z	C	21.592	1749973200
2025-06-15T07:50:00Z	C	21.592	1749973800
2025-06-15T08:00:00Z	C	22.593	1749974400
2025-06-15T08:10:00Z	C	24.594	1749975000
2025-06-15T08:20:00Z	C	23.594	1749975600
2025-06-15T08:30:00Z	C	22.093	1749976200
2025-06-15T08:40:00Z	C	21.592	1749976800
2025-06-15T08:50:00Z	C	22.093	1749977400
2025-06-15T09:00:00Z	C	22.093	1749978000
2025-06-15T09:10:00Z	C	23.594	1749978600
2025-06-15T09:20:00Z	C	26.593	1749979200
2025-06-15T09:30:00Z	C	28.592	1749979800
2025-06-15T09:40:00Z	C	28.092	1749980400
2025-06-15T09:50:00Z	C	27.093	1749981000
2025-06-15T10:00:00Z	C	26.593	1749981600
2025-06-15T10:10:00Z	C	27.093	1749982200
2025-06-15T10:20:00Z	C	26.593	1749982800
2025-06-15T10:30:00Z	C	27.593	1749983400
2025-06-15T10:40:00Z	C	27.593	1749984000
2025-06-15T10:50:00Z	C	27.093	1749984600
2025-06-15T11:00:00Z	C	27.093	1749985200
2025-06-15T11:10:00Z	C	27.593	1749985800
2025-06-15T11:20:00Z	C	27.593	1749986400
2025-06-15T11:30:00Z	C	27.093	1749987000
2025-06-15T11:40:00Z	C	27.593	1749987600
2025-06-15T11:50:00Z	C	27.593	1749988200
2025-06-15T12:00:00Z	C	27.093	1749988800
2025-06-15T12:10:00Z	C	27.593	1749989400
2025-06-15T12:20:00Z	C	27.093	1749990000
2025-06-15T12:30:00Z	C	27.593	1749990600
2025-06-15T12:40:00Z	C	27.093	1749991200
2025-06-15T12:50:00Z	C	27.593	1749991800
2025-06-15T13:00:00Z	C	28.092	1749992400
2025-06-15T13:10:00Z	C	28.092	1749993000
2025-06-15T13:20:00Z	C	28.092	1749993600
2025-06-15T13:30:00Z	C	28.092	1749994200
2025-06-15T13:40:00Z	C	28.092	1749994800
2025-06-15T13:50:00Z	C	28.592	1749995400
2025-06-15T14:00:00Z	C	28.592	1749996000
2025-06-15T14:10:00Z	C	28.592	1749996600
2025-06-15T14:20:00Z	C	28.592	1749997200
2025-06-15T14:30:00Z	C	28.592	1749997800
2025-06-15T14:40:00Z	C	28.592	1749998400
2025-06-15T14:50:00Z	C	28.592	1749999000
2025-06-15T15:00:00Z	C	29.091	1749999600
2025-06-15T15:10:00Z	C	28.592	1750000200
2025-06-15T15:20:00Z	C	29.091	1750000800
2025-06-15T15:30:00Z	C	29.091	1750001400
2025-06-15T15:40:00Z	C	29.091	1750002000
2025-06-15T15:50:00Z	C	29.091	1750002600
2025-06-15T16:00:00Z	C	29.091	1750003200
2025-06-15T16:10:00Z	C	29.091	1750003800
2025-06-15T16:20:00Z	C	28.592	1750004400
2025-06-15T16:30:00Z	C	28.592	1750005000
2025-06-15T16:40:00Z	C	29.091	1750005600
2025-06-15T16:50:00Z	C	28.592	1750006200
2025-06-15T17:00:00Z	C	28.592	1750006800
2025-06-15T17:10:00Z	C	28.592	1750007400
2025-06-15T17:20:00Z	C	28.592	1750008000
2025-06-15T17:30:00Z	C	28.592	1750008600
2025-06-15T17:40:00Z	C	28.592	1750009200
2025-06-15T17:50:00Z	C	28.092	1750009800
2025-06-15T18:00:00Z	C	28.092	1750010400
2025-06-15T18:10:00Z	C	27.593	1750011000
2025-06-15T18:20:00Z	C	27.593	1750011600
2025-06-15T18:30:00Z	C	27.093	1750012200
2025-06-15T18:40:00Z	C	26.593	1750012800
2025-06-15T18:50:00Z	C	26.094	1750013400
2025-06-15T19:00:00Z	C	25.594	1750014000
2025-06-15T19:10:00Z	C	25.594	1750014600
2025-06-15T19:20:00Z	C	25.094	1750015200
2025-06-15T19:30:00Z	C	25.094	1750015800
2025-06-15T19:40:00Z	C	25.094	1750016400
2025-06-15T19:50:00Z	C	25.094	1750017000
2025-06-15T20:00:00Z	C	24.594	1750017600
2025-06-15T20:10:00Z	C	24.094	1750018200
2025-06-15T20:20:00Z	C	24.094	1750018800
2025-06-15T20:30:00Z	C	23.594	1750019400
2025-06-15T20:40:00Z	C	23.594	1750020000
2025-06-15T20:50:00Z	C	24.094	1750020600
2025-06-15T21:00:00Z	C	23.594	1750021200
2025-06-15T21:10:00Z	C	23.594	1750021800
2025-06-15T21:20:00Z	C	23.594	1750022400
2025-06-15T21:30:00Z	C	23.093	1750023000
2025-06-15T21:40:00Z	C	23.093	1750023600
2025-06-15T21:50:00Z	C	22.593	1750024200
2025-06-15T22:00:00Z	C	22.593	1750024800
2025-06-15T22:10:00Z	C	23.093	1750025400
2025-06-15T22:20:00Z	C	22.593	1750026000
2025-06-15T22:30:00Z	C	22.593	1750026600
2025-06-15T22:40:00Z	C	22.593	1750027200
2025-06-15T22:50:00Z	C	22.093	1750027800
2025-06-15T23:00:00Z	C	22.093	1750028400
2025-06-15T23:10:00Z	C	21.592	1750029000
2025-06-15T23:20:00Z	C	21.592	1750029600
2025-06-15T23:30:00Z	C	21.592	1750030200
2025-06-15T23:40:00Z	C	21.592	1750030800
2025-06-15T23:50:00Z	C	21.592	1750031400
2025-06-16T00:00:00Z	C	21.592	1750032000
2025-06-16T00:10:00Z	C	22.093	1750032600
2025-06-16T00:20:00Z	C	22.093	1750033200
2025-06-16T00:30:00Z	C	22.093	1750033800
2025-06-16T00:40:00Z	C	22.093	1750034400
2025-06-16T00:50:00Z	C	22.093	1750035000
2025-06-16T01:00:00Z	C	22.093	1750035600
2025-06-16T01:10:00Z	C	21.592	1750036200
2025-06-16T01:20:00Z	C	21.592	1750036800
2025-06-16T01:30:00Z	C	21.592	1750037400
2025-06-16T01:40:00Z	C	21.592	1750038000
2025-06-16T01:50:00Z	C	21.092	1750038600
2025-06-16T02:00:00Z	C	21.092	1750039200
2025-06-16T02:10:00Z	C	21.092	1750039800
2025-06-16T02:20:00Z	C	21.092	1750040400
2025-06-16T02:30:00Z	C	21.092	1750041000
2025-06-16T02:40:00Z	C	21.092	1750041600
2025-06-16T02:50:00Z	C	20.591	1750042200
2025-06-16T03:00:00Z	C	20.591	1750042800
2025-06-16T03:10:00Z	C	20.591	1750043400
2025-06-16T03:20:00Z	C	20.591	1750044000
2025-06-16T03:30:00Z	C	20.091	1750044600
2025-06-16T03:40:00Z	C	20.591	1750045200
2025-06-16T03:50:00Z	C	20.591	1750045800
2025-06-16T04:00:00Z	C	20.591	1750046400
2025-06-16T04:10:00Z	C	20.091	1750047000
2025-06-16T04:20:00Z	C	20.091	1750047600
2025-06-16T04:30:00Z	C	20.091	1750048200
2025-06-16T04:40:00Z	C	20.091	1750048800
2025-06-16T04:50:00Z	C	19.59	1750049400
2025-06-16T05:00:00Z	C	20.091	1750050000
2025-06-16T05:10:00Z	C	20.091	1750050600
2025-06-16T05:20:00Z	C	20.091	1750051200
2025-06-16T05:30:00Z	C	20.091	1750051800
2025-06-16T05:40:00Z	C	20.091	1750052400
2025-06-16T05:50:00Z	C	20.091	1750053000
2025-06-16T06:00:00Z	C	20.091	1750053600
2025-06-16T06:10:00Z	C	20.091	1750054200
2025-06-16T06:20:00Z	C	20.091	1750054800
2025-06-16T06:30:00Z	C	20.591	1750055400
2025-06-16T06:40:00Z	C	20.591	1750056000
2025-06-16T06:50:00Z	C	21.092	1750056600
2025-06-16T07:00:00Z	C	21.092	1750057200
2025-06-16T07:10:00Z	C	21.092	1750057800
2025-06-16T07:20:00Z	C	21.092	1750058400
2025-06-16T07:30:00Z	C	21.592	1750059000
2025-06-16T07:40:00Z	C	21.592	1750059600
2025-06-16T07:50:00Z	C	21.592	1750060200
2025-06-16T08:00:00Z	C	22.093	1750060800
2025-06-16T08:10:00Z	C	22.593	1750061400
2025-06-16T08:20:00Z	C	25.094	1750062000
2025-06-16T08:30:00Z	C	25.094	1750062600
2025-06-16T08:40:00Z	C	26.094	1750063200
2025-06-16T08:50:00Z	C	28.092	1750063800
2025-06-16T09:00:00Z	C	26.593	1750064400
2025-06-16T09:10:00Z	C	28.592	1750065000
2025-06-16T09:20:00Z	C	30.09	1750065600
2025-06-16T09:30:00Z	C	30.09	1750066200
2025-06-16T09:40:00Z	C	28.092	1750066800
2025-06-16T09:50:00Z	C	27.093	1750067400
2025-06-16T10:00:00Z	C	27.093	1750068000
2025-06-16T10:10:00Z	C	27.093	1750068600
2025-06-16T10:20:00Z	C	27.093	1750069200
2025-06-16T10:30:00Z	C	27.093	1750069800
2025-06-16T10:40:00Z	C	27.593	1750070400
2025-06-16T10:50:00Z	C	27.593	1750071000
2025-06-16T11:00:00Z	C	28.092	1750071600
2025-06-16T11:10:00Z	C	27.593	1750072200
2025-06-16T11:20:00Z	C	27.593	1750072800
2025-06-16T11:30:00Z	C	27.093	1750073400
2025-06-16T11:40:00Z	C	27.093	1750074000
2025-06-16T11:50:00Z	C	27.593	1750074600
2025-06-16T12:00:00Z	C	28.092	1750075200
2025-06-16T12:10:00Z	C	28.092	1750075800
2025-06-16T12:20:00Z	C	27.593	1750076400
2025-06-16T12:30:00Z	C	27.593	1750077000
2025-06-16T12:40:00Z	C	27.593	1750077600
2025-06-16T12:50:00Z	C	28.092	1750078200
2025-06-16T13:00:00Z	C	28.092	1750078800
2025-06-16T13:10:00Z	C	28.092	1750079400
2025-06-16T13:20:00Z	C	28.092	1750080000
2025-06-16T13:30:00Z	C	28.092	1750080600
2025-06-16T13:40:00Z	C	27.593	1750081200
2025-06-16T13:50:00Z	C	27.093	1750081800
2025-06-16T14:00:00Z	C	27.593	1750082400
2025-06-16T14:10:00Z	C	27.593	1750083000
2025-06-16T14:20:00Z	C	27.593	1750083600
2025-06-16T14:30:00Z	C	28.092	1750084200
2025-06-16T14:40:00Z	C	28.092	1750084800
2025-06-16T14:50:00Z	C	28.092	1750085400
2025-06-16T15:00:00Z	C	28.592	1750086000
2025-06-16T15:10:00Z	C	28.092	1750086600
2025-06-16T15:20:00Z	C	28.092	1750087200
2025-06-16T15:30:00Z	C	28.592	1750087800
2025-06-16T15:40:00Z	C	28.592	1750088400
2025-06-16T15:50:00Z	C	28.592	1750089000
2025-06-16T16:00:00Z	C	28.592	1750089600
2025-06-16T16:10:00Z	C	29.091	1750090200
2025-06-16T16:20:00Z	C	29.091	1750090800
2025-06-16T16:30:00Z	C	29.091	1750091400
2025-06-16T16:40:00Z	C	29.091	1750092000
2025-06-16T16:50:00Z	C	29.091	1750092600
2025-06-16T17:00:00Z	C	29.091	1750093200
2025-06-16T17:10:00Z	C	28.592	1750093800
2025-06-16T17:20:00Z	C	28.592	1750094400
2025-06-16T17:30:00Z	C	28.592	1750095000
2025-06-16T17:40:00Z	C	28.092	1750095600
2025-06-16T17:50:00Z	C	28.092	1750096200
2025-06-16T18:00:00Z	C	27.593	1750096800
2025-06-16T18:10:00Z	C	27.093	1750097400
2025-06-16T18:20:00Z	C	26.593	1750098000
2025-06-16T18:30:00Z	C	26.593	1750098600
2025-06-16T18:40:00Z	C	25.594	1750099200
2025-06-16T18:50:00Z	C	25.594	1750099800
2025-06-16T19:00:00Z	C	25.094	1750100400
2025-06-16T19:10:00Z	C	24.594	1750101000
2025-06-16T19:20:00Z	C	24.094	1750101600
2025-06-16T19:30:00Z	C	24.094	1750102200
2025-06-16T19:40:00Z	C	23.594	1750102800
2025-06-16T19:50:00Z	C	23.594	1750103400
2025-06-16T20:00:00Z	C	23.594	1750104000
2025-06-16T20:10:00Z	C	23.594	1750104600
2025-06-16T20:20:00Z	C	23.093	1750105200
2025-06-16T20:30:00Z	C	23.093	1750105800
2025-06-16T20:40:00Z	C	23.093	1750106400
2025-06-16T20:50:00Z	C	22.593	1750107000
2025-06-16T21:00:00Z	C	22.593	1750107600
2025-06-16T21:10:00Z	C	22.593	1750108200
2025-06-16T21:20:00Z	C	22.093	1750108800
2025-06-16T21:30:00Z	C	22.093	1750109400
2025-06-16T21:40:00Z	C	22.093	1750110000
2025-06-16T21:50:00Z	C	22.093	1750110600
2025-06-16T22:00:00Z	C	22.093	1750111200
2025-06-16T22:10:00Z	C	22.593	1750111800
2025-06-16T22:20:00Z	C	22.593	1750112400
2025-06-16T22:30:00Z	C	22.093	1750113000
2025-06-16T22:40:00Z	C	22.093	1750113600
2025-06-16T22:50:00Z	C	22.093	1750114200
2025-06-16T23:00:00Z	C	22.093	1750114800
2025-06-16T23:10:00Z	C	22.093	1750115400
2025-06-16T23:20:00Z	C	22.093	1750116000
2025-06-16T23:30:00Z	C	22.093	1750116600
2025-06-16T23:40:00Z	C	22.093	1750117200
2025-06-16T23:50:00Z	C	22.093	1750117800
2025-06-17T00:00:00Z	C	22.093	1750118400
2025-06-17T00:10:00Z	C	21.592	1750119000
2025-06-17T00:20:00Z	C	21.592	1750119600
2025-06-17T00:30:00Z	C	21.592	1750120200
2025-06-17T00:40:00Z	C	21.592	1750120800
2025-06-17T00:50:00Z	C	21.592	1750121400
2025-06-17T01:00:00Z	C	21.592	1750122000
2025-06-17T01:10:00Z	C	21.592	1750122600
2025-06-17T01:20:00Z	C	21.592	1750123200
2025-06-17T01:30:00Z	C	21.592	1750123800
2025-06-17T01:40:00Z	C	21.592	1750124400
2025-06-17T01:50:00Z	C	21.592	1750125000
2025-06-17T02:00:00Z	C	21.592	1750125600
2025-06-17T02:10:00Z	C	21.592	1750126200
2025-06-17T02:20:00Z	C	21.592	1750126800
2025-06-17T02:30:00Z	C	21.592	1750127400
2025-06-17T02:40:00Z	C	21.092	1750128000
2025-06-17T02:50:00Z	C	21.092	1750128600
2025-06-17T03:00:00Z	C	21.092	1750129200
2025-06-17T03:10:00Z	C	21.092	1750129800
2025-06-17T03:20:00Z	C	21.092	1750130400
2025-06-17T03:30:00Z	C	21.092	1750131000
2025-06-17T03:40:00Z	C	21.092	1750131600
2025-06-17T03:50:00Z	C	21.092	1750132200
2025-06-17T04:00:00Z	C	21.092	1750132800
2025-06-17T04:10:00Z	C	21.092	1750133400
2025-06-17T04:20:00Z	C	21.092	1750134000
2025-06-17T04:30:00Z	C	21.092	1750134600
2025-06-17T04:40:00Z	C	21.092	1750135200
2025-06-17T04:50:00Z	C	21.092	1750135800
2025-06-17T05:00:00Z	C	21.092	1750136400
2025-06-17T05:10:00Z	C	21.092	1750137000
2025-06-17T05:20:00Z	C	21.092	1750137600
2025-06-17T05:30:00Z	C	21.092	1750138200
2025-06-17T05:40:00Z	C	21.092	1750138800
2025-06-17T05:50:00Z	C	20.591	1750139400
2025-06-17T06:00:00Z	C	21.092	1750140000
2025-06-17T06:10:00Z	C	20.591	1750140600
2025-06-17T06:20:00Z	C	20.591	1750141200
2025-06-17T06:30:00Z	C	20.591	1750141800
2025-06-17T06:40:00Z	C	20.591	1750142400
2025-06-17T06:50:00Z	C	20.591	1750143000
2025-06-17T07:00:00Z	C	20.591	1750143600
2025-06-17T07:10:00Z	C	21.092	1750144200
2025-06-17T07:20:00Z	C	21.592	1750144800
2025-06-17T07:30:00Z	C	22.093	1750145400
2025-06-17T07:40:00Z	C	23.093	1750146000
2025-06-17T07:50:00Z	C	23.594	1750146600
2025-06-17T08:00:00Z	C	24.594	1750147200
2025-06-17T08:10:00Z	C	25.094	1750147800
2025-06-17T08:20:00Z	C	25.094	1750148400
2025-06-17T08:30:00Z	C	25.594	1750149000
2025-06-17T08:40:00Z	C	26.094	1750149600
2025-06-17T08:50:00Z	C	25.594	1750150200
2025-06-17T09:00:00Z	C	25.094	1750150800
2025-06-17T09:10:00Z	C	26.094	1750151400
2025-06-17T09:20:00Z	C	25.094	1750152000
2025-06-17T09:30:00Z	C	25.594	1750152600
2025-06-17T09:40:00Z	C	25.094	1750153200
2025-06-17T09:50:00Z	C	24.594	1750153800
2025-06-17T10:00:00Z	C	25.094	1750154400
2025-06-17T10:10:00Z	C	25.594	1750155000
2025-06-17T10:20:00Z	C	25.094	1750155600
2025-06-17T10:30:00Z	C	25.094	1750156200
2025-06-17T10:40:00Z	C	25.094	1750156800
2025-06-17T10:50:00Z	C	25.094	1750157400
2025-06-17T11:00:00Z	C	25.094	1750158000
2025-06-17T11:10:00Z	C	26.094	1750158600
2025-06-17T11:20:00Z	C	27.093	1750159200
2025-06-17T11:30:00Z	C	27.593	1750159800
2025-06-17T11:40:00Z	C	28.092	1750160400
2025-06-17T11:50:00Z	C	28.092	1750161000
2025-06-17T12:00:00Z	C	28.092	1750161600
2025-06-17T12:10:00Z	C	27.593	1750162200
2025-06-17T12:20:00Z	C	28.092	1750162800
2025-06-17T12:30:00Z	C	27.593	1750163400
2025-06-17T12:40:00Z	C	28.092	1750164000
2025-06-17T12:50:00Z	C	28.092	1750164600
2025-06-17T13:00:00Z	C	27.593	1750165200
2025-06-17T13:10:00Z	C	27.093	1750165800
2025-06-17T13:20:00Z	C	23.594	1750166400
2025-06-17T13:30:00Z	C	23.594	1750167000
2025-06-17T13:40:00Z	C	23.093	1750167600
2025-06-17T13:50:00Z	C	22.593	1750168200
2025-06-17T14:00:00Z	C	21.092	1750168800
2025-06-17T14:10:00Z	C	20.591	1750169400
2025-06-17T14:20:00Z	C	20.591	1750170000
2025-06-17T14:30:00Z	C	20.591	1750170600
2025-06-17T14:40:00Z	C	20.591	1750171200
2025-06-17T14:50:00Z	C	20.591	1750171800
2025-06-17T15:00:00Z	C	20.091	1750172400
2025-06-17T15:10:00Z	C	20.591	1750173000
2025-06-17T15:20:00Z	C	21.092	1750173600
2025-06-17T15:30:00Z	C	21.092	1750174200
2025-06-17T15:40:00Z	C	21.092	1750174800
2025-06-17T15:50:00Z	C	21.592	1750175400
2025-06-17T16:00:00Z	C	22.093	1750176000
2025-06-17T16:10:00Z	C	22.093	1750176600
2025-06-17T16:20:00Z	C	22.093	1750177200
2025-06-17T16:30:00Z	C	22.093	1750177800
2025-06-17T16:40:00Z	C	22.093	1750178400
2025-06-17T16:50:00Z	C	21.592	1750179000
2025-06-17T17:00:00Z	C	22.093	1750179600
2025-06-17T17:10:00Z	C	22.093	1750180200
2025-06-17T17:20:00Z	C	22.093	1750180800
2025-06-17T17:30:00Z	C	22.093	1750181400
2025-06-17T17:40:00Z	C	22.093	1750182000
2025-06-17T17:50:00Z	C	22.093	1750182600
2025-06-17T18:00:00Z	C	21.592	1750183200
2025-06-17T18:10:00Z	C	21.592	1750183800
2025-06-17T18:20:00Z	C	21.592	1750184400
2025-06-17T18:30:00Z	C	21.592	1750185000
2025-06-17T18:40:00Z	C	21.592	1750185600
2025-06-17T18:50:00Z	C	21.592	1750186200
2025-06-17T19:00:00Z	C	21.592	1750186800
2025-06-17T19:10:00Z	C	21.592	1750187400
2025-06-17T19:20:00Z	C	21.592	1750188000
2025-06-17T19:30:00Z	C	21.592	1750188600
2025-06-17T19:40:00Z	C	21.592	1750189200
2025-06-17T19:50:00Z	C	21.592	1750189800
2025-06-17T20:00:00Z	C	21.592	1750190400
2025-06-17T20:10:00Z	C	21.592	1750191000
2025-06-17T20:20:00Z	C	21.592	1750191600
2025-06-17T20:30:00Z	C	21.592	1750192200
2025-06-17T20:40:00Z	C	21.592	1750192800
2025-06-17T20:50:00Z	C	21.592	1750193400
2025-06-17T21:00:00Z	C	21.592	1750194000
2025-06-17T21:10:00Z	C	21.592	1750194600
2025-06-17T21:20:00Z	C	21.592	1750195200
2025-06-17T21:30:00Z	C	21.592	1750195800
2025-06-17T21:40:00Z	C	21.092	1750196400
2025-06-17T21:50:00Z	C	21.092	1750197000
2025-06-17T22:00:00Z	C	21.092	1750197600
2025-06-17T22:10:00Z	C	21.092	1750198200
2025-06-17T22:20:00Z	C	21.092	1750198800
2025-06-17T22:30:00Z	C	20.591	1750199400
2025-06-17T22:40:00Z	C	20.591	1750200000
2025-06-17T22:50:00Z	C	20.591	1750200600
2025-06-17T23:00:00Z	C	20.591	1750201200
2025-06-17T23:10:00Z	C	20.591	1750201800
2025-06-17T23:20:00Z	C	20.591	1750202400
2025-06-17T23:30:00Z	C	20.591	1750203000
2025-06-17T23:40:00Z	C	20.591	1750203600
2025-06-17T23:50:00Z	C	20.591	1750204200
2025-06-18T00:00:00Z	C	20.591	1750204800
2025-06-18T00:10:00Z	C	20.591	1750205400
2025-06-18T00:20:00Z	C	20.591	1750206000
2025-06-18T00:30:00Z	C	20.591	1750206600
2025-06-18T00:40:00Z	C	20.591	1750207200
2025-06-18T00:50:00Z	C	20.091	1750207800
2025-06-18T01:00:00Z	C	20.091	1750208400
2025-06-18T01:10:00Z	C	20.091	1750209000
2025-06-18T01:20:00Z	C	20.091	1750209600
2025-06-18T01:30:00Z	C	20.091	1750210200
2025-06-18T01:40:00Z	C	19.59	1750210800
2025-06-18T01:50:00Z	C	19.59	1750211400
2025-06-18T02:00:00Z	C	19.59	1750212000
2025-06-18T02:10:00Z	C	19.59	1750212600
2025-06-18T02:20:00Z	C	20.091	1750213200
2025-06-18T02:30:00Z	C	19.59	1750213800
2025-06-18T02:40:00Z	C	19.59	1750214400
2025-06-18T02:50:00Z	C	19.59	1750215000
2025-06-18T03:00:00Z	C	19.59	1750215600
2025-06-18T03:10:00Z	C	19.59	1750216200
2025-06-18T03:20:00Z	C	19.59	1750216800
2025-06-18T03:30:00Z	C	19.59	1750217400
2025-06-18T03:40:00Z	C	19.59	1750218000
2025-06-18T03:50:00Z	C	19.59	1750218600
2025-06-18T04:00:00Z	C	19.59	1750219200
2025-06-18T04:10:00Z	C	19.59	1750219800
2025-06-18T04:20:00Z	C	19.59	1750220400
2025-06-18T04:30:00Z	C	19.59	1750221000
2025-06-18T04:40:00Z	C	19.59	1750221600
2025-06-18T04:50:00Z	C	19.089	1750222200
2025-06-18T05:00:00Z	C	19.089	1750222800
2025-06-18T05:10:00Z	C	19.089	1750223400
2025-06-18T05:20:00Z	C	19.089	1750224000
2025-06-18T05:30:00Z	C	19.089	1750224600
2025-06-18T05:40:00Z	C	19.089	1750225200
2025-06-18T05:50:00Z	C	19.59	1750225800
2025-06-18T06:00:00Z	C	19.59	1750226400
2025-06-18T06:10:00Z	C	19.089	1750227000
2025-06-18T06:20:00Z	C	19.089	1750227600
2025-06-18T06:30:00Z	C	19.089	1750228200
2025-06-18T06:40:00Z	C	19.089	1750228800
2025-06-18T06:50:00Z	C	19.089	1750229400
2025-06-18T07:00:00Z	C	19.089	1750230000
2025-06-18T07:10:00Z	C	19.59	1750230600
2025-06-18T07:20:00Z	C	19.59	1750231200
2025-06-18T07:30:00Z	C	20.091	1750231800
2025-06-18T07:40:00Z	C	20.591	1750232400
2025-06-18T07:50:00Z	C	20.591	1750233000
2025-06-18T08:00:00Z	C	20.591	1750233600
2025-06-18T08:10:00Z	C	20.591	1750234200
2025-06-18T08:20:00Z	C	21.092	1750234800
2025-06-18T08:30:00Z	C	21.092	1750235400
2025-06-18T08:40:00Z	C	21.592	1750236000
2025-06-18T08:50:00Z	C	21.592	1750236600
2025-06-18T09:00:00Z	C	22.093	1750237200
2025-06-18T09:10:00Z	C	23.093	1750237800
2025-06-18T09:20:00Z	C	23.093	1750238400
2025-06-18T09:30:00Z	C	23.093	1750239000
2025-06-18T09:40:00Z	C	23.594	1750239600
2025-06-18T09:50:00Z	C	23.594	1750240200
2025-06-18T10:00:00Z	C	24.094	1750240800
2025-06-18T10:10:00Z	C	24.594	1750241400
2025-06-18T10:20:00Z	C	25.094	1750242000
2025-06-18T10:30:00Z	C	25.594	1750242600
2025-06-18T10:40:00Z	C	25.594	1750243200
2025-06-18T10:50:00Z	C	25.594	1750243800
2025-06-18T11:00:00Z	C	26.094	1750244400
2025-06-18T11:10:00Z	C	26.094	1750245000
2025-06-18T11:20:00Z	C	26.593	1750245600
2025-06-18T11:30:00Z	C	27.093	1750246200
2025-06-18T11:40:00Z	C	26.593	1750246800
2025-06-18T11:50:00Z	C	26.593	1750247400
2025-06-18T12:00:00Z	C	26.094	1750248000
2025-06-18T12:10:00Z	C	25.094	1750248600
2025-06-18T12:20:00Z	C	25.094	1750249200
2025-06-18T12:30:00Z	C	25.094	1750249800
2025-06-18T12:40:00Z	C	25.094	1750250400
2025-06-18T12:50:00Z	C	25.594	1750251000
2025-06-18T13:00:00Z	C	26.094	1750251600
2025-06-18T13:10:00Z	C	26.593	1750252200
2025-06-18T13:20:00Z	C	26.593	1750252800
2025-06-18T13:30:00Z	C	26.593	1750253400
2025-06-18T13:40:00Z	C	26.593	1750254000
2025-06-18T13:50:00Z	C	26.094	1750254600
2025-06-18T14:00:00Z	C	25.594	1750255200
2025-06-18T14:10:00Z	C	25.594	1750255800
2025-06-18T14:20:00Z	C	25.094	1750256400
2025-06-18T14:30:00Z	C	25.094	1750257000
2025-06-18T14:40:00Z	C	25.594	1750257600
2025-06-18T14:50:00Z	C	26.094	1750258200
2025-06-18T15:00:00Z	C	26.593	1750258800
2025-06-18T15:10:00Z	C	26.593	1750259400
2025-06-18T15:20:00Z	C	27.093	1750260000
2025-06-18T15:30:00Z	C	26.593	1750260600
2025-06-18T15:40:00Z	C	26.094	1750261200
2025-06-18T15:50:00Z	C	22.593	1750261800
2025-06-18T16:00:00Z	C	20.091	1750262400
2025-06-18T16:10:00Z	C	18.589	1750263000
2025-06-18T16:20:00Z	C	18.589	1750263600
2025-06-18T16:30:00Z	C	18.589	1750264200
2025-06-18T16:40:00Z	C	18.589	1750264800
2025-06-18T16:50:00Z	C	19.089	1750265400
2025-06-18T17:00:00Z	C	19.089	1750266000
2025-06-18T17:10:00Z	C	19.59	1750266600
2025-06-18T17:20:00Z	C	19.59	1750267200
2025-06-18T17:30:00Z	C	20.091	1750267800
2025-06-18T17:40:00Z	C	20.591	1750268400
2025-06-18T17:50:00Z	C	21.092	1750269000
2025-06-18T18:00:00Z	C	21.092	1750269600
2025-06-18T18:10:00Z	C	21.092	1750270200
2025-06-18T18:20:00Z	C	21.092	1750270800
2025-06-18T18:30:00Z	C	21.092	1750271400
2025-06-18T18:40:00Z	C	21.592	1750272000
2025-06-18T18:50:00Z	C	21.092	1750272600
2025-06-18T19:00:00Z	C	21.092	1750273200
2025-06-18T19:10:00Z	C	21.092	1750273800
2025-06-18T19:20:00Z	C	21.092	1750274400
2025-06-18T19:30:00Z	C	21.092	1750275000
2025-06-18T19:40:00Z	C	21.092	1750275600
2025-06-18T19:50:00Z	C	21.092	1750276200
2025-06-18T20:00:00Z	C	20.591	1750276800
2025-06-18T20:10:00Z	C	20.591	1750277400
2025-06-18T20:20:00Z	C	20.591	1750278000
2025-06-18T20:30:00Z	C	20.591	1750278600
2025-06-18T20:40:00Z	C	20.091	1750279200
2025-06-18T20:50:00Z	C	20.091	1750279800
2025-06-18T21:00:00Z	C	20.091	1750280400
2025-06-18T21:10:00Z	C	20.091	1750281000
2025-06-18T21:20:00Z	C	20.091	1750281600
2025-06-18T21:30:00Z	C	20.091	1750282200
2025-06-18T21:40:00Z	C	19.59	1750282800
2025-06-18T21:50:00Z	C	20.091	1750283400
2025-06-18T22:00:00Z	C	19.59	1750284000
2025-06-18T22:10:00Z	C	19.59	1750284600
2025-06-18T22:20:00Z	C	19.59	1750285200
2025-06-18T22:30:00Z	C	20.091	1750285800
2025-06-18T22:40:00Z	C	20.091	1750286400
2025-06-18T22:50:00Z	C	20.091	1750287000
2025-06-18T23:00:00Z	C	20.091	1750287600
2025-06-18T23:10:00Z	C	20.091	1750288200
2025-06-18T23:20:00Z	C	20.091	1750288800
2025-06-18T23:30:00Z	C	20.091	1750289400
2025-06-18T23:40:00Z	C	20.091	1750290000
2025-06-18T23:50:00Z	C	20.091	1750290600
2025-06-19T00:00:00Z	C	20.091	1750291200
2025-06-19T00:10:00Z	C	20.091	1750291800
2025-06-19T00:20:00Z	C	20.091	1750292400
2025-06-19T00:30:00Z	C	20.091	1750293000
2025-06-19T00:40:00Z	C	20.091	1750293600
2025-06-19T00:50:00Z	C	20.091	1750294200
2025-06-19T01:00:00Z	C	20.591	1750294800
2025-06-19T01:10:00Z	C	20.591	1750295400
2025-06-19T01:20:00Z	C	20.591	1750296000
2025-06-19T01:30:00Z	C	20.591	1750296600
2025-06-19T01:40:00Z	C	20.591	1750297200
2025-06-19T01:50:00Z	C	20.591	1750297800
2025-06-19T02:00:00Z	C	20.591	1750298400
2025-06-19T02:10:00Z	C	20.591	1750299000
2025-06-19T02:20:00Z	C	20.591	1750299600
2025-06-19T02:30:00Z	C	20.091	1750300200
2025-06-19T02:40:00Z	C	20.091	1750300800
2025-06-19T02:50:00Z	C	20.091	1750301400
2025-06-19T03:00:00Z	C	20.091	1750302000
2025-06-19T03:10:00Z	C	20.091	1750302600
2025-06-19T03:20:00Z	C	20.091	1750303200
2025-06-19T03:30:00Z	C	20.091	1750303800
2025-06-19T03:40:00Z	C	20.091	1750304400
2025-06-19T03:50:00Z	C	20.091	1750305000
2025-06-19T04:00:00Z	C	20.091	1750305600
2025-06-19T04:10:00Z	C	20.591	1750306200
2025-06-19T04:20:00Z	C	20.091	1750306800
2025-06-19T04:30:00Z	C	20.091	1750307400
2025-06-19T04:40:00Z	C	19.59	1750308000
2025-06-19T04:50:00Z	C	19.59	1750308600
2025-06-19T05:00:00Z	C	19.59	1750309200
2025-06-19T05:10:00Z	C	19.59	1750309800
2025-06-19T05:20:00Z	C	19.59	1750310400
2025-06-19T05:30:00Z	C	19.089	1750311000
2025-06-19T05:40:00Z	C	19.59	1750311600
2025-06-19T05:50:00Z	C	19.59	1750312200
2025-06-19T06:00:00Z	C	19.59	1750312800
2025-06-19T06:10:00Z	C	19.59	1750313400
2025-06-19T06:20:00Z	C	19.59	1750314000
2025-06-19T06:30:00Z	C	19.089	1750314600
2025-06-19T06:40:00Z	C	19.089	1750315200
2025-06-19T06:50:00Z	C	19.59	1750315800
2025-06-19T07:00:00Z	C	19.59	1750316400
2025-06-19T07:10:00Z	C	19.59	1750317000
2025-06-19T07:20:00Z	C	19.59	1750317600
2025-06-19T07:30:00Z	C	20.091	1750318200
2025-06-19T07:40:00Z	C	20.091	1750318800
2025-06-19T07:50:00Z	C	20.591	1750319400
2025-06-19T08:00:00Z	C	20.591	1750320000
2025-06-19T08:10:00Z	C	21.092	1750320600
2025-06-19T08:20:00Z	C	21.592	1750321200
2025-06-19T08:30:00Z	C	21.592	1750321800
2025-06-19T08:40:00Z	C	22.093	1750322400
2025-06-19T08:50:00Z	C	23.093	1750323000
2025-06-19T09:00:00Z	C	22.593	1750323600
2025-06-19T09:10:00Z	C	24.094	1750324200
2025-06-19T09:20:00Z	C	25.594	1750324800
2025-06-19T09:30:00Z	C	26.094	1750325400
2025-06-19T09:40:00Z	C	25.094	1750326000
2025-06-19T09:50:00Z	C	25.094	1750326600
2025-06-19T10:00:00Z	C	25.094	1750327200
2025-06-19T10:10:00Z	C	25.094	1750327800
2025-06-19T10:20:00Z	C	24.594	1750328400
2025-06-19T10:30:00Z	C	24.594	1750329000
2025-06-19T10:40:00Z	C	26.593	1750329600
2025-06-19T10:50:00Z	C	24.594	1750330200
2025-06-19T11:00:00Z	C	24.594	1750330800
2025-06-19T11:10:00Z	C	24.594	1750331400
2025-06-19T11:20:00Z	C	26.094	1750332000
2025-06-19T11:30:00Z	C	24.094	1750332600
2025-06-19T11:40:00Z	C	23.594	1750333200
2025-06-19T11:50:00Z	C	24.094	1750333800
2025-06-19T12:00:00Z	C	24.094	1750334400
2025-06-19T12:10:00Z	C	24.094	1750335000
2025-06-19T12:20:00Z	C	24.094	1750335600
2025-06-19T12:30:00Z	C	24.094	1750336200
2025-06-19T12:40:00Z	C	24.594	1750336800
2025-06-19T12:50:00Z	C	24.594	1750337400
2025-06-19T13:00:00Z	C	25.094	1750338000
2025-06-19T13:10:00Z	C	25.094	1750338600
2025-06-19T13:20:00Z	C	25.094	1750339200
2025-06-19T13:30:00Z	C	25.094	1750339800
2025-06-19T13:40:00Z	C	25.594	1750340400
2025-06-19T13:50:00Z	C	25.594	1750341000
2025-06-19T14:00:00Z	C	25.094	1750341600
2025-06-19T14:10:00Z	C	24.594	1750342200
2025-06-19T14:20:00Z	C	24.594	1750342800
2025-06-19T14:30:00Z	C	24.594	1750343400
2025-06-19T14:40:00Z	C	24.594	1750344000
2025-06-19T14:50:00Z	C	24.594	1750344600
2025-06-19T15:00:00Z	C	24.594	1750345200
2025-06-19T15:10:00Z	C	24.594	1750345800
2025-06-19T15:20:00Z	C	24.094	1750346400
2025-06-19T15:30:00Z	C	24.094	1750347000
2025-06-19T15:40:00Z	C	24.594	1750347600
2025-06-19T15:50:00Z	C	24.594	1750348200
2025-06-19T16:00:00Z	C	24.594	1750348800
2025-06-19T16:10:00Z	C	24.094	1750349400
2025-06-19T16:20:00Z	C	23.594	1750350000
2025-06-19T16:30:00Z	C	23.594	1750350600
2025-06-19T16:40:00Z	C	23.093	1750351200
2025-06-19T16:50:00Z	C	22.593	1750351800
2025-06-19T17:00:00Z	C	22.593	1750352400
2025-06-19T17:10:00Z	C	22.593	1750353000
2025-06-19T17:20:00Z	C	22.593	1750353600
2025-06-19T17:30:00Z	C	22.593	1750354200
2025-06-19T17:40:00Z	C	22.093	1750354800
2025-06-19T17:50:00Z	C	22.093	1750355400
2025-06-19T18:00:00Z	C	22.093	1750356000
2025-06-19T18:10:00Z	C	21.592	1750356600
2025-06-19T18:20:00Z	C	21.592	1750357200
2025-06-19T18:30:00Z	C	21.592	1750357800
2025-06-19T18:40:00Z	C	21.592	1750358400
2025-06-19T18:50:00Z	C	21.092	1750359000
2025-06-19T19:00:00Z	C	21.092	1750359600
2025-06-19T19:10:00Z	C	21.092	1750360200
2025-06-19T19:20:00Z	C	21.092	1750360800
2025-06-19T19:30:00Z	C	21.092	1750361400
2025-06-19T19:40:00Z	C	21.092	1750362000
2025-06-19T19:50:00Z	C	21.092	1750362600
2025-06-19T20:00:00Z	C	21.092	1750363200
2025-06-19T20:10:00Z	C	21.092	1750363800
2025-06-19T20:20:00Z	C	21.092	1750364400
2025-06-19T20:30:00Z	C	21.092	1750365000
2025-06-19T20:40:00Z	C	21.092	1750365600
2025-06-19T20:50:00Z	C	21.092	1750366200
2025-06-19T21:00:00Z	C	21.092	1750366800
2025-06-19T21:10:00Z	C	21.092	1750367400
2025-06-19T21:20:00Z	C	21.092	1750368000
2025-06-19T21:30:00Z	C	20.591	1750368600
2025-06-19T21:40:00Z	C	20.591	1750369200
2025-06-19T21:50:00Z	C	20.591	1750369800
2025-06-19T22:00:00Z	C	20.591	1750370400
2025-06-19T22:10:00Z	C	20.591	1750371000
2025-06-19T22:20:00Z	C	20.591	1750371600
2025-06-19T22:30:00Z	C	20.591	1750372200
2025-06-19T22:40:00Z	C	20.591	1750372800
2025-06-19T22:50:00Z	C	20.591	1750373400
2025-06-19T23:00:00Z	C	20.091	1750374000
2025-06-19T23:10:00Z	C	20.091	1750374600
2025-06-19T23:20:00Z	C	20.091	1750375200
2025-06-19T23:30:00Z	C	20.091	1750375800
2025-06-19T23:40:00Z	C	20.091	1750376400
2025-06-19T23:50:00Z	C	20.091	1750377000
2025-06-20T00:00:00Z	C	20.091	1750377600
2025-06-20T00:10:00Z	C	20.091	1750378200
2025-06-20T00:20:00Z	C	20.091	1750378800
2025-06-20T00:30:00Z	C	20.091	1750379400
2025-06-20T00:40:00Z	C	20.091	1750380000
2025-06-20T00:50:00Z	C	20.091	1750380600
2025-06-20T01:00:00Z	C	20.091	1750381200
2025-06-20T01:10:00Z	C	20.091	1750381800
2025-06-20T01:20:00Z	C	20.091	1750382400
2025-06-20T01:30:00Z	C	19.59	1750383000
2025-06-20T01:40:00Z	C	20.091	1750383600
2025-06-20T01:50:00Z	C	20.091	1750384200
2025-06-20T02:00:00Z	C	19.59	1750384800
2025-06-20T02:10:00Z	C	19.59	1750385400
2025-06-20T02:20:00Z	C	19.59	1750386000
2025-06-20T02:30:00Z	C	20.091	1750386600
2025-06-20T02:40:00Z	C	20.091	1750387200
2025-06-20T02:50:00Z	C	20.091	1750387800
2025-06-20T03:00:00Z	C	20.091	1750388400
2025-06-20T03:10:00Z	C	20.091	1750389000
2025-06-20T03:20:00Z	C	20.091	1750389600
2025-06-20T03:30:00Z	C	20.091	1750390200
2025-06-20T03:40:00Z	C	20.091	1750390800
2025-06-20T03:50:00Z	C	20.091	1750391400
2025-06-20T04:00:00Z	C	20.091	1750392000
2025-06-20T04:10:00Z	C	20.091	1750392600
2025-06-20T04:20:00Z	C	20.091	1750393200
2025-06-20T04:30:00Z	C	20.091	1750393800
2025-06-20T04:40:00Z	C	20.091	1750394400
2025-06-20T04:50:00Z	C	19.59	1750395000
2025-06-20T05:00:00Z	C	19.59	1750395600
2025-06-20T05:10:00Z	C	19.59	1750396200
2025-06-20T05:20:00Z	C	19.59	1750396800
2025-06-20T05:30:00Z	C	19.59	1750397400
2025-06-20T05:40:00Z	C	19.59	1750398000
2025-06-20T05:50:00Z	C	19.59	1750398600
2025-06-20T06:00:00Z	C	19.59	1750399200
2025-06-20T06:10:00Z	C	19.59	1750399800
2025-06-20T06:20:00Z	C	19.59	1750400400
2025-06-20T06:30:00Z	C	19.59	1750401000
2025-06-20T06:40:00Z	C	19.59	1750401600
2025-06-20T06:50:00Z	C	19.59	1750402200
2025-06-20T07:00:00Z	C	19.59	1750402800
2025-06-20T07:10:00Z	C	19.59	1750403400
2025-06-20T07:20:00Z	C	19.59	1750404000
2025-06-20T07:30:00Z	C	19.59	1750404600
2025-06-20T07:40:00Z	C	19.59	1750405200
2025-06-20T07:50:00Z	C	19.59	1750405800
2025-06-20T08:00:00Z	C	20.091	1750406400
2025-06-20T08:10:00Z	C	20.091	1750407000
2025-06-20T08:20:00Z	C	20.091	1750407600
2025-06-20T08:30:00Z	C	20.591	1750408200
2025-06-20T08:40:00Z	C	20.591	1750408800
2025-06-20T08:50:00Z	C	20.591	1750409400
2025-06-20T09:00:00Z	C	21.092	1750410000
2025-06-20T09:10:00Z	C	21.592	1750410600
2025-06-20T09:20:00Z	C	21.592	1750411200
2025-06-20T09:30:00Z	C	22.093	1750411800
2025-06-20T09:40:00Z	C	22.593	1750412400
2025-06-20T09:50:00Z	C	23.093	1750413000
2025-06-20T10:00:00Z	C	23.093	1750413600
2025-06-20T10:10:00Z	C	23.093	1750414200
2025-06-20T10:20:00Z	C	23.093	1750414800
2025-06-20T10:30:00Z	C	23.093	1750415400
2025-06-20T10:40:00Z	C	23.594	1750416000
2025-06-20T10:50:00Z	C	23.594	1750416600
2025-06-20T11:00:00Z	C	23.594	1750417200
2025-06-20T11:10:00Z	C	24.094	1750417800
2025-06-20T11:20:00Z	C	24.094	1750418400
2025-06-20T11:30:00Z	C	24.094	1750419000
2025-06-20T11:40:00Z	C	24.594	1750419600
2025-06-20T11:50:00Z	C	24.594	1750420200
2025-06-20T12:00:00Z	C	24.594	1750420800
2025-06-20T12:10:00Z	C	24.594	1750421400
2025-06-20T12:20:00Z	C	25.094	1750422000
2025-06-20T12:30:00Z	C	25.094	1750422600
2025-06-20T12:40:00Z	C	25.094	1750423200
2025-06-20T12:50:00Z	C	25.594	1750423800
2025-06-20T13:00:00Z	C	25.594	1750424400
2025-06-20T13:10:00Z	C	25.594	1750425000
2025-06-20T13:20:00Z	C	26.094	1750425600
2025-06-20T13:30:00Z	C	26.094	1750426200
2025-06-20T13:40:00Z	C	26.094	1750426800
2025-06-20T13:50:00Z	C	26.094	1750427400
2025-06-20T14:00:00Z	C	26.094	1750428000
2025-06-20T14:10:00Z	C	26.094	1750428600
2025-06-20T14:20:00Z	C	26.094	1750429200
2025-06-20T14:30:00Z	C	26.094	1750429800
2025-06-20T14:40:00Z	C	26.094	1750430400
2025-06-20T14:50:00Z	C	26.094	1750431000
2025-06-20T15:00:00Z	C	26.094	1750431600
2025-06-20T15:10:00Z	C	26.593	1750432200
2025-06-20T15:20:00Z	C	26.593	1750432800
2025-06-20T15:30:00Z	C	26.593	1750433400
2025-06-20T15:40:00Z	C	26.593	1750434000
2025-06-20T15:50:00Z	C	26.593	1750434600
2025-06-20T16:00:00Z	C	26.593	1750435200
2025-06-20T16:10:00Z	C	26.593	1750435800
2025-06-20T16:20:00Z	C	26.593	1750436400
2025-06-20T16:30:00Z	C	26.593	1750437000
2025-06-20T16:40:00Z	C	26.593	1750437600
2025-06-20T16:50:00Z	C	26.094	1750438200
2025-06-20T17:00:00Z	C	26.094	1750438800
2025-06-20T17:10:00Z	C	26.094	1750439400
2025-06-20T17:20:00Z	C	26.094	1750440000
2025-06-20T17:30:00Z	C	25.594	1750440600
2025-06-20T17:40:00Z	C	25.594	1750441200
2025-06-20T17:50:00Z	C	25.594	1750441800
2025-06-20T18:00:00Z	C	25.594	1750442400
2025-06-20T18:10:00Z	C	25.594	1750443000
2025-06-20T18:20:00Z	C	25.594	1750443600
2025-06-20T18:30:00Z	C	25.094	1750444200
2025-06-20T18:40:00Z	C	25.094	1750444800
2025-06-20T18:50:00Z	C	24.594	1750445400
2025-06-20T19:00:00Z	C	24.094	1750446000
2025-06-20T19:10:00Z	C	24.094	1750446600
2025-06-20T19:20:00Z	C	23.594	1750447200
2025-06-20T19:30:00Z	C	23.594	1750447800
