Bat_ID	DateTime	Temperature	AmbientT	deltaT
16	2025-06-03T16:10:00Z	31.570890339548207	22.093	9.477890339548207
16	2025-06-03T16:20:00Z	32.570780406706426	22.093	10.477780406706426
16	2025-06-03T16:30:00Z	33.070725440285536	22.093	10.977725440285536
16	2025-06-03T16:40:00Z	33.070725440285536	22.593	10.477725440285536
16	2025-06-03T16:50:00Z	31.570890339548207	23.093	8.477890339548207
16	2025-06-03T17:00:00Z	32.570780406706426	22.593	9.977780406706426
16	2025-06-03T17:10:00Z	31.570890339548207	22.593	8.977890339548207
16	2025-06-03T17:20:00Z	29.071165171652652	23.093	5.978165171652652
16	2025-06-03T17:30:00Z	29.071165171652652	23.093	5.978165171652652
16	2025-06-03T17:40:00Z	30.071055238810874	23.093	6.9780552388108745
16	2025-06-03T17:50:00Z	31.570890339548207	23.093	8.477890339548207
16	2025-06-03T18:00:00Z	30.571000272389984	23.093	7.478000272389984
16	2025-06-03T18:10:00Z	30.071055238810874	23.093	6.9780552388108745
16	2025-06-03T18:20:00Z	31.070945305969097	23.093	7.977945305969097
16	2025-06-03T18:30:00Z	29.071165171652652	23.093	5.978165171652652
16	2025-06-03T18:40:00Z	28.071275104494433	23.594	4.4772751044944314
16	2025-06-03T18:50:00Z	28.071275104494433	23.093	4.978275104494433
16	2025-06-03T19:00:00Z	29.57111020523176	22.593	6.978110205231761
16	2025-06-03T19:10:00Z	31.070945305969097	22.093	8.977945305969097
16	2025-06-03T19:20:00Z	33.070725440285536	22.093	10.977725440285536
16	2025-06-03T19:30:00Z	36.57034067533931	22.093	14.47734067533931
16	2025-06-03T19:40:00Z	34.070615507443755	22.093	11.977615507443755
16	2025-06-03T19:50:00Z	33.570670473864645	21.592	11.978670473864646
16	2025-06-03T20:00:00Z	35.57045060818109	21.592	13.978450608181092
16	2025-06-03T20:10:00Z	34.070615507443755	21.592	12.478615507443756
16	2025-06-03T20:20:00Z	33.570670473864645	21.592	11.978670473864646
16	2025-06-03T20:30:00Z	34.070615507443755	21.592	12.478615507443756
16	2025-06-03T20:40:00Z	35.07050557460198	21.592	13.478505574601982
16	2025-06-03T20:50:00Z	30.071055238810874	21.592	8.479055238810876
16	2025-06-03T21:00:00Z	30.071055238810874	21.592	8.479055238810876
16	2025-06-03T21:10:00Z	29.57111020523176	21.592	7.979110205231763
16	2025-06-03T21:20:00Z	32.570780406706426	21.092	11.478780406706427
16	2025-06-03T21:30:00Z	34.070615507443755	21.092	12.978615507443756
16	2025-06-03T21:40:00Z	34.570560541022864	21.092	13.478560541022865
16	2025-06-03T21:50:00Z	32.070835373127316	21.092	10.978835373127318
16	2025-06-03T22:00:00Z	33.070725440285536	20.591	12.479725440285534
16	2025-06-03T22:10:00Z	30.071055238810874	20.591	9.480055238810873
16	2025-06-03T22:20:00Z	28.571220138073542	20.591	7.980220138073541
16	2025-06-03T22:30:00Z	27.571330070915323	20.591	6.980330070915322
16	2025-06-03T22:40:00Z	32.570780406706426	20.591	11.979780406706425
16	2025-06-03T22:50:00Z	31.070945305969097	20.591	10.479945305969096
16	2025-06-03T23:00:00Z	32.570780406706426	20.591	11.979780406706425
16	2025-06-03T23:10:00Z	31.570890339548207	20.591	10.979890339548206
16	2025-06-03T23:20:00Z	30.071055238810874	20.591	9.480055238810873
16	2025-06-03T23:30:00Z	31.570890339548207	20.591	10.979890339548206
16	2025-06-03T23:40:00Z	32.070835373127316	20.591	11.479835373127315
16	2025-06-03T23:50:00Z	33.070725440285536	20.591	12.479725440285534
16	2025-06-04T00:00:00Z	33.070725440285536	20.591	12.479725440285534
16	2025-06-04T00:10:00Z	32.570780406706426	20.591	11.979780406706425
16	2025-06-04T00:20:00Z	32.570780406706426	20.591	11.979780406706425
16	2025-06-04T00:30:00Z	30.071055238810874	20.591	9.480055238810873
16	2025-06-04T00:40:00Z	28.571220138073542	20.591	7.980220138073541
16	2025-06-04T00:50:00Z	31.070945305969097	20.591	10.479945305969096
16	2025-06-04T01:00:00Z	32.570780406706426	20.591	11.979780406706425
16	2025-06-04T01:10:00Z	32.570780406706426	20.591	11.979780406706425
16	2025-06-04T01:30:00Z	32.070835373127316	20.591	11.479835373127315
16	2025-06-04T01:40:00Z	32.070835373127316	20.591	11.479835373127315
16	2025-06-04T01:50:00Z	31.570890339548207	20.591	10.979890339548206
16	2025-06-04T02:00:00Z	30.071055238810874	20.591	9.480055238810873
16	2025-06-04T02:10:00Z	29.57111020523176	20.591	8.98011020523176
16	2025-06-04T02:20:00Z	30.571000272389984	20.591	9.980000272389983
16	2025-06-04T02:30:00Z	30.571000272389984	20.591	9.980000272389983
16	2025-06-04T02:40:00Z	31.070945305969097	21.092	9.978945305969098
16	2025-06-04T02:50:00Z	30.571000272389984	21.092	9.479000272389985
16	2025-06-04T03:00:00Z	29.57111020523176	21.092	8.479110205231763
16	2025-06-04T03:10:00Z	28.071275104494433	20.091	7.980275104494432
16	2025-06-04T03:20:00Z	30.071055238810874	20.091	9.980055238810873
16	2025-06-04T03:30:00Z	33.070725440285536	20.091	12.979725440285534
16	2025-06-04T03:40:00Z	33.070725440285536	20.091	12.979725440285534
16	2025-06-04T03:50:00Z	32.570780406706426	20.091	12.479780406706425
16	2025-06-04T04:00:00Z	28.071275104494433	19.59	8.481275104494433
16	2025-06-04T04:10:00Z	31.070945305969097	19.59	11.480945305969097
16	2025-06-04T04:20:00Z	30.071055238810874	19.59	10.481055238810875
16	2025-06-04T04:30:00Z	29.57111020523176	19.59	9.981110205231762
16	2025-06-04T04:40:00Z	30.571000272389984	19.59	10.981000272389984
16	2025-06-04T04:50:00Z	30.071055238810874	19.59	10.481055238810875
16	2025-06-04T05:00:00Z	28.571220138073542	19.089	9.482220138073544
16	2025-06-04T05:10:00Z	31.070945305969097	19.089	11.981945305969099
16	2025-06-04T05:20:00Z	30.571000272389984	19.089	11.482000272389985
16	2025-06-04T05:30:00Z	28.071275104494433	19.089	8.982275104494434
16	2025-06-04T05:40:00Z	31.070945305969097	19.089	11.981945305969099
16	2025-06-04T05:50:00Z	32.570780406706426	19.089	13.481780406706427
16	2025-06-04T06:00:00Z	31.570890339548207	19.59	11.980890339548207
16	2025-06-04T06:10:00Z	32.070835373127316	19.089	12.981835373127318
16	2025-06-04T06:20:00Z	30.071055238810874	19.089	10.982055238810876
16	2025-06-04T06:30:00Z	29.071165171652652	19.089	9.982165171652653
16	2025-06-04T06:40:00Z	28.071275104494433	18.589	9.482275104494434
16	2025-06-04T06:50:00Z	28.071275104494433	18.589	9.482275104494434
16	2025-06-04T07:00:00Z	27.571330070915323	18.589	8.982330070915324
16	2025-06-04T07:10:00Z	28.071275104494433	19.089	8.982275104494434
16	2025-06-04T07:20:00Z	28.071275104494433	19.089	8.982275104494434
16	2025-06-04T07:30:00Z	28.571220138073542	19.59	8.981220138073542
16	2025-06-04T07:40:00Z	28.071275104494433	19.59	8.481275104494433
16	2025-06-04T07:50:00Z	28.071275104494433	19.59	8.481275104494433
16	2025-06-04T08:00:00Z	25.071604903019768	19.59	5.481604903019768
16	2025-06-04T08:10:00Z	25.571549936598878	20.091	5.480549936598877
16	2025-06-04T08:20:00Z	25.571549936598878	20.591	4.980549936598877
16	2025-06-04T08:30:00Z	26.5714400037571	21.592	4.979440003757102
16	2025-06-04T08:40:00Z	27.071385037336213	22.593	4.4783850373362135
16	2025-06-04T08:50:00Z	27.071385037336213	24.094	2.9773850373362123
16	2025-06-04T09:00:00Z	27.071385037336213	24.594	2.4773850373362123
16	2025-06-04T09:10:00Z	26.5714400037571	25.094	1.4774400037570992
16	2025-06-04T09:20:00Z	26.5714400037571	26.593	-0.021559996242899615
16	2025-06-04T09:30:00Z	26.07149497017799	26.593	-0.5215050298220092
16	2025-06-04T09:40:00Z	26.07149497017799	26.094	-0.022505029822010414
16	2025-06-04T09:50:00Z	26.07149497017799	25.094	0.9774949701779896
16	2025-06-04T10:00:00Z	26.5714400037571	25.094	1.4774400037570992
16	2025-06-04T10:10:00Z	26.5714400037571	25.094	1.4774400037570992
16	2025-06-04T10:20:00Z	26.5714400037571	25.094	1.4774400037570992
16	2025-06-04T10:30:00Z	27.071385037336213	25.094	1.9773850373362123
16	2025-06-04T10:40:00Z	27.071385037336213	25.094	1.9773850373362123
16	2025-06-04T10:50:00Z	27.571330070915323	25.094	2.477330070915322
16	2025-06-04T11:00:00Z	28.071275104494433	25.094	2.9772751044944314
16	2025-06-04T11:10:00Z	28.571220138073542	25.594	2.977220138073541
16	2025-06-04T11:20:00Z	31.070945305969097	26.094	4.976945305969096
16	2025-06-04T11:30:00Z	34.570560541022864	26.094	8.476560541022863
16	2025-06-04T11:40:00Z	33.570670473864645	26.094	7.476670473864644
16	2025-06-04T11:50:00Z	33.570670473864645	26.094	7.476670473864644
16	2025-06-04T12:00:00Z	34.570560541022864	26.593	7.977560541022864
16	2025-06-04T12:10:00Z	34.570560541022864	26.593	7.977560541022864
16	2025-06-04T12:20:00Z	34.570560541022864	27.093	7.477560541022864
16	2025-06-04T12:30:00Z	34.570560541022864	27.093	7.477560541022864
16	2025-06-04T12:40:00Z	34.070615507443755	27.093	6.977615507443755
16	2025-06-04T12:50:00Z	34.570560541022864	27.093	7.477560541022864
16	2025-06-04T13:00:00Z	34.570560541022864	27.093	7.477560541022864
16	2025-06-04T13:10:00Z	34.570560541022864	27.593	6.977560541022864
16	2025-06-04T13:20:00Z	34.070615507443755	27.593	6.477615507443755
16	2025-06-04T13:30:00Z	34.070615507443755	27.593	6.477615507443755
16	2025-06-04T13:40:00Z	34.070615507443755	27.593	6.477615507443755
16	2025-06-04T13:50:00Z	33.070725440285536	27.593	5.4777254402855355
16	2025-06-04T14:00:00Z	33.070725440285536	27.593	5.4777254402855355
16	2025-06-04T14:10:00Z	32.570780406706426	27.593	4.977780406706426
16	2025-06-04T14:20:00Z	31.570890339548207	28.092	3.478890339548208
16	2025-06-04T14:30:00Z	33.070725440285536	28.092	4.978725440285537
16	2025-06-04T14:40:00Z	33.070725440285536	28.092	4.978725440285537
16	2025-06-04T14:50:00Z	33.070725440285536	28.092	4.978725440285537
16	2025-06-04T15:00:00Z	31.570890339548207	27.593	3.977890339548207
16	2025-06-04T15:10:00Z	31.570890339548207	28.092	3.478890339548208
16	2025-06-04T15:20:00Z	33.070725440285536	27.593	5.4777254402855355
16	2025-06-04T15:30:00Z	33.070725440285536	28.092	4.978725440285537
16	2025-06-04T15:40:00Z	33.570670473864645	28.092	5.478670473864646
16	2025-06-04T15:50:00Z	33.070725440285536	28.092	4.978725440285537
16	2025-06-04T16:00:00Z	32.570780406706426	28.092	4.478780406706427
16	2025-06-04T16:10:00Z	31.570890339548207	27.593	3.977890339548207
16	2025-06-04T16:20:00Z	32.570780406706426	28.092	4.478780406706427
16	2025-06-04T16:30:00Z	33.070725440285536	27.593	5.4777254402855355
16	2025-06-04T16:40:00Z	32.070835373127316	27.593	4.477835373127316
16	2025-06-04T16:50:00Z	32.570780406706426	27.593	4.977780406706426
16	2025-06-04T17:00:00Z	33.070725440285536	27.593	5.4777254402855355
16	2025-06-04T17:10:00Z	31.570890339548207	27.593	3.977890339548207
16	2025-06-04T17:20:00Z	30.571000272389984	27.593	2.978000272389984
16	2025-06-04T17:30:00Z	31.070945305969097	27.093	3.9779453059690972
16	2025-06-04T17:40:00Z	31.070945305969097	27.093	3.9779453059690972
16	2025-06-04T17:50:00Z	31.070945305969097	27.093	3.9779453059690972
16	2025-06-04T18:00:00Z	31.070945305969097	27.093	3.9779453059690972
16	2025-06-04T18:10:00Z	30.571000272389984	27.093	3.478000272389984
16	2025-06-04T18:20:00Z	33.070725440285536	26.593	6.4777254402855355
16	2025-06-04T18:30:00Z	33.070725440285536	26.593	6.4777254402855355
16	2025-06-04T18:40:00Z	33.070725440285536	26.094	6.976725440285534
16	2025-06-04T18:50:00Z	32.570780406706426	25.594	6.976780406706425
16	2025-06-04T19:00:00Z	32.570780406706426	25.094	7.476780406706425
16	2025-06-04T19:10:00Z	33.570670473864645	24.594	8.976670473864644
16	2025-06-04T19:20:00Z	33.570670473864645	24.594	8.976670473864644
16	2025-06-04T19:30:00Z	33.070725440285536	24.094	8.976725440285534
16	2025-06-04T19:40:00Z	35.07050557460198	24.094	10.97650557460198
16	2025-06-04T19:50:00Z	36.0703956417602	24.094	11.976395641760199
16	2025-06-04T20:00:00Z	35.57045060818109	24.094	11.47645060818109
16	2025-06-04T20:10:00Z	34.070615507443755	24.094	9.976615507443753
16	2025-06-04T20:20:00Z	34.070615507443755	23.594	10.476615507443753
16	2025-06-04T20:30:00Z	37.570230742497536	23.594	13.976230742497535
16	2025-06-04T20:40:00Z	37.570230742497536	23.594	13.976230742497535
16	2025-06-04T20:50:00Z	34.570560541022864	23.594	10.976560541022863
16	2025-06-04T21:00:00Z	36.57034067533931	23.594	12.976340675339308
16	2025-06-04T21:10:00Z	36.57034067533931	23.594	12.976340675339308
16	2025-06-04T21:20:00Z	35.57045060818109	23.093	12.47745060818109
16	2025-06-04T21:30:00Z	33.070725440285536	23.093	9.977725440285536
16	2025-06-04T21:40:00Z	33.070725440285536	23.093	9.977725440285536
16	2025-06-04T21:50:00Z	32.570780406706426	23.093	9.477780406706426
16	2025-06-04T22:00:00Z	36.57034067533931	23.093	13.47734067533931
16	2025-06-04T22:10:00Z	34.570560541022864	22.593	11.977560541022864
16	2025-06-04T22:20:00Z	35.57045060818109	22.593	12.97745060818109
16	2025-06-04T22:30:00Z	32.570780406706426	22.593	9.977780406706426
16	2025-06-04T22:40:00Z	35.57045060818109	22.093	13.47745060818109
16	2025-06-04T22:50:00Z	33.570670473864645	22.093	11.477670473864645
16	2025-06-04T23:00:00Z	32.570780406706426	21.592	10.978780406706427
16	2025-06-04T23:10:00Z	33.070725440285536	22.093	10.977725440285536
16	2025-06-04T23:20:00Z	31.570890339548207	22.093	9.477890339548207
16	2025-06-04T23:30:00Z	34.070615507443755	22.093	11.977615507443755
16	2025-06-04T23:40:00Z	35.57045060818109	21.592	13.978450608181092
16	2025-06-04T23:50:00Z	32.070835373127316	21.592	10.478835373127318
16	2025-06-05T00:00:00Z	32.070835373127316	21.592	10.478835373127318
16	2025-06-05T00:10:00Z	32.070835373127316	21.592	10.478835373127318
16	2025-06-05T00:20:00Z	32.070835373127316	21.592	10.478835373127318
16	2025-06-05T00:30:00Z	32.570780406706426	22.093	10.477780406706426
16	2025-06-05T00:40:00Z	32.570780406706426	22.093	10.477780406706426
16	2025-06-05T00:50:00Z	32.570780406706426	21.592	10.978780406706427
16	2025-06-05T01:00:00Z	32.570780406706426	19.59	12.980780406706426
16	2025-06-05T01:10:00Z	33.070725440285536	18.589	14.481725440285537
16	2025-06-05T01:20:00Z	32.570780406706426	17.587	14.983780406706426
16	2025-06-05T01:30:00Z	31.570890339548207	17.086	14.484890339548208
16	2025-06-05T01:40:00Z	32.070835373127316	17.086	14.984835373127318
16	2025-06-05T01:50:00Z	33.070725440285536	17.086	15.984725440285537
16	2025-06-05T02:00:00Z	31.070945305969097	17.086	13.984945305969099
16	2025-06-05T02:10:00Z	30.071055238810874	17.086	12.985055238810876
16	2025-06-05T02:20:00Z	29.071165171652652	17.086	11.985165171652653
16	2025-06-05T02:30:00Z	30.071055238810874	17.086	12.985055238810876
16	2025-06-05T02:40:00Z	30.571000272389984	17.086	13.485000272389986
16	2025-06-05T02:50:00Z	30.071055238810874	16.585	13.486055238810874
16	2025-06-05T03:00:00Z	32.070835373127316	16.585	15.485835373127316
16	2025-06-05T03:10:00Z	35.07050557460198	16.585	18.48550557460198
16	2025-06-05T03:20:00Z	32.070835373127316	16.585	15.485835373127316
16	2025-06-05T03:30:00Z	32.570780406706426	17.086	15.484780406706427
16	2025-06-05T03:40:00Z	31.070945305969097	17.086	13.984945305969099
16	2025-06-05T03:50:00Z	30.571000272389984	17.086	13.485000272389986
16	2025-06-05T04:00:00Z	32.570780406706426	17.086	15.484780406706427
16	2025-06-05T04:10:00Z	31.570890339548207	17.086	14.484890339548208
16	2025-06-05T04:20:00Z	29.071165171652652	17.587	11.484165171652652
16	2025-06-05T04:30:00Z	33.070725440285536	17.587	15.483725440285536
16	2025-06-05T04:40:00Z	33.070725440285536	17.587	15.483725440285536
16	2025-06-05T04:50:00Z	36.0703956417602	17.587	18.4833956417602
16	2025-06-05T05:00:00Z	33.570670473864645	17.587	15.983670473864645
16	2025-06-05T05:10:00Z	34.570560541022864	18.088	16.482560541022863
16	2025-06-05T05:20:00Z	31.070945305969097	18.088	12.982945305969096
16	2025-06-05T05:30:00Z	34.070615507443755	18.589	15.481615507443756
16	2025-06-05T05:40:00Z	33.070725440285536	18.589	14.481725440285537
16	2025-06-05T05:50:00Z	33.070725440285536	18.589	14.481725440285537
16	2025-06-05T06:00:00Z	32.070835373127316	18.589	13.481835373127318
16	2025-06-05T06:10:00Z	32.070835373127316	18.589	13.481835373127318
16	2025-06-05T06:20:00Z	32.570780406706426	18.589	13.981780406706427
16	2025-06-05T06:30:00Z	31.570890339548207	18.589	12.981890339548208
16	2025-06-05T06:40:00Z	32.570780406706426	18.589	13.981780406706427
16	2025-06-05T06:50:00Z	31.570890339548207	18.589	12.981890339548208
16	2025-06-05T07:00:00Z	31.070945305969097	18.589	12.481945305969099
16	2025-06-05T07:10:00Z	31.070945305969097	19.089	11.981945305969099
16	2025-06-05T07:20:00Z	31.070945305969097	19.089	11.981945305969099
16	2025-06-05T07:30:00Z	31.070945305969097	19.089	11.981945305969099
16	2025-06-05T07:40:00Z	31.070945305969097	19.089	11.981945305969099
16	2025-06-05T07:50:00Z	32.570780406706426	19.089	13.481780406706427
16	2025-06-05T08:00:00Z	32.570780406706426	19.089	13.481780406706427
16	2025-06-05T08:10:00Z	32.070835373127316	19.59	12.480835373127317
16	2025-06-05T08:20:00Z	32.070835373127316	19.59	12.480835373127317
16	2025-06-05T08:30:00Z	32.070835373127316	19.59	12.480835373127317
16	2025-06-05T08:40:00Z	32.070835373127316	20.091	11.979835373127315
16	2025-06-05T08:50:00Z	32.070835373127316	20.091	11.979835373127315
16	2025-06-05T09:00:00Z	32.070835373127316	20.091	11.979835373127315
16	2025-06-05T09:10:00Z	32.070835373127316	20.091	11.979835373127315
16	2025-06-05T09:20:00Z	31.570890339548207	20.091	11.479890339548206
16	2025-06-05T09:30:00Z	31.570890339548207	20.591	10.979890339548206
16	2025-06-05T09:40:00Z	31.570890339548207	20.591	10.979890339548206
16	2025-06-05T09:50:00Z	31.570890339548207	21.092	10.478890339548208
16	2025-06-05T10:00:00Z	31.570890339548207	21.092	10.478890339548208
16	2025-06-05T10:10:00Z	31.570890339548207	21.092	10.478890339548208
16	2025-06-05T10:20:00Z	31.070945305969097	21.092	9.978945305969098
16	2025-06-05T10:30:00Z	31.570890339548207	21.592	9.978890339548208
16	2025-06-05T10:40:00Z	33.070725440285536	21.092	11.978725440285537
16	2025-06-05T10:50:00Z	33.070725440285536	21.592	11.478725440285537
16	2025-06-05T11:00:00Z	33.070725440285536	22.093	10.977725440285536
16	2025-06-05T11:10:00Z	33.070725440285536	22.593	10.477725440285536
16	2025-06-05T11:20:00Z	32.570780406706426	23.093	9.477780406706426
16	2025-06-05T11:30:00Z	32.570780406706426	23.594	8.976780406706425
16	2025-06-05T11:40:00Z	32.070835373127316	24.594	7.476835373127315
16	2025-06-05T11:50:00Z	31.570890339548207	24.594	6.976890339548206
16	2025-06-05T12:00:00Z	32.070835373127316	24.594	7.476835373127315
16	2025-06-05T12:10:00Z	31.570890339548207	25.094	6.476890339548206
16	2025-06-05T12:20:00Z	31.070945305969097	25.094	5.976945305969096
16	2025-06-05T12:30:00Z	31.070945305969097	25.594	5.476945305969096
16	2025-06-05T12:40:00Z	31.070945305969097	26.094	4.976945305969096
16	2025-06-05T12:50:00Z	31.070945305969097	26.094	4.976945305969096
16	2025-06-05T13:00:00Z	31.570890339548207	26.593	4.977890339548207
16	2025-06-05T13:10:00Z	31.570890339548207	27.093	4.477890339548207
16	2025-06-05T13:20:00Z	32.070835373127316	27.593	4.477835373127316
16	2025-06-05T13:30:00Z	32.570780406706426	27.593	4.977780406706426
16	2025-06-05T13:40:00Z	33.070725440285536	27.593	5.4777254402855355
16	2025-06-05T13:50:00Z	33.570670473864645	27.593	5.977670473864645
16	2025-06-05T14:00:00Z	34.070615507443755	28.092	5.978615507443756
16	2025-06-05T14:10:00Z	34.070615507443755	28.092	5.978615507443756
16	2025-06-05T14:20:00Z	34.070615507443755	28.592	5.478615507443756
16	2025-06-05T14:30:00Z	34.070615507443755	28.092	5.978615507443756
16	2025-06-05T14:40:00Z	34.570560541022864	28.092	6.4785605410228655
16	2025-06-05T14:50:00Z	34.070615507443755	28.092	5.978615507443756
16	2025-06-05T15:00:00Z	34.570560541022864	27.093	7.477560541022864
16	2025-06-05T15:10:00Z	35.07050557460198	27.093	7.977505574601981
16	2025-06-05T15:20:00Z	35.57045060818109	27.093	8.47745060818109
16	2025-06-05T15:30:00Z	35.57045060818109	27.593	7.9774506081810905
16	2025-06-05T15:40:00Z	34.070615507443755	27.093	6.977615507443755
16	2025-06-05T15:50:00Z	34.070615507443755	26.593	7.477615507443755
16	2025-06-05T16:00:00Z	34.070615507443755	26.094	7.9766155074437535
16	2025-06-05T16:10:00Z	33.570670473864645	26.593	6.977670473864645
16	2025-06-05T16:20:00Z	35.07050557460198	26.094	8.97650557460198
16	2025-06-05T16:30:00Z	34.570560541022864	25.594	8.976560541022863
16	2025-06-05T16:40:00Z	34.570560541022864	25.594	8.976560541022863
16	2025-06-05T16:50:00Z	35.57045060818109	25.594	9.97645060818109
16	2025-06-05T17:00:00Z	36.0703956417602	25.094	10.976395641760199
16	2025-06-05T17:10:00Z	36.57034067533931	24.594	11.976340675339308
16	2025-06-05T17:20:00Z	36.0703956417602	24.594	11.476395641760199
16	2025-06-05T17:30:00Z	35.57045060818109	24.094	11.47645060818109
16	2025-06-05T17:40:00Z	35.57045060818109	24.094	11.47645060818109
16	2025-06-05T17:50:00Z	35.07050557460198	24.094	10.97650557460198
16	2025-06-05T18:00:00Z	36.0703956417602	24.094	11.976395641760199
16	2025-06-05T18:10:00Z	36.0703956417602	24.094	11.976395641760199
16	2025-06-05T18:20:00Z	34.570560541022864	24.094	10.476560541022863
16	2025-06-05T18:30:00Z	33.570670473864645	23.594	9.976670473864644
16	2025-06-05T18:40:00Z	33.570670473864645	23.594	9.976670473864644
16	2025-06-05T18:50:00Z	33.070725440285536	23.594	9.476725440285534
16	2025-06-05T19:00:00Z	32.070835373127316	23.594	8.476835373127315
16	2025-06-05T19:10:00Z	32.570780406706426	23.594	8.976780406706425
16	2025-06-05T19:20:00Z	33.570670473864645	23.594	9.976670473864644
16	2025-06-05T19:30:00Z	35.57045060818109	23.594	11.97645060818109
16	2025-06-05T19:40:00Z	35.57045060818109	23.594	11.97645060818109
16	2025-06-05T19:50:00Z	33.570670473864645	23.594	9.976670473864644
16	2025-06-05T20:00:00Z	33.570670473864645	23.093	10.477670473864645
16	2025-06-05T20:10:00Z	34.070615507443755	23.093	10.977615507443755
16	2025-06-05T20:20:00Z	34.570560541022864	23.093	11.477560541022864
16	2025-06-05T20:30:00Z	35.07050557460198	22.593	12.477505574601981
16	2025-06-05T20:40:00Z	36.0703956417602	22.593	13.4773956417602
16	2025-06-05T20:50:00Z	36.57034067533931	22.593	13.97734067533931
16	2025-06-05T21:00:00Z	35.07050557460198	22.593	12.477505574601981
16	2025-06-05T21:10:00Z	34.570560541022864	22.593	11.977560541022864
16	2025-06-05T21:20:00Z	34.570560541022864	22.593	11.977560541022864
16	2025-06-05T21:30:00Z	35.07050557460198	22.593	12.477505574601981
16	2025-06-05T21:40:00Z	36.0703956417602	22.593	13.4773956417602
16	2025-06-05T21:50:00Z	35.57045060818109	22.593	12.97745060818109
16	2025-06-05T22:00:00Z	35.57045060818109	22.093	13.47745060818109
16	2025-06-05T22:10:00Z	34.570560541022864	22.093	12.477560541022864
16	2025-06-05T22:20:00Z	35.57045060818109	22.093	13.47745060818109
16	2025-06-05T22:30:00Z	35.57045060818109	22.093	13.47745060818109
16	2025-06-05T22:40:00Z	35.07050557460198	22.093	12.977505574601981
16	2025-06-05T22:50:00Z	34.570560541022864	21.592	12.978560541022865
16	2025-06-05T23:00:00Z	34.070615507443755	21.592	12.478615507443756
16	2025-06-05T23:10:00Z	34.070615507443755	21.592	12.478615507443756
16	2025-06-05T23:20:00Z	34.070615507443755	21.092	12.978615507443756
16	2025-06-05T23:30:00Z	34.570560541022864	21.092	13.478560541022865
16	2025-06-05T23:40:00Z	34.570560541022864	21.092	13.478560541022865
16	2025-06-05T23:50:00Z	33.570670473864645	21.092	12.478670473864646
16	2025-06-06T00:00:00Z	33.570670473864645	21.092	12.478670473864646
16	2025-06-06T00:10:00Z	33.570670473864645	21.092	12.478670473864646
16	2025-06-06T00:20:00Z	33.070725440285536	20.591	12.479725440285534
16	2025-06-06T00:30:00Z	33.070725440285536	20.591	12.479725440285534
16	2025-06-06T00:40:00Z	33.070725440285536	20.591	12.479725440285534
16	2025-06-06T00:50:00Z	32.070835373127316	20.591	11.479835373127315
16	2025-06-06T01:00:00Z	32.070835373127316	20.591	11.479835373127315
16	2025-06-06T01:10:00Z	32.570780406706426	20.591	11.979780406706425
16	2025-06-06T01:20:00Z	32.070835373127316	20.591	11.479835373127315
16	2025-06-06T01:30:00Z	31.570890339548207	20.591	10.979890339548206
16	2025-06-06T01:40:00Z	32.570780406706426	20.591	11.979780406706425
16	2025-06-06T01:50:00Z	32.570780406706426	20.591	11.979780406706425
16	2025-06-06T02:00:00Z	32.570780406706426	20.591	11.979780406706425
16	2025-06-06T02:10:00Z	32.570780406706426	20.591	11.979780406706425
16	2025-06-06T02:20:00Z	33.070725440285536	20.591	12.479725440285534
16	2025-06-06T02:30:00Z	29.57111020523176	20.591	8.98011020523176
16	2025-06-06T02:40:00Z	34.570560541022864	20.591	13.979560541022863
16	2025-06-06T02:50:00Z	33.570670473864645	20.591	12.979670473864644
16	2025-06-06T03:00:00Z	34.070615507443755	20.591	13.479615507443754
16	2025-06-06T03:10:00Z	33.070725440285536	20.591	12.479725440285534
16	2025-06-06T03:20:00Z	33.070725440285536	20.591	12.479725440285534
16	2025-06-06T03:30:00Z	33.570670473864645	20.591	12.979670473864644
16	2025-06-06T03:40:00Z	33.070725440285536	20.591	12.479725440285534
16	2025-06-06T03:50:00Z	33.570670473864645	20.591	12.979670473864644
16	2025-06-06T04:00:00Z	33.570670473864645	20.591	12.979670473864644
16	2025-06-06T04:10:00Z	33.570670473864645	20.591	12.979670473864644
16	2025-06-06T04:20:00Z	32.070835373127316	20.591	11.479835373127315
16	2025-06-06T04:30:00Z	31.570890339548207	20.591	10.979890339548206
16	2025-06-06T04:40:00Z	32.070835373127316	20.591	11.479835373127315
16	2025-06-06T04:50:00Z	32.070835373127316	20.591	11.479835373127315
16	2025-06-06T05:00:00Z	33.070725440285536	20.591	12.479725440285534
16	2025-06-06T05:10:00Z	33.570670473864645	20.591	12.979670473864644
16	2025-06-06T05:20:00Z	34.070615507443755	20.591	13.479615507443754
16	2025-06-06T05:30:00Z	33.570670473864645	20.591	12.979670473864644
16	2025-06-06T05:40:00Z	33.070725440285536	20.591	12.479725440285534
16	2025-06-06T05:50:00Z	32.570780406706426	20.591	11.979780406706425
16	2025-06-06T06:00:00Z	32.070835373127316	20.591	11.479835373127315
16	2025-06-06T06:10:00Z	31.570890339548207	20.591	10.979890339548206
16	2025-06-06T06:20:00Z	32.070835373127316	20.591	11.479835373127315
16	2025-06-06T06:30:00Z	31.570890339548207	20.591	10.979890339548206
16	2025-06-06T06:40:00Z	31.070945305969097	20.591	10.479945305969096
16	2025-06-06T06:50:00Z	31.070945305969097	20.591	10.479945305969096
16	2025-06-06T07:00:00Z	31.070945305969097	20.591	10.479945305969096
16	2025-06-06T07:10:00Z	30.571000272389984	20.591	9.980000272389983
16	2025-06-06T07:20:00Z	30.571000272389984	20.591	9.980000272389983
16	2025-06-06T07:30:00Z	30.571000272389984	20.591	9.980000272389983
16	2025-06-06T07:40:00Z	30.571000272389984	20.591	9.980000272389983
16	2025-06-06T07:50:00Z	30.571000272389984	21.092	9.479000272389985
16	2025-06-06T08:00:00Z	29.57111020523176	21.092	8.479110205231763
16	2025-06-06T08:10:00Z	30.571000272389984	21.592	8.979000272389985
16	2025-06-06T08:20:00Z	29.57111020523176	22.093	7.478110205231761
16	2025-06-06T08:30:00Z	29.57111020523176	23.594	5.97711020523176
16	2025-06-06T08:40:00Z	29.071165171652652	25.094	3.9771651716526506
16	2025-06-06T08:50:00Z	28.571220138073542	25.094	3.477220138073541
16	2025-06-06T09:00:00Z	29.071165171652652	25.094	3.9771651716526506
16	2025-06-06T09:10:00Z	29.57111020523176	28.592	0.9791102052317626
16	2025-06-06T09:20:00Z	30.071055238810874	28.592	1.4790552388108757
16	2025-06-06T09:30:00Z	29.57111020523176	29.591	-0.01988979476823971
16	2025-06-06T09:40:00Z	29.57111020523176	28.592	0.9791102052317626
16	2025-06-06T09:50:00Z	29.57111020523176	26.593	2.9781102052317614
16	2025-06-06T10:00:00Z	29.57111020523176	26.593	2.9781102052317614
16	2025-06-06T10:10:00Z	29.57111020523176	26.094	3.47711020523176
16	2025-06-06T10:20:00Z	29.57111020523176	26.094	3.47711020523176
16	2025-06-06T10:30:00Z	29.57111020523176	26.593	2.9781102052317614
16	2025-06-06T10:40:00Z	29.57111020523176	26.593	2.9781102052317614
16	2025-06-06T10:50:00Z	29.57111020523176	26.094	3.47711020523176
16	2025-06-06T11:00:00Z	29.57111020523176	26.094	3.47711020523176
16	2025-06-06T11:10:00Z	29.57111020523176	27.093	2.4781102052317614
16	2025-06-06T11:20:00Z	29.57111020523176	27.093	2.4781102052317614
16	2025-06-06T11:30:00Z	29.57111020523176	27.093	2.4781102052317614
16	2025-06-06T11:40:00Z	29.57111020523176	26.593	2.9781102052317614
16	2025-06-06T11:50:00Z	29.57111020523176	26.593	2.9781102052317614
16	2025-06-06T12:00:00Z	30.571000272389984	26.593	3.978000272389984
16	2025-06-06T12:10:00Z	31.070945305969097	27.093	3.9779453059690972
16	2025-06-06T12:20:00Z	32.070835373127316	27.093	4.977835373127316
16	2025-06-06T12:30:00Z	31.570890339548207	27.093	4.477890339548207
16	2025-06-06T12:40:00Z	32.070835373127316	27.093	4.977835373127316
16	2025-06-06T12:50:00Z	32.570780406706426	27.093	5.477780406706426
16	2025-06-06T13:00:00Z	32.570780406706426	27.093	5.477780406706426
16	2025-06-06T13:10:00Z	32.070835373127316	27.093	4.977835373127316
16	2025-06-06T13:20:00Z	33.570670473864645	26.593	6.977670473864645
16	2025-06-06T13:30:00Z	33.570670473864645	27.093	6.477670473864645
16	2025-06-06T13:40:00Z	33.570670473864645	27.093	6.477670473864645
16	2025-06-06T13:50:00Z	33.070725440285536	27.093	5.9777254402855355
16	2025-06-06T14:00:00Z	36.0703956417602	27.093	8.9773956417602
16	2025-06-06T14:10:00Z	36.0703956417602	27.093	8.9773956417602
16	2025-06-06T14:20:00Z	35.07050557460198	27.093	7.977505574601981
16	2025-06-06T14:30:00Z	34.070615507443755	27.093	6.977615507443755
16	2025-06-06T14:40:00Z	36.57034067533931	27.093	9.47734067533931
16	2025-06-06T14:50:00Z	37.07028570891842	27.093	9.97728570891842
16	2025-06-06T15:00:00Z	35.57045060818109	27.093	8.47745060818109
16	2025-06-06T15:10:00Z	36.0703956417602	27.593	8.4773956417602
16	2025-06-06T15:20:00Z	35.07050557460198	27.093	7.977505574601981
16	2025-06-06T15:30:00Z	35.07050557460198	27.593	7.477505574601981
16	2025-06-06T15:40:00Z	36.0703956417602	27.593	8.4773956417602
16	2025-06-06T15:50:00Z	36.57034067533931	27.593	8.97734067533931
16	2025-06-06T16:00:00Z	37.07028570891842	27.593	9.47728570891842
16	2025-06-06T16:10:00Z	36.57034067533931	27.093	9.47734067533931
16	2025-06-06T16:20:00Z	36.0703956417602	28.092	7.978395641760201
16	2025-06-06T16:30:00Z	36.0703956417602	27.593	8.4773956417602
16	2025-06-06T16:40:00Z	36.0703956417602	27.093	8.9773956417602
16	2025-06-06T16:50:00Z	35.57045060818109	27.093	8.47745060818109
16	2025-06-06T17:00:00Z	35.57045060818109	27.093	8.47745060818109
16	2025-06-06T17:10:00Z	35.57045060818109	27.093	8.47745060818109
16	2025-06-06T17:20:00Z	35.57045060818109	27.093	8.47745060818109
16	2025-06-06T17:30:00Z	35.07050557460198	26.593	8.477505574601981
16	2025-06-06T17:40:00Z	35.07050557460198	26.593	8.477505574601981
16	2025-06-06T17:50:00Z	35.07050557460198	26.593	8.477505574601981
16	2025-06-06T18:00:00Z	34.570560541022864	26.593	7.977560541022864
16	2025-06-06T18:10:00Z	34.070615507443755	25.594	8.476615507443753
16	2025-06-06T18:20:00Z	33.070725440285536	25.094	7.976725440285534
16	2025-06-06T18:30:00Z	32.570780406706426	25.094	7.476780406706425
16	2025-06-06T18:40:00Z	30.571000272389984	24.594	5.977000272389983
16	2025-06-06T18:50:00Z	30.571000272389984	24.094	6.477000272389983
16	2025-06-06T19:00:00Z	32.570780406706426	24.094	8.476780406706425
16	2025-06-06T19:10:00Z	31.070945305969097	23.594	7.476945305969096
16	2025-06-06T19:20:00Z	33.070725440285536	23.594	9.476725440285534
16	2025-06-06T19:30:00Z	34.570560541022864	24.094	10.476560541022863
16	2025-06-06T19:40:00Z	36.0703956417602	23.594	12.476395641760199
16	2025-06-06T19:50:00Z	35.57045060818109	23.594	11.97645060818109
16	2025-06-06T20:00:00Z	36.57034067533931	23.093	13.47734067533931
16	2025-06-06T20:10:00Z	37.07028570891842	23.093	13.97728570891842
16	2025-06-06T20:20:00Z	36.57034067533931	23.093	13.47734067533931
16	2025-06-06T20:30:00Z	36.0703956417602	22.593	13.4773956417602
16	2025-06-06T20:40:00Z	35.07050557460198	22.593	12.477505574601981
16	2025-06-06T20:50:00Z	33.570670473864645	22.593	10.977670473864645
16	2025-06-06T21:00:00Z	35.07050557460198	22.093	12.977505574601981
16	2025-06-06T21:10:00Z	34.070615507443755	22.593	11.477615507443755
16	2025-06-06T21:20:00Z	35.57045060818109	22.593	12.97745060818109
16	2025-06-06T21:30:00Z	34.070615507443755	22.093	11.977615507443755
16	2025-06-06T21:40:00Z	35.07050557460198	22.093	12.977505574601981
16	2025-06-06T21:50:00Z	35.07050557460198	22.093	12.977505574601981
16	2025-06-06T22:00:00Z	35.07050557460198	22.093	12.977505574601981
16	2025-06-06T22:10:00Z	34.570560541022864	22.093	12.477560541022864
16	2025-06-06T22:20:00Z	33.070725440285536	21.592	11.478725440285537
16	2025-06-06T22:30:00Z	34.070615507443755	21.592	12.478615507443756
16	2025-06-06T22:40:00Z	35.57045060818109	21.592	13.978450608181092
16	2025-06-06T22:50:00Z	35.57045060818109	21.592	13.978450608181092
16	2025-06-06T23:00:00Z	34.570560541022864	21.592	12.978560541022865
16	2025-06-06T23:10:00Z	34.570560541022864	21.592	12.978560541022865
16	2025-06-06T23:20:00Z	35.07050557460198	21.592	13.478505574601982
16	2025-06-06T23:30:00Z	34.570560541022864	21.592	12.978560541022865
16	2025-06-06T23:40:00Z	34.570560541022864	21.592	12.978560541022865
16	2025-06-06T23:50:00Z	34.070615507443755	21.592	12.478615507443756
16	2025-06-07T00:00:00Z	34.070615507443755	21.592	12.478615507443756
16	2025-06-07T00:10:00Z	34.070615507443755	21.092	12.978615507443756
16	2025-06-07T00:20:00Z	32.070835373127316	21.092	10.978835373127318
16	2025-06-07T00:30:00Z	34.070615507443755	21.092	12.978615507443756
16	2025-06-07T00:40:00Z	33.570670473864645	21.092	12.478670473864646
16	2025-06-07T00:50:00Z	34.570560541022864	21.092	13.478560541022865
16	2025-06-07T01:00:00Z	34.570560541022864	21.092	13.478560541022865
16	2025-06-07T01:10:00Z	34.070615507443755	21.092	12.978615507443756
16	2025-06-07T01:20:00Z	31.570890339548207	21.092	10.478890339548208
16	2025-06-07T01:30:00Z	34.070615507443755	21.092	12.978615507443756
16	2025-06-07T01:40:00Z	35.57045060818109	20.591	14.97945060818109
16	2025-06-07T01:50:00Z	35.57045060818109	19.089	16.481450608181092
16	2025-06-07T02:00:00Z	35.07050557460198	18.589	16.481505574601982
16	2025-06-07T02:10:00Z	34.070615507443755	18.589	15.481615507443756
16	2025-06-07T02:20:00Z	34.570560541022864	18.589	15.981560541022866
16	2025-06-07T02:30:00Z	33.570670473864645	18.589	14.981670473864646
16	2025-06-07T02:40:00Z	33.570670473864645	18.589	14.981670473864646
16	2025-06-07T02:50:00Z	33.070725440285536	18.589	14.481725440285537
16	2025-06-07T03:00:00Z	33.070725440285536	18.589	14.481725440285537
16	2025-06-07T03:10:00Z	31.570890339548207	19.089	12.481890339548208
16	2025-06-07T03:20:00Z	32.570780406706426	19.089	13.481780406706427
16	2025-06-07T03:30:00Z	33.570670473864645	19.59	13.980670473864645
16	2025-06-07T03:40:00Z	34.070615507443755	19.089	14.981615507443756
16	2025-06-07T03:50:00Z	34.570560541022864	19.59	14.980560541022864
16	2025-06-07T04:00:00Z	35.07050557460198	19.089	15.981505574601982
16	2025-06-07T04:10:00Z	35.57045060818109	19.089	16.481450608181092
16	2025-06-07T04:20:00Z	35.07050557460198	19.59	15.480505574601981
16	2025-06-07T04:30:00Z	33.570670473864645	19.59	13.980670473864645
16	2025-06-07T04:40:00Z	34.570560541022864	19.59	14.980560541022864
16	2025-06-07T04:50:00Z	34.570560541022864	19.59	14.980560541022864
16	2025-06-07T05:00:00Z	35.07050557460198	19.59	15.480505574601981
16	2025-06-07T05:10:00Z	35.07050557460198	19.59	15.480505574601981
16	2025-06-07T05:20:00Z	33.070725440285536	19.089	13.981725440285537
16	2025-06-07T05:30:00Z	35.57045060818109	19.089	16.481450608181092
16	2025-06-07T05:40:00Z	35.57045060818109	19.089	16.481450608181092
16	2025-06-07T05:50:00Z	35.07050557460198	19.089	15.981505574601982
16	2025-06-07T06:00:00Z	35.07050557460198	19.089	15.981505574601982
16	2025-06-07T06:10:00Z	34.070615507443755	19.089	14.981615507443756
16	2025-06-07T06:20:00Z	33.570670473864645	18.589	14.981670473864646
16	2025-06-07T06:30:00Z	33.570670473864645	19.089	14.481670473864646
16	2025-06-07T06:40:00Z	33.570670473864645	19.089	14.481670473864646
16	2025-06-07T06:50:00Z	33.070725440285536	19.089	13.981725440285537
16	2025-06-07T07:00:00Z	33.070725440285536	19.089	13.981725440285537
16	2025-06-07T07:10:00Z	33.070725440285536	19.089	13.981725440285537
16	2025-06-07T07:20:00Z	33.070725440285536	19.59	13.480725440285536
16	2025-06-07T07:30:00Z	32.070835373127316	19.59	12.480835373127317
16	2025-06-07T07:40:00Z	31.570890339548207	19.59	11.980890339548207
16	2025-06-07T07:50:00Z	31.570890339548207	20.091	11.479890339548206
16	2025-06-07T08:00:00Z	31.570890339548207	20.091	11.479890339548206
16	2025-06-07T08:10:00Z	31.570890339548207	20.091	11.479890339548206
16	2025-06-07T08:20:00Z	31.070945305969097	20.591	10.479945305969096
16	2025-06-07T08:30:00Z	31.070945305969097	20.591	10.479945305969096
16	2025-06-07T08:40:00Z	31.070945305969097	20.591	10.479945305969096
16	2025-06-07T08:50:00Z	30.571000272389984	21.092	9.479000272389985
16	2025-06-07T09:00:00Z	31.070945305969097	21.592	9.478945305969098
16	2025-06-07T09:10:00Z	31.570890339548207	22.093	9.477890339548207
16	2025-06-07T09:20:00Z	31.070945305969097	22.593	8.477945305969097
16	2025-06-07T09:30:00Z	31.570890339548207	23.093	8.477890339548207
16	2025-06-07T09:40:00Z	31.070945305969097	23.594	7.476945305969096
16	2025-06-07T09:50:00Z	30.571000272389984	24.094	6.477000272389983
16	2025-06-07T10:00:00Z	30.571000272389984	24.094	6.477000272389983
16	2025-06-07T10:10:00Z	30.571000272389984	24.594	5.977000272389983
16	2025-06-07T10:20:00Z	30.571000272389984	24.594	5.977000272389983
16	2025-06-07T10:30:00Z	30.071055238810874	25.094	4.977055238810873
16	2025-06-07T10:40:00Z	30.071055238810874	25.094	4.977055238810873
16	2025-06-07T10:50:00Z	30.071055238810874	25.094	4.977055238810873
16	2025-06-07T11:00:00Z	30.071055238810874	25.594	4.477055238810873
16	2025-06-07T11:10:00Z	30.071055238810874	25.594	4.477055238810873
16	2025-06-07T11:20:00Z	30.071055238810874	25.594	4.477055238810873
16	2025-06-07T11:30:00Z	30.071055238810874	26.094	3.9770552388108733
16	2025-06-07T11:40:00Z	30.571000272389984	25.594	4.977000272389983
16	2025-06-07T11:50:00Z	31.070945305969097	26.094	4.976945305969096
16	2025-06-07T12:00:00Z	31.070945305969097	26.094	4.976945305969096
16	2025-06-07T12:10:00Z	31.570890339548207	26.094	5.476890339548206
16	2025-06-07T12:20:00Z	32.070835373127316	26.094	5.976835373127315
16	2025-06-07T12:30:00Z	32.070835373127316	26.094	5.976835373127315
16	2025-06-07T12:40:00Z	32.070835373127316	26.094	5.976835373127315
16	2025-06-07T12:50:00Z	33.070725440285536	26.094	6.976725440285534
16	2025-06-07T13:00:00Z	33.070725440285536	26.094	6.976725440285534
16	2025-06-07T13:10:00Z	33.070725440285536	26.094	6.976725440285534
16	2025-06-07T13:20:00Z	33.570670473864645	26.094	7.476670473864644
16	2025-06-07T13:30:00Z	33.070725440285536	26.094	6.976725440285534
16	2025-06-07T13:40:00Z	33.570670473864645	26.593	6.977670473864645
16	2025-06-07T13:50:00Z	33.070725440285536	26.593	6.4777254402855355
16	2025-06-07T14:00:00Z	33.570670473864645	26.593	6.977670473864645
16	2025-06-07T14:10:00Z	33.570670473864645	26.593	6.977670473864645
16	2025-06-07T14:20:00Z	33.570670473864645	26.593	6.977670473864645
16	2025-06-07T14:30:00Z	33.570670473864645	26.593	6.977670473864645
16	2025-06-07T14:40:00Z	34.070615507443755	27.093	6.977615507443755
16	2025-06-07T14:50:00Z	33.570670473864645	27.093	6.477670473864645
16	2025-06-07T15:00:00Z	33.570670473864645	26.593	6.977670473864645
16	2025-06-07T15:10:00Z	36.0703956417602	27.093	8.9773956417602
16	2025-06-07T15:20:00Z	36.0703956417602	27.093	8.9773956417602
16	2025-06-07T15:30:00Z	35.07050557460198	27.093	7.977505574601981
16	2025-06-07T15:40:00Z	35.57045060818109	27.093	8.47745060818109
16	2025-06-07T15:50:00Z	35.07050557460198	27.093	7.977505574601981
16	2025-06-07T16:00:00Z	35.07050557460198	27.093	7.977505574601981
16	2025-06-07T16:10:00Z	35.07050557460198	27.093	7.977505574601981
16	2025-06-07T16:20:00Z	36.0703956417602	26.593	9.4773956417602
16	2025-06-07T16:30:00Z	35.07050557460198	26.593	8.477505574601981
16	2025-06-07T16:40:00Z	35.57045060818109	26.593	8.97745060818109
16	2025-06-07T16:50:00Z	36.0703956417602	27.093	8.9773956417602
16	2025-06-07T17:00:00Z	36.0703956417602	26.593	9.4773956417602
16	2025-06-07T17:10:00Z	36.0703956417602	26.593	9.4773956417602
16	2025-06-07T17:20:00Z	36.0703956417602	26.593	9.4773956417602
16	2025-06-07T17:30:00Z	36.0703956417602	26.593	9.4773956417602
16	2025-06-07T17:40:00Z	36.0703956417602	26.094	9.976395641760199
16	2025-06-07T17:50:00Z	36.57034067533931	26.094	10.476340675339308
16	2025-06-07T18:00:00Z	37.07028570891842	26.094	10.976285708918418
16	2025-06-07T18:10:00Z	36.57034067533931	25.594	10.976340675339308
16	2025-06-07T18:20:00Z	36.57034067533931	25.594	10.976340675339308
16	2025-06-07T18:30:00Z	36.57034067533931	25.594	10.976340675339308
16	2025-06-07T18:40:00Z	36.0703956417602	25.094	10.976395641760199
16	2025-06-07T18:50:00Z	36.57034067533931	24.594	11.976340675339308
16	2025-06-07T19:00:00Z	36.57034067533931	24.594	11.976340675339308
16	2025-06-07T19:10:00Z	36.0703956417602	24.094	11.976395641760199
16	2025-06-07T19:20:00Z	36.0703956417602	24.094	11.976395641760199
16	2025-06-07T19:30:00Z	36.57034067533931	24.094	12.476340675339308
16	2025-06-07T19:40:00Z	37.07028570891842	24.094	12.976285708918418
16	2025-06-07T19:50:00Z	36.57034067533931	23.594	12.976340675339308
16	2025-06-07T20:00:00Z	36.0703956417602	23.594	12.476395641760199
16	2025-06-07T20:10:00Z	35.57045060818109	23.594	11.97645060818109
16	2025-06-07T20:20:00Z	36.0703956417602	23.594	12.476395641760199
16	2025-06-07T20:30:00Z	35.57045060818109	23.093	12.47745060818109
16	2025-06-07T20:40:00Z	35.07050557460198	23.093	11.977505574601981
16	2025-06-07T20:50:00Z	34.570560541022864	23.093	11.477560541022864
16	2025-06-07T21:00:00Z	34.070615507443755	22.593	11.477615507443755
16	2025-06-07T21:10:00Z	34.070615507443755	22.593	11.477615507443755
16	2025-06-07T21:20:00Z	33.070725440285536	22.593	10.477725440285536
16	2025-06-07T21:30:00Z	33.070725440285536	22.593	10.477725440285536
16	2025-06-07T21:40:00Z	32.570780406706426	22.593	9.977780406706426
16	2025-06-07T21:50:00Z	36.57034067533931	22.093	14.47734067533931
16	2025-06-07T22:00:00Z	34.070615507443755	22.093	11.977615507443755
16	2025-06-07T22:10:00Z	33.570670473864645	22.093	11.477670473864645
16	2025-06-07T22:20:00Z	34.070615507443755	22.093	11.977615507443755
16	2025-06-07T22:30:00Z	35.57045060818109	22.093	13.47745060818109
16	2025-06-07T22:40:00Z	34.570560541022864	21.592	12.978560541022865
16	2025-06-07T22:50:00Z	36.0703956417602	21.592	14.478395641760201
16	2025-06-07T23:00:00Z	36.57034067533931	21.592	14.978340675339311
16	2025-06-07T23:10:00Z	36.57034067533931	21.592	14.978340675339311
16	2025-06-07T23:20:00Z	34.570560541022864	21.592	12.978560541022865
16	2025-06-07T23:30:00Z	34.070615507443755	21.592	12.478615507443756
16	2025-06-07T23:40:00Z	33.570670473864645	21.592	11.978670473864646
16	2025-06-07T23:50:00Z	33.070725440285536	21.592	11.478725440285537
16	2025-06-08T00:00:00Z	32.070835373127316	21.592	10.478835373127318
16	2025-06-08T00:10:00Z	33.570670473864645	21.592	11.978670473864646
16	2025-06-08T00:20:00Z	34.070615507443755	21.592	12.478615507443756
16	2025-06-08T00:30:00Z	34.070615507443755	21.592	12.478615507443756
16	2025-06-08T00:40:00Z	33.070725440285536	21.592	11.478725440285537
16	2025-06-08T00:50:00Z	34.070615507443755	21.092	12.978615507443756
16	2025-06-08T01:00:00Z	34.570560541022864	21.092	13.478560541022865
16	2025-06-08T01:10:00Z	34.570560541022864	21.592	12.978560541022865
16	2025-06-08T01:20:00Z	34.570560541022864	21.092	13.478560541022865
16	2025-06-08T01:30:00Z	33.070725440285536	21.092	11.978725440285537
16	2025-06-08T01:40:00Z	34.070615507443755	21.092	12.978615507443756
16	2025-06-08T01:50:00Z	32.070835373127316	21.092	10.978835373127318
16	2025-06-08T02:00:00Z	33.570670473864645	21.092	12.478670473864646
16	2025-06-08T02:10:00Z	35.57045060818109	20.591	14.97945060818109
16	2025-06-08T02:20:00Z	35.57045060818109	20.591	14.97945060818109
16	2025-06-08T02:30:00Z	35.07050557460198	20.591	14.47950557460198
16	2025-06-08T02:40:00Z	33.570670473864645	20.091	13.479670473864644
16	2025-06-08T02:50:00Z	33.070725440285536	20.091	12.979725440285534
16	2025-06-08T03:00:00Z	34.070615507443755	20.091	13.979615507443754
16	2025-06-08T03:10:00Z	34.570560541022864	20.591	13.979560541022863
16	2025-06-08T03:20:00Z	34.070615507443755	20.591	13.479615507443754
16	2025-06-08T03:30:00Z	34.570560541022864	20.091	14.479560541022863
16	2025-06-08T03:40:00Z	32.570780406706426	20.091	12.479780406706425
16	2025-06-08T03:50:00Z	35.57045060818109	20.591	14.97945060818109
16	2025-06-08T04:00:00Z	34.070615507443755	20.091	13.979615507443754
16	2025-06-08T04:10:00Z	33.070725440285536	19.59	13.480725440285536
16	2025-06-08T04:20:00Z	33.070725440285536	20.091	12.979725440285534
16	2025-06-08T04:30:00Z	33.570670473864645	20.091	13.479670473864644
16	2025-06-08T04:40:00Z	33.570670473864645	20.091	13.479670473864644
16	2025-06-08T04:50:00Z	34.070615507443755	20.091	13.979615507443754
16	2025-06-08T05:00:00Z	35.57045060818109	20.091	15.47945060818109
16	2025-06-08T05:10:00Z	34.070615507443755	20.091	13.979615507443754
16	2025-06-08T05:20:00Z	35.57045060818109	19.59	15.98045060818109
16	2025-06-08T05:30:00Z	35.57045060818109	20.091	15.47945060818109
16	2025-06-08T05:40:00Z	32.570780406706426	20.091	12.479780406706425
16	2025-06-08T05:50:00Z	32.070835373127316	19.59	12.480835373127317
16	2025-06-08T06:00:00Z	32.070835373127316	19.59	12.480835373127317
16	2025-06-08T06:10:00Z	32.070835373127316	19.59	12.480835373127317
16	2025-06-08T06:20:00Z	34.070615507443755	19.59	14.480615507443755
16	2025-06-08T06:30:00Z	33.570670473864645	19.59	13.980670473864645
16	2025-06-08T06:40:00Z	34.570560541022864	19.59	14.980560541022864
16	2025-06-08T06:50:00Z	33.070725440285536	19.59	13.480725440285536
16	2025-06-08T07:00:00Z	33.570670473864645	19.59	13.980670473864645
16	2025-06-08T07:10:00Z	32.570780406706426	19.59	12.980780406706426
16	2025-06-08T07:20:00Z	33.070725440285536	20.591	12.479725440285534
16	2025-06-08T07:30:00Z	33.070725440285536	21.592	11.478725440285537
16	2025-06-08T07:40:00Z	33.070725440285536	23.093	9.977725440285536
16	2025-06-08T07:50:00Z	33.070725440285536	24.094	8.976725440285534
16	2025-06-08T08:00:00Z	33.070725440285536	25.094	7.976725440285534
16	2025-06-08T08:10:00Z	33.570670473864645	26.593	6.977670473864645
16	2025-06-08T08:20:00Z	33.070725440285536	26.094	6.976725440285534
16	2025-06-08T08:30:00Z	34.070615507443755	27.093	6.977615507443755
16	2025-06-08T08:40:00Z	34.070615507443755	27.593	6.477615507443755
16	2025-06-08T08:50:00Z	34.070615507443755	27.593	6.477615507443755
16	2025-06-08T09:00:00Z	34.070615507443755	25.094	8.976615507443753
16	2025-06-08T09:10:00Z	34.070615507443755	27.093	6.977615507443755
16	2025-06-08T09:20:00Z	34.070615507443755	27.593	6.477615507443755
16	2025-06-08T09:30:00Z	33.570670473864645	28.092	5.478670473864646
16	2025-06-08T09:40:00Z	33.570670473864645	27.093	6.477670473864645
16	2025-06-08T09:50:00Z	33.570670473864645	25.594	7.976670473864644
16	2025-06-08T10:00:00Z	33.570670473864645	25.594	7.976670473864644
16	2025-06-08T10:10:00Z	34.070615507443755	26.094	7.9766155074437535
16	2025-06-08T10:20:00Z	33.570670473864645	26.094	7.476670473864644
16	2025-06-08T10:30:00Z	33.570670473864645	26.094	7.476670473864644
16	2025-06-08T10:40:00Z	34.070615507443755	26.593	7.477615507443755
16	2025-06-08T10:50:00Z	33.570670473864645	26.593	6.977670473864645
16	2025-06-08T11:00:00Z	34.070615507443755	26.593	7.477615507443755
16	2025-06-08T11:10:00Z	34.070615507443755	27.093	6.977615507443755
16	2025-06-08T11:20:00Z	34.570560541022864	27.093	7.477560541022864
16	2025-06-08T11:30:00Z	34.070615507443755	27.093	6.977615507443755
16	2025-06-08T11:40:00Z	34.070615507443755	26.593	7.477615507443755
16	2025-06-08T11:50:00Z	34.070615507443755	26.593	7.477615507443755
16	2025-06-08T12:00:00Z	33.570670473864645	27.093	6.477670473864645
16	2025-06-08T12:10:00Z	34.070615507443755	26.593	7.477615507443755
16	2025-06-08T12:20:00Z	34.070615507443755	27.093	6.977615507443755
16	2025-06-08T12:30:00Z	34.070615507443755	27.093	6.977615507443755
16	2025-06-08T12:40:00Z	34.070615507443755	27.093	6.977615507443755
16	2025-06-08T12:50:00Z	34.570560541022864	27.593	6.977560541022864
16	2025-06-08T13:00:00Z	34.070615507443755	27.593	6.477615507443755
16	2025-06-08T13:10:00Z	34.570560541022864	28.092	6.4785605410228655
16	2025-06-08T13:20:00Z	34.570560541022864	27.593	6.977560541022864
16	2025-06-08T13:30:00Z	34.570560541022864	27.093	7.477560541022864
16	2025-06-08T13:40:00Z	34.570560541022864	27.593	6.977560541022864
16	2025-06-08T13:50:00Z	34.570560541022864	27.093	7.477560541022864
16	2025-06-08T14:00:00Z	34.070615507443755	27.593	6.477615507443755
16	2025-06-08T14:10:00Z	34.570560541022864	28.092	6.4785605410228655
16	2025-06-08T14:20:00Z	34.570560541022864	28.092	6.4785605410228655
16	2025-06-08T14:30:00Z	34.570560541022864	28.092	6.4785605410228655
16	2025-06-08T14:40:00Z	34.570560541022864	28.092	6.4785605410228655
16	2025-06-08T14:50:00Z	34.570560541022864	27.593	6.977560541022864
16	2025-06-08T15:00:00Z	34.570560541022864	28.092	6.4785605410228655
16	2025-06-08T15:10:00Z	35.57045060818109	28.092	7.478450608181092
16	2025-06-08T15:20:00Z	37.07028570891842	28.092	8.97828570891842
16	2025-06-08T15:30:00Z	36.0703956417602	28.092	7.978395641760201
16	2025-06-08T15:40:00Z	35.57045060818109	28.092	7.478450608181092
16	2025-06-08T15:50:00Z	35.57045060818109	28.092	7.478450608181092
16	2025-06-08T16:00:00Z	34.570560541022864	28.092	6.4785605410228655
16	2025-06-08T16:10:00Z	35.57045060818109	27.593	7.9774506081810905
16	2025-06-08T16:20:00Z	35.57045060818109	28.092	7.478450608181092
16	2025-06-08T16:30:00Z	35.57045060818109	28.092	7.478450608181092
16	2025-06-08T16:40:00Z	35.57045060818109	28.092	7.478450608181092
16	2025-06-08T16:50:00Z	35.57045060818109	28.092	7.478450608181092
16	2025-06-08T17:00:00Z	36.0703956417602	28.092	7.978395641760201
16	2025-06-08T17:10:00Z	37.570230742497536	27.593	9.977230742497536
16	2025-06-08T17:20:00Z	37.570230742497536	28.092	9.478230742497537
16	2025-06-08T17:30:00Z	37.07028570891842	28.092	8.97828570891842
16	2025-06-08T17:40:00Z	37.07028570891842	28.092	8.97828570891842
16	2025-06-08T17:50:00Z	37.07028570891842	27.593	9.47728570891842
16	2025-06-08T18:00:00Z	37.570230742497536	27.593	9.977230742497536
16	2025-06-08T18:10:00Z	37.570230742497536	27.593	9.977230742497536
16	2025-06-08T18:20:00Z	35.57045060818109	27.593	7.9774506081810905
16	2025-06-08T18:30:00Z	34.570560541022864	27.093	7.477560541022864
16	2025-06-08T18:40:00Z	33.570670473864645	26.593	6.977670473864645
16	2025-06-08T18:50:00Z	34.070615507443755	26.094	7.9766155074437535
16	2025-06-08T19:00:00Z	34.570560541022864	26.094	8.476560541022863
16	2025-06-08T19:10:00Z	34.070615507443755	25.594	8.476615507443753
16	2025-06-08T19:20:00Z	34.570560541022864	25.594	8.976560541022863
16	2025-06-08T19:30:00Z	34.570560541022864	25.094	9.476560541022863
16	2025-06-08T19:40:00Z	35.07050557460198	25.094	9.97650557460198
16	2025-06-08T19:50:00Z	36.0703956417602	24.594	11.476395641760199
16	2025-06-08T20:00:00Z	35.57045060818109	24.594	10.97645060818109
16	2025-06-08T20:10:00Z	34.070615507443755	24.594	9.476615507443753
16	2025-06-08T20:20:00Z	34.070615507443755	24.094	9.976615507443753
16	2025-06-08T20:30:00Z	33.570670473864645	24.094	9.476670473864644
16	2025-06-08T20:40:00Z	34.570560541022864	23.594	10.976560541022863
16	2025-06-08T20:50:00Z	33.070725440285536	23.594	9.476725440285534
16	2025-06-08T21:00:00Z	34.070615507443755	23.594	10.476615507443753
16	2025-06-08T21:10:00Z	35.07050557460198	23.594	11.47650557460198
16	2025-06-08T21:20:00Z	34.070615507443755	23.093	10.977615507443755
16	2025-06-08T21:30:00Z	34.070615507443755	23.093	10.977615507443755
16	2025-06-08T21:40:00Z	33.570670473864645	23.093	10.477670473864645
16	2025-06-08T21:50:00Z	33.070725440285536	23.093	9.977725440285536
16	2025-06-08T22:00:00Z	33.070725440285536	22.593	10.477725440285536
16	2025-06-08T22:10:00Z	35.07050557460198	22.593	12.477505574601981
16	2025-06-08T22:20:00Z	35.07050557460198	22.593	12.477505574601981
16	2025-06-08T22:30:00Z	32.070835373127316	22.593	9.477835373127316
16	2025-06-08T22:40:00Z	33.570670473864645	22.593	10.977670473864645
16	2025-06-08T22:50:00Z	33.570670473864645	22.593	10.977670473864645
16	2025-06-08T23:00:00Z	34.570560541022864	22.593	11.977560541022864
16	2025-06-08T23:10:00Z	34.570560541022864	22.093	12.477560541022864
16	2025-06-08T23:20:00Z	34.570560541022864	22.093	12.477560541022864
16	2025-06-08T23:30:00Z	32.570780406706426	22.093	10.477780406706426
16	2025-06-08T23:40:00Z	34.070615507443755	22.093	11.977615507443755
16	2025-06-08T23:50:00Z	34.570560541022864	22.093	12.477560541022864
16	2025-06-09T00:00:00Z	34.570560541022864	22.093	12.477560541022864
16	2025-06-09T00:10:00Z	34.070615507443755	22.093	11.977615507443755
16	2025-06-09T00:20:00Z	34.070615507443755	21.592	12.478615507443756
16	2025-06-09T00:30:00Z	33.570670473864645	21.592	11.978670473864646
16	2025-06-09T00:40:00Z	33.570670473864645	21.592	11.978670473864646
16	2025-06-09T00:50:00Z	34.070615507443755	21.592	12.478615507443756
16	2025-06-09T01:00:00Z	34.070615507443755	21.092	12.978615507443756
16	2025-06-09T01:10:00Z	35.07050557460198	21.592	13.478505574601982
16	2025-06-09T01:20:00Z	34.570560541022864	21.592	12.978560541022865
16	2025-06-09T01:30:00Z	35.07050557460198	21.592	13.478505574601982
16	2025-06-09T01:40:00Z	34.570560541022864	21.592	12.978560541022865
16	2025-06-09T01:50:00Z	32.070835373127316	21.092	10.978835373127318
16	2025-06-09T02:00:00Z	35.07050557460198	21.592	13.478505574601982
16	2025-06-09T02:10:00Z	34.570560541022864	21.092	13.478560541022865
16	2025-06-09T02:20:00Z	35.57045060818109	21.092	14.478450608181092
16	2025-06-09T02:30:00Z	31.570890339548207	21.092	10.478890339548208
16	2025-06-09T02:40:00Z	32.070835373127316	21.092	10.978835373127318
16	2025-06-09T02:50:00Z	35.07050557460198	21.092	13.978505574601982
16	2025-06-09T03:00:00Z	35.07050557460198	20.591	14.47950557460198
16	2025-06-09T03:10:00Z	35.07050557460198	20.591	14.47950557460198
16	2025-06-09T03:20:00Z	35.07050557460198	20.591	14.47950557460198
16	2025-06-09T03:30:00Z	32.070835373127316	20.591	11.479835373127315
16	2025-06-09T03:40:00Z	34.070615507443755	20.091	13.979615507443754
16	2025-06-09T03:50:00Z	32.070835373127316	20.591	11.479835373127315
16	2025-06-09T04:00:00Z	33.570670473864645	20.591	12.979670473864644
16	2025-06-09T04:10:00Z	33.570670473864645	20.091	13.479670473864644
16	2025-06-09T04:20:00Z	33.570670473864645	19.59	13.980670473864645
16	2025-06-09T04:30:00Z	33.570670473864645	20.091	13.479670473864644
16	2025-06-09T04:40:00Z	34.070615507443755	20.091	13.979615507443754
16	2025-06-09T04:50:00Z	34.070615507443755	20.091	13.979615507443754
16	2025-06-09T05:00:00Z	34.070615507443755	20.091	13.979615507443754
16	2025-06-09T05:10:00Z	34.070615507443755	19.59	14.480615507443755
16	2025-06-09T05:20:00Z	33.570670473864645	19.59	13.980670473864645
16	2025-06-09T05:30:00Z	34.570560541022864	19.59	14.980560541022864
16	2025-06-09T05:40:00Z	34.070615507443755	19.089	14.981615507443756
16	2025-06-09T05:50:00Z	34.070615507443755	19.089	14.981615507443756
16	2025-06-09T06:00:00Z	33.070725440285536	19.59	13.480725440285536
16	2025-06-09T06:10:00Z	33.570670473864645	19.59	13.980670473864645
16	2025-06-09T06:20:00Z	33.070725440285536	19.59	13.480725440285536
16	2025-06-09T06:30:00Z	34.570560541022864	20.091	14.479560541022863
16	2025-06-09T06:40:00Z	33.570670473864645	20.091	13.479670473864644
16	2025-06-09T06:50:00Z	31.070945305969097	20.591	10.479945305969096
16	2025-06-09T07:00:00Z	31.570890339548207	20.591	10.979890339548206
16	2025-06-09T07:10:00Z	32.070835373127316	20.591	11.479835373127315
16	2025-06-09T07:20:00Z	33.070725440285536	21.092	11.978725440285537
16	2025-06-09T07:30:00Z	33.070725440285536	22.093	10.977725440285536
16	2025-06-09T07:40:00Z	31.570890339548207	23.594	7.976890339548206
16	2025-06-09T07:50:00Z	32.070835373127316	24.594	7.476835373127315
16	2025-06-09T08:00:00Z	33.070725440285536	26.094	6.976725440285534
16	2025-06-09T08:10:00Z	32.570780406706426	27.593	4.977780406706426
16	2025-06-09T08:20:00Z	32.570780406706426	27.093	5.477780406706426
16	2025-06-09T08:30:00Z	32.570780406706426	28.592	3.978780406706427
16	2025-06-09T08:40:00Z	32.570780406706426	29.591	2.979780406706425
16	2025-06-09T08:50:00Z	32.570780406706426	30.589	1.9817804067064273
16	2025-06-09T09:00:00Z	32.570780406706426	27.593	4.977780406706426
16	2025-06-09T09:10:00Z	32.570780406706426	29.091	3.479780406706425
16	2025-06-09T09:20:00Z	33.070725440285536	30.09	2.9807254402855357
16	2025-06-09T09:30:00Z	32.570780406706426	30.09	2.480780406706426
16	2025-06-09T09:40:00Z	32.570780406706426	29.091	3.479780406706425
16	2025-06-09T09:50:00Z	32.570780406706426	27.593	4.977780406706426
16	2025-06-09T10:00:00Z	32.570780406706426	27.593	4.977780406706426
16	2025-06-09T10:10:00Z	32.570780406706426	27.593	4.977780406706426
16	2025-06-09T10:20:00Z	32.570780406706426	27.593	4.977780406706426
16	2025-06-09T10:30:00Z	33.070725440285536	28.092	4.978725440285537
16	2025-06-09T10:40:00Z	33.070725440285536	28.092	4.978725440285537
16	2025-06-09T10:50:00Z	33.570670473864645	28.092	5.478670473864646
16	2025-06-09T11:00:00Z	33.570670473864645	28.592	4.978670473864646
16	2025-06-09T11:10:00Z	33.070725440285536	28.092	4.978725440285537
16	2025-06-09T11:20:00Z	33.070725440285536	28.092	4.978725440285537
16	2025-06-09T11:30:00Z	33.570670473864645	28.592	4.978670473864646
16	2025-06-09T11:40:00Z	33.070725440285536	28.092	4.978725440285537
16	2025-06-09T11:50:00Z	33.070725440285536	28.092	4.978725440285537
16	2025-06-09T12:00:00Z	33.070725440285536	28.092	4.978725440285537
16	2025-06-09T12:10:00Z	33.070725440285536	28.092	4.978725440285537
16	2025-06-09T12:20:00Z	32.570780406706426	28.092	4.478780406706427
16	2025-06-09T12:30:00Z	32.570780406706426	28.592	3.978780406706427
16	2025-06-09T12:40:00Z	32.570780406706426	28.592	3.978780406706427
16	2025-06-09T12:50:00Z	32.570780406706426	28.092	4.478780406706427
16	2025-06-09T13:00:00Z	33.070725440285536	28.592	4.478725440285537
16	2025-06-09T13:10:00Z	33.070725440285536	28.592	4.478725440285537
16	2025-06-09T13:20:00Z	33.070725440285536	28.092	4.978725440285537
16	2025-06-09T13:30:00Z	33.070725440285536	28.092	4.978725440285537
16	2025-06-09T13:40:00Z	33.070725440285536	28.592	4.478725440285537
16	2025-06-09T13:50:00Z	33.070725440285536	28.592	4.478725440285537
16	2025-06-09T14:00:00Z	33.070725440285536	28.592	4.478725440285537
16	2025-06-09T14:10:00Z	33.070725440285536	28.092	4.978725440285537
16	2025-06-09T14:20:00Z	33.070725440285536	28.592	4.478725440285537
16	2025-06-09T14:30:00Z	33.570670473864645	28.592	4.978670473864646
16	2025-06-09T14:40:00Z	35.57045060818109	28.592	6.978450608181092
16	2025-06-09T14:50:00Z	35.57045060818109	28.592	6.978450608181092
16	2025-06-09T15:00:00Z	35.57045060818109	28.592	6.978450608181092
16	2025-06-09T15:10:00Z	34.570560541022864	28.592	5.9785605410228655
16	2025-06-09T15:20:00Z	34.570560541022864	28.592	5.9785605410228655
16	2025-06-09T15:30:00Z	34.070615507443755	28.592	5.478615507443756
16	2025-06-09T15:40:00Z	34.570560541022864	28.592	5.9785605410228655
16	2025-06-09T15:50:00Z	34.070615507443755	28.592	5.478615507443756
16	2025-06-09T16:00:00Z	34.070615507443755	28.592	5.478615507443756
16	2025-06-09T16:10:00Z	34.070615507443755	29.091	4.979615507443754
16	2025-06-09T16:20:00Z	34.070615507443755	29.091	4.979615507443754
16	2025-06-09T16:30:00Z	34.070615507443755	29.091	4.979615507443754
16	2025-06-09T16:40:00Z	34.570560541022864	27.593	6.977560541022864
16	2025-06-09T16:50:00Z	34.070615507443755	27.093	6.977615507443755
16	2025-06-09T17:00:00Z	33.570670473864645	24.594	8.976670473864644
16	2025-06-09T17:10:00Z	33.570670473864645	23.594	9.976670473864644
16	2025-06-09T17:20:00Z	33.070725440285536	24.094	8.976725440285534
16	2025-06-09T17:30:00Z	33.070725440285536	24.594	8.476725440285534
16	2025-06-09T17:40:00Z	32.570780406706426	25.094	7.476780406706425
16	2025-06-09T17:50:00Z	33.570670473864645	25.094	8.476670473864644
16	2025-06-09T18:00:00Z	33.570670473864645	25.594	7.976670473864644
16	2025-06-09T18:10:00Z	34.070615507443755	25.094	8.976615507443753
16	2025-06-09T18:20:00Z	33.570670473864645	25.094	8.476670473864644
16	2025-06-09T18:30:00Z	33.070725440285536	25.094	7.976725440285534
16	2025-06-09T18:40:00Z	33.570670473864645	25.094	8.476670473864644
16	2025-06-09T18:50:00Z	33.070725440285536	25.094	7.976725440285534
16	2025-06-09T19:00:00Z	33.570670473864645	24.594	8.976670473864644
16	2025-06-09T19:10:00Z	33.070725440285536	24.594	8.476725440285534
16	2025-06-09T19:20:00Z	33.070725440285536	24.094	8.976725440285534
16	2025-06-09T19:30:00Z	33.570670473864645	24.094	9.476670473864644
16	2025-06-09T19:40:00Z	35.07050557460198	24.094	10.97650557460198
16	2025-06-09T19:50:00Z	35.07050557460198	24.094	10.97650557460198
16	2025-06-09T20:00:00Z	35.57045060818109	24.094	11.47645060818109
16	2025-06-09T20:10:00Z	36.57034067533931	23.594	12.976340675339308
16	2025-06-09T20:20:00Z	35.57045060818109	23.594	11.97645060818109
16	2025-06-09T20:30:00Z	34.070615507443755	23.594	10.476615507443753
16	2025-06-09T20:40:00Z	33.570670473864645	23.594	9.976670473864644
16	2025-06-09T20:50:00Z	33.070725440285536	23.093	9.977725440285536
16	2025-06-09T21:00:00Z	33.070725440285536	23.093	9.977725440285536
16	2025-06-09T21:10:00Z	32.070835373127316	23.093	8.977835373127316
16	2025-06-09T21:20:00Z	32.070835373127316	23.093	8.977835373127316
16	2025-06-09T21:30:00Z	34.070615507443755	23.093	10.977615507443755
16	2025-06-09T21:40:00Z	33.570670473864645	22.593	10.977670473864645
16	2025-06-09T21:50:00Z	33.570670473864645	22.593	10.977670473864645
16	2025-06-09T22:00:00Z	33.570670473864645	22.593	10.977670473864645
16	2025-06-09T22:10:00Z	34.070615507443755	22.593	11.477615507443755
16	2025-06-09T22:20:00Z	33.570670473864645	22.593	10.977670473864645
16	2025-06-09T22:30:00Z	32.070835373127316	22.593	9.477835373127316
16	2025-06-09T22:40:00Z	36.0703956417602	22.593	13.4773956417602
16	2025-06-09T22:50:00Z	31.570890339548207	22.593	8.977890339548207
16	2025-06-09T23:00:00Z	34.070615507443755	22.593	11.477615507443755
16	2025-06-09T23:10:00Z	33.570670473864645	22.593	10.977670473864645
16	2025-06-09T23:20:00Z	33.570670473864645	22.093	11.477670473864645
16	2025-06-09T23:30:00Z	33.570670473864645	21.592	11.978670473864646
16	2025-06-09T23:40:00Z	33.070725440285536	21.092	11.978725440285537
16	2025-06-09T23:50:00Z	33.570670473864645	20.591	12.979670473864644
16	2025-06-10T00:00:00Z	33.070725440285536	20.091	12.979725440285534
16	2025-06-10T00:10:00Z	32.570780406706426	20.091	12.479780406706425
16	2025-06-10T00:20:00Z	32.570780406706426	20.091	12.479780406706425
16	2025-06-10T00:30:00Z	32.570780406706426	20.091	12.479780406706425
16	2025-06-10T00:40:00Z	32.070835373127316	20.091	11.979835373127315
16	2025-06-10T00:50:00Z	32.570780406706426	20.091	12.479780406706425
16	2025-06-10T01:00:00Z	34.570560541022864	20.091	14.479560541022863
16	2025-06-10T01:10:00Z	34.570560541022864	20.591	13.979560541022863
16	2025-06-10T01:20:00Z	33.570670473864645	20.591	12.979670473864644
16	2025-06-10T01:30:00Z	33.570670473864645	20.091	13.479670473864644
16	2025-06-10T01:40:00Z	34.070615507443755	20.091	13.979615507443754
16	2025-06-10T01:50:00Z	33.570670473864645	20.591	12.979670473864644
16	2025-06-10T02:00:00Z	32.070835373127316	20.591	11.479835373127315
16	2025-06-10T02:10:00Z	33.070725440285536	20.591	12.479725440285534
16	2025-06-10T02:20:00Z	33.070725440285536	20.591	12.479725440285534
16	2025-06-10T02:30:00Z	34.070615507443755	20.091	13.979615507443754
16	2025-06-10T02:40:00Z	33.070725440285536	20.591	12.479725440285534
16	2025-06-10T02:50:00Z	33.570670473864645	20.091	13.479670473864644
16	2025-06-10T03:00:00Z	34.070615507443755	20.591	13.479615507443754
16	2025-06-10T03:10:00Z	34.070615507443755	20.591	13.479615507443754
16	2025-06-10T03:20:00Z	33.070725440285536	20.091	12.979725440285534
16	2025-06-10T03:30:00Z	33.070725440285536	20.591	12.479725440285534
16	2025-06-10T03:40:00Z	33.070725440285536	20.591	12.479725440285534
16	2025-06-10T03:50:00Z	32.070835373127316	21.592	10.478835373127318
16	2025-06-10T04:00:00Z	31.570890339548207	21.592	9.978890339548208
16	2025-06-10T04:10:00Z	32.570780406706426	21.592	10.978780406706427
16	2025-06-10T04:20:00Z	32.570780406706426	21.592	10.978780406706427
16	2025-06-10T04:30:00Z	32.570780406706426	22.093	10.477780406706426
16	2025-06-10T04:40:00Z	32.070835373127316	22.093	9.977835373127316
16	2025-06-10T04:50:00Z	32.570780406706426	21.592	10.978780406706427
16	2025-06-10T05:00:00Z	32.570780406706426	22.093	10.477780406706426
16	2025-06-10T05:10:00Z	32.070835373127316	21.592	10.478835373127318
16	2025-06-10T05:20:00Z	33.570670473864645	21.092	12.478670473864646
16	2025-06-10T05:30:00Z	33.070725440285536	21.092	11.978725440285537
16	2025-06-10T05:40:00Z	33.570670473864645	20.591	12.979670473864644
16	2025-06-10T05:50:00Z	33.570670473864645	20.591	12.979670473864644
16	2025-06-10T06:00:00Z	34.570560541022864	20.591	13.979560541022863
16	2025-06-10T06:10:00Z	34.070615507443755	20.591	13.479615507443754
16	2025-06-10T06:20:00Z	35.07050557460198	20.091	14.97950557460198
16	2025-06-10T06:30:00Z	34.570560541022864	20.091	14.479560541022863
16	2025-06-10T06:40:00Z	33.570670473864645	20.091	13.479670473864644
16	2025-06-10T06:50:00Z	34.070615507443755	20.091	13.979615507443754
16	2025-06-10T07:00:00Z	33.570670473864645	20.091	13.479670473864644
16	2025-06-10T07:10:00Z	33.070725440285536	20.091	12.979725440285534
16	2025-06-10T07:20:00Z	33.570670473864645	21.092	12.478670473864646
16	2025-06-10T07:30:00Z	32.570780406706426	22.093	10.477780406706426
16	2025-06-10T07:40:00Z	32.570780406706426	23.594	8.976780406706425
16	2025-06-10T07:50:00Z	32.570780406706426	24.594	7.976780406706425
16	2025-06-10T08:00:00Z	33.070725440285536	25.594	7.476725440285534
16	2025-06-10T08:10:00Z	32.570780406706426	27.093	5.477780406706426
16	2025-06-10T08:20:00Z	32.570780406706426	26.593	5.977780406706426
16	2025-06-10T08:30:00Z	33.070725440285536	28.092	4.978725440285537
16	2025-06-10T08:40:00Z	32.570780406706426	29.591	2.979780406706425
16	2025-06-10T08:50:00Z	32.070835373127316	30.589	1.4818353731273177
16	2025-06-10T09:00:00Z	32.570780406706426	27.593	4.977780406706426
16	2025-06-10T09:10:00Z	32.070835373127316	29.091	2.9798353731273153
16	2025-06-10T09:20:00Z	31.570890339548207	29.091	2.4798903395482057
16	2025-06-10T09:30:00Z	31.570890339548207	29.091	2.4798903395482057
16	2025-06-10T09:40:00Z	31.070945305969097	28.092	2.9789453059690985
16	2025-06-10T09:50:00Z	31.070945305969097	26.593	4.477945305969097
16	2025-06-10T10:00:00Z	30.571000272389984	26.593	3.978000272389984
16	2025-06-10T10:10:00Z	30.571000272389984	26.593	3.978000272389984
16	2025-06-10T10:20:00Z	31.070945305969097	27.093	3.9779453059690972
16	2025-06-10T10:30:00Z	31.070945305969097	27.093	3.9779453059690972
16	2025-06-10T10:40:00Z	31.070945305969097	27.093	3.9779453059690972
16	2025-06-10T10:50:00Z	31.570890339548207	27.593	3.977890339548207
16	2025-06-10T11:00:00Z	31.570890339548207	27.593	3.977890339548207
16	2025-06-10T11:10:00Z	32.070835373127316	27.593	4.477835373127316
16	2025-06-10T11:20:00Z	32.070835373127316	27.593	4.477835373127316
16	2025-06-10T11:30:00Z	32.070835373127316	27.593	4.477835373127316
16	2025-06-10T11:40:00Z	32.070835373127316	27.593	4.477835373127316
16	2025-06-10T11:50:00Z	32.570780406706426	27.593	4.977780406706426
16	2025-06-10T12:00:00Z	32.570780406706426	28.092	4.478780406706427
16	2025-06-10T12:10:00Z	32.570780406706426	27.593	4.977780406706426
16	2025-06-10T12:20:00Z	32.570780406706426	27.593	4.977780406706426
16	2025-06-10T12:30:00Z	32.070835373127316	28.092	3.9788353731273176
16	2025-06-10T12:40:00Z	32.070835373127316	27.593	4.477835373127316
16	2025-06-10T12:50:00Z	32.070835373127316	28.092	3.9788353731273176
16	2025-06-10T13:00:00Z	32.070835373127316	28.092	3.9788353731273176
16	2025-06-10T13:10:00Z	31.570890339548207	28.092	3.478890339548208
16	2025-06-10T13:20:00Z	32.070835373127316	28.092	3.9788353731273176
16	2025-06-10T13:30:00Z	32.070835373127316	28.092	3.9788353731273176
16	2025-06-10T13:40:00Z	32.570780406706426	28.092	4.478780406706427
16	2025-06-10T13:50:00Z	33.570670473864645	28.092	5.478670473864646
16	2025-06-10T14:00:00Z	34.570560541022864	28.092	6.4785605410228655
16	2025-06-10T14:10:00Z	34.070615507443755	28.092	5.978615507443756
16	2025-06-10T14:20:00Z	34.070615507443755	28.092	5.978615507443756
16	2025-06-10T14:30:00Z	33.570670473864645	28.092	5.478670473864646
16	2025-06-10T14:40:00Z	34.070615507443755	28.092	5.978615507443756
16	2025-06-10T14:50:00Z	34.070615507443755	28.092	5.978615507443756
16	2025-06-10T15:00:00Z	34.570560541022864	28.092	6.4785605410228655
16	2025-06-10T15:10:00Z	34.570560541022864	28.092	6.4785605410228655
16	2025-06-10T15:20:00Z	34.570560541022864	28.592	5.9785605410228655
16	2025-06-10T15:30:00Z	34.570560541022864	28.092	6.4785605410228655
16	2025-06-10T15:40:00Z	34.570560541022864	28.092	6.4785605410228655
16	2025-06-10T15:50:00Z	34.570560541022864	28.092	6.4785605410228655
16	2025-06-10T16:00:00Z	34.570560541022864	28.092	6.4785605410228655
16	2025-06-10T16:10:00Z	34.570560541022864	28.592	5.9785605410228655
16	2025-06-10T16:20:00Z	34.570560541022864	28.592	5.9785605410228655
16	2025-06-10T16:30:00Z	35.07050557460198	28.592	6.478505574601982
16	2025-06-10T16:40:00Z	34.570560541022864	28.592	5.9785605410228655
16	2025-06-10T16:50:00Z	35.07050557460198	28.092	6.978505574601982
16	2025-06-10T17:00:00Z	35.07050557460198	28.092	6.978505574601982
16	2025-06-10T17:10:00Z	35.57045060818109	28.592	6.978450608181092
16	2025-06-10T17:20:00Z	35.57045060818109	28.092	7.478450608181092
16	2025-06-10T17:30:00Z	35.57045060818109	28.092	7.478450608181092
16	2025-06-10T17:40:00Z	35.57045060818109	28.092	7.478450608181092
16	2025-06-10T17:50:00Z	35.57045060818109	28.092	7.478450608181092
16	2025-06-10T18:00:00Z	35.57045060818109	27.593	7.9774506081810905
16	2025-06-10T18:10:00Z	35.07050557460198	27.593	7.477505574601981
16	2025-06-10T18:20:00Z	35.07050557460198	27.593	7.477505574601981
16	2025-06-10T18:30:00Z	35.07050557460198	27.593	7.477505574601981
16	2025-06-10T18:40:00Z	35.07050557460198	27.093	7.977505574601981
16	2025-06-10T18:50:00Z	34.570560541022864	26.593	7.977560541022864
16	2025-06-10T19:00:00Z	34.570560541022864	26.094	8.476560541022863
16	2025-06-10T19:10:00Z	34.570560541022864	25.594	8.976560541022863
16	2025-06-10T19:20:00Z	34.070615507443755	25.594	8.476615507443753
16	2025-06-10T19:30:00Z	34.070615507443755	25.594	8.476615507443753
16	2025-06-10T19:40:00Z	35.57045060818109	25.094	10.47645060818109
16	2025-06-10T19:50:00Z	35.57045060818109	25.094	10.47645060818109
16	2025-06-10T20:00:00Z	36.0703956417602	25.094	10.976395641760199
16	2025-06-10T20:10:00Z	36.0703956417602	25.094	10.976395641760199
16	2025-06-10T20:20:00Z	36.57034067533931	24.594	11.976340675339308
16	2025-06-10T20:30:00Z	36.57034067533931	24.594	11.976340675339308
16	2025-06-10T20:40:00Z	36.0703956417602	24.094	11.976395641760199
16	2025-06-10T20:50:00Z	34.070615507443755	24.094	9.976615507443753
16	2025-06-10T21:00:00Z	35.07050557460198	24.094	10.97650557460198
16	2025-06-10T21:10:00Z	32.570780406706426	24.094	8.476780406706425
16	2025-06-10T21:20:00Z	32.070835373127316	23.594	8.476835373127315
16	2025-06-10T21:30:00Z	33.570670473864645	23.093	10.477670473864645
16	2025-06-10T21:40:00Z	33.070725440285536	23.093	9.977725440285536
16	2025-06-10T21:50:00Z	35.57045060818109	23.093	12.47745060818109
16	2025-06-10T22:00:00Z	35.07050557460198	23.093	11.977505574601981
16	2025-06-10T22:10:00Z	33.070725440285536	23.093	9.977725440285536
16	2025-06-10T22:20:00Z	33.070725440285536	23.093	9.977725440285536
16	2025-06-10T22:30:00Z	31.570890339548207	23.594	7.976890339548206
16	2025-06-10T22:40:00Z	33.070725440285536	23.594	9.476725440285534
16	2025-06-10T22:50:00Z	32.570780406706426	23.093	9.477780406706426
16	2025-06-10T23:00:00Z	32.570780406706426	23.093	9.477780406706426
16	2025-06-10T23:10:00Z	32.570780406706426	23.093	9.477780406706426
16	2025-06-10T23:20:00Z	32.070835373127316	22.593	9.477835373127316
16	2025-06-10T23:30:00Z	34.570560541022864	22.593	11.977560541022864
16	2025-06-10T23:40:00Z	34.570560541022864	22.593	11.977560541022864
16	2025-06-10T23:50:00Z	32.070835373127316	22.093	9.977835373127316
16	2025-06-11T00:00:00Z	31.070945305969097	22.093	8.977945305969097
16	2025-06-11T00:10:00Z	31.070945305969097	22.093	8.977945305969097
16	2025-06-11T00:20:00Z	31.070945305969097	22.093	8.977945305969097
16	2025-06-11T00:30:00Z	31.070945305969097	22.093	8.977945305969097
16	2025-06-11T00:40:00Z	31.070945305969097	22.093	8.977945305969097
16	2025-06-11T00:50:00Z	34.570560541022864	22.093	12.477560541022864
16	2025-06-11T01:00:00Z	33.070725440285536	21.592	11.478725440285537
16	2025-06-11T01:10:00Z	32.570780406706426	21.592	10.978780406706427
16	2025-06-11T01:20:00Z	34.570560541022864	21.592	12.978560541022865
16	2025-06-11T01:30:00Z	33.570670473864645	21.592	11.978670473864646
16	2025-06-11T01:40:00Z	34.070615507443755	21.592	12.478615507443756
16	2025-06-11T01:50:00Z	33.070725440285536	21.092	11.978725440285537
16	2025-06-11T02:00:00Z	32.570780406706426	21.092	11.478780406706427
16	2025-06-11T02:10:00Z	32.070835373127316	20.591	11.479835373127315
16	2025-06-11T02:20:00Z	33.070725440285536	20.591	12.479725440285534
16	2025-06-11T02:30:00Z	33.070725440285536	20.591	12.479725440285534
16	2025-06-11T02:40:00Z	33.570670473864645	20.591	12.979670473864644
16	2025-06-11T02:50:00Z	34.070615507443755	20.591	13.479615507443754
16	2025-06-11T03:00:00Z	31.570890339548207	20.591	10.979890339548206
16	2025-06-11T03:10:00Z	33.070725440285536	20.591	12.479725440285534
16	2025-06-11T03:20:00Z	31.570890339548207	20.591	10.979890339548206
16	2025-06-11T03:30:00Z	31.570890339548207	20.591	10.979890339548206
16	2025-06-11T03:40:00Z	31.570890339548207	20.591	10.979890339548206
16	2025-06-11T03:50:00Z	33.070725440285536	20.591	12.479725440285534
16	2025-06-11T04:00:00Z	33.070725440285536	20.591	12.479725440285534
16	2025-06-11T04:10:00Z	33.570670473864645	20.591	12.979670473864644
16	2025-06-11T04:20:00Z	31.570890339548207	20.591	10.979890339548206
16	2025-06-11T04:30:00Z	32.070835373127316	20.591	11.479835373127315
16	2025-06-11T04:40:00Z	33.070725440285536	20.591	12.479725440285534
16	2025-06-11T04:50:00Z	32.070835373127316	20.591	11.479835373127315
16	2025-06-11T05:00:00Z	33.070725440285536	20.591	12.479725440285534
16	2025-06-11T05:10:00Z	32.070835373127316	20.591	11.479835373127315
16	2025-06-11T05:20:00Z	33.070725440285536	20.591	12.479725440285534
16	2025-06-11T05:30:00Z	33.070725440285536	20.591	12.479725440285534
16	2025-06-11T05:40:00Z	32.070835373127316	20.591	11.479835373127315
16	2025-06-11T05:50:00Z	33.570670473864645	20.591	12.979670473864644
16	2025-06-11T06:00:00Z	32.570780406706426	20.591	11.979780406706425
16	2025-06-11T06:10:00Z	32.570780406706426	20.591	11.979780406706425
16	2025-06-11T06:20:00Z	31.570890339548207	20.591	10.979890339548206
16	2025-06-11T06:30:00Z	32.570780406706426	21.092	11.478780406706427
16	2025-06-11T06:40:00Z	32.570780406706426	20.591	11.979780406706425
16	2025-06-11T06:50:00Z	32.570780406706426	20.591	11.979780406706425
16	2025-06-11T07:00:00Z	32.070835373127316	21.092	10.978835373127318
16	2025-06-11T07:10:00Z	33.570670473864645	21.092	12.478670473864646
16	2025-06-11T07:20:00Z	32.570780406706426	22.093	10.477780406706426
16	2025-06-11T07:30:00Z	32.070835373127316	23.093	8.977835373127316
16	2025-06-11T07:40:00Z	32.570780406706426	24.594	7.976780406706425
16	2025-06-11T07:50:00Z	32.070835373127316	25.094	6.976835373127315
16	2025-06-11T08:00:00Z	31.570890339548207	26.094	5.476890339548206
16	2025-06-11T08:10:00Z	32.070835373127316	27.593	4.477835373127316
16	2025-06-11T08:20:00Z	32.070835373127316	27.093	4.977835373127316
16	2025-06-11T08:30:00Z	32.070835373127316	28.592	3.4788353731273176
16	2025-06-11T08:40:00Z	31.570890339548207	29.591	1.9798903395482057
16	2025-06-11T08:50:00Z	32.570780406706426	29.591	2.979780406706425
16	2025-06-11T09:00:00Z	32.070835373127316	27.093	4.977835373127316
16	2025-06-11T09:10:00Z	32.070835373127316	28.092	3.9788353731273176
16	2025-06-11T09:20:00Z	32.070835373127316	28.592	3.4788353731273176
16	2025-06-11T09:30:00Z	32.070835373127316	28.092	3.9788353731273176
16	2025-06-11T09:40:00Z	32.570780406706426	27.093	5.477780406706426
16	2025-06-11T09:50:00Z	32.070835373127316	26.094	5.976835373127315
16	2025-06-11T10:00:00Z	33.070725440285536	26.094	6.976725440285534
16	2025-06-11T10:10:00Z	32.570780406706426	26.593	5.977780406706426
16	2025-06-11T10:20:00Z	32.070835373127316	26.593	5.477835373127316
16	2025-06-11T10:30:00Z	32.070835373127316	27.093	4.977835373127316
16	2025-06-11T10:40:00Z	32.570780406706426	27.093	5.477780406706426
16	2025-06-11T10:50:00Z	32.070835373127316	27.093	4.977835373127316
16	2025-06-11T11:00:00Z	31.570890339548207	27.093	4.477890339548207
16	2025-06-11T11:10:00Z	31.570890339548207	27.593	3.977890339548207
16	2025-06-11T11:20:00Z	31.070945305969097	27.593	3.4779453059690972
16	2025-06-11T11:30:00Z	30.571000272389984	27.593	2.978000272389984
16	2025-06-11T11:40:00Z	30.571000272389984	27.593	2.978000272389984
16	2025-06-11T11:50:00Z	30.571000272389984	27.593	2.978000272389984
16	2025-06-11T12:00:00Z	30.571000272389984	27.593	2.978000272389984
16	2025-06-11T12:10:00Z	30.571000272389984	27.593	2.978000272389984
16	2025-06-11T12:20:00Z	31.070945305969097	28.092	2.9789453059690985
16	2025-06-11T12:30:00Z	31.070945305969097	28.092	2.9789453059690985
16	2025-06-11T12:40:00Z	30.571000272389984	28.092	2.4790002723899853
16	2025-06-11T12:50:00Z	31.070945305969097	28.092	2.9789453059690985
16	2025-06-11T13:00:00Z	31.070945305969097	28.092	2.9789453059690985
16	2025-06-11T13:10:00Z	31.070945305969097	28.092	2.9789453059690985
16	2025-06-11T13:20:00Z	31.070945305969097	28.592	2.4789453059690985
16	2025-06-11T13:30:00Z	31.070945305969097	28.592	2.4789453059690985
16	2025-06-11T13:40:00Z	31.070945305969097	28.592	2.4789453059690985
16	2025-06-11T13:50:00Z	31.070945305969097	28.592	2.4789453059690985
16	2025-06-11T14:00:00Z	31.570890339548207	28.592	2.978890339548208
16	2025-06-11T14:10:00Z	31.570890339548207	28.592	2.978890339548208
16	2025-06-11T14:20:00Z	31.570890339548207	29.091	2.4798903395482057
16	2025-06-11T14:30:00Z	32.070835373127316	29.091	2.9798353731273153
16	2025-06-11T14:40:00Z	32.570780406706426	29.091	3.479780406706425
16	2025-06-11T14:50:00Z	32.570780406706426	29.091	3.479780406706425
16	2025-06-11T15:00:00Z	32.570780406706426	29.591	2.979780406706425
16	2025-06-11T15:10:00Z	34.070615507443755	29.591	4.479615507443754
16	2025-06-11T15:20:00Z	34.570560541022864	29.091	5.479560541022863
16	2025-06-11T15:30:00Z	34.570560541022864	29.591	4.979560541022863
16	2025-06-11T15:40:00Z	34.570560541022864	29.591	4.979560541022863
16	2025-06-11T15:50:00Z	35.07050557460198	29.591	5.47950557460198
16	2025-06-11T16:00:00Z	35.07050557460198	29.591	5.47950557460198
16	2025-06-11T16:10:00Z	35.07050557460198	29.091	5.97950557460198
16	2025-06-11T16:20:00Z	35.07050557460198	29.591	5.47950557460198
16	2025-06-11T16:30:00Z	35.57045060818109	29.591	5.979450608181089
16	2025-06-11T16:40:00Z	35.07050557460198	29.591	5.47950557460198
16	2025-06-11T16:50:00Z	35.07050557460198	29.591	5.47950557460198
16	2025-06-11T17:00:00Z	35.57045060818109	29.591	5.979450608181089
16	2025-06-11T17:10:00Z	36.0703956417602	29.091	6.979395641760199
16	2025-06-11T17:20:00Z	36.0703956417602	29.091	6.979395641760199
16	2025-06-11T17:30:00Z	36.0703956417602	29.091	6.979395641760199
16	2025-06-11T17:40:00Z	36.57034067533931	29.091	7.479340675339309
16	2025-06-11T17:50:00Z	36.0703956417602	28.592	7.478395641760201
16	2025-06-11T18:00:00Z	35.57045060818109	28.592	6.978450608181092
16	2025-06-11T18:10:00Z	35.07050557460198	28.592	6.478505574601982
16	2025-06-11T18:20:00Z	35.07050557460198	28.592	6.478505574601982
16	2025-06-11T18:30:00Z	34.570560541022864	28.092	6.4785605410228655
16	2025-06-11T18:40:00Z	34.070615507443755	27.593	6.477615507443755
16	2025-06-11T18:50:00Z	34.070615507443755	27.093	6.977615507443755
16	2025-06-11T19:00:00Z	34.070615507443755	27.093	6.977615507443755
16	2025-06-11T19:10:00Z	33.570670473864645	26.593	6.977670473864645
16	2025-06-11T19:20:00Z	34.570560541022864	26.094	8.476560541022863
16	2025-06-11T19:30:00Z	35.07050557460198	26.094	8.97650557460198
16	2025-06-11T19:40:00Z	36.0703956417602	26.094	9.976395641760199
16	2025-06-11T19:50:00Z	35.07050557460198	25.594	9.47650557460198
16	2025-06-11T20:00:00Z	34.570560541022864	25.594	8.976560541022863
16	2025-06-11T20:10:00Z	34.070615507443755	25.094	8.976615507443753
16	2025-06-11T20:20:00Z	33.570670473864645	25.094	8.476670473864644
16	2025-06-11T20:30:00Z	33.570670473864645	24.594	8.976670473864644
16	2025-06-11T20:40:00Z	33.570670473864645	24.594	8.976670473864644
16	2025-06-11T20:50:00Z	33.070725440285536	24.594	8.476725440285534
16	2025-06-11T21:00:00Z	34.070615507443755	24.594	9.476615507443753
16	2025-06-11T21:10:00Z	34.570560541022864	24.594	9.976560541022863
16	2025-06-11T21:20:00Z	35.07050557460198	24.094	10.97650557460198
16	2025-06-11T21:30:00Z	35.57045060818109	24.094	11.47645060818109
16	2025-06-11T21:40:00Z	36.0703956417602	23.594	12.476395641760199
16	2025-06-11T21:50:00Z	35.57045060818109	23.594	11.97645060818109
16	2025-06-11T22:00:00Z	34.070615507443755	23.594	10.476615507443753
16	2025-06-11T22:10:00Z	34.570560541022864	23.594	10.976560541022863
16	2025-06-11T22:20:00Z	34.070615507443755	23.093	10.977615507443755
16	2025-06-11T22:30:00Z	33.070725440285536	23.093	9.977725440285536
16	2025-06-11T22:40:00Z	33.570670473864645	23.093	10.477670473864645
16	2025-06-11T22:50:00Z	33.070725440285536	23.093	9.977725440285536
16	2025-06-11T23:00:00Z	34.570560541022864	23.093	11.477560541022864
16	2025-06-11T23:10:00Z	34.070615507443755	23.093	10.977615507443755
16	2025-06-11T23:20:00Z	34.570560541022864	23.093	11.477560541022864
16	2025-06-11T23:30:00Z	34.070615507443755	23.093	10.977615507443755
16	2025-06-11T23:40:00Z	33.570670473864645	23.093	10.477670473864645
16	2025-06-11T23:50:00Z	32.070835373127316	22.593	9.477835373127316
16	2025-06-12T00:00:00Z	31.070945305969097	22.593	8.477945305969097
16	2025-06-12T00:10:00Z	32.070835373127316	22.593	9.477835373127316
16	2025-06-12T00:20:00Z	33.570670473864645	22.593	10.977670473864645
16	2025-06-12T00:30:00Z	32.570780406706426	22.593	9.977780406706426
16	2025-06-12T00:40:00Z	33.570670473864645	22.593	10.977670473864645
16	2025-06-12T00:50:00Z	33.570670473864645	22.093	11.477670473864645
16	2025-06-12T01:00:00Z	33.070725440285536	21.592	11.478725440285537
16	2025-06-12T01:10:00Z	33.070725440285536	22.093	10.977725440285536
16	2025-06-12T01:20:00Z	32.570780406706426	22.093	10.477780406706426
16	2025-06-12T01:30:00Z	33.070725440285536	22.093	10.977725440285536
16	2025-06-12T01:40:00Z	33.070725440285536	22.093	10.977725440285536
16	2025-06-12T01:50:00Z	33.570670473864645	22.093	11.477670473864645
16	2025-06-12T02:00:00Z	32.570780406706426	22.593	9.977780406706426
16	2025-06-12T02:10:00Z	33.070725440285536	22.593	10.477725440285536
16	2025-06-12T02:20:00Z	32.570780406706426	23.093	9.477780406706426
16	2025-06-12T02:30:00Z	34.070615507443755	23.594	10.476615507443753
16	2025-06-12T02:40:00Z	33.070725440285536	23.093	9.977725440285536
16	2025-06-12T02:50:00Z	34.070615507443755	22.093	11.977615507443755
16	2025-06-12T03:00:00Z	34.570560541022864	22.593	11.977560541022864
16	2025-06-12T03:10:00Z	33.570670473864645	22.593	10.977670473864645
16	2025-06-12T03:20:00Z	33.070725440285536	21.592	11.478725440285537
16	2025-06-12T03:30:00Z	33.070725440285536	21.592	11.478725440285537
16	2025-06-12T03:40:00Z	33.070725440285536	21.592	11.478725440285537
16	2025-06-12T03:50:00Z	32.570780406706426	21.592	10.978780406706427
16	2025-06-12T04:00:00Z	32.070835373127316	21.592	10.478835373127318
16	2025-06-12T04:10:00Z	33.070725440285536	21.092	11.978725440285537
16	2025-06-12T04:20:00Z	33.070725440285536	21.092	11.978725440285537
16	2025-06-12T04:30:00Z	32.570780406706426	21.092	11.478780406706427
16	2025-06-12T04:40:00Z	33.070725440285536	21.092	11.978725440285537
16	2025-06-12T04:50:00Z	33.070725440285536	21.092	11.978725440285537
16	2025-06-12T05:00:00Z	33.570670473864645	21.092	12.478670473864646
16	2025-06-12T05:10:00Z	33.570670473864645	21.092	12.478670473864646
16	2025-06-12T05:20:00Z	34.070615507443755	20.091	13.979615507443754
16	2025-06-12T05:30:00Z	33.570670473864645	19.089	14.481670473864646
16	2025-06-12T05:40:00Z	34.570560541022864	19.089	15.481560541022866
16	2025-06-12T05:50:00Z	34.070615507443755	19.089	14.981615507443756
16	2025-06-12T06:00:00Z	34.070615507443755	19.59	14.480615507443755
16	2025-06-12T06:10:00Z	33.570670473864645	19.59	13.980670473864645
16	2025-06-12T06:20:00Z	34.070615507443755	19.59	14.480615507443755
16	2025-06-12T06:30:00Z	33.570670473864645	19.59	13.980670473864645
16	2025-06-12T06:40:00Z	33.070725440285536	20.091	12.979725440285534
16	2025-06-12T06:50:00Z	33.070725440285536	20.091	12.979725440285534
16	2025-06-12T07:00:00Z	32.570780406706426	20.091	12.479780406706425
16	2025-06-12T07:10:00Z	32.570780406706426	20.591	11.979780406706425
16	2025-06-12T07:20:00Z	32.070835373127316	20.591	11.479835373127315
16	2025-06-12T07:30:00Z	31.570890339548207	20.591	10.979890339548206
16	2025-06-12T07:40:00Z	31.070945305969097	21.092	9.978945305969098
16	2025-06-12T07:50:00Z	31.570890339548207	21.592	9.978890339548208
16	2025-06-12T08:00:00Z	31.570890339548207	21.592	9.978890339548208
16	2025-06-12T08:10:00Z	32.570780406706426	22.093	10.477780406706426
16	2025-06-12T08:20:00Z	33.070725440285536	22.593	10.477725440285536
16	2025-06-12T08:30:00Z	32.570780406706426	23.093	9.477780406706426
16	2025-06-12T08:40:00Z	31.570890339548207	24.094	7.476890339548206
16	2025-06-12T08:50:00Z	31.070945305969097	27.093	3.9779453059690972
16	2025-06-12T09:00:00Z	31.570890339548207	27.093	4.477890339548207
16	2025-06-12T09:10:00Z	31.570890339548207	28.592	2.978890339548208
16	2025-06-12T09:20:00Z	31.070945305969097	29.591	1.4799453059690961
16	2025-06-12T09:30:00Z	32.570780406706426	28.092	4.478780406706427
16	2025-06-12T09:40:00Z	33.070725440285536	27.593	5.4777254402855355
16	2025-06-12T09:50:00Z	33.070725440285536	26.094	6.976725440285534
16	2025-06-12T10:00:00Z	33.070725440285536	26.094	6.976725440285534
16	2025-06-12T10:10:00Z	32.570780406706426	26.094	6.476780406706425
16	2025-06-12T10:20:00Z	32.570780406706426	26.094	6.476780406706425
16	2025-06-12T10:30:00Z	32.070835373127316	26.094	5.976835373127315
16	2025-06-12T10:40:00Z	31.570890339548207	26.593	4.977890339548207
16	2025-06-12T10:50:00Z	31.570890339548207	27.093	4.477890339548207
16	2025-06-12T11:00:00Z	31.070945305969097	27.093	3.9779453059690972
16	2025-06-12T11:10:00Z	31.070945305969097	27.093	3.9779453059690972
16	2025-06-12T11:20:00Z	31.070945305969097	27.093	3.9779453059690972
16	2025-06-12T11:30:00Z	31.570890339548207	27.093	4.477890339548207
16	2025-06-12T11:40:00Z	31.570890339548207	27.593	3.977890339548207
16	2025-06-12T11:50:00Z	31.570890339548207	27.593	3.977890339548207
16	2025-06-12T12:00:00Z	31.570890339548207	27.593	3.977890339548207
16	2025-06-12T12:10:00Z	31.570890339548207	28.092	3.478890339548208
16	2025-06-12T12:20:00Z	31.570890339548207	28.092	3.478890339548208
16	2025-06-12T12:30:00Z	31.570890339548207	28.092	3.478890339548208
16	2025-06-12T12:40:00Z	31.570890339548207	28.092	3.478890339548208
16	2025-06-12T12:50:00Z	31.570890339548207	28.592	2.978890339548208
16	2025-06-12T13:00:00Z	31.570890339548207	28.592	2.978890339548208
16	2025-06-12T13:10:00Z	31.570890339548207	28.592	2.978890339548208
16	2025-06-12T13:20:00Z	32.070835373127316	28.592	3.4788353731273176
16	2025-06-12T13:30:00Z	32.070835373127316	28.592	3.4788353731273176
16	2025-06-12T13:40:00Z	32.070835373127316	28.592	3.4788353731273176
16	2025-06-12T13:50:00Z	32.570780406706426	28.592	3.978780406706427
16	2025-06-12T14:00:00Z	33.570670473864645	28.592	4.978670473864646
16	2025-06-12T14:10:00Z	34.570560541022864	28.592	5.9785605410228655
16	2025-06-12T14:20:00Z	35.07050557460198	29.091	5.97950557460198
16	2025-06-12T14:30:00Z	35.07050557460198	29.091	5.97950557460198
16	2025-06-12T14:40:00Z	35.07050557460198	29.091	5.97950557460198
16	2025-06-12T14:50:00Z	35.57045060818109	29.091	6.479450608181089
16	2025-06-12T15:00:00Z	36.57034067533931	29.091	7.479340675339309
16	2025-06-12T15:10:00Z	36.0703956417602	29.091	6.979395641760199
16	2025-06-12T15:20:00Z	35.57045060818109	29.091	6.479450608181089
16	2025-06-12T15:30:00Z	35.07050557460198	28.592	6.478505574601982
16	2025-06-12T15:40:00Z	36.57034067533931	29.091	7.479340675339309
16	2025-06-12T15:50:00Z	36.57034067533931	29.591	6.979340675339309
16	2025-06-12T16:00:00Z	36.57034067533931	29.091	7.479340675339309
16	2025-06-12T16:10:00Z	37.570230742497536	29.591	7.979230742497535
16	2025-06-12T16:20:00Z	36.57034067533931	29.591	6.979340675339309
16	2025-06-12T16:30:00Z	36.57034067533931	29.591	6.979340675339309
16	2025-06-12T16:40:00Z	36.57034067533931	29.091	7.479340675339309
16	2025-06-12T16:50:00Z	36.0703956417602	29.091	6.979395641760199
16	2025-06-12T17:00:00Z	36.0703956417602	29.091	6.979395641760199
16	2025-06-12T17:10:00Z	36.0703956417602	29.091	6.979395641760199
16	2025-06-12T17:20:00Z	36.57034067533931	29.091	7.479340675339309
16	2025-06-12T17:30:00Z	36.57034067533931	29.091	7.479340675339309
16	2025-06-12T17:40:00Z	36.57034067533931	28.592	7.978340675339311
16	2025-06-12T17:50:00Z	36.57034067533931	28.592	7.978340675339311
16	2025-06-12T18:00:00Z	35.57045060818109	28.592	6.978450608181092
16	2025-06-12T18:10:00Z	35.07050557460198	28.592	6.478505574601982
16	2025-06-12T18:20:00Z	35.07050557460198	28.092	6.978505574601982
16	2025-06-12T18:30:00Z	34.570560541022864	28.092	6.4785605410228655
16	2025-06-12T18:40:00Z	34.570560541022864	27.593	6.977560541022864
16	2025-06-12T18:50:00Z	34.570560541022864	27.093	7.477560541022864
16	2025-06-12T19:00:00Z	34.070615507443755	26.593	7.477615507443755
16	2025-06-12T19:10:00Z	34.070615507443755	26.094	7.9766155074437535
16	2025-06-12T19:20:00Z	34.070615507443755	26.094	7.9766155074437535
16	2025-06-12T19:30:00Z	35.57045060818109	25.594	9.97645060818109
16	2025-06-12T19:40:00Z	36.0703956417602	25.594	10.476395641760199
16	2025-06-12T19:50:00Z	35.07050557460198	25.594	9.47650557460198
16	2025-06-12T20:00:00Z	34.570560541022864	25.594	8.976560541022863
16	2025-06-12T20:10:00Z	35.57045060818109	25.094	10.47645060818109
16	2025-06-12T20:20:00Z	35.57045060818109	24.594	10.97645060818109
16	2025-06-12T20:30:00Z	36.0703956417602	24.094	11.976395641760199
16	2025-06-12T20:40:00Z	34.570560541022864	24.094	10.476560541022863
16	2025-06-12T20:50:00Z	34.070615507443755	24.094	9.976615507443753
16	2025-06-12T21:00:00Z	34.070615507443755	24.094	9.976615507443753
16	2025-06-12T21:10:00Z	32.570780406706426	24.094	8.476780406706425
16	2025-06-12T21:20:00Z	32.570780406706426	24.094	8.476780406706425
16	2025-06-12T21:30:00Z	33.570670473864645	23.594	9.976670473864644
16	2025-06-12T21:40:00Z	35.57045060818109	23.594	11.97645060818109
16	2025-06-12T21:50:00Z	36.0703956417602	23.093	12.9773956417602
16	2025-06-12T22:00:00Z	36.0703956417602	23.093	12.9773956417602
16	2025-06-12T22:10:00Z	34.070615507443755	23.594	10.476615507443753
16	2025-06-12T22:20:00Z	34.070615507443755	23.594	10.476615507443753
16	2025-06-12T22:30:00Z	33.070725440285536	23.594	9.476725440285534
16	2025-06-12T22:40:00Z	33.570670473864645	23.093	10.477670473864645
16	2025-06-12T22:50:00Z	33.570670473864645	23.093	10.477670473864645
16	2025-06-12T23:00:00Z	33.570670473864645	23.093	10.477670473864645
16	2025-06-12T23:10:00Z	33.070725440285536	22.593	10.477725440285536
16	2025-06-12T23:20:00Z	34.070615507443755	22.593	11.477615507443755
16	2025-06-12T23:30:00Z	34.070615507443755	23.093	10.977615507443755
16	2025-06-12T23:40:00Z	35.07050557460198	23.093	11.977505574601981
16	2025-06-12T23:50:00Z	34.570560541022864	23.093	11.477560541022864
16	2025-06-13T00:00:00Z	34.070615507443755	23.093	10.977615507443755
41	2025-06-03T19:20:00Z	34.40359039018572	23.594	10.809590390185718
41	2025-06-03T19:30:00Z	35.9151098994718	23.594	12.3211098994718
41	2025-06-03T19:40:00Z	36.92278957232919	23.594	13.328789572329185
41	2025-06-03T19:50:00Z	37.93046924518657	23.594	14.33646924518657
41	2025-06-03T20:00:00Z	35.411270063043105	23.093	12.318270063043105
41	2025-06-03T20:10:00Z	35.9151098994718	23.093	12.822109899471801
41	2025-06-03T20:20:00Z	35.9151098994718	23.093	12.822109899471801
41	2025-06-03T20:30:00Z	37.426629408757876	22.593	14.833629408757876
41	2025-06-03T20:40:00Z	37.93046924518657	22.593	15.337469245186572
41	2025-06-03T20:50:00Z	37.426629408757876	22.593	14.833629408757876
41	2025-06-03T21:00:00Z	36.92278957232919	22.593	14.329789572329187
41	2025-06-03T21:10:00Z	35.9151098994718	22.593	13.322109899471801
41	2025-06-03T21:20:00Z	35.411270063043105	22.593	12.818270063043105
41	2025-06-03T21:30:00Z	35.411270063043105	22.593	12.818270063043105
41	2025-06-03T21:40:00Z	36.92278957232919	22.593	14.329789572329187
41	2025-06-03T21:50:00Z	34.907430226614416	22.593	12.314430226614416
41	2025-06-03T22:00:00Z	35.411270063043105	22.093	13.318270063043105
41	2025-06-03T22:10:00Z	35.411270063043105	22.093	13.318270063043105
41	2025-06-03T22:20:00Z	36.41894973590049	22.093	14.32594973590049
41	2025-06-03T22:30:00Z	36.92278957232919	22.093	14.829789572329187
41	2025-06-03T22:40:00Z	36.41894973590049	22.093	14.32594973590049
41	2025-06-03T22:50:00Z	35.411270063043105	21.592	13.819270063043106
41	2025-06-03T23:00:00Z	34.907430226614416	21.592	13.315430226614417
41	2025-06-03T23:10:00Z	35.9151098994718	21.592	14.323109899471802
41	2025-06-03T23:20:00Z	36.41894973590049	21.092	15.326949735900492
41	2025-06-03T23:30:00Z	34.907430226614416	21.092	13.815430226614417
41	2025-06-03T23:40:00Z	35.9151098994718	21.092	14.823109899471802
41	2025-06-03T23:50:00Z	35.411270063043105	21.092	14.319270063043106
41	2025-06-04T00:00:00Z	35.411270063043105	21.092	14.319270063043106
41	2025-06-04T00:10:00Z	34.907430226614416	21.092	13.815430226614417
41	2025-06-04T00:20:00Z	36.41894973590049	20.591	15.82794973590049
41	2025-06-04T00:30:00Z	35.9151098994718	20.591	15.3241098994718
41	2025-06-04T00:40:00Z	34.907430226614416	20.591	14.316430226614415
41	2025-06-04T00:50:00Z	35.411270063043105	20.591	14.820270063043104
41	2025-06-04T01:00:00Z	34.40359039018572	20.591	13.812590390185719
41	2025-06-04T01:10:00Z	35.9151098994718	20.591	15.3241098994718
41	2025-06-04T01:20:00Z	36.92278957232919	20.591	16.331789572329185
41	2025-06-04T01:30:00Z	35.9151098994718	20.591	15.3241098994718
41	2025-06-04T01:40:00Z	35.9151098994718	20.591	15.3241098994718
41	2025-06-04T01:50:00Z	34.907430226614416	20.591	14.316430226614415
41	2025-06-04T02:00:00Z	34.40359039018572	20.591	13.812590390185719
41	2025-06-04T02:10:00Z	33.89975055375703	20.591	13.30875055375703
41	2025-06-04T02:20:00Z	35.411270063043105	20.591	14.820270063043104
41	2025-06-04T02:30:00Z	35.9151098994718	20.591	15.3241098994718
41	2025-06-04T02:40:00Z	35.9151098994718	20.591	15.3241098994718
41	2025-06-04T02:50:00Z	35.411270063043105	20.591	14.820270063043104
41	2025-06-04T03:00:00Z	34.907430226614416	20.591	14.316430226614415
41	2025-06-04T03:10:00Z	34.907430226614416	20.591	14.316430226614415
41	2025-06-04T03:20:00Z	34.907430226614416	20.591	14.316430226614415
41	2025-06-04T03:30:00Z	34.907430226614416	20.591	14.316430226614415
41	2025-06-04T03:40:00Z	34.907430226614416	20.591	14.316430226614415
41	2025-06-04T03:50:00Z	35.9151098994718	20.591	15.3241098994718
41	2025-06-04T04:00:00Z	33.89975055375703	20.591	13.30875055375703
41	2025-06-04T04:10:00Z	33.395910717328334	20.591	12.804910717328333
41	2025-06-04T04:20:00Z	36.41894973590049	20.591	15.82794973590049
41	2025-06-04T04:30:00Z	36.92278957232919	20.591	16.331789572329185
41	2025-06-04T04:40:00Z	36.41894973590049	20.591	15.82794973590049
41	2025-06-04T04:50:00Z	36.41894973590049	20.591	15.82794973590049
41	2025-06-04T05:00:00Z	35.9151098994718	20.591	15.3241098994718
41	2025-06-04T05:10:00Z	35.9151098994718	20.591	15.3241098994718
41	2025-06-04T05:20:00Z	35.9151098994718	20.591	15.3241098994718
41	2025-06-04T05:30:00Z	35.9151098994718	20.591	15.3241098994718
41	2025-06-04T05:40:00Z	36.41894973590049	20.591	15.82794973590049
41	2025-06-04T05:50:00Z	35.411270063043105	20.591	14.820270063043104
41	2025-06-04T06:00:00Z	34.907430226614416	20.591	14.316430226614415
41	2025-06-04T06:10:00Z	34.907430226614416	20.591	14.316430226614415
41	2025-06-04T06:20:00Z	34.907430226614416	20.591	14.316430226614415
41	2025-06-04T06:30:00Z	34.40359039018572	20.591	13.812590390185719
41	2025-06-04T06:40:00Z	34.40359039018572	20.591	13.812590390185719
41	2025-06-04T06:50:00Z	33.89975055375703	20.591	13.30875055375703
41	2025-06-04T07:00:00Z	33.89975055375703	20.591	13.30875055375703
41	2025-06-04T07:10:00Z	33.395910717328334	20.591	12.804910717328333
41	2025-06-04T07:20:00Z	32.89207088089964	20.591	12.301070880899637
41	2025-06-04T07:30:00Z	32.38823104447095	20.591	11.797231044470948
41	2025-06-04T07:40:00Z	33.395910717328334	20.591	12.804910717328333
41	2025-06-04T07:50:00Z	32.89207088089964	21.092	11.80007088089964
41	2025-06-04T08:00:00Z	32.89207088089964	21.092	11.80007088089964
41	2025-06-04T08:10:00Z	32.89207088089964	21.592	11.30007088089964
41	2025-06-04T08:20:00Z	32.38823104447095	22.093	10.295231044470949
41	2025-06-04T08:30:00Z	32.38823104447095	23.594	8.794231044470948
41	2025-06-04T08:40:00Z	31.884391208042256	25.094	6.790391208042255
41	2025-06-04T08:50:00Z	33.89975055375703	25.094	8.80575055375703
41	2025-06-04T09:00:00Z	34.907430226614416	25.094	9.813430226614415
41	2025-06-04T09:10:00Z	34.907430226614416	28.592	6.315430226614417
41	2025-06-04T09:20:00Z	33.89975055375703	28.592	5.307750553757032
41	2025-06-04T09:30:00Z	33.89975055375703	29.591	4.308750553757029
41	2025-06-04T09:40:00Z	33.395910717328334	28.592	4.8039107173283355
41	2025-06-04T09:50:00Z	33.395910717328334	26.593	6.802910717328334
41	2025-06-04T10:00:00Z	32.89207088089964	26.593	6.299070880899638
41	2025-06-04T10:10:00Z	32.38823104447095	26.094	6.294231044470948
41	2025-06-04T10:20:00Z	32.38823104447095	26.094	6.294231044470948
41	2025-06-04T10:30:00Z	31.884391208042256	26.593	5.291391208042256
41	2025-06-04T10:40:00Z	32.89207088089964	26.593	6.299070880899638
41	2025-06-04T10:50:00Z	32.38823104447095	26.094	6.294231044470948
41	2025-06-04T11:00:00Z	31.884391208042256	26.094	5.790391208042255
41	2025-06-04T11:10:00Z	31.884391208042256	27.093	4.791391208042256
41	2025-06-04T11:20:00Z	31.884391208042256	27.093	4.791391208042256
41	2025-06-04T11:30:00Z	31.884391208042256	27.093	4.791391208042256
41	2025-06-04T11:40:00Z	31.884391208042256	26.593	5.291391208042256
41	2025-06-04T11:50:00Z	31.884391208042256	26.593	5.291391208042256
41	2025-06-04T12:00:00Z	33.395910717328334	26.593	6.802910717328334
41	2025-06-04T12:10:00Z	32.38823104447095	27.093	5.295231044470949
41	2025-06-04T12:20:00Z	33.89975055375703	27.093	6.8067505537570305
41	2025-06-04T12:30:00Z	34.907430226614416	27.093	7.814430226614416
41	2025-06-04T12:40:00Z	34.907430226614416	27.093	7.814430226614416
41	2025-06-04T12:50:00Z	34.40359039018572	27.093	7.31059039018572
41	2025-06-04T13:00:00Z	33.89975055375703	27.093	6.8067505537570305
41	2025-06-04T13:10:00Z	34.907430226614416	27.093	7.814430226614416
41	2025-06-04T13:20:00Z	34.40359039018572	26.593	7.81059039018572
41	2025-06-04T13:30:00Z	33.89975055375703	27.093	6.8067505537570305
41	2025-06-04T13:40:00Z	34.907430226614416	27.093	7.814430226614416
41	2025-06-04T13:50:00Z	34.907430226614416	27.093	7.814430226614416
41	2025-06-04T14:00:00Z	36.41894973590049	27.093	9.32594973590049
41	2025-06-04T14:10:00Z	35.9151098994718	27.093	8.822109899471801
41	2025-06-04T14:20:00Z	35.9151098994718	27.093	8.822109899471801
41	2025-06-04T14:30:00Z	35.411270063043105	27.093	8.318270063043105
41	2025-06-04T14:40:00Z	35.9151098994718	27.093	8.822109899471801
41	2025-06-04T14:50:00Z	35.9151098994718	27.093	8.822109899471801
41	2025-06-04T15:00:00Z	35.411270063043105	27.093	8.318270063043105
41	2025-06-04T15:10:00Z	35.411270063043105	27.593	7.818270063043105
41	2025-06-04T15:20:00Z	36.41894973590049	27.093	9.32594973590049
41	2025-06-04T15:30:00Z	35.9151098994718	27.593	8.322109899471801
41	2025-06-04T15:40:00Z	35.411270063043105	27.593	7.818270063043105
41	2025-06-04T15:50:00Z	35.411270063043105	27.593	7.818270063043105
41	2025-06-04T16:00:00Z	35.411270063043105	27.593	7.818270063043105
41	2025-06-04T16:10:00Z	35.411270063043105	27.093	8.318270063043105
41	2025-06-04T16:20:00Z	35.411270063043105	28.092	7.319270063043106
41	2025-06-04T16:30:00Z	36.41894973590049	27.593	8.82594973590049
41	2025-06-04T16:40:00Z	36.41894973590049	27.093	9.32594973590049
41	2025-06-04T16:50:00Z	36.92278957232919	27.093	9.829789572329187
41	2025-06-04T17:00:00Z	36.92278957232919	27.093	9.829789572329187
41	2025-06-04T17:10:00Z	36.41894973590049	27.093	9.32594973590049
41	2025-06-04T17:20:00Z	35.9151098994718	27.093	8.822109899471801
41	2025-06-04T17:30:00Z	35.411270063043105	26.593	8.818270063043105
41	2025-06-04T17:40:00Z	34.907430226614416	26.593	8.314430226614416
41	2025-06-04T17:50:00Z	35.411270063043105	26.593	8.818270063043105
41	2025-06-04T18:00:00Z	35.411270063043105	26.593	8.818270063043105
41	2025-06-04T18:10:00Z	35.411270063043105	25.594	9.817270063043104
41	2025-06-04T18:20:00Z	34.907430226614416	25.094	9.813430226614415
41	2025-06-04T18:30:00Z	34.907430226614416	25.094	9.813430226614415
41	2025-06-04T18:40:00Z	34.40359039018572	24.594	9.809590390185718
41	2025-06-04T18:50:00Z	34.907430226614416	24.094	10.813430226614415
41	2025-06-04T19:00:00Z	34.907430226614416	24.094	10.813430226614415
41	2025-06-04T19:10:00Z	34.40359039018572	23.594	10.809590390185718
41	2025-06-04T19:20:00Z	34.40359039018572	23.594	10.809590390185718
41	2025-06-04T19:30:00Z	36.41894973590049	24.094	12.32494973590049
41	2025-06-04T19:40:00Z	36.41894973590049	23.594	12.82494973590049
41	2025-06-04T19:50:00Z	35.9151098994718	23.594	12.3211098994718
41	2025-06-04T20:00:00Z	36.41894973590049	23.093	13.32594973590049
41	2025-06-04T20:10:00Z	35.9151098994718	23.093	12.822109899471801
41	2025-06-04T20:20:00Z	38.93814891804396	23.093	15.845148918043957
41	2025-06-04T20:30:00Z	36.41894973590049	22.593	13.82594973590049
41	2025-06-04T20:40:00Z	37.426629408757876	22.593	14.833629408757876
41	2025-06-04T20:50:00Z	36.92278957232919	22.593	14.329789572329187
41	2025-06-04T21:00:00Z	37.426629408757876	22.093	15.333629408757876
41	2025-06-04T21:10:00Z	36.92278957232919	22.593	14.329789572329187
41	2025-06-04T21:20:00Z	36.41894973590049	22.593	13.82594973590049
41	2025-06-04T21:30:00Z	36.41894973590049	22.093	14.32594973590049
41	2025-06-04T21:40:00Z	36.92278957232919	22.093	14.829789572329187
41	2025-06-04T21:50:00Z	35.411270063043105	22.093	13.318270063043105
41	2025-06-04T22:00:00Z	34.40359039018572	22.093	12.31059039018572
41	2025-06-04T22:10:00Z	34.907430226614416	22.093	12.814430226614416
41	2025-06-04T22:20:00Z	34.907430226614416	21.592	13.315430226614417
41	2025-06-04T22:30:00Z	37.426629408757876	21.592	15.834629408757877
41	2025-06-04T22:40:00Z	36.92278957232919	21.592	15.330789572329188
41	2025-06-04T22:50:00Z	35.9151098994718	21.592	14.323109899471802
41	2025-06-04T23:00:00Z	35.411270063043105	21.592	13.819270063043106
41	2025-06-04T23:10:00Z	36.41894973590049	21.592	14.826949735900492
41	2025-06-04T23:20:00Z	34.40359039018572	21.592	12.81159039018572
41	2025-06-04T23:30:00Z	34.40359039018572	21.592	12.81159039018572
41	2025-06-04T23:40:00Z	35.411270063043105	21.592	13.819270063043106
41	2025-06-04T23:50:00Z	34.907430226614416	21.592	13.315430226614417
41	2025-06-05T00:00:00Z	35.411270063043105	21.592	13.819270063043106
41	2025-06-05T00:10:00Z	36.41894973590049	21.092	15.326949735900492
41	2025-06-05T00:20:00Z	35.9151098994718	21.092	14.823109899471802
41	2025-06-05T00:30:00Z	33.89975055375703	21.092	12.807750553757032
41	2025-06-05T00:40:00Z	35.9151098994718	21.092	14.823109899471802
41	2025-06-05T00:50:00Z	35.411270063043105	21.092	14.319270063043106
41	2025-06-05T01:00:00Z	34.907430226614416	21.092	13.815430226614417
41	2025-06-05T01:10:00Z	34.40359039018572	21.092	13.31159039018572
41	2025-06-05T01:20:00Z	36.92278957232919	21.092	15.830789572329188
41	2025-06-05T01:30:00Z	36.41894973590049	21.092	15.326949735900492
41	2025-06-05T01:40:00Z	35.411270063043105	20.591	14.820270063043104
41	2025-06-05T01:50:00Z	33.395910717328334	19.089	14.306910717328336
41	2025-06-05T02:00:00Z	35.9151098994718	18.589	17.326109899471803
41	2025-06-05T02:10:00Z	35.411270063043105	18.589	16.822270063043106
41	2025-06-05T02:20:00Z	35.9151098994718	18.589	17.326109899471803
41	2025-06-05T02:30:00Z	35.411270063043105	18.589	16.822270063043106
41	2025-06-05T02:40:00Z	33.89975055375703	18.589	15.310750553757032
41	2025-06-05T02:50:00Z	33.395910717328334	18.589	14.806910717328336
41	2025-06-05T03:00:00Z	33.395910717328334	18.589	14.806910717328336
41	2025-06-05T03:10:00Z	34.40359039018572	19.089	15.314590390185721
41	2025-06-05T03:20:00Z	33.395910717328334	19.089	14.306910717328336
41	2025-06-05T03:30:00Z	36.41894973590049	19.59	16.82894973590049
41	2025-06-05T03:40:00Z	36.41894973590049	19.089	17.32994973590049
41	2025-06-05T03:50:00Z	35.411270063043105	19.59	15.821270063043105
41	2025-06-05T04:00:00Z	33.89975055375703	19.089	14.810750553757032
41	2025-06-05T04:10:00Z	34.40359039018572	19.089	15.314590390185721
41	2025-06-05T04:20:00Z	36.92278957232919	19.59	17.332789572329187
41	2025-06-05T04:30:00Z	33.89975055375703	19.59	14.30975055375703
41	2025-06-05T04:40:00Z	36.41894973590049	19.59	16.82894973590049
41	2025-06-05T04:50:00Z	35.411270063043105	19.59	15.821270063043105
41	2025-06-05T05:00:00Z	35.411270063043105	19.59	15.821270063043105
41	2025-06-05T05:10:00Z	35.411270063043105	19.59	15.821270063043105
41	2025-06-05T05:20:00Z	35.9151098994718	19.089	16.826109899471803
41	2025-06-05T05:30:00Z	35.411270063043105	19.089	16.322270063043106
41	2025-06-05T05:40:00Z	34.40359039018572	19.089	15.314590390185721
41	2025-06-05T05:50:00Z	33.89975055375703	19.089	14.810750553757032
41	2025-06-05T06:00:00Z	33.395910717328334	19.089	14.306910717328336
41	2025-06-05T06:10:00Z	33.395910717328334	19.089	14.306910717328336
41	2025-06-05T06:20:00Z	32.89207088089964	18.589	14.30307088089964
41	2025-06-05T06:30:00Z	32.38823104447095	19.089	13.29923104447095
41	2025-06-05T06:40:00Z	32.38823104447095	19.089	13.29923104447095
41	2025-06-05T06:50:00Z	31.884391208042256	19.089	12.795391208042258
41	2025-06-05T07:00:00Z	31.380551371613564	19.089	12.291551371613565
41	2025-06-05T07:10:00Z	31.380551371613564	19.089	12.291551371613565
41	2025-06-05T07:20:00Z	31.380551371613564	19.59	11.790551371613564
41	2025-06-05T07:30:00Z	30.876711535184867	19.59	11.286711535184867
41	2025-06-05T07:40:00Z	30.372871698756175	19.59	10.782871698756175
41	2025-06-05T07:50:00Z	29.869031862327482	20.091	9.778031862327481
41	2025-06-05T08:00:00Z	29.869031862327482	20.091	9.778031862327481
41	2025-06-05T08:10:00Z	29.36519202589879	20.091	9.274192025898788
41	2025-06-05T08:20:00Z	28.861352189470097	20.591	8.270352189470096
41	2025-06-05T08:30:00Z	29.36519202589879	20.591	8.774192025898788
41	2025-06-05T08:40:00Z	29.36519202589879	20.591	8.774192025898788
41	2025-06-05T08:50:00Z	28.861352189470097	21.092	7.769352189470098
41	2025-06-05T09:00:00Z	28.357512353041404	21.592	6.765512353041405
41	2025-06-05T09:10:00Z	27.85367251661271	22.093	5.760672516612711
41	2025-06-05T09:20:00Z	27.85367251661271	22.593	5.260672516612711
41	2025-06-05T09:30:00Z	27.34983268018402	23.093	4.256832680184019
41	2025-06-05T09:40:00Z	27.34983268018402	23.594	3.7558326801840174
41	2025-06-05T09:50:00Z	26.845992843755322	24.094	2.751992843755321
41	2025-06-05T10:00:00Z	26.845992843755322	24.094	2.751992843755321
41	2025-06-05T10:10:00Z	26.845992843755322	24.594	2.251992843755321
41	2025-06-05T10:20:00Z	26.845992843755322	24.594	2.251992843755321
41	2025-06-05T10:30:00Z	26.845992843755322	25.094	1.7519928437553212
41	2025-06-05T10:40:00Z	26.845992843755322	25.094	1.7519928437553212
41	2025-06-05T10:50:00Z	26.34215300732663	25.094	1.2481530073266285
41	2025-06-05T11:00:00Z	26.845992843755322	25.594	1.2519928437553212
41	2025-06-05T11:10:00Z	26.34215300732663	25.594	0.7481530073266285
41	2025-06-05T11:20:00Z	26.34215300732663	25.594	0.7481530073266285
41	2025-06-05T11:30:00Z	26.34215300732663	26.094	0.24815300732662848
41	2025-06-05T11:40:00Z	26.34215300732663	25.594	0.7481530073266285
41	2025-06-05T11:50:00Z	27.34983268018402	26.094	1.2558326801840174
41	2025-06-05T12:00:00Z	27.34983268018402	26.094	1.2558326801840174
41	2025-06-05T12:10:00Z	27.34983268018402	26.094	1.2558326801840174
41	2025-06-05T12:20:00Z	27.85367251661271	26.094	1.75967251661271
41	2025-06-05T12:30:00Z	27.85367251661271	26.094	1.75967251661271
41	2025-06-05T12:40:00Z	28.861352189470097	26.094	2.7673521894700954
41	2025-06-05T12:50:00Z	28.861352189470097	26.094	2.7673521894700954
41	2025-06-05T13:00:00Z	28.861352189470097	26.094	2.7673521894700954
41	2025-06-05T13:10:00Z	28.861352189470097	26.094	2.7673521894700954
41	2025-06-05T13:20:00Z	28.861352189470097	26.094	2.7673521894700954
41	2025-06-05T13:30:00Z	28.861352189470097	26.094	2.7673521894700954
41	2025-06-05T13:40:00Z	29.869031862327482	26.593	3.276031862327482
41	2025-06-05T13:50:00Z	32.38823104447095	26.593	5.795231044470949
41	2025-06-05T14:00:00Z	31.884391208042256	26.593	5.291391208042256
41	2025-06-05T14:10:00Z	31.884391208042256	26.593	5.291391208042256
41	2025-06-05T14:20:00Z	32.38823104447095	26.593	5.795231044470949
41	2025-06-05T14:30:00Z	33.395910717328334	26.593	6.802910717328334
41	2025-06-05T14:40:00Z	34.40359039018572	27.093	7.31059039018572
41	2025-06-05T14:50:00Z	35.411270063043105	27.093	8.318270063043105
41	2025-06-05T15:00:00Z	34.907430226614416	26.593	8.314430226614416
41	2025-06-05T15:10:00Z	36.92278957232919	27.093	9.829789572329187
41	2025-06-05T15:20:00Z	36.41894973590049	27.093	9.32594973590049
41	2025-06-05T15:30:00Z	35.411270063043105	27.093	8.318270063043105
41	2025-06-05T15:40:00Z	35.9151098994718	27.093	8.822109899471801
41	2025-06-05T15:50:00Z	35.9151098994718	27.093	8.822109899471801
41	2025-06-05T16:00:00Z	35.9151098994718	27.093	8.822109899471801
41	2025-06-05T16:10:00Z	35.9151098994718	27.093	8.822109899471801
41	2025-06-05T16:20:00Z	35.411270063043105	26.593	8.818270063043105
41	2025-06-05T16:30:00Z	35.411270063043105	26.593	8.818270063043105
41	2025-06-05T16:40:00Z	35.9151098994718	26.593	9.322109899471801
41	2025-06-05T16:50:00Z	35.9151098994718	27.093	8.822109899471801
41	2025-06-05T17:00:00Z	34.907430226614416	26.593	8.314430226614416
41	2025-06-05T17:10:00Z	34.907430226614416	26.593	8.314430226614416
41	2025-06-05T17:20:00Z	34.907430226614416	26.593	8.314430226614416
41	2025-06-05T17:30:00Z	34.907430226614416	26.593	8.314430226614416
41	2025-06-05T17:40:00Z	35.411270063043105	26.094	9.317270063043104
41	2025-06-05T17:50:00Z	36.92278957232919	26.094	10.828789572329185
41	2025-06-05T18:00:00Z	36.92278957232919	26.094	10.828789572329185
41	2025-06-05T18:10:00Z	35.411270063043105	25.594	9.817270063043104
41	2025-06-05T18:20:00Z	34.40359039018572	25.594	8.809590390185718
41	2025-06-05T18:30:00Z	34.40359039018572	25.594	8.809590390185718
41	2025-06-05T18:40:00Z	34.907430226614416	25.094	9.813430226614415
41	2025-06-05T18:50:00Z	35.411270063043105	24.594	10.817270063043104
41	2025-06-05T19:00:00Z	35.9151098994718	24.594	11.3211098994718
41	2025-06-05T19:10:00Z	34.907430226614416	24.094	10.813430226614415
41	2025-06-05T19:20:00Z	34.907430226614416	24.094	10.813430226614415
41	2025-06-05T19:30:00Z	35.411270063043105	24.094	11.317270063043104
41	2025-06-05T19:40:00Z	36.41894973590049	24.094	12.32494973590049
41	2025-06-05T19:50:00Z	35.411270063043105	23.594	11.817270063043104
41	2025-06-05T20:00:00Z	37.426629408757876	23.594	13.832629408757875
41	2025-06-05T20:10:00Z	37.426629408757876	23.594	13.832629408757875
41	2025-06-05T20:20:00Z	36.92278957232919	23.594	13.328789572329185
41	2025-06-05T20:30:00Z	36.92278957232919	23.093	13.829789572329187
41	2025-06-05T20:40:00Z	37.93046924518657	23.093	14.837469245186572
41	2025-06-05T20:50:00Z	37.426629408757876	23.093	14.333629408757876
41	2025-06-05T21:00:00Z	36.92278957232919	22.593	14.329789572329187
41	2025-06-05T21:10:00Z	36.41894973590049	22.593	13.82594973590049
41	2025-06-05T21:20:00Z	36.41894973590049	22.593	13.82594973590049
41	2025-06-05T21:30:00Z	35.411270063043105	22.593	12.818270063043105
41	2025-06-05T21:40:00Z	33.89975055375703	22.593	11.30675055375703
41	2025-06-05T21:50:00Z	35.9151098994718	22.093	13.822109899471801
41	2025-06-05T22:00:00Z	34.907430226614416	22.093	12.814430226614416
41	2025-06-05T22:10:00Z	34.907430226614416	22.093	12.814430226614416
41	2025-06-05T22:20:00Z	34.907430226614416	22.093	12.814430226614416
41	2025-06-05T22:30:00Z	33.89975055375703	22.093	11.80675055375703
41	2025-06-05T22:40:00Z	33.89975055375703	21.592	12.307750553757032
41	2025-06-05T22:50:00Z	33.395910717328334	21.592	11.803910717328336
41	2025-06-05T23:00:00Z	34.907430226614416	21.592	13.315430226614417
41	2025-06-05T23:10:00Z	36.41894973590049	21.592	14.826949735900492
41	2025-06-05T23:20:00Z	35.9151098994718	21.592	14.323109899471802
41	2025-06-05T23:30:00Z	35.9151098994718	21.592	14.323109899471802
41	2025-06-05T23:40:00Z	35.9151098994718	21.592	14.323109899471802
41	2025-06-05T23:50:00Z	34.907430226614416	21.592	13.315430226614417
41	2025-06-06T00:00:00Z	33.89975055375703	21.592	12.307750553757032
41	2025-06-06T00:10:00Z	35.9151098994718	21.592	14.323109899471802
41	2025-06-06T00:20:00Z	35.9151098994718	21.592	14.323109899471802
41	2025-06-06T00:30:00Z	35.411270063043105	21.592	13.819270063043106
41	2025-06-06T00:40:00Z	34.907430226614416	21.592	13.315430226614417
41	2025-06-06T00:50:00Z	34.907430226614416	21.092	13.815430226614417
41	2025-06-06T01:00:00Z	34.907430226614416	21.092	13.815430226614417
41	2025-06-06T01:10:00Z	33.89975055375703	21.592	12.307750553757032
41	2025-06-06T01:20:00Z	33.89975055375703	21.092	12.807750553757032
41	2025-06-06T01:30:00Z	33.89975055375703	21.092	12.807750553757032
41	2025-06-06T01:40:00Z	33.89975055375703	21.092	12.807750553757032
41	2025-06-06T01:50:00Z	35.9151098994718	21.092	14.823109899471802
41	2025-06-06T02:00:00Z	34.40359039018572	21.092	13.31159039018572
41	2025-06-06T02:10:00Z	34.40359039018572	20.591	13.812590390185719
41	2025-06-06T02:20:00Z	34.907430226614416	20.591	14.316430226614415
41	2025-06-06T02:30:00Z	34.907430226614416	20.591	14.316430226614415
41	2025-06-06T02:40:00Z	34.907430226614416	20.091	14.816430226614415
41	2025-06-06T02:50:00Z	34.40359039018572	20.091	14.312590390185719
41	2025-06-06T03:00:00Z	34.40359039018572	20.091	14.312590390185719
41	2025-06-06T03:10:00Z	34.40359039018572	20.591	13.812590390185719
41	2025-06-06T03:20:00Z	33.395910717328334	20.591	12.804910717328333
41	2025-06-06T03:30:00Z	35.411270063043105	20.091	15.320270063043104
41	2025-06-06T03:40:00Z	34.40359039018572	20.091	14.312590390185719
41	2025-06-06T03:50:00Z	34.40359039018572	20.591	13.812590390185719
41	2025-06-06T04:00:00Z	34.907430226614416	20.091	14.816430226614415
41	2025-06-06T04:10:00Z	34.40359039018572	19.59	14.81359039018572
41	2025-06-06T04:20:00Z	36.41894973590049	20.091	16.32794973590049
41	2025-06-06T04:30:00Z	35.411270063043105	20.091	15.320270063043104
41	2025-06-06T04:40:00Z	33.89975055375703	20.091	13.80875055375703
41	2025-06-06T04:50:00Z	35.9151098994718	20.091	15.8241098994718
41	2025-06-06T05:00:00Z	35.411270063043105	20.091	15.320270063043104
41	2025-06-06T05:10:00Z	34.907430226614416	20.091	14.816430226614415
41	2025-06-06T05:20:00Z	34.907430226614416	19.59	15.317430226614416
41	2025-06-06T05:30:00Z	34.907430226614416	20.091	14.816430226614415
41	2025-06-06T05:40:00Z	35.9151098994718	20.091	15.8241098994718
41	2025-06-06T05:50:00Z	35.9151098994718	19.59	16.3251098994718
41	2025-06-06T06:00:00Z	35.411270063043105	19.59	15.821270063043105
41	2025-06-06T06:10:00Z	34.40359039018572	19.59	14.81359039018572
41	2025-06-06T06:20:00Z	34.907430226614416	19.59	15.317430226614416
41	2025-06-06T06:30:00Z	34.907430226614416	19.59	15.317430226614416
41	2025-06-06T06:40:00Z	33.89975055375703	19.59	14.30975055375703
41	2025-06-06T06:50:00Z	34.40359039018572	19.59	14.81359039018572
41	2025-06-06T07:00:00Z	33.89975055375703	19.59	14.30975055375703
41	2025-06-06T07:10:00Z	33.89975055375703	19.59	14.30975055375703
41	2025-06-06T07:20:00Z	33.89975055375703	20.591	13.30875055375703
41	2025-06-06T07:30:00Z	33.395910717328334	21.592	11.803910717328336
41	2025-06-06T07:40:00Z	32.89207088089964	23.093	9.799070880899638
41	2025-06-06T07:50:00Z	33.395910717328334	24.094	9.301910717328333
41	2025-06-06T08:00:00Z	33.395910717328334	25.094	8.301910717328333
41	2025-06-06T08:10:00Z	32.89207088089964	26.593	6.299070880899638
41	2025-06-06T08:20:00Z	32.89207088089964	26.094	6.798070880899637
41	2025-06-06T08:30:00Z	33.395910717328334	27.093	6.302910717328334
41	2025-06-06T08:40:00Z	33.395910717328334	27.593	5.802910717328334
41	2025-06-06T08:50:00Z	33.395910717328334	27.593	5.802910717328334
41	2025-06-06T09:00:00Z	33.395910717328334	25.094	8.301910717328333
41	2025-06-06T09:10:00Z	32.89207088089964	27.093	5.799070880899638
41	2025-06-06T09:20:00Z	32.38823104447095	27.593	4.795231044470949
41	2025-06-06T09:30:00Z	32.89207088089964	28.092	4.800070880899639
41	2025-06-06T09:40:00Z	32.89207088089964	27.093	5.799070880899638
41	2025-06-06T09:50:00Z	32.89207088089964	25.594	7.298070880899637
41	2025-06-06T10:00:00Z	32.89207088089964	25.594	7.298070880899637
41	2025-06-06T10:10:00Z	32.38823104447095	26.094	6.294231044470948
41	2025-06-06T10:20:00Z	32.38823104447095	26.094	6.294231044470948
41	2025-06-06T10:30:00Z	32.38823104447095	26.094	6.294231044470948
41	2025-06-06T10:40:00Z	31.884391208042256	26.593	5.291391208042256
41	2025-06-06T10:50:00Z	31.884391208042256	26.593	5.291391208042256
41	2025-06-06T11:00:00Z	31.884391208042256	26.593	5.291391208042256
41	2025-06-06T11:10:00Z	31.380551371613564	27.093	4.287551371613564
41	2025-06-06T11:20:00Z	31.380551371613564	27.093	4.287551371613564
41	2025-06-06T11:30:00Z	31.380551371613564	27.093	4.287551371613564
41	2025-06-06T11:40:00Z	31.380551371613564	26.593	4.787551371613564
41	2025-06-06T11:50:00Z	31.380551371613564	26.593	4.787551371613564
41	2025-06-06T12:00:00Z	31.380551371613564	27.093	4.287551371613564
41	2025-06-06T12:10:00Z	30.876711535184867	26.593	4.283711535184867
41	2025-06-06T12:20:00Z	30.876711535184867	27.093	3.7837115351848674
41	2025-06-06T12:30:00Z	30.876711535184867	27.093	3.7837115351848674
41	2025-06-06T12:40:00Z	31.380551371613564	27.093	4.287551371613564
41	2025-06-06T12:50:00Z	32.38823104447095	27.593	4.795231044470949
41	2025-06-06T13:00:00Z	33.395910717328334	27.593	5.802910717328334
41	2025-06-06T13:10:00Z	34.907430226614416	28.092	6.815430226614417
41	2025-06-06T13:20:00Z	34.907430226614416	27.593	7.314430226614416
41	2025-06-06T13:30:00Z	35.411270063043105	27.093	8.318270063043105
41	2025-06-06T13:40:00Z	35.411270063043105	27.593	7.818270063043105
41	2025-06-06T13:50:00Z	34.907430226614416	27.093	7.814430226614416
41	2025-06-06T14:00:00Z	35.411270063043105	27.593	7.818270063043105
41	2025-06-06T14:10:00Z	34.907430226614416	28.092	6.815430226614417
41	2025-06-06T14:20:00Z	35.411270063043105	28.092	7.319270063043106
41	2025-06-06T14:30:00Z	35.9151098994718	28.092	7.8231098994718025
41	2025-06-06T14:40:00Z	35.411270063043105	28.092	7.319270063043106
41	2025-06-06T14:50:00Z	35.411270063043105	27.593	7.818270063043105
41	2025-06-06T15:00:00Z	35.411270063043105	28.092	7.319270063043106
41	2025-06-06T15:10:00Z	35.9151098994718	28.092	7.8231098994718025
41	2025-06-06T15:20:00Z	36.41894973590049	28.092	8.326949735900492
41	2025-06-06T15:30:00Z	36.41894973590049	28.092	8.326949735900492
41	2025-06-06T15:40:00Z	35.9151098994718	28.092	7.8231098994718025
41	2025-06-06T15:50:00Z	35.9151098994718	28.092	7.8231098994718025
41	2025-06-06T16:00:00Z	35.411270063043105	28.092	7.319270063043106
41	2025-06-06T16:10:00Z	35.411270063043105	27.593	7.818270063043105
41	2025-06-06T16:20:00Z	35.411270063043105	28.092	7.319270063043106
41	2025-06-06T16:30:00Z	34.907430226614416	28.092	6.815430226614417
41	2025-06-06T16:40:00Z	35.9151098994718	28.092	7.8231098994718025
41	2025-06-06T16:50:00Z	35.411270063043105	28.092	7.319270063043106
41	2025-06-06T17:00:00Z	35.411270063043105	28.092	7.319270063043106
41	2025-06-06T17:10:00Z	35.9151098994718	27.593	8.322109899471801
41	2025-06-06T17:20:00Z	36.92278957232919	28.092	8.830789572329188
41	2025-06-06T17:30:00Z	37.426629408757876	28.092	9.334629408757877
41	2025-06-06T17:40:00Z	37.426629408757876	28.092	9.334629408757877
41	2025-06-06T17:50:00Z	36.92278957232919	27.593	9.329789572329187
41	2025-06-06T18:00:00Z	36.92278957232919	27.593	9.329789572329187
41	2025-06-06T18:10:00Z	36.41894973590049	27.593	8.82594973590049
41	2025-06-06T18:20:00Z	35.9151098994718	27.593	8.322109899471801
41	2025-06-06T18:30:00Z	35.9151098994718	27.093	8.822109899471801
41	2025-06-06T18:40:00Z	35.411270063043105	26.593	8.818270063043105
41	2025-06-06T18:50:00Z	34.907430226614416	26.094	8.813430226614415
41	2025-06-06T19:00:00Z	34.907430226614416	26.094	8.813430226614415
41	2025-06-06T19:10:00Z	34.40359039018572	25.594	8.809590390185718
41	2025-06-06T19:20:00Z	33.89975055375703	25.594	8.30575055375703
41	2025-06-06T19:30:00Z	34.907430226614416	25.094	9.813430226614415
41	2025-06-06T19:40:00Z	35.9151098994718	25.094	10.8211098994718
41	2025-06-06T19:50:00Z	36.41894973590049	24.594	11.82494973590049
41	2025-06-06T20:00:00Z	37.426629408757876	24.594	12.832629408757875
41	2025-06-06T20:10:00Z	36.41894973590049	24.594	11.82494973590049
41	2025-06-06T20:20:00Z	35.411270063043105	24.094	11.317270063043104
41	2025-06-06T20:30:00Z	34.907430226614416	24.094	10.813430226614415
41	2025-06-06T20:40:00Z	34.40359039018572	23.594	10.809590390185718
41	2025-06-06T20:50:00Z	35.9151098994718	23.594	12.3211098994718
41	2025-06-06T21:00:00Z	36.92278957232919	23.594	13.328789572329185
41	2025-06-06T21:10:00Z	36.92278957232919	23.594	13.328789572329185
41	2025-06-06T21:20:00Z	35.9151098994718	23.093	12.822109899471801
41	2025-06-06T21:30:00Z	35.411270063043105	23.093	12.318270063043105
41	2025-06-06T21:40:00Z	35.411270063043105	23.093	12.318270063043105
41	2025-06-06T21:50:00Z	34.40359039018572	23.093	11.31059039018572
41	2025-06-06T22:00:00Z	34.907430226614416	22.593	12.314430226614416
41	2025-06-06T22:10:00Z	34.40359039018572	22.593	11.81059039018572
41	2025-06-06T22:20:00Z	34.907430226614416	22.593	12.314430226614416
41	2025-06-06T22:30:00Z	37.426629408757876	22.593	14.833629408757876
41	2025-06-06T22:40:00Z	36.92278957232919	22.593	14.329789572329187
41	2025-06-06T22:50:00Z	35.9151098994718	22.593	13.322109899471801
41	2025-06-06T23:00:00Z	35.9151098994718	22.593	13.322109899471801
41	2025-06-06T23:10:00Z	34.40359039018572	22.093	12.31059039018572
41	2025-06-06T23:20:00Z	34.40359039018572	22.093	12.31059039018572
41	2025-06-06T23:30:00Z	34.40359039018572	22.093	12.31059039018572
41	2025-06-06T23:40:00Z	35.411270063043105	22.093	13.318270063043105
41	2025-06-06T23:50:00Z	36.41894973590049	22.093	14.32594973590049
41	2025-06-07T00:00:00Z	35.9151098994718	22.093	13.822109899471801
41	2025-06-07T00:10:00Z	35.9151098994718	22.093	13.822109899471801
41	2025-06-07T00:20:00Z	35.9151098994718	21.592	14.323109899471802
41	2025-06-07T00:30:00Z	34.40359039018572	21.592	12.81159039018572
41	2025-06-07T00:40:00Z	34.40359039018572	21.592	12.81159039018572
41	2025-06-07T00:50:00Z	35.411270063043105	21.592	13.819270063043106
41	2025-06-07T01:00:00Z	33.89975055375703	21.092	12.807750553757032
41	2025-06-07T01:10:00Z	34.40359039018572	21.592	12.81159039018572
41	2025-06-07T01:20:00Z	34.40359039018572	21.592	12.81159039018572
41	2025-06-07T01:30:00Z	35.9151098994718	21.592	14.323109899471802
41	2025-06-07T01:40:00Z	35.411270063043105	21.592	13.819270063043106
41	2025-06-07T01:50:00Z	33.89975055375703	21.092	12.807750553757032
41	2025-06-07T02:00:00Z	33.89975055375703	21.592	12.307750553757032
41	2025-06-07T02:10:00Z	33.89975055375703	21.092	12.807750553757032
41	2025-06-07T02:20:00Z	34.907430226614416	21.092	13.815430226614417
41	2025-06-07T02:30:00Z	34.40359039018572	21.092	13.31159039018572
41	2025-06-07T02:40:00Z	33.395910717328334	21.092	12.303910717328336
41	2025-06-07T02:50:00Z	33.89975055375703	21.092	12.807750553757032
41	2025-06-07T03:00:00Z	33.395910717328334	20.591	12.804910717328333
41	2025-06-07T03:10:00Z	33.395910717328334	20.591	12.804910717328333
41	2025-06-07T03:20:00Z	33.395910717328334	20.591	12.804910717328333
41	2025-06-07T03:30:00Z	33.395910717328334	20.591	12.804910717328333
41	2025-06-07T03:40:00Z	33.395910717328334	20.091	13.304910717328333
41	2025-06-07T03:50:00Z	33.89975055375703	20.591	13.30875055375703
41	2025-06-07T04:00:00Z	36.41894973590049	20.591	15.82794973590049
41	2025-06-07T04:10:00Z	35.9151098994718	20.091	15.8241098994718
41	2025-06-07T04:20:00Z	34.907430226614416	19.59	15.317430226614416
41	2025-06-07T04:30:00Z	34.40359039018572	20.091	14.312590390185719
41	2025-06-07T04:40:00Z	33.89975055375703	20.091	13.80875055375703
41	2025-06-07T04:50:00Z	36.41894973590049	20.091	16.32794973590049
41	2025-06-07T05:00:00Z	34.907430226614416	20.091	14.816430226614415
41	2025-06-07T05:10:00Z	33.395910717328334	19.59	13.805910717328334
41	2025-06-07T05:20:00Z	34.40359039018572	19.59	14.81359039018572
41	2025-06-07T05:30:00Z	34.40359039018572	19.59	14.81359039018572
41	2025-06-07T05:40:00Z	34.907430226614416	19.089	15.818430226614417
41	2025-06-07T05:50:00Z	34.40359039018572	19.089	15.314590390185721
41	2025-06-07T06:00:00Z	34.40359039018572	19.59	14.81359039018572
41	2025-06-07T06:10:00Z	33.89975055375703	19.59	14.30975055375703
41	2025-06-07T06:20:00Z	32.89207088089964	19.59	13.302070880899638
41	2025-06-07T06:30:00Z	33.395910717328334	20.091	13.304910717328333
41	2025-06-07T06:40:00Z	32.38823104447095	20.091	12.297231044470948
41	2025-06-07T06:50:00Z	31.884391208042256	20.591	11.293391208042255
41	2025-06-07T07:00:00Z	31.380551371613564	20.591	10.789551371613562
41	2025-06-07T07:10:00Z	32.89207088089964	20.591	12.301070880899637
41	2025-06-07T07:20:00Z	32.38823104447095	21.092	11.29623104447095
41	2025-06-07T07:30:00Z	31.884391208042256	22.093	9.791391208042256
41	2025-06-07T07:40:00Z	31.380551371613564	23.594	7.786551371613562
41	2025-06-07T07:50:00Z	30.876711535184867	24.594	6.282711535184866
41	2025-06-07T08:00:00Z	30.876711535184867	26.094	4.782711535184866
41	2025-06-07T08:10:00Z	30.876711535184867	27.593	3.2837115351848674
41	2025-06-07T08:20:00Z	31.884391208042256	27.093	4.791391208042256
41	2025-06-07T08:30:00Z	33.395910717328334	28.592	4.8039107173283355
41	2025-06-07T08:40:00Z	33.395910717328334	29.591	3.804910717328333
41	2025-06-07T08:50:00Z	33.395910717328334	30.589	2.8069107173283356
41	2025-06-07T09:00:00Z	31.884391208042256	27.593	4.291391208042256
41	2025-06-07T09:10:00Z	31.884391208042256	29.091	2.793391208042255
41	2025-06-07T09:20:00Z	33.89975055375703	30.09	3.8097505537570306
41	2025-06-07T09:30:00Z	34.907430226614416	30.09	4.817430226614416
41	2025-06-07T09:40:00Z	34.40359039018572	29.091	5.3125903901857185
41	2025-06-07T09:50:00Z	34.40359039018572	27.593	6.81059039018572
41	2025-06-07T10:00:00Z	33.89975055375703	27.593	6.3067505537570305
41	2025-06-07T10:10:00Z	33.89975055375703	27.593	6.3067505537570305
41	2025-06-07T10:20:00Z	34.907430226614416	27.593	7.314430226614416
41	2025-06-07T10:30:00Z	34.40359039018572	28.092	6.311590390185721
41	2025-06-07T10:40:00Z	33.89975055375703	28.092	5.807750553757032
41	2025-06-07T10:50:00Z	33.89975055375703	28.092	5.807750553757032
41	2025-06-07T11:00:00Z	33.89975055375703	28.592	5.307750553757032
41	2025-06-07T11:10:00Z	33.395910717328334	28.092	5.3039107173283355
41	2025-06-07T11:20:00Z	33.395910717328334	28.092	5.3039107173283355
41	2025-06-07T11:30:00Z	33.395910717328334	28.592	4.8039107173283355
41	2025-06-07T11:40:00Z	33.395910717328334	28.092	5.3039107173283355
41	2025-06-07T11:50:00Z	34.40359039018572	28.092	6.311590390185721
41	2025-06-07T12:00:00Z	33.89975055375703	28.092	5.807750553757032
41	2025-06-07T12:10:00Z	33.89975055375703	28.092	5.807750553757032
41	2025-06-07T12:20:00Z	33.395910717328334	28.092	5.3039107173283355
41	2025-06-07T12:30:00Z	33.89975055375703	28.592	5.307750553757032
41	2025-06-07T12:40:00Z	33.89975055375703	28.592	5.307750553757032
41	2025-06-07T12:50:00Z	33.89975055375703	28.092	5.807750553757032
41	2025-06-07T13:00:00Z	33.89975055375703	28.592	5.307750553757032
41	2025-06-07T13:10:00Z	33.89975055375703	28.592	5.307750553757032
41	2025-06-07T13:20:00Z	33.89975055375703	28.092	5.807750553757032
41	2025-06-07T13:30:00Z	33.89975055375703	28.092	5.807750553757032
41	2025-06-07T13:40:00Z	34.40359039018572	28.592	5.811590390185721
41	2025-06-07T13:50:00Z	34.40359039018572	28.592	5.811590390185721
41	2025-06-07T14:00:00Z	34.40359039018572	28.592	5.811590390185721
41	2025-06-07T14:10:00Z	34.40359039018572	28.092	6.311590390185721
41	2025-06-07T14:20:00Z	34.907430226614416	28.592	6.315430226614417
41	2025-06-07T14:30:00Z	34.40359039018572	28.592	5.811590390185721
41	2025-06-07T14:40:00Z	35.9151098994718	28.592	7.3231098994718025
41	2025-06-07T14:50:00Z	36.41894973590049	28.592	7.826949735900492
41	2025-06-07T15:00:00Z	35.9151098994718	28.592	7.3231098994718025
41	2025-06-07T15:10:00Z	35.9151098994718	28.592	7.3231098994718025
41	2025-06-07T15:20:00Z	35.411270063043105	28.592	6.819270063043106
41	2025-06-07T15:30:00Z	35.9151098994718	28.592	7.3231098994718025
41	2025-06-07T15:40:00Z	35.9151098994718	28.592	7.3231098994718025
41	2025-06-07T15:50:00Z	35.9151098994718	28.592	7.3231098994718025
41	2025-06-07T16:00:00Z	35.411270063043105	28.592	6.819270063043106
41	2025-06-07T16:10:00Z	35.411270063043105	29.091	6.320270063043104
41	2025-06-07T16:20:00Z	35.9151098994718	29.091	6.8241098994718
41	2025-06-07T16:30:00Z	35.9151098994718	29.091	6.8241098994718
41	2025-06-07T16:40:00Z	35.9151098994718	27.593	8.322109899471801
41	2025-06-07T16:50:00Z	35.411270063043105	27.093	8.318270063043105
41	2025-06-07T17:00:00Z	35.411270063043105	24.594	10.817270063043104
41	2025-06-07T17:10:00Z	35.411270063043105	23.594	11.817270063043104
41	2025-06-07T17:20:00Z	34.907430226614416	24.094	10.813430226614415
41	2025-06-07T17:30:00Z	34.40359039018572	24.594	9.809590390185718
41	2025-06-07T17:40:00Z	34.40359039018572	25.094	9.309590390185718
41	2025-06-07T17:50:00Z	33.395910717328334	25.094	8.301910717328333
41	2025-06-07T18:00:00Z	33.89975055375703	25.594	8.30575055375703
41	2025-06-07T18:10:00Z	34.907430226614416	25.094	9.813430226614415
41	2025-06-07T18:20:00Z	34.907430226614416	25.094	9.813430226614415
41	2025-06-07T18:30:00Z	35.411270063043105	25.094	10.317270063043104
41	2025-06-07T18:40:00Z	35.411270063043105	25.094	10.317270063043104
41	2025-06-07T18:50:00Z	34.907430226614416	25.094	9.813430226614415
41	2025-06-07T19:00:00Z	34.907430226614416	24.594	10.313430226614415
41	2025-06-07T19:10:00Z	34.40359039018572	24.594	9.809590390185718
41	2025-06-07T19:20:00Z	34.907430226614416	24.094	10.813430226614415
41	2025-06-07T19:30:00Z	34.907430226614416	24.094	10.813430226614415
41	2025-06-07T19:40:00Z	36.41894973590049	24.094	12.32494973590049
41	2025-06-07T19:50:00Z	36.41894973590049	24.094	12.32494973590049
41	2025-06-07T20:00:00Z	36.41894973590049	24.094	12.32494973590049
41	2025-06-07T20:10:00Z	37.93046924518657	23.594	14.33646924518657
41	2025-06-07T20:20:00Z	35.9151098994718	23.594	12.3211098994718
41	2025-06-07T20:30:00Z	35.411270063043105	23.594	11.817270063043104
41	2025-06-07T20:40:00Z	36.41894973590049	23.594	12.82494973590049
41	2025-06-07T20:50:00Z	36.41894973590049	23.093	13.32594973590049
41	2025-06-07T21:00:00Z	36.41894973590049	23.093	13.32594973590049
41	2025-06-07T21:10:00Z	36.92278957232919	23.093	13.829789572329187
41	2025-06-07T21:20:00Z	34.907430226614416	23.093	11.814430226614416
41	2025-06-07T21:30:00Z	34.907430226614416	23.093	11.814430226614416
41	2025-06-07T21:40:00Z	35.9151098994718	22.593	13.322109899471801
41	2025-06-07T21:50:00Z	36.92278957232919	22.593	14.329789572329187
41	2025-06-07T22:00:00Z	34.907430226614416	22.593	12.314430226614416
41	2025-06-07T22:10:00Z	33.89975055375703	22.593	11.30675055375703
41	2025-06-07T22:20:00Z	33.89975055375703	22.593	11.30675055375703
41	2025-06-07T22:30:00Z	36.41894973590049	22.593	13.82594973590049
41	2025-06-07T22:40:00Z	35.9151098994718	22.593	13.322109899471801
41	2025-06-07T22:50:00Z	35.411270063043105	22.593	12.818270063043105
41	2025-06-07T23:00:00Z	35.411270063043105	22.593	12.818270063043105
41	2025-06-07T23:10:00Z	34.907430226614416	22.593	12.314430226614416
41	2025-06-07T23:20:00Z	34.40359039018572	22.093	12.31059039018572
41	2025-06-07T23:30:00Z	36.92278957232919	21.592	15.330789572329188
41	2025-06-07T23:40:00Z	36.92278957232919	21.092	15.830789572329188
41	2025-06-07T23:50:00Z	34.907430226614416	20.591	14.316430226614415
41	2025-06-08T00:00:00Z	34.40359039018572	20.091	14.312590390185719
41	2025-06-08T00:10:00Z	35.411270063043105	20.091	15.320270063043104
41	2025-06-08T00:20:00Z	34.907430226614416	20.091	14.816430226614415
41	2025-06-08T00:30:00Z	34.40359039018572	20.091	14.312590390185719
41	2025-06-08T00:40:00Z	33.89975055375703	20.091	13.80875055375703
41	2025-06-08T00:50:00Z	32.89207088089964	20.091	12.801070880899637
41	2025-06-08T01:00:00Z	33.89975055375703	20.091	13.80875055375703
41	2025-06-08T01:10:00Z	34.907430226614416	20.591	14.316430226614415
41	2025-06-08T01:20:00Z	35.9151098994718	20.591	15.3241098994718
41	2025-06-08T01:30:00Z	35.9151098994718	20.091	15.8241098994718
41	2025-06-08T01:40:00Z	35.9151098994718	20.091	15.8241098994718
41	2025-06-08T01:50:00Z	34.40359039018572	20.591	13.812590390185719
41	2025-06-08T02:00:00Z	34.907430226614416	20.591	14.316430226614415
41	2025-06-08T02:10:00Z	34.907430226614416	20.591	14.316430226614415
41	2025-06-08T02:20:00Z	32.89207088089964	20.591	12.301070880899637
41	2025-06-08T02:30:00Z	34.40359039018572	20.091	14.312590390185719
41	2025-06-08T02:40:00Z	33.89975055375703	20.591	13.30875055375703
41	2025-06-08T02:50:00Z	33.89975055375703	20.091	13.80875055375703
41	2025-06-08T03:00:00Z	34.40359039018572	20.591	13.812590390185719
41	2025-06-08T03:10:00Z	34.40359039018572	20.591	13.812590390185719
41	2025-06-08T03:20:00Z	34.907430226614416	20.091	14.816430226614415
41	2025-06-08T03:30:00Z	35.9151098994718	20.591	15.3241098994718
41	2025-06-08T03:40:00Z	34.40359039018572	20.591	13.812590390185719
41	2025-06-08T03:50:00Z	32.89207088089964	21.592	11.30007088089964
41	2025-06-08T04:00:00Z	34.40359039018572	21.592	12.81159039018572
41	2025-06-08T04:10:00Z	34.40359039018572	21.592	12.81159039018572
41	2025-06-08T04:20:00Z	34.40359039018572	21.592	12.81159039018572
41	2025-06-08T04:30:00Z	34.907430226614416	22.093	12.814430226614416
41	2025-06-08T04:40:00Z	34.907430226614416	22.093	12.814430226614416
41	2025-06-08T04:50:00Z	34.40359039018572	21.592	12.81159039018572
41	2025-06-08T05:00:00Z	35.411270063043105	22.093	13.318270063043105
41	2025-06-08T05:10:00Z	34.907430226614416	21.592	13.315430226614417
41	2025-06-08T05:20:00Z	34.40359039018572	21.092	13.31159039018572
41	2025-06-08T05:30:00Z	34.40359039018572	21.092	13.31159039018572
41	2025-06-08T05:40:00Z	34.40359039018572	20.591	13.812590390185719
41	2025-06-08T05:50:00Z	35.411270063043105	20.591	14.820270063043104
41	2025-06-08T06:00:00Z	34.907430226614416	20.591	14.316430226614415
41	2025-06-08T06:10:00Z	34.40359039018572	20.591	13.812590390185719
41	2025-06-08T06:20:00Z	33.89975055375703	20.091	13.80875055375703
41	2025-06-08T06:30:00Z	31.884391208042256	20.091	11.793391208042255
41	2025-06-08T06:40:00Z	33.89975055375703	20.091	13.80875055375703
41	2025-06-08T06:50:00Z	34.907430226614416	20.091	14.816430226614415
41	2025-06-08T07:00:00Z	32.89207088089964	20.091	12.801070880899637
41	2025-06-08T07:10:00Z	33.89975055375703	20.091	13.80875055375703
41	2025-06-08T07:20:00Z	34.40359039018572	21.092	13.31159039018572
41	2025-06-08T07:30:00Z	33.395910717328334	22.093	11.302910717328334
41	2025-06-08T07:40:00Z	34.40359039018572	23.594	10.809590390185718
41	2025-06-08T07:50:00Z	33.89975055375703	24.594	9.30575055375703
41	2025-06-08T08:00:00Z	33.395910717328334	25.594	7.801910717328333
41	2025-06-08T08:10:00Z	32.89207088089964	27.093	5.799070880899638
41	2025-06-08T08:20:00Z	33.395910717328334	26.593	6.802910717328334
41	2025-06-08T08:30:00Z	33.89975055375703	28.092	5.807750553757032
41	2025-06-08T08:40:00Z	32.89207088089964	29.591	3.301070880899637
41	2025-06-08T08:50:00Z	33.395910717328334	30.589	2.8069107173283356
41	2025-06-08T09:00:00Z	32.89207088089964	27.593	5.299070880899638
41	2025-06-08T09:10:00Z	32.89207088089964	29.091	3.801070880899637
41	2025-06-08T09:20:00Z	33.89975055375703	29.091	4.808750553757029
41	2025-06-08T09:30:00Z	33.395910717328334	29.091	4.304910717328333
41	2025-06-08T09:40:00Z	33.89975055375703	28.092	5.807750553757032
41	2025-06-08T09:50:00Z	33.89975055375703	26.593	7.3067505537570305
41	2025-06-08T10:00:00Z	33.89975055375703	26.593	7.3067505537570305
41	2025-06-08T10:10:00Z	33.89975055375703	26.593	7.3067505537570305
41	2025-06-08T10:20:00Z	35.9151098994718	27.093	8.822109899471801
41	2025-06-08T10:30:00Z	34.907430226614416	27.093	7.814430226614416
41	2025-06-08T10:40:00Z	34.907430226614416	27.093	7.814430226614416
41	2025-06-08T10:50:00Z	34.907430226614416	27.593	7.314430226614416
41	2025-06-08T11:00:00Z	35.411270063043105	27.593	7.818270063043105
41	2025-06-08T11:10:00Z	34.907430226614416	27.593	7.314430226614416
41	2025-06-08T11:20:00Z	34.907430226614416	27.593	7.314430226614416
41	2025-06-08T11:30:00Z	34.907430226614416	27.593	7.314430226614416
41	2025-06-08T11:40:00Z	34.907430226614416	27.593	7.314430226614416
41	2025-06-08T11:50:00Z	34.40359039018572	27.593	6.81059039018572
41	2025-06-08T12:00:00Z	34.40359039018572	28.092	6.311590390185721
41	2025-06-08T12:10:00Z	34.40359039018572	27.593	6.81059039018572
41	2025-06-08T12:20:00Z	34.907430226614416	27.593	7.314430226614416
41	2025-06-08T12:30:00Z	35.411270063043105	28.092	7.319270063043106
41	2025-06-08T12:40:00Z	36.92278957232919	27.593	9.329789572329187
41	2025-06-08T12:50:00Z	36.41894973590049	28.092	8.326949735900492
41	2025-06-08T13:00:00Z	35.9151098994718	28.092	7.8231098994718025
41	2025-06-08T13:10:00Z	35.411270063043105	28.092	7.319270063043106
41	2025-06-08T13:20:00Z	35.411270063043105	28.092	7.319270063043106
41	2025-06-08T13:30:00Z	35.411270063043105	28.092	7.319270063043106
41	2025-06-08T13:40:00Z	35.411270063043105	28.092	7.319270063043106
41	2025-06-08T13:50:00Z	36.41894973590049	28.092	8.326949735900492
41	2025-06-08T14:00:00Z	35.9151098994718	28.092	7.8231098994718025
41	2025-06-08T14:10:00Z	35.9151098994718	28.092	7.8231098994718025
41	2025-06-08T14:20:00Z	35.9151098994718	28.092	7.8231098994718025
41	2025-06-08T14:30:00Z	34.907430226614416	28.092	6.815430226614417
41	2025-06-08T14:40:00Z	34.907430226614416	28.092	6.815430226614417
41	2025-06-08T14:50:00Z	35.9151098994718	28.092	7.8231098994718025
41	2025-06-08T15:00:00Z	35.9151098994718	28.092	7.8231098994718025
41	2025-06-08T15:10:00Z	35.411270063043105	28.092	7.319270063043106
41	2025-06-08T15:20:00Z	35.9151098994718	28.592	7.3231098994718025
41	2025-06-08T15:30:00Z	35.9151098994718	28.092	7.8231098994718025
41	2025-06-08T15:40:00Z	35.9151098994718	28.092	7.8231098994718025
41	2025-06-08T15:50:00Z	35.411270063043105	28.092	7.319270063043106
41	2025-06-08T16:00:00Z	35.9151098994718	28.092	7.8231098994718025
41	2025-06-08T16:10:00Z	35.9151098994718	28.592	7.3231098994718025
41	2025-06-08T16:20:00Z	35.411270063043105	28.592	6.819270063043106
41	2025-06-08T16:30:00Z	35.411270063043105	28.592	6.819270063043106
41	2025-06-08T16:40:00Z	34.40359039018572	28.592	5.811590390185721
41	2025-06-08T16:50:00Z	34.907430226614416	28.092	6.815430226614417
41	2025-06-08T17:00:00Z	35.411270063043105	28.092	7.319270063043106
41	2025-06-08T17:10:00Z	35.411270063043105	28.592	6.819270063043106
41	2025-06-08T17:20:00Z	35.411270063043105	28.092	7.319270063043106
41	2025-06-08T17:30:00Z	35.411270063043105	28.092	7.319270063043106
41	2025-06-08T17:40:00Z	35.411270063043105	28.092	7.319270063043106
41	2025-06-08T17:50:00Z	35.411270063043105	28.092	7.319270063043106
41	2025-06-08T18:00:00Z	35.411270063043105	27.593	7.818270063043105
41	2025-06-08T18:10:00Z	35.411270063043105	27.593	7.818270063043105
41	2025-06-08T18:20:00Z	35.411270063043105	27.593	7.818270063043105
41	2025-06-08T18:30:00Z	34.907430226614416	27.593	7.314430226614416
41	2025-06-08T18:40:00Z	34.40359039018572	27.093	7.31059039018572
41	2025-06-08T18:50:00Z	34.40359039018572	26.593	7.81059039018572
41	2025-06-08T19:00:00Z	34.40359039018572	26.094	8.309590390185718
41	2025-06-08T19:10:00Z	34.40359039018572	25.594	8.809590390185718
41	2025-06-08T19:20:00Z	33.89975055375703	25.594	8.30575055375703
41	2025-06-08T19:30:00Z	35.411270063043105	25.594	9.817270063043104
41	2025-06-08T19:40:00Z	36.41894973590049	25.094	11.32494973590049
41	2025-06-08T19:50:00Z	36.41894973590049	25.094	11.32494973590049
41	2025-06-08T20:00:00Z	37.93046924518657	25.094	12.83646924518657
41	2025-06-08T20:10:00Z	35.9151098994718	25.094	10.8211098994718
41	2025-06-08T20:20:00Z	38.43430908161526	24.594	13.84030908161526
41	2025-06-08T20:30:00Z	37.426629408757876	24.594	12.832629408757875
41	2025-06-08T20:40:00Z	37.426629408757876	24.094	13.332629408757875
41	2025-06-08T20:50:00Z	35.9151098994718	24.094	11.8211098994718
41	2025-06-08T21:00:00Z	35.411270063043105	24.094	11.317270063043104
41	2025-06-08T21:10:00Z	34.907430226614416	24.094	10.813430226614415
41	2025-06-08T21:20:00Z	35.411270063043105	23.594	11.817270063043104
41	2025-06-08T21:30:00Z	35.9151098994718	23.093	12.822109899471801
41	2025-06-08T21:40:00Z	36.92278957232919	23.093	13.829789572329187
41	2025-06-08T21:50:00Z	36.92278957232919	23.093	13.829789572329187
41	2025-06-08T22:00:00Z	36.92278957232919	23.093	13.829789572329187
41	2025-06-08T22:10:00Z	37.93046924518657	23.093	14.837469245186572
41	2025-06-08T22:20:00Z	37.93046924518657	23.093	14.837469245186572
41	2025-06-08T22:30:00Z	38.43430908161526	23.594	14.84030908161526
41	2025-06-08T22:40:00Z	35.9151098994718	23.594	12.3211098994718
41	2025-06-08T22:50:00Z	34.907430226614416	23.093	11.814430226614416
41	2025-06-08T23:00:00Z	36.41894973590049	23.093	13.32594973590049
41	2025-06-08T23:10:00Z	38.43430908161526	23.093	15.341309081615261
41	2025-06-08T23:20:00Z	38.93814891804396	22.593	16.345148918043957
41	2025-06-08T23:30:00Z	38.43430908161526	22.593	15.841309081615261
41	2025-06-08T23:40:00Z	37.93046924518657	22.593	15.337469245186572
41	2025-06-08T23:50:00Z	37.93046924518657	22.093	15.837469245186572
41	2025-06-09T00:00:00Z	33.89975055375703	22.093	11.80675055375703
41	2025-06-09T00:10:00Z	34.40359039018572	22.093	12.31059039018572
41	2025-06-09T00:20:00Z	36.41894973590049	22.093	14.32594973590049
41	2025-06-09T00:30:00Z	36.41894973590049	22.093	14.32594973590049
41	2025-06-09T00:40:00Z	36.92278957232919	22.093	14.829789572329187
41	2025-06-09T00:50:00Z	36.41894973590049	22.093	14.32594973590049
41	2025-06-09T01:00:00Z	34.40359039018572	21.592	12.81159039018572
41	2025-06-09T01:10:00Z	34.40359039018572	21.592	12.81159039018572
41	2025-06-09T01:20:00Z	34.40359039018572	21.592	12.81159039018572
41	2025-06-09T01:30:00Z	34.40359039018572	21.592	12.81159039018572
41	2025-06-09T01:40:00Z	34.907430226614416	21.592	13.315430226614417
41	2025-06-09T01:50:00Z	34.907430226614416	21.092	13.815430226614417
41	2025-06-09T02:00:00Z	33.89975055375703	21.092	12.807750553757032
41	2025-06-09T02:10:00Z	33.89975055375703	20.591	13.30875055375703
41	2025-06-09T02:20:00Z	34.40359039018572	20.591	13.812590390185719
41	2025-06-09T02:30:00Z	33.89975055375703	20.591	13.30875055375703
41	2025-06-09T02:40:00Z	32.89207088089964	20.591	12.301070880899637
41	2025-06-09T02:50:00Z	33.89975055375703	20.591	13.30875055375703
41	2025-06-09T03:00:00Z	32.38823104447095	20.591	11.797231044470948
41	2025-06-09T03:10:00Z	33.395910717328334	20.591	12.804910717328333
41	2025-06-09T03:20:00Z	33.395910717328334	20.591	12.804910717328333
41	2025-06-09T03:30:00Z	34.40359039018572	20.591	13.812590390185719
41	2025-06-09T03:40:00Z	32.38823104447095	20.591	11.797231044470948
41	2025-06-09T03:50:00Z	32.38823104447095	20.591	11.797231044470948
41	2025-06-09T04:00:00Z	32.89207088089964	20.591	12.301070880899637
41	2025-06-09T04:10:00Z	34.40359039018572	20.591	13.812590390185719
41	2025-06-09T04:20:00Z	33.395910717328334	20.591	12.804910717328333
41	2025-06-09T04:30:00Z	32.89207088089964	20.591	12.301070880899637
41	2025-06-09T04:40:00Z	32.89207088089964	20.591	12.301070880899637
41	2025-06-09T04:50:00Z	33.89975055375703	20.591	13.30875055375703
41	2025-06-09T05:00:00Z	34.40359039018572	20.591	13.812590390185719
41	2025-06-09T05:10:00Z	33.395910717328334	20.591	12.804910717328333
41	2025-06-09T05:20:00Z	33.89975055375703	20.591	13.30875055375703
41	2025-06-09T05:30:00Z	33.395910717328334	20.591	12.804910717328333
41	2025-06-09T05:40:00Z	33.89975055375703	20.591	13.30875055375703
41	2025-06-09T05:50:00Z	33.89975055375703	20.591	13.30875055375703
41	2025-06-09T06:00:00Z	34.40359039018572	20.591	13.812590390185719
41	2025-06-09T06:10:00Z	34.907430226614416	20.591	14.316430226614415
41	2025-06-09T06:20:00Z	36.41894973590049	20.591	15.82794973590049
41	2025-06-09T06:30:00Z	36.41894973590049	21.092	15.326949735900492
41	2025-06-09T06:40:00Z	35.9151098994718	20.591	15.3241098994718
41	2025-06-09T06:50:00Z	35.411270063043105	20.591	14.820270063043104
41	2025-06-09T07:00:00Z	35.411270063043105	21.092	14.319270063043106
41	2025-06-09T07:10:00Z	34.40359039018572	21.092	13.31159039018572
41	2025-06-09T07:20:00Z	35.411270063043105	22.093	13.318270063043105
41	2025-06-09T07:30:00Z	34.907430226614416	23.093	11.814430226614416
41	2025-06-09T07:40:00Z	34.40359039018572	24.594	9.809590390185718
41	2025-06-09T07:50:00Z	34.907430226614416	25.094	9.813430226614415
41	2025-06-09T08:00:00Z	35.411270063043105	26.094	9.317270063043104
41	2025-06-09T08:10:00Z	34.907430226614416	27.593	7.314430226614416
41	2025-06-09T08:20:00Z	34.907430226614416	27.093	7.814430226614416
41	2025-06-09T08:30:00Z	35.411270063043105	28.592	6.819270063043106
41	2025-06-09T08:40:00Z	34.40359039018572	29.591	4.8125903901857185
41	2025-06-09T08:50:00Z	33.89975055375703	29.591	4.308750553757029
41	2025-06-09T09:00:00Z	33.89975055375703	27.093	6.8067505537570305
41	2025-06-09T09:10:00Z	34.40359039018572	28.092	6.311590390185721
41	2025-06-09T09:20:00Z	34.40359039018572	28.592	5.811590390185721
41	2025-06-09T09:30:00Z	34.907430226614416	28.092	6.815430226614417
41	2025-06-09T09:40:00Z	34.907430226614416	27.093	7.814430226614416
41	2025-06-09T09:50:00Z	34.907430226614416	26.094	8.813430226614415
41	2025-06-09T10:00:00Z	35.411270063043105	26.094	9.317270063043104
41	2025-06-09T10:10:00Z	34.40359039018572	26.593	7.81059039018572
41	2025-06-09T10:20:00Z	34.40359039018572	26.593	7.81059039018572
41	2025-06-09T10:30:00Z	35.411270063043105	27.093	8.318270063043105
41	2025-06-09T10:40:00Z	35.9151098994718	27.093	8.822109899471801
41	2025-06-09T10:50:00Z	35.9151098994718	27.093	8.822109899471801
41	2025-06-09T11:00:00Z	35.411270063043105	27.093	8.318270063043105
41	2025-06-09T11:10:00Z	35.9151098994718	27.593	8.322109899471801
41	2025-06-09T11:20:00Z	34.907430226614416	27.593	7.314430226614416
41	2025-06-09T11:30:00Z	34.907430226614416	27.593	7.314430226614416
41	2025-06-09T11:40:00Z	35.9151098994718	27.593	8.322109899471801
41	2025-06-09T11:50:00Z	35.9151098994718	27.593	8.322109899471801
41	2025-06-09T12:00:00Z	35.411270063043105	27.593	7.818270063043105
41	2025-06-09T12:10:00Z	34.907430226614416	27.593	7.314430226614416
41	2025-06-09T12:20:00Z	34.907430226614416	28.092	6.815430226614417
41	2025-06-09T12:30:00Z	35.411270063043105	28.092	7.319270063043106
41	2025-06-09T12:40:00Z	35.411270063043105	28.092	7.319270063043106
41	2025-06-09T12:50:00Z	35.9151098994718	28.092	7.8231098994718025
41	2025-06-09T13:00:00Z	35.411270063043105	28.092	7.319270063043106
41	2025-06-09T13:10:00Z	35.9151098994718	28.092	7.8231098994718025
41	2025-06-09T13:20:00Z	35.411270063043105	28.592	6.819270063043106
41	2025-06-09T13:30:00Z	35.411270063043105	28.592	6.819270063043106
41	2025-06-09T13:40:00Z	35.411270063043105	28.592	6.819270063043106
41	2025-06-09T13:50:00Z	35.411270063043105	28.592	6.819270063043106
41	2025-06-09T14:00:00Z	35.9151098994718	28.592	7.3231098994718025
41	2025-06-09T14:10:00Z	35.411270063043105	28.592	6.819270063043106
41	2025-06-09T14:20:00Z	35.9151098994718	29.091	6.8241098994718
41	2025-06-09T14:30:00Z	35.411270063043105	29.091	6.320270063043104
41	2025-06-09T14:40:00Z	34.907430226614416	29.091	5.816430226614415
41	2025-06-09T14:50:00Z	34.907430226614416	29.091	5.816430226614415
41	2025-06-09T15:00:00Z	34.907430226614416	29.591	5.316430226614415
41	2025-06-09T15:10:00Z	35.411270063043105	29.591	5.820270063043104
41	2025-06-09T15:20:00Z	34.907430226614416	29.091	5.816430226614415
41	2025-06-09T15:30:00Z	34.40359039018572	29.591	4.8125903901857185
41	2025-06-09T15:40:00Z	35.9151098994718	29.591	6.3241098994718
41	2025-06-09T15:50:00Z	35.9151098994718	29.591	6.3241098994718
41	2025-06-09T16:00:00Z	35.9151098994718	29.591	6.3241098994718
41	2025-06-09T16:10:00Z	35.9151098994718	29.091	6.8241098994718
41	2025-06-09T16:20:00Z	35.411270063043105	29.591	5.820270063043104
41	2025-06-09T16:30:00Z	35.411270063043105	29.591	5.820270063043104
41	2025-06-09T16:40:00Z	35.9151098994718	29.591	6.3241098994718
41	2025-06-09T16:50:00Z	35.9151098994718	29.591	6.3241098994718
41	2025-06-09T17:00:00Z	35.9151098994718	29.591	6.3241098994718
41	2025-06-09T17:10:00Z	35.9151098994718	29.091	6.8241098994718
41	2025-06-09T17:20:00Z	35.9151098994718	29.091	6.8241098994718
41	2025-06-09T17:30:00Z	35.9151098994718	29.091	6.8241098994718
41	2025-06-09T17:40:00Z	35.9151098994718	29.091	6.8241098994718
41	2025-06-09T17:50:00Z	35.9151098994718	28.592	7.3231098994718025
41	2025-06-09T18:00:00Z	35.9151098994718	28.592	7.3231098994718025
41	2025-06-09T18:10:00Z	35.411270063043105	28.592	6.819270063043106
41	2025-06-09T18:20:00Z	34.907430226614416	28.592	6.315430226614417
41	2025-06-09T18:30:00Z	35.411270063043105	28.092	7.319270063043106
41	2025-06-09T18:40:00Z	35.411270063043105	27.593	7.818270063043105
41	2025-06-09T18:50:00Z	35.411270063043105	27.093	8.318270063043105
41	2025-06-09T19:00:00Z	33.89975055375703	27.093	6.8067505537570305
41	2025-06-09T19:10:00Z	33.89975055375703	26.593	7.3067505537570305
41	2025-06-09T19:20:00Z	33.89975055375703	26.094	7.805750553757029
41	2025-06-09T19:30:00Z	35.411270063043105	26.094	9.317270063043104
41	2025-06-09T19:40:00Z	36.41894973590049	26.094	10.32494973590049
41	2025-06-09T19:50:00Z	35.9151098994718	25.594	10.3211098994718
41	2025-06-09T20:00:00Z	35.9151098994718	25.594	10.3211098994718
41	2025-06-09T20:10:00Z	35.411270063043105	25.094	10.317270063043104
41	2025-06-09T20:20:00Z	34.907430226614416	25.094	9.813430226614415
41	2025-06-09T20:30:00Z	34.907430226614416	24.594	10.313430226614415
41	2025-06-09T20:40:00Z	37.426629408757876	24.594	12.832629408757875
41	2025-06-09T20:50:00Z	35.411270063043105	24.594	10.817270063043104
41	2025-06-09T21:00:00Z	35.9151098994718	24.594	11.3211098994718
41	2025-06-09T21:10:00Z	36.41894973590049	24.594	11.82494973590049
41	2025-06-09T21:20:00Z	35.411270063043105	24.094	11.317270063043104
41	2025-06-09T21:30:00Z	35.9151098994718	24.094	11.8211098994718
41	2025-06-09T21:40:00Z	35.9151098994718	23.594	12.3211098994718
41	2025-06-09T21:50:00Z	37.426629408757876	23.594	13.832629408757875
41	2025-06-09T22:00:00Z	35.9151098994718	23.594	12.3211098994718
41	2025-06-09T22:10:00Z	36.41894973590049	23.594	12.82494973590049
41	2025-06-09T22:20:00Z	36.41894973590049	23.093	13.32594973590049
41	2025-06-09T22:30:00Z	34.907430226614416	23.093	11.814430226614416
41	2025-06-09T22:40:00Z	35.9151098994718	23.093	12.822109899471801
41	2025-06-09T22:50:00Z	35.9151098994718	23.093	12.822109899471801
41	2025-06-09T23:00:00Z	35.9151098994718	23.093	12.822109899471801
41	2025-06-09T23:10:00Z	34.907430226614416	23.093	11.814430226614416
41	2025-06-09T23:20:00Z	35.411270063043105	23.093	12.318270063043105
41	2025-06-09T23:30:00Z	35.411270063043105	23.093	12.318270063043105
41	2025-06-09T23:40:00Z	34.907430226614416	23.093	11.814430226614416
41	2025-06-09T23:50:00Z	34.907430226614416	22.593	12.314430226614416
41	2025-06-10T00:00:00Z	34.907430226614416	22.593	12.314430226614416
41	2025-06-10T00:10:00Z	34.907430226614416	22.593	12.314430226614416
41	2025-06-10T00:20:00Z	34.907430226614416	22.593	12.314430226614416
41	2025-06-10T00:30:00Z	34.907430226614416	22.593	12.314430226614416
41	2025-06-10T00:40:00Z	35.411270063043105	22.593	12.818270063043105
41	2025-06-10T00:50:00Z	33.395910717328334	22.093	11.302910717328334
41	2025-06-10T01:00:00Z	34.907430226614416	21.592	13.315430226614417
41	2025-06-10T01:10:00Z	34.907430226614416	22.093	12.814430226614416
41	2025-06-10T01:20:00Z	34.907430226614416	22.093	12.814430226614416
41	2025-06-10T01:30:00Z	34.907430226614416	22.093	12.814430226614416
41	2025-06-10T01:40:00Z	34.40359039018572	22.093	12.31059039018572
41	2025-06-10T01:50:00Z	34.40359039018572	22.093	12.31059039018572
41	2025-06-10T02:00:00Z	33.395910717328334	22.593	10.802910717328334
41	2025-06-10T02:10:00Z	33.395910717328334	22.593	10.802910717328334
41	2025-06-10T02:20:00Z	33.89975055375703	23.093	10.80675055375703
41	2025-06-10T02:30:00Z	34.40359039018572	23.594	10.809590390185718
41	2025-06-10T02:40:00Z	34.40359039018572	23.093	11.31059039018572
41	2025-06-10T02:50:00Z	33.89975055375703	22.093	11.80675055375703
41	2025-06-10T03:00:00Z	33.395910717328334	22.593	10.802910717328334
41	2025-06-10T03:10:00Z	33.89975055375703	22.593	11.30675055375703
41	2025-06-10T03:20:00Z	32.89207088089964	21.592	11.30007088089964
41	2025-06-10T03:30:00Z	31.884391208042256	21.592	10.292391208042257
41	2025-06-10T03:40:00Z	32.89207088089964	21.592	11.30007088089964
41	2025-06-10T03:50:00Z	32.89207088089964	21.592	11.30007088089964
41	2025-06-10T04:00:00Z	32.38823104447095	21.592	10.79623104447095
41	2025-06-10T04:10:00Z	32.38823104447095	21.092	11.29623104447095
41	2025-06-10T04:20:00Z	32.89207088089964	21.092	11.80007088089964
41	2025-06-10T04:30:00Z	32.38823104447095	21.092	11.29623104447095
41	2025-06-10T04:40:00Z	33.395910717328334	21.092	12.303910717328336
41	2025-06-10T04:50:00Z	34.40359039018572	21.092	13.31159039018572
41	2025-06-10T05:00:00Z	33.89975055375703	21.092	12.807750553757032
41	2025-06-10T05:10:00Z	33.395910717328334	21.092	12.303910717328336
41	2025-06-10T05:20:00Z	31.884391208042256	20.091	11.793391208042255
41	2025-06-10T05:30:00Z	31.884391208042256	19.089	12.795391208042258
41	2025-06-10T05:40:00Z	31.380551371613564	19.089	12.291551371613565
41	2025-06-10T05:50:00Z	30.372871698756175	19.089	11.283871698756176
41	2025-06-10T06:00:00Z	31.380551371613564	19.59	11.790551371613564
41	2025-06-10T06:10:00Z	30.876711535184867	19.59	11.286711535184867
41	2025-06-10T06:20:00Z	29.869031862327482	19.59	10.279031862327482
41	2025-06-10T06:30:00Z	28.861352189470097	19.59	9.271352189470097
41	2025-06-10T06:40:00Z	27.85367251661271	20.091	7.76267251661271
41	2025-06-10T06:50:00Z	27.34983268018402	20.091	7.2588326801840175
41	2025-06-10T07:00:00Z	26.845992843755322	20.091	6.754992843755321
41	2025-06-10T07:10:00Z	26.34215300732663	20.591	5.751153007326629
41	2025-06-10T07:20:00Z	25.838313170897937	20.591	5.247313170897936
41	2025-06-10T07:30:00Z	25.334473334469244	20.591	4.743473334469243
41	2025-06-10T07:40:00Z	24.83063349804055	21.092	3.738633498040553
41	2025-06-10T07:50:00Z	24.83063349804055	21.592	3.238633498040553
41	2025-06-10T08:00:00Z	24.83063349804055	21.592	3.238633498040553
41	2025-06-10T08:10:00Z	24.32679366161186	22.093	2.233793661611859
41	2025-06-10T08:20:00Z	24.32679366161186	22.593	1.733793661611859
41	2025-06-10T08:30:00Z	24.32679366161186	23.093	1.233793661611859
41	2025-06-10T08:40:00Z	24.32679366161186	24.094	0.23279366161185777
41	2025-06-10T08:50:00Z	24.32679366161186	27.093	-2.766206338388141
41	2025-06-10T09:00:00Z	24.32679366161186	27.093	-2.766206338388141
41	2025-06-10T09:10:00Z	24.32679366161186	28.592	-4.26520633838814
41	2025-06-10T09:20:00Z	24.32679366161186	29.591	-5.264206338388142
41	2025-06-10T09:30:00Z	24.32679366161186	28.092	-3.76520633838814
41	2025-06-10T09:40:00Z	24.83063349804055	27.593	-2.7623665019594483
41	2025-06-10T09:50:00Z	25.334473334469244	26.094	-0.7595266655307569
41	2025-06-10T10:00:00Z	25.334473334469244	26.094	-0.7595266655307569
41	2025-06-10T10:10:00Z	25.334473334469244	26.094	-0.7595266655307569
41	2025-06-10T10:20:00Z	25.838313170897937	26.094	-0.2556868291020642
41	2025-06-10T10:30:00Z	26.34215300732663	26.094	0.24815300732662848
41	2025-06-10T10:40:00Z	26.34215300732663	26.593	-0.2508469926733703
41	2025-06-10T10:50:00Z	27.85367251661271	27.093	0.7606725166127113
41	2025-06-10T11:00:00Z	29.36519202589879	27.093	2.2721920258987893
41	2025-06-10T11:10:00Z	30.372871698756175	27.093	3.2798716987561747
41	2025-06-10T11:20:00Z	30.876711535184867	27.093	3.7837115351848674
41	2025-06-10T11:30:00Z	32.38823104447095	27.093	5.295231044470949
41	2025-06-10T11:40:00Z	33.395910717328334	27.593	5.802910717328334
41	2025-06-10T11:50:00Z	34.40359039018572	27.593	6.81059039018572
41	2025-06-10T12:00:00Z	34.40359039018572	27.593	6.81059039018572
41	2025-06-10T12:10:00Z	34.907430226614416	28.092	6.815430226614417
41	2025-06-10T12:20:00Z	34.907430226614416	28.092	6.815430226614417
41	2025-06-10T12:30:00Z	34.907430226614416	28.092	6.815430226614417
41	2025-06-10T12:40:00Z	36.41894973590049	28.092	8.326949735900492
41	2025-06-10T12:50:00Z	36.41894973590049	28.592	7.826949735900492
41	2025-06-10T13:00:00Z	35.411270063043105	28.592	6.819270063043106
41	2025-06-10T13:10:00Z	35.9151098994718	28.592	7.3231098994718025
41	2025-06-10T13:20:00Z	36.41894973590049	28.592	7.826949735900492
41	2025-06-10T13:30:00Z	35.9151098994718	28.592	7.3231098994718025
41	2025-06-10T13:40:00Z	35.411270063043105	28.592	6.819270063043106
41	2025-06-10T13:50:00Z	35.411270063043105	28.592	6.819270063043106
41	2025-06-10T14:00:00Z	35.411270063043105	28.592	6.819270063043106
41	2025-06-10T14:10:00Z	35.411270063043105	28.592	6.819270063043106
41	2025-06-10T14:20:00Z	36.41894973590049	29.091	7.327949735900489
41	2025-06-10T14:30:00Z	36.41894973590049	29.091	7.327949735900489
41	2025-06-10T14:40:00Z	35.411270063043105	29.091	6.320270063043104
41	2025-06-10T14:50:00Z	35.411270063043105	29.091	6.320270063043104
41	2025-06-10T15:00:00Z	36.41894973590049	29.091	7.327949735900489
41	2025-06-10T15:10:00Z	35.9151098994718	29.091	6.8241098994718
41	2025-06-10T15:20:00Z	35.411270063043105	29.091	6.320270063043104
41	2025-06-10T15:30:00Z	36.92278957232919	28.592	8.330789572329188
41	2025-06-10T15:40:00Z	36.41894973590049	29.091	7.327949735900489
41	2025-06-10T15:50:00Z	35.9151098994718	29.591	6.3241098994718
41	2025-06-10T16:00:00Z	35.9151098994718	29.091	6.8241098994718
41	2025-06-10T16:10:00Z	35.9151098994718	29.591	6.3241098994718
41	2025-06-10T16:20:00Z	35.9151098994718	29.591	6.3241098994718
41	2025-06-10T16:30:00Z	35.9151098994718	29.591	6.3241098994718
41	2025-06-10T16:40:00Z	35.9151098994718	29.091	6.8241098994718
41	2025-06-10T16:50:00Z	35.9151098994718	29.091	6.8241098994718
41	2025-06-10T17:00:00Z	35.9151098994718	29.091	6.8241098994718
41	2025-06-10T17:10:00Z	36.41894973590049	29.091	7.327949735900489
41	2025-06-10T17:20:00Z	37.426629408757876	29.091	8.335629408757875
41	2025-06-10T17:30:00Z	37.426629408757876	29.091	8.335629408757875
41	2025-06-10T17:40:00Z	37.426629408757876	28.592	8.834629408757877
41	2025-06-10T17:50:00Z	37.426629408757876	28.592	8.834629408757877
41	2025-06-10T18:00:00Z	37.426629408757876	28.592	8.834629408757877
41	2025-06-10T18:10:00Z	36.92278957232919	28.592	8.330789572329188
41	2025-06-10T18:20:00Z	37.426629408757876	28.092	9.334629408757877
41	2025-06-10T18:30:00Z	37.426629408757876	28.092	9.334629408757877
41	2025-06-10T18:40:00Z	36.92278957232919	27.593	9.329789572329187
41	2025-06-10T18:50:00Z	36.92278957232919	27.093	9.829789572329187
41	2025-06-10T19:00:00Z	36.41894973590049	26.593	9.82594973590049
41	2025-06-10T19:10:00Z	36.92278957232919	26.094	10.828789572329185
41	2025-06-10T19:20:00Z	36.92278957232919	26.094	10.828789572329185
41	2025-06-10T19:30:00Z	37.426629408757876	25.594	11.832629408757875
41	2025-06-10T19:40:00Z	37.426629408757876	25.594	11.832629408757875
41	2025-06-10T19:50:00Z	37.426629408757876	25.594	11.832629408757875
41	2025-06-10T20:00:00Z	35.9151098994718	25.594	10.3211098994718
41	2025-06-10T20:10:00Z	35.411270063043105	25.094	10.317270063043104
41	2025-06-10T20:20:00Z	35.411270063043105	24.594	10.817270063043104
41	2025-06-10T20:30:00Z	37.426629408757876	24.094	13.332629408757875
41	2025-06-10T20:40:00Z	36.92278957232919	24.094	12.828789572329185
41	2025-06-10T20:50:00Z	35.9151098994718	24.094	11.8211098994718
41	2025-06-10T21:00:00Z	35.9151098994718	24.094	11.8211098994718
41	2025-06-10T21:10:00Z	34.40359039018572	24.094	10.309590390185718
41	2025-06-10T21:20:00Z	36.41894973590049	24.094	12.32494973590049
41	2025-06-10T21:30:00Z	36.41894973590049	23.594	12.82494973590049
41	2025-06-10T21:40:00Z	37.93046924518657	23.594	14.33646924518657
41	2025-06-10T21:50:00Z	37.426629408757876	23.093	14.333629408757876
41	2025-06-10T22:00:00Z	36.41894973590049	23.093	13.32594973590049
41	2025-06-10T22:10:00Z	36.41894973590049	23.594	12.82494973590049
41	2025-06-10T22:20:00Z	35.9151098994718	23.594	12.3211098994718
41	2025-06-10T22:30:00Z	34.907430226614416	23.594	11.313430226614415
41	2025-06-10T22:40:00Z	35.411270063043105	23.093	12.318270063043105
41	2025-06-10T22:50:00Z	35.9151098994718	23.093	12.822109899471801
41	2025-06-10T23:00:00Z	35.9151098994718	23.093	12.822109899471801
41	2025-06-10T23:10:00Z	35.9151098994718	22.593	13.322109899471801
41	2025-06-10T23:20:00Z	35.9151098994718	22.593	13.322109899471801
41	2025-06-10T23:30:00Z	35.9151098994718	23.093	12.822109899471801
41	2025-06-10T23:40:00Z	35.9151098994718	23.093	12.822109899471801
41	2025-06-10T23:50:00Z	35.9151098994718	23.093	12.822109899471801
41	2025-06-11T00:00:00Z	35.9151098994718	23.093	12.822109899471801
47	2025-06-04T17:00:00Z	37.43972660424669	27.093	10.346726604246687
47	2025-06-04T17:10:00Z	36.93986608190979	27.093	9.846866081909791
47	2025-06-04T17:20:00Z	37.43972660424669	27.093	10.346726604246687
47	2025-06-04T17:30:00Z	36.93986608190979	26.593	10.346866081909791
47	2025-06-04T17:40:00Z	36.93986608190979	26.593	10.346866081909791
47	2025-06-04T17:50:00Z	36.44000555957289	26.593	9.847005559572889
47	2025-06-04T18:00:00Z	35.940145037235986	26.593	9.347145037235986
47	2025-06-04T18:10:00Z	35.940145037235986	25.594	10.346145037235985
47	2025-06-04T18:20:00Z	35.44028451489909	25.094	10.34628451489909
47	2025-06-04T18:30:00Z	35.44028451489909	25.094	10.34628451489909
47	2025-06-04T18:40:00Z	34.94042399256219	24.594	10.346423992562187
47	2025-06-04T18:50:00Z	34.44056347022529	24.094	10.346563470225291
47	2025-06-04T19:00:00Z	33.9407029478884	24.094	9.846702947888396
47	2025-06-04T19:10:00Z	32.94098190321459	23.594	9.34698190321459
47	2025-06-04T19:20:00Z	32.94098190321459	23.594	9.34698190321459
47	2025-06-04T19:30:00Z	35.44028451489909	24.094	11.34628451489909
47	2025-06-04T19:40:00Z	36.93986608190979	23.594	13.34586608190979
47	2025-06-04T19:50:00Z	36.93986608190979	23.594	13.34586608190979
47	2025-06-04T20:00:00Z	36.93986608190979	23.093	13.846866081909791
47	2025-06-04T20:10:00Z	35.940145037235986	23.093	12.847145037235986
47	2025-06-04T20:20:00Z	37.93958712658358	23.093	14.846587126583582
47	2025-06-04T20:30:00Z	37.43972660424669	22.593	14.846726604246687
47	2025-06-04T20:40:00Z	37.93958712658358	22.593	15.346587126583582
47	2025-06-04T20:50:00Z	36.93986608190979	22.593	14.346866081909791
47	2025-06-04T21:00:00Z	37.43972660424669	22.093	15.346726604246687
47	2025-06-04T21:10:00Z	35.940145037235986	22.593	13.347145037235986
47	2025-06-04T21:20:00Z	36.44000555957289	22.593	13.847005559572889
47	2025-06-04T21:30:00Z	35.940145037235986	22.093	13.847145037235986
47	2025-06-04T21:40:00Z	36.44000555957289	22.093	14.347005559572889
47	2025-06-04T21:50:00Z	36.44000555957289	22.093	14.347005559572889
47	2025-06-04T22:00:00Z	35.44028451489909	22.093	13.34728451489909
47	2025-06-04T22:10:00Z	35.44028451489909	22.093	13.34728451489909
47	2025-06-04T22:20:00Z	34.94042399256219	21.592	13.34842399256219
47	2025-06-04T22:30:00Z	35.940145037235986	21.592	14.348145037235987
47	2025-06-04T22:40:00Z	34.44056347022529	21.592	12.848563470225294
47	2025-06-04T22:50:00Z	33.9407029478884	21.592	12.348702947888398
47	2025-06-04T23:00:00Z	34.44056347022529	21.592	12.848563470225294
47	2025-06-04T23:10:00Z	34.44056347022529	21.592	12.848563470225294
47	2025-06-04T23:20:00Z	34.44056347022529	21.592	12.848563470225294
47	2025-06-04T23:30:00Z	33.440842425551494	21.592	11.848842425551496
47	2025-06-04T23:40:00Z	33.9407029478884	21.592	12.348702947888398
47	2025-06-04T23:50:00Z	34.94042399256219	21.592	13.34842399256219
47	2025-06-05T00:00:00Z	34.94042399256219	21.592	13.34842399256219
47	2025-06-05T00:10:00Z	35.44028451489909	21.092	14.348284514899092
47	2025-06-05T00:20:00Z	33.440842425551494	21.092	12.348842425551496
47	2025-06-05T00:30:00Z	35.44028451489909	21.092	14.348284514899092
47	2025-06-05T00:40:00Z	33.9407029478884	21.092	12.848702947888398
47	2025-06-05T00:50:00Z	34.94042399256219	21.092	13.84842399256219
47	2025-06-05T01:00:00Z	34.44056347022529	21.092	13.348563470225294
47	2025-06-05T01:10:00Z	33.440842425551494	21.092	12.348842425551496
47	2025-06-05T01:20:00Z	34.44056347022529	21.092	13.348563470225294
47	2025-06-05T01:30:00Z	34.94042399256219	21.092	13.84842399256219
47	2025-06-05T01:40:00Z	34.44056347022529	20.591	13.849563470225291
47	2025-06-05T01:50:00Z	33.440842425551494	19.089	14.351842425551496
47	2025-06-05T02:00:00Z	33.440842425551494	18.589	14.851842425551496
47	2025-06-05T02:10:00Z	32.94098190321459	18.589	14.351981903214593
47	2025-06-05T02:20:00Z	33.440842425551494	18.589	14.851842425551496
47	2025-06-05T02:30:00Z	32.94098190321459	18.589	14.351981903214593
47	2025-06-05T02:40:00Z	31.941260858540797	18.589	13.352260858540799
47	2025-06-05T02:50:00Z	31.941260858540797	18.589	13.352260858540799
47	2025-06-05T03:00:00Z	32.441121380877696	18.589	13.852121380877698
47	2025-06-05T03:10:00Z	31.941260858540797	19.089	12.852260858540799
47	2025-06-05T03:20:00Z	31.4414003362039	19.089	12.3524003362039
47	2025-06-05T03:30:00Z	32.94098190321459	19.59	13.350981903214592
47	2025-06-05T03:40:00Z	31.4414003362039	19.089	12.3524003362039
47	2025-06-05T03:50:00Z	32.441121380877696	19.59	12.851121380877697
47	2025-06-05T04:00:00Z	30.441679291530104	19.089	11.352679291530105
47	2025-06-05T04:10:00Z	32.441121380877696	19.089	13.352121380877698
47	2025-06-05T04:20:00Z	32.441121380877696	19.59	12.851121380877697
47	2025-06-05T04:30:00Z	32.94098190321459	19.59	13.350981903214592
47	2025-06-05T04:40:00Z	32.441121380877696	19.59	12.851121380877697
47	2025-06-05T04:50:00Z	33.9407029478884	19.59	14.350702947888397
47	2025-06-05T05:00:00Z	34.44056347022529	19.59	14.850563470225293
47	2025-06-05T05:10:00Z	33.9407029478884	19.59	14.350702947888397
47	2025-06-05T05:20:00Z	33.440842425551494	19.089	14.351842425551496
47	2025-06-05T05:30:00Z	33.9407029478884	19.089	14.851702947888398
47	2025-06-05T05:40:00Z	32.94098190321459	19.089	13.851981903214593
47	2025-06-05T05:50:00Z	31.941260858540797	19.089	12.852260858540799
47	2025-06-05T06:00:00Z	30.941539813867003	19.089	11.852539813867004
47	2025-06-05T06:10:00Z	31.941260858540797	19.089	12.852260858540799
47	2025-06-05T06:20:00Z	31.941260858540797	18.589	13.352260858540799
47	2025-06-05T06:30:00Z	30.941539813867003	19.089	11.852539813867004
47	2025-06-05T06:40:00Z	30.441679291530104	19.089	11.352679291530105
47	2025-06-05T06:50:00Z	30.441679291530104	19.089	11.352679291530105
47	2025-06-05T07:00:00Z	29.441958246856302	19.089	10.352958246856304
47	2025-06-05T07:10:00Z	29.941818769193205	19.089	10.852818769193206
47	2025-06-05T07:20:00Z	29.941818769193205	19.59	10.351818769193205
47	2025-06-05T07:30:00Z	29.941818769193205	19.59	10.351818769193205
47	2025-06-05T07:40:00Z	28.942097724519403	19.59	9.352097724519403
47	2025-06-05T07:50:00Z	27.94237667984561	20.091	7.8513766798456075
47	2025-06-05T08:00:00Z	28.442237202182508	20.091	8.351237202182507
47	2025-06-05T08:10:00Z	27.94237667984561	20.091	7.8513766798456075
47	2025-06-05T08:20:00Z	27.44251615750871	20.591	6.8515161575087085
47	2025-06-05T08:30:00Z	26.94265563517181	20.591	6.351655635171809
47	2025-06-05T08:40:00Z	27.94237667984561	20.591	7.3513766798456075
47	2025-06-05T08:50:00Z	27.44251615750871	21.092	6.350516157508711
47	2025-06-05T09:00:00Z	26.94265563517181	21.592	5.350655635171812
47	2025-06-05T09:10:00Z	26.44279511283491	22.093	4.3497951128349115
47	2025-06-05T09:20:00Z	26.44279511283491	22.593	3.8497951128349115
47	2025-06-05T09:30:00Z	25.942934590498012	23.093	2.8499345904980125
47	2025-06-05T09:40:00Z	25.942934590498012	23.594	2.3489345904980112
47	2025-06-05T09:50:00Z	25.942934590498012	24.094	1.8489345904980112
47	2025-06-05T10:00:00Z	25.942934590498012	24.094	1.8489345904980112
47	2025-06-05T10:10:00Z	25.942934590498012	24.594	1.3489345904980112
47	2025-06-05T10:20:00Z	25.942934590498012	24.594	1.3489345904980112
47	2025-06-05T10:30:00Z	25.942934590498012	25.094	0.8489345904980112
47	2025-06-05T10:40:00Z	25.942934590498012	25.094	0.8489345904980112
47	2025-06-05T10:50:00Z	25.942934590498012	25.094	0.8489345904980112
47	2025-06-05T11:00:00Z	25.942934590498012	25.594	0.34893459049801123
47	2025-06-05T11:10:00Z	25.942934590498012	25.594	0.34893459049801123
47	2025-06-05T11:20:00Z	25.942934590498012	25.594	0.34893459049801123
47	2025-06-05T11:30:00Z	25.942934590498012	26.094	-0.15106540950198877
47	2025-06-05T11:40:00Z	25.942934590498012	25.594	0.34893459049801123
47	2025-06-05T11:50:00Z	26.44279511283491	26.094	0.34879511283491027
47	2025-06-05T12:00:00Z	26.44279511283491	26.094	0.34879511283491027
47	2025-06-05T12:10:00Z	26.44279511283491	26.094	0.34879511283491027
47	2025-06-05T12:20:00Z	26.94265563517181	26.094	0.8486556351718093
47	2025-06-05T12:30:00Z	26.94265563517181	26.094	0.8486556351718093
47	2025-06-05T12:40:00Z	27.94237667984561	26.094	1.8483766798456074
47	2025-06-05T12:50:00Z	27.94237667984561	26.094	1.8483766798456074
47	2025-06-05T13:00:00Z	27.94237667984561	26.094	1.8483766798456074
47	2025-06-05T13:10:00Z	27.94237667984561	26.094	1.8483766798456074
47	2025-06-05T13:20:00Z	27.94237667984561	26.094	1.8483766798456074
47	2025-06-05T13:30:00Z	27.94237667984561	26.094	1.8483766798456074
47	2025-06-05T13:40:00Z	28.442237202182508	26.593	1.8492372021825076
47	2025-06-05T13:50:00Z	30.441679291530104	26.593	3.848679291530104
47	2025-06-05T14:00:00Z	30.941539813867003	26.593	4.348539813867003
47	2025-06-05T14:10:00Z	30.941539813867003	26.593	4.348539813867003
47	2025-06-05T14:20:00Z	31.4414003362039	26.593	4.848400336203898
47	2025-06-05T14:30:00Z	30.941539813867003	26.593	4.348539813867003
47	2025-06-05T14:40:00Z	31.941260858540797	27.093	4.848260858540797
47	2025-06-05T14:50:00Z	31.941260858540797	27.093	4.848260858540797
47	2025-06-05T15:00:00Z	33.440842425551494	26.593	6.8478424255514945
47	2025-06-05T15:10:00Z	32.94098190321459	27.093	5.847981903214592
47	2025-06-05T15:20:00Z	34.44056347022529	27.093	7.3475634702252925
47	2025-06-05T15:30:00Z	34.44056347022529	27.093	7.3475634702252925
47	2025-06-05T15:40:00Z	34.44056347022529	27.093	7.3475634702252925
47	2025-06-05T15:50:00Z	35.44028451489909	27.093	8.34728451489909
47	2025-06-05T16:00:00Z	34.94042399256219	27.093	7.847423992562188
47	2025-06-05T16:10:00Z	34.44056347022529	27.093	7.3475634702252925
47	2025-06-05T16:20:00Z	33.440842425551494	26.593	6.8478424255514945
47	2025-06-05T16:30:00Z	33.440842425551494	26.593	6.8478424255514945
47	2025-06-05T16:40:00Z	32.441121380877696	26.593	5.848121380877696
47	2025-06-05T16:50:00Z	34.44056347022529	27.093	7.3475634702252925
47	2025-06-05T17:00:00Z	33.9407029478884	26.593	7.347702947888397
47	2025-06-05T17:10:00Z	33.440842425551494	26.593	6.8478424255514945
47	2025-06-05T17:20:00Z	32.94098190321459	26.593	6.347981903214592
47	2025-06-05T17:30:00Z	32.441121380877696	26.593	5.848121380877696
47	2025-06-05T17:40:00Z	31.941260858540797	26.094	5.847260858540796
47	2025-06-05T17:50:00Z	35.940145037235986	26.094	9.846145037235985
47	2025-06-05T18:00:00Z	35.940145037235986	26.094	9.846145037235985
47	2025-06-05T18:10:00Z	36.44000555957289	25.594	10.846005559572887
47	2025-06-05T18:20:00Z	35.940145037235986	25.594	10.346145037235985
47	2025-06-05T18:30:00Z	34.94042399256219	25.594	9.346423992562187
47	2025-06-05T18:40:00Z	35.44028451489909	25.094	10.34628451489909
47	2025-06-05T18:50:00Z	34.44056347022529	24.594	9.846563470225291
47	2025-06-05T19:00:00Z	33.440842425551494	24.594	8.846842425551493
47	2025-06-05T19:10:00Z	34.44056347022529	24.094	10.346563470225291
47	2025-06-05T19:20:00Z	33.440842425551494	24.094	9.346842425551493
47	2025-06-05T19:30:00Z	33.9407029478884	24.094	9.846702947888396
47	2025-06-05T19:40:00Z	33.440842425551494	24.094	9.346842425551493
47	2025-06-05T19:50:00Z	35.940145037235986	23.594	12.346145037235985
47	2025-06-05T20:00:00Z	35.44028451489909	23.594	11.84628451489909
47	2025-06-05T20:10:00Z	34.94042399256219	23.594	11.346423992562187
47	2025-06-05T20:20:00Z	34.44056347022529	23.594	10.846563470225291
47	2025-06-05T20:30:00Z	33.9407029478884	23.093	10.847702947888397
47	2025-06-05T20:40:00Z	33.9407029478884	23.093	10.847702947888397
47	2025-06-05T20:50:00Z	33.9407029478884	23.093	10.847702947888397
47	2025-06-05T21:00:00Z	33.440842425551494	22.593	10.847842425551494
47	2025-06-05T21:10:00Z	34.94042399256219	22.593	12.347423992562188
47	2025-06-05T21:20:00Z	34.94042399256219	22.593	12.347423992562188
47	2025-06-05T21:30:00Z	33.9407029478884	22.593	11.347702947888397
47	2025-06-05T21:40:00Z	33.9407029478884	22.593	11.347702947888397
47	2025-06-05T21:50:00Z	33.440842425551494	22.093	11.347842425551494
47	2025-06-05T22:00:00Z	33.9407029478884	22.093	11.847702947888397
47	2025-06-05T22:10:00Z	34.94042399256219	22.093	12.847423992562188
47	2025-06-05T22:20:00Z	34.44056347022529	22.093	12.347563470225293
47	2025-06-05T22:30:00Z	32.94098190321459	22.093	10.847981903214592
47	2025-06-05T22:40:00Z	32.441121380877696	21.592	10.849121380877698
47	2025-06-05T22:50:00Z	35.940145037235986	21.592	14.348145037235987
47	2025-06-05T23:00:00Z	36.44000555957289	21.592	14.84800555957289
47	2025-06-05T23:10:00Z	35.940145037235986	21.592	14.348145037235987
47	2025-06-05T23:20:00Z	35.940145037235986	21.592	14.348145037235987
47	2025-06-05T23:30:00Z	35.940145037235986	21.592	14.348145037235987
47	2025-06-05T23:40:00Z	35.44028451489909	21.592	13.848284514899092
47	2025-06-05T23:50:00Z	32.441121380877696	21.592	10.849121380877698
47	2025-06-06T00:00:00Z	31.4414003362039	21.592	9.8494003362039
47	2025-06-06T00:10:00Z	32.94098190321459	21.592	11.348981903214593
47	2025-06-06T00:20:00Z	35.44028451489909	21.592	13.848284514899092
47	2025-06-06T00:30:00Z	34.94042399256219	21.592	13.34842399256219
47	2025-06-06T00:40:00Z	34.44056347022529	21.592	12.848563470225294
47	2025-06-06T00:50:00Z	32.441121380877696	21.092	11.349121380877698
47	2025-06-06T01:00:00Z	31.941260858540797	21.092	10.849260858540799
47	2025-06-06T01:10:00Z	31.4414003362039	21.592	9.8494003362039
47	2025-06-06T01:20:00Z	31.941260858540797	21.092	10.849260858540799
47	2025-06-06T01:30:00Z	32.441121380877696	21.092	11.349121380877698
47	2025-06-06T01:40:00Z	31.941260858540797	21.092	10.849260858540799
47	2025-06-06T01:50:00Z	33.9407029478884	21.092	12.848702947888398
47	2025-06-06T02:00:00Z	33.440842425551494	21.092	12.348842425551496
47	2025-06-06T02:10:00Z	32.94098190321459	20.591	12.34998190321459
47	2025-06-06T02:20:00Z	32.94098190321459	20.591	12.34998190321459
47	2025-06-06T02:30:00Z	32.441121380877696	20.591	11.850121380877695
47	2025-06-06T02:40:00Z	32.441121380877696	20.091	12.350121380877695
47	2025-06-06T02:50:00Z	32.441121380877696	20.091	12.350121380877695
47	2025-06-06T03:00:00Z	31.4414003362039	20.091	11.350400336203897
47	2025-06-06T03:10:00Z	31.4414003362039	20.591	10.850400336203897
47	2025-06-06T03:20:00Z	30.941539813867003	20.591	10.350539813867002
47	2025-06-06T03:30:00Z	30.941539813867003	20.091	10.850539813867002
47	2025-06-06T03:40:00Z	33.440842425551494	20.091	13.349842425551493
47	2025-06-06T03:50:00Z	33.9407029478884	20.591	13.349702947888396
47	2025-06-06T04:00:00Z	33.9407029478884	20.091	13.849702947888396
47	2025-06-06T04:10:00Z	32.94098190321459	19.59	13.350981903214592
47	2025-06-06T04:20:00Z	31.941260858540797	20.091	11.850260858540796
47	2025-06-06T04:30:00Z	31.4414003362039	20.091	11.350400336203897
47	2025-06-06T04:40:00Z	30.941539813867003	20.091	10.850539813867002
47	2025-06-06T04:50:00Z	32.441121380877696	20.091	12.350121380877695
47	2025-06-06T05:00:00Z	31.941260858540797	20.091	11.850260858540796
47	2025-06-06T05:10:00Z	31.941260858540797	20.091	11.850260858540796
47	2025-06-06T05:20:00Z	31.4414003362039	19.59	11.851400336203898
47	2025-06-06T05:30:00Z	31.4414003362039	20.091	11.350400336203897
47	2025-06-06T05:40:00Z	32.441121380877696	20.091	12.350121380877695
47	2025-06-06T05:50:00Z	34.44056347022529	19.59	14.850563470225293
47	2025-06-06T06:00:00Z	33.440842425551494	19.59	13.850842425551495
47	2025-06-06T06:10:00Z	31.941260858540797	19.59	12.351260858540797
47	2025-06-06T06:20:00Z	31.4414003362039	19.59	11.851400336203898
47	2025-06-06T06:30:00Z	32.441121380877696	19.59	12.851121380877697
47	2025-06-06T06:40:00Z	31.4414003362039	19.59	11.851400336203898
47	2025-06-06T06:50:00Z	32.94098190321459	19.59	13.350981903214592
47	2025-06-06T07:00:00Z	32.441121380877696	19.59	12.851121380877697
47	2025-06-06T07:10:00Z	31.941260858540797	19.59	12.351260858540797
47	2025-06-06T07:20:00Z	31.941260858540797	20.591	11.350260858540796
47	2025-06-06T07:30:00Z	30.441679291530104	21.592	8.849679291530105
47	2025-06-06T07:40:00Z	31.4414003362039	23.093	8.348400336203898
47	2025-06-06T07:50:00Z	31.941260858540797	24.094	7.847260858540796
47	2025-06-06T08:00:00Z	31.4414003362039	25.094	6.347400336203897
47	2025-06-06T08:10:00Z	31.4414003362039	26.593	4.848400336203898
47	2025-06-06T08:20:00Z	31.4414003362039	26.094	5.347400336203897
47	2025-06-06T08:30:00Z	31.4414003362039	27.093	4.348400336203898
47	2025-06-06T08:40:00Z	31.4414003362039	27.593	3.8484003362038983
47	2025-06-06T08:50:00Z	31.4414003362039	27.593	3.8484003362038983
47	2025-06-06T09:00:00Z	31.4414003362039	25.094	6.347400336203897
47	2025-06-06T09:10:00Z	30.441679291530104	27.093	3.348679291530104
47	2025-06-06T09:20:00Z	31.4414003362039	27.593	3.8484003362038983
47	2025-06-06T09:30:00Z	31.4414003362039	28.092	3.3494003362038995
47	2025-06-06T09:40:00Z	31.4414003362039	27.093	4.348400336203898
47	2025-06-06T09:50:00Z	30.941539813867003	25.594	5.347539813867002
47	2025-06-06T10:00:00Z	30.441679291530104	25.594	4.847679291530103
47	2025-06-06T10:10:00Z	30.441679291530104	26.094	4.347679291530103
47	2025-06-06T10:20:00Z	30.441679291530104	26.094	4.347679291530103
47	2025-06-06T10:30:00Z	29.941818769193205	26.094	3.8478187691932035
47	2025-06-06T10:40:00Z	29.941818769193205	26.593	3.3488187691932048
47	2025-06-06T10:50:00Z	29.941818769193205	26.593	3.3488187691932048
47	2025-06-06T11:00:00Z	29.941818769193205	26.593	3.3488187691932048
47	2025-06-06T11:10:00Z	30.441679291530104	27.093	3.348679291530104
47	2025-06-06T11:20:00Z	29.941818769193205	27.093	2.8488187691932048
47	2025-06-06T11:30:00Z	29.941818769193205	27.093	2.8488187691932048
47	2025-06-06T11:40:00Z	29.941818769193205	26.593	3.3488187691932048
47	2025-06-06T11:50:00Z	29.941818769193205	26.593	3.3488187691932048
47	2025-06-06T12:00:00Z	29.941818769193205	27.093	2.8488187691932048
47	2025-06-06T12:10:00Z	29.941818769193205	26.593	3.3488187691932048
47	2025-06-06T12:20:00Z	29.941818769193205	27.093	2.8488187691932048
47	2025-06-06T12:30:00Z	29.941818769193205	27.093	2.8488187691932048
47	2025-06-06T12:40:00Z	29.941818769193205	27.093	2.8488187691932048
47	2025-06-06T12:50:00Z	30.941539813867003	27.593	3.348539813867003
47	2025-06-06T13:00:00Z	31.941260858540797	27.593	4.348260858540797
47	2025-06-06T13:10:00Z	31.4414003362039	28.092	3.3494003362038995
47	2025-06-06T13:20:00Z	31.941260858540797	27.593	4.348260858540797
47	2025-06-06T13:30:00Z	31.941260858540797	27.093	4.848260858540797
47	2025-06-06T13:40:00Z	32.441121380877696	27.593	4.848121380877696
47	2025-06-06T13:50:00Z	32.441121380877696	27.093	5.348121380877696
47	2025-06-06T14:00:00Z	33.440842425551494	27.593	5.8478424255514945
47	2025-06-06T14:10:00Z	32.94098190321459	28.092	4.848981903214593
47	2025-06-06T14:20:00Z	33.9407029478884	28.092	5.848702947888398
47	2025-06-06T14:30:00Z	33.9407029478884	28.092	5.848702947888398
47	2025-06-06T14:40:00Z	34.44056347022529	28.092	6.348563470225294
47	2025-06-06T14:50:00Z	34.44056347022529	27.593	6.8475634702252925
47	2025-06-06T15:00:00Z	34.94042399256219	28.092	6.848423992562189
47	2025-06-06T15:10:00Z	35.44028451489909	28.092	7.348284514899092
47	2025-06-06T15:20:00Z	34.94042399256219	28.092	6.848423992562189
47	2025-06-06T15:30:00Z	33.9407029478884	28.092	5.848702947888398
47	2025-06-06T15:40:00Z	33.440842425551494	28.092	5.348842425551496
47	2025-06-06T15:50:00Z	34.44056347022529	28.092	6.348563470225294
47	2025-06-06T16:00:00Z	32.94098190321459	28.092	4.848981903214593
47	2025-06-06T16:10:00Z	32.94098190321459	27.593	5.347981903214592
47	2025-06-06T16:20:00Z	32.441121380877696	28.092	4.349121380877698
47	2025-06-06T16:30:00Z	34.94042399256219	28.092	6.848423992562189
47	2025-06-06T16:40:00Z	34.94042399256219	28.092	6.848423992562189
47	2025-06-06T16:50:00Z	34.44056347022529	28.092	6.348563470225294
47	2025-06-06T17:00:00Z	33.440842425551494	28.092	5.348842425551496
47	2025-06-06T17:10:00Z	33.440842425551494	27.593	5.8478424255514945
47	2025-06-06T17:20:00Z	34.94042399256219	28.092	6.848423992562189
47	2025-06-06T17:30:00Z	35.44028451489909	28.092	7.348284514899092
47	2025-06-06T17:40:00Z	35.44028451489909	28.092	7.348284514899092
47	2025-06-06T17:50:00Z	35.44028451489909	27.593	7.847284514899091
47	2025-06-06T18:00:00Z	35.940145037235986	27.593	8.347145037235986
47	2025-06-06T18:10:00Z	35.44028451489909	27.593	7.847284514899091
47	2025-06-06T18:20:00Z	35.940145037235986	27.593	8.347145037235986
47	2025-06-06T18:30:00Z	34.94042399256219	27.093	7.847423992562188
47	2025-06-06T18:40:00Z	35.44028451489909	26.593	8.84728451489909
47	2025-06-06T18:50:00Z	35.44028451489909	26.094	9.34628451489909
47	2025-06-06T19:00:00Z	34.94042399256219	26.094	8.846423992562187
47	2025-06-06T19:10:00Z	33.9407029478884	25.594	8.346702947888396
47	2025-06-06T19:20:00Z	33.440842425551494	25.594	7.846842425551493
47	2025-06-06T19:30:00Z	34.44056347022529	25.094	9.346563470225291
47	2025-06-06T19:40:00Z	34.44056347022529	25.094	9.346563470225291
47	2025-06-06T19:50:00Z	34.94042399256219	24.594	10.346423992562187
47	2025-06-06T20:00:00Z	34.94042399256219	24.594	10.346423992562187
47	2025-06-06T20:10:00Z	32.94098190321459	24.594	8.34698190321459
47	2025-06-06T20:20:00Z	34.44056347022529	24.094	10.346563470225291
47	2025-06-06T20:30:00Z	34.44056347022529	24.094	10.346563470225291
47	2025-06-06T20:40:00Z	34.94042399256219	23.594	11.346423992562187
47	2025-06-06T20:50:00Z	36.44000555957289	23.594	12.846005559572887
47	2025-06-06T21:00:00Z	36.93986608190979	23.594	13.34586608190979
47	2025-06-06T21:10:00Z	37.93958712658358	23.594	14.345587126583581
47	2025-06-06T21:20:00Z	36.44000555957289	23.093	13.347005559572889
47	2025-06-06T21:30:00Z	35.44028451489909	23.093	12.34728451489909
47	2025-06-06T21:40:00Z	35.44028451489909	23.093	12.34728451489909
47	2025-06-06T21:50:00Z	34.94042399256219	23.093	11.847423992562188
47	2025-06-06T22:00:00Z	33.440842425551494	22.593	10.847842425551494
47	2025-06-06T22:10:00Z	33.9407029478884	22.593	11.347702947888397
47	2025-06-06T22:20:00Z	33.440842425551494	22.593	10.847842425551494
47	2025-06-06T22:30:00Z	35.940145037235986	22.593	13.347145037235986
47	2025-06-06T22:40:00Z	35.940145037235986	22.593	13.347145037235986
47	2025-06-06T22:50:00Z	36.93986608190979	22.593	14.346866081909791
47	2025-06-06T23:00:00Z	36.44000555957289	22.593	13.847005559572889
47	2025-06-06T23:10:00Z	35.940145037235986	22.093	13.847145037235986
47	2025-06-06T23:20:00Z	35.44028451489909	22.093	13.34728451489909
47	2025-06-06T23:30:00Z	32.94098190321459	22.093	10.847981903214592
47	2025-06-06T23:40:00Z	33.440842425551494	22.093	11.347842425551494
47	2025-06-06T23:50:00Z	35.44028451489909	22.093	13.34728451489909
47	2025-06-07T00:00:00Z	35.44028451489909	22.093	13.34728451489909
47	2025-06-07T00:10:00Z	34.94042399256219	22.093	12.847423992562188
47	2025-06-07T00:20:00Z	34.94042399256219	21.592	13.34842399256219
47	2025-06-07T00:30:00Z	34.94042399256219	21.592	13.34842399256219
47	2025-06-07T00:40:00Z	34.94042399256219	21.592	13.34842399256219
47	2025-06-07T00:50:00Z	34.44056347022529	21.592	12.848563470225294
47	2025-06-07T01:00:00Z	33.9407029478884	21.092	12.848702947888398
47	2025-06-07T01:10:00Z	34.44056347022529	21.592	12.848563470225294
47	2025-06-07T01:20:00Z	34.44056347022529	21.592	12.848563470225294
47	2025-06-07T01:30:00Z	33.440842425551494	21.592	11.848842425551496
47	2025-06-07T01:40:00Z	33.440842425551494	21.592	11.848842425551496
47	2025-06-07T01:50:00Z	34.44056347022529	21.092	13.348563470225294
47	2025-06-07T02:00:00Z	33.9407029478884	21.592	12.348702947888398
47	2025-06-07T02:10:00Z	33.9407029478884	21.092	12.848702947888398
47	2025-06-07T02:20:00Z	33.9407029478884	21.092	12.848702947888398
47	2025-06-07T02:30:00Z	33.9407029478884	21.092	12.848702947888398
47	2025-06-07T02:40:00Z	33.440842425551494	21.092	12.348842425551496
47	2025-06-07T02:50:00Z	32.94098190321459	21.092	11.848981903214593
47	2025-06-07T03:00:00Z	32.441121380877696	20.591	11.850121380877695
47	2025-06-07T03:10:00Z	31.941260858540797	20.591	11.350260858540796
47	2025-06-07T03:20:00Z	31.941260858540797	20.591	11.350260858540796
47	2025-06-07T03:30:00Z	31.4414003362039	20.591	10.850400336203897
47	2025-06-07T03:40:00Z	30.941539813867003	20.091	10.850539813867002
47	2025-06-07T03:50:00Z	30.441679291530104	20.591	9.850679291530103
47	2025-06-07T04:00:00Z	31.941260858540797	20.591	11.350260858540796
47	2025-06-07T04:10:00Z	32.94098190321459	20.091	12.84998190321459
47	2025-06-07T04:20:00Z	32.94098190321459	19.59	13.350981903214592
47	2025-06-07T04:30:00Z	32.441121380877696	20.091	12.350121380877695
47	2025-06-07T04:40:00Z	31.941260858540797	20.091	11.850260858540796
47	2025-06-07T04:50:00Z	32.441121380877696	20.091	12.350121380877695
47	2025-06-07T05:00:00Z	31.941260858540797	20.091	11.850260858540796
47	2025-06-07T05:10:00Z	30.441679291530104	19.59	10.851679291530104
47	2025-06-07T05:20:00Z	28.942097724519403	19.59	9.352097724519403
47	2025-06-07T05:30:00Z	28.442237202182508	19.59	8.852237202182508
47	2025-06-07T05:40:00Z	33.440842425551494	19.089	14.351842425551496
47	2025-06-07T05:50:00Z	32.441121380877696	19.089	13.352121380877698
47	2025-06-07T06:00:00Z	31.4414003362039	19.59	11.851400336203898
47	2025-06-07T06:10:00Z	31.941260858540797	19.59	12.351260858540797
47	2025-06-07T06:20:00Z	32.94098190321459	19.59	13.350981903214592
47	2025-06-07T06:30:00Z	32.94098190321459	20.091	12.84998190321459
47	2025-06-07T06:40:00Z	32.94098190321459	20.091	12.84998190321459
47	2025-06-07T06:50:00Z	32.94098190321459	20.591	12.34998190321459
47	2025-06-07T07:00:00Z	32.441121380877696	20.591	11.850121380877695
47	2025-06-07T07:10:00Z	31.941260858540797	20.591	11.350260858540796
47	2025-06-07T07:20:00Z	31.941260858540797	21.092	10.849260858540799
47	2025-06-07T07:30:00Z	30.441679291530104	22.093	8.348679291530104
47	2025-06-07T07:40:00Z	29.941818769193205	23.594	6.3478187691932035
47	2025-06-07T07:50:00Z	29.941818769193205	24.594	5.3478187691932035
47	2025-06-07T08:00:00Z	29.441958246856302	26.094	3.347958246856301
47	2025-06-07T08:10:00Z	28.942097724519403	27.593	1.3490977245194031
47	2025-06-07T08:20:00Z	28.442237202182508	27.093	1.3492372021825076
47	2025-06-07T08:30:00Z	28.442237202182508	28.592	-0.14976279781749113
47	2025-06-07T08:40:00Z	28.442237202182508	29.591	-1.1487627978174935
47	2025-06-07T08:50:00Z	28.942097724519403	30.589	-1.6469022754805955
47	2025-06-07T09:00:00Z	28.942097724519403	27.593	1.3490977245194031
47	2025-06-07T09:10:00Z	28.442237202182508	29.091	-0.6487627978174935
47	2025-06-07T09:20:00Z	29.941818769193205	30.09	-0.14818123080679513
47	2025-06-07T09:30:00Z	28.942097724519403	30.09	-1.1479022754805968
47	2025-06-07T09:40:00Z	29.941818769193205	29.091	0.85081876919320365
47	2025-06-07T09:50:00Z	30.441679291530104	27.593	2.848679291530104
47	2025-06-07T10:00:00Z	31.941260858540797	27.593	4.348260858540797
47	2025-06-07T10:10:00Z	31.941260858540797	27.593	4.348260858540797
47	2025-06-07T10:20:00Z	32.441121380877696	27.593	4.848121380877696
47	2025-06-07T10:30:00Z	32.94098190321459	28.092	4.848981903214593
47	2025-06-07T10:40:00Z	32.94098190321459	28.092	4.848981903214593
47	2025-06-07T10:50:00Z	32.94098190321459	28.092	4.848981903214593
47	2025-06-07T11:00:00Z	32.94098190321459	28.592	4.348981903214593
47	2025-06-07T11:10:00Z	33.440842425551494	28.092	5.348842425551496
47	2025-06-07T11:20:00Z	32.441121380877696	28.092	4.349121380877698
47	2025-06-07T11:30:00Z	32.94098190321459	28.592	4.348981903214593
47	2025-06-07T11:40:00Z	32.441121380877696	28.092	4.349121380877698
47	2025-06-07T11:50:00Z	33.440842425551494	28.092	5.348842425551496
47	2025-06-07T12:00:00Z	33.440842425551494	28.092	5.348842425551496
47	2025-06-07T12:10:00Z	33.440842425551494	28.092	5.348842425551496
47	2025-06-07T12:20:00Z	32.441121380877696	28.092	4.349121380877698
47	2025-06-07T12:30:00Z	32.94098190321459	28.592	4.348981903214593
47	2025-06-07T12:40:00Z	33.440842425551494	28.592	4.848842425551496
47	2025-06-07T12:50:00Z	33.440842425551494	28.092	5.348842425551496
47	2025-06-07T13:00:00Z	33.440842425551494	28.592	4.848842425551496
47	2025-06-07T13:10:00Z	33.440842425551494	28.592	4.848842425551496
47	2025-06-07T13:20:00Z	32.94098190321459	28.092	4.848981903214593
47	2025-06-07T13:30:00Z	32.94098190321459	28.092	4.848981903214593
47	2025-06-07T13:40:00Z	33.440842425551494	28.592	4.848842425551496
47	2025-06-07T13:50:00Z	32.94098190321459	28.592	4.348981903214593
47	2025-06-07T14:00:00Z	32.94098190321459	28.592	4.348981903214593
47	2025-06-07T14:10:00Z	33.9407029478884	28.092	5.848702947888398
47	2025-06-07T14:20:00Z	33.9407029478884	28.592	5.348702947888398
47	2025-06-07T14:30:00Z	33.9407029478884	28.592	5.348702947888398
47	2025-06-07T14:40:00Z	34.44056347022529	28.592	5.848563470225294
47	2025-06-07T14:50:00Z	34.94042399256219	28.592	6.348423992562189
47	2025-06-07T15:00:00Z	34.94042399256219	28.592	6.348423992562189
47	2025-06-07T15:10:00Z	34.94042399256219	28.592	6.348423992562189
47	2025-06-07T15:20:00Z	34.44056347022529	28.592	5.848563470225294
47	2025-06-07T15:30:00Z	35.44028451489909	28.592	6.848284514899092
47	2025-06-07T15:40:00Z	34.94042399256219	28.592	6.348423992562189
47	2025-06-07T15:50:00Z	34.94042399256219	28.592	6.348423992562189
47	2025-06-07T16:00:00Z	34.94042399256219	28.592	6.348423992562189
47	2025-06-07T16:10:00Z	34.94042399256219	29.091	5.849423992562187
47	2025-06-07T16:20:00Z	35.44028451489909	29.091	6.3492845148990895
47	2025-06-07T16:30:00Z	35.44028451489909	29.091	6.3492845148990895
47	2025-06-07T16:40:00Z	35.44028451489909	27.593	7.847284514899091
47	2025-06-07T16:50:00Z	35.44028451489909	27.093	8.34728451489909
47	2025-06-07T17:00:00Z	34.94042399256219	24.594	10.346423992562187
47	2025-06-07T17:10:00Z	34.44056347022529	23.594	10.846563470225291
47	2025-06-07T17:20:00Z	34.44056347022529	24.094	10.346563470225291
47	2025-06-07T17:30:00Z	33.9407029478884	24.594	9.346702947888396
47	2025-06-07T17:40:00Z	33.9407029478884	25.094	8.846702947888396
47	2025-06-07T17:50:00Z	32.94098190321459	25.094	7.846981903214591
47	2025-06-07T18:00:00Z	33.440842425551494	25.594	7.846842425551493
47	2025-06-07T18:10:00Z	33.9407029478884	25.094	8.846702947888396
47	2025-06-07T18:20:00Z	33.9407029478884	25.094	8.846702947888396
47	2025-06-07T18:30:00Z	33.9407029478884	25.094	8.846702947888396
47	2025-06-07T18:40:00Z	33.9407029478884	25.094	8.846702947888396
47	2025-06-07T18:50:00Z	33.9407029478884	25.094	8.846702947888396
47	2025-06-07T19:00:00Z	33.440842425551494	24.594	8.846842425551493
47	2025-06-07T19:10:00Z	33.440842425551494	24.594	8.846842425551493
47	2025-06-07T19:20:00Z	33.9407029478884	24.094	9.846702947888396
47	2025-06-07T19:30:00Z	34.44056347022529	24.094	10.346563470225291
47	2025-06-07T19:40:00Z	36.44000555957289	24.094	12.346005559572887
47	2025-06-07T19:50:00Z	35.940145037235986	24.094	11.846145037235985
47	2025-06-07T20:00:00Z	33.440842425551494	24.094	9.346842425551493
47	2025-06-07T20:10:00Z	34.44056347022529	23.594	10.846563470225291
47	2025-06-07T20:20:00Z	35.940145037235986	23.594	12.346145037235985
47	2025-06-07T20:30:00Z	37.93958712658358	23.594	14.345587126583581
47	2025-06-07T20:40:00Z	37.43972660424669	23.594	13.845726604246686
47	2025-06-07T20:50:00Z	36.44000555957289	23.093	13.347005559572889
47	2025-06-07T21:00:00Z	34.94042399256219	23.093	11.847423992562188
47	2025-06-07T21:10:00Z	37.43972660424669	23.093	14.346726604246687
47	2025-06-07T21:20:00Z	36.93986608190979	23.093	13.846866081909791
47	2025-06-07T21:30:00Z	34.44056347022529	23.093	11.347563470225293
47	2025-06-07T21:40:00Z	33.9407029478884	22.593	11.347702947888397
47	2025-06-07T21:50:00Z	33.9407029478884	22.593	11.347702947888397
47	2025-06-07T22:00:00Z	36.93986608190979	22.593	14.346866081909791
47	2025-06-07T22:10:00Z	36.44000555957289	22.593	13.847005559572889
47	2025-06-07T22:20:00Z	34.94042399256219	22.593	12.347423992562188
47	2025-06-07T22:30:00Z	35.44028451489909	22.593	12.84728451489909
47	2025-06-07T22:40:00Z	35.940145037235986	22.593	13.347145037235986
47	2025-06-07T22:50:00Z	34.94042399256219	22.593	12.347423992562188
47	2025-06-07T23:00:00Z	33.440842425551494	22.593	10.847842425551494
47	2025-06-07T23:10:00Z	33.440842425551494	22.593	10.847842425551494
47	2025-06-07T23:20:00Z	31.941260858540797	22.093	9.848260858540797
47	2025-06-07T23:30:00Z	33.9407029478884	21.592	12.348702947888398
47	2025-06-07T23:40:00Z	34.94042399256219	21.092	13.84842399256219
47	2025-06-07T23:50:00Z	34.44056347022529	20.591	13.849563470225291
47	2025-06-08T00:00:00Z	34.44056347022529	20.091	14.349563470225291
47	2025-06-08T00:10:00Z	33.440842425551494	20.091	13.349842425551493
47	2025-06-08T00:20:00Z	34.94042399256219	20.091	14.849423992562187
47	2025-06-08T00:30:00Z	35.44028451489909	20.091	15.34928451489909
47	2025-06-08T00:40:00Z	34.94042399256219	20.091	14.849423992562187
47	2025-06-08T00:50:00Z	36.44000555957289	20.091	16.349005559572888
47	2025-06-08T01:00:00Z	35.940145037235986	20.091	15.849145037235985
47	2025-06-08T01:10:00Z	34.44056347022529	20.591	13.849563470225291
47	2025-06-08T01:20:00Z	33.440842425551494	20.591	12.849842425551493
47	2025-06-08T01:30:00Z	34.94042399256219	20.091	14.849423992562187
47	2025-06-08T01:40:00Z	34.44056347022529	20.091	14.349563470225291
47	2025-06-08T01:50:00Z	33.9407029478884	20.591	13.349702947888396
47	2025-06-08T02:00:00Z	35.940145037235986	20.591	15.349145037235985
47	2025-06-08T02:10:00Z	35.940145037235986	20.591	15.349145037235985
47	2025-06-08T02:20:00Z	35.44028451489909	20.591	14.84928451489909
47	2025-06-08T02:30:00Z	33.9407029478884	20.091	13.849702947888396
47	2025-06-08T02:40:00Z	32.94098190321459	20.591	12.34998190321459
47	2025-06-08T02:50:00Z	31.4414003362039	20.091	11.350400336203897
47	2025-06-08T03:00:00Z	32.94098190321459	20.591	12.34998190321459
47	2025-06-08T03:10:00Z	32.94098190321459	20.591	12.34998190321459
47	2025-06-08T03:20:00Z	33.440842425551494	20.091	13.349842425551493
47	2025-06-08T03:30:00Z	33.440842425551494	20.591	12.849842425551493
47	2025-06-08T03:40:00Z	33.440842425551494	20.591	12.849842425551493
47	2025-06-08T03:50:00Z	33.9407029478884	21.592	12.348702947888398
47	2025-06-08T04:00:00Z	33.440842425551494	21.592	11.848842425551496
47	2025-06-08T04:10:00Z	32.94098190321459	21.592	11.348981903214593
47	2025-06-08T04:20:00Z	32.441121380877696	21.592	10.849121380877698
47	2025-06-08T04:30:00Z	31.941260858540797	22.093	9.848260858540797
47	2025-06-08T04:40:00Z	31.941260858540797	22.093	9.848260858540797
47	2025-06-08T04:50:00Z	30.441679291530104	21.592	8.849679291530105
47	2025-06-08T05:00:00Z	30.441679291530104	22.093	8.348679291530104
47	2025-06-08T05:10:00Z	30.441679291530104	21.592	8.849679291530105
47	2025-06-08T05:20:00Z	31.4414003362039	21.092	10.3494003362039
47	2025-06-08T05:30:00Z	31.4414003362039	21.092	10.3494003362039
47	2025-06-08T05:40:00Z	31.4414003362039	20.591	10.850400336203897
47	2025-06-08T05:50:00Z	32.441121380877696	20.591	11.850121380877695
47	2025-06-08T06:00:00Z	31.4414003362039	20.591	10.850400336203897
47	2025-06-08T06:10:00Z	32.94098190321459	20.591	12.34998190321459
47	2025-06-08T06:20:00Z	33.440842425551494	20.091	13.349842425551493
47	2025-06-08T06:30:00Z	32.94098190321459	20.091	12.84998190321459
47	2025-06-08T06:40:00Z	31.941260858540797	20.091	11.850260858540796
47	2025-06-08T06:50:00Z	31.4414003362039	20.091	11.350400336203897
47	2025-06-08T07:00:00Z	32.94098190321459	20.091	12.84998190321459
47	2025-06-08T07:10:00Z	32.441121380877696	20.091	12.350121380877695
47	2025-06-08T07:20:00Z	31.941260858540797	21.092	10.849260858540799
47	2025-06-08T07:30:00Z	31.941260858540797	22.093	9.848260858540797
47	2025-06-08T07:40:00Z	30.941539813867003	23.594	7.347539813867002
47	2025-06-08T07:50:00Z	30.441679291530104	24.594	5.847679291530103
47	2025-06-08T08:00:00Z	30.941539813867003	25.594	5.347539813867002
47	2025-06-08T08:10:00Z	30.941539813867003	27.093	3.848539813867003
47	2025-06-08T08:20:00Z	29.941818769193205	26.593	3.3488187691932048
47	2025-06-08T08:30:00Z	29.941818769193205	28.092	1.849818769193206
47	2025-06-08T08:40:00Z	30.941539813867003	29.591	1.3505398138670017
47	2025-06-08T08:50:00Z	30.941539813867003	30.589	0.35253981386700417
47	2025-06-08T09:00:00Z	30.941539813867003	27.593	3.348539813867003
47	2025-06-08T09:10:00Z	29.941818769193205	29.091	0.85081876919320365
47	2025-06-08T09:20:00Z	29.441958246856302	29.091	0.35095824685630106
47	2025-06-08T09:30:00Z	30.441679291530104	29.091	1.3506792915301027
47	2025-06-08T09:40:00Z	29.441958246856302	28.092	1.3499582468563034
47	2025-06-08T09:50:00Z	29.441958246856302	26.593	2.848958246856302
47	2025-06-08T10:00:00Z	29.941818769193205	26.593	3.3488187691932048
47	2025-06-08T10:10:00Z	30.941539813867003	26.593	4.348539813867003
47	2025-06-08T10:20:00Z	31.941260858540797	27.093	4.848260858540797
47	2025-06-08T10:30:00Z	31.941260858540797	27.093	4.848260858540797
47	2025-06-08T10:40:00Z	31.4414003362039	27.093	4.348400336203898
47	2025-06-08T10:50:00Z	31.941260858540797	27.593	4.348260858540797
47	2025-06-08T11:00:00Z	31.4414003362039	27.593	3.8484003362038983
47	2025-06-08T11:10:00Z	32.441121380877696	27.593	4.848121380877696
47	2025-06-08T11:20:00Z	32.441121380877696	27.593	4.848121380877696
47	2025-06-08T11:30:00Z	32.441121380877696	27.593	4.848121380877696
47	2025-06-08T11:40:00Z	33.440842425551494	27.593	5.8478424255514945
47	2025-06-08T11:50:00Z	33.440842425551494	27.593	5.8478424255514945
47	2025-06-08T12:00:00Z	33.440842425551494	28.092	5.348842425551496
47	2025-06-08T12:10:00Z	32.441121380877696	27.593	4.848121380877696
47	2025-06-08T12:20:00Z	32.94098190321459	27.593	5.347981903214592
47	2025-06-08T12:30:00Z	32.94098190321459	28.092	4.848981903214593
47	2025-06-08T12:40:00Z	32.94098190321459	27.593	5.347981903214592
47	2025-06-08T12:50:00Z	32.94098190321459	28.092	4.848981903214593
47	2025-06-08T13:00:00Z	32.94098190321459	28.092	4.848981903214593
47	2025-06-08T13:10:00Z	32.441121380877696	28.092	4.349121380877698
47	2025-06-08T13:20:00Z	32.94098190321459	28.092	4.848981903214593
47	2025-06-08T13:30:00Z	32.94098190321459	28.092	4.848981903214593
47	2025-06-08T13:40:00Z	32.94098190321459	28.092	4.848981903214593
47	2025-06-08T13:50:00Z	32.94098190321459	28.092	4.848981903214593
47	2025-06-08T14:00:00Z	32.441121380877696	28.092	4.349121380877698
47	2025-06-08T14:10:00Z	32.94098190321459	28.092	4.848981903214593
47	2025-06-08T14:20:00Z	32.441121380877696	28.092	4.349121380877698
47	2025-06-08T14:30:00Z	32.94098190321459	28.092	4.848981903214593
47	2025-06-08T14:40:00Z	33.440842425551494	28.092	5.348842425551496
47	2025-06-08T14:50:00Z	32.94098190321459	28.092	4.848981903214593
47	2025-06-08T15:00:00Z	33.440842425551494	28.092	5.348842425551496
47	2025-06-08T15:10:00Z	33.440842425551494	28.092	5.348842425551496
47	2025-06-08T15:20:00Z	33.440842425551494	28.592	4.848842425551496
47	2025-06-08T15:30:00Z	32.94098190321459	28.092	4.848981903214593
47	2025-06-08T15:40:00Z	33.440842425551494	28.092	5.348842425551496
47	2025-06-08T15:50:00Z	33.440842425551494	28.092	5.348842425551496
47	2025-06-08T16:00:00Z	33.9407029478884	28.092	5.848702947888398
47	2025-06-08T16:10:00Z	34.44056347022529	28.592	5.848563470225294
47	2025-06-08T16:20:00Z	34.44056347022529	28.592	5.848563470225294
47	2025-06-08T16:30:00Z	33.9407029478884	28.592	5.348702947888398
47	2025-06-08T16:40:00Z	33.440842425551494	28.592	4.848842425551496
47	2025-06-08T16:50:00Z	33.9407029478884	28.092	5.848702947888398
47	2025-06-08T17:00:00Z	33.440842425551494	28.092	5.348842425551496
47	2025-06-08T17:10:00Z	33.9407029478884	28.592	5.348702947888398
47	2025-06-08T17:20:00Z	34.44056347022529	28.092	6.348563470225294
47	2025-06-08T17:30:00Z	34.44056347022529	28.092	6.348563470225294
47	2025-06-08T17:40:00Z	34.44056347022529	28.092	6.348563470225294
47	2025-06-08T17:50:00Z	34.94042399256219	28.092	6.848423992562189
47	2025-06-08T18:00:00Z	34.44056347022529	27.593	6.8475634702252925
47	2025-06-08T18:10:00Z	34.44056347022529	27.593	6.8475634702252925
47	2025-06-08T18:20:00Z	34.44056347022529	27.593	6.8475634702252925
47	2025-06-08T18:30:00Z	33.9407029478884	27.593	6.347702947888397
47	2025-06-08T18:40:00Z	33.9407029478884	27.093	6.847702947888397
47	2025-06-08T18:50:00Z	33.9407029478884	26.593	7.347702947888397
47	2025-06-08T19:00:00Z	33.9407029478884	26.094	7.846702947888396
47	2025-06-08T19:10:00Z	33.440842425551494	25.594	7.846842425551493
47	2025-06-08T19:20:00Z	33.9407029478884	25.594	8.346702947888396
47	2025-06-08T19:30:00Z	34.44056347022529	25.594	8.846563470225291
47	2025-06-08T19:40:00Z	35.44028451489909	25.094	10.34628451489909
47	2025-06-08T19:50:00Z	35.940145037235986	25.094	10.846145037235985
47	2025-06-08T20:00:00Z	34.94042399256219	25.094	9.846423992562187
47	2025-06-08T20:10:00Z	35.940145037235986	25.094	10.846145037235985
47	2025-06-08T20:20:00Z	36.44000555957289	24.594	11.846005559572887
47	2025-06-08T20:30:00Z	35.940145037235986	24.594	11.346145037235985
47	2025-06-08T20:40:00Z	35.940145037235986	24.094	11.846145037235985
47	2025-06-08T20:50:00Z	36.44000555957289	24.094	12.346005559572887
47	2025-06-08T21:00:00Z	35.44028451489909	24.094	11.34628451489909
47	2025-06-08T21:10:00Z	34.94042399256219	24.094	10.846423992562187
47	2025-06-08T21:20:00Z	33.440842425551494	23.594	9.846842425551493
47	2025-06-08T21:30:00Z	35.940145037235986	23.093	12.847145037235986
47	2025-06-08T21:40:00Z	33.9407029478884	23.093	10.847702947888397
47	2025-06-08T21:50:00Z	33.440842425551494	23.093	10.347842425551494
47	2025-06-08T22:00:00Z	33.440842425551494	23.093	10.347842425551494
47	2025-06-08T22:10:00Z	32.94098190321459	23.093	9.847981903214592
47	2025-06-08T22:20:00Z	32.94098190321459	23.093	9.847981903214592
47	2025-06-08T22:30:00Z	32.441121380877696	23.594	8.847121380877695
47	2025-06-08T22:40:00Z	33.9407029478884	23.594	10.346702947888396
47	2025-06-08T22:50:00Z	33.440842425551494	23.093	10.347842425551494
47	2025-06-08T23:00:00Z	33.9407029478884	23.093	10.847702947888397
47	2025-06-08T23:10:00Z	34.44056347022529	23.093	11.347563470225293
47	2025-06-08T23:20:00Z	34.44056347022529	22.593	11.847563470225293
47	2025-06-08T23:30:00Z	34.94042399256219	22.593	12.347423992562188
47	2025-06-08T23:40:00Z	34.94042399256219	22.593	12.347423992562188
47	2025-06-08T23:50:00Z	34.94042399256219	22.093	12.847423992562188
47	2025-06-09T00:00:00Z	32.94098190321459	22.093	10.847981903214592
47	2025-06-09T00:10:00Z	33.440842425551494	22.093	11.347842425551494
47	2025-06-09T00:20:00Z	33.9407029478884	22.093	11.847702947888397
47	2025-06-09T00:30:00Z	32.94098190321459	22.093	10.847981903214592
47	2025-06-09T00:40:00Z	32.94098190321459	22.093	10.847981903214592
47	2025-06-09T00:50:00Z	32.441121380877696	22.093	10.348121380877696
47	2025-06-09T01:00:00Z	31.4414003362039	21.592	9.8494003362039
47	2025-06-09T01:10:00Z	31.4414003362039	21.592	9.8494003362039
47	2025-06-09T01:20:00Z	31.4414003362039	21.592	9.8494003362039
47	2025-06-09T01:30:00Z	31.4414003362039	21.592	9.8494003362039
47	2025-06-09T01:40:00Z	31.4414003362039	21.592	9.8494003362039
47	2025-06-09T01:50:00Z	31.941260858540797	21.092	10.849260858540799
47	2025-06-09T02:00:00Z	31.941260858540797	21.092	10.849260858540799
47	2025-06-09T02:10:00Z	31.941260858540797	20.591	11.350260858540796
47	2025-06-09T02:20:00Z	31.4414003362039	20.591	10.850400336203897
47	2025-06-09T02:30:00Z	30.441679291530104	20.591	9.850679291530103
47	2025-06-09T02:40:00Z	29.441958246856302	20.591	8.850958246856301
47	2025-06-09T02:50:00Z	29.441958246856302	20.591	8.850958246856301
47	2025-06-09T03:00:00Z	29.441958246856302	20.591	8.850958246856301
47	2025-06-09T03:10:00Z	28.942097724519403	20.591	8.351097724519402
47	2025-06-09T03:20:00Z	29.941818769193205	20.591	9.350818769193204
47	2025-06-09T03:30:00Z	29.441958246856302	20.591	8.850958246856301
47	2025-06-09T03:40:00Z	31.4414003362039	20.591	10.850400336203897
47	2025-06-09T03:50:00Z	31.941260858540797	20.591	11.350260858540796
47	2025-06-09T04:00:00Z	29.441958246856302	20.591	8.850958246856301
47	2025-06-09T04:10:00Z	29.441958246856302	20.591	8.850958246856301
47	2025-06-09T04:20:00Z	31.4414003362039	20.591	10.850400336203897
47	2025-06-09T04:30:00Z	29.941818769193205	20.591	9.350818769193204
47	2025-06-09T04:40:00Z	29.941818769193205	20.591	9.350818769193204
47	2025-06-09T04:50:00Z	29.441958246856302	20.591	8.850958246856301
47	2025-06-09T05:00:00Z	31.941260858540797	20.591	11.350260858540796
47	2025-06-09T05:10:00Z	33.440842425551494	20.591	12.849842425551493
47	2025-06-09T05:20:00Z	33.9407029478884	20.591	13.349702947888396
47	2025-06-09T05:30:00Z	33.440842425551494	20.591	12.849842425551493
47	2025-06-09T05:40:00Z	33.9407029478884	20.591	13.349702947888396
47	2025-06-09T05:50:00Z	33.9407029478884	20.591	13.349702947888396
47	2025-06-09T06:00:00Z	31.4414003362039	20.591	10.850400336203897
47	2025-06-09T06:10:00Z	32.94098190321459	20.591	12.34998190321459
47	2025-06-09T06:20:00Z	32.441121380877696	20.591	11.850121380877695
47	2025-06-09T06:30:00Z	32.441121380877696	21.092	11.349121380877698
47	2025-06-09T06:40:00Z	30.441679291530104	20.591	9.850679291530103
47	2025-06-09T06:50:00Z	29.441958246856302	20.591	8.850958246856301
47	2025-06-09T07:00:00Z	29.941818769193205	21.092	8.849818769193206
47	2025-06-09T07:10:00Z	31.4414003362039	21.092	10.3494003362039
47	2025-06-09T07:20:00Z	31.4414003362039	22.093	9.348400336203898
47	2025-06-09T07:30:00Z	31.4414003362039	23.093	8.348400336203898
47	2025-06-09T07:40:00Z	31.941260858540797	24.594	7.347260858540796
47	2025-06-09T07:50:00Z	32.441121380877696	25.094	7.347121380877695
47	2025-06-09T08:00:00Z	32.94098190321459	26.094	6.846981903214591
47	2025-06-09T08:10:00Z	32.94098190321459	27.593	5.347981903214592
47	2025-06-09T08:20:00Z	33.440842425551494	27.093	6.3478424255514945
47	2025-06-09T08:30:00Z	33.9407029478884	28.592	5.348702947888398
47	2025-06-09T08:40:00Z	34.44056347022529	29.591	4.849563470225291
47	2025-06-09T08:50:00Z	33.9407029478884	29.591	4.349702947888396
47	2025-06-09T09:00:00Z	33.440842425551494	27.093	6.3478424255514945
47	2025-06-09T09:10:00Z	32.94098190321459	28.092	4.848981903214593
47	2025-06-09T09:20:00Z	34.44056347022529	28.592	5.848563470225294
47	2025-06-09T09:30:00Z	33.440842425551494	28.092	5.348842425551496
47	2025-06-09T09:40:00Z	33.9407029478884	27.093	6.847702947888397
47	2025-06-09T09:50:00Z	34.44056347022529	26.094	8.346563470225291
47	2025-06-09T10:00:00Z	34.44056347022529	26.094	8.346563470225291
47	2025-06-09T10:10:00Z	34.44056347022529	26.593	7.8475634702252925
47	2025-06-09T10:20:00Z	33.9407029478884	26.593	7.347702947888397
47	2025-06-09T10:30:00Z	34.44056347022529	27.093	7.3475634702252925
47	2025-06-09T10:40:00Z	35.44028451489909	27.093	8.34728451489909
47	2025-06-09T10:50:00Z	35.940145037235986	27.093	8.847145037235986
47	2025-06-09T11:00:00Z	35.940145037235986	27.093	8.847145037235986
47	2025-06-09T11:10:00Z	35.940145037235986	27.593	8.347145037235986
47	2025-06-09T11:20:00Z	34.44056347022529	27.593	6.8475634702252925
47	2025-06-09T11:30:00Z	33.440842425551494	27.593	5.8478424255514945
47	2025-06-09T11:40:00Z	32.94098190321459	27.593	5.347981903214592
47	2025-06-09T11:50:00Z	33.440842425551494	27.593	5.8478424255514945
47	2025-06-09T12:00:00Z	32.94098190321459	27.593	5.347981903214592
47	2025-06-09T12:10:00Z	33.440842425551494	27.593	5.8478424255514945
47	2025-06-09T12:20:00Z	34.94042399256219	28.092	6.848423992562189
47	2025-06-09T12:30:00Z	36.44000555957289	28.092	8.34800555957289
47	2025-06-09T12:40:00Z	35.940145037235986	28.092	7.848145037235987
47	2025-06-09T12:50:00Z	35.940145037235986	28.092	7.848145037235987
47	2025-06-09T13:00:00Z	35.44028451489909	28.092	7.348284514899092
47	2025-06-09T13:10:00Z	35.44028451489909	28.092	7.348284514899092
47	2025-06-09T13:20:00Z	35.940145037235986	28.592	7.348145037235987
47	2025-06-09T13:30:00Z	35.940145037235986	28.592	7.348145037235987
47	2025-06-09T13:40:00Z	35.940145037235986	28.592	7.348145037235987
47	2025-06-09T13:50:00Z	35.940145037235986	28.592	7.348145037235987
47	2025-06-09T14:00:00Z	34.44056347022529	28.592	5.848563470225294
47	2025-06-09T14:10:00Z	33.9407029478884	28.592	5.348702947888398
47	2025-06-09T14:20:00Z	34.94042399256219	29.091	5.849423992562187
47	2025-06-09T14:30:00Z	34.94042399256219	29.091	5.849423992562187
47	2025-06-09T14:40:00Z	34.94042399256219	29.091	5.849423992562187
47	2025-06-09T14:50:00Z	34.94042399256219	29.091	5.849423992562187
47	2025-06-09T15:00:00Z	34.44056347022529	29.591	4.849563470225291
47	2025-06-09T15:10:00Z	34.44056347022529	29.591	4.849563470225291
47	2025-06-09T15:20:00Z	33.9407029478884	29.091	4.849702947888396
47	2025-06-09T15:30:00Z	33.9407029478884	29.591	4.349702947888396
47	2025-06-09T15:40:00Z	33.440842425551494	29.591	3.8498424255514934
47	2025-06-09T15:50:00Z	33.9407029478884	29.591	4.349702947888396
47	2025-06-09T16:00:00Z	33.440842425551494	29.591	3.8498424255514934
47	2025-06-09T16:10:00Z	33.440842425551494	29.091	4.349842425551493
47	2025-06-09T16:20:00Z	33.440842425551494	29.591	3.8498424255514934
47	2025-06-09T16:30:00Z	33.9407029478884	29.591	4.349702947888396
47	2025-06-09T16:40:00Z	34.44056347022529	29.591	4.849563470225291
47	2025-06-09T16:50:00Z	34.44056347022529	29.591	4.849563470225291
47	2025-06-09T17:00:00Z	34.44056347022529	29.591	4.849563470225291
47	2025-06-09T17:10:00Z	34.44056347022529	29.091	5.349563470225291
47	2025-06-09T17:20:00Z	34.94042399256219	29.091	5.849423992562187
47	2025-06-09T17:30:00Z	34.94042399256219	29.091	5.849423992562187
47	2025-06-09T17:40:00Z	35.44028451489909	29.091	6.3492845148990895
47	2025-06-09T17:50:00Z	35.44028451489909	28.592	6.848284514899092
47	2025-06-09T18:00:00Z	35.44028451489909	28.592	6.848284514899092
47	2025-06-09T18:10:00Z	35.44028451489909	28.592	6.848284514899092
47	2025-06-09T18:20:00Z	35.44028451489909	28.592	6.848284514899092
47	2025-06-09T18:30:00Z	34.44056347022529	28.092	6.348563470225294
47	2025-06-09T18:40:00Z	33.9407029478884	27.593	6.347702947888397
47	2025-06-09T18:50:00Z	33.440842425551494	27.093	6.3478424255514945
47	2025-06-09T19:00:00Z	33.440842425551494	27.093	6.3478424255514945
47	2025-06-09T19:10:00Z	32.94098190321459	26.593	6.347981903214592
47	2025-06-09T19:20:00Z	32.441121380877696	26.094	6.347121380877695
47	2025-06-09T19:30:00Z	32.94098190321459	26.094	6.846981903214591
47	2025-06-09T19:40:00Z	34.94042399256219	26.094	8.846423992562187
47	2025-06-09T19:50:00Z	34.44056347022529	25.594	8.846563470225291
47	2025-06-09T20:00:00Z	34.94042399256219	25.594	9.346423992562187
47	2025-06-09T20:10:00Z	33.9407029478884	25.094	8.846702947888396
47	2025-06-09T20:20:00Z	35.44028451489909	25.094	10.34628451489909
47	2025-06-09T20:30:00Z	35.940145037235986	24.594	11.346145037235985
47	2025-06-09T20:40:00Z	36.93986608190979	24.594	12.34586608190979
47	2025-06-09T20:50:00Z	37.43972660424669	24.594	12.845726604246686
47	2025-06-09T21:00:00Z	37.43972660424669	24.594	12.845726604246686
47	2025-06-09T21:10:00Z	36.44000555957289	24.594	11.846005559572887
47	2025-06-09T21:20:00Z	36.93986608190979	24.094	12.84586608190979
47	2025-06-09T21:30:00Z	36.93986608190979	24.094	12.84586608190979
47	2025-06-09T21:40:00Z	36.93986608190979	23.594	13.34586608190979
47	2025-06-09T21:50:00Z	35.940145037235986	23.594	12.346145037235985
47	2025-06-09T22:00:00Z	35.940145037235986	23.594	12.346145037235985
47	2025-06-09T22:10:00Z	35.44028451489909	23.594	11.84628451489909
47	2025-06-09T22:20:00Z	34.44056347022529	23.093	11.347563470225293
47	2025-06-09T22:30:00Z	34.94042399256219	23.093	11.847423992562188
47	2025-06-09T22:40:00Z	33.440842425551494	23.093	10.347842425551494
47	2025-06-09T22:50:00Z	33.9407029478884	23.093	10.847702947888397
47	2025-06-09T23:00:00Z	33.9407029478884	23.093	10.847702947888397
47	2025-06-09T23:10:00Z	34.44056347022529	23.093	11.347563470225293
47	2025-06-09T23:20:00Z	33.9407029478884	23.093	10.847702947888397
47	2025-06-09T23:30:00Z	34.44056347022529	23.093	11.347563470225293
47	2025-06-09T23:40:00Z	33.9407029478884	23.093	10.847702947888397
47	2025-06-09T23:50:00Z	33.9407029478884	22.593	11.347702947888397
47	2025-06-10T00:00:00Z	34.94042399256219	22.593	12.347423992562188
47	2025-06-10T00:10:00Z	34.94042399256219	22.593	12.347423992562188
47	2025-06-10T00:20:00Z	34.94042399256219	22.593	12.347423992562188
47	2025-06-10T00:30:00Z	34.94042399256219	22.593	12.347423992562188
47	2025-06-10T00:40:00Z	32.94098190321459	22.593	10.347981903214592
47	2025-06-10T00:50:00Z	33.440842425551494	22.093	11.347842425551494
47	2025-06-10T01:00:00Z	33.440842425551494	21.592	11.848842425551496
47	2025-06-10T01:10:00Z	33.9407029478884	22.093	11.847702947888397
47	2025-06-10T01:20:00Z	33.9407029478884	22.093	11.847702947888397
47	2025-06-10T01:30:00Z	33.9407029478884	22.093	11.847702947888397
47	2025-06-10T01:40:00Z	34.44056347022529	22.093	12.347563470225293
47	2025-06-10T01:50:00Z	32.441121380877696	22.093	10.348121380877696
47	2025-06-10T02:00:00Z	32.94098190321459	22.593	10.347981903214592
47	2025-06-10T02:10:00Z	33.440842425551494	22.593	10.847842425551494
47	2025-06-10T02:20:00Z	31.941260858540797	23.093	8.848260858540797
47	2025-06-10T02:30:00Z	30.941539813867003	23.594	7.347539813867002
47	2025-06-10T02:40:00Z	32.441121380877696	23.093	9.348121380877696
47	2025-06-10T02:50:00Z	32.94098190321459	22.093	10.847981903214592
47	2025-06-10T03:00:00Z	32.94098190321459	22.593	10.347981903214592
47	2025-06-10T03:10:00Z	32.94098190321459	22.593	10.347981903214592
47	2025-06-10T03:20:00Z	32.441121380877696	21.592	10.849121380877698
47	2025-06-10T03:30:00Z	31.4414003362039	21.592	9.8494003362039
47	2025-06-10T03:40:00Z	28.442237202182508	21.592	6.850237202182509
47	2025-06-10T03:50:00Z	30.941539813867003	21.592	9.349539813867004
47	2025-06-10T04:00:00Z	29.941818769193205	21.592	8.349818769193206
47	2025-06-10T04:10:00Z	29.441958246856302	21.092	8.349958246856303
47	2025-06-10T04:20:00Z	30.441679291530104	21.092	9.349679291530105
47	2025-06-10T04:30:00Z	30.441679291530104	21.092	9.349679291530105
47	2025-06-10T04:40:00Z	28.942097724519403	21.092	7.850097724519404
47	2025-06-10T04:50:00Z	28.442237202182508	21.092	7.350237202182509
47	2025-06-10T05:00:00Z	29.941818769193205	21.092	8.849818769193206
47	2025-06-10T05:10:00Z	29.441958246856302	21.092	8.349958246856303
47	2025-06-10T05:20:00Z	33.9407029478884	20.091	13.849702947888396
47	2025-06-10T05:30:00Z	33.9407029478884	19.089	14.851702947888398
47	2025-06-10T05:40:00Z	31.941260858540797	19.089	12.852260858540799
47	2025-06-10T05:50:00Z	30.941539813867003	19.089	11.852539813867004
47	2025-06-10T06:00:00Z	31.941260858540797	19.59	12.351260858540797
47	2025-06-10T06:10:00Z	30.941539813867003	19.59	11.351539813867003
47	2025-06-10T06:20:00Z	29.941818769193205	19.59	10.351818769193205
47	2025-06-10T06:30:00Z	26.44279511283491	19.59	6.852795112834912
47	2025-06-10T06:40:00Z	26.44279511283491	20.091	6.35179511283491
47	2025-06-10T06:50:00Z	25.942934590498012	20.091	5.851934590498011
47	2025-06-10T07:00:00Z	24.443353023487315	20.091	4.352353023487314
47	2025-06-10T07:10:00Z	24.943213545824214	20.591	4.352213545824213
47	2025-06-10T07:20:00Z	24.943213545824214	20.591	4.352213545824213
47	2025-06-10T07:30:00Z	24.443353023487315	20.591	3.8523530234873142
47	2025-06-10T07:40:00Z	23.943492501150416	21.092	2.8514925011504175
47	2025-06-10T07:50:00Z	23.443631978813517	21.592	1.8516319788135185
47	2025-06-10T08:00:00Z	23.443631978813517	21.592	1.8516319788135185
47	2025-06-10T08:10:00Z	22.94377145647662	22.093	0.8507714564766218
47	2025-06-10T08:20:00Z	23.443631978813517	22.593	0.8506319788135173
47	2025-06-10T08:30:00Z	23.443631978813517	23.093	0.35063197881351726
47	2025-06-10T08:40:00Z	23.443631978813517	24.094	-0.650368021186484
47	2025-06-10T08:50:00Z	23.443631978813517	27.093	-3.6493680211864827
47	2025-06-10T09:00:00Z	23.943492501150416	27.093	-3.1495074988495837
47	2025-06-10T09:10:00Z	24.943213545824214	28.592	-3.6487864541757844
47	2025-06-10T09:20:00Z	25.443074068161113	29.591	-4.147925931838888
47	2025-06-10T09:30:00Z	25.942934590498012	28.092	-2.1490654095019863
47	2025-06-10T09:40:00Z	25.443074068161113	27.593	-2.1499259318388866
47	2025-06-10T09:50:00Z	25.443074068161113	26.094	-0.6509259318388878
47	2025-06-10T10:00:00Z	25.942934590498012	26.094	-0.15106540950198877
47	2025-06-10T10:10:00Z	27.94237667984561	26.094	1.8483766798456074
47	2025-06-10T10:20:00Z	28.942097724519403	26.094	2.848097724519402
47	2025-06-10T10:30:00Z	31.4414003362039	26.094	5.347400336203897
47	2025-06-10T10:40:00Z	32.441121380877696	26.593	5.848121380877696
47	2025-06-10T10:50:00Z	32.94098190321459	27.093	5.847981903214592
47	2025-06-10T11:00:00Z	32.441121380877696	27.093	5.348121380877696
47	2025-06-10T11:10:00Z	31.941260858540797	27.093	4.848260858540797
47	2025-06-10T11:20:00Z	31.941260858540797	27.093	4.848260858540797
47	2025-06-10T11:30:00Z	31.941260858540797	27.093	4.848260858540797
47	2025-06-10T11:40:00Z	32.441121380877696	27.593	4.848121380877696
47	2025-06-10T11:50:00Z	32.94098190321459	27.593	5.347981903214592
47	2025-06-10T12:00:00Z	33.440842425551494	27.593	5.8478424255514945
47	2025-06-10T12:10:00Z	32.94098190321459	28.092	4.848981903214593
47	2025-06-10T12:20:00Z	32.94098190321459	28.092	4.848981903214593
47	2025-06-10T12:30:00Z	32.94098190321459	28.092	4.848981903214593
47	2025-06-10T12:40:00Z	33.440842425551494	28.092	5.348842425551496
47	2025-06-10T12:50:00Z	32.94098190321459	28.592	4.348981903214593
47	2025-06-10T13:00:00Z	32.94098190321459	28.592	4.348981903214593
47	2025-06-10T13:10:00Z	33.440842425551494	28.592	4.848842425551496
47	2025-06-10T13:20:00Z	33.9407029478884	28.592	5.348702947888398
47	2025-06-10T13:30:00Z	34.94042399256219	28.592	6.348423992562189
47	2025-06-10T13:40:00Z	34.44056347022529	28.592	5.848563470225294
47	2025-06-10T13:50:00Z	33.440842425551494	28.592	4.848842425551496
47	2025-06-10T14:00:00Z	33.9407029478884	28.592	5.348702947888398
47	2025-06-10T14:10:00Z	33.440842425551494	28.592	4.848842425551496
47	2025-06-10T14:20:00Z	33.440842425551494	29.091	4.349842425551493
47	2025-06-10T14:30:00Z	33.440842425551494	29.091	4.349842425551493
47	2025-06-10T14:40:00Z	33.440842425551494	29.091	4.349842425551493
47	2025-06-10T14:50:00Z	32.94098190321459	29.091	3.8499819032145908
47	2025-06-10T15:00:00Z	34.44056347022529	29.091	5.349563470225291
47	2025-06-10T15:10:00Z	34.44056347022529	29.091	5.349563470225291
47	2025-06-10T15:20:00Z	35.44028451489909	29.091	6.3492845148990895
47	2025-06-10T15:30:00Z	34.94042399256219	28.592	6.348423992562189
47	2025-06-10T15:40:00Z	35.940145037235986	29.091	6.849145037235985
47	2025-06-10T15:50:00Z	36.44000555957289	29.591	6.849005559572888
47	2025-06-10T16:00:00Z	36.93986608190979	29.091	7.84886608190979
47	2025-06-10T16:10:00Z	36.93986608190979	29.591	7.34886608190979
47	2025-06-10T16:20:00Z	36.93986608190979	29.591	7.34886608190979
47	2025-06-10T16:30:00Z	36.44000555957289	29.591	6.849005559572888
47	2025-06-10T16:40:00Z	36.44000555957289	29.091	7.349005559572888
47	2025-06-10T16:50:00Z	35.940145037235986	29.091	6.849145037235985
47	2025-06-10T17:00:00Z	35.44028451489909	29.091	6.3492845148990895
47	2025-06-10T17:10:00Z	34.94042399256219	29.091	5.849423992562187
47	2025-06-10T17:20:00Z	35.44028451489909	29.091	6.3492845148990895
47	2025-06-10T17:30:00Z	35.940145037235986	29.091	6.849145037235985
47	2025-06-10T17:40:00Z	35.940145037235986	28.592	7.348145037235987
47	2025-06-10T17:50:00Z	35.940145037235986	28.592	7.348145037235987
47	2025-06-10T18:00:00Z	35.940145037235986	28.592	7.348145037235987
47	2025-06-10T18:10:00Z	36.44000555957289	28.592	7.84800555957289
47	2025-06-10T18:20:00Z	36.44000555957289	28.092	8.34800555957289
47	2025-06-10T18:30:00Z	35.940145037235986	28.092	7.848145037235987
47	2025-06-10T18:40:00Z	33.9407029478884	27.593	6.347702947888397
47	2025-06-10T18:50:00Z	33.9407029478884	27.093	6.847702947888397
47	2025-06-10T19:00:00Z	33.9407029478884	26.593	7.347702947888397
47	2025-06-10T19:10:00Z	32.94098190321459	26.094	6.846981903214591
47	2025-06-10T19:20:00Z	32.94098190321459	26.094	6.846981903214591
47	2025-06-10T19:30:00Z	33.9407029478884	25.594	8.346702947888396
47	2025-06-10T19:40:00Z	35.940145037235986	25.594	10.346145037235985
47	2025-06-10T19:50:00Z	36.44000555957289	25.594	10.846005559572887
47	2025-06-10T20:00:00Z	34.94042399256219	25.594	9.346423992562187
47	2025-06-10T20:10:00Z	32.94098190321459	25.094	7.846981903214591
47	2025-06-10T20:20:00Z	32.94098190321459	24.594	8.34698190321459
47	2025-06-10T20:30:00Z	36.93986608190979	24.094	12.84586608190979
47	2025-06-10T20:40:00Z	38.439447648920485	24.094	14.345447648920484
47	2025-06-10T20:50:00Z	36.93986608190979	24.094	12.84586608190979
47	2025-06-10T21:00:00Z	36.44000555957289	24.094	12.346005559572887
47	2025-06-10T21:10:00Z	34.94042399256219	24.094	10.846423992562187
47	2025-06-10T21:20:00Z	35.940145037235986	24.094	11.846145037235985
47	2025-06-10T21:30:00Z	36.44000555957289	23.594	12.846005559572887
47	2025-06-10T21:40:00Z	36.44000555957289	23.594	12.846005559572887
47	2025-06-10T21:50:00Z	35.940145037235986	23.093	12.847145037235986
47	2025-06-10T22:00:00Z	35.44028451489909	23.093	12.34728451489909
47	2025-06-10T22:10:00Z	34.44056347022529	23.594	10.846563470225291
47	2025-06-10T22:20:00Z	35.44028451489909	23.594	11.84628451489909
47	2025-06-10T22:30:00Z	34.94042399256219	23.594	11.346423992562187
47	2025-06-10T22:40:00Z	35.44028451489909	23.093	12.34728451489909
47	2025-06-10T22:50:00Z	35.44028451489909	23.093	12.34728451489909
47	2025-06-10T23:00:00Z	35.44028451489909	23.093	12.34728451489909
47	2025-06-10T23:10:00Z	34.94042399256219	22.593	12.347423992562188
47	2025-06-10T23:20:00Z	36.44000555957289	22.593	13.847005559572889
47	2025-06-10T23:30:00Z	34.94042399256219	23.093	11.847423992562188
47	2025-06-10T23:40:00Z	35.44028451489909	23.093	12.34728451489909
47	2025-06-10T23:50:00Z	35.44028451489909	23.093	12.34728451489909
47	2025-06-11T00:00:00Z	35.44028451489909	23.093	12.34728451489909
48	2025-06-04T17:00:00Z	33.017713200918024	27.093	5.924713200918024
48	2025-06-04T17:10:00Z	33.017713200918024	27.093	5.924713200918024
48	2025-06-04T17:20:00Z	33.017713200918024	27.093	5.924713200918024
48	2025-06-04T17:30:00Z	32.51500116170345	26.593	5.922001161703452
48	2025-06-04T17:40:00Z	31.509577083274305	26.593	4.916577083274305
48	2025-06-04T17:50:00Z	31.509577083274305	26.593	4.916577083274305
48	2025-06-04T18:00:00Z	31.509577083274305	26.593	4.916577083274305
48	2025-06-04T18:10:00Z	33.5204252401326	25.594	7.926425240132602
48	2025-06-04T18:20:00Z	33.5204252401326	25.094	8.426425240132602
48	2025-06-04T18:30:00Z	34.023137279347175	25.094	8.929137279347174
48	2025-06-04T18:40:00Z	34.525849318561754	24.594	9.931849318561753
48	2025-06-04T18:50:00Z	33.5204252401326	24.094	9.426425240132602
48	2025-06-04T19:00:00Z	33.017713200918024	24.094	8.923713200918023
48	2025-06-04T19:10:00Z	33.017713200918024	23.594	9.423713200918023
48	2025-06-04T19:20:00Z	31.00686504405973	23.594	7.412865044059728
48	2025-06-04T19:30:00Z	31.509577083274305	24.094	7.415577083274304
48	2025-06-04T19:40:00Z	31.509577083274305	23.594	7.915577083274304
48	2025-06-04T19:50:00Z	31.509577083274305	23.594	7.915577083274304
48	2025-06-04T20:00:00Z	32.51500116170345	23.093	9.422001161703452
48	2025-06-04T20:10:00Z	38.04483359306377	23.093	14.951833593063771
48	2025-06-04T20:20:00Z	34.525849318561754	23.093	11.432849318561754
48	2025-06-04T20:30:00Z	33.5204252401326	22.593	10.927425240132603
48	2025-06-04T20:40:00Z	32.01228912248887	22.593	9.419289122488873
48	2025-06-04T20:50:00Z	33.5204252401326	22.593	10.927425240132603
48	2025-06-04T21:00:00Z	36.03398543620548	22.093	13.940985436205477
48	2025-06-04T21:10:00Z	36.53669747542005	22.593	13.943697475420048
48	2025-06-04T21:20:00Z	34.023137279347175	22.593	11.430137279347175
48	2025-06-04T21:30:00Z	34.525849318561754	22.093	12.432849318561754
48	2025-06-04T21:40:00Z	35.531273396990905	22.093	13.438273396990905
48	2025-06-04T21:50:00Z	35.028561357776326	22.093	12.935561357776326
48	2025-06-04T22:00:00Z	34.023137279347175	22.093	11.930137279347175
48	2025-06-04T22:10:00Z	34.023137279347175	22.093	11.930137279347175
48	2025-06-04T22:20:00Z	33.5204252401326	21.592	11.928425240132604
48	2025-06-04T22:30:00Z	34.023137279347175	21.592	12.431137279347176
48	2025-06-04T22:40:00Z	34.525849318561754	21.592	12.933849318561755
48	2025-06-04T22:50:00Z	32.51500116170345	21.592	10.923001161703453
48	2025-06-04T23:00:00Z	35.028561357776326	21.592	13.436561357776327
48	2025-06-04T23:10:00Z	32.51500116170345	21.592	10.923001161703453
48	2025-06-04T23:20:00Z	34.023137279347175	21.592	12.431137279347176
48	2025-06-04T23:30:00Z	34.525849318561754	21.592	12.933849318561755
48	2025-06-04T23:40:00Z	33.5204252401326	21.592	11.928425240132604
48	2025-06-04T23:50:00Z	35.531273396990905	21.592	13.939273396990906
48	2025-06-05T00:00:00Z	34.525849318561754	21.592	12.933849318561755
48	2025-06-05T00:10:00Z	31.00686504405973	21.092	9.91486504405973
48	2025-06-05T00:20:00Z	29.498728926416	21.092	8.406728926416001
48	2025-06-05T00:30:00Z	29.498728926416	21.092	8.406728926416001
48	2025-06-05T00:40:00Z	31.00686504405973	21.092	9.91486504405973
48	2025-06-05T00:50:00Z	31.00686504405973	21.092	9.91486504405973
48	2025-06-05T01:00:00Z	34.023137279347175	21.092	12.931137279347176
48	2025-06-05T01:10:00Z	34.023137279347175	21.092	12.931137279347176
48	2025-06-05T01:20:00Z	33.5204252401326	21.092	12.428425240132604
48	2025-06-05T01:30:00Z	31.00686504405973	21.092	9.91486504405973
48	2025-06-05T01:40:00Z	31.00686504405973	20.591	10.415865044059728
48	2025-06-05T01:50:00Z	31.00686504405973	19.089	11.917865044059731
48	2025-06-05T02:00:00Z	30.50415300484515	18.589	11.915153004845152
48	2025-06-05T02:10:00Z	30.50415300484515	18.589	11.915153004845152
48	2025-06-05T02:20:00Z	31.00686504405973	18.589	12.417865044059731
48	2025-06-05T02:30:00Z	31.509577083274305	18.589	12.920577083274306
48	2025-06-05T02:40:00Z	30.50415300484515	18.589	11.915153004845152
48	2025-06-05T02:50:00Z	32.51500116170345	18.589	13.926001161703454
48	2025-06-05T03:00:00Z	31.509577083274305	18.589	12.920577083274306
48	2025-06-05T03:10:00Z	28.493304847986852	19.089	9.404304847986854
48	2025-06-05T03:20:00Z	29.498728926416	19.089	10.409728926416001
48	2025-06-05T03:30:00Z	30.50415300484515	19.59	10.91415300484515
48	2025-06-05T03:40:00Z	30.50415300484515	19.089	11.415153004845152
48	2025-06-05T03:50:00Z	32.51500116170345	19.59	12.925001161703452
48	2025-06-05T04:00:00Z	32.01228912248887	19.089	12.923289122488875
48	2025-06-05T04:10:00Z	32.51500116170345	19.089	13.426001161703454
48	2025-06-05T04:20:00Z	28.493304847986852	19.59	8.903304847986853
48	2025-06-05T04:30:00Z	29.498728926416	19.59	9.908728926416
48	2025-06-05T04:40:00Z	29.498728926416	19.59	9.908728926416
48	2025-06-05T04:50:00Z	29.498728926416	19.59	9.908728926416
48	2025-06-05T05:00:00Z	29.498728926416	19.59	9.908728926416
48	2025-06-05T05:10:00Z	28.493304847986852	19.59	8.903304847986853
48	2025-06-05T05:20:00Z	28.493304847986852	19.089	9.404304847986854
48	2025-06-05T05:30:00Z	27.990592808772277	19.089	8.901592808772278
48	2025-06-05T05:40:00Z	26.98516873034313	19.089	7.896168730343131
48	2025-06-05T05:50:00Z	26.48245669112855	19.089	7.393456691128552
48	2025-06-05T06:00:00Z	26.48245669112855	19.089	7.393456691128552
48	2025-06-05T06:10:00Z	25.4770326126994	19.089	6.388032612699401
48	2025-06-05T06:20:00Z	25.4770326126994	18.589	6.888032612699401
48	2025-06-05T06:30:00Z	25.4770326126994	19.089	6.388032612699401
48	2025-06-05T06:40:00Z	25.4770326126994	19.089	6.388032612699401
48	2025-06-05T06:50:00Z	23.968896495055677	19.089	4.879896495055679
48	2025-06-05T07:00:00Z	25.979744651913975	19.089	6.890744651913977
48	2025-06-05T07:10:00Z	25.4770326126994	19.089	6.388032612699401
48	2025-06-05T07:20:00Z	24.974320573484825	19.59	5.384320573484825
48	2025-06-05T07:30:00Z	24.471608534270253	19.59	4.881608534270253
48	2025-06-05T07:40:00Z	23.968896495055677	19.59	4.3788964950556775
48	2025-06-05T07:50:00Z	22.963472416626526	20.091	2.8724724166265254
48	2025-06-05T08:00:00Z	22.963472416626526	20.091	2.8724724166265254
48	2025-06-05T08:10:00Z	22.46076037741195	20.091	2.36976037741195
48	2025-06-05T08:20:00Z	22.46076037741195	20.591	1.86976037741195
48	2025-06-05T08:30:00Z	22.46076037741195	20.591	1.86976037741195
48	2025-06-05T08:40:00Z	22.46076037741195	20.591	1.86976037741195
48	2025-06-05T08:50:00Z	22.46076037741195	21.092	1.3687603774119523
48	2025-06-05T09:00:00Z	22.46076037741195	21.592	0.8687603774119523
48	2025-06-05T09:10:00Z	22.46076037741195	22.093	0.3677603774119511
48	2025-06-05T09:20:00Z	22.46076037741195	22.593	-0.1322396225880489
48	2025-06-05T09:30:00Z	22.963472416626526	23.093	-0.12952758337347348
48	2025-06-05T09:40:00Z	22.963472416626526	23.594	-0.6305275833734747
48	2025-06-05T09:50:00Z	22.963472416626526	24.094	-1.1305275833734747
48	2025-06-05T10:00:00Z	22.963472416626526	24.094	-1.1305275833734747
48	2025-06-05T10:10:00Z	23.466184455841102	24.594	-1.1278155441588993
48	2025-06-05T10:20:00Z	23.466184455841102	24.594	-1.1278155441588993
48	2025-06-05T10:30:00Z	23.466184455841102	25.094	-1.6278155441588993
48	2025-06-05T10:40:00Z	23.968896495055677	25.094	-1.1251035049443239
48	2025-06-05T10:50:00Z	23.968896495055677	25.094	-1.1251035049443239
48	2025-06-05T11:00:00Z	23.968896495055677	25.594	-1.6251035049443239
48	2025-06-05T11:10:00Z	24.471608534270253	25.594	-1.1223914657297485
48	2025-06-05T11:20:00Z	24.471608534270253	25.594	-1.1223914657297485
48	2025-06-05T11:30:00Z	24.974320573484825	26.094	-1.1196794265151766
48	2025-06-05T11:40:00Z	24.974320573484825	25.594	-0.6196794265151766
48	2025-06-05T11:50:00Z	25.4770326126994	26.094	-0.6169673873006012
48	2025-06-05T12:00:00Z	25.979744651913975	26.094	-0.11425534808602578
48	2025-06-05T12:10:00Z	25.979744651913975	26.094	-0.11425534808602578
48	2025-06-05T12:20:00Z	25.979744651913975	26.094	-0.11425534808602578
48	2025-06-05T12:30:00Z	25.979744651913975	26.094	-0.11425534808602578
48	2025-06-05T12:40:00Z	25.979744651913975	26.094	-0.11425534808602578
48	2025-06-05T12:50:00Z	26.48245669112855	26.094	0.38845669112854964
48	2025-06-05T13:00:00Z	26.98516873034313	26.094	0.8911687303431286
48	2025-06-05T13:10:00Z	26.98516873034313	26.094	0.8911687303431286
48	2025-06-05T13:20:00Z	26.98516873034313	26.094	0.8911687303431286
48	2025-06-05T13:30:00Z	27.4878807695577	26.094	1.3938807695577005
48	2025-06-05T13:40:00Z	27.990592808772277	26.593	1.397592808772277
48	2025-06-05T13:50:00Z	27.990592808772277	26.593	1.397592808772277
48	2025-06-05T14:00:00Z	27.990592808772277	26.593	1.397592808772277
48	2025-06-05T14:10:00Z	27.990592808772277	26.593	1.397592808772277
48	2025-06-05T14:20:00Z	27.990592808772277	26.593	1.397592808772277
48	2025-06-05T14:30:00Z	27.990592808772277	26.593	1.397592808772277
48	2025-06-05T14:40:00Z	27.990592808772277	27.093	0.8975928087722771
48	2025-06-05T14:50:00Z	28.493304847986852	27.093	1.4003048479868525
48	2025-06-05T15:00:00Z	28.493304847986852	26.593	1.9003048479868525
48	2025-06-05T15:10:00Z	32.51500116170345	27.093	5.422001161703452
48	2025-06-05T15:20:00Z	34.525849318561754	27.093	7.432849318561754
48	2025-06-05T15:30:00Z	33.5204252401326	27.093	6.427425240132603
48	2025-06-05T15:40:00Z	32.51500116170345	27.093	5.422001161703452
48	2025-06-05T15:50:00Z	31.509577083274305	27.093	4.416577083274305
48	2025-06-05T16:00:00Z	31.00686504405973	27.093	3.9138650440597296
48	2025-06-05T16:10:00Z	30.001440965630575	27.093	2.908440965630575
48	2025-06-05T16:20:00Z	29.498728926416	26.593	2.905728926416
48	2025-06-05T16:30:00Z	29.498728926416	26.593	2.905728926416
48	2025-06-05T16:40:00Z	29.498728926416	26.593	2.905728926416
48	2025-06-05T16:50:00Z	32.01228912248887	27.093	4.919289122488873
48	2025-06-05T17:00:00Z	34.525849318561754	26.593	7.932849318561754
48	2025-06-05T17:10:00Z	34.525849318561754	26.593	7.932849318561754
48	2025-06-05T17:20:00Z	34.023137279347175	26.593	7.430137279347175
48	2025-06-05T17:30:00Z	34.023137279347175	26.593	7.430137279347175
48	2025-06-05T17:40:00Z	33.5204252401326	26.094	7.426425240132602
48	2025-06-05T17:50:00Z	35.028561357776326	26.094	8.934561357776325
48	2025-06-05T18:00:00Z	34.023137279347175	26.094	7.929137279347174
48	2025-06-05T18:10:00Z	33.5204252401326	25.594	7.926425240132602
48	2025-06-05T18:20:00Z	32.51500116170345	25.594	6.921001161703451
48	2025-06-05T18:30:00Z	33.5204252401326	25.594	7.926425240132602
48	2025-06-05T18:40:00Z	33.017713200918024	25.094	7.923713200918023
48	2025-06-05T18:50:00Z	33.5204252401326	24.594	8.926425240132602
48	2025-06-05T19:00:00Z	33.5204252401326	24.594	8.926425240132602
48	2025-06-05T19:10:00Z	33.017713200918024	24.094	8.923713200918023
48	2025-06-05T19:20:00Z	33.5204252401326	24.094	9.426425240132602
48	2025-06-05T19:30:00Z	34.525849318561754	24.094	10.431849318561753
48	2025-06-05T19:40:00Z	34.525849318561754	24.094	10.431849318561753
48	2025-06-05T19:50:00Z	34.525849318561754	23.594	10.931849318561753
48	2025-06-05T20:00:00Z	34.023137279347175	23.594	10.429137279347174
48	2025-06-05T20:10:00Z	35.531273396990905	23.594	11.937273396990904
48	2025-06-05T20:20:00Z	35.028561357776326	23.594	11.434561357776325
48	2025-06-05T20:30:00Z	34.023137279347175	23.093	10.930137279347175
48	2025-06-05T20:40:00Z	35.028561357776326	23.093	11.935561357776326
48	2025-06-05T20:50:00Z	35.028561357776326	23.093	11.935561357776326
48	2025-06-05T21:00:00Z	35.028561357776326	22.593	12.435561357776326
48	2025-06-05T21:10:00Z	34.525849318561754	22.593	11.932849318561754
48	2025-06-05T21:20:00Z	33.017713200918024	22.593	10.424713200918024
48	2025-06-05T21:30:00Z	34.023137279347175	22.593	11.430137279347175
48	2025-06-05T21:40:00Z	34.023137279347175	22.593	11.430137279347175
48	2025-06-05T21:50:00Z	33.017713200918024	22.093	10.924713200918024
48	2025-06-05T22:00:00Z	32.51500116170345	22.093	10.422001161703452
48	2025-06-05T22:10:00Z	33.5204252401326	22.093	11.427425240132603
48	2025-06-05T22:20:00Z	33.5204252401326	22.093	11.427425240132603
48	2025-06-05T22:30:00Z	32.51500116170345	22.093	10.422001161703452
48	2025-06-05T22:40:00Z	32.51500116170345	21.592	10.923001161703453
48	2025-06-05T22:50:00Z	32.51500116170345	21.592	10.923001161703453
48	2025-06-05T23:00:00Z	33.017713200918024	21.592	11.425713200918025
48	2025-06-05T23:10:00Z	32.01228912248887	21.592	10.420289122488875
48	2025-06-05T23:20:00Z	31.509577083274305	21.592	9.917577083274306
48	2025-06-05T23:30:00Z	32.51500116170345	21.592	10.923001161703453
48	2025-06-05T23:40:00Z	33.017713200918024	21.592	11.425713200918025
48	2025-06-05T23:50:00Z	33.5204252401326	21.592	11.928425240132604
48	2025-06-06T00:00:00Z	32.01228912248887	21.592	10.420289122488875
48	2025-06-06T00:10:00Z	32.51500116170345	21.592	10.923001161703453
48	2025-06-06T00:20:00Z	33.017713200918024	21.592	11.425713200918025
48	2025-06-06T00:30:00Z	32.01228912248887	21.592	10.420289122488875
48	2025-06-06T00:40:00Z	32.01228912248887	21.592	10.420289122488875
48	2025-06-06T00:50:00Z	31.509577083274305	21.092	10.417577083274306
48	2025-06-06T01:00:00Z	30.50415300484515	21.092	9.412153004845152
48	2025-06-06T01:10:00Z	30.001440965630575	21.592	8.409440965630576
48	2025-06-06T01:20:00Z	30.001440965630575	21.092	8.909440965630576
48	2025-06-06T01:30:00Z	30.001440965630575	21.092	8.909440965630576
48	2025-06-06T01:40:00Z	29.498728926416	21.092	8.406728926416001
48	2025-06-06T01:50:00Z	29.498728926416	21.092	8.406728926416001
48	2025-06-06T02:00:00Z	28.996016887201428	21.092	7.904016887201429
48	2025-06-06T02:10:00Z	28.996016887201428	20.591	8.405016887201427
48	2025-06-06T02:20:00Z	29.498728926416	20.591	8.907728926415999
48	2025-06-06T02:30:00Z	30.50415300484515	20.591	9.91315300484515
48	2025-06-06T02:40:00Z	30.50415300484515	20.091	10.41315300484515
48	2025-06-06T02:50:00Z	30.50415300484515	20.091	10.41315300484515
48	2025-06-06T03:00:00Z	31.00686504405973	20.091	10.915865044059728
48	2025-06-06T03:10:00Z	31.00686504405973	20.591	10.415865044059728
48	2025-06-06T03:20:00Z	30.001440965630575	20.591	9.410440965630574
48	2025-06-06T03:30:00Z	29.498728926416	20.091	9.407728926415999
48	2025-06-06T03:40:00Z	29.498728926416	20.091	9.407728926415999
48	2025-06-06T03:50:00Z	29.498728926416	20.591	8.907728926415999
48	2025-06-06T04:00:00Z	30.001440965630575	20.091	9.910440965630574
48	2025-06-06T04:10:00Z	28.996016887201428	19.59	9.406016887201428
48	2025-06-06T04:20:00Z	29.498728926416	20.091	9.407728926415999
48	2025-06-06T04:30:00Z	30.001440965630575	20.091	9.910440965630574
48	2025-06-06T04:40:00Z	30.001440965630575	20.091	9.910440965630574
48	2025-06-06T04:50:00Z	28.996016887201428	20.091	8.905016887201427
48	2025-06-06T05:00:00Z	28.996016887201428	20.091	8.905016887201427
48	2025-06-06T05:10:00Z	28.493304847986852	20.091	8.402304847986851
48	2025-06-06T05:20:00Z	28.996016887201428	19.59	9.406016887201428
48	2025-06-06T05:30:00Z	28.996016887201428	20.091	8.905016887201427
48	2025-06-06T05:40:00Z	28.493304847986852	20.091	8.402304847986851
48	2025-06-06T05:50:00Z	28.493304847986852	19.59	8.903304847986853
48	2025-06-06T06:00:00Z	27.990592808772277	19.59	8.400592808772277
48	2025-06-06T06:10:00Z	26.98516873034313	19.59	7.39516873034313
48	2025-06-06T06:20:00Z	25.979744651913975	19.59	6.389744651913976
48	2025-06-06T06:30:00Z	25.4770326126994	19.59	5.8870326126994
48	2025-06-06T06:40:00Z	24.471608534270253	19.59	4.881608534270253
48	2025-06-06T06:50:00Z	23.968896495055677	19.59	4.3788964950556775
48	2025-06-06T07:00:00Z	23.466184455841102	19.59	3.876184455841102
48	2025-06-06T07:10:00Z	22.963472416626526	19.59	3.3734724166265266
48	2025-06-06T07:20:00Z	23.466184455841102	20.591	2.875184455841101
48	2025-06-06T07:30:00Z	23.466184455841102	21.592	1.8741844558411032
48	2025-06-06T07:40:00Z	22.963472416626526	23.093	-0.12952758337347348
48	2025-06-06T07:50:00Z	22.963472416626526	24.094	-1.1305275833734747
48	2025-06-06T08:00:00Z	22.963472416626526	25.094	-2.1305275833734747
48	2025-06-06T08:10:00Z	22.963472416626526	26.593	-3.6295275833734735
48	2025-06-06T08:20:00Z	22.963472416626526	26.094	-3.1305275833734747
48	2025-06-06T08:30:00Z	23.466184455841102	27.093	-3.626815544158898
48	2025-06-06T08:40:00Z	23.466184455841102	27.593	-4.126815544158898
48	2025-06-06T08:50:00Z	23.466184455841102	27.593	-4.126815544158898
48	2025-06-06T09:00:00Z	23.466184455841102	25.094	-1.6278155441588993
48	2025-06-06T09:10:00Z	23.968896495055677	27.093	-3.1241035049443227
48	2025-06-06T09:20:00Z	23.968896495055677	27.593	-3.6241035049443227
48	2025-06-06T09:30:00Z	23.968896495055677	28.092	-4.123103504944321
48	2025-06-06T09:40:00Z	23.968896495055677	27.093	-3.1241035049443227
48	2025-06-06T09:50:00Z	24.471608534270253	25.594	-1.1223914657297485
48	2025-06-06T10:00:00Z	24.471608534270253	25.594	-1.1223914657297485
48	2025-06-06T10:10:00Z	24.471608534270253	26.094	-1.6223914657297485
48	2025-06-06T10:20:00Z	24.471608534270253	26.094	-1.6223914657297485
48	2025-06-06T10:30:00Z	24.471608534270253	26.094	-1.6223914657297485
48	2025-06-06T10:40:00Z	24.974320573484825	26.593	-1.6186794265151754
48	2025-06-06T10:50:00Z	24.974320573484825	26.593	-1.6186794265151754
48	2025-06-06T11:00:00Z	25.4770326126994	26.593	-1.1159673873006
48	2025-06-06T11:10:00Z	25.4770326126994	27.093	-1.6159673873006
48	2025-06-06T11:20:00Z	25.4770326126994	27.093	-1.6159673873006
48	2025-06-06T11:30:00Z	25.979744651913975	27.093	-1.1132553480860246
48	2025-06-06T11:40:00Z	25.979744651913975	26.593	-0.6132553480860246
48	2025-06-06T11:50:00Z	26.48245669112855	26.593	-0.11054330887144914
48	2025-06-06T12:00:00Z	26.48245669112855	27.093	-0.6105433088714491
48	2025-06-06T12:10:00Z	26.98516873034313	26.593	0.3921687303431298
48	2025-06-06T12:20:00Z	26.98516873034313	27.093	-0.10783126965687018
48	2025-06-06T12:30:00Z	27.4878807695577	27.093	0.3948807695577017
48	2025-06-06T12:40:00Z	26.98516873034313	27.093	-0.10783126965687018
48	2025-06-06T12:50:00Z	26.98516873034313	27.593	-0.6078312696568702
48	2025-06-06T13:00:00Z	27.990592808772277	27.593	0.3975928087722771
48	2025-06-06T13:10:00Z	27.990592808772277	28.092	-0.10140719122772168
48	2025-06-06T13:20:00Z	28.493304847986852	27.593	0.9003048479868525
48	2025-06-06T13:30:00Z	28.493304847986852	27.093	1.4003048479868525
48	2025-06-06T13:40:00Z	28.493304847986852	27.593	0.9003048479868525
48	2025-06-06T13:50:00Z	28.493304847986852	27.093	1.4003048479868525
48	2025-06-06T14:00:00Z	28.493304847986852	27.593	0.9003048479868525
48	2025-06-06T14:10:00Z	28.996016887201428	28.092	0.9040168872014291
48	2025-06-06T14:20:00Z	30.001440965630575	28.092	1.9094409656305764
48	2025-06-06T14:30:00Z	31.509577083274305	28.092	3.417577083274306
48	2025-06-06T14:40:00Z	32.01228912248887	28.092	3.9202891224888745
48	2025-06-06T14:50:00Z	31.509577083274305	27.593	3.916577083274305
48	2025-06-06T15:00:00Z	31.509577083274305	28.092	3.417577083274306
48	2025-06-06T15:10:00Z	32.01228912248887	28.092	3.9202891224888745
48	2025-06-06T15:20:00Z	34.525849318561754	28.092	6.433849318561755
48	2025-06-06T15:30:00Z	34.023137279347175	28.092	5.931137279347176
48	2025-06-06T15:40:00Z	33.5204252401326	28.092	5.428425240132604
48	2025-06-06T15:50:00Z	33.017713200918024	28.092	4.925713200918025
48	2025-06-06T16:00:00Z	32.01228912248887	28.092	3.9202891224888745
48	2025-06-06T16:10:00Z	31.509577083274305	27.593	3.916577083274305
48	2025-06-06T16:20:00Z	31.00686504405973	28.092	2.914865044059731
48	2025-06-06T16:30:00Z	30.50415300484515	28.092	2.412153004845152
48	2025-06-06T16:40:00Z	34.023137279347175	28.092	5.931137279347176
48	2025-06-06T16:50:00Z	36.03398543620548	28.092	7.941985436205478
48	2025-06-06T17:00:00Z	35.531273396990905	28.092	7.439273396990906
48	2025-06-06T17:10:00Z	35.531273396990905	27.593	7.938273396990905
48	2025-06-06T17:20:00Z	35.531273396990905	28.092	7.439273396990906
48	2025-06-06T17:30:00Z	34.525849318561754	28.092	6.433849318561755
48	2025-06-06T17:40:00Z	34.525849318561754	28.092	6.433849318561755
48	2025-06-06T17:50:00Z	34.023137279347175	27.593	6.430137279347175
48	2025-06-06T18:00:00Z	34.023137279347175	27.593	6.430137279347175
48	2025-06-06T18:10:00Z	34.023137279347175	27.593	6.430137279347175
48	2025-06-06T18:20:00Z	34.023137279347175	27.593	6.430137279347175
48	2025-06-06T18:30:00Z	33.5204252401326	27.093	6.427425240132603
48	2025-06-06T18:40:00Z	33.5204252401326	26.593	6.927425240132603
48	2025-06-06T18:50:00Z	33.017713200918024	26.094	6.923713200918023
48	2025-06-06T19:00:00Z	33.017713200918024	26.094	6.923713200918023
48	2025-06-06T19:10:00Z	32.51500116170345	25.594	6.921001161703451
48	2025-06-06T19:20:00Z	32.51500116170345	25.594	6.921001161703451
48	2025-06-06T19:30:00Z	33.5204252401326	25.094	8.426425240132602
48	2025-06-06T19:40:00Z	34.023137279347175	25.094	8.929137279347174
48	2025-06-06T19:50:00Z	35.028561357776326	24.594	10.434561357776325
48	2025-06-06T20:00:00Z	35.028561357776326	24.594	10.434561357776325
48	2025-06-06T20:10:00Z	34.525849318561754	24.594	9.931849318561753
48	2025-06-06T20:20:00Z	35.028561357776326	24.094	10.934561357776325
48	2025-06-06T20:30:00Z	35.531273396990905	24.094	11.437273396990904
48	2025-06-06T20:40:00Z	37.5421215538492	23.594	13.948121553849198
48	2025-06-06T20:50:00Z	34.525849318561754	23.594	10.931849318561753
48	2025-06-06T21:00:00Z	34.525849318561754	23.594	10.931849318561753
48	2025-06-06T21:10:00Z	35.028561357776326	23.594	11.434561357776325
48	2025-06-06T21:20:00Z	36.53669747542005	23.093	13.443697475420048
48	2025-06-06T21:30:00Z	37.03940951463463	23.093	13.946409514634627
48	2025-06-06T21:40:00Z	37.03940951463463	23.093	13.946409514634627
48	2025-06-06T21:50:00Z	36.53669747542005	23.093	13.443697475420048
48	2025-06-06T22:00:00Z	37.03940951463463	22.593	14.446409514634627
48	2025-06-06T22:10:00Z	37.03940951463463	22.593	14.446409514634627
48	2025-06-06T22:20:00Z	36.53669747542005	22.593	13.943697475420048
48	2025-06-06T22:30:00Z	36.53669747542005	22.593	13.943697475420048
48	2025-06-06T22:40:00Z	36.03398543620548	22.593	13.440985436205477
48	2025-06-06T22:50:00Z	35.028561357776326	22.593	12.435561357776326
48	2025-06-06T23:00:00Z	36.03398543620548	22.593	13.440985436205477
48	2025-06-06T23:10:00Z	36.03398543620548	22.093	13.940985436205477
48	2025-06-06T23:20:00Z	36.03398543620548	22.093	13.940985436205477
48	2025-06-06T23:30:00Z	34.525849318561754	22.093	12.432849318561754
48	2025-06-06T23:40:00Z	34.525849318561754	22.093	12.432849318561754
48	2025-06-06T23:50:00Z	35.531273396990905	22.093	13.438273396990905
48	2025-06-07T00:00:00Z	35.028561357776326	22.093	12.935561357776326
48	2025-06-07T00:10:00Z	35.531273396990905	22.093	13.438273396990905
48	2025-06-07T00:20:00Z	35.531273396990905	21.592	13.939273396990906
48	2025-06-07T00:30:00Z	35.028561357776326	21.592	13.436561357776327
48	2025-06-07T00:40:00Z	35.028561357776326	21.592	13.436561357776327
48	2025-06-07T00:50:00Z	35.531273396990905	21.592	13.939273396990906
48	2025-06-07T01:00:00Z	36.53669747542005	21.092	15.44469747542005
48	2025-06-07T01:10:00Z	35.028561357776326	21.592	13.436561357776327
48	2025-06-07T01:20:00Z	35.531273396990905	21.592	13.939273396990906
48	2025-06-07T01:30:00Z	35.531273396990905	21.592	13.939273396990906
48	2025-06-07T01:40:00Z	33.5204252401326	21.592	11.928425240132604
48	2025-06-07T01:50:00Z	33.017713200918024	21.092	11.925713200918025
48	2025-06-07T02:00:00Z	33.017713200918024	21.592	11.425713200918025
48	2025-06-07T02:10:00Z	35.028561357776326	21.092	13.936561357776327
48	2025-06-07T02:20:00Z	34.525849318561754	21.092	13.433849318561755
48	2025-06-07T02:30:00Z	34.525849318561754	21.092	13.433849318561755
48	2025-06-07T02:40:00Z	34.023137279347175	21.092	12.931137279347176
48	2025-06-07T02:50:00Z	33.017713200918024	21.092	11.925713200918025
48	2025-06-07T03:00:00Z	33.5204252401326	20.591	12.929425240132602
48	2025-06-07T03:10:00Z	34.023137279347175	20.591	13.432137279347174
48	2025-06-07T03:20:00Z	32.51500116170345	20.591	11.924001161703451
48	2025-06-07T03:30:00Z	32.51500116170345	20.591	11.924001161703451
48	2025-06-07T03:40:00Z	32.51500116170345	20.091	12.424001161703451
48	2025-06-07T03:50:00Z	32.01228912248887	20.591	11.421289122488872
48	2025-06-07T04:00:00Z	32.01228912248887	20.591	11.421289122488872
48	2025-06-07T04:10:00Z	32.51500116170345	20.091	12.424001161703451
48	2025-06-07T04:20:00Z	32.01228912248887	19.59	12.422289122488873
48	2025-06-07T04:30:00Z	32.01228912248887	20.091	11.921289122488872
48	2025-06-07T04:40:00Z	32.51500116170345	20.091	12.424001161703451
48	2025-06-07T04:50:00Z	32.51500116170345	20.091	12.424001161703451
48	2025-06-07T05:00:00Z	32.51500116170345	20.091	12.424001161703451
48	2025-06-07T05:10:00Z	32.51500116170345	19.59	12.925001161703452
48	2025-06-07T05:20:00Z	31.509577083274305	19.59	11.919577083274305
48	2025-06-07T05:30:00Z	31.509577083274305	19.59	11.919577083274305
48	2025-06-07T05:40:00Z	31.509577083274305	19.089	12.420577083274306
48	2025-06-07T05:50:00Z	32.01228912248887	19.089	12.923289122488875
48	2025-06-07T06:00:00Z	32.51500116170345	19.59	12.925001161703452
48	2025-06-07T06:10:00Z	32.01228912248887	19.59	12.422289122488873
48	2025-06-07T06:20:00Z	32.01228912248887	19.59	12.422289122488873
48	2025-06-07T06:30:00Z	30.50415300484515	20.091	10.41315300484515
48	2025-06-07T06:40:00Z	30.50415300484515	20.091	10.41315300484515
48	2025-06-07T06:50:00Z	30.50415300484515	20.591	9.91315300484515
48	2025-06-07T07:00:00Z	30.50415300484515	20.591	9.91315300484515
48	2025-06-07T07:10:00Z	29.498728926416	20.591	8.907728926415999
48	2025-06-07T07:20:00Z	28.996016887201428	21.092	7.904016887201429
48	2025-06-07T07:30:00Z	28.493304847986852	22.093	6.4003048479868525
48	2025-06-07T07:40:00Z	28.493304847986852	23.594	4.899304847986851
48	2025-06-07T07:50:00Z	27.990592808772277	24.594	3.396592808772276
48	2025-06-07T08:00:00Z	27.4878807695577	26.094	1.3938807695577005
48	2025-06-07T08:10:00Z	27.4878807695577	27.593	-0.10511923044229832
48	2025-06-07T08:20:00Z	27.4878807695577	27.093	0.3948807695577017
48	2025-06-07T08:30:00Z	27.4878807695577	28.592	-1.104119230442297
48	2025-06-07T08:40:00Z	27.4878807695577	29.591	-2.1031192304422994
48	2025-06-07T08:50:00Z	26.98516873034313	30.589	-3.603831269656869
48	2025-06-07T09:00:00Z	26.98516873034313	27.593	-0.6078312696568702
48	2025-06-07T09:10:00Z	26.98516873034313	29.091	-2.1058312696568713
48	2025-06-07T09:20:00Z	26.98516873034313	30.09	-3.10483126965687
48	2025-06-07T09:30:00Z	26.98516873034313	30.09	-3.10483126965687
48	2025-06-07T09:40:00Z	26.98516873034313	29.091	-2.1058312696568713
48	2025-06-07T09:50:00Z	26.98516873034313	27.593	-0.6078312696568702
48	2025-06-07T10:00:00Z	26.98516873034313	27.593	-0.6078312696568702
48	2025-06-07T10:10:00Z	26.98516873034313	27.593	-0.6078312696568702
48	2025-06-07T10:20:00Z	26.98516873034313	27.593	-0.6078312696568702
48	2025-06-07T10:30:00Z	27.4878807695577	28.092	-0.6041192304422971
48	2025-06-07T10:40:00Z	27.990592808772277	28.092	-0.10140719122772168
48	2025-06-07T10:50:00Z	28.493304847986852	28.092	0.40130484798685373
48	2025-06-07T11:00:00Z	28.996016887201428	28.592	0.40401688720142914
48	2025-06-07T11:10:00Z	28.996016887201428	28.092	0.9040168872014291
48	2025-06-07T11:20:00Z	28.996016887201428	28.092	0.9040168872014291
48	2025-06-07T11:30:00Z	28.996016887201428	28.592	0.40401688720142914
48	2025-06-07T11:40:00Z	29.498728926416	28.092	1.406728926416001
48	2025-06-07T11:50:00Z	31.00686504405973	28.092	2.914865044059731
48	2025-06-07T12:00:00Z	32.51500116170345	28.092	4.4230011617034535
48	2025-06-07T12:10:00Z	33.017713200918024	28.092	4.925713200918025
48	2025-06-07T12:20:00Z	33.017713200918024	28.092	4.925713200918025
48	2025-06-07T12:30:00Z	33.017713200918024	28.592	4.425713200918025
48	2025-06-07T12:40:00Z	33.017713200918024	28.592	4.425713200918025
48	2025-06-07T12:50:00Z	33.5204252401326	28.092	5.428425240132604
48	2025-06-07T13:00:00Z	33.5204252401326	28.592	4.928425240132604
48	2025-06-07T13:10:00Z	33.5204252401326	28.592	4.928425240132604
48	2025-06-07T13:20:00Z	34.023137279347175	28.092	5.931137279347176
48	2025-06-07T13:30:00Z	34.525849318561754	28.092	6.433849318561755
48	2025-06-07T13:40:00Z	34.525849318561754	28.592	5.933849318561755
48	2025-06-07T13:50:00Z	34.525849318561754	28.592	5.933849318561755
48	2025-06-07T14:00:00Z	34.023137279347175	28.592	5.431137279347176
48	2025-06-07T14:10:00Z	33.5204252401326	28.092	5.428425240132604
48	2025-06-07T14:20:00Z	33.5204252401326	28.592	4.928425240132604
48	2025-06-07T14:30:00Z	34.023137279347175	28.592	5.431137279347176
48	2025-06-07T14:40:00Z	35.028561357776326	28.592	6.436561357776327
48	2025-06-07T14:50:00Z	35.531273396990905	28.592	6.939273396990906
48	2025-06-07T15:00:00Z	35.028561357776326	28.592	6.436561357776327
48	2025-06-07T15:10:00Z	34.525849318561754	28.592	5.933849318561755
48	2025-06-07T15:20:00Z	34.023137279347175	28.592	5.431137279347176
48	2025-06-07T15:30:00Z	34.023137279347175	28.592	5.431137279347176
48	2025-06-07T15:40:00Z	34.023137279347175	28.592	5.431137279347176
48	2025-06-07T15:50:00Z	34.525849318561754	28.592	5.933849318561755
48	2025-06-07T16:00:00Z	34.023137279347175	28.592	5.431137279347176
48	2025-06-07T16:10:00Z	34.023137279347175	29.091	4.932137279347174
48	2025-06-07T16:20:00Z	33.5204252401326	29.091	4.429425240132602
48	2025-06-07T16:30:00Z	34.023137279347175	29.091	4.932137279347174
48	2025-06-07T16:40:00Z	33.5204252401326	27.593	5.927425240132603
48	2025-06-07T16:50:00Z	33.017713200918024	27.093	5.924713200918024
48	2025-06-07T17:00:00Z	32.51500116170345	24.594	7.921001161703451
48	2025-06-07T17:10:00Z	32.51500116170345	23.594	8.921001161703451
48	2025-06-07T17:20:00Z	32.01228912248887	24.094	7.918289122488872
48	2025-06-07T17:30:00Z	32.51500116170345	24.594	7.921001161703451
48	2025-06-07T17:40:00Z	34.023137279347175	25.094	8.929137279347174
48	2025-06-07T17:50:00Z	34.023137279347175	25.094	8.929137279347174
48	2025-06-07T18:00:00Z	33.5204252401326	25.594	7.926425240132602
48	2025-06-07T18:10:00Z	32.51500116170345	25.094	7.421001161703451
48	2025-06-07T18:20:00Z	32.51500116170345	25.094	7.421001161703451
48	2025-06-07T18:30:00Z	32.01228912248887	25.094	6.918289122488872
48	2025-06-07T18:40:00Z	32.51500116170345	25.094	7.421001161703451
48	2025-06-07T18:50:00Z	32.51500116170345	25.094	7.421001161703451
48	2025-06-07T19:00:00Z	32.51500116170345	24.594	7.921001161703451
48	2025-06-07T19:10:00Z	32.51500116170345	24.594	7.921001161703451
48	2025-06-07T19:20:00Z	34.023137279347175	24.094	9.929137279347174
48	2025-06-07T19:30:00Z	34.023137279347175	24.094	9.929137279347174
48	2025-06-07T19:40:00Z	36.03398543620548	24.094	11.939985436205475
48	2025-06-07T19:50:00Z	35.531273396990905	24.094	11.437273396990904
48	2025-06-07T20:00:00Z	36.03398543620548	24.094	11.939985436205475
48	2025-06-07T20:10:00Z	36.03398543620548	23.594	12.439985436205475
48	2025-06-07T20:20:00Z	34.023137279347175	23.594	10.429137279347174
48	2025-06-07T20:30:00Z	34.525849318561754	23.594	10.931849318561753
48	2025-06-07T20:40:00Z	34.023137279347175	23.594	10.429137279347174
48	2025-06-07T20:50:00Z	33.5204252401326	23.093	10.427425240132603
48	2025-06-07T21:00:00Z	33.5204252401326	23.093	10.427425240132603
48	2025-06-07T21:10:00Z	33.017713200918024	23.093	9.924713200918024
48	2025-06-07T21:20:00Z	32.51500116170345	23.093	9.422001161703452
48	2025-06-07T21:30:00Z	32.51500116170345	23.093	9.422001161703452
48	2025-06-07T21:40:00Z	32.01228912248887	22.593	9.419289122488873
48	2025-06-07T21:50:00Z	32.01228912248887	22.593	9.419289122488873
48	2025-06-07T22:00:00Z	32.51500116170345	22.593	9.922001161703452
48	2025-06-07T22:10:00Z	33.017713200918024	22.593	10.424713200918024
48	2025-06-07T22:20:00Z	32.51500116170345	22.593	9.922001161703452
48	2025-06-07T22:30:00Z	32.01228912248887	22.593	9.419289122488873
48	2025-06-07T22:40:00Z	31.00686504405973	22.593	8.41386504405973
48	2025-06-07T22:50:00Z	30.50415300484515	22.593	7.911153004845151
48	2025-06-07T23:00:00Z	30.001440965630575	22.593	7.408440965630575
48	2025-06-07T23:10:00Z	31.00686504405973	22.593	8.41386504405973
48	2025-06-07T23:20:00Z	32.01228912248887	22.093	9.919289122488873
48	2025-06-07T23:30:00Z	33.017713200918024	21.592	11.425713200918025
48	2025-06-07T23:40:00Z	32.51500116170345	21.092	11.423001161703453
48	2025-06-07T23:50:00Z	33.017713200918024	20.591	12.426713200918023
48	2025-06-08T00:00:00Z	33.017713200918024	20.091	12.926713200918023
48	2025-06-08T00:10:00Z	33.017713200918024	20.091	12.926713200918023
48	2025-06-08T00:20:00Z	32.51500116170345	20.091	12.424001161703451
48	2025-06-08T00:30:00Z	32.51500116170345	20.091	12.424001161703451
48	2025-06-08T00:40:00Z	32.01228912248887	20.091	11.921289122488872
48	2025-06-08T00:50:00Z	31.509577083274305	20.091	11.418577083274304
48	2025-06-08T01:00:00Z	30.50415300484515	20.091	10.41315300484515
48	2025-06-08T01:10:00Z	30.50415300484515	20.591	9.91315300484515
48	2025-06-08T01:20:00Z	30.50415300484515	20.591	9.91315300484515
48	2025-06-08T01:30:00Z	32.01228912248887	20.091	11.921289122488872
48	2025-06-08T01:40:00Z	30.001440965630575	20.091	9.910440965630574
48	2025-06-08T01:50:00Z	30.001440965630575	20.591	9.410440965630574
48	2025-06-08T02:00:00Z	29.498728926416	20.591	8.907728926415999
48	2025-06-08T02:10:00Z	31.00686504405973	20.591	10.415865044059728
48	2025-06-08T02:20:00Z	31.00686504405973	20.591	10.415865044059728
48	2025-06-08T02:30:00Z	31.509577083274305	20.091	11.418577083274304
48	2025-06-08T02:40:00Z	32.51500116170345	20.591	11.924001161703451
48	2025-06-08T02:50:00Z	32.51500116170345	20.091	12.424001161703451
48	2025-06-08T03:00:00Z	32.51500116170345	20.591	11.924001161703451
48	2025-06-08T03:10:00Z	32.01228912248887	20.591	11.421289122488872
48	2025-06-08T03:20:00Z	31.509577083274305	20.091	11.418577083274304
48	2025-06-08T03:30:00Z	30.50415300484515	20.591	9.91315300484515
48	2025-06-08T03:40:00Z	29.498728926416	20.591	8.907728926415999
48	2025-06-08T03:50:00Z	28.996016887201428	21.592	7.404016887201429
48	2025-06-08T04:00:00Z	30.001440965630575	21.592	8.409440965630576
48	2025-06-08T04:10:00Z	28.996016887201428	21.592	7.404016887201429
48	2025-06-08T04:20:00Z	29.498728926416	21.592	7.906728926416001
48	2025-06-08T04:30:00Z	28.493304847986852	22.093	6.4003048479868525
48	2025-06-08T04:40:00Z	27.990592808772277	22.093	5.897592808772277
48	2025-06-08T04:50:00Z	27.990592808772277	21.592	6.398592808772278
48	2025-06-08T05:00:00Z	28.493304847986852	22.093	6.4003048479868525
48	2025-06-08T05:10:00Z	27.4878807695577	21.592	5.895880769557703
48	2025-06-08T05:20:00Z	27.4878807695577	21.092	6.395880769557703
48	2025-06-08T05:30:00Z	27.990592808772277	21.092	6.898592808772278
48	2025-06-08T05:40:00Z	27.990592808772277	20.591	7.399592808772276
48	2025-06-08T05:50:00Z	27.990592808772277	20.591	7.399592808772276
48	2025-06-08T06:00:00Z	25.979744651913975	20.591	5.388744651913974
48	2025-06-08T06:10:00Z	25.4770326126994	20.591	4.886032612699399
48	2025-06-08T06:20:00Z	25.4770326126994	20.091	5.386032612699399
48	2025-06-08T06:30:00Z	25.4770326126994	20.091	5.386032612699399
48	2025-06-08T06:40:00Z	25.4770326126994	20.091	5.386032612699399
48	2025-06-08T06:50:00Z	24.974320573484825	20.091	4.8833205734848235
48	2025-06-08T07:00:00Z	24.471608534270253	20.091	4.380608534270252
48	2025-06-08T07:10:00Z	24.974320573484825	20.091	4.8833205734848235
48	2025-06-08T07:20:00Z	24.974320573484825	21.092	3.882320573484826
48	2025-06-08T07:30:00Z	24.974320573484825	22.093	2.8813205734848246
48	2025-06-08T07:40:00Z	24.471608534270253	23.594	0.8776085342702515
48	2025-06-08T07:50:00Z	23.968896495055677	24.594	-0.6251035049443239
48	2025-06-08T08:00:00Z	23.968896495055677	25.594	-1.6251035049443239
48	2025-06-08T08:10:00Z	23.968896495055677	27.093	-3.1241035049443227
48	2025-06-08T08:20:00Z	23.968896495055677	26.593	-2.6241035049443227
48	2025-06-08T08:30:00Z	23.968896495055677	28.092	-4.123103504944321
48	2025-06-08T08:40:00Z	24.471608534270253	29.591	-5.119391465729748
48	2025-06-08T08:50:00Z	24.471608534270253	30.589	-6.117391465729746
48	2025-06-08T09:00:00Z	24.471608534270253	27.593	-3.1213914657297472
48	2025-06-08T09:10:00Z	24.471608534270253	29.091	-4.619391465729748
48	2025-06-08T09:20:00Z	24.471608534270253	29.091	-4.619391465729748
48	2025-06-08T09:30:00Z	24.471608534270253	29.091	-4.619391465729748
48	2025-06-08T09:40:00Z	24.974320573484825	28.092	-3.117679426515174
48	2025-06-08T09:50:00Z	24.974320573484825	26.593	-1.6186794265151754
48	2025-06-08T10:00:00Z	24.974320573484825	26.593	-1.6186794265151754
48	2025-06-08T10:10:00Z	24.974320573484825	26.593	-1.6186794265151754
48	2025-06-08T10:20:00Z	25.4770326126994	27.093	-1.6159673873006
48	2025-06-08T10:30:00Z	25.4770326126994	27.093	-1.6159673873006
48	2025-06-08T10:40:00Z	25.4770326126994	27.093	-1.6159673873006
48	2025-06-08T10:50:00Z	25.979744651913975	27.593	-1.6132553480860246
48	2025-06-08T11:00:00Z	25.979744651913975	27.593	-1.6132553480860246
48	2025-06-08T11:10:00Z	25.979744651913975	27.593	-1.6132553480860246
48	2025-06-08T11:20:00Z	26.48245669112855	27.593	-1.1105433088714491
48	2025-06-08T11:30:00Z	26.98516873034313	27.593	-0.6078312696568702
48	2025-06-08T11:40:00Z	27.4878807695577	27.593	-0.10511923044229832
48	2025-06-08T11:50:00Z	27.4878807695577	27.593	-0.10511923044229832
48	2025-06-08T12:00:00Z	28.996016887201428	28.092	0.9040168872014291
48	2025-06-08T12:10:00Z	28.493304847986852	27.593	0.9003048479868525
48	2025-06-08T12:20:00Z	28.493304847986852	27.593	0.9003048479868525
48	2025-06-08T12:30:00Z	28.493304847986852	28.092	0.40130484798685373
48	2025-06-08T12:40:00Z	28.493304847986852	27.593	0.9003048479868525
48	2025-06-08T12:50:00Z	28.996016887201428	28.092	0.9040168872014291
48	2025-06-08T13:00:00Z	29.498728926416	28.092	1.406728926416001
48	2025-06-08T13:10:00Z	30.50415300484515	28.092	2.412153004845152
48	2025-06-08T13:20:00Z	30.001440965630575	28.092	1.9094409656305764
48	2025-06-08T13:30:00Z	30.50415300484515	28.092	2.412153004845152
48	2025-06-08T13:40:00Z	30.001440965630575	28.092	1.9094409656305764
48	2025-06-08T13:50:00Z	30.001440965630575	28.092	1.9094409656305764
48	2025-06-08T14:00:00Z	30.001440965630575	28.092	1.9094409656305764
48	2025-06-08T14:10:00Z	30.001440965630575	28.092	1.9094409656305764
48	2025-06-08T14:20:00Z	30.001440965630575	28.092	1.9094409656305764
48	2025-06-08T14:30:00Z	30.001440965630575	28.092	1.9094409656305764
48	2025-06-08T14:40:00Z	30.001440965630575	28.092	1.9094409656305764
48	2025-06-08T14:50:00Z	30.001440965630575	28.092	1.9094409656305764
48	2025-06-08T15:00:00Z	30.001440965630575	28.092	1.9094409656305764
48	2025-06-08T15:10:00Z	30.001440965630575	28.092	1.9094409656305764
48	2025-06-08T15:20:00Z	30.001440965630575	28.592	1.4094409656305764
48	2025-06-08T15:30:00Z	30.001440965630575	28.092	1.9094409656305764
48	2025-06-08T15:40:00Z	30.50415300484515	28.092	2.412153004845152
48	2025-06-08T15:50:00Z	31.00686504405973	28.092	2.914865044059731
48	2025-06-08T16:00:00Z	31.00686504405973	28.092	2.914865044059731
48	2025-06-08T16:10:00Z	31.00686504405973	28.592	2.414865044059731
48	2025-06-08T16:20:00Z	31.00686504405973	28.592	2.414865044059731
48	2025-06-08T16:30:00Z	31.00686504405973	28.592	2.414865044059731
48	2025-06-08T16:40:00Z	31.509577083274305	28.592	2.917577083274306
48	2025-06-08T16:50:00Z	32.51500116170345	28.092	4.4230011617034535
48	2025-06-08T17:00:00Z	33.5204252401326	28.092	5.428425240132604
48	2025-06-08T17:10:00Z	33.5204252401326	28.592	4.928425240132604
48	2025-06-08T17:20:00Z	34.023137279347175	28.092	5.931137279347176
48	2025-06-08T17:30:00Z	34.023137279347175	28.092	5.931137279347176
48	2025-06-08T17:40:00Z	33.5204252401326	28.092	5.428425240132604
48	2025-06-08T17:50:00Z	33.5204252401326	28.092	5.428425240132604
48	2025-06-08T18:00:00Z	33.5204252401326	27.593	5.927425240132603
48	2025-06-08T18:10:00Z	34.023137279347175	27.593	6.430137279347175
48	2025-06-08T18:20:00Z	33.5204252401326	27.593	5.927425240132603
48	2025-06-08T18:30:00Z	33.5204252401326	27.593	5.927425240132603
48	2025-06-08T18:40:00Z	32.51500116170345	27.093	5.422001161703452
48	2025-06-08T18:50:00Z	32.51500116170345	26.593	5.922001161703452
48	2025-06-08T19:00:00Z	33.017713200918024	26.094	6.923713200918023
48	2025-06-08T19:10:00Z	32.51500116170345	25.594	6.921001161703451
48	2025-06-08T19:20:00Z	33.017713200918024	25.594	7.423713200918023
48	2025-06-08T19:30:00Z	34.023137279347175	25.594	8.429137279347174
48	2025-06-08T19:40:00Z	35.028561357776326	25.094	9.934561357776325
48	2025-06-08T19:50:00Z	34.525849318561754	25.094	9.431849318561753
48	2025-06-08T20:00:00Z	35.028561357776326	25.094	9.934561357776325
48	2025-06-08T20:10:00Z	35.531273396990905	25.094	10.437273396990904
48	2025-06-08T20:20:00Z	38.04483359306377	24.594	13.45083359306377
48	2025-06-08T20:30:00Z	35.531273396990905	24.594	10.937273396990904
48	2025-06-08T20:40:00Z	37.03940951463463	24.094	12.945409514634626
48	2025-06-08T20:50:00Z	36.03398543620548	24.094	11.939985436205475
48	2025-06-08T21:00:00Z	35.531273396990905	24.094	11.437273396990904
48	2025-06-08T21:10:00Z	36.53669747542005	24.094	12.442697475420047
48	2025-06-08T21:20:00Z	36.53669747542005	23.594	12.942697475420047
48	2025-06-08T21:30:00Z	36.03398543620548	23.093	12.940985436205477
48	2025-06-08T21:40:00Z	34.023137279347175	23.093	10.930137279347175
48	2025-06-08T21:50:00Z	34.525849318561754	23.093	11.432849318561754
48	2025-06-08T22:00:00Z	35.028561357776326	23.093	11.935561357776326
48	2025-06-08T22:10:00Z	35.028561357776326	23.093	11.935561357776326
48	2025-06-08T22:20:00Z	35.028561357776326	23.093	11.935561357776326
48	2025-06-08T22:30:00Z	35.531273396990905	23.594	11.937273396990904
48	2025-06-08T22:40:00Z	34.525849318561754	23.594	10.931849318561753
48	2025-06-08T22:50:00Z	34.525849318561754	23.093	11.432849318561754
48	2025-06-08T23:00:00Z	35.028561357776326	23.093	11.935561357776326
48	2025-06-08T23:10:00Z	35.028561357776326	23.093	11.935561357776326
48	2025-06-08T23:20:00Z	34.525849318561754	22.593	11.932849318561754
48	2025-06-08T23:30:00Z	34.525849318561754	22.593	11.932849318561754
48	2025-06-08T23:40:00Z	34.023137279347175	22.593	11.430137279347175
48	2025-06-08T23:50:00Z	33.5204252401326	22.093	11.427425240132603
48	2025-06-09T00:00:00Z	33.5204252401326	22.093	11.427425240132603
48	2025-06-09T00:10:00Z	35.531273396990905	22.093	13.438273396990905
48	2025-06-09T00:20:00Z	36.53669747542005	22.093	14.443697475420048
48	2025-06-09T00:30:00Z	36.53669747542005	22.093	14.443697475420048
48	2025-06-09T00:40:00Z	35.028561357776326	22.093	12.935561357776326
48	2025-06-09T00:50:00Z	36.03398543620548	22.093	13.940985436205477
48	2025-06-09T01:00:00Z	35.028561357776326	21.592	13.436561357776327
48	2025-06-09T01:10:00Z	35.028561357776326	21.592	13.436561357776327
48	2025-06-09T01:20:00Z	34.525849318561754	21.592	12.933849318561755
48	2025-06-09T01:30:00Z	34.023137279347175	21.592	12.431137279347176
48	2025-06-09T01:40:00Z	34.023137279347175	21.592	12.431137279347176
48	2025-06-09T01:50:00Z	32.51500116170345	21.092	11.423001161703453
48	2025-06-09T02:00:00Z	32.51500116170345	21.092	11.423001161703453
48	2025-06-09T02:10:00Z	32.01228912248887	20.591	11.421289122488872
48	2025-06-09T02:20:00Z	32.51500116170345	20.591	11.924001161703451
48	2025-06-09T02:30:00Z	32.51500116170345	20.591	11.924001161703451
48	2025-06-09T02:40:00Z	32.51500116170345	20.591	11.924001161703451
48	2025-06-09T02:50:00Z	33.017713200918024	20.591	12.426713200918023
48	2025-06-09T03:00:00Z	33.017713200918024	20.591	12.426713200918023
48	2025-06-09T03:10:00Z	32.01228912248887	20.591	11.421289122488872
48	2025-06-09T03:20:00Z	32.01228912248887	20.591	11.421289122488872
48	2025-06-09T03:30:00Z	32.01228912248887	20.591	11.421289122488872
48	2025-06-09T03:40:00Z	32.51500116170345	20.591	11.924001161703451
48	2025-06-09T03:50:00Z	32.51500116170345	20.591	11.924001161703451
48	2025-06-09T04:00:00Z	33.5204252401326	20.591	12.929425240132602
48	2025-06-09T04:10:00Z	34.023137279347175	20.591	13.432137279347174
48	2025-06-09T04:20:00Z	34.023137279347175	20.591	13.432137279347174
48	2025-06-09T04:30:00Z	32.51500116170345	20.591	11.924001161703451
48	2025-06-09T04:40:00Z	33.017713200918024	20.591	12.426713200918023
48	2025-06-09T04:50:00Z	33.5204252401326	20.591	12.929425240132602
48	2025-06-09T05:00:00Z	33.5204252401326	20.591	12.929425240132602
48	2025-06-09T05:10:00Z	33.5204252401326	20.591	12.929425240132602
48	2025-06-09T05:20:00Z	32.51500116170345	20.591	11.924001161703451
48	2025-06-09T05:30:00Z	32.01228912248887	20.591	11.421289122488872
48	2025-06-09T05:40:00Z	32.51500116170345	20.591	11.924001161703451
48	2025-06-09T05:50:00Z	33.5204252401326	20.591	12.929425240132602
48	2025-06-09T06:00:00Z	33.017713200918024	20.591	12.426713200918023
48	2025-06-09T06:10:00Z	33.017713200918024	20.591	12.426713200918023
48	2025-06-09T06:20:00Z	33.017713200918024	20.591	12.426713200918023
48	2025-06-09T06:30:00Z	32.01228912248887	21.092	10.920289122488875
48	2025-06-09T06:40:00Z	31.00686504405973	20.591	10.415865044059728
48	2025-06-09T06:50:00Z	31.00686504405973	20.591	10.415865044059728
48	2025-06-09T07:00:00Z	31.00686504405973	21.092	9.91486504405973
48	2025-06-09T07:10:00Z	30.50415300484515	21.092	9.412153004845152
48	2025-06-09T07:20:00Z	30.001440965630575	22.093	7.908440965630575
48	2025-06-09T07:30:00Z	29.498728926416	23.093	6.405728926416
48	2025-06-09T07:40:00Z	28.996016887201428	24.594	4.402016887201427
48	2025-06-09T07:50:00Z	28.493304847986852	25.094	3.3993048479868513
48	2025-06-09T08:00:00Z	27.990592808772277	26.094	1.8965928087722759
48	2025-06-09T08:10:00Z	27.990592808772277	27.593	0.3975928087722771
48	2025-06-09T08:20:00Z	28.493304847986852	27.093	1.4003048479868525
48	2025-06-09T08:30:00Z	28.493304847986852	28.592	-0.09869515201314627
48	2025-06-09T08:40:00Z	28.493304847986852	29.591	-1.0976951520131486
48	2025-06-09T08:50:00Z	27.990592808772277	29.591	-1.600407191227724
48	2025-06-09T09:00:00Z	27.4878807695577	27.093	0.3948807695577017
48	2025-06-09T09:10:00Z	27.4878807695577	28.092	-0.6041192304422971
48	2025-06-09T09:20:00Z	27.4878807695577	28.592	-1.104119230442297
48	2025-06-09T09:30:00Z	26.98516873034313	28.092	-1.106831269656869
48	2025-06-09T09:40:00Z	26.98516873034313	27.093	-0.10783126965687018
48	2025-06-09T09:50:00Z	26.98516873034313	26.094	0.8911687303431286
48	2025-06-09T10:00:00Z	26.98516873034313	26.094	0.8911687303431286
48	2025-06-09T10:10:00Z	26.98516873034313	26.593	0.3921687303431298
48	2025-06-09T10:20:00Z	26.98516873034313	26.593	0.3921687303431298
48	2025-06-09T10:30:00Z	26.98516873034313	27.093	-0.10783126965687018
48	2025-06-09T10:40:00Z	27.4878807695577	27.093	0.3948807695577017
48	2025-06-09T10:50:00Z	27.4878807695577	27.093	0.3948807695577017
48	2025-06-09T11:00:00Z	27.4878807695577	27.093	0.3948807695577017
48	2025-06-09T11:10:00Z	28.493304847986852	27.593	0.9003048479868525
48	2025-06-09T11:20:00Z	32.01228912248887	27.593	4.419289122488873
48	2025-06-09T11:30:00Z	33.017713200918024	27.593	5.424713200918024
48	2025-06-09T11:40:00Z	34.023137279347175	27.593	6.430137279347175
48	2025-06-09T11:50:00Z	34.525849318561754	27.593	6.932849318561754
48	2025-06-09T12:00:00Z	34.525849318561754	27.593	6.932849318561754
48	2025-06-09T12:10:00Z	34.525849318561754	27.593	6.932849318561754
48	2025-06-09T12:20:00Z	34.525849318561754	28.092	6.433849318561755
48	2025-06-09T12:30:00Z	34.525849318561754	28.092	6.433849318561755
48	2025-06-09T12:40:00Z	34.525849318561754	28.092	6.433849318561755
48	2025-06-09T12:50:00Z	34.525849318561754	28.092	6.433849318561755
48	2025-06-09T13:00:00Z	34.525849318561754	28.092	6.433849318561755
48	2025-06-09T13:10:00Z	34.525849318561754	28.092	6.433849318561755
48	2025-06-09T13:20:00Z	34.525849318561754	28.592	5.933849318561755
48	2025-06-09T13:30:00Z	34.525849318561754	28.592	5.933849318561755
48	2025-06-09T13:40:00Z	34.525849318561754	28.592	5.933849318561755
48	2025-06-09T13:50:00Z	34.525849318561754	28.592	5.933849318561755
48	2025-06-09T14:00:00Z	34.023137279347175	28.592	5.431137279347176
48	2025-06-09T14:10:00Z	34.525849318561754	28.592	5.933849318561755
48	2025-06-09T14:20:00Z	34.525849318561754	29.091	5.434849318561753
48	2025-06-09T14:30:00Z	34.525849318561754	29.091	5.434849318561753
48	2025-06-09T14:40:00Z	34.525849318561754	29.091	5.434849318561753
48	2025-06-09T14:50:00Z	35.028561357776326	29.091	5.937561357776325
48	2025-06-09T15:00:00Z	34.525849318561754	29.591	4.934849318561753
48	2025-06-09T15:10:00Z	35.028561357776326	29.591	5.437561357776325
48	2025-06-09T15:20:00Z	34.525849318561754	29.091	5.434849318561753
48	2025-06-09T15:30:00Z	35.028561357776326	29.591	5.437561357776325
48	2025-06-09T15:40:00Z	35.028561357776326	29.591	5.437561357776325
48	2025-06-09T15:50:00Z	34.525849318561754	29.591	4.934849318561753
48	2025-06-09T16:00:00Z	34.023137279347175	29.591	4.432137279347174
48	2025-06-09T16:10:00Z	35.028561357776326	29.091	5.937561357776325
48	2025-06-09T16:20:00Z	35.028561357776326	29.591	5.437561357776325
48	2025-06-09T16:30:00Z	34.525849318561754	29.591	4.934849318561753
48	2025-06-09T16:40:00Z	34.525849318561754	29.591	4.934849318561753
48	2025-06-09T16:50:00Z	34.525849318561754	29.591	4.934849318561753
48	2025-06-09T17:00:00Z	34.525849318561754	29.591	4.934849318561753
48	2025-06-09T17:10:00Z	34.525849318561754	29.091	5.434849318561753
48	2025-06-09T17:20:00Z	34.023137279347175	29.091	4.932137279347174
48	2025-06-09T17:30:00Z	33.5204252401326	29.091	4.429425240132602
48	2025-06-09T17:40:00Z	33.017713200918024	29.091	3.926713200918023
48	2025-06-09T17:50:00Z	33.5204252401326	28.592	4.928425240132604
48	2025-06-09T18:00:00Z	33.017713200918024	28.592	4.425713200918025
48	2025-06-09T18:10:00Z	33.017713200918024	28.592	4.425713200918025
48	2025-06-09T18:20:00Z	33.017713200918024	28.592	4.425713200918025
48	2025-06-09T18:30:00Z	33.017713200918024	28.092	4.925713200918025
48	2025-06-09T18:40:00Z	33.5204252401326	27.593	5.927425240132603
48	2025-06-09T18:50:00Z	33.017713200918024	27.093	5.924713200918024
48	2025-06-09T19:00:00Z	32.51500116170345	27.093	5.422001161703452
48	2025-06-09T19:10:00Z	32.51500116170345	26.593	5.922001161703452
48	2025-06-09T19:20:00Z	32.51500116170345	26.094	6.421001161703451
48	2025-06-09T19:30:00Z	32.51500116170345	26.094	6.421001161703451
48	2025-06-09T19:40:00Z	34.023137279347175	26.094	7.929137279347174
48	2025-06-09T19:50:00Z	35.531273396990905	25.594	9.937273396990904
48	2025-06-09T20:00:00Z	35.028561357776326	25.594	9.434561357776325
48	2025-06-09T20:10:00Z	35.531273396990905	25.094	10.437273396990904
48	2025-06-09T20:20:00Z	35.028561357776326	25.094	9.934561357776325
48	2025-06-09T20:30:00Z	37.03940951463463	24.594	12.445409514634626
48	2025-06-09T20:40:00Z	38.04483359306377	24.594	13.45083359306377
48	2025-06-09T20:50:00Z	35.028561357776326	24.594	10.434561357776325
48	2025-06-09T21:00:00Z	35.028561357776326	24.594	10.434561357776325
48	2025-06-09T21:10:00Z	35.531273396990905	24.594	10.937273396990904
48	2025-06-09T21:20:00Z	35.028561357776326	24.094	10.934561357776325
48	2025-06-09T21:30:00Z	34.525849318561754	24.094	10.431849318561753
48	2025-06-09T21:40:00Z	34.023137279347175	23.594	10.429137279347174
48	2025-06-09T21:50:00Z	33.5204252401326	23.594	9.926425240132602
48	2025-06-09T22:00:00Z	33.5204252401326	23.594	9.926425240132602
48	2025-06-09T22:10:00Z	35.531273396990905	23.594	11.937273396990904
48	2025-06-09T22:20:00Z	35.028561357776326	23.093	11.935561357776326
48	2025-06-09T22:30:00Z	34.525849318561754	23.093	11.432849318561754
48	2025-06-09T22:40:00Z	35.028561357776326	23.093	11.935561357776326
48	2025-06-09T22:50:00Z	35.028561357776326	23.093	11.935561357776326
48	2025-06-09T23:00:00Z	34.525849318561754	23.093	11.432849318561754
48	2025-06-09T23:10:00Z	34.525849318561754	23.093	11.432849318561754
48	2025-06-09T23:20:00Z	35.028561357776326	23.093	11.935561357776326
48	2025-06-09T23:30:00Z	35.028561357776326	23.093	11.935561357776326
48	2025-06-09T23:40:00Z	34.525849318561754	23.093	11.432849318561754
48	2025-06-09T23:50:00Z	35.028561357776326	22.593	12.435561357776326
48	2025-06-10T00:00:00Z	34.525849318561754	22.593	11.932849318561754
48	2025-06-10T00:10:00Z	35.028561357776326	22.593	12.435561357776326
48	2025-06-10T00:20:00Z	34.023137279347175	22.593	11.430137279347175
48	2025-06-10T00:30:00Z	35.028561357776326	22.593	12.435561357776326
48	2025-06-10T00:40:00Z	34.023137279347175	22.593	11.430137279347175
48	2025-06-10T00:50:00Z	33.5204252401326	22.093	11.427425240132603
48	2025-06-10T01:00:00Z	33.5204252401326	21.592	11.928425240132604
48	2025-06-10T01:10:00Z	33.017713200918024	22.093	10.924713200918024
48	2025-06-10T01:20:00Z	33.5204252401326	22.093	11.427425240132603
48	2025-06-10T01:30:00Z	34.023137279347175	22.093	11.930137279347175
48	2025-06-10T01:40:00Z	34.525849318561754	22.093	12.432849318561754
48	2025-06-10T01:50:00Z	34.525849318561754	22.093	12.432849318561754
48	2025-06-10T02:00:00Z	34.023137279347175	22.593	11.430137279347175
48	2025-06-10T02:10:00Z	33.5204252401326	22.593	10.927425240132603
48	2025-06-10T02:20:00Z	33.5204252401326	23.093	10.427425240132603
48	2025-06-10T02:30:00Z	33.5204252401326	23.594	9.926425240132602
48	2025-06-10T02:40:00Z	32.51500116170345	23.093	9.422001161703452
48	2025-06-10T02:50:00Z	32.51500116170345	22.093	10.422001161703452
48	2025-06-10T03:00:00Z	33.017713200918024	22.593	10.424713200918024
48	2025-06-10T03:10:00Z	33.017713200918024	22.593	10.424713200918024
48	2025-06-10T03:20:00Z	32.01228912248887	21.592	10.420289122488875
48	2025-06-10T03:30:00Z	32.01228912248887	21.592	10.420289122488875
48	2025-06-10T03:40:00Z	32.01228912248887	21.592	10.420289122488875
48	2025-06-10T03:50:00Z	31.509577083274305	21.592	9.917577083274306
48	2025-06-10T04:00:00Z	31.00686504405973	21.592	9.41486504405973
48	2025-06-10T04:10:00Z	31.00686504405973	21.092	9.91486504405973
48	2025-06-10T04:20:00Z	30.50415300484515	21.092	9.412153004845152
48	2025-06-10T04:30:00Z	30.50415300484515	21.092	9.412153004845152
48	2025-06-10T04:40:00Z	30.50415300484515	21.092	9.412153004845152
48	2025-06-10T04:50:00Z	30.001440965630575	21.092	8.909440965630576
48	2025-06-10T05:00:00Z	30.001440965630575	21.092	8.909440965630576
48	2025-06-10T05:10:00Z	29.498728926416	21.092	8.406728926416001
48	2025-06-10T05:20:00Z	30.50415300484515	20.091	10.41315300484515
48	2025-06-10T05:30:00Z	30.001440965630575	19.089	10.912440965630577
48	2025-06-10T05:40:00Z	30.001440965630575	19.089	10.912440965630577
48	2025-06-10T05:50:00Z	30.001440965630575	19.089	10.912440965630577
48	2025-06-10T06:00:00Z	29.498728926416	19.59	9.908728926416
48	2025-06-10T06:10:00Z	29.498728926416	19.59	9.908728926416
48	2025-06-10T06:20:00Z	28.493304847986852	19.59	8.903304847986853
48	2025-06-10T06:30:00Z	27.990592808772277	19.59	8.400592808772277
48	2025-06-10T06:40:00Z	27.990592808772277	20.091	7.899592808772276
48	2025-06-10T06:50:00Z	27.4878807695577	20.091	7.396880769557701
48	2025-06-10T07:00:00Z	26.98516873034313	20.091	6.894168730343129
48	2025-06-10T07:10:00Z	25.979744651913975	20.591	5.388744651913974
48	2025-06-10T07:20:00Z	25.4770326126994	20.591	4.886032612699399
48	2025-06-10T07:30:00Z	25.4770326126994	20.591	4.886032612699399
48	2025-06-10T07:40:00Z	24.974320573484825	21.092	3.882320573484826
48	2025-06-10T07:50:00Z	24.974320573484825	21.592	3.382320573484826
48	2025-06-10T08:00:00Z	24.974320573484825	21.592	3.382320573484826
48	2025-06-10T08:10:00Z	24.974320573484825	22.093	2.8813205734848246
48	2025-06-10T08:20:00Z	24.974320573484825	22.593	2.3813205734848246
48	2025-06-10T08:30:00Z	24.974320573484825	23.093	1.8813205734848246
48	2025-06-10T08:40:00Z	24.974320573484825	24.094	0.8803205734848234
48	2025-06-10T08:50:00Z	24.974320573484825	27.093	-2.1186794265151754
48	2025-06-10T09:00:00Z	24.974320573484825	27.093	-2.1186794265151754
48	2025-06-10T09:10:00Z	24.974320573484825	28.592	-3.617679426515174
48	2025-06-10T09:20:00Z	24.974320573484825	29.591	-4.6166794265151765
48	2025-06-10T09:30:00Z	24.974320573484825	28.092	-3.117679426515174
48	2025-06-10T09:40:00Z	25.4770326126994	27.593	-2.1159673873006
48	2025-06-10T09:50:00Z	25.4770326126994	26.094	-0.6169673873006012
48	2025-06-10T10:00:00Z	25.4770326126994	26.094	-0.6169673873006012
48	2025-06-10T10:10:00Z	25.4770326126994	26.094	-0.6169673873006012
48	2025-06-10T10:20:00Z	25.4770326126994	26.094	-0.6169673873006012
48	2025-06-10T10:30:00Z	25.979744651913975	26.094	-0.11425534808602578
48	2025-06-10T10:40:00Z	25.979744651913975	26.593	-0.6132553480860246
48	2025-06-10T10:50:00Z	25.979744651913975	27.093	-1.1132553480860246
48	2025-06-10T11:00:00Z	26.48245669112855	27.093	-0.6105433088714491
48	2025-06-10T11:10:00Z	26.48245669112855	27.093	-0.6105433088714491
48	2025-06-10T11:20:00Z	26.48245669112855	27.093	-0.6105433088714491
48	2025-06-10T11:30:00Z	26.98516873034313	27.093	-0.10783126965687018
48	2025-06-10T11:40:00Z	26.98516873034313	27.593	-0.6078312696568702
48	2025-06-10T11:50:00Z	26.98516873034313	27.593	-0.6078312696568702
48	2025-06-10T12:00:00Z	27.4878807695577	27.593	-0.10511923044229832
48	2025-06-10T12:10:00Z	28.996016887201428	28.092	0.9040168872014291
48	2025-06-10T12:20:00Z	31.509577083274305	28.092	3.417577083274306
48	2025-06-10T12:30:00Z	33.017713200918024	28.092	4.925713200918025
48	2025-06-10T12:40:00Z	33.017713200918024	28.092	4.925713200918025
48	2025-06-10T12:50:00Z	34.023137279347175	28.592	5.431137279347176
48	2025-06-10T13:00:00Z	33.5204252401326	28.592	4.928425240132604
48	2025-06-10T13:10:00Z	33.5204252401326	28.592	4.928425240132604
48	2025-06-10T13:20:00Z	33.5204252401326	28.592	4.928425240132604
48	2025-06-10T13:30:00Z	33.5204252401326	28.592	4.928425240132604
48	2025-06-10T13:40:00Z	33.5204252401326	28.592	4.928425240132604
48	2025-06-10T13:50:00Z	33.5204252401326	28.592	4.928425240132604
48	2025-06-10T14:00:00Z	34.023137279347175	28.592	5.431137279347176
48	2025-06-10T14:10:00Z	34.525849318561754	28.592	5.933849318561755
48	2025-06-10T14:20:00Z	34.525849318561754	29.091	5.434849318561753
48	2025-06-10T14:30:00Z	34.525849318561754	29.091	5.434849318561753
48	2025-06-10T14:40:00Z	33.5204252401326	29.091	4.429425240132602
48	2025-06-10T14:50:00Z	34.525849318561754	29.091	5.434849318561753
48	2025-06-10T15:00:00Z	33.017713200918024	29.091	3.926713200918023
48	2025-06-10T15:10:00Z	34.023137279347175	29.091	4.932137279347174
48	2025-06-10T15:20:00Z	34.525849318561754	29.091	5.434849318561753
48	2025-06-10T15:30:00Z	33.017713200918024	28.592	4.425713200918025
48	2025-06-10T15:40:00Z	33.5204252401326	29.091	4.429425240132602
48	2025-06-10T15:50:00Z	33.5204252401326	29.591	3.929425240132602
48	2025-06-10T16:00:00Z	33.5204252401326	29.091	4.429425240132602
48	2025-06-10T16:10:00Z	34.023137279347175	29.591	4.432137279347174
48	2025-06-10T16:20:00Z	34.023137279347175	29.591	4.432137279347174
48	2025-06-10T16:30:00Z	34.525849318561754	29.591	4.934849318561753
48	2025-06-10T16:40:00Z	35.028561357776326	29.091	5.937561357776325
48	2025-06-10T16:50:00Z	33.5204252401326	29.091	4.429425240132602
48	2025-06-10T17:00:00Z	33.5204252401326	29.091	4.429425240132602
48	2025-06-10T17:10:00Z	33.5204252401326	29.091	4.429425240132602
48	2025-06-10T17:20:00Z	33.5204252401326	29.091	4.429425240132602
48	2025-06-10T17:30:00Z	33.5204252401326	29.091	4.429425240132602
48	2025-06-10T17:40:00Z	33.017713200918024	28.592	4.425713200918025
48	2025-06-10T17:50:00Z	34.023137279347175	28.592	5.431137279347176
48	2025-06-10T18:00:00Z	33.5204252401326	28.592	4.928425240132604
48	2025-06-10T18:10:00Z	33.5204252401326	28.592	4.928425240132604
48	2025-06-10T18:20:00Z	32.01228912248887	28.092	3.9202891224888745
48	2025-06-10T18:30:00Z	31.509577083274305	28.092	3.417577083274306
48	2025-06-10T18:40:00Z	31.509577083274305	27.593	3.916577083274305
48	2025-06-10T18:50:00Z	32.51500116170345	27.093	5.422001161703452
48	2025-06-10T19:00:00Z	32.51500116170345	26.593	5.922001161703452
48	2025-06-10T19:10:00Z	32.51500116170345	26.094	6.421001161703451
48	2025-06-10T19:20:00Z	32.01228912248887	26.094	5.918289122488872
48	2025-06-10T19:30:00Z	33.017713200918024	25.594	7.423713200918023
48	2025-06-10T19:40:00Z	34.023137279347175	25.594	8.429137279347174
48	2025-06-10T19:50:00Z	34.525849318561754	25.594	8.931849318561753
48	2025-06-10T20:00:00Z	34.023137279347175	25.594	8.429137279347174
48	2025-06-10T20:10:00Z	35.028561357776326	25.094	9.934561357776325
48	2025-06-10T20:20:00Z	35.531273396990905	24.594	10.937273396990904
48	2025-06-10T20:30:00Z	33.017713200918024	24.094	8.923713200918023
48	2025-06-10T20:40:00Z	32.51500116170345	24.094	8.421001161703451
48	2025-06-10T20:50:00Z	35.531273396990905	24.094	11.437273396990904
48	2025-06-10T21:00:00Z	35.531273396990905	24.094	11.437273396990904
48	2025-06-10T21:10:00Z	32.51500116170345	24.094	8.421001161703451
48	2025-06-10T21:20:00Z	33.5204252401326	24.094	9.426425240132602
48	2025-06-10T21:30:00Z	34.023137279347175	23.594	10.429137279347174
48	2025-06-10T21:40:00Z	32.51500116170345	23.594	8.921001161703451
48	2025-06-10T21:50:00Z	32.01228912248887	23.093	8.919289122488873
48	2025-06-10T22:00:00Z	32.51500116170345	23.093	9.422001161703452
48	2025-06-10T22:10:00Z	32.51500116170345	23.594	8.921001161703451
48	2025-06-10T22:20:00Z	31.509577083274305	23.594	7.915577083274304
48	2025-06-10T22:30:00Z	31.509577083274305	23.594	7.915577083274304
48	2025-06-10T22:40:00Z	33.5204252401326	23.093	10.427425240132603
48	2025-06-10T22:50:00Z	32.01228912248887	23.093	8.919289122488873
48	2025-06-10T23:00:00Z	32.51500116170345	23.093	9.422001161703452
48	2025-06-10T23:10:00Z	33.017713200918024	22.593	10.424713200918024
48	2025-06-10T23:20:00Z	32.51500116170345	22.593	9.922001161703452
48	2025-06-10T23:30:00Z	32.51500116170345	23.093	9.422001161703452
48	2025-06-10T23:40:00Z	34.525849318561754	23.093	11.432849318561754
48	2025-06-10T23:50:00Z	33.017713200918024	23.093	9.924713200918024
48	2025-06-11T00:00:00Z	32.51500116170345	23.093	9.422001161703452
49	2025-06-03T19:20:00Z	34.40251103359369	22.093	12.30951103359369
49	2025-06-03T19:30:00Z	34.90704815348449	22.093	12.814048153484489
49	2025-06-03T19:40:00Z	36.42065951315689	22.093	14.327659513156892
49	2025-06-03T19:50:00Z	34.40251103359369	21.592	12.810511033593691
49	2025-06-03T20:00:00Z	34.40251103359369	21.592	12.810511033593691
49	2025-06-03T20:10:00Z	34.40251103359369	21.592	12.810511033593691
49	2025-06-03T20:20:00Z	33.89797391370289	21.592	12.305973913702893
49	2025-06-03T20:30:00Z	33.89797391370289	21.592	12.305973913702893
49	2025-06-03T20:40:00Z	34.40251103359369	21.592	12.810511033593691
49	2025-06-03T20:50:00Z	33.89797391370289	21.592	12.305973913702893
49	2025-06-03T21:00:00Z	32.88889967392128	21.592	11.296899673921281
49	2025-06-03T21:10:00Z	32.88889967392128	21.592	11.296899673921281
49	2025-06-03T21:20:00Z	34.40251103359369	21.092	13.310511033593691
49	2025-06-03T21:30:00Z	35.91612239326609	21.092	14.824122393266094
49	2025-06-03T21:40:00Z	35.91612239326609	21.092	14.824122393266094
49	2025-06-03T21:50:00Z	35.411585273375294	21.092	14.319585273375296
49	2025-06-03T22:00:00Z	34.90704815348449	20.591	14.316048153484488
49	2025-06-03T22:10:00Z	32.88889967392128	20.591	12.297899673921279
49	2025-06-03T22:20:00Z	32.38436255403048	20.591	11.79336255403048
49	2025-06-03T22:30:00Z	36.42065951315689	20.591	15.82965951315689
49	2025-06-03T22:40:00Z	34.40251103359369	20.591	13.811511033593689
49	2025-06-03T22:50:00Z	33.89797391370289	20.591	13.30697391370289
49	2025-06-03T23:00:00Z	34.40251103359369	20.591	13.811511033593689
49	2025-06-03T23:10:00Z	33.89797391370289	20.591	13.30697391370289
49	2025-06-03T23:20:00Z	32.38436255403048	20.591	11.79336255403048
49	2025-06-03T23:30:00Z	32.88889967392128	20.591	12.297899673921279
49	2025-06-03T23:40:00Z	34.40251103359369	20.591	13.811511033593689
49	2025-06-03T23:50:00Z	33.89797391370289	20.591	13.30697391370289
49	2025-06-04T00:00:00Z	32.88889967392128	20.591	12.297899673921279
49	2025-06-04T00:10:00Z	32.38436255403048	20.591	11.79336255403048
49	2025-06-04T00:20:00Z	32.38436255403048	20.591	11.79336255403048
49	2025-06-04T00:30:00Z	32.38436255403048	20.591	11.79336255403048
49	2025-06-04T00:40:00Z	32.38436255403048	20.591	11.79336255403048
49	2025-06-04T00:50:00Z	32.38436255403048	20.591	11.79336255403048
49	2025-06-04T01:00:00Z	32.38436255403048	20.591	11.79336255403048
49	2025-06-04T01:10:00Z	32.88889967392128	20.591	12.297899673921279
49	2025-06-04T01:30:00Z	31.879825434139683	20.591	11.288825434139682
49	2025-06-04T01:40:00Z	30.36621407446728	20.591	9.775214074467279
49	2025-06-04T01:50:00Z	29.861676954576474	20.591	9.270676954576473
49	2025-06-04T02:00:00Z	29.357139834685672	20.591	8.76613983468567
49	2025-06-04T02:10:00Z	29.357139834685672	20.591	8.76613983468567
49	2025-06-04T02:20:00Z	28.852602714794873	20.591	8.261602714794872
49	2025-06-04T02:30:00Z	28.852602714794873	20.591	8.261602714794872
49	2025-06-04T02:40:00Z	29.861676954576474	21.092	8.769676954576475
49	2025-06-04T02:50:00Z	32.38436255403048	21.092	11.292362554030483
49	2025-06-04T03:00:00Z	33.393436793812086	21.092	12.301436793812087
49	2025-06-04T03:10:00Z	33.89797391370289	20.091	13.80697391370289
49	2025-06-04T03:20:00Z	33.393436793812086	20.091	13.302436793812085
49	2025-06-04T03:30:00Z	33.393436793812086	20.091	13.302436793812085
49	2025-06-04T03:40:00Z	33.393436793812086	20.091	13.302436793812085
49	2025-06-04T03:50:00Z	31.879825434139683	20.091	11.788825434139682
49	2025-06-04T04:00:00Z	32.88889967392128	19.59	13.29889967392128
49	2025-06-04T04:10:00Z	31.879825434139683	19.59	12.289825434139683
49	2025-06-04T04:20:00Z	31.879825434139683	19.59	12.289825434139683
49	2025-06-04T04:30:00Z	31.879825434139683	19.59	12.289825434139683
49	2025-06-04T04:40:00Z	31.37528831424888	19.59	11.78528831424888
49	2025-06-04T04:50:00Z	30.87075119435808	19.59	11.280751194358078
49	2025-06-04T05:00:00Z	29.861676954576474	19.089	10.772676954576475
49	2025-06-04T05:10:00Z	29.357139834685672	19.089	10.268139834685673
49	2025-06-04T05:20:00Z	28.34806559490407	19.089	9.259065594904072
49	2025-06-04T05:30:00Z	28.34806559490407	19.089	9.259065594904072
49	2025-06-04T05:40:00Z	27.84352847501327	19.089	8.75452847501327
49	2025-06-04T05:50:00Z	27.33899135512247	19.089	8.249991355122472
49	2025-06-04T06:00:00Z	25.32084287555926	19.59	5.7308428755592615
49	2025-06-04T06:10:00Z	23.80723151588686	19.089	4.71823151588686
49	2025-06-04T06:20:00Z	22.798157276105254	19.089	3.7091572761052554
49	2025-06-04T06:30:00Z	22.293620156214455	19.089	3.2046201562144567
49	2025-06-04T06:40:00Z	21.78908303632365	18.589	3.200083036323651
49	2025-06-04T06:50:00Z	21.284545916432847	18.589	2.695545916432849
49	2025-06-04T07:00:00Z	20.78000879654205	18.589	2.19100879654205
49	2025-06-04T07:10:00Z	20.78000879654205	19.089	1.6910087965420502
49	2025-06-04T07:20:00Z	20.27547167665125	19.089	1.1864716766512515
49	2025-06-04T07:30:00Z	20.27547167665125	19.59	0.6854716766512503
49	2025-06-04T07:40:00Z	20.27547167665125	19.59	0.6854716766512503
49	2025-06-04T07:50:00Z	20.27547167665125	19.59	0.6854716766512503
49	2025-06-04T08:00:00Z	20.27547167665125	19.59	0.6854716766512503
49	2025-06-04T08:10:00Z	20.27547167665125	20.091	0.18447167665124908
49	2025-06-04T08:20:00Z	20.27547167665125	20.591	-0.3155283233487509
49	2025-06-04T08:30:00Z	20.27547167665125	21.592	-1.3165283233487486
49	2025-06-04T08:40:00Z	20.78000879654205	22.593	-1.8129912034579512
49	2025-06-04T08:50:00Z	21.284545916432847	24.094	-2.8094540835671538
49	2025-06-04T09:00:00Z	21.284545916432847	24.594	-3.3094540835671538
49	2025-06-04T09:10:00Z	21.78908303632365	25.094	-3.3049169636763516
49	2025-06-04T09:20:00Z	21.78908303632365	26.593	-4.80391696367635
49	2025-06-04T09:30:00Z	21.78908303632365	26.593	-4.80391696367635
49	2025-06-04T09:40:00Z	22.293620156214455	26.094	-3.800379843785546
49	2025-06-04T09:50:00Z	22.293620156214455	25.094	-2.800379843785546
49	2025-06-04T10:00:00Z	22.293620156214455	25.094	-2.800379843785546
49	2025-06-04T10:10:00Z	22.798157276105254	25.094	-2.295842723894747
49	2025-06-04T10:20:00Z	22.798157276105254	25.094	-2.295842723894747
49	2025-06-04T10:30:00Z	23.302694395996056	25.094	-1.791305604003945
49	2025-06-04T10:40:00Z	23.302694395996056	25.094	-1.791305604003945
49	2025-06-04T10:50:00Z	23.302694395996056	25.094	-1.791305604003945
49	2025-06-04T11:00:00Z	23.80723151588686	25.094	-1.2867684841131428
49	2025-06-04T11:10:00Z	23.80723151588686	25.594	-1.7867684841131428
49	2025-06-04T11:20:00Z	24.311768635777657	26.094	-1.7822313642223442
49	2025-06-04T11:30:00Z	24.311768635777657	26.094	-1.7822313642223442
49	2025-06-04T11:40:00Z	24.81630575566846	26.094	-1.277694244331542
49	2025-06-04T11:50:00Z	24.81630575566846	26.094	-1.277694244331542
49	2025-06-04T12:00:00Z	25.32084287555926	26.593	-1.2721571244407386
49	2025-06-04T12:10:00Z	25.32084287555926	26.593	-1.2721571244407386
49	2025-06-04T12:20:00Z	25.825379995450064	27.093	-1.2676200045499364
49	2025-06-04T12:30:00Z	25.825379995450064	27.093	-1.2676200045499364
49	2025-06-04T12:40:00Z	26.329917115340866	27.093	-0.7630828846591342
49	2025-06-04T12:50:00Z	26.329917115340866	27.093	-0.7630828846591342
49	2025-06-04T13:00:00Z	26.834454235231668	27.093	-0.258545764768332
49	2025-06-04T13:10:00Z	26.834454235231668	27.593	-0.758545764768332
49	2025-06-04T13:20:00Z	27.33899135512247	27.593	-0.25400864487752983
49	2025-06-04T13:30:00Z	27.33899135512247	27.593	-0.25400864487752983
49	2025-06-04T13:40:00Z	27.84352847501327	27.593	0.2505284750132688
49	2025-06-04T13:50:00Z	28.34806559490407	27.593	0.755065594904071
49	2025-06-04T14:00:00Z	28.34806559490407	27.593	0.755065594904071
49	2025-06-04T14:10:00Z	28.34806559490407	27.593	0.755065594904071
49	2025-06-04T14:20:00Z	28.34806559490407	28.092	0.2560655949040722
49	2025-06-04T14:30:00Z	28.34806559490407	28.092	0.2560655949040722
49	2025-06-04T14:40:00Z	28.852602714794873	28.092	0.7606027147948744
49	2025-06-04T14:50:00Z	28.852602714794873	28.092	0.7606027147948744
49	2025-06-04T15:00:00Z	28.852602714794873	27.593	1.2596027147948732
49	2025-06-04T15:10:00Z	28.852602714794873	28.092	0.7606027147948744
49	2025-06-04T15:20:00Z	29.357139834685672	27.593	1.7641398346856718
49	2025-06-04T15:30:00Z	31.37528831424888	28.092	3.283288314248882
49	2025-06-04T15:40:00Z	31.879825434139683	28.092	3.787825434139684
49	2025-06-04T15:50:00Z	32.38436255403048	28.092	4.292362554030483
49	2025-06-04T16:00:00Z	32.38436255403048	28.092	4.292362554030483
49	2025-06-04T16:10:00Z	32.38436255403048	27.593	4.791362554030481
49	2025-06-04T16:20:00Z	31.879825434139683	28.092	3.787825434139684
49	2025-06-04T16:30:00Z	32.38436255403048	27.593	4.791362554030481
49	2025-06-04T16:40:00Z	31.37528831424888	27.593	3.7822883142488806
49	2025-06-04T16:50:00Z	31.879825434139683	27.593	4.286825434139683
49	2025-06-04T17:00:00Z	31.879825434139683	27.593	4.286825434139683
49	2025-06-04T17:10:00Z	32.38436255403048	27.593	4.791362554030481
49	2025-06-04T17:20:00Z	32.38436255403048	27.593	4.791362554030481
49	2025-06-04T17:30:00Z	32.38436255403048	27.093	5.291362554030481
49	2025-06-04T17:40:00Z	31.879825434139683	27.093	4.786825434139683
49	2025-06-04T17:50:00Z	31.879825434139683	27.093	4.786825434139683
49	2025-06-04T18:00:00Z	31.879825434139683	27.093	4.786825434139683
49	2025-06-04T18:10:00Z	31.879825434139683	27.093	4.786825434139683
49	2025-06-04T18:20:00Z	31.879825434139683	26.593	5.286825434139683
49	2025-06-04T18:30:00Z	31.879825434139683	26.593	5.286825434139683
49	2025-06-04T18:40:00Z	31.37528831424888	26.094	5.281288314248879
49	2025-06-04T18:50:00Z	31.37528831424888	25.594	5.781288314248879
49	2025-06-04T19:00:00Z	31.879825434139683	25.094	6.7858254341396815
49	2025-06-04T19:10:00Z	32.38436255403048	24.594	7.79036255403048
49	2025-06-04T19:20:00Z	33.89797391370289	24.594	9.30397391370289
49	2025-06-04T19:30:00Z	34.90704815348449	24.094	10.813048153484488
49	2025-06-04T19:40:00Z	35.411585273375294	24.094	11.317585273375293
49	2025-06-04T19:50:00Z	36.92519663304769	24.094	12.83119663304769
49	2025-06-04T20:00:00Z	34.40251103359369	24.094	10.308511033593689
49	2025-06-04T20:10:00Z	34.40251103359369	24.094	10.308511033593689
49	2025-06-04T20:20:00Z	33.393436793812086	23.594	9.799436793812085
49	2025-06-04T20:30:00Z	33.393436793812086	23.594	9.799436793812085
49	2025-06-04T20:40:00Z	35.411585273375294	23.594	11.817585273375293
49	2025-06-04T20:50:00Z	34.90704815348449	23.594	11.313048153484488
49	2025-06-04T21:00:00Z	35.411585273375294	23.594	11.817585273375293
49	2025-06-04T21:10:00Z	35.91612239326609	23.594	12.322122393266092
49	2025-06-04T21:20:00Z	35.411585273375294	23.093	12.318585273375295
49	2025-06-04T21:30:00Z	35.411585273375294	23.093	12.318585273375295
49	2025-06-04T21:40:00Z	34.90704815348449	23.093	11.814048153484489
49	2025-06-04T21:50:00Z	34.40251103359369	23.093	11.30951103359369
49	2025-06-04T22:00:00Z	33.89797391370289	23.093	10.804973913702892
49	2025-06-04T22:10:00Z	34.90704815348449	22.593	12.314048153484489
49	2025-06-04T22:20:00Z	33.89797391370289	22.593	11.304973913702892
49	2025-06-04T22:30:00Z	33.393436793812086	22.593	10.800436793812086
49	2025-06-04T22:40:00Z	33.89797391370289	22.093	11.804973913702892
49	2025-06-04T22:50:00Z	33.89797391370289	22.093	11.804973913702892
49	2025-06-04T23:00:00Z	33.89797391370289	21.592	12.305973913702893
49	2025-06-04T23:10:00Z	33.89797391370289	22.093	11.804973913702892
49	2025-06-04T23:20:00Z	33.393436793812086	22.093	11.300436793812086
49	2025-06-04T23:30:00Z	34.90704815348449	22.093	12.814048153484489
49	2025-06-04T23:40:00Z	34.40251103359369	21.592	12.810511033593691
49	2025-06-04T23:50:00Z	33.89797391370289	21.592	12.305973913702893
49	2025-06-05T00:00:00Z	33.89797391370289	21.592	12.305973913702893
49	2025-06-05T00:10:00Z	33.393436793812086	21.592	11.801436793812087
49	2025-06-05T00:20:00Z	33.89797391370289	21.592	12.305973913702893
49	2025-06-05T00:30:00Z	33.89797391370289	22.093	11.804973913702892
49	2025-06-05T00:40:00Z	32.88889967392128	22.093	10.79589967392128
49	2025-06-05T00:50:00Z	32.88889967392128	21.592	11.296899673921281
49	2025-06-05T01:00:00Z	33.393436793812086	19.59	13.803436793812086
49	2025-06-05T01:10:00Z	33.393436793812086	18.589	14.804436793812087
49	2025-06-05T01:20:00Z	32.88889967392128	17.587	15.30189967392128
49	2025-06-05T01:30:00Z	32.38436255403048	17.086	15.298362554030483
49	2025-06-05T01:40:00Z	31.37528831424888	17.086	14.289288314248882
49	2025-06-05T01:50:00Z	29.861676954576474	17.086	12.775676954576475
49	2025-06-05T02:00:00Z	29.357139834685672	17.086	12.271139834685673
49	2025-06-05T02:10:00Z	29.357139834685672	17.086	12.271139834685673
49	2025-06-05T02:20:00Z	29.357139834685672	17.086	12.271139834685673
49	2025-06-05T02:30:00Z	31.879825434139683	17.086	14.793825434139684
49	2025-06-05T02:40:00Z	32.88889967392128	17.086	15.802899673921281
49	2025-06-05T02:50:00Z	33.89797391370289	16.585	17.31297391370289
49	2025-06-05T03:00:00Z	32.38436255403048	16.585	15.79936255403048
49	2025-06-05T03:10:00Z	31.37528831424888	16.585	14.79028831424888
49	2025-06-05T03:20:00Z	30.87075119435808	16.585	14.285751194358077
49	2025-06-05T03:30:00Z	30.87075119435808	17.086	13.78475119435808
49	2025-06-05T03:40:00Z	30.36621407446728	17.086	13.280214074467281
49	2025-06-05T03:50:00Z	30.36621407446728	17.086	13.280214074467281
49	2025-06-05T04:00:00Z	30.36621407446728	17.086	13.280214074467281
49	2025-06-05T04:10:00Z	29.861676954576474	17.086	12.775676954576475
49	2025-06-05T04:20:00Z	29.357139834685672	17.587	11.770139834685672
49	2025-06-05T04:30:00Z	31.37528831424888	17.587	13.78828831424888
49	2025-06-05T04:40:00Z	33.393436793812086	17.587	15.806436793812086
49	2025-06-05T04:50:00Z	33.393436793812086	17.587	15.806436793812086
49	2025-06-05T05:00:00Z	33.393436793812086	17.587	15.806436793812086
49	2025-06-05T05:10:00Z	32.88889967392128	18.088	14.800899673921279
49	2025-06-05T05:20:00Z	31.37528831424888	18.088	13.28728831424888
49	2025-06-05T05:30:00Z	30.87075119435808	18.589	12.28175119435808
49	2025-06-05T05:40:00Z	30.36621407446728	18.589	11.777214074467281
49	2025-06-05T05:50:00Z	30.36621407446728	18.589	11.777214074467281
49	2025-06-05T06:00:00Z	29.861676954576474	18.589	11.272676954576475
49	2025-06-05T06:10:00Z	29.861676954576474	18.589	11.272676954576475
49	2025-06-05T06:20:00Z	29.861676954576474	18.589	11.272676954576475
49	2025-06-05T06:30:00Z	29.357139834685672	18.589	10.768139834685673
49	2025-06-05T06:40:00Z	28.852602714794873	18.589	10.263602714794875
49	2025-06-05T06:50:00Z	28.852602714794873	18.589	10.263602714794875
49	2025-06-05T07:00:00Z	27.84352847501327	18.589	9.25452847501327
49	2025-06-05T07:10:00Z	27.33899135512247	19.089	8.249991355122472
49	2025-06-05T07:20:00Z	26.329917115340866	19.089	7.240917115340867
49	2025-06-05T07:30:00Z	25.32084287555926	19.089	6.231842875559263
49	2025-06-05T07:40:00Z	25.32084287555926	19.089	6.231842875559263
49	2025-06-05T07:50:00Z	24.311768635777657	19.089	5.222768635777658
49	2025-06-05T08:00:00Z	23.80723151588686	19.089	4.71823151588686
49	2025-06-05T08:10:00Z	23.302694395996056	19.59	3.7126943959960563
49	2025-06-05T08:20:00Z	23.302694395996056	19.59	3.7126943959960563
49	2025-06-05T08:30:00Z	22.798157276105254	19.59	3.208157276105254
49	2025-06-05T08:40:00Z	22.798157276105254	20.091	2.707157276105253
49	2025-06-05T08:50:00Z	22.293620156214455	20.091	2.2026201562144543
49	2025-06-05T09:00:00Z	22.293620156214455	20.091	2.2026201562144543
49	2025-06-05T09:10:00Z	21.78908303632365	20.091	1.6980830363236485
49	2025-06-05T09:20:00Z	21.78908303632365	20.091	1.6980830363236485
49	2025-06-05T09:30:00Z	21.78908303632365	20.591	1.1980830363236485
49	2025-06-05T09:40:00Z	21.78908303632365	20.591	1.1980830363236485
49	2025-06-05T09:50:00Z	21.78908303632365	21.092	0.6970830363236509
49	2025-06-05T10:00:00Z	21.78908303632365	21.092	0.6970830363236509
49	2025-06-05T10:10:00Z	21.78908303632365	21.092	0.6970830363236509
49	2025-06-05T10:20:00Z	21.78908303632365	21.092	0.6970830363236509
49	2025-06-05T10:30:00Z	22.293620156214455	21.592	0.7016201562144566
49	2025-06-05T10:40:00Z	22.293620156214455	21.092	1.2016201562144566
49	2025-06-05T10:50:00Z	22.293620156214455	21.592	0.7016201562144566
49	2025-06-05T11:00:00Z	22.798157276105254	22.093	0.705157276105254
49	2025-06-05T11:10:00Z	22.798157276105254	22.593	0.20515727610525403
49	2025-06-05T11:20:00Z	22.798157276105254	23.093	-0.294842723894746
49	2025-06-05T11:30:00Z	23.302694395996056	23.594	-0.291305604003945
49	2025-06-05T11:40:00Z	23.302694395996056	24.594	-1.291305604003945
49	2025-06-05T11:50:00Z	23.80723151588686	24.594	-0.7867684841131428
49	2025-06-05T12:00:00Z	23.80723151588686	24.594	-0.7867684841131428
49	2025-06-05T12:10:00Z	24.311768635777657	25.094	-0.7822313642223442
49	2025-06-05T12:20:00Z	24.311768635777657	25.094	-0.7822313642223442
49	2025-06-05T12:30:00Z	24.81630575566846	25.594	-0.777694244331542
49	2025-06-05T12:40:00Z	25.32084287555926	26.094	-0.7731571244407398
49	2025-06-05T12:50:00Z	25.825379995450064	26.094	-0.2686200045499376
49	2025-06-05T13:00:00Z	25.825379995450064	26.593	-0.7676200045499364
49	2025-06-05T13:10:00Z	26.329917115340866	27.093	-0.7630828846591342
49	2025-06-05T13:20:00Z	26.834454235231668	27.593	-0.758545764768332
49	2025-06-05T13:30:00Z	26.834454235231668	27.593	-0.758545764768332
49	2025-06-05T13:40:00Z	27.33899135512247	27.593	-0.25400864487752983
49	2025-06-05T13:50:00Z	27.33899135512247	27.593	-0.25400864487752983
49	2025-06-05T14:00:00Z	27.84352847501327	28.092	-0.24847152498672997
49	2025-06-05T14:10:00Z	28.34806559490407	28.092	0.2560655949040722
49	2025-06-05T14:20:00Z	29.357139834685672	28.592	0.765139834685673
49	2025-06-05T14:30:00Z	30.36621407446728	28.092	2.274214074467281
49	2025-06-05T14:40:00Z	31.37528831424888	28.092	3.283288314248882
49	2025-06-05T14:50:00Z	31.879825434139683	28.092	3.787825434139684
49	2025-06-05T15:00:00Z	31.879825434139683	27.093	4.786825434139683
49	2025-06-05T15:10:00Z	33.89797391370289	27.093	6.8049739137028915
49	2025-06-05T15:20:00Z	35.411585273375294	27.093	8.318585273375295
49	2025-06-05T15:30:00Z	36.42065951315689	27.593	8.827659513156892
49	2025-06-05T15:40:00Z	36.92519663304769	27.093	9.83219663304769
49	2025-06-05T15:50:00Z	35.91612239326609	26.593	9.323122393266093
49	2025-06-05T16:00:00Z	34.90704815348449	26.094	8.813048153484488
49	2025-06-05T16:10:00Z	34.40251103359369	26.593	7.80951103359369
49	2025-06-05T16:20:00Z	33.89797391370289	26.094	7.80397391370289
49	2025-06-05T16:30:00Z	33.393436793812086	25.594	7.7994367938120845
49	2025-06-05T16:40:00Z	32.88889967392128	25.594	7.294899673921279
49	2025-06-05T16:50:00Z	34.40251103359369	25.594	8.808511033593689
49	2025-06-05T17:00:00Z	33.89797391370289	25.094	8.80397391370289
49	2025-06-05T17:10:00Z	33.89797391370289	24.594	9.30397391370289
49	2025-06-05T17:20:00Z	33.89797391370289	24.594	9.30397391370289
49	2025-06-05T17:30:00Z	33.89797391370289	24.094	9.80397391370289
49	2025-06-05T17:40:00Z	33.89797391370289	24.094	9.80397391370289
49	2025-06-05T17:50:00Z	34.40251103359369	24.094	10.308511033593689
49	2025-06-05T18:00:00Z	33.89797391370289	24.094	9.80397391370289
49	2025-06-05T18:10:00Z	33.89797391370289	24.094	9.80397391370289
49	2025-06-05T18:20:00Z	33.393436793812086	24.094	9.299436793812085
49	2025-06-05T18:30:00Z	33.393436793812086	23.594	9.799436793812085
49	2025-06-05T18:40:00Z	34.40251103359369	23.594	10.808511033593689
49	2025-06-05T18:50:00Z	34.40251103359369	23.594	10.808511033593689
49	2025-06-05T19:00:00Z	34.90704815348449	23.594	11.313048153484488
49	2025-06-05T19:10:00Z	34.90704815348449	23.594	11.313048153484488
49	2025-06-05T19:20:00Z	35.411585273375294	23.594	11.817585273375293
49	2025-06-05T19:30:00Z	35.411585273375294	23.594	11.817585273375293
49	2025-06-05T19:40:00Z	35.91612239326609	23.594	12.322122393266092
49	2025-06-05T19:50:00Z	35.411585273375294	23.594	11.817585273375293
49	2025-06-05T20:00:00Z	34.90704815348449	23.093	11.814048153484489
49	2025-06-05T20:10:00Z	36.92519663304769	23.093	13.83219663304769
49	2025-06-05T20:20:00Z	35.411585273375294	23.093	12.318585273375295
49	2025-06-05T20:30:00Z	34.40251103359369	22.593	11.80951103359369
49	2025-06-05T20:40:00Z	34.90704815348449	22.593	12.314048153484489
49	2025-06-05T20:50:00Z	34.40251103359369	22.593	11.80951103359369
49	2025-06-05T21:00:00Z	34.90704815348449	22.593	12.314048153484489
49	2025-06-05T21:10:00Z	34.90704815348449	22.593	12.314048153484489
49	2025-06-05T21:20:00Z	33.89797391370289	22.593	11.304973913702892
49	2025-06-05T21:30:00Z	33.393436793812086	22.593	10.800436793812086
49	2025-06-05T21:40:00Z	33.89797391370289	22.593	11.304973913702892
49	2025-06-05T21:50:00Z	33.393436793812086	22.593	10.800436793812086
49	2025-06-05T22:00:00Z	33.393436793812086	22.093	11.300436793812086
49	2025-06-05T22:10:00Z	33.89797391370289	22.093	11.804973913702892
49	2025-06-05T22:20:00Z	33.89797391370289	22.093	11.804973913702892
49	2025-06-05T22:30:00Z	34.40251103359369	22.093	12.30951103359369
49	2025-06-05T22:40:00Z	33.393436793812086	22.093	11.300436793812086
49	2025-06-05T22:50:00Z	32.88889967392128	21.592	11.296899673921281
49	2025-06-05T23:00:00Z	33.393436793812086	21.592	11.801436793812087
49	2025-06-05T23:10:00Z	33.393436793812086	21.592	11.801436793812087
49	2025-06-05T23:20:00Z	32.88889967392128	21.092	11.796899673921281
49	2025-06-05T23:30:00Z	32.88889967392128	21.092	11.796899673921281
49	2025-06-05T23:40:00Z	32.88889967392128	21.092	11.796899673921281
49	2025-06-05T23:50:00Z	34.40251103359369	21.092	13.310511033593691
49	2025-06-06T00:00:00Z	33.393436793812086	21.092	12.301436793812087
49	2025-06-06T00:10:00Z	32.88889967392128	21.092	11.796899673921281
49	2025-06-06T00:20:00Z	32.88889967392128	20.591	12.297899673921279
49	2025-06-06T00:30:00Z	32.38436255403048	20.591	11.79336255403048
49	2025-06-06T00:40:00Z	31.879825434139683	20.591	11.288825434139682
49	2025-06-06T00:50:00Z	32.38436255403048	20.591	11.79336255403048
49	2025-06-06T01:00:00Z	32.38436255403048	20.591	11.79336255403048
49	2025-06-06T01:10:00Z	32.38436255403048	20.591	11.79336255403048
49	2025-06-06T01:20:00Z	31.879825434139683	20.591	11.288825434139682
49	2025-06-06T01:30:00Z	32.38436255403048	20.591	11.79336255403048
49	2025-06-06T01:40:00Z	32.88889967392128	20.591	12.297899673921279
49	2025-06-06T01:50:00Z	34.40251103359369	20.591	13.811511033593689
49	2025-06-06T02:00:00Z	33.89797391370289	20.591	13.30697391370289
49	2025-06-06T02:10:00Z	31.879825434139683	20.591	11.288825434139682
49	2025-06-06T02:20:00Z	31.879825434139683	20.591	11.288825434139682
49	2025-06-06T02:30:00Z	32.38436255403048	20.591	11.79336255403048
49	2025-06-06T02:40:00Z	31.879825434139683	20.591	11.288825434139682
49	2025-06-06T02:50:00Z	32.38436255403048	20.591	11.79336255403048
49	2025-06-06T03:00:00Z	32.38436255403048	20.591	11.79336255403048
49	2025-06-06T03:10:00Z	31.37528831424888	20.591	10.78428831424888
49	2025-06-06T03:20:00Z	31.37528831424888	20.591	10.78428831424888
49	2025-06-06T03:30:00Z	30.87075119435808	20.591	10.279751194358077
49	2025-06-06T03:40:00Z	30.36621407446728	20.591	9.775214074467279
49	2025-06-06T03:50:00Z	30.36621407446728	20.591	9.775214074467279
49	2025-06-06T04:00:00Z	29.861676954576474	20.591	9.270676954576473
49	2025-06-06T04:10:00Z	29.861676954576474	20.591	9.270676954576473
49	2025-06-06T04:20:00Z	29.861676954576474	20.591	9.270676954576473
49	2025-06-06T04:30:00Z	30.87075119435808	20.591	10.279751194358077
49	2025-06-06T04:40:00Z	30.36621407446728	20.591	9.775214074467279
49	2025-06-06T04:50:00Z	30.36621407446728	20.591	9.775214074467279
49	2025-06-06T05:00:00Z	30.87075119435808	20.591	10.279751194358077
49	2025-06-06T05:10:00Z	32.38436255403048	20.591	11.79336255403048
49	2025-06-06T05:20:00Z	30.87075119435808	20.591	10.279751194358077
49	2025-06-06T05:30:00Z	30.36621407446728	20.591	9.775214074467279
49	2025-06-06T05:40:00Z	30.36621407446728	20.591	9.775214074467279
49	2025-06-06T05:50:00Z	29.861676954576474	20.591	9.270676954576473
49	2025-06-06T06:00:00Z	29.861676954576474	20.591	9.270676954576473
49	2025-06-06T06:10:00Z	29.861676954576474	20.591	9.270676954576473
49	2025-06-06T06:20:00Z	28.852602714794873	20.591	8.261602714794872
49	2025-06-06T06:30:00Z	28.852602714794873	20.591	8.261602714794872
49	2025-06-06T06:40:00Z	28.852602714794873	20.591	8.261602714794872
49	2025-06-06T06:50:00Z	28.852602714794873	20.591	8.261602714794872
49	2025-06-06T07:00:00Z	28.34806559490407	20.591	7.75706559490407
49	2025-06-06T07:10:00Z	27.33899135512247	20.591	6.747991355122469
49	2025-06-06T07:20:00Z	26.834454235231668	20.591	6.243454235231667
49	2025-06-06T07:30:00Z	26.329917115340866	20.591	5.738917115340865
49	2025-06-06T07:40:00Z	25.825379995450064	20.591	5.2343799954500625
49	2025-06-06T07:50:00Z	25.825379995450064	21.092	4.733379995450065
49	2025-06-06T08:00:00Z	25.825379995450064	21.092	4.733379995450065
49	2025-06-06T08:10:00Z	25.825379995450064	21.592	4.233379995450065
49	2025-06-06T08:20:00Z	25.32084287555926	22.093	3.2278428755592614
49	2025-06-06T08:30:00Z	25.32084287555926	23.594	1.7268428755592602
49	2025-06-06T08:40:00Z	24.81630575566846	25.094	-0.277694244331542
49	2025-06-06T08:50:00Z	24.81630575566846	25.094	-0.277694244331542
49	2025-06-06T09:00:00Z	24.81630575566846	25.094	-0.277694244331542
49	2025-06-06T09:10:00Z	24.81630575566846	28.592	-3.7756942443315396
49	2025-06-06T09:20:00Z	24.81630575566846	28.592	-3.7756942443315396
49	2025-06-06T09:30:00Z	24.81630575566846	29.591	-4.774694244331542
49	2025-06-06T09:40:00Z	24.81630575566846	28.592	-3.7756942443315396
49	2025-06-06T09:50:00Z	25.32084287555926	26.593	-1.2721571244407386
49	2025-06-06T10:00:00Z	24.81630575566846	26.593	-1.7766942443315408
49	2025-06-06T10:10:00Z	25.32084287555926	26.094	-0.7731571244407398
49	2025-06-06T10:20:00Z	25.32084287555926	26.094	-0.7731571244407398
49	2025-06-06T10:30:00Z	25.32084287555926	26.593	-1.2721571244407386
49	2025-06-06T10:40:00Z	25.825379995450064	26.593	-0.7676200045499364
49	2025-06-06T10:50:00Z	25.825379995450064	26.094	-0.2686200045499376
49	2025-06-06T11:00:00Z	25.825379995450064	26.094	-0.2686200045499376
49	2025-06-06T11:10:00Z	26.329917115340866	27.093	-0.7630828846591342
49	2025-06-06T11:20:00Z	26.329917115340866	27.093	-0.7630828846591342
49	2025-06-06T11:30:00Z	26.329917115340866	27.093	-0.7630828846591342
49	2025-06-06T11:40:00Z	26.834454235231668	26.593	0.24145423523166798
49	2025-06-06T11:50:00Z	26.834454235231668	26.593	0.24145423523166798
49	2025-06-06T12:00:00Z	26.834454235231668	26.593	0.24145423523166798
49	2025-06-06T12:10:00Z	27.33899135512247	27.093	0.24599135512247017
49	2025-06-06T12:20:00Z	27.33899135512247	27.093	0.24599135512247017
49	2025-06-06T12:30:00Z	27.84352847501327	27.093	0.7505284750132688
49	2025-06-06T12:40:00Z	27.84352847501327	27.093	0.7505284750132688
49	2025-06-06T12:50:00Z	28.34806559490407	27.093	1.255065594904071
49	2025-06-06T13:00:00Z	28.34806559490407	27.093	1.255065594904071
49	2025-06-06T13:10:00Z	28.34806559490407	27.093	1.255065594904071
49	2025-06-06T13:20:00Z	28.852602714794873	26.593	2.259602714794873
49	2025-06-06T13:30:00Z	28.852602714794873	27.093	1.7596027147948732
49	2025-06-06T13:40:00Z	29.357139834685672	27.093	2.264139834685672
49	2025-06-06T13:50:00Z	29.357139834685672	27.093	2.264139834685672
49	2025-06-06T14:00:00Z	31.37528831424888	27.093	4.282288314248881
49	2025-06-06T14:10:00Z	33.393436793812086	27.093	6.300436793812086
49	2025-06-06T14:20:00Z	33.89797391370289	27.093	6.8049739137028915
49	2025-06-06T14:30:00Z	33.393436793812086	27.093	6.300436793812086
49	2025-06-06T14:40:00Z	33.393436793812086	27.093	6.300436793812086
49	2025-06-06T14:50:00Z	33.89797391370289	27.093	6.8049739137028915
49	2025-06-06T15:00:00Z	33.89797391370289	27.093	6.8049739137028915
49	2025-06-06T15:10:00Z	33.89797391370289	27.593	6.3049739137028915
49	2025-06-06T15:20:00Z	34.40251103359369	27.093	7.30951103359369
49	2025-06-06T15:30:00Z	34.90704815348449	27.593	7.314048153484489
49	2025-06-06T15:40:00Z	35.91612239326609	27.593	8.323122393266093
49	2025-06-06T15:50:00Z	36.92519663304769	27.593	9.33219663304769
49	2025-06-06T16:00:00Z	34.90704815348449	27.593	7.314048153484489
49	2025-06-06T16:10:00Z	34.90704815348449	27.093	7.814048153484489
49	2025-06-06T16:20:00Z	34.90704815348449	28.092	6.81504815348449
49	2025-06-06T16:30:00Z	34.90704815348449	27.593	7.314048153484489
49	2025-06-06T16:40:00Z	35.91612239326609	27.093	8.823122393266093
49	2025-06-06T16:50:00Z	35.411585273375294	27.093	8.318585273375295
49	2025-06-06T17:00:00Z	35.411585273375294	27.093	8.318585273375295
49	2025-06-06T17:10:00Z	35.411585273375294	27.093	8.318585273375295
49	2025-06-06T17:20:00Z	35.411585273375294	27.093	8.318585273375295
49	2025-06-06T17:30:00Z	35.411585273375294	26.593	8.818585273375295
49	2025-06-06T17:40:00Z	35.411585273375294	26.593	8.818585273375295
49	2025-06-06T17:50:00Z	35.411585273375294	26.593	8.818585273375295
49	2025-06-06T18:00:00Z	35.411585273375294	26.593	8.818585273375295
49	2025-06-06T18:10:00Z	34.40251103359369	25.594	8.808511033593689
49	2025-06-06T18:20:00Z	34.40251103359369	25.094	9.308511033593689
49	2025-06-06T18:30:00Z	34.40251103359369	25.094	9.308511033593689
49	2025-06-06T18:40:00Z	33.89797391370289	24.594	9.30397391370289
49	2025-06-06T18:50:00Z	33.89797391370289	24.094	9.80397391370289
49	2025-06-06T19:00:00Z	33.393436793812086	24.094	9.299436793812085
49	2025-06-06T19:10:00Z	33.393436793812086	23.594	9.799436793812085
49	2025-06-06T19:20:00Z	33.89797391370289	23.594	10.30397391370289
49	2025-06-06T19:30:00Z	34.90704815348449	24.094	10.813048153484488
49	2025-06-06T19:40:00Z	34.90704815348449	23.594	11.313048153484488
49	2025-06-06T19:50:00Z	35.411585273375294	23.594	11.817585273375293
49	2025-06-06T20:00:00Z	33.89797391370289	23.093	10.804973913702892
49	2025-06-06T20:10:00Z	36.92519663304769	23.093	13.83219663304769
49	2025-06-06T20:20:00Z	36.42065951315689	23.093	13.327659513156892
49	2025-06-06T20:30:00Z	34.90704815348449	22.593	12.314048153484489
49	2025-06-06T20:40:00Z	35.411585273375294	22.593	12.818585273375295
49	2025-06-06T20:50:00Z	36.92519663304769	22.593	14.33219663304769
49	2025-06-06T21:00:00Z	35.91612239326609	22.093	13.823122393266093
49	2025-06-06T21:10:00Z	35.411585273375294	22.593	12.818585273375295
49	2025-06-06T21:20:00Z	34.40251103359369	22.593	11.80951103359369
49	2025-06-06T21:30:00Z	34.90704815348449	22.093	12.814048153484489
49	2025-06-06T21:40:00Z	34.90704815348449	22.093	12.814048153484489
49	2025-06-06T21:50:00Z	34.90704815348449	22.093	12.814048153484489
49	2025-06-06T22:00:00Z	34.90704815348449	22.093	12.814048153484489
49	2025-06-06T22:10:00Z	34.40251103359369	22.093	12.30951103359369
49	2025-06-06T22:20:00Z	33.89797391370289	21.592	12.305973913702893
49	2025-06-06T22:30:00Z	36.42065951315689	21.592	14.828659513156893
49	2025-06-06T22:40:00Z	36.92519663304769	21.592	15.333196633047692
49	2025-06-06T22:50:00Z	34.90704815348449	21.592	13.31504815348449
49	2025-06-06T23:00:00Z	34.90704815348449	21.592	13.31504815348449
49	2025-06-06T23:10:00Z	34.40251103359369	21.592	12.810511033593691
49	2025-06-06T23:20:00Z	34.40251103359369	21.592	12.810511033593691
49	2025-06-06T23:30:00Z	34.40251103359369	21.592	12.810511033593691
49	2025-06-06T23:40:00Z	34.90704815348449	21.592	13.31504815348449
49	2025-06-06T23:50:00Z	33.393436793812086	21.592	11.801436793812087
49	2025-06-07T00:00:00Z	33.89797391370289	21.592	12.305973913702893
49	2025-06-07T00:10:00Z	32.88889967392128	21.092	11.796899673921281
49	2025-06-07T00:20:00Z	34.90704815348449	21.092	13.81504815348449
49	2025-06-07T00:30:00Z	34.40251103359369	21.092	13.310511033593691
49	2025-06-07T00:40:00Z	32.88889967392128	21.092	11.796899673921281
49	2025-06-07T00:50:00Z	35.91612239326609	21.092	14.824122393266094
49	2025-06-07T01:00:00Z	35.411585273375294	21.092	14.319585273375296
49	2025-06-07T01:10:00Z	35.411585273375294	21.092	14.319585273375296
49	2025-06-07T01:20:00Z	34.90704815348449	21.092	13.81504815348449
49	2025-06-07T01:30:00Z	32.88889967392128	21.092	11.796899673921281
49	2025-06-07T01:40:00Z	34.40251103359369	20.591	13.811511033593689
49	2025-06-07T01:50:00Z	35.91612239326609	19.089	16.827122393266094
49	2025-06-07T02:00:00Z	33.393436793812086	18.589	14.804436793812087
49	2025-06-07T02:10:00Z	32.88889967392128	18.589	14.299899673921281
49	2025-06-07T02:20:00Z	32.88889967392128	18.589	14.299899673921281
49	2025-06-07T02:30:00Z	32.38436255403048	18.589	13.795362554030483
49	2025-06-07T02:40:00Z	32.88889967392128	18.589	14.299899673921281
49	2025-06-07T02:50:00Z	33.393436793812086	18.589	14.804436793812087
49	2025-06-07T03:00:00Z	33.393436793812086	18.589	14.804436793812087
49	2025-06-07T03:10:00Z	33.393436793812086	19.089	14.304436793812087
49	2025-06-07T03:20:00Z	32.88889967392128	19.089	13.799899673921281
49	2025-06-07T03:30:00Z	33.393436793812086	19.59	13.803436793812086
49	2025-06-07T03:40:00Z	35.91612239326609	19.089	16.827122393266094
49	2025-06-07T03:50:00Z	34.40251103359369	19.59	14.81251103359369
49	2025-06-07T04:00:00Z	33.89797391370289	19.089	14.808973913702893
49	2025-06-07T04:10:00Z	32.88889967392128	19.089	13.799899673921281
49	2025-06-07T04:20:00Z	33.393436793812086	19.59	13.803436793812086
49	2025-06-07T04:30:00Z	34.90704815348449	19.59	15.317048153484489
49	2025-06-07T04:40:00Z	34.40251103359369	19.59	14.81251103359369
49	2025-06-07T04:50:00Z	35.411585273375294	19.59	15.821585273375295
49	2025-06-07T05:00:00Z	35.411585273375294	19.59	15.821585273375295
49	2025-06-07T05:10:00Z	34.40251103359369	19.59	14.81251103359369
49	2025-06-07T05:20:00Z	34.40251103359369	19.089	15.313511033593691
49	2025-06-07T05:30:00Z	34.40251103359369	19.089	15.313511033593691
49	2025-06-07T05:40:00Z	33.393436793812086	19.089	14.304436793812087
49	2025-06-07T05:50:00Z	32.38436255403048	19.089	13.295362554030483
49	2025-06-07T06:00:00Z	31.37528831424888	19.089	12.286288314248882
49	2025-06-07T06:10:00Z	30.87075119435808	19.089	11.78175119435808
49	2025-06-07T06:20:00Z	29.357139834685672	18.589	10.768139834685673
49	2025-06-07T06:30:00Z	28.852602714794873	19.089	9.763602714794875
49	2025-06-07T06:40:00Z	28.34806559490407	19.089	9.259065594904072
49	2025-06-07T06:50:00Z	27.84352847501327	19.089	8.75452847501327
49	2025-06-07T07:00:00Z	27.33899135512247	19.089	8.249991355122472
49	2025-06-07T07:10:00Z	26.834454235231668	19.089	7.745454235231669
49	2025-06-07T07:20:00Z	26.834454235231668	19.59	7.244454235231668
49	2025-06-07T07:30:00Z	26.329917115340866	19.59	6.739917115340866
49	2025-06-07T07:40:00Z	25.825379995450064	19.59	6.235379995450064
49	2025-06-07T07:50:00Z	25.32084287555926	20.091	5.22984287555926
49	2025-06-07T08:00:00Z	24.81630575566846	20.091	4.725305755668458
49	2025-06-07T08:10:00Z	24.81630575566846	20.091	4.725305755668458
49	2025-06-07T08:20:00Z	24.311768635777657	20.591	3.720768635777656
49	2025-06-07T08:30:00Z	24.311768635777657	20.591	3.720768635777656
49	2025-06-07T08:40:00Z	23.80723151588686	20.591	3.2162315158868573
49	2025-06-07T08:50:00Z	23.80723151588686	21.092	2.7152315158868596
49	2025-06-07T09:00:00Z	23.80723151588686	21.592	2.2152315158868596
49	2025-06-07T09:10:00Z	23.80723151588686	22.093	1.7142315158868584
49	2025-06-07T09:20:00Z	23.80723151588686	22.593	1.2142315158868584
49	2025-06-07T09:30:00Z	23.80723151588686	23.093	0.7142315158868584
49	2025-06-07T09:40:00Z	23.80723151588686	23.594	0.21323151588685718
49	2025-06-07T09:50:00Z	23.80723151588686	24.094	-0.2867684841131428
49	2025-06-07T10:00:00Z	23.80723151588686	24.094	-0.2867684841131428
49	2025-06-07T10:10:00Z	23.80723151588686	24.594	-0.7867684841131428
49	2025-06-07T10:20:00Z	23.80723151588686	24.594	-0.7867684841131428
49	2025-06-07T10:30:00Z	23.80723151588686	25.094	-1.2867684841131428
49	2025-06-07T10:40:00Z	23.80723151588686	25.094	-1.2867684841131428
49	2025-06-07T10:50:00Z	24.311768635777657	25.094	-0.7822313642223442
49	2025-06-07T11:00:00Z	24.311768635777657	25.594	-1.2822313642223442
49	2025-06-07T11:10:00Z	24.311768635777657	25.594	-1.2822313642223442
49	2025-06-07T11:20:00Z	24.81630575566846	25.594	-0.777694244331542
49	2025-06-07T11:30:00Z	25.32084287555926	26.094	-0.7731571244407398
49	2025-06-07T11:40:00Z	25.32084287555926	25.594	-0.2731571244407398
49	2025-06-07T11:50:00Z	25.825379995450064	26.094	-0.2686200045499376
49	2025-06-07T12:00:00Z	25.825379995450064	26.094	-0.2686200045499376
49	2025-06-07T12:10:00Z	26.329917115340866	26.094	0.23591711534086457
49	2025-06-07T12:20:00Z	26.329917115340866	26.094	0.23591711534086457
49	2025-06-07T12:30:00Z	26.329917115340866	26.094	0.23591711534086457
49	2025-06-07T12:40:00Z	26.834454235231668	26.094	0.7404542352316668
49	2025-06-07T12:50:00Z	26.834454235231668	26.094	0.7404542352316668
49	2025-06-07T13:00:00Z	27.33899135512247	26.094	1.244991355122469
49	2025-06-07T13:10:00Z	27.84352847501327	26.094	1.7495284750132676
49	2025-06-07T13:20:00Z	28.34806559490407	26.094	2.2540655949040698
49	2025-06-07T13:30:00Z	28.34806559490407	26.094	2.2540655949040698
49	2025-06-07T13:40:00Z	28.852602714794873	26.593	2.259602714794873
49	2025-06-07T13:50:00Z	28.852602714794873	26.593	2.259602714794873
49	2025-06-07T14:00:00Z	28.852602714794873	26.593	2.259602714794873
49	2025-06-07T14:10:00Z	28.852602714794873	26.593	2.259602714794873
49	2025-06-07T14:20:00Z	28.852602714794873	26.593	2.259602714794873
49	2025-06-07T14:30:00Z	29.861676954576474	26.593	3.268676954576474
49	2025-06-07T14:40:00Z	31.37528831424888	27.093	4.282288314248881
49	2025-06-07T14:50:00Z	31.37528831424888	27.093	4.282288314248881
49	2025-06-07T15:00:00Z	31.879825434139683	26.593	5.286825434139683
49	2025-06-07T15:10:00Z	34.90704815348449	27.093	7.814048153484489
49	2025-06-07T15:20:00Z	34.40251103359369	27.093	7.30951103359369
49	2025-06-07T15:30:00Z	33.89797391370289	27.093	6.8049739137028915
49	2025-06-07T15:40:00Z	33.393436793812086	27.093	6.300436793812086
49	2025-06-07T15:50:00Z	33.89797391370289	27.093	6.8049739137028915
49	2025-06-07T16:00:00Z	32.88889967392128	27.093	5.79589967392128
49	2025-06-07T16:10:00Z	32.38436255403048	27.093	5.291362554030481
49	2025-06-07T16:20:00Z	31.879825434139683	26.593	5.286825434139683
49	2025-06-07T16:30:00Z	31.879825434139683	26.593	5.286825434139683
49	2025-06-07T16:40:00Z	31.879825434139683	26.593	5.286825434139683
49	2025-06-07T16:50:00Z	32.38436255403048	27.093	5.291362554030481
49	2025-06-07T17:00:00Z	32.38436255403048	26.593	5.791362554030481
49	2025-06-07T17:10:00Z	32.38436255403048	26.593	5.791362554030481
49	2025-06-07T17:20:00Z	31.879825434139683	26.593	5.286825434139683
49	2025-06-07T17:30:00Z	32.38436255403048	26.593	5.791362554030481
49	2025-06-07T17:40:00Z	31.879825434139683	26.094	5.7858254341396815
49	2025-06-07T17:50:00Z	33.89797391370289	26.094	7.80397391370289
49	2025-06-07T18:00:00Z	32.38436255403048	26.094	6.29036255403048
49	2025-06-07T18:10:00Z	34.40251103359369	25.594	8.808511033593689
49	2025-06-07T18:20:00Z	33.89797391370289	25.594	8.30397391370289
49	2025-06-07T18:30:00Z	33.393436793812086	25.594	7.7994367938120845
49	2025-06-07T18:40:00Z	33.393436793812086	25.094	8.299436793812085
49	2025-06-07T18:50:00Z	32.88889967392128	24.594	8.294899673921279
49	2025-06-07T19:00:00Z	32.88889967392128	24.594	8.294899673921279
49	2025-06-07T19:10:00Z	32.38436255403048	24.094	8.29036255403048
49	2025-06-07T19:20:00Z	33.89797391370289	24.094	9.80397391370289
49	2025-06-07T19:30:00Z	34.90704815348449	24.094	10.813048153484488
49	2025-06-07T19:40:00Z	35.411585273375294	24.094	11.317585273375293
49	2025-06-07T19:50:00Z	35.411585273375294	23.594	11.817585273375293
49	2025-06-07T20:00:00Z	35.411585273375294	23.594	11.817585273375293
49	2025-06-07T20:10:00Z	35.411585273375294	23.594	11.817585273375293
49	2025-06-07T20:20:00Z	34.90704815348449	23.594	11.313048153484488
49	2025-06-07T20:30:00Z	34.90704815348449	23.093	11.814048153484489
49	2025-06-07T20:40:00Z	34.90704815348449	23.093	11.814048153484489
49	2025-06-07T20:50:00Z	35.411585273375294	23.093	12.318585273375295
49	2025-06-07T21:00:00Z	35.411585273375294	22.593	12.818585273375295
49	2025-06-07T21:10:00Z	34.90704815348449	22.593	12.314048153484489
49	2025-06-07T21:20:00Z	34.90704815348449	22.593	12.314048153484489
49	2025-06-07T21:30:00Z	33.89797391370289	22.593	11.304973913702892
49	2025-06-07T21:40:00Z	33.393436793812086	22.593	10.800436793812086
49	2025-06-07T21:50:00Z	32.38436255403048	22.093	10.291362554030481
49	2025-06-07T22:00:00Z	31.879825434139683	22.093	9.786825434139683
49	2025-06-07T22:10:00Z	32.38436255403048	22.093	10.291362554030481
49	2025-06-07T22:20:00Z	32.38436255403048	22.093	10.291362554030481
49	2025-06-07T22:30:00Z	31.879825434139683	22.093	9.786825434139683
49	2025-06-07T22:40:00Z	31.37528831424888	21.592	9.783288314248882
49	2025-06-07T22:50:00Z	31.37528831424888	21.592	9.783288314248882
49	2025-06-07T23:00:00Z	31.879825434139683	21.592	10.287825434139684
49	2025-06-07T23:10:00Z	30.87075119435808	21.592	9.27875119435808
49	2025-06-07T23:20:00Z	30.87075119435808	21.592	9.27875119435808
49	2025-06-07T23:30:00Z	32.88889967392128	21.592	11.296899673921281
49	2025-06-07T23:40:00Z	32.88889967392128	21.592	11.296899673921281
49	2025-06-07T23:50:00Z	31.879825434139683	21.592	10.287825434139684
49	2025-06-08T00:00:00Z	34.90704815348449	21.592	13.31504815348449
49	2025-06-08T00:10:00Z	34.40251103359369	21.592	12.810511033593691
49	2025-06-08T00:20:00Z	32.88889967392128	21.592	11.296899673921281
49	2025-06-08T00:30:00Z	32.88889967392128	21.592	11.296899673921281
49	2025-06-08T00:40:00Z	31.879825434139683	21.592	10.287825434139684
49	2025-06-08T00:50:00Z	30.87075119435808	21.092	9.77875119435808
49	2025-06-08T01:00:00Z	30.36621407446728	21.092	9.274214074467281
49	2025-06-08T01:10:00Z	29.861676954576474	21.592	8.269676954576475
49	2025-06-08T01:20:00Z	29.357139834685672	21.092	8.265139834685673
49	2025-06-08T01:30:00Z	28.852602714794873	21.092	7.760602714794874
49	2025-06-08T01:40:00Z	28.34806559490407	21.092	7.256065594904072
49	2025-06-08T01:50:00Z	28.34806559490407	21.092	7.256065594904072
49	2025-06-08T02:00:00Z	27.84352847501327	21.092	6.75152847501327
49	2025-06-08T02:10:00Z	27.84352847501327	20.591	7.252528475013268
49	2025-06-08T02:20:00Z	27.84352847501327	20.591	7.252528475013268
49	2025-06-08T02:30:00Z	27.84352847501327	20.591	7.252528475013268
49	2025-06-08T02:40:00Z	27.84352847501327	20.091	7.752528475013268
49	2025-06-08T02:50:00Z	28.34806559490407	20.091	8.25706559490407
49	2025-06-08T03:00:00Z	27.84352847501327	20.091	7.752528475013268
49	2025-06-08T03:10:00Z	28.34806559490407	20.591	7.75706559490407
49	2025-06-08T03:20:00Z	28.34806559490407	20.591	7.75706559490407
49	2025-06-08T03:30:00Z	27.84352847501327	20.091	7.752528475013268
49	2025-06-08T03:40:00Z	27.84352847501327	20.091	7.752528475013268
49	2025-06-08T03:50:00Z	27.33899135512247	20.591	6.747991355122469
49	2025-06-08T04:00:00Z	27.84352847501327	20.091	7.752528475013268
49	2025-06-08T04:10:00Z	27.84352847501327	19.59	8.253528475013269
49	2025-06-08T04:20:00Z	28.34806559490407	20.091	8.25706559490407
49	2025-06-08T04:30:00Z	28.852602714794873	20.091	8.761602714794872
49	2025-06-08T04:40:00Z	28.852602714794873	20.091	8.761602714794872
49	2025-06-08T04:50:00Z	28.852602714794873	20.091	8.761602714794872
49	2025-06-08T05:00:00Z	31.37528831424888	20.091	11.28428831424888
49	2025-06-08T05:10:00Z	30.36621407446728	20.091	10.275214074467279
49	2025-06-08T05:20:00Z	30.36621407446728	19.59	10.77621407446728
49	2025-06-08T05:30:00Z	29.861676954576474	20.091	9.770676954576473
49	2025-06-08T05:40:00Z	29.357139834685672	20.091	9.26613983468567
49	2025-06-08T05:50:00Z	29.357139834685672	19.59	9.767139834685672
49	2025-06-08T06:00:00Z	28.852602714794873	19.59	9.262602714794873
49	2025-06-08T06:10:00Z	28.34806559490407	19.59	8.758065594904071
49	2025-06-08T06:20:00Z	27.33899135512247	19.59	7.74899135512247
49	2025-06-08T06:30:00Z	27.33899135512247	19.59	7.74899135512247
49	2025-06-08T06:40:00Z	26.834454235231668	19.59	7.244454235231668
49	2025-06-08T06:50:00Z	26.329917115340866	19.59	6.739917115340866
49	2025-06-08T07:00:00Z	25.825379995450064	19.59	6.235379995450064
49	2025-06-08T07:10:00Z	25.32084287555926	19.59	5.7308428755592615
49	2025-06-08T07:20:00Z	24.311768635777657	20.591	3.720768635777656
49	2025-06-08T07:30:00Z	23.80723151588686	21.592	2.2152315158868596
49	2025-06-08T07:40:00Z	23.80723151588686	23.093	0.7142315158868584
49	2025-06-08T07:50:00Z	23.80723151588686	24.094	-0.2867684841131428
49	2025-06-08T08:00:00Z	23.302694395996056	25.094	-1.791305604003945
49	2025-06-08T08:10:00Z	23.302694395996056	26.593	-3.290305604003944
49	2025-06-08T08:20:00Z	23.302694395996056	26.094	-2.791305604003945
49	2025-06-08T08:30:00Z	23.302694395996056	27.093	-3.790305604003944
49	2025-06-08T08:40:00Z	23.302694395996056	27.593	-4.290305604003944
49	2025-06-08T08:50:00Z	23.302694395996056	27.593	-4.290305604003944
49	2025-06-08T09:00:00Z	23.302694395996056	25.094	-1.791305604003945
49	2025-06-08T09:10:00Z	23.80723151588686	27.093	-3.2857684841131416
49	2025-06-08T09:20:00Z	23.80723151588686	27.593	-3.7857684841131416
49	2025-06-08T09:30:00Z	23.80723151588686	28.092	-4.28476848411314
49	2025-06-08T09:40:00Z	24.311768635777657	27.093	-2.781231364222343
49	2025-06-08T09:50:00Z	24.311768635777657	25.594	-1.2822313642223442
49	2025-06-08T10:00:00Z	24.311768635777657	25.594	-1.2822313642223442
49	2025-06-08T10:10:00Z	24.311768635777657	26.094	-1.7822313642223442
49	2025-06-08T10:20:00Z	24.81630575566846	26.094	-1.277694244331542
49	2025-06-08T10:30:00Z	24.81630575566846	26.094	-1.277694244331542
49	2025-06-08T10:40:00Z	24.81630575566846	26.593	-1.7766942443315408
49	2025-06-08T10:50:00Z	25.32084287555926	26.593	-1.2721571244407386
49	2025-06-08T11:00:00Z	25.32084287555926	26.593	-1.2721571244407386
49	2025-06-08T11:10:00Z	25.32084287555926	27.093	-1.7721571244407386
49	2025-06-08T11:20:00Z	25.825379995450064	27.093	-1.2676200045499364
49	2025-06-08T11:30:00Z	25.825379995450064	27.093	-1.2676200045499364
49	2025-06-08T11:40:00Z	26.329917115340866	26.593	-0.2630828846591342
49	2025-06-08T11:50:00Z	26.329917115340866	26.593	-0.2630828846591342
49	2025-06-08T12:00:00Z	26.834454235231668	27.093	-0.258545764768332
49	2025-06-08T12:10:00Z	26.834454235231668	26.593	0.24145423523166798
49	2025-06-08T12:20:00Z	26.834454235231668	27.093	-0.258545764768332
49	2025-06-08T12:30:00Z	26.834454235231668	27.093	-0.258545764768332
49	2025-06-08T12:40:00Z	26.834454235231668	27.093	-0.258545764768332
49	2025-06-08T12:50:00Z	26.834454235231668	27.593	-0.758545764768332
49	2025-06-08T13:00:00Z	27.84352847501327	27.593	0.2505284750132688
49	2025-06-08T13:10:00Z	27.33899135512247	28.092	-0.7530086448775286
49	2025-06-08T13:20:00Z	27.33899135512247	27.593	-0.25400864487752983
49	2025-06-08T13:30:00Z	27.33899135512247	27.093	0.24599135512247017
49	2025-06-08T13:40:00Z	28.34806559490407	27.593	0.755065594904071
49	2025-06-08T13:50:00Z	28.852602714794873	27.093	1.7596027147948732
49	2025-06-08T14:00:00Z	29.861676954576474	27.593	2.268676954576474
49	2025-06-08T14:10:00Z	30.36621407446728	28.092	2.274214074467281
49	2025-06-08T14:20:00Z	30.87075119435808	28.092	2.7787511943580796
49	2025-06-08T14:30:00Z	31.37528831424888	28.092	3.283288314248882
49	2025-06-08T14:40:00Z	31.37528831424888	28.092	3.283288314248882
49	2025-06-08T14:50:00Z	31.879825434139683	27.593	4.286825434139683
49	2025-06-08T15:00:00Z	31.879825434139683	28.092	3.787825434139684
49	2025-06-08T15:10:00Z	32.38436255403048	28.092	4.292362554030483
49	2025-06-08T15:20:00Z	32.88889967392128	28.092	4.796899673921281
49	2025-06-08T15:30:00Z	32.38436255403048	28.092	4.292362554030483
49	2025-06-08T15:40:00Z	31.879825434139683	28.092	3.787825434139684
49	2025-06-08T15:50:00Z	31.879825434139683	28.092	3.787825434139684
49	2025-06-08T16:00:00Z	32.38436255403048	28.092	4.292362554030483
49	2025-06-08T16:10:00Z	32.38436255403048	27.593	4.791362554030481
49	2025-06-08T16:20:00Z	31.879825434139683	28.092	3.787825434139684
49	2025-06-08T16:30:00Z	32.88889967392128	28.092	4.796899673921281
49	2025-06-08T16:40:00Z	35.411585273375294	28.092	7.319585273375296
49	2025-06-08T16:50:00Z	35.91612239326609	28.092	7.824122393266094
49	2025-06-08T17:00:00Z	35.91612239326609	28.092	7.824122393266094
49	2025-06-08T17:10:00Z	36.42065951315689	27.593	8.827659513156892
49	2025-06-08T17:20:00Z	35.411585273375294	28.092	7.319585273375296
49	2025-06-08T17:30:00Z	35.411585273375294	28.092	7.319585273375296
49	2025-06-08T17:40:00Z	34.90704815348449	28.092	6.81504815348449
49	2025-06-08T17:50:00Z	35.411585273375294	27.593	7.8185852733752945
49	2025-06-08T18:00:00Z	35.411585273375294	27.593	7.8185852733752945
49	2025-06-08T18:10:00Z	35.411585273375294	27.593	7.8185852733752945
49	2025-06-08T18:20:00Z	34.90704815348449	27.593	7.314048153484489
49	2025-06-08T18:30:00Z	34.40251103359369	27.093	7.30951103359369
49	2025-06-08T18:40:00Z	34.40251103359369	26.593	7.80951103359369
49	2025-06-08T18:50:00Z	33.89797391370289	26.094	7.80397391370289
49	2025-06-08T19:00:00Z	33.89797391370289	26.094	7.80397391370289
49	2025-06-08T19:10:00Z	33.393436793812086	25.594	7.7994367938120845
49	2025-06-08T19:20:00Z	33.393436793812086	25.594	7.7994367938120845
49	2025-06-08T19:30:00Z	34.40251103359369	25.094	9.308511033593689
49	2025-06-08T19:40:00Z	35.411585273375294	25.094	10.317585273375293
49	2025-06-08T19:50:00Z	35.411585273375294	24.594	10.817585273375293
49	2025-06-08T20:00:00Z	35.411585273375294	24.594	10.817585273375293
49	2025-06-08T20:10:00Z	35.91612239326609	24.594	11.322122393266092
49	2025-06-08T20:20:00Z	35.411585273375294	24.094	11.317585273375293
49	2025-06-08T20:30:00Z	36.42065951315689	24.094	12.32665951315689
49	2025-06-08T20:40:00Z	36.42065951315689	23.594	12.82665951315689
49	2025-06-08T20:50:00Z	35.411585273375294	23.594	11.817585273375293
49	2025-06-08T21:00:00Z	34.90704815348449	23.594	11.313048153484488
49	2025-06-08T21:10:00Z	34.90704815348449	23.594	11.313048153484488
49	2025-06-08T21:20:00Z	36.42065951315689	23.093	13.327659513156892
49	2025-06-08T21:30:00Z	36.42065951315689	23.093	13.327659513156892
49	2025-06-08T21:40:00Z	36.42065951315689	23.093	13.327659513156892
49	2025-06-08T21:50:00Z	35.411585273375294	23.093	12.318585273375295
49	2025-06-08T22:00:00Z	35.91612239326609	22.593	13.323122393266093
49	2025-06-08T22:10:00Z	36.92519663304769	22.593	14.33219663304769
49	2025-06-08T22:20:00Z	36.92519663304769	22.593	14.33219663304769
49	2025-06-08T22:30:00Z	36.92519663304769	22.593	14.33219663304769
49	2025-06-08T22:40:00Z	36.92519663304769	22.593	14.33219663304769
49	2025-06-08T22:50:00Z	36.42065951315689	22.593	13.827659513156892
49	2025-06-08T23:00:00Z	35.91612239326609	22.593	13.323122393266093
49	2025-06-08T23:10:00Z	34.90704815348449	22.093	12.814048153484489
49	2025-06-08T23:20:00Z	34.40251103359369	22.093	12.30951103359369
49	2025-06-08T23:30:00Z	34.90704815348449	22.093	12.814048153484489
49	2025-06-08T23:40:00Z	34.90704815348449	22.093	12.814048153484489
49	2025-06-08T23:50:00Z	33.393436793812086	22.093	11.300436793812086
49	2025-06-09T00:00:00Z	35.91612239326609	22.093	13.823122393266093
49	2025-06-09T00:10:00Z	35.411585273375294	22.093	13.318585273375295
49	2025-06-09T00:20:00Z	36.42065951315689	21.592	14.828659513156893
49	2025-06-09T00:30:00Z	36.42065951315689	21.592	14.828659513156893
49	2025-06-09T00:40:00Z	36.42065951315689	21.592	14.828659513156893
49	2025-06-09T00:50:00Z	35.411585273375294	21.592	13.819585273375296
49	2025-06-09T01:00:00Z	35.411585273375294	21.092	14.319585273375296
49	2025-06-09T01:10:00Z	35.411585273375294	21.592	13.819585273375296
49	2025-06-09T01:20:00Z	34.40251103359369	21.592	12.810511033593691
49	2025-06-09T01:30:00Z	34.40251103359369	21.592	12.810511033593691
49	2025-06-09T01:40:00Z	34.90704815348449	21.592	13.31504815348449
49	2025-06-09T01:50:00Z	34.90704815348449	21.092	13.81504815348449
49	2025-06-09T02:00:00Z	35.411585273375294	21.592	13.819585273375296
49	2025-06-09T02:10:00Z	34.90704815348449	21.092	13.81504815348449
49	2025-06-09T02:20:00Z	34.90704815348449	21.092	13.81504815348449
49	2025-06-09T02:30:00Z	34.40251103359369	21.092	13.310511033593691
49	2025-06-09T02:40:00Z	33.89797391370289	21.092	12.805973913702893
49	2025-06-09T02:50:00Z	34.90704815348449	21.092	13.81504815348449
49	2025-06-09T03:00:00Z	34.40251103359369	20.591	13.811511033593689
49	2025-06-09T03:10:00Z	33.89797391370289	20.591	13.30697391370289
49	2025-06-09T03:20:00Z	35.411585273375294	20.591	14.820585273375293
49	2025-06-09T03:30:00Z	34.90704815348449	20.591	14.316048153484488
49	2025-06-09T03:40:00Z	33.89797391370289	20.091	13.80697391370289
49	2025-06-09T03:50:00Z	34.40251103359369	20.591	13.811511033593689
49	2025-06-09T04:00:00Z	33.89797391370289	20.591	13.30697391370289
49	2025-06-09T04:10:00Z	33.393436793812086	20.091	13.302436793812085
49	2025-06-09T04:20:00Z	33.89797391370289	19.59	14.307973913702892
49	2025-06-09T04:30:00Z	33.89797391370289	20.091	13.80697391370289
49	2025-06-09T04:40:00Z	33.89797391370289	20.091	13.80697391370289
49	2025-06-09T04:50:00Z	32.88889967392128	20.091	12.797899673921279
49	2025-06-09T05:00:00Z	32.88889967392128	20.091	12.797899673921279
49	2025-06-09T05:10:00Z	32.88889967392128	19.59	13.29889967392128
49	2025-06-09T05:20:00Z	33.393436793812086	19.59	13.803436793812086
49	2025-06-09T05:30:00Z	33.393436793812086	19.59	13.803436793812086
49	2025-06-09T05:40:00Z	32.38436255403048	19.089	13.295362554030483
49	2025-06-09T05:50:00Z	31.879825434139683	19.089	12.790825434139684
49	2025-06-09T06:00:00Z	29.861676954576474	19.59	10.271676954576474
49	2025-06-09T06:10:00Z	29.357139834685672	19.59	9.767139834685672
49	2025-06-09T06:20:00Z	29.861676954576474	19.59	10.271676954576474
49	2025-06-09T06:30:00Z	28.852602714794873	20.091	8.761602714794872
49	2025-06-09T06:40:00Z	28.34806559490407	20.091	8.25706559490407
49	2025-06-09T06:50:00Z	28.34806559490407	20.591	7.75706559490407
49	2025-06-09T07:00:00Z	28.34806559490407	20.591	7.75706559490407
49	2025-06-09T07:10:00Z	28.852602714794873	20.591	8.261602714794872
49	2025-06-09T07:20:00Z	28.852602714794873	21.092	7.760602714794874
49	2025-06-09T07:30:00Z	28.34806559490407	22.093	6.255065594904071
49	2025-06-09T07:40:00Z	27.84352847501327	23.594	4.249528475013268
49	2025-06-09T07:50:00Z	27.33899135512247	24.594	2.744991355122469
49	2025-06-09T08:00:00Z	27.33899135512247	26.094	1.244991355122469
49	2025-06-09T08:10:00Z	27.84352847501327	27.593	0.2505284750132688
49	2025-06-09T08:20:00Z	27.33899135512247	27.093	0.24599135512247017
49	2025-06-09T08:30:00Z	27.33899135512247	28.592	-1.2530086448775286
49	2025-06-09T08:40:00Z	27.33899135512247	29.591	-2.252008644877531
49	2025-06-09T08:50:00Z	27.33899135512247	30.589	-3.2500086448775285
49	2025-06-09T09:00:00Z	27.33899135512247	27.593	-0.25400864487752983
49	2025-06-09T09:10:00Z	27.33899135512247	29.091	-1.752008644877531
49	2025-06-09T09:20:00Z	27.33899135512247	30.09	-2.7510086448775297
49	2025-06-09T09:30:00Z	27.33899135512247	30.09	-2.7510086448775297
49	2025-06-09T09:40:00Z	27.33899135512247	29.091	-1.752008644877531
49	2025-06-09T09:50:00Z	27.84352847501327	27.593	0.2505284750132688
49	2025-06-09T10:00:00Z	27.84352847501327	27.593	0.2505284750132688
49	2025-06-09T10:10:00Z	27.84352847501327	27.593	0.2505284750132688
49	2025-06-09T10:20:00Z	27.84352847501327	27.593	0.2505284750132688
49	2025-06-09T10:30:00Z	27.84352847501327	28.092	-0.24847152498672997
49	2025-06-09T10:40:00Z	27.84352847501327	28.092	-0.24847152498672997
49	2025-06-09T10:50:00Z	28.34806559490407	28.092	0.2560655949040722
49	2025-06-09T11:00:00Z	28.34806559490407	28.592	-0.2439344050959278
49	2025-06-09T11:10:00Z	28.852602714794873	28.092	0.7606027147948744
49	2025-06-09T11:20:00Z	29.357139834685672	28.092	1.265139834685673
49	2025-06-09T11:30:00Z	29.357139834685672	28.592	0.765139834685673
49	2025-06-09T11:40:00Z	29.357139834685672	28.092	1.265139834685673
49	2025-06-09T11:50:00Z	29.861676954576474	28.092	1.7696769545764752
49	2025-06-09T12:00:00Z	30.87075119435808	28.092	2.7787511943580796
49	2025-06-09T12:10:00Z	31.879825434139683	28.092	3.787825434139684
49	2025-06-09T12:20:00Z	31.879825434139683	28.092	3.787825434139684
49	2025-06-09T12:30:00Z	32.38436255403048	28.592	3.7923625540304826
49	2025-06-09T12:40:00Z	32.38436255403048	28.592	3.7923625540304826
49	2025-06-09T12:50:00Z	31.879825434139683	28.092	3.787825434139684
49	2025-06-09T13:00:00Z	31.879825434139683	28.592	3.287825434139684
49	2025-06-09T13:10:00Z	33.393436793812086	28.592	4.801436793812087
49	2025-06-09T13:20:00Z	33.89797391370289	28.092	5.805973913702893
49	2025-06-09T13:30:00Z	33.393436793812086	28.092	5.301436793812087
49	2025-06-09T13:40:00Z	32.88889967392128	28.592	4.296899673921281
49	2025-06-09T13:50:00Z	32.88889967392128	28.592	4.296899673921281
49	2025-06-09T14:00:00Z	33.393436793812086	28.592	4.801436793812087
49	2025-06-09T14:10:00Z	33.89797391370289	28.092	5.805973913702893
49	2025-06-09T14:20:00Z	34.40251103359369	28.592	5.810511033593691
49	2025-06-09T14:30:00Z	33.393436793812086	28.592	4.801436793812087
49	2025-06-09T14:40:00Z	33.89797391370289	28.592	5.305973913702893
49	2025-06-09T14:50:00Z	34.40251103359369	28.592	5.810511033593691
49	2025-06-09T15:00:00Z	34.40251103359369	28.592	5.810511033593691
49	2025-06-09T15:10:00Z	34.90704815348449	28.592	6.31504815348449
49	2025-06-09T15:20:00Z	34.90704815348449	28.592	6.31504815348449
49	2025-06-09T15:30:00Z	34.90704815348449	28.592	6.31504815348449
49	2025-06-09T15:40:00Z	34.90704815348449	28.592	6.31504815348449
49	2025-06-09T15:50:00Z	34.90704815348449	28.592	6.31504815348449
49	2025-06-09T16:00:00Z	35.411585273375294	28.592	6.819585273375296
49	2025-06-09T16:10:00Z	35.411585273375294	29.091	6.320585273375293
49	2025-06-09T16:20:00Z	35.411585273375294	29.091	6.320585273375293
49	2025-06-09T16:30:00Z	34.90704815348449	29.091	5.816048153484488
49	2025-06-09T16:40:00Z	34.90704815348449	27.593	7.314048153484489
49	2025-06-09T16:50:00Z	34.90704815348449	27.093	7.814048153484489
49	2025-06-09T17:00:00Z	34.40251103359369	24.594	9.808511033593689
49	2025-06-09T17:10:00Z	32.88889967392128	23.594	9.294899673921279
49	2025-06-09T17:20:00Z	33.89797391370289	24.094	9.80397391370289
49	2025-06-09T17:30:00Z	33.393436793812086	24.594	8.799436793812085
49	2025-06-09T17:40:00Z	32.88889967392128	25.094	7.794899673921279
49	2025-06-09T17:50:00Z	33.89797391370289	25.094	8.80397391370289
49	2025-06-09T18:00:00Z	33.89797391370289	25.594	8.30397391370289
49	2025-06-09T18:10:00Z	33.393436793812086	25.094	8.299436793812085
49	2025-06-09T18:20:00Z	33.393436793812086	25.094	8.299436793812085
49	2025-06-09T18:30:00Z	32.88889967392128	25.094	7.794899673921279
49	2025-06-09T18:40:00Z	32.38436255403048	25.094	7.29036255403048
49	2025-06-09T18:50:00Z	31.37528831424888	25.094	6.281288314248879
49	2025-06-09T19:00:00Z	31.37528831424888	24.594	6.781288314248879
49	2025-06-09T19:10:00Z	31.37528831424888	24.594	6.781288314248879
49	2025-06-09T19:20:00Z	30.87075119435808	24.094	6.776751194358077
49	2025-06-09T19:30:00Z	32.38436255403048	24.094	8.29036255403048
49	2025-06-09T19:40:00Z	34.90704815348449	24.094	10.813048153484488
49	2025-06-09T19:50:00Z	34.90704815348449	24.094	10.813048153484488
49	2025-06-09T20:00:00Z	35.411585273375294	24.094	11.317585273375293
49	2025-06-09T20:10:00Z	35.411585273375294	23.594	11.817585273375293
49	2025-06-09T20:20:00Z	35.411585273375294	23.594	11.817585273375293
49	2025-06-09T20:30:00Z	36.42065951315689	23.594	12.82665951315689
49	2025-06-09T20:40:00Z	35.91612239326609	23.594	12.322122393266092
49	2025-06-09T20:50:00Z	35.91612239326609	23.093	12.823122393266093
49	2025-06-09T21:00:00Z	35.411585273375294	23.093	12.318585273375295
49	2025-06-09T21:10:00Z	34.90704815348449	23.093	11.814048153484489
49	2025-06-09T21:20:00Z	34.90704815348449	23.093	11.814048153484489
49	2025-06-09T21:30:00Z	35.411585273375294	23.093	12.318585273375295
49	2025-06-09T21:40:00Z	34.90704815348449	22.593	12.314048153484489
49	2025-06-09T21:50:00Z	33.393436793812086	22.593	10.800436793812086
49	2025-06-09T22:00:00Z	33.393436793812086	22.593	10.800436793812086
49	2025-06-09T22:10:00Z	33.393436793812086	22.593	10.800436793812086
49	2025-06-09T22:20:00Z	34.90704815348449	22.593	12.314048153484489
49	2025-06-09T22:30:00Z	35.411585273375294	22.593	12.818585273375295
49	2025-06-09T22:40:00Z	34.40251103359369	22.593	11.80951103359369
49	2025-06-09T22:50:00Z	33.89797391370289	22.593	11.304973913702892
49	2025-06-09T23:00:00Z	33.393436793812086	22.593	10.800436793812086
49	2025-06-09T23:10:00Z	32.38436255403048	22.593	9.791362554030481
49	2025-06-09T23:20:00Z	32.88889967392128	22.093	10.79589967392128
49	2025-06-09T23:30:00Z	33.89797391370289	21.592	12.305973913702893
49	2025-06-09T23:40:00Z	33.393436793812086	21.092	12.301436793812087
49	2025-06-09T23:50:00Z	34.40251103359369	20.591	13.811511033593689
49	2025-06-10T00:00:00Z	35.411585273375294	20.091	15.320585273375293
49	2025-06-10T00:10:00Z	33.89797391370289	20.091	13.80697391370289
49	2025-06-10T00:20:00Z	32.88889967392128	20.091	12.797899673921279
49	2025-06-10T00:30:00Z	32.38436255403048	20.091	12.29336255403048
49	2025-06-10T00:40:00Z	31.879825434139683	20.091	11.788825434139682
49	2025-06-10T00:50:00Z	31.37528831424888	20.091	11.28428831424888
49	2025-06-10T01:00:00Z	30.87075119435808	20.091	10.779751194358077
49	2025-06-10T01:10:00Z	29.861676954576474	20.591	9.270676954576473
49	2025-06-10T01:20:00Z	28.852602714794873	20.591	8.261602714794872
49	2025-06-10T01:30:00Z	27.84352847501327	20.091	7.752528475013268
49	2025-06-10T01:40:00Z	27.84352847501327	20.091	7.752528475013268
49	2025-06-10T01:50:00Z	27.33899135512247	20.591	6.747991355122469
49	2025-06-10T02:00:00Z	27.84352847501327	20.591	7.252528475013268
49	2025-06-10T02:10:00Z	28.34806559490407	20.591	7.75706559490407
49	2025-06-10T02:20:00Z	30.36621407446728	20.591	9.775214074467279
49	2025-06-10T02:30:00Z	32.88889967392128	20.091	12.797899673921279
49	2025-06-10T02:40:00Z	34.40251103359369	20.591	13.811511033593689
49	2025-06-10T02:50:00Z	34.90704815348449	20.091	14.816048153484488
49	2025-06-10T03:00:00Z	33.393436793812086	20.591	12.802436793812085
49	2025-06-10T03:10:00Z	32.38436255403048	20.591	11.79336255403048
49	2025-06-10T03:20:00Z	31.879825434139683	20.091	11.788825434139682
49	2025-06-10T03:30:00Z	31.37528831424888	20.591	10.78428831424888
49	2025-06-10T03:40:00Z	30.36621407446728	20.591	9.775214074467279
49	2025-06-10T03:50:00Z	29.861676954576474	21.592	8.269676954576475
49	2025-06-10T04:00:00Z	29.861676954576474	21.592	8.269676954576475
49	2025-06-10T04:10:00Z	29.861676954576474	21.592	8.269676954576475
49	2025-06-10T04:20:00Z	29.861676954576474	21.592	8.269676954576475
49	2025-06-10T04:30:00Z	30.36621407446728	22.093	8.27321407446728
49	2025-06-10T04:40:00Z	29.861676954576474	22.093	7.768676954576474
49	2025-06-10T04:50:00Z	29.861676954576474	21.592	8.269676954576475
49	2025-06-10T05:00:00Z	29.357139834685672	22.093	7.264139834685672
49	2025-06-10T05:10:00Z	29.861676954576474	21.592	8.269676954576475
49	2025-06-10T05:20:00Z	29.357139834685672	21.092	8.265139834685673
49	2025-06-10T05:30:00Z	29.861676954576474	21.092	8.769676954576475
49	2025-06-10T05:40:00Z	29.357139834685672	20.591	8.76613983468567
49	2025-06-10T05:50:00Z	28.852602714794873	20.591	8.261602714794872
49	2025-06-10T06:00:00Z	28.852602714794873	20.591	8.261602714794872
49	2025-06-10T06:10:00Z	28.34806559490407	20.591	7.75706559490407
49	2025-06-10T06:20:00Z	27.84352847501327	20.091	7.752528475013268
49	2025-06-10T06:30:00Z	27.84352847501327	20.091	7.752528475013268
49	2025-06-10T06:40:00Z	26.834454235231668	20.091	6.743454235231667
49	2025-06-10T06:50:00Z	26.329917115340866	20.091	6.238917115340865
49	2025-06-10T07:00:00Z	25.825379995450064	20.091	5.7343799954500625
49	2025-06-10T07:10:00Z	25.32084287555926	20.091	5.22984287555926
49	2025-06-10T07:20:00Z	25.32084287555926	21.092	4.228842875559263
49	2025-06-10T07:30:00Z	24.81630575566846	22.093	2.7233057556684592
49	2025-06-10T07:40:00Z	24.81630575566846	23.594	1.222305755668458
49	2025-06-10T07:50:00Z	24.311768635777657	24.594	-0.2822313642223442
49	2025-06-10T08:00:00Z	24.311768635777657	25.594	-1.2822313642223442
49	2025-06-10T08:10:00Z	23.80723151588686	27.093	-3.2857684841131416
49	2025-06-10T08:20:00Z	23.80723151588686	26.593	-2.7857684841131416
49	2025-06-10T08:30:00Z	23.80723151588686	28.092	-4.28476848411314
49	2025-06-10T08:40:00Z	23.80723151588686	29.591	-5.783768484113143
49	2025-06-10T08:50:00Z	23.80723151588686	30.589	-6.78176848411314
49	2025-06-10T09:00:00Z	24.311768635777657	27.593	-3.281231364222343
49	2025-06-10T09:10:00Z	24.311768635777657	29.091	-4.779231364222344
49	2025-06-10T09:20:00Z	24.311768635777657	29.091	-4.779231364222344
49	2025-06-10T09:30:00Z	24.311768635777657	29.091	-4.779231364222344
49	2025-06-10T09:40:00Z	24.311768635777657	28.092	-3.7802313642223417
49	2025-06-10T09:50:00Z	24.81630575566846	26.593	-1.7766942443315408
49	2025-06-10T10:00:00Z	24.81630575566846	26.593	-1.7766942443315408
49	2025-06-10T10:10:00Z	24.81630575566846	26.593	-1.7766942443315408
49	2025-06-10T10:20:00Z	25.32084287555926	27.093	-1.7721571244407386
49	2025-06-10T10:30:00Z	25.32084287555926	27.093	-1.7721571244407386
49	2025-06-10T10:40:00Z	25.32084287555926	27.093	-1.7721571244407386
49	2025-06-10T10:50:00Z	25.32084287555926	27.593	-2.2721571244407386
49	2025-06-10T11:00:00Z	25.825379995450064	27.593	-1.7676200045499364
49	2025-06-10T11:10:00Z	25.825379995450064	27.593	-1.7676200045499364
49	2025-06-10T11:20:00Z	26.329917115340866	27.593	-1.2630828846591342
49	2025-06-10T11:30:00Z	26.329917115340866	27.593	-1.2630828846591342
49	2025-06-10T11:40:00Z	26.834454235231668	27.593	-0.758545764768332
49	2025-06-10T11:50:00Z	27.33899135512247	27.593	-0.25400864487752983
49	2025-06-10T12:00:00Z	27.33899135512247	28.092	-0.7530086448775286
49	2025-06-10T12:10:00Z	27.84352847501327	27.593	0.2505284750132688
49	2025-06-10T12:20:00Z	28.34806559490407	27.593	0.755065594904071
49	2025-06-10T12:30:00Z	28.34806559490407	28.092	0.2560655949040722
49	2025-06-10T12:40:00Z	28.34806559490407	27.593	0.755065594904071
49	2025-06-10T12:50:00Z	29.357139834685672	28.092	1.265139834685673
49	2025-06-10T13:00:00Z	30.36621407446728	28.092	2.274214074467281
49	2025-06-10T13:10:00Z	30.87075119435808	28.092	2.7787511943580796
49	2025-06-10T13:20:00Z	30.36621407446728	28.092	2.274214074467281
49	2025-06-10T13:30:00Z	30.36621407446728	28.092	2.274214074467281
49	2025-06-10T13:40:00Z	30.36621407446728	28.092	2.274214074467281
49	2025-06-10T13:50:00Z	30.36621407446728	28.092	2.274214074467281
49	2025-06-10T14:00:00Z	30.36621407446728	28.092	2.274214074467281
49	2025-06-10T14:10:00Z	30.36621407446728	28.092	2.274214074467281
49	2025-06-10T14:20:00Z	30.36621407446728	28.092	2.274214074467281
49	2025-06-10T14:30:00Z	30.36621407446728	28.092	2.274214074467281
49	2025-06-10T14:40:00Z	30.36621407446728	28.092	2.274214074467281
49	2025-06-10T14:50:00Z	29.861676954576474	28.092	1.7696769545764752
49	2025-06-10T15:00:00Z	29.861676954576474	28.092	1.7696769545764752
49	2025-06-10T15:10:00Z	29.861676954576474	28.092	1.7696769545764752
49	2025-06-10T15:20:00Z	30.36621407446728	28.592	1.774214074467281
49	2025-06-10T15:30:00Z	30.36621407446728	28.092	2.274214074467281
49	2025-06-10T15:40:00Z	30.36621407446728	28.092	2.274214074467281
49	2025-06-10T15:50:00Z	30.36621407446728	28.092	2.274214074467281
49	2025-06-10T16:00:00Z	30.36621407446728	28.092	2.274214074467281
49	2025-06-10T16:10:00Z	30.87075119435808	28.592	2.2787511943580796
49	2025-06-10T16:20:00Z	30.87075119435808	28.592	2.2787511943580796
49	2025-06-10T16:30:00Z	30.87075119435808	28.592	2.2787511943580796
49	2025-06-10T16:40:00Z	30.87075119435808	28.592	2.2787511943580796
49	2025-06-10T16:50:00Z	30.87075119435808	28.092	2.7787511943580796
49	2025-06-10T17:00:00Z	30.87075119435808	28.092	2.7787511943580796
49	2025-06-10T17:10:00Z	30.87075119435808	28.592	2.2787511943580796
49	2025-06-10T17:20:00Z	30.87075119435808	28.092	2.7787511943580796
49	2025-06-10T17:30:00Z	31.37528831424888	28.092	3.283288314248882
49	2025-06-10T17:40:00Z	31.879825434139683	28.092	3.787825434139684
49	2025-06-10T17:50:00Z	31.879825434139683	28.092	3.787825434139684
49	2025-06-10T18:00:00Z	32.38436255403048	27.593	4.791362554030481
49	2025-06-10T18:10:00Z	32.38436255403048	27.593	4.791362554030481
49	2025-06-10T18:20:00Z	32.88889967392128	27.593	5.29589967392128
49	2025-06-10T18:30:00Z	32.88889967392128	27.593	5.29589967392128
49	2025-06-10T18:40:00Z	33.89797391370289	27.093	6.8049739137028915
49	2025-06-10T18:50:00Z	33.393436793812086	26.593	6.800436793812086
49	2025-06-10T19:00:00Z	32.88889967392128	26.094	6.794899673921279
49	2025-06-10T19:10:00Z	32.38436255403048	25.594	6.79036255403048
49	2025-06-10T19:20:00Z	31.879825434139683	25.594	6.2858254341396815
49	2025-06-10T19:30:00Z	34.40251103359369	25.594	8.808511033593689
49	2025-06-10T19:40:00Z	35.411585273375294	25.094	10.317585273375293
49	2025-06-10T19:50:00Z	35.91612239326609	25.094	10.822122393266092
49	2025-06-10T20:00:00Z	35.411585273375294	25.094	10.317585273375293
49	2025-06-10T20:10:00Z	35.91612239326609	25.094	10.822122393266092
49	2025-06-10T20:20:00Z	34.90704815348449	24.594	10.313048153484488
49	2025-06-10T20:30:00Z	35.411585273375294	24.594	10.817585273375293
49	2025-06-10T20:40:00Z	36.42065951315689	24.094	12.32665951315689
49	2025-06-10T20:50:00Z	35.91612239326609	24.094	11.822122393266092
49	2025-06-10T21:00:00Z	35.91612239326609	24.094	11.822122393266092
49	2025-06-10T21:10:00Z	34.90704815348449	24.094	10.813048153484488
49	2025-06-10T21:20:00Z	34.90704815348449	23.594	11.313048153484488
49	2025-06-10T21:30:00Z	33.89797391370289	23.093	10.804973913702892
49	2025-06-10T21:40:00Z	34.40251103359369	23.093	11.30951103359369
49	2025-06-10T21:50:00Z	33.89797391370289	23.093	10.804973913702892
49	2025-06-10T22:00:00Z	35.411585273375294	23.093	12.318585273375295
49	2025-06-10T22:10:00Z	35.411585273375294	23.093	12.318585273375295
49	2025-06-10T22:20:00Z	35.411585273375294	23.093	12.318585273375295
49	2025-06-10T22:30:00Z	35.411585273375294	23.594	11.817585273375293
49	2025-06-10T22:40:00Z	35.411585273375294	23.594	11.817585273375293
49	2025-06-10T22:50:00Z	35.411585273375294	23.093	12.318585273375295
49	2025-06-10T23:00:00Z	34.90704815348449	23.093	11.814048153484489
49	2025-06-10T23:10:00Z	33.89797391370289	23.093	10.804973913702892
49	2025-06-10T23:20:00Z	34.40251103359369	22.593	11.80951103359369
49	2025-06-10T23:30:00Z	33.393436793812086	22.593	10.800436793812086
49	2025-06-10T23:40:00Z	35.411585273375294	22.593	12.818585273375295
49	2025-06-10T23:50:00Z	32.88889967392128	22.093	10.79589967392128
49	2025-06-11T00:00:00Z	33.393436793812086	22.093	11.300436793812086
49	2025-06-11T00:10:00Z	32.38436255403048	22.093	10.291362554030481
49	2025-06-11T00:20:00Z	32.38436255403048	22.093	10.291362554030481
49	2025-06-11T00:30:00Z	32.38436255403048	22.093	10.291362554030481
49	2025-06-11T00:40:00Z	33.393436793812086	22.093	11.300436793812086
49	2025-06-11T00:50:00Z	33.89797391370289	22.093	11.804973913702892
49	2025-06-11T01:00:00Z	32.88889967392128	21.592	11.296899673921281
49	2025-06-11T01:10:00Z	34.40251103359369	21.592	12.810511033593691
49	2025-06-11T01:20:00Z	34.40251103359369	21.592	12.810511033593691
49	2025-06-11T01:30:00Z	34.40251103359369	21.592	12.810511033593691
49	2025-06-11T01:40:00Z	34.40251103359369	21.592	12.810511033593691
49	2025-06-11T01:50:00Z	34.40251103359369	21.092	13.310511033593691
49	2025-06-11T02:00:00Z	34.40251103359369	21.092	13.310511033593691
49	2025-06-11T02:10:00Z	34.40251103359369	20.591	13.811511033593689
49	2025-06-11T02:20:00Z	34.40251103359369	20.591	13.811511033593689
49	2025-06-11T02:30:00Z	33.89797391370289	20.591	13.30697391370289
49	2025-06-11T02:40:00Z	33.89797391370289	20.591	13.30697391370289
49	2025-06-11T02:50:00Z	33.393436793812086	20.591	12.802436793812085
49	2025-06-11T03:00:00Z	31.879825434139683	20.591	11.288825434139682
49	2025-06-11T03:10:00Z	31.37528831424888	20.591	10.78428831424888
49	2025-06-11T03:20:00Z	30.87075119435808	20.591	10.279751194358077
49	2025-06-11T03:30:00Z	29.861676954576474	20.591	9.270676954576473
49	2025-06-11T03:40:00Z	29.861676954576474	20.591	9.270676954576473
49	2025-06-11T03:50:00Z	29.861676954576474	20.591	9.270676954576473
49	2025-06-11T04:00:00Z	30.36621407446728	20.591	9.775214074467279
49	2025-06-11T04:10:00Z	30.36621407446728	20.591	9.775214074467279
49	2025-06-11T04:20:00Z	29.861676954576474	20.591	9.270676954576473
49	2025-06-11T04:30:00Z	30.36621407446728	20.591	9.775214074467279
49	2025-06-11T04:40:00Z	29.861676954576474	20.591	9.270676954576473
49	2025-06-11T04:50:00Z	29.861676954576474	20.591	9.270676954576473
49	2025-06-11T05:00:00Z	29.861676954576474	20.591	9.270676954576473
49	2025-06-11T05:10:00Z	29.861676954576474	20.591	9.270676954576473
49	2025-06-11T05:20:00Z	32.88889967392128	20.591	12.297899673921279
49	2025-06-11T05:30:00Z	32.38436255403048	20.591	11.79336255403048
49	2025-06-11T05:40:00Z	31.879825434139683	20.591	11.288825434139682
49	2025-06-11T05:50:00Z	30.36621407446728	20.591	9.775214074467279
49	2025-06-11T06:00:00Z	29.861676954576474	20.591	9.270676954576473
49	2025-06-11T06:10:00Z	29.357139834685672	20.591	8.76613983468567
49	2025-06-11T06:20:00Z	28.852602714794873	20.591	8.261602714794872
49	2025-06-11T06:30:00Z	28.852602714794873	21.092	7.760602714794874
49	2025-06-11T06:40:00Z	29.861676954576474	20.591	9.270676954576473
49	2025-06-11T06:50:00Z	29.357139834685672	20.591	8.76613983468567
49	2025-06-11T07:00:00Z	29.357139834685672	21.092	8.265139834685673
49	2025-06-11T07:10:00Z	28.852602714794873	21.092	7.760602714794874
49	2025-06-11T07:20:00Z	28.852602714794873	22.093	6.759602714794873
49	2025-06-11T07:30:00Z	27.84352847501327	23.093	4.750528475013269
49	2025-06-11T07:40:00Z	27.33899135512247	24.594	2.744991355122469
49	2025-06-11T07:50:00Z	27.33899135512247	25.094	2.244991355122469
49	2025-06-11T08:00:00Z	26.834454235231668	26.094	0.7404542352316668
49	2025-06-11T08:10:00Z	26.834454235231668	27.593	-0.758545764768332
49	2025-06-11T08:20:00Z	26.834454235231668	27.093	-0.258545764768332
49	2025-06-11T08:30:00Z	26.834454235231668	28.592	-1.7575457647683308
49	2025-06-11T08:40:00Z	26.834454235231668	29.591	-2.756545764768333
49	2025-06-11T08:50:00Z	26.329917115340866	29.591	-3.2610828846591353
49	2025-06-11T09:00:00Z	26.834454235231668	27.093	-0.258545764768332
49	2025-06-11T09:10:00Z	26.329917115340866	28.092	-1.762082884659133
49	2025-06-11T09:20:00Z	26.329917115340866	28.592	-2.262082884659133
49	2025-06-11T09:30:00Z	26.329917115340866	28.092	-1.762082884659133
49	2025-06-11T09:40:00Z	26.834454235231668	27.093	-0.258545764768332
49	2025-06-11T09:50:00Z	26.329917115340866	26.094	0.23591711534086457
49	2025-06-11T10:00:00Z	26.329917115340866	26.094	0.23591711534086457
49	2025-06-11T10:10:00Z	26.329917115340866	26.593	-0.2630828846591342
49	2025-06-11T10:20:00Z	26.834454235231668	26.593	0.24145423523166798
49	2025-06-11T10:30:00Z	26.329917115340866	27.093	-0.7630828846591342
49	2025-06-11T10:40:00Z	26.834454235231668	27.093	-0.258545764768332
49	2025-06-11T10:50:00Z	26.834454235231668	27.093	-0.258545764768332
49	2025-06-11T11:00:00Z	26.834454235231668	27.093	-0.258545764768332
49	2025-06-11T11:10:00Z	26.834454235231668	27.593	-0.758545764768332
49	2025-06-11T11:20:00Z	27.84352847501327	27.593	0.2505284750132688
49	2025-06-11T11:30:00Z	27.33899135512247	27.593	-0.25400864487752983
49	2025-06-11T11:40:00Z	27.84352847501327	27.593	0.2505284750132688
49	2025-06-11T11:50:00Z	28.852602714794873	27.593	1.2596027147948732
49	2025-06-11T12:00:00Z	29.861676954576474	27.593	2.268676954576474
49	2025-06-11T12:10:00Z	29.861676954576474	27.593	2.268676954576474
49	2025-06-11T12:20:00Z	29.357139834685672	28.092	1.265139834685673
49	2025-06-11T12:30:00Z	29.357139834685672	28.092	1.265139834685673
49	2025-06-11T12:40:00Z	29.861676954576474	28.092	1.7696769545764752
49	2025-06-11T12:50:00Z	29.861676954576474	28.092	1.7696769545764752
49	2025-06-11T13:00:00Z	30.36621407446728	28.092	2.274214074467281
49	2025-06-11T13:10:00Z	31.879825434139683	28.092	3.787825434139684
49	2025-06-11T13:20:00Z	30.36621407446728	28.592	1.774214074467281
49	2025-06-11T13:30:00Z	31.37528831424888	28.592	2.783288314248882
49	2025-06-11T13:40:00Z	32.38436255403048	28.592	3.7923625540304826
49	2025-06-11T13:50:00Z	32.88889967392128	28.592	4.296899673921281
49	2025-06-11T14:00:00Z	31.879825434139683	28.592	3.287825434139684
49	2025-06-11T14:10:00Z	32.88889967392128	28.592	4.296899673921281
49	2025-06-11T14:20:00Z	33.393436793812086	29.091	4.302436793812085
49	2025-06-11T14:30:00Z	33.393436793812086	29.091	4.302436793812085
49	2025-06-11T14:40:00Z	33.393436793812086	29.091	4.302436793812085
49	2025-06-11T14:50:00Z	33.393436793812086	29.091	4.302436793812085
49	2025-06-11T15:00:00Z	33.89797391370289	29.591	4.30697391370289
49	2025-06-11T15:10:00Z	33.89797391370289	29.591	4.30697391370289
49	2025-06-11T15:20:00Z	33.89797391370289	29.091	4.80697391370289
49	2025-06-11T15:30:00Z	33.89797391370289	29.591	4.30697391370289
49	2025-06-11T15:40:00Z	33.393436793812086	29.591	3.8024367938120847
49	2025-06-11T15:50:00Z	33.393436793812086	29.591	3.8024367938120847
49	2025-06-11T16:00:00Z	33.393436793812086	29.591	3.8024367938120847
49	2025-06-11T16:10:00Z	33.393436793812086	29.091	4.302436793812085
49	2025-06-11T16:20:00Z	33.89797391370289	29.591	4.30697391370289
49	2025-06-11T16:30:00Z	33.393436793812086	29.591	3.8024367938120847
49	2025-06-11T16:40:00Z	33.89797391370289	29.591	4.30697391370289
49	2025-06-11T16:50:00Z	33.89797391370289	29.591	4.30697391370289
49	2025-06-11T17:00:00Z	33.393436793812086	29.591	3.8024367938120847
49	2025-06-11T17:10:00Z	33.393436793812086	29.091	4.302436793812085
49	2025-06-11T17:20:00Z	31.879825434139683	29.091	2.7888254341396816
49	2025-06-11T17:30:00Z	32.88889967392128	29.091	3.797899673921279
49	2025-06-11T17:40:00Z	32.88889967392128	29.091	3.797899673921279
49	2025-06-11T17:50:00Z	32.88889967392128	28.592	4.296899673921281
49	2025-06-11T18:00:00Z	33.393436793812086	28.592	4.801436793812087
49	2025-06-11T18:10:00Z	33.393436793812086	28.592	4.801436793812087
49	2025-06-11T18:20:00Z	33.393436793812086	28.592	4.801436793812087
49	2025-06-11T18:30:00Z	33.89797391370289	28.092	5.805973913702893
49	2025-06-11T18:40:00Z	33.393436793812086	27.593	5.800436793812086
49	2025-06-11T18:50:00Z	34.40251103359369	27.093	7.30951103359369
49	2025-06-11T19:00:00Z	34.40251103359369	27.093	7.30951103359369
49	2025-06-11T19:10:00Z	34.40251103359369	26.593	7.80951103359369
49	2025-06-11T19:20:00Z	33.89797391370289	26.094	7.80397391370289
49	2025-06-11T19:30:00Z	34.40251103359369	26.094	8.308511033593689
49	2025-06-11T19:40:00Z	34.90704815348449	26.094	8.813048153484488
49	2025-06-11T19:50:00Z	35.411585273375294	25.594	9.817585273375293
49	2025-06-11T20:00:00Z	34.90704815348449	25.594	9.313048153484488
49	2025-06-11T20:10:00Z	34.90704815348449	25.094	9.813048153484488
49	2025-06-11T20:20:00Z	37.9342708728293	25.094	12.8402708728293
49	2025-06-11T20:30:00Z	35.411585273375294	24.594	10.817585273375293
49	2025-06-11T20:40:00Z	34.90704815348449	24.594	10.313048153484488
49	2025-06-11T20:50:00Z	32.88889967392128	24.594	8.294899673921279
49	2025-06-11T21:00:00Z	35.411585273375294	24.594	10.817585273375293
49	2025-06-11T21:10:00Z	35.91612239326609	24.594	11.322122393266092
49	2025-06-11T21:20:00Z	34.90704815348449	24.094	10.813048153484488
49	2025-06-11T21:30:00Z	35.411585273375294	24.094	11.317585273375293
49	2025-06-11T21:40:00Z	35.411585273375294	23.594	11.817585273375293
49	2025-06-11T21:50:00Z	34.90704815348449	23.594	11.313048153484488
49	2025-06-11T22:00:00Z	35.411585273375294	23.594	11.817585273375293
49	2025-06-11T22:10:00Z	35.91612239326609	23.594	12.322122393266092
49	2025-06-11T22:20:00Z	35.411585273375294	23.093	12.318585273375295
49	2025-06-11T22:30:00Z	34.40251103359369	23.093	11.30951103359369
49	2025-06-11T22:40:00Z	34.40251103359369	23.093	11.30951103359369
49	2025-06-11T22:50:00Z	34.90704815348449	23.093	11.814048153484489
49	2025-06-11T23:00:00Z	35.411585273375294	23.093	12.318585273375295
49	2025-06-11T23:10:00Z	35.91612239326609	23.093	12.823122393266093
49	2025-06-11T23:20:00Z	35.91612239326609	23.093	12.823122393266093
49	2025-06-11T23:30:00Z	35.411585273375294	23.093	12.318585273375295
49	2025-06-11T23:40:00Z	35.411585273375294	23.093	12.318585273375295
49	2025-06-11T23:50:00Z	35.411585273375294	22.593	12.818585273375295
49	2025-06-12T00:00:00Z	35.411585273375294	22.593	12.818585273375295
49	2025-06-12T00:10:00Z	34.40251103359369	22.593	11.80951103359369
49	2025-06-12T00:20:00Z	34.40251103359369	22.593	11.80951103359369
49	2025-06-12T00:30:00Z	33.89797391370289	22.593	11.304973913702892
49	2025-06-12T00:40:00Z	33.89797391370289	22.593	11.304973913702892
49	2025-06-12T00:50:00Z	33.393436793812086	22.093	11.300436793812086
49	2025-06-12T01:00:00Z	33.89797391370289	21.592	12.305973913702893
49	2025-06-12T01:10:00Z	33.89797391370289	22.093	11.804973913702892
49	2025-06-12T01:20:00Z	33.89797391370289	22.093	11.804973913702892
49	2025-06-12T01:30:00Z	34.40251103359369	22.093	12.30951103359369
49	2025-06-12T01:40:00Z	33.89797391370289	22.093	11.804973913702892
49	2025-06-12T01:50:00Z	33.89797391370289	22.093	11.804973913702892
49	2025-06-12T02:00:00Z	33.89797391370289	22.593	11.304973913702892
49	2025-06-12T02:10:00Z	33.393436793812086	22.593	10.800436793812086
49	2025-06-12T02:20:00Z	33.393436793812086	23.093	10.300436793812086
49	2025-06-12T02:30:00Z	33.89797391370289	23.594	10.30397391370289
49	2025-06-12T02:40:00Z	34.40251103359369	23.093	11.30951103359369
49	2025-06-12T02:50:00Z	34.40251103359369	22.093	12.30951103359369
49	2025-06-12T03:00:00Z	34.90704815348449	22.593	12.314048153484489
49	2025-06-12T03:10:00Z	33.393436793812086	22.593	10.800436793812086
49	2025-06-12T03:20:00Z	34.90704815348449	21.592	13.31504815348449
49	2025-06-12T03:30:00Z	33.89797391370289	21.592	12.305973913702893
49	2025-06-12T03:40:00Z	33.393436793812086	21.592	11.801436793812087
49	2025-06-12T03:50:00Z	33.393436793812086	21.592	11.801436793812087
49	2025-06-12T04:00:00Z	32.88889967392128	21.592	11.296899673921281
49	2025-06-12T04:10:00Z	33.393436793812086	21.092	12.301436793812087
49	2025-06-12T04:20:00Z	32.88889967392128	21.092	11.796899673921281
49	2025-06-12T04:30:00Z	33.393436793812086	21.092	12.301436793812087
49	2025-06-12T04:40:00Z	33.393436793812086	21.092	12.301436793812087
49	2025-06-12T04:50:00Z	33.393436793812086	21.092	12.301436793812087
49	2025-06-12T05:00:00Z	32.88889967392128	21.092	11.796899673921281
49	2025-06-12T05:10:00Z	33.393436793812086	21.092	12.301436793812087
49	2025-06-12T05:20:00Z	33.393436793812086	20.091	13.302436793812085
49	2025-06-12T05:30:00Z	32.88889967392128	19.089	13.799899673921281
49	2025-06-12T05:40:00Z	31.879825434139683	19.089	12.790825434139684
49	2025-06-12T05:50:00Z	31.37528831424888	19.089	12.286288314248882
49	2025-06-12T06:00:00Z	30.87075119435808	19.59	11.280751194358078
49	2025-06-12T06:10:00Z	30.36621407446728	19.59	10.77621407446728
49	2025-06-12T06:20:00Z	29.861676954576474	19.59	10.271676954576474
49	2025-06-12T06:30:00Z	29.357139834685672	19.59	9.767139834685672
49	2025-06-12T06:40:00Z	28.852602714794873	20.091	8.761602714794872
49	2025-06-12T06:50:00Z	28.34806559490407	20.091	8.25706559490407
49	2025-06-12T07:00:00Z	28.34806559490407	20.091	8.25706559490407
49	2025-06-12T07:10:00Z	27.33899135512247	20.591	6.747991355122469
49	2025-06-12T07:20:00Z	27.33899135512247	20.591	6.747991355122469
49	2025-06-12T07:30:00Z	26.834454235231668	20.591	6.243454235231667
49	2025-06-12T07:40:00Z	26.329917115340866	21.092	5.237917115340867
49	2025-06-12T07:50:00Z	26.329917115340866	21.592	4.737917115340867
49	2025-06-12T08:00:00Z	26.329917115340866	21.592	4.737917115340867
49	2025-06-12T08:10:00Z	25.825379995450064	22.093	3.7323799954500636
49	2025-06-12T08:20:00Z	25.825379995450064	22.593	3.2323799954500636
49	2025-06-12T08:30:00Z	25.825379995450064	23.093	2.7323799954500636
49	2025-06-12T08:40:00Z	25.825379995450064	24.094	1.7313799954500624
49	2025-06-12T08:50:00Z	25.825379995450064	27.093	-1.2676200045499364
49	2025-06-12T09:00:00Z	25.32084287555926	27.093	-1.7721571244407386
49	2025-06-12T09:10:00Z	25.32084287555926	28.592	-3.2711571244407374
49	2025-06-12T09:20:00Z	25.825379995450064	29.591	-3.7656200045499375
49	2025-06-12T09:30:00Z	25.32084287555926	28.092	-2.7711571244407374
49	2025-06-12T09:40:00Z	25.32084287555926	27.593	-2.2721571244407386
49	2025-06-12T09:50:00Z	25.32084287555926	26.094	-0.7731571244407398
49	2025-06-12T10:00:00Z	25.32084287555926	26.094	-0.7731571244407398
49	2025-06-12T10:10:00Z	25.825379995450064	26.094	-0.2686200045499376
49	2025-06-12T10:20:00Z	25.825379995450064	26.094	-0.2686200045499376
49	2025-06-12T10:30:00Z	25.825379995450064	26.094	-0.2686200045499376
49	2025-06-12T10:40:00Z	26.329917115340866	26.593	-0.2630828846591342
49	2025-06-12T10:50:00Z	26.329917115340866	27.093	-0.7630828846591342
49	2025-06-12T11:00:00Z	26.329917115340866	27.093	-0.7630828846591342
49	2025-06-12T11:10:00Z	26.329917115340866	27.093	-0.7630828846591342
49	2025-06-12T11:20:00Z	26.834454235231668	27.093	-0.258545764768332
49	2025-06-12T11:30:00Z	26.834454235231668	27.093	-0.258545764768332
49	2025-06-12T11:40:00Z	27.33899135512247	27.593	-0.25400864487752983
49	2025-06-12T11:50:00Z	27.33899135512247	27.593	-0.25400864487752983
49	2025-06-12T12:00:00Z	28.34806559490407	27.593	0.755065594904071
49	2025-06-12T12:10:00Z	28.852602714794873	28.092	0.7606027147948744
49	2025-06-12T12:20:00Z	30.36621407446728	28.092	2.274214074467281
49	2025-06-12T12:30:00Z	31.37528831424888	28.092	3.283288314248882
49	2025-06-12T12:40:00Z	32.38436255403048	28.092	4.292362554030483
49	2025-06-12T12:50:00Z	32.88889967392128	28.592	4.296899673921281
49	2025-06-12T13:00:00Z	32.88889967392128	28.592	4.296899673921281
49	2025-06-12T13:10:00Z	33.393436793812086	28.592	4.801436793812087
49	2025-06-12T13:20:00Z	33.89797391370289	28.592	5.305973913702893
49	2025-06-12T13:30:00Z	33.393436793812086	28.592	4.801436793812087
49	2025-06-12T13:40:00Z	33.393436793812086	28.592	4.801436793812087
49	2025-06-12T13:50:00Z	33.89797391370289	28.592	5.305973913702893
49	2025-06-12T14:00:00Z	33.89797391370289	28.592	5.305973913702893
49	2025-06-12T14:10:00Z	33.89797391370289	28.592	5.305973913702893
49	2025-06-12T14:20:00Z	34.40251103359369	29.091	5.311511033593689
49	2025-06-12T14:30:00Z	34.40251103359369	29.091	5.311511033593689
49	2025-06-12T14:40:00Z	33.393436793812086	29.091	4.302436793812085
49	2025-06-12T14:50:00Z	33.89797391370289	29.091	4.80697391370289
49	2025-06-12T15:00:00Z	35.91612239326609	29.091	6.825122393266092
49	2025-06-12T15:10:00Z	35.91612239326609	29.091	6.825122393266092
49	2025-06-12T15:20:00Z	36.92519663304769	29.091	7.834196633047689
49	2025-06-12T15:30:00Z	37.4297337529385	28.592	8.837733752938504
49	2025-06-12T15:40:00Z	36.92519663304769	29.091	7.834196633047689
49	2025-06-12T15:50:00Z	35.91612239326609	29.591	6.325122393266092
49	2025-06-12T16:00:00Z	35.91612239326609	29.091	6.825122393266092
49	2025-06-12T16:10:00Z	35.411585273375294	29.591	5.820585273375293
49	2025-06-12T16:20:00Z	35.411585273375294	29.591	5.820585273375293
49	2025-06-12T16:30:00Z	35.411585273375294	29.591	5.820585273375293
49	2025-06-12T16:40:00Z	34.90704815348449	29.091	5.816048153484488
49	2025-06-12T16:50:00Z	35.411585273375294	29.091	6.320585273375293
49	2025-06-12T17:00:00Z	35.91612239326609	29.091	6.825122393266092
49	2025-06-12T17:10:00Z	35.411585273375294	29.091	6.320585273375293
49	2025-06-12T17:20:00Z	35.411585273375294	29.091	6.320585273375293
49	2025-06-12T17:30:00Z	35.411585273375294	29.091	6.320585273375293
49	2025-06-12T17:40:00Z	34.90704815348449	28.592	6.31504815348449
49	2025-06-12T17:50:00Z	34.90704815348449	28.592	6.31504815348449
49	2025-06-12T18:00:00Z	34.90704815348449	28.592	6.31504815348449
49	2025-06-12T18:10:00Z	34.40251103359369	28.592	5.810511033593691
49	2025-06-12T18:20:00Z	33.89797391370289	28.092	5.805973913702893
49	2025-06-12T18:30:00Z	33.393436793812086	28.092	5.301436793812087
49	2025-06-12T18:40:00Z	33.393436793812086	27.593	5.800436793812086
49	2025-06-12T18:50:00Z	32.88889967392128	27.093	5.79589967392128
49	2025-06-12T19:00:00Z	32.38436255403048	26.593	5.791362554030481
49	2025-06-12T19:10:00Z	32.38436255403048	26.094	6.29036255403048
49	2025-06-12T19:20:00Z	33.393436793812086	26.094	7.2994367938120845
49	2025-06-12T19:30:00Z	34.90704815348449	25.594	9.313048153484488
49	2025-06-12T19:40:00Z	35.411585273375294	25.594	9.817585273375293
49	2025-06-12T19:50:00Z	35.411585273375294	25.594	9.817585273375293
49	2025-06-12T20:00:00Z	34.40251103359369	25.594	8.808511033593689
49	2025-06-12T20:10:00Z	35.411585273375294	25.094	10.317585273375293
49	2025-06-12T20:20:00Z	35.411585273375294	24.594	10.817585273375293
49	2025-06-12T20:30:00Z	35.411585273375294	24.094	11.317585273375293
49	2025-06-12T20:40:00Z	34.90704815348449	24.094	10.813048153484488
49	2025-06-12T20:50:00Z	34.90704815348449	24.094	10.813048153484488
49	2025-06-12T21:00:00Z	35.91612239326609	24.094	11.822122393266092
49	2025-06-12T21:10:00Z	35.411585273375294	24.094	11.317585273375293
49	2025-06-12T21:20:00Z	34.90704815348449	24.094	10.813048153484488
49	2025-06-12T21:30:00Z	34.90704815348449	23.594	11.313048153484488
49	2025-06-12T21:40:00Z	33.89797391370289	23.594	10.30397391370289
49	2025-06-12T21:50:00Z	33.89797391370289	23.093	10.804973913702892
49	2025-06-12T22:00:00Z	34.40251103359369	23.093	11.30951103359369
49	2025-06-12T22:10:00Z	34.40251103359369	23.594	10.808511033593689
49	2025-06-12T22:20:00Z	34.40251103359369	23.594	10.808511033593689
49	2025-06-12T22:30:00Z	32.88889967392128	23.594	9.294899673921279
49	2025-06-12T22:40:00Z	34.90704815348449	23.093	11.814048153484489
49	2025-06-12T22:50:00Z	33.89797391370289	23.093	10.804973913702892
49	2025-06-12T23:00:00Z	34.40251103359369	23.093	11.30951103359369
49	2025-06-12T23:10:00Z	32.88889967392128	22.593	10.29589967392128
49	2025-06-12T23:20:00Z	32.38436255403048	22.593	9.791362554030481
49	2025-06-12T23:30:00Z	32.88889967392128	23.093	9.79589967392128
49	2025-06-12T23:40:00Z	35.411585273375294	23.093	12.318585273375295
49	2025-06-12T23:50:00Z	34.90704815348449	23.093	11.814048153484489
49	2025-06-13T00:00:00Z	34.90704815348449	23.093	11.814048153484489
62	2025-06-04T14:40:00Z	38.414280986095704	27.093	11.321280986095704
62	2025-06-04T14:50:00Z	37.405311950865816	27.093	10.312311950865816
62	2025-06-04T15:00:00Z	36.39634291563593	27.093	9.303342915635927
62	2025-06-04T15:10:00Z	36.39634291563593	27.593	8.803342915635927
62	2025-06-04T15:20:00Z	36.900827433250875	27.093	9.807827433250875
62	2025-06-04T15:30:00Z	35.38737388040604	27.593	7.794373880406038
62	2025-06-04T15:40:00Z	35.891858398020986	27.593	8.298858398020986
62	2025-06-04T15:50:00Z	36.39634291563593	27.593	8.803342915635927
62	2025-06-04T16:00:00Z	36.39634291563593	27.593	8.803342915635927
62	2025-06-04T16:10:00Z	36.39634291563593	27.093	9.303342915635927
62	2025-06-04T16:20:00Z	36.900827433250875	28.092	8.808827433250876
62	2025-06-04T16:30:00Z	36.39634291563593	27.593	8.803342915635927
62	2025-06-04T16:40:00Z	36.39634291563593	27.093	9.303342915635927
62	2025-06-04T16:50:00Z	35.891858398020986	27.093	8.798858398020986
62	2025-06-04T17:00:00Z	35.891858398020986	27.093	8.798858398020986
62	2025-06-04T17:10:00Z	35.891858398020986	27.093	8.798858398020986
62	2025-06-04T17:20:00Z	36.39634291563593	27.093	9.303342915635927
62	2025-06-04T17:30:00Z	36.39634291563593	26.593	9.803342915635927
62	2025-06-04T17:40:00Z	33.87392032756121	26.593	7.280920327561208
62	2025-06-04T17:50:00Z	35.891858398020986	26.593	9.298858398020986
62	2025-06-04T18:00:00Z	35.891858398020986	26.593	9.298858398020986
62	2025-06-04T18:10:00Z	36.39634291563593	25.594	10.802342915635926
62	2025-06-04T18:20:00Z	35.891858398020986	25.094	10.797858398020985
62	2025-06-04T18:30:00Z	35.891858398020986	25.094	10.797858398020985
62	2025-06-04T18:40:00Z	34.8828893627911	24.594	10.288889362791096
62	2025-06-04T18:50:00Z	34.8828893627911	24.094	10.788889362791096
62	2025-06-04T19:00:00Z	34.8828893627911	24.094	10.788889362791096
62	2025-06-04T19:10:00Z	34.37840484517615	23.594	10.784404845176148
62	2025-06-04T19:20:00Z	34.37840484517615	23.594	10.784404845176148
62	2025-06-04T19:30:00Z	36.39634291563593	24.094	12.302342915635926
62	2025-06-04T19:40:00Z	38.91876550371065	23.594	15.324765503710651
62	2025-06-04T19:50:00Z	39.42325002132559	23.594	15.829250021325592
62	2025-06-04T20:00:00Z	37.405311950865816	23.093	14.312311950865816
62	2025-06-04T20:10:00Z	35.38737388040604	23.093	12.294373880406038
62	2025-06-04T20:20:00Z	34.8828893627911	23.093	11.789889362791097
62	2025-06-04T20:30:00Z	35.38737388040604	22.593	12.794373880406038
62	2025-06-04T20:40:00Z	34.8828893627911	22.593	12.289889362791097
62	2025-06-04T20:50:00Z	34.37840484517615	22.593	11.78540484517615
62	2025-06-04T21:00:00Z	35.38737388040604	22.093	13.294373880406038
62	2025-06-04T21:10:00Z	36.39634291563593	22.593	13.803342915635927
62	2025-06-04T21:20:00Z	36.900827433250875	22.593	14.307827433250875
62	2025-06-04T21:30:00Z	36.39634291563593	22.093	14.303342915635927
62	2025-06-04T21:40:00Z	36.39634291563593	22.093	14.303342915635927
62	2025-06-04T21:50:00Z	35.38737388040604	22.093	13.294373880406038
62	2025-06-04T22:00:00Z	35.891858398020986	22.093	13.798858398020986
62	2025-06-04T22:10:00Z	34.8828893627911	22.093	12.789889362791097
62	2025-06-04T22:20:00Z	35.891858398020986	21.592	14.299858398020987
62	2025-06-04T22:30:00Z	35.891858398020986	21.592	14.299858398020987
62	2025-06-04T22:40:00Z	36.900827433250875	21.592	15.308827433250876
62	2025-06-04T22:50:00Z	35.38737388040604	21.592	13.79537388040604
62	2025-06-04T23:00:00Z	34.8828893627911	21.592	13.290889362791098
62	2025-06-04T23:10:00Z	32.86495129233131	21.592	11.272951292331314
62	2025-06-04T23:20:00Z	35.891858398020986	21.592	14.299858398020987
62	2025-06-04T23:30:00Z	35.38737388040604	21.592	13.79537388040604
62	2025-06-04T23:40:00Z	34.8828893627911	21.592	13.290889362791098
62	2025-06-04T23:50:00Z	34.37840484517615	21.592	12.78640484517615
62	2025-06-05T00:00:00Z	34.37840484517615	21.592	12.78640484517615
62	2025-06-05T00:10:00Z	33.87392032756121	21.092	12.78192032756121
62	2025-06-05T00:20:00Z	34.37840484517615	21.092	13.28640484517615
62	2025-06-05T00:30:00Z	34.8828893627911	21.092	13.790889362791098
62	2025-06-05T00:40:00Z	34.37840484517615	21.092	13.28640484517615
62	2025-06-05T00:50:00Z	34.37840484517615	21.092	13.28640484517615
62	2025-06-05T01:00:00Z	34.37840484517615	21.092	13.28640484517615
62	2025-06-05T01:10:00Z	35.38737388040604	21.092	14.29537388040604
62	2025-06-05T01:20:00Z	35.38737388040604	21.092	14.29537388040604
62	2025-06-05T01:30:00Z	34.37840484517615	21.092	13.28640484517615
62	2025-06-05T01:40:00Z	33.87392032756121	20.591	13.282920327561207
62	2025-06-05T01:50:00Z	32.86495129233131	19.089	13.775951292331314
62	2025-06-05T02:00:00Z	35.891858398020986	18.589	17.302858398020987
62	2025-06-05T02:10:00Z	33.36943580994626	18.589	14.780435809946262
62	2025-06-05T02:20:00Z	32.86495129233131	18.589	14.275951292331314
62	2025-06-05T02:30:00Z	34.37840484517615	18.589	15.78940484517615
62	2025-06-05T02:40:00Z	32.36046677471637	18.589	13.771466774716373
62	2025-06-05T02:50:00Z	33.87392032756121	18.589	15.28492032756121
62	2025-06-05T03:00:00Z	32.86495129233131	18.589	14.275951292331314
62	2025-06-05T03:10:00Z	33.87392032756121	19.089	14.78492032756121
62	2025-06-05T03:20:00Z	34.37840484517615	19.089	15.28940484517615
62	2025-06-05T03:30:00Z	35.38737388040604	19.59	15.797373880406038
62	2025-06-05T03:40:00Z	34.8828893627911	19.089	15.793889362791099
62	2025-06-05T03:50:00Z	35.891858398020986	19.59	16.301858398020986
62	2025-06-05T04:00:00Z	34.8828893627911	19.089	15.793889362791099
62	2025-06-05T04:10:00Z	33.87392032756121	19.089	14.78492032756121
62	2025-06-05T04:20:00Z	34.37840484517615	19.59	14.78840484517615
62	2025-06-05T04:30:00Z	36.900827433250875	19.59	17.310827433250875
62	2025-06-05T04:40:00Z	35.38737388040604	19.59	15.797373880406038
62	2025-06-05T04:50:00Z	35.38737388040604	19.59	15.797373880406038
62	2025-06-05T05:00:00Z	35.38737388040604	19.59	15.797373880406038
62	2025-06-05T05:10:00Z	33.87392032756121	19.59	14.283920327561209
62	2025-06-05T05:20:00Z	34.37840484517615	19.089	15.28940484517615
62	2025-06-05T05:30:00Z	35.38737388040604	19.089	16.29837388040604
62	2025-06-05T05:40:00Z	32.86495129233131	19.089	13.775951292331314
62	2025-06-05T05:50:00Z	34.8828893627911	19.089	15.793889362791099
62	2025-06-05T06:00:00Z	34.8828893627911	19.089	15.793889362791099
62	2025-06-05T06:10:00Z	32.86495129233131	19.089	13.775951292331314
62	2025-06-05T06:20:00Z	31.351497739486483	18.589	12.762497739486484
62	2025-06-05T06:30:00Z	32.86495129233131	19.089	13.775951292331314
62	2025-06-05T06:40:00Z	32.36046677471637	19.089	13.271466774716373
62	2025-06-05T06:50:00Z	32.86495129233131	19.089	13.775951292331314
62	2025-06-05T07:00:00Z	32.86495129233131	19.089	13.775951292331314
62	2025-06-05T07:10:00Z	32.36046677471637	19.089	13.271466774716373
62	2025-06-05T07:20:00Z	31.855982257101427	19.59	12.265982257101427
62	2025-06-05T07:30:00Z	31.855982257101427	19.59	12.265982257101427
62	2025-06-05T07:40:00Z	31.855982257101427	19.59	12.265982257101427
62	2025-06-05T07:50:00Z	30.847013221871535	20.091	10.756013221871534
62	2025-06-05T08:00:00Z	30.34252870425659	20.091	10.25152870425659
62	2025-06-05T08:10:00Z	29.838044186641646	20.091	9.747044186641645
62	2025-06-05T08:20:00Z	31.351497739486483	20.591	10.760497739486482
62	2025-06-05T08:30:00Z	32.36046677471637	20.591	11.76946677471637
62	2025-06-05T08:40:00Z	31.351497739486483	20.591	10.760497739486482
62	2025-06-05T08:50:00Z	30.34252870425659	21.092	9.250528704256592
62	2025-06-05T09:00:00Z	29.838044186641646	21.592	8.246044186641647
62	2025-06-05T09:10:00Z	28.324590633796813	22.093	6.231590633796813
62	2025-06-05T09:20:00Z	29.3335596690267	22.593	6.740559669026702
62	2025-06-05T09:30:00Z	31.351497739486483	23.093	8.258497739486483
62	2025-06-05T09:40:00Z	31.855982257101427	23.594	8.261982257101426
62	2025-06-05T09:50:00Z	32.86495129233131	24.094	8.770951292331311
62	2025-06-05T10:00:00Z	34.37840484517615	24.094	10.284404845176148
62	2025-06-05T10:10:00Z	34.8828893627911	24.594	10.288889362791096
62	2025-06-05T10:20:00Z	33.87392032756121	24.594	9.279920327561207
62	2025-06-05T10:30:00Z	33.87392032756121	25.094	8.779920327561207
62	2025-06-05T10:40:00Z	33.87392032756121	25.094	8.779920327561207
62	2025-06-05T10:50:00Z	33.36943580994626	25.094	8.27543580994626
62	2025-06-05T11:00:00Z	33.87392032756121	25.594	8.279920327561207
62	2025-06-05T11:10:00Z	32.86495129233131	25.594	7.270951292331311
62	2025-06-05T11:20:00Z	33.87392032756121	25.594	8.279920327561207
62	2025-06-05T11:30:00Z	34.8828893627911	26.094	8.788889362791096
62	2025-06-05T11:40:00Z	34.37840484517615	25.594	8.784404845176148
62	2025-06-05T11:50:00Z	34.8828893627911	26.094	8.788889362791096
62	2025-06-05T12:00:00Z	34.37840484517615	26.094	8.284404845176148
62	2025-06-05T12:10:00Z	33.87392032756121	26.094	7.779920327561207
62	2025-06-05T12:20:00Z	33.36943580994626	26.094	7.275435809946259
62	2025-06-05T12:30:00Z	34.37840484517615	26.094	8.284404845176148
62	2025-06-05T12:40:00Z	33.36943580994626	26.094	7.275435809946259
62	2025-06-05T12:50:00Z	34.37840484517615	26.094	8.284404845176148
62	2025-06-05T13:00:00Z	34.37840484517615	26.094	8.284404845176148
62	2025-06-05T13:10:00Z	34.8828893627911	26.094	8.788889362791096
62	2025-06-05T13:20:00Z	34.8828893627911	26.094	8.788889362791096
62	2025-06-05T13:30:00Z	34.37840484517615	26.094	8.284404845176148
62	2025-06-05T13:40:00Z	34.8828893627911	26.593	8.289889362791097
62	2025-06-05T13:50:00Z	34.8828893627911	26.593	8.289889362791097
62	2025-06-05T14:00:00Z	34.8828893627911	26.593	8.289889362791097
62	2025-06-05T14:10:00Z	34.37840484517615	26.593	7.785404845176149
62	2025-06-05T14:20:00Z	34.37840484517615	26.593	7.785404845176149
62	2025-06-05T14:30:00Z	34.37840484517615	26.593	7.785404845176149
62	2025-06-05T14:40:00Z	33.87392032756121	27.093	6.780920327561208
62	2025-06-05T14:50:00Z	34.37840484517615	27.093	7.285404845176149
62	2025-06-05T15:00:00Z	33.87392032756121	26.593	7.280920327561208
62	2025-06-05T15:10:00Z	35.38737388040604	27.093	8.294373880406038
62	2025-06-05T15:20:00Z	36.900827433250875	27.093	9.807827433250875
62	2025-06-05T15:30:00Z	36.900827433250875	27.093	9.807827433250875
62	2025-06-05T15:40:00Z	35.891858398020986	27.093	8.798858398020986
62	2025-06-05T15:50:00Z	36.39634291563593	27.093	9.303342915635927
62	2025-06-05T16:00:00Z	35.891858398020986	27.093	8.798858398020986
62	2025-06-05T16:10:00Z	35.891858398020986	27.093	8.798858398020986
62	2025-06-05T16:20:00Z	35.38737388040604	26.593	8.794373880406038
62	2025-06-05T16:30:00Z	35.38737388040604	26.593	8.794373880406038
62	2025-06-05T16:40:00Z	36.39634291563593	26.593	9.803342915635927
62	2025-06-05T16:50:00Z	36.39634291563593	27.093	9.303342915635927
62	2025-06-05T17:00:00Z	36.39634291563593	26.593	9.803342915635927
62	2025-06-05T17:10:00Z	36.39634291563593	26.593	9.803342915635927
62	2025-06-05T17:20:00Z	35.891858398020986	26.593	9.298858398020986
62	2025-06-05T17:30:00Z	36.39634291563593	26.593	9.803342915635927
62	2025-06-05T17:40:00Z	35.891858398020986	26.094	9.797858398020985
62	2025-06-05T17:50:00Z	35.891858398020986	26.094	9.797858398020985
62	2025-06-05T18:00:00Z	35.891858398020986	26.094	9.797858398020985
62	2025-06-05T18:10:00Z	36.900827433250875	25.594	11.306827433250874
62	2025-06-05T18:20:00Z	37.405311950865816	25.594	11.811311950865814
62	2025-06-05T18:30:00Z	37.405311950865816	25.594	11.811311950865814
62	2025-06-05T18:40:00Z	36.900827433250875	25.094	11.806827433250874
62	2025-06-05T18:50:00Z	35.891858398020986	24.594	11.297858398020985
62	2025-06-05T19:00:00Z	34.37840484517615	24.594	9.784404845176148
62	2025-06-05T19:10:00Z	35.891858398020986	24.094	11.797858398020985
62	2025-06-05T19:20:00Z	35.891858398020986	24.094	11.797858398020985
62	2025-06-05T19:30:00Z	36.39634291563593	24.094	12.302342915635926
62	2025-06-05T19:40:00Z	36.39634291563593	24.094	12.302342915635926
62	2025-06-05T19:50:00Z	37.405311950865816	23.594	13.811311950865814
62	2025-06-05T20:00:00Z	36.39634291563593	23.594	12.802342915635926
62	2025-06-05T20:10:00Z	37.909796468480764	23.594	14.315796468480762
62	2025-06-05T20:20:00Z	36.900827433250875	23.594	13.306827433250874
62	2025-06-05T20:30:00Z	35.38737388040604	23.093	12.294373880406038
62	2025-06-05T20:40:00Z	36.39634291563593	23.093	13.303342915635927
62	2025-06-05T20:50:00Z	35.38737388040604	23.093	12.294373880406038
62	2025-06-05T21:00:00Z	35.38737388040604	22.593	12.794373880406038
62	2025-06-05T21:10:00Z	35.891858398020986	22.593	13.298858398020986
62	2025-06-05T21:20:00Z	35.38737388040604	22.593	12.794373880406038
62	2025-06-05T21:30:00Z	35.891858398020986	22.593	13.298858398020986
62	2025-06-05T21:40:00Z	35.38737388040604	22.593	12.794373880406038
62	2025-06-05T21:50:00Z	36.900827433250875	22.093	14.807827433250875
62	2025-06-05T22:00:00Z	34.8828893627911	22.093	12.789889362791097
62	2025-06-05T22:10:00Z	35.38737388040604	22.093	13.294373880406038
62	2025-06-05T22:20:00Z	35.38737388040604	22.093	13.294373880406038
62	2025-06-05T22:30:00Z	35.38737388040604	22.093	13.294373880406038
62	2025-06-05T22:40:00Z	35.891858398020986	21.592	14.299858398020987
62	2025-06-05T22:50:00Z	36.39634291563593	21.592	14.804342915635928
62	2025-06-05T23:00:00Z	35.891858398020986	21.592	14.299858398020987
62	2025-06-05T23:10:00Z	34.37840484517615	21.592	12.78640484517615
62	2025-06-05T23:20:00Z	34.37840484517615	21.592	12.78640484517615
62	2025-06-05T23:30:00Z	34.37840484517615	21.592	12.78640484517615
62	2025-06-05T23:40:00Z	36.39634291563593	21.592	14.804342915635928
62	2025-06-05T23:50:00Z	33.36943580994626	21.592	11.777435809946262
62	2025-06-06T00:00:00Z	34.8828893627911	21.592	13.290889362791098
62	2025-06-06T00:10:00Z	35.891858398020986	21.592	14.299858398020987
62	2025-06-06T00:20:00Z	35.38737388040604	21.592	13.79537388040604
62	2025-06-06T00:30:00Z	36.39634291563593	21.592	14.804342915635928
62	2025-06-06T00:40:00Z	34.8828893627911	21.592	13.290889362791098
62	2025-06-06T00:50:00Z	35.891858398020986	21.092	14.799858398020987
62	2025-06-06T01:00:00Z	34.37840484517615	21.092	13.28640484517615
62	2025-06-06T01:10:00Z	33.87392032756121	21.592	12.28192032756121
62	2025-06-06T01:20:00Z	33.87392032756121	21.092	12.78192032756121
62	2025-06-06T01:30:00Z	33.87392032756121	21.092	12.78192032756121
62	2025-06-06T01:40:00Z	35.38737388040604	21.092	14.29537388040604
62	2025-06-06T01:50:00Z	35.38737388040604	21.092	14.29537388040604
62	2025-06-06T02:00:00Z	33.36943580994626	21.092	12.277435809946262
62	2025-06-06T02:10:00Z	33.36943580994626	20.591	12.77843580994626
62	2025-06-06T02:20:00Z	34.37840484517615	20.591	13.787404845176148
62	2025-06-06T02:30:00Z	32.86495129233131	20.591	12.273951292331311
62	2025-06-06T02:40:00Z	33.36943580994626	20.091	13.27843580994626
62	2025-06-06T02:50:00Z	32.86495129233131	20.091	12.773951292331311
62	2025-06-06T03:00:00Z	32.86495129233131	20.091	12.773951292331311
62	2025-06-06T03:10:00Z	33.36943580994626	20.591	12.77843580994626
62	2025-06-06T03:20:00Z	33.36943580994626	20.591	12.77843580994626
62	2025-06-06T03:30:00Z	34.37840484517615	20.091	14.287404845176148
62	2025-06-06T03:40:00Z	33.87392032756121	20.091	13.782920327561207
62	2025-06-06T03:50:00Z	33.87392032756121	20.591	13.282920327561207
62	2025-06-06T04:00:00Z	33.36943580994626	20.091	13.27843580994626
62	2025-06-06T04:10:00Z	33.36943580994626	19.59	13.77943580994626
62	2025-06-06T04:20:00Z	33.87392032756121	20.091	13.782920327561207
62	2025-06-06T04:30:00Z	33.87392032756121	20.091	13.782920327561207
62	2025-06-06T04:40:00Z	34.8828893627911	20.091	14.791889362791096
62	2025-06-06T04:50:00Z	34.8828893627911	20.091	14.791889362791096
62	2025-06-06T05:00:00Z	34.8828893627911	20.091	14.791889362791096
62	2025-06-06T05:10:00Z	33.87392032756121	20.091	13.782920327561207
62	2025-06-06T05:20:00Z	33.36943580994626	19.59	13.77943580994626
62	2025-06-06T05:30:00Z	33.36943580994626	20.091	13.27843580994626
62	2025-06-06T05:40:00Z	32.86495129233131	20.091	12.773951292331311
62	2025-06-06T05:50:00Z	31.351497739486483	19.59	11.761497739486483
62	2025-06-06T06:00:00Z	32.36046677471637	19.59	12.770466774716372
62	2025-06-06T06:10:00Z	31.855982257101427	19.59	12.265982257101427
62	2025-06-06T06:20:00Z	32.36046677471637	19.59	12.770466774716372
62	2025-06-06T06:30:00Z	32.36046677471637	19.59	12.770466774716372
62	2025-06-06T06:40:00Z	31.855982257101427	19.59	12.265982257101427
62	2025-06-06T06:50:00Z	31.855982257101427	19.59	12.265982257101427
62	2025-06-06T07:00:00Z	31.855982257101427	19.59	12.265982257101427
62	2025-06-06T07:10:00Z	31.351497739486483	19.59	11.761497739486483
62	2025-06-06T07:20:00Z	30.847013221871535	20.591	10.256013221871534
62	2025-06-06T07:30:00Z	29.838044186641646	21.592	8.246044186641647
62	2025-06-06T07:40:00Z	29.3335596690267	23.093	6.240559669026702
62	2025-06-06T07:50:00Z	28.829075151411757	24.094	4.735075151411756
62	2025-06-06T08:00:00Z	28.324590633796813	25.094	3.2305906337968118
62	2025-06-06T08:10:00Z	28.829075151411757	26.593	2.2360751514117574
62	2025-06-06T08:20:00Z	28.324590633796813	26.094	2.2305906337968118
62	2025-06-06T08:30:00Z	28.324590633796813	27.093	1.231590633796813
62	2025-06-06T08:40:00Z	27.82010611618187	27.593	0.2271061161818686
62	2025-06-06T08:50:00Z	27.315621598566924	27.593	-0.2773784014330758
62	2025-06-06T09:00:00Z	27.315621598566924	25.094	2.221621598566923
62	2025-06-06T09:10:00Z	26.811137080951976	27.093	-0.28186291904802374
62	2025-06-06T09:20:00Z	26.811137080951976	27.593	-0.7818629190480237
62	2025-06-06T09:30:00Z	27.315621598566924	28.092	-0.7763784014330746
62	2025-06-06T09:40:00Z	27.315621598566924	27.093	0.2226215985669242
62	2025-06-06T09:50:00Z	26.811137080951976	25.594	1.217137080951975
62	2025-06-06T10:00:00Z	26.811137080951976	25.594	1.217137080951975
62	2025-06-06T10:10:00Z	26.811137080951976	26.094	0.717137080951975
62	2025-06-06T10:20:00Z	27.315621598566924	26.094	1.221621598566923
62	2025-06-06T10:30:00Z	26.811137080951976	26.094	0.717137080951975
62	2025-06-06T10:40:00Z	27.82010611618187	26.593	1.2271061161818686
62	2025-06-06T10:50:00Z	27.82010611618187	26.593	1.2271061161818686
62	2025-06-06T11:00:00Z	27.82010611618187	26.593	1.2271061161818686
62	2025-06-06T11:10:00Z	28.324590633796813	27.093	1.231590633796813
62	2025-06-06T11:20:00Z	28.324590633796813	27.093	1.231590633796813
62	2025-06-06T11:30:00Z	29.838044186641646	27.093	2.745044186641646
62	2025-06-06T11:40:00Z	34.37840484517615	26.593	7.785404845176149
62	2025-06-06T11:50:00Z	36.900827433250875	26.593	10.307827433250875
62	2025-06-06T12:00:00Z	36.900827433250875	27.093	9.807827433250875
62	2025-06-06T12:10:00Z	35.891858398020986	26.593	9.298858398020986
62	2025-06-06T12:20:00Z	35.38737388040604	27.093	8.294373880406038
62	2025-06-06T12:30:00Z	35.891858398020986	27.093	8.798858398020986
62	2025-06-06T12:40:00Z	35.38737388040604	27.093	8.294373880406038
62	2025-06-06T12:50:00Z	34.8828893627911	27.593	7.289889362791097
62	2025-06-06T13:00:00Z	34.8828893627911	27.593	7.289889362791097
62	2025-06-06T13:10:00Z	35.38737388040604	28.092	7.295373880406039
62	2025-06-06T13:20:00Z	35.38737388040604	27.593	7.794373880406038
62	2025-06-06T13:30:00Z	35.38737388040604	27.093	8.294373880406038
62	2025-06-06T13:40:00Z	35.38737388040604	27.593	7.794373880406038
62	2025-06-06T13:50:00Z	35.38737388040604	27.093	8.294373880406038
62	2025-06-06T14:00:00Z	35.38737388040604	27.593	7.794373880406038
62	2025-06-06T14:10:00Z	35.38737388040604	28.092	7.295373880406039
62	2025-06-06T14:20:00Z	35.891858398020986	28.092	7.799858398020987
62	2025-06-06T14:30:00Z	35.38737388040604	28.092	7.295373880406039
62	2025-06-06T14:40:00Z	35.38737388040604	28.092	7.295373880406039
62	2025-06-06T14:50:00Z	35.38737388040604	27.593	7.794373880406038
62	2025-06-06T15:00:00Z	35.38737388040604	28.092	7.295373880406039
62	2025-06-06T15:10:00Z	34.8828893627911	28.092	6.7908893627910984
62	2025-06-06T15:20:00Z	36.900827433250875	28.092	8.808827433250876
62	2025-06-06T15:30:00Z	36.900827433250875	28.092	8.808827433250876
62	2025-06-06T15:40:00Z	36.39634291563593	28.092	8.304342915635928
62	2025-06-06T15:50:00Z	35.891858398020986	28.092	7.799858398020987
62	2025-06-06T16:00:00Z	35.38737388040604	28.092	7.295373880406039
62	2025-06-06T16:10:00Z	34.8828893627911	27.593	7.289889362791097
62	2025-06-06T16:20:00Z	34.8828893627911	28.092	6.7908893627910984
62	2025-06-06T16:30:00Z	34.8828893627911	28.092	6.7908893627910984
62	2025-06-06T16:40:00Z	36.39634291563593	28.092	8.304342915635928
62	2025-06-06T16:50:00Z	36.900827433250875	28.092	8.808827433250876
62	2025-06-06T17:00:00Z	36.900827433250875	28.092	8.808827433250876
62	2025-06-06T17:10:00Z	36.39634291563593	27.593	8.803342915635927
62	2025-06-06T17:20:00Z	36.900827433250875	28.092	8.808827433250876
62	2025-06-06T17:30:00Z	36.900827433250875	28.092	8.808827433250876
62	2025-06-06T17:40:00Z	35.891858398020986	28.092	7.799858398020987
62	2025-06-06T17:50:00Z	36.900827433250875	27.593	9.307827433250875
62	2025-06-06T18:00:00Z	35.891858398020986	27.593	8.298858398020986
62	2025-06-06T18:10:00Z	35.891858398020986	27.593	8.298858398020986
62	2025-06-06T18:20:00Z	36.39634291563593	27.593	8.803342915635927
62	2025-06-06T18:30:00Z	36.39634291563593	27.093	9.303342915635927
62	2025-06-06T18:40:00Z	36.39634291563593	26.593	9.803342915635927
62	2025-06-06T18:50:00Z	36.39634291563593	26.094	10.302342915635926
62	2025-06-06T19:00:00Z	36.39634291563593	26.094	10.302342915635926
62	2025-06-06T19:10:00Z	36.39634291563593	25.594	10.802342915635926
62	2025-06-06T19:20:00Z	35.891858398020986	25.594	10.297858398020985
62	2025-06-06T19:30:00Z	35.38737388040604	25.094	10.293373880406037
62	2025-06-06T19:40:00Z	35.891858398020986	25.094	10.797858398020985
62	2025-06-06T19:50:00Z	36.39634291563593	24.594	11.802342915635926
62	2025-06-06T20:00:00Z	36.39634291563593	24.594	11.802342915635926
62	2025-06-06T20:10:00Z	38.91876550371065	24.594	14.324765503710651
62	2025-06-06T20:20:00Z	36.900827433250875	24.094	12.806827433250874
62	2025-06-06T20:30:00Z	35.891858398020986	24.094	11.797858398020985
62	2025-06-06T20:40:00Z	35.891858398020986	23.594	12.297858398020985
62	2025-06-06T20:50:00Z	35.891858398020986	23.594	12.297858398020985
62	2025-06-06T21:00:00Z	35.38737388040604	23.594	11.793373880406037
62	2025-06-06T21:10:00Z	34.8828893627911	23.594	11.288889362791096
62	2025-06-06T21:20:00Z	35.891858398020986	23.093	12.798858398020986
62	2025-06-06T21:30:00Z	35.891858398020986	23.093	12.798858398020986
62	2025-06-06T21:40:00Z	37.405311950865816	23.093	14.312311950865816
62	2025-06-06T21:50:00Z	37.909796468480764	23.093	14.816796468480764
62	2025-06-06T22:00:00Z	36.39634291563593	22.593	13.803342915635927
62	2025-06-06T22:10:00Z	36.39634291563593	22.593	13.803342915635927
62	2025-06-06T22:20:00Z	36.39634291563593	22.593	13.803342915635927
62	2025-06-06T22:30:00Z	35.38737388040604	22.593	12.794373880406038
62	2025-06-06T22:40:00Z	35.891858398020986	22.593	13.298858398020986
62	2025-06-06T22:50:00Z	35.891858398020986	22.593	13.298858398020986
62	2025-06-06T23:00:00Z	35.891858398020986	22.593	13.298858398020986
62	2025-06-06T23:10:00Z	36.39634291563593	22.093	14.303342915635927
62	2025-06-06T23:20:00Z	35.891858398020986	22.093	13.798858398020986
62	2025-06-06T23:30:00Z	37.405311950865816	22.093	15.312311950865816
62	2025-06-06T23:40:00Z	35.38737388040604	22.093	13.294373880406038
62	2025-06-06T23:50:00Z	34.8828893627911	22.093	12.789889362791097
62	2025-06-07T00:00:00Z	36.39634291563593	22.093	14.303342915635927
62	2025-06-07T00:10:00Z	36.39634291563593	22.093	14.303342915635927
62	2025-06-07T00:20:00Z	35.38737388040604	21.592	13.79537388040604
62	2025-06-07T00:30:00Z	34.37840484517615	21.592	12.78640484517615
62	2025-06-07T00:40:00Z	34.8828893627911	21.592	13.290889362791098
62	2025-06-07T00:50:00Z	33.87392032756121	21.592	12.28192032756121
62	2025-06-07T01:00:00Z	34.37840484517615	21.092	13.28640484517615
62	2025-06-07T01:10:00Z	34.37840484517615	21.592	12.78640484517615
62	2025-06-07T01:20:00Z	33.87392032756121	21.592	12.28192032756121
62	2025-06-07T01:30:00Z	34.37840484517615	21.592	12.78640484517615
62	2025-06-07T01:40:00Z	33.87392032756121	21.592	12.28192032756121
62	2025-06-07T01:50:00Z	33.87392032756121	21.092	12.78192032756121
62	2025-06-07T02:00:00Z	34.37840484517615	21.592	12.78640484517615
62	2025-06-07T02:10:00Z	34.37840484517615	21.092	13.28640484517615
62	2025-06-07T02:20:00Z	34.37840484517615	21.092	13.28640484517615
62	2025-06-07T02:30:00Z	34.37840484517615	21.092	13.28640484517615
62	2025-06-07T02:40:00Z	34.37840484517615	21.092	13.28640484517615
62	2025-06-07T02:50:00Z	33.87392032756121	21.092	12.78192032756121
62	2025-06-07T03:00:00Z	34.37840484517615	20.591	13.787404845176148
62	2025-06-07T03:10:00Z	33.87392032756121	20.591	13.282920327561207
62	2025-06-07T03:20:00Z	34.37840484517615	20.591	13.787404845176148
62	2025-06-07T03:30:00Z	34.8828893627911	20.591	14.291889362791096
62	2025-06-07T03:40:00Z	34.37840484517615	20.091	14.287404845176148
62	2025-06-07T03:50:00Z	34.37840484517615	20.591	13.787404845176148
62	2025-06-07T04:00:00Z	33.87392032756121	20.591	13.282920327561207
62	2025-06-07T04:10:00Z	33.87392032756121	20.091	13.782920327561207
62	2025-06-07T04:20:00Z	33.87392032756121	19.59	14.283920327561209
62	2025-06-07T04:30:00Z	33.36943580994626	20.091	13.27843580994626
62	2025-06-07T04:40:00Z	33.87392032756121	20.091	13.782920327561207
62	2025-06-07T04:50:00Z	34.37840484517615	20.091	14.287404845176148
62	2025-06-07T05:00:00Z	34.37840484517615	20.091	14.287404845176148
62	2025-06-07T05:10:00Z	33.87392032756121	19.59	14.283920327561209
62	2025-06-07T05:20:00Z	33.87392032756121	19.59	14.283920327561209
62	2025-06-07T05:30:00Z	33.36943580994626	19.59	13.77943580994626
62	2025-06-07T05:40:00Z	32.86495129233131	19.089	13.775951292331314
62	2025-06-07T05:50:00Z	32.36046677471637	19.089	13.271466774716373
62	2025-06-07T06:00:00Z	32.86495129233131	19.59	13.274951292331313
62	2025-06-07T06:10:00Z	33.87392032756121	19.59	14.283920327561209
62	2025-06-07T06:20:00Z	33.36943580994626	19.59	13.77943580994626
62	2025-06-07T06:30:00Z	32.86495129233131	20.091	12.773951292331311
62	2025-06-07T06:40:00Z	33.36943580994626	20.091	13.27843580994626
62	2025-06-07T06:50:00Z	33.87392032756121	20.591	13.282920327561207
62	2025-06-07T07:00:00Z	32.86495129233131	20.591	12.273951292331311
62	2025-06-07T07:10:00Z	32.86495129233131	20.591	12.273951292331311
62	2025-06-07T07:20:00Z	32.36046677471637	21.092	11.268466774716373
62	2025-06-07T07:30:00Z	33.36943580994626	22.093	11.27643580994626
62	2025-06-07T07:40:00Z	33.87392032756121	23.594	10.279920327561207
62	2025-06-07T07:50:00Z	32.86495129233131	24.594	8.270951292331311
62	2025-06-07T08:00:00Z	33.87392032756121	26.094	7.779920327561207
62	2025-06-07T08:10:00Z	34.37840484517615	27.593	6.785404845176149
62	2025-06-07T08:20:00Z	34.37840484517615	27.093	7.285404845176149
62	2025-06-07T08:30:00Z	33.87392032756121	28.592	5.28192032756121
62	2025-06-07T08:40:00Z	34.37840484517615	29.591	4.787404845176148
62	2025-06-07T08:50:00Z	34.37840484517615	30.589	3.7894048451761506
62	2025-06-07T09:00:00Z	34.37840484517615	27.593	6.785404845176149
62	2025-06-07T09:10:00Z	35.38737388040604	29.091	6.296373880406037
62	2025-06-07T09:20:00Z	34.8828893627911	30.09	4.792889362791097
62	2025-06-07T09:30:00Z	34.8828893627911	30.09	4.792889362791097
62	2025-06-07T09:40:00Z	34.8828893627911	29.091	5.791889362791096
62	2025-06-07T09:50:00Z	34.8828893627911	27.593	7.289889362791097
62	2025-06-07T10:00:00Z	34.8828893627911	27.593	7.289889362791097
62	2025-06-07T10:10:00Z	34.8828893627911	27.593	7.289889362791097
62	2025-06-07T10:20:00Z	34.37840484517615	27.593	6.785404845176149
62	2025-06-07T10:30:00Z	34.8828893627911	28.092	6.7908893627910984
62	2025-06-07T10:40:00Z	35.38737388040604	28.092	7.295373880406039
62	2025-06-07T10:50:00Z	34.37840484517615	28.092	6.2864048451761505
62	2025-06-07T11:00:00Z	33.87392032756121	28.592	5.28192032756121
62	2025-06-07T11:10:00Z	34.37840484517615	28.092	6.2864048451761505
62	2025-06-07T11:20:00Z	33.87392032756121	28.092	5.78192032756121
62	2025-06-07T11:30:00Z	34.37840484517615	28.592	5.7864048451761505
62	2025-06-07T11:40:00Z	34.8828893627911	28.092	6.7908893627910984
62	2025-06-07T11:50:00Z	34.8828893627911	28.092	6.7908893627910984
62	2025-06-07T12:00:00Z	33.87392032756121	28.092	5.78192032756121
62	2025-06-07T12:10:00Z	35.38737388040604	28.092	7.295373880406039
62	2025-06-07T12:20:00Z	35.38737388040604	28.092	7.295373880406039
62	2025-06-07T12:30:00Z	35.38737388040604	28.592	6.795373880406039
62	2025-06-07T12:40:00Z	35.38737388040604	28.592	6.795373880406039
62	2025-06-07T12:50:00Z	35.38737388040604	28.092	7.295373880406039
62	2025-06-07T13:00:00Z	35.891858398020986	28.592	7.299858398020987
62	2025-06-07T13:10:00Z	35.891858398020986	28.592	7.299858398020987
62	2025-06-07T13:20:00Z	35.891858398020986	28.092	7.799858398020987
62	2025-06-07T13:30:00Z	36.39634291563593	28.092	8.304342915635928
62	2025-06-07T13:40:00Z	36.39634291563593	28.592	7.804342915635928
62	2025-06-07T13:50:00Z	35.891858398020986	28.592	7.299858398020987
62	2025-06-07T14:00:00Z	35.891858398020986	28.592	7.299858398020987
62	2025-06-07T14:10:00Z	35.891858398020986	28.092	7.799858398020987
62	2025-06-07T14:20:00Z	35.891858398020986	28.592	7.299858398020987
62	2025-06-07T14:30:00Z	35.38737388040604	28.592	6.795373880406039
62	2025-06-07T14:40:00Z	35.38737388040604	28.592	6.795373880406039
62	2025-06-07T14:50:00Z	35.38737388040604	28.592	6.795373880406039
62	2025-06-07T15:00:00Z	35.38737388040604	28.592	6.795373880406039
62	2025-06-07T15:10:00Z	35.891858398020986	28.592	7.299858398020987
62	2025-06-07T15:20:00Z	35.38737388040604	28.592	6.795373880406039
62	2025-06-07T15:30:00Z	35.38737388040604	28.592	6.795373880406039
62	2025-06-07T15:40:00Z	35.38737388040604	28.592	6.795373880406039
62	2025-06-07T15:50:00Z	35.891858398020986	28.592	7.299858398020987
62	2025-06-07T16:00:00Z	35.891858398020986	28.592	7.299858398020987
62	2025-06-07T16:10:00Z	35.38737388040604	29.091	6.296373880406037
62	2025-06-07T16:20:00Z	35.891858398020986	29.091	6.800858398020985
62	2025-06-07T16:30:00Z	35.891858398020986	29.091	6.800858398020985
62	2025-06-07T16:40:00Z	35.38737388040604	27.593	7.794373880406038
62	2025-06-07T16:50:00Z	34.8828893627911	27.093	7.789889362791097
62	2025-06-07T17:00:00Z	34.37840484517615	24.594	9.784404845176148
62	2025-06-07T17:10:00Z	33.87392032756121	23.594	10.279920327561207
62	2025-06-07T17:20:00Z	33.36943580994626	24.094	9.27543580994626
62	2025-06-07T17:30:00Z	33.36943580994626	24.594	8.77543580994626
62	2025-06-07T17:40:00Z	33.87392032756121	25.094	8.779920327561207
62	2025-06-07T17:50:00Z	33.87392032756121	25.094	8.779920327561207
62	2025-06-07T18:00:00Z	33.87392032756121	25.594	8.279920327561207
62	2025-06-07T18:10:00Z	34.37840484517615	25.094	9.284404845176148
62	2025-06-07T18:20:00Z	34.37840484517615	25.094	9.284404845176148
62	2025-06-07T18:30:00Z	34.8828893627911	25.094	9.788889362791096
62	2025-06-07T18:40:00Z	34.37840484517615	25.094	9.284404845176148
62	2025-06-07T18:50:00Z	34.37840484517615	25.094	9.284404845176148
62	2025-06-07T19:00:00Z	33.87392032756121	24.594	9.279920327561207
62	2025-06-07T19:10:00Z	33.87392032756121	24.594	9.279920327561207
62	2025-06-07T19:20:00Z	34.37840484517615	24.094	10.284404845176148
62	2025-06-07T19:30:00Z	35.38737388040604	24.094	11.293373880406037
62	2025-06-07T19:40:00Z	36.900827433250875	24.094	12.806827433250874
62	2025-06-07T19:50:00Z	36.39634291563593	24.094	12.302342915635926
62	2025-06-07T20:00:00Z	37.909796468480764	24.094	13.815796468480762
62	2025-06-07T20:10:00Z	35.38737388040604	23.594	11.793373880406037
62	2025-06-07T20:20:00Z	34.8828893627911	23.594	11.288889362791096
62	2025-06-07T20:30:00Z	34.37840484517615	23.594	10.784404845176148
62	2025-06-07T20:40:00Z	33.87392032756121	23.594	10.279920327561207
62	2025-06-07T20:50:00Z	35.38737388040604	23.093	12.294373880406038
62	2025-06-07T21:00:00Z	34.37840484517615	23.093	11.28540484517615
62	2025-06-07T21:10:00Z	35.891858398020986	23.093	12.798858398020986
62	2025-06-07T21:20:00Z	37.405311950865816	23.093	14.312311950865816
62	2025-06-07T21:30:00Z	36.900827433250875	23.093	13.807827433250875
62	2025-06-07T21:40:00Z	36.39634291563593	22.593	13.803342915635927
62	2025-06-07T21:50:00Z	36.39634291563593	22.593	13.803342915635927
62	2025-06-07T22:00:00Z	35.891858398020986	22.593	13.298858398020986
62	2025-06-07T22:10:00Z	36.900827433250875	22.593	14.307827433250875
62	2025-06-07T22:20:00Z	36.900827433250875	22.593	14.307827433250875
62	2025-06-07T22:30:00Z	36.900827433250875	22.593	14.307827433250875
62	2025-06-07T22:40:00Z	35.891858398020986	22.593	13.298858398020986
62	2025-06-07T22:50:00Z	34.8828893627911	22.593	12.289889362791097
62	2025-06-07T23:00:00Z	34.37840484517615	22.593	11.78540484517615
62	2025-06-07T23:10:00Z	35.38737388040604	22.593	12.794373880406038
62	2025-06-07T23:20:00Z	35.38737388040604	22.093	13.294373880406038
62	2025-06-07T23:30:00Z	34.8828893627911	21.592	13.290889362791098
62	2025-06-07T23:40:00Z	35.891858398020986	21.092	14.799858398020987
62	2025-06-07T23:50:00Z	35.38737388040604	20.591	14.796373880406037
62	2025-06-08T00:00:00Z	35.38737388040604	20.091	15.296373880406037
62	2025-06-08T00:10:00Z	35.38737388040604	20.091	15.296373880406037
62	2025-06-08T00:20:00Z	34.8828893627911	20.091	14.791889362791096
62	2025-06-08T00:30:00Z	33.87392032756121	20.091	13.782920327561207
62	2025-06-08T00:40:00Z	33.87392032756121	20.091	13.782920327561207
62	2025-06-08T00:50:00Z	32.86495129233131	20.091	12.773951292331311
62	2025-06-08T01:00:00Z	34.37840484517615	20.091	14.287404845176148
62	2025-06-08T01:10:00Z	32.36046677471637	20.591	11.76946677471637
62	2025-06-08T01:20:00Z	31.855982257101427	20.591	11.264982257101426
62	2025-06-08T01:30:00Z	31.855982257101427	20.091	11.764982257101426
62	2025-06-08T01:40:00Z	33.36943580994626	20.091	13.27843580994626
62	2025-06-08T01:50:00Z	33.87392032756121	20.591	13.282920327561207
62	2025-06-08T02:00:00Z	33.36943580994626	20.591	12.77843580994626
62	2025-06-08T02:10:00Z	33.87392032756121	20.591	13.282920327561207
62	2025-06-08T02:20:00Z	33.36943580994626	20.591	12.77843580994626
62	2025-06-08T02:30:00Z	32.86495129233131	20.091	12.773951292331311
62	2025-06-08T02:40:00Z	33.87392032756121	20.591	13.282920327561207
62	2025-06-08T02:50:00Z	34.37840484517615	20.091	14.287404845176148
62	2025-06-08T03:00:00Z	33.87392032756121	20.591	13.282920327561207
62	2025-06-08T03:10:00Z	34.37840484517615	20.591	13.787404845176148
62	2025-06-08T03:20:00Z	34.8828893627911	20.091	14.791889362791096
62	2025-06-08T03:30:00Z	35.891858398020986	20.591	15.300858398020985
62	2025-06-08T03:40:00Z	34.8828893627911	20.591	14.291889362791096
62	2025-06-08T03:50:00Z	34.37840484517615	21.592	12.78640484517615
62	2025-06-08T04:00:00Z	33.87392032756121	21.592	12.28192032756121
62	2025-06-08T04:10:00Z	33.87392032756121	21.592	12.28192032756121
62	2025-06-08T04:20:00Z	34.37840484517615	21.592	12.78640484517615
62	2025-06-08T04:30:00Z	35.38737388040604	22.093	13.294373880406038
62	2025-06-08T04:40:00Z	34.8828893627911	22.093	12.789889362791097
62	2025-06-08T04:50:00Z	33.87392032756121	21.592	12.28192032756121
62	2025-06-08T05:00:00Z	32.36046677471637	22.093	10.267466774716372
62	2025-06-08T05:10:00Z	33.87392032756121	21.592	12.28192032756121
62	2025-06-08T05:20:00Z	32.86495129233131	21.092	11.772951292331314
62	2025-06-08T05:30:00Z	32.36046677471637	21.092	11.268466774716373
62	2025-06-08T05:40:00Z	33.36943580994626	20.591	12.77843580994626
62	2025-06-08T05:50:00Z	32.86495129233131	20.591	12.273951292331311
62	2025-06-08T06:00:00Z	31.855982257101427	20.591	11.264982257101426
62	2025-06-08T06:10:00Z	32.86495129233131	20.591	12.273951292331311
62	2025-06-08T06:20:00Z	32.36046677471637	20.091	12.26946677471637
62	2025-06-08T06:30:00Z	32.36046677471637	20.091	12.26946677471637
62	2025-06-08T06:40:00Z	32.36046677471637	20.091	12.26946677471637
62	2025-06-08T06:50:00Z	31.855982257101427	20.091	11.764982257101426
62	2025-06-08T07:00:00Z	30.34252870425659	20.091	10.25152870425659
62	2025-06-08T07:10:00Z	29.838044186641646	20.091	9.747044186641645
62	2025-06-08T07:20:00Z	29.838044186641646	21.092	8.746044186641647
62	2025-06-08T07:30:00Z	28.829075151411757	22.093	6.736075151411757
62	2025-06-08T07:40:00Z	28.829075151411757	23.594	5.235075151411756
62	2025-06-08T07:50:00Z	27.82010611618187	24.594	3.2261061161818674
62	2025-06-08T08:00:00Z	28.324590633796813	25.594	2.7305906337968118
62	2025-06-08T08:10:00Z	27.315621598566924	27.093	0.2226215985669242
62	2025-06-08T08:20:00Z	27.315621598566924	26.593	0.7226215985669242
62	2025-06-08T08:30:00Z	26.811137080951976	28.092	-1.2808629190480225
62	2025-06-08T08:40:00Z	26.811137080951976	29.591	-2.779862919048025
62	2025-06-08T08:50:00Z	26.811137080951976	30.589	-3.7778629190480224
62	2025-06-08T09:00:00Z	26.811137080951976	27.593	-0.7818629190480237
62	2025-06-08T09:10:00Z	26.811137080951976	29.091	-2.279862919048025
62	2025-06-08T09:20:00Z	26.811137080951976	29.091	-2.279862919048025
62	2025-06-08T09:30:00Z	26.306652563337032	29.091	-2.7843474366629692
62	2025-06-08T09:40:00Z	26.811137080951976	28.092	-1.2808629190480225
62	2025-06-08T09:50:00Z	26.811137080951976	26.593	0.21813708095197626
62	2025-06-08T10:00:00Z	26.811137080951976	26.593	0.21813708095197626
62	2025-06-08T10:10:00Z	26.811137080951976	26.593	0.21813708095197626
62	2025-06-08T10:20:00Z	26.811137080951976	27.093	-0.28186291904802374
62	2025-06-08T10:30:00Z	27.315621598566924	27.093	0.2226215985669242
62	2025-06-08T10:40:00Z	27.315621598566924	27.093	0.2226215985669242
62	2025-06-08T10:50:00Z	27.82010611618187	27.593	0.2271061161818686
62	2025-06-08T11:00:00Z	27.82010611618187	27.593	0.2271061161818686
62	2025-06-08T11:10:00Z	28.324590633796813	27.593	0.731590633796813
62	2025-06-08T11:20:00Z	28.324590633796813	27.593	0.731590633796813
62	2025-06-08T11:30:00Z	28.324590633796813	27.593	0.731590633796813
62	2025-06-08T11:40:00Z	28.829075151411757	27.593	1.2360751514117574
62	2025-06-08T11:50:00Z	28.829075151411757	27.593	1.2360751514117574
62	2025-06-08T12:00:00Z	29.3335596690267	28.092	1.241559669026703
62	2025-06-08T12:10:00Z	29.3335596690267	27.593	1.7405596690267018
62	2025-06-08T12:20:00Z	30.847013221871535	27.593	3.254013221871535
62	2025-06-08T12:30:00Z	32.86495129233131	28.092	4.772951292331314
62	2025-06-08T12:40:00Z	34.37840484517615	27.593	6.785404845176149
62	2025-06-08T12:50:00Z	35.38737388040604	28.092	7.295373880406039
62	2025-06-08T13:00:00Z	35.38737388040604	28.092	7.295373880406039
62	2025-06-08T13:10:00Z	35.891858398020986	28.092	7.799858398020987
62	2025-06-08T13:20:00Z	35.891858398020986	28.092	7.799858398020987
62	2025-06-08T13:30:00Z	35.891858398020986	28.092	7.799858398020987
62	2025-06-08T13:40:00Z	35.891858398020986	28.092	7.799858398020987
62	2025-06-08T13:50:00Z	35.38737388040604	28.092	7.295373880406039
62	2025-06-08T14:00:00Z	35.891858398020986	28.092	7.799858398020987
62	2025-06-08T14:10:00Z	35.891858398020986	28.092	7.799858398020987
62	2025-06-08T14:20:00Z	36.39634291563593	28.092	8.304342915635928
62	2025-06-08T14:30:00Z	35.891858398020986	28.092	7.799858398020987
62	2025-06-08T14:40:00Z	36.39634291563593	28.092	8.304342915635928
62	2025-06-08T14:50:00Z	36.39634291563593	28.092	8.304342915635928
62	2025-06-08T15:00:00Z	35.891858398020986	28.092	7.799858398020987
62	2025-06-08T15:10:00Z	36.39634291563593	28.092	8.304342915635928
62	2025-06-08T15:20:00Z	36.39634291563593	28.592	7.804342915635928
62	2025-06-08T15:30:00Z	36.39634291563593	28.092	8.304342915635928
62	2025-06-08T15:40:00Z	36.39634291563593	28.092	8.304342915635928
62	2025-06-08T15:50:00Z	35.891858398020986	28.092	7.799858398020987
62	2025-06-08T16:00:00Z	35.891858398020986	28.092	7.799858398020987
62	2025-06-08T16:10:00Z	35.891858398020986	28.592	7.299858398020987
62	2025-06-08T16:20:00Z	35.891858398020986	28.592	7.299858398020987
62	2025-06-08T16:30:00Z	35.38737388040604	28.592	6.795373880406039
62	2025-06-08T16:40:00Z	35.891858398020986	28.592	7.299858398020987
62	2025-06-08T16:50:00Z	35.891858398020986	28.092	7.799858398020987
62	2025-06-08T17:00:00Z	36.39634291563593	28.092	8.304342915635928
62	2025-06-08T17:10:00Z	35.38737388040604	28.592	6.795373880406039
62	2025-06-08T17:20:00Z	35.38737388040604	28.092	7.295373880406039
62	2025-06-08T17:30:00Z	35.38737388040604	28.092	7.295373880406039
62	2025-06-08T17:40:00Z	35.891858398020986	28.092	7.799858398020987
62	2025-06-08T17:50:00Z	36.39634291563593	28.092	8.304342915635928
62	2025-06-08T18:00:00Z	35.891858398020986	27.593	8.298858398020986
62	2025-06-08T18:10:00Z	35.38737388040604	27.593	7.794373880406038
62	2025-06-08T18:20:00Z	34.8828893627911	27.593	7.289889362791097
62	2025-06-08T18:30:00Z	34.8828893627911	27.593	7.289889362791097
62	2025-06-08T18:40:00Z	35.38737388040604	27.093	8.294373880406038
62	2025-06-08T18:50:00Z	34.8828893627911	26.593	8.289889362791097
62	2025-06-08T19:00:00Z	34.37840484517615	26.094	8.284404845176148
62	2025-06-08T19:10:00Z	34.37840484517615	25.594	8.784404845176148
62	2025-06-08T19:20:00Z	34.8828893627911	25.594	9.288889362791096
62	2025-06-08T19:30:00Z	32.36046677471637	25.594	6.7664667747163705
62	2025-06-08T19:40:00Z	34.37840484517615	25.094	9.284404845176148
62	2025-06-08T19:50:00Z	35.38737388040604	25.094	10.293373880406037
62	2025-06-08T20:00:00Z	36.39634291563593	25.094	11.302342915635926
62	2025-06-08T20:10:00Z	36.39634291563593	25.094	11.302342915635926
62	2025-06-08T20:20:00Z	36.39634291563593	24.594	11.802342915635926
62	2025-06-08T20:30:00Z	38.414280986095704	24.594	13.820280986095703
62	2025-06-08T20:40:00Z	35.891858398020986	24.094	11.797858398020985
62	2025-06-08T20:50:00Z	35.38737388040604	24.094	11.293373880406037
62	2025-06-08T21:00:00Z	35.891858398020986	24.094	11.797858398020985
62	2025-06-08T21:10:00Z	35.891858398020986	24.094	11.797858398020985
62	2025-06-08T21:20:00Z	35.38737388040604	23.594	11.793373880406037
62	2025-06-08T21:30:00Z	35.891858398020986	23.093	12.798858398020986
62	2025-06-08T21:40:00Z	36.39634291563593	23.093	13.303342915635927
62	2025-06-08T21:50:00Z	36.900827433250875	23.093	13.807827433250875
62	2025-06-08T22:00:00Z	35.38737388040604	23.093	12.294373880406038
62	2025-06-08T22:10:00Z	34.37840484517615	23.093	11.28540484517615
62	2025-06-08T22:20:00Z	35.891858398020986	23.093	12.798858398020986
62	2025-06-08T22:30:00Z	34.37840484517615	23.594	10.784404845176148
62	2025-06-08T22:40:00Z	33.36943580994626	23.594	9.77543580994626
62	2025-06-08T22:50:00Z	35.891858398020986	23.093	12.798858398020986
62	2025-06-08T23:00:00Z	33.87392032756121	23.093	10.780920327561208
62	2025-06-08T23:10:00Z	34.37840484517615	23.093	11.28540484517615
62	2025-06-08T23:20:00Z	33.87392032756121	22.593	11.280920327561208
62	2025-06-08T23:30:00Z	35.38737388040604	22.593	12.794373880406038
62	2025-06-08T23:40:00Z	33.36943580994626	22.593	10.77643580994626
62	2025-06-08T23:50:00Z	32.36046677471637	22.093	10.267466774716372
62	2025-06-09T00:00:00Z	33.36943580994626	22.093	11.27643580994626
62	2025-06-09T00:10:00Z	33.36943580994626	22.093	11.27643580994626
62	2025-06-09T00:20:00Z	33.87392032756121	22.093	11.780920327561208
62	2025-06-09T00:30:00Z	33.36943580994626	22.093	11.27643580994626
62	2025-06-09T00:40:00Z	33.36943580994626	22.093	11.27643580994626
62	2025-06-09T00:50:00Z	34.37840484517615	22.093	12.28540484517615
62	2025-06-09T01:00:00Z	31.855982257101427	21.592	10.263982257101429
62	2025-06-09T01:10:00Z	34.37840484517615	21.592	12.78640484517615
62	2025-06-09T01:20:00Z	32.36046677471637	21.592	10.768466774716373
62	2025-06-09T01:30:00Z	32.36046677471637	21.592	10.768466774716373
62	2025-06-09T01:40:00Z	31.855982257101427	21.592	10.263982257101429
62	2025-06-09T01:50:00Z	30.847013221871535	21.092	9.755013221871536
62	2025-06-09T02:00:00Z	30.34252870425659	21.092	9.250528704256592
62	2025-06-09T02:10:00Z	31.855982257101427	20.591	11.264982257101426
62	2025-06-09T02:20:00Z	31.351497739486483	20.591	10.760497739486482
62	2025-06-09T02:30:00Z	32.86495129233131	20.591	12.273951292331311
62	2025-06-09T02:40:00Z	32.86495129233131	20.591	12.273951292331311
62	2025-06-09T02:50:00Z	32.86495129233131	20.591	12.273951292331311
62	2025-06-09T03:00:00Z	32.36046677471637	20.591	11.76946677471637
62	2025-06-09T03:10:00Z	32.86495129233131	20.591	12.273951292331311
62	2025-06-09T03:20:00Z	32.86495129233131	20.591	12.273951292331311
62	2025-06-09T03:30:00Z	31.351497739486483	20.591	10.760497739486482
62	2025-06-09T03:40:00Z	31.855982257101427	20.591	11.264982257101426
62	2025-06-09T03:50:00Z	30.847013221871535	20.591	10.256013221871534
62	2025-06-09T04:00:00Z	32.36046677471637	20.591	11.76946677471637
62	2025-06-09T04:10:00Z	32.36046677471637	20.591	11.76946677471637
62	2025-06-09T04:20:00Z	31.351497739486483	20.591	10.760497739486482
62	2025-06-09T04:30:00Z	31.351497739486483	20.591	10.760497739486482
62	2025-06-09T04:40:00Z	31.351497739486483	20.591	10.760497739486482
62	2025-06-09T04:50:00Z	31.855982257101427	20.591	11.264982257101426
62	2025-06-09T05:00:00Z	32.36046677471637	20.591	11.76946677471637
62	2025-06-09T05:10:00Z	30.847013221871535	20.591	10.256013221871534
62	2025-06-09T05:20:00Z	29.838044186641646	20.591	9.247044186641645
62	2025-06-09T05:30:00Z	29.838044186641646	20.591	9.247044186641645
62	2025-06-09T05:40:00Z	29.3335596690267	20.591	8.7425596690267
62	2025-06-09T05:50:00Z	29.3335596690267	20.591	8.7425596690267
62	2025-06-09T06:00:00Z	27.315621598566924	20.591	6.724621598566923
62	2025-06-09T06:10:00Z	26.811137080951976	20.591	6.220137080951975
62	2025-06-09T06:20:00Z	27.315621598566924	20.591	6.724621598566923
62	2025-06-09T06:30:00Z	26.306652563337032	21.092	5.214652563337033
62	2025-06-09T06:40:00Z	28.324590633796813	20.591	7.733590633796812
62	2025-06-09T06:50:00Z	28.829075151411757	20.591	8.238075151411756
62	2025-06-09T07:00:00Z	27.315621598566924	21.092	6.223621598566925
62	2025-06-09T07:10:00Z	27.82010611618187	21.092	6.72810611618187
62	2025-06-09T07:20:00Z	27.315621598566924	22.093	5.222621598566924
62	2025-06-09T07:30:00Z	26.306652563337032	23.093	3.213652563337032
62	2025-06-09T07:40:00Z	25.802168045722087	24.594	1.2081680457220862
62	2025-06-09T07:50:00Z	25.802168045722087	25.094	0.7081680457220862
62	2025-06-09T08:00:00Z	25.29768352810714	26.094	-0.7963164718928617
62	2025-06-09T08:10:00Z	25.802168045722087	27.593	-1.7908319542779125
62	2025-06-09T08:20:00Z	25.802168045722087	27.093	-1.2908319542779125
62	2025-06-09T08:30:00Z	25.802168045722087	28.592	-2.7898319542779113
62	2025-06-09T08:40:00Z	25.802168045722087	29.591	-3.7888319542779136
62	2025-06-09T08:50:00Z	25.29768352810714	29.591	-4.293316471892862
62	2025-06-09T09:00:00Z	25.29768352810714	27.093	-1.7953164718928605
62	2025-06-09T09:10:00Z	25.29768352810714	28.092	-2.7943164718928593
62	2025-06-09T09:20:00Z	25.29768352810714	28.592	-3.2943164718928593
62	2025-06-09T09:30:00Z	25.29768352810714	28.092	-2.7943164718928593
62	2025-06-09T09:40:00Z	25.802168045722087	27.093	-1.2908319542779125
62	2025-06-09T09:50:00Z	25.802168045722087	26.094	-0.29183195427791375
62	2025-06-09T10:00:00Z	25.802168045722087	26.094	-0.29183195427791375
62	2025-06-09T10:10:00Z	25.802168045722087	26.593	-0.7908319542779125
62	2025-06-09T10:20:00Z	26.306652563337032	26.593	-0.28634743666296814
62	2025-06-09T10:30:00Z	27.82010611618187	27.093	0.7271061161818686
62	2025-06-09T10:40:00Z	27.82010611618187	27.093	0.7271061161818686
62	2025-06-09T10:50:00Z	27.82010611618187	27.093	0.7271061161818686
62	2025-06-09T11:00:00Z	27.82010611618187	27.093	0.7271061161818686
62	2025-06-09T11:10:00Z	28.324590633796813	27.593	0.731590633796813
62	2025-06-09T11:20:00Z	28.324590633796813	27.593	0.731590633796813
62	2025-06-09T11:30:00Z	29.838044186641646	27.593	2.245044186641646
62	2025-06-09T11:40:00Z	32.86495129233131	27.593	5.2719512923313125
62	2025-06-09T11:50:00Z	35.38737388040604	27.593	7.794373880406038
62	2025-06-09T12:00:00Z	34.37840484517615	27.593	6.785404845176149
62	2025-06-09T12:10:00Z	33.87392032756121	27.593	6.280920327561208
62	2025-06-09T12:20:00Z	33.87392032756121	28.092	5.78192032756121
62	2025-06-09T12:30:00Z	34.37840484517615	28.092	6.2864048451761505
62	2025-06-09T12:40:00Z	34.37840484517615	28.092	6.2864048451761505
62	2025-06-09T12:50:00Z	34.37840484517615	28.092	6.2864048451761505
62	2025-06-09T13:00:00Z	34.37840484517615	28.092	6.2864048451761505
62	2025-06-09T13:10:00Z	34.8828893627911	28.092	6.7908893627910984
62	2025-06-09T13:20:00Z	34.37840484517615	28.592	5.7864048451761505
62	2025-06-09T13:30:00Z	34.8828893627911	28.592	6.2908893627910984
62	2025-06-09T13:40:00Z	34.8828893627911	28.592	6.2908893627910984
62	2025-06-09T13:50:00Z	34.8828893627911	28.592	6.2908893627910984
62	2025-06-09T14:00:00Z	34.8828893627911	28.592	6.2908893627910984
62	2025-06-09T14:10:00Z	35.38737388040604	28.592	6.795373880406039
62	2025-06-09T14:20:00Z	34.8828893627911	29.091	5.791889362791096
62	2025-06-09T14:30:00Z	35.38737388040604	29.091	6.296373880406037
62	2025-06-09T14:40:00Z	35.38737388040604	29.091	6.296373880406037
62	2025-06-09T14:50:00Z	34.8828893627911	29.091	5.791889362791096
62	2025-06-09T15:00:00Z	34.37840484517615	29.591	4.787404845176148
62	2025-06-09T15:10:00Z	34.37840484517615	29.591	4.787404845176148
62	2025-06-09T15:20:00Z	35.38737388040604	29.091	6.296373880406037
62	2025-06-09T15:30:00Z	34.8828893627911	29.591	5.291889362791096
62	2025-06-09T15:40:00Z	34.8828893627911	29.591	5.291889362791096
62	2025-06-09T15:50:00Z	34.8828893627911	29.591	5.291889362791096
62	2025-06-09T16:00:00Z	34.37840484517615	29.591	4.787404845176148
62	2025-06-09T16:10:00Z	33.87392032756121	29.091	4.782920327561207
62	2025-06-09T16:20:00Z	34.37840484517615	29.591	4.787404845176148
62	2025-06-09T16:30:00Z	34.8828893627911	29.591	5.291889362791096
62	2025-06-09T16:40:00Z	35.38737388040604	29.591	5.796373880406037
62	2025-06-09T16:50:00Z	35.38737388040604	29.591	5.796373880406037
62	2025-06-09T17:00:00Z	35.38737388040604	29.591	5.796373880406037
62	2025-06-09T17:10:00Z	35.38737388040604	29.091	6.296373880406037
62	2025-06-09T17:20:00Z	35.38737388040604	29.091	6.296373880406037
62	2025-06-09T17:30:00Z	34.8828893627911	29.091	5.791889362791096
62	2025-06-09T17:40:00Z	34.8828893627911	29.091	5.791889362791096
62	2025-06-09T17:50:00Z	33.87392032756121	28.592	5.28192032756121
62	2025-06-09T18:00:00Z	35.38737388040604	28.592	6.795373880406039
62	2025-06-09T18:10:00Z	34.8828893627911	28.592	6.2908893627910984
62	2025-06-09T18:20:00Z	34.37840484517615	28.592	5.7864048451761505
62	2025-06-09T18:30:00Z	34.8828893627911	28.092	6.7908893627910984
62	2025-06-09T18:40:00Z	34.37840484517615	27.593	6.785404845176149
62	2025-06-09T18:50:00Z	34.37840484517615	27.093	7.285404845176149
62	2025-06-09T19:00:00Z	33.87392032756121	27.093	6.780920327561208
62	2025-06-09T19:10:00Z	33.36943580994626	26.593	6.7764358099462605
62	2025-06-09T19:20:00Z	32.86495129233131	26.094	6.770951292331311
62	2025-06-09T19:30:00Z	33.36943580994626	26.094	7.275435809946259
62	2025-06-09T19:40:00Z	35.891858398020986	26.094	9.797858398020985
62	2025-06-09T19:50:00Z	36.39634291563593	25.594	10.802342915635926
62	2025-06-09T20:00:00Z	35.891858398020986	25.594	10.297858398020985
62	2025-06-09T20:10:00Z	35.38737388040604	25.094	10.293373880406037
62	2025-06-09T20:20:00Z	35.38737388040604	25.094	10.293373880406037
62	2025-06-09T20:30:00Z	34.37840484517615	24.594	9.784404845176148
62	2025-06-09T20:40:00Z	34.8828893627911	24.594	10.288889362791096
62	2025-06-09T20:50:00Z	34.8828893627911	24.594	10.288889362791096
62	2025-06-09T21:00:00Z	33.36943580994626	24.594	8.77543580994626
62	2025-06-09T21:10:00Z	32.86495129233131	24.594	8.270951292331311
62	2025-06-09T21:20:00Z	32.86495129233131	24.094	8.770951292331311
62	2025-06-09T21:30:00Z	32.36046677471637	24.094	8.26646677471637
62	2025-06-09T21:40:00Z	32.86495129233131	23.594	9.270951292331311
62	2025-06-09T21:50:00Z	33.36943580994626	23.594	9.77543580994626
62	2025-06-09T22:00:00Z	32.36046677471637	23.594	8.76646677471637
62	2025-06-09T22:10:00Z	32.86495129233131	23.594	9.270951292331311
62	2025-06-09T22:20:00Z	31.855982257101427	23.093	8.762982257101427
62	2025-06-09T22:30:00Z	32.86495129233131	23.093	9.771951292331313
62	2025-06-09T22:40:00Z	31.855982257101427	23.093	8.762982257101427
62	2025-06-09T22:50:00Z	30.847013221871535	23.093	7.754013221871535
62	2025-06-09T23:00:00Z	31.855982257101427	23.093	8.762982257101427
62	2025-06-09T23:10:00Z	30.847013221871535	23.093	7.754013221871535
62	2025-06-09T23:20:00Z	30.34252870425659	23.093	7.249528704256591
62	2025-06-09T23:30:00Z	30.34252870425659	23.093	7.249528704256591
62	2025-06-09T23:40:00Z	30.34252870425659	23.093	7.249528704256591
62	2025-06-09T23:50:00Z	31.855982257101427	22.593	9.262982257101427
62	2025-06-10T00:00:00Z	31.351497739486483	22.593	8.758497739486483
62	2025-06-10T00:10:00Z	31.351497739486483	22.593	8.758497739486483
62	2025-06-10T00:20:00Z	31.351497739486483	22.593	8.758497739486483
62	2025-06-10T00:30:00Z	30.34252870425659	22.593	7.749528704256591
62	2025-06-10T00:40:00Z	31.855982257101427	22.593	9.262982257101427
62	2025-06-10T00:50:00Z	32.86495129233131	22.093	10.771951292331313
62	2025-06-10T01:00:00Z	31.351497739486483	21.592	9.759497739486484
62	2025-06-10T01:10:00Z	31.351497739486483	22.093	9.258497739486483
62	2025-06-10T01:20:00Z	31.855982257101427	22.093	9.762982257101427
62	2025-06-10T01:30:00Z	32.36046677471637	22.093	10.267466774716372
62	2025-06-10T01:40:00Z	30.847013221871535	22.093	8.754013221871535
62	2025-06-10T01:50:00Z	31.351497739486483	22.093	9.258497739486483
62	2025-06-10T02:00:00Z	32.36046677471637	22.593	9.767466774716372
62	2025-06-10T02:10:00Z	31.855982257101427	22.593	9.262982257101427
62	2025-06-10T02:20:00Z	30.34252870425659	23.093	7.249528704256591
62	2025-06-10T02:30:00Z	30.34252870425659	23.594	6.748528704256589
62	2025-06-10T02:40:00Z	30.34252870425659	23.093	7.249528704256591
62	2025-06-10T02:50:00Z	30.847013221871535	22.093	8.754013221871535
62	2025-06-10T03:00:00Z	30.847013221871535	22.593	8.254013221871535
62	2025-06-10T03:10:00Z	30.847013221871535	22.593	8.254013221871535
62	2025-06-10T03:20:00Z	31.855982257101427	21.592	10.263982257101429
62	2025-06-10T03:30:00Z	31.351497739486483	21.592	9.759497739486484
62	2025-06-10T03:40:00Z	31.351497739486483	21.592	9.759497739486484
62	2025-06-10T03:50:00Z	31.855982257101427	21.592	10.263982257101429
62	2025-06-10T04:00:00Z	28.324590633796813	21.592	6.732590633796814
62	2025-06-10T04:10:00Z	28.829075151411757	21.092	7.737075151411759
62	2025-06-10T04:20:00Z	30.847013221871535	21.092	9.755013221871536
62	2025-06-10T04:30:00Z	28.324590633796813	21.092	7.232590633796814
62	2025-06-10T04:40:00Z	27.82010611618187	21.092	6.72810611618187
62	2025-06-10T04:50:00Z	27.82010611618187	21.092	6.72810611618187
62	2025-06-10T05:00:00Z	26.811137080951976	21.092	5.7191370809519775
62	2025-06-10T05:10:00Z	25.802168045722087	21.092	4.710168045722089
62	2025-06-10T05:20:00Z	25.29768352810714	20.091	5.206683528107138
62	2025-06-10T05:30:00Z	24.793199010492195	19.089	5.7041990104921965
62	2025-06-10T05:40:00Z	24.28871449287725	19.089	5.199714492877252
62	2025-06-10T05:50:00Z	24.793199010492195	19.089	5.7041990104921965
62	2025-06-10T06:00:00Z	23.784229975262306	19.59	4.1942299752623065
62	2025-06-10T06:10:00Z	23.279745457647362	19.59	3.689745457647362
62	2025-06-10T06:20:00Z	23.784229975262306	19.59	4.1942299752623065
62	2025-06-10T06:30:00Z	23.784229975262306	19.59	4.1942299752623065
62	2025-06-10T06:40:00Z	23.279745457647362	20.091	3.188745457647361
62	2025-06-10T06:50:00Z	23.784229975262306	20.091	3.6932299752623052
62	2025-06-10T07:00:00Z	23.784229975262306	20.091	3.6932299752623052
62	2025-06-10T07:10:00Z	24.793199010492195	20.591	4.202199010492194
62	2025-06-10T07:20:00Z	24.28871449287725	20.591	3.6977144928772496
62	2025-06-10T07:30:00Z	24.28871449287725	20.591	3.6977144928772496
62	2025-06-10T07:40:00Z	24.793199010492195	21.092	3.7011990104921964
62	2025-06-10T07:50:00Z	24.793199010492195	21.592	3.2011990104921964
62	2025-06-10T08:00:00Z	24.793199010492195	21.592	3.2011990104921964
62	2025-06-10T08:10:00Z	25.802168045722087	22.093	3.7091680457220875
62	2025-06-10T08:20:00Z	25.29768352810714	22.593	2.7046835281071395
62	2025-06-10T08:30:00Z	25.802168045722087	23.093	2.7091680457220875
62	2025-06-10T08:40:00Z	26.306652563337032	24.094	2.2126525633370306
62	2025-06-10T08:50:00Z	26.306652563337032	27.093	-0.7863474366629681
62	2025-06-10T09:00:00Z	26.811137080951976	27.093	-0.28186291904802374
62	2025-06-10T09:10:00Z	26.306652563337032	28.592	-2.285347436662967
62	2025-06-10T09:20:00Z	26.811137080951976	29.591	-2.779862919048025
62	2025-06-10T09:30:00Z	26.811137080951976	28.092	-1.2808629190480225
62	2025-06-10T09:40:00Z	26.811137080951976	27.593	-0.7818629190480237
62	2025-06-10T09:50:00Z	26.811137080951976	26.094	0.717137080951975
62	2025-06-10T10:00:00Z	27.315621598566924	26.094	1.221621598566923
62	2025-06-10T10:10:00Z	27.315621598566924	26.094	1.221621598566923
62	2025-06-10T10:20:00Z	27.315621598566924	26.094	1.221621598566923
62	2025-06-10T10:30:00Z	27.315621598566924	26.094	1.221621598566923
62	2025-06-10T10:40:00Z	27.315621598566924	26.593	0.7226215985669242
62	2025-06-10T10:50:00Z	27.315621598566924	27.093	0.2226215985669242
62	2025-06-10T11:00:00Z	27.315621598566924	27.093	0.2226215985669242
62	2025-06-10T11:10:00Z	27.82010611618187	27.093	0.7271061161818686
62	2025-06-10T11:20:00Z	27.82010611618187	27.093	0.7271061161818686
62	2025-06-10T11:30:00Z	27.82010611618187	27.093	0.7271061161818686
62	2025-06-10T11:40:00Z	28.324590633796813	27.593	0.731590633796813
62	2025-06-10T11:50:00Z	28.829075151411757	27.593	1.2360751514117574
62	2025-06-10T12:00:00Z	28.829075151411757	27.593	1.2360751514117574
62	2025-06-10T12:10:00Z	29.838044186641646	28.092	1.7460441866416474
62	2025-06-10T12:20:00Z	30.34252870425659	28.092	2.250528704256592
62	2025-06-10T12:30:00Z	31.855982257101427	28.092	3.7639822571014285
62	2025-06-10T12:40:00Z	33.36943580994626	28.092	5.277435809946262
62	2025-06-10T12:50:00Z	33.87392032756121	28.592	5.28192032756121
62	2025-06-10T13:00:00Z	35.891858398020986	28.592	7.299858398020987
62	2025-06-10T13:10:00Z	36.39634291563593	28.592	7.804342915635928
62	2025-06-10T13:20:00Z	36.39634291563593	28.592	7.804342915635928
62	2025-06-10T13:30:00Z	36.39634291563593	28.592	7.804342915635928
62	2025-06-10T13:40:00Z	36.39634291563593	28.592	7.804342915635928
62	2025-06-10T13:50:00Z	36.39634291563593	28.592	7.804342915635928
62	2025-06-10T14:00:00Z	35.891858398020986	28.592	7.299858398020987
62	2025-06-10T14:10:00Z	35.891858398020986	28.592	7.299858398020987
62	2025-06-10T14:20:00Z	35.891858398020986	29.091	6.800858398020985
62	2025-06-10T14:30:00Z	35.38737388040604	29.091	6.296373880406037
62	2025-06-10T14:40:00Z	35.38737388040604	29.091	6.296373880406037
62	2025-06-10T14:50:00Z	36.39634291563593	29.091	7.305342915635926
62	2025-06-10T15:00:00Z	36.900827433250875	29.091	7.809827433250874
62	2025-06-10T15:10:00Z	36.900827433250875	29.091	7.809827433250874
62	2025-06-10T15:20:00Z	36.900827433250875	29.091	7.809827433250874
62	2025-06-10T15:30:00Z	36.39634291563593	28.592	7.804342915635928
62	2025-06-10T15:40:00Z	35.891858398020986	29.091	6.800858398020985
62	2025-06-10T15:50:00Z	35.891858398020986	29.591	6.300858398020985
62	2025-06-10T16:00:00Z	35.891858398020986	29.091	6.800858398020985
62	2025-06-10T16:10:00Z	35.891858398020986	29.591	6.300858398020985
62	2025-06-10T16:20:00Z	35.891858398020986	29.591	6.300858398020985
62	2025-06-10T16:30:00Z	35.891858398020986	29.591	6.300858398020985
62	2025-06-10T16:40:00Z	35.891858398020986	29.091	6.800858398020985
62	2025-06-10T16:50:00Z	35.891858398020986	29.091	6.800858398020985
62	2025-06-10T17:00:00Z	35.891858398020986	29.091	6.800858398020985
62	2025-06-10T17:10:00Z	35.891858398020986	29.091	6.800858398020985
62	2025-06-10T17:20:00Z	36.39634291563593	29.091	7.305342915635926
62	2025-06-10T17:30:00Z	36.900827433250875	29.091	7.809827433250874
62	2025-06-10T17:40:00Z	36.900827433250875	28.592	8.308827433250876
62	2025-06-10T17:50:00Z	35.891858398020986	28.592	7.299858398020987
62	2025-06-10T18:00:00Z	34.8828893627911	28.592	6.2908893627910984
62	2025-06-10T18:10:00Z	35.891858398020986	28.592	7.299858398020987
62	2025-06-10T18:20:00Z	35.891858398020986	28.092	7.799858398020987
62	2025-06-10T18:30:00Z	35.38737388040604	28.092	7.295373880406039
62	2025-06-10T18:40:00Z	35.38737388040604	27.593	7.794373880406038
62	2025-06-10T18:50:00Z	35.38737388040604	27.093	8.294373880406038
62	2025-06-10T19:00:00Z	34.8828893627911	26.593	8.289889362791097
62	2025-06-10T19:10:00Z	34.8828893627911	26.094	8.788889362791096
62	2025-06-10T19:20:00Z	34.8828893627911	26.094	8.788889362791096
62	2025-06-10T19:30:00Z	35.38737388040604	25.594	9.793373880406037
62	2025-06-10T19:40:00Z	35.891858398020986	25.594	10.297858398020985
62	2025-06-10T19:50:00Z	36.39634291563593	25.594	10.802342915635926
62	2025-06-10T20:00:00Z	38.414280986095704	25.594	12.820280986095703
62	2025-06-10T20:10:00Z	35.38737388040604	25.094	10.293373880406037
62	2025-06-10T20:20:00Z	35.38737388040604	24.594	10.793373880406037
62	2025-06-10T20:30:00Z	33.87392032756121	24.094	9.779920327561207
62	2025-06-10T20:40:00Z	33.87392032756121	24.094	9.779920327561207
62	2025-06-10T20:50:00Z	32.86495129233131	24.094	8.770951292331311
62	2025-06-10T21:00:00Z	32.86495129233131	24.094	8.770951292331311
62	2025-06-10T21:10:00Z	32.86495129233131	24.094	8.770951292331311
62	2025-06-10T21:20:00Z	34.37840484517615	24.094	10.284404845176148
62	2025-06-10T21:30:00Z	34.8828893627911	23.594	11.288889362791096
62	2025-06-10T21:40:00Z	35.38737388040604	23.594	11.793373880406037
62	2025-06-10T21:50:00Z	33.87392032756121	23.093	10.780920327561208
62	2025-06-10T22:00:00Z	33.87392032756121	23.093	10.780920327561208
62	2025-06-10T22:10:00Z	34.8828893627911	23.594	11.288889362791096
62	2025-06-10T22:20:00Z	34.8828893627911	23.594	11.288889362791096
62	2025-06-10T22:30:00Z	33.87392032756121	23.594	10.279920327561207
62	2025-06-10T22:40:00Z	32.86495129233131	23.093	9.771951292331313
62	2025-06-10T22:50:00Z	33.36943580994626	23.093	10.27643580994626
62	2025-06-10T23:00:00Z	34.8828893627911	23.093	11.789889362791097
62	2025-06-10T23:10:00Z	34.8828893627911	22.593	12.289889362791097
62	2025-06-10T23:20:00Z	32.86495129233131	22.593	10.271951292331313
62	2025-06-10T23:30:00Z	33.87392032756121	23.093	10.780920327561208
62	2025-06-10T23:40:00Z	34.37840484517615	23.093	11.28540484517615
62	2025-06-10T23:50:00Z	33.87392032756121	23.093	10.780920327561208
62	2025-06-11T00:00:00Z	33.87392032756121	23.093	10.780920327561208
64	2025-06-03T17:50:00Z	37.588700483091785	29.091	8.497700483091783
64	2025-06-03T18:00:00Z	38.090522429261554	29.091	8.999522429261553
64	2025-06-03T18:10:00Z	37.588700483091785	28.592	8.996700483091786
64	2025-06-03T18:20:00Z	37.086878536922015	28.592	8.494878536922016
64	2025-06-03T18:30:00Z	36.58505659075225	28.592	7.9930565907522535
64	2025-06-03T18:40:00Z	36.58505659075225	28.092	8.493056590752253
64	2025-06-03T18:50:00Z	36.083234644582475	27.093	8.990234644582475
64	2025-06-03T19:00:00Z	36.083234644582475	26.593	9.490234644582475
64	2025-06-03T19:10:00Z	35.581412698412706	26.094	9.487412698412705
64	2025-06-03T19:20:00Z	35.079590752242936	26.094	8.985590752242935
64	2025-06-03T19:30:00Z	35.581412698412706	25.594	9.987412698412705
64	2025-06-03T19:40:00Z	36.083234644582475	25.594	10.489234644582474
64	2025-06-03T19:50:00Z	37.588700483091785	25.594	11.994700483091783
64	2025-06-03T20:00:00Z	34.07594685990339	25.094	8.981946859903388
64	2025-06-03T20:10:00Z	32.068659075224296	25.094	6.974659075224295
64	2025-06-03T20:20:00Z	32.068659075224296	24.594	7.474659075224295
64	2025-06-03T20:30:00Z	31.566837129054527	24.594	6.9728371290545255
64	2025-06-03T20:40:00Z	33.072302967563836	24.094	8.978302967563835
64	2025-06-03T20:50:00Z	35.079590752242936	24.094	10.985590752242935
64	2025-06-03T21:00:00Z	36.58505659075225	24.094	12.491056590752251
64	2025-06-03T21:10:00Z	36.083234644582475	24.094	11.989234644582474
64	2025-06-03T21:20:00Z	37.588700483091785	24.094	13.494700483091783
64	2025-06-03T21:30:00Z	35.581412698412706	24.094	11.487412698412705
64	2025-06-03T21:40:00Z	33.072302967563836	23.594	9.478302967563835
64	2025-06-03T21:50:00Z	37.086878536922015	23.594	13.492878536922014
64	2025-06-03T22:00:00Z	33.072302967563836	23.594	9.478302967563835
64	2025-06-03T22:10:00Z	35.079590752242936	23.093	11.986590752242936
64	2025-06-03T22:20:00Z	36.083234644582475	23.093	12.990234644582475
64	2025-06-03T22:30:00Z	36.083234644582475	23.093	12.990234644582475
64	2025-06-03T22:40:00Z	33.072302967563836	23.093	9.979302967563836
64	2025-06-03T22:50:00Z	35.581412698412706	23.093	12.488412698412706
64	2025-06-03T23:00:00Z	36.083234644582475	23.093	12.990234644582475
64	2025-06-03T23:10:00Z	35.079590752242936	23.093	11.986590752242936
64	2025-06-03T23:20:00Z	36.083234644582475	23.093	12.990234644582475
64	2025-06-03T23:30:00Z	36.58505659075225	23.093	13.492056590752252
64	2025-06-03T23:40:00Z	35.581412698412706	23.093	12.488412698412706
64	2025-06-03T23:50:00Z	35.079590752242936	23.093	11.986590752242936
64	2025-06-04T00:00:00Z	35.581412698412706	23.093	12.488412698412706
64	2025-06-04T00:10:00Z	36.58505659075225	23.093	13.492056590752252
64	2025-06-04T00:20:00Z	36.083234644582475	23.093	12.990234644582475
64	2025-06-04T00:30:00Z	35.079590752242936	23.093	11.986590752242936
64	2025-06-04T00:40:00Z	35.581412698412706	23.093	12.488412698412706
64	2025-06-04T00:50:00Z	34.57776880607316	23.093	11.48476880607316
64	2025-06-04T01:00:00Z	35.581412698412706	23.093	12.488412698412706
64	2025-06-04T01:10:00Z	36.58505659075225	23.093	13.492056590752252
64	2025-06-04T01:20:00Z	36.58505659075225	22.593	13.992056590752252
64	2025-06-04T01:30:00Z	36.58505659075225	22.593	13.992056590752252
64	2025-06-04T01:40:00Z	36.083234644582475	22.593	13.490234644582475
64	2025-06-04T01:50:00Z	32.068659075224296	22.593	9.475659075224296
64	2025-06-04T02:00:00Z	34.07594685990339	22.593	11.48294685990339
64	2025-06-04T02:10:00Z	34.07594685990339	22.593	11.48294685990339
64	2025-06-04T02:20:00Z	36.083234644582475	22.593	13.490234644582475
64	2025-06-04T02:30:00Z	36.58505659075225	22.593	13.992056590752252
64	2025-06-04T02:40:00Z	36.58505659075225	22.093	14.492056590752252
64	2025-06-04T02:50:00Z	35.079590752242936	22.093	12.986590752242936
64	2025-06-04T03:00:00Z	34.57776880607316	22.093	12.48476880607316
64	2025-06-04T03:10:00Z	35.079590752242936	22.093	12.986590752242936
64	2025-06-04T03:20:00Z	34.57776880607316	22.093	12.48476880607316
64	2025-06-04T03:30:00Z	34.57776880607316	22.093	12.48476880607316
64	2025-06-04T03:40:00Z	34.57776880607316	22.093	12.48476880607316
64	2025-06-04T03:50:00Z	31.566837129054527	21.592	9.974837129054528
64	2025-06-04T04:00:00Z	35.581412698412706	21.592	13.989412698412707
64	2025-06-04T04:10:00Z	34.07594685990339	21.592	12.48394685990339
64	2025-06-04T04:20:00Z	35.581412698412706	21.592	13.989412698412707
64	2025-06-04T04:30:00Z	36.083234644582475	21.592	14.491234644582477
64	2025-06-04T04:40:00Z	35.581412698412706	21.592	13.989412698412707
64	2025-06-04T04:50:00Z	34.07594685990339	21.592	12.48394685990339
64	2025-06-04T05:00:00Z	34.57776880607316	21.092	13.48576880607316
64	2025-06-04T05:10:00Z	35.079590752242936	21.592	13.487590752242937
64	2025-06-04T05:20:00Z	35.581412698412706	21.592	13.989412698412707
64	2025-06-04T05:30:00Z	33.57412491373361	21.092	12.482124913733614
64	2025-06-04T05:40:00Z	33.072302967563836	21.092	11.980302967563837
64	2025-06-04T05:50:00Z	34.07594685990339	21.092	12.98394685990339
64	2025-06-04T06:00:00Z	35.581412698412706	21.592	13.989412698412707
64	2025-06-04T06:10:00Z	35.581412698412706	21.592	13.989412698412707
64	2025-06-04T06:20:00Z	35.581412698412706	21.092	14.489412698412707
64	2025-06-04T06:30:00Z	35.079590752242936	21.092	13.987590752242937
64	2025-06-04T06:40:00Z	35.079590752242936	20.591	14.488590752242935
64	2025-06-04T06:50:00Z	34.57776880607316	21.092	13.48576880607316
64	2025-06-04T07:00:00Z	34.57776880607316	20.591	13.986768806073158
64	2025-06-04T07:10:00Z	34.57776880607316	20.591	13.986768806073158
64	2025-06-04T07:20:00Z	32.57048102139407	20.591	11.979481021394072
64	2025-06-04T07:30:00Z	32.068659075224296	21.092	10.976659075224298
64	2025-06-04T07:40:00Z	32.068659075224296	21.592	10.476659075224298
64	2025-06-04T07:50:00Z	32.068659075224296	21.592	10.476659075224298
64	2025-06-04T08:00:00Z	32.068659075224296	22.593	9.475659075224296
64	2025-06-04T08:10:00Z	32.068659075224296	24.594	7.474659075224295
64	2025-06-04T08:20:00Z	32.57048102139407	23.594	8.976481021394072
64	2025-06-04T08:30:00Z	32.57048102139407	22.093	10.477481021394073
64	2025-06-04T08:40:00Z	32.57048102139407	21.592	10.978481021394074
64	2025-06-04T08:50:00Z	32.068659075224296	22.093	9.975659075224296
64	2025-06-04T09:00:00Z	32.068659075224296	22.093	9.975659075224296
64	2025-06-04T09:10:00Z	31.566837129054527	23.594	7.9728371290545255
64	2025-06-04T09:20:00Z	31.566837129054527	26.593	4.973837129054527
64	2025-06-04T09:30:00Z	31.566837129054527	28.592	2.974837129054528
64	2025-06-04T09:40:00Z	31.065015182884753	28.092	2.9730151828847546
64	2025-06-04T09:50:00Z	31.065015182884753	27.093	3.9720151828847534
64	2025-06-04T10:00:00Z	30.56319323671498	26.593	3.97019323671498
64	2025-06-04T10:10:00Z	30.56319323671498	27.093	3.47019323671498
64	2025-06-04T10:20:00Z	30.56319323671498	26.593	3.97019323671498
64	2025-06-04T10:30:00Z	30.06137129054521	27.593	2.4683712905452104
64	2025-06-04T10:40:00Z	30.56319323671498	27.593	2.97019323671498
64	2025-06-04T10:50:00Z	31.566837129054527	27.093	4.473837129054527
64	2025-06-04T11:00:00Z	32.068659075224296	27.093	4.975659075224296
64	2025-06-04T11:10:00Z	32.068659075224296	27.593	4.475659075224296
64	2025-06-04T11:20:00Z	34.57776880607316	27.593	6.984768806073159
64	2025-06-04T11:30:00Z	33.072302967563836	27.093	5.979302967563836
64	2025-06-04T11:40:00Z	32.57048102139407	27.593	4.977481021394073
64	2025-06-04T11:50:00Z	35.079590752242936	27.593	7.486590752242936
64	2025-06-04T12:10:00Z	36.083234644582475	27.593	8.490234644582475
64	2025-06-04T12:20:00Z	36.083234644582475	27.093	8.990234644582475
64	2025-06-04T12:30:00Z	34.57776880607316	27.593	6.984768806073159
64	2025-06-04T12:40:00Z	34.57776880607316	27.093	7.484768806073159
64	2025-06-04T12:50:00Z	34.57776880607316	27.593	6.984768806073159
64	2025-06-04T13:00:00Z	34.57776880607316	28.092	6.48576880607316
64	2025-06-04T13:10:00Z	35.079590752242936	28.092	6.987590752242937
64	2025-06-04T13:20:00Z	35.079590752242936	28.092	6.987590752242937
64	2025-06-04T13:30:00Z	35.079590752242936	28.092	6.987590752242937
64	2025-06-04T13:40:00Z	35.079590752242936	28.092	6.987590752242937
64	2025-06-04T13:50:00Z	34.07594685990339	28.592	5.483946859903391
64	2025-06-04T14:00:00Z	34.07594685990339	28.592	5.483946859903391
64	2025-06-04T14:10:00Z	33.57412491373361	28.592	4.982124913733614
64	2025-06-04T14:20:00Z	34.07594685990339	28.592	5.483946859903391
64	2025-06-04T14:30:00Z	34.07594685990339	28.592	5.483946859903391
64	2025-06-04T14:40:00Z	34.07594685990339	28.592	5.483946859903391
64	2025-06-04T14:50:00Z	34.07594685990339	28.592	5.483946859903391
64	2025-06-04T15:00:00Z	34.07594685990339	29.091	4.984946859903388
64	2025-06-04T15:10:00Z	34.57776880607316	28.592	5.98576880607316
64	2025-06-04T15:20:00Z	34.57776880607316	29.091	5.486768806073158
64	2025-06-04T15:30:00Z	34.07594685990339	29.091	4.984946859903388
64	2025-06-04T15:40:00Z	34.07594685990339	29.091	4.984946859903388
64	2025-06-04T15:50:00Z	34.07594685990339	29.091	4.984946859903388
64	2025-06-04T16:00:00Z	36.083234644582475	29.091	6.992234644582474
64	2025-06-04T16:10:00Z	36.083234644582475	29.091	6.992234644582474
64	2025-06-04T16:20:00Z	37.588700483091785	28.592	8.996700483091786
64	2025-06-04T16:30:00Z	38.090522429261554	28.592	9.498522429261556
64	2025-06-04T16:40:00Z	37.588700483091785	29.091	8.497700483091783
64	2025-06-04T16:50:00Z	36.58505659075225	28.592	7.9930565907522535
64	2025-06-04T17:00:00Z	36.083234644582475	28.592	7.491234644582477
64	2025-06-04T17:10:00Z	36.083234644582475	28.592	7.491234644582477
64	2025-06-04T17:20:00Z	35.581412698412706	28.592	6.989412698412707
64	2025-06-04T17:30:00Z	36.083234644582475	28.592	7.491234644582477
64	2025-06-04T17:40:00Z	36.083234644582475	28.592	7.491234644582477
64	2025-06-04T17:50:00Z	36.083234644582475	28.092	7.991234644582477
64	2025-06-04T18:00:00Z	36.083234644582475	28.092	7.991234644582477
64	2025-06-04T18:10:00Z	36.083234644582475	27.593	8.490234644582475
64	2025-06-04T18:20:00Z	36.083234644582475	27.593	8.490234644582475
64	2025-06-04T18:30:00Z	36.083234644582475	27.093	8.990234644582475
64	2025-06-04T18:40:00Z	36.083234644582475	26.593	9.490234644582475
64	2025-06-04T18:50:00Z	36.083234644582475	26.094	9.989234644582474
64	2025-06-04T19:00:00Z	35.581412698412706	25.594	9.987412698412705
64	2025-06-04T19:10:00Z	36.083234644582475	25.594	10.489234644582474
64	2025-06-04T19:20:00Z	36.083234644582475	25.094	10.989234644582474
64	2025-06-04T19:30:00Z	36.083234644582475	25.094	10.989234644582474
64	2025-06-04T19:40:00Z	36.083234644582475	25.094	10.989234644582474
64	2025-06-04T19:50:00Z	36.58505659075225	25.094	11.491056590752251
64	2025-06-04T20:00:00Z	36.083234644582475	24.594	11.489234644582474
64	2025-06-04T20:10:00Z	37.086878536922015	24.094	12.992878536922014
64	2025-06-04T20:20:00Z	35.581412698412706	24.094	11.487412698412705
64	2025-06-04T20:30:00Z	34.57776880607316	23.594	10.983768806073158
64	2025-06-04T20:40:00Z	32.068659075224296	23.594	8.474659075224295
64	2025-06-04T20:50:00Z	34.07594685990339	24.094	9.981946859903388
64	2025-06-04T21:00:00Z	32.57048102139407	23.594	8.976481021394072
64	2025-06-04T21:10:00Z	36.083234644582475	23.594	12.489234644582474
64	2025-06-04T21:20:00Z	36.58505659075225	23.594	12.991056590752251
64	2025-06-04T21:30:00Z	36.083234644582475	23.093	12.990234644582475
64	2025-06-04T21:40:00Z	36.083234644582475	23.093	12.990234644582475
64	2025-06-04T21:50:00Z	34.07594685990339	22.593	11.48294685990339
64	2025-06-04T22:00:00Z	36.083234644582475	22.593	13.490234644582475
64	2025-06-04T22:10:00Z	36.58505659075225	23.093	13.492056590752252
64	2025-06-04T22:20:00Z	36.083234644582475	22.593	13.490234644582475
64	2025-06-04T22:30:00Z	36.58505659075225	22.593	13.992056590752252
64	2025-06-04T22:40:00Z	33.072302967563836	22.593	10.479302967563836
64	2025-06-04T22:50:00Z	35.079590752242936	22.093	12.986590752242936
64	2025-06-04T23:00:00Z	34.07594685990339	22.093	11.98294685990339
64	2025-06-04T23:10:00Z	34.07594685990339	21.592	12.48394685990339
64	2025-06-04T23:20:00Z	34.07594685990339	21.592	12.48394685990339
64	2025-06-04T23:30:00Z	36.083234644582475	21.592	14.491234644582477
64	2025-06-04T23:40:00Z	35.079590752242936	21.592	13.487590752242937
64	2025-06-04T23:50:00Z	35.079590752242936	21.592	13.487590752242937
64	2025-06-05T00:00:00Z	35.079590752242936	21.592	13.487590752242937
64	2025-06-05T00:10:00Z	35.079590752242936	22.093	12.986590752242936
64	2025-06-05T00:20:00Z	35.581412698412706	22.093	13.488412698412706
64	2025-06-05T00:30:00Z	32.068659075224296	22.093	9.975659075224296
64	2025-06-05T00:40:00Z	35.079590752242936	22.093	12.986590752242936
64	2025-06-05T00:50:00Z	35.079590752242936	22.093	12.986590752242936
64	2025-06-05T01:00:00Z	35.581412698412706	22.093	13.488412698412706
64	2025-06-05T01:10:00Z	36.083234644582475	21.592	14.491234644582477
64	2025-06-05T01:20:00Z	35.581412698412706	21.592	13.989412698412707
64	2025-06-05T01:30:00Z	34.07594685990339	21.592	12.48394685990339
64	2025-06-05T01:40:00Z	35.079590752242936	21.592	13.487590752242937
64	2025-06-05T01:50:00Z	35.079590752242936	21.092	13.987590752242937
64	2025-06-05T02:00:00Z	34.57776880607316	21.092	13.48576880607316
64	2025-06-05T02:10:00Z	35.079590752242936	21.092	13.987590752242937
64	2025-06-05T02:20:00Z	35.079590752242936	21.092	13.987590752242937
64	2025-06-05T02:30:00Z	33.57412491373361	21.092	12.482124913733614
64	2025-06-05T02:40:00Z	34.57776880607316	21.092	13.48576880607316
64	2025-06-05T02:50:00Z	34.57776880607316	20.591	13.986768806073158
64	2025-06-05T03:00:00Z	35.079590752242936	20.591	14.488590752242935
64	2025-06-05T03:10:00Z	34.57776880607316	20.591	13.986768806073158
64	2025-06-05T03:20:00Z	33.57412491373361	20.591	12.983124913733612
64	2025-06-05T03:30:00Z	32.57048102139407	20.091	12.479481021394072
64	2025-06-05T03:40:00Z	35.581412698412706	20.591	14.990412698412705
64	2025-06-05T03:50:00Z	35.581412698412706	20.591	14.990412698412705
64	2025-06-05T04:00:00Z	34.57776880607316	20.591	13.986768806073158
64	2025-06-05T04:10:00Z	35.079590752242936	20.091	14.988590752242935
64	2025-06-05T04:20:00Z	35.079590752242936	20.091	14.988590752242935
64	2025-06-05T04:30:00Z	35.581412698412706	20.091	15.490412698412705
64	2025-06-05T04:40:00Z	34.57776880607316	20.091	14.486768806073158
64	2025-06-05T04:50:00Z	35.079590752242936	19.59	15.489590752242936
64	2025-06-05T05:00:00Z	36.083234644582475	20.091	15.992234644582474
64	2025-06-05T05:10:00Z	36.083234644582475	20.091	15.992234644582474
64	2025-06-05T05:20:00Z	35.581412698412706	20.091	15.490412698412705
64	2025-06-05T05:30:00Z	35.581412698412706	20.091	15.490412698412705
64	2025-06-05T05:40:00Z	35.079590752242936	20.091	14.988590752242935
64	2025-06-05T05:50:00Z	34.57776880607316	20.091	14.486768806073158
64	2025-06-05T06:00:00Z	34.57776880607316	20.091	14.486768806073158
64	2025-06-05T06:10:00Z	35.079590752242936	20.091	14.988590752242935
64	2025-06-05T06:20:00Z	35.079590752242936	20.091	14.988590752242935
64	2025-06-05T06:30:00Z	33.57412491373361	20.591	12.983124913733612
64	2025-06-05T06:40:00Z	34.57776880607316	20.591	13.986768806073158
64	2025-06-05T06:50:00Z	34.07594685990339	21.092	12.98394685990339
64	2025-06-05T07:00:00Z	33.57412491373361	21.092	12.482124913733614
64	2025-06-05T07:10:00Z	33.072302967563836	21.092	11.980302967563837
64	2025-06-05T07:20:00Z	32.57048102139407	21.092	11.478481021394074
64	2025-06-05T07:30:00Z	32.068659075224296	21.592	10.476659075224298
64	2025-06-05T07:40:00Z	32.068659075224296	21.592	10.476659075224298
64	2025-06-05T07:50:00Z	32.068659075224296	21.592	10.476659075224298
64	2025-06-05T08:00:00Z	32.068659075224296	22.093	9.975659075224296
64	2025-06-05T08:10:00Z	31.566837129054527	22.593	8.973837129054527
64	2025-06-05T08:20:00Z	31.065015182884753	25.094	5.971015182884752
64	2025-06-05T08:30:00Z	31.065015182884753	25.094	5.971015182884752
64	2025-06-05T08:40:00Z	31.566837129054527	26.094	5.4728371290545255
64	2025-06-05T08:50:00Z	31.065015182884753	28.092	2.9730151828847546
64	2025-06-05T09:00:00Z	31.566837129054527	26.593	4.973837129054527
64	2025-06-05T09:10:00Z	31.065015182884753	28.592	2.4730151828847546
64	2025-06-05T09:20:00Z	31.065015182884753	30.09	0.9750151828847535
64	2025-06-05T09:30:00Z	31.065015182884753	30.09	0.9750151828847535
64	2025-06-05T09:40:00Z	31.065015182884753	28.092	2.9730151828847546
64	2025-06-05T09:50:00Z	31.065015182884753	27.093	3.9720151828847534
64	2025-06-05T10:00:00Z	31.065015182884753	27.093	3.9720151828847534
64	2025-06-05T10:10:00Z	31.065015182884753	27.093	3.9720151828847534
64	2025-06-05T10:20:00Z	31.065015182884753	27.093	3.9720151828847534
64	2025-06-05T10:30:00Z	31.566837129054527	27.093	4.473837129054527
64	2025-06-05T10:40:00Z	32.068659075224296	27.593	4.475659075224296
64	2025-06-05T10:50:00Z	32.57048102139407	27.593	4.977481021394073
64	2025-06-05T11:00:00Z	32.57048102139407	28.092	4.4784810213940744
64	2025-06-05T11:10:00Z	32.57048102139407	27.593	4.977481021394073
64	2025-06-05T11:20:00Z	32.068659075224296	27.593	4.475659075224296
64	2025-06-05T11:30:00Z	33.072302967563836	27.093	5.979302967563836
64	2025-06-05T11:40:00Z	33.072302967563836	27.093	5.979302967563836
64	2025-06-05T11:50:00Z	32.57048102139407	27.593	4.977481021394073
64	2025-06-05T12:00:00Z	33.072302967563836	28.092	4.980302967563837
64	2025-06-05T12:10:00Z	33.072302967563836	28.092	4.980302967563837
64	2025-06-05T12:20:00Z	33.072302967563836	27.593	5.479302967563836
64	2025-06-05T12:30:00Z	33.072302967563836	27.593	5.479302967563836
64	2025-06-05T12:40:00Z	33.57412491373361	27.593	5.981124913733613
64	2025-06-05T12:50:00Z	33.072302967563836	28.092	4.980302967563837
64	2025-06-05T13:00:00Z	33.57412491373361	28.092	5.482124913733614
64	2025-06-05T13:10:00Z	33.57412491373361	28.092	5.482124913733614
64	2025-06-05T13:20:00Z	33.072302967563836	28.092	4.980302967563837
64	2025-06-05T13:30:00Z	33.072302967563836	28.092	4.980302967563837
64	2025-06-05T13:40:00Z	33.072302967563836	27.593	5.479302967563836
64	2025-06-05T13:50:00Z	33.072302967563836	27.093	5.979302967563836
64	2025-06-05T14:00:00Z	33.072302967563836	27.593	5.479302967563836
64	2025-06-05T14:10:00Z	32.57048102139407	27.593	4.977481021394073
64	2025-06-05T14:20:00Z	32.57048102139407	27.593	4.977481021394073
64	2025-06-05T14:30:00Z	32.57048102139407	28.092	4.4784810213940744
64	2025-06-05T14:40:00Z	33.072302967563836	28.092	4.980302967563837
64	2025-06-05T14:50:00Z	33.072302967563836	28.092	4.980302967563837
64	2025-06-05T15:00:00Z	33.072302967563836	28.592	4.480302967563837
64	2025-06-05T15:10:00Z	33.57412491373361	28.092	5.482124913733614
64	2025-06-05T15:20:00Z	34.07594685990339	28.092	5.983946859903391
64	2025-06-05T15:30:00Z	33.072302967563836	28.592	4.480302967563837
64	2025-06-05T15:40:00Z	33.072302967563836	28.592	4.480302967563837
64	2025-06-05T15:50:00Z	33.072302967563836	28.592	4.480302967563837
64	2025-06-05T16:00:00Z	32.068659075224296	28.592	3.4766590752242976
64	2025-06-05T16:10:00Z	32.068659075224296	29.091	2.9776590752242953
64	2025-06-05T16:20:00Z	34.07594685990339	29.091	4.984946859903388
64	2025-06-05T16:30:00Z	33.072302967563836	29.091	3.9813029675638347
64	2025-06-05T16:40:00Z	32.57048102139407	29.091	3.479481021394072
64	2025-06-05T16:50:00Z	32.57048102139407	29.091	3.479481021394072
64	2025-06-05T17:00:00Z	32.57048102139407	29.091	3.479481021394072
64	2025-06-05T17:10:00Z	32.068659075224296	28.592	3.4766590752242976
64	2025-06-05T17:20:00Z	32.068659075224296	28.592	3.4766590752242976
64	2025-06-05T17:30:00Z	32.57048102139407	28.592	3.9784810213940744
64	2025-06-05T17:40:00Z	32.57048102139407	28.092	4.4784810213940744
64	2025-06-05T17:50:00Z	35.581412698412706	28.092	7.489412698412707
64	2025-06-05T18:00:00Z	34.07594685990339	27.593	6.4829468599033895
64	2025-06-05T18:10:00Z	35.079590752242936	27.093	7.986590752242936
64	2025-06-05T18:20:00Z	34.57776880607316	26.593	7.984768806073159
64	2025-06-05T18:30:00Z	34.57776880607316	26.593	7.984768806073159
64	2025-06-05T18:40:00Z	33.57412491373361	25.594	7.980124913733611
64	2025-06-05T18:50:00Z	33.57412491373361	25.594	7.980124913733611
64	2025-06-05T19:00:00Z	33.072302967563836	25.094	7.978302967563835
64	2025-06-05T19:10:00Z	34.07594685990339	24.594	9.481946859903388
64	2025-06-05T19:20:00Z	33.57412491373361	24.094	9.480124913733611
64	2025-06-05T19:30:00Z	35.079590752242936	24.094	10.985590752242935
64	2025-06-05T19:40:00Z	35.079590752242936	23.594	11.485590752242935
64	2025-06-05T19:50:00Z	35.581412698412706	23.594	11.987412698412705
64	2025-06-05T20:00:00Z	34.07594685990339	23.594	10.481946859903388
64	2025-06-05T20:10:00Z	36.083234644582475	23.594	12.489234644582474
64	2025-06-05T20:20:00Z	35.079590752242936	23.093	11.986590752242936
64	2025-06-05T20:30:00Z	36.083234644582475	23.093	12.990234644582475
64	2025-06-05T20:40:00Z	36.083234644582475	23.093	12.990234644582475
64	2025-06-05T20:50:00Z	33.57412491373361	22.593	10.981124913733613
64	2025-06-05T21:00:00Z	30.56319323671498	22.593	7.97019323671498
64	2025-06-05T21:10:00Z	34.57776880607316	22.593	11.98476880607316
64	2025-06-05T21:20:00Z	36.58505659075225	22.093	14.492056590752252
64	2025-06-05T21:30:00Z	36.58505659075225	22.093	14.492056590752252
64	2025-06-05T21:40:00Z	35.581412698412706	22.093	13.488412698412706
64	2025-06-05T21:50:00Z	36.083234644582475	22.093	13.990234644582475
64	2025-06-05T22:00:00Z	35.581412698412706	22.093	13.488412698412706
64	2025-06-05T22:10:00Z	34.57776880607316	22.593	11.98476880607316
64	2025-06-05T22:20:00Z	36.083234644582475	22.593	13.490234644582475
64	2025-06-05T22:30:00Z	36.58505659075225	22.093	14.492056590752252
64	2025-06-05T22:40:00Z	36.58505659075225	22.093	14.492056590752252
64	2025-06-05T22:50:00Z	35.079590752242936	22.093	12.986590752242936
64	2025-06-05T23:00:00Z	36.58505659075225	22.093	14.492056590752252
64	2025-06-05T23:10:00Z	35.079590752242936	22.093	12.986590752242936
64	2025-06-05T23:20:00Z	35.079590752242936	22.093	12.986590752242936
64	2025-06-05T23:30:00Z	35.079590752242936	22.093	12.986590752242936
64	2025-06-05T23:40:00Z	34.07594685990339	22.093	11.98294685990339
64	2025-06-05T23:50:00Z	35.079590752242936	22.093	12.986590752242936
64	2025-06-06T00:00:00Z	35.581412698412706	22.093	13.488412698412706
64	2025-06-06T00:10:00Z	35.581412698412706	21.592	13.989412698412707
64	2025-06-06T00:20:00Z	34.07594685990339	21.592	12.48394685990339
64	2025-06-06T00:30:00Z	33.57412491373361	21.592	11.982124913733614
64	2025-06-06T00:40:00Z	34.07594685990339	21.592	12.48394685990339
64	2025-06-06T00:50:00Z	34.07594685990339	21.592	12.48394685990339
64	2025-06-06T01:00:00Z	33.072302967563836	21.592	11.480302967563837
64	2025-06-06T01:10:00Z	33.57412491373361	21.592	11.982124913733614
64	2025-06-06T01:20:00Z	36.083234644582475	21.592	14.491234644582477
64	2025-06-06T01:30:00Z	36.083234644582475	21.592	14.491234644582477
64	2025-06-06T01:40:00Z	36.083234644582475	21.592	14.491234644582477
64	2025-06-06T01:50:00Z	35.581412698412706	21.592	13.989412698412707
64	2025-06-06T02:00:00Z	35.079590752242936	21.592	13.487590752242937
64	2025-06-06T02:10:00Z	35.079590752242936	21.592	13.487590752242937
64	2025-06-06T02:20:00Z	34.57776880607316	21.592	12.98576880607316
64	2025-06-06T02:30:00Z	34.57776880607316	21.592	12.98576880607316
64	2025-06-06T02:40:00Z	34.57776880607316	21.092	13.48576880607316
64	2025-06-06T02:50:00Z	31.566837129054527	21.092	10.474837129054528
64	2025-06-06T03:00:00Z	34.07594685990339	21.092	12.98394685990339
64	2025-06-06T03:10:00Z	35.581412698412706	21.092	14.489412698412707
64	2025-06-06T03:20:00Z	37.588700483091785	21.092	16.496700483091786
64	2025-06-06T03:30:00Z	35.079590752242936	21.092	13.987590752242937
64	2025-06-06T03:40:00Z	35.581412698412706	21.092	14.489412698412707
64	2025-06-06T03:50:00Z	34.07594685990339	21.092	12.98394685990339
64	2025-06-06T04:00:00Z	35.079590752242936	21.092	13.987590752242937
64	2025-06-06T04:10:00Z	35.079590752242936	21.092	13.987590752242937
64	2025-06-06T04:20:00Z	31.566837129054527	21.092	10.474837129054528
64	2025-06-06T04:40:00Z	34.07594685990339	21.092	12.98394685990339
64	2025-06-06T05:00:00Z	33.57412491373361	21.092	12.482124913733614
64	2025-06-06T05:10:00Z	34.57776880607316	21.092	13.48576880607316
64	2025-06-06T05:20:00Z	35.079590752242936	21.092	13.987590752242937
64	2025-06-06T05:30:00Z	34.57776880607316	21.092	13.48576880607316
64	2025-06-06T05:40:00Z	34.07594685990339	21.092	12.98394685990339
64	2025-06-06T05:50:00Z	34.07594685990339	20.591	13.484946859903388
64	2025-06-06T06:00:00Z	34.07594685990339	21.092	12.98394685990339
64	2025-06-06T06:10:00Z	34.07594685990339	20.591	13.484946859903388
64	2025-06-06T06:20:00Z	34.07594685990339	20.591	13.484946859903388
64	2025-06-06T06:30:00Z	33.57412491373361	20.591	12.983124913733612
64	2025-06-06T06:40:00Z	33.57412491373361	20.591	12.983124913733612
64	2025-06-06T06:50:00Z	33.57412491373361	20.591	12.983124913733612
64	2025-06-06T07:00:00Z	33.072302967563836	20.591	12.481302967563835
64	2025-06-06T07:10:00Z	32.068659075224296	21.092	10.976659075224298
64	2025-06-06T07:20:00Z	32.068659075224296	21.592	10.476659075224298
64	2025-06-06T07:30:00Z	32.068659075224296	22.093	9.975659075224296
64	2025-06-06T07:40:00Z	31.566837129054527	23.093	8.473837129054527
64	2025-06-06T07:50:00Z	31.566837129054527	23.594	7.9728371290545255
64	2025-06-06T08:00:00Z	31.065015182884753	24.594	6.471015182884752
64	2025-06-06T08:10:00Z	31.065015182884753	25.094	5.971015182884752
64	2025-06-06T08:20:00Z	30.56319323671498	25.094	5.469193236714979
64	2025-06-06T08:30:00Z	30.56319323671498	25.594	4.969193236714979
64	2025-06-06T08:40:00Z	30.56319323671498	26.094	4.469193236714979
64	2025-06-06T08:50:00Z	30.56319323671498	25.594	4.969193236714979
64	2025-06-06T09:00:00Z	30.56319323671498	25.094	5.469193236714979
64	2025-06-06T09:10:00Z	30.56319323671498	26.094	4.469193236714979
64	2025-06-06T09:20:00Z	31.065015182884753	25.094	5.971015182884752
64	2025-06-06T09:30:00Z	31.065015182884753	25.594	5.471015182884752
64	2025-06-06T09:40:00Z	31.065015182884753	25.094	5.971015182884752
64	2025-06-06T09:50:00Z	31.065015182884753	24.594	6.471015182884752
64	2025-06-06T10:00:00Z	31.065015182884753	25.094	5.971015182884752
64	2025-06-06T10:10:00Z	31.065015182884753	25.594	5.471015182884752
64	2025-06-06T10:20:00Z	31.566837129054527	25.094	6.4728371290545255
64	2025-06-06T10:30:00Z	32.068659075224296	25.094	6.974659075224295
64	2025-06-06T10:40:00Z	32.068659075224296	25.094	6.974659075224295
64	2025-06-06T10:50:00Z	32.068659075224296	25.094	6.974659075224295
64	2025-06-06T11:00:00Z	32.068659075224296	25.094	6.974659075224295
64	2025-06-06T11:10:00Z	31.566837129054527	26.094	5.4728371290545255
64	2025-06-06T11:20:00Z	30.06137129054521	27.093	2.9683712905452104
64	2025-06-06T11:30:00Z	30.06137129054521	27.593	2.4683712905452104
64	2025-06-06T11:40:00Z	29.057727398205664	28.092	0.9657273982056651
64	2025-06-06T11:50:00Z	29.057727398205664	28.092	0.9657273982056651
64	2025-06-06T12:00:00Z	28.555905452035894	28.092	0.4639054520358954
64	2025-06-06T12:10:00Z	28.555905452035894	27.593	0.9629054520358942
64	2025-06-06T12:20:00Z	28.555905452035894	28.092	0.4639054520358954
64	2025-06-06T12:30:00Z	28.555905452035894	27.593	0.9629054520358942
64	2025-06-06T12:40:00Z	28.555905452035894	28.092	0.4639054520358954
64	2025-06-06T12:50:00Z	28.555905452035894	28.092	0.4639054520358954
64	2025-06-06T13:00:00Z	28.555905452035894	27.593	0.9629054520358942
64	2025-06-06T13:10:00Z	28.05408350586612	27.093	0.9610835058661209
64	2025-06-06T13:20:00Z	27.552261559696348	23.594	3.9582615596963464
64	2025-06-06T13:30:00Z	27.050439613526574	23.594	3.456439613526573
64	2025-06-06T13:40:00Z	26.5486176673568	23.093	3.455617667356801
64	2025-06-06T13:50:00Z	26.04679572118703	22.593	3.4537957211870314
64	2025-06-06T14:00:00Z	25.04315182884749	21.092	3.9511518288474896
64	2025-06-06T14:10:00Z	24.541329882677715	20.591	3.950329882677714
64	2025-06-06T14:20:00Z	24.039507936507942	20.591	3.4485079365079407
64	2025-06-06T14:30:00Z	23.53768599033817	20.591	2.9466859903381675
64	2025-06-06T14:40:00Z	23.53768599033817	20.591	2.9466859903381675
64	2025-06-06T14:50:00Z	23.035864044168395	20.591	2.444864044168394
64	2025-06-06T15:00:00Z	23.035864044168395	20.091	2.944864044168394
64	2025-06-06T15:10:00Z	23.035864044168395	20.591	2.444864044168394
64	2025-06-06T15:20:00Z	22.534042097998626	21.092	1.4420420979986268
64	2025-06-06T15:30:00Z	22.534042097998626	21.092	1.4420420979986268
64	2025-06-06T15:40:00Z	22.534042097998626	21.092	1.4420420979986268
64	2025-06-06T15:50:00Z	22.534042097998626	21.592	0.9420420979986268
64	2025-06-06T16:00:00Z	22.534042097998626	22.093	0.4410420979986256
64	2025-06-06T16:10:00Z	23.035864044168395	22.093	0.9428640441683953
64	2025-06-06T16:20:00Z	23.035864044168395	22.093	0.9428640441683953
64	2025-06-06T16:30:00Z	27.050439613526574	22.093	4.957439613526574
64	2025-06-06T16:40:00Z	30.56319323671498	22.093	8.47019323671498
64	2025-06-06T16:50:00Z	30.06137129054521	21.592	8.469371290545212
64	2025-06-06T17:00:00Z	29.559549344375437	22.093	7.466549344375437
64	2025-06-06T17:10:00Z	28.05408350586612	22.093	5.961083505866121
64	2025-06-06T17:20:00Z	28.05408350586612	22.093	5.961083505866121
64	2025-06-06T17:30:00Z	28.555905452035894	22.093	6.462905452035894
64	2025-06-06T17:40:00Z	30.56319323671498	22.093	8.47019323671498
64	2025-06-06T17:50:00Z	30.06137129054521	22.093	7.96837129054521
64	2025-06-06T18:00:00Z	30.06137129054521	21.592	8.469371290545212
64	2025-06-06T18:10:00Z	34.57776880607316	21.592	12.98576880607316
64	2025-06-06T18:20:00Z	35.581412698412706	21.592	13.989412698412707
64	2025-06-06T18:30:00Z	35.581412698412706	21.592	13.989412698412707
64	2025-06-06T18:40:00Z	35.079590752242936	21.592	13.487590752242937
64	2025-06-06T18:50:00Z	34.57776880607316	21.592	12.98576880607316
64	2025-06-06T19:00:00Z	34.57776880607316	21.592	12.98576880607316
64	2025-06-06T19:10:00Z	34.57776880607316	21.592	12.98576880607316
64	2025-06-06T19:20:00Z	34.57776880607316	21.592	12.98576880607316
64	2025-06-06T19:30:00Z	35.581412698412706	21.592	13.989412698412707
64	2025-06-06T19:40:00Z	37.086878536922015	21.592	15.494878536922016
64	2025-06-06T19:50:00Z	37.086878536922015	21.592	15.494878536922016
64	2025-06-06T20:00:00Z	31.566837129054527	21.592	9.974837129054528
64	2025-06-06T20:10:00Z	30.06137129054521	21.592	8.469371290545212
64	2025-06-06T20:20:00Z	30.06137129054521	21.592	8.469371290545212
64	2025-06-06T20:30:00Z	34.57776880607316	21.592	12.98576880607316
64	2025-06-06T20:40:00Z	35.581412698412706	21.592	13.989412698412707
64	2025-06-06T20:50:00Z	36.083234644582475	21.592	14.491234644582477
64	2025-06-06T21:00:00Z	35.581412698412706	21.592	13.989412698412707
64	2025-06-06T21:10:00Z	36.083234644582475	21.592	14.491234644582477
64	2025-06-06T21:20:00Z	36.083234644582475	21.592	14.491234644582477
64	2025-06-06T21:30:00Z	36.083234644582475	21.592	14.491234644582477
64	2025-06-06T21:40:00Z	35.079590752242936	21.092	13.987590752242937
64	2025-06-06T21:50:00Z	30.56319323671498	21.092	9.471193236714981
64	2025-06-06T22:00:00Z	35.581412698412706	21.092	14.489412698412707
64	2025-06-06T22:10:00Z	36.58505659075225	21.092	15.493056590752253
64	2025-06-06T22:20:00Z	34.57776880607316	21.092	13.48576880607316
64	2025-06-06T22:30:00Z	36.083234644582475	20.591	15.492234644582474
64	2025-06-06T22:40:00Z	35.581412698412706	20.591	14.990412698412705
64	2025-06-06T22:50:00Z	34.07594685990339	20.591	13.484946859903388
64	2025-06-06T23:00:00Z	34.57776880607316	20.591	13.986768806073158
64	2025-06-06T23:10:00Z	33.072302967563836	20.591	12.481302967563835
64	2025-06-06T23:20:00Z	35.581412698412706	20.591	14.990412698412705
64	2025-06-06T23:30:00Z	35.079590752242936	20.591	14.488590752242935
64	2025-06-06T23:40:00Z	35.581412698412706	20.591	14.990412698412705
64	2025-06-06T23:50:00Z	36.083234644582475	20.591	15.492234644582474
64	2025-06-07T00:00:00Z	35.079590752242936	20.591	14.488590752242935
74	2025-06-03T16:40:00Z	38.57711101804614	29.591	8.986111018046138
74	2025-06-03T16:50:00Z	36.55066435696337	29.091	7.459664356963366
74	2025-06-03T17:00:00Z	37.057276022234056	29.091	7.966276022234055
74	2025-06-03T17:10:00Z	38.57711101804614	29.091	9.486111018046138
74	2025-06-03T17:20:00Z	37.057276022234056	29.091	7.966276022234055
74	2025-06-03T17:30:00Z	37.56388768750475	29.091	8.472887687504752
74	2025-06-03T17:40:00Z	37.56388768750475	29.091	8.472887687504752
74	2025-06-03T17:50:00Z	37.56388768750475	29.091	8.472887687504752
74	2025-06-03T18:00:00Z	37.057276022234056	29.091	7.966276022234055
74	2025-06-03T18:10:00Z	37.057276022234056	28.592	8.465276022234058
74	2025-06-03T18:20:00Z	36.55066435696337	28.592	7.958664356963368
74	2025-06-03T18:30:00Z	36.55066435696337	28.592	7.958664356963368
74	2025-06-03T18:40:00Z	36.04405269169268	28.092	7.952052691692678
74	2025-06-03T18:50:00Z	35.53744102642199	27.093	8.444441026421988
74	2025-06-03T19:00:00Z	35.03082936115129	26.593	8.437829361151291
74	2025-06-03T19:10:00Z	34.5242176958806	26.094	8.4302176958806
74	2025-06-03T19:20:00Z	34.5242176958806	26.094	8.4302176958806
74	2025-06-03T19:30:00Z	35.03082936115129	25.594	9.43682936115129
74	2025-06-03T19:40:00Z	36.04405269169268	25.594	10.450052691692676
74	2025-06-03T19:50:00Z	37.56388768750475	25.594	11.969887687504752
74	2025-06-03T20:00:00Z	37.057276022234056	25.094	11.963276022234055
74	2025-06-03T20:10:00Z	35.53744102642199	25.094	10.443441026421986
74	2025-06-03T20:20:00Z	35.03082936115129	24.594	10.43682936115129
74	2025-06-03T20:30:00Z	38.07049935277545	24.594	13.476499352775448
74	2025-06-03T20:40:00Z	37.057276022234056	24.094	12.963276022234055
74	2025-06-03T20:50:00Z	38.07049935277545	24.094	13.976499352775448
74	2025-06-03T21:00:00Z	37.56388768750475	24.094	13.469887687504752
74	2025-06-03T21:10:00Z	37.56388768750475	24.094	13.469887687504752
74	2025-06-03T21:20:00Z	38.07049935277545	24.094	13.976499352775448
74	2025-06-03T21:30:00Z	36.55066435696337	24.094	12.456664356963365
74	2025-06-03T21:40:00Z	36.55066435696337	23.594	12.956664356963365
74	2025-06-03T21:50:00Z	37.56388768750475	23.594	13.969887687504752
74	2025-06-03T22:00:00Z	37.057276022234056	23.594	13.463276022234055
74	2025-06-03T22:10:00Z	36.04405269169268	23.093	12.951052691692677
74	2025-06-03T22:20:00Z	36.04405269169268	23.093	12.951052691692677
74	2025-06-03T22:30:00Z	35.53744102642199	23.093	12.444441026421988
74	2025-06-03T22:40:00Z	36.04405269169268	23.093	12.951052691692677
74	2025-06-03T22:50:00Z	36.04405269169268	23.093	12.951052691692677
74	2025-06-03T23:00:00Z	36.04405269169268	23.093	12.951052691692677
74	2025-06-03T23:10:00Z	36.04405269169268	23.093	12.951052691692677
74	2025-06-03T23:20:00Z	37.057276022234056	23.093	13.964276022234056
74	2025-06-03T23:30:00Z	37.057276022234056	23.093	13.964276022234056
74	2025-06-03T23:40:00Z	37.057276022234056	23.093	13.964276022234056
74	2025-06-03T23:50:00Z	35.03082936115129	23.093	11.937829361151291
74	2025-06-04T00:00:00Z	36.04405269169268	23.093	12.951052691692677
74	2025-06-04T00:10:00Z	36.04405269169268	23.093	12.951052691692677
74	2025-06-04T00:20:00Z	35.53744102642199	23.093	12.444441026421988
74	2025-06-04T00:30:00Z	36.55066435696337	23.093	13.457664356963367
74	2025-06-04T00:40:00Z	36.55066435696337	23.093	13.457664356963367
74	2025-06-04T00:50:00Z	36.55066435696337	23.093	13.457664356963367
74	2025-06-04T01:00:00Z	36.55066435696337	23.093	13.457664356963367
74	2025-06-04T01:10:00Z	36.04405269169268	23.093	12.951052691692677
74	2025-06-04T01:20:00Z	36.04405269169268	22.593	13.451052691692677
74	2025-06-04T01:30:00Z	36.04405269169268	22.593	13.451052691692677
74	2025-06-04T01:40:00Z	36.04405269169268	22.593	13.451052691692677
74	2025-06-04T01:50:00Z	35.53744102642199	22.593	12.944441026421988
74	2025-06-04T02:00:00Z	35.03082936115129	22.593	12.437829361151291
74	2025-06-04T02:10:00Z	35.03082936115129	22.593	12.437829361151291
74	2025-06-04T02:20:00Z	35.03082936115129	22.593	12.437829361151291
74	2025-06-04T02:30:00Z	35.53744102642199	22.593	12.944441026421988
74	2025-06-04T02:40:00Z	35.03082936115129	22.093	12.937829361151291
74	2025-06-04T02:50:00Z	35.03082936115129	22.093	12.937829361151291
74	2025-06-04T03:00:00Z	34.5242176958806	22.093	12.431217695880601
74	2025-06-04T03:10:00Z	34.5242176958806	22.093	12.431217695880601
74	2025-06-04T03:20:00Z	34.5242176958806	22.093	12.431217695880601
74	2025-06-04T03:30:00Z	35.03082936115129	22.093	12.937829361151291
74	2025-06-04T03:40:00Z	34.5242176958806	22.093	12.431217695880601
74	2025-06-04T03:50:00Z	34.01760603060991	21.592	12.425606030609913
74	2025-06-04T04:00:00Z	37.057276022234056	21.592	15.465276022234058
74	2025-06-04T04:10:00Z	37.057276022234056	21.592	15.465276022234058
74	2025-06-04T04:20:00Z	36.04405269169268	21.592	14.452052691692678
74	2025-06-04T04:30:00Z	36.04405269169268	21.592	14.452052691692678
74	2025-06-04T04:40:00Z	33.004382700068525	21.592	11.412382700068527
74	2025-06-04T04:50:00Z	34.5242176958806	21.592	12.932217695880603
74	2025-06-04T05:00:00Z	36.04405269169268	21.092	14.952052691692678
74	2025-06-04T05:10:00Z	36.55066435696337	21.592	14.958664356963368
74	2025-06-04T05:20:00Z	36.04405269169268	21.592	14.452052691692678
74	2025-06-04T05:30:00Z	36.04405269169268	21.092	14.952052691692678
74	2025-06-04T05:40:00Z	36.04405269169268	21.092	14.952052691692678
74	2025-06-04T05:50:00Z	34.5242176958806	21.092	13.432217695880603
74	2025-06-04T06:00:00Z	36.04405269169268	21.592	14.452052691692678
74	2025-06-04T06:10:00Z	36.04405269169268	21.592	14.452052691692678
74	2025-06-04T06:20:00Z	35.53744102642199	21.092	14.445441026421989
74	2025-06-04T06:30:00Z	35.03082936115129	21.092	13.938829361151292
74	2025-06-04T06:40:00Z	35.03082936115129	20.591	14.43982936115129
74	2025-06-04T06:50:00Z	35.03082936115129	21.092	13.938829361151292
74	2025-06-04T07:00:00Z	34.5242176958806	20.591	13.9332176958806
74	2025-06-04T07:10:00Z	34.01760603060991	20.591	13.42660603060991
74	2025-06-04T07:20:00Z	34.01760603060991	20.591	13.42660603060991
74	2025-06-04T07:30:00Z	34.01760603060991	21.092	12.925606030609913
74	2025-06-04T07:40:00Z	33.510994365339215	21.592	11.918994365339216
74	2025-06-04T07:50:00Z	33.510994365339215	21.592	11.918994365339216
74	2025-06-04T08:00:00Z	33.004382700068525	22.593	10.411382700068526
74	2025-06-04T08:10:00Z	32.49777103479783	24.594	7.903771034797828
74	2025-06-04T08:20:00Z	32.49777103479783	23.594	8.903771034797828
74	2025-06-04T08:30:00Z	32.49777103479783	22.093	10.404771034797829
74	2025-06-04T08:40:00Z	32.49777103479783	21.592	10.90577103479783
74	2025-06-04T08:50:00Z	31.991159369527143	22.093	9.898159369527143
74	2025-06-04T09:00:00Z	31.991159369527143	22.093	9.898159369527143
74	2025-06-04T09:10:00Z	31.991159369527143	23.594	8.397159369527142
74	2025-06-04T09:20:00Z	31.48454770425645	26.593	4.89154770425645
74	2025-06-04T09:30:00Z	31.48454770425645	28.592	2.892547704256451
74	2025-06-04T09:40:00Z	30.97793603898576	28.092	2.8859360389857613
74	2025-06-04T09:50:00Z	30.97793603898576	27.093	3.88493603898576
74	2025-06-04T10:00:00Z	30.471324373715067	26.593	3.878324373715067
74	2025-06-04T10:10:00Z	30.471324373715067	27.093	3.378324373715067
74	2025-06-04T10:20:00Z	30.471324373715067	26.593	3.878324373715067
74	2025-06-04T10:30:00Z	30.97793603898576	27.593	3.38493603898576
74	2025-06-04T10:40:00Z	31.991159369527143	27.593	4.398159369527143
74	2025-06-04T10:50:00Z	31.48454770425645	27.093	4.39154770425645
74	2025-06-04T11:00:00Z	31.991159369527143	27.093	4.898159369527143
74	2025-06-04T11:10:00Z	33.510994365339215	27.593	5.917994365339215
74	2025-06-04T11:20:00Z	34.5242176958806	27.593	6.931217695880601
74	2025-06-04T11:30:00Z	35.03082936115129	27.093	7.937829361151291
74	2025-06-04T11:40:00Z	35.53744102642199	27.593	7.944441026421988
74	2025-06-04T11:50:00Z	36.04405269169268	27.593	8.451052691692677
74	2025-06-04T12:00:00Z	36.04405269169268	27.093	8.951052691692677
74	2025-06-04T12:10:00Z	35.53744102642199	27.593	7.944441026421988
74	2025-06-04T12:20:00Z	35.53744102642199	27.093	8.444441026421988
74	2025-06-04T12:30:00Z	35.53744102642199	27.593	7.944441026421988
74	2025-06-04T12:40:00Z	35.53744102642199	27.093	8.444441026421988
74	2025-06-04T12:50:00Z	35.03082936115129	27.593	7.437829361151291
74	2025-06-04T13:00:00Z	35.03082936115129	28.092	6.938829361151292
74	2025-06-04T13:10:00Z	34.5242176958806	28.092	6.4322176958806025
74	2025-06-04T13:20:00Z	35.03082936115129	28.092	6.938829361151292
74	2025-06-04T13:30:00Z	34.5242176958806	28.092	6.4322176958806025
74	2025-06-04T13:40:00Z	34.01760603060991	28.092	5.925606030609913
74	2025-06-04T13:50:00Z	33.510994365339215	28.592	4.918994365339216
74	2025-06-04T14:00:00Z	34.01760603060991	28.592	5.425606030609913
74	2025-06-04T14:10:00Z	34.01760603060991	28.592	5.425606030609913
74	2025-06-04T14:20:00Z	34.01760603060991	28.592	5.425606030609913
74	2025-06-04T14:30:00Z	34.01760603060991	28.592	5.425606030609913
74	2025-06-04T14:40:00Z	34.01760603060991	28.592	5.425606030609913
74	2025-06-04T14:50:00Z	33.510994365339215	28.592	4.918994365339216
74	2025-06-04T15:00:00Z	34.01760603060991	29.091	4.926606030609911
74	2025-06-04T15:10:00Z	34.01760603060991	28.592	5.425606030609913
74	2025-06-04T15:20:00Z	34.5242176958806	29.091	5.4332176958806
74	2025-06-04T15:30:00Z	34.01760603060991	29.091	4.926606030609911
74	2025-06-04T15:40:00Z	34.01760603060991	29.091	4.926606030609911
74	2025-06-04T15:50:00Z	34.5242176958806	29.091	5.4332176958806
74	2025-06-04T16:00:00Z	35.03082936115129	29.091	5.93982936115129
74	2025-06-04T16:10:00Z	35.53744102642199	29.091	6.4464410264219865
74	2025-06-04T16:20:00Z	36.04405269169268	28.592	7.452052691692678
74	2025-06-04T16:30:00Z	36.55066435696337	28.592	7.958664356963368
74	2025-06-04T16:40:00Z	36.55066435696337	29.091	7.459664356963366
74	2025-06-04T16:50:00Z	35.03082936115129	28.592	6.438829361151292
74	2025-06-04T17:00:00Z	35.03082936115129	28.592	6.438829361151292
74	2025-06-04T17:10:00Z	35.03082936115129	28.592	6.438829361151292
74	2025-06-04T17:20:00Z	35.53744102642199	28.592	6.945441026421989
74	2025-06-04T17:30:00Z	36.55066435696337	28.592	7.958664356963368
74	2025-06-04T17:40:00Z	36.55066435696337	28.592	7.958664356963368
74	2025-06-04T17:50:00Z	36.55066435696337	28.092	8.458664356963368
74	2025-06-04T18:00:00Z	36.55066435696337	28.092	8.458664356963368
74	2025-06-04T18:10:00Z	36.55066435696337	27.593	8.957664356963367
74	2025-06-04T18:20:00Z	36.55066435696337	27.593	8.957664356963367
74	2025-06-04T18:30:00Z	36.55066435696337	27.093	9.457664356963367
74	2025-06-04T18:40:00Z	36.55066435696337	26.593	9.957664356963367
74	2025-06-04T18:50:00Z	36.55066435696337	26.094	10.456664356963365
74	2025-06-04T19:00:00Z	36.55066435696337	25.594	10.956664356963365
74	2025-06-04T19:10:00Z	36.55066435696337	25.594	10.956664356963365
74	2025-06-04T19:20:00Z	36.55066435696337	25.094	11.456664356963365
74	2025-06-04T19:30:00Z	36.55066435696337	25.094	11.456664356963365
74	2025-06-04T19:40:00Z	36.55066435696337	25.094	11.456664356963365
74	2025-06-04T19:50:00Z	37.057276022234056	25.094	11.963276022234055
74	2025-06-04T20:00:00Z	36.04405269169268	24.594	11.450052691692676
74	2025-06-04T20:10:00Z	37.56388768750475	24.094	13.469887687504752
74	2025-06-04T20:20:00Z	38.57711101804614	24.094	14.483111018046138
74	2025-06-04T20:30:00Z	36.04405269169268	23.594	12.450052691692676
74	2025-06-04T20:40:00Z	36.55066435696337	23.594	12.956664356963365
74	2025-06-04T20:50:00Z	37.057276022234056	24.094	12.963276022234055
74	2025-06-04T21:00:00Z	36.55066435696337	23.594	12.956664356963365
74	2025-06-04T21:10:00Z	36.04405269169268	23.594	12.450052691692676
74	2025-06-04T21:20:00Z	36.55066435696337	23.594	12.956664356963365
74	2025-06-04T21:30:00Z	37.057276022234056	23.093	13.964276022234056
74	2025-06-04T21:40:00Z	36.55066435696337	23.093	13.457664356963367
74	2025-06-04T21:50:00Z	34.5242176958806	22.593	11.931217695880601
74	2025-06-04T22:00:00Z	35.53744102642199	22.593	12.944441026421988
74	2025-06-04T22:10:00Z	35.53744102642199	23.093	12.444441026421988
74	2025-06-04T22:20:00Z	35.03082936115129	22.593	12.437829361151291
74	2025-06-04T22:30:00Z	35.53744102642199	22.593	12.944441026421988
74	2025-06-04T22:40:00Z	34.5242176958806	22.593	11.931217695880601
74	2025-06-04T22:50:00Z	35.53744102642199	22.093	13.444441026421988
74	2025-06-04T23:00:00Z	35.03082936115129	22.093	12.937829361151291
74	2025-06-04T23:10:00Z	34.5242176958806	21.592	12.932217695880603
74	2025-06-04T23:20:00Z	36.55066435696337	21.592	14.958664356963368
74	2025-06-04T23:30:00Z	35.03082936115129	21.592	13.438829361151292
74	2025-06-04T23:40:00Z	33.004382700068525	21.592	11.412382700068527
74	2025-06-04T23:50:00Z	35.53744102642199	21.592	13.945441026421989
74	2025-06-05T00:00:00Z	35.53744102642199	21.592	13.945441026421989
74	2025-06-05T00:10:00Z	34.01760603060991	22.093	11.924606030609912
74	2025-06-05T00:20:00Z	35.53744102642199	22.093	13.444441026421988
74	2025-06-05T00:30:00Z	35.53744102642199	22.093	13.444441026421988
74	2025-06-05T00:40:00Z	35.53744102642199	22.093	13.444441026421988
74	2025-06-05T00:50:00Z	35.03082936115129	22.093	12.937829361151291
74	2025-06-05T01:00:00Z	36.04405269169268	22.093	13.951052691692677
74	2025-06-05T01:10:00Z	35.03082936115129	21.592	13.438829361151292
74	2025-06-05T01:20:00Z	34.5242176958806	21.592	12.932217695880603
74	2025-06-05T01:30:00Z	33.510994365339215	21.592	11.918994365339216
74	2025-06-05T01:40:00Z	35.53744102642199	21.592	13.945441026421989
74	2025-06-05T01:50:00Z	35.03082936115129	21.092	13.938829361151292
74	2025-06-05T02:00:00Z	36.04405269169268	21.092	14.952052691692678
74	2025-06-05T02:10:00Z	35.53744102642199	21.092	14.445441026421989
74	2025-06-05T02:20:00Z	32.49777103479783	21.092	11.40577103479783
74	2025-06-05T02:30:00Z	33.004382700068525	21.092	11.912382700068527
74	2025-06-05T02:40:00Z	34.5242176958806	21.092	13.432217695880603
74	2025-06-05T02:50:00Z	33.004382700068525	20.591	12.413382700068524
74	2025-06-05T03:00:00Z	31.48454770425645	20.591	10.893547704256449
74	2025-06-05T03:10:00Z	34.5242176958806	20.591	13.9332176958806
74	2025-06-05T03:20:00Z	34.5242176958806	20.591	13.9332176958806
74	2025-06-05T03:30:00Z	33.510994365339215	20.091	13.419994365339214
74	2025-06-05T03:40:00Z	33.004382700068525	20.591	12.413382700068524
74	2025-06-05T03:50:00Z	33.004382700068525	20.591	12.413382700068524
74	2025-06-05T04:00:00Z	30.97793603898576	20.591	10.386936038985759
74	2025-06-05T04:10:00Z	28.444877712632298	20.091	8.353877712632297
74	2025-06-05T04:20:00Z	33.510994365339215	20.091	13.419994365339214
74	2025-06-05T04:30:00Z	34.01760603060991	20.091	13.92660603060991
74	2025-06-05T04:40:00Z	34.5242176958806	20.091	14.4332176958806
74	2025-06-05T04:50:00Z	31.48454770425645	19.59	11.89454770425645
74	2025-06-05T05:00:00Z	34.5242176958806	20.091	14.4332176958806
74	2025-06-05T05:10:00Z	35.03082936115129	20.091	14.93982936115129
74	2025-06-05T05:20:00Z	34.01760603060991	20.091	13.92660603060991
74	2025-06-05T05:30:00Z	33.510994365339215	20.091	13.419994365339214
74	2025-06-05T05:40:00Z	33.004382700068525	20.091	12.913382700068524
74	2025-06-05T05:50:00Z	32.49777103479783	20.091	12.406771034797828
74	2025-06-05T06:00:00Z	31.991159369527143	20.091	11.900159369527142
74	2025-06-05T06:10:00Z	31.991159369527143	20.091	11.900159369527142
74	2025-06-05T06:20:00Z	33.510994365339215	20.091	13.419994365339214
74	2025-06-05T06:30:00Z	34.01760603060991	20.591	13.42660603060991
74	2025-06-05T06:40:00Z	33.510994365339215	20.591	12.919994365339214
74	2025-06-05T06:50:00Z	33.004382700068525	21.092	11.912382700068527
74	2025-06-05T07:00:00Z	32.49777103479783	21.092	11.40577103479783
74	2025-06-05T07:10:00Z	31.991159369527143	21.092	10.899159369527144
74	2025-06-05T07:20:00Z	31.48454770425645	21.092	10.392547704256451
74	2025-06-05T07:30:00Z	31.48454770425645	21.592	9.892547704256451
74	2025-06-05T07:40:00Z	31.48454770425645	21.592	9.892547704256451
74	2025-06-05T07:50:00Z	30.97793603898576	21.592	9.385936038985761
74	2025-06-05T08:00:00Z	30.471324373715067	22.093	8.378324373715067
74	2025-06-05T08:10:00Z	30.471324373715067	22.593	7.878324373715067
74	2025-06-05T08:20:00Z	29.96471270844437	25.094	4.870712708444369
74	2025-06-05T08:30:00Z	29.96471270844437	25.094	4.870712708444369
74	2025-06-05T08:40:00Z	30.471324373715067	26.094	4.377324373715066
74	2025-06-05T08:50:00Z	30.471324373715067	28.092	2.379324373715068
74	2025-06-05T09:00:00Z	30.471324373715067	26.593	3.878324373715067
74	2025-06-05T09:10:00Z	30.471324373715067	28.592	1.8793243737150682
74	2025-06-05T09:20:00Z	30.471324373715067	30.09	0.3813243737150671
74	2025-06-05T09:30:00Z	30.471324373715067	30.09	0.3813243737150671
74	2025-06-05T09:40:00Z	30.97793603898576	28.092	2.8859360389857613
74	2025-06-05T09:50:00Z	30.97793603898576	27.093	3.88493603898576
74	2025-06-05T10:00:00Z	30.97793603898576	27.093	3.88493603898576
74	2025-06-05T10:10:00Z	30.97793603898576	27.093	3.88493603898576
74	2025-06-05T10:20:00Z	30.97793603898576	27.093	3.88493603898576
74	2025-06-05T10:30:00Z	31.48454770425645	27.093	4.39154770425645
74	2025-06-05T10:40:00Z	31.48454770425645	27.593	3.8915477042564497
74	2025-06-05T10:50:00Z	31.991159369527143	27.593	4.398159369527143
74	2025-06-05T11:00:00Z	31.991159369527143	28.092	3.899159369527144
74	2025-06-05T11:10:00Z	31.991159369527143	27.593	4.398159369527143
74	2025-06-05T11:20:00Z	32.49777103479783	27.593	4.904771034797829
74	2025-06-05T11:30:00Z	32.49777103479783	27.093	5.404771034797829
74	2025-06-05T11:40:00Z	32.49777103479783	27.093	5.404771034797829
74	2025-06-05T11:50:00Z	32.49777103479783	27.593	4.904771034797829
74	2025-06-05T12:00:00Z	32.49777103479783	28.092	4.40577103479783
74	2025-06-05T12:10:00Z	32.49777103479783	28.092	4.40577103479783
74	2025-06-05T12:20:00Z	32.49777103479783	27.593	4.904771034797829
74	2025-06-05T12:30:00Z	33.004382700068525	27.593	5.4113827000685255
74	2025-06-05T12:40:00Z	33.004382700068525	27.593	5.4113827000685255
74	2025-06-05T12:50:00Z	33.004382700068525	28.092	4.912382700068527
74	2025-06-05T13:00:00Z	33.004382700068525	28.092	4.912382700068527
74	2025-06-05T13:10:00Z	33.004382700068525	28.092	4.912382700068527
74	2025-06-05T13:20:00Z	33.004382700068525	28.092	4.912382700068527
74	2025-06-05T13:30:00Z	33.004382700068525	28.092	4.912382700068527
74	2025-06-05T13:40:00Z	33.510994365339215	27.593	5.917994365339215
74	2025-06-05T13:50:00Z	33.510994365339215	27.093	6.417994365339215
74	2025-06-05T14:00:00Z	33.510994365339215	27.593	5.917994365339215
74	2025-06-05T14:10:00Z	33.004382700068525	27.593	5.4113827000685255
74	2025-06-05T14:20:00Z	33.004382700068525	27.593	5.4113827000685255
74	2025-06-05T14:30:00Z	33.004382700068525	28.092	4.912382700068527
74	2025-06-05T14:40:00Z	33.004382700068525	28.092	4.912382700068527
74	2025-06-05T14:50:00Z	33.004382700068525	28.092	4.912382700068527
74	2025-06-05T15:00:00Z	33.510994365339215	28.592	4.918994365339216
74	2025-06-05T15:10:00Z	33.510994365339215	28.092	5.418994365339216
74	2025-06-05T15:20:00Z	33.510994365339215	28.092	5.418994365339216
74	2025-06-05T15:30:00Z	36.55066435696337	28.592	7.958664356963368
74	2025-06-05T15:40:00Z	35.53744102642199	28.592	6.945441026421989
74	2025-06-05T15:50:00Z	36.55066435696337	28.592	7.958664356963368
74	2025-06-05T16:00:00Z	36.04405269169268	28.592	7.452052691692678
74	2025-06-05T16:10:00Z	35.53744102642199	29.091	6.4464410264219865
74	2025-06-05T16:20:00Z	35.03082936115129	29.091	5.93982936115129
74	2025-06-05T16:30:00Z	35.03082936115129	29.091	5.93982936115129
74	2025-06-05T16:40:00Z	34.5242176958806	29.091	5.4332176958806
74	2025-06-05T16:50:00Z	36.04405269169268	29.091	6.953052691692676
74	2025-06-05T17:00:00Z	36.55066435696337	29.091	7.459664356963366
74	2025-06-05T17:10:00Z	36.04405269169268	28.592	7.452052691692678
74	2025-06-05T17:20:00Z	35.53744102642199	28.592	6.945441026421989
74	2025-06-05T17:30:00Z	35.03082936115129	28.592	6.438829361151292
74	2025-06-05T17:40:00Z	35.03082936115129	28.092	6.938829361151292
74	2025-06-05T17:50:00Z	34.5242176958806	28.092	6.4322176958806025
74	2025-06-05T18:00:00Z	34.5242176958806	27.593	6.931217695880601
74	2025-06-05T18:10:00Z	35.53744102642199	27.093	8.444441026421988
74	2025-06-05T18:20:00Z	35.03082936115129	26.593	8.437829361151291
74	2025-06-05T18:30:00Z	34.5242176958806	26.593	7.931217695880601
74	2025-06-05T18:40:00Z	34.5242176958806	25.594	8.9302176958806
74	2025-06-05T18:50:00Z	35.03082936115129	25.594	9.43682936115129
74	2025-06-05T19:00:00Z	35.03082936115129	25.094	9.93682936115129
74	2025-06-05T19:10:00Z	34.5242176958806	24.594	9.9302176958806
74	2025-06-05T19:20:00Z	33.510994365339215	24.094	9.416994365339214
74	2025-06-05T19:30:00Z	36.55066435696337	24.094	12.456664356963365
74	2025-06-05T19:40:00Z	35.03082936115129	23.594	11.43682936115129
74	2025-06-05T19:50:00Z	35.03082936115129	23.594	11.43682936115129
74	2025-06-05T20:00:00Z	36.55066435696337	23.594	12.956664356963365
74	2025-06-05T20:10:00Z	36.55066435696337	23.594	12.956664356963365
74	2025-06-05T20:20:00Z	38.07049935277545	23.093	14.97749935277545
74	2025-06-05T20:30:00Z	38.07049935277545	23.093	14.97749935277545
74	2025-06-05T20:40:00Z	37.56388768750475	23.093	14.470887687504753
74	2025-06-05T20:50:00Z	36.55066435696337	22.593	13.957664356963367
74	2025-06-05T21:00:00Z	35.53744102642199	22.593	12.944441026421988
74	2025-06-05T21:10:00Z	37.057276022234056	22.593	14.464276022234056
74	2025-06-05T21:20:00Z	37.56388768750475	22.093	15.470887687504753
74	2025-06-05T21:30:00Z	37.56388768750475	22.093	15.470887687504753
74	2025-06-05T21:40:00Z	37.057276022234056	22.093	14.964276022234056
74	2025-06-05T21:50:00Z	37.057276022234056	22.093	14.964276022234056
74	2025-06-05T22:00:00Z	37.057276022234056	22.093	14.964276022234056
74	2025-06-05T22:10:00Z	37.057276022234056	22.593	14.464276022234056
74	2025-06-05T22:20:00Z	36.55066435696337	22.593	13.957664356963367
74	2025-06-05T22:30:00Z	36.55066435696337	22.093	14.457664356963367
74	2025-06-05T22:40:00Z	36.55066435696337	22.093	14.457664356963367
74	2025-06-05T22:50:00Z	33.510994365339215	22.093	11.417994365339215
74	2025-06-05T23:00:00Z	36.04405269169268	22.093	13.951052691692677
74	2025-06-05T23:10:00Z	34.5242176958806	22.093	12.431217695880601
74	2025-06-05T23:20:00Z	36.55066435696337	22.093	14.457664356963367
74	2025-06-05T23:30:00Z	36.04405269169268	22.093	13.951052691692677
74	2025-06-05T23:40:00Z	35.03082936115129	22.093	12.937829361151291
74	2025-06-05T23:50:00Z	33.004382700068525	22.093	10.911382700068526
74	2025-06-06T00:00:00Z	36.04405269169268	22.093	13.951052691692677
74	2025-06-06T00:10:00Z	36.04405269169268	21.592	14.452052691692678
74	2025-06-06T00:20:00Z	35.53744102642199	21.592	13.945441026421989
74	2025-06-06T00:30:00Z	36.04405269169268	21.592	14.452052691692678
74	2025-06-06T00:40:00Z	35.53744102642199	21.592	13.945441026421989
74	2025-06-06T00:50:00Z	36.04405269169268	21.592	14.452052691692678
74	2025-06-06T01:00:00Z	36.04405269169268	21.592	14.452052691692678
74	2025-06-06T01:10:00Z	34.5242176958806	21.592	12.932217695880603
74	2025-06-06T01:20:00Z	36.04405269169268	21.592	14.452052691692678
74	2025-06-06T01:30:00Z	36.55066435696337	21.592	14.958664356963368
74	2025-06-06T01:40:00Z	36.04405269169268	21.592	14.452052691692678
74	2025-06-06T01:50:00Z	36.04405269169268	21.592	14.452052691692678
74	2025-06-06T02:00:00Z	35.03082936115129	21.592	13.438829361151292
74	2025-06-06T02:10:00Z	35.53744102642199	21.592	13.945441026421989
74	2025-06-06T02:20:00Z	36.04405269169268	21.592	14.452052691692678
74	2025-06-06T02:30:00Z	36.04405269169268	21.592	14.452052691692678
74	2025-06-06T02:40:00Z	35.53744102642199	21.092	14.445441026421989
74	2025-06-06T02:50:00Z	33.510994365339215	21.092	12.418994365339216
74	2025-06-06T03:00:00Z	35.03082936115129	21.092	13.938829361151292
74	2025-06-06T03:10:00Z	36.55066435696337	21.092	15.458664356963368
74	2025-06-06T03:20:00Z	35.53744102642199	21.092	14.445441026421989
74	2025-06-06T03:30:00Z	36.04405269169268	21.092	14.952052691692678
74	2025-06-06T03:40:00Z	35.03082936115129	21.092	13.938829361151292
74	2025-06-06T03:50:00Z	35.03082936115129	21.092	13.938829361151292
74	2025-06-06T04:00:00Z	34.5242176958806	21.092	13.432217695880603
74	2025-06-06T04:10:00Z	34.5242176958806	21.092	13.432217695880603
74	2025-06-06T04:20:00Z	34.01760603060991	21.092	12.925606030609913
74	2025-06-06T04:30:00Z	34.01760603060991	21.092	12.925606030609913
74	2025-06-06T04:40:00Z	34.5242176958806	21.092	13.432217695880603
74	2025-06-06T04:50:00Z	33.004382700068525	21.092	11.912382700068527
74	2025-06-06T05:00:00Z	35.03082936115129	21.092	13.938829361151292
74	2025-06-06T05:10:00Z	35.53744102642199	21.092	14.445441026421989
74	2025-06-06T05:20:00Z	34.01760603060991	21.092	12.925606030609913
74	2025-06-06T05:30:00Z	33.510994365339215	21.092	12.418994365339216
74	2025-06-06T05:40:00Z	34.01760603060991	21.092	12.925606030609913
74	2025-06-06T05:50:00Z	34.5242176958806	20.591	13.9332176958806
74	2025-06-06T06:00:00Z	35.03082936115129	21.092	13.938829361151292
74	2025-06-06T06:10:00Z	34.5242176958806	20.591	13.9332176958806
74	2025-06-06T06:20:00Z	34.5242176958806	20.591	13.9332176958806
74	2025-06-06T06:30:00Z	34.01760603060991	20.591	13.42660603060991
74	2025-06-06T06:40:00Z	33.510994365339215	20.591	12.919994365339214
74	2025-06-06T06:50:00Z	33.510994365339215	20.591	12.919994365339214
74	2025-06-06T07:00:00Z	33.004382700068525	20.591	12.413382700068524
74	2025-06-06T07:10:00Z	32.49777103479783	21.092	11.40577103479783
74	2025-06-06T07:20:00Z	31.991159369527143	21.592	10.399159369527144
74	2025-06-06T07:30:00Z	31.991159369527143	22.093	9.898159369527143
74	2025-06-06T07:40:00Z	31.48454770425645	23.093	8.39154770425645
74	2025-06-06T07:50:00Z	31.48454770425645	23.594	7.8905477042564485
74	2025-06-06T08:00:00Z	30.97793603898576	24.594	6.383936038985759
74	2025-06-06T08:10:00Z	30.97793603898576	25.094	5.883936038985759
74	2025-06-06T08:20:00Z	30.471324373715067	25.094	5.377324373715066
74	2025-06-06T08:30:00Z	30.471324373715067	25.594	4.877324373715066
74	2025-06-06T08:40:00Z	30.471324373715067	26.094	4.377324373715066
74	2025-06-06T08:50:00Z	30.471324373715067	25.594	4.877324373715066
74	2025-06-06T09:00:00Z	30.97793603898576	25.094	5.883936038985759
74	2025-06-06T09:10:00Z	30.97793603898576	26.094	4.883936038985759
74	2025-06-06T09:20:00Z	30.97793603898576	25.094	5.883936038985759
74	2025-06-06T09:30:00Z	30.97793603898576	25.594	5.383936038985759
74	2025-06-06T09:40:00Z	30.97793603898576	25.094	5.883936038985759
74	2025-06-06T09:50:00Z	30.97793603898576	24.594	6.383936038985759
74	2025-06-06T10:00:00Z	30.471324373715067	25.094	5.377324373715066
74	2025-06-06T10:10:00Z	30.471324373715067	25.594	4.877324373715066
74	2025-06-06T10:20:00Z	30.471324373715067	25.094	5.377324373715066
74	2025-06-06T10:30:00Z	30.471324373715067	25.094	5.377324373715066
74	2025-06-06T10:40:00Z	30.471324373715067	25.094	5.377324373715066
74	2025-06-06T10:50:00Z	30.471324373715067	25.094	5.377324373715066
74	2025-06-06T11:00:00Z	30.471324373715067	25.094	5.377324373715066
74	2025-06-06T11:10:00Z	30.471324373715067	26.094	4.377324373715066
74	2025-06-06T11:20:00Z	30.97793603898576	27.093	3.88493603898576
74	2025-06-06T11:30:00Z	30.97793603898576	27.593	3.38493603898576
74	2025-06-06T11:40:00Z	30.97793603898576	28.092	2.8859360389857613
74	2025-06-06T11:50:00Z	31.48454770425645	28.092	3.392547704256451
74	2025-06-06T12:00:00Z	31.48454770425645	28.092	3.392547704256451
74	2025-06-06T12:10:00Z	31.48454770425645	27.593	3.8915477042564497
74	2025-06-06T12:20:00Z	31.48454770425645	28.092	3.392547704256451
74	2025-06-06T12:30:00Z	31.991159369527143	27.593	4.398159369527143
74	2025-06-06T12:40:00Z	31.991159369527143	28.092	3.899159369527144
74	2025-06-06T12:50:00Z	31.991159369527143	28.092	3.899159369527144
74	2025-06-06T13:00:00Z	31.991159369527143	27.593	4.398159369527143
74	2025-06-06T13:10:00Z	31.991159369527143	27.093	4.898159369527143
74	2025-06-06T13:20:00Z	31.991159369527143	23.594	8.397159369527142
74	2025-06-06T13:30:00Z	31.991159369527143	23.594	8.397159369527142
74	2025-06-06T13:40:00Z	31.48454770425645	23.093	8.39154770425645
74	2025-06-06T13:50:00Z	31.48454770425645	22.593	8.89154770425645
74	2025-06-06T14:00:00Z	30.97793603898576	21.092	9.885936038985761
74	2025-06-06T14:10:00Z	30.97793603898576	20.591	10.386936038985759
74	2025-06-06T14:20:00Z	30.471324373715067	20.591	9.880324373715066
74	2025-06-06T14:30:00Z	29.96471270844437	20.591	9.37371270844437
74	2025-06-06T14:40:00Z	29.45810104317368	20.591	8.86710104317368
74	2025-06-06T14:50:00Z	29.45810104317368	20.591	8.86710104317368
74	2025-06-06T15:00:00Z	29.45810104317368	20.091	9.36710104317368
74	2025-06-06T15:10:00Z	31.48454770425645	20.591	10.893547704256449
74	2025-06-06T15:20:00Z	31.48454770425645	21.092	10.392547704256451
74	2025-06-06T15:30:00Z	31.48454770425645	21.092	10.392547704256451
74	2025-06-06T15:40:00Z	31.48454770425645	21.092	10.392547704256451
74	2025-06-06T15:50:00Z	31.48454770425645	21.592	9.892547704256451
74	2025-06-06T16:00:00Z	31.48454770425645	22.093	9.39154770425645
74	2025-06-06T16:10:00Z	31.48454770425645	22.093	9.39154770425645
74	2025-06-06T16:20:00Z	32.49777103479783	22.093	10.404771034797829
74	2025-06-06T16:30:00Z	34.5242176958806	22.093	12.431217695880601
74	2025-06-06T16:40:00Z	35.03082936115129	22.093	12.937829361151291
74	2025-06-06T16:50:00Z	31.991159369527143	21.592	10.399159369527144
74	2025-06-06T17:00:00Z	34.01760603060991	22.093	11.924606030609912
74	2025-06-06T17:10:00Z	35.03082936115129	22.093	12.937829361151291
74	2025-06-06T17:20:00Z	34.5242176958806	22.093	12.431217695880601
74	2025-06-06T17:30:00Z	34.5242176958806	22.093	12.431217695880601
74	2025-06-06T17:40:00Z	34.01760603060991	22.093	11.924606030609912
74	2025-06-06T17:50:00Z	33.510994365339215	22.093	11.417994365339215
74	2025-06-06T18:00:00Z	34.01760603060991	21.592	12.425606030609913
74	2025-06-06T18:10:00Z	35.03082936115129	21.592	13.438829361151292
74	2025-06-06T18:20:00Z	36.04405269169268	21.592	14.452052691692678
74	2025-06-06T18:30:00Z	35.53744102642199	21.592	13.945441026421989
74	2025-06-06T18:40:00Z	35.03082936115129	21.592	13.438829361151292
74	2025-06-06T18:50:00Z	34.5242176958806	21.592	12.932217695880603
74	2025-06-06T19:00:00Z	34.5242176958806	21.592	12.932217695880603
74	2025-06-06T19:10:00Z	34.01760603060991	21.592	12.425606030609913
74	2025-06-06T19:20:00Z	34.5242176958806	21.592	12.932217695880603
74	2025-06-06T19:30:00Z	35.53744102642199	21.592	13.945441026421989
74	2025-06-06T19:40:00Z	37.057276022234056	21.592	15.465276022234058
74	2025-06-06T19:50:00Z	37.057276022234056	21.592	15.465276022234058
74	2025-06-06T20:00:00Z	35.53744102642199	21.592	13.945441026421989
74	2025-06-06T20:10:00Z	34.5242176958806	21.592	12.932217695880603
74	2025-06-06T20:20:00Z	34.5242176958806	21.592	12.932217695880603
74	2025-06-06T20:30:00Z	35.53744102642199	21.592	13.945441026421989
74	2025-06-06T20:40:00Z	35.03082936115129	21.592	13.438829361151292
74	2025-06-06T20:50:00Z	35.03082936115129	21.592	13.438829361151292
74	2025-06-06T21:00:00Z	35.03082936115129	21.592	13.438829361151292
74	2025-06-06T21:10:00Z	36.55066435696337	21.592	14.958664356963368
74	2025-06-06T21:20:00Z	36.55066435696337	21.592	14.958664356963368
74	2025-06-06T21:30:00Z	36.55066435696337	21.592	14.958664356963368
74	2025-06-06T21:40:00Z	34.5242176958806	21.092	13.432217695880603
74	2025-06-06T21:50:00Z	34.01760603060991	21.092	12.925606030609913
74	2025-06-06T22:00:00Z	36.55066435696337	21.092	15.458664356963368
74	2025-06-06T22:10:00Z	36.55066435696337	21.092	15.458664356963368
74	2025-06-06T22:20:00Z	36.55066435696337	21.092	15.458664356963368
74	2025-06-06T22:30:00Z	36.55066435696337	20.591	15.959664356963366
74	2025-06-06T22:40:00Z	36.04405269169268	20.591	15.453052691692676
74	2025-06-06T22:50:00Z	36.04405269169268	20.591	15.453052691692676
74	2025-06-06T23:00:00Z	35.53744102642199	20.591	14.946441026421986
74	2025-06-06T23:10:00Z	35.03082936115129	20.591	14.43982936115129
74	2025-06-06T23:20:00Z	33.004382700068525	20.591	12.413382700068524
74	2025-06-06T23:30:00Z	35.53744102642199	20.591	14.946441026421986
74	2025-06-06T23:40:00Z	36.55066435696337	20.591	15.959664356963366
74	2025-06-06T23:50:00Z	36.04405269169268	20.591	15.453052691692676
74	2025-06-07T00:00:00Z	35.53744102642199	20.591	14.946441026421986
73	2025-06-05T16:30:00Z	34.49220049245748	29.091	5.401200492457477
73	2025-06-05T16:40:00Z	34.49220049245748	29.091	5.401200492457477
73	2025-06-05T16:50:00Z	33.487914640704155	29.091	4.3969146407041535
73	2025-06-05T17:00:00Z	32.98577171482749	29.091	3.894771714827492
73	2025-06-05T17:10:00Z	32.48362878895084	28.592	3.8916287889508396
73	2025-06-05T17:20:00Z	32.48362878895084	28.592	3.8916287889508396
73	2025-06-05T17:30:00Z	32.48362878895084	28.592	3.8916287889508396
73	2025-06-05T17:40:00Z	34.49220049245748	28.092	6.400200492457479
73	2025-06-05T17:50:00Z	33.487914640704155	28.092	5.395914640704156
73	2025-06-05T18:00:00Z	32.48362878895084	27.593	4.890628788950838
73	2025-06-05T18:10:00Z	33.990057566580816	27.093	6.897057566580816
73	2025-06-05T18:20:00Z	33.487914640704155	26.593	6.894914640704155
73	2025-06-05T18:30:00Z	33.990057566580816	26.593	7.397057566580816
73	2025-06-05T18:40:00Z	34.49220049245748	25.594	8.898200492457477
73	2025-06-05T18:50:00Z	34.49220049245748	25.594	8.898200492457477
73	2025-06-05T19:00:00Z	33.487914640704155	25.094	8.393914640704153
73	2025-06-05T19:10:00Z	32.48362878895084	24.594	7.889628788950837
73	2025-06-05T19:20:00Z	32.98577171482749	24.094	8.891771714827492
73	2025-06-05T19:30:00Z	37.002915121840765	24.094	12.908915121840764
73	2025-06-05T19:40:00Z	33.990057566580816	23.594	10.396057566580815
73	2025-06-05T19:50:00Z	34.99434341833413	23.594	11.400343418334131
73	2025-06-05T20:00:00Z	35.496486344210794	23.594	11.902486344210793
73	2025-06-05T20:10:00Z	32.48362878895084	23.594	8.889628788950837
73	2025-06-05T20:20:00Z	31.98148586307418	23.093	8.88848586307418
73	2025-06-05T20:30:00Z	37.002915121840765	23.093	13.909915121840765
73	2025-06-05T20:40:00Z	34.99434341833413	23.093	11.901343418334132
73	2025-06-05T20:50:00Z	35.496486344210794	22.593	12.903486344210794
73	2025-06-05T21:00:00Z	34.99434341833413	22.593	12.401343418334132
73	2025-06-05T21:10:00Z	31.98148586307418	22.593	9.38848586307418
73	2025-06-05T21:20:00Z	35.496486344210794	22.093	13.403486344210794
73	2025-06-05T21:30:00Z	34.49220049245748	22.093	12.399200492457478
73	2025-06-05T21:40:00Z	35.496486344210794	22.093	13.403486344210794
73	2025-06-05T21:50:00Z	33.487914640704155	22.093	11.394914640704155
73	2025-06-05T22:00:00Z	35.496486344210794	22.093	13.403486344210794
73	2025-06-05T22:10:00Z	32.98577171482749	22.593	10.392771714827493
73	2025-06-05T22:20:00Z	33.487914640704155	22.593	10.894914640704155
73	2025-06-05T22:30:00Z	34.99434341833413	22.093	12.901343418334132
73	2025-06-05T22:40:00Z	34.99434341833413	22.093	12.901343418334132
73	2025-06-05T22:50:00Z	33.990057566580816	22.093	11.897057566580816
73	2025-06-05T23:00:00Z	34.99434341833413	22.093	12.901343418334132
73	2025-06-05T23:10:00Z	34.49220049245748	22.093	12.399200492457478
73	2025-06-05T23:20:00Z	33.990057566580816	22.093	11.897057566580816
73	2025-06-05T23:30:00Z	33.487914640704155	22.093	11.394914640704155
73	2025-06-05T23:40:00Z	32.98577171482749	22.093	10.892771714827493
73	2025-06-05T23:50:00Z	32.98577171482749	22.093	10.892771714827493
73	2025-06-06T00:00:00Z	33.487914640704155	22.093	11.394914640704155
73	2025-06-06T00:10:00Z	35.496486344210794	21.592	13.904486344210795
73	2025-06-06T00:20:00Z	32.48362878895084	21.592	10.89162878895084
73	2025-06-06T00:30:00Z	33.990057566580816	21.592	12.398057566580817
73	2025-06-06T00:40:00Z	33.487914640704155	21.592	11.895914640704156
73	2025-06-06T00:50:00Z	33.487914640704155	21.592	11.895914640704156
73	2025-06-06T01:00:00Z	32.98577171482749	21.592	11.393771714827494
73	2025-06-06T01:10:00Z	32.98577171482749	21.592	11.393771714827494
73	2025-06-06T01:20:00Z	32.48362878895084	21.592	10.89162878895084
73	2025-06-06T01:30:00Z	31.98148586307418	21.592	10.389485863074182
73	2025-06-06T01:40:00Z	33.487914640704155	21.592	11.895914640704156
73	2025-06-06T01:50:00Z	33.990057566580816	21.592	12.398057566580817
73	2025-06-06T02:00:00Z	34.49220049245748	21.592	12.90020049245748
73	2025-06-06T02:10:00Z	34.99434341833413	21.592	13.402343418334134
73	2025-06-06T02:20:00Z	34.99434341833413	21.592	13.402343418334134
73	2025-06-06T02:30:00Z	34.49220049245748	21.592	12.90020049245748
73	2025-06-06T02:40:00Z	33.487914640704155	21.092	12.395914640704156
73	2025-06-06T02:50:00Z	32.98577171482749	21.092	11.893771714827494
73	2025-06-06T03:00:00Z	32.98577171482749	21.092	11.893771714827494
73	2025-06-06T03:10:00Z	32.48362878895084	21.092	11.39162878895084
73	2025-06-06T03:20:00Z	32.98577171482749	21.092	11.893771714827494
73	2025-06-06T03:30:00Z	33.990057566580816	21.092	12.898057566580817
73	2025-06-06T03:40:00Z	32.98577171482749	21.092	11.893771714827494
73	2025-06-06T03:50:00Z	33.487914640704155	21.092	12.395914640704156
73	2025-06-06T04:00:00Z	33.990057566580816	21.092	12.898057566580817
73	2025-06-06T04:10:00Z	34.49220049245748	21.092	13.40020049245748
73	2025-06-06T04:20:00Z	33.990057566580816	21.092	12.898057566580817
73	2025-06-06T04:30:00Z	33.990057566580816	21.092	12.898057566580817
73	2025-06-06T04:40:00Z	32.98577171482749	21.092	11.893771714827494
73	2025-06-06T04:50:00Z	31.479342937197522	21.092	10.387342937197523
73	2025-06-06T05:00:00Z	32.48362878895084	21.092	11.39162878895084
73	2025-06-06T05:10:00Z	33.487914640704155	21.092	12.395914640704156
73	2025-06-06T05:20:00Z	33.487914640704155	21.092	12.395914640704156
73	2025-06-06T05:30:00Z	33.487914640704155	21.092	12.395914640704156
73	2025-06-06T05:40:00Z	32.98577171482749	21.092	11.893771714827494
73	2025-06-06T05:50:00Z	32.98577171482749	20.591	12.394771714827492
73	2025-06-06T06:00:00Z	33.487914640704155	21.092	12.395914640704156
73	2025-06-06T06:10:00Z	32.98577171482749	20.591	12.394771714827492
73	2025-06-06T06:20:00Z	32.48362878895084	20.591	11.892628788950837
73	2025-06-06T06:30:00Z	32.48362878895084	20.591	11.892628788950837
73	2025-06-06T06:40:00Z	31.98148586307418	20.591	11.39048586307418
73	2025-06-06T06:50:00Z	31.98148586307418	20.591	11.39048586307418
73	2025-06-06T07:00:00Z	31.479342937197522	20.591	10.888342937197521
73	2025-06-06T07:10:00Z	30.977200011320864	21.092	9.885200011320865
73	2025-06-06T07:20:00Z	30.475057085444202	21.592	8.883057085444204
73	2025-06-06T07:30:00Z	30.977200011320864	22.093	8.884200011320864
73	2025-06-06T07:40:00Z	29.97291415956754	23.093	6.879914159567541
73	2025-06-06T07:50:00Z	29.470771233690883	23.594	5.8767712336908815
73	2025-06-06T08:00:00Z	27.96434245606091	24.594	3.370342456060907
73	2025-06-06T08:10:00Z	27.96434245606091	25.094	2.870342456060907
73	2025-06-06T08:20:00Z	27.462199530184247	25.094	2.3681995301842456
73	2025-06-06T08:30:00Z	26.96005660430759	25.594	1.3660566043075875
73	2025-06-06T08:40:00Z	26.96005660430759	26.094	0.8660566043075875
73	2025-06-06T08:50:00Z	27.462199530184247	25.594	1.8681995301842456
73	2025-06-06T09:00:00Z	26.96005660430759	25.094	1.8660566043075875
73	2025-06-06T09:10:00Z	28.968628307814225	26.094	2.8746283078142234
73	2025-06-06T09:20:00Z	30.475057085444202	25.094	5.381057085444201
73	2025-06-06T09:30:00Z	31.479342937197522	25.594	5.885342937197521
73	2025-06-06T09:40:00Z	31.479342937197522	25.094	6.385342937197521
73	2025-06-06T09:50:00Z	31.479342937197522	24.594	6.885342937197521
73	2025-06-06T10:00:00Z	30.475057085444202	25.094	5.381057085444201
73	2025-06-06T10:10:00Z	30.475057085444202	25.594	4.881057085444201
73	2025-06-06T10:20:00Z	31.479342937197522	25.094	6.385342937197521
73	2025-06-06T10:30:00Z	30.977200011320864	25.094	5.883200011320863
73	2025-06-06T10:40:00Z	30.977200011320864	25.094	5.883200011320863
73	2025-06-06T10:50:00Z	30.977200011320864	25.094	5.883200011320863
73	2025-06-06T11:00:00Z	30.475057085444202	25.094	5.381057085444201
73	2025-06-06T11:10:00Z	29.97291415956754	26.094	3.8789141595675396
73	2025-06-06T11:20:00Z	29.97291415956754	27.093	2.879914159567541
73	2025-06-06T11:30:00Z	29.97291415956754	27.593	2.379914159567541
73	2025-06-06T11:40:00Z	29.97291415956754	28.092	1.880914159567542
73	2025-06-06T11:50:00Z	29.97291415956754	28.092	1.880914159567542
73	2025-06-06T12:00:00Z	29.97291415956754	28.092	1.880914159567542
73	2025-06-06T12:10:00Z	30.475057085444202	27.593	2.8820570854442025
73	2025-06-06T12:20:00Z	30.977200011320864	28.092	2.8852000113208653
73	2025-06-06T12:30:00Z	30.977200011320864	27.593	3.384200011320864
73	2025-06-06T12:40:00Z	30.977200011320864	28.092	2.8852000113208653
73	2025-06-06T12:50:00Z	30.475057085444202	28.092	2.3830570854442037
73	2025-06-06T13:00:00Z	30.977200011320864	27.593	3.384200011320864
73	2025-06-06T13:10:00Z	30.977200011320864	27.093	3.884200011320864
73	2025-06-06T13:20:00Z	30.977200011320864	23.594	7.383200011320863
73	2025-06-06T13:30:00Z	30.475057085444202	23.594	6.881057085444201
73	2025-06-06T13:40:00Z	29.97291415956754	23.093	6.879914159567541
73	2025-06-06T13:50:00Z	29.470771233690883	22.593	6.877771233690883
73	2025-06-06T14:00:00Z	28.968628307814225	21.092	7.876628307814226
73	2025-06-06T14:10:00Z	28.466485381937567	20.591	7.875485381937565
73	2025-06-06T14:20:00Z	27.96434245606091	20.591	7.373342456060907
73	2025-06-06T14:30:00Z	28.466485381937567	20.591	7.875485381937565
73	2025-06-06T14:40:00Z	28.466485381937567	20.591	7.875485381937565
73	2025-06-06T14:50:00Z	28.466485381937567	20.591	7.875485381937565
73	2025-06-06T15:00:00Z	28.466485381937567	20.091	8.375485381937565
73	2025-06-06T15:10:00Z	27.96434245606091	20.591	7.373342456060907
73	2025-06-06T15:20:00Z	27.462199530184247	21.092	6.370199530184248
73	2025-06-06T15:30:00Z	27.462199530184247	21.092	6.370199530184248
73	2025-06-06T15:40:00Z	27.462199530184247	21.092	6.370199530184248
73	2025-06-06T15:50:00Z	27.96434245606091	21.592	6.37234245606091
73	2025-06-06T16:00:00Z	27.462199530184247	22.093	5.369199530184247
73	2025-06-06T16:10:00Z	28.466485381937567	22.093	6.3734853819375665
73	2025-06-06T16:20:00Z	29.97291415956754	22.093	7.879914159567541
73	2025-06-06T16:30:00Z	28.968628307814225	22.093	6.875628307814225
73	2025-06-06T16:40:00Z	30.977200011320864	22.093	8.884200011320864
73	2025-06-06T16:50:00Z	31.479342937197522	21.592	9.887342937197523
73	2025-06-06T17:00:00Z	30.977200011320864	22.093	8.884200011320864
73	2025-06-06T17:10:00Z	30.475057085444202	22.093	8.382057085444202
73	2025-06-06T17:20:00Z	30.475057085444202	22.093	8.382057085444202
73	2025-06-06T17:30:00Z	29.97291415956754	22.093	7.879914159567541
73	2025-06-06T17:40:00Z	30.977200011320864	22.093	8.884200011320864
73	2025-06-06T17:50:00Z	30.977200011320864	22.093	8.884200011320864
73	2025-06-06T18:00:00Z	29.97291415956754	21.592	8.380914159567542
73	2025-06-06T18:10:00Z	31.98148586307418	21.592	10.389485863074182
73	2025-06-06T18:20:00Z	34.49220049245748	21.592	12.90020049245748
73	2025-06-06T18:30:00Z	34.99434341833413	21.592	13.402343418334134
73	2025-06-06T18:40:00Z	34.99434341833413	21.592	13.402343418334134
73	2025-06-06T18:50:00Z	34.49220049245748	21.592	12.90020049245748
73	2025-06-06T19:00:00Z	34.49220049245748	21.592	12.90020049245748
73	2025-06-06T19:10:00Z	33.990057566580816	21.592	12.398057566580817
73	2025-06-06T19:20:00Z	33.990057566580816	21.592	12.398057566580817
73	2025-06-06T19:30:00Z	34.49220049245748	21.592	12.90020049245748
73	2025-06-06T19:40:00Z	37.002915121840765	21.592	15.410915121840766
73	2025-06-06T19:50:00Z	37.002915121840765	21.592	15.410915121840766
73	2025-06-06T20:00:00Z	33.487914640704155	21.592	11.895914640704156
73	2025-06-06T20:10:00Z	32.98577171482749	21.592	11.393771714827494
73	2025-06-06T20:20:00Z	34.49220049245748	21.592	12.90020049245748
73	2025-06-06T20:30:00Z	34.49220049245748	21.592	12.90020049245748
73	2025-06-06T20:40:00Z	35.99862927008745	21.592	14.40662927008745
73	2025-06-06T20:50:00Z	35.99862927008745	21.592	14.40662927008745
73	2025-06-06T21:00:00Z	35.496486344210794	21.592	13.904486344210795
73	2025-06-06T21:10:00Z	35.496486344210794	21.592	13.904486344210795
73	2025-06-06T21:20:00Z	34.49220049245748	21.592	12.90020049245748
73	2025-06-06T21:30:00Z	35.99862927008745	21.592	14.40662927008745
73	2025-06-06T21:40:00Z	34.99434341833413	21.092	13.902343418334134
73	2025-06-06T21:50:00Z	33.487914640704155	21.092	12.395914640704156
73	2025-06-06T22:00:00Z	31.98148586307418	21.092	10.889485863074182
73	2025-06-06T22:10:00Z	34.49220049245748	21.092	13.40020049245748
73	2025-06-06T22:20:00Z	33.990057566580816	21.092	12.898057566580817
73	2025-06-06T22:30:00Z	33.487914640704155	20.591	12.896914640704153
73	2025-06-06T22:40:00Z	34.49220049245748	20.591	13.901200492457477
73	2025-06-06T22:50:00Z	33.990057566580816	20.591	13.399057566580815
73	2025-06-06T23:00:00Z	33.990057566580816	20.591	13.399057566580815
73	2025-06-06T23:10:00Z	33.487914640704155	20.591	12.896914640704153
73	2025-06-06T23:20:00Z	32.98577171482749	20.591	12.394771714827492
73	2025-06-06T23:30:00Z	33.487914640704155	20.591	12.896914640704153
73	2025-06-06T23:40:00Z	33.990057566580816	20.591	13.399057566580815
73	2025-06-06T23:50:00Z	33.990057566580816	20.591	13.399057566580815
73	2025-06-07T00:00:00Z	33.487914640704155	20.591	12.896914640704153
76	2025-06-04T11:40:00Z	37.45674053682036	27.593	9.863740536820362
76	2025-06-04T11:50:00Z	37.95718100481761	27.593	10.364181004817613
76	2025-06-04T12:00:00Z	37.45674053682036	27.093	10.363740536820362
76	2025-06-04T12:10:00Z	36.95630006882312	27.593	9.363300068823118
76	2025-06-04T12:20:00Z	36.455859600825875	27.093	9.362859600825875
76	2025-06-04T12:30:00Z	36.455859600825875	27.593	8.862859600825875
76	2025-06-04T12:40:00Z	35.955419132828624	27.093	8.862419132828624
76	2025-06-04T12:50:00Z	35.955419132828624	27.593	8.362419132828624
76	2025-06-04T13:00:00Z	34.954538196834136	28.092	6.862538196834137
76	2025-06-04T13:10:00Z	34.954538196834136	28.092	6.862538196834137
76	2025-06-04T13:20:00Z	34.454097728836885	28.092	6.362097728836886
76	2025-06-04T13:30:00Z	33.95365726083964	28.092	5.8616572608396424
76	2025-06-04T13:40:00Z	33.95365726083964	28.092	5.8616572608396424
76	2025-06-04T13:50:00Z	33.4532167928424	28.592	4.861216792842399
76	2025-06-04T14:00:00Z	33.4532167928424	28.592	4.861216792842399
76	2025-06-04T14:10:00Z	32.952776324845146	28.592	4.360776324845148
76	2025-06-04T14:20:00Z	32.952776324845146	28.592	4.360776324845148
76	2025-06-04T14:30:00Z	33.4532167928424	28.592	4.861216792842399
76	2025-06-04T14:40:00Z	33.4532167928424	28.592	4.861216792842399
76	2025-06-04T14:50:00Z	32.952776324845146	28.592	4.360776324845148
76	2025-06-04T15:00:00Z	32.952776324845146	29.091	3.8617763248451453
76	2025-06-04T15:10:00Z	32.452335856847895	28.592	3.8603358568478967
76	2025-06-04T15:20:00Z	32.452335856847895	29.091	3.3613358568478944
76	2025-06-04T15:30:00Z	32.952776324845146	29.091	3.8617763248451453
76	2025-06-04T15:40:00Z	32.952776324845146	29.091	3.8617763248451453
76	2025-06-04T15:50:00Z	32.952776324845146	29.091	3.8617763248451453
76	2025-06-04T16:00:00Z	35.955419132828624	29.091	6.864419132828623
76	2025-06-04T16:10:00Z	36.455859600825875	29.091	7.3648596008258735
76	2025-06-04T16:20:00Z	36.95630006882312	28.592	8.36430006882312
76	2025-06-04T16:30:00Z	37.45674053682036	28.592	8.864740536820364
76	2025-06-04T16:40:00Z	37.45674053682036	29.091	8.365740536820361
76	2025-06-04T16:50:00Z	36.95630006882312	28.592	8.36430006882312
76	2025-06-04T17:00:00Z	36.455859600825875	28.592	7.863859600825876
76	2025-06-04T17:10:00Z	35.955419132828624	28.592	7.363419132828625
76	2025-06-04T17:20:00Z	36.455859600825875	28.592	7.863859600825876
76	2025-06-04T17:30:00Z	36.455859600825875	28.592	7.863859600825876
76	2025-06-04T17:40:00Z	35.955419132828624	28.592	7.363419132828625
76	2025-06-04T17:50:00Z	36.455859600825875	28.092	8.363859600825876
76	2025-06-04T18:00:00Z	35.955419132828624	28.092	7.863419132828625
76	2025-06-04T18:10:00Z	35.955419132828624	27.593	8.362419132828624
76	2025-06-04T18:20:00Z	35.955419132828624	27.593	8.362419132828624
76	2025-06-04T18:30:00Z	35.955419132828624	27.093	8.862419132828624
76	2025-06-04T18:40:00Z	35.45497866483138	26.593	8.86197866483138
76	2025-06-04T18:50:00Z	35.45497866483138	26.094	9.360978664831379
76	2025-06-04T19:00:00Z	34.954538196834136	25.594	9.360538196834135
76	2025-06-04T19:10:00Z	34.954538196834136	25.594	9.360538196834135
76	2025-06-04T19:20:00Z	34.954538196834136	25.094	9.860538196834135
76	2025-06-04T19:30:00Z	34.954538196834136	25.094	9.860538196834135
76	2025-06-04T19:40:00Z	34.954538196834136	25.094	9.860538196834135
76	2025-06-04T19:50:00Z	35.955419132828624	25.094	10.861419132828622
76	2025-06-04T20:00:00Z	38.45762147281486	24.594	13.863621472814856
76	2025-06-04T20:10:00Z	37.95718100481761	24.094	13.863181004817612
76	2025-06-04T20:20:00Z	37.95718100481761	24.094	13.863181004817612
76	2025-06-04T20:30:00Z	35.955419132828624	23.594	12.361419132828622
76	2025-06-04T20:40:00Z	35.45497866483138	23.594	11.860978664831379
76	2025-06-04T20:50:00Z	35.955419132828624	24.094	11.861419132828622
76	2025-06-04T21:00:00Z	35.45497866483138	23.594	11.860978664831379
76	2025-06-04T21:10:00Z	36.455859600825875	23.594	12.861859600825873
76	2025-06-04T21:20:00Z	35.955419132828624	23.594	12.361419132828622
76	2025-06-04T21:30:00Z	35.45497866483138	23.093	12.36197866483138
76	2025-06-04T21:40:00Z	36.95630006882312	23.093	13.863300068823118
76	2025-06-04T21:50:00Z	36.95630006882312	22.593	14.363300068823118
76	2025-06-04T22:00:00Z	36.455859600825875	22.593	13.862859600825875
76	2025-06-04T22:10:00Z	36.455859600825875	23.093	13.362859600825875
76	2025-06-04T22:20:00Z	35.955419132828624	22.593	13.362419132828624
76	2025-06-04T22:30:00Z	35.955419132828624	22.593	13.362419132828624
76	2025-06-04T22:40:00Z	35.45497866483138	22.593	12.86197866483138
76	2025-06-04T22:50:00Z	35.955419132828624	22.093	13.862419132828624
76	2025-06-04T23:00:00Z	35.45497866483138	22.093	13.36197866483138
76	2025-06-04T23:10:00Z	35.955419132828624	21.592	14.363419132828625
76	2025-06-04T23:20:00Z	35.955419132828624	21.592	14.363419132828625
76	2025-06-04T23:30:00Z	33.95365726083964	21.592	12.361657260839642
76	2025-06-04T23:40:00Z	35.45497866483138	21.592	13.862978664831381
76	2025-06-04T23:50:00Z	35.45497866483138	21.592	13.862978664831381
76	2025-06-05T00:00:00Z	34.454097728836885	21.592	12.862097728836886
76	2025-06-05T00:10:00Z	33.4532167928424	22.093	11.360216792842397
76	2025-06-05T00:20:00Z	34.454097728836885	22.093	12.361097728836885
76	2025-06-05T00:30:00Z	35.45497866483138	22.093	13.36197866483138
76	2025-06-05T00:40:00Z	34.954538196834136	22.093	12.861538196834136
76	2025-06-05T00:50:00Z	33.95365726083964	22.093	11.860657260839641
76	2025-06-05T01:00:00Z	35.45497866483138	22.093	13.36197866483138
76	2025-06-05T01:10:00Z	35.45497866483138	21.592	13.862978664831381
76	2025-06-05T01:20:00Z	34.954538196834136	21.592	13.362538196834137
76	2025-06-05T01:30:00Z	35.45497866483138	21.592	13.862978664831381
76	2025-06-05T01:40:00Z	35.45497866483138	21.592	13.862978664831381
76	2025-06-05T01:50:00Z	34.454097728836885	21.092	13.362097728836886
76	2025-06-05T02:00:00Z	34.454097728836885	21.092	13.362097728836886
76	2025-06-05T02:10:00Z	33.4532167928424	21.092	12.361216792842399
76	2025-06-05T02:20:00Z	33.95365726083964	21.092	12.861657260839642
76	2025-06-05T02:30:00Z	34.454097728836885	21.092	13.362097728836886
76	2025-06-05T02:40:00Z	33.4532167928424	21.092	12.361216792842399
76	2025-06-05T02:50:00Z	33.95365726083964	20.591	13.36265726083964
76	2025-06-05T03:00:00Z	33.4532167928424	20.591	12.862216792842396
76	2025-06-05T03:10:00Z	34.954538196834136	20.591	14.363538196834135
76	2025-06-05T03:20:00Z	35.955419132828624	20.591	15.364419132828623
76	2025-06-05T03:30:00Z	35.45497866483138	20.091	15.363978664831379
76	2025-06-05T03:40:00Z	35.955419132828624	20.591	15.364419132828623
76	2025-06-05T03:50:00Z	35.955419132828624	20.591	15.364419132828623
76	2025-06-05T04:00:00Z	35.955419132828624	20.591	15.364419132828623
76	2025-06-05T04:10:00Z	34.954538196834136	20.091	14.863538196834135
76	2025-06-05T04:20:00Z	34.954538196834136	20.091	14.863538196834135
76	2025-06-05T04:30:00Z	33.95365726083964	20.091	13.86265726083964
76	2025-06-05T04:40:00Z	34.454097728836885	20.091	14.363097728836884
76	2025-06-05T04:50:00Z	34.454097728836885	19.59	14.864097728836885
76	2025-06-05T05:00:00Z	35.45497866483138	20.091	15.363978664831379
76	2025-06-05T05:10:00Z	35.955419132828624	20.091	15.864419132828623
76	2025-06-05T05:20:00Z	35.45497866483138	20.091	15.363978664831379
76	2025-06-05T05:30:00Z	34.954538196834136	20.091	14.863538196834135
76	2025-06-05T05:40:00Z	35.45497866483138	20.091	15.363978664831379
76	2025-06-05T05:50:00Z	35.955419132828624	20.091	15.864419132828623
76	2025-06-05T06:00:00Z	35.45497866483138	20.091	15.363978664831379
76	2025-06-05T06:10:00Z	35.45497866483138	20.091	15.363978664831379
76	2025-06-05T06:20:00Z	35.955419132828624	20.091	15.864419132828623
76	2025-06-05T06:30:00Z	35.45497866483138	20.591	14.863978664831379
76	2025-06-05T06:40:00Z	34.454097728836885	20.591	13.863097728836884
76	2025-06-05T06:50:00Z	33.95365726083964	21.092	12.861657260839642
76	2025-06-05T07:00:00Z	33.4532167928424	21.092	12.361216792842399
76	2025-06-05T07:10:00Z	32.952776324845146	21.092	11.860776324845148
76	2025-06-05T07:20:00Z	32.452335856847895	21.092	11.360335856847897
76	2025-06-05T07:30:00Z	31.95189538885065	21.592	10.359895388850653
76	2025-06-05T07:40:00Z	31.95189538885065	21.592	10.359895388850653
76	2025-06-05T07:50:00Z	31.451454920853408	21.592	9.859454920853409
76	2025-06-05T08:00:00Z	31.95189538885065	22.093	9.858895388850652
76	2025-06-05T08:10:00Z	31.451454920853408	22.593	8.858454920853408
76	2025-06-05T08:20:00Z	31.95189538885065	25.094	6.85789538885065
76	2025-06-05T08:30:00Z	32.452335856847895	25.094	7.358335856847894
76	2025-06-05T08:40:00Z	32.952776324845146	26.094	6.858776324845145
76	2025-06-05T08:50:00Z	32.452335856847895	28.092	4.360335856847897
76	2025-06-05T09:00:00Z	32.452335856847895	26.593	5.8593358568478955
76	2025-06-05T09:10:00Z	33.4532167928424	28.592	4.861216792842399
76	2025-06-05T09:20:00Z	32.952776324845146	30.09	2.8627763248451465
76	2025-06-05T09:30:00Z	32.452335856847895	30.09	2.3623358568478956
76	2025-06-05T09:40:00Z	32.452335856847895	28.092	4.360335856847897
76	2025-06-05T09:50:00Z	32.952776324845146	27.093	5.859776324845146
76	2025-06-05T10:00:00Z	32.952776324845146	27.093	5.859776324845146
76	2025-06-05T10:10:00Z	32.952776324845146	27.093	5.859776324845146
76	2025-06-05T10:20:00Z	32.452335856847895	27.093	5.3593358568478955
76	2025-06-05T10:30:00Z	32.452335856847895	27.093	5.3593358568478955
76	2025-06-05T10:40:00Z	31.95189538885065	27.593	4.358895388850652
76	2025-06-05T10:50:00Z	32.452335856847895	27.593	4.8593358568478955
76	2025-06-05T11:00:00Z	32.952776324845146	28.092	4.860776324845148
76	2025-06-05T11:10:00Z	32.952776324845146	27.593	5.359776324845146
76	2025-06-05T11:20:00Z	32.952776324845146	27.593	5.359776324845146
76	2025-06-05T11:30:00Z	32.952776324845146	27.093	5.859776324845146
76	2025-06-05T11:40:00Z	32.952776324845146	27.093	5.859776324845146
76	2025-06-05T11:50:00Z	32.952776324845146	27.593	5.359776324845146
76	2025-06-05T12:00:00Z	32.952776324845146	28.092	4.860776324845148
76	2025-06-05T12:10:00Z	32.952776324845146	28.092	4.860776324845148
76	2025-06-05T12:20:00Z	33.4532167928424	27.593	5.860216792842397
76	2025-06-05T12:30:00Z	33.4532167928424	27.593	5.860216792842397
76	2025-06-05T12:40:00Z	33.4532167928424	27.593	5.860216792842397
76	2025-06-05T12:50:00Z	33.4532167928424	28.092	5.361216792842399
76	2025-06-05T13:00:00Z	33.4532167928424	28.092	5.361216792842399
76	2025-06-05T13:10:00Z	33.4532167928424	28.092	5.361216792842399
76	2025-06-05T13:20:00Z	33.4532167928424	28.092	5.361216792842399
76	2025-06-05T13:30:00Z	33.4532167928424	28.092	5.361216792842399
76	2025-06-05T13:40:00Z	33.4532167928424	27.593	5.860216792842397
76	2025-06-05T13:50:00Z	33.4532167928424	27.093	6.360216792842397
76	2025-06-05T14:00:00Z	32.952776324845146	27.593	5.359776324845146
76	2025-06-05T14:10:00Z	32.952776324845146	27.593	5.359776324845146
76	2025-06-05T14:20:00Z	32.952776324845146	27.593	5.359776324845146
76	2025-06-05T14:30:00Z	32.952776324845146	28.092	4.860776324845148
76	2025-06-05T14:40:00Z	32.952776324845146	28.092	4.860776324845148
76	2025-06-05T14:50:00Z	32.952776324845146	28.092	4.860776324845148
76	2025-06-05T15:00:00Z	32.952776324845146	28.592	4.360776324845148
76	2025-06-05T15:10:00Z	33.4532167928424	28.092	5.361216792842399
76	2025-06-05T15:20:00Z	34.454097728836885	28.092	6.362097728836886
76	2025-06-05T15:30:00Z	36.95630006882312	28.592	8.36430006882312
76	2025-06-05T15:40:00Z	35.955419132828624	28.592	7.363419132828625
76	2025-06-05T15:50:00Z	35.45497866483138	28.592	6.862978664831381
76	2025-06-05T16:00:00Z	35.955419132828624	28.592	7.363419132828625
76	2025-06-05T16:10:00Z	35.955419132828624	29.091	6.864419132828623
76	2025-06-05T16:20:00Z	35.955419132828624	29.091	6.864419132828623
76	2025-06-05T16:30:00Z	35.45497866483138	29.091	6.363978664831379
76	2025-06-05T16:40:00Z	34.954538196834136	29.091	5.863538196834135
76	2025-06-05T16:50:00Z	35.45497866483138	29.091	6.363978664831379
76	2025-06-05T17:00:00Z	34.954538196834136	29.091	5.863538196834135
76	2025-06-05T17:10:00Z	34.454097728836885	28.592	5.862097728836886
76	2025-06-05T17:20:00Z	35.955419132828624	28.592	7.363419132828625
76	2025-06-05T17:30:00Z	35.955419132828624	28.592	7.363419132828625
76	2025-06-05T17:40:00Z	35.45497866483138	28.092	7.362978664831381
76	2025-06-05T17:50:00Z	34.954538196834136	28.092	6.862538196834137
76	2025-06-05T18:00:00Z	34.454097728836885	27.593	6.861097728836885
76	2025-06-05T18:10:00Z	36.455859600825875	27.093	9.362859600825875
76	2025-06-05T18:20:00Z	35.45497866483138	26.593	8.86197866483138
76	2025-06-05T18:30:00Z	34.954538196834136	26.593	8.361538196834136
76	2025-06-05T18:40:00Z	34.454097728836885	25.594	8.860097728836884
76	2025-06-05T18:50:00Z	34.454097728836885	25.594	8.860097728836884
76	2025-06-05T19:00:00Z	33.95365726083964	25.094	8.85965726083964
76	2025-06-05T19:10:00Z	33.95365726083964	24.594	9.35965726083964
76	2025-06-05T19:20:00Z	33.4532167928424	24.094	9.359216792842396
76	2025-06-05T19:30:00Z	36.455859600825875	24.094	12.361859600825873
76	2025-06-05T19:40:00Z	35.45497866483138	23.594	11.860978664831379
76	2025-06-05T19:50:00Z	34.954538196834136	23.594	11.360538196834135
76	2025-06-05T20:00:00Z	34.954538196834136	23.594	11.360538196834135
76	2025-06-05T20:10:00Z	36.455859600825875	23.594	12.861859600825873
76	2025-06-05T20:20:00Z	34.454097728836885	23.093	11.361097728836885
76	2025-06-05T20:30:00Z	32.952776324845146	23.093	9.859776324845146
76	2025-06-05T20:40:00Z	34.954538196834136	23.093	11.861538196834136
76	2025-06-05T20:50:00Z	35.45497866483138	22.593	12.86197866483138
76	2025-06-05T21:00:00Z	35.45497866483138	22.593	12.86197866483138
76	2025-06-05T21:10:00Z	35.45497866483138	22.593	12.86197866483138
76	2025-06-05T21:20:00Z	35.45497866483138	22.093	13.36197866483138
76	2025-06-05T21:30:00Z	35.45497866483138	22.093	13.36197866483138
76	2025-06-05T21:40:00Z	35.45497866483138	22.093	13.36197866483138
76	2025-06-05T21:50:00Z	35.955419132828624	22.093	13.862419132828624
76	2025-06-05T22:00:00Z	35.45497866483138	22.093	13.36197866483138
76	2025-06-05T22:10:00Z	36.455859600825875	22.593	13.862859600825875
76	2025-06-05T22:20:00Z	36.455859600825875	22.593	13.862859600825875
76	2025-06-05T22:30:00Z	36.455859600825875	22.093	14.362859600825875
76	2025-06-05T22:40:00Z	36.455859600825875	22.093	14.362859600825875
76	2025-06-05T22:50:00Z	35.955419132828624	22.093	13.862419132828624
76	2025-06-05T23:00:00Z	36.455859600825875	22.093	14.362859600825875
76	2025-06-05T23:10:00Z	36.455859600825875	22.093	14.362859600825875
76	2025-06-05T23:20:00Z	36.455859600825875	22.093	14.362859600825875
76	2025-06-05T23:30:00Z	36.455859600825875	22.093	14.362859600825875
76	2025-06-05T23:40:00Z	35.955419132828624	22.093	13.862419132828624
76	2025-06-05T23:50:00Z	34.954538196834136	22.093	12.861538196834136
76	2025-06-06T00:00:00Z	34.954538196834136	22.093	12.861538196834136
76	2025-06-06T00:10:00Z	34.954538196834136	21.592	13.362538196834137
76	2025-06-06T00:20:00Z	34.454097728836885	21.592	12.862097728836886
76	2025-06-06T00:30:00Z	33.95365726083964	21.592	12.361657260839642
76	2025-06-06T00:40:00Z	34.954538196834136	21.592	13.362538196834137
76	2025-06-06T00:50:00Z	34.454097728836885	21.592	12.862097728836886
76	2025-06-06T01:00:00Z	35.955419132828624	21.592	14.363419132828625
76	2025-06-06T01:10:00Z	34.454097728836885	21.592	12.862097728836886
76	2025-06-06T01:20:00Z	35.955419132828624	21.592	14.363419132828625
76	2025-06-06T01:30:00Z	35.955419132828624	21.592	14.363419132828625
76	2025-06-06T01:40:00Z	35.955419132828624	21.592	14.363419132828625
76	2025-06-06T01:50:00Z	35.45497866483138	21.592	13.862978664831381
76	2025-06-06T02:00:00Z	35.45497866483138	21.592	13.862978664831381
76	2025-06-06T02:10:00Z	35.955419132828624	21.592	14.363419132828625
76	2025-06-06T02:20:00Z	35.955419132828624	21.592	14.363419132828625
76	2025-06-06T02:30:00Z	35.45497866483138	21.592	13.862978664831381
76	2025-06-06T02:40:00Z	35.955419132828624	21.092	14.863419132828625
76	2025-06-06T02:50:00Z	34.454097728836885	21.092	13.362097728836886
76	2025-06-06T03:00:00Z	34.954538196834136	21.092	13.862538196834137
76	2025-06-06T03:10:00Z	36.95630006882312	21.092	15.86430006882312
76	2025-06-06T03:20:00Z	35.955419132828624	21.092	14.863419132828625
76	2025-06-06T03:30:00Z	35.955419132828624	21.092	14.863419132828625
76	2025-06-06T03:40:00Z	34.954538196834136	21.092	13.862538196834137
76	2025-06-06T03:50:00Z	36.455859600825875	21.092	15.363859600825876
76	2025-06-06T04:00:00Z	35.955419132828624	21.092	14.863419132828625
76	2025-06-06T04:10:00Z	35.45497866483138	21.092	14.362978664831381
76	2025-06-06T04:20:00Z	35.45497866483138	21.092	14.362978664831381
76	2025-06-06T04:30:00Z	35.45497866483138	21.092	14.362978664831381
76	2025-06-06T04:40:00Z	34.954538196834136	21.092	13.862538196834137
76	2025-06-06T04:50:00Z	34.954538196834136	21.092	13.862538196834137
76	2025-06-06T05:00:00Z	36.95630006882312	21.092	15.86430006882312
76	2025-06-06T05:10:00Z	35.45497866483138	21.092	14.362978664831381
76	2025-06-06T05:20:00Z	34.954538196834136	21.092	13.862538196834137
76	2025-06-06T05:30:00Z	35.45497866483138	21.092	14.362978664831381
76	2025-06-06T05:40:00Z	34.454097728836885	21.092	13.362097728836886
76	2025-06-06T05:50:00Z	34.454097728836885	20.591	13.863097728836884
76	2025-06-06T06:00:00Z	35.45497866483138	21.092	14.362978664831381
76	2025-06-06T06:10:00Z	35.45497866483138	20.591	14.863978664831379
76	2025-06-06T06:20:00Z	34.954538196834136	20.591	14.363538196834135
76	2025-06-06T06:30:00Z	33.95365726083964	20.591	13.36265726083964
76	2025-06-06T06:40:00Z	33.95365726083964	20.591	13.36265726083964
76	2025-06-06T06:50:00Z	33.4532167928424	20.591	12.862216792842396
76	2025-06-06T07:00:00Z	32.952776324845146	20.591	12.361776324845145
76	2025-06-06T07:10:00Z	32.452335856847895	21.092	11.360335856847897
76	2025-06-06T07:20:00Z	32.452335856847895	21.592	10.860335856847897
76	2025-06-06T07:30:00Z	32.452335856847895	22.093	10.359335856847895
76	2025-06-06T07:40:00Z	31.95189538885065	23.093	8.858895388850652
76	2025-06-06T07:50:00Z	31.451454920853408	23.594	7.857454920853407
76	2025-06-06T08:00:00Z	31.451454920853408	24.594	6.857454920853407
76	2025-06-06T08:10:00Z	30.95101445285616	25.094	5.857014452856159
76	2025-06-06T08:20:00Z	30.95101445285616	25.094	5.857014452856159
76	2025-06-06T08:30:00Z	30.95101445285616	25.594	5.357014452856159
76	2025-06-06T08:40:00Z	30.45057398485891	26.094	4.356573984858908
76	2025-06-06T08:50:00Z	29.950133516861662	25.594	4.356133516861661
76	2025-06-06T09:00:00Z	29.950133516861662	25.094	4.856133516861661
76	2025-06-06T09:10:00Z	29.950133516861662	26.094	3.856133516861661
76	2025-06-06T09:20:00Z	29.950133516861662	25.094	4.856133516861661
76	2025-06-06T09:30:00Z	29.950133516861662	25.594	4.356133516861661
76	2025-06-06T09:40:00Z	29.950133516861662	25.094	4.856133516861661
76	2025-06-06T09:50:00Z	29.950133516861662	24.594	5.356133516861661
76	2025-06-06T10:00:00Z	29.950133516861662	25.094	4.856133516861661
76	2025-06-06T10:10:00Z	30.45057398485891	25.594	4.856573984858908
76	2025-06-06T10:20:00Z	31.451454920853408	25.094	6.357454920853407
76	2025-06-06T10:30:00Z	31.451454920853408	25.094	6.357454920853407
76	2025-06-06T10:40:00Z	30.95101445285616	25.094	5.857014452856159
76	2025-06-06T10:50:00Z	30.95101445285616	25.094	5.857014452856159
76	2025-06-06T11:00:00Z	30.95101445285616	25.094	5.857014452856159
76	2025-06-06T11:10:00Z	30.95101445285616	26.094	4.857014452856159
76	2025-06-06T11:20:00Z	30.95101445285616	27.093	3.8580144528561604
76	2025-06-06T11:30:00Z	31.451454920853408	27.593	3.858454920853408
76	2025-06-06T11:40:00Z	31.95189538885065	28.092	3.859895388850653
76	2025-06-06T11:50:00Z	32.452335856847895	28.092	4.360335856847897
76	2025-06-06T12:00:00Z	32.452335856847895	28.092	4.360335856847897
76	2025-06-06T12:10:00Z	32.452335856847895	27.593	4.8593358568478955
76	2025-06-06T12:20:00Z	32.952776324845146	28.092	4.860776324845148
76	2025-06-06T12:30:00Z	32.952776324845146	27.593	5.359776324845146
76	2025-06-06T12:40:00Z	32.952776324845146	28.092	4.860776324845148
76	2025-06-06T12:50:00Z	32.952776324845146	28.092	4.860776324845148
76	2025-06-06T13:00:00Z	32.952776324845146	27.593	5.359776324845146
76	2025-06-06T13:10:00Z	32.952776324845146	27.093	5.859776324845146
76	2025-06-06T13:20:00Z	32.952776324845146	23.594	9.358776324845145
76	2025-06-06T13:30:00Z	32.452335856847895	23.594	8.858335856847894
76	2025-06-06T13:40:00Z	32.452335856847895	23.093	9.359335856847895
76	2025-06-06T13:50:00Z	31.95189538885065	22.593	9.358895388850652
76	2025-06-06T14:00:00Z	31.95189538885065	21.092	10.859895388850653
76	2025-06-06T14:10:00Z	31.451454920853408	20.591	10.860454920853407
76	2025-06-06T14:20:00Z	31.451454920853408	20.591	10.860454920853407
76	2025-06-06T14:30:00Z	30.95101445285616	20.591	10.36001445285616
76	2025-06-06T14:40:00Z	31.451454920853408	20.591	10.860454920853407
76	2025-06-06T14:50:00Z	39.958942876806596	20.591	19.367942876806595
76	2025-06-06T15:00:00Z	31.95189538885065	20.091	11.86089538885065
76	2025-06-06T15:10:00Z	31.95189538885065	20.591	11.36089538885065
76	2025-06-06T15:20:00Z	30.95101445285616	21.092	9.859014452856162
76	2025-06-06T15:30:00Z	30.45057398485891	21.092	9.35857398485891
76	2025-06-06T15:40:00Z	30.45057398485891	21.092	9.35857398485891
76	2025-06-06T15:50:00Z	30.45057398485891	21.592	8.85857398485891
76	2025-06-06T16:00:00Z	29.950133516861662	22.093	7.857133516861662
76	2025-06-06T16:10:00Z	29.950133516861662	22.093	7.857133516861662
76	2025-06-06T16:20:00Z	32.952776324845146	22.093	10.859776324845146
76	2025-06-06T16:30:00Z	36.95630006882312	22.093	14.863300068823118
76	2025-06-06T16:40:00Z	36.455859600825875	22.093	14.362859600825875
76	2025-06-06T16:50:00Z	35.45497866483138	21.592	13.862978664831381
76	2025-06-06T17:00:00Z	34.954538196834136	22.093	12.861538196834136
76	2025-06-06T17:10:00Z	34.954538196834136	22.093	12.861538196834136
76	2025-06-06T17:20:00Z	34.954538196834136	22.093	12.861538196834136
76	2025-06-06T17:30:00Z	35.45497866483138	22.093	13.36197866483138
76	2025-06-06T17:40:00Z	35.45497866483138	22.093	13.36197866483138
76	2025-06-06T17:50:00Z	34.954538196834136	22.093	12.861538196834136
76	2025-06-06T18:00:00Z	34.954538196834136	21.592	13.362538196834137
76	2025-06-06T18:10:00Z	34.954538196834136	21.592	13.362538196834137
76	2025-06-06T18:20:00Z	33.95365726083964	21.592	12.361657260839642
76	2025-06-06T18:30:00Z	34.454097728836885	21.592	12.862097728836886
76	2025-06-06T18:40:00Z	34.954538196834136	21.592	13.362538196834137
76	2025-06-06T18:50:00Z	35.45497866483138	21.592	13.862978664831381
76	2025-06-06T19:00:00Z	33.95365726083964	21.592	12.361657260839642
76	2025-06-06T19:10:00Z	33.4532167928424	21.592	11.861216792842399
76	2025-06-06T19:20:00Z	33.4532167928424	21.592	11.861216792842399
76	2025-06-06T19:30:00Z	35.45497866483138	21.592	13.862978664831381
76	2025-06-06T19:40:00Z	35.45497866483138	21.592	13.862978664831381
76	2025-06-06T19:50:00Z	36.455859600825875	21.592	14.863859600825876
76	2025-06-06T20:00:00Z	36.455859600825875	21.592	14.863859600825876
76	2025-06-06T20:10:00Z	35.45497866483138	21.592	13.862978664831381
76	2025-06-06T20:20:00Z	34.954538196834136	21.592	13.362538196834137
76	2025-06-06T20:30:00Z	36.95630006882312	21.592	15.36430006882312
76	2025-06-06T20:40:00Z	35.45497866483138	21.592	13.862978664831381
76	2025-06-06T20:50:00Z	35.955419132828624	21.592	14.363419132828625
76	2025-06-06T21:00:00Z	34.454097728836885	21.592	12.862097728836886
76	2025-06-06T21:10:00Z	34.454097728836885	21.592	12.862097728836886
76	2025-06-06T21:20:00Z	35.955419132828624	21.592	14.363419132828625
76	2025-06-06T21:30:00Z	34.954538196834136	21.592	13.362538196834137
76	2025-06-06T21:40:00Z	34.954538196834136	21.092	13.862538196834137
76	2025-06-06T21:50:00Z	34.954538196834136	21.092	13.862538196834137
76	2025-06-06T22:00:00Z	35.955419132828624	21.092	14.863419132828625
76	2025-06-06T22:10:00Z	35.955419132828624	21.092	14.863419132828625
76	2025-06-06T22:20:00Z	35.955419132828624	21.092	14.863419132828625
76	2025-06-06T22:30:00Z	35.955419132828624	20.591	15.364419132828623
76	2025-06-06T22:40:00Z	34.454097728836885	20.591	13.863097728836884
76	2025-06-06T22:50:00Z	35.45497866483138	20.591	14.863978664831379
76	2025-06-06T23:00:00Z	33.95365726083964	20.591	13.36265726083964
76	2025-06-06T23:10:00Z	33.95365726083964	20.591	13.36265726083964
76	2025-06-06T23:20:00Z	34.954538196834136	20.591	14.363538196834135
76	2025-06-06T23:30:00Z	34.454097728836885	20.591	13.863097728836884
76	2025-06-06T23:40:00Z	34.954538196834136	20.591	14.363538196834135
76	2025-06-06T23:50:00Z	33.4532167928424	20.591	12.862216792842396
76	2025-06-07T00:00:00Z	32.952776324845146	20.591	12.361776324845145
26	2025-06-03T16:30:00Z	35.135562861651756	22.093	13.042562861651756
26	2025-06-03T16:40:00Z	34.135588261817084	22.593	11.542588261817084
26	2025-06-03T16:50:00Z	34.135588261817084	23.093	11.042588261817084
26	2025-06-03T17:00:00Z	34.63557556173442	22.593	12.04257556173442
26	2025-06-03T17:10:00Z	34.63557556173442	22.593	12.04257556173442
26	2025-06-03T17:20:00Z	34.135588261817084	23.093	11.042588261817084
26	2025-06-03T17:30:00Z	33.63560096189975	23.093	10.542600961899748
26	2025-06-03T17:40:00Z	33.63560096189975	23.093	10.542600961899748
26	2025-06-03T17:50:00Z	33.13561366198241	23.093	10.042613661982411
26	2025-06-03T18:00:00Z	33.13561366198241	23.093	10.042613661982411
26	2025-06-03T18:10:00Z	33.13561366198241	23.093	10.042613661982411
26	2025-06-03T18:20:00Z	33.13561366198241	23.093	10.042613661982411
26	2025-06-03T18:30:00Z	33.13561366198241	23.093	10.042613661982411
26	2025-06-03T18:40:00Z	33.13561366198241	23.594	9.54161366198241
26	2025-06-03T18:50:00Z	33.63560096189975	23.093	10.542600961899748
26	2025-06-03T19:00:00Z	33.63560096189975	22.593	11.042600961899748
26	2025-06-03T19:10:00Z	33.63560096189975	22.093	11.542600961899748
26	2025-06-03T19:20:00Z	33.63560096189975	22.093	11.542600961899748
26	2025-06-03T19:30:00Z	33.63560096189975	22.093	11.542600961899748
26	2025-06-03T19:40:00Z	34.135588261817084	22.093	12.042588261817084
26	2025-06-03T19:50:00Z	34.135588261817084	21.592	12.543588261817085
26	2025-06-03T20:00:00Z	33.63560096189975	21.592	12.043600961899749
26	2025-06-03T20:10:00Z	33.13561366198241	21.592	11.543613661982413
26	2025-06-03T20:20:00Z	33.63560096189975	21.592	12.043600961899749
26	2025-06-03T20:30:00Z	33.63560096189975	21.592	12.043600961899749
26	2025-06-03T20:40:00Z	33.63560096189975	21.592	12.043600961899749
26	2025-06-03T20:50:00Z	33.63560096189975	21.592	12.043600961899749
26	2025-06-03T21:00:00Z	33.13561366198241	21.592	11.543613661982413
26	2025-06-03T21:10:00Z	33.63560096189975	21.592	12.043600961899749
26	2025-06-03T21:20:00Z	34.63557556173442	21.092	13.543575561734421
26	2025-06-03T21:30:00Z	34.63557556173442	21.092	13.543575561734421
26	2025-06-03T21:40:00Z	34.63557556173442	21.092	13.543575561734421
26	2025-06-03T21:50:00Z	33.63560096189975	21.092	12.543600961899749
26	2025-06-03T22:00:00Z	34.63557556173442	20.591	14.044575561734419
26	2025-06-03T22:10:00Z	35.135562861651756	20.591	14.544562861651755
26	2025-06-03T22:20:00Z	35.63555016156909	20.591	15.044550161569092
26	2025-06-03T22:30:00Z	34.135588261817084	20.591	13.544588261817083
26	2025-06-03T22:40:00Z	33.63560096189975	20.591	13.044600961899746
26	2025-06-03T22:50:00Z	33.13561366198241	20.591	12.54461366198241
26	2025-06-03T23:00:00Z	33.13561366198241	20.591	12.54461366198241
26	2025-06-03T23:10:00Z	34.135588261817084	20.591	13.544588261817083
26	2025-06-03T23:20:00Z	35.135562861651756	20.591	14.544562861651755
26	2025-06-03T23:30:00Z	34.63557556173442	20.591	14.044575561734419
26	2025-06-03T23:40:00Z	34.135588261817084	20.591	13.544588261817083
26	2025-06-03T23:50:00Z	33.63560096189975	20.591	13.044600961899746
26	2025-06-04T00:00:00Z	33.13561366198241	20.591	12.54461366198241
26	2025-06-04T00:10:00Z	32.635626362065075	20.591	12.044626362065074
26	2025-06-04T00:20:00Z	34.63557556173442	20.591	14.044575561734419
26	2025-06-04T00:30:00Z	35.135562861651756	20.591	14.544562861651755
26	2025-06-04T00:40:00Z	35.63555016156909	20.591	15.044550161569092
26	2025-06-04T00:50:00Z	35.135562861651756	20.591	14.544562861651755
26	2025-06-04T01:00:00Z	35.135562861651756	20.591	14.544562861651755
26	2025-06-04T01:10:00Z	34.135588261817084	20.591	13.544588261817083
26	2025-06-04T01:30:00Z	33.63560096189975	20.591	13.044600961899746
26	2025-06-04T01:40:00Z	34.135588261817084	20.591	13.544588261817083
26	2025-06-04T01:50:00Z	35.63555016156909	20.591	15.044550161569092
26	2025-06-04T02:00:00Z	35.135562861651756	20.591	14.544562861651755
26	2025-06-04T02:10:00Z	35.135562861651756	20.591	14.544562861651755
26	2025-06-04T02:20:00Z	34.63557556173442	20.591	14.044575561734419
26	2025-06-04T02:30:00Z	34.135588261817084	20.591	13.544588261817083
26	2025-06-04T02:40:00Z	33.63560096189975	21.092	12.543600961899749
26	2025-06-04T02:50:00Z	34.135588261817084	21.092	13.043588261817085
26	2025-06-04T03:00:00Z	34.135588261817084	21.092	13.043588261817085
26	2025-06-04T03:10:00Z	34.135588261817084	20.091	14.044588261817083
26	2025-06-04T03:20:00Z	35.135562861651756	20.091	15.044562861651755
26	2025-06-04T03:30:00Z	36.13553746148643	20.091	16.044537461486428
26	2025-06-04T03:40:00Z	35.63555016156909	20.091	15.544550161569092
26	2025-06-04T03:50:00Z	34.63557556173442	20.091	14.544575561734419
26	2025-06-04T04:00:00Z	34.135588261817084	19.59	14.545588261817084
26	2025-06-04T04:10:00Z	33.63560096189975	19.59	14.045600961899748
26	2025-06-04T04:20:00Z	34.63557556173442	19.59	15.04557556173442
26	2025-06-04T04:30:00Z	35.135562861651756	19.59	15.545562861651756
26	2025-06-04T04:40:00Z	34.135588261817084	19.59	14.545588261817084
26	2025-06-04T04:50:00Z	35.135562861651756	19.59	15.545562861651756
26	2025-06-04T05:00:00Z	34.135588261817084	19.089	15.046588261817085
26	2025-06-04T05:10:00Z	33.13561366198241	19.089	14.046613661982413
26	2025-06-04T05:20:00Z	32.635626362065075	19.089	13.546626362065076
26	2025-06-04T05:30:00Z	33.13561366198241	19.089	14.046613661982413
26	2025-06-04T05:40:00Z	33.13561366198241	19.089	14.046613661982413
26	2025-06-04T05:50:00Z	33.13561366198241	19.089	14.046613661982413
26	2025-06-04T06:00:00Z	32.635626362065075	19.59	13.045626362065075
26	2025-06-04T06:10:00Z	32.635626362065075	19.089	13.546626362065076
26	2025-06-04T06:20:00Z	32.13563906214774	19.089	13.04663906214774
26	2025-06-04T06:30:00Z	32.13563906214774	19.089	13.04663906214774
26	2025-06-04T06:40:00Z	31.635651762230403	18.589	13.046651762230404
26	2025-06-04T06:50:00Z	31.635651762230403	18.589	13.046651762230404
26	2025-06-04T07:00:00Z	32.13563906214774	18.589	13.54663906214774
26	2025-06-04T07:10:00Z	31.635651762230403	19.089	12.546651762230404
26	2025-06-04T07:20:00Z	31.635651762230403	19.089	12.546651762230404
26	2025-06-04T07:30:00Z	31.135664462313066	19.59	11.545664462313066
26	2025-06-04T07:40:00Z	31.135664462313066	19.59	11.545664462313066
26	2025-06-04T07:50:00Z	30.63567716239573	19.59	11.04567716239573
26	2025-06-04T08:00:00Z	30.63567716239573	19.59	11.04567716239573
26	2025-06-04T08:10:00Z	30.135689862478394	20.091	10.044689862478393
26	2025-06-04T08:20:00Z	30.135689862478394	20.591	9.544689862478393
26	2025-06-04T08:30:00Z	30.135689862478394	21.592	8.543689862478395
26	2025-06-04T08:40:00Z	30.135689862478394	22.593	7.542689862478394
26	2025-06-04T08:50:00Z	30.63567716239573	24.094	6.541677162395729
26	2025-06-04T09:00:00Z	31.135664462313066	24.594	6.541664462313065
26	2025-06-04T09:10:00Z	31.135664462313066	25.094	6.041664462313065
26	2025-06-04T09:20:00Z	31.635651762230403	26.593	5.042651762230403
26	2025-06-04T09:30:00Z	32.13563906214774	26.593	5.542639062147739
26	2025-06-04T09:40:00Z	31.635651762230403	26.094	5.541651762230401
26	2025-06-04T09:50:00Z	31.635651762230403	25.094	6.541651762230401
26	2025-06-04T10:00:00Z	31.635651762230403	25.094	6.541651762230401
26	2025-06-04T10:10:00Z	31.635651762230403	25.094	6.541651762230401
26	2025-06-04T10:20:00Z	32.13563906214774	25.094	7.041639062147738
26	2025-06-04T10:30:00Z	32.13563906214774	25.094	7.041639062147738
26	2025-06-04T10:40:00Z	32.13563906214774	25.094	7.041639062147738
26	2025-06-04T10:50:00Z	32.13563906214774	25.094	7.041639062147738
26	2025-06-04T11:00:00Z	32.13563906214774	25.094	7.041639062147738
26	2025-06-04T11:10:00Z	31.635651762230403	25.594	6.041651762230401
26	2025-06-04T11:20:00Z	31.635651762230403	26.094	5.541651762230401
26	2025-06-04T11:30:00Z	32.13563906214774	26.094	6.041639062147738
26	2025-06-04T11:40:00Z	32.13563906214774	26.094	6.041639062147738
26	2025-06-04T11:50:00Z	31.635651762230403	26.094	5.541651762230401
26	2025-06-04T12:00:00Z	33.13561366198241	26.593	6.542613661982411
26	2025-06-04T12:10:00Z	33.63560096189975	26.593	7.042600961899748
26	2025-06-04T12:20:00Z	33.13561366198241	27.093	6.042613661982411
26	2025-06-04T12:30:00Z	33.13561366198241	27.093	6.042613661982411
26	2025-06-04T12:40:00Z	32.635626362065075	27.093	5.542626362065075
26	2025-06-04T12:50:00Z	33.13561366198241	27.093	6.042613661982411
26	2025-06-04T13:00:00Z	33.63560096189975	27.093	6.542600961899748
26	2025-06-04T13:10:00Z	34.135588261817084	27.593	6.542588261817084
26	2025-06-04T13:20:00Z	34.135588261817084	27.593	6.542588261817084
26	2025-06-04T13:30:00Z	33.63560096189975	27.593	6.042600961899748
26	2025-06-04T13:40:00Z	33.13561366198241	27.593	5.542613661982411
26	2025-06-04T13:50:00Z	32.13563906214774	27.593	4.542639062147739
26	2025-06-04T14:00:00Z	32.13563906214774	27.593	4.542639062147739
26	2025-06-04T14:10:00Z	31.635651762230403	27.593	4.042651762230403
26	2025-06-04T14:20:00Z	31.635651762230403	28.092	3.543651762230404
26	2025-06-04T14:30:00Z	33.13561366198241	28.092	5.043613661982413
26	2025-06-04T14:40:00Z	32.635626362065075	28.092	4.543626362065076
26	2025-06-04T14:50:00Z	32.13563906214774	28.092	4.04363906214774
26	2025-06-04T15:00:00Z	32.13563906214774	27.593	4.542639062147739
26	2025-06-04T15:10:00Z	32.13563906214774	28.092	4.04363906214774
26	2025-06-04T15:20:00Z	32.635626362065075	27.593	5.042626362065075
26	2025-06-04T15:30:00Z	32.635626362065075	28.092	4.543626362065076
26	2025-06-04T15:40:00Z	33.13561366198241	28.092	5.043613661982413
26	2025-06-04T15:50:00Z	32.635626362065075	28.092	4.543626362065076
26	2025-06-04T16:00:00Z	32.635626362065075	28.092	4.543626362065076
26	2025-06-04T16:10:00Z	32.635626362065075	27.593	5.042626362065075
26	2025-06-04T16:20:00Z	32.13563906214774	28.092	4.04363906214774
26	2025-06-04T16:30:00Z	32.635626362065075	27.593	5.042626362065075
26	2025-06-04T16:40:00Z	32.635626362065075	27.593	5.042626362065075
26	2025-06-04T16:50:00Z	32.635626362065075	27.593	5.042626362065075
26	2025-06-04T17:00:00Z	32.635626362065075	27.593	5.042626362065075
26	2025-06-04T17:10:00Z	32.635626362065075	27.593	5.042626362065075
26	2025-06-04T17:20:00Z	32.635626362065075	27.593	5.042626362065075
26	2025-06-04T17:30:00Z	32.635626362065075	27.093	5.542626362065075
26	2025-06-04T17:40:00Z	32.635626362065075	27.093	5.542626362065075
26	2025-06-04T17:50:00Z	32.635626362065075	27.093	5.542626362065075
26	2025-06-04T18:00:00Z	33.13561366198241	27.093	6.042613661982411
26	2025-06-04T18:10:00Z	33.13561366198241	27.093	6.042613661982411
26	2025-06-04T18:20:00Z	33.63560096189975	26.593	7.042600961899748
26	2025-06-04T18:30:00Z	34.135588261817084	26.593	7.542588261817084
26	2025-06-04T18:40:00Z	34.135588261817084	26.094	8.041588261817083
26	2025-06-04T18:50:00Z	34.135588261817084	25.594	8.541588261817083
26	2025-06-04T19:00:00Z	34.135588261817084	25.094	9.041588261817083
26	2025-06-04T19:10:00Z	34.135588261817084	24.594	9.541588261817083
26	2025-06-04T19:20:00Z	35.135562861651756	24.594	10.541562861651755
26	2025-06-04T19:30:00Z	35.135562861651756	24.094	11.041562861651755
26	2025-06-04T19:40:00Z	35.135562861651756	24.094	11.041562861651755
26	2025-06-04T19:50:00Z	35.63555016156909	24.094	11.541550161569091
26	2025-06-04T20:00:00Z	34.63557556173442	24.094	10.541575561734419
26	2025-06-04T20:10:00Z	36.635524761403765	24.094	12.541524761403764
26	2025-06-04T20:20:00Z	36.13553746148643	23.594	12.541537461486428
26	2025-06-04T20:30:00Z	35.63555016156909	23.594	12.041550161569091
26	2025-06-04T20:40:00Z	34.63557556173442	23.594	11.041575561734419
26	2025-06-04T20:50:00Z	33.63560096189975	23.594	10.041600961899746
26	2025-06-04T21:00:00Z	35.63555016156909	23.594	12.041550161569091
26	2025-06-04T21:10:00Z	35.135562861651756	23.594	11.541562861651755
26	2025-06-04T21:20:00Z	35.135562861651756	23.093	12.042562861651756
26	2025-06-04T21:30:00Z	34.63557556173442	23.093	11.54257556173442
26	2025-06-04T21:40:00Z	35.135562861651756	23.093	12.042562861651756
26	2025-06-04T21:50:00Z	36.13553746148643	23.093	13.042537461486429
26	2025-06-04T22:00:00Z	35.63555016156909	23.093	12.542550161569093
26	2025-06-04T22:10:00Z	35.63555016156909	22.593	13.042550161569093
26	2025-06-04T22:20:00Z	36.635524761403765	22.593	14.042524761403765
26	2025-06-04T22:30:00Z	36.13553746148643	22.593	13.542537461486429
26	2025-06-04T22:40:00Z	35.63555016156909	22.093	13.542550161569093
26	2025-06-04T22:50:00Z	36.13553746148643	22.093	14.042537461486429
26	2025-06-04T23:00:00Z	35.135562861651756	21.592	13.543562861651758
26	2025-06-04T23:10:00Z	35.135562861651756	22.093	13.042562861651756
26	2025-06-04T23:20:00Z	35.63555016156909	22.093	13.542550161569093
26	2025-06-04T23:30:00Z	36.13553746148643	22.093	14.042537461486429
26	2025-06-04T23:40:00Z	35.63555016156909	21.592	14.043550161569094
26	2025-06-04T23:50:00Z	34.63557556173442	21.592	13.043575561734421
26	2025-06-05T00:00:00Z	34.135588261817084	21.592	12.543588261817085
26	2025-06-05T00:10:00Z	33.63560096189975	21.592	12.043600961899749
26	2025-06-05T00:20:00Z	35.63555016156909	21.592	14.043550161569094
26	2025-06-05T00:30:00Z	36.635524761403765	22.093	14.542524761403765
26	2025-06-05T00:40:00Z	35.63555016156909	22.093	13.542550161569093
26	2025-06-05T00:50:00Z	36.13553746148643	21.592	14.54353746148643
26	2025-06-05T01:00:00Z	34.63557556173442	19.59	15.04557556173442
26	2025-06-05T01:10:00Z	34.135588261817084	18.589	15.546588261817085
26	2025-06-05T01:20:00Z	33.13561366198241	17.587	15.548613661982412
26	2025-06-05T01:30:00Z	33.13561366198241	17.086	16.049613661982413
26	2025-06-05T01:40:00Z	32.635626362065075	17.086	15.549626362065077
26	2025-06-05T01:50:00Z	32.13563906214774	17.086	15.04963906214774
26	2025-06-05T02:00:00Z	32.635626362065075	17.086	15.549626362065077
26	2025-06-05T02:10:00Z	33.63560096189975	17.086	16.54960096189975
26	2025-06-05T02:20:00Z	33.13561366198241	17.086	16.049613661982413
26	2025-06-05T02:30:00Z	33.13561366198241	17.086	16.049613661982413
26	2025-06-05T02:40:00Z	33.63560096189975	17.086	16.54960096189975
26	2025-06-05T02:50:00Z	33.63560096189975	16.585	17.050600961899747
26	2025-06-05T03:00:00Z	33.13561366198241	16.585	16.55061366198241
26	2025-06-05T03:10:00Z	36.13553746148643	16.585	19.550537461486428
26	2025-06-05T03:20:00Z	35.63555016156909	16.585	19.05055016156909
26	2025-06-05T03:30:00Z	33.63560096189975	17.086	16.54960096189975
26	2025-06-05T03:40:00Z	32.635626362065075	17.086	15.549626362065077
26	2025-06-05T03:50:00Z	32.13563906214774	17.086	15.04963906214774
26	2025-06-05T04:00:00Z	32.13563906214774	17.086	15.04963906214774
26	2025-06-05T04:10:00Z	35.135562861651756	17.086	18.049562861651758
26	2025-06-05T04:20:00Z	35.63555016156909	17.587	18.048550161569093
26	2025-06-05T04:30:00Z	34.135588261817084	17.587	16.548588261817084
26	2025-06-05T04:40:00Z	33.63560096189975	17.587	16.048600961899748
26	2025-06-05T04:50:00Z	33.13561366198241	17.587	15.548613661982412
26	2025-06-05T05:00:00Z	33.13561366198241	17.587	15.548613661982412
26	2025-06-05T05:10:00Z	33.63560096189975	18.088	15.547600961899747
26	2025-06-05T05:20:00Z	34.63557556173442	18.088	16.54757556173442
26	2025-06-05T05:30:00Z	34.135588261817084	18.589	15.546588261817085
26	2025-06-05T05:40:00Z	33.63560096189975	18.589	15.046600961899749
26	2025-06-05T05:50:00Z	34.135588261817084	18.589	15.546588261817085
26	2025-06-05T06:00:00Z	34.135588261817084	18.589	15.546588261817085
26	2025-06-05T06:10:00Z	34.135588261817084	18.589	15.546588261817085
26	2025-06-05T06:20:00Z	33.63560096189975	18.589	15.046600961899749
26	2025-06-05T06:30:00Z	33.13561366198241	18.589	14.546613661982413
26	2025-06-05T06:40:00Z	33.13561366198241	18.589	14.546613661982413
26	2025-06-05T06:50:00Z	32.635626362065075	18.589	14.046626362065076
26	2025-06-05T07:00:00Z	32.635626362065075	18.589	14.046626362065076
26	2025-06-05T07:10:00Z	32.635626362065075	19.089	13.546626362065076
26	2025-06-05T07:20:00Z	32.635626362065075	19.089	13.546626362065076
26	2025-06-05T07:30:00Z	32.13563906214774	19.089	13.04663906214774
26	2025-06-05T07:40:00Z	32.13563906214774	19.089	13.04663906214774
26	2025-06-05T07:50:00Z	32.13563906214774	19.089	13.04663906214774
26	2025-06-05T08:00:00Z	32.13563906214774	19.089	13.04663906214774
26	2025-06-05T08:10:00Z	32.13563906214774	19.59	12.545639062147739
26	2025-06-05T08:20:00Z	31.635651762230403	19.59	12.045651762230403
26	2025-06-05T08:30:00Z	32.635626362065075	19.59	13.045626362065075
26	2025-06-05T08:40:00Z	32.13563906214774	20.091	12.044639062147738
26	2025-06-05T08:50:00Z	32.13563906214774	20.091	12.044639062147738
26	2025-06-05T09:00:00Z	32.13563906214774	20.091	12.044639062147738
26	2025-06-05T09:10:00Z	32.13563906214774	20.091	12.044639062147738
26	2025-06-05T09:20:00Z	31.635651762230403	20.091	11.544651762230401
26	2025-06-05T09:30:00Z	31.635651762230403	20.591	11.044651762230401
26	2025-06-05T09:40:00Z	31.135664462313066	20.591	10.544664462313065
26	2025-06-05T09:50:00Z	31.135664462313066	21.092	10.043664462313068
26	2025-06-05T10:00:00Z	31.635651762230403	21.092	10.543651762230404
26	2025-06-05T10:10:00Z	31.635651762230403	21.092	10.543651762230404
26	2025-06-05T10:20:00Z	32.635626362065075	21.092	11.543626362065076
26	2025-06-05T10:30:00Z	32.13563906214774	21.592	10.54363906214774
26	2025-06-05T10:40:00Z	32.13563906214774	21.092	11.04363906214774
26	2025-06-05T10:50:00Z	32.635626362065075	21.592	11.043626362065076
26	2025-06-05T11:00:00Z	33.13561366198241	22.093	11.042613661982411
26	2025-06-05T11:10:00Z	32.635626362065075	22.593	10.042626362065075
26	2025-06-05T11:20:00Z	32.13563906214774	23.093	9.042639062147739
26	2025-06-05T11:30:00Z	32.13563906214774	23.594	8.541639062147738
26	2025-06-05T11:40:00Z	31.635651762230403	24.594	7.041651762230401
26	2025-06-05T11:50:00Z	31.635651762230403	24.594	7.041651762230401
26	2025-06-05T12:00:00Z	31.635651762230403	24.594	7.041651762230401
26	2025-06-05T12:10:00Z	31.635651762230403	25.094	6.541651762230401
26	2025-06-05T12:20:00Z	31.635651762230403	25.094	6.541651762230401
26	2025-06-05T12:30:00Z	31.635651762230403	25.594	6.041651762230401
26	2025-06-05T12:40:00Z	31.635651762230403	26.094	5.541651762230401
26	2025-06-05T12:50:00Z	31.635651762230403	26.094	5.541651762230401
26	2025-06-05T13:00:00Z	31.635651762230403	26.593	5.042651762230403
26	2025-06-05T13:10:00Z	32.13563906214774	27.093	5.042639062147739
26	2025-06-05T13:20:00Z	32.635626362065075	27.593	5.042626362065075
26	2025-06-05T13:30:00Z	32.635626362065075	27.593	5.042626362065075
26	2025-06-05T13:40:00Z	33.13561366198241	27.593	5.542613661982411
26	2025-06-05T13:50:00Z	33.13561366198241	27.593	5.542613661982411
26	2025-06-05T14:00:00Z	33.13561366198241	28.092	5.043613661982413
26	2025-06-05T14:10:00Z	33.63560096189975	28.092	5.543600961899749
26	2025-06-05T14:20:00Z	33.63560096189975	28.592	5.043600961899749
26	2025-06-05T14:30:00Z	33.63560096189975	28.092	5.543600961899749
26	2025-06-05T14:40:00Z	33.63560096189975	28.092	5.543600961899749
26	2025-06-05T14:50:00Z	33.13561366198241	28.092	5.043613661982413
26	2025-06-05T15:00:00Z	33.63560096189975	27.093	6.542600961899748
26	2025-06-05T15:10:00Z	34.63557556173442	27.093	7.54257556173442
26	2025-06-05T15:20:00Z	35.135562861651756	27.093	8.042562861651756
26	2025-06-05T15:30:00Z	35.63555016156909	27.593	8.042550161569093
26	2025-06-05T15:40:00Z	35.63555016156909	27.093	8.542550161569093
26	2025-06-05T15:50:00Z	35.135562861651756	26.593	8.542562861651756
26	2025-06-05T16:00:00Z	35.135562861651756	26.094	9.041562861651755
26	2025-06-05T16:10:00Z	35.135562861651756	26.593	8.542562861651756
26	2025-06-05T16:20:00Z	34.63557556173442	26.094	8.541575561734419
26	2025-06-05T16:30:00Z	34.63557556173442	25.594	9.041575561734419
26	2025-06-05T16:40:00Z	34.63557556173442	25.594	9.041575561734419
26	2025-06-05T16:50:00Z	34.63557556173442	25.594	9.041575561734419
26	2025-06-05T17:00:00Z	35.135562861651756	25.094	10.041562861651755
26	2025-06-05T17:10:00Z	34.63557556173442	24.594	10.041575561734419
26	2025-06-05T17:20:00Z	34.63557556173442	24.594	10.041575561734419
26	2025-06-05T17:30:00Z	34.63557556173442	24.094	10.541575561734419
26	2025-06-05T17:40:00Z	34.135588261817084	24.094	10.041588261817083
26	2025-06-05T17:50:00Z	34.135588261817084	24.094	10.041588261817083
26	2025-06-05T18:00:00Z	34.135588261817084	24.094	10.041588261817083
26	2025-06-05T18:10:00Z	34.135588261817084	24.094	10.041588261817083
26	2025-06-05T18:20:00Z	34.135588261817084	24.094	10.041588261817083
26	2025-06-05T18:30:00Z	34.135588261817084	23.594	10.541588261817083
26	2025-06-05T18:40:00Z	34.135588261817084	23.594	10.541588261817083
26	2025-06-05T18:50:00Z	34.135588261817084	23.594	10.541588261817083
26	2025-06-05T19:00:00Z	34.135588261817084	23.594	10.541588261817083
26	2025-06-05T19:10:00Z	34.135588261817084	23.594	10.541588261817083
26	2025-06-05T19:20:00Z	34.135588261817084	23.594	10.541588261817083
26	2025-06-05T19:30:00Z	34.63557556173442	23.594	11.041575561734419
26	2025-06-05T19:40:00Z	34.63557556173442	23.594	11.041575561734419
26	2025-06-05T19:50:00Z	35.135562861651756	23.594	11.541562861651755
26	2025-06-05T20:00:00Z	35.63555016156909	23.093	12.542550161569093
26	2025-06-05T20:10:00Z	35.135562861651756	23.093	12.042562861651756
26	2025-06-05T20:20:00Z	35.135562861651756	23.093	12.042562861651756
26	2025-06-05T20:30:00Z	35.63555016156909	22.593	13.042550161569093
26	2025-06-05T20:40:00Z	34.63557556173442	22.593	12.04257556173442
26	2025-06-05T20:50:00Z	34.135588261817084	22.593	11.542588261817084
26	2025-06-05T21:00:00Z	34.135588261817084	22.593	11.542588261817084
26	2025-06-05T21:10:00Z	34.135588261817084	22.593	11.542588261817084
26	2025-06-05T21:20:00Z	34.135588261817084	22.593	11.542588261817084
26	2025-06-05T21:30:00Z	35.135562861651756	22.593	12.542562861651756
26	2025-06-05T21:40:00Z	35.135562861651756	22.593	12.542562861651756
26	2025-06-05T21:50:00Z	35.135562861651756	22.593	12.542562861651756
26	2025-06-05T22:00:00Z	34.63557556173442	22.093	12.54257556173442
26	2025-06-05T22:10:00Z	34.135588261817084	22.093	12.042588261817084
26	2025-06-05T22:20:00Z	34.63557556173442	22.093	12.54257556173442
26	2025-06-05T22:30:00Z	36.635524761403765	22.093	14.542524761403765
26	2025-06-05T22:40:00Z	36.13553746148643	22.093	14.042537461486429
26	2025-06-05T22:50:00Z	36.635524761403765	21.592	15.043524761403766
26	2025-06-05T23:00:00Z	35.63555016156909	21.592	14.043550161569094
26	2025-06-05T23:10:00Z	34.63557556173442	21.592	13.043575561734421
26	2025-06-05T23:20:00Z	34.63557556173442	21.092	13.543575561734421
26	2025-06-05T23:30:00Z	34.63557556173442	21.092	13.543575561734421
26	2025-06-05T23:40:00Z	35.135562861651756	21.092	14.043562861651758
26	2025-06-05T23:50:00Z	36.13553746148643	21.092	15.04353746148643
26	2025-06-06T00:00:00Z	36.635524761403765	21.092	15.543524761403766
26	2025-06-06T00:10:00Z	36.13553746148643	21.092	15.04353746148643
26	2025-06-06T00:20:00Z	35.135562861651756	20.591	14.544562861651755
26	2025-06-06T00:30:00Z	36.635524761403765	20.591	16.044524761403764
26	2025-06-06T00:40:00Z	36.13553746148643	20.591	15.544537461486428
26	2025-06-06T00:50:00Z	35.63555016156909	20.591	15.044550161569092
26	2025-06-06T01:00:00Z	36.635524761403765	20.591	16.044524761403764
26	2025-06-06T01:10:00Z	35.63555016156909	20.591	15.044550161569092
26	2025-06-06T01:20:00Z	35.63555016156909	20.591	15.044550161569092
26	2025-06-06T01:30:00Z	36.635524761403765	20.591	16.044524761403764
26	2025-06-06T01:40:00Z	36.13553746148643	20.591	15.544537461486428
26	2025-06-06T01:50:00Z	35.135562861651756	20.591	14.544562861651755
26	2025-06-06T02:00:00Z	34.135588261817084	20.591	13.544588261817083
26	2025-06-06T02:10:00Z	34.63557556173442	20.591	14.044575561734419
26	2025-06-06T02:20:00Z	34.63557556173442	20.591	14.044575561734419
26	2025-06-06T02:30:00Z	34.135588261817084	20.591	13.544588261817083
26	2025-06-06T02:40:00Z	34.135588261817084	20.591	13.544588261817083
26	2025-06-06T02:50:00Z	34.135588261817084	20.591	13.544588261817083
26	2025-06-06T03:00:00Z	35.135562861651756	20.591	14.544562861651755
26	2025-06-06T03:10:00Z	36.13553746148643	20.591	15.544537461486428
26	2025-06-06T03:20:00Z	36.13553746148643	20.591	15.544537461486428
26	2025-06-06T03:30:00Z	35.135562861651756	20.591	14.544562861651755
26	2025-06-06T03:40:00Z	34.135588261817084	20.591	13.544588261817083
26	2025-06-06T03:50:00Z	34.63557556173442	20.591	14.044575561734419
26	2025-06-06T04:00:00Z	35.63555016156909	20.591	15.044550161569092
26	2025-06-06T04:10:00Z	35.63555016156909	20.591	15.044550161569092
26	2025-06-06T04:20:00Z	36.635524761403765	20.591	16.044524761403764
26	2025-06-06T04:30:00Z	36.13553746148643	20.591	15.544537461486428
26	2025-06-06T04:40:00Z	35.135562861651756	20.591	14.544562861651755
26	2025-06-06T04:50:00Z	35.135562861651756	20.591	14.544562861651755
26	2025-06-06T05:00:00Z	36.635524761403765	20.591	16.044524761403764
26	2025-06-06T05:10:00Z	36.13553746148643	20.591	15.544537461486428
26	2025-06-06T05:20:00Z	34.63557556173442	20.591	14.044575561734419
26	2025-06-06T05:30:00Z	34.63557556173442	20.591	14.044575561734419
26	2025-06-06T05:40:00Z	34.135588261817084	20.591	13.544588261817083
26	2025-06-06T05:50:00Z	34.135588261817084	20.591	13.544588261817083
26	2025-06-06T06:00:00Z	33.63560096189975	20.591	13.044600961899746
26	2025-06-06T06:10:00Z	33.13561366198241	20.591	12.54461366198241
26	2025-06-06T06:20:00Z	33.13561366198241	20.591	12.54461366198241
26	2025-06-06T06:30:00Z	33.13561366198241	20.591	12.54461366198241
26	2025-06-06T06:40:00Z	33.13561366198241	20.591	12.54461366198241
26	2025-06-06T06:50:00Z	32.635626362065075	20.591	12.044626362065074
26	2025-06-06T07:00:00Z	32.635626362065075	20.591	12.044626362065074
26	2025-06-06T07:10:00Z	32.635626362065075	20.591	12.044626362065074
26	2025-06-06T07:20:00Z	32.13563906214774	20.591	11.544639062147738
26	2025-06-06T07:30:00Z	32.13563906214774	20.591	11.544639062147738
26	2025-06-06T07:40:00Z	32.13563906214774	20.591	11.544639062147738
26	2025-06-06T07:50:00Z	32.13563906214774	21.092	11.04363906214774
26	2025-06-06T08:00:00Z	32.635626362065075	21.092	11.543626362065076
26	2025-06-06T08:10:00Z	32.13563906214774	21.592	10.54363906214774
26	2025-06-06T08:20:00Z	32.13563906214774	22.093	10.042639062147739
26	2025-06-06T08:30:00Z	32.13563906214774	23.594	8.541639062147738
26	2025-06-06T08:40:00Z	32.13563906214774	25.094	7.041639062147738
26	2025-06-06T08:50:00Z	32.13563906214774	25.094	7.041639062147738
26	2025-06-06T09:00:00Z	32.13563906214774	25.094	7.041639062147738
26	2025-06-06T09:10:00Z	32.13563906214774	28.592	3.54363906214774
26	2025-06-06T09:20:00Z	32.13563906214774	28.592	3.54363906214774
26	2025-06-06T09:30:00Z	32.13563906214774	29.591	2.5446390621477377
26	2025-06-06T09:40:00Z	32.635626362065075	28.592	4.043626362065076
26	2025-06-06T09:50:00Z	32.635626362065075	26.593	6.042626362065075
26	2025-06-06T10:00:00Z	33.13561366198241	26.593	6.542613661982411
26	2025-06-06T10:10:00Z	34.63557556173442	26.094	8.541575561734419
26	2025-06-06T10:20:00Z	34.135588261817084	26.094	8.041588261817083
26	2025-06-06T10:30:00Z	34.135588261817084	26.593	7.542588261817084
26	2025-06-06T10:40:00Z	34.135588261817084	26.593	7.542588261817084
26	2025-06-06T10:50:00Z	34.135588261817084	26.094	8.041588261817083
26	2025-06-06T11:00:00Z	34.135588261817084	26.094	8.041588261817083
26	2025-06-06T11:10:00Z	34.135588261817084	27.093	7.042588261817084
26	2025-06-06T11:20:00Z	33.63560096189975	27.093	6.542600961899748
26	2025-06-06T11:30:00Z	34.135588261817084	27.093	7.042588261817084
26	2025-06-06T11:40:00Z	33.63560096189975	26.593	7.042600961899748
26	2025-06-06T11:50:00Z	33.63560096189975	26.593	7.042600961899748
26	2025-06-06T12:00:00Z	33.63560096189975	26.593	7.042600961899748
26	2025-06-06T12:10:00Z	33.63560096189975	27.093	6.542600961899748
26	2025-06-06T12:20:00Z	33.63560096189975	27.093	6.542600961899748
26	2025-06-06T12:30:00Z	33.63560096189975	27.093	6.542600961899748
26	2025-06-06T12:40:00Z	33.63560096189975	27.093	6.542600961899748
26	2025-06-06T12:50:00Z	33.63560096189975	27.093	6.542600961899748
26	2025-06-06T13:00:00Z	33.13561366198241	27.093	6.042613661982411
26	2025-06-06T13:10:00Z	34.135588261817084	27.093	7.042588261817084
26	2025-06-06T13:20:00Z	34.63557556173442	26.593	8.04257556173442
26	2025-06-06T13:30:00Z	34.135588261817084	27.093	7.042588261817084
26	2025-06-06T13:40:00Z	33.63560096189975	27.093	6.542600961899748
26	2025-06-06T13:50:00Z	33.63560096189975	27.093	6.542600961899748
26	2025-06-06T14:00:00Z	33.63560096189975	27.093	6.542600961899748
26	2025-06-06T14:10:00Z	33.63560096189975	27.093	6.542600961899748
26	2025-06-06T14:20:00Z	33.63560096189975	27.093	6.542600961899748
26	2025-06-06T14:30:00Z	33.63560096189975	27.093	6.542600961899748
26	2025-06-06T14:40:00Z	33.63560096189975	27.093	6.542600961899748
26	2025-06-06T14:50:00Z	33.63560096189975	27.093	6.542600961899748
26	2025-06-06T15:00:00Z	33.63560096189975	27.093	6.542600961899748
26	2025-06-06T15:10:00Z	33.63560096189975	27.593	6.042600961899748
26	2025-06-06T15:20:00Z	35.135562861651756	27.093	8.042562861651756
26	2025-06-06T15:30:00Z	36.13553746148643	27.593	8.542537461486429
26	2025-06-06T15:40:00Z	35.63555016156909	27.593	8.042550161569093
26	2025-06-06T15:50:00Z	35.63555016156909	27.593	8.042550161569093
26	2025-06-06T16:00:00Z	35.135562861651756	27.593	7.542562861651756
26	2025-06-06T16:10:00Z	34.63557556173442	27.093	7.54257556173442
26	2025-06-06T16:20:00Z	34.63557556173442	28.092	6.543575561734421
26	2025-06-06T16:30:00Z	35.135562861651756	27.593	7.542562861651756
26	2025-06-06T16:40:00Z	34.63557556173442	27.093	7.54257556173442
26	2025-06-06T16:50:00Z	34.63557556173442	27.093	7.54257556173442
26	2025-06-06T17:00:00Z	34.63557556173442	27.093	7.54257556173442
26	2025-06-06T17:10:00Z	34.63557556173442	27.093	7.54257556173442
26	2025-06-06T17:20:00Z	36.635524761403765	27.093	9.542524761403765
26	2025-06-06T17:30:00Z	36.13553746148643	26.593	9.542537461486429
26	2025-06-06T17:40:00Z	35.63555016156909	26.593	9.042550161569093
26	2025-06-06T17:50:00Z	35.63555016156909	26.593	9.042550161569093
26	2025-06-06T18:00:00Z	35.135562861651756	26.593	8.542562861651756
26	2025-06-06T18:10:00Z	34.63557556173442	25.594	9.041575561734419
26	2025-06-06T18:20:00Z	34.63557556173442	25.094	9.541575561734419
26	2025-06-06T18:30:00Z	34.135588261817084	25.094	9.041588261817083
26	2025-06-06T18:40:00Z	34.135588261817084	24.594	9.541588261817083
26	2025-06-06T18:50:00Z	33.63560096189975	24.094	9.541600961899746
26	2025-06-06T19:00:00Z	33.63560096189975	24.094	9.541600961899746
26	2025-06-06T19:10:00Z	34.135588261817084	23.594	10.541588261817083
26	2025-06-06T19:20:00Z	34.135588261817084	23.594	10.541588261817083
26	2025-06-06T19:30:00Z	34.135588261817084	24.094	10.041588261817083
26	2025-06-06T19:40:00Z	34.135588261817084	23.594	10.541588261817083
26	2025-06-06T19:50:00Z	34.63557556173442	23.594	11.041575561734419
26	2025-06-06T20:00:00Z	34.63557556173442	23.093	11.54257556173442
26	2025-06-06T20:10:00Z	34.63557556173442	23.093	11.54257556173442
26	2025-06-06T20:20:00Z	35.135562861651756	23.093	12.042562861651756
26	2025-06-06T20:30:00Z	36.13553746148643	22.593	13.542537461486429
26	2025-06-06T20:40:00Z	35.63555016156909	22.593	13.042550161569093
26	2025-06-06T20:50:00Z	34.63557556173442	22.593	12.04257556173442
26	2025-06-06T21:00:00Z	34.63557556173442	22.093	12.54257556173442
26	2025-06-06T21:10:00Z	35.63555016156909	22.593	13.042550161569093
26	2025-06-06T21:20:00Z	36.13553746148643	22.593	13.542537461486429
26	2025-06-06T21:30:00Z	36.13553746148643	22.093	14.042537461486429
26	2025-06-06T21:40:00Z	36.13553746148643	22.093	14.042537461486429
26	2025-06-06T21:50:00Z	35.135562861651756	22.093	13.042562861651756
26	2025-06-06T22:00:00Z	34.63557556173442	22.093	12.54257556173442
26	2025-06-06T22:10:00Z	34.135588261817084	22.093	12.042588261817084
26	2025-06-06T22:20:00Z	34.135588261817084	21.592	12.543588261817085
26	2025-06-06T22:30:00Z	34.63557556173442	21.592	13.043575561734421
26	2025-06-06T22:40:00Z	36.635524761403765	21.592	15.043524761403766
26	2025-06-06T22:50:00Z	35.63555016156909	21.592	14.043550161569094
26	2025-06-06T23:00:00Z	35.63555016156909	21.592	14.043550161569094
26	2025-06-06T23:10:00Z	36.635524761403765	21.592	15.043524761403766
26	2025-06-06T23:20:00Z	35.135562861651756	21.592	13.543562861651758
26	2025-06-06T23:30:00Z	35.63555016156909	21.592	14.043550161569094
26	2025-06-06T23:40:00Z	34.63557556173442	21.592	13.043575561734421
26	2025-06-06T23:50:00Z	35.63555016156909	21.592	14.043550161569094
26	2025-06-07T00:00:00Z	36.635524761403765	21.592	15.043524761403766
26	2025-06-07T00:10:00Z	37.13551206132111	21.092	16.04351206132111
26	2025-06-07T00:20:00Z	36.635524761403765	21.092	15.543524761403766
26	2025-06-07T00:30:00Z	35.63555016156909	21.092	14.543550161569094
26	2025-06-07T00:40:00Z	35.135562861651756	21.092	14.043562861651758
26	2025-06-07T00:50:00Z	35.135562861651756	21.092	14.043562861651758
26	2025-06-07T01:00:00Z	35.63555016156909	21.092	14.543550161569094
26	2025-06-07T01:10:00Z	35.63555016156909	21.092	14.543550161569094
26	2025-06-07T01:20:00Z	36.635524761403765	21.092	15.543524761403766
26	2025-06-07T01:30:00Z	35.63555016156909	21.092	14.543550161569094
26	2025-06-07T01:40:00Z	36.635524761403765	20.591	16.044524761403764
26	2025-06-07T01:50:00Z	35.63555016156909	19.089	16.546550161569094
26	2025-06-07T02:00:00Z	34.135588261817084	18.589	15.546588261817085
26	2025-06-07T02:10:00Z	33.63560096189975	18.589	15.046600961899749
26	2025-06-07T02:20:00Z	33.63560096189975	18.589	15.046600961899749
26	2025-06-07T02:30:00Z	33.13561366198241	18.589	14.546613661982413
26	2025-06-07T02:40:00Z	34.135588261817084	18.589	15.546588261817085
26	2025-06-07T02:50:00Z	36.13553746148643	18.589	17.54653746148643
26	2025-06-07T03:00:00Z	35.135562861651756	18.589	16.546562861651758
26	2025-06-07T03:10:00Z	36.13553746148643	19.089	17.04653746148643
26	2025-06-07T03:20:00Z	36.635524761403765	19.089	17.546524761403766
26	2025-06-07T03:30:00Z	36.13553746148643	19.59	16.54553746148643
26	2025-06-07T03:40:00Z	35.63555016156909	19.089	16.546550161569094
26	2025-06-07T03:50:00Z	34.63557556173442	19.59	15.04557556173442
26	2025-06-07T04:00:00Z	33.63560096189975	19.089	14.546600961899749
26	2025-06-07T04:10:00Z	36.13553746148643	19.089	17.04653746148643
26	2025-06-07T04:20:00Z	36.13553746148643	19.59	16.54553746148643
26	2025-06-07T04:30:00Z	35.135562861651756	19.59	15.545562861651756
26	2025-06-07T04:40:00Z	34.63557556173442	19.59	15.04557556173442
26	2025-06-07T04:50:00Z	34.63557556173442	19.59	15.04557556173442
26	2025-06-07T05:00:00Z	34.135588261817084	19.59	14.545588261817084
26	2025-06-07T05:10:00Z	34.135588261817084	19.59	14.545588261817084
26	2025-06-07T05:20:00Z	34.135588261817084	19.089	15.046588261817085
26	2025-06-07T05:30:00Z	34.135588261817084	19.089	15.046588261817085
26	2025-06-07T05:40:00Z	33.63560096189975	19.089	14.546600961899749
26	2025-06-07T05:50:00Z	33.63560096189975	19.089	14.546600961899749
26	2025-06-07T06:00:00Z	33.13561366198241	19.089	14.046613661982413
26	2025-06-07T06:10:00Z	33.13561366198241	19.089	14.046613661982413
26	2025-06-07T06:20:00Z	33.63560096189975	18.589	15.046600961899749
26	2025-06-07T06:30:00Z	33.13561366198241	19.089	14.046613661982413
26	2025-06-07T06:40:00Z	33.13561366198241	19.089	14.046613661982413
26	2025-06-07T06:50:00Z	33.13561366198241	19.089	14.046613661982413
26	2025-06-07T07:00:00Z	32.635626362065075	19.089	13.546626362065076
26	2025-06-07T07:10:00Z	32.635626362065075	19.089	13.546626362065076
26	2025-06-07T07:20:00Z	32.635626362065075	19.59	13.045626362065075
26	2025-06-07T07:30:00Z	32.635626362065075	19.59	13.045626362065075
26	2025-06-07T07:40:00Z	32.13563906214774	19.59	12.545639062147739
26	2025-06-07T07:50:00Z	32.13563906214774	20.091	12.044639062147738
26	2025-06-07T08:00:00Z	32.13563906214774	20.091	12.044639062147738
26	2025-06-07T08:10:00Z	32.13563906214774	20.091	12.044639062147738
26	2025-06-07T08:20:00Z	31.635651762230403	20.591	11.044651762230401
26	2025-06-07T08:30:00Z	31.635651762230403	20.591	11.044651762230401
26	2025-06-07T08:40:00Z	31.635651762230403	20.591	11.044651762230401
26	2025-06-07T08:50:00Z	32.13563906214774	21.092	11.04363906214774
26	2025-06-07T09:00:00Z	32.13563906214774	21.592	10.54363906214774
26	2025-06-07T09:10:00Z	32.13563906214774	22.093	10.042639062147739
26	2025-06-07T09:20:00Z	32.13563906214774	22.593	9.542639062147739
26	2025-06-07T09:30:00Z	33.13561366198241	23.093	10.042613661982411
26	2025-06-07T09:40:00Z	32.635626362065075	23.594	9.041626362065074
26	2025-06-07T09:50:00Z	33.13561366198241	24.094	9.04161366198241
26	2025-06-07T10:00:00Z	33.13561366198241	24.094	9.04161366198241
26	2025-06-07T10:10:00Z	33.13561366198241	24.594	8.54161366198241
26	2025-06-07T10:20:00Z	33.13561366198241	24.594	8.54161366198241
26	2025-06-07T10:30:00Z	32.635626362065075	25.094	7.541626362065074
26	2025-06-07T10:40:00Z	32.635626362065075	25.094	7.541626362065074
26	2025-06-07T10:50:00Z	32.635626362065075	25.094	7.541626362065074
26	2025-06-07T11:00:00Z	32.635626362065075	25.594	7.041626362065074
26	2025-06-07T11:10:00Z	32.13563906214774	25.594	6.541639062147738
26	2025-06-07T11:20:00Z	32.13563906214774	25.594	6.541639062147738
26	2025-06-07T11:30:00Z	32.13563906214774	26.094	6.041639062147738
26	2025-06-07T11:40:00Z	32.635626362065075	25.594	7.041626362065074
26	2025-06-07T11:50:00Z	32.635626362065075	26.094	6.541626362065074
26	2025-06-07T12:00:00Z	32.635626362065075	26.094	6.541626362065074
26	2025-06-07T12:10:00Z	32.635626362065075	26.094	6.541626362065074
26	2025-06-07T12:20:00Z	32.635626362065075	26.094	6.541626362065074
26	2025-06-07T12:30:00Z	32.635626362065075	26.094	6.541626362065074
26	2025-06-07T12:40:00Z	32.13563906214774	26.094	6.041639062147738
26	2025-06-07T12:50:00Z	31.635651762230403	26.094	5.541651762230401
26	2025-06-07T13:00:00Z	32.13563906214774	26.094	6.041639062147738
26	2025-06-07T13:10:00Z	32.635626362065075	26.094	6.541626362065074
26	2025-06-07T13:20:00Z	32.635626362065075	26.094	6.541626362065074
26	2025-06-07T13:30:00Z	33.13561366198241	26.094	7.04161366198241
26	2025-06-07T13:40:00Z	33.13561366198241	26.593	6.542613661982411
26	2025-06-07T13:50:00Z	33.13561366198241	26.593	6.542613661982411
26	2025-06-07T14:00:00Z	33.13561366198241	26.593	6.542613661982411
26	2025-06-07T14:10:00Z	33.13561366198241	26.593	6.542613661982411
26	2025-06-07T14:20:00Z	33.13561366198241	26.593	6.542613661982411
26	2025-06-07T14:30:00Z	33.13561366198241	26.593	6.542613661982411
26	2025-06-07T14:40:00Z	33.13561366198241	27.093	6.042613661982411
26	2025-06-07T14:50:00Z	33.63560096189975	27.093	6.542600961899748
26	2025-06-07T15:00:00Z	33.63560096189975	26.593	7.042600961899748
26	2025-06-07T15:10:00Z	33.63560096189975	27.093	6.542600961899748
26	2025-06-07T15:20:00Z	33.63560096189975	27.093	6.542600961899748
26	2025-06-07T15:30:00Z	33.63560096189975	27.093	6.542600961899748
26	2025-06-07T15:40:00Z	33.13561366198241	27.093	6.042613661982411
26	2025-06-07T15:50:00Z	33.13561366198241	27.093	6.042613661982411
26	2025-06-07T16:00:00Z	33.13561366198241	27.093	6.042613661982411
26	2025-06-07T16:10:00Z	33.13561366198241	27.093	6.042613661982411
26	2025-06-07T16:20:00Z	33.13561366198241	26.593	6.542613661982411
26	2025-06-07T16:30:00Z	33.13561366198241	26.593	6.542613661982411
26	2025-06-07T16:40:00Z	33.13561366198241	26.593	6.542613661982411
26	2025-06-07T16:50:00Z	33.63560096189975	27.093	6.542600961899748
26	2025-06-07T17:00:00Z	33.63560096189975	26.593	7.042600961899748
26	2025-06-07T17:10:00Z	35.63555016156909	26.593	9.042550161569093
26	2025-06-07T17:20:00Z	35.63555016156909	26.593	9.042550161569093
26	2025-06-07T17:30:00Z	35.135562861651756	26.593	8.542562861651756
26	2025-06-07T17:40:00Z	35.135562861651756	26.094	9.041562861651755
26	2025-06-07T17:50:00Z	35.135562861651756	26.094	9.041562861651755
26	2025-06-07T18:00:00Z	34.63557556173442	26.094	8.541575561734419
26	2025-06-07T18:10:00Z	34.63557556173442	25.594	9.041575561734419
26	2025-06-07T18:20:00Z	34.135588261817084	25.594	8.541588261817083
26	2025-06-07T18:30:00Z	34.135588261817084	25.594	8.541588261817083
26	2025-06-07T18:40:00Z	34.135588261817084	25.094	9.041588261817083
26	2025-06-07T18:50:00Z	33.63560096189975	24.594	9.041600961899746
26	2025-06-07T19:00:00Z	34.63557556173442	24.594	10.041575561734419
26	2025-06-07T19:10:00Z	34.63557556173442	24.094	10.541575561734419
26	2025-06-07T19:20:00Z	34.63557556173442	24.094	10.541575561734419
26	2025-06-07T19:30:00Z	34.63557556173442	24.094	10.541575561734419
26	2025-06-07T19:40:00Z	34.63557556173442	24.094	10.541575561734419
26	2025-06-07T19:50:00Z	35.135562861651756	23.594	11.541562861651755
26	2025-06-07T20:00:00Z	36.13553746148643	23.594	12.541537461486428
26	2025-06-07T20:10:00Z	36.635524761403765	23.594	13.041524761403764
26	2025-06-07T20:20:00Z	36.635524761403765	23.594	13.041524761403764
26	2025-06-07T20:30:00Z	36.635524761403765	23.093	13.542524761403765
26	2025-06-07T20:40:00Z	36.13553746148643	23.093	13.042537461486429
26	2025-06-07T20:50:00Z	35.135562861651756	23.093	12.042562861651756
26	2025-06-07T21:00:00Z	35.63555016156909	22.593	13.042550161569093
26	2025-06-07T21:10:00Z	34.135588261817084	22.593	11.542588261817084
26	2025-06-07T21:20:00Z	33.63560096189975	22.593	11.042600961899748
26	2025-06-07T21:30:00Z	34.135588261817084	22.593	11.542588261817084
26	2025-06-07T21:40:00Z	35.63555016156909	22.593	13.042550161569093
26	2025-06-07T21:50:00Z	36.13553746148643	22.093	14.042537461486429
26	2025-06-07T22:00:00Z	36.13553746148643	22.093	14.042537461486429
26	2025-06-07T22:10:00Z	36.635524761403765	22.093	14.542524761403765
26	2025-06-07T22:20:00Z	34.63557556173442	22.093	12.54257556173442
26	2025-06-07T22:30:00Z	33.63560096189975	22.093	11.542600961899748
26	2025-06-07T22:40:00Z	33.63560096189975	21.592	12.043600961899749
26	2025-06-07T22:50:00Z	33.63560096189975	21.592	12.043600961899749
26	2025-06-07T23:00:00Z	33.63560096189975	21.592	12.043600961899749
26	2025-06-07T23:10:00Z	33.13561366198241	21.592	11.543613661982413
26	2025-06-07T23:20:00Z	33.63560096189975	21.592	12.043600961899749
26	2025-06-07T23:30:00Z	36.635524761403765	21.592	15.043524761403766
26	2025-06-07T23:40:00Z	35.63555016156909	21.592	14.043550161569094
26	2025-06-07T23:50:00Z	36.635524761403765	21.592	15.043524761403766
26	2025-06-08T00:00:00Z	35.63555016156909	21.592	14.043550161569094
26	2025-06-08T00:10:00Z	34.63557556173442	21.592	13.043575561734421
26	2025-06-08T00:20:00Z	34.63557556173442	21.592	13.043575561734421
26	2025-06-08T00:30:00Z	36.13553746148643	21.592	14.54353746148643
26	2025-06-08T00:40:00Z	36.13553746148643	21.592	14.54353746148643
26	2025-06-08T00:50:00Z	34.63557556173442	21.092	13.543575561734421
26	2025-06-08T01:00:00Z	33.63560096189975	21.092	12.543600961899749
26	2025-06-08T01:10:00Z	33.63560096189975	21.592	12.043600961899749
26	2025-06-08T01:20:00Z	35.135562861651756	21.092	14.043562861651758
26	2025-06-08T01:30:00Z	35.63555016156909	21.092	14.543550161569094
26	2025-06-08T01:40:00Z	36.13553746148643	21.092	15.04353746148643
26	2025-06-08T01:50:00Z	35.135562861651756	21.092	14.043562861651758
26	2025-06-08T02:00:00Z	34.135588261817084	21.092	13.043588261817085
26	2025-06-08T02:10:00Z	33.63560096189975	20.591	13.044600961899746
26	2025-06-08T02:20:00Z	34.135588261817084	20.591	13.544588261817083
26	2025-06-08T02:30:00Z	35.63555016156909	20.591	15.044550161569092
26	2025-06-08T02:40:00Z	35.63555016156909	20.091	15.544550161569092
26	2025-06-08T02:50:00Z	35.135562861651756	20.091	15.044562861651755
26	2025-06-08T03:00:00Z	35.135562861651756	20.091	15.044562861651755
26	2025-06-08T03:10:00Z	34.63557556173442	20.591	14.044575561734419
26	2025-06-08T03:20:00Z	34.135588261817084	20.591	13.544588261817083
26	2025-06-08T03:30:00Z	33.63560096189975	20.091	13.544600961899746
26	2025-06-08T03:40:00Z	33.63560096189975	20.091	13.544600961899746
26	2025-06-08T03:50:00Z	33.63560096189975	20.591	13.044600961899746
26	2025-06-08T04:00:00Z	37.13551206132111	20.091	17.044512061321107
26	2025-06-08T04:10:00Z	37.635499361238445	19.59	18.045499361238445
26	2025-06-08T04:20:00Z	36.13553746148643	20.091	16.044537461486428
26	2025-06-08T04:30:00Z	35.135562861651756	20.091	15.044562861651755
26	2025-06-08T04:40:00Z	34.63557556173442	20.091	14.544575561734419
26	2025-06-08T04:50:00Z	34.135588261817084	20.091	14.044588261817083
26	2025-06-08T05:00:00Z	34.135588261817084	20.091	14.044588261817083
26	2025-06-08T05:10:00Z	33.63560096189975	20.091	13.544600961899746
26	2025-06-08T05:20:00Z	33.63560096189975	19.59	14.045600961899748
26	2025-06-08T05:30:00Z	33.13561366198241	20.091	13.04461366198241
26	2025-06-08T05:40:00Z	33.13561366198241	20.091	13.04461366198241
26	2025-06-08T05:50:00Z	32.635626362065075	19.59	13.045626362065075
26	2025-06-08T06:00:00Z	32.635626362065075	19.59	13.045626362065075
26	2025-06-08T06:10:00Z	32.13563906214774	19.59	12.545639062147739
26	2025-06-08T06:20:00Z	32.13563906214774	19.59	12.545639062147739
26	2025-06-08T06:30:00Z	32.13563906214774	19.59	12.545639062147739
26	2025-06-08T06:40:00Z	31.635651762230403	19.59	12.045651762230403
26	2025-06-08T06:50:00Z	31.635651762230403	19.59	12.045651762230403
26	2025-06-08T07:00:00Z	31.135664462313066	19.59	11.545664462313066
26	2025-06-08T07:10:00Z	31.135664462313066	19.59	11.545664462313066
26	2025-06-08T07:20:00Z	31.135664462313066	20.591	10.544664462313065
26	2025-06-08T07:30:00Z	30.63567716239573	21.592	9.043677162395731
26	2025-06-08T07:40:00Z	30.63567716239573	23.093	7.54267716239573
26	2025-06-08T07:50:00Z	30.135689862478394	24.094	6.041689862478393
26	2025-06-08T08:00:00Z	30.135689862478394	25.094	5.041689862478393
26	2025-06-08T08:10:00Z	30.135689862478394	26.593	3.542689862478394
26	2025-06-08T08:20:00Z	30.135689862478394	26.094	4.041689862478393
26	2025-06-08T08:30:00Z	30.135689862478394	27.093	3.042689862478394
26	2025-06-08T08:40:00Z	30.135689862478394	27.593	2.542689862478394
26	2025-06-08T08:50:00Z	30.63567716239573	27.593	3.04267716239573
26	2025-06-08T09:00:00Z	30.63567716239573	25.094	5.541677162395729
26	2025-06-08T09:10:00Z	30.63567716239573	27.093	3.54267716239573
26	2025-06-08T09:20:00Z	30.63567716239573	27.593	3.04267716239573
26	2025-06-08T09:30:00Z	30.63567716239573	28.092	2.5436771623957313
26	2025-06-08T09:40:00Z	30.63567716239573	27.093	3.54267716239573
26	2025-06-08T09:50:00Z	30.63567716239573	25.594	5.041677162395729
26	2025-06-08T10:00:00Z	31.135664462313066	25.594	5.541664462313065
26	2025-06-08T10:10:00Z	31.135664462313066	26.094	5.041664462313065
26	2025-06-08T10:20:00Z	31.635651762230403	26.094	5.541651762230401
26	2025-06-08T10:30:00Z	31.635651762230403	26.094	5.541651762230401
26	2025-06-08T10:40:00Z	32.13563906214774	26.593	5.542639062147739
26	2025-06-08T10:50:00Z	32.635626362065075	26.593	6.042626362065075
26	2025-06-08T11:00:00Z	32.635626362065075	26.593	6.042626362065075
26	2025-06-08T11:10:00Z	32.13563906214774	27.093	5.042639062147739
26	2025-06-08T11:20:00Z	32.13563906214774	27.093	5.042639062147739
26	2025-06-08T11:30:00Z	32.635626362065075	27.093	5.542626362065075
26	2025-06-08T11:40:00Z	31.635651762230403	26.593	5.042651762230403
26	2025-06-08T11:50:00Z	31.635651762230403	26.593	5.042651762230403
26	2025-06-08T12:00:00Z	31.635651762230403	27.093	4.542651762230403
26	2025-06-08T12:10:00Z	31.635651762230403	26.593	5.042651762230403
26	2025-06-08T12:20:00Z	31.635651762230403	27.093	4.542651762230403
26	2025-06-08T12:30:00Z	31.635651762230403	27.093	4.542651762230403
26	2025-06-08T12:40:00Z	31.635651762230403	27.093	4.542651762230403
26	2025-06-08T12:50:00Z	31.635651762230403	27.593	4.042651762230403
26	2025-06-08T13:00:00Z	32.13563906214774	27.593	4.542639062147739
26	2025-06-08T13:10:00Z	32.13563906214774	28.092	4.04363906214774
26	2025-06-08T13:20:00Z	32.635626362065075	27.593	5.042626362065075
26	2025-06-08T13:30:00Z	33.13561366198241	27.093	6.042613661982411
26	2025-06-08T13:40:00Z	33.13561366198241	27.593	5.542613661982411
26	2025-06-08T13:50:00Z	33.13561366198241	27.093	6.042613661982411
26	2025-06-08T14:00:00Z	32.635626362065075	27.593	5.042626362065075
26	2025-06-08T14:10:00Z	33.13561366198241	28.092	5.043613661982413
26	2025-06-08T14:20:00Z	33.13561366198241	28.092	5.043613661982413
26	2025-06-08T14:30:00Z	33.13561366198241	28.092	5.043613661982413
26	2025-06-08T14:40:00Z	33.13561366198241	28.092	5.043613661982413
26	2025-06-08T14:50:00Z	33.63560096189975	27.593	6.042600961899748
26	2025-06-08T15:00:00Z	33.63560096189975	28.092	5.543600961899749
26	2025-06-08T15:10:00Z	33.63560096189975	28.092	5.543600961899749
26	2025-06-08T15:20:00Z	33.63560096189975	28.092	5.543600961899749
26	2025-06-08T15:30:00Z	34.135588261817084	28.092	6.043588261817085
26	2025-06-08T15:40:00Z	34.135588261817084	28.092	6.043588261817085
26	2025-06-08T15:50:00Z	34.135588261817084	28.092	6.043588261817085
26	2025-06-08T16:00:00Z	34.135588261817084	28.092	6.043588261817085
26	2025-06-08T16:10:00Z	34.135588261817084	27.593	6.542588261817084
26	2025-06-08T16:20:00Z	33.63560096189975	28.092	5.543600961899749
26	2025-06-08T16:30:00Z	34.135588261817084	28.092	6.043588261817085
26	2025-06-08T16:40:00Z	33.63560096189975	28.092	5.543600961899749
26	2025-06-08T16:50:00Z	34.135588261817084	28.092	6.043588261817085
26	2025-06-08T17:00:00Z	33.63560096189975	28.092	5.543600961899749
26	2025-06-08T17:10:00Z	34.135588261817084	27.593	6.542588261817084
26	2025-06-08T17:20:00Z	34.135588261817084	28.092	6.043588261817085
26	2025-06-08T17:30:00Z	34.135588261817084	28.092	6.043588261817085
26	2025-06-08T17:40:00Z	34.135588261817084	28.092	6.043588261817085
26	2025-06-08T17:50:00Z	34.135588261817084	27.593	6.542588261817084
26	2025-06-08T18:00:00Z	34.135588261817084	27.593	6.542588261817084
26	2025-06-08T18:10:00Z	34.63557556173442	27.593	7.04257556173442
26	2025-06-08T18:20:00Z	35.135562861651756	27.593	7.542562861651756
26	2025-06-08T18:30:00Z	35.135562861651756	27.093	8.042562861651756
26	2025-06-08T18:40:00Z	35.135562861651756	26.593	8.542562861651756
26	2025-06-08T18:50:00Z	34.63557556173442	26.094	8.541575561734419
26	2025-06-08T19:00:00Z	34.63557556173442	26.094	8.541575561734419
26	2025-06-08T19:10:00Z	34.135588261817084	25.594	8.541588261817083
26	2025-06-08T19:20:00Z	34.135588261817084	25.594	8.541588261817083
26	2025-06-08T19:30:00Z	34.63557556173442	25.094	9.541575561734419
26	2025-06-08T19:40:00Z	35.135562861651756	25.094	10.041562861651755
26	2025-06-08T19:50:00Z	35.135562861651756	24.594	10.541562861651755
26	2025-06-08T20:00:00Z	35.135562861651756	24.594	10.541562861651755
26	2025-06-08T20:10:00Z	35.135562861651756	24.594	10.541562861651755
26	2025-06-08T20:20:00Z	35.135562861651756	24.094	11.041562861651755
26	2025-06-08T20:30:00Z	35.135562861651756	24.094	11.041562861651755
26	2025-06-08T20:40:00Z	34.63557556173442	23.594	11.041575561734419
26	2025-06-08T20:50:00Z	34.63557556173442	23.594	11.041575561734419
26	2025-06-08T21:00:00Z	34.63557556173442	23.594	11.041575561734419
26	2025-06-08T21:10:00Z	34.63557556173442	23.594	11.041575561734419
26	2025-06-08T21:20:00Z	34.63557556173442	23.093	11.54257556173442
26	2025-06-08T21:30:00Z	35.135562861651756	23.093	12.042562861651756
26	2025-06-08T21:40:00Z	35.135562861651756	23.093	12.042562861651756
26	2025-06-08T21:50:00Z	35.135562861651756	23.093	12.042562861651756
26	2025-06-08T22:00:00Z	36.13553746148643	22.593	13.542537461486429
26	2025-06-08T22:10:00Z	36.635524761403765	22.593	14.042524761403765
26	2025-06-08T22:20:00Z	36.13553746148643	22.593	13.542537461486429
26	2025-06-08T22:30:00Z	34.63557556173442	22.593	12.04257556173442
26	2025-06-08T22:40:00Z	34.63557556173442	22.593	12.04257556173442
26	2025-06-08T22:50:00Z	34.63557556173442	22.593	12.04257556173442
26	2025-06-08T23:00:00Z	34.63557556173442	22.593	12.04257556173442
26	2025-06-08T23:10:00Z	35.63555016156909	22.093	13.542550161569093
26	2025-06-08T23:20:00Z	36.635524761403765	22.093	14.542524761403765
26	2025-06-08T23:30:00Z	36.13553746148643	22.093	14.042537461486429
26	2025-06-08T23:40:00Z	35.63555016156909	22.093	13.542550161569093
26	2025-06-08T23:50:00Z	36.13553746148643	22.093	14.042537461486429
26	2025-06-09T00:00:00Z	35.135562861651756	22.093	13.042562861651756
26	2025-06-09T00:10:00Z	35.135562861651756	22.093	13.042562861651756
26	2025-06-09T00:20:00Z	34.63557556173442	21.592	13.043575561734421
26	2025-06-09T00:30:00Z	34.63557556173442	21.592	13.043575561734421
26	2025-06-09T00:40:00Z	35.135562861651756	21.592	13.543562861651758
26	2025-06-09T00:50:00Z	36.13553746148643	21.592	14.54353746148643
26	2025-06-09T01:00:00Z	36.13553746148643	21.092	15.04353746148643
26	2025-06-09T01:10:00Z	37.635499361238445	21.592	16.043499361238446
26	2025-06-09T01:20:00Z	36.13553746148643	21.592	14.54353746148643
26	2025-06-09T01:30:00Z	35.135562861651756	21.592	13.543562861651758
26	2025-06-09T01:40:00Z	35.135562861651756	21.592	13.543562861651758
26	2025-06-09T01:50:00Z	35.63555016156909	21.092	14.543550161569094
26	2025-06-09T02:00:00Z	35.135562861651756	21.592	13.543562861651758
26	2025-06-09T02:10:00Z	34.63557556173442	21.092	13.543575561734421
26	2025-06-09T02:20:00Z	35.63555016156909	21.092	14.543550161569094
26	2025-06-09T02:30:00Z	34.63557556173442	21.092	13.543575561734421
26	2025-06-09T02:40:00Z	34.135588261817084	21.092	13.043588261817085
26	2025-06-09T02:50:00Z	34.135588261817084	21.092	13.043588261817085
26	2025-06-09T03:00:00Z	33.63560096189975	20.591	13.044600961899746
26	2025-06-09T03:10:00Z	33.63560096189975	20.591	13.044600961899746
26	2025-06-09T03:20:00Z	34.135588261817084	20.591	13.544588261817083
26	2025-06-09T03:30:00Z	36.635524761403765	20.591	16.044524761403764
26	2025-06-09T03:40:00Z	36.635524761403765	20.091	16.544524761403764
26	2025-06-09T03:50:00Z	35.63555016156909	20.591	15.044550161569092
26	2025-06-09T04:00:00Z	35.63555016156909	20.591	15.044550161569092
26	2025-06-09T04:10:00Z	36.13553746148643	20.091	16.044537461486428
26	2025-06-09T04:20:00Z	34.63557556173442	19.59	15.04557556173442
26	2025-06-09T04:30:00Z	34.63557556173442	20.091	14.544575561734419
26	2025-06-09T04:40:00Z	34.63557556173442	20.091	14.544575561734419
26	2025-06-09T04:50:00Z	36.13553746148643	20.091	16.044537461486428
26	2025-06-09T05:00:00Z	35.63555016156909	20.091	15.544550161569092
26	2025-06-09T05:10:00Z	34.63557556173442	19.59	15.04557556173442
26	2025-06-09T05:20:00Z	34.135588261817084	19.59	14.545588261817084
26	2025-06-09T05:30:00Z	33.63560096189975	19.59	14.045600961899748
26	2025-06-09T05:40:00Z	33.63560096189975	19.089	14.546600961899749
26	2025-06-09T05:50:00Z	33.63560096189975	19.089	14.546600961899749
26	2025-06-09T06:00:00Z	33.63560096189975	19.59	14.045600961899748
26	2025-06-09T06:10:00Z	33.13561366198241	19.59	13.545613661982411
26	2025-06-09T06:20:00Z	33.13561366198241	19.59	13.545613661982411
26	2025-06-09T06:30:00Z	32.635626362065075	20.091	12.544626362065074
26	2025-06-09T06:40:00Z	32.635626362065075	20.091	12.544626362065074
26	2025-06-09T06:50:00Z	32.635626362065075	20.591	12.044626362065074
26	2025-06-09T07:00:00Z	32.635626362065075	20.591	12.044626362065074
26	2025-06-09T07:10:00Z	32.635626362065075	20.591	12.044626362065074
26	2025-06-09T07:20:00Z	32.13563906214774	21.092	11.04363906214774
26	2025-06-09T07:30:00Z	32.635626362065075	22.093	10.542626362065075
26	2025-06-09T07:40:00Z	32.635626362065075	23.594	9.041626362065074
26	2025-06-09T07:50:00Z	32.635626362065075	24.594	8.041626362065074
26	2025-06-09T08:00:00Z	32.635626362065075	26.094	6.541626362065074
26	2025-06-09T08:10:00Z	32.635626362065075	27.593	5.042626362065075
26	2025-06-09T08:20:00Z	32.635626362065075	27.093	5.542626362065075
26	2025-06-09T08:30:00Z	33.13561366198241	28.592	4.543613661982413
26	2025-06-09T08:40:00Z	33.13561366198241	29.591	3.5446136619824102
26	2025-06-09T08:50:00Z	33.13561366198241	30.589	2.5466136619824127
26	2025-06-09T09:00:00Z	33.13561366198241	27.593	5.542613661982411
26	2025-06-09T09:10:00Z	33.13561366198241	29.091	4.04461366198241
26	2025-06-09T09:20:00Z	33.13561366198241	30.09	3.0456136619824115
26	2025-06-09T09:30:00Z	33.13561366198241	30.09	3.0456136619824115
26	2025-06-09T09:40:00Z	33.13561366198241	29.091	4.04461366198241
26	2025-06-09T09:50:00Z	33.13561366198241	27.593	5.542613661982411
26	2025-06-09T10:00:00Z	33.13561366198241	27.593	5.542613661982411
26	2025-06-09T10:10:00Z	33.13561366198241	27.593	5.542613661982411
26	2025-06-09T10:20:00Z	32.635626362065075	27.593	5.042626362065075
26	2025-06-09T10:30:00Z	33.13561366198241	28.092	5.043613661982413
26	2025-06-09T10:40:00Z	33.13561366198241	28.092	5.043613661982413
26	2025-06-09T10:50:00Z	33.63560096189975	28.092	5.543600961899749
26	2025-06-09T11:00:00Z	33.63560096189975	28.592	5.043600961899749
26	2025-06-09T11:10:00Z	33.13561366198241	28.092	5.043613661982413
26	2025-06-09T11:20:00Z	33.13561366198241	28.092	5.043613661982413
26	2025-06-09T11:30:00Z	33.63560096189975	28.592	5.043600961899749
26	2025-06-09T11:40:00Z	33.63560096189975	28.092	5.543600961899749
26	2025-06-09T11:50:00Z	33.13561366198241	28.092	5.043613661982413
26	2025-06-09T12:00:00Z	33.13561366198241	28.092	5.043613661982413
26	2025-06-09T12:10:00Z	33.13561366198241	28.092	5.043613661982413
26	2025-06-09T12:20:00Z	32.635626362065075	28.092	4.543626362065076
26	2025-06-09T12:30:00Z	32.635626362065075	28.592	4.043626362065076
26	2025-06-09T12:40:00Z	32.635626362065075	28.592	4.043626362065076
26	2025-06-09T12:50:00Z	32.13563906214774	28.092	4.04363906214774
26	2025-06-09T13:00:00Z	32.13563906214774	28.592	3.54363906214774
26	2025-06-09T13:10:00Z	32.635626362065075	28.592	4.043626362065076
26	2025-06-09T13:20:00Z	32.13563906214774	28.092	4.04363906214774
26	2025-06-09T13:30:00Z	32.13563906214774	28.092	4.04363906214774
26	2025-06-09T13:40:00Z	32.13563906214774	28.592	3.54363906214774
26	2025-06-09T13:50:00Z	32.635626362065075	28.592	4.043626362065076
26	2025-06-09T14:00:00Z	32.635626362065075	28.592	4.043626362065076
26	2025-06-09T14:10:00Z	32.635626362065075	28.092	4.543626362065076
26	2025-06-09T14:20:00Z	33.13561366198241	28.592	4.543613661982413
26	2025-06-09T14:30:00Z	33.13561366198241	28.592	4.543613661982413
26	2025-06-09T14:40:00Z	33.63560096189975	28.592	5.043600961899749
26	2025-06-09T14:50:00Z	33.63560096189975	28.592	5.043600961899749
26	2025-06-09T15:00:00Z	33.63560096189975	28.592	5.043600961899749
26	2025-06-09T15:10:00Z	33.63560096189975	28.592	5.043600961899749
26	2025-06-09T15:20:00Z	33.63560096189975	28.592	5.043600961899749
26	2025-06-09T15:30:00Z	34.135588261817084	28.592	5.543588261817085
26	2025-06-09T15:40:00Z	34.63557556173442	28.592	6.043575561734421
26	2025-06-09T15:50:00Z	34.63557556173442	28.592	6.043575561734421
26	2025-06-09T16:00:00Z	34.63557556173442	28.592	6.043575561734421
26	2025-06-09T16:10:00Z	35.135562861651756	29.091	6.044562861651755
26	2025-06-09T16:20:00Z	34.63557556173442	29.091	5.544575561734419
26	2025-06-09T16:30:00Z	34.63557556173442	29.091	5.544575561734419
26	2025-06-09T16:40:00Z	34.63557556173442	27.593	7.04257556173442
26	2025-06-09T16:50:00Z	34.135588261817084	27.093	7.042588261817084
26	2025-06-09T17:00:00Z	34.135588261817084	24.594	9.541588261817083
26	2025-06-09T17:10:00Z	33.63560096189975	23.594	10.041600961899746
26	2025-06-09T17:20:00Z	33.63560096189975	24.094	9.541600961899746
26	2025-06-09T17:30:00Z	33.63560096189975	24.594	9.041600961899746
26	2025-06-09T17:40:00Z	33.63560096189975	25.094	8.541600961899746
26	2025-06-09T17:50:00Z	33.63560096189975	25.094	8.541600961899746
26	2025-06-09T18:00:00Z	33.63560096189975	25.594	8.041600961899746
26	2025-06-09T18:10:00Z	33.63560096189975	25.094	8.541600961899746
26	2025-06-09T18:20:00Z	33.63560096189975	25.094	8.541600961899746
26	2025-06-09T18:30:00Z	33.63560096189975	25.094	8.541600961899746
26	2025-06-09T18:40:00Z	34.135588261817084	25.094	9.041588261817083
26	2025-06-09T18:50:00Z	34.135588261817084	25.094	9.041588261817083
26	2025-06-09T19:00:00Z	33.63560096189975	24.594	9.041600961899746
26	2025-06-09T19:10:00Z	33.13561366198241	24.594	8.54161366198241
26	2025-06-09T19:20:00Z	33.63560096189975	24.094	9.541600961899746
26	2025-06-09T19:30:00Z	34.135588261817084	24.094	10.041588261817083
26	2025-06-09T19:40:00Z	34.63557556173442	24.094	10.541575561734419
26	2025-06-09T19:50:00Z	35.135562861651756	24.094	11.041562861651755
26	2025-06-09T20:00:00Z	35.135562861651756	24.094	11.041562861651755
26	2025-06-09T20:10:00Z	35.135562861651756	23.594	11.541562861651755
26	2025-06-09T20:20:00Z	35.63555016156909	23.594	12.041550161569091
26	2025-06-09T20:30:00Z	35.63555016156909	23.594	12.041550161569091
26	2025-06-09T20:40:00Z	35.135562861651756	23.594	11.541562861651755
26	2025-06-09T20:50:00Z	34.135588261817084	23.093	11.042588261817084
26	2025-06-09T21:00:00Z	33.63560096189975	23.093	10.542600961899748
26	2025-06-09T21:10:00Z	34.135588261817084	23.093	11.042588261817084
26	2025-06-09T21:20:00Z	34.63557556173442	23.093	11.54257556173442
26	2025-06-09T21:30:00Z	35.63555016156909	23.093	12.542550161569093
26	2025-06-09T21:40:00Z	36.635524761403765	22.593	14.042524761403765
26	2025-06-09T21:50:00Z	36.635524761403765	22.593	14.042524761403765
26	2025-06-09T22:00:00Z	36.635524761403765	22.593	14.042524761403765
26	2025-06-09T22:10:00Z	35.135562861651756	22.593	12.542562861651756
26	2025-06-09T22:20:00Z	35.135562861651756	22.593	12.542562861651756
26	2025-06-09T22:30:00Z	34.63557556173442	22.593	12.04257556173442
26	2025-06-09T22:40:00Z	34.135588261817084	22.593	11.542588261817084
26	2025-06-09T22:50:00Z	34.135588261817084	22.593	11.542588261817084
26	2025-06-09T23:00:00Z	34.135588261817084	22.593	11.542588261817084
26	2025-06-09T23:10:00Z	34.135588261817084	22.593	11.542588261817084
26	2025-06-09T23:20:00Z	33.63560096189975	22.093	11.542600961899748
26	2025-06-09T23:30:00Z	35.135562861651756	21.592	13.543562861651758
26	2025-06-09T23:40:00Z	35.135562861651756	21.092	14.043562861651758
26	2025-06-09T23:50:00Z	33.63560096189975	20.591	13.044600961899746
26	2025-06-10T00:00:00Z	33.13561366198241	20.091	13.04461366198241
26	2025-06-10T00:10:00Z	33.13561366198241	20.091	13.04461366198241
26	2025-06-10T00:20:00Z	33.13561366198241	20.091	13.04461366198241
26	2025-06-10T00:30:00Z	32.635626362065075	20.091	12.544626362065074
26	2025-06-10T00:40:00Z	33.13561366198241	20.091	13.04461366198241
26	2025-06-10T00:50:00Z	32.635626362065075	20.091	12.544626362065074
26	2025-06-10T01:00:00Z	32.635626362065075	20.091	12.544626362065074
26	2025-06-10T01:10:00Z	33.13561366198241	20.591	12.54461366198241
26	2025-06-10T01:20:00Z	33.13561366198241	20.591	12.54461366198241
26	2025-06-10T01:30:00Z	33.13561366198241	20.091	13.04461366198241
26	2025-06-10T01:40:00Z	33.13561366198241	20.091	13.04461366198241
26	2025-06-10T01:50:00Z	35.63555016156909	20.591	15.044550161569092
26	2025-06-10T02:00:00Z	35.63555016156909	20.591	15.044550161569092
26	2025-06-10T02:10:00Z	36.13553746148643	20.591	15.544537461486428
26	2025-06-10T02:20:00Z	34.135588261817084	20.591	13.544588261817083
26	2025-06-10T02:30:00Z	35.135562861651756	20.091	15.044562861651755
26	2025-06-10T02:40:00Z	35.63555016156909	20.591	15.044550161569092
26	2025-06-10T02:50:00Z	35.63555016156909	20.091	15.544550161569092
26	2025-06-10T03:00:00Z	34.63557556173442	20.591	14.044575561734419
26	2025-06-10T03:10:00Z	36.13553746148643	20.591	15.544537461486428
26	2025-06-10T03:20:00Z	35.63555016156909	20.091	15.544550161569092
26	2025-06-10T03:30:00Z	34.63557556173442	20.591	14.044575561734419
26	2025-06-10T03:40:00Z	34.135588261817084	20.591	13.544588261817083
26	2025-06-10T03:50:00Z	34.135588261817084	21.592	12.543588261817085
26	2025-06-10T04:00:00Z	36.13553746148643	21.592	14.54353746148643
26	2025-06-10T04:10:00Z	36.13553746148643	21.592	14.54353746148643
26	2025-06-10T04:20:00Z	35.135562861651756	21.592	13.543562861651758
26	2025-06-10T04:30:00Z	34.135588261817084	22.093	12.042588261817084
26	2025-06-10T04:40:00Z	34.63557556173442	22.093	12.54257556173442
26	2025-06-10T04:50:00Z	36.13553746148643	21.592	14.54353746148643
26	2025-06-10T05:00:00Z	35.63555016156909	22.093	13.542550161569093
26	2025-06-10T05:10:00Z	34.63557556173442	21.592	13.043575561734421
26	2025-06-10T05:20:00Z	34.135588261817084	21.092	13.043588261817085
26	2025-06-10T05:30:00Z	34.135588261817084	21.092	13.043588261817085
26	2025-06-10T05:40:00Z	33.63560096189975	20.591	13.044600961899746
26	2025-06-10T05:50:00Z	33.63560096189975	20.591	13.044600961899746
26	2025-06-10T06:00:00Z	34.135588261817084	20.591	13.544588261817083
26	2025-06-10T06:10:00Z	34.135588261817084	20.591	13.544588261817083
26	2025-06-10T06:20:00Z	33.63560096189975	20.091	13.544600961899746
26	2025-06-10T06:30:00Z	33.13561366198241	20.091	13.04461366198241
26	2025-06-10T06:40:00Z	33.13561366198241	20.091	13.04461366198241
26	2025-06-10T06:50:00Z	33.13561366198241	20.091	13.04461366198241
26	2025-06-10T07:00:00Z	33.13561366198241	20.091	13.04461366198241
26	2025-06-10T07:10:00Z	33.13561366198241	20.091	13.04461366198241
26	2025-06-10T07:20:00Z	33.13561366198241	21.092	12.043613661982413
26	2025-06-10T07:30:00Z	32.635626362065075	22.093	10.542626362065075
26	2025-06-10T07:40:00Z	32.635626362065075	23.594	9.041626362065074
26	2025-06-10T07:50:00Z	32.13563906214774	24.594	7.541639062147738
26	2025-06-10T08:00:00Z	32.635626362065075	25.594	7.041626362065074
26	2025-06-10T08:10:00Z	32.635626362065075	27.093	5.542626362065075
26	2025-06-10T08:20:00Z	32.635626362065075	26.593	6.042626362065075
26	2025-06-10T08:30:00Z	33.13561366198241	28.092	5.043613661982413
26	2025-06-10T08:40:00Z	33.13561366198241	29.591	3.5446136619824102
26	2025-06-10T08:50:00Z	33.13561366198241	30.589	2.5466136619824127
26	2025-06-10T09:00:00Z	33.63560096189975	27.593	6.042600961899748
26	2025-06-10T09:10:00Z	33.63560096189975	29.091	4.5446009618997465
26	2025-06-10T09:20:00Z	33.63560096189975	29.091	4.5446009618997465
26	2025-06-10T09:30:00Z	34.135588261817084	29.091	5.044588261817083
26	2025-06-10T09:40:00Z	34.135588261817084	28.092	6.043588261817085
26	2025-06-10T09:50:00Z	33.63560096189975	26.593	7.042600961899748
26	2025-06-10T10:00:00Z	33.63560096189975	26.593	7.042600961899748
26	2025-06-10T10:10:00Z	34.135588261817084	26.593	7.542588261817084
26	2025-06-10T10:20:00Z	34.135588261817084	27.093	7.042588261817084
26	2025-06-10T10:30:00Z	34.135588261817084	27.093	7.042588261817084
26	2025-06-10T10:40:00Z	34.135588261817084	27.093	7.042588261817084
26	2025-06-10T10:50:00Z	34.63557556173442	27.593	7.04257556173442
26	2025-06-10T11:00:00Z	34.135588261817084	27.593	6.542588261817084
26	2025-06-10T11:10:00Z	34.135588261817084	27.593	6.542588261817084
26	2025-06-10T11:20:00Z	34.63557556173442	27.593	7.04257556173442
26	2025-06-10T11:30:00Z	34.63557556173442	27.593	7.04257556173442
26	2025-06-10T11:40:00Z	34.135588261817084	27.593	6.542588261817084
26	2025-06-10T11:50:00Z	34.135588261817084	27.593	6.542588261817084
26	2025-06-10T12:00:00Z	33.63560096189975	28.092	5.543600961899749
26	2025-06-10T12:10:00Z	33.63560096189975	27.593	6.042600961899748
26	2025-06-10T12:20:00Z	33.13561366198241	27.593	5.542613661982411
26	2025-06-10T12:30:00Z	33.13561366198241	28.092	5.043613661982413
26	2025-06-10T12:40:00Z	33.13561366198241	27.593	5.542613661982411
26	2025-06-10T12:50:00Z	33.13561366198241	28.092	5.043613661982413
26	2025-06-10T13:00:00Z	32.635626362065075	28.092	4.543626362065076
26	2025-06-10T13:10:00Z	32.635626362065075	28.092	4.543626362065076
26	2025-06-10T13:20:00Z	32.635626362065075	28.092	4.543626362065076
26	2025-06-10T13:30:00Z	32.635626362065075	28.092	4.543626362065076
26	2025-06-10T13:40:00Z	32.635626362065075	28.092	4.543626362065076
26	2025-06-10T13:50:00Z	32.635626362065075	28.092	4.543626362065076
26	2025-06-10T14:00:00Z	32.13563906214774	28.092	4.04363906214774
26	2025-06-10T14:10:00Z	32.13563906214774	28.092	4.04363906214774
26	2025-06-10T14:20:00Z	32.13563906214774	28.092	4.04363906214774
26	2025-06-10T14:30:00Z	32.13563906214774	28.092	4.04363906214774
26	2025-06-10T14:40:00Z	32.13563906214774	28.092	4.04363906214774
26	2025-06-10T14:50:00Z	32.13563906214774	28.092	4.04363906214774
26	2025-06-10T15:00:00Z	32.13563906214774	28.092	4.04363906214774
26	2025-06-10T15:10:00Z	32.635626362065075	28.092	4.543626362065076
26	2025-06-10T15:20:00Z	32.635626362065075	28.592	4.043626362065076
26	2025-06-10T15:30:00Z	32.635626362065075	28.092	4.543626362065076
26	2025-06-10T15:40:00Z	32.635626362065075	28.092	4.543626362065076
26	2025-06-10T15:50:00Z	32.635626362065075	28.092	4.543626362065076
26	2025-06-10T16:00:00Z	34.135588261817084	28.092	6.043588261817085
26	2025-06-10T16:10:00Z	33.63560096189975	28.592	5.043600961899749
26	2025-06-10T16:20:00Z	33.13561366198241	28.592	4.543613661982413
26	2025-06-10T16:30:00Z	33.13561366198241	28.592	4.543613661982413
26	2025-06-10T16:40:00Z	33.13561366198241	28.592	4.543613661982413
26	2025-06-10T16:50:00Z	33.13561366198241	28.092	5.043613661982413
26	2025-06-10T17:00:00Z	33.13561366198241	28.092	5.043613661982413
26	2025-06-10T17:10:00Z	33.13561366198241	28.592	4.543613661982413
26	2025-06-10T17:20:00Z	33.13561366198241	28.092	5.043613661982413
26	2025-06-10T17:30:00Z	33.13561366198241	28.092	5.043613661982413
26	2025-06-10T17:40:00Z	33.13561366198241	28.092	5.043613661982413
26	2025-06-10T17:50:00Z	33.13561366198241	28.092	5.043613661982413
26	2025-06-10T18:00:00Z	33.13561366198241	27.593	5.542613661982411
26	2025-06-10T18:10:00Z	32.635626362065075	27.593	5.042626362065075
26	2025-06-10T18:20:00Z	33.13561366198241	27.593	5.542613661982411
26	2025-06-10T18:30:00Z	33.13561366198241	27.593	5.542613661982411
26	2025-06-10T18:40:00Z	33.13561366198241	27.093	6.042613661982411
26	2025-06-10T18:50:00Z	33.13561366198241	26.593	6.542613661982411
26	2025-06-10T19:00:00Z	33.13561366198241	26.094	7.04161366198241
26	2025-06-10T19:10:00Z	33.13561366198241	25.594	7.54161366198241
26	2025-06-10T19:20:00Z	33.13561366198241	25.594	7.54161366198241
26	2025-06-10T19:30:00Z	33.63560096189975	25.594	8.041600961899746
26	2025-06-10T19:40:00Z	34.63557556173442	25.094	9.541575561734419
26	2025-06-10T19:50:00Z	36.635524761403765	25.094	11.541524761403764
26	2025-06-10T20:00:00Z	37.13551206132111	25.094	12.041512061321107
26	2025-06-10T20:10:00Z	36.635524761403765	25.094	11.541524761403764
26	2025-06-10T20:20:00Z	36.635524761403765	24.594	12.041524761403764
26	2025-06-10T20:30:00Z	37.13551206132111	24.594	12.541512061321107
26	2025-06-10T20:40:00Z	37.13551206132111	24.094	13.041512061321107
26	2025-06-10T20:50:00Z	35.63555016156909	24.094	11.541550161569091
26	2025-06-10T21:00:00Z	34.63557556173442	24.094	10.541575561734419
26	2025-06-10T21:10:00Z	34.135588261817084	24.094	10.041588261817083
26	2025-06-10T21:20:00Z	33.63560096189975	23.594	10.041600961899746
26	2025-06-10T21:30:00Z	33.13561366198241	23.093	10.042613661982411
26	2025-06-10T21:40:00Z	33.63560096189975	23.093	10.542600961899748
26	2025-06-10T21:50:00Z	35.135562861651756	23.093	12.042562861651756
26	2025-06-10T22:00:00Z	34.63557556173442	23.093	11.54257556173442
26	2025-06-10T22:10:00Z	34.135588261817084	23.093	11.042588261817084
26	2025-06-10T22:20:00Z	34.135588261817084	23.093	11.042588261817084
26	2025-06-10T22:30:00Z	34.63557556173442	23.594	11.041575561734419
26	2025-06-10T22:40:00Z	34.135588261817084	23.594	10.541588261817083
26	2025-06-10T22:50:00Z	34.135588261817084	23.093	11.042588261817084
26	2025-06-10T23:00:00Z	34.63557556173442	23.093	11.54257556173442
26	2025-06-10T23:10:00Z	36.635524761403765	23.093	13.542524761403765
26	2025-06-10T23:20:00Z	36.635524761403765	22.593	14.042524761403765
26	2025-06-10T23:30:00Z	36.635524761403765	22.593	14.042524761403765
26	2025-06-10T23:40:00Z	35.63555016156909	22.593	13.042550161569093
26	2025-06-10T23:50:00Z	34.63557556173442	22.093	12.54257556173442
26	2025-06-11T00:00:00Z	34.135588261817084	22.093	12.042588261817084
26	2025-06-11T00:10:00Z	33.63560096189975	22.093	11.542600961899748
26	2025-06-11T00:20:00Z	35.135562861651756	22.093	13.042562861651756
26	2025-06-11T00:30:00Z	35.135562861651756	22.093	13.042562861651756
26	2025-06-11T00:40:00Z	35.135562861651756	22.093	13.042562861651756
26	2025-06-11T00:50:00Z	34.135588261817084	22.093	12.042588261817084
26	2025-06-11T01:00:00Z	33.63560096189975	21.592	12.043600961899749
26	2025-06-11T01:10:00Z	36.13553746148643	21.592	14.54353746148643
26	2025-06-11T01:20:00Z	36.635524761403765	21.592	15.043524761403766
26	2025-06-11T01:30:00Z	34.63557556173442	21.592	13.043575561734421
26	2025-06-11T01:40:00Z	34.63557556173442	21.592	13.043575561734421
26	2025-06-11T01:50:00Z	34.135588261817084	21.092	13.043588261817085
26	2025-06-11T02:00:00Z	34.135588261817084	21.092	13.043588261817085
26	2025-06-11T02:10:00Z	33.63560096189975	20.591	13.044600961899746
26	2025-06-11T02:20:00Z	33.63560096189975	20.591	13.044600961899746
26	2025-06-11T02:30:00Z	33.63560096189975	20.591	13.044600961899746
26	2025-06-11T02:40:00Z	33.63560096189975	20.591	13.044600961899746
26	2025-06-11T02:50:00Z	34.63557556173442	20.591	14.044575561734419
26	2025-06-11T03:00:00Z	36.635524761403765	20.591	16.044524761403764
26	2025-06-11T03:10:00Z	35.63555016156909	20.591	15.044550161569092
26	2025-06-11T03:20:00Z	34.63557556173442	20.591	14.044575561734419
26	2025-06-11T03:30:00Z	34.135588261817084	20.591	13.544588261817083
26	2025-06-11T03:40:00Z	34.63557556173442	20.591	14.044575561734419
26	2025-06-11T03:50:00Z	36.13553746148643	20.591	15.544537461486428
26	2025-06-11T04:00:00Z	36.13553746148643	20.591	15.544537461486428
26	2025-06-11T04:10:00Z	35.63555016156909	20.591	15.044550161569092
26	2025-06-11T04:20:00Z	34.63557556173442	20.591	14.044575561734419
26	2025-06-11T04:30:00Z	34.135588261817084	20.591	13.544588261817083
26	2025-06-11T04:40:00Z	33.63560096189975	20.591	13.044600961899746
26	2025-06-11T04:50:00Z	33.63560096189975	20.591	13.044600961899746
26	2025-06-11T05:00:00Z	33.63560096189975	20.591	13.044600961899746
26	2025-06-11T05:10:00Z	33.13561366198241	20.591	12.54461366198241
26	2025-06-11T05:20:00Z	33.13561366198241	20.591	12.54461366198241
26	2025-06-11T05:30:00Z	33.13561366198241	20.591	12.54461366198241
26	2025-06-11T05:40:00Z	33.13561366198241	20.591	12.54461366198241
26	2025-06-11T05:50:00Z	34.63557556173442	20.591	14.044575561734419
26	2025-06-11T06:00:00Z	34.135588261817084	20.591	13.544588261817083
26	2025-06-11T06:10:00Z	33.63560096189975	20.591	13.044600961899746
26	2025-06-11T06:20:00Z	33.13561366198241	20.591	12.54461366198241
26	2025-06-11T06:30:00Z	33.13561366198241	21.092	12.043613661982413
26	2025-06-11T06:40:00Z	32.635626362065075	20.591	12.044626362065074
26	2025-06-11T06:50:00Z	32.13563906214774	20.591	11.544639062147738
26	2025-06-11T07:00:00Z	32.13563906214774	21.092	11.04363906214774
26	2025-06-11T07:10:00Z	32.13563906214774	21.092	11.04363906214774
26	2025-06-11T07:20:00Z	31.635651762230403	22.093	9.542651762230403
26	2025-06-11T07:30:00Z	31.635651762230403	23.093	8.542651762230403
26	2025-06-11T07:40:00Z	31.635651762230403	24.594	7.041651762230401
26	2025-06-11T07:50:00Z	31.635651762230403	25.094	6.541651762230401
26	2025-06-11T08:00:00Z	31.635651762230403	26.094	5.541651762230401
26	2025-06-11T08:10:00Z	31.635651762230403	27.593	4.042651762230403
26	2025-06-11T08:20:00Z	32.13563906214774	27.093	5.042639062147739
26	2025-06-11T08:30:00Z	31.635651762230403	28.592	3.043651762230404
26	2025-06-11T08:40:00Z	31.635651762230403	29.591	2.0446517622304015
26	2025-06-11T08:50:00Z	31.635651762230403	29.591	2.0446517622304015
26	2025-06-11T09:00:00Z	31.635651762230403	27.093	4.542651762230403
26	2025-06-11T09:10:00Z	31.635651762230403	28.092	3.543651762230404
26	2025-06-11T09:20:00Z	31.635651762230403	28.592	3.043651762230404
26	2025-06-11T09:30:00Z	31.635651762230403	28.092	3.543651762230404
26	2025-06-11T09:40:00Z	31.635651762230403	27.093	4.542651762230403
26	2025-06-11T09:50:00Z	31.635651762230403	26.094	5.541651762230401
26	2025-06-11T10:00:00Z	31.635651762230403	26.094	5.541651762230401
26	2025-06-11T10:10:00Z	32.13563906214774	26.593	5.542639062147739
26	2025-06-11T10:20:00Z	32.13563906214774	26.593	5.542639062147739
26	2025-06-11T10:30:00Z	32.635626362065075	27.093	5.542626362065075
26	2025-06-11T10:40:00Z	32.13563906214774	27.093	5.042639062147739
26	2025-06-11T10:50:00Z	32.635626362065075	27.093	5.542626362065075
26	2025-06-11T11:00:00Z	32.635626362065075	27.093	5.542626362065075
26	2025-06-11T11:10:00Z	33.13561366198241	27.593	5.542613661982411
26	2025-06-11T11:20:00Z	32.635626362065075	27.593	5.042626362065075
26	2025-06-11T11:30:00Z	32.13563906214774	27.593	4.542639062147739
26	2025-06-11T11:40:00Z	32.635626362065075	27.593	5.042626362065075
26	2025-06-11T11:50:00Z	32.635626362065075	27.593	5.042626362065075
26	2025-06-11T12:00:00Z	32.13563906214774	27.593	4.542639062147739
26	2025-06-11T12:10:00Z	32.13563906214774	27.593	4.542639062147739
26	2025-06-11T12:20:00Z	31.635651762230403	28.092	3.543651762230404
26	2025-06-11T12:30:00Z	31.635651762230403	28.092	3.543651762230404
26	2025-06-11T12:40:00Z	31.635651762230403	28.092	3.543651762230404
26	2025-06-11T12:50:00Z	32.13563906214774	28.092	4.04363906214774
26	2025-06-11T13:00:00Z	31.635651762230403	28.092	3.543651762230404
26	2025-06-11T13:10:00Z	31.635651762230403	28.092	3.543651762230404
26	2025-06-11T13:20:00Z	31.635651762230403	28.592	3.043651762230404
26	2025-06-11T13:30:00Z	31.635651762230403	28.592	3.043651762230404
26	2025-06-11T13:40:00Z	31.635651762230403	28.592	3.043651762230404
26	2025-06-11T13:50:00Z	31.635651762230403	28.592	3.043651762230404
26	2025-06-11T14:00:00Z	31.635651762230403	28.592	3.043651762230404
26	2025-06-11T14:10:00Z	31.635651762230403	28.592	3.043651762230404
26	2025-06-11T14:20:00Z	32.13563906214774	29.091	3.0446390621477377
26	2025-06-11T14:30:00Z	32.13563906214774	29.091	3.0446390621477377
26	2025-06-11T14:40:00Z	32.13563906214774	29.091	3.0446390621477377
26	2025-06-11T14:50:00Z	32.635626362065075	29.091	3.544626362065074
26	2025-06-11T15:00:00Z	32.635626362065075	29.591	3.044626362065074
26	2025-06-11T15:10:00Z	33.13561366198241	29.591	3.5446136619824102
26	2025-06-11T15:20:00Z	33.13561366198241	29.091	4.04461366198241
26	2025-06-11T15:30:00Z	33.13561366198241	29.591	3.5446136619824102
26	2025-06-11T15:40:00Z	33.13561366198241	29.591	3.5446136619824102
26	2025-06-11T15:50:00Z	33.13561366198241	29.591	3.5446136619824102
26	2025-06-11T16:00:00Z	33.13561366198241	29.591	3.5446136619824102
26	2025-06-11T16:10:00Z	33.13561366198241	29.091	4.04461366198241
26	2025-06-11T16:20:00Z	33.13561366198241	29.591	3.5446136619824102
26	2025-06-11T16:30:00Z	33.13561366198241	29.591	3.5446136619824102
26	2025-06-11T16:40:00Z	33.13561366198241	29.591	3.5446136619824102
26	2025-06-11T16:50:00Z	33.63560096189975	29.591	4.0446009618997465
26	2025-06-11T17:00:00Z	33.63560096189975	29.591	4.0446009618997465
26	2025-06-11T17:10:00Z	33.63560096189975	29.091	4.5446009618997465
26	2025-06-11T17:20:00Z	34.135588261817084	29.091	5.044588261817083
26	2025-06-11T17:30:00Z	34.63557556173442	29.091	5.544575561734419
26	2025-06-11T17:40:00Z	34.63557556173442	29.091	5.544575561734419
26	2025-06-11T17:50:00Z	34.63557556173442	28.592	6.043575561734421
26	2025-06-11T18:00:00Z	34.63557556173442	28.592	6.043575561734421
26	2025-06-11T18:10:00Z	34.63557556173442	28.592	6.043575561734421
26	2025-06-11T18:20:00Z	35.135562861651756	28.592	6.543562861651758
26	2025-06-11T18:30:00Z	35.63555016156909	28.092	7.543550161569094
26	2025-06-11T18:40:00Z	35.63555016156909	27.593	8.042550161569093
26	2025-06-11T18:50:00Z	35.135562861651756	27.093	8.042562861651756
26	2025-06-11T19:00:00Z	34.63557556173442	27.093	7.54257556173442
26	2025-06-11T19:10:00Z	34.63557556173442	26.593	8.04257556173442
26	2025-06-11T19:20:00Z	34.135588261817084	26.094	8.041588261817083
26	2025-06-11T19:30:00Z	34.63557556173442	26.094	8.541575561734419
26	2025-06-11T19:40:00Z	36.13553746148643	26.094	10.041537461486428
26	2025-06-11T19:50:00Z	36.635524761403765	25.594	11.041524761403764
26	2025-06-11T20:00:00Z	37.635499361238445	25.594	12.041499361238444
26	2025-06-11T20:10:00Z	36.13553746148643	25.094	11.041537461486428
26	2025-06-11T20:20:00Z	35.135562861651756	25.094	10.041562861651755
26	2025-06-11T20:30:00Z	34.63557556173442	24.594	10.041575561734419
26	2025-06-11T20:40:00Z	34.63557556173442	24.594	10.041575561734419
26	2025-06-11T20:50:00Z	34.135588261817084	24.594	9.541588261817083
26	2025-06-11T21:00:00Z	34.135588261817084	24.594	9.541588261817083
26	2025-06-11T21:10:00Z	34.135588261817084	24.594	9.541588261817083
26	2025-06-11T21:20:00Z	34.135588261817084	24.094	10.041588261817083
26	2025-06-11T21:30:00Z	34.135588261817084	24.094	10.041588261817083
26	2025-06-11T21:40:00Z	36.635524761403765	23.594	13.041524761403764
26	2025-06-11T21:50:00Z	37.13551206132111	23.594	13.541512061321107
26	2025-06-11T22:00:00Z	35.63555016156909	23.594	12.041550161569091
26	2025-06-11T22:10:00Z	35.63555016156909	23.594	12.041550161569091
26	2025-06-11T22:20:00Z	35.135562861651756	23.093	12.042562861651756
26	2025-06-11T22:30:00Z	34.135588261817084	23.093	11.042588261817084
26	2025-06-11T22:40:00Z	36.635524761403765	23.093	13.542524761403765
26	2025-06-11T22:50:00Z	36.635524761403765	23.093	13.542524761403765
26	2025-06-11T23:00:00Z	35.135562861651756	23.093	12.042562861651756
26	2025-06-11T23:10:00Z	34.63557556173442	23.093	11.54257556173442
26	2025-06-11T23:20:00Z	34.135588261817084	23.093	11.042588261817084
26	2025-06-11T23:30:00Z	33.63560096189975	23.093	10.542600961899748
26	2025-06-11T23:40:00Z	33.63560096189975	23.093	10.542600961899748
26	2025-06-11T23:50:00Z	33.63560096189975	22.593	11.042600961899748
26	2025-06-12T00:00:00Z	33.63560096189975	22.593	11.042600961899748
26	2025-06-12T00:10:00Z	34.63557556173442	22.593	12.04257556173442
26	2025-06-12T00:20:00Z	34.63557556173442	22.593	12.04257556173442
26	2025-06-12T00:30:00Z	36.635524761403765	22.593	14.042524761403765
26	2025-06-12T00:40:00Z	36.635524761403765	22.593	14.042524761403765
26	2025-06-12T00:50:00Z	36.635524761403765	22.093	14.542524761403765
26	2025-06-12T01:00:00Z	35.135562861651756	21.592	13.543562861651758
26	2025-06-12T01:10:00Z	34.135588261817084	22.093	12.042588261817084
26	2025-06-12T01:20:00Z	34.135588261817084	22.093	12.042588261817084
26	2025-06-12T01:30:00Z	34.63557556173442	22.093	12.54257556173442
26	2025-06-12T01:40:00Z	34.135588261817084	22.093	12.042588261817084
26	2025-06-12T01:50:00Z	34.135588261817084	22.093	12.042588261817084
26	2025-06-12T02:00:00Z	35.63555016156909	22.593	13.042550161569093
26	2025-06-12T02:10:00Z	36.13553746148643	22.593	13.542537461486429
26	2025-06-12T02:20:00Z	36.13553746148643	23.093	13.042537461486429
26	2025-06-12T02:30:00Z	36.13553746148643	23.594	12.541537461486428
26	2025-06-12T02:40:00Z	34.63557556173442	23.093	11.54257556173442
26	2025-06-12T02:50:00Z	35.135562861651756	22.093	13.042562861651756
26	2025-06-12T03:00:00Z	35.135562861651756	22.593	12.542562861651756
26	2025-06-12T03:10:00Z	36.635524761403765	22.593	14.042524761403765
26	2025-06-12T03:20:00Z	36.13553746148643	21.592	14.54353746148643
26	2025-06-12T03:30:00Z	34.63557556173442	21.592	13.043575561734421
26	2025-06-12T03:40:00Z	33.63560096189975	21.592	12.043600961899749
26	2025-06-12T03:50:00Z	33.13561366198241	21.592	11.543613661982413
26	2025-06-12T04:00:00Z	33.63560096189975	21.592	12.043600961899749
26	2025-06-12T04:10:00Z	35.63555016156909	21.092	14.543550161569094
26	2025-06-12T04:20:00Z	35.63555016156909	21.092	14.543550161569094
26	2025-06-12T04:30:00Z	35.135562861651756	21.092	14.043562861651758
26	2025-06-12T04:40:00Z	34.135588261817084	21.092	13.043588261817085
26	2025-06-12T04:50:00Z	34.135588261817084	21.092	13.043588261817085
26	2025-06-12T05:00:00Z	34.135588261817084	21.092	13.043588261817085
26	2025-06-12T05:10:00Z	34.135588261817084	21.092	13.043588261817085
26	2025-06-12T05:20:00Z	33.13561366198241	20.091	13.04461366198241
26	2025-06-12T05:30:00Z	33.13561366198241	19.089	14.046613661982413
26	2025-06-12T05:40:00Z	33.13561366198241	19.089	14.046613661982413
26	2025-06-12T05:50:00Z	33.13561366198241	19.089	14.046613661982413
26	2025-06-12T06:00:00Z	32.635626362065075	19.59	13.045626362065075
26	2025-06-12T06:10:00Z	32.13563906214774	19.59	12.545639062147739
26	2025-06-12T06:20:00Z	32.635626362065075	19.59	13.045626362065075
26	2025-06-12T06:30:00Z	32.635626362065075	19.59	13.045626362065075
26	2025-06-12T06:40:00Z	32.13563906214774	20.091	12.044639062147738
26	2025-06-12T06:50:00Z	31.635651762230403	20.091	11.544651762230401
26	2025-06-12T07:00:00Z	31.135664462313066	20.091	11.044664462313065
26	2025-06-12T07:10:00Z	31.635651762230403	20.591	11.044651762230401
26	2025-06-12T07:20:00Z	31.635651762230403	20.591	11.044651762230401
26	2025-06-12T07:30:00Z	31.135664462313066	20.591	10.544664462313065
26	2025-06-12T07:40:00Z	31.135664462313066	21.092	10.043664462313068
26	2025-06-12T07:50:00Z	31.135664462313066	21.592	9.543664462313068
26	2025-06-12T08:00:00Z	30.63567716239573	21.592	9.043677162395731
26	2025-06-12T08:10:00Z	31.135664462313066	22.093	9.042664462313066
26	2025-06-12T08:20:00Z	31.635651762230403	22.593	9.042651762230403
26	2025-06-12T08:30:00Z	31.135664462313066	23.093	8.042664462313066
26	2025-06-12T08:40:00Z	31.135664462313066	24.094	7.041664462313065
26	2025-06-12T08:50:00Z	32.13563906214774	27.093	5.042639062147739
26	2025-06-12T09:00:00Z	33.13561366198241	27.093	6.042613661982411
26	2025-06-12T09:10:00Z	33.13561366198241	28.592	4.543613661982413
26	2025-06-12T09:20:00Z	33.13561366198241	29.591	3.5446136619824102
26	2025-06-12T09:30:00Z	32.635626362065075	28.092	4.543626362065076
26	2025-06-12T09:40:00Z	33.13561366198241	27.593	5.542613661982411
26	2025-06-12T09:50:00Z	33.13561366198241	26.094	7.04161366198241
26	2025-06-12T10:00:00Z	33.13561366198241	26.094	7.04161366198241
26	2025-06-12T10:10:00Z	33.13561366198241	26.094	7.04161366198241
26	2025-06-12T10:20:00Z	34.135588261817084	26.094	8.041588261817083
26	2025-06-12T10:30:00Z	33.63560096189975	26.094	7.541600961899746
26	2025-06-12T10:40:00Z	33.13561366198241	26.593	6.542613661982411
26	2025-06-12T10:50:00Z	34.135588261817084	27.093	7.042588261817084
26	2025-06-12T11:00:00Z	33.63560096189975	27.093	6.542600961899748
26	2025-06-12T11:10:00Z	33.63560096189975	27.093	6.542600961899748
26	2025-06-12T11:20:00Z	33.13561366198241	27.093	6.042613661982411
26	2025-06-12T11:30:00Z	33.13561366198241	27.093	6.042613661982411
26	2025-06-12T11:40:00Z	33.13561366198241	27.593	5.542613661982411
26	2025-06-12T11:50:00Z	33.13561366198241	27.593	5.542613661982411
26	2025-06-12T12:00:00Z	32.13563906214774	27.593	4.542639062147739
26	2025-06-12T12:10:00Z	32.13563906214774	28.092	4.04363906214774
26	2025-06-12T12:20:00Z	32.13563906214774	28.092	4.04363906214774
26	2025-06-12T12:30:00Z	32.13563906214774	28.092	4.04363906214774
26	2025-06-12T12:40:00Z	32.13563906214774	28.092	4.04363906214774
26	2025-06-12T12:50:00Z	32.13563906214774	28.592	3.54363906214774
26	2025-06-12T13:00:00Z	32.13563906214774	28.592	3.54363906214774
26	2025-06-12T13:10:00Z	32.635626362065075	28.592	4.043626362065076
26	2025-06-12T13:20:00Z	32.635626362065075	28.592	4.043626362065076
26	2025-06-12T13:30:00Z	32.13563906214774	28.592	3.54363906214774
26	2025-06-12T13:40:00Z	32.635626362065075	28.592	4.043626362065076
26	2025-06-12T13:50:00Z	32.13563906214774	28.592	3.54363906214774
26	2025-06-12T14:00:00Z	32.13563906214774	28.592	3.54363906214774
26	2025-06-12T14:10:00Z	32.635626362065075	28.592	4.043626362065076
26	2025-06-12T14:20:00Z	32.635626362065075	29.091	3.544626362065074
26	2025-06-12T14:30:00Z	32.635626362065075	29.091	3.544626362065074
26	2025-06-12T14:40:00Z	32.635626362065075	29.091	3.544626362065074
26	2025-06-12T14:50:00Z	33.13561366198241	29.091	4.04461366198241
26	2025-06-12T15:00:00Z	36.13553746148643	29.091	7.044537461486428
26	2025-06-12T15:10:00Z	36.13553746148643	29.091	7.044537461486428
26	2025-06-12T15:20:00Z	35.63555016156909	29.091	6.5445501615690915
26	2025-06-12T15:30:00Z	36.13553746148643	28.592	7.54353746148643
26	2025-06-12T15:40:00Z	35.63555016156909	29.091	6.5445501615690915
26	2025-06-12T15:50:00Z	35.63555016156909	29.591	6.0445501615690915
26	2025-06-12T16:00:00Z	35.63555016156909	29.091	6.5445501615690915
26	2025-06-12T16:10:00Z	35.135562861651756	29.591	5.544562861651755
26	2025-06-12T16:20:00Z	35.135562861651756	29.591	5.544562861651755
26	2025-06-12T16:30:00Z	35.135562861651756	29.591	5.544562861651755
26	2025-06-12T16:40:00Z	35.135562861651756	29.091	6.044562861651755
26	2025-06-12T16:50:00Z	35.135562861651756	29.091	6.044562861651755
26	2025-06-12T17:00:00Z	34.63557556173442	29.091	5.544575561734419
26	2025-06-12T17:10:00Z	34.135588261817084	29.091	5.044588261817083
26	2025-06-12T17:20:00Z	34.135588261817084	29.091	5.044588261817083
26	2025-06-12T17:30:00Z	33.63560096189975	29.091	4.5446009618997465
26	2025-06-12T17:40:00Z	33.63560096189975	28.592	5.043600961899749
26	2025-06-12T17:50:00Z	33.63560096189975	28.592	5.043600961899749
26	2025-06-12T18:00:00Z	33.63560096189975	28.592	5.043600961899749
26	2025-06-12T18:10:00Z	33.63560096189975	28.592	5.043600961899749
26	2025-06-12T18:20:00Z	33.63560096189975	28.092	5.543600961899749
26	2025-06-12T18:30:00Z	34.135588261817084	28.092	6.043588261817085
26	2025-06-12T18:40:00Z	34.135588261817084	27.593	6.542588261817084
26	2025-06-12T18:50:00Z	34.135588261817084	27.093	7.042588261817084
26	2025-06-12T19:00:00Z	33.63560096189975	26.593	7.042600961899748
26	2025-06-12T19:10:00Z	33.63560096189975	26.094	7.541600961899746
26	2025-06-12T19:20:00Z	33.63560096189975	26.094	7.541600961899746
26	2025-06-12T19:30:00Z	33.63560096189975	25.594	8.041600961899746
26	2025-06-12T19:40:00Z	34.135588261817084	25.594	8.541588261817083
26	2025-06-12T19:50:00Z	34.63557556173442	25.594	9.041575561734419
26	2025-06-12T20:00:00Z	34.63557556173442	25.594	9.041575561734419
26	2025-06-12T20:10:00Z	37.13551206132111	25.094	12.041512061321107
26	2025-06-12T20:20:00Z	37.13551206132111	24.594	12.541512061321107
26	2025-06-12T20:30:00Z	36.635524761403765	24.094	12.541524761403764
26	2025-06-12T20:40:00Z	35.135562861651756	24.094	11.041562861651755
26	2025-06-12T20:50:00Z	35.135562861651756	24.094	11.041562861651755
26	2025-06-12T21:00:00Z	34.63557556173442	24.094	10.541575561734419
26	2025-06-12T21:10:00Z	35.63555016156909	24.094	11.541550161569091
26	2025-06-12T21:20:00Z	36.13553746148643	24.094	12.041537461486428
26	2025-06-12T21:30:00Z	34.63557556173442	23.594	11.041575561734419
26	2025-06-12T21:40:00Z	34.135588261817084	23.594	10.541588261817083
26	2025-06-12T21:50:00Z	33.63560096189975	23.093	10.542600961899748
26	2025-06-12T22:00:00Z	33.63560096189975	23.093	10.542600961899748
26	2025-06-12T22:10:00Z	34.135588261817084	23.594	10.541588261817083
26	2025-06-12T22:20:00Z	36.635524761403765	23.594	13.041524761403764
26	2025-06-12T22:30:00Z	36.13553746148643	23.594	12.541537461486428
26	2025-06-12T22:40:00Z	34.135588261817084	23.093	11.042588261817084
26	2025-06-12T22:50:00Z	33.63560096189975	23.093	10.542600961899748
26	2025-06-12T23:00:00Z	34.135588261817084	23.093	11.042588261817084
26	2025-06-12T23:10:00Z	34.63557556173442	22.593	12.04257556173442
26	2025-06-12T23:20:00Z	36.13553746148643	22.593	13.542537461486429
26	2025-06-12T23:30:00Z	37.13551206132111	23.093	14.042512061321109
26	2025-06-12T23:40:00Z	36.635524761403765	23.093	13.542524761403765
26	2025-06-12T23:50:00Z	35.63555016156909	23.093	12.542550161569093
26	2025-06-13T00:00:00Z	34.63557556173442	23.093	11.54257556173442
22	2025-06-03T16:10:00Z	33.442168328047124	22.093	11.349168328047124
22	2025-06-03T16:20:00Z	33.442168328047124	22.093	11.349168328047124
22	2025-06-03T16:30:00Z	34.44705142727685	22.093	12.354051427276847
22	2025-06-03T16:40:00Z	35.45193452650657	22.593	12.85893452650657
22	2025-06-03T16:50:00Z	34.44705142727685	23.093	11.354051427276847
22	2025-06-03T17:00:00Z	34.94949297689171	22.593	12.356492976891712
22	2025-06-03T17:10:00Z	34.94949297689171	22.593	12.356492976891712
22	2025-06-03T17:20:00Z	34.44705142727685	23.093	11.354051427276847
22	2025-06-03T17:30:00Z	33.94460987766199	23.093	10.85160987766199
22	2025-06-03T17:40:00Z	34.94949297689171	23.093	11.856492976891712
22	2025-06-03T17:50:00Z	34.44705142727685	23.093	11.354051427276847
22	2025-06-03T18:00:00Z	34.44705142727685	23.093	11.354051427276847
22	2025-06-03T18:10:00Z	34.44705142727685	23.093	11.354051427276847
22	2025-06-03T18:20:00Z	34.94949297689171	23.093	11.856492976891712
22	2025-06-03T18:30:00Z	34.44705142727685	23.093	11.354051427276847
22	2025-06-03T18:40:00Z	34.44705142727685	23.594	10.853051427276846
22	2025-06-03T18:50:00Z	34.44705142727685	23.093	11.354051427276847
22	2025-06-03T19:00:00Z	34.44705142727685	22.593	11.854051427276847
22	2025-06-03T19:10:00Z	34.44705142727685	22.093	12.354051427276847
22	2025-06-03T19:20:00Z	34.94949297689171	22.093	12.856492976891712
22	2025-06-03T19:30:00Z	34.44705142727685	22.093	12.354051427276847
22	2025-06-03T19:40:00Z	34.94949297689171	22.093	12.856492976891712
22	2025-06-03T19:50:00Z	35.45193452650657	21.592	13.85993452650657
22	2025-06-03T20:00:00Z	34.44705142727685	21.592	12.855051427276848
22	2025-06-03T20:10:00Z	34.44705142727685	21.592	12.855051427276848
22	2025-06-03T20:20:00Z	34.94949297689171	21.592	13.357492976891713
22	2025-06-03T20:30:00Z	34.94949297689171	21.592	13.357492976891713
22	2025-06-03T20:40:00Z	34.94949297689171	21.592	13.357492976891713
22	2025-06-03T20:50:00Z	34.44705142727685	21.592	12.855051427276848
22	2025-06-03T21:00:00Z	33.94460987766199	21.592	12.35260987766199
22	2025-06-03T21:10:00Z	33.442168328047124	21.592	11.850168328047125
22	2025-06-03T21:20:00Z	33.94460987766199	21.092	12.85260987766199
22	2025-06-03T21:30:00Z	34.44705142727685	21.092	13.355051427276848
22	2025-06-03T21:40:00Z	34.44705142727685	21.092	13.355051427276848
22	2025-06-03T21:50:00Z	33.94460987766199	21.092	12.85260987766199
22	2025-06-03T22:00:00Z	32.93972677843226	20.591	12.348726778432258
22	2025-06-03T22:10:00Z	34.44705142727685	20.591	13.856051427276846
22	2025-06-03T22:20:00Z	34.44705142727685	20.591	13.856051427276846
22	2025-06-03T22:30:00Z	32.93972677843226	20.591	12.348726778432258
22	2025-06-03T22:40:00Z	33.94460987766199	20.591	13.353609877661988
22	2025-06-03T22:50:00Z	33.94460987766199	20.591	13.353609877661988
22	2025-06-03T23:00:00Z	33.94460987766199	20.591	13.353609877661988
22	2025-06-03T23:10:00Z	33.442168328047124	20.591	12.851168328047123
22	2025-06-03T23:20:00Z	33.94460987766199	20.591	13.353609877661988
22	2025-06-03T23:30:00Z	33.442168328047124	20.591	12.851168328047123
22	2025-06-03T23:40:00Z	33.442168328047124	20.591	12.851168328047123
22	2025-06-03T23:50:00Z	32.93972677843226	20.591	12.348726778432258
22	2025-06-04T00:00:00Z	33.442168328047124	20.591	12.851168328047123
22	2025-06-04T00:10:00Z	34.44705142727685	20.591	13.856051427276846
22	2025-06-04T00:20:00Z	34.44705142727685	20.591	13.856051427276846
22	2025-06-04T00:30:00Z	34.44705142727685	20.591	13.856051427276846
22	2025-06-04T00:40:00Z	33.442168328047124	20.591	12.851168328047123
22	2025-06-04T00:50:00Z	33.94460987766199	20.591	13.353609877661988
22	2025-06-04T01:00:00Z	32.93972677843226	20.591	12.348726778432258
22	2025-06-04T01:10:00Z	32.93972677843226	20.591	12.348726778432258
22	2025-06-04T01:30:00Z	32.93972677843226	20.591	12.348726778432258
22	2025-06-04T01:40:00Z	33.442168328047124	20.591	12.851168328047123
22	2025-06-04T01:50:00Z	33.94460987766199	20.591	13.353609877661988
22	2025-06-04T02:00:00Z	34.44705142727685	20.591	13.856051427276846
22	2025-06-04T02:10:00Z	35.45193452650657	20.591	14.860934526506568
22	2025-06-04T02:20:00Z	34.44705142727685	20.591	13.856051427276846
22	2025-06-04T02:30:00Z	34.44705142727685	20.591	13.856051427276846
22	2025-06-04T02:40:00Z	34.44705142727685	21.092	13.355051427276848
22	2025-06-04T02:50:00Z	34.44705142727685	21.092	13.355051427276848
22	2025-06-04T03:00:00Z	33.94460987766199	21.092	12.85260987766199
22	2025-06-04T03:10:00Z	33.442168328047124	20.091	13.351168328047123
22	2025-06-04T03:20:00Z	33.94460987766199	20.091	13.853609877661988
22	2025-06-04T03:30:00Z	33.94460987766199	20.091	13.853609877661988
22	2025-06-04T03:40:00Z	33.442168328047124	20.091	13.351168328047123
22	2025-06-04T03:50:00Z	32.93972677843226	20.091	12.848726778432258
22	2025-06-04T04:00:00Z	32.93972677843226	19.59	13.34972677843226
22	2025-06-04T04:10:00Z	32.93972677843226	19.59	13.34972677843226
22	2025-06-04T04:20:00Z	33.442168328047124	19.59	13.852168328047124
22	2025-06-04T04:30:00Z	33.442168328047124	19.59	13.852168328047124
22	2025-06-04T04:40:00Z	34.94949297689171	19.59	15.359492976891712
22	2025-06-04T04:50:00Z	35.45193452650657	19.59	15.86193452650657
22	2025-06-04T05:00:00Z	35.954376076121434	19.089	16.865376076121436
22	2025-06-04T05:10:00Z	35.45193452650657	19.089	16.36293452650657
22	2025-06-04T05:20:00Z	34.94949297689171	19.089	15.860492976891713
22	2025-06-04T05:30:00Z	34.94949297689171	19.089	15.860492976891713
22	2025-06-04T05:40:00Z	34.94949297689171	19.089	15.860492976891713
22	2025-06-04T05:50:00Z	34.44705142727685	19.089	15.358051427276848
22	2025-06-04T06:00:00Z	34.44705142727685	19.59	14.857051427276847
22	2025-06-04T06:10:00Z	34.44705142727685	19.089	15.358051427276848
22	2025-06-04T06:20:00Z	33.94460987766199	19.089	14.85560987766199
22	2025-06-04T06:30:00Z	33.94460987766199	19.089	14.85560987766199
22	2025-06-04T06:40:00Z	33.442168328047124	18.589	14.853168328047126
22	2025-06-04T06:50:00Z	32.93972677843226	18.589	14.35072677843226
22	2025-06-04T07:00:00Z	32.93972677843226	18.589	14.35072677843226
22	2025-06-04T07:10:00Z	32.93972677843226	19.089	13.85072677843226
22	2025-06-04T07:20:00Z	32.4372852288174	19.089	13.348285228817403
22	2025-06-04T07:30:00Z	31.93484367920254	19.59	12.34484367920254
22	2025-06-04T07:40:00Z	31.93484367920254	19.59	12.34484367920254
22	2025-06-04T07:50:00Z	31.93484367920254	19.59	12.34484367920254
22	2025-06-04T08:00:00Z	32.4372852288174	19.59	12.847285228817402
22	2025-06-04T08:10:00Z	31.93484367920254	20.091	11.84384367920254
22	2025-06-04T08:20:00Z	32.4372852288174	20.591	11.8462852288174
22	2025-06-04T08:30:00Z	31.93484367920254	21.592	10.342843679202542
22	2025-06-04T08:40:00Z	32.4372852288174	22.593	9.844285228817402
22	2025-06-04T08:50:00Z	32.4372852288174	24.094	8.3432852288174
22	2025-06-04T09:00:00Z	33.442168328047124	24.594	8.848168328047123
22	2025-06-04T09:10:00Z	33.94460987766199	25.094	8.850609877661988
22	2025-06-04T09:20:00Z	33.94460987766199	26.593	7.351609877661989
22	2025-06-04T09:30:00Z	33.442168328047124	26.593	6.849168328047124
22	2025-06-04T09:40:00Z	33.94460987766199	26.094	7.850609877661988
22	2025-06-04T09:50:00Z	33.442168328047124	25.094	8.348168328047123
22	2025-06-04T10:00:00Z	33.442168328047124	25.094	8.348168328047123
22	2025-06-04T10:10:00Z	33.94460987766199	25.094	8.850609877661988
22	2025-06-04T10:20:00Z	33.94460987766199	25.094	8.850609877661988
22	2025-06-04T10:30:00Z	33.94460987766199	25.094	8.850609877661988
22	2025-06-04T10:40:00Z	33.442168328047124	25.094	8.348168328047123
22	2025-06-04T10:50:00Z	33.442168328047124	25.094	8.348168328047123
22	2025-06-04T11:00:00Z	33.94460987766199	25.094	8.850609877661988
22	2025-06-04T11:10:00Z	33.442168328047124	25.594	7.848168328047123
22	2025-06-04T11:20:00Z	33.94460987766199	26.094	7.850609877661988
22	2025-06-04T11:30:00Z	33.94460987766199	26.094	7.850609877661988
22	2025-06-04T11:40:00Z	33.94460987766199	26.094	7.850609877661988
22	2025-06-04T11:50:00Z	33.442168328047124	26.094	7.348168328047123
22	2025-06-04T12:00:00Z	34.44705142727685	26.593	7.854051427276847
22	2025-06-04T12:10:00Z	33.94460987766199	26.593	7.351609877661989
22	2025-06-04T12:20:00Z	33.442168328047124	27.093	6.349168328047124
22	2025-06-04T12:30:00Z	33.442168328047124	27.093	6.349168328047124
22	2025-06-04T12:40:00Z	33.442168328047124	27.093	6.349168328047124
22	2025-06-04T12:50:00Z	33.442168328047124	27.093	6.349168328047124
22	2025-06-04T13:00:00Z	34.44705142727685	27.093	7.354051427276847
22	2025-06-04T13:10:00Z	34.44705142727685	27.593	6.854051427276847
22	2025-06-04T13:20:00Z	34.44705142727685	27.593	6.854051427276847
22	2025-06-04T13:30:00Z	34.44705142727685	27.593	6.854051427276847
22	2025-06-04T13:40:00Z	34.44705142727685	27.593	6.854051427276847
22	2025-06-04T13:50:00Z	34.44705142727685	27.593	6.854051427276847
22	2025-06-04T14:00:00Z	34.44705142727685	27.593	6.854051427276847
22	2025-06-04T14:10:00Z	34.44705142727685	27.593	6.854051427276847
22	2025-06-04T14:20:00Z	34.44705142727685	28.092	6.355051427276848
22	2025-06-04T14:30:00Z	34.94949297689171	28.092	6.857492976891713
22	2025-06-04T14:40:00Z	34.94949297689171	28.092	6.857492976891713
22	2025-06-04T14:50:00Z	34.94949297689171	28.092	6.857492976891713
22	2025-06-04T15:00:00Z	34.94949297689171	27.593	7.356492976891712
22	2025-06-04T15:10:00Z	34.94949297689171	28.092	6.857492976891713
22	2025-06-04T15:20:00Z	35.45193452650657	27.593	7.8589345265065695
22	2025-06-04T15:30:00Z	34.94949297689171	28.092	6.857492976891713
22	2025-06-04T15:40:00Z	35.45193452650657	28.092	7.359934526506571
22	2025-06-04T15:50:00Z	35.45193452650657	28.092	7.359934526506571
22	2025-06-04T16:00:00Z	35.45193452650657	28.092	7.359934526506571
22	2025-06-04T16:10:00Z	35.45193452650657	27.593	7.8589345265065695
22	2025-06-04T16:20:00Z	35.45193452650657	28.092	7.359934526506571
22	2025-06-04T16:30:00Z	34.94949297689171	27.593	7.356492976891712
22	2025-06-04T16:40:00Z	35.45193452650657	27.593	7.8589345265065695
22	2025-06-04T16:50:00Z	34.94949297689171	27.593	7.356492976891712
22	2025-06-04T17:00:00Z	34.94949297689171	27.593	7.356492976891712
22	2025-06-04T17:10:00Z	34.94949297689171	27.593	7.356492976891712
22	2025-06-04T17:20:00Z	34.94949297689171	27.593	7.356492976891712
22	2025-06-04T17:30:00Z	35.45193452650657	27.093	8.35893452650657
22	2025-06-04T17:40:00Z	35.954376076121434	27.093	8.861376076121434
22	2025-06-04T17:50:00Z	35.45193452650657	27.093	8.35893452650657
22	2025-06-04T18:00:00Z	35.954376076121434	27.093	8.861376076121434
22	2025-06-04T18:10:00Z	35.954376076121434	27.093	8.861376076121434
22	2025-06-04T18:20:00Z	35.954376076121434	26.593	9.361376076121434
22	2025-06-04T18:30:00Z	35.954376076121434	26.593	9.361376076121434
22	2025-06-04T18:40:00Z	35.954376076121434	26.094	9.860376076121433
22	2025-06-04T18:50:00Z	35.954376076121434	25.594	10.360376076121433
22	2025-06-04T19:00:00Z	35.45193452650657	25.094	10.357934526506568
22	2025-06-04T19:10:00Z	35.45193452650657	24.594	10.857934526506568
22	2025-06-04T19:20:00Z	35.45193452650657	24.594	10.857934526506568
22	2025-06-04T19:30:00Z	35.45193452650657	24.094	11.357934526506568
22	2025-06-04T19:40:00Z	34.94949297689171	24.094	10.85549297689171
22	2025-06-04T19:50:00Z	34.44705142727685	24.094	10.353051427276846
22	2025-06-04T20:00:00Z	33.94460987766199	24.094	9.850609877661988
22	2025-06-04T20:10:00Z	34.94949297689171	24.094	10.85549297689171
22	2025-06-04T20:20:00Z	34.94949297689171	23.594	11.35549297689171
22	2025-06-04T20:30:00Z	34.94949297689171	23.594	11.35549297689171
22	2025-06-04T20:40:00Z	34.94949297689171	23.594	11.35549297689171
22	2025-06-04T20:50:00Z	35.45193452650657	23.594	11.857934526506568
22	2025-06-04T21:00:00Z	33.94460987766199	23.594	10.350609877661988
22	2025-06-04T21:10:00Z	35.45193452650657	23.594	11.857934526506568
22	2025-06-04T21:20:00Z	34.94949297689171	23.093	11.856492976891712
22	2025-06-04T21:30:00Z	34.94949297689171	23.093	11.856492976891712
22	2025-06-04T21:40:00Z	33.94460987766199	23.093	10.85160987766199
22	2025-06-04T21:50:00Z	34.94949297689171	23.093	11.856492976891712
22	2025-06-04T22:00:00Z	34.44705142727685	23.093	11.354051427276847
22	2025-06-04T22:10:00Z	34.44705142727685	22.593	11.854051427276847
22	2025-06-04T22:20:00Z	34.94949297689171	22.593	12.356492976891712
22	2025-06-04T22:30:00Z	34.94949297689171	22.593	12.356492976891712
22	2025-06-04T22:40:00Z	34.44705142727685	22.093	12.354051427276847
22	2025-06-04T22:50:00Z	34.94949297689171	22.093	12.856492976891712
22	2025-06-04T23:00:00Z	34.94949297689171	21.592	13.357492976891713
22	2025-06-04T23:10:00Z	34.94949297689171	22.093	12.856492976891712
22	2025-06-04T23:20:00Z	33.94460987766199	22.093	11.85160987766199
22	2025-06-04T23:30:00Z	33.442168328047124	22.093	11.349168328047124
22	2025-06-04T23:40:00Z	31.93484367920254	21.592	10.342843679202542
22	2025-06-04T23:50:00Z	32.93972677843226	21.592	11.34772677843226
22	2025-06-05T00:00:00Z	33.94460987766199	21.592	12.35260987766199
22	2025-06-05T00:10:00Z	36.45681762573629	21.592	14.864817625736293
22	2025-06-05T00:20:00Z	34.44705142727685	21.592	12.855051427276848
22	2025-06-05T00:30:00Z	33.94460987766199	22.093	11.85160987766199
22	2025-06-05T00:40:00Z	34.44705142727685	22.093	12.354051427276847
22	2025-06-05T00:50:00Z	34.94949297689171	21.592	13.357492976891713
22	2025-06-05T01:00:00Z	32.93972677843226	19.59	13.34972677843226
22	2025-06-05T01:10:00Z	31.43240212958768	18.589	12.84340212958768
22	2025-06-05T01:20:00Z	30.929960579972814	17.587	13.342960579972814
22	2025-06-05T01:30:00Z	27.41286973266878	17.086	10.326869732668783
22	2025-06-05T01:40:00Z	25.403103534209333	17.086	8.317103534209334
22	2025-06-05T01:50:00Z	23.89577888536475	17.086	6.80977888536475
22	2025-06-05T02:00:00Z	22.38845423652016	17.086	5.302454236520163
22	2025-06-05T02:10:00Z	21.38357113729044	17.086	4.29757113729044
22	2025-06-05T02:20:00Z	20.881129587675577	17.086	3.7951295876755786
22	2025-06-05T02:30:00Z	20.378688038060716	17.086	3.2926880380607173
22	2025-06-05T02:40:00Z	20.378688038060716	17.086	3.2926880380607173
22	2025-06-05T02:50:00Z	20.378688038060716	16.585	3.793688038060715
22	2025-06-05T03:00:00Z	20.378688038060716	16.585	3.793688038060715
22	2025-06-05T03:10:00Z	20.378688038060716	16.585	3.793688038060715
22	2025-06-05T03:20:00Z	20.881129587675577	16.585	4.296129587675576
22	2025-06-05T03:30:00Z	20.378688038060716	17.086	3.2926880380607173
22	2025-06-05T03:40:00Z	20.378688038060716	17.086	3.2926880380607173
22	2025-06-05T03:50:00Z	19.876246488445855	17.086	2.790246488445856
22	2025-06-05T04:00:00Z	20.881129587675577	17.086	3.7951295876755786
22	2025-06-05T04:10:00Z	20.881129587675577	17.086	3.7951295876755786
22	2025-06-05T04:20:00Z	23.393337335749887	17.587	5.8063373357498875
22	2025-06-05T04:30:00Z	25.905545083824197	17.587	8.318545083824198
22	2025-06-05T04:40:00Z	28.92019438151337	17.587	11.333194381513369
22	2025-06-05T04:50:00Z	31.43240212958768	17.587	13.84540212958768
22	2025-06-05T05:00:00Z	34.44705142727685	17.587	16.860051427276847
22	2025-06-05T05:10:00Z	34.44705142727685	18.088	16.359051427276846
22	2025-06-05T05:20:00Z	35.954376076121434	18.088	17.866376076121433
22	2025-06-05T05:30:00Z	35.954376076121434	18.589	17.365376076121436
22	2025-06-05T05:40:00Z	34.94949297689171	18.589	16.360492976891713
22	2025-06-05T05:50:00Z	34.94949297689171	18.589	16.360492976891713
22	2025-06-05T06:00:00Z	34.94949297689171	18.589	16.360492976891713
22	2025-06-05T06:10:00Z	35.45193452650657	18.589	16.86293452650657
22	2025-06-05T06:20:00Z	34.94949297689171	18.589	16.360492976891713
22	2025-06-05T06:30:00Z	35.45193452650657	18.589	16.86293452650657
22	2025-06-05T06:40:00Z	34.94949297689171	18.589	16.360492976891713
22	2025-06-05T06:50:00Z	34.94949297689171	18.589	16.360492976891713
22	2025-06-05T07:00:00Z	34.94949297689171	18.589	16.360492976891713
22	2025-06-05T07:10:00Z	35.45193452650657	19.089	16.36293452650657
22	2025-06-05T07:20:00Z	34.44705142727685	19.089	15.358051427276848
22	2025-06-05T07:30:00Z	34.94949297689171	19.089	15.860492976891713
22	2025-06-05T07:40:00Z	34.94949297689171	19.089	15.860492976891713
22	2025-06-05T07:50:00Z	34.44705142727685	19.089	15.358051427276848
22	2025-06-05T08:00:00Z	34.44705142727685	19.089	15.358051427276848
22	2025-06-05T08:10:00Z	34.44705142727685	19.59	14.857051427276847
22	2025-06-05T08:20:00Z	33.94460987766199	19.59	14.35460987766199
22	2025-06-05T08:30:00Z	34.44705142727685	19.59	14.857051427276847
22	2025-06-05T08:40:00Z	34.94949297689171	20.091	14.85849297689171
22	2025-06-05T08:50:00Z	34.44705142727685	20.091	14.356051427276846
22	2025-06-05T09:00:00Z	33.94460987766199	20.091	13.853609877661988
22	2025-06-05T09:10:00Z	33.94460987766199	20.091	13.853609877661988
22	2025-06-05T09:20:00Z	33.94460987766199	20.091	13.853609877661988
22	2025-06-05T09:30:00Z	32.93972677843226	20.591	12.348726778432258
22	2025-06-05T09:40:00Z	33.442168328047124	20.591	12.851168328047123
22	2025-06-05T09:50:00Z	33.94460987766199	21.092	12.85260987766199
22	2025-06-05T10:00:00Z	33.94460987766199	21.092	12.85260987766199
22	2025-06-05T10:10:00Z	33.442168328047124	21.092	12.350168328047125
22	2025-06-05T10:20:00Z	33.94460987766199	21.092	12.85260987766199
22	2025-06-05T10:30:00Z	33.94460987766199	21.592	12.35260987766199
22	2025-06-05T10:40:00Z	33.94460987766199	21.092	12.85260987766199
22	2025-06-05T10:50:00Z	34.44705142727685	21.592	12.855051427276848
22	2025-06-05T11:00:00Z	34.94949297689171	22.093	12.856492976891712
22	2025-06-05T11:10:00Z	34.94949297689171	22.593	12.356492976891712
22	2025-06-05T11:20:00Z	34.94949297689171	23.093	11.856492976891712
22	2025-06-05T11:30:00Z	34.44705142727685	23.594	10.853051427276846
22	2025-06-05T11:40:00Z	33.94460987766199	24.594	9.350609877661988
22	2025-06-05T11:50:00Z	34.44705142727685	24.594	9.853051427276846
22	2025-06-05T12:00:00Z	34.94949297689171	24.594	10.35549297689171
22	2025-06-05T12:10:00Z	35.45193452650657	25.094	10.357934526506568
22	2025-06-05T12:20:00Z	35.45193452650657	25.094	10.357934526506568
22	2025-06-05T12:30:00Z	35.45193452650657	25.594	9.857934526506568
22	2025-06-05T12:40:00Z	35.954376076121434	26.094	9.860376076121433
22	2025-06-05T12:50:00Z	35.954376076121434	26.094	9.860376076121433
22	2025-06-05T13:00:00Z	35.954376076121434	26.593	9.361376076121434
22	2025-06-05T13:10:00Z	35.954376076121434	27.093	8.861376076121434
22	2025-06-05T13:20:00Z	36.45681762573629	27.593	8.863817625736292
22	2025-06-05T13:30:00Z	35.954376076121434	27.593	8.361376076121434
22	2025-06-05T13:40:00Z	35.954376076121434	27.593	8.361376076121434
22	2025-06-05T13:50:00Z	35.954376076121434	27.593	8.361376076121434
22	2025-06-05T14:00:00Z	35.954376076121434	28.092	7.862376076121436
22	2025-06-05T14:10:00Z	36.45681762573629	28.092	8.364817625736293
22	2025-06-05T14:20:00Z	36.45681762573629	28.592	7.864817625736293
22	2025-06-05T14:30:00Z	36.45681762573629	28.092	8.364817625736293
22	2025-06-05T14:40:00Z	36.45681762573629	28.092	8.364817625736293
22	2025-06-05T14:50:00Z	36.45681762573629	28.092	8.364817625736293
22	2025-06-05T15:00:00Z	36.95925917535115	27.093	9.86625917535115
22	2025-06-05T15:10:00Z	36.95925917535115	27.093	9.86625917535115
22	2025-06-05T15:20:00Z	37.461700724966015	27.093	10.368700724966015
22	2025-06-05T15:30:00Z	36.45681762573629	27.593	8.863817625736292
22	2025-06-05T15:40:00Z	36.45681762573629	27.093	9.363817625736292
22	2025-06-05T15:50:00Z	36.45681762573629	26.593	9.863817625736292
22	2025-06-05T16:00:00Z	35.954376076121434	26.094	9.860376076121433
22	2025-06-05T16:10:00Z	35.954376076121434	26.593	9.361376076121434
22	2025-06-05T16:20:00Z	36.45681762573629	26.094	10.362817625736291
22	2025-06-05T16:30:00Z	34.94949297689171	25.594	9.35549297689171
22	2025-06-05T16:40:00Z	35.45193452650657	25.594	9.857934526506568
22	2025-06-05T16:50:00Z	36.45681762573629	25.594	10.862817625736291
22	2025-06-05T17:00:00Z	36.45681762573629	25.094	11.362817625736291
22	2025-06-05T17:10:00Z	36.95925917535115	24.594	12.365259175351149
22	2025-06-05T17:20:00Z	36.45681762573629	24.594	11.862817625736291
22	2025-06-05T17:30:00Z	36.45681762573629	24.094	12.362817625736291
22	2025-06-05T17:40:00Z	36.45681762573629	24.094	12.362817625736291
22	2025-06-05T17:50:00Z	35.954376076121434	24.094	11.860376076121433
22	2025-06-05T18:00:00Z	36.45681762573629	24.094	12.362817625736291
22	2025-06-05T18:10:00Z	36.45681762573629	24.094	12.362817625736291
22	2025-06-05T18:20:00Z	35.954376076121434	24.094	11.860376076121433
22	2025-06-05T18:30:00Z	35.954376076121434	23.594	12.360376076121433
22	2025-06-05T18:40:00Z	36.45681762573629	23.594	12.862817625736291
22	2025-06-05T18:50:00Z	35.954376076121434	23.594	12.360376076121433
22	2025-06-05T19:00:00Z	35.954376076121434	23.594	12.360376076121433
22	2025-06-05T19:10:00Z	35.954376076121434	23.594	12.360376076121433
22	2025-06-05T19:20:00Z	35.954376076121434	23.594	12.360376076121433
22	2025-06-05T19:30:00Z	35.45193452650657	23.594	11.857934526506568
22	2025-06-05T19:40:00Z	35.45193452650657	23.594	11.857934526506568
22	2025-06-05T19:50:00Z	35.45193452650657	23.594	11.857934526506568
22	2025-06-05T20:00:00Z	35.45193452650657	23.093	12.35893452650657
22	2025-06-05T20:10:00Z	35.45193452650657	23.093	12.35893452650657
22	2025-06-05T20:20:00Z	34.94949297689171	23.093	11.856492976891712
22	2025-06-05T20:30:00Z	35.45193452650657	22.593	12.85893452650657
22	2025-06-05T20:40:00Z	34.94949297689171	22.593	12.356492976891712
22	2025-06-05T20:50:00Z	34.94949297689171	22.593	12.356492976891712
22	2025-06-05T21:00:00Z	34.44705142727685	22.593	11.854051427276847
22	2025-06-05T21:10:00Z	34.44705142727685	22.593	11.854051427276847
22	2025-06-05T21:20:00Z	33.94460987766199	22.593	11.35160987766199
22	2025-06-05T21:30:00Z	34.44705142727685	22.593	11.854051427276847
22	2025-06-05T21:40:00Z	34.44705142727685	22.593	11.854051427276847
22	2025-06-05T21:50:00Z	33.94460987766199	22.593	11.35160987766199
22	2025-06-05T22:00:00Z	34.44705142727685	22.093	12.354051427276847
22	2025-06-05T22:10:00Z	34.44705142727685	22.093	12.354051427276847
22	2025-06-05T22:20:00Z	34.44705142727685	22.093	12.354051427276847
22	2025-06-05T22:30:00Z	34.44705142727685	22.093	12.354051427276847
22	2025-06-05T22:40:00Z	34.44705142727685	22.093	12.354051427276847
22	2025-06-05T22:50:00Z	34.94949297689171	21.592	13.357492976891713
22	2025-06-05T23:00:00Z	34.94949297689171	21.592	13.357492976891713
22	2025-06-05T23:10:00Z	33.94460987766199	21.592	12.35260987766199
22	2025-06-05T23:20:00Z	35.954376076121434	21.092	14.862376076121436
22	2025-06-05T23:30:00Z	35.45193452650657	21.092	14.35993452650657
22	2025-06-05T23:40:00Z	35.45193452650657	21.092	14.35993452650657
22	2025-06-05T23:50:00Z	35.45193452650657	21.092	14.35993452650657
22	2025-06-06T00:00:00Z	35.45193452650657	21.092	14.35993452650657
22	2025-06-06T00:10:00Z	35.45193452650657	21.092	14.35993452650657
22	2025-06-06T00:20:00Z	34.94949297689171	20.591	14.35849297689171
22	2025-06-06T00:30:00Z	34.94949297689171	20.591	14.35849297689171
22	2025-06-06T00:40:00Z	34.94949297689171	20.591	14.35849297689171
22	2025-06-06T00:50:00Z	34.94949297689171	20.591	14.35849297689171
22	2025-06-06T01:00:00Z	34.94949297689171	20.591	14.35849297689171
22	2025-06-06T01:10:00Z	34.94949297689171	20.591	14.35849297689171
22	2025-06-06T01:20:00Z	34.94949297689171	20.591	14.35849297689171
22	2025-06-06T01:30:00Z	34.94949297689171	20.591	14.35849297689171
22	2025-06-06T01:40:00Z	34.94949297689171	20.591	14.35849297689171
22	2025-06-06T01:50:00Z	34.94949297689171	20.591	14.35849297689171
22	2025-06-06T02:00:00Z	34.44705142727685	20.591	13.856051427276846
22	2025-06-06T02:10:00Z	34.94949297689171	20.591	14.35849297689171
22	2025-06-06T02:20:00Z	34.44705142727685	20.591	13.856051427276846
22	2025-06-06T02:30:00Z	34.94949297689171	20.591	14.35849297689171
22	2025-06-06T02:40:00Z	34.44705142727685	20.591	13.856051427276846
22	2025-06-06T02:50:00Z	34.94949297689171	20.591	14.35849297689171
22	2025-06-06T03:00:00Z	34.44705142727685	20.591	13.856051427276846
22	2025-06-06T03:10:00Z	36.45681762573629	20.591	15.865817625736291
22	2025-06-06T03:20:00Z	37.96414227458087	20.591	17.37314227458087
22	2025-06-06T03:30:00Z	36.45681762573629	20.591	15.865817625736291
22	2025-06-06T03:40:00Z	35.954376076121434	20.591	15.363376076121433
22	2025-06-06T03:50:00Z	34.44705142727685	20.591	13.856051427276846
22	2025-06-06T04:00:00Z	34.94949297689171	20.591	14.35849297689171
22	2025-06-06T04:10:00Z	37.461700724966015	20.591	16.870700724966014
22	2025-06-06T04:20:00Z	37.461700724966015	20.591	16.870700724966014
22	2025-06-06T04:30:00Z	36.95925917535115	20.591	16.36825917535115
22	2025-06-06T04:40:00Z	36.45681762573629	20.591	15.865817625736291
22	2025-06-06T04:50:00Z	36.95925917535115	20.591	16.36825917535115
22	2025-06-06T05:00:00Z	36.95925917535115	20.591	16.36825917535115
22	2025-06-06T05:10:00Z	35.954376076121434	20.591	15.363376076121433
22	2025-06-06T05:20:00Z	36.45681762573629	20.591	15.865817625736291
22	2025-06-06T05:30:00Z	34.94949297689171	20.591	14.35849297689171
22	2025-06-06T05:40:00Z	34.44705142727685	20.591	13.856051427276846
22	2025-06-06T05:50:00Z	35.45193452650657	20.591	14.860934526506568
22	2025-06-06T06:00:00Z	34.94949297689171	20.591	14.35849297689171
22	2025-06-06T06:10:00Z	34.44705142727685	20.591	13.856051427276846
22	2025-06-06T06:20:00Z	34.44705142727685	20.591	13.856051427276846
22	2025-06-06T06:30:00Z	34.44705142727685	20.591	13.856051427276846
22	2025-06-06T06:40:00Z	34.44705142727685	20.591	13.856051427276846
22	2025-06-06T06:50:00Z	34.44705142727685	20.591	13.856051427276846
22	2025-06-06T07:00:00Z	34.44705142727685	20.591	13.856051427276846
22	2025-06-06T07:10:00Z	33.94460987766199	20.591	13.353609877661988
22	2025-06-06T07:20:00Z	33.94460987766199	20.591	13.353609877661988
22	2025-06-06T07:30:00Z	33.94460987766199	20.591	13.353609877661988
22	2025-06-06T07:40:00Z	33.94460987766199	20.591	13.353609877661988
22	2025-06-06T07:50:00Z	33.442168328047124	21.092	12.350168328047125
22	2025-06-06T08:00:00Z	33.442168328047124	21.092	12.350168328047125
22	2025-06-06T08:10:00Z	33.442168328047124	21.592	11.850168328047125
22	2025-06-06T08:20:00Z	33.94460987766199	22.093	11.85160987766199
22	2025-06-06T08:30:00Z	33.94460987766199	23.594	10.350609877661988
22	2025-06-06T08:40:00Z	33.94460987766199	25.094	8.850609877661988
22	2025-06-06T08:50:00Z	33.442168328047124	25.094	8.348168328047123
22	2025-06-06T09:00:00Z	33.94460987766199	25.094	8.850609877661988
22	2025-06-06T09:10:00Z	34.44705142727685	28.592	5.855051427276848
22	2025-06-06T09:20:00Z	34.44705142727685	28.592	5.855051427276848
22	2025-06-06T09:30:00Z	34.44705142727685	29.591	4.856051427276846
22	2025-06-06T09:40:00Z	34.94949297689171	28.592	6.357492976891713
22	2025-06-06T09:50:00Z	34.94949297689171	26.593	8.356492976891712
22	2025-06-06T10:00:00Z	34.94949297689171	26.593	8.356492976891712
22	2025-06-06T10:10:00Z	34.94949297689171	26.094	8.85549297689171
22	2025-06-06T10:20:00Z	34.94949297689171	26.094	8.85549297689171
22	2025-06-06T10:30:00Z	35.45193452650657	26.593	8.85893452650657
22	2025-06-06T10:40:00Z	34.94949297689171	26.593	8.356492976891712
22	2025-06-06T10:50:00Z	34.94949297689171	26.094	8.85549297689171
22	2025-06-06T11:00:00Z	34.94949297689171	26.094	8.85549297689171
22	2025-06-06T11:10:00Z	34.94949297689171	27.093	7.856492976891712
22	2025-06-06T11:20:00Z	35.45193452650657	27.093	8.35893452650657
22	2025-06-06T11:30:00Z	34.94949297689171	27.093	7.856492976891712
22	2025-06-06T11:40:00Z	34.94949297689171	26.593	8.356492976891712
22	2025-06-06T11:50:00Z	35.45193452650657	26.593	8.85893452650657
22	2025-06-06T12:00:00Z	35.45193452650657	26.593	8.85893452650657
22	2025-06-06T12:10:00Z	35.45193452650657	27.093	8.35893452650657
22	2025-06-06T12:20:00Z	35.45193452650657	27.093	8.35893452650657
22	2025-06-06T12:30:00Z	35.45193452650657	27.093	8.35893452650657
22	2025-06-06T12:40:00Z	35.45193452650657	27.093	8.35893452650657
22	2025-06-06T12:50:00Z	35.45193452650657	27.093	8.35893452650657
22	2025-06-06T13:00:00Z	35.45193452650657	27.093	8.35893452650657
22	2025-06-06T13:10:00Z	35.45193452650657	27.093	8.35893452650657
22	2025-06-06T13:20:00Z	35.954376076121434	26.593	9.361376076121434
22	2025-06-06T13:30:00Z	35.954376076121434	27.093	8.861376076121434
22	2025-06-06T13:40:00Z	35.45193452650657	27.093	8.35893452650657
22	2025-06-06T13:50:00Z	35.45193452650657	27.093	8.35893452650657
22	2025-06-06T14:00:00Z	34.94949297689171	27.093	7.856492976891712
22	2025-06-06T14:10:00Z	34.94949297689171	27.093	7.856492976891712
22	2025-06-06T14:20:00Z	34.94949297689171	27.093	7.856492976891712
22	2025-06-06T14:30:00Z	34.94949297689171	27.093	7.856492976891712
22	2025-06-06T14:40:00Z	35.45193452650657	27.093	8.35893452650657
22	2025-06-06T14:50:00Z	35.45193452650657	27.093	8.35893452650657
22	2025-06-06T15:00:00Z	35.954376076121434	27.093	8.861376076121434
22	2025-06-06T15:10:00Z	35.954376076121434	27.593	8.361376076121434
22	2025-06-06T15:20:00Z	36.95925917535115	27.093	9.86625917535115
22	2025-06-06T15:30:00Z	36.95925917535115	27.593	9.36625917535115
22	2025-06-06T15:40:00Z	36.45681762573629	27.593	8.863817625736292
22	2025-06-06T15:50:00Z	36.95925917535115	27.593	9.36625917535115
22	2025-06-06T16:00:00Z	36.45681762573629	27.593	8.863817625736292
22	2025-06-06T16:10:00Z	35.954376076121434	27.093	8.861376076121434
22	2025-06-06T16:20:00Z	35.954376076121434	28.092	7.862376076121436
22	2025-06-06T16:30:00Z	36.45681762573629	27.593	8.863817625736292
22	2025-06-06T16:40:00Z	35.954376076121434	27.093	8.861376076121434
22	2025-06-06T16:50:00Z	35.954376076121434	27.093	8.861376076121434
22	2025-06-06T17:00:00Z	35.954376076121434	27.093	8.861376076121434
22	2025-06-06T17:10:00Z	36.45681762573629	27.093	9.363817625736292
22	2025-06-06T17:20:00Z	36.45681762573629	27.093	9.363817625736292
22	2025-06-06T17:30:00Z	36.45681762573629	26.593	9.863817625736292
22	2025-06-06T17:40:00Z	35.954376076121434	26.593	9.361376076121434
22	2025-06-06T17:50:00Z	35.954376076121434	26.593	9.361376076121434
22	2025-06-06T18:00:00Z	35.45193452650657	26.593	8.85893452650657
22	2025-06-06T18:10:00Z	35.45193452650657	25.594	9.857934526506568
22	2025-06-06T18:20:00Z	34.94949297689171	25.094	9.85549297689171
22	2025-06-06T18:30:00Z	34.94949297689171	25.094	9.85549297689171
22	2025-06-06T18:40:00Z	34.44705142727685	24.594	9.853051427276846
22	2025-06-06T18:50:00Z	34.44705142727685	24.094	10.353051427276846
22	2025-06-06T19:00:00Z	33.94460987766199	24.094	9.850609877661988
22	2025-06-06T19:10:00Z	33.94460987766199	23.594	10.350609877661988
22	2025-06-06T19:20:00Z	33.94460987766199	23.594	10.350609877661988
22	2025-06-06T19:30:00Z	33.94460987766199	24.094	9.850609877661988
22	2025-06-06T19:40:00Z	33.94460987766199	23.594	10.350609877661988
22	2025-06-06T19:50:00Z	33.94460987766199	23.594	10.350609877661988
22	2025-06-06T20:00:00Z	33.94460987766199	23.093	10.85160987766199
22	2025-06-06T20:10:00Z	33.94460987766199	23.093	10.85160987766199
22	2025-06-06T20:20:00Z	34.44705142727685	23.093	11.354051427276847
22	2025-06-06T20:30:00Z	33.94460987766199	22.593	11.35160987766199
22	2025-06-06T20:40:00Z	33.94460987766199	22.593	11.35160987766199
22	2025-06-06T20:50:00Z	33.94460987766199	22.593	11.35160987766199
22	2025-06-06T21:00:00Z	33.94460987766199	22.093	11.85160987766199
22	2025-06-06T21:10:00Z	32.93972677843226	22.593	10.34672677843226
22	2025-06-06T21:20:00Z	33.442168328047124	22.593	10.849168328047124
22	2025-06-06T21:30:00Z	34.44705142727685	22.093	12.354051427276847
22	2025-06-06T21:40:00Z	33.442168328047124	22.093	11.349168328047124
22	2025-06-06T21:50:00Z	33.94460987766199	22.093	11.85160987766199
22	2025-06-06T22:00:00Z	33.442168328047124	22.093	11.349168328047124
22	2025-06-06T22:10:00Z	33.442168328047124	22.093	11.349168328047124
22	2025-06-06T22:20:00Z	33.442168328047124	21.592	11.850168328047125
22	2025-06-06T22:30:00Z	33.94460987766199	21.592	12.35260987766199
22	2025-06-06T22:40:00Z	35.45193452650657	21.592	13.85993452650657
22	2025-06-06T22:50:00Z	34.94949297689171	21.592	13.357492976891713
22	2025-06-06T23:00:00Z	34.44705142727685	21.592	12.855051427276848
22	2025-06-06T23:10:00Z	33.94460987766199	21.592	12.35260987766199
22	2025-06-06T23:20:00Z	34.44705142727685	21.592	12.855051427276848
22	2025-06-06T23:30:00Z	34.44705142727685	21.592	12.855051427276848
22	2025-06-06T23:40:00Z	34.44705142727685	21.592	12.855051427276848
22	2025-06-06T23:50:00Z	33.94460987766199	21.592	12.35260987766199
22	2025-06-07T00:00:00Z	33.94460987766199	21.592	12.35260987766199
22	2025-06-07T00:10:00Z	33.94460987766199	21.092	12.85260987766199
22	2025-06-07T00:20:00Z	33.94460987766199	21.092	12.85260987766199
22	2025-06-07T00:30:00Z	33.442168328047124	21.092	12.350168328047125
22	2025-06-07T00:40:00Z	33.442168328047124	21.092	12.350168328047125
22	2025-06-07T00:50:00Z	33.442168328047124	21.092	12.350168328047125
22	2025-06-07T01:00:00Z	33.442168328047124	21.092	12.350168328047125
22	2025-06-07T01:10:00Z	33.94460987766199	21.092	12.85260987766199
22	2025-06-07T01:20:00Z	34.44705142727685	21.092	13.355051427276848
22	2025-06-07T01:30:00Z	32.4372852288174	21.092	11.345285228817403
22	2025-06-07T01:40:00Z	34.94949297689171	20.591	14.35849297689171
22	2025-06-07T01:50:00Z	34.94949297689171	19.089	15.860492976891713
22	2025-06-07T02:00:00Z	33.94460987766199	18.589	15.35560987766199
22	2025-06-07T02:10:00Z	33.442168328047124	18.589	14.853168328047126
22	2025-06-07T02:20:00Z	33.94460987766199	18.589	15.35560987766199
22	2025-06-07T02:30:00Z	33.94460987766199	18.589	15.35560987766199
22	2025-06-07T02:40:00Z	33.94460987766199	18.589	15.35560987766199
22	2025-06-07T02:50:00Z	33.442168328047124	18.589	14.853168328047126
22	2025-06-07T03:00:00Z	33.94460987766199	18.589	15.35560987766199
22	2025-06-07T03:10:00Z	33.94460987766199	19.089	14.85560987766199
22	2025-06-07T03:20:00Z	33.94460987766199	19.089	14.85560987766199
22	2025-06-07T03:30:00Z	33.94460987766199	19.59	14.35460987766199
22	2025-06-07T03:40:00Z	33.94460987766199	19.089	14.85560987766199
22	2025-06-07T03:50:00Z	33.94460987766199	19.59	14.35460987766199
22	2025-06-07T04:00:00Z	33.94460987766199	19.089	14.85560987766199
22	2025-06-07T04:10:00Z	33.94460987766199	19.089	14.85560987766199
22	2025-06-07T04:20:00Z	33.94460987766199	19.59	14.35460987766199
22	2025-06-07T04:30:00Z	34.44705142727685	19.59	14.857051427276847
22	2025-06-07T04:40:00Z	34.44705142727685	19.59	14.857051427276847
22	2025-06-07T04:50:00Z	33.94460987766199	19.59	14.35460987766199
22	2025-06-07T05:00:00Z	33.94460987766199	19.59	14.35460987766199
22	2025-06-07T05:10:00Z	33.94460987766199	19.59	14.35460987766199
22	2025-06-07T05:20:00Z	33.94460987766199	19.089	14.85560987766199
22	2025-06-07T05:30:00Z	34.44705142727685	19.089	15.358051427276848
22	2025-06-07T05:40:00Z	34.44705142727685	19.089	15.358051427276848
22	2025-06-07T05:50:00Z	32.4372852288174	19.089	13.348285228817403
22	2025-06-07T06:00:00Z	33.94460987766199	19.089	14.85560987766199
22	2025-06-07T06:10:00Z	33.442168328047124	19.089	14.353168328047126
22	2025-06-07T06:20:00Z	32.93972677843226	18.589	14.35072677843226
22	2025-06-07T06:30:00Z	32.93972677843226	19.089	13.85072677843226
22	2025-06-07T06:40:00Z	32.93972677843226	19.089	13.85072677843226
22	2025-06-07T06:50:00Z	32.93972677843226	19.089	13.85072677843226
22	2025-06-07T07:00:00Z	32.93972677843226	19.089	13.85072677843226
22	2025-06-07T07:10:00Z	32.93972677843226	19.089	13.85072677843226
22	2025-06-07T07:20:00Z	31.93484367920254	19.59	12.34484367920254
22	2025-06-07T07:30:00Z	31.93484367920254	19.59	12.34484367920254
22	2025-06-07T07:40:00Z	31.93484367920254	19.59	12.34484367920254
22	2025-06-07T07:50:00Z	31.93484367920254	20.091	11.84384367920254
22	2025-06-07T08:00:00Z	31.43240212958768	20.091	11.341402129587678
22	2025-06-07T08:10:00Z	31.93484367920254	20.091	11.84384367920254
22	2025-06-07T08:20:00Z	32.4372852288174	20.591	11.8462852288174
22	2025-06-07T08:30:00Z	31.93484367920254	20.591	11.34384367920254
22	2025-06-07T08:40:00Z	31.43240212958768	20.591	10.841402129587678
22	2025-06-07T08:50:00Z	31.93484367920254	21.092	10.842843679202542
22	2025-06-07T09:00:00Z	32.4372852288174	21.592	10.845285228817403
22	2025-06-07T09:10:00Z	32.93972677843226	22.093	10.84672677843226
22	2025-06-07T09:20:00Z	32.93972677843226	22.593	10.34672677843226
22	2025-06-07T09:30:00Z	33.442168328047124	23.093	10.349168328047124
22	2025-06-07T09:40:00Z	33.442168328047124	23.594	9.848168328047123
22	2025-06-07T09:50:00Z	33.94460987766199	24.094	9.850609877661988
22	2025-06-07T10:00:00Z	33.94460987766199	24.094	9.850609877661988
22	2025-06-07T10:10:00Z	34.44705142727685	24.594	9.853051427276846
22	2025-06-07T10:20:00Z	34.94949297689171	24.594	10.35549297689171
22	2025-06-07T10:30:00Z	34.94949297689171	25.094	9.85549297689171
22	2025-06-07T10:40:00Z	34.94949297689171	25.094	9.85549297689171
22	2025-06-07T10:50:00Z	34.94949297689171	25.094	9.85549297689171
22	2025-06-07T11:00:00Z	34.44705142727685	25.594	8.853051427276846
22	2025-06-07T11:10:00Z	34.44705142727685	25.594	8.853051427276846
22	2025-06-07T11:20:00Z	34.94949297689171	25.594	9.35549297689171
22	2025-06-07T11:30:00Z	34.44705142727685	26.094	8.353051427276846
22	2025-06-07T11:40:00Z	34.94949297689171	25.594	9.35549297689171
22	2025-06-07T11:50:00Z	34.94949297689171	26.094	8.85549297689171
22	2025-06-07T12:00:00Z	34.94949297689171	26.094	8.85549297689171
22	2025-06-07T12:10:00Z	34.44705142727685	26.094	8.353051427276846
22	2025-06-07T12:20:00Z	34.44705142727685	26.094	8.353051427276846
22	2025-06-07T12:30:00Z	34.44705142727685	26.094	8.353051427276846
22	2025-06-07T12:40:00Z	34.94949297689171	26.094	8.85549297689171
22	2025-06-07T12:50:00Z	34.94949297689171	26.094	8.85549297689171
22	2025-06-07T13:00:00Z	34.94949297689171	26.094	8.85549297689171
22	2025-06-07T13:10:00Z	35.45193452650657	26.094	9.357934526506568
22	2025-06-07T13:20:00Z	34.94949297689171	26.094	8.85549297689171
22	2025-06-07T13:30:00Z	34.94949297689171	26.094	8.85549297689171
22	2025-06-07T13:40:00Z	34.94949297689171	26.593	8.356492976891712
22	2025-06-07T13:50:00Z	34.94949297689171	26.593	8.356492976891712
22	2025-06-07T14:00:00Z	34.94949297689171	26.593	8.356492976891712
22	2025-06-07T14:10:00Z	34.94949297689171	26.593	8.356492976891712
22	2025-06-07T14:20:00Z	34.94949297689171	26.593	8.356492976891712
22	2025-06-07T14:30:00Z	34.94949297689171	26.593	8.356492976891712
22	2025-06-07T14:40:00Z	34.94949297689171	27.093	7.856492976891712
22	2025-06-07T14:50:00Z	34.94949297689171	27.093	7.856492976891712
22	2025-06-07T15:00:00Z	34.44705142727685	26.593	7.854051427276847
22	2025-06-07T15:10:00Z	34.44705142727685	27.093	7.354051427276847
22	2025-06-07T15:20:00Z	34.44705142727685	27.093	7.354051427276847
22	2025-06-07T15:30:00Z	34.44705142727685	27.093	7.354051427276847
22	2025-06-07T15:40:00Z	34.44705142727685	27.093	7.354051427276847
22	2025-06-07T15:50:00Z	33.94460987766199	27.093	6.851609877661989
22	2025-06-07T16:00:00Z	33.94460987766199	27.093	6.851609877661989
22	2025-06-07T16:10:00Z	33.94460987766199	27.093	6.851609877661989
22	2025-06-07T16:20:00Z	34.44705142727685	26.593	7.854051427276847
22	2025-06-07T16:30:00Z	34.44705142727685	26.593	7.854051427276847
22	2025-06-07T16:40:00Z	34.44705142727685	26.593	7.854051427276847
22	2025-06-07T16:50:00Z	34.44705142727685	27.093	7.354051427276847
22	2025-06-07T17:00:00Z	34.94949297689171	26.593	8.356492976891712
22	2025-06-07T17:10:00Z	35.45193452650657	26.593	8.85893452650657
22	2025-06-07T17:20:00Z	34.94949297689171	26.593	8.356492976891712
22	2025-06-07T17:30:00Z	34.94949297689171	26.593	8.356492976891712
22	2025-06-07T17:40:00Z	34.94949297689171	26.094	8.85549297689171
22	2025-06-07T17:50:00Z	34.94949297689171	26.094	8.85549297689171
22	2025-06-07T18:00:00Z	34.94949297689171	26.094	8.85549297689171
22	2025-06-07T18:10:00Z	34.94949297689171	25.594	9.35549297689171
22	2025-06-07T18:20:00Z	34.94949297689171	25.594	9.35549297689171
22	2025-06-07T18:30:00Z	34.94949297689171	25.594	9.35549297689171
22	2025-06-07T18:40:00Z	34.44705142727685	25.094	9.353051427276846
22	2025-06-07T18:50:00Z	33.94460987766199	24.594	9.350609877661988
22	2025-06-07T19:00:00Z	34.44705142727685	24.594	9.853051427276846
22	2025-06-07T19:10:00Z	33.94460987766199	24.094	9.850609877661988
22	2025-06-07T19:20:00Z	33.442168328047124	24.094	9.348168328047123
22	2025-06-07T19:30:00Z	34.44705142727685	24.094	10.353051427276846
22	2025-06-07T19:40:00Z	34.44705142727685	24.094	10.353051427276846
22	2025-06-07T19:50:00Z	34.94949297689171	23.594	11.35549297689171
22	2025-06-07T20:00:00Z	33.442168328047124	23.594	9.848168328047123
22	2025-06-07T20:10:00Z	33.94460987766199	23.594	10.350609877661988
22	2025-06-07T20:20:00Z	33.442168328047124	23.594	9.848168328047123
22	2025-06-07T20:30:00Z	33.94460987766199	23.093	10.85160987766199
22	2025-06-07T20:40:00Z	33.442168328047124	23.093	10.349168328047124
22	2025-06-07T20:50:00Z	33.94460987766199	23.093	10.85160987766199
22	2025-06-07T21:00:00Z	33.94460987766199	22.593	11.35160987766199
22	2025-06-07T21:10:00Z	33.442168328047124	22.593	10.849168328047124
22	2025-06-07T21:20:00Z	33.94460987766199	22.593	11.35160987766199
22	2025-06-07T21:30:00Z	32.93972677843226	22.593	10.34672677843226
22	2025-06-07T21:40:00Z	32.93972677843226	22.593	10.34672677843226
22	2025-06-07T21:50:00Z	33.442168328047124	22.093	11.349168328047124
22	2025-06-07T22:00:00Z	32.93972677843226	22.093	10.84672677843226
22	2025-06-07T22:10:00Z	32.93972677843226	22.093	10.84672677843226
22	2025-06-07T22:20:00Z	32.4372852288174	22.093	10.344285228817402
22	2025-06-07T22:30:00Z	31.93484367920254	22.093	9.84184367920254
22	2025-06-07T22:40:00Z	33.442168328047124	21.592	11.850168328047125
22	2025-06-07T22:50:00Z	34.44705142727685	21.592	12.855051427276848
22	2025-06-07T23:00:00Z	33.94460987766199	21.592	12.35260987766199
22	2025-06-07T23:10:00Z	33.442168328047124	21.592	11.850168328047125
22	2025-06-07T23:20:00Z	33.442168328047124	21.592	11.850168328047125
22	2025-06-07T23:30:00Z	33.442168328047124	21.592	11.850168328047125
22	2025-06-07T23:40:00Z	33.442168328047124	21.592	11.850168328047125
22	2025-06-07T23:50:00Z	33.442168328047124	21.592	11.850168328047125
22	2025-06-08T00:00:00Z	33.442168328047124	21.592	11.850168328047125
22	2025-06-08T00:10:00Z	33.94460987766199	21.592	12.35260987766199
22	2025-06-08T00:20:00Z	32.93972677843226	21.592	11.34772677843226
22	2025-06-08T00:30:00Z	32.4372852288174	21.592	10.845285228817403
22	2025-06-08T00:40:00Z	33.442168328047124	21.592	11.850168328047125
22	2025-06-08T00:50:00Z	32.93972677843226	21.092	11.84772677843226
22	2025-06-08T01:00:00Z	33.442168328047124	21.092	12.350168328047125
22	2025-06-08T01:10:00Z	31.43240212958768	21.592	9.84040212958768
22	2025-06-08T01:20:00Z	32.93972677843226	21.092	11.84772677843226
22	2025-06-08T01:30:00Z	32.4372852288174	21.092	11.345285228817403
22	2025-06-08T01:40:00Z	31.43240212958768	21.092	10.34040212958768
22	2025-06-08T01:50:00Z	32.93972677843226	21.092	11.84772677843226
22	2025-06-08T02:00:00Z	32.4372852288174	21.092	11.345285228817403
22	2025-06-08T02:10:00Z	32.4372852288174	20.591	11.8462852288174
22	2025-06-08T02:20:00Z	33.94460987766199	20.591	13.353609877661988
22	2025-06-08T02:30:00Z	33.442168328047124	20.591	12.851168328047123
22	2025-06-08T02:40:00Z	33.442168328047124	20.091	13.351168328047123
22	2025-06-08T02:50:00Z	32.93972677843226	20.091	12.848726778432258
22	2025-06-08T03:00:00Z	33.442168328047124	20.091	13.351168328047123
22	2025-06-08T03:10:00Z	32.93972677843226	20.591	12.348726778432258
22	2025-06-08T03:20:00Z	32.93972677843226	20.591	12.348726778432258
22	2025-06-08T03:30:00Z	32.93972677843226	20.091	12.848726778432258
22	2025-06-08T03:40:00Z	32.4372852288174	20.091	12.3462852288174
22	2025-06-08T03:50:00Z	32.93972677843226	20.591	12.348726778432258
22	2025-06-08T04:00:00Z	32.4372852288174	20.091	12.3462852288174
22	2025-06-08T04:10:00Z	32.93972677843226	19.59	13.34972677843226
22	2025-06-08T04:20:00Z	32.93972677843226	20.091	12.848726778432258
22	2025-06-08T04:30:00Z	32.93972677843226	20.091	12.848726778432258
22	2025-06-08T04:40:00Z	33.442168328047124	20.091	13.351168328047123
22	2025-06-08T04:50:00Z	33.94460987766199	20.091	13.853609877661988
22	2025-06-08T05:00:00Z	32.4372852288174	20.091	12.3462852288174
22	2025-06-08T05:10:00Z	34.44705142727685	20.091	14.356051427276846
22	2025-06-08T05:20:00Z	33.442168328047124	19.59	13.852168328047124
22	2025-06-08T05:30:00Z	33.442168328047124	20.091	13.351168328047123
22	2025-06-08T05:40:00Z	32.93972677843226	20.091	12.848726778432258
22	2025-06-08T05:50:00Z	32.4372852288174	19.59	12.847285228817402
22	2025-06-08T06:00:00Z	31.93484367920254	19.59	12.34484367920254
22	2025-06-08T06:10:00Z	31.93484367920254	19.59	12.34484367920254
22	2025-06-08T06:20:00Z	31.43240212958768	19.59	11.84240212958768
22	2025-06-08T06:30:00Z	31.43240212958768	19.59	11.84240212958768
22	2025-06-08T06:40:00Z	30.929960579972814	19.59	11.339960579972814
22	2025-06-08T06:50:00Z	30.427519030357953	19.59	10.837519030357953
22	2025-06-08T07:00:00Z	29.92507748074309	19.59	10.335077480743092
22	2025-06-08T07:10:00Z	29.92507748074309	19.59	10.335077480743092
22	2025-06-08T07:20:00Z	30.427519030357953	20.591	9.836519030357952
22	2025-06-08T07:30:00Z	29.92507748074309	21.592	8.333077480743093
22	2025-06-08T07:40:00Z	29.42263593112823	23.093	6.32963593112823
22	2025-06-08T07:50:00Z	29.42263593112823	24.094	5.328635931128229
22	2025-06-08T08:00:00Z	28.92019438151337	25.094	3.8261943815133677
22	2025-06-08T08:10:00Z	29.42263593112823	26.593	2.82963593112823
22	2025-06-08T08:20:00Z	29.42263593112823	26.094	3.328635931128229
22	2025-06-08T08:30:00Z	29.42263593112823	27.093	2.32963593112823
22	2025-06-08T08:40:00Z	29.42263593112823	27.593	1.8296359311282302
22	2025-06-08T08:50:00Z	29.42263593112823	27.593	1.8296359311282302
22	2025-06-08T09:00:00Z	29.42263593112823	25.094	4.328635931128229
22	2025-06-08T09:10:00Z	29.42263593112823	27.093	2.32963593112823
22	2025-06-08T09:20:00Z	29.42263593112823	27.593	1.8296359311282302
22	2025-06-08T09:30:00Z	29.42263593112823	28.092	1.3306359311282314
22	2025-06-08T09:40:00Z	30.427519030357953	27.093	3.334519030357953
22	2025-06-08T09:50:00Z	31.43240212958768	25.594	5.838402129587678
22	2025-06-08T10:00:00Z	31.93484367920254	25.594	6.340843679202539
22	2025-06-08T10:10:00Z	31.93484367920254	26.094	5.840843679202539
22	2025-06-08T10:20:00Z	32.4372852288174	26.094	6.3432852288174
22	2025-06-08T10:30:00Z	32.4372852288174	26.094	6.3432852288174
22	2025-06-08T10:40:00Z	33.442168328047124	26.593	6.849168328047124
22	2025-06-08T10:50:00Z	33.442168328047124	26.593	6.849168328047124
22	2025-06-08T11:00:00Z	32.93972677843226	26.593	6.346726778432259
22	2025-06-08T11:10:00Z	32.93972677843226	27.093	5.846726778432259
22	2025-06-08T11:20:00Z	32.93972677843226	27.093	5.846726778432259
22	2025-06-08T11:30:00Z	32.93972677843226	27.093	5.846726778432259
22	2025-06-08T11:40:00Z	33.442168328047124	26.593	6.849168328047124
22	2025-06-08T11:50:00Z	33.442168328047124	26.593	6.849168328047124
22	2025-06-08T12:00:00Z	32.93972677843226	27.093	5.846726778432259
22	2025-06-08T12:10:00Z	32.93972677843226	26.593	6.346726778432259
22	2025-06-08T12:20:00Z	32.93972677843226	27.093	5.846726778432259
22	2025-06-08T12:30:00Z	32.93972677843226	27.093	5.846726778432259
22	2025-06-08T12:40:00Z	33.442168328047124	27.093	6.349168328047124
22	2025-06-08T12:50:00Z	33.94460987766199	27.593	6.351609877661989
22	2025-06-08T13:00:00Z	35.45193452650657	27.593	7.8589345265065695
22	2025-06-08T13:10:00Z	34.44705142727685	28.092	6.355051427276848
22	2025-06-08T13:20:00Z	34.44705142727685	27.593	6.854051427276847
22	2025-06-08T13:30:00Z	34.44705142727685	27.093	7.354051427276847
22	2025-06-08T13:40:00Z	34.94949297689171	27.593	7.356492976891712
22	2025-06-08T13:50:00Z	34.94949297689171	27.093	7.856492976891712
22	2025-06-08T14:00:00Z	34.44705142727685	27.593	6.854051427276847
22	2025-06-08T14:10:00Z	34.94949297689171	28.092	6.857492976891713
22	2025-06-08T14:20:00Z	34.44705142727685	28.092	6.355051427276848
22	2025-06-08T14:30:00Z	34.44705142727685	28.092	6.355051427276848
22	2025-06-08T14:40:00Z	34.44705142727685	28.092	6.355051427276848
22	2025-06-08T14:50:00Z	34.44705142727685	27.593	6.854051427276847
22	2025-06-08T15:00:00Z	34.44705142727685	28.092	6.355051427276848
22	2025-06-08T15:10:00Z	33.94460987766199	28.092	5.85260987766199
22	2025-06-08T15:20:00Z	34.44705142727685	28.092	6.355051427276848
22	2025-06-08T15:30:00Z	34.44705142727685	28.092	6.355051427276848
22	2025-06-08T15:40:00Z	34.44705142727685	28.092	6.355051427276848
22	2025-06-08T15:50:00Z	33.94460987766199	28.092	5.85260987766199
22	2025-06-08T16:00:00Z	33.94460987766199	28.092	5.85260987766199
22	2025-06-08T16:10:00Z	33.94460987766199	27.593	6.351609877661989
22	2025-06-08T16:20:00Z	33.94460987766199	28.092	5.85260987766199
22	2025-06-08T16:30:00Z	33.94460987766199	28.092	5.85260987766199
22	2025-06-08T16:40:00Z	34.44705142727685	28.092	6.355051427276848
22	2025-06-08T16:50:00Z	33.94460987766199	28.092	5.85260987766199
22	2025-06-08T17:00:00Z	34.44705142727685	28.092	6.355051427276848
22	2025-06-08T17:10:00Z	34.44705142727685	27.593	6.854051427276847
22	2025-06-08T17:20:00Z	34.94949297689171	28.092	6.857492976891713
22	2025-06-08T17:30:00Z	35.45193452650657	28.092	7.359934526506571
22	2025-06-08T17:40:00Z	35.45193452650657	28.092	7.359934526506571
22	2025-06-08T17:50:00Z	35.45193452650657	27.593	7.8589345265065695
22	2025-06-08T18:00:00Z	35.954376076121434	27.593	8.361376076121434
22	2025-06-08T18:10:00Z	35.45193452650657	27.593	7.8589345265065695
22	2025-06-08T18:20:00Z	35.45193452650657	27.593	7.8589345265065695
22	2025-06-08T18:30:00Z	34.94949297689171	27.093	7.856492976891712
22	2025-06-08T18:40:00Z	34.94949297689171	26.593	8.356492976891712
22	2025-06-08T18:50:00Z	34.94949297689171	26.094	8.85549297689171
22	2025-06-08T19:00:00Z	34.44705142727685	26.094	8.353051427276846
22	2025-06-08T19:10:00Z	33.94460987766199	25.594	8.350609877661988
22	2025-06-08T19:20:00Z	33.94460987766199	25.594	8.350609877661988
22	2025-06-08T19:30:00Z	33.94460987766199	25.094	8.850609877661988
22	2025-06-08T19:40:00Z	33.94460987766199	25.094	8.850609877661988
22	2025-06-08T19:50:00Z	33.94460987766199	24.594	9.350609877661988
22	2025-06-08T20:00:00Z	34.44705142727685	24.594	9.853051427276846
22	2025-06-08T20:10:00Z	33.94460987766199	24.594	9.350609877661988
22	2025-06-08T20:20:00Z	33.94460987766199	24.094	9.850609877661988
22	2025-06-08T20:30:00Z	33.442168328047124	24.094	9.348168328047123
22	2025-06-08T20:40:00Z	33.442168328047124	23.594	9.848168328047123
22	2025-06-08T20:50:00Z	32.93972677843226	23.594	9.345726778432258
22	2025-06-08T21:00:00Z	32.93972677843226	23.594	9.345726778432258
22	2025-06-08T21:10:00Z	33.442168328047124	23.594	9.848168328047123
22	2025-06-08T21:20:00Z	34.44705142727685	23.093	11.354051427276847
22	2025-06-08T21:30:00Z	33.442168328047124	23.093	10.349168328047124
22	2025-06-08T21:40:00Z	33.442168328047124	23.093	10.349168328047124
22	2025-06-08T21:50:00Z	33.94460987766199	23.093	10.85160987766199
22	2025-06-08T22:00:00Z	31.93484367920254	22.593	9.34184367920254
22	2025-06-08T22:10:00Z	30.929960579972814	22.593	8.336960579972814
22	2025-06-08T22:20:00Z	33.94460987766199	22.593	11.35160987766199
22	2025-06-08T22:30:00Z	33.442168328047124	22.593	10.849168328047124
22	2025-06-08T22:40:00Z	33.442168328047124	22.593	10.849168328047124
22	2025-06-08T22:50:00Z	33.442168328047124	22.593	10.849168328047124
22	2025-06-08T23:00:00Z	33.442168328047124	22.593	10.849168328047124
22	2025-06-08T23:10:00Z	33.442168328047124	22.093	11.349168328047124
22	2025-06-08T23:20:00Z	33.442168328047124	22.093	11.349168328047124
22	2025-06-08T23:30:00Z	32.93972677843226	22.093	10.84672677843226
22	2025-06-08T23:40:00Z	32.93972677843226	22.093	10.84672677843226
22	2025-06-08T23:50:00Z	33.442168328047124	22.093	11.349168328047124
22	2025-06-09T00:00:00Z	33.442168328047124	22.093	11.349168328047124
22	2025-06-09T00:10:00Z	33.442168328047124	22.093	11.349168328047124
22	2025-06-09T00:20:00Z	33.442168328047124	21.592	11.850168328047125
22	2025-06-09T00:30:00Z	33.442168328047124	21.592	11.850168328047125
22	2025-06-09T00:40:00Z	32.4372852288174	21.592	10.845285228817403
22	2025-06-09T00:50:00Z	33.442168328047124	21.592	11.850168328047125
22	2025-06-09T01:00:00Z	34.94949297689171	21.092	13.857492976891713
22	2025-06-09T01:10:00Z	33.94460987766199	21.592	12.35260987766199
22	2025-06-09T01:20:00Z	34.44705142727685	21.592	12.855051427276848
22	2025-06-09T01:30:00Z	34.44705142727685	21.592	12.855051427276848
22	2025-06-09T01:40:00Z	33.94460987766199	21.592	12.35260987766199
22	2025-06-09T01:50:00Z	34.44705142727685	21.092	13.355051427276848
22	2025-06-09T02:00:00Z	34.44705142727685	21.592	12.855051427276848
22	2025-06-09T02:10:00Z	33.442168328047124	21.092	12.350168328047125
22	2025-06-09T02:20:00Z	34.44705142727685	21.092	13.355051427276848
22	2025-06-09T02:30:00Z	34.44705142727685	21.092	13.355051427276848
22	2025-06-09T02:40:00Z	34.44705142727685	21.092	13.355051427276848
22	2025-06-09T02:50:00Z	34.94949297689171	21.092	13.857492976891713
22	2025-06-09T03:00:00Z	34.94949297689171	20.591	14.35849297689171
22	2025-06-09T03:10:00Z	34.44705142727685	20.591	13.856051427276846
22	2025-06-09T03:20:00Z	34.44705142727685	20.591	13.856051427276846
22	2025-06-09T03:30:00Z	33.94460987766199	20.591	13.353609877661988
22	2025-06-09T03:40:00Z	33.94460987766199	20.091	13.853609877661988
22	2025-06-09T03:50:00Z	33.442168328047124	20.591	12.851168328047123
22	2025-06-09T04:00:00Z	32.4372852288174	20.591	11.8462852288174
22	2025-06-09T04:10:00Z	33.94460987766199	20.091	13.853609877661988
22	2025-06-09T04:20:00Z	34.44705142727685	19.59	14.857051427276847
22	2025-06-09T04:30:00Z	33.94460987766199	20.091	13.853609877661988
22	2025-06-09T04:40:00Z	34.44705142727685	20.091	14.356051427276846
22	2025-06-09T04:50:00Z	34.44705142727685	20.091	14.356051427276846
22	2025-06-09T05:00:00Z	33.94460987766199	20.091	13.853609877661988
22	2025-06-09T05:10:00Z	33.442168328047124	19.59	13.852168328047124
22	2025-06-09T05:20:00Z	33.442168328047124	19.59	13.852168328047124
22	2025-06-09T05:30:00Z	32.93972677843226	19.59	13.34972677843226
22	2025-06-09T05:40:00Z	32.93972677843226	19.089	13.85072677843226
22	2025-06-09T05:50:00Z	33.94460987766199	19.089	14.85560987766199
22	2025-06-09T06:00:00Z	33.94460987766199	19.59	14.35460987766199
22	2025-06-09T06:10:00Z	33.442168328047124	19.59	13.852168328047124
22	2025-06-09T06:20:00Z	32.93972677843226	19.59	13.34972677843226
22	2025-06-09T06:30:00Z	32.93972677843226	20.091	12.848726778432258
22	2025-06-09T06:40:00Z	32.93972677843226	20.091	12.848726778432258
22	2025-06-09T06:50:00Z	32.93972677843226	20.591	12.348726778432258
22	2025-06-09T07:00:00Z	32.4372852288174	20.591	11.8462852288174
22	2025-06-09T07:10:00Z	32.93972677843226	20.591	12.348726778432258
22	2025-06-09T07:20:00Z	32.4372852288174	21.092	11.345285228817403
22	2025-06-09T07:30:00Z	32.93972677843226	22.093	10.84672677843226
22	2025-06-09T07:40:00Z	31.93484367920254	23.594	8.340843679202539
22	2025-06-09T07:50:00Z	32.4372852288174	24.594	7.8432852288174
22	2025-06-09T08:00:00Z	32.4372852288174	26.094	6.3432852288174
22	2025-06-09T08:10:00Z	32.93972677843226	27.593	5.346726778432259
22	2025-06-09T08:20:00Z	32.93972677843226	27.093	5.846726778432259
22	2025-06-09T08:30:00Z	33.94460987766199	28.592	5.35260987766199
22	2025-06-09T08:40:00Z	33.94460987766199	29.591	4.353609877661988
22	2025-06-09T08:50:00Z	34.44705142727685	30.589	3.8580514272768482
22	2025-06-09T09:00:00Z	34.44705142727685	27.593	6.854051427276847
22	2025-06-09T09:10:00Z	34.94949297689171	29.091	5.858492976891711
22	2025-06-09T09:20:00Z	34.94949297689171	30.09	4.859492976891712
22	2025-06-09T09:30:00Z	34.94949297689171	30.09	4.859492976891712
22	2025-06-09T09:40:00Z	34.94949297689171	29.091	5.858492976891711
22	2025-06-09T09:50:00Z	34.44705142727685	27.593	6.854051427276847
22	2025-06-09T10:00:00Z	34.44705142727685	27.593	6.854051427276847
22	2025-06-09T10:10:00Z	33.94460987766199	27.593	6.351609877661989
22	2025-06-09T10:20:00Z	33.94460987766199	27.593	6.351609877661989
22	2025-06-09T10:30:00Z	34.44705142727685	28.092	6.355051427276848
22	2025-06-09T10:40:00Z	34.44705142727685	28.092	6.355051427276848
22	2025-06-09T10:50:00Z	34.94949297689171	28.092	6.857492976891713
22	2025-06-09T11:00:00Z	34.94949297689171	28.592	6.357492976891713
22	2025-06-09T11:10:00Z	34.94949297689171	28.092	6.857492976891713
22	2025-06-09T11:20:00Z	34.44705142727685	28.092	6.355051427276848
22	2025-06-09T11:30:00Z	34.94949297689171	28.592	6.357492976891713
22	2025-06-09T11:40:00Z	34.94949297689171	28.092	6.857492976891713
22	2025-06-09T11:50:00Z	34.94949297689171	28.092	6.857492976891713
22	2025-06-09T12:00:00Z	34.44705142727685	28.092	6.355051427276848
22	2025-06-09T12:10:00Z	33.94460987766199	28.092	5.85260987766199
22	2025-06-09T12:20:00Z	34.44705142727685	28.092	6.355051427276848
22	2025-06-09T12:30:00Z	34.44705142727685	28.592	5.855051427276848
22	2025-06-09T12:40:00Z	34.44705142727685	28.592	5.855051427276848
22	2025-06-09T12:50:00Z	34.44705142727685	28.092	6.355051427276848
22	2025-06-09T13:00:00Z	34.94949297689171	28.592	6.357492976891713
22	2025-06-09T13:10:00Z	34.94949297689171	28.592	6.357492976891713
22	2025-06-09T13:20:00Z	34.44705142727685	28.092	6.355051427276848
22	2025-06-09T13:30:00Z	34.44705142727685	28.092	6.355051427276848
22	2025-06-09T13:40:00Z	34.44705142727685	28.592	5.855051427276848
22	2025-06-09T13:50:00Z	34.44705142727685	28.592	5.855051427276848
22	2025-06-09T14:00:00Z	34.44705142727685	28.592	5.855051427276848
22	2025-06-09T14:10:00Z	34.44705142727685	28.092	6.355051427276848
22	2025-06-09T14:20:00Z	34.44705142727685	28.592	5.855051427276848
22	2025-06-09T14:30:00Z	34.94949297689171	28.592	6.357492976891713
22	2025-06-09T14:40:00Z	34.94949297689171	28.592	6.357492976891713
22	2025-06-09T14:50:00Z	34.94949297689171	28.592	6.357492976891713
22	2025-06-09T15:00:00Z	34.94949297689171	28.592	6.357492976891713
22	2025-06-09T15:10:00Z	35.45193452650657	28.592	6.859934526506571
22	2025-06-09T15:20:00Z	35.45193452650657	28.592	6.859934526506571
22	2025-06-09T15:30:00Z	35.45193452650657	28.592	6.859934526506571
22	2025-06-09T15:40:00Z	35.45193452650657	28.592	6.859934526506571
22	2025-06-09T15:50:00Z	35.954376076121434	28.592	7.362376076121436
22	2025-06-09T16:00:00Z	35.45193452650657	28.592	6.859934526506571
22	2025-06-09T16:10:00Z	35.954376076121434	29.091	6.863376076121433
22	2025-06-09T16:20:00Z	35.45193452650657	29.091	6.360934526506568
22	2025-06-09T16:30:00Z	35.45193452650657	29.091	6.360934526506568
22	2025-06-09T16:40:00Z	35.45193452650657	27.593	7.8589345265065695
22	2025-06-09T16:50:00Z	34.94949297689171	27.093	7.856492976891712
22	2025-06-09T17:00:00Z	34.94949297689171	24.594	10.35549297689171
22	2025-06-09T17:10:00Z	34.44705142727685	23.594	10.853051427276846
22	2025-06-09T17:20:00Z	34.94949297689171	24.094	10.85549297689171
22	2025-06-09T17:30:00Z	34.94949297689171	24.594	10.35549297689171
22	2025-06-09T17:40:00Z	34.94949297689171	25.094	9.85549297689171
22	2025-06-09T17:50:00Z	34.94949297689171	25.094	9.85549297689171
22	2025-06-09T18:00:00Z	34.44705142727685	25.594	8.853051427276846
22	2025-06-09T18:10:00Z	34.94949297689171	25.094	9.85549297689171
22	2025-06-09T18:20:00Z	34.94949297689171	25.094	9.85549297689171
22	2025-06-09T18:30:00Z	34.44705142727685	25.094	9.353051427276846
22	2025-06-09T18:40:00Z	34.44705142727685	25.094	9.353051427276846
22	2025-06-09T18:50:00Z	34.94949297689171	25.094	9.85549297689171
22	2025-06-09T19:00:00Z	34.44705142727685	24.594	9.853051427276846
22	2025-06-09T19:10:00Z	34.44705142727685	24.594	9.853051427276846
22	2025-06-09T19:20:00Z	34.44705142727685	24.094	10.353051427276846
22	2025-06-09T19:30:00Z	34.94949297689171	24.094	10.85549297689171
22	2025-06-09T19:40:00Z	34.44705142727685	24.094	10.353051427276846
22	2025-06-09T19:50:00Z	34.44705142727685	24.094	10.353051427276846
22	2025-06-09T20:00:00Z	34.44705142727685	24.094	10.353051427276846
22	2025-06-09T20:10:00Z	34.44705142727685	23.594	10.853051427276846
22	2025-06-09T20:20:00Z	34.44705142727685	23.594	10.853051427276846
22	2025-06-09T20:30:00Z	33.94460987766199	23.594	10.350609877661988
22	2025-06-09T20:40:00Z	34.44705142727685	23.594	10.853051427276846
22	2025-06-09T20:50:00Z	33.94460987766199	23.093	10.85160987766199
22	2025-06-09T21:00:00Z	33.94460987766199	23.093	10.85160987766199
22	2025-06-09T21:10:00Z	33.94460987766199	23.093	10.85160987766199
22	2025-06-09T21:20:00Z	33.94460987766199	23.093	10.85160987766199
22	2025-06-09T21:30:00Z	33.94460987766199	23.093	10.85160987766199
22	2025-06-09T21:40:00Z	33.94460987766199	22.593	11.35160987766199
22	2025-06-09T21:50:00Z	33.442168328047124	22.593	10.849168328047124
22	2025-06-09T22:00:00Z	31.93484367920254	22.593	9.34184367920254
22	2025-06-09T22:10:00Z	33.442168328047124	22.593	10.849168328047124
22	2025-06-09T22:20:00Z	34.94949297689171	22.593	12.356492976891712
22	2025-06-09T22:30:00Z	34.94949297689171	22.593	12.356492976891712
22	2025-06-09T22:40:00Z	34.44705142727685	22.593	11.854051427276847
22	2025-06-09T22:50:00Z	34.44705142727685	22.593	11.854051427276847
22	2025-06-09T23:00:00Z	33.94460987766199	22.593	11.35160987766199
22	2025-06-09T23:10:00Z	33.442168328047124	22.593	10.849168328047124
22	2025-06-09T23:20:00Z	33.94460987766199	22.093	11.85160987766199
22	2025-06-09T23:30:00Z	33.442168328047124	21.592	11.850168328047125
22	2025-06-09T23:40:00Z	32.93972677843226	21.092	11.84772677843226
22	2025-06-09T23:50:00Z	32.93972677843226	20.591	12.348726778432258
22	2025-06-10T00:00:00Z	32.93972677843226	20.091	12.848726778432258
22	2025-06-10T00:10:00Z	33.442168328047124	20.091	13.351168328047123
22	2025-06-10T00:20:00Z	33.442168328047124	20.091	13.351168328047123
22	2025-06-10T00:30:00Z	32.93972677843226	20.091	12.848726778432258
22	2025-06-10T00:40:00Z	32.93972677843226	20.091	12.848726778432258
22	2025-06-10T00:50:00Z	31.93484367920254	20.091	11.84384367920254
22	2025-06-10T01:00:00Z	32.4372852288174	20.091	12.3462852288174
22	2025-06-10T01:10:00Z	32.4372852288174	20.591	11.8462852288174
22	2025-06-10T01:20:00Z	32.4372852288174	20.591	11.8462852288174
22	2025-06-10T01:30:00Z	32.4372852288174	20.091	12.3462852288174
22	2025-06-10T01:40:00Z	32.93972677843226	20.091	12.848726778432258
22	2025-06-10T01:50:00Z	32.4372852288174	20.591	11.8462852288174
22	2025-06-10T02:00:00Z	31.93484367920254	20.591	11.34384367920254
22	2025-06-10T02:10:00Z	31.43240212958768	20.591	10.841402129587678
22	2025-06-10T02:20:00Z	30.929960579972814	20.591	10.338960579972813
22	2025-06-10T02:30:00Z	33.442168328047124	20.091	13.351168328047123
22	2025-06-10T02:40:00Z	33.442168328047124	20.591	12.851168328047123
22	2025-06-10T02:50:00Z	32.93972677843226	20.091	12.848726778432258
22	2025-06-10T03:00:00Z	31.93484367920254	20.591	11.34384367920254
22	2025-06-10T03:10:00Z	33.442168328047124	20.591	12.851168328047123
22	2025-06-10T03:20:00Z	32.93972677843226	20.091	12.848726778432258
22	2025-06-10T03:30:00Z	32.4372852288174	20.591	11.8462852288174
22	2025-06-10T03:40:00Z	32.4372852288174	20.591	11.8462852288174
22	2025-06-10T03:50:00Z	32.93972677843226	21.592	11.34772677843226
22	2025-06-10T04:00:00Z	32.93972677843226	21.592	11.34772677843226
22	2025-06-10T04:10:00Z	32.4372852288174	21.592	10.845285228817403
22	2025-06-10T04:20:00Z	31.93484367920254	21.592	10.342843679202542
22	2025-06-10T04:30:00Z	31.43240212958768	22.093	9.339402129587679
22	2025-06-10T04:40:00Z	32.4372852288174	22.093	10.344285228817402
22	2025-06-10T04:50:00Z	32.93972677843226	21.592	11.34772677843226
22	2025-06-10T05:00:00Z	32.4372852288174	22.093	10.344285228817402
22	2025-06-10T05:10:00Z	32.4372852288174	21.592	10.845285228817403
22	2025-06-10T05:20:00Z	31.93484367920254	21.092	10.842843679202542
22	2025-06-10T05:30:00Z	30.929960579972814	21.092	9.837960579972815
22	2025-06-10T05:40:00Z	31.43240212958768	20.591	10.841402129587678
22	2025-06-10T05:50:00Z	31.93484367920254	20.591	11.34384367920254
22	2025-06-10T06:00:00Z	30.427519030357953	20.591	9.836519030357952
22	2025-06-10T06:10:00Z	32.4372852288174	20.591	11.8462852288174
22	2025-06-10T06:20:00Z	32.93972677843226	20.091	12.848726778432258
22	2025-06-10T06:30:00Z	32.4372852288174	20.091	12.3462852288174
22	2025-06-10T06:40:00Z	32.4372852288174	20.091	12.3462852288174
22	2025-06-10T06:50:00Z	31.93484367920254	20.091	11.84384367920254
22	2025-06-10T07:00:00Z	31.93484367920254	20.091	11.84384367920254
22	2025-06-10T07:10:00Z	31.43240212958768	20.091	11.341402129587678
22	2025-06-10T07:20:00Z	31.93484367920254	21.092	10.842843679202542
22	2025-06-10T07:30:00Z	31.43240212958768	22.093	9.339402129587679
22	2025-06-10T07:40:00Z	30.929960579972814	23.594	7.335960579972813
22	2025-06-10T07:50:00Z	30.427519030357953	24.594	5.833519030357952
22	2025-06-10T08:00:00Z	31.43240212958768	25.594	5.838402129587678
22	2025-06-10T08:10:00Z	31.43240212958768	27.093	4.339402129587679
22	2025-06-10T08:20:00Z	31.43240212958768	26.593	4.839402129587679
22	2025-06-10T08:30:00Z	31.93484367920254	28.092	3.8428436792025416
22	2025-06-10T08:40:00Z	31.93484367920254	29.591	2.343843679202539
22	2025-06-10T08:50:00Z	32.4372852288174	30.589	1.848285228817403
22	2025-06-10T09:00:00Z	32.4372852288174	27.593	4.844285228817402
22	2025-06-10T09:10:00Z	32.4372852288174	29.091	3.3462852288174005
22	2025-06-10T09:20:00Z	32.4372852288174	29.091	3.3462852288174005
22	2025-06-10T09:30:00Z	32.93972677843226	29.091	3.8487267784322583
22	2025-06-10T09:40:00Z	32.93972677843226	28.092	4.847726778432261
22	2025-06-10T09:50:00Z	32.93972677843226	26.593	6.346726778432259
22	2025-06-10T10:00:00Z	32.93972677843226	26.593	6.346726778432259
22	2025-06-10T10:10:00Z	33.442168328047124	26.593	6.849168328047124
22	2025-06-10T10:20:00Z	33.442168328047124	27.093	6.349168328047124
22	2025-06-10T10:30:00Z	33.442168328047124	27.093	6.349168328047124
22	2025-06-10T10:40:00Z	33.94460987766199	27.093	6.851609877661989
22	2025-06-10T10:50:00Z	34.44705142727685	27.593	6.854051427276847
22	2025-06-10T11:00:00Z	33.442168328047124	27.593	5.849168328047124
22	2025-06-10T11:10:00Z	33.94460987766199	27.593	6.351609877661989
22	2025-06-10T11:20:00Z	33.94460987766199	27.593	6.351609877661989
22	2025-06-10T11:30:00Z	33.94460987766199	27.593	6.351609877661989
22	2025-06-10T11:40:00Z	33.94460987766199	27.593	6.351609877661989
22	2025-06-10T11:50:00Z	33.442168328047124	27.593	5.849168328047124
22	2025-06-10T12:00:00Z	32.93972677843226	28.092	4.847726778432261
22	2025-06-10T12:10:00Z	32.93972677843226	27.593	5.346726778432259
22	2025-06-10T12:20:00Z	32.93972677843226	27.593	5.346726778432259
22	2025-06-10T12:30:00Z	32.4372852288174	28.092	4.345285228817403
22	2025-06-10T12:40:00Z	32.93972677843226	27.593	5.346726778432259
22	2025-06-10T12:50:00Z	32.93972677843226	28.092	4.847726778432261
22	2025-06-10T13:00:00Z	32.4372852288174	28.092	4.345285228817403
22	2025-06-10T13:10:00Z	32.4372852288174	28.092	4.345285228817403
22	2025-06-10T13:20:00Z	32.4372852288174	28.092	4.345285228817403
22	2025-06-10T13:30:00Z	33.442168328047124	28.092	5.3501683280471255
22	2025-06-10T13:40:00Z	32.93972677843226	28.092	4.847726778432261
22	2025-06-10T13:50:00Z	32.93972677843226	28.092	4.847726778432261
22	2025-06-10T14:00:00Z	32.4372852288174	28.092	4.345285228817403
22	2025-06-10T14:10:00Z	32.4372852288174	28.092	4.345285228817403
22	2025-06-10T14:20:00Z	32.93972677843226	28.092	4.847726778432261
22	2025-06-10T14:30:00Z	32.93972677843226	28.092	4.847726778432261
22	2025-06-10T14:40:00Z	33.442168328047124	28.092	5.3501683280471255
22	2025-06-10T14:50:00Z	33.442168328047124	28.092	5.3501683280471255
22	2025-06-10T15:00:00Z	33.94460987766199	28.092	5.85260987766199
22	2025-06-10T15:10:00Z	33.94460987766199	28.092	5.85260987766199
22	2025-06-10T15:20:00Z	33.94460987766199	28.592	5.35260987766199
22	2025-06-10T15:30:00Z	33.94460987766199	28.092	5.85260987766199
22	2025-06-10T15:40:00Z	33.94460987766199	28.092	5.85260987766199
22	2025-06-10T15:50:00Z	33.442168328047124	28.092	5.3501683280471255
22	2025-06-10T16:00:00Z	33.94460987766199	28.092	5.85260987766199
22	2025-06-10T16:10:00Z	33.442168328047124	28.592	4.8501683280471255
22	2025-06-10T16:20:00Z	33.442168328047124	28.592	4.8501683280471255
22	2025-06-10T16:30:00Z	33.442168328047124	28.592	4.8501683280471255
22	2025-06-10T16:40:00Z	33.442168328047124	28.592	4.8501683280471255
22	2025-06-10T16:50:00Z	33.442168328047124	28.092	5.3501683280471255
22	2025-06-10T17:00:00Z	33.442168328047124	28.092	5.3501683280471255
22	2025-06-10T17:10:00Z	33.94460987766199	28.592	5.35260987766199
22	2025-06-10T17:20:00Z	33.442168328047124	28.092	5.3501683280471255
22	2025-06-10T17:30:00Z	33.442168328047124	28.092	5.3501683280471255
22	2025-06-10T17:40:00Z	34.44705142727685	28.092	6.355051427276848
22	2025-06-10T17:50:00Z	34.94949297689171	28.092	6.857492976891713
22	2025-06-10T18:00:00Z	34.44705142727685	27.593	6.854051427276847
22	2025-06-10T18:10:00Z	33.94460987766199	27.593	6.351609877661989
22	2025-06-10T18:20:00Z	34.44705142727685	27.593	6.854051427276847
22	2025-06-10T18:30:00Z	33.94460987766199	27.593	6.351609877661989
22	2025-06-10T18:40:00Z	33.94460987766199	27.093	6.851609877661989
22	2025-06-10T18:50:00Z	33.94460987766199	26.593	7.351609877661989
22	2025-06-10T19:00:00Z	33.442168328047124	26.094	7.348168328047123
22	2025-06-10T19:10:00Z	33.94460987766199	25.594	8.350609877661988
22	2025-06-10T19:20:00Z	33.94460987766199	25.594	8.350609877661988
22	2025-06-10T19:30:00Z	33.94460987766199	25.594	8.350609877661988
22	2025-06-10T19:40:00Z	34.44705142727685	25.094	9.353051427276846
22	2025-06-10T19:50:00Z	32.4372852288174	25.094	7.3432852288174
22	2025-06-10T20:00:00Z	33.94460987766199	25.094	8.850609877661988
22	2025-06-10T20:10:00Z	33.94460987766199	25.094	8.850609877661988
22	2025-06-10T20:20:00Z	33.442168328047124	24.594	8.848168328047123
22	2025-06-10T20:30:00Z	33.94460987766199	24.594	9.350609877661988
22	2025-06-10T20:40:00Z	33.94460987766199	24.094	9.850609877661988
22	2025-06-10T20:50:00Z	33.94460987766199	24.094	9.850609877661988
22	2025-06-10T21:00:00Z	33.442168328047124	24.094	9.348168328047123
22	2025-06-10T21:10:00Z	33.442168328047124	24.094	9.348168328047123
22	2025-06-10T21:20:00Z	33.442168328047124	23.594	9.848168328047123
22	2025-06-10T21:30:00Z	32.4372852288174	23.093	9.344285228817402
22	2025-06-10T21:40:00Z	32.4372852288174	23.093	9.344285228817402
22	2025-06-10T21:50:00Z	33.442168328047124	23.093	10.349168328047124
22	2025-06-10T22:00:00Z	33.442168328047124	23.093	10.349168328047124
22	2025-06-10T22:10:00Z	32.93972677843226	23.093	9.84672677843226
22	2025-06-10T22:20:00Z	32.93972677843226	23.093	9.84672677843226
22	2025-06-10T22:30:00Z	33.442168328047124	23.594	9.848168328047123
22	2025-06-10T22:40:00Z	32.4372852288174	23.594	8.8432852288174
22	2025-06-10T22:50:00Z	32.4372852288174	23.093	9.344285228817402
22	2025-06-10T23:00:00Z	32.4372852288174	23.093	9.344285228817402
22	2025-06-10T23:10:00Z	32.4372852288174	23.093	9.344285228817402
22	2025-06-10T23:20:00Z	30.929960579972814	22.593	8.336960579972814
22	2025-06-10T23:30:00Z	32.4372852288174	22.593	9.844285228817402
22	2025-06-10T23:40:00Z	32.93972677843226	22.593	10.34672677843226
22	2025-06-10T23:50:00Z	32.4372852288174	22.093	10.344285228817402
22	2025-06-11T00:00:00Z	32.4372852288174	22.093	10.344285228817402
22	2025-06-11T00:10:00Z	31.93484367920254	22.093	9.84184367920254
22	2025-06-11T00:20:00Z	32.93972677843226	22.093	10.84672677843226
22	2025-06-11T00:30:00Z	32.93972677843226	22.093	10.84672677843226
22	2025-06-11T00:40:00Z	33.442168328047124	22.093	11.349168328047124
22	2025-06-11T00:50:00Z	32.93972677843226	22.093	10.84672677843226
22	2025-06-11T01:00:00Z	32.4372852288174	21.592	10.845285228817403
22	2025-06-11T01:10:00Z	32.93972677843226	21.592	11.34772677843226
22	2025-06-11T01:20:00Z	32.93972677843226	21.592	11.34772677843226
22	2025-06-11T01:30:00Z	32.4372852288174	21.592	10.845285228817403
22	2025-06-11T01:40:00Z	31.93484367920254	21.592	10.342843679202542
22	2025-06-11T01:50:00Z	32.93972677843226	21.092	11.84772677843226
22	2025-06-11T02:00:00Z	32.93972677843226	21.092	11.84772677843226
22	2025-06-11T02:10:00Z	31.43240212958768	20.591	10.841402129587678
22	2025-06-11T02:20:00Z	32.4372852288174	20.591	11.8462852288174
22	2025-06-11T02:30:00Z	33.442168328047124	20.591	12.851168328047123
22	2025-06-11T02:40:00Z	32.93972677843226	20.591	12.348726778432258
22	2025-06-11T02:50:00Z	32.4372852288174	20.591	11.8462852288174
22	2025-06-11T03:00:00Z	32.93972677843226	20.591	12.348726778432258
22	2025-06-11T03:10:00Z	32.93972677843226	20.591	12.348726778432258
22	2025-06-11T03:20:00Z	32.4372852288174	20.591	11.8462852288174
22	2025-06-11T03:30:00Z	32.93972677843226	20.591	12.348726778432258
22	2025-06-11T03:40:00Z	32.4372852288174	20.591	11.8462852288174
22	2025-06-11T03:50:00Z	32.4372852288174	20.591	11.8462852288174
22	2025-06-11T04:00:00Z	31.93484367920254	20.591	11.34384367920254
22	2025-06-11T04:10:00Z	32.93972677843226	20.591	12.348726778432258
22	2025-06-11T04:20:00Z	32.4372852288174	20.591	11.8462852288174
22	2025-06-11T04:30:00Z	31.93484367920254	20.591	11.34384367920254
22	2025-06-11T04:40:00Z	32.4372852288174	20.591	11.8462852288174
22	2025-06-11T04:50:00Z	31.93484367920254	20.591	11.34384367920254
22	2025-06-11T05:00:00Z	31.93484367920254	20.591	11.34384367920254
22	2025-06-11T05:10:00Z	32.4372852288174	20.591	11.8462852288174
22	2025-06-11T05:20:00Z	32.4372852288174	20.591	11.8462852288174
22	2025-06-11T05:30:00Z	32.4372852288174	20.591	11.8462852288174
22	2025-06-11T05:40:00Z	32.4372852288174	20.591	11.8462852288174
22	2025-06-11T05:50:00Z	32.93972677843226	20.591	12.348726778432258
22	2025-06-11T06:00:00Z	33.442168328047124	20.591	12.851168328047123
22	2025-06-11T06:10:00Z	32.93972677843226	20.591	12.348726778432258
22	2025-06-11T06:20:00Z	33.94460987766199	20.591	13.353609877661988
22	2025-06-11T06:30:00Z	32.93972677843226	21.092	11.84772677843226
22	2025-06-11T06:40:00Z	32.4372852288174	20.591	11.8462852288174
22	2025-06-11T06:50:00Z	31.93484367920254	20.591	11.34384367920254
22	2025-06-11T07:00:00Z	31.93484367920254	21.092	10.842843679202542
22	2025-06-11T07:10:00Z	31.43240212958768	21.092	10.34040212958768
22	2025-06-11T07:20:00Z	31.43240212958768	22.093	9.339402129587679
22	2025-06-11T07:30:00Z	31.43240212958768	23.093	8.339402129587679
22	2025-06-11T07:40:00Z	31.93484367920254	24.594	7.340843679202539
22	2025-06-11T07:50:00Z	32.4372852288174	25.094	7.3432852288174
22	2025-06-11T08:00:00Z	31.93484367920254	26.094	5.840843679202539
22	2025-06-11T08:10:00Z	32.4372852288174	27.593	4.844285228817402
22	2025-06-11T08:20:00Z	32.4372852288174	27.093	5.344285228817402
22	2025-06-11T08:30:00Z	32.93972677843226	28.592	4.347726778432261
22	2025-06-11T08:40:00Z	33.442168328047124	29.591	3.851168328047123
22	2025-06-11T08:50:00Z	33.442168328047124	29.591	3.851168328047123
22	2025-06-11T09:00:00Z	33.442168328047124	27.093	6.349168328047124
22	2025-06-11T09:10:00Z	31.93484367920254	28.092	3.8428436792025416
22	2025-06-11T09:20:00Z	34.44705142727685	28.592	5.855051427276848
22	2025-06-11T09:30:00Z	33.94460987766199	28.092	5.85260987766199
22	2025-06-11T09:40:00Z	33.94460987766199	27.093	6.851609877661989
22	2025-06-11T09:50:00Z	33.94460987766199	26.094	7.850609877661988
22	2025-06-11T10:00:00Z	33.442168328047124	26.094	7.348168328047123
22	2025-06-11T10:10:00Z	33.94460987766199	26.593	7.351609877661989
22	2025-06-11T10:20:00Z	33.94460987766199	26.593	7.351609877661989
22	2025-06-11T10:30:00Z	33.94460987766199	27.093	6.851609877661989
22	2025-06-11T10:40:00Z	33.94460987766199	27.093	6.851609877661989
22	2025-06-11T10:50:00Z	33.94460987766199	27.093	6.851609877661989
22	2025-06-11T11:00:00Z	33.94460987766199	27.093	6.851609877661989
22	2025-06-11T11:10:00Z	33.442168328047124	27.593	5.849168328047124
22	2025-06-11T11:20:00Z	33.442168328047124	27.593	5.849168328047124
22	2025-06-11T11:30:00Z	33.442168328047124	27.593	5.849168328047124
22	2025-06-11T11:40:00Z	33.442168328047124	27.593	5.849168328047124
22	2025-06-11T11:50:00Z	33.442168328047124	27.593	5.849168328047124
22	2025-06-11T12:00:00Z	32.4372852288174	27.593	4.844285228817402
22	2025-06-11T12:10:00Z	33.442168328047124	27.593	5.849168328047124
22	2025-06-11T12:20:00Z	33.94460987766199	28.092	5.85260987766199
22	2025-06-11T12:30:00Z	33.94460987766199	28.092	5.85260987766199
22	2025-06-11T12:40:00Z	33.94460987766199	28.092	5.85260987766199
22	2025-06-11T12:50:00Z	33.442168328047124	28.092	5.3501683280471255
22	2025-06-11T13:00:00Z	33.442168328047124	28.092	5.3501683280471255
22	2025-06-11T13:10:00Z	32.93972677843226	28.092	4.847726778432261
22	2025-06-11T13:20:00Z	33.442168328047124	28.592	4.8501683280471255
22	2025-06-11T13:30:00Z	33.442168328047124	28.592	4.8501683280471255
22	2025-06-11T13:40:00Z	33.442168328047124	28.592	4.8501683280471255
22	2025-06-11T13:50:00Z	32.93972677843226	28.592	4.347726778432261
22	2025-06-11T14:00:00Z	32.93972677843226	28.592	4.347726778432261
22	2025-06-11T14:10:00Z	33.442168328047124	28.592	4.8501683280471255
22	2025-06-11T14:20:00Z	32.93972677843226	29.091	3.8487267784322583
22	2025-06-11T14:30:00Z	33.442168328047124	29.091	4.351168328047123
22	2025-06-11T14:40:00Z	32.93972677843226	29.091	3.8487267784322583
22	2025-06-11T14:50:00Z	33.442168328047124	29.091	4.351168328047123
22	2025-06-11T15:00:00Z	34.44705142727685	29.591	4.856051427276846
22	2025-06-11T15:10:00Z	34.44705142727685	29.591	4.856051427276846
22	2025-06-11T15:20:00Z	34.44705142727685	29.091	5.356051427276846
22	2025-06-11T15:30:00Z	34.44705142727685	29.591	4.856051427276846
22	2025-06-11T15:40:00Z	34.44705142727685	29.591	4.856051427276846
22	2025-06-11T15:50:00Z	33.94460987766199	29.591	4.353609877661988
22	2025-06-11T16:00:00Z	33.94460987766199	29.591	4.353609877661988
22	2025-06-11T16:10:00Z	33.94460987766199	29.091	4.853609877661988
22	2025-06-11T16:20:00Z	33.94460987766199	29.591	4.353609877661988
22	2025-06-11T16:30:00Z	34.44705142727685	29.591	4.856051427276846
22	2025-06-11T16:40:00Z	34.94949297689171	29.591	5.358492976891711
22	2025-06-11T16:50:00Z	34.94949297689171	29.591	5.358492976891711
22	2025-06-11T17:00:00Z	34.44705142727685	29.591	4.856051427276846
22	2025-06-11T17:10:00Z	34.44705142727685	29.091	5.356051427276846
22	2025-06-11T17:20:00Z	34.94949297689171	29.091	5.858492976891711
22	2025-06-11T17:30:00Z	34.94949297689171	29.091	5.858492976891711
22	2025-06-11T17:40:00Z	34.44705142727685	29.091	5.356051427276846
22	2025-06-11T17:50:00Z	34.94949297689171	28.592	6.357492976891713
22	2025-06-11T18:00:00Z	34.94949297689171	28.592	6.357492976891713
22	2025-06-11T18:10:00Z	35.45193452650657	28.592	6.859934526506571
22	2025-06-11T18:20:00Z	35.45193452650657	28.592	6.859934526506571
22	2025-06-11T18:30:00Z	35.954376076121434	28.092	7.862376076121436
22	2025-06-11T18:40:00Z	35.45193452650657	27.593	7.8589345265065695
22	2025-06-11T18:50:00Z	34.94949297689171	27.093	7.856492976891712
22	2025-06-11T19:00:00Z	34.94949297689171	27.093	7.856492976891712
22	2025-06-11T19:10:00Z	34.44705142727685	26.593	7.854051427276847
22	2025-06-11T19:20:00Z	33.442168328047124	26.094	7.348168328047123
22	2025-06-11T19:30:00Z	33.442168328047124	26.094	7.348168328047123
22	2025-06-11T19:40:00Z	34.44705142727685	26.094	8.353051427276846
22	2025-06-11T19:50:00Z	33.94460987766199	25.594	8.350609877661988
22	2025-06-11T20:00:00Z	33.442168328047124	25.594	7.848168328047123
22	2025-06-11T20:10:00Z	31.43240212958768	25.094	6.338402129587678
22	2025-06-11T20:20:00Z	33.94460987766199	25.094	8.850609877661988
22	2025-06-11T20:30:00Z	32.4372852288174	24.594	7.8432852288174
22	2025-06-11T20:40:00Z	33.442168328047124	24.594	8.848168328047123
22	2025-06-11T20:50:00Z	33.94460987766199	24.594	9.350609877661988
22	2025-06-11T21:00:00Z	32.93972677843226	24.594	8.345726778432258
22	2025-06-11T21:10:00Z	33.442168328047124	24.594	8.848168328047123
22	2025-06-11T21:20:00Z	32.93972677843226	24.094	8.845726778432258
22	2025-06-11T21:30:00Z	32.4372852288174	24.094	8.3432852288174
22	2025-06-11T21:40:00Z	32.4372852288174	23.594	8.8432852288174
22	2025-06-11T21:50:00Z	32.4372852288174	23.594	8.8432852288174
22	2025-06-11T22:00:00Z	32.4372852288174	23.594	8.8432852288174
22	2025-06-11T22:10:00Z	33.442168328047124	23.594	9.848168328047123
22	2025-06-11T22:20:00Z	32.93972677843226	23.093	9.84672677843226
22	2025-06-11T22:30:00Z	32.93972677843226	23.093	9.84672677843226
22	2025-06-11T22:40:00Z	33.442168328047124	23.093	10.349168328047124
22	2025-06-11T22:50:00Z	32.93972677843226	23.093	9.84672677843226
22	2025-06-11T23:00:00Z	32.93972677843226	23.093	9.84672677843226
22	2025-06-11T23:10:00Z	32.4372852288174	23.093	9.344285228817402
22	2025-06-11T23:20:00Z	32.4372852288174	23.093	9.344285228817402
22	2025-06-11T23:30:00Z	32.4372852288174	23.093	9.344285228817402
22	2025-06-11T23:40:00Z	32.4372852288174	23.093	9.344285228817402
22	2025-06-11T23:50:00Z	32.4372852288174	22.593	9.844285228817402
22	2025-06-12T00:00:00Z	32.4372852288174	22.593	9.844285228817402
22	2025-06-12T00:10:00Z	31.43240212958768	22.593	8.839402129587679
22	2025-06-12T00:20:00Z	31.93484367920254	22.593	9.34184367920254
22	2025-06-12T00:30:00Z	32.4372852288174	22.593	9.844285228817402
22	2025-06-12T00:40:00Z	32.93972677843226	22.593	10.34672677843226
22	2025-06-12T00:50:00Z	32.4372852288174	22.093	10.344285228817402
22	2025-06-12T01:00:00Z	31.93484367920254	21.592	10.342843679202542
22	2025-06-12T01:10:00Z	32.4372852288174	22.093	10.344285228817402
22	2025-06-12T01:20:00Z	30.929960579972814	22.093	8.836960579972814
22	2025-06-12T01:30:00Z	31.93484367920254	22.093	9.84184367920254
22	2025-06-12T01:40:00Z	31.93484367920254	22.093	9.84184367920254
22	2025-06-12T01:50:00Z	31.93484367920254	22.093	9.84184367920254
22	2025-06-12T02:00:00Z	31.93484367920254	22.593	9.34184367920254
22	2025-06-12T02:10:00Z	32.93972677843226	22.593	10.34672677843226
22	2025-06-12T02:20:00Z	31.93484367920254	23.093	8.84184367920254
22	2025-06-12T02:30:00Z	31.93484367920254	23.594	8.340843679202539
22	2025-06-12T02:40:00Z	32.4372852288174	23.093	9.344285228817402
22	2025-06-12T02:50:00Z	31.93484367920254	22.093	9.84184367920254
22	2025-06-12T03:00:00Z	31.43240212958768	22.593	8.839402129587679
22	2025-06-12T03:10:00Z	31.43240212958768	22.593	8.839402129587679
22	2025-06-12T03:20:00Z	32.4372852288174	21.592	10.845285228817403
22	2025-06-12T03:30:00Z	31.93484367920254	21.592	10.342843679202542
22	2025-06-12T03:40:00Z	31.93484367920254	21.592	10.342843679202542
22	2025-06-12T03:50:00Z	32.4372852288174	21.592	10.845285228817403
22	2025-06-12T04:00:00Z	32.4372852288174	21.592	10.845285228817403
22	2025-06-12T04:10:00Z	31.43240212958768	21.092	10.34040212958768
22	2025-06-12T04:20:00Z	31.93484367920254	21.092	10.842843679202542
22	2025-06-12T04:30:00Z	31.43240212958768	21.092	10.34040212958768
22	2025-06-12T04:40:00Z	31.93484367920254	21.092	10.842843679202542
22	2025-06-12T04:50:00Z	32.93972677843226	21.092	11.84772677843226
22	2025-06-12T05:00:00Z	31.43240212958768	21.092	10.34040212958768
22	2025-06-12T05:10:00Z	30.427519030357953	21.092	9.335519030357954
22	2025-06-12T05:20:00Z	32.4372852288174	20.091	12.3462852288174
22	2025-06-12T05:30:00Z	32.4372852288174	19.089	13.348285228817403
22	2025-06-12T05:40:00Z	31.93484367920254	19.089	12.845843679202542
22	2025-06-12T05:50:00Z	31.43240212958768	19.089	12.34340212958768
22	2025-06-12T06:00:00Z	31.93484367920254	19.59	12.34484367920254
22	2025-06-12T06:10:00Z	32.4372852288174	19.59	12.847285228817402
22	2025-06-12T06:20:00Z	31.93484367920254	19.59	12.34484367920254
22	2025-06-12T06:30:00Z	31.93484367920254	19.59	12.34484367920254
22	2025-06-12T06:40:00Z	31.93484367920254	20.091	11.84384367920254
22	2025-06-12T06:50:00Z	31.43240212958768	20.091	11.341402129587678
22	2025-06-12T07:00:00Z	30.929960579972814	20.091	10.838960579972813
22	2025-06-12T07:10:00Z	31.43240212958768	20.591	10.841402129587678
22	2025-06-12T07:20:00Z	31.93484367920254	20.591	11.34384367920254
22	2025-06-12T07:30:00Z	30.929960579972814	20.591	10.338960579972813
22	2025-06-12T07:40:00Z	31.43240212958768	21.092	10.34040212958768
22	2025-06-12T07:50:00Z	31.43240212958768	21.592	9.84040212958768
22	2025-06-12T08:00:00Z	31.93484367920254	21.592	10.342843679202542
22	2025-06-12T08:10:00Z	31.43240212958768	22.093	9.339402129587679
22	2025-06-12T08:20:00Z	31.93484367920254	22.593	9.34184367920254
22	2025-06-12T08:30:00Z	31.93484367920254	23.093	8.84184367920254
22	2025-06-12T08:40:00Z	32.4372852288174	24.094	8.3432852288174
22	2025-06-12T08:50:00Z	32.93972677843226	27.093	5.846726778432259
22	2025-06-12T09:00:00Z	32.93972677843226	27.093	5.846726778432259
22	2025-06-12T09:10:00Z	32.93972677843226	28.592	4.347726778432261
22	2025-06-12T09:20:00Z	32.93972677843226	29.591	3.3487267784322583
22	2025-06-12T09:30:00Z	32.4372852288174	28.092	4.345285228817403
22	2025-06-12T09:40:00Z	31.43240212958768	27.593	3.839402129587679
22	2025-06-12T09:50:00Z	32.93972677843226	26.094	6.845726778432258
22	2025-06-12T10:00:00Z	32.4372852288174	26.094	6.3432852288174
22	2025-06-12T10:10:00Z	33.442168328047124	26.094	7.348168328047123
22	2025-06-12T10:20:00Z	33.442168328047124	26.094	7.348168328047123
22	2025-06-12T10:30:00Z	33.442168328047124	26.094	7.348168328047123
22	2025-06-12T10:40:00Z	33.442168328047124	26.593	6.849168328047124
22	2025-06-12T10:50:00Z	33.442168328047124	27.093	6.349168328047124
22	2025-06-12T11:00:00Z	33.94460987766199	27.093	6.851609877661989
22	2025-06-12T11:10:00Z	33.94460987766199	27.093	6.851609877661989
22	2025-06-12T11:20:00Z	33.94460987766199	27.093	6.851609877661989
22	2025-06-12T11:30:00Z	33.94460987766199	27.093	6.851609877661989
22	2025-06-12T11:40:00Z	33.94460987766199	27.593	6.351609877661989
22	2025-06-12T11:50:00Z	33.442168328047124	27.593	5.849168328047124
22	2025-06-12T12:00:00Z	32.93972677843226	27.593	5.346726778432259
22	2025-06-12T12:10:00Z	32.93972677843226	28.092	4.847726778432261
22	2025-06-12T12:20:00Z	33.442168328047124	28.092	5.3501683280471255
22	2025-06-12T12:30:00Z	33.442168328047124	28.092	5.3501683280471255
22	2025-06-12T12:40:00Z	33.442168328047124	28.092	5.3501683280471255
22	2025-06-12T12:50:00Z	32.93972677843226	28.592	4.347726778432261
22	2025-06-12T13:00:00Z	32.4372852288174	28.592	3.845285228817403
22	2025-06-12T13:10:00Z	32.93972677843226	28.592	4.347726778432261
22	2025-06-12T13:20:00Z	33.442168328047124	28.592	4.8501683280471255
22	2025-06-12T13:30:00Z	33.442168328047124	28.592	4.8501683280471255
22	2025-06-12T13:40:00Z	33.442168328047124	28.592	4.8501683280471255
22	2025-06-12T13:50:00Z	32.93972677843226	28.592	4.347726778432261
22	2025-06-12T14:00:00Z	33.94460987766199	28.592	5.35260987766199
22	2025-06-12T14:10:00Z	34.44705142727685	28.592	5.855051427276848
22	2025-06-12T14:20:00Z	34.44705142727685	29.091	5.356051427276846
22	2025-06-12T14:30:00Z	33.94460987766199	29.091	4.853609877661988
22	2025-06-12T14:40:00Z	34.44705142727685	29.091	5.356051427276846
22	2025-06-12T14:50:00Z	34.44705142727685	29.091	5.356051427276846
22	2025-06-12T15:00:00Z	36.95925917535115	29.091	7.868259175351149
22	2025-06-12T15:10:00Z	36.45681762573629	29.091	7.365817625736291
22	2025-06-12T15:20:00Z	36.45681762573629	29.091	7.365817625736291
22	2025-06-12T15:30:00Z	35.954376076121434	28.592	7.362376076121436
22	2025-06-12T15:40:00Z	35.954376076121434	29.091	6.863376076121433
83	2025-06-03T17:00:00Z	37.67455022228069	29.091	8.583550222280692
83	2025-06-03T17:10:00Z	38.67507933494365	29.091	9.584079334943652
83	2025-06-03T17:20:00Z	38.67507933494365	29.091	9.584079334943652
83	2025-06-03T17:30:00Z	38.67507933494365	29.091	9.584079334943652
83	2025-06-03T17:40:00Z	38.17481477861217	29.091	9.083814778612172
83	2025-06-03T17:50:00Z	37.67455022228069	29.091	8.583550222280692
83	2025-06-03T18:00:00Z	38.17481477861217	29.091	9.083814778612172
83	2025-06-03T18:10:00Z	37.67455022228069	28.592	9.082550222280695
83	2025-06-03T18:20:00Z	36.674021109617755	28.592	8.082021109617756
83	2025-06-03T18:30:00Z	36.17375655328628	28.592	7.581756553286283
83	2025-06-03T18:40:00Z	36.17375655328628	28.092	8.081756553286283
83	2025-06-03T18:50:00Z	35.6734919969548	27.093	8.580491996954802
83	2025-06-03T19:00:00Z	35.6734919969548	26.593	9.080491996954802
83	2025-06-03T19:10:00Z	35.6734919969548	26.094	9.5794919969548
83	2025-06-03T19:20:00Z	35.17322744062333	26.094	9.079227440623328
83	2025-06-03T19:30:00Z	35.6734919969548	25.594	10.0794919969548
83	2025-06-03T19:40:00Z	36.674021109617755	25.594	11.080021109617753
83	2025-06-03T19:50:00Z	37.67455022228069	25.594	12.080550222280692
83	2025-06-03T20:00:00Z	38.17481477861217	25.094	13.080814778612172
83	2025-06-03T20:10:00Z	36.674021109617755	25.094	11.580021109617753
83	2025-06-03T20:20:00Z	38.67507933494365	24.594	14.081079334943652
83	2025-06-03T20:30:00Z	38.17481477861217	24.594	13.580814778612172
83	2025-06-03T20:40:00Z	37.17428566594922	24.094	13.08028566594922
83	2025-06-03T20:50:00Z	37.67455022228069	24.094	13.580550222280692
83	2025-06-03T21:00:00Z	37.67455022228069	24.094	13.580550222280692
83	2025-06-03T21:10:00Z	37.17428566594922	24.094	13.08028566594922
83	2025-06-03T21:20:00Z	36.674021109617755	24.094	12.580021109617753
83	2025-06-03T21:30:00Z	35.17322744062333	24.094	11.079227440623328
83	2025-06-03T21:40:00Z	33.17216921529742	23.594	9.578169215297422
83	2025-06-03T21:50:00Z	36.674021109617755	23.594	13.080021109617753
83	2025-06-03T22:00:00Z	33.17216921529742	23.594	9.578169215297422
83	2025-06-03T22:10:00Z	33.672433771628896	23.093	10.579433771628896
83	2025-06-03T22:20:00Z	32.17164010263448	23.093	9.078640102634477
83	2025-06-03T22:30:00Z	34.172698327960376	23.093	11.079698327960376
83	2025-06-03T22:40:00Z	35.6734919969548	23.093	12.580491996954802
83	2025-06-03T22:50:00Z	36.17375655328628	23.093	13.080756553286282
83	2025-06-03T23:00:00Z	36.17375655328628	23.093	13.080756553286282
83	2025-06-03T23:10:00Z	33.17216921529742	23.093	10.079169215297423
83	2025-06-03T23:20:00Z	36.17375655328628	23.093	13.080756553286282
83	2025-06-03T23:30:00Z	36.17375655328628	23.093	13.080756553286282
83	2025-06-03T23:40:00Z	36.674021109617755	23.093	13.581021109617755
83	2025-06-03T23:50:00Z	32.67190465896595	23.093	9.57890465896595
83	2025-06-04T00:00:00Z	33.17216921529742	23.093	10.079169215297423
83	2025-06-04T00:10:00Z	36.674021109617755	23.093	13.581021109617755
83	2025-06-04T00:20:00Z	35.6734919969548	23.093	12.580491996954802
83	2025-06-04T00:30:00Z	35.17322744062333	23.093	12.080227440623329
83	2025-06-04T00:40:00Z	37.17428566594922	23.093	14.08128566594922
83	2025-06-04T00:50:00Z	37.17428566594922	23.093	14.08128566594922
83	2025-06-04T01:00:00Z	37.17428566594922	23.093	14.08128566594922
83	2025-06-04T01:10:00Z	35.17322744062333	23.093	12.080227440623329
83	2025-06-04T01:20:00Z	35.17322744062333	22.593	12.580227440623329
83	2025-06-04T01:30:00Z	34.672962884291856	22.593	12.079962884291856
83	2025-06-04T01:40:00Z	34.672962884291856	22.593	12.079962884291856
83	2025-06-04T01:50:00Z	34.672962884291856	22.593	12.079962884291856
83	2025-06-04T02:00:00Z	34.172698327960376	22.593	11.579698327960376
83	2025-06-04T02:10:00Z	34.172698327960376	22.593	11.579698327960376
83	2025-06-04T02:20:00Z	35.17322744062333	22.593	12.580227440623329
83	2025-06-04T02:30:00Z	35.6734919969548	22.593	13.080491996954802
83	2025-06-04T02:40:00Z	35.6734919969548	22.093	13.580491996954802
83	2025-06-04T02:50:00Z	34.672962884291856	22.093	12.579962884291856
83	2025-06-04T03:00:00Z	35.17322744062333	22.093	13.080227440623329
83	2025-06-04T03:10:00Z	36.17375655328628	22.093	14.080756553286282
83	2025-06-04T03:20:00Z	36.17375655328628	22.093	14.080756553286282
83	2025-06-04T03:30:00Z	35.6734919969548	22.093	13.580491996954802
83	2025-06-04T03:40:00Z	35.17322744062333	22.093	13.080227440623329
83	2025-06-04T03:50:00Z	34.672962884291856	21.592	13.080962884291857
83	2025-06-04T04:00:00Z	36.17375655328628	21.592	14.581756553286283
83	2025-06-04T04:10:00Z	35.6734919969548	21.592	14.081491996954803
83	2025-06-04T04:20:00Z	34.672962884291856	21.592	13.080962884291857
83	2025-06-04T04:30:00Z	34.672962884291856	21.592	13.080962884291857
83	2025-06-04T04:40:00Z	34.172698327960376	21.592	12.580698327960377
83	2025-06-04T04:50:00Z	33.672433771628896	21.592	12.080433771628897
83	2025-06-04T05:00:00Z	35.6734919969548	21.092	14.581491996954803
83	2025-06-04T05:10:00Z	35.17322744062333	21.592	13.58122744062333
83	2025-06-04T05:20:00Z	34.672962884291856	21.592	13.080962884291857
83	2025-06-04T05:30:00Z	34.672962884291856	21.092	13.580962884291857
83	2025-06-04T05:40:00Z	34.172698327960376	21.092	13.080698327960377
83	2025-06-04T05:50:00Z	34.172698327960376	21.092	13.080698327960377
83	2025-06-04T06:00:00Z	34.172698327960376	21.592	12.580698327960377
83	2025-06-04T06:10:00Z	33.672433771628896	21.592	12.080433771628897
83	2025-06-04T06:20:00Z	33.672433771628896	21.092	12.580433771628897
83	2025-06-04T06:30:00Z	33.17216921529742	21.092	12.080169215297424
83	2025-06-04T06:40:00Z	33.17216921529742	20.591	12.581169215297422
83	2025-06-04T06:50:00Z	32.67190465896595	21.092	11.579904658965951
83	2025-06-04T07:00:00Z	32.67190465896595	20.591	12.080904658965949
83	2025-06-04T07:10:00Z	32.17164010263448	20.591	11.580640102634476
83	2025-06-04T07:20:00Z	32.17164010263448	20.591	11.580640102634476
83	2025-06-04T07:30:00Z	32.17164010263448	21.092	11.079640102634478
83	2025-06-04T07:40:00Z	32.17164010263448	21.592	10.579640102634478
83	2025-06-04T07:50:00Z	31.671375546302997	21.592	10.079375546302998
83	2025-06-04T08:00:00Z	31.671375546302997	22.593	9.078375546302997
83	2025-06-04T08:10:00Z	31.171110989971524	24.594	6.577110989971523
83	2025-06-04T08:20:00Z	31.171110989971524	23.594	7.577110989971523
83	2025-06-04T08:30:00Z	31.171110989971524	22.093	9.078110989971524
83	2025-06-04T08:40:00Z	31.171110989971524	21.592	9.579110989971525
83	2025-06-04T08:50:00Z	30.670846433640047	22.093	8.577846433640048
83	2025-06-04T09:00:00Z	30.670846433640047	22.093	8.577846433640048
83	2025-06-04T09:10:00Z	31.171110989971524	23.594	7.577110989971523
83	2025-06-04T09:20:00Z	30.670846433640047	26.593	4.0778464336400475
83	2025-06-04T09:30:00Z	30.17058187730857	28.592	1.5785818773085722
83	2025-06-04T09:40:00Z	30.17058187730857	28.092	2.0785818773085722
83	2025-06-04T09:50:00Z	30.17058187730857	27.093	3.077581877308571
83	2025-06-04T10:00:00Z	30.17058187730857	26.593	3.577581877308571
83	2025-06-04T10:10:00Z	29.670317320977098	27.093	2.577317320977098
83	2025-06-04T10:20:00Z	30.17058187730857	26.593	3.577581877308571
83	2025-06-04T10:30:00Z	30.670846433640047	27.593	3.0778464336400475
83	2025-06-04T10:40:00Z	32.17164010263448	27.593	4.578640102634477
83	2025-06-04T10:50:00Z	32.67190465896595	27.093	5.57890465896595
83	2025-06-04T11:00:00Z	32.67190465896595	27.093	5.57890465896595
83	2025-06-04T11:10:00Z	34.172698327960376	27.593	6.579698327960376
83	2025-06-04T11:20:00Z	37.17428566594922	27.593	9.58128566594922
83	2025-06-04T11:30:00Z	37.17428566594922	27.093	10.08128566594922
83	2025-06-04T11:40:00Z	37.17428566594922	27.593	9.58128566594922
83	2025-06-04T11:50:00Z	36.674021109617755	27.593	9.081021109617755
83	2025-06-04T12:00:00Z	36.674021109617755	27.093	9.581021109617755
83	2025-06-04T12:10:00Z	36.674021109617755	27.593	9.081021109617755
83	2025-06-04T12:20:00Z	36.17375655328628	27.093	9.080756553286282
83	2025-06-04T12:30:00Z	36.17375655328628	27.593	8.580756553286282
83	2025-06-04T12:40:00Z	36.674021109617755	27.093	9.581021109617755
83	2025-06-04T12:50:00Z	35.6734919969548	27.593	8.080491996954802
83	2025-06-04T13:00:00Z	35.17322744062333	28.092	7.08122744062333
83	2025-06-04T13:10:00Z	34.672962884291856	28.092	6.580962884291857
83	2025-06-04T13:20:00Z	34.672962884291856	28.092	6.580962884291857
83	2025-06-04T13:30:00Z	34.172698327960376	28.092	6.080698327960377
83	2025-06-04T13:40:00Z	33.672433771628896	28.092	5.580433771628897
83	2025-06-04T13:50:00Z	33.17216921529742	28.592	4.580169215297424
83	2025-06-04T14:00:00Z	33.17216921529742	28.592	4.580169215297424
83	2025-06-04T14:10:00Z	33.17216921529742	28.592	4.580169215297424
83	2025-06-04T14:20:00Z	33.17216921529742	28.592	4.580169215297424
83	2025-06-04T14:30:00Z	34.172698327960376	28.592	5.580698327960377
83	2025-06-04T14:40:00Z	34.172698327960376	28.592	5.580698327960377
83	2025-06-04T14:50:00Z	33.17216921529742	28.592	4.580169215297424
83	2025-06-04T15:00:00Z	33.672433771628896	29.091	4.581433771628895
83	2025-06-04T15:10:00Z	33.17216921529742	28.592	4.580169215297424
83	2025-06-04T15:20:00Z	33.17216921529742	29.091	4.081169215297422
83	2025-06-04T15:30:00Z	33.17216921529742	29.091	4.081169215297422
83	2025-06-04T15:40:00Z	33.672433771628896	29.091	4.581433771628895
83	2025-06-04T15:50:00Z	33.17216921529742	29.091	4.081169215297422
83	2025-06-04T16:00:00Z	34.172698327960376	29.091	5.081698327960375
83	2025-06-04T16:10:00Z	34.672962884291856	29.091	5.581962884291855
83	2025-06-04T16:20:00Z	35.6734919969548	28.592	7.081491996954803
83	2025-06-04T16:30:00Z	36.17375655328628	28.592	7.581756553286283
83	2025-06-04T16:40:00Z	36.17375655328628	29.091	7.082756553286281
83	2025-06-04T16:50:00Z	36.17375655328628	28.592	7.581756553286283
83	2025-06-04T17:00:00Z	36.17375655328628	28.592	7.581756553286283
83	2025-06-04T17:10:00Z	36.674021109617755	28.592	8.082021109617756
83	2025-06-04T17:20:00Z	36.674021109617755	28.592	8.082021109617756
83	2025-06-04T17:30:00Z	36.17375655328628	28.592	7.581756553286283
83	2025-06-04T17:40:00Z	35.6734919969548	28.592	7.081491996954803
83	2025-06-05T16:20:00Z	35.17322744062333	29.091	6.082227440623328
83	2025-06-05T16:30:00Z	34.672962884291856	29.091	5.581962884291855
83	2025-06-05T16:40:00Z	34.172698327960376	29.091	5.081698327960375
83	2025-06-05T16:50:00Z	33.17216921529742	29.091	4.081169215297422
83	2025-06-05T17:00:00Z	32.67190465896595	29.091	3.580904658965949
83	2025-06-05T17:10:00Z	35.6734919969548	28.592	7.081491996954803
83	2025-06-05T17:20:00Z	34.672962884291856	28.592	6.080962884291857
83	2025-06-05T17:30:00Z	34.172698327960376	28.592	5.580698327960377
83	2025-06-05T17:40:00Z	33.17216921529742	28.092	5.080169215297424
83	2025-06-05T17:50:00Z	33.17216921529742	28.092	5.080169215297424
83	2025-06-05T18:00:00Z	32.67190465896595	27.593	5.07890465896595
83	2025-06-05T18:10:00Z	35.17322744062333	27.093	8.080227440623329
83	2025-06-05T18:20:00Z	35.17322744062333	26.593	8.580227440623329
83	2025-06-05T18:30:00Z	34.672962884291856	26.593	8.079962884291856
83	2025-06-05T18:40:00Z	34.172698327960376	25.594	8.578698327960375
83	2025-06-05T18:50:00Z	33.17216921529742	25.594	7.578169215297422
83	2025-06-05T19:00:00Z	32.67190465896595	25.094	7.577904658965949
83	2025-06-05T19:10:00Z	33.17216921529742	24.594	8.578169215297422
83	2025-06-05T19:20:00Z	33.672433771628896	24.094	9.578433771628895
83	2025-06-05T19:30:00Z	34.172698327960376	24.094	10.078698327960375
83	2025-06-05T19:40:00Z	33.672433771628896	23.594	10.078433771628895
83	2025-06-05T19:50:00Z	33.17216921529742	23.594	9.578169215297422
83	2025-06-05T20:00:00Z	35.17322744062333	23.594	11.579227440623328
83	2025-06-05T20:10:00Z	36.674021109617755	23.594	13.080021109617753
83	2025-06-05T20:20:00Z	36.674021109617755	23.093	13.581021109617755
83	2025-06-05T20:30:00Z	37.17428566594922	23.093	14.08128566594922
83	2025-06-05T20:40:00Z	37.17428566594922	23.093	14.08128566594922
83	2025-06-05T20:50:00Z	36.674021109617755	22.593	14.081021109617755
83	2025-06-05T21:00:00Z	32.17164010263448	22.593	9.578640102634477
83	2025-06-05T21:10:00Z	34.672962884291856	22.593	12.079962884291856
83	2025-06-05T21:20:00Z	35.17322744062333	22.093	13.080227440623329
83	2025-06-05T21:30:00Z	35.17322744062333	22.093	13.080227440623329
83	2025-06-05T21:40:00Z	35.17322744062333	22.093	13.080227440623329
83	2025-06-05T21:50:00Z	34.672962884291856	22.093	12.579962884291856
83	2025-06-05T22:00:00Z	34.672962884291856	22.093	12.579962884291856
83	2025-06-05T22:10:00Z	34.672962884291856	22.593	12.079962884291856
83	2025-06-05T22:20:00Z	34.172698327960376	22.593	11.579698327960376
83	2025-06-05T22:30:00Z	34.172698327960376	22.093	12.079698327960376
83	2025-06-05T22:40:00Z	33.17216921529742	22.093	11.079169215297423
83	2025-06-05T22:50:00Z	33.672433771628896	22.093	11.579433771628896
83	2025-06-05T23:00:00Z	34.172698327960376	22.093	12.079698327960376
83	2025-06-05T23:10:00Z	34.172698327960376	22.093	12.079698327960376
83	2025-06-05T23:20:00Z	33.672433771628896	22.093	11.579433771628896
83	2025-06-05T23:30:00Z	33.17216921529742	22.093	11.079169215297423
83	2025-06-05T23:40:00Z	30.670846433640047	22.093	8.577846433640048
83	2025-06-05T23:50:00Z	34.172698327960376	22.093	12.079698327960376
83	2025-06-06T00:00:00Z	35.17322744062333	22.093	13.080227440623329
83	2025-06-06T00:10:00Z	34.172698327960376	21.592	12.580698327960377
83	2025-06-06T00:20:00Z	34.172698327960376	21.592	12.580698327960377
83	2025-06-06T00:30:00Z	33.672433771628896	21.592	12.080433771628897
83	2025-06-06T00:40:00Z	34.672962884291856	21.592	13.080962884291857
83	2025-06-06T00:50:00Z	34.672962884291856	21.592	13.080962884291857
83	2025-06-06T01:00:00Z	33.672433771628896	21.592	12.080433771628897
83	2025-06-06T01:10:00Z	33.17216921529742	21.592	11.580169215297424
83	2025-06-06T01:20:00Z	33.672433771628896	21.592	12.080433771628897
83	2025-06-06T01:30:00Z	33.672433771628896	21.592	12.080433771628897
83	2025-06-06T01:40:00Z	33.17216921529742	21.592	11.580169215297424
83	2025-06-06T01:50:00Z	33.17216921529742	21.592	11.580169215297424
83	2025-06-06T02:00:00Z	33.17216921529742	21.592	11.580169215297424
83	2025-06-06T02:10:00Z	33.672433771628896	21.592	12.080433771628897
83	2025-06-06T02:20:00Z	32.67190465896595	21.592	11.079904658965951
83	2025-06-06T02:30:00Z	32.67190465896595	21.592	11.079904658965951
83	2025-06-06T02:40:00Z	32.17164010263448	21.092	11.079640102634478
83	2025-06-06T02:50:00Z	32.67190465896595	21.092	11.579904658965951
83	2025-06-06T03:00:00Z	32.17164010263448	21.092	11.079640102634478
83	2025-06-06T03:10:00Z	33.672433771628896	21.092	12.580433771628897
83	2025-06-06T03:20:00Z	33.17216921529742	21.092	12.080169215297424
83	2025-06-06T03:30:00Z	33.17216921529742	21.092	12.080169215297424
83	2025-06-06T03:40:00Z	32.67190465896595	21.092	11.579904658965951
83	2025-06-06T03:50:00Z	32.67190465896595	21.092	11.579904658965951
83	2025-06-06T04:00:00Z	32.67190465896595	21.092	11.579904658965951
83	2025-06-06T04:10:00Z	32.17164010263448	21.092	11.079640102634478
83	2025-06-06T04:20:00Z	31.671375546302997	21.092	10.579375546302998
83	2025-06-06T04:30:00Z	31.671375546302997	21.092	10.579375546302998
83	2025-06-06T04:40:00Z	33.672433771628896	21.092	12.580433771628897
83	2025-06-06T04:50:00Z	34.172698327960376	21.092	13.080698327960377
83	2025-06-06T05:00:00Z	35.17322744062333	21.092	14.08122744062333
83	2025-06-06T05:10:00Z	34.172698327960376	21.092	13.080698327960377
83	2025-06-06T05:20:00Z	34.172698327960376	21.092	13.080698327960377
83	2025-06-06T05:30:00Z	33.672433771628896	21.092	12.580433771628897
83	2025-06-06T05:40:00Z	33.17216921529742	21.092	12.080169215297424
83	2025-06-06T05:50:00Z	32.67190465896595	20.591	12.080904658965949
83	2025-06-06T06:00:00Z	32.17164010263448	21.092	11.079640102634478
83	2025-06-06T06:10:00Z	32.17164010263448	20.591	11.580640102634476
83	2025-06-06T06:20:00Z	32.17164010263448	20.591	11.580640102634476
83	2025-06-06T06:30:00Z	30.670846433640047	20.591	10.079846433640046
83	2025-06-06T06:40:00Z	30.670846433640047	20.591	10.079846433640046
83	2025-06-06T06:50:00Z	30.17058187730857	20.591	9.57958187730857
83	2025-06-06T07:00:00Z	29.670317320977098	20.591	9.079317320977097
83	2025-06-06T07:10:00Z	29.670317320977098	21.092	8.5783173209771
83	2025-06-06T07:20:00Z	29.670317320977098	21.592	8.0783173209771
83	2025-06-06T07:30:00Z	29.670317320977098	22.093	7.577317320977098
83	2025-06-06T07:40:00Z	29.670317320977098	23.093	6.577317320977098
83	2025-06-06T07:50:00Z	29.17005276464562	23.594	5.57605276464562
83	2025-06-06T08:00:00Z	29.17005276464562	24.594	4.57605276464562
83	2025-06-06T08:10:00Z	28.66978820831415	25.094	3.5757882083141475
83	2025-06-06T08:20:00Z	28.66978820831415	25.094	3.5757882083141475
83	2025-06-06T08:30:00Z	28.66978820831415	25.594	3.0757882083141475
83	2025-06-06T08:40:00Z	29.17005276464562	26.094	3.0760527646456204
83	2025-06-06T08:50:00Z	29.17005276464562	25.594	3.5760527646456204
83	2025-06-06T09:00:00Z	29.17005276464562	25.094	4.07605276464562
83	2025-06-06T09:10:00Z	29.17005276464562	26.094	3.0760527646456204
83	2025-06-06T09:20:00Z	29.17005276464562	25.094	4.07605276464562
83	2025-06-06T09:30:00Z	28.66978820831415	25.594	3.0757882083141475
83	2025-06-06T09:40:00Z	28.66978820831415	25.094	3.5757882083141475
83	2025-06-06T09:50:00Z	28.66978820831415	24.594	4.0757882083141475
83	2025-06-06T10:00:00Z	29.17005276464562	25.094	4.07605276464562
83	2025-06-06T10:10:00Z	29.17005276464562	25.594	3.5760527646456204
83	2025-06-06T10:20:00Z	29.670317320977098	25.094	4.576317320977097
83	2025-06-06T10:30:00Z	29.670317320977098	25.094	4.576317320977097
83	2025-06-06T10:40:00Z	29.670317320977098	25.094	4.576317320977097
83	2025-06-06T10:50:00Z	29.17005276464562	25.094	4.07605276464562
83	2025-06-06T11:00:00Z	29.17005276464562	25.094	4.07605276464562
83	2025-06-06T11:10:00Z	29.670317320977098	26.094	3.576317320977097
83	2025-06-06T11:20:00Z	30.17058187730857	27.093	3.077581877308571
83	2025-06-06T11:30:00Z	30.17058187730857	27.593	2.577581877308571
83	2025-06-06T11:40:00Z	30.17058187730857	28.092	2.0785818773085722
83	2025-06-06T11:50:00Z	30.670846433640047	28.092	2.5788464336400487
83	2025-06-06T12:00:00Z	30.670846433640047	28.092	2.5788464336400487
83	2025-06-06T12:10:00Z	30.670846433640047	27.593	3.0778464336400475
83	2025-06-06T12:20:00Z	31.171110989971524	28.092	3.079110989971525
83	2025-06-06T12:30:00Z	31.171110989971524	27.593	3.578110989971524
83	2025-06-06T12:40:00Z	31.171110989971524	28.092	3.079110989971525
83	2025-06-06T12:50:00Z	31.671375546302997	28.092	3.579375546302998
83	2025-06-06T13:00:00Z	31.671375546302997	27.593	4.078375546302997
83	2025-06-06T13:10:00Z	31.171110989971524	27.093	4.078110989971524
83	2025-06-06T13:20:00Z	31.171110989971524	23.594	7.577110989971523
83	2025-06-06T13:30:00Z	30.670846433640047	23.594	7.076846433640046
83	2025-06-06T13:40:00Z	30.670846433640047	23.093	7.5778464336400475
83	2025-06-06T13:50:00Z	30.17058187730857	22.593	7.577581877308571
83	2025-06-06T14:00:00Z	29.670317320977098	21.092	8.5783173209771
83	2025-06-06T14:10:00Z	29.17005276464562	20.591	8.57905276464562
83	2025-06-06T14:20:00Z	28.66978820831415	20.591	8.078788208314148
83	2025-06-06T14:30:00Z	28.66978820831415	20.591	8.078788208314148
83	2025-06-06T14:40:00Z	28.66978820831415	20.591	8.078788208314148
83	2025-06-06T14:50:00Z	29.670317320977098	20.591	9.079317320977097
83	2025-06-06T15:00:00Z	31.171110989971524	20.091	11.080110989971523
83	2025-06-06T15:10:00Z	31.171110989971524	20.591	10.580110989971523
83	2025-06-06T15:20:00Z	30.17058187730857	21.092	9.078581877308572
83	2025-06-06T15:30:00Z	29.670317320977098	21.092	8.5783173209771
83	2025-06-06T15:40:00Z	28.66978820831415	21.092	7.57778820831415
83	2025-06-06T15:50:00Z	28.66978820831415	21.592	7.07778820831415
83	2025-06-06T16:00:00Z	28.66978820831415	22.093	6.576788208314149
83	2025-06-06T16:10:00Z	28.169523651982672	22.093	6.076523651982672
83	2025-06-06T16:20:00Z	29.17005276464562	22.093	7.077052764645622
83	2025-06-06T16:30:00Z	34.172698327960376	22.093	12.079698327960376
83	2025-06-06T16:40:00Z	32.17164010263448	22.093	10.078640102634477
83	2025-06-06T16:50:00Z	31.671375546302997	21.592	10.079375546302998
83	2025-06-06T17:00:00Z	31.171110989971524	22.093	9.078110989971524
83	2025-06-06T17:10:00Z	30.670846433640047	22.093	8.577846433640048
83	2025-06-06T17:20:00Z	30.670846433640047	22.093	8.577846433640048
83	2025-06-06T17:30:00Z	30.17058187730857	22.093	8.077581877308571
83	2025-06-06T17:40:00Z	30.670846433640047	22.093	8.577846433640048
83	2025-06-06T17:50:00Z	30.17058187730857	22.093	8.077581877308571
83	2025-06-06T18:00:00Z	29.670317320977098	21.592	8.0783173209771
83	2025-06-06T18:10:00Z	32.67190465896595	21.592	11.079904658965951
83	2025-06-06T18:20:00Z	33.17216921529742	21.592	11.580169215297424
83	2025-06-06T18:30:00Z	32.17164010263448	21.592	10.579640102634478
83	2025-06-06T18:40:00Z	31.671375546302997	21.592	10.079375546302998
83	2025-06-06T18:50:00Z	32.17164010263448	21.592	10.579640102634478
83	2025-06-06T19:00:00Z	32.67190465896595	21.592	11.079904658965951
83	2025-06-06T19:10:00Z	33.17216921529742	21.592	11.580169215297424
83	2025-06-06T19:20:00Z	33.17216921529742	21.592	11.580169215297424
83	2025-06-06T19:30:00Z	33.672433771628896	21.592	12.080433771628897
83	2025-06-06T19:40:00Z	37.67455022228069	21.592	16.082550222280695
83	2025-06-06T19:50:00Z	35.6734919969548	21.592	14.081491996954803
83	2025-06-06T20:00:00Z	31.171110989971524	21.592	9.579110989971525
83	2025-06-06T20:10:00Z	33.672433771628896	21.592	12.080433771628897
83	2025-06-06T20:20:00Z	34.172698327960376	21.592	12.580698327960377
83	2025-06-06T20:30:00Z	34.672962884291856	21.592	13.080962884291857
83	2025-06-06T20:40:00Z	34.172698327960376	21.592	12.580698327960377
83	2025-06-06T20:50:00Z	33.17216921529742	21.592	11.580169215297424
83	2025-06-06T21:00:00Z	33.672433771628896	21.592	12.080433771628897
83	2025-06-06T21:10:00Z	33.672433771628896	21.592	12.080433771628897
83	2025-06-06T21:20:00Z	35.17322744062333	21.592	13.58122744062333
83	2025-06-06T21:30:00Z	35.17322744062333	21.592	13.58122744062333
83	2025-06-06T21:40:00Z	34.172698327960376	21.092	13.080698327960377
83	2025-06-06T21:50:00Z	33.672433771628896	21.092	12.580433771628897
83	2025-06-06T22:00:00Z	31.671375546302997	21.092	10.579375546302998
83	2025-06-06T22:10:00Z	36.674021109617755	21.092	15.582021109617756
83	2025-06-06T22:20:00Z	36.17375655328628	21.092	15.081756553286283
83	2025-06-06T22:30:00Z	36.17375655328628	20.591	15.58275655328628
83	2025-06-06T22:40:00Z	35.17322744062333	20.591	14.582227440623328
83	2025-06-06T22:50:00Z	34.672962884291856	20.591	14.081962884291855
83	2025-06-06T23:00:00Z	34.172698327960376	20.591	13.581698327960375
83	2025-06-06T23:10:00Z	32.67190465896595	20.591	12.080904658965949
83	2025-06-06T23:20:00Z	33.17216921529742	20.591	12.581169215297422
83	2025-06-06T23:30:00Z	32.67190465896595	20.591	12.080904658965949
83	2025-06-06T23:40:00Z	32.67190465896595	20.591	12.080904658965949
83	2025-06-06T23:50:00Z	32.67190465896595	20.591	12.080904658965949
83	2025-06-07T00:00:00Z	32.17164010263448	20.591	11.580640102634476
68	2025-06-03T16:40:00Z	36.64328907810463	29.591	7.052289078104629
68	2025-06-03T16:50:00Z	38.14067693808081	29.091	9.049676938080808
68	2025-06-03T17:00:00Z	38.63980622473954	29.091	9.548806224739536
68	2025-06-03T17:10:00Z	38.63980622473954	29.091	9.548806224739536
68	2025-06-03T17:20:00Z	37.64154765142209	29.091	8.550547651422086
68	2025-06-03T17:30:00Z	37.14241836476336	29.091	8.051418364763357
68	2025-06-03T17:40:00Z	36.64328907810463	29.091	7.552289078104629
68	2025-06-03T17:50:00Z	36.1441597914459	29.091	7.0531597914459
68	2025-06-03T18:00:00Z	36.1441597914459	29.091	7.0531597914459
68	2025-06-03T18:10:00Z	35.64503050478717	28.592	7.0530305047871735
68	2025-06-03T18:20:00Z	35.64503050478717	28.592	7.0530305047871735
68	2025-06-03T18:30:00Z	35.14590121812845	28.592	6.553901218128452
68	2025-06-03T18:40:00Z	35.14590121812845	28.092	7.053901218128452
68	2025-06-03T18:50:00Z	34.64677193146972	27.093	7.553771931469722
68	2025-06-03T19:00:00Z	33.14938407149354	26.593	6.556384071493543
68	2025-06-03T19:10:00Z	34.14764264481099	26.094	8.053642644810992
68	2025-06-03T19:20:00Z	34.14764264481099	26.094	8.053642644810992
68	2025-06-03T19:30:00Z	34.14764264481099	25.594	8.553642644810992
68	2025-06-03T19:40:00Z	35.64503050478717	25.594	10.051030504787171
68	2025-06-03T19:50:00Z	35.14590121812845	25.594	9.55190121812845
68	2025-06-03T20:00:00Z	36.1441597914459	25.094	11.0501597914459
68	2025-06-03T20:10:00Z	35.64503050478717	25.094	10.551030504787171
68	2025-06-03T20:20:00Z	34.64677193146972	24.594	10.05277193146972
68	2025-06-03T20:30:00Z	34.14764264481099	24.594	9.553642644810992
68	2025-06-03T20:40:00Z	37.64154765142209	24.094	13.547547651422086
68	2025-06-03T20:50:00Z	37.64154765142209	24.094	13.547547651422086
68	2025-06-03T21:00:00Z	37.14241836476336	24.094	13.048418364763357
68	2025-06-03T21:10:00Z	34.64677193146972	24.094	10.55277193146972
68	2025-06-03T21:20:00Z	36.1441597914459	24.094	12.0501597914459
68	2025-06-03T21:30:00Z	35.14590121812845	24.094	11.05190121812845
68	2025-06-03T21:40:00Z	34.64677193146972	23.594	11.05277193146972
68	2025-06-03T21:50:00Z	34.14764264481099	23.594	10.553642644810992
68	2025-06-03T22:00:00Z	34.64677193146972	23.594	11.05277193146972
68	2025-06-03T22:10:00Z	34.14764264481099	23.093	11.054642644810993
68	2025-06-03T22:20:00Z	36.1441597914459	23.093	13.051159791445901
68	2025-06-03T22:30:00Z	35.64503050478717	23.093	12.552030504787172
68	2025-06-03T22:40:00Z	34.64677193146972	23.093	11.553771931469722
68	2025-06-03T22:50:00Z	36.1441597914459	23.093	13.051159791445901
68	2025-06-03T23:00:00Z	36.1441597914459	23.093	13.051159791445901
68	2025-06-03T23:10:00Z	35.64503050478717	23.093	12.552030504787172
68	2025-06-03T23:20:00Z	34.64677193146972	23.093	11.553771931469722
68	2025-06-03T23:30:00Z	35.64503050478717	23.093	12.552030504787172
68	2025-06-03T23:40:00Z	36.64328907810463	23.093	13.55028907810463
68	2025-06-03T23:50:00Z	34.64677193146972	23.093	11.553771931469722
68	2025-06-04T00:00:00Z	35.14590121812845	23.093	12.05290121812845
68	2025-06-04T00:10:00Z	34.64677193146972	23.093	11.553771931469722
68	2025-06-04T00:20:00Z	35.14590121812845	23.093	12.05290121812845
68	2025-06-04T00:30:00Z	35.14590121812845	23.093	12.05290121812845
68	2025-06-04T00:40:00Z	35.64503050478717	23.093	12.552030504787172
68	2025-06-04T00:50:00Z	35.14590121812845	23.093	12.05290121812845
68	2025-06-04T01:00:00Z	35.14590121812845	23.093	12.05290121812845
68	2025-06-04T01:10:00Z	34.64677193146972	23.093	11.553771931469722
68	2025-06-04T01:20:00Z	34.64677193146972	22.593	12.053771931469722
68	2025-06-04T01:30:00Z	35.64503050478717	22.593	13.052030504787172
68	2025-06-04T01:40:00Z	35.14590121812845	22.593	12.55290121812845
68	2025-06-04T01:50:00Z	35.64503050478717	22.593	13.052030504787172
68	2025-06-04T02:00:00Z	36.1441597914459	22.593	13.551159791445901
68	2025-06-04T02:10:00Z	35.64503050478717	22.593	13.052030504787172
68	2025-06-04T02:20:00Z	35.14590121812845	22.593	12.55290121812845
68	2025-06-04T02:30:00Z	35.14590121812845	22.593	12.55290121812845
68	2025-06-04T02:40:00Z	36.1441597914459	22.093	14.051159791445901
68	2025-06-04T02:50:00Z	35.14590121812845	22.093	13.05290121812845
68	2025-06-04T03:00:00Z	36.1441597914459	22.093	14.051159791445901
68	2025-06-04T03:10:00Z	35.14590121812845	22.093	13.05290121812845
68	2025-06-04T03:20:00Z	36.1441597914459	22.093	14.051159791445901
68	2025-06-04T03:30:00Z	35.64503050478717	22.093	13.552030504787172
68	2025-06-04T03:40:00Z	36.1441597914459	22.093	14.051159791445901
68	2025-06-04T03:50:00Z	34.64677193146972	21.592	13.054771931469723
68	2025-06-04T04:00:00Z	35.14590121812845	21.592	13.553901218128452
68	2025-06-04T04:10:00Z	36.1441597914459	21.592	14.552159791445902
68	2025-06-04T04:20:00Z	35.64503050478717	21.592	14.053030504787174
68	2025-06-04T04:30:00Z	35.64503050478717	21.592	14.053030504787174
68	2025-06-04T04:40:00Z	35.64503050478717	21.592	14.053030504787174
68	2025-06-04T04:50:00Z	36.1441597914459	21.592	14.552159791445902
68	2025-06-04T05:00:00Z	36.64328907810463	21.092	15.551289078104631
68	2025-06-04T05:10:00Z	36.1441597914459	21.592	14.552159791445902
68	2025-06-04T05:20:00Z	35.64503050478717	21.592	14.053030504787174
68	2025-06-04T05:30:00Z	35.64503050478717	21.092	14.553030504787174
68	2025-06-04T05:40:00Z	35.64503050478717	21.092	14.553030504787174
68	2025-06-04T05:50:00Z	35.64503050478717	21.092	14.553030504787174
68	2025-06-04T06:00:00Z	35.14590121812845	21.592	13.553901218128452
68	2025-06-04T06:10:00Z	35.14590121812845	21.592	13.553901218128452
68	2025-06-04T06:20:00Z	35.14590121812845	21.092	14.053901218128452
68	2025-06-04T06:30:00Z	35.14590121812845	21.092	14.053901218128452
68	2025-06-04T06:40:00Z	34.64677193146972	20.591	14.055771931469721
68	2025-06-04T06:50:00Z	34.64677193146972	21.092	13.554771931469723
68	2025-06-04T07:00:00Z	34.14764264481099	20.591	13.556642644810992
68	2025-06-04T07:10:00Z	34.14764264481099	20.591	13.556642644810992
68	2025-06-04T07:20:00Z	33.648513358152265	20.591	13.057513358152264
68	2025-06-04T07:30:00Z	33.14938407149354	21.092	12.057384071493544
68	2025-06-04T07:40:00Z	33.14938407149354	21.592	11.557384071493544
68	2025-06-04T07:50:00Z	32.65025478483481	21.592	11.058254784834809
68	2025-06-04T08:00:00Z	32.151125498176086	22.593	9.558125498176086
68	2025-06-04T08:10:00Z	32.151125498176086	24.594	7.5571254981760845
68	2025-06-04T08:20:00Z	31.65199621151736	23.594	8.05799621151736
68	2025-06-04T08:30:00Z	31.152866924858632	22.093	9.059866924858632
68	2025-06-04T08:40:00Z	31.152866924858632	21.592	9.560866924858633
68	2025-06-04T08:50:00Z	30.653737638199907	22.093	8.560737638199907
68	2025-06-04T09:00:00Z	30.154608351541178	22.093	8.061608351541178
68	2025-06-04T09:10:00Z	30.653737638199907	23.594	7.0597376381999055
68	2025-06-04T09:20:00Z	30.653737638199907	26.593	4.060737638199907
68	2025-06-04T09:30:00Z	30.154608351541178	28.592	1.5626083515411793
68	2025-06-04T09:40:00Z	30.154608351541178	28.092	2.0626083515411793
68	2025-06-04T09:50:00Z	29.655479064882453	27.093	2.562479064882453
68	2025-06-04T10:00:00Z	29.655479064882453	26.593	3.062479064882453
68	2025-06-04T10:10:00Z	29.655479064882453	27.093	2.562479064882453
68	2025-06-04T10:20:00Z	29.655479064882453	26.593	3.062479064882453
68	2025-06-04T10:30:00Z	29.156349778223724	27.593	1.5633497782237242
68	2025-06-04T10:40:00Z	29.655479064882453	27.593	2.062479064882453
68	2025-06-04T10:50:00Z	31.65199621151736	27.093	4.558996211517361
68	2025-06-04T11:00:00Z	31.65199621151736	27.093	4.558996211517361
68	2025-06-04T11:10:00Z	33.648513358152265	27.593	6.055513358152265
68	2025-06-04T11:20:00Z	37.14241836476336	27.593	9.549418364763358
68	2025-06-04T11:30:00Z	36.64328907810463	27.093	9.55028907810463
68	2025-06-04T11:40:00Z	36.64328907810463	27.593	9.05028907810463
68	2025-06-04T11:50:00Z	37.64154765142209	27.593	10.048547651422087
68	2025-06-04T12:00:00Z	37.14241836476336	27.093	10.049418364763358
68	2025-06-04T12:10:00Z	36.64328907810463	27.593	9.05028907810463
68	2025-06-04T12:20:00Z	36.1441597914459	27.093	9.051159791445901
68	2025-06-04T12:30:00Z	36.1441597914459	27.593	8.551159791445901
68	2025-06-04T12:40:00Z	35.64503050478717	27.093	8.552030504787172
68	2025-06-04T12:50:00Z	35.64503050478717	27.593	8.052030504787172
68	2025-06-04T13:00:00Z	34.64677193146972	28.092	6.554771931469723
68	2025-06-04T13:10:00Z	34.14764264481099	28.092	6.055642644810995
68	2025-06-04T13:20:00Z	34.14764264481099	28.092	6.055642644810995
68	2025-06-04T13:30:00Z	33.648513358152265	28.092	5.556513358152266
68	2025-06-04T13:40:00Z	33.648513358152265	28.092	5.556513358152266
68	2025-06-04T13:50:00Z	33.648513358152265	28.592	5.056513358152266
68	2025-06-04T14:00:00Z	33.14938407149354	28.592	4.557384071493544
68	2025-06-04T14:10:00Z	33.14938407149354	28.592	4.557384071493544
68	2025-06-04T14:20:00Z	32.65025478483481	28.592	4.0582547848348085
68	2025-06-04T14:30:00Z	32.65025478483481	28.592	4.0582547848348085
68	2025-06-04T14:40:00Z	32.65025478483481	28.592	4.0582547848348085
68	2025-06-04T14:50:00Z	32.65025478483481	28.592	4.0582547848348085
68	2025-06-04T15:00:00Z	32.65025478483481	29.091	3.559254784834806
68	2025-06-04T15:10:00Z	32.65025478483481	28.592	4.0582547848348085
68	2025-06-04T15:20:00Z	32.65025478483481	29.091	3.559254784834806
68	2025-06-04T15:30:00Z	32.65025478483481	29.091	3.559254784834806
68	2025-06-04T15:40:00Z	33.14938407149354	29.091	4.058384071493542
68	2025-06-04T15:50:00Z	32.65025478483481	29.091	3.559254784834806
68	2025-06-04T16:00:00Z	34.64677193146972	29.091	5.555771931469721
68	2025-06-04T16:10:00Z	35.64503050478717	29.091	6.554030504787171
68	2025-06-04T16:20:00Z	37.14241836476336	28.592	8.55041836476336
68	2025-06-04T16:30:00Z	37.64154765142209	28.592	9.049547651422088
68	2025-06-04T16:40:00Z	37.64154765142209	29.091	8.550547651422086
68	2025-06-04T16:50:00Z	36.64328907810463	28.592	8.051289078104631
68	2025-06-04T17:00:00Z	36.64328907810463	28.592	8.051289078104631
68	2025-06-04T17:10:00Z	36.64328907810463	28.592	8.051289078104631
68	2025-06-04T17:20:00Z	36.1441597914459	28.592	7.552159791445902
68	2025-06-04T17:30:00Z	36.64328907810463	28.592	8.051289078104631
68	2025-06-04T17:40:00Z	36.64328907810463	28.592	8.051289078104631
68	2025-06-04T17:50:00Z	36.64328907810463	28.092	8.551289078104631
68	2025-06-04T18:00:00Z	36.64328907810463	28.092	8.551289078104631
68	2025-06-04T18:10:00Z	36.64328907810463	27.593	9.05028907810463
68	2025-06-04T18:20:00Z	36.64328907810463	27.593	9.05028907810463
68	2025-06-04T18:30:00Z	36.64328907810463	27.093	9.55028907810463
68	2025-06-04T18:40:00Z	36.64328907810463	26.593	10.05028907810463
68	2025-06-04T18:50:00Z	36.64328907810463	26.094	10.549289078104628
68	2025-06-04T19:00:00Z	34.64677193146972	25.594	9.05277193146972
68	2025-06-04T19:10:00Z	34.64677193146972	25.594	9.05277193146972
68	2025-06-04T19:20:00Z	35.14590121812845	25.094	10.05190121812845
68	2025-06-04T19:30:00Z	35.64503050478717	25.094	10.551030504787171
68	2025-06-04T19:40:00Z	35.64503050478717	25.094	10.551030504787171
68	2025-06-04T19:50:00Z	36.64328907810463	25.094	11.549289078104628
68	2025-06-04T20:00:00Z	38.14067693808081	24.594	13.546676938080807
68	2025-06-04T20:10:00Z	36.1441597914459	24.094	12.0501597914459
68	2025-06-04T20:20:00Z	35.64503050478717	24.094	11.551030504787171
68	2025-06-04T20:30:00Z	35.14590121812845	23.594	11.55190121812845
68	2025-06-04T20:40:00Z	35.64503050478717	23.594	12.051030504787171
68	2025-06-04T20:50:00Z	34.64677193146972	24.094	10.55277193146972
68	2025-06-04T21:00:00Z	35.64503050478717	23.594	12.051030504787171
68	2025-06-04T21:10:00Z	31.65199621151736	23.594	8.05799621151736
68	2025-06-04T21:20:00Z	34.64677193146972	23.594	11.05277193146972
68	2025-06-04T21:30:00Z	34.14764264481099	23.093	11.054642644810993
68	2025-06-04T21:40:00Z	34.64677193146972	23.093	11.553771931469722
68	2025-06-04T21:50:00Z	28.657220491564996	22.593	6.0642204915649955
68	2025-06-04T22:00:00Z	32.65025478483481	22.593	10.057254784834807
68	2025-06-05T16:30:00Z	36.1441597914459	29.091	7.0531597914459
68	2025-06-05T16:40:00Z	35.64503050478717	29.091	6.554030504787171
68	2025-06-05T16:50:00Z	35.14590121812845	29.091	6.05490121812845
68	2025-06-05T17:00:00Z	34.64677193146972	29.091	5.555771931469721
68	2025-06-05T17:10:00Z	33.648513358152265	28.592	5.056513358152266
68	2025-06-05T17:20:00Z	33.648513358152265	28.592	5.056513358152266
68	2025-06-05T17:30:00Z	33.648513358152265	28.592	5.056513358152266
68	2025-06-05T17:40:00Z	35.14590121812845	28.092	7.053901218128452
68	2025-06-05T17:50:00Z	35.14590121812845	28.092	7.053901218128452
68	2025-06-05T18:00:00Z	33.648513358152265	27.593	6.055513358152265
68	2025-06-05T18:10:00Z	35.14590121812845	27.093	8.05290121812845
68	2025-06-05T18:20:00Z	36.1441597914459	26.593	9.551159791445901
68	2025-06-05T18:30:00Z	35.14590121812845	26.593	8.55290121812845
68	2025-06-05T18:40:00Z	35.14590121812845	25.594	9.55190121812845
68	2025-06-05T18:50:00Z	34.64677193146972	25.594	9.05277193146972
68	2025-06-05T19:00:00Z	34.64677193146972	25.094	9.55277193146972
68	2025-06-05T19:10:00Z	33.648513358152265	24.594	9.054513358152263
68	2025-06-05T19:20:00Z	34.14764264481099	24.094	10.053642644810992
68	2025-06-05T19:30:00Z	37.14241836476336	24.094	13.048418364763357
68	2025-06-05T19:40:00Z	33.648513358152265	23.594	10.054513358152263
68	2025-06-05T19:50:00Z	33.648513358152265	23.594	10.054513358152263
68	2025-06-05T20:00:00Z	34.14764264481099	23.594	10.553642644810992
68	2025-06-05T20:10:00Z	36.1441597914459	23.594	12.5501597914459
68	2025-06-05T20:20:00Z	37.64154765142209	23.093	14.548547651422087
68	2025-06-05T20:30:00Z	37.14241836476336	23.093	14.049418364763358
68	2025-06-05T20:40:00Z	35.64503050478717	23.093	12.552030504787172
68	2025-06-05T20:50:00Z	37.14241836476336	22.593	14.549418364763358
68	2025-06-05T21:00:00Z	35.14590121812845	22.593	12.55290121812845
68	2025-06-05T21:10:00Z	34.64677193146972	22.593	12.053771931469722
68	2025-06-05T21:20:00Z	33.14938407149354	22.093	11.056384071493543
68	2025-06-05T21:30:00Z	36.1441597914459	22.093	14.051159791445901
68	2025-06-05T21:40:00Z	36.64328907810463	22.093	14.55028907810463
68	2025-06-05T21:50:00Z	36.1441597914459	22.093	14.051159791445901
68	2025-06-05T22:00:00Z	36.1441597914459	22.093	14.051159791445901
68	2025-06-05T22:10:00Z	34.64677193146972	22.593	12.053771931469722
68	2025-06-05T22:20:00Z	36.1441597914459	22.593	13.551159791445901
68	2025-06-05T22:30:00Z	36.1441597914459	22.093	14.051159791445901
68	2025-06-05T22:40:00Z	35.14590121812845	22.093	13.05290121812845
68	2025-06-05T22:50:00Z	36.64328907810463	22.093	14.55028907810463
68	2025-06-05T23:00:00Z	36.64328907810463	22.093	14.55028907810463
68	2025-06-05T23:10:00Z	36.1441597914459	22.093	14.051159791445901
68	2025-06-05T23:20:00Z	36.64328907810463	22.093	14.55028907810463
68	2025-06-05T23:30:00Z	35.14590121812845	22.093	13.05290121812845
68	2025-06-05T23:40:00Z	35.64503050478717	22.093	13.552030504787172
68	2025-06-05T23:50:00Z	36.1441597914459	22.093	14.051159791445901
68	2025-06-06T00:00:00Z	34.14764264481099	22.093	12.054642644810993
68	2025-06-06T00:10:00Z	34.14764264481099	21.592	12.555642644810995
68	2025-06-06T00:20:00Z	36.1441597914459	21.592	14.552159791445902
68	2025-06-06T00:30:00Z	36.1441597914459	21.592	14.552159791445902
68	2025-06-06T00:40:00Z	36.1441597914459	21.592	14.552159791445902
68	2025-06-06T00:50:00Z	35.64503050478717	21.592	14.053030504787174
68	2025-06-06T01:00:00Z	34.64677193146972	21.592	13.054771931469723
68	2025-06-06T01:10:00Z	34.14764264481099	21.592	12.555642644810995
68	2025-06-06T01:20:00Z	35.14590121812845	21.592	13.553901218128452
68	2025-06-06T01:30:00Z	34.64677193146972	21.592	13.054771931469723
68	2025-06-06T01:40:00Z	34.64677193146972	21.592	13.054771931469723
68	2025-06-06T01:50:00Z	35.14590121812845	21.592	13.553901218128452
68	2025-06-06T02:00:00Z	35.14590121812845	21.592	13.553901218128452
68	2025-06-06T02:10:00Z	35.64503050478717	21.592	14.053030504787174
68	2025-06-06T02:20:00Z	35.64503050478717	21.592	14.053030504787174
68	2025-06-06T02:30:00Z	35.14590121812845	21.592	13.553901218128452
68	2025-06-06T02:40:00Z	34.64677193146972	21.092	13.554771931469723
68	2025-06-06T02:50:00Z	34.14764264481099	21.092	13.055642644810995
68	2025-06-06T03:00:00Z	34.14764264481099	21.092	13.055642644810995
68	2025-06-06T03:10:00Z	35.64503050478717	21.092	14.553030504787174
68	2025-06-06T03:20:00Z	35.64503050478717	21.092	14.553030504787174
68	2025-06-06T03:30:00Z	35.64503050478717	21.092	14.553030504787174
68	2025-06-06T03:40:00Z	35.64503050478717	21.092	14.553030504787174
68	2025-06-06T03:50:00Z	34.64677193146972	21.092	13.554771931469723
68	2025-06-06T04:00:00Z	35.14590121812845	21.092	14.053901218128452
68	2025-06-06T04:10:00Z	34.14764264481099	21.092	13.055642644810995
68	2025-06-06T04:20:00Z	34.14764264481099	21.092	13.055642644810995
68	2025-06-06T04:30:00Z	34.14764264481099	21.092	13.055642644810995
68	2025-06-06T04:40:00Z	34.14764264481099	21.092	13.055642644810995
68	2025-06-06T04:50:00Z	35.14590121812845	21.092	14.053901218128452
68	2025-06-06T05:00:00Z	35.64503050478717	21.092	14.553030504787174
68	2025-06-06T05:10:00Z	34.64677193146972	21.092	13.554771931469723
68	2025-06-06T05:20:00Z	35.64503050478717	21.092	14.553030504787174
68	2025-06-06T05:30:00Z	35.64503050478717	21.092	14.553030504787174
68	2025-06-06T05:40:00Z	35.14590121812845	21.092	14.053901218128452
68	2025-06-06T05:50:00Z	35.14590121812845	20.591	14.55490121812845
68	2025-06-06T06:00:00Z	34.64677193146972	21.092	13.554771931469723
68	2025-06-06T06:10:00Z	34.64677193146972	20.591	14.055771931469721
68	2025-06-06T06:20:00Z	34.64677193146972	20.591	14.055771931469721
68	2025-06-06T06:30:00Z	34.14764264481099	20.591	13.556642644810992
68	2025-06-06T06:40:00Z	34.14764264481099	20.591	13.556642644810992
68	2025-06-06T06:50:00Z	33.648513358152265	20.591	13.057513358152264
68	2025-06-06T07:00:00Z	33.14938407149354	20.591	12.558384071493542
68	2025-06-06T07:10:00Z	32.65025478483481	21.092	11.558254784834809
68	2025-06-06T07:20:00Z	32.65025478483481	21.592	11.058254784834809
68	2025-06-06T07:30:00Z	32.65025478483481	22.093	10.557254784834807
68	2025-06-06T07:40:00Z	32.151125498176086	23.093	9.058125498176086
68	2025-06-06T07:50:00Z	31.65199621151736	23.594	8.05799621151736
68	2025-06-06T08:00:00Z	31.65199621151736	24.594	7.057996211517359
68	2025-06-06T08:10:00Z	31.152866924858632	25.094	6.058866924858631
68	2025-06-06T08:20:00Z	31.152866924858632	25.094	6.058866924858631
68	2025-06-06T08:30:00Z	30.653737638199907	25.594	5.0597376381999055
68	2025-06-06T08:40:00Z	30.653737638199907	26.094	4.5597376381999055
68	2025-06-06T08:50:00Z	30.154608351541178	25.594	4.560608351541177
68	2025-06-06T09:00:00Z	30.653737638199907	25.094	5.5597376381999055
68	2025-06-06T09:10:00Z	30.154608351541178	26.094	4.060608351541177
68	2025-06-06T09:20:00Z	30.653737638199907	25.094	5.5597376381999055
68	2025-06-06T09:30:00Z	31.152866924858632	25.594	5.558866924858631
68	2025-06-06T09:40:00Z	31.152866924858632	25.094	6.058866924858631
68	2025-06-06T09:50:00Z	31.152866924858632	24.594	6.558866924858631
68	2025-06-06T10:00:00Z	31.152866924858632	25.094	6.058866924858631
68	2025-06-06T10:10:00Z	31.152866924858632	25.594	5.558866924858631
68	2025-06-06T10:20:00Z	31.152866924858632	25.094	6.058866924858631
68	2025-06-06T10:30:00Z	31.152866924858632	25.094	6.058866924858631
68	2025-06-06T10:40:00Z	31.152866924858632	25.094	6.058866924858631
68	2025-06-06T10:50:00Z	31.152866924858632	25.094	6.058866924858631
68	2025-06-06T11:00:00Z	31.152866924858632	25.094	6.058866924858631
68	2025-06-06T11:10:00Z	31.152866924858632	26.094	5.058866924858631
68	2025-06-06T11:20:00Z	31.152866924858632	27.093	4.059866924858632
68	2025-06-06T11:30:00Z	31.65199621151736	27.593	4.058996211517361
68	2025-06-06T11:40:00Z	31.65199621151736	28.092	3.559996211517362
68	2025-06-06T11:50:00Z	32.151125498176086	28.092	4.059125498176087
68	2025-06-06T12:00:00Z	32.151125498176086	28.092	4.059125498176087
68	2025-06-06T12:10:00Z	32.151125498176086	27.593	4.558125498176086
68	2025-06-06T12:20:00Z	32.151125498176086	28.092	4.059125498176087
68	2025-06-06T12:30:00Z	32.65025478483481	27.593	5.057254784834807
68	2025-06-06T12:40:00Z	32.65025478483481	28.092	4.5582547848348085
68	2025-06-06T12:50:00Z	32.65025478483481	28.092	4.5582547848348085
68	2025-06-06T13:00:00Z	32.65025478483481	27.593	5.057254784834807
68	2025-06-06T13:10:00Z	32.65025478483481	27.093	5.557254784834807
68	2025-06-06T13:20:00Z	32.65025478483481	23.594	9.056254784834806
68	2025-06-06T13:30:00Z	32.151125498176086	23.594	8.557125498176084
68	2025-06-06T13:40:00Z	31.65199621151736	23.093	8.55899621151736
68	2025-06-06T13:50:00Z	31.65199621151736	22.593	9.05899621151736
68	2025-06-06T14:00:00Z	31.65199621151736	21.092	10.559996211517362
68	2025-06-06T14:10:00Z	31.152866924858632	20.591	10.56186692485863
68	2025-06-06T14:20:00Z	30.653737638199907	20.591	10.062737638199906
68	2025-06-06T14:30:00Z	30.653737638199907	20.591	10.062737638199906
68	2025-06-06T14:40:00Z	30.154608351541178	20.591	9.563608351541177
68	2025-06-06T14:50:00Z	30.653737638199907	20.591	10.062737638199906
68	2025-06-06T15:00:00Z	30.653737638199907	20.091	10.562737638199906
68	2025-06-06T15:10:00Z	30.653737638199907	20.591	10.062737638199906
68	2025-06-06T15:20:00Z	31.152866924858632	21.092	10.060866924858633
68	2025-06-06T15:30:00Z	31.152866924858632	21.092	10.060866924858633
68	2025-06-06T15:40:00Z	31.152866924858632	21.092	10.060866924858633
68	2025-06-06T15:50:00Z	31.152866924858632	21.592	9.560866924858633
68	2025-06-06T16:00:00Z	31.65199621151736	22.093	9.55899621151736
68	2025-06-06T16:10:00Z	31.65199621151736	22.093	9.55899621151736
68	2025-06-06T16:20:00Z	33.14938407149354	22.093	11.056384071493543
68	2025-06-06T16:30:00Z	32.65025478483481	22.093	10.557254784834807
68	2025-06-06T16:40:00Z	33.14938407149354	22.093	11.056384071493543
68	2025-06-06T16:50:00Z	32.151125498176086	21.592	10.559125498176087
68	2025-06-06T17:00:00Z	32.151125498176086	22.093	10.058125498176086
68	2025-06-06T17:10:00Z	31.65199621151736	22.093	9.55899621151736
68	2025-06-06T17:20:00Z	31.65199621151736	22.093	9.55899621151736
68	2025-06-06T17:30:00Z	34.14764264481099	22.093	12.054642644810993
68	2025-06-06T17:40:00Z	31.65199621151736	22.093	9.55899621151736
68	2025-06-06T17:50:00Z	31.65199621151736	22.093	9.55899621151736
68	2025-06-06T18:00:00Z	32.151125498176086	21.592	10.559125498176087
68	2025-06-06T18:10:00Z	32.65025478483481	21.592	11.058254784834809
68	2025-06-06T18:20:00Z	35.14590121812845	21.592	13.553901218128452
68	2025-06-06T18:30:00Z	33.648513358152265	21.592	12.056513358152266
68	2025-06-06T18:40:00Z	34.14764264481099	21.592	12.555642644810995
68	2025-06-06T18:50:00Z	34.14764264481099	21.592	12.555642644810995
68	2025-06-06T19:00:00Z	34.14764264481099	21.592	12.555642644810995
68	2025-06-06T19:10:00Z	33.648513358152265	21.592	12.056513358152266
68	2025-06-06T19:20:00Z	33.648513358152265	21.592	12.056513358152266
68	2025-06-06T19:30:00Z	36.1441597914459	21.592	14.552159791445902
68	2025-06-06T19:40:00Z	37.64154765142209	21.592	16.04954765142209
68	2025-06-06T19:50:00Z	37.14241836476336	21.592	15.55041836476336
68	2025-06-06T20:00:00Z	34.64677193146972	21.592	13.054771931469723
68	2025-06-06T20:10:00Z	34.14764264481099	21.592	12.555642644810995
68	2025-06-06T20:20:00Z	33.14938407149354	21.592	11.557384071493544
68	2025-06-06T20:30:00Z	35.64503050478717	21.592	14.053030504787174
68	2025-06-06T20:40:00Z	36.64328907810463	21.592	15.051289078104631
68	2025-06-06T20:50:00Z	36.64328907810463	21.592	15.051289078104631
68	2025-06-06T21:00:00Z	36.1441597914459	21.592	14.552159791445902
68	2025-06-06T21:10:00Z	36.1441597914459	21.592	14.552159791445902
68	2025-06-06T21:20:00Z	36.64328907810463	21.592	15.051289078104631
68	2025-06-06T21:30:00Z	36.1441597914459	21.592	14.552159791445902
68	2025-06-06T21:40:00Z	33.648513358152265	21.092	12.556513358152266
68	2025-06-06T21:50:00Z	36.64328907810463	21.092	15.551289078104631
68	2025-06-06T22:00:00Z	36.1441597914459	21.092	15.052159791445902
68	2025-06-06T22:10:00Z	35.64503050478717	21.092	14.553030504787174
68	2025-06-06T22:20:00Z	34.14764264481099	21.092	13.055642644810995
68	2025-06-06T22:30:00Z	36.64328907810463	20.591	16.05228907810463
68	2025-06-06T22:40:00Z	36.1441597914459	20.591	15.5531597914459
68	2025-06-06T22:50:00Z	34.14764264481099	20.591	13.556642644810992
68	2025-06-06T23:00:00Z	35.64503050478717	20.591	15.054030504787171
68	2025-06-06T23:10:00Z	35.14590121812845	20.591	14.55490121812845
68	2025-06-06T23:20:00Z	34.64677193146972	20.591	14.055771931469721
68	2025-06-06T23:30:00Z	33.14938407149354	20.591	12.558384071493542
68	2025-06-06T23:40:00Z	36.1441597914459	20.591	15.5531597914459
68	2025-06-06T23:50:00Z	35.64503050478717	20.591	15.054030504787171
68	2025-06-07T00:00:00Z	32.151125498176086	20.591	11.560125498176085
78	2025-06-03T16:40:00Z	36.58536847238895	29.591	6.994368472388949
78	2025-06-03T16:50:00Z	35.58696946278511	29.091	6.495969462785112
78	2025-06-03T17:00:00Z	37.5837674819928	29.091	8.4927674819928
78	2025-06-03T17:10:00Z	36.086168967587035	29.091	6.995168967587034
78	2025-06-03T17:20:00Z	34.08937094837935	29.091	4.998370948379346
78	2025-06-03T17:30:00Z	35.08776995798319	29.091	5.99676995798319
78	2025-06-03T17:40:00Z	34.08937094837935	29.091	4.998370948379346
78	2025-06-03T17:50:00Z	35.08776995798319	29.091	5.99676995798319
78	2025-06-03T18:00:00Z	34.08937094837935	29.091	4.998370948379346
78	2025-06-03T18:10:00Z	33.59017144357743	28.592	4.998171443577434
78	2025-06-03T18:20:00Z	34.08937094837935	28.592	5.4973709483793485
78	2025-06-03T18:30:00Z	34.08937094837935	28.592	5.4973709483793485
78	2025-06-03T18:40:00Z	34.08937094837935	28.092	5.9973709483793485
78	2025-06-03T18:50:00Z	32.59177243397359	27.093	5.498772433973588
78	2025-06-03T19:00:00Z	33.09097193877551	26.593	6.49797193877551
78	2025-06-03T19:10:00Z	33.09097193877551	26.094	6.996971938775509
78	2025-06-03T19:20:00Z	31.094173919567826	26.094	5.000173919567825
78	2025-06-03T19:30:00Z	33.59017144357743	25.594	7.996171443577431
78	2025-06-03T19:40:00Z	35.08776995798319	25.594	9.49376995798319
78	2025-06-03T19:50:00Z	34.58857045318127	25.594	8.994570453181268
78	2025-06-03T20:00:00Z	31.593373424369748	25.094	6.499373424369747
78	2025-06-04T17:00:00Z	34.94042399256219	28.592	6.348423992562189
78	2025-06-04T17:10:00Z	35.44028451489909	28.592	6.848284514899092
78	2025-06-04T17:20:00Z	35.44028451489909	28.592	6.848284514899092
78	2025-06-04T17:30:00Z	35.44028451489909	28.592	6.848284514899092
78	2025-06-04T17:40:00Z	34.94042399256219	28.592	6.348423992562189
78	2025-06-04T17:50:00Z	35.44028451489909	28.092	7.348284514899092
78	2025-06-04T18:00:00Z	34.94042399256219	28.092	6.848423992562189
78	2025-06-04T18:10:00Z	34.94042399256219	27.593	7.347423992562188
78	2025-06-04T18:20:00Z	35.44028451489909	27.593	7.847284514899091
78	2025-06-04T18:30:00Z	36.44000555957289	27.093	9.347005559572889
78	2025-06-04T18:40:00Z	36.44000555957289	26.593	9.847005559572889
78	2025-06-04T18:50:00Z	36.44000555957289	26.094	10.346005559572887
78	2025-06-04T19:00:00Z	36.44000555957289	25.594	10.846005559572887
78	2025-06-04T19:10:00Z	36.44000555957289	25.594	10.846005559572887
78	2025-06-04T19:20:00Z	36.44000555957289	25.094	11.346005559572887
78	2025-06-04T19:30:00Z	36.44000555957289	25.094	11.346005559572887
78	2025-06-04T19:40:00Z	36.44000555957289	25.094	11.346005559572887
78	2025-06-04T19:50:00Z	36.44000555957289	25.094	11.346005559572887
78	2025-06-04T20:00:00Z	34.44056347022529	24.594	9.846563470225291
78	2025-06-04T20:10:00Z	35.44028451489909	24.094	11.34628451489909
78	2025-06-04T20:20:00Z	35.44028451489909	24.094	11.34628451489909
78	2025-06-04T20:30:00Z	35.44028451489909	23.594	11.84628451489909
78	2025-06-04T20:40:00Z	35.44028451489909	23.594	11.84628451489909
78	2025-06-04T20:50:00Z	35.44028451489909	24.094	11.34628451489909
78	2025-06-04T21:00:00Z	35.940145037235986	23.594	12.346145037235985
78	2025-06-04T21:10:00Z	36.44000555957289	23.594	12.846005559572887
78	2025-06-04T21:20:00Z	35.44028451489909	23.594	11.84628451489909
78	2025-06-04T21:30:00Z	35.44028451489909	23.093	12.34728451489909
78	2025-06-04T21:40:00Z	35.44028451489909	23.093	12.34728451489909
78	2025-06-04T21:50:00Z	36.44000555957289	22.593	13.847005559572889
78	2025-06-04T22:00:00Z	35.940145037235986	22.593	13.347145037235986
78	2025-06-04T22:10:00Z	35.44028451489909	23.093	12.34728451489909
78	2025-06-04T22:20:00Z	34.94042399256219	22.593	12.347423992562188
78	2025-06-04T22:30:00Z	34.44056347022529	22.593	11.847563470225293
78	2025-06-04T22:40:00Z	34.94042399256219	22.593	12.347423992562188
78	2025-06-04T22:50:00Z	34.44056347022529	22.093	12.347563470225293
78	2025-06-04T23:00:00Z	35.940145037235986	22.093	13.847145037235986
78	2025-06-04T23:10:00Z	35.44028451489909	21.592	13.848284514899092
78	2025-06-04T23:20:00Z	35.44028451489909	21.592	13.848284514899092
78	2025-06-04T23:30:00Z	35.44028451489909	21.592	13.848284514899092
78	2025-06-04T23:40:00Z	34.44056347022529	21.592	12.848563470225294
78	2025-06-04T23:50:00Z	34.44056347022529	21.592	12.848563470225294
78	2025-06-05T00:00:00Z	36.44000555957289	21.592	14.84800555957289
78	2025-06-05T00:10:00Z	36.93986608190979	22.093	14.846866081909791
78	2025-06-05T00:20:00Z	35.940145037235986	22.093	13.847145037235986
78	2025-06-05T00:30:00Z	35.940145037235986	22.093	13.847145037235986
78	2025-06-05T00:40:00Z	35.940145037235986	22.093	13.847145037235986
78	2025-06-05T00:50:00Z	34.94042399256219	22.093	12.847423992562188
78	2025-06-05T01:00:00Z	36.44000555957289	22.093	14.347005559572889
78	2025-06-05T01:10:00Z	34.44056347022529	21.592	12.848563470225294
78	2025-06-05T01:20:00Z	34.94042399256219	21.592	13.34842399256219
78	2025-06-05T01:30:00Z	33.9407029478884	21.592	12.348702947888398
78	2025-06-05T01:40:00Z	34.44056347022529	21.592	12.848563470225294
78	2025-06-05T01:50:00Z	33.440842425551494	21.092	12.348842425551496
78	2025-06-05T02:00:00Z	33.440842425551494	21.092	12.348842425551496
78	2025-06-05T02:10:00Z	32.441121380877696	21.092	11.349121380877698
78	2025-06-05T02:20:00Z	31.941260858540797	21.092	10.849260858540799
78	2025-06-05T02:30:00Z	31.941260858540797	21.092	10.849260858540799
78	2025-06-05T02:40:00Z	31.941260858540797	21.092	10.849260858540799
78	2025-06-05T02:50:00Z	31.941260858540797	20.591	11.350260858540796
78	2025-06-05T03:00:00Z	32.94098190321459	20.591	12.34998190321459
78	2025-06-05T03:10:00Z	32.94098190321459	20.591	12.34998190321459
78	2025-06-05T03:20:00Z	32.94098190321459	20.591	12.34998190321459
78	2025-06-05T03:30:00Z	35.940145037235986	20.091	15.849145037235985
78	2025-06-05T03:40:00Z	35.940145037235986	20.591	15.349145037235985
78	2025-06-05T03:50:00Z	35.44028451489909	20.591	14.84928451489909
78	2025-06-05T04:00:00Z	34.44056347022529	20.591	13.849563470225291
78	2025-06-05T04:10:00Z	36.44000555957289	20.091	16.349005559572888
78	2025-06-05T04:20:00Z	34.94042399256219	20.091	14.849423992562187
78	2025-06-05T04:30:00Z	34.44056347022529	20.091	14.349563470225291
78	2025-06-05T04:40:00Z	33.440842425551494	20.091	13.349842425551493
78	2025-06-05T04:50:00Z	33.440842425551494	19.59	13.850842425551495
78	2025-06-05T05:00:00Z	33.440842425551494	20.091	13.349842425551493
78	2025-06-05T05:10:00Z	34.94042399256219	20.091	14.849423992562187
78	2025-06-05T05:20:00Z	35.44028451489909	20.091	15.34928451489909
78	2025-06-05T05:30:00Z	35.44028451489909	20.091	15.34928451489909
78	2025-06-05T05:40:00Z	35.44028451489909	20.091	15.34928451489909
78	2025-06-05T05:50:00Z	35.940145037235986	20.091	15.849145037235985
78	2025-06-05T06:00:00Z	35.940145037235986	20.091	15.849145037235985
78	2025-06-05T06:10:00Z	35.44028451489909	20.091	15.34928451489909
78	2025-06-05T06:20:00Z	35.940145037235986	20.091	15.849145037235985
78	2025-06-05T06:30:00Z	35.44028451489909	20.591	14.84928451489909
78	2025-06-05T06:40:00Z	34.44056347022529	20.591	13.849563470225291
78	2025-06-05T06:50:00Z	33.9407029478884	21.092	12.848702947888398
78	2025-06-05T07:00:00Z	33.440842425551494	21.092	12.348842425551496
78	2025-06-05T07:10:00Z	32.94098190321459	21.092	11.848981903214593
78	2025-06-05T07:20:00Z	32.94098190321459	21.092	11.848981903214593
78	2025-06-05T07:30:00Z	32.94098190321459	21.592	11.348981903214593
78	2025-06-05T07:40:00Z	32.441121380877696	21.592	10.849121380877698
78	2025-06-05T07:50:00Z	31.4414003362039	21.592	9.8494003362039
78	2025-06-05T08:00:00Z	31.4414003362039	22.093	9.348400336203898
78	2025-06-05T08:10:00Z	31.941260858540797	22.593	9.348260858540797
78	2025-06-05T08:20:00Z	31.4414003362039	25.094	6.347400336203897
78	2025-06-05T08:30:00Z	30.941539813867003	25.094	5.847539813867002
78	2025-06-05T08:40:00Z	31.4414003362039	26.094	5.347400336203897
78	2025-06-05T08:50:00Z	30.941539813867003	28.092	2.849539813867004
78	2025-06-05T09:00:00Z	31.4414003362039	26.593	4.848400336203898
78	2025-06-05T09:10:00Z	31.4414003362039	28.592	2.8494003362038995
78	2025-06-05T09:20:00Z	31.4414003362039	30.09	1.3514003362038984
78	2025-06-05T09:30:00Z	31.4414003362039	30.09	1.3514003362038984
78	2025-06-05T09:40:00Z	31.941260858540797	28.092	3.8492608585407986
78	2025-06-05T09:50:00Z	32.94098190321459	27.093	5.847981903214592
78	2025-06-05T10:00:00Z	32.94098190321459	27.093	5.847981903214592
78	2025-06-05T10:10:00Z	32.94098190321459	27.093	5.847981903214592
78	2025-06-05T10:20:00Z	32.94098190321459	27.093	5.847981903214592
78	2025-06-05T10:30:00Z	32.94098190321459	27.093	5.847981903214592
78	2025-06-05T10:40:00Z	32.441121380877696	27.593	4.848121380877696
78	2025-06-05T10:50:00Z	32.441121380877696	27.593	4.848121380877696
78	2025-06-05T11:00:00Z	32.441121380877696	28.092	4.349121380877698
78	2025-06-05T11:10:00Z	32.94098190321459	27.593	5.347981903214592
78	2025-06-05T11:20:00Z	32.94098190321459	27.593	5.347981903214592
78	2025-06-05T11:30:00Z	32.441121380877696	27.093	5.348121380877696
78	2025-06-05T11:40:00Z	32.94098190321459	27.093	5.847981903214592
78	2025-06-05T11:50:00Z	32.94098190321459	27.593	5.347981903214592
78	2025-06-05T12:00:00Z	32.94098190321459	28.092	4.848981903214593
78	2025-06-05T12:10:00Z	33.440842425551494	28.092	5.348842425551496
78	2025-06-05T12:20:00Z	32.94098190321459	27.593	5.347981903214592
78	2025-06-05T12:30:00Z	32.94098190321459	27.593	5.347981903214592
78	2025-06-05T12:40:00Z	32.94098190321459	27.593	5.347981903214592
78	2025-06-05T12:50:00Z	33.440842425551494	28.092	5.348842425551496
78	2025-06-05T13:00:00Z	33.440842425551494	28.092	5.348842425551496
78	2025-06-05T13:10:00Z	32.94098190321459	28.092	4.848981903214593
78	2025-06-05T13:20:00Z	32.94098190321459	28.092	4.848981903214593
78	2025-06-05T13:30:00Z	32.94098190321459	28.092	4.848981903214593
78	2025-06-05T13:40:00Z	32.94098190321459	27.593	5.347981903214592
78	2025-06-05T13:50:00Z	32.94098190321459	27.093	5.847981903214592
78	2025-06-05T14:00:00Z	32.94098190321459	27.593	5.347981903214592
78	2025-06-05T14:10:00Z	32.94098190321459	27.593	5.347981903214592
78	2025-06-05T14:20:00Z	32.441121380877696	27.593	4.848121380877696
78	2025-06-05T14:30:00Z	32.441121380877696	28.092	4.349121380877698
78	2025-06-05T14:40:00Z	32.441121380877696	28.092	4.349121380877698
78	2025-06-05T14:50:00Z	32.441121380877696	28.092	4.349121380877698
78	2025-06-05T15:00:00Z	32.441121380877696	28.592	3.8491213808776976
78	2025-06-05T15:10:00Z	32.441121380877696	28.092	4.349121380877698
78	2025-06-05T15:20:00Z	32.94098190321459	28.092	4.848981903214593
78	2025-06-05T15:30:00Z	34.94042399256219	28.592	6.348423992562189
78	2025-06-05T15:40:00Z	35.44028451489909	28.592	6.848284514899092
78	2025-06-05T15:50:00Z	34.94042399256219	28.592	6.348423992562189
78	2025-06-05T16:00:00Z	34.44056347022529	28.592	5.848563470225294
78	2025-06-05T16:10:00Z	34.44056347022529	29.091	5.349563470225291
78	2025-06-05T16:20:00Z	33.9407029478884	29.091	4.849702947888396
78	2025-06-05T16:30:00Z	34.44056347022529	29.091	5.349563470225291
78	2025-06-05T16:40:00Z	33.9407029478884	29.091	4.849702947888396
78	2025-06-05T16:50:00Z	33.9407029478884	29.091	4.849702947888396
78	2025-06-05T17:00:00Z	34.94042399256219	29.091	5.849423992562187
78	2025-06-05T17:10:00Z	35.44028451489909	28.592	6.848284514899092
78	2025-06-05T17:20:00Z	34.44056347022529	28.592	5.848563470225294
78	2025-06-05T17:30:00Z	33.9407029478884	28.592	5.348702947888398
78	2025-06-05T17:40:00Z	33.440842425551494	28.092	5.348842425551496
78	2025-06-05T17:50:00Z	32.94098190321459	28.092	4.848981903214593
78	2025-06-05T18:00:00Z	32.441121380877696	27.593	4.848121380877696
78	2025-06-05T18:10:00Z	34.44056347022529	27.093	7.3475634702252925
78	2025-06-05T18:20:00Z	34.94042399256219	26.593	8.347423992562188
78	2025-06-05T18:30:00Z	34.94042399256219	26.593	8.347423992562188
78	2025-06-05T18:40:00Z	34.44056347022529	25.594	8.846563470225291
78	2025-06-05T18:50:00Z	33.9407029478884	25.594	8.346702947888396
78	2025-06-05T19:00:00Z	33.440842425551494	25.094	8.346842425551493
78	2025-06-05T19:10:00Z	32.94098190321459	24.594	8.34698190321459
78	2025-06-05T19:20:00Z	33.440842425551494	24.094	9.346842425551493
78	2025-06-05T19:30:00Z	33.9407029478884	24.094	9.846702947888396
78	2025-06-05T19:40:00Z	33.440842425551494	23.594	9.846842425551493
78	2025-06-05T19:50:00Z	35.44028451489909	23.594	11.84628451489909
78	2025-06-05T20:00:00Z	33.9407029478884	23.594	10.346702947888396
78	2025-06-05T20:10:00Z	36.44000555957289	23.594	12.846005559572887
78	2025-06-05T20:20:00Z	36.93986608190979	23.093	13.846866081909791
78	2025-06-05T20:30:00Z	37.93958712658358	23.093	14.846587126583582
78	2025-06-05T20:40:00Z	37.93958712658358	23.093	14.846587126583582
78	2025-06-05T20:50:00Z	36.93986608190979	22.593	14.346866081909791
78	2025-06-05T21:00:00Z	35.940145037235986	22.593	13.347145037235986
78	2025-06-05T21:10:00Z	34.44056347022529	22.593	11.847563470225293
78	2025-06-05T21:20:00Z	37.43972660424669	22.093	15.346726604246687
78	2025-06-05T21:30:00Z	37.43972660424669	22.093	15.346726604246687
78	2025-06-05T21:40:00Z	37.43972660424669	22.093	15.346726604246687
78	2025-06-05T21:50:00Z	36.93986608190979	22.093	14.846866081909791
78	2025-06-05T22:00:00Z	36.93986608190979	22.093	14.846866081909791
78	2025-06-05T22:10:00Z	36.44000555957289	22.593	13.847005559572889
78	2025-06-05T22:20:00Z	35.44028451489909	22.593	12.84728451489909
78	2025-06-05T22:30:00Z	35.940145037235986	22.093	13.847145037235986
78	2025-06-05T22:40:00Z	35.940145037235986	22.093	13.847145037235986
78	2025-06-05T22:50:00Z	36.44000555957289	22.093	14.347005559572889
78	2025-06-05T23:00:00Z	36.44000555957289	22.093	14.347005559572889
78	2025-06-05T23:10:00Z	36.44000555957289	22.093	14.347005559572889
78	2025-06-05T23:20:00Z	35.940145037235986	22.093	13.847145037235986
78	2025-06-05T23:30:00Z	35.940145037235986	22.093	13.847145037235986
78	2025-06-05T23:40:00Z	36.44000555957289	22.093	14.347005559572889
78	2025-06-05T23:50:00Z	34.94042399256219	22.093	12.847423992562188
78	2025-06-06T00:00:00Z	36.93986608190979	22.093	14.846866081909791
78	2025-06-06T00:10:00Z	35.940145037235986	21.592	14.348145037235987
78	2025-06-06T00:20:00Z	36.44000555957289	21.592	14.84800555957289
78	2025-06-06T00:30:00Z	35.940145037235986	21.592	14.348145037235987
78	2025-06-06T00:40:00Z	36.44000555957289	21.592	14.84800555957289
78	2025-06-06T00:50:00Z	36.44000555957289	21.592	14.84800555957289
78	2025-06-06T01:00:00Z	36.44000555957289	21.592	14.84800555957289
78	2025-06-06T01:10:00Z	35.44028451489909	21.592	13.848284514899092
78	2025-06-06T01:20:00Z	35.44028451489909	21.592	13.848284514899092
78	2025-06-06T01:30:00Z	36.44000555957289	21.592	14.84800555957289
78	2025-06-06T01:40:00Z	36.44000555957289	21.592	14.84800555957289
78	2025-06-06T01:50:00Z	35.940145037235986	21.592	14.348145037235987
78	2025-06-06T02:00:00Z	35.940145037235986	21.592	14.348145037235987
78	2025-06-06T02:10:00Z	35.940145037235986	21.592	14.348145037235987
78	2025-06-06T02:20:00Z	35.940145037235986	21.592	14.348145037235987
78	2025-06-06T02:30:00Z	35.940145037235986	21.592	14.348145037235987
78	2025-06-06T02:40:00Z	35.44028451489909	21.092	14.348284514899092
78	2025-06-06T02:50:00Z	32.94098190321459	21.092	11.848981903214593
78	2025-06-06T03:00:00Z	35.940145037235986	21.092	14.848145037235987
78	2025-06-06T03:10:00Z	36.44000555957289	21.092	15.34800555957289
78	2025-06-06T03:20:00Z	35.44028451489909	21.092	14.348284514899092
78	2025-06-06T03:30:00Z	36.44000555957289	21.092	15.34800555957289
78	2025-06-06T03:40:00Z	35.940145037235986	21.092	14.848145037235987
78	2025-06-06T03:50:00Z	36.44000555957289	21.092	15.34800555957289
78	2025-06-06T04:00:00Z	35.940145037235986	21.092	14.848145037235987
78	2025-06-06T04:10:00Z	35.940145037235986	21.092	14.848145037235987
78	2025-06-06T04:20:00Z	35.44028451489909	21.092	14.348284514899092
78	2025-06-06T04:30:00Z	35.44028451489909	21.092	14.348284514899092
78	2025-06-06T04:40:00Z	34.44056347022529	21.092	13.348563470225294
78	2025-06-06T04:50:00Z	36.44000555957289	21.092	15.34800555957289
78	2025-06-06T05:00:00Z	36.44000555957289	21.092	15.34800555957289
78	2025-06-06T05:10:00Z	36.93986608190979	21.092	15.847866081909793
78	2025-06-06T05:20:00Z	35.44028451489909	21.092	14.348284514899092
78	2025-06-06T05:30:00Z	35.940145037235986	21.092	14.848145037235987
78	2025-06-06T05:40:00Z	35.940145037235986	21.092	14.848145037235987
78	2025-06-06T05:50:00Z	35.44028451489909	20.591	14.84928451489909
78	2025-06-06T06:00:00Z	35.44028451489909	21.092	14.348284514899092
78	2025-06-06T06:10:00Z	34.94042399256219	20.591	14.349423992562187
78	2025-06-06T06:20:00Z	34.44056347022529	20.591	13.849563470225291
78	2025-06-06T06:30:00Z	34.44056347022529	20.591	13.849563470225291
78	2025-06-06T06:40:00Z	33.9407029478884	20.591	13.349702947888396
78	2025-06-06T06:50:00Z	33.9407029478884	20.591	13.349702947888396
78	2025-06-06T07:00:00Z	33.440842425551494	20.591	12.849842425551493
78	2025-06-06T07:10:00Z	32.94098190321459	21.092	11.848981903214593
78	2025-06-06T07:20:00Z	32.94098190321459	21.592	11.348981903214593
78	2025-06-06T07:30:00Z	32.94098190321459	22.093	10.847981903214592
78	2025-06-06T07:40:00Z	32.441121380877696	23.093	9.348121380877696
78	2025-06-06T07:50:00Z	31.4414003362039	23.594	7.847400336203897
78	2025-06-06T08:00:00Z	31.4414003362039	24.594	6.847400336203897
78	2025-06-06T08:10:00Z	30.941539813867003	25.094	5.847539813867002
78	2025-06-06T08:20:00Z	30.941539813867003	25.094	5.847539813867002
78	2025-06-06T08:30:00Z	30.941539813867003	25.594	5.347539813867002
78	2025-06-06T08:40:00Z	31.4414003362039	26.094	5.347400336203897
78	2025-06-06T08:50:00Z	31.4414003362039	25.594	5.847400336203897
78	2025-06-06T09:00:00Z	30.941539813867003	25.094	5.847539813867002
78	2025-06-06T09:10:00Z	30.941539813867003	26.094	4.847539813867002
78	2025-06-06T09:20:00Z	31.4414003362039	25.094	6.347400336203897
78	2025-06-06T09:30:00Z	31.941260858540797	25.594	6.347260858540796
78	2025-06-06T09:40:00Z	31.4414003362039	25.094	6.347400336203897
78	2025-06-06T09:50:00Z	31.4414003362039	24.594	6.847400336203897
78	2025-06-06T10:00:00Z	31.941260858540797	25.094	6.847260858540796
78	2025-06-06T10:10:00Z	31.941260858540797	25.594	6.347260858540796
78	2025-06-06T10:20:00Z	32.441121380877696	25.094	7.347121380877695
78	2025-06-06T10:30:00Z	32.94098190321459	25.094	7.846981903214591
78	2025-06-06T10:40:00Z	32.441121380877696	25.094	7.347121380877695
78	2025-06-06T10:50:00Z	32.441121380877696	25.094	7.347121380877695
78	2025-06-06T11:00:00Z	32.441121380877696	25.094	7.347121380877695
78	2025-06-06T11:10:00Z	32.441121380877696	26.094	6.347121380877695
78	2025-06-06T11:20:00Z	31.941260858540797	27.093	4.848260858540797
78	2025-06-06T11:30:00Z	32.441121380877696	27.593	4.848121380877696
78	2025-06-06T11:40:00Z	32.94098190321459	28.092	4.848981903214593
78	2025-06-06T11:50:00Z	32.441121380877696	28.092	4.349121380877698
78	2025-06-06T12:00:00Z	32.441121380877696	28.092	4.349121380877698
78	2025-06-06T12:10:00Z	32.441121380877696	27.593	4.848121380877696
78	2025-06-06T12:20:00Z	32.94098190321459	28.092	4.848981903214593
78	2025-06-06T12:30:00Z	32.94098190321459	27.593	5.347981903214592
78	2025-06-06T12:40:00Z	32.94098190321459	28.092	4.848981903214593
78	2025-06-06T12:50:00Z	32.94098190321459	28.092	4.848981903214593
78	2025-06-06T13:00:00Z	32.94098190321459	27.593	5.347981903214592
78	2025-06-06T13:10:00Z	32.94098190321459	27.093	5.847981903214592
78	2025-06-06T13:20:00Z	32.94098190321459	23.594	9.34698190321459
78	2025-06-06T13:30:00Z	32.94098190321459	23.594	9.34698190321459
78	2025-06-06T13:40:00Z	32.94098190321459	23.093	9.847981903214592
78	2025-06-06T13:50:00Z	32.441121380877696	22.593	9.848121380877696
78	2025-06-06T14:00:00Z	32.441121380877696	21.092	11.349121380877698
78	2025-06-06T14:10:00Z	31.941260858540797	20.591	11.350260858540796
78	2025-06-06T14:20:00Z	31.4414003362039	20.591	10.850400336203897
78	2025-06-06T14:30:00Z	30.441679291530104	20.591	9.850679291530103
78	2025-06-06T14:40:00Z	30.941539813867003	20.591	10.350539813867002
78	2025-06-06T14:50:00Z	31.941260858540797	20.591	11.350260858540796
78	2025-06-06T15:00:00Z	31.4414003362039	20.091	11.350400336203897
78	2025-06-06T15:10:00Z	31.941260858540797	20.591	11.350260858540796
78	2025-06-06T15:20:00Z	32.441121380877696	21.092	11.349121380877698
78	2025-06-06T15:30:00Z	32.441121380877696	21.092	11.349121380877698
78	2025-06-06T15:40:00Z	31.941260858540797	21.092	10.849260858540799
78	2025-06-06T15:50:00Z	31.4414003362039	21.592	9.8494003362039
78	2025-06-06T16:00:00Z	31.4414003362039	22.093	9.348400336203898
78	2025-06-06T16:10:00Z	31.4414003362039	22.093	9.348400336203898
78	2025-06-06T16:20:00Z	32.94098190321459	22.093	10.847981903214592
78	2025-06-06T16:30:00Z	34.44056347022529	22.093	12.347563470225293
78	2025-06-06T16:40:00Z	32.94098190321459	22.093	10.847981903214592
78	2025-06-06T16:50:00Z	33.440842425551494	21.592	11.848842425551496
78	2025-06-06T17:00:00Z	31.941260858540797	22.093	9.848260858540797
78	2025-06-06T17:10:00Z	31.4414003362039	22.093	9.348400336203898
78	2025-06-06T17:20:00Z	31.4414003362039	22.093	9.348400336203898
78	2025-06-06T17:30:00Z	31.941260858540797	22.093	9.848260858540797
78	2025-06-06T17:40:00Z	31.4414003362039	22.093	9.348400336203898
78	2025-06-06T17:50:00Z	30.441679291530104	22.093	8.348679291530104
78	2025-06-06T18:00:00Z	29.941818769193205	21.592	8.349818769193206
78	2025-06-06T18:10:00Z	33.9407029478884	21.592	12.348702947888398
78	2025-06-06T18:20:00Z	34.44056347022529	21.592	12.848563470225294
78	2025-06-06T18:30:00Z	33.9407029478884	21.592	12.348702947888398
78	2025-06-06T18:40:00Z	33.9407029478884	21.592	12.348702947888398
78	2025-06-06T18:50:00Z	33.440842425551494	21.592	11.848842425551496
78	2025-06-06T19:00:00Z	33.440842425551494	21.592	11.848842425551496
78	2025-06-06T19:10:00Z	32.94098190321459	21.592	11.348981903214593
78	2025-06-06T19:20:00Z	32.94098190321459	21.592	11.348981903214593
78	2025-06-06T19:30:00Z	34.94042399256219	21.592	13.34842399256219
78	2025-06-06T19:40:00Z	34.44056347022529	21.592	12.848563470225294
78	2025-06-06T19:50:00Z	34.94042399256219	21.592	13.34842399256219
78	2025-06-06T20:00:00Z	32.94098190321459	21.592	11.348981903214593
78	2025-06-06T20:10:00Z	35.940145037235986	21.592	14.348145037235987
78	2025-06-06T20:20:00Z	35.940145037235986	21.592	14.348145037235987
78	2025-06-06T20:30:00Z	35.44028451489909	21.592	13.848284514899092
78	2025-06-06T20:40:00Z	34.94042399256219	21.592	13.34842399256219
78	2025-06-06T20:50:00Z	35.44028451489909	21.592	13.848284514899092
78	2025-06-06T21:00:00Z	34.94042399256219	21.592	13.34842399256219
78	2025-06-06T21:10:00Z	34.94042399256219	21.592	13.34842399256219
78	2025-06-06T21:20:00Z	35.940145037235986	21.592	14.348145037235987
78	2025-06-06T21:30:00Z	35.44028451489909	21.592	13.848284514899092
78	2025-06-06T21:40:00Z	33.9407029478884	21.092	12.848702947888398
78	2025-06-06T21:50:00Z	34.94042399256219	21.092	13.84842399256219
78	2025-06-06T22:00:00Z	36.44000555957289	21.092	15.34800555957289
78	2025-06-06T22:10:00Z	35.940145037235986	21.092	14.848145037235987
78	2025-06-06T22:20:00Z	35.940145037235986	21.092	14.848145037235987
78	2025-06-06T22:30:00Z	35.940145037235986	20.591	15.349145037235985
78	2025-06-06T22:40:00Z	35.940145037235986	20.591	15.349145037235985
78	2025-06-06T22:50:00Z	35.44028451489909	20.591	14.84928451489909
78	2025-06-06T23:00:00Z	35.44028451489909	20.591	14.84928451489909
78	2025-06-06T23:10:00Z	33.9407029478884	20.591	13.349702947888396
78	2025-06-06T23:20:00Z	33.9407029478884	20.591	13.349702947888396
78	2025-06-06T23:30:00Z	34.94042399256219	20.591	14.349423992562187
78	2025-06-06T23:40:00Z	34.94042399256219	20.591	14.349423992562187
78	2025-06-06T23:50:00Z	34.44056347022529	20.591	13.849563470225291
78	2025-06-07T00:00:00Z	33.9407029478884	20.591	13.349702947888396
