Bat_ID	DateTime	NumberDate	Temperature	deltaT
74.1	2025-05-20T11:50:00Z	1747741800	33.40789618043749	6.31489618043749
74.1	2025-05-20T12:00:00Z	1747742400	32.40722357474782	6.313223574747816
74.1	2025-05-20T12:10:00Z	1747743000	31.906887271902978	6.3128872719029765
74.1	2025-05-20T12:20:00Z	1747743600	31.406550969058145	5.812550969058144
74.1	2025-05-20T12:30:00Z	1747744200	31.406550969058145	5.312550969058144
74.1	2025-05-20T12:40:00Z	1747744800	31.406550969058145	4.813550969058145
74.1	2025-05-20T12:50:00Z	1747745400	31.406550969058145	4.813550969058145
74.1	2025-05-20T13:00:00Z	1747746000	31.406550969058145	4.313550969058145
74.1	2025-05-20T13:10:00Z	1747746600	30.906214666213305	3.3132146662133053
74.1	2025-05-20T13:20:00Z	1747747200	30.405878363368466	3.3128783633684655
74.1	2025-05-20T13:30:00Z	1747747800	29.90554206052363	3.3125420605236293
74.1	2025-05-20T13:40:00Z	1747748400	29.405205757678793	2.812205757678793
74.1	2025-05-20T13:50:00Z	1747749000	29.405205757678793	2.812205757678793
74.1	2025-05-20T14:00:00Z	1747749600	29.405205757678793	2.312205757678793
74.1	2025-05-20T14:10:00Z	1747750200	29.405205757678793	1.812205757678793
74.1	2025-05-20T14:20:00Z	1747750800	29.405205757678793	0.8132057576787943
74.1	2025-05-20T14:30:00Z	1747751400	29.405205757678793	1.3132057576787943
74.1	2025-05-20T14:40:00Z	1747752000	29.90554206052363	1.8135420605236305
74.1	2025-05-20T14:50:00Z	1747752600	29.405205757678793	1.812205757678793
74.1	2025-05-20T15:00:00Z	1747753200	29.405205757678793	1.812205757678793
74.1	2025-05-20T15:10:00Z	1747753800	29.405205757678793	2.812205757678793
74.1	2025-05-20T15:20:00Z	1747754400	28.904869454833953	2.3118694548339533
74.1	2025-05-20T15:30:00Z	1747755000	28.904869454833953	1.8118694548339533
74.1	2025-05-20T15:40:00Z	1747755600	29.405205757678793	2.312205757678793
74.1	2025-05-20T15:50:00Z	1747756200	29.90554206052363	2.3125420605236293
74.1	2025-05-20T16:00:00Z	1747756800	29.90554206052363	2.3125420605236293
74.1	2025-05-20T16:10:00Z	1747757400	29.90554206052363	2.8125420605236293
74.1	2025-05-20T16:20:00Z	1747758000	29.90554206052363	3.811542060523628
74.1	2025-05-20T16:30:00Z	1747758600	29.90554206052363	3.3125420605236293
74.1	2025-05-20T16:40:00Z	1747759200	29.405205757678793	3.311205757678792
74.1	2025-05-20T16:50:00Z	1747759800	29.405205757678793	3.311205757678792
74.1	2025-05-20T17:00:00Z	1747760400	29.405205757678793	3.811205757678792
74.1	2025-05-20T17:10:00Z	1747761000	29.405205757678793	3.811205757678792
74.1	2025-05-20T17:20:00Z	1747761600	28.904869454833953	4.310869454833952
74.1	2025-05-20T17:30:00Z	1747762200	28.904869454833953	4.810869454833952
74.1	2025-05-20T17:40:00Z	1747762800	28.404533151989117	4.310533151989116
74.1	2025-05-20T17:50:00Z	1747763400	28.404533151989117	4.310533151989116
74.1	2025-05-20T18:00:00Z	1747764000	28.904869454833953	4.810869454833952
74.1	2025-05-20T18:10:00Z	1747764600	29.405205757678793	5.311205757678792
74.1	2025-05-20T18:20:00Z	1747765200	30.405878363368466	5.811878363368464
74.1	2025-05-20T18:30:00Z	1747765800	31.406550969058145	7.312550969058144
74.1	2025-05-20T18:40:00Z	1747766400	32.40722357474782	8.313223574747816
74.1	2025-05-20T18:50:00Z	1747767000	32.90755987759265	9.313559877592645
74.1	2025-05-20T19:00:00Z	1747767600	32.90755987759265	9.313559877592645
74.1	2025-05-20T19:10:00Z	1747768200	32.90755987759265	10.314559877592647
74.1	2025-05-20T19:20:00Z	1747768800	33.908232483282326	12.316232483282327
74.1	2025-05-20T19:30:00Z	1747769400	34.908905088972006	13.316905088972007
74.1	2025-05-20T19:40:00Z	1747770000	36.91025030035136	15.318250300351359
74.1	2025-05-20T19:50:00Z	1747770600	36.409913997506514	15.317913997506515
74.1	2025-05-20T20:00:00Z	1747771200	35.409241391816835	14.818241391816834
74.1	2025-05-20T20:10:00Z	1747771800	35.409241391816835	14.818241391816834
74.1	2025-05-20T20:20:00Z	1747772400	34.908905088972006	14.317905088972005
74.1	2025-05-20T20:30:00Z	1747773000	35.409241391816835	15.318241391816834
74.1	2025-05-20T20:40:00Z	1747773600	33.908232483282326	13.317232483282325
74.1	2025-05-20T20:50:00Z	1747774200	33.908232483282326	13.317232483282325
74.1	2025-05-20T21:00:00Z	1747774800	34.908905088972006	14.317905088972005
74.1	2025-05-20T21:10:00Z	1747775400	35.409241391816835	14.818241391816834
74.1	2025-05-20T21:20:00Z	1747776000	36.409913997506514	15.818913997506513
74.1	2025-05-20T21:30:00Z	1747776600	36.409913997506514	15.818913997506513
74.1	2025-05-20T21:40:00Z	1747777200	35.409241391816835	14.317241391816836
74.1	2025-05-20T21:50:00Z	1747777800	34.908905088972006	14.317905088972005
74.1	2025-05-20T22:00:00Z	1747778400	34.908905088972006	14.317905088972005
74.1	2025-05-20T22:10:00Z	1747779000	34.40856878612716	13.817568786127161
74.1	2025-05-20T22:20:00Z	1747779600	33.40789618043749	12.816896180437489
74.1	2025-05-20T22:30:00Z	1747780200	33.908232483282326	13.317232483282325
74.1	2025-05-20T22:40:00Z	1747780800	35.409241391816835	14.818241391816834
74.1	2025-05-20T22:50:00Z	1747781400	34.908905088972006	14.317905088972005
74.1	2025-05-20T23:00:00Z	1747782000	34.40856878612716	13.817568786127161
74.1	2025-05-20T23:10:00Z	1747782600	31.906887271902978	11.315887271902977
74.1	2025-05-20T23:20:00Z	1747783200	32.40722357474782	11.816223574747816
74.1	2025-05-20T23:30:00Z	1747783800	34.908905088972006	14.317905088972005
74.1	2025-05-20T23:40:00Z	1747784400	33.40789618043749	12.816896180437489
74.1	2025-05-20T23:50:00Z	1747785000	34.908905088972006	14.317905088972005
74.1	2025-05-21T00:00:00Z	1747785600	34.908905088972006	14.317905088972005
74.1	2025-05-21T00:10:00Z	1747786200	33.40789618043749	12.816896180437489
74.1	2025-05-21T00:20:00Z	1747786800	33.40789618043749	13.316896180437489
74.1	2025-05-21T00:30:00Z	1747787400	34.40856878612716	14.317568786127161
74.1	2025-05-21T00:40:00Z	1747788000	34.40856878612716	14.818568786127162
74.1	2025-05-21T00:50:00Z	1747788600	33.40789618043749	13.81789618043749
74.1	2025-05-21T01:00:00Z	1747789200	33.908232483282326	14.318232483282326
74.1	2025-05-21T01:10:00Z	1747789800	34.40856878612716	14.818568786127162
74.1	2025-05-21T01:20:00Z	1747790400	34.40856878612716	14.818568786127162
74.1	2025-05-21T01:30:00Z	1747791000	34.40856878612716	14.818568786127162
74.1	2025-05-21T01:40:00Z	1747791600	33.908232483282326	14.318232483282326
74.1	2025-05-21T01:50:00Z	1747792200	33.40789618043749	13.81789618043749
74.1	2025-05-21T02:00:00Z	1747792800	33.40789618043749	13.81789618043749
74.1	2025-05-21T02:10:00Z	1747793400	32.40722357474782	12.817223574747818
74.1	2025-05-21T02:20:00Z	1747794000	34.40856878612716	14.818568786127162
74.1	2025-05-21T02:30:00Z	1747794600	34.40856878612716	14.818568786127162
74.1	2025-05-21T02:40:00Z	1747795200	33.40789618043749	13.81789618043749
74.1	2025-05-21T02:50:00Z	1747795800	32.90755987759265	12.816559877592645
74.1	2025-05-21T03:00:00Z	1747796400	33.908232483282326	13.817232483282325
74.1	2025-05-21T03:10:00Z	1747797000	34.40856878612716	14.317568786127161
74.1	2025-05-21T03:20:00Z	1747797600	34.40856878612716	14.317568786127161
74.1	2025-05-21T03:30:00Z	1747798200	34.40856878612716	14.317568786127161
74.1	2025-05-21T03:40:00Z	1747798800	33.908232483282326	13.817232483282325
74.1	2025-05-21T03:50:00Z	1747799400	34.40856878612716	13.817568786127161
74.1	2025-05-21T04:00:00Z	1747800000	33.908232483282326	13.317232483282325
74.1	2025-05-21T04:10:00Z	1747800600	32.90755987759265	12.316559877592645
74.1	2025-05-21T04:20:00Z	1747801200	34.40856878612716	14.317568786127161
74.1	2025-05-21T04:30:00Z	1747801800	35.409241391816835	14.818241391816834
74.1	2025-05-21T04:40:00Z	1747802400	34.908905088972006	14.317905088972005
74.1	2025-05-21T04:50:00Z	1747803000	34.908905088972006	14.817905088972005
74.1	2025-05-21T05:00:00Z	1747803600	31.906887271902978	11.815887271902977
74.1	2025-05-21T05:10:00Z	1747804200	33.908232483282326	13.817232483282325
74.1	2025-05-21T05:20:00Z	1747804800	33.908232483282326	13.817232483282325
74.1	2025-05-21T05:30:00Z	1747805400	32.90755987759265	12.816559877592645
74.1	2025-05-21T05:40:00Z	1747806000	32.40722357474782	12.316223574747816
74.1	2025-05-21T05:50:00Z	1747806600	32.90755987759265	12.816559877592645
74.1	2025-05-21T06:00:00Z	1747807200	33.908232483282326	13.817232483282325
74.1	2025-05-21T06:10:00Z	1747807800	32.90755987759265	13.317559877592647
74.1	2025-05-21T06:20:00Z	1747808400	33.908232483282326	14.318232483282326
74.1	2025-05-21T06:30:00Z	1747809000	33.908232483282326	14.318232483282326
74.1	2025-05-21T06:40:00Z	1747809600	32.40722357474782	12.817223574747818
74.1	2025-05-21T06:50:00Z	1747810200	31.906887271902978	12.316887271902978
74.1	2025-05-21T07:00:00Z	1747810800	30.906214666213305	10.815214666213304
74.1	2025-05-21T07:10:00Z	1747811400	31.906887271902978	11.815887271902977
74.1	2025-05-21T07:20:00Z	1747812000	31.906887271902978	11.315887271902977
74.1	2025-05-21T07:30:00Z	1747812600	31.406550969058145	8.813550969058145
74.1	2025-05-21T07:40:00Z	1747813200	30.906214666213305	6.312214666213304
74.1	2025-05-21T07:50:00Z	1747813800	30.906214666213305	5.312214666213304
74.1	2025-05-21T08:00:00Z	1747814400	29.90554206052363	2.3125420605236293
74.1	2025-05-21T08:10:00Z	1747815000	29.405205757678793	2.312205757678793
74.1	2025-05-21T08:20:00Z	1747815600	29.405205757678793	4.311205757678792
74.1	2025-05-21T08:30:00Z	1747816200	29.405205757678793	3.811205757678792
74.1	2025-05-21T08:40:00Z	1747816800	28.904869454833953	3.810869454833952
74.1	2025-05-21T08:50:00Z	1747817400	28.404533151989117	3.810533151989116
74.1	2025-05-21T09:00:00Z	1747818000	28.404533151989117	3.810533151989116
74.1	2025-05-21T09:10:00Z	1747818600	28.404533151989117	2.310533151989116
74.1	2025-05-21T09:20:00Z	1747819200	27.90419684914428	2.8101968491442797
74.1	2025-05-21T09:30:00Z	1747819800	27.90419684914428	4.31019684914428
74.1	2025-05-21T09:40:00Z	1747820400	27.90419684914428	3.8101968491442797
74.1	2025-05-21T09:50:00Z	1747821000	27.90419684914428	3.3101968491442797
74.1	2025-05-21T10:00:00Z	1747821600	27.403860546299445	2.8098605462994435
74.1	2025-05-21T10:10:00Z	1747822200	27.90419684914428	2.8101968491442797
74.1	2025-05-21T10:20:00Z	1747822800	27.90419684914428	2.8101968491442797
74.1	2025-05-21T10:30:00Z	1747823400	27.90419684914428	1.8101968491442797
74.1	2025-05-21T10:40:00Z	1747824000	29.405205757678793	3.311205757678792
74.1	2025-05-21T10:50:00Z	1747824600	32.90755987759265	6.813559877592645
74.1	2025-05-21T11:00:00Z	1747825200	33.40789618043749	7.813896180437489
74.1	2025-05-21T11:10:00Z	1747825800	33.908232483282326	8.314232483282325
74.1	2025-05-21T11:20:00Z	1747826400	34.40856878612716	8.814568786127161
74.1	2025-05-21T11:30:00Z	1747827000	35.409241391816835	9.815241391816834
74.1	2025-05-21T11:40:00Z	1747827600	35.409241391816835	9.815241391816834
74.1	2025-05-21T11:50:00Z	1747828200	35.90957769466168	10.815577694661677
74.1	2025-05-21T12:00:00Z	1747828800	34.908905088972006	9.314905088972004
74.1	2025-05-21T12:10:00Z	1747829400	34.40856878612716	8.814568786127161
74.1	2025-05-21T12:20:00Z	1747830000	34.40856878612716	8.314568786127161
74.1	2025-05-21T12:30:00Z	1747830600	34.40856878612716	8.314568786127161
74.1	2025-05-21T12:40:00Z	1747831200	33.908232483282326	7.814232483282325
74.1	2025-05-21T12:50:00Z	1747831800	33.908232483282326	7.814232483282325
74.1	2025-05-21T13:00:00Z	1747832400	33.40789618043749	6.81489618043749
74.1	2025-05-21T13:10:00Z	1747833000	33.40789618043749	6.81489618043749
74.1	2025-05-21T13:20:00Z	1747833600	32.90755987759265	5.814559877592647
74.1	2025-05-21T13:30:00Z	1747834200	33.40789618043749	6.31489618043749
74.1	2025-05-21T13:40:00Z	1747834800	33.40789618043749	6.31489618043749
74.1	2025-05-21T13:50:00Z	1747835400	32.90755987759265	5.814559877592647
74.1	2025-05-21T14:00:00Z	1747836000	32.90755987759265	5.814559877592647
74.1	2025-05-21T14:10:00Z	1747836600	32.90755987759265	5.314559877592647
74.1	2025-05-21T14:20:00Z	1747837200	32.90755987759265	5.314559877592647
74.1	2025-05-21T14:30:00Z	1747837800	32.90755987759265	5.814559877592647
74.1	2025-05-21T14:40:00Z	1747838400	35.409241391816835	8.316241391816835
74.1	2025-05-21T14:50:00Z	1747839000	34.908905088972006	7.315905088972006
74.1	2025-05-21T15:00:00Z	1747839600	34.40856878612716	6.815568786127162
74.1	2025-05-21T15:10:00Z	1747840200	34.40856878612716	6.815568786127162
74.1	2025-05-21T15:20:00Z	1747840800	34.40856878612716	6.815568786127162
74.1	2025-05-21T15:30:00Z	1747841400	33.908232483282326	6.315232483282326
74.1	2025-05-21T15:40:00Z	1747842000	33.908232483282326	6.315232483282326
74.1	2025-05-21T15:50:00Z	1747842600	34.40856878612716	6.815568786127162
74.1	2025-05-21T16:00:00Z	1747843200	34.40856878612716	6.3165687861271635
74.1	2025-05-21T16:10:00Z	1747843800	34.40856878612716	6.3165687861271635
74.1	2025-05-21T16:20:00Z	1747844400	34.40856878612716	6.3165687861271635
74.1	2025-05-21T16:30:00Z	1747845000	34.908905088972006	6.816905088972007
74.1	2025-05-21T16:40:00Z	1747845600	34.908905088972006	6.816905088972007
74.1	2025-05-21T16:50:00Z	1747846200	34.40856878612716	6.3165687861271635
74.1	2025-05-21T17:00:00Z	1747846800	34.40856878612716	6.3165687861271635
74.1	2025-05-21T17:10:00Z	1747847400	34.908905088972006	7.315905088972006
74.1	2025-05-21T17:20:00Z	1747848000	34.908905088972006	7.315905088972006
74.1	2025-05-21T17:30:00Z	1747848600	34.908905088972006	7.315905088972006
74.1	2025-05-21T17:40:00Z	1747849200	34.908905088972006	7.815905088972006
74.1	2025-05-21T17:50:00Z	1747849800	34.908905088972006	8.315905088972006
74.1	2025-05-21T18:00:00Z	1747850400	34.908905088972006	8.315905088972006
74.1	2025-05-21T18:10:00Z	1747851000	34.908905088972006	8.814905088972004
74.1	2025-05-21T18:20:00Z	1747851600	34.908905088972006	9.314905088972004
74.1	2025-05-21T18:30:00Z	1747852200	34.40856878612716	8.814568786127161
74.1	2025-05-21T18:40:00Z	1747852800	34.908905088972006	9.314905088972004
74.1	2025-05-21T18:50:00Z	1747853400	34.40856878612716	9.314568786127161
74.1	2025-05-21T19:00:00Z	1747854000	34.40856878612716	9.314568786127161
74.1	2025-05-21T19:10:00Z	1747854600	34.908905088972006	9.814905088972004
74.1	2025-05-21T19:20:00Z	1747855200	35.409241391816835	10.815241391816834
74.1	2025-05-21T19:30:00Z	1747855800	35.409241391816835	10.815241391816834
74.1	2025-05-21T19:40:00Z	1747856400	35.90957769466168	11.315577694661677
74.1	2025-05-21T19:50:00Z	1747857000	35.409241391816835	10.815241391816834
74.1	2025-05-21T20:00:00Z	1747857600	36.91025030035136	12.816250300351356
74.1	2025-05-21T20:10:00Z	1747858200	37.91092290604103	13.816922906041029
74.1	2025-05-21T20:20:00Z	1747858800	36.409913997506514	12.815913997506513
74.1	2025-05-21T20:30:00Z	1747859400	35.90957769466168	12.315577694661677
74.1	2025-05-21T20:40:00Z	1747860000	36.409913997506514	12.815913997506513
74.1	2025-05-21T20:50:00Z	1747860600	36.409913997506514	12.815913997506513
74.1	2025-05-21T21:00:00Z	1747861200	35.90957769466168	12.315577694661677
74.1	2025-05-21T21:10:00Z	1747861800	36.409913997506514	13.316913997506514
74.1	2025-05-21T21:20:00Z	1747862400	35.90957769466168	12.816577694661678
74.1	2025-05-21T21:30:00Z	1747863000	35.90957769466168	12.816577694661678
74.1	2025-05-21T21:40:00Z	1747863600	35.90957769466168	12.816577694661678
74.1	2025-05-21T21:50:00Z	1747864200	35.409241391816835	12.316241391816835
74.1	2025-05-21T22:00:00Z	1747864800	35.409241391816835	12.316241391816835
74.1	2025-05-21T22:10:00Z	1747865400	35.409241391816835	12.316241391816835
74.1	2025-05-21T22:20:00Z	1747866000	35.409241391816835	12.816241391816835
74.1	2025-05-21T22:30:00Z	1747866600	34.908905088972006	12.315905088972006
74.1	2025-05-21T22:40:00Z	1747867200	34.908905088972006	12.315905088972006
74.1	2025-05-21T22:50:00Z	1747867800	34.40856878612716	11.815568786127162
74.1	2025-05-21T23:00:00Z	1747868400	34.40856878612716	11.815568786127162
74.1	2025-05-21T23:10:00Z	1747869000	34.40856878612716	12.315568786127162
74.1	2025-05-21T23:20:00Z	1747869600	35.409241391816835	13.316241391816835
74.1	2025-05-21T23:30:00Z	1747870200	34.908905088972006	12.815905088972006
74.1	2025-05-21T23:40:00Z	1747870800	35.409241391816835	13.316241391816835
74.1	2025-05-21T23:50:00Z	1747871400	34.908905088972006	12.815905088972006
74.1	2025-05-22T00:00:00Z	1747872000	34.908905088972006	12.815905088972006
74.1	2025-05-22T00:10:00Z	1747872600	34.40856878612716	12.315568786127162
74.1	2025-05-22T00:20:00Z	1747873200	33.908232483282326	12.316232483282327
74.1	2025-05-22T00:30:00Z	1747873800	33.908232483282326	11.815232483282326
74.1	2025-05-22T00:40:00Z	1747874400	34.40856878612716	12.315568786127162
74.1	2025-05-22T00:50:00Z	1747875000	35.409241391816835	13.316241391816835
74.1	2025-05-22T01:00:00Z	1747875600	34.908905088972006	13.316905088972007
74.1	2025-05-22T01:10:00Z	1747876200	35.409241391816835	13.316241391816835
74.1	2025-05-22T01:20:00Z	1747876800	35.409241391816835	13.316241391816835
74.1	2025-05-22T01:30:00Z	1747877400	34.40856878612716	12.315568786127162
74.1	2025-05-22T01:40:00Z	1747878000	33.908232483282326	11.815232483282326
74.1	2025-05-22T01:50:00Z	1747878600	34.908905088972006	12.815905088972006
74.1	2025-05-22T02:00:00Z	1747879200	34.40856878612716	12.315568786127162
74.1	2025-05-22T02:10:00Z	1747879800	33.908232483282326	11.815232483282326
74.1	2025-05-22T02:20:00Z	1747880400	33.40789618043749	11.31489618043749
74.1	2025-05-22T02:30:00Z	1747881000	33.40789618043749	11.31489618043749
74.1	2025-05-22T02:40:00Z	1747881600	32.90755987759265	11.315559877592648
74.1	2025-05-22T02:50:00Z	1747882200	33.908232483282326	12.316232483282327
74.1	2025-05-22T03:00:00Z	1747882800	33.908232483282326	12.316232483282327
74.1	2025-05-22T03:10:00Z	1747883400	33.40789618043749	11.815896180437491
74.1	2025-05-22T03:20:00Z	1747884000	33.40789618043749	11.815896180437491
74.1	2025-05-22T03:30:00Z	1747884600	32.40722357474782	10.815223574747819
74.1	2025-05-22T03:40:00Z	1747885200	32.90755987759265	11.315559877592648
74.1	2025-05-22T03:50:00Z	1747885800	32.90755987759265	11.315559877592648
74.1	2025-05-22T04:00:00Z	1747886400	33.908232483282326	12.316232483282327
74.1	2025-05-22T04:10:00Z	1747887000	33.908232483282326	12.316232483282327
74.1	2025-05-22T04:20:00Z	1747887600	33.908232483282326	12.316232483282327
74.1	2025-05-22T04:30:00Z	1747888200	34.40856878612716	12.816568786127164
74.1	2025-05-22T04:40:00Z	1747888800	34.40856878612716	12.816568786127164
74.1	2025-05-22T04:50:00Z	1747889400	34.40856878612716	12.816568786127164
74.1	2025-05-22T05:00:00Z	1747890000	34.40856878612716	12.816568786127164
74.1	2025-05-22T05:10:00Z	1747890600	33.908232483282326	12.316232483282327
74.1	2025-05-22T05:20:00Z	1747891200	33.908232483282326	12.816232483282327
74.1	2025-05-22T05:30:00Z	1747891800	34.908905088972006	13.816905088972007
74.1	2025-05-22T05:40:00Z	1747892400	35.409241391816835	14.317241391816836
74.1	2025-05-22T05:50:00Z	1747893000	33.908232483282326	12.816232483282327
74.1	2025-05-22T06:00:00Z	1747893600	33.908232483282326	12.816232483282327
74.1	2025-05-22T06:10:00Z	1747894200	34.908905088972006	13.816905088972007
74.1	2025-05-22T06:20:00Z	1747894800	33.908232483282326	12.816232483282327
74.1	2025-05-22T06:30:00Z	1747895400	32.40722357474782	11.315223574747819
74.1	2025-05-22T06:40:00Z	1747896000	32.40722357474782	10.815223574747819
74.1	2025-05-22T06:50:00Z	1747896600	31.906887271902978	10.814887271902979
74.1	2025-05-22T07:00:00Z	1747897200	30.906214666213305	9.814214666213307
74.1	2025-05-22T07:10:00Z	1747897800	30.405878363368466	9.313878363368467
74.1	2025-05-22T07:20:00Z	1747898400	29.90554206052363	8.81354206052363
74.1	2025-05-22T07:30:00Z	1747899000	29.405205757678793	8.313205757678794
74.1	2025-05-22T07:40:00Z	1747899600	28.904869454833953	7.312869454833955
74.1	2025-05-22T07:50:00Z	1747900200	28.904869454833953	7.812869454833955
74.1	2025-05-22T08:00:00Z	1747900800	28.404533151989117	7.312533151989118
74.1	2025-05-22T08:10:00Z	1747901400	28.404533151989117	7.312533151989118
74.1	2025-05-22T08:20:00Z	1747902000	27.90419684914428	6.312196849144282
74.1	2025-05-22T08:30:00Z	1747902600	27.90419684914428	6.312196849144282
74.1	2025-05-22T08:40:00Z	1747903200	27.403860546299445	5.310860546299445
74.1	2025-05-22T08:50:00Z	1747903800	27.403860546299445	4.310860546299445
74.1	2025-05-22T09:00:00Z	1747904400	27.403860546299445	3.8098605462994435
74.1	2025-05-22T09:10:00Z	1747905000	27.403860546299445	2.8098605462994435
74.1	2025-05-22T09:20:00Z	1747905600	27.90419684914428	2.8101968491442797
74.1	2025-05-22T09:30:00Z	1747906200	27.90419684914428	3.3101968491442797
74.1	2025-05-22T09:40:00Z	1747906800	27.90419684914428	3.3101968491442797
74.1	2025-05-22T09:50:00Z	1747907400	28.904869454833953	4.310869454833952
74.1	2025-05-22T10:00:00Z	1747908000	29.90554206052363	5.311542060523628
74.1	2025-05-22T10:10:00Z	1747908600	31.406550969058145	5.812550969058144
74.1	2025-05-22T10:20:00Z	1747909200	30.906214666213305	4.812214666213304
74.1	2025-05-22T10:30:00Z	1747909800	30.906214666213305	5.312214666213304
74.1	2025-05-22T10:40:00Z	1747910400	30.906214666213305	4.812214666213304
74.1	2025-05-22T10:50:00Z	1747911000	30.906214666213305	4.313214666213305
74.1	2025-05-22T11:00:00Z	1747911600	30.906214666213305	4.313214666213305
74.1	2025-05-22T11:10:00Z	1747912200	30.906214666213305	3.8132146662133053
74.1	2025-05-22T11:20:00Z	1747912800	31.406550969058145	4.313550969058145
74.1	2025-05-22T11:30:00Z	1747913400	31.406550969058145	4.313550969058145
74.1	2025-05-22T11:40:00Z	1747914000	31.906887271902978	4.313887271902978
74.1	2025-05-22T11:50:00Z	1747914600	31.906887271902978	3.814887271902979
74.1	2025-05-22T12:00:00Z	1747915200	31.906887271902978	3.814887271902979
74.1	2025-05-22T12:10:00Z	1747915800	31.406550969058145	4.313550969058145
74.1	2025-05-22T12:20:00Z	1747916400	31.406550969058145	4.313550969058145
74.1	2025-05-22T12:30:00Z	1747917000	31.406550969058145	4.813550969058145
74.1	2025-05-22T12:40:00Z	1747917600	30.906214666213305	7.813214666213305
74.1	2025-05-22T12:50:00Z	1747918200	31.406550969058145	11.315550969058144
74.1	2025-05-22T13:00:00Z	1747918800	32.90755987759265	13.317559877592647
74.1	2025-05-22T13:10:00Z	1747919400	32.40722357474782	12.817223574747818
74.1	2025-05-22T13:20:00Z	1747920000	31.406550969058145	11.816550969058145
74.1	2025-05-22T13:30:00Z	1747920600	30.405878363368466	10.314878363368464
74.1	2025-05-22T13:40:00Z	1747921200	30.906214666213305	10.315214666213304
74.1	2025-05-22T13:50:00Z	1747921800	30.405878363368466	9.313878363368467
74.1	2025-05-22T14:00:00Z	1747922400	29.90554206052363	8.81354206052363
74.1	2025-05-22T14:10:00Z	1747923000	29.405205757678793	7.813205757678794
74.1	2025-05-22T14:20:00Z	1747923600	30.405878363368466	8.813878363368467
74.1	2025-05-22T14:30:00Z	1747924200	30.906214666213305	8.813214666213305
74.1	2025-05-22T14:40:00Z	1747924800	30.906214666213305	7.813214666213305
74.1	2025-05-22T14:50:00Z	1747925400	30.906214666213305	6.812214666213304
74.1	2025-05-22T15:00:00Z	1747926000	30.906214666213305	6.312214666213304
74.1	2025-05-22T15:10:00Z	1747926600	30.906214666213305	6.312214666213304
74.1	2025-05-22T15:20:00Z	1747927200	30.906214666213305	6.312214666213304
74.1	2025-05-22T15:30:00Z	1747927800	30.906214666213305	6.312214666213304
74.1	2025-05-22T15:40:00Z	1747928400	31.406550969058145	6.812550969058144
74.1	2025-05-22T15:50:00Z	1747929000	31.406550969058145	6.312550969058144
74.1	2025-05-22T16:00:00Z	1747929600	31.906887271902978	6.8128872719029765
74.1	2025-05-22T16:10:00Z	1747930200	31.906887271902978	6.8128872719029765
74.1	2025-05-22T16:20:00Z	1747930800	32.40722357474782	7.313223574747816
74.1	2025-05-22T16:30:00Z	1747931400	33.40789618043749	8.313896180437489
74.1	2025-05-22T16:40:00Z	1747932000	33.40789618043749	8.313896180437489
74.1	2025-05-22T16:50:00Z	1747932600	33.40789618043749	8.813896180437489
74.1	2025-05-22T17:00:00Z	1747933200	32.90755987759265	8.313559877592645
74.1	2025-05-22T17:10:00Z	1747933800	32.90755987759265	8.813559877592645
74.1	2025-05-22T17:20:00Z	1747934400	32.90755987759265	8.813559877592645
74.1	2025-05-22T17:30:00Z	1747935000	32.90755987759265	8.813559877592645
74.1	2025-05-22T17:40:00Z	1747935600	33.40789618043749	9.313896180437489
74.1	2025-05-22T17:50:00Z	1747936200	33.908232483282326	9.814232483282325
74.1	2025-05-22T18:00:00Z	1747936800	33.908232483282326	9.814232483282325
74.1	2025-05-22T18:10:00Z	1747937400	34.40856878612716	10.814568786127161
74.1	2025-05-22T18:20:00Z	1747938000	34.40856878612716	10.814568786127161
74.1	2025-05-22T18:30:00Z	1747938600	33.908232483282326	10.314232483282325
74.1	2025-05-22T18:40:00Z	1747939200	33.908232483282326	10.815232483282326
74.1	2025-05-22T18:50:00Z	1747939800	33.908232483282326	10.815232483282326
74.1	2025-05-22T19:00:00Z	1747940400	33.40789618043749	10.31489618043749
74.1	2025-05-22T19:10:00Z	1747941000	33.908232483282326	11.315232483282326
74.1	2025-05-22T19:20:00Z	1747941600	34.908905088972006	12.315905088972006
74.1	2025-05-22T19:30:00Z	1747942200	34.908905088972006	12.815905088972006
74.1	2025-05-22T19:40:00Z	1747942800	33.40789618043749	13.316896180437489
74.1	2025-05-22T19:50:00Z	1747943400	33.40789618043749	13.316896180437489
74.1	2025-05-22T20:00:00Z	1747944000	32.40722357474782	12.316223574747816
74.1	2025-05-22T20:10:00Z	1747944600	35.90957769466168	15.818577694661677
74.1	2025-05-22T20:20:00Z	1747945200	34.908905088972006	14.817905088972005
74.1	2025-05-22T20:30:00Z	1747945800	34.908905088972006	14.817905088972005
74.1	2025-05-22T20:40:00Z	1747946400	34.40856878612716	14.317568786127161
74.1	2025-05-22T20:50:00Z	1747947000	34.908905088972006	14.817905088972005
74.1	2025-05-22T21:00:00Z	1747947600	35.409241391816835	15.318241391816834
74.1	2025-05-22T21:10:00Z	1747948200	33.40789618043749	13.316896180437489
74.1	2025-05-22T21:20:00Z	1747948800	34.40856878612716	14.317568786127161
74.1	2025-05-22T21:30:00Z	1747949400	35.409241391816835	14.818241391816834
74.1	2025-05-22T21:40:00Z	1747950000	34.908905088972006	14.317905088972005
74.1	2025-05-22T21:50:00Z	1747950600	34.908905088972006	14.317905088972005
74.1	2025-05-22T22:00:00Z	1747951200	34.40856878612716	13.817568786127161
74.1	2025-05-22T22:10:00Z	1747951800	33.908232483282326	13.817232483282325
74.1	2025-05-22T22:20:00Z	1747952400	34.40856878612716	14.317568786127161
74.1	2025-05-22T22:30:00Z	1747953000	34.908905088972006	14.317905088972005
74.1	2025-05-22T22:40:00Z	1747953600	34.908905088972006	14.317905088972005
74.1	2025-05-22T22:50:00Z	1747954200	33.908232483282326	13.817232483282325
74.1	2025-05-22T23:00:00Z	1747954800	34.908905088972006	14.817905088972005
74.1	2025-05-22T23:10:00Z	1747955400	35.409241391816835	14.818241391816834
74.1	2025-05-22T23:20:00Z	1747956000	34.908905088972006	14.317905088972005
74.1	2025-05-22T23:30:00Z	1747956600	34.908905088972006	14.317905088972005
74.1	2025-05-22T23:40:00Z	1747957200	34.40856878612716	13.817568786127161
74.1	2025-05-22T23:50:00Z	1747957800	34.908905088972006	14.317905088972005
74.1	2025-05-23T00:00:00Z	1747958400	34.40856878612716	13.817568786127161
74.1	2025-05-23T00:10:00Z	1747959000	35.409241391816835	14.818241391816834
74.1	2025-05-23T00:20:00Z	1747959600	34.40856878612716	13.817568786127161
74.1	2025-05-23T00:30:00Z	1747960200	34.40856878612716	13.316568786127164
74.1	2025-05-23T00:40:00Z	1747960800	34.40856878612716	13.817568786127161
74.1	2025-05-23T00:50:00Z	1747961400	33.908232483282326	13.317232483282325
74.1	2025-05-23T01:00:00Z	1747962000	33.908232483282326	13.317232483282325
74.1	2025-05-23T01:10:00Z	1747962600	34.908905088972006	14.317905088972005
74.1	2025-05-23T01:20:00Z	1747963200	34.40856878612716	13.817568786127161
74.1	2025-05-23T01:30:00Z	1747963800	34.908905088972006	14.817905088972005
74.1	2025-05-23T01:40:00Z	1747964400	34.40856878612716	14.317568786127161
74.1	2025-05-23T01:50:00Z	1747965000	34.40856878612716	14.317568786127161
74.1	2025-05-23T02:00:00Z	1747965600	33.908232483282326	13.317232483282325
74.1	2025-05-23T02:10:00Z	1747966200	33.40789618043749	12.816896180437489
74.1	2025-05-23T02:20:00Z	1747966800	33.908232483282326	13.317232483282325
74.1	2025-05-23T02:30:00Z	1747967400	33.40789618043749	12.816896180437489
74.1	2025-05-23T02:40:00Z	1747968000	33.908232483282326	13.317232483282325
74.1	2025-05-23T02:50:00Z	1747968600	34.40856878612716	13.817568786127161
74.1	2025-05-23T03:00:00Z	1747969200	34.40856878612716	14.317568786127161
74.1	2025-05-23T03:10:00Z	1747969800	34.40856878612716	14.317568786127161
74.1	2025-05-23T03:20:00Z	1747970400	33.908232483282326	13.817232483282325
74.1	2025-05-23T03:30:00Z	1747971000	33.40789618043749	13.316896180437489
74.1	2025-05-23T03:40:00Z	1747971600	34.40856878612716	14.818568786127162
74.1	2025-05-23T03:50:00Z	1747972200	33.40789618043749	13.81789618043749
74.1	2025-05-23T04:00:00Z	1747972800	33.908232483282326	14.318232483282326
74.1	2025-05-23T04:10:00Z	1747973400	32.90755987759265	13.317559877592647
74.1	2025-05-23T04:20:00Z	1747974000	34.40856878612716	14.818568786127162
74.1	2025-05-23T04:30:00Z	1747974600	33.40789618043749	13.81789618043749
74.1	2025-05-23T04:40:00Z	1747975200	33.40789618043749	13.81789618043749
74.1	2025-05-23T04:50:00Z	1747975800	34.40856878612716	14.818568786127162
74.1	2025-05-23T05:00:00Z	1747976400	33.908232483282326	13.817232483282325
74.1	2025-05-23T05:10:00Z	1747977000	34.40856878612716	14.317568786127161
74.1	2025-05-23T05:20:00Z	1747977600	34.40856878612716	14.317568786127161
74.1	2025-05-23T05:30:00Z	1747978200	34.908905088972006	14.817905088972005
74.1	2025-05-23T05:40:00Z	1747978800	34.40856878612716	14.317568786127161
74.1	2025-05-23T05:50:00Z	1747979400	32.90755987759265	12.816559877592645
74.1	2025-05-23T06:00:00Z	1747980000	34.908905088972006	14.817905088972005
74.1	2025-05-23T06:10:00Z	1747980600	34.908905088972006	14.817905088972005
74.1	2025-05-23T06:20:00Z	1747981200	33.908232483282326	13.817232483282325
74.1	2025-05-23T06:30:00Z	1747981800	34.40856878612716	14.317568786127161
74.1	2025-05-23T06:40:00Z	1747982400	34.40856878612716	14.317568786127161
74.1	2025-05-23T06:50:00Z	1747983000	33.908232483282326	13.817232483282325
74.1	2025-05-23T07:00:00Z	1747983600	32.90755987759265	12.816559877592645
74.1	2025-05-23T07:10:00Z	1747984200	31.906887271902978	11.815887271902977
74.1	2025-05-23T07:20:00Z	1747984800	31.406550969058145	10.815550969058144
74.1	2025-05-23T07:30:00Z	1747985400	31.406550969058145	10.815550969058144
74.1	2025-05-23T07:40:00Z	1747986000	30.906214666213305	10.315214666213304
74.1	2025-05-23T07:50:00Z	1747986600	30.405878363368466	9.313878363368467
74.1	2025-05-23T08:00:00Z	1747987200	29.90554206052363	8.31354206052363
74.1	2025-05-23T08:10:00Z	1747987800	29.405205757678793	7.312205757678793
74.1	2025-05-23T08:20:00Z	1747988400	28.904869454833953	5.310869454833952
74.1	2025-05-23T08:30:00Z	1747989000	28.904869454833953	0.8128694548339546
74.1	2025-05-23T08:40:00Z	1747989600	28.404533151989117	-1.186466848010884
74.1	2025-05-23T08:50:00Z	1747990200	28.404533151989117	0.8115331519891171
74.1	2025-05-23T09:00:00Z	1747990800	29.405205757678793	4.311205757678792
74.1	2025-05-23T09:10:00Z	1747991400	31.406550969058145	4.313550969058145
74.1	2025-05-23T09:20:00Z	1747992000	31.406550969058145	2.315550969058144
74.1	2025-05-23T09:30:00Z	1747992600	33.908232483282326	5.816232483282327
74.1	2025-05-23T09:40:00Z	1747993200	34.40856878612716	8.314568786127161
74.1	2025-05-23T09:50:00Z	1747993800	34.908905088972006	8.814905088972004
74.1	2025-05-23T10:00:00Z	1747994400	33.908232483282326	7.814232483282325
74.1	2025-05-23T10:10:00Z	1747995000	33.40789618043749	7.313896180437489
74.1	2025-05-23T10:20:00Z	1747995600	32.90755987759265	6.314559877592647
74.1	2025-05-23T10:30:00Z	1747996200	32.90755987759265	6.314559877592647
74.1	2025-05-23T10:40:00Z	1747996800	33.908232483282326	7.315232483282326
74.1	2025-05-23T10:50:00Z	1747997400	35.409241391816835	9.315241391816834
74.1	2025-05-23T11:00:00Z	1747998000	35.409241391816835	9.315241391816834
74.1	2025-05-23T11:10:00Z	1747998600	34.908905088972006	8.814905088972004
74.1	2025-05-23T11:20:00Z	1747999200	34.40856878612716	7.815568786127162
74.1	2025-05-23T11:30:00Z	1747999800	34.40856878612716	8.314568786127161
74.1	2025-05-23T11:40:00Z	1748000400	34.908905088972006	8.315905088972006
74.1	2025-05-23T11:50:00Z	1748001000	34.40856878612716	7.815568786127162
74.1	2025-05-23T12:00:00Z	1748001600	34.40856878612716	7.815568786127162
74.1	2025-05-23T12:10:00Z	1748002200	32.90755987759265	9.549059877592647
74.1	2025-05-23T12:20:00Z	1748002800	30.405878363368466	9.048878363368466
74.1	2025-05-23T12:30:00Z	1748003400	33.40789618043749	12.55089618043749
74.1	2025-05-23T12:40:00Z	1748004000	32.40722357474782	11.800223574747818
74.1	2025-05-23T12:50:00Z	1748004600	26.40318794060977	5.796687940609772
74.1	2025-05-23T13:00:00Z	1748005200	26.903524243454605	6.547024243454608
74.1	2025-05-23T13:10:00Z	1748005800	25.402515334920093	5.546515334920091
74.1	2025-05-23T13:20:00Z	1748006400	27.403860546299445	8.298360546299445
74.1	2025-05-23T13:30:00Z	1748007000	26.40318794060977	7.297687940609769
74.1	2025-05-23T13:40:00Z	1748007600	25.402515334920093	6.2970153349200935
74.1	2025-05-23T13:50:00Z	1748008200	24.40184272923042	5.046342729230421
74.1	2025-05-23T14:00:00Z	1748008800	23.90150642638558	4.796006426385581
74.1	2025-05-23T14:10:00Z	1748009400	22.900833820695908	3.795333820695909
74.1	2025-05-23T14:20:00Z	1748010000	22.40049751785107	4.296497517851069
74.1	2025-05-23T14:30:00Z	1748010600	22.40049751785107	4.045997517851067
74.1	2025-05-23T14:40:00Z	1748011200	21.399824912161396	3.5458249121613967
74.1	2025-05-23T14:50:00Z	1748011800	20.899488609316556	3.295488609316557
74.1	2025-05-23T15:00:00Z	1748012400	20.39915230647172	3.0456523064717196
74.1	2025-05-23T15:10:00Z	1748013000	19.898816003626884	2.795816003626882
74.1	2025-05-23T15:20:00Z	1748013600	20.39915230647172	2.2951523064717207
74.1	2025-05-23T15:30:00Z	1748014200	20.39915230647172	2.2951523064717207
74.1	2025-05-23T15:40:00Z	1748014800	19.898816003626884	2.5453160036268834
74.1	2025-05-23T15:50:00Z	1748015400	19.898816003626884	3.2968160036268834
74.1	2025-05-23T16:00:00Z	1748016000	20.39915230647172	3.546652306471721
74.1	2025-05-23T16:10:00Z	1748016600	20.39915230647172	3.546652306471721
74.1	2025-05-23T16:20:00Z	1748017200	20.899488609316556	3.045488609316557
74.1	2025-05-23T16:30:00Z	1748017800	20.39915230647172	3.0456523064717196
74.1	2025-05-23T16:40:00Z	1748018400	19.898816003626884	1.7948160036268845
74.1	2025-05-23T16:50:00Z	1748019000	19.898816003626884	1.7948160036268845
74.1	2025-05-23T17:00:00Z	1748019600	19.398479700782044	2.0449797007820436
74.1	2025-05-23T17:10:00Z	1748020200	19.398479700782044	1.7944797007820448
74.1	2025-05-23T17:20:00Z	1748020800	19.398479700782044	2.0449797007820436
74.1	2025-05-23T17:30:00Z	1748021400	19.898816003626884	2.5453160036268834
74.1	2025-05-23T17:40:00Z	1748022000	19.898816003626884	1.7948160036268845
74.1	2025-05-23T17:50:00Z	1748022600	19.898816003626884	1.2938160036268869
74.1	2025-05-23T18:00:00Z	1748023200	19.898816003626884	0.7933160036268845
74.1	2025-05-23T18:10:00Z	1748023800	20.899488609316556	1.2934886093165545
74.1	2025-05-23T18:20:00Z	1748024400	23.401170123540744	3.7951701235407427
74.1	2025-05-23T18:30:00Z	1748025000	22.900833820695908	3.545333820695909
74.1	2025-05-23T18:40:00Z	1748025600	22.900833820695908	4.295833820695911
74.1	2025-05-23T18:50:00Z	1748026200	22.40049751785107	3.544997517851069
74.1	2025-05-23T19:00:00Z	1748026800	23.90150642638558	5.046006426385581
74.1	2025-05-23T19:10:00Z	1748027400	25.90285163776493	6.79735163776493
74.1	2025-05-23T19:20:00Z	1748028000	28.404533151989117	8.798533151989115
74.1	2025-05-23T19:30:00Z	1748028600	27.403860546299445	8.047860546299443
74.1	2025-05-23T19:40:00Z	1748029200	28.404533151989117	8.548033151989117
74.1	2025-05-23T19:50:00Z	1748029800	27.90419684914428	8.04769684914428
74.1	2025-05-23T20:00:00Z	1748030400	29.405205757678793	9.298705757678793
74.1	2025-05-23T20:10:00Z	1748031000	30.906214666213305	11.550714666213306
74.1	2025-05-23T20:20:00Z	1748031600	31.406550969058145	12.050550969058143
74.1	2025-05-23T20:30:00Z	1748032200	30.906214666213305	12.551714666213304
74.1	2025-05-23T20:40:00Z	1748032800	30.906214666213305	12.051214666213305
74.1	2025-05-23T20:50:00Z	1748033400	30.405878363368466	11.800878363368465
74.1	2025-05-23T21:00:00Z	1748034000	27.403860546299445	9.549860546299445
74.1	2025-05-23T21:10:00Z	1748034600	29.405205757678793	10.800205757678793
74.1	2025-05-23T21:20:00Z	1748035200	30.405878363368466	12.051378363368464
74.1	2025-05-23T21:30:00Z	1748035800	30.906214666213305	12.801714666213304
74.1	2025-05-23T21:40:00Z	1748036400	27.403860546299445	9.049360546299443
74.1	2025-05-23T21:50:00Z	1748037000	28.404533151989117	9.79953315198912
74.1	2025-05-23T22:00:00Z	1748037600	28.904869454833953	9.799369454833954
74.1	2025-05-23T22:10:00Z	1748038200	30.405878363368466	11.300378363368466
74.1	2025-05-23T22:20:00Z	1748038800	29.405205757678793	11.050705757678791
74.1	2025-05-23T22:30:00Z	1748039400	28.404533151989117	10.550533151989118
74.1	2025-05-23T22:40:00Z	1748040000	28.404533151989117	9.799533151989117
74.1	2025-05-23T22:50:00Z	1748040600	27.90419684914428	9.29919684914428
74.1	2025-05-23T23:00:00Z	1748041200	27.90419684914428	9.048696849144282
74.1	2025-05-23T23:10:00Z	1748041800	27.90419684914428	9.800196849144282
74.1	2025-05-23T23:20:00Z	1748042400	29.90554206052363	12.05154206052363
74.1	2025-05-23T23:30:00Z	1748043000	27.90419684914428	10.55069684914428
74.1	2025-05-23T23:40:00Z	1748043600	27.90419684914428	10.55069684914428
74.1	2025-05-23T23:50:00Z	1748044200	28.404533151989117	10.050033151989116
74.1	2025-05-24T00:00:00Z	1748044800	28.404533151989117	9.549033151989118
74.1	2025-05-24T00:10:00Z	1748045400	31.906887271902978	13.051387271902978
74.1	2025-05-24T00:20:00Z	1748046000	26.903524243454605	8.298524243454604
74.1	2025-05-24T00:30:00Z	1748046600	28.404533151989117	10.050033151989116
74.1	2025-05-24T00:40:00Z	1748047200	29.90554206052363	11.801042060523628
74.1	2025-05-24T00:50:00Z	1748047800	28.904869454833953	10.049869454833953
74.1	2025-05-24T01:00:00Z	1748048400	26.903524243454605	8.549024243454603
74.1	2025-05-24T01:10:00Z	1748049000	29.405205757678793	9.799205757678791
74.1	2025-05-24T01:20:00Z	1748049600	34.40856878612716	11.815568786127162
74.1	2025-05-24T01:30:00Z	1748050200	33.908232483282326	11.315232483282326
74.1	2025-05-24T01:40:00Z	1748050800	33.908232483282326	11.315232483282326
74.1	2025-05-24T01:50:00Z	1748051400	33.40789618043749	10.81489618043749
74.1	2025-05-24T02:00:00Z	1748052000	34.40856878612716	11.815568786127162
74.1	2025-05-24T02:10:00Z	1748052600	32.40722357474782	9.814223574747817
74.1	2025-05-24T02:20:00Z	1748053200	33.40789618043749	11.31489618043749
74.1	2025-05-24T02:30:00Z	1748053800	32.40722357474782	10.314223574747817
74.1	2025-05-24T02:40:00Z	1748054400	31.906887271902978	9.813887271902978
74.1	2025-05-24T02:50:00Z	1748055000	30.405878363368466	8.312878363368466
74.1	2025-05-24T03:00:00Z	1748055600	31.406550969058145	9.313550969058145
74.1	2025-05-24T03:10:00Z	1748056200	34.40856878612716	12.816568786127164
74.1	2025-05-24T03:20:00Z	1748056800	33.908232483282326	12.316232483282327
74.1	2025-05-24T03:30:00Z	1748057400	33.40789618043749	12.315896180437491
74.1	2025-05-24T03:40:00Z	1748058000	32.90755987759265	11.815559877592648
74.1	2025-05-24T03:50:00Z	1748058600	31.906887271902978	10.814887271902979
74.1	2025-05-24T04:00:00Z	1748059200	31.406550969058145	10.314550969058146
74.1	2025-05-24T04:10:00Z	1748059800	30.906214666213305	9.814214666213307
74.1	2025-05-24T04:20:00Z	1748060400	31.406550969058145	10.314550969058146
74.1	2025-05-24T04:30:00Z	1748061000	31.406550969058145	10.815550969058144
74.1	2025-05-24T04:40:00Z	1748061600	31.906887271902978	11.315887271902977
74.1	2025-05-24T04:50:00Z	1748062200	32.90755987759265	12.316559877592645
74.1	2025-05-24T05:00:00Z	1748062800	32.40722357474782	11.816223574747816
74.1	2025-05-24T05:10:00Z	1748063400	34.908905088972006	14.317905088972005
74.1	2025-05-24T05:20:00Z	1748064000	33.40789618043749	12.816896180437489
74.1	2025-05-24T05:30:00Z	1748064600	34.40856878612716	13.817568786127161
74.1	2025-05-24T05:40:00Z	1748065200	35.90957769466168	15.318577694661677
74.1	2025-05-24T05:50:00Z	1748065800	35.409241391816835	15.318241391816834
74.1	2025-05-24T06:00:00Z	1748066400	33.908232483282326	13.817232483282325
74.1	2025-05-24T06:10:00Z	1748067000	34.40856878612716	14.317568786127161
74.1	2025-05-24T06:20:00Z	1748067600	33.908232483282326	13.817232483282325
74.1	2025-05-24T06:30:00Z	1748068200	32.90755987759265	12.816559877592645
74.1	2025-05-24T06:40:00Z	1748068800	32.90755987759265	12.316559877592645
74.1	2025-05-24T06:50:00Z	1748069400	32.40722357474782	11.816223574747816
74.1	2025-05-24T07:00:00Z	1748070000	31.906887271902978	11.815887271902977
74.1	2025-05-24T07:10:00Z	1748070600	32.40722357474782	12.316223574747816
74.1	2025-05-24T07:20:00Z	1748071200	32.40722357474782	11.816223574747816
74.1	2025-05-24T07:30:00Z	1748071800	31.906887271902978	9.313887271902978
74.1	2025-05-24T07:40:00Z	1748072400	31.906887271902978	7.3128872719029765
74.1	2025-05-24T07:50:00Z	1748073000	31.406550969058145	5.812550969058144
74.1	2025-05-24T08:00:00Z	1748073600	31.906887271902978	4.313887271902978
74.1	2025-05-24T08:10:00Z	1748074200	31.906887271902978	3.314887271902979
74.1	2025-05-24T08:20:00Z	1748074800	31.906887271902978	4.313887271902978
74.1	2025-05-24T08:30:00Z	1748075400	31.406550969058145	1.3165509690581452
74.1	2025-05-24T08:40:00Z	1748076000	31.406550969058145	0.3175509690581464
74.1	2025-05-24T08:50:00Z	1748076600	31.906887271902978	2.3158872719029766
74.1	2025-05-24T09:00:00Z	1748077200	32.40722357474782	3.3162235747478164
74.1	2025-05-24T09:10:00Z	1748077800	32.40722357474782	2.3172235747478176
74.1	2025-05-24T09:20:00Z	1748078400	31.906887271902978	1.8168872719029778
74.1	2025-05-24T09:30:00Z	1748079000	32.40722357474782	3.8152235747478187
74.1	2025-05-24T09:40:00Z	1748079600	31.906887271902978	4.813887271902978
74.1	2025-05-24T09:50:00Z	1748080200	31.906887271902978	4.813887271902978
74.1	2025-05-24T10:00:00Z	1748080800	31.906887271902978	4.813887271902978
74.1	2025-05-24T10:10:00Z	1748081400	31.906887271902978	4.813887271902978
74.1	2025-05-24T10:20:00Z	1748082000	31.906887271902978	4.813887271902978
74.1	2025-05-24T10:30:00Z	1748082600	31.906887271902978	4.313887271902978
74.1	2025-05-24T10:40:00Z	1748083200	31.906887271902978	4.313887271902978
74.1	2025-05-24T10:50:00Z	1748083800	32.40722357474782	4.8142235747478175
74.1	2025-05-24T11:00:00Z	1748084400	32.40722357474782	4.315223574747819
74.1	2025-05-24T11:10:00Z	1748085000	32.40722357474782	4.315223574747819
74.1	2025-05-24T11:20:00Z	1748085600	32.90755987759265	4.815559877592648
74.1	2025-05-24T11:30:00Z	1748086200	33.40789618043749	5.315896180437491
74.1	2025-05-24T11:40:00Z	1748086800	32.90755987759265	4.815559877592648
74.1	2025-05-24T11:50:00Z	1748087400	32.90755987759265	4.815559877592648
74.1	2025-05-24T12:00:00Z	1748088000	32.90755987759265	4.815559877592648
74.1	2025-05-24T12:10:00Z	1748088600	32.40722357474782	3.8152235747478187
74.1	2025-05-24T12:20:00Z	1748089200	32.40722357474782	3.8152235747478187
74.1	2025-05-24T12:30:00Z	1748089800	32.40722357474782	4.315223574747819
74.1	2025-05-24T12:40:00Z	1748090400	32.40722357474782	4.315223574747819
74.1	2025-05-24T12:50:00Z	1748091000	32.40722357474782	3.8152235747478187
74.1	2025-05-24T13:00:00Z	1748091600	32.40722357474782	4.315223574747819
74.1	2025-05-24T13:10:00Z	1748092200	32.40722357474782	4.315223574747819
74.1	2025-05-24T13:20:00Z	1748092800	32.90755987759265	4.815559877592648
74.1	2025-05-24T13:30:00Z	1748093400	32.90755987759265	4.315559877592648
74.1	2025-05-24T13:40:00Z	1748094000	32.90755987759265	4.815559877592648
74.1	2025-05-24T13:50:00Z	1748094600	32.40722357474782	3.8152235747478187
74.1	2025-05-24T14:00:00Z	1748095200	32.90755987759265	4.315559877592648
74.1	2025-05-24T14:10:00Z	1748095800	32.90755987759265	4.815559877592648
74.1	2025-05-24T14:20:00Z	1748096400	32.90755987759265	4.315559877592648
74.1	2025-05-24T14:30:00Z	1748097000	32.90755987759265	4.315559877592648
74.1	2025-05-24T14:40:00Z	1748097600	33.40789618043749	5.315896180437491
74.1	2025-05-24T14:50:00Z	1748098200	33.40789618043749	4.815896180437491
74.1	2025-05-24T15:00:00Z	1748098800	33.40789618043749	4.316896180437489
74.1	2025-05-24T15:10:00Z	1748099400	34.40856878612716	5.317568786127161
74.1	2025-05-24T15:20:00Z	1748100000	34.908905088972006	5.8179050889720045
74.1	2025-05-24T15:30:00Z	1748100600	34.908905088972006	6.816905088972007
74.1	2025-05-24T15:40:00Z	1748101200	34.40856878612716	5.8165687861271635
74.1	2025-05-24T15:50:00Z	1748101800	34.908905088972006	6.316905088972007
74.1	2025-05-24T16:00:00Z	1748102400	34.908905088972006	5.8179050889720045
74.1	2025-05-24T16:10:00Z	1748103000	34.908905088972006	6.316905088972007
74.1	2025-05-24T16:20:00Z	1748103600	35.409241391816835	6.318241391816834
74.1	2025-05-24T16:30:00Z	1748104200	35.409241391816835	6.318241391816834
74.1	2025-05-24T16:40:00Z	1748104800	35.90957769466168	6.818577694661677
74.1	2025-05-24T16:50:00Z	1748105400	35.90957769466168	6.818577694661677
74.1	2025-05-24T17:00:00Z	1748106000	35.90957769466168	6.818577694661677
74.1	2025-05-24T17:10:00Z	1748106600	36.409913997506514	7.318913997506513
74.1	2025-05-24T17:20:00Z	1748107200	36.409913997506514	7.8179139975065155
74.1	2025-05-24T17:30:00Z	1748107800	36.91025030035136	8.318250300351359
74.1	2025-05-24T17:40:00Z	1748108400	36.91025030035136	8.318250300351359
74.1	2025-05-24T17:50:00Z	1748109000	36.409913997506514	7.8179139975065155
74.1	2025-05-24T18:00:00Z	1748109600	36.409913997506514	8.3179139975065155
74.1	2025-05-24T18:10:00Z	1748110200	36.409913997506514	8.3179139975065155
74.1	2025-05-24T18:20:00Z	1748110800	36.409913997506514	8.3179139975065155
74.1	2025-05-24T18:30:00Z	1748111400	36.409913997506514	8.816913997506514
74.1	2025-05-24T18:40:00Z	1748112000	36.409913997506514	9.316913997506514
74.1	2025-05-24T18:50:00Z	1748112600	35.90957769466168	9.316577694661678
74.1	2025-05-24T19:00:00Z	1748113200	35.90957769466168	9.316577694661678
74.1	2025-05-24T19:10:00Z	1748113800	36.91025030035136	10.816250300351356
74.1	2025-05-24T19:20:00Z	1748114400	35.90957769466168	9.815577694661677
74.1	2025-05-24T19:30:00Z	1748115000	36.409913997506514	10.815913997506513
74.1	2025-05-24T19:40:00Z	1748115600	36.91025030035136	11.316250300351356
74.1	2025-05-24T19:50:00Z	1748116200	36.91025030035136	11.316250300351356
74.1	2025-05-24T20:00:00Z	1748116800	37.41058660319619	11.816586603196185
74.1	2025-05-24T20:10:00Z	1748117400	35.409241391816835	10.315241391816834
74.1	2025-05-24T20:20:00Z	1748118000	34.908905088972006	9.814905088972004
74.1	2025-05-24T20:30:00Z	1748118600	35.409241391816835	10.315241391816834
74.1	2025-05-24T20:40:00Z	1748119200	34.40856878612716	9.814568786127161
74.1	2025-05-24T20:50:00Z	1748119800	33.908232483282326	9.314232483282325
74.1	2025-05-24T21:00:00Z	1748120400	32.90755987759265	8.313559877592645
74.1	2025-05-24T21:10:00Z	1748121000	32.40722357474782	7.813223574747816
74.1	2025-05-24T21:20:00Z	1748121600	35.409241391816835	10.815241391816834
74.1	2025-05-24T21:30:00Z	1748122200	37.41058660319619	12.816586603196185
74.1	2025-05-24T21:40:00Z	1748122800	35.409241391816835	10.815241391816834
74.1	2025-05-24T21:50:00Z	1748123400	34.908905088972006	10.314905088972004
74.1	2025-05-24T22:00:00Z	1748124000	35.90957769466168	11.815577694661677
74.1	2025-05-24T22:10:00Z	1748124600	36.409913997506514	11.815913997506513
74.1	2025-05-24T22:20:00Z	1748125200	36.409913997506514	11.815913997506513
74.1	2025-05-24T22:30:00Z	1748125800	36.91025030035136	12.316250300351356
74.1	2025-05-24T22:40:00Z	1748126400	36.91025030035136	12.316250300351356
74.1	2025-05-24T22:50:00Z	1748127000	37.41058660319619	13.316586603196185
74.1	2025-05-24T23:00:00Z	1748127600	36.409913997506514	12.315913997506513
74.1	2025-05-24T23:10:00Z	1748128200	36.91025030035136	12.816250300351356
74.1	2025-05-24T23:20:00Z	1748128800	37.41058660319619	13.816586603196185
74.1	2025-05-24T23:30:00Z	1748129400	36.409913997506514	12.815913997506513
74.1	2025-05-24T23:40:00Z	1748130000	36.409913997506514	12.815913997506513
74.1	2025-05-24T23:50:00Z	1748130600	33.908232483282326	10.314232483282325
74.1	2025-05-25T00:00:00Z	1748131200	34.40856878612716	10.814568786127161
74.1	2025-05-25T00:10:00Z	1748131800	36.409913997506514	12.815913997506513
74.1	2025-05-25T00:20:00Z	1748132400	35.90957769466168	12.315577694661677
74.1	2025-05-25T00:30:00Z	1748133000	35.409241391816835	12.316241391816835
74.1	2025-05-25T00:40:00Z	1748133600	36.409913997506514	12.815913997506513
74.1	2025-05-25T00:50:00Z	1748134200	36.409913997506514	13.316913997506514
74.1	2025-05-25T01:00:00Z	1748134800	36.409913997506514	13.316913997506514
74.1	2025-05-25T01:10:00Z	1748135400	36.409913997506514	13.316913997506514
74.1	2025-05-25T01:20:00Z	1748136000	35.409241391816835	12.316241391816835
74.1	2025-05-25T01:30:00Z	1748136600	35.90957769466168	12.315577694661677
74.1	2025-05-25T01:40:00Z	1748137200	34.40856878612716	10.814568786127161
74.1	2025-05-25T01:50:00Z	1748137800	35.90957769466168	12.816577694661678
74.1	2025-05-25T02:00:00Z	1748138400	36.91025030035136	15.318250300351359
74.1	2025-05-25T02:10:00Z	1748139000	35.90957769466168	15.318577694661677
74.1	2025-05-25T02:20:00Z	1748139600	35.90957769466168	15.818577694661677
74.1	2025-05-25T02:30:00Z	1748140200	34.908905088972006	15.318905088972006
74.1	2025-05-25T02:40:00Z	1748140800	35.90957769466168	16.319577694661678
74.1	2025-05-25T02:50:00Z	1748141400	33.908232483282326	14.318232483282326
74.1	2025-05-25T03:00:00Z	1748142000	34.908905088972006	15.318905088972006
74.1	2025-05-25T03:10:00Z	1748142600	34.908905088972006	15.819905088972007
74.1	2025-05-25T03:20:00Z	1748143200	33.908232483282326	14.819232483282327
74.1	2025-05-25T03:30:00Z	1748143800	32.90755987759265	13.818559877592648
74.1	2025-05-25T03:40:00Z	1748144400	33.40789618043749	14.318896180437491
74.1	2025-05-25T03:50:00Z	1748145000	32.90755987759265	13.818559877592648
74.1	2025-05-25T04:00:00Z	1748145600	33.40789618043749	14.318896180437491
74.1	2025-05-25T04:10:00Z	1748146200	33.40789618043749	14.818896180437491
74.1	2025-05-25T04:20:00Z	1748146800	32.90755987759265	14.318559877592648
74.1	2025-05-25T04:30:00Z	1748147400	32.90755987759265	14.318559877592648
74.1	2025-05-25T04:40:00Z	1748148000	32.40722357474782	13.818223574747819
74.1	2025-05-25T04:50:00Z	1748148600	32.40722357474782	13.818223574747819
74.1	2025-05-25T05:00:00Z	1748149200	31.406550969058145	12.817550969058146
74.1	2025-05-25T05:10:00Z	1748149800	32.90755987759265	14.318559877592648
74.1	2025-05-25T05:20:00Z	1748150400	31.406550969058145	12.817550969058146
74.1	2025-05-25T05:30:00Z	1748151000	33.908232483282326	15.319232483282327
74.1	2025-05-25T05:40:00Z	1748151600	33.908232483282326	15.319232483282327
74.1	2025-05-25T05:50:00Z	1748152200	34.40856878612716	15.319568786127164
74.1	2025-05-25T06:00:00Z	1748152800	33.40789618043749	14.818896180437491
74.1	2025-05-25T06:10:00Z	1748153400	31.906887271902978	13.317887271902979
74.1	2025-05-25T06:20:00Z	1748154000	33.40789618043749	14.818896180437491
74.1	2025-05-25T06:30:00Z	1748154600	31.906887271902978	13.317887271902979
74.1	2025-05-25T06:40:00Z	1748155200	34.40856878612716	15.819568786127164
74.1	2025-05-25T06:50:00Z	1748155800	32.90755987759265	13.818559877592648
74.1	2025-05-25T07:00:00Z	1748156400	31.406550969058145	12.317550969058146
74.1	2025-05-25T07:10:00Z	1748157000	31.906887271902978	12.817887271902979
74.1	2025-05-25T07:20:00Z	1748157600	31.906887271902978	12.316887271902978
74.1	2025-05-25T07:30:00Z	1748158200	30.405878363368466	10.314878363368464
74.1	2025-05-25T07:40:00Z	1748158800	30.405878363368466	10.314878363368464
74.1	2025-05-25T07:50:00Z	1748159400	29.90554206052363	9.314542060523628
74.1	2025-05-25T08:00:00Z	1748160000	29.405205757678793	7.813205757678794
74.1	2025-05-25T08:10:00Z	1748160600	28.904869454833953	7.312869454833955
74.1	2025-05-25T08:20:00Z	1748161200	28.904869454833953	4.310869454833952
74.1	2025-05-25T08:30:00Z	1748161800	28.404533151989117	4.810533151989116
74.1	2025-05-25T08:40:00Z	1748162400	28.404533151989117	5.811533151989117
74.1	2025-05-25T08:50:00Z	1748163000	27.90419684914428	4.31019684914428
74.1	2025-05-25T09:00:00Z	1748163600	27.90419684914428	2.3101968491442797
74.1	2025-05-25T09:10:00Z	1748164200	27.90419684914428	-0.6878031508557179
74.1	2025-05-25T09:20:00Z	1748164800	27.90419684914428	-1.6868031508557202
74.1	2025-05-25T09:30:00Z	1748165400	27.90419684914428	-1.6868031508557202
74.1	2025-05-25T09:40:00Z	1748166000	27.90419684914428	0.8111968491442809
74.1	2025-05-25T09:50:00Z	1748166600	27.403860546299445	1.3098605462994435
74.1	2025-05-25T10:00:00Z	1748167200	27.90419684914428	1.311196849144281
74.1	2025-05-25T10:10:00Z	1748167800	27.90419684914428	1.8101968491442797
74.1	2025-05-25T10:20:00Z	1748168400	27.90419684914428	0.8111968491442809
74.1	2025-05-25T10:30:00Z	1748169000	27.90419684914428	0.3111968491442809
74.1	2025-05-25T10:40:00Z	1748169600	27.90419684914428	0.8111968491442809
74.1	2025-05-25T10:50:00Z	1748170200	27.90419684914428	1.311196849144281
74.1	2025-05-25T11:00:00Z	1748170800	28.404533151989117	1.3115331519891171
74.1	2025-05-25T11:10:00Z	1748171400	27.90419684914428	0.8111968491442809
74.1	2025-05-25T11:20:00Z	1748172000	27.90419684914428	0.8111968491442809
74.1	2025-05-25T11:30:00Z	1748172600	28.404533151989117	1.3115331519891171
74.1	2025-05-25T11:40:00Z	1748173200	28.404533151989117	1.3115331519891171
74.1	2025-05-25T11:50:00Z	1748173800	28.404533151989117	0.8115331519891171
74.1	2025-05-25T12:00:00Z	1748174400	28.404533151989117	0.8115331519891171
74.1	2025-05-25T12:10:00Z	1748175000	28.904869454833953	1.3118694548339533
74.1	2025-05-25T12:20:00Z	1748175600	29.405205757678793	1.812205757678793
74.1	2025-05-25T12:30:00Z	1748176200	29.405205757678793	1.812205757678793
74.1	2025-05-25T12:40:00Z	1748176800	29.405205757678793	1.812205757678793
74.1	2025-05-25T12:50:00Z	1748177400	29.90554206052363	2.3125420605236293
74.1	2025-05-25T13:00:00Z	1748178000	29.90554206052363	2.3125420605236293
74.1	2025-05-25T13:10:00Z	1748178600	30.405878363368466	2.8128783633684655
74.1	2025-05-25T13:20:00Z	1748179200	31.406550969058145	3.3145509690581463
74.1	2025-05-25T13:30:00Z	1748179800	31.906887271902978	4.313887271902978
74.1	2025-05-25T13:40:00Z	1748180400	31.906887271902978	3.814887271902979
74.1	2025-05-25T13:50:00Z	1748181000	31.906887271902978	4.313887271902978
74.1	2025-05-25T14:00:00Z	1748181600	32.40722357474782	4.8142235747478175
74.1	2025-05-25T14:10:00Z	1748182200	32.40722357474782	5.3142235747478175
74.1	2025-05-25T14:20:00Z	1748182800	31.906887271902978	4.813887271902978
74.1	2025-05-25T14:30:00Z	1748183400	31.906887271902978	4.813887271902978
74.1	2025-05-25T14:40:00Z	1748184000	31.906887271902978	4.813887271902978
74.1	2025-05-25T14:50:00Z	1748184600	32.40722357474782	5.8142235747478175
74.1	2025-05-25T15:00:00Z	1748185200	32.40722357474782	5.8142235747478175
74.1	2025-05-25T15:10:00Z	1748185800	32.40722357474782	5.8142235747478175
74.1	2025-05-25T15:20:00Z	1748186400	31.906887271902978	5.313887271902978
74.1	2025-05-25T15:30:00Z	1748187000	31.906887271902978	5.313887271902978
74.1	2025-05-25T15:40:00Z	1748187600	31.906887271902978	5.313887271902978
74.1	2025-05-25T15:50:00Z	1748188200	31.906887271902978	5.8128872719029765
74.1	2025-05-25T16:00:00Z	1748188800	31.906887271902978	5.313887271902978
74.1	2025-05-25T16:10:00Z	1748189400	31.406550969058145	4.813550969058145
74.1	2025-05-25T16:20:00Z	1748190000	31.406550969058145	4.813550969058145
74.1	2025-05-25T16:30:00Z	1748190600	31.406550969058145	4.313550969058145
74.1	2025-05-25T16:40:00Z	1748191200	31.406550969058145	4.313550969058145
74.1	2025-05-25T16:50:00Z	1748191800	31.906887271902978	4.813887271902978
74.1	2025-05-25T17:00:00Z	1748192400	31.906887271902978	5.313887271902978
74.1	2025-05-25T17:10:00Z	1748193000	32.40722357474782	5.8142235747478175
74.1	2025-05-25T17:20:00Z	1748193600	32.40722357474782	5.8142235747478175
74.1	2025-05-25T17:30:00Z	1748194200	32.90755987759265	6.314559877592647
74.1	2025-05-25T17:40:00Z	1748194800	32.90755987759265	5.814559877592647
74.1	2025-05-25T17:50:00Z	1748195400	32.90755987759265	6.314559877592647
74.1	2025-05-25T18:00:00Z	1748196000	33.40789618043749	6.81489618043749
74.1	2025-05-25T18:10:00Z	1748196600	32.90755987759265	6.314559877592647
74.1	2025-05-25T18:20:00Z	1748197200	32.90755987759265	6.314559877592647
74.1	2025-05-25T18:30:00Z	1748197800	32.90755987759265	6.813559877592645
74.1	2025-05-25T18:40:00Z	1748198400	32.40722357474782	6.313223574747816
74.1	2025-05-25T18:50:00Z	1748199000	32.90755987759265	7.313559877592645
74.1	2025-05-25T19:00:00Z	1748199600	32.40722357474782	6.813223574747816
74.1	2025-05-25T19:10:00Z	1748200200	32.40722357474782	7.313223574747816
74.1	2025-05-25T19:20:00Z	1748200800	32.40722357474782	7.313223574747816
74.1	2025-05-25T19:30:00Z	1748201400	33.908232483282326	9.314232483282325
74.1	2025-05-25T19:40:00Z	1748202000	34.40856878612716	9.814568786127161
74.1	2025-05-25T19:50:00Z	1748202600	38.9115955117307	14.317595511730701
74.1	2025-05-25T20:00:00Z	1748203200	38.9115955117307	14.817595511730701
74.1	2025-05-25T20:10:00Z	1748203800	36.91025030035136	12.816250300351356
74.1	2025-05-25T20:20:00Z	1748204400	36.409913997506514	12.315913997506513
74.1	2025-05-25T20:30:00Z	1748205000	35.90957769466168	12.315577694661677
74.1	2025-05-25T20:40:00Z	1748205600	35.409241391816835	11.815241391816834
74.1	2025-05-25T20:50:00Z	1748206200	35.409241391816835	11.315241391816834
74.1	2025-05-25T21:00:00Z	1748206800	34.908905088972006	11.314905088972004
74.1	2025-05-25T21:10:00Z	1748207400	34.908905088972006	11.815905088972006
74.1	2025-05-25T21:20:00Z	1748208000	34.908905088972006	11.314905088972004
74.1	2025-05-25T21:30:00Z	1748208600	36.91025030035136	13.817250300351358
74.1	2025-05-25T21:40:00Z	1748209200	35.409241391816835	12.316241391816835
74.1	2025-05-25T21:50:00Z	1748209800	35.90957769466168	12.816577694661678
74.1	2025-05-25T22:00:00Z	1748210400	33.908232483282326	10.815232483282326
74.1	2025-05-25T22:10:00Z	1748211000	35.409241391816835	12.316241391816835
74.1	2025-05-25T22:20:00Z	1748211600	35.90957769466168	13.316577694661678
74.1	2025-05-25T22:30:00Z	1748212200	34.908905088972006	11.815905088972006
74.1	2025-05-25T22:40:00Z	1748212800	34.908905088972006	11.815905088972006
74.1	2025-05-25T22:50:00Z	1748213400	35.90957769466168	12.816577694661678
74.1	2025-05-25T23:00:00Z	1748214000	37.41058660319619	14.317586603196187
74.1	2025-05-25T23:10:00Z	1748214600	36.409913997506514	13.816913997506514
74.1	2025-05-25T23:20:00Z	1748215200	36.409913997506514	13.816913997506514
74.1	2025-05-25T23:30:00Z	1748215800	36.409913997506514	13.816913997506514
74.1	2025-05-25T23:40:00Z	1748216400	36.91025030035136	14.317250300351358
74.1	2025-05-25T23:50:00Z	1748217000	36.91025030035136	14.317250300351358
74.1	2025-05-26T00:00:00Z	1748217600	36.409913997506514	13.816913997506514
74.1	2025-05-26T00:10:00Z	1748218200	33.40789618043749	10.81489618043749
74.1	2025-05-26T00:20:00Z	1748218800	33.908232483282326	11.315232483282326
74.1	2025-05-26T00:30:00Z	1748219400	35.409241391816835	12.816241391816835
74.1	2025-05-26T00:40:00Z	1748220000	34.40856878612716	11.815568786127162
74.1	2025-05-26T00:50:00Z	1748220600	34.908905088972006	12.315905088972006
74.1	2025-05-26T01:00:00Z	1748221200	34.908905088972006	12.815905088972006
74.1	2025-05-26T01:10:00Z	1748221800	33.908232483282326	12.316232483282327
74.1	2025-05-26T01:20:00Z	1748222400	33.40789618043749	11.815896180437491
74.1	2025-05-26T01:30:00Z	1748223000	33.908232483282326	12.316232483282327
74.1	2025-05-26T01:40:00Z	1748223600	34.40856878612716	13.316568786127164
74.1	2025-05-26T01:50:00Z	1748224200	33.908232483282326	12.816232483282327
74.1	2025-05-26T02:00:00Z	1748224800	33.40789618043749	11.815896180437491
74.1	2025-05-26T02:10:00Z	1748225400	34.908905088972006	13.816905088972007
74.1	2025-05-26T02:20:00Z	1748226000	35.90957769466168	14.81757769466168
74.1	2025-05-26T02:30:00Z	1748226600	34.908905088972006	13.816905088972007
74.1	2025-05-26T02:40:00Z	1748227200	34.40856878612716	12.816568786127164
74.1	2025-05-26T02:50:00Z	1748227800	33.908232483282326	12.316232483282327
74.1	2025-05-26T03:00:00Z	1748228400	33.908232483282326	12.316232483282327
74.1	2025-05-26T03:10:00Z	1748229000	33.40789618043749	12.315896180437491
74.1	2025-05-26T03:20:00Z	1748229600	32.90755987759265	11.815559877592648
74.1	2025-05-26T03:30:00Z	1748230200	33.40789618043749	12.315896180437491
74.1	2025-05-26T03:40:00Z	1748230800	33.40789618043749	12.315896180437491
74.1	2025-05-26T03:50:00Z	1748231400	33.40789618043749	12.315896180437491
74.1	2025-05-26T04:00:00Z	1748232000	32.90755987759265	11.815559877592648
74.1	2025-05-26T04:10:00Z	1748232600	34.40856878612716	13.316568786127164
74.1	2025-05-26T04:20:00Z	1748233200	33.908232483282326	12.816232483282327
74.1	2025-05-26T04:30:00Z	1748233800	33.40789618043749	12.315896180437491
74.1	2025-05-26T04:40:00Z	1748234400	32.40722357474782	11.816223574747816
74.1	2025-05-26T04:50:00Z	1748235000	34.40856878612716	13.817568786127161
74.1	2025-05-26T05:00:00Z	1748235600	33.908232483282326	13.317232483282325
74.1	2025-05-26T05:10:00Z	1748236200	32.90755987759265	12.316559877592645
74.1	2025-05-26T05:20:00Z	1748236800	32.40722357474782	12.316223574747816
74.1	2025-05-26T05:30:00Z	1748237400	32.40722357474782	12.316223574747816
74.1	2025-05-26T05:40:00Z	1748238000	33.40789618043749	13.316896180437489
74.1	2025-05-26T05:50:00Z	1748238600	34.40856878612716	13.817568786127161
74.1	2025-05-26T06:00:00Z	1748239200	34.40856878612716	13.817568786127161
74.1	2025-05-26T06:10:00Z	1748239800	34.40856878612716	14.317568786127161
74.1	2025-05-26T06:20:00Z	1748240400	35.409241391816835	15.318241391816834
74.1	2025-05-26T06:30:00Z	1748241000	35.90957769466168	15.818577694661677
74.1	2025-05-26T06:40:00Z	1748241600	35.409241391816835	15.318241391816834
74.1	2025-05-26T06:50:00Z	1748242200	34.908905088972006	14.817905088972005
74.1	2025-05-26T07:00:00Z	1748242800	34.40856878612716	14.818568786127162
74.1	2025-05-26T07:10:00Z	1748243400	33.908232483282326	13.817232483282325
74.1	2025-05-26T07:20:00Z	1748244000	33.908232483282326	13.317232483282325
74.1	2025-05-26T07:30:00Z	1748244600	33.40789618043749	12.315896180437491
74.1	2025-05-26T07:40:00Z	1748245200	32.40722357474782	9.814223574747817
74.1	2025-05-26T07:50:00Z	1748245800	31.406550969058145	7.812550969058144
74.1	2025-05-26T08:00:00Z	1748246400	30.906214666213305	6.812214666213304
74.1	2025-05-26T08:10:00Z	1748247000	30.906214666213305	7.813214666213305
74.1	2025-05-26T08:20:00Z	1748247600	30.906214666213305	8.813214666213305
74.1	2025-05-26T08:30:00Z	1748248200	30.405878363368466	8.312878363368466
74.1	2025-05-26T08:40:00Z	1748248800	29.90554206052363	6.812542060523629
74.1	2025-05-26T08:50:00Z	1748249400	31.906887271902978	9.313887271902978
74.1	2025-05-26T09:00:00Z	1748250000	31.906887271902978	8.813887271902978
74.1	2025-05-26T09:10:00Z	1748250600	31.406550969058145	7.812550969058144
74.1	2025-05-26T09:20:00Z	1748251200	30.906214666213305	7.813214666213305
74.1	2025-05-26T09:30:00Z	1748251800	30.906214666213305	7.813214666213305
74.1	2025-05-26T09:40:00Z	1748252400	31.406550969058145	7.812550969058144
74.1	2025-05-26T09:50:00Z	1748253000	30.906214666213305	7.312214666213304
74.1	2025-05-26T10:00:00Z	1748253600	31.406550969058145	7.812550969058144
74.1	2025-05-26T10:10:00Z	1748254200	32.90755987759265	9.313559877592645
74.1	2025-05-26T10:20:00Z	1748254800	33.908232483282326	10.314232483282325
74.1	2025-05-26T10:30:00Z	1748255400	33.40789618043749	9.813896180437489
74.1	2025-05-26T10:40:00Z	1748256000	33.40789618043749	9.313896180437489
74.1	2025-05-26T10:50:00Z	1748256600	32.90755987759265	8.313559877592645
74.1	2025-05-26T11:00:00Z	1748257200	32.90755987759265	8.313559877592645
74.1	2025-05-26T11:10:00Z	1748257800	32.40722357474782	7.313223574747816
74.1	2025-05-26T11:20:00Z	1748258400	32.90755987759265	7.813559877592645
74.1	2025-05-26T11:30:00Z	1748259000	33.40789618043749	8.313896180437489
74.1	2025-05-26T11:40:00Z	1748259600	32.90755987759265	7.813559877592645
74.1	2025-05-26T11:50:00Z	1748260200	32.40722357474782	7.313223574747816
74.1	2025-05-26T12:00:00Z	1748260800	32.40722357474782	7.313223574747816
74.1	2025-05-26T12:10:00Z	1748261400	32.90755987759265	7.313559877592645
74.1	2025-05-26T12:20:00Z	1748262000	32.90755987759265	6.813559877592645
74.1	2025-05-26T12:30:00Z	1748262600	32.40722357474782	5.8142235747478175
74.1	2025-05-26T12:40:00Z	1748263200	32.40722357474782	6.813223574747816
74.1	2025-05-26T12:50:00Z	1748263800	32.40722357474782	6.813223574747816
74.1	2025-05-26T13:00:00Z	1748264400	32.40722357474782	6.313223574747816
74.1	2025-05-26T13:10:00Z	1748265000	32.40722357474782	6.313223574747816
74.1	2025-05-26T13:20:00Z	1748265600	32.40722357474782	5.8142235747478175
74.1	2025-05-26T13:30:00Z	1748266200	32.40722357474782	5.8142235747478175
74.1	2025-05-26T13:40:00Z	1748266800	32.40722357474782	5.8142235747478175
74.1	2025-05-26T13:50:00Z	1748267400	32.40722357474782	5.8142235747478175
74.1	2025-05-26T14:00:00Z	1748268000	32.40722357474782	5.8142235747478175
74.1	2025-05-26T14:10:00Z	1748268600	32.90755987759265	6.314559877592647
74.1	2025-05-26T14:20:00Z	1748269200	33.40789618043749	6.31489618043749
74.1	2025-05-26T14:30:00Z	1748269800	33.40789618043749	6.31489618043749
74.1	2025-05-26T14:40:00Z	1748270400	33.40789618043749	5.81489618043749
74.1	2025-05-26T14:50:00Z	1748271000	33.40789618043749	6.31489618043749
74.1	2025-05-26T15:00:00Z	1748271600	33.40789618043749	5.81489618043749
74.1	2025-05-26T15:10:00Z	1748272200	33.908232483282326	6.315232483282326
74.1	2025-05-26T15:20:00Z	1748272800	34.40856878612716	6.815568786127162
74.1	2025-05-26T15:30:00Z	1748273400	36.409913997506514	8.816913997506514
74.1	2025-05-26T15:40:00Z	1748274000	35.90957769466168	8.316577694661678
74.1	2025-05-26T15:50:00Z	1748274600	34.40856878612716	7.315568786127162
74.1	2025-05-26T16:00:00Z	1748275200	34.908905088972006	7.815905088972006
74.1	2025-05-26T16:10:00Z	1748275800	34.40856878612716	6.815568786127162
74.1	2025-05-26T16:20:00Z	1748276400	33.40789618043749	6.31489618043749
74.1	2025-05-26T16:30:00Z	1748277000	33.908232483282326	6.815232483282326
74.1	2025-05-26T16:40:00Z	1748277600	30.405878363368466	10.799878363368464
74.1	2025-05-26T16:50:00Z	1748278200	31.406550969058145	13.052050969058143
74.1	2025-05-26T17:00:00Z	1748278800	28.904869454833953	10.049869454833956
74.1	2025-05-26T17:10:00Z	1748279400	28.904869454833953	10.800369454833952
74.1	2025-05-26T17:20:00Z	1748280000	27.90419684914428	9.299196849144284
74.1	2025-05-26T17:30:00Z	1748280600	25.402515334920093	7.298015334920091
74.1	2025-05-26T17:40:00Z	1748281200	26.903524243454605	9.300024243454605
74.1	2025-05-26T17:50:00Z	1748281800	26.903524243454605	8.549024243454603
74.1	2025-05-26T18:00:00Z	1748282400	25.90285163776493	8.549851637764927
74.1	2025-05-26T18:10:00Z	1748283000	26.40318794060977	9.300187940609767
74.1	2025-05-26T18:20:00Z	1748283600	27.403860546299445	9.299860546299445
74.1	2025-05-26T18:30:00Z	1748284200	24.902179032075257	6.29717903207526
74.1	2025-05-26T18:40:00Z	1748284800	24.902179032075257	6.797679032075255
74.1	2025-05-26T18:50:00Z	1748285400	23.90150642638558	6.798506426385579
74.1	2025-05-26T19:00:00Z	1748286000	23.90150642638558	6.29800642638558
74.1	2025-05-26T19:10:00Z	1748286600	24.40184272923042	6.297842729230421
74.1	2025-05-26T19:20:00Z	1748287200	26.40318794060977	8.799687940609768
74.1	2025-05-26T19:30:00Z	1748287800	31.406550969058145	14.053050969058145
74.1	2025-05-26T19:40:00Z	1748288400	31.906887271902978	14.052887271902978
74.1	2025-05-26T19:50:00Z	1748289000	30.906214666213305	13.552714666213305
74.1	2025-05-26T20:00:00Z	1748289600	31.406550969058145	13.052050969058143
74.1	2025-05-26T20:10:00Z	1748290200	32.40722357474782	14.052723574747816
74.1	2025-05-26T20:20:00Z	1748290800	29.90554206052363	11.80154206052363
74.1	2025-05-26T20:30:00Z	1748291400	29.90554206052363	12.802542060523628
74.1	2025-05-26T20:40:00Z	1748292000	30.405878363368466	11.800878363368465
74.1	2025-05-26T20:50:00Z	1748292600	30.906214666213305	12.802214666213306
74.1	2025-05-26T21:00:00Z	1748293200	31.906887271902978	14.553387271902977
74.1	2025-05-26T21:10:00Z	1748293800	32.40722357474782	15.304223574747816
74.1	2025-05-26T21:20:00Z	1748294400	32.40722357474782	14.052723574747816
74.1	2025-05-26T21:30:00Z	1748295000	33.40789618043749	15.55389618043749
74.1	2025-05-26T21:40:00Z	1748295600	33.908232483282326	16.554732483282326
74.1	2025-05-26T21:50:00Z	1748296200	35.409241391816835	18.055741391816834
74.1	2025-05-26T22:00:00Z	1748296800	34.40856878612716	16.554568786127163
74.1	2025-05-26T22:10:00Z	1748297400	32.90755987759265	15.053559877592647
74.1	2025-05-26T22:20:00Z	1748298000	30.906214666213305	13.803214666213304
74.1	2025-05-26T22:30:00Z	1748298600	32.90755987759265	14.803059877592645
74.1	2025-05-26T22:40:00Z	1748299200	33.908232483282326	16.554732483282326
74.1	2025-05-26T22:50:00Z	1748299800	31.406550969058145	14.554050969058146
74.1	2025-05-26T23:00:00Z	1748300400	32.40722357474782	14.553223574747818
74.1	2025-05-26T23:10:00Z	1748301000	32.40722357474782	14.553223574747818
74.1	2025-05-26T23:20:00Z	1748301600	31.906887271902978	15.054387271902979
74.1	2025-05-26T23:30:00Z	1748302200	31.906887271902978	14.803887271902976
74.1	2025-05-26T23:40:00Z	1748302800	31.406550969058145	14.303550969058143
74.1	2025-05-26T23:50:00Z	1748303400	31.406550969058145	14.804050969058146
74.1	2025-05-27T00:00:00Z	1748304000	31.906887271902978	14.052887271902978
74.1	2025-05-27T00:10:00Z	1748304600	32.40722357474782	14.302723574747816
74.1	2025-05-27T00:20:00Z	1748305200	32.40722357474782	14.553223574747818
74.1	2025-05-27T00:30:00Z	1748305800	32.90755987759265	15.804559877592645
74.1	2025-05-27T00:40:00Z	1748306400	29.90554206052363	12.302042060523629
74.1	2025-05-27T00:50:00Z	1748307000	33.40789618043749	11.31489618043749
74.1	2025-05-27T01:00:00Z	1748307600	34.40856878612716	12.315568786127162
74.1	2025-05-27T01:10:00Z	1748308200	34.40856878612716	12.315568786127162
74.1	2025-05-27T01:20:00Z	1748308800	36.91025030035136	14.817250300351358
74.1	2025-05-27T01:30:00Z	1748309400	33.908232483282326	11.815232483282326
74.1	2025-05-27T01:40:00Z	1748310000	33.40789618043749	11.31489618043749
74.1	2025-05-27T01:50:00Z	1748310600	32.90755987759265	10.814559877592647
74.1	2025-05-27T02:00:00Z	1748311200	31.406550969058145	10.815550969058144
74.1	2025-05-27T02:10:00Z	1748311800	32.90755987759265	12.816559877592645
74.1	2025-05-27T02:20:00Z	1748312400	34.908905088972006	15.318905088972006
74.1	2025-05-27T02:30:00Z	1748313000	35.90957769466168	17.32057769466168
74.1	2025-05-27T02:40:00Z	1748313600	35.409241391816835	16.820241391816836
74.1	2025-05-27T02:50:00Z	1748314200	34.908905088972006	16.319905088972007
74.1	2025-05-27T03:00:00Z	1748314800	35.90957769466168	17.821577694661677
74.1	2025-05-27T03:10:00Z	1748315400	34.908905088972006	16.820905088972005
74.1	2025-05-27T03:20:00Z	1748316000	34.908905088972006	16.820905088972005
74.1	2025-05-27T03:30:00Z	1748316600	36.409913997506514	17.820913997506516
74.1	2025-05-27T03:40:00Z	1748317200	36.91025030035136	18.32125030035136
74.1	2025-05-27T03:50:00Z	1748317800	35.90957769466168	17.32057769466168
74.1	2025-05-27T04:00:00Z	1748318400	32.40722357474782	13.818223574747819
74.1	2025-05-27T04:10:00Z	1748319000	37.41058660319619	18.821586603196188
74.1	2025-05-27T04:20:00Z	1748319600	38.41125920888586	19.82225920888586
74.1	2025-05-27T04:30:00Z	1748320200	35.90957769466168	17.32057769466168
74.1	2025-05-27T04:40:00Z	1748320800	32.90755987759265	14.318559877592648
74.1	2025-05-27T04:50:00Z	1748321400	31.906887271902978	13.317887271902979
74.1	2025-05-27T05:00:00Z	1748322000	33.908232483282326	15.319232483282327
74.1	2025-05-27T05:10:00Z	1748322600	34.40856878612716	15.819568786127164
74.1	2025-05-27T05:20:00Z	1748323200	31.406550969058145	12.817550969058146
74.1	2025-05-27T05:30:00Z	1748323800	30.405878363368466	11.816878363368467
74.1	2025-05-27T05:40:00Z	1748324400	33.40789618043749	15.319896180437489
74.1	2025-05-27T05:50:00Z	1748325000	34.40856878612716	16.32056878612716
74.1	2025-05-27T06:00:00Z	1748325600	33.40789618043749	14.818896180437491
74.1	2025-05-27T06:10:00Z	1748326200	33.40789618043749	14.818896180437491
74.1	2025-05-27T06:20:00Z	1748326800	32.40722357474782	13.818223574747819
74.1	2025-05-27T06:30:00Z	1748327400	30.906214666213305	12.317214666213307
74.1	2025-05-27T06:40:00Z	1748328000	35.409241391816835	16.820241391816836
74.1	2025-05-27T06:50:00Z	1748328600	35.90957769466168	16.82057769466168
74.1	2025-05-27T07:00:00Z	1748329200	33.40789618043749	14.318896180437491
74.1	2025-05-27T07:10:00Z	1748329800	31.406550969058145	12.317550969058146
74.1	2025-05-27T07:20:00Z	1748330400	31.406550969058145	11.816550969058145
74.1	2025-05-27T07:30:00Z	1748331000	31.406550969058145	11.816550969058145
74.1	2025-05-27T07:40:00Z	1748331600	33.40789618043749	13.316896180437489
74.1	2025-05-27T07:50:00Z	1748332200	33.40789618043749	12.816896180437489
74.1	2025-05-27T08:00:00Z	1748332800	31.406550969058145	9.814550969058146
74.1	2025-05-27T08:10:00Z	1748333400	33.908232483282326	10.815232483282326
74.1	2025-05-27T08:20:00Z	1748334000	34.40856878612716	11.315568786127162
74.1	2025-05-27T08:30:00Z	1748334600	34.40856878612716	8.314568786127161
74.1	2025-05-27T08:40:00Z	1748335200	33.908232483282326	6.815232483282326
74.1	2025-05-27T08:50:00Z	1748335800	34.908905088972006	8.315905088972006
74.1	2025-05-27T09:00:00Z	1748336400	34.40856878612716	8.314568786127161
74.1	2025-05-27T09:10:00Z	1748337000	34.40856878612716	6.3165687861271635
74.1	2025-05-27T09:20:00Z	1748337600	35.409241391816835	8.816241391816835
74.1	2025-05-27T09:30:00Z	1748338200	34.908905088972006	9.814905088972004
74.1	2025-05-27T09:40:00Z	1748338800	34.40856878612716	10.314568786127161
74.1	2025-05-27T09:50:00Z	1748339400	34.908905088972006	10.814905088972004
74.1	2025-05-27T10:00:00Z	1748340000	34.908905088972006	10.314905088972004
74.1	2025-05-27T10:10:00Z	1748340600	34.40856878612716	9.814568786127161
74.1	2025-05-27T10:20:00Z	1748341200	34.908905088972006	10.314905088972004
74.1	2025-05-27T10:30:00Z	1748341800	34.40856878612716	9.814568786127161
74.1	2025-05-27T10:40:00Z	1748342400	33.908232483282326	9.814232483282325
74.1	2025-05-27T10:50:00Z	1748343000	33.908232483282326	9.814232483282325
74.1	2025-05-27T11:00:00Z	1748343600	33.40789618043749	9.313896180437489
74.1	2025-05-27T11:10:00Z	1748344200	35.90957769466168	11.815577694661677
74.1	2025-05-27T11:20:00Z	1748344800	35.90957769466168	11.315577694661677
74.1	2025-05-27T11:30:00Z	1748345400	35.90957769466168	11.315577694661677
74.1	2025-05-27T11:40:00Z	1748346000	35.90957769466168	11.315577694661677
74.1	2025-05-27T11:50:00Z	1748346600	36.409913997506514	11.815913997506513
74.1	2025-05-27T12:00:00Z	1748347200	35.90957769466168	11.315577694661677
74.1	2025-05-27T12:10:00Z	1748347800	34.908905088972006	12.315905088972006
74.1	2025-05-27T12:20:00Z	1748348400	34.908905088972006	14.317905088972005
74.1	2025-05-27T12:30:00Z	1748349000	34.908905088972006	14.817905088972005
74.1	2025-05-27T12:40:00Z	1748349600	34.908905088972006	14.317905088972005
74.1	2025-05-27T12:50:00Z	1748350200	34.40856878612716	12.816568786127164
74.1	2025-05-27T13:00:00Z	1748350800	34.40856878612716	12.315568786127162
74.1	2025-05-27T13:10:00Z	1748351400	34.908905088972006	11.815905088972006
74.1	2025-05-27T13:20:00Z	1748352000	34.908905088972006	11.314905088972004
74.1	2025-05-27T13:30:00Z	1748352600	34.908905088972006	11.314905088972004
74.1	2025-05-27T13:40:00Z	1748353200	34.40856878612716	10.314568786127161
74.1	2025-05-27T13:50:00Z	1748353800	33.908232483282326	8.814232483282325
74.1	2025-05-27T14:00:00Z	1748354400	34.40856878612716	9.314568786127161
74.1	2025-05-27T14:10:00Z	1748355000	33.908232483282326	8.314232483282325
74.1	2025-05-27T14:20:00Z	1748355600	34.908905088972006	9.314905088972004
74.1	2025-05-27T14:30:00Z	1748356200	34.908905088972006	8.814905088972004
74.1	2025-05-27T14:40:00Z	1748356800	35.90957769466168	10.315577694661677
74.1	2025-05-27T14:50:00Z	1748357400	35.90957769466168	10.315577694661677
74.1	2025-05-27T15:00:00Z	1748358000	36.409913997506514	10.815913997506513
74.1	2025-05-27T15:10:00Z	1748358600	36.409913997506514	10.815913997506513
74.1	2025-05-27T15:20:00Z	1748359200	36.91025030035136	10.816250300351356
74.1	2025-05-27T15:30:00Z	1748359800	36.91025030035136	10.816250300351356
74.1	2025-05-27T15:40:00Z	1748360400	36.91025030035136	10.816250300351356
74.1	2025-05-27T15:50:00Z	1748361000	37.91092290604103	11.816922906041029
74.1	2025-05-27T16:00:00Z	1748361600	34.908905088972006	9.314905088972004
74.1	2025-05-27T16:10:00Z	1748362200	34.908905088972006	9.814905088972004
74.1	2025-05-27T16:20:00Z	1748362800	34.908905088972006	9.814905088972004
74.1	2025-05-27T16:30:00Z	1748363400	34.40856878612716	9.314568786127161
74.1	2025-05-27T16:40:00Z	1748364000	34.908905088972006	9.314905088972004
74.1	2025-05-27T16:50:00Z	1748364600	33.908232483282326	8.314232483282325
74.1	2025-05-27T17:00:00Z	1748365200	34.40856878612716	9.314568786127161
74.1	2025-05-27T17:10:00Z	1748365800	34.40856878612716	9.314568786127161
74.1	2025-05-27T17:20:00Z	1748366400	33.908232483282326	8.814232483282325
74.1	2025-05-27T17:30:00Z	1748367000	34.40856878612716	8.814568786127161
74.1	2025-05-27T17:40:00Z	1748367600	34.908905088972006	8.814905088972004
74.1	2025-05-27T17:50:00Z	1748368200	34.908905088972006	8.814905088972004
74.1	2025-05-27T18:00:00Z	1748368800	34.908905088972006	8.814905088972004
74.1	2025-05-27T18:10:00Z	1748369400	35.90957769466168	10.315577694661677
74.1	2025-05-27T18:20:00Z	1748370000	35.90957769466168	10.815577694661677
74.1	2025-05-27T18:30:00Z	1748370600	34.40856878612716	9.314568786127161
74.1	2025-05-27T18:40:00Z	1748371200	35.409241391816835	10.815241391816834
74.1	2025-05-27T18:50:00Z	1748371800	35.409241391816835	11.315241391816834
74.1	2025-05-27T19:00:00Z	1748372400	34.908905088972006	10.814905088972004
74.1	2025-05-27T19:10:00Z	1748373000	34.908905088972006	11.314905088972004
74.1	2025-05-27T19:20:00Z	1748373600	34.908905088972006	11.314905088972004
74.1	2025-05-27T19:30:00Z	1748374200	35.90957769466168	12.816577694661678
74.1	2025-05-27T19:40:00Z	1748374800	34.40856878612716	11.315568786127162
74.1	2025-05-27T19:50:00Z	1748375400	34.40856878612716	11.315568786127162
74.1	2025-05-27T20:00:00Z	1748376000	34.40856878612716	11.315568786127162
74.1	2025-05-27T20:10:00Z	1748376600	35.409241391816835	12.816241391816835
74.1	2025-05-27T20:20:00Z	1748377200	35.90957769466168	13.316577694661678
74.1	2025-05-27T20:30:00Z	1748377800	33.40789618043749	10.81489618043749
74.1	2025-05-27T20:40:00Z	1748378400	32.90755987759265	10.814559877592647
74.1	2025-05-27T20:50:00Z	1748379000	35.409241391816835	13.316241391816835
74.1	2025-05-27T21:00:00Z	1748379600	35.409241391816835	13.316241391816835
74.1	2025-05-27T21:10:00Z	1748380200	34.908905088972006	12.815905088972006
74.1	2025-05-27T21:20:00Z	1748380800	35.409241391816835	13.316241391816835
74.1	2025-05-27T21:30:00Z	1748381400	35.409241391816835	13.316241391816835
74.1	2025-05-27T21:40:00Z	1748382000	32.90755987759265	10.814559877592647
74.1	2025-05-27T21:50:00Z	1748382600	35.90957769466168	13.816577694661678
74.1	2025-05-27T22:00:00Z	1748383200	36.409913997506514	14.316913997506514
74.1	2025-05-27T22:10:00Z	1748383800	36.91025030035136	15.318250300351359
74.1	2025-05-27T22:20:00Z	1748384400	36.409913997506514	14.817913997506515
74.1	2025-05-27T22:30:00Z	1748385000	34.40856878612716	13.316568786127164
74.1	2025-05-27T22:40:00Z	1748385600	36.91025030035136	16.319250300351356
74.1	2025-05-27T22:50:00Z	1748386200	35.409241391816835	14.818241391816834
74.1	2025-05-27T23:00:00Z	1748386800	35.90957769466168	15.318577694661677
74.1	2025-05-27T23:10:00Z	1748387400	35.90957769466168	15.318577694661677
74.1	2025-05-27T23:20:00Z	1748388000	35.90957769466168	15.318577694661677
74.1	2025-05-27T23:30:00Z	1748388600	33.908232483282326	13.317232483282325
74.1	2025-05-27T23:40:00Z	1748389200	34.40856878612716	13.817568786127161
74.1	2025-05-27T23:50:00Z	1748389800	32.90755987759265	12.316559877592645
74.1	2025-05-28T00:00:00Z	1748390400	34.40856878612716	13.817568786127161
74.1	2025-05-28T00:10:00Z	1748391000	31.406550969058145	11.315550969058144
74.1	2025-05-28T00:20:00Z	1748391600	34.40856878612716	14.317568786127161
74.1	2025-05-28T00:30:00Z	1748392200	31.406550969058145	11.315550969058144
74.1	2025-05-28T00:40:00Z	1748392800	31.406550969058145	11.315550969058144
74.1	2025-05-28T00:50:00Z	1748393400	33.908232483282326	13.817232483282325
74.1	2025-05-28T01:00:00Z	1748394000	34.40856878612716	14.317568786127161
74.1	2025-05-28T01:10:00Z	1748394600	34.40856878612716	14.317568786127161
74.1	2025-05-28T01:20:00Z	1748395200	34.40856878612716	14.317568786127161
74.1	2025-05-28T01:30:00Z	1748395800	33.908232483282326	13.817232483282325
74.1	2025-05-28T01:40:00Z	1748396400	34.40856878612716	14.317568786127161
74.1	2025-05-28T01:50:00Z	1748397000	33.908232483282326	13.817232483282325
74.1	2025-05-28T02:00:00Z	1748397600	33.40789618043749	13.316896180437489
74.1	2025-05-28T02:10:00Z	1748398200	33.40789618043749	13.81789618043749
74.1	2025-05-28T02:20:00Z	1748398800	33.908232483282326	14.318232483282326
74.1	2025-05-28T02:30:00Z	1748399400	32.90755987759265	13.317559877592647
74.1	2025-05-28T02:40:00Z	1748400000	32.90755987759265	13.317559877592647
74.1	2025-05-28T02:50:00Z	1748400600	31.906887271902978	12.316887271902978
74.1	2025-05-28T03:00:00Z	1748401200	32.90755987759265	13.317559877592647
74.1	2025-05-28T03:10:00Z	1748401800	33.908232483282326	14.318232483282326
74.1	2025-05-28T03:20:00Z	1748402400	33.908232483282326	14.318232483282326
74.1	2025-05-28T03:30:00Z	1748403000	33.40789618043749	13.81789618043749
74.1	2025-05-28T03:40:00Z	1748403600	34.40856878612716	14.818568786127162
74.1	2025-05-28T03:50:00Z	1748404200	35.409241391816835	16.320241391816836
74.1	2025-05-28T04:00:00Z	1748404800	34.40856878612716	15.319568786127164
74.1	2025-05-28T04:10:00Z	1748405400	34.40856878612716	15.319568786127164
74.1	2025-05-28T04:20:00Z	1748406000	34.908905088972006	15.318905088972006
74.1	2025-05-28T04:30:00Z	1748406600	35.409241391816835	15.819241391816835
74.1	2025-05-28T04:40:00Z	1748407200	34.908905088972006	15.318905088972006
74.1	2025-05-28T04:50:00Z	1748407800	35.409241391816835	15.819241391816835
74.1	2025-05-28T05:00:00Z	1748408400	35.409241391816835	15.819241391816835
74.1	2025-05-28T05:10:00Z	1748409000	34.40856878612716	15.319568786127164
74.1	2025-05-28T05:20:00Z	1748409600	34.908905088972006	15.819905088972007
74.1	2025-05-28T05:30:00Z	1748410200	35.409241391816835	16.320241391816836
74.1	2025-05-28T05:40:00Z	1748410800	34.40856878612716	15.319568786127164
74.1	2025-05-28T05:50:00Z	1748411400	33.908232483282326	14.819232483282327
74.1	2025-05-28T06:00:00Z	1748412000	33.908232483282326	14.819232483282327
74.1	2025-05-28T06:10:00Z	1748412600	35.90957769466168	16.82057769466168
74.1	2025-05-28T06:20:00Z	1748413200	36.409913997506514	17.320913997506516
74.1	2025-05-28T06:30:00Z	1748413800	33.40789618043749	14.818896180437491
74.1	2025-05-28T06:40:00Z	1748414400	33.908232483282326	14.819232483282327
74.1	2025-05-28T06:50:00Z	1748415000	33.40789618043749	14.318896180437491
74.1	2025-05-28T07:00:00Z	1748415600	34.908905088972006	16.319905088972007
74.1	2025-05-28T07:10:00Z	1748416200	33.908232483282326	14.819232483282327
74.1	2025-05-28T07:20:00Z	1748416800	33.40789618043749	13.81789618043749
74.1	2025-05-28T07:30:00Z	1748417400	33.40789618043749	12.816896180437489
74.1	2025-05-28T07:40:00Z	1748418000	33.40789618043749	11.31489618043749
74.1	2025-05-28T07:50:00Z	1748418600	33.908232483282326	10.815232483282326
74.1	2025-05-28T08:00:00Z	1748419200	34.908905088972006	10.314905088972004
74.1	2025-05-28T08:10:00Z	1748419800	33.908232483282326	9.314232483282325
74.1	2025-05-28T08:20:00Z	1748420400	32.90755987759265	9.313559877592645
74.1	2025-05-28T08:30:00Z	1748421000	33.40789618043749	8.313896180437489
74.1	2025-05-28T08:40:00Z	1748421600	32.90755987759265	7.313559877592645
74.1	2025-05-28T08:50:00Z	1748422200	32.90755987759265	8.313559877592645
74.1	2025-05-28T09:00:00Z	1748422800	32.40722357474782	7.813223574747816
74.1	2025-05-28T09:10:00Z	1748423400	32.40722357474782	6.313223574747816
74.1	2025-05-28T09:20:00Z	1748424000	31.906887271902978	4.813887271902978
74.1	2025-05-28T09:30:00Z	1748424600	32.90755987759265	6.314559877592647
74.1	2025-05-28T09:40:00Z	1748425200	33.908232483282326	8.314232483282325
74.1	2025-05-28T09:50:00Z	1748425800	33.908232483282326	8.814232483282325
74.1	2025-05-28T10:00:00Z	1748426400	33.908232483282326	8.814232483282325
74.1	2025-05-28T10:10:00Z	1748427000	33.40789618043749	8.313896180437489
74.1	2025-05-28T10:20:00Z	1748427600	33.40789618043749	8.313896180437489
74.1	2025-05-28T10:30:00Z	1748428200	33.40789618043749	8.313896180437489
74.1	2025-05-28T10:40:00Z	1748428800	32.90755987759265	7.313559877592645
74.1	2025-05-28T10:50:00Z	1748429400	32.90755987759265	7.313559877592645
74.1	2025-05-28T11:00:00Z	1748430000	33.40789618043749	7.813896180437489
74.1	2025-05-28T11:10:00Z	1748430600	33.40789618043749	7.813896180437489
74.1	2025-05-28T11:20:00Z	1748431200	33.908232483282326	7.814232483282325
74.1	2025-05-28T11:30:00Z	1748431800	33.908232483282326	8.314232483282325
74.1	2025-05-28T11:40:00Z	1748432400	33.908232483282326	7.814232483282325
74.1	2025-05-28T11:50:00Z	1748433000	33.908232483282326	7.814232483282325
74.1	2025-05-28T12:00:00Z	1748433600	34.40856878612716	8.314568786127161
74.1	2025-05-28T12:10:00Z	1748434200	34.40856878612716	8.314568786127161
74.1	2025-05-28T12:20:00Z	1748434800	34.40856878612716	8.314568786127161
74.1	2025-05-28T12:30:00Z	1748435400	34.40856878612716	8.314568786127161
74.1	2025-05-28T12:40:00Z	1748436000	34.40856878612716	8.814568786127161
74.1	2025-05-28T12:50:00Z	1748436600	34.908905088972006	8.315905088972006
74.1	2025-05-28T13:00:00Z	1748437200	34.908905088972006	8.315905088972006
74.1	2025-05-28T13:10:00Z	1748437800	35.409241391816835	8.816241391816835
74.1	2025-05-28T13:20:00Z	1748438400	34.908905088972006	7.815905088972006
74.1	2025-05-28T13:30:00Z	1748439000	34.40856878612716	7.315568786127162
74.1	2025-05-28T13:40:00Z	1748439600	34.40856878612716	7.315568786127162
74.1	2025-05-28T13:50:00Z	1748440200	34.908905088972006	7.815905088972006
74.1	2025-05-28T14:00:00Z	1748440800	35.409241391816835	8.316241391816835
74.1	2025-05-28T14:10:00Z	1748441400	34.908905088972006	7.815905088972006
74.1	2025-05-28T14:20:00Z	1748442000	34.908905088972006	7.815905088972006
74.1	2025-05-28T14:30:00Z	1748442600	34.40856878612716	7.315568786127162
74.1	2025-05-28T14:40:00Z	1748443200	34.908905088972006	7.815905088972006
74.1	2025-05-28T14:50:00Z	1748443800	34.908905088972006	7.315905088972006
74.1	2025-05-28T15:00:00Z	1748444400	35.90957769466168	8.316577694661678
74.1	2025-05-28T15:10:00Z	1748445000	35.90957769466168	8.316577694661678
74.1	2025-05-28T15:20:00Z	1748445600	35.90957769466168	8.816577694661678
74.1	2025-05-28T15:30:00Z	1748446200	35.90957769466168	8.816577694661678
74.1	2025-05-28T15:40:00Z	1748446800	35.90957769466168	8.816577694661678
74.1	2025-05-28T15:50:00Z	1748447400	35.409241391816835	8.816241391816835
74.1	2025-05-28T16:00:00Z	1748448000	34.908905088972006	8.315905088972006
74.1	2025-05-28T16:10:00Z	1748448600	34.908905088972006	8.315905088972006
74.1	2025-05-28T16:20:00Z	1748449200	34.908905088972006	8.315905088972006
74.1	2025-05-28T16:30:00Z	1748449800	34.40856878612716	7.815568786127162
74.1	2025-05-28T16:40:00Z	1748450400	34.40856878612716	7.815568786127162
74.1	2025-05-28T16:50:00Z	1748451000	35.409241391816835	8.816241391816835
74.1	2025-05-28T17:00:00Z	1748451600	35.409241391816835	8.816241391816835
74.1	2025-05-28T17:10:00Z	1748452200	36.409913997506514	9.816913997506514
74.1	2025-05-28T17:20:00Z	1748452800	36.409913997506514	9.816913997506514
74.1	2025-05-28T17:30:00Z	1748453400	36.409913997506514	9.816913997506514
74.1	2025-05-28T17:40:00Z	1748454000	36.91025030035136	10.816250300351356
74.1	2025-05-28T17:50:00Z	1748454600	36.91025030035136	10.816250300351356
74.1	2025-05-28T18:00:00Z	1748455200	36.409913997506514	10.315913997506513
74.1	2025-05-28T18:10:00Z	1748455800	36.409913997506514	10.815913997506513
74.1	2025-05-28T18:20:00Z	1748456400	36.409913997506514	10.815913997506513
74.1	2025-05-28T18:30:00Z	1748457000	36.409913997506514	10.815913997506513
74.1	2025-05-28T18:40:00Z	1748457600	36.409913997506514	11.315913997506513
74.1	2025-05-28T18:50:00Z	1748458200	36.409913997506514	11.815913997506513
74.1	2025-05-28T19:00:00Z	1748458800	36.409913997506514	11.815913997506513
74.1	2025-05-28T19:10:00Z	1748459400	35.90957769466168	11.815577694661677
74.1	2025-05-28T19:20:00Z	1748460000	35.90957769466168	11.815577694661677
74.1	2025-05-28T19:30:00Z	1748460600	35.90957769466168	12.315577694661677
74.1	2025-05-28T19:40:00Z	1748461200	35.409241391816835	11.815241391816834
74.1	2025-05-28T19:50:00Z	1748461800	37.41058660319619	13.816586603196185
74.1	2025-05-28T20:00:00Z	1748462400	37.41058660319619	13.816586603196185
74.1	2025-05-28T20:10:00Z	1748463000	33.40789618043749	9.813896180437489
74.1	2025-05-28T20:20:00Z	1748463600	34.40856878612716	11.315568786127162
74.1	2025-05-28T20:30:00Z	1748464200	34.40856878612716	11.315568786127162
74.1	2025-05-28T20:40:00Z	1748464800	32.90755987759265	9.814559877592647
74.1	2025-05-28T20:50:00Z	1748465400	34.908905088972006	11.815905088972006
74.1	2025-05-28T21:00:00Z	1748466000	34.908905088972006	11.815905088972006
74.1	2025-05-28T21:10:00Z	1748466600	35.409241391816835	12.316241391816835
74.1	2025-05-28T21:20:00Z	1748467200	35.409241391816835	12.816241391816835
74.1	2025-05-28T21:30:00Z	1748467800	34.40856878612716	11.815568786127162
74.1	2025-05-28T21:40:00Z	1748468400	36.409913997506514	13.816913997506514
74.1	2025-05-28T21:50:00Z	1748469000	36.91025030035136	14.317250300351358
74.1	2025-05-28T22:00:00Z	1748469600	36.91025030035136	14.317250300351358
74.1	2025-05-28T22:10:00Z	1748470200	37.41058660319619	14.817586603196187
74.1	2025-05-28T22:20:00Z	1748470800	37.41058660319619	14.817586603196187
74.1	2025-05-28T22:30:00Z	1748471400	37.41058660319619	14.817586603196187
74.1	2025-05-28T22:40:00Z	1748472000	37.91092290604103	15.31792290604103
74.1	2025-05-28T22:50:00Z	1748472600	36.91025030035136	14.817250300351358
74.1	2025-05-28T23:00:00Z	1748473200	37.41058660319619	15.317586603196187
74.1	2025-05-28T23:10:00Z	1748473800	37.41058660319619	15.317586603196187
74.1	2025-05-28T23:20:00Z	1748474400	37.41058660319619	15.317586603196187
74.1	2025-05-28T23:30:00Z	1748475000	36.91025030035136	14.817250300351358
74.1	2025-05-28T23:40:00Z	1748475600	36.91025030035136	14.817250300351358
74.1	2025-05-28T23:50:00Z	1748476200	35.90957769466168	13.816577694661678
74.1	2025-05-29T00:00:00Z	1748476800	35.409241391816835	13.316241391816835
74.1	2025-05-29T00:10:00Z	1748477400	36.409913997506514	14.316913997506514
74.1	2025-05-29T00:20:00Z	1748478000	35.90957769466168	13.816577694661678
74.1	2025-05-29T00:30:00Z	1748478600	35.90957769466168	13.816577694661678
74.1	2025-05-29T00:40:00Z	1748479200	32.90755987759265	10.814559877592647
74.1	2025-05-29T00:50:00Z	1748479800	34.908905088972006	12.815905088972006
74.1	2025-05-29T01:00:00Z	1748480400	34.908905088972006	13.316905088972007
74.1	2025-05-29T01:10:00Z	1748481000	34.40856878612716	12.816568786127164
74.1	2025-05-29T01:20:00Z	1748481600	33.908232483282326	11.815232483282326
74.1	2025-05-29T01:30:00Z	1748482200	34.908905088972006	13.316905088972007
74.1	2025-05-29T01:40:00Z	1748482800	35.90957769466168	14.31757769466168
74.1	2025-05-29T01:50:00Z	1748483400	35.90957769466168	14.31757769466168
74.1	2025-05-29T02:00:00Z	1748484000	34.908905088972006	13.316905088972007
74.1	2025-05-29T02:10:00Z	1748484600	35.90957769466168	14.31757769466168
74.1	2025-05-29T02:20:00Z	1748485200	35.90957769466168	14.81757769466168
74.1	2025-05-29T02:30:00Z	1748485800	35.409241391816835	14.317241391816836
74.1	2025-05-29T02:40:00Z	1748486400	34.908905088972006	13.816905088972007
74.1	2025-05-29T02:50:00Z	1748487000	34.908905088972006	13.816905088972007
74.1	2025-05-29T03:00:00Z	1748487600	32.90755987759265	12.316559877592645
74.1	2025-05-29T03:10:00Z	1748488200	32.90755987759265	12.316559877592645
74.1	2025-05-29T03:20:00Z	1748488800	32.90755987759265	11.815559877592648
74.1	2025-05-29T03:30:00Z	1748489400	33.40789618043749	12.315896180437491
74.1	2025-05-29T03:40:00Z	1748490000	33.40789618043749	12.315896180437491
74.1	2025-05-29T03:50:00Z	1748490600	33.40789618043749	12.816896180437489
74.1	2025-05-29T04:00:00Z	1748491200	34.40856878612716	13.817568786127161
74.1	2025-05-29T04:10:00Z	1748491800	33.908232483282326	13.317232483282325
74.1	2025-05-29T04:20:00Z	1748492400	33.40789618043749	13.316896180437489
74.1	2025-05-29T04:30:00Z	1748493000	33.40789618043749	13.316896180437489
74.1	2025-05-29T04:40:00Z	1748493600	33.908232483282326	13.817232483282325
74.1	2025-05-29T04:50:00Z	1748494200	33.40789618043749	13.316896180437489
74.1	2025-05-29T05:00:00Z	1748494800	33.40789618043749	13.316896180437489
74.1	2025-05-29T05:10:00Z	1748495400	33.40789618043749	13.316896180437489
74.1	2025-05-29T05:20:00Z	1748496000	33.40789618043749	13.316896180437489
74.1	2025-05-29T05:30:00Z	1748496600	33.908232483282326	13.817232483282325
74.1	2025-05-29T05:40:00Z	1748497200	33.908232483282326	14.318232483282326
74.1	2025-05-29T05:50:00Z	1748497800	33.40789618043749	13.81789618043749
74.1	2025-05-29T06:00:00Z	1748498400	33.40789618043749	13.81789618043749
74.1	2025-05-29T06:10:00Z	1748499000	33.908232483282326	14.318232483282326
74.1	2025-05-29T06:20:00Z	1748499600	33.908232483282326	14.318232483282326
74.1	2025-05-29T06:30:00Z	1748500200	33.40789618043749	13.81789618043749
74.1	2025-05-29T06:40:00Z	1748500800	32.90755987759265	13.317559877592647
74.1	2025-05-29T06:50:00Z	1748501400	32.40722357474782	12.817223574747818
74.1	2025-05-29T07:00:00Z	1748502000	32.40722357474782	12.817223574747818
74.1	2025-05-29T07:10:00Z	1748502600	31.906887271902978	12.316887271902978
74.1	2025-05-29T07:20:00Z	1748503200	31.906887271902978	12.316887271902978
74.1	2025-05-29T07:30:00Z	1748503800	31.406550969058145	11.315550969058144
74.1	2025-05-29T07:40:00Z	1748504400	31.406550969058145	9.814550969058146
74.1	2025-05-29T07:50:00Z	1748505000	30.906214666213305	7.813214666213305
74.1	2025-05-29T08:00:00Z	1748505600	30.906214666213305	5.312214666213304
74.1	2025-05-29T08:10:00Z	1748506200	30.906214666213305	3.8132146662133053
74.1	2025-05-29T08:20:00Z	1748506800	30.906214666213305	4.812214666213304
74.1	2025-05-29T08:30:00Z	1748507400	30.405878363368466	2.3138783633684668
74.1	2025-05-29T08:40:00Z	1748508000	30.405878363368466	3.3128783633684655
74.1	2025-05-29T08:50:00Z	1748508600	30.906214666213305	4.313214666213305
74.1	2025-05-29T09:00:00Z	1748509200	30.405878363368466	4.311878363368464
74.1	2025-05-29T09:10:00Z	1748509800	30.405878363368466	3.8128783633684655
74.1	2025-05-29T09:20:00Z	1748510400	30.405878363368466	4.311878363368464
74.1	2025-05-29T09:30:00Z	1748511000	30.405878363368466	2.8128783633684655
74.1	2025-05-29T09:40:00Z	1748511600	30.405878363368466	3.3128783633684655
74.1	2025-05-29T09:50:00Z	1748512200	29.90554206052363	3.811542060523628
74.1	2025-05-29T10:00:00Z	1748512800	29.90554206052363	3.3125420605236293
74.1	2025-05-29T10:10:00Z	1748513400	29.90554206052363	3.811542060523628
74.1	2025-05-29T10:20:00Z	1748514000	29.90554206052363	3.3125420605236293
74.1	2025-05-29T10:30:00Z	1748514600	30.405878363368466	3.8128783633684655
74.1	2025-05-29T10:40:00Z	1748515200	30.405878363368466	4.311878363368464
74.1	2025-05-29T10:50:00Z	1748515800	30.405878363368466	4.811878363368464
74.1	2025-05-29T11:00:00Z	1748516400	30.405878363368466	4.311878363368464
74.1	2025-05-29T11:10:00Z	1748517000	30.405878363368466	4.311878363368464
74.1	2025-05-29T11:20:00Z	1748517600	30.906214666213305	4.812214666213304
74.1	2025-05-29T11:30:00Z	1748518200	30.906214666213305	4.812214666213304
74.1	2025-05-29T11:40:00Z	1748518800	30.906214666213305	4.812214666213304
74.1	2025-05-29T11:50:00Z	1748519400	30.906214666213305	4.313214666213305
74.1	2025-05-29T12:00:00Z	1748520000	31.406550969058145	4.813550969058145
74.1	2025-05-29T12:10:00Z	1748520600	31.406550969058145	4.813550969058145
74.1	2025-05-29T12:20:00Z	1748521200	31.406550969058145	4.313550969058145
74.1	2025-05-29T12:30:00Z	1748521800	31.406550969058145	4.313550969058145
74.1	2025-05-29T12:40:00Z	1748522400	31.406550969058145	4.313550969058145
74.1	2025-05-29T12:50:00Z	1748523000	31.406550969058145	4.313550969058145
74.1	2025-05-29T13:00:00Z	1748523600	31.406550969058145	3.813550969058145
74.1	2025-05-29T13:10:00Z	1748524200	31.406550969058145	4.313550969058145
74.1	2025-05-29T13:20:00Z	1748524800	31.406550969058145	3.813550969058145
74.1	2025-05-29T13:30:00Z	1748525400	31.406550969058145	3.813550969058145
74.1	2025-05-29T13:40:00Z	1748526000	31.406550969058145	3.813550969058145
74.1	2025-05-29T13:50:00Z	1748526600	31.406550969058145	3.813550969058145
74.1	2025-05-29T14:00:00Z	1748527200	31.406550969058145	3.813550969058145
74.1	2025-05-29T14:10:00Z	1748527800	31.906887271902978	3.814887271902979
74.1	2025-05-29T14:20:00Z	1748528400	32.40722357474782	4.8142235747478175
74.1	2025-05-29T14:30:00Z	1748529000	32.40722357474782	4.315223574747819
74.1	2025-05-29T14:40:00Z	1748529600	32.40722357474782	4.315223574747819
74.1	2025-05-29T14:50:00Z	1748530200	32.40722357474782	4.8142235747478175
74.1	2025-05-29T15:00:00Z	1748530800	32.90755987759265	5.814559877592647
74.1	2025-05-29T15:10:00Z	1748531400	32.90755987759265	5.814559877592647
74.1	2025-05-29T15:20:00Z	1748532000	33.40789618043749	6.31489618043749
74.1	2025-05-29T15:30:00Z	1748532600	33.40789618043749	6.31489618043749
74.1	2025-05-29T15:40:00Z	1748533200	33.40789618043749	6.31489618043749
74.1	2025-05-29T15:50:00Z	1748533800	33.40789618043749	6.31489618043749
74.1	2025-05-29T16:00:00Z	1748534400	33.40789618043749	6.31489618043749
74.1	2025-05-29T16:10:00Z	1748535000	33.40789618043749	6.81489618043749
74.1	2025-05-29T16:20:00Z	1748535600	33.40789618043749	6.81489618043749
74.1	2025-05-29T16:30:00Z	1748536200	33.40789618043749	6.31489618043749
74.1	2025-05-29T16:40:00Z	1748536800	32.90755987759265	6.314559877592647
74.1	2025-05-29T16:50:00Z	1748537400	33.40789618043749	6.31489618043749
74.1	2025-05-29T17:00:00Z	1748538000	33.40789618043749	6.31489618043749
74.1	2025-05-29T17:10:00Z	1748538600	33.40789618043749	6.31489618043749
74.1	2025-05-29T17:20:00Z	1748539200	33.40789618043749	6.81489618043749
74.1	2025-05-29T17:30:00Z	1748539800	33.40789618043749	6.81489618043749
74.1	2025-05-29T17:40:00Z	1748540400	33.40789618043749	7.313896180437489
74.1	2025-05-29T17:50:00Z	1748541000	33.40789618043749	7.313896180437489
74.1	2025-05-29T18:00:00Z	1748541600	33.40789618043749	7.313896180437489
74.1	2025-05-29T18:10:00Z	1748542200	33.40789618043749	7.313896180437489
74.1	2025-05-29T18:20:00Z	1748542800	33.40789618043749	7.813896180437489
74.1	2025-05-29T18:30:00Z	1748543400	33.40789618043749	7.813896180437489
74.1	2025-05-29T18:40:00Z	1748544000	33.40789618043749	8.313896180437489
74.1	2025-05-29T18:50:00Z	1748544600	33.40789618043749	8.813896180437489
74.1	2025-05-29T19:00:00Z	1748545200	33.40789618043749	8.813896180437489
74.1	2025-05-29T19:10:00Z	1748545800	33.40789618043749	8.813896180437489
74.1	2025-05-29T19:20:00Z	1748546400	33.40789618043749	8.813896180437489
74.1	2025-05-29T19:30:00Z	1748547000	34.40856878612716	10.314568786127161
74.1	2025-05-29T19:40:00Z	1748547600	35.409241391816835	11.315241391816834
74.1	2025-05-29T19:50:00Z	1748548200	35.409241391816835	11.815241391816834
74.1	2025-05-29T20:00:00Z	1748548800	36.409913997506514	12.815913997506513
74.1	2025-05-29T20:10:00Z	1748549400	37.41058660319619	13.816586603196185
74.1	2025-05-29T20:20:00Z	1748550000	35.409241391816835	11.815241391816834
74.1	2025-05-29T20:30:00Z	1748550600	33.40789618043749	10.31489618043749
74.1	2025-05-29T20:40:00Z	1748551200	33.908232483282326	10.815232483282326
74.1	2025-05-29T20:50:00Z	1748551800	33.40789618043749	10.31489618043749
74.1	2025-05-29T21:00:00Z	1748552400	34.40856878612716	11.315568786127162
74.1	2025-05-29T21:10:00Z	1748553000	34.40856878612716	11.315568786127162
74.1	2025-05-29T21:20:00Z	1748553600	34.40856878612716	11.315568786127162
74.1	2025-05-29T21:30:00Z	1748554200	36.409913997506514	13.816913997506514
74.1	2025-05-29T21:40:00Z	1748554800	36.91025030035136	14.317250300351358
74.1	2025-05-29T21:50:00Z	1748555400	36.91025030035136	14.317250300351358
74.1	2025-05-29T22:00:00Z	1748556000	36.91025030035136	14.317250300351358
74.1	2025-05-29T22:10:00Z	1748556600	36.91025030035136	14.317250300351358
74.1	2025-05-29T22:20:00Z	1748557200	34.40856878612716	11.815568786127162
74.1	2025-05-29T22:30:00Z	1748557800	35.409241391816835	12.816241391816835
74.1	2025-05-29T22:40:00Z	1748558400	36.409913997506514	13.816913997506514
74.1	2025-05-29T22:50:00Z	1748559000	35.90957769466168	13.816577694661678
74.1	2025-05-29T23:00:00Z	1748559600	36.409913997506514	14.316913997506514
74.1	2025-05-29T23:10:00Z	1748560200	36.409913997506514	14.316913997506514
74.1	2025-05-29T23:20:00Z	1748560800	35.409241391816835	13.316241391816835
74.1	2025-05-29T23:30:00Z	1748561400	36.409913997506514	14.817913997506515
74.1	2025-05-29T23:40:00Z	1748562000	31.406550969058145	9.814550969058146
74.1	2025-05-29T23:50:00Z	1748562600	34.908905088972006	13.316905088972007
74.1	2025-05-30T00:00:00Z	1748563200	36.409913997506514	14.817913997506515
74.1	2025-05-30T00:10:00Z	1748563800	35.90957769466168	13.816577694661678
74.1	2025-05-30T00:20:00Z	1748564400	36.409913997506514	14.316913997506514
74.1	2025-05-30T00:30:00Z	1748565000	36.409913997506514	14.817913997506515
74.1	2025-05-30T00:40:00Z	1748565600	35.90957769466168	14.81757769466168
74.1	2025-05-30T00:50:00Z	1748566200	36.409913997506514	14.817913997506515
74.1	2025-05-30T01:00:00Z	1748566800	35.90957769466168	14.31757769466168
74.1	2025-05-30T01:10:00Z	1748567400	34.40856878612716	13.316568786127164
74.1	2025-05-30T01:20:00Z	1748568000	35.409241391816835	14.317241391816836
74.1	2025-05-30T01:30:00Z	1748568600	35.409241391816835	14.317241391816836
74.1	2025-05-30T01:40:00Z	1748569200	35.409241391816835	14.317241391816836
74.1	2025-05-30T01:50:00Z	1748569800	34.908905088972006	13.816905088972007
74.1	2025-05-30T02:00:00Z	1748570400	34.908905088972006	13.816905088972007
74.1	2025-05-30T02:10:00Z	1748571000	34.40856878612716	13.316568786127164
74.1	2025-05-30T02:20:00Z	1748571600	32.90755987759265	11.815559877592648
74.1	2025-05-30T02:30:00Z	1748572200	31.406550969058145	10.314550969058146
74.1	2025-05-30T02:40:00Z	1748572800	29.90554206052363	8.81354206052363
74.1	2025-05-30T02:50:00Z	1748573400	30.906214666213305	9.814214666213307
74.1	2025-05-30T03:00:00Z	1748574000	34.908905088972006	13.816905088972007
74.1	2025-05-30T03:10:00Z	1748574600	32.40722357474782	11.315223574747819
74.1	2025-05-30T03:20:00Z	1748575200	32.90755987759265	11.815559877592648
74.1	2025-05-30T03:30:00Z	1748575800	34.908905088972006	13.816905088972007
74.1	2025-05-30T03:40:00Z	1748576400	35.409241391816835	14.317241391816836
74.1	2025-05-30T03:50:00Z	1748577000	33.908232483282326	12.816232483282327
74.1	2025-05-30T04:00:00Z	1748577600	33.908232483282326	13.317232483282325
74.1	2025-05-30T04:10:00Z	1748578200	33.40789618043749	12.816896180437489
74.1	2025-05-30T04:20:00Z	1748578800	33.40789618043749	12.816896180437489
74.1	2025-05-30T04:30:00Z	1748579400	33.40789618043749	13.316896180437489
74.1	2025-05-30T04:40:00Z	1748580000	32.90755987759265	12.816559877592645
74.1	2025-05-30T04:50:00Z	1748580600	32.90755987759265	12.816559877592645
74.1	2025-05-30T05:00:00Z	1748581200	32.40722357474782	12.316223574747816
74.1	2025-05-30T05:10:00Z	1748581800	32.90755987759265	12.816559877592645
74.1	2025-05-30T05:20:00Z	1748582400	32.90755987759265	12.816559877592645
74.1	2025-05-30T05:30:00Z	1748583000	32.90755987759265	12.816559877592645
74.1	2025-05-30T05:40:00Z	1748583600	33.40789618043749	13.316896180437489
74.1	2025-05-30T05:50:00Z	1748584200	33.908232483282326	13.817232483282325
74.1	2025-05-30T06:00:00Z	1748584800	33.908232483282326	13.817232483282325
74.1	2025-05-30T06:10:00Z	1748585400	33.908232483282326	13.817232483282325
74.1	2025-05-30T06:20:00Z	1748586000	33.908232483282326	13.817232483282325
74.1	2025-05-30T06:30:00Z	1748586600	33.908232483282326	13.817232483282325
74.1	2025-05-30T06:40:00Z	1748587200	33.908232483282326	13.817232483282325
74.1	2025-05-30T06:50:00Z	1748587800	33.40789618043749	13.316896180437489
74.1	2025-05-30T07:00:00Z	1748588400	33.40789618043749	13.316896180437489
74.1	2025-05-30T07:10:00Z	1748589000	32.90755987759265	12.816559877592645
74.1	2025-05-30T07:20:00Z	1748589600	32.40722357474782	11.816223574747816
74.1	2025-05-30T07:30:00Z	1748590200	32.90755987759265	11.315559877592648
74.1	2025-05-30T07:40:00Z	1748590800	32.90755987759265	8.813559877592645
74.1	2025-05-30T07:50:00Z	1748591400	32.40722357474782	7.813223574747816
74.1	2025-05-30T08:00:00Z	1748592000	32.40722357474782	6.813223574747816
74.1	2025-05-30T08:10:00Z	1748592600	31.906887271902978	5.8128872719029765
74.1	2025-05-30T08:20:00Z	1748593200	31.906887271902978	7.8128872719029765
74.1	2025-05-30T08:30:00Z	1748593800	31.406550969058145	7.312550969058144
74.1	2025-05-30T08:40:00Z	1748594400	30.906214666213305	4.313214666213305
74.1	2025-05-30T08:50:00Z	1748595000	30.906214666213305	4.313214666213305
74.1	2025-05-30T09:00:00Z	1748595600	30.906214666213305	4.812214666213304
74.1	2025-05-30T09:10:00Z	1748596200	30.906214666213305	2.3142146662133065
74.1	2025-05-30T09:20:00Z	1748596800	30.906214666213305	1.8152146662133042
74.1	2025-05-30T09:30:00Z	1748597400	31.406550969058145	3.3145509690581463
74.1	2025-05-30T09:40:00Z	1748598000	30.906214666213305	3.8132146662133053
74.1	2025-05-30T09:50:00Z	1748598600	30.906214666213305	4.313214666213305
74.1	2025-05-30T10:00:00Z	1748599200	31.406550969058145	4.813550969058145
74.1	2025-05-30T10:10:00Z	1748599800	31.406550969058145	5.312550969058144
74.1	2025-05-30T10:20:00Z	1748600400	31.406550969058145	4.813550969058145
74.1	2025-05-30T10:30:00Z	1748601000	31.406550969058145	5.312550969058144
74.1	2025-05-30T10:40:00Z	1748601600	31.406550969058145	4.813550969058145
74.1	2025-05-30T10:50:00Z	1748602200	31.406550969058145	4.813550969058145
74.1	2025-05-30T11:00:00Z	1748602800	31.406550969058145	5.312550969058144
74.1	2025-05-30T11:10:00Z	1748603400	31.406550969058145	4.813550969058145
74.1	2025-05-30T11:20:00Z	1748604000	31.406550969058145	4.813550969058145
74.1	2025-05-30T11:30:00Z	1748604600	31.406550969058145	4.313550969058145
74.1	2025-05-30T11:40:00Z	1748605200	31.406550969058145	3.813550969058145
74.1	2025-05-30T11:50:00Z	1748605800	31.906887271902978	4.813887271902978
74.1	2025-05-30T12:00:00Z	1748606400	32.40722357474782	4.8142235747478175
74.1	2025-05-30T12:10:00Z	1748607000	33.40789618043749	5.81489618043749
74.1	2025-05-30T12:20:00Z	1748607600	34.908905088972006	7.815905088972006
74.1	2025-05-30T12:30:00Z	1748608200	35.409241391816835	7.816241391816835
74.1	2025-05-30T12:40:00Z	1748608800	34.908905088972006	7.315905088972006
74.1	2025-05-30T12:50:00Z	1748609400	35.409241391816835	7.816241391816835
74.1	2025-05-30T13:00:00Z	1748610000	34.908905088972006	7.315905088972006
74.1	2025-05-30T13:10:00Z	1748610600	34.908905088972006	7.315905088972006
74.1	2025-05-30T13:20:00Z	1748611200	34.40856878612716	6.3165687861271635
74.1	2025-05-30T13:30:00Z	1748611800	34.40856878612716	6.815568786127162
74.1	2025-05-30T13:40:00Z	1748612400	33.908232483282326	5.816232483282327
74.1	2025-05-30T13:50:00Z	1748613000	33.908232483282326	5.816232483282327
74.1	2025-05-30T14:00:00Z	1748613600	33.908232483282326	5.816232483282327
74.1	2025-05-30T14:10:00Z	1748614200	33.40789618043749	5.315896180437491
74.1	2025-05-30T14:20:00Z	1748614800	33.40789618043749	5.315896180437491
74.1	2025-05-30T14:30:00Z	1748615400	34.40856878612716	6.3165687861271635
74.1	2025-05-30T14:40:00Z	1748616000	33.908232483282326	5.816232483282327
74.1	2025-05-30T14:50:00Z	1748616600	33.908232483282326	5.816232483282327
74.1	2025-05-30T15:00:00Z	1748617200	33.908232483282326	5.816232483282327
74.1	2025-05-30T15:10:00Z	1748617800	33.908232483282326	5.816232483282327
74.1	2025-05-30T15:20:00Z	1748618400	33.908232483282326	5.816232483282327
74.1	2025-05-30T15:30:00Z	1748619000	33.40789618043749	5.315896180437491
74.1	2025-05-30T15:40:00Z	1748619600	33.40789618043749	4.815896180437491
74.1	2025-05-30T15:50:00Z	1748620200	33.40789618043749	5.315896180437491
74.1	2025-05-30T16:00:00Z	1748620800	33.40789618043749	5.81489618043749
74.1	2025-05-30T16:10:00Z	1748621400	33.40789618043749	5.81489618043749
74.1	2025-05-30T16:20:00Z	1748622000	33.40789618043749	5.81489618043749
74.1	2025-05-30T16:30:00Z	1748622600	33.908232483282326	6.315232483282326
74.1	2025-05-30T16:40:00Z	1748623200	33.908232483282326	6.315232483282326
74.1	2025-05-30T16:50:00Z	1748623800	33.40789618043749	5.81489618043749
74.1	2025-05-30T17:00:00Z	1748624400	33.908232483282326	6.315232483282326
74.1	2025-05-30T17:10:00Z	1748625000	33.908232483282326	6.315232483282326
74.1	2025-05-30T17:20:00Z	1748625600	33.40789618043749	6.31489618043749
74.1	2025-05-30T17:30:00Z	1748626200	33.40789618043749	6.31489618043749
74.1	2025-05-30T17:40:00Z	1748626800	33.40789618043749	6.81489618043749
74.1	2025-05-30T17:50:00Z	1748627400	33.40789618043749	6.81489618043749
74.1	2025-05-30T18:00:00Z	1748628000	33.40789618043749	6.81489618043749
74.1	2025-05-30T18:10:00Z	1748628600	32.90755987759265	6.813559877592645
74.1	2025-05-30T18:20:00Z	1748629200	33.40789618043749	7.313896180437489
74.1	2025-05-30T18:30:00Z	1748629800	33.908232483282326	8.314232483282325
74.1	2025-05-30T18:40:00Z	1748630400	33.908232483282326	8.814232483282325
74.1	2025-05-30T18:50:00Z	1748631000	33.40789618043749	8.313896180437489
74.1	2025-05-30T19:00:00Z	1748631600	33.40789618043749	8.813896180437489
74.1	2025-05-30T19:10:00Z	1748632200	32.90755987759265	8.313559877592645
74.1	2025-05-30T19:20:00Z	1748632800	33.40789618043749	9.313896180437489
74.1	2025-05-30T19:30:00Z	1748633400	34.908905088972006	10.814905088972004
74.1	2025-05-30T19:40:00Z	1748634000	34.40856878612716	10.314568786127161
74.1	2025-05-30T19:50:00Z	1748634600	33.908232483282326	9.814232483282325
74.1	2025-05-30T20:00:00Z	1748635200	33.40789618043749	9.813896180437489
74.1	2025-05-30T20:10:00Z	1748635800	35.90957769466168	12.315577694661677
74.1	2025-05-30T20:20:00Z	1748636400	33.908232483282326	10.314232483282325
74.1	2025-05-30T20:30:00Z	1748637000	35.409241391816835	11.815241391816834
74.1	2025-05-30T20:40:00Z	1748637600	37.41058660319619	13.816586603196185
74.1	2025-05-30T20:50:00Z	1748638200	37.41058660319619	14.317586603196187
74.1	2025-05-30T21:00:00Z	1748638800	37.41058660319619	14.317586603196187
74.1	2025-05-30T21:10:00Z	1748639400	37.91092290604103	14.81792290604103
74.1	2025-05-30T21:20:00Z	1748640000	37.41058660319619	14.317586603196187
74.1	2025-05-30T21:30:00Z	1748640600	36.409913997506514	13.316913997506514
74.1	2025-05-30T21:40:00Z	1748641200	35.409241391816835	12.316241391816835
74.1	2025-05-30T21:50:00Z	1748641800	32.90755987759265	9.814559877592647
74.1	2025-05-30T22:00:00Z	1748642400	33.908232483282326	10.815232483282326
74.1	2025-05-30T22:10:00Z	1748643000	33.40789618043749	10.31489618043749
74.1	2025-05-30T22:20:00Z	1748643600	35.90957769466168	12.816577694661678
74.1	2025-05-30T22:30:00Z	1748644200	35.409241391816835	12.316241391816835
74.1	2025-05-30T22:40:00Z	1748644800	35.409241391816835	11.815241391816834
74.1	2025-05-30T22:50:00Z	1748645400	35.90957769466168	12.315577694661677
74.1	2025-05-30T23:00:00Z	1748646000	36.409913997506514	12.815913997506513
74.1	2025-05-30T23:10:00Z	1748646600	36.409913997506514	13.316913997506514
74.1	2025-05-30T23:20:00Z	1748647200	36.409913997506514	13.316913997506514
74.1	2025-05-30T23:30:00Z	1748647800	36.409913997506514	13.316913997506514
74.1	2025-05-30T23:40:00Z	1748648400	36.409913997506514	13.316913997506514
74.1	2025-05-30T23:50:00Z	1748649000	35.90957769466168	12.816577694661678
74.1	2025-05-31T00:00:00Z	1748649600	34.908905088972006	11.815905088972006
74.1	2025-05-31T00:10:00Z	1748650200	30.906214666213305	7.813214666213305
74.1	2025-05-31T00:20:00Z	1748650800	34.40856878612716	11.315568786127162
74.1	2025-05-31T00:30:00Z	1748651400	32.90755987759265	9.814559877592647
74.1	2025-05-31T00:40:00Z	1748652000	32.40722357474782	9.314223574747817
74.1	2025-05-31T00:50:00Z	1748652600	34.40856878612716	11.315568786127162
74.1	2025-05-31T01:00:00Z	1748653200	34.908905088972006	12.315905088972006
74.1	2025-05-31T01:10:00Z	1748653800	35.409241391816835	12.816241391816835
74.1	2025-05-31T01:20:00Z	1748654400	35.90957769466168	13.316577694661678
74.1	2025-05-31T01:30:00Z	1748655000	34.40856878612716	11.815568786127162
74.1	2025-05-31T01:40:00Z	1748655600	35.409241391816835	12.816241391816835
74.1	2025-05-31T01:50:00Z	1748656200	34.908905088972006	12.315905088972006
74.1	2025-05-31T02:00:00Z	1748656800	34.908905088972006	12.315905088972006
74.1	2025-05-31T02:10:00Z	1748657400	35.409241391816835	12.816241391816835
74.1	2025-05-31T02:20:00Z	1748658000	35.90957769466168	13.816577694661678
74.1	2025-05-31T02:30:00Z	1748658600	34.40856878612716	12.315568786127162
74.1	2025-05-31T02:40:00Z	1748659200	34.908905088972006	12.815905088972006
74.1	2025-05-31T02:50:00Z	1748659800	34.908905088972006	12.815905088972006
74.1	2025-05-31T03:00:00Z	1748660400	34.908905088972006	12.815905088972006
74.1	2025-05-31T03:10:00Z	1748661000	34.908905088972006	12.815905088972006
74.1	2025-05-31T03:20:00Z	1748661600	35.90957769466168	13.816577694661678
74.1	2025-05-31T03:30:00Z	1748662200	35.90957769466168	13.816577694661678
74.1	2025-05-31T03:40:00Z	1748662800	36.409913997506514	14.316913997506514
74.1	2025-05-31T03:50:00Z	1748663400	36.409913997506514	14.316913997506514
74.1	2025-05-31T04:00:00Z	1748664000	35.90957769466168	14.31757769466168
74.1	2025-05-31T04:10:00Z	1748664600	34.908905088972006	13.816905088972007
74.1	2025-05-31T04:20:00Z	1748665200	35.409241391816835	13.817241391816836
74.1	2025-05-31T04:30:00Z	1748665800	35.409241391816835	13.817241391816836
74.1	2025-05-31T04:40:00Z	1748666400	35.409241391816835	13.817241391816836
74.1	2025-05-31T04:50:00Z	1748667000	35.409241391816835	13.817241391816836
74.1	2025-05-31T05:00:00Z	1748667600	34.908905088972006	13.816905088972007
74.1	2025-05-31T05:10:00Z	1748668200	34.40856878612716	13.316568786127164
74.1	2025-05-31T05:20:00Z	1748668800	34.40856878612716	13.316568786127164
74.1	2025-05-31T05:30:00Z	1748669400	33.908232483282326	12.316232483282327
74.1	2025-05-31T05:40:00Z	1748670000	33.908232483282326	12.816232483282327
74.1	2025-05-31T05:50:00Z	1748670600	33.908232483282326	12.316232483282327
74.1	2025-05-31T06:00:00Z	1748671200	33.908232483282326	12.316232483282327
74.1	2025-05-31T06:10:00Z	1748671800	33.908232483282326	12.316232483282327
74.1	2025-05-31T06:20:00Z	1748672400	33.40789618043749	11.815896180437491
74.1	2025-05-31T06:30:00Z	1748673000	33.908232483282326	12.316232483282327
74.1	2025-05-31T06:40:00Z	1748673600	33.908232483282326	12.316232483282327
74.1	2025-05-31T06:50:00Z	1748674200	34.908905088972006	13.316905088972007
74.1	2025-05-31T07:00:00Z	1748674800	33.908232483282326	12.316232483282327
74.1	2025-05-31T07:10:00Z	1748675400	33.908232483282326	12.316232483282327
74.1	2025-05-31T07:20:00Z	1748676000	33.908232483282326	12.316232483282327
74.1	2025-05-31T07:30:00Z	1748676600	33.908232483282326	12.316232483282327
74.1	2025-05-31T07:40:00Z	1748677200	33.40789618043749	11.815896180437491
74.1	2025-05-31T07:50:00Z	1748677800	32.90755987759265	10.814559877592647
74.1	2025-05-31T08:00:00Z	1748678400	32.90755987759265	10.814559877592647
74.1	2025-05-31T08:10:00Z	1748679000	33.40789618043749	11.815896180437491
74.1	2025-05-31T08:20:00Z	1748679600	32.90755987759265	11.315559877592648
74.1	2025-05-31T08:30:00Z	1748680200	32.40722357474782	10.314223574747817
74.1	2025-05-31T08:40:00Z	1748680800	32.40722357474782	10.314223574747817
74.1	2025-05-31T08:50:00Z	1748681400	32.40722357474782	10.314223574747817
74.1	2025-05-31T09:00:00Z	1748682000	31.906887271902978	9.813887271902978
74.1	2025-05-31T09:10:00Z	1748682600	31.406550969058145	9.814550969058146
74.1	2025-05-31T09:20:00Z	1748683200	31.406550969058145	9.814550969058146
74.1	2025-05-31T09:30:00Z	1748683800	30.906214666213305	8.813214666213305
74.1	2025-05-31T09:40:00Z	1748684400	30.405878363368466	7.8128783633684655
74.1	2025-05-31T09:50:00Z	1748685000	30.405878363368466	7.3128783633684655
74.1	2025-05-31T10:00:00Z	1748685600	29.90554206052363	6.311542060523628
74.1	2025-05-31T10:10:00Z	1748686200	29.90554206052363	6.311542060523628
74.1	2025-05-31T10:20:00Z	1748686800	29.90554206052363	5.811542060523628
74.1	2025-05-31T10:30:00Z	1748687400	29.90554206052363	4.811542060523628
74.1	2025-05-31T10:40:00Z	1748688000	29.90554206052363	5.311542060523628
74.1	2025-05-31T10:50:00Z	1748688600	29.90554206052363	5.311542060523628
74.1	2025-05-31T11:00:00Z	1748689200	29.90554206052363	4.811542060523628
74.1	2025-05-31T11:10:00Z	1748689800	29.90554206052363	4.811542060523628
74.1	2025-05-31T11:20:00Z	1748690400	29.90554206052363	4.311542060523628
74.1	2025-05-31T11:30:00Z	1748691000	29.90554206052363	3.811542060523628
74.1	2025-05-31T11:40:00Z	1748691600	29.90554206052363	3.3125420605236293
74.1	2025-05-31T11:50:00Z	1748692200	29.90554206052363	3.3125420605236293
74.1	2025-05-31T12:00:00Z	1748692800	29.90554206052363	3.3125420605236293
74.1	2025-05-31T12:10:00Z	1748693400	29.90554206052363	3.3125420605236293
74.1	2025-05-31T12:20:00Z	1748694000	29.90554206052363	2.8125420605236293
74.1	2025-05-31T12:30:00Z	1748694600	30.405878363368466	3.3128783633684655
74.1	2025-05-31T12:40:00Z	1748695200	30.405878363368466	3.3128783633684655
74.1	2025-05-31T12:50:00Z	1748695800	30.405878363368466	3.3128783633684655
74.1	2025-05-31T13:00:00Z	1748696400	30.405878363368466	3.3128783633684655
74.1	2025-05-31T13:10:00Z	1748697000	30.906214666213305	3.3132146662133053
74.1	2025-05-31T13:20:00Z	1748697600	31.406550969058145	3.813550969058145
74.1	2025-05-31T13:30:00Z	1748698200	32.40722357474782	4.8142235747478175
74.1	2025-05-31T13:40:00Z	1748698800	33.908232483282326	6.315232483282326
74.1	2025-05-31T13:50:00Z	1748699400	33.908232483282326	5.816232483282327
74.1	2025-05-31T14:00:00Z	1748700000	33.908232483282326	6.315232483282326
74.1	2025-05-31T14:10:00Z	1748700600	33.908232483282326	5.816232483282327
74.1	2025-05-31T14:20:00Z	1748701200	33.908232483282326	5.816232483282327
74.1	2025-05-31T14:30:00Z	1748701800	34.40856878612716	5.8165687861271635
74.1	2025-05-31T14:40:00Z	1748702400	34.908905088972006	6.816905088972007
74.1	2025-05-31T14:50:00Z	1748703000	34.908905088972006	6.816905088972007
74.1	2025-05-31T15:00:00Z	1748703600	34.908905088972006	6.316905088972007
74.1	2025-05-31T15:10:00Z	1748704200	34.908905088972006	7.315905088972006
74.1	2025-05-31T15:20:00Z	1748704800	34.908905088972006	6.316905088972007
74.1	2025-05-31T15:30:00Z	1748705400	34.40856878612716	6.3165687861271635
74.1	2025-05-31T15:40:00Z	1748706000	33.908232483282326	5.816232483282327
74.1	2025-05-31T15:50:00Z	1748706600	33.908232483282326	5.316232483282327
74.1	2025-05-31T16:00:00Z	1748707200	33.40789618043749	4.815896180437491
74.1	2025-05-31T16:10:00Z	1748707800	33.40789618043749	5.315896180437491
74.1	2025-05-31T16:20:00Z	1748708400	32.90755987759265	4.815559877592648
74.1	2025-05-31T16:30:00Z	1748709000	33.40789618043749	5.315896180437491
74.1	2025-05-31T16:40:00Z	1748709600	32.90755987759265	4.815559877592648
74.1	2025-05-31T16:50:00Z	1748710200	32.90755987759265	4.815559877592648
74.1	2025-05-31T17:00:00Z	1748710800	32.90755987759265	4.815559877592648
74.1	2025-05-31T17:10:00Z	1748711400	32.90755987759265	4.815559877592648
74.1	2025-05-31T17:20:00Z	1748712000	32.90755987759265	4.815559877592648
74.1	2025-05-31T17:30:00Z	1748712600	32.90755987759265	4.815559877592648
74.1	2025-05-31T17:40:00Z	1748713200	32.40722357474782	4.8142235747478175
74.1	2025-05-31T17:50:00Z	1748713800	32.90755987759265	5.314559877592647
74.1	2025-05-31T18:00:00Z	1748714400	32.90755987759265	5.814559877592647
74.1	2025-05-31T18:10:00Z	1748715000	32.40722357474782	5.8142235747478175
74.1	2025-05-31T18:20:00Z	1748715600	32.40722357474782	6.313223574747816
74.1	2025-05-31T18:30:00Z	1748716200	32.90755987759265	6.813559877592645
74.1	2025-05-31T18:40:00Z	1748716800	32.90755987759265	7.313559877592645
74.1	2025-05-31T18:50:00Z	1748717400	32.90755987759265	7.813559877592645
74.1	2025-05-31T19:00:00Z	1748718000	32.90755987759265	7.813559877592645
74.1	2025-05-31T19:10:00Z	1748718600	32.90755987759265	8.313559877592645
74.1	2025-05-31T19:20:00Z	1748719200	33.908232483282326	9.314232483282325
74.1	2025-05-31T19:30:00Z	1748719800	34.40856878612716	9.814568786127161
74.1	2025-05-31T19:40:00Z	1748720400	35.409241391816835	10.815241391816834
74.1	2025-05-31T19:50:00Z	1748721000	33.908232483282326	9.814232483282325
74.1	2025-05-31T20:00:00Z	1748721600	32.90755987759265	8.813559877592645
74.1	2025-05-31T20:10:00Z	1748722200	32.90755987759265	9.313559877592645
74.1	2025-05-31T20:20:00Z	1748722800	36.409913997506514	12.815913997506513
74.1	2025-05-31T20:30:00Z	1748723400	37.41058660319619	13.816586603196185
74.1	2025-05-31T20:40:00Z	1748724000	32.90755987759265	9.313559877592645
74.1	2025-05-31T20:50:00Z	1748724600	32.90755987759265	9.313559877592645
74.1	2025-05-31T21:00:00Z	1748725200	35.90957769466168	12.315577694661677
74.1	2025-05-31T21:10:00Z	1748725800	35.90957769466168	12.315577694661677
74.1	2025-05-31T21:20:00Z	1748726400	35.409241391816835	12.316241391816835
74.1	2025-05-31T21:30:00Z	1748727000	34.908905088972006	11.815905088972006
74.1	2025-05-31T21:40:00Z	1748727600	34.908905088972006	11.815905088972006
74.1	2025-05-31T21:50:00Z	1748728200	34.908905088972006	11.815905088972006
74.1	2025-05-31T22:00:00Z	1748728800	35.409241391816835	12.316241391816835
74.1	2025-05-31T22:10:00Z	1748729400	34.908905088972006	11.815905088972006
74.1	2025-05-31T22:20:00Z	1748730000	35.90957769466168	13.316577694661678
74.1	2025-05-31T22:30:00Z	1748730600	35.90957769466168	13.316577694661678
74.1	2025-05-31T22:40:00Z	1748731200	35.90957769466168	13.316577694661678
74.1	2025-05-31T22:50:00Z	1748731800	35.409241391816835	12.816241391816835
74.1	2025-05-31T23:00:00Z	1748732400	35.90957769466168	13.316577694661678
74.1	2025-05-31T23:10:00Z	1748733000	31.906887271902978	9.313887271902978
74.1	2025-05-31T23:20:00Z	1748733600	35.409241391816835	12.816241391816835
74.1	2025-05-31T23:30:00Z	1748734200	36.409913997506514	13.816913997506514
74.1	2025-05-31T23:40:00Z	1748734800	36.409913997506514	13.816913997506514
74.1	2025-05-31T23:50:00Z	1748735400	35.90957769466168	13.816577694661678
74.1	2025-06-01T00:00:00Z	1748736000	31.906887271902978	9.813887271902978
74.1	2025-06-01T00:10:00Z	1748736600	31.906887271902978	NA
74.1	2025-06-01T00:20:00Z	1748737200	34.40856878612716	NA
74.1	2025-06-01T00:30:00Z	1748737800	32.90755987759265	NA
74.1	2025-06-01T00:40:00Z	1748738400	31.406550969058145	NA
74.1	2025-06-01T00:50:00Z	1748739000	33.908232483282326	NA
74.1	2025-06-01T01:00:00Z	1748739600	35.90957769466168	NA
74.1	2025-06-01T01:10:00Z	1748740200	31.906887271902978	NA
74.1	2025-06-01T01:20:00Z	1748740800	32.40722357474782	NA
74.1	2025-06-01T01:30:00Z	1748741400	32.40722357474782	NA
74.1	2025-06-01T01:40:00Z	1748742000	34.40856878612716	NA
74.1	2025-06-01T01:50:00Z	1748742600	35.90957769466168	NA
74.1	2025-06-01T02:00:00Z	1748743200	32.40722357474782	NA
74.1	2025-06-01T02:10:00Z	1748743800	34.908905088972006	NA
74.1	2025-06-01T02:20:00Z	1748744400	34.908905088972006	NA
74.1	2025-06-01T02:30:00Z	1748745000	32.90755987759265	NA
74.1	2025-06-01T02:40:00Z	1748745600	34.908905088972006	NA
74.1	2025-06-01T02:50:00Z	1748746200	32.90755987759265	NA
74.1	2025-06-01T03:00:00Z	1748746800	34.908905088972006	NA
74.1	2025-06-01T03:10:00Z	1748747400	34.908905088972006	NA
74.1	2025-06-01T03:20:00Z	1748748000	34.908905088972006	NA
74.1	2025-06-01T03:30:00Z	1748748600	34.908905088972006	NA
74.1	2025-06-01T03:40:00Z	1748749200	35.409241391816835	NA
74.1	2025-06-01T03:50:00Z	1748749800	35.409241391816835	NA
74.1	2025-06-01T04:00:00Z	1748750400	35.409241391816835	NA
74.1	2025-06-01T04:10:00Z	1748751000	35.409241391816835	NA
74.1	2025-06-01T04:20:00Z	1748751600	35.90957769466168	NA
74.1	2025-06-01T04:30:00Z	1748752200	34.908905088972006	NA
74.1	2025-06-01T04:40:00Z	1748752800	33.908232483282326	NA
74.1	2025-06-01T04:50:00Z	1748753400	33.40789618043749	NA
74.1	2025-06-01T05:00:00Z	1748754000	33.908232483282326	NA
74.1	2025-06-01T05:10:00Z	1748754600	30.405878363368466	NA
74.1	2025-06-01T05:20:00Z	1748755200	33.908232483282326	NA
74.1	2025-06-01T05:30:00Z	1748755800	32.90755987759265	NA
74.1	2025-06-01T05:40:00Z	1748756400	32.90755987759265	NA
74.1	2025-06-01T05:50:00Z	1748757000	34.40856878612716	NA
74.1	2025-06-01T06:00:00Z	1748757600	33.40789618043749	NA
74.1	2025-06-01T06:10:00Z	1748758200	33.40789618043749	NA
74.1	2025-06-01T06:20:00Z	1748758800	33.40789618043749	NA
74.1	2025-06-01T06:30:00Z	1748759400	33.40789618043749	NA
74.1	2025-06-01T06:40:00Z	1748760000	30.906214666213305	NA
74.1	2025-06-01T06:50:00Z	1748760600	33.908232483282326	NA
74.1	2025-06-01T07:00:00Z	1748761200	33.40789618043749	NA
74.1	2025-06-01T07:10:00Z	1748761800	33.40789618043749	NA
74.1	2025-06-01T07:20:00Z	1748762400	33.40789618043749	NA
74.1	2025-06-01T07:30:00Z	1748763000	33.40789618043749	NA
74.1	2025-06-01T07:40:00Z	1748763600	33.40789618043749	NA
74.1	2025-06-01T07:50:00Z	1748764200	32.90755987759265	NA
74.1	2025-06-01T08:00:00Z	1748764800	32.90755987759265	NA
74.1	2025-06-01T08:10:00Z	1748765400	32.90755987759265	NA
74.1	2025-06-01T08:20:00Z	1748766000	32.40722357474782	NA
74.1	2025-06-01T08:30:00Z	1748766600	31.906887271902978	NA
74.1	2025-06-01T08:40:00Z	1748767200	31.906887271902978	NA
74.1	2025-06-01T08:50:00Z	1748767800	31.906887271902978	NA
74.1	2025-06-01T09:00:00Z	1748768400	31.906887271902978	NA
74.1	2025-06-01T09:10:00Z	1748769000	31.906887271902978	NA
74.1	2025-06-01T09:20:00Z	1748769600	31.406550969058145	NA
74.1	2025-06-01T09:30:00Z	1748770200	31.406550969058145	NA
74.1	2025-06-01T09:40:00Z	1748770800	31.406550969058145	NA
74.1	2025-06-01T09:50:00Z	1748771400	31.406550969058145	NA
74.1	2025-06-01T10:00:00Z	1748772000	30.906214666213305	NA
74.1	2025-06-01T10:10:00Z	1748772600	31.406550969058145	NA
74.1	2025-06-01T10:20:00Z	1748773200	31.406550969058145	NA
74.1	2025-06-01T10:30:00Z	1748773800	31.406550969058145	NA
74.1	2025-06-01T10:40:00Z	1748774400	31.406550969058145	NA
74.1	2025-06-01T10:50:00Z	1748775000	31.406550969058145	NA
74.1	2025-06-01T11:00:00Z	1748775600	31.406550969058145	NA
74.1	2025-06-01T11:10:00Z	1748776200	31.406550969058145	NA
74.1	2025-06-01T11:20:00Z	1748776800	31.406550969058145	NA
74.1	2025-06-01T11:30:00Z	1748777400	31.406550969058145	NA
74.1	2025-06-01T11:40:00Z	1748778000	31.406550969058145	NA
74.1	2025-06-01T11:50:00Z	1748778600	31.406550969058145	NA
74.1	2025-06-01T12:00:00Z	1748779200	31.406550969058145	NA
74.1	2025-06-01T12:10:00Z	1748779800	31.406550969058145	NA
74.1	2025-06-01T12:20:00Z	1748780400	31.406550969058145	NA
74.1	2025-06-01T12:30:00Z	1748781000	31.406550969058145	NA
74.1	2025-06-01T12:40:00Z	1748781600	31.406550969058145	NA
74.1	2025-06-01T12:50:00Z	1748782200	31.906887271902978	NA
74.1	2025-06-01T13:00:00Z	1748782800	31.906887271902978	NA
74.1	2025-06-01T13:10:00Z	1748783400	31.906887271902978	NA
74.1	2025-06-01T13:20:00Z	1748784000	31.906887271902978	NA
74.1	2025-06-01T13:30:00Z	1748784600	31.906887271902978	NA
74.1	2025-06-01T13:40:00Z	1748785200	32.40722357474782	NA
74.1	2025-06-01T13:50:00Z	1748785800	32.40722357474782	NA
74.1	2025-06-01T14:00:00Z	1748786400	32.40722357474782	NA
74.1	2025-06-01T14:10:00Z	1748787000	32.40722357474782	NA
74.1	2025-06-01T14:20:00Z	1748787600	32.90755987759265	NA
74.1	2025-06-01T14:30:00Z	1748788200	32.90755987759265	NA
74.1	2025-06-01T14:40:00Z	1748788800	33.40789618043749	NA
74.1	2025-06-01T14:50:00Z	1748789400	33.40789618043749	NA
74.1	2025-06-01T15:00:00Z	1748790000	33.40789618043749	NA
74.1	2025-06-01T15:10:00Z	1748790600	33.40789618043749	NA
74.1	2025-06-01T15:20:00Z	1748791200	33.908232483282326	NA
74.1	2025-06-01T15:30:00Z	1748791800	33.908232483282326	NA
74.1	2025-06-01T15:40:00Z	1748792400	34.40856878612716	NA
74.1	2025-06-01T15:50:00Z	1748793000	34.40856878612716	NA
74.1	2025-06-01T16:00:00Z	1748793600	34.40856878612716	NA
74.1	2025-06-01T16:10:00Z	1748794200	34.908905088972006	NA
74.1	2025-06-01T16:20:00Z	1748794800	34.40856878612716	NA
74.1	2025-06-01T16:30:00Z	1748795400	34.40856878612716	NA
74.1	2025-06-01T16:40:00Z	1748796000	34.908905088972006	NA
74.1	2025-06-01T16:50:00Z	1748796600	34.908905088972006	NA
74.1	2025-06-01T17:00:00Z	1748797200	34.908905088972006	NA
74.1	2025-06-01T17:10:00Z	1748797800	34.908905088972006	NA
74.1	2025-06-01T17:20:00Z	1748798400	34.908905088972006	NA
74.1	2025-06-01T17:30:00Z	1748799000	35.409241391816835	NA
74.1	2025-06-01T17:40:00Z	1748799600	35.409241391816835	NA
74.1	2025-06-01T17:50:00Z	1748800200	35.409241391816835	NA
74.1	2025-06-01T18:00:00Z	1748800800	35.409241391816835	NA
74.1	2025-06-01T18:10:00Z	1748801400	35.90957769466168	NA
74.1	2025-06-01T18:20:00Z	1748802000	35.90957769466168	NA
74.1	2025-06-01T18:30:00Z	1748802600	35.409241391816835	NA
74.1	2025-06-01T18:40:00Z	1748803200	35.409241391816835	NA
74.1	2025-06-01T18:50:00Z	1748803800	34.908905088972006	NA
74.1	2025-06-01T19:00:00Z	1748804400	34.908905088972006	NA
74.1	2025-06-01T19:10:00Z	1748805000	34.908905088972006	NA
74.1	2025-06-01T19:20:00Z	1748805600	34.908905088972006	NA
74.1	2025-06-01T19:30:00Z	1748806200	35.409241391816835	NA
74.1	2025-06-01T19:40:00Z	1748806800	37.41058660319619	NA
74.1	2025-06-01T19:50:00Z	1748807400	33.908232483282326	NA
74.1	2025-06-01T20:00:00Z	1748808000	34.40856878612716	NA
74.1	2025-06-01T20:10:00Z	1748808600	36.409913997506514	NA
74.1	2025-06-01T20:20:00Z	1748809200	33.908232483282326	NA
74.1	2025-06-01T20:30:00Z	1748809800	33.40789618043749	NA
74.1	2025-06-01T20:40:00Z	1748810400	34.40856878612716	NA
74.1	2025-06-01T20:50:00Z	1748811000	36.409913997506514	NA
74.1	2025-06-01T21:00:00Z	1748811600	37.91092290604103	NA
74.1	2025-06-01T21:10:00Z	1748812200	36.91025030035136	NA
74.1	2025-06-01T21:20:00Z	1748812800	36.91025030035136	NA
74.1	2025-06-01T21:30:00Z	1748813400	36.91025030035136	NA
74.1	2025-06-01T21:40:00Z	1748814000	36.409913997506514	NA
74.1	2025-06-01T21:50:00Z	1748814600	36.409913997506514	NA
74.1	2025-06-01T22:00:00Z	1748815200	36.409913997506514	NA
74.1	2025-06-01T22:10:00Z	1748815800	37.91092290604103	NA
74.1	2025-06-01T22:20:00Z	1748816400	32.90755987759265	NA
74.1	2025-06-01T22:30:00Z	1748817000	32.90755987759265	NA
74.1	2025-06-01T22:40:00Z	1748817600	35.409241391816835	NA
74.1	2025-06-01T22:50:00Z	1748818200	32.40722357474782	NA
74.1	2025-06-01T23:00:00Z	1748818800	34.40856878612716	NA
74.1	2025-06-01T23:10:00Z	1748819400	35.90957769466168	NA
74.1	2025-06-01T23:20:00Z	1748820000	32.40722357474782	NA
74.1	2025-06-01T23:30:00Z	1748820600	30.906214666213305	NA
74.1	2025-06-01T23:40:00Z	1748821200	35.90957769466168	NA
74.1	2025-06-01T23:50:00Z	1748821800	36.409913997506514	NA
74.1	2025-06-02T00:00:00Z	1748822400	36.409913997506514	NA
64.1	2025-05-20T10:20:00Z	1747736400	35.215537525354975	10.621537525354974
64.1	2025-05-20T10:30:00Z	1747737000	33.68923732251521	9.09523732251521
64.1	2025-05-20T10:40:00Z	1747737600	32.67170385395538	7.077703853955377
64.1	2025-05-20T10:50:00Z	1747738200	34.198004056795135	8.604004056795134
64.1	2025-05-20T11:00:00Z	1747738800	35.215537525354975	8.622537525354975
64.1	2025-05-20T11:10:00Z	1747739400	34.70677079107505	8.113770791075051
64.1	2025-05-20T11:20:00Z	1747740000	33.68923732251521	7.096237322515211
64.1	2025-05-20T11:30:00Z	1747740600	34.198004056795135	8.104004056795134
64.1	2025-05-20T11:40:00Z	1747741200	33.68923732251521	7.096237322515211
64.1	2025-05-20T11:50:00Z	1747741800	33.1804705882353	6.087470588235302
64.1	2025-05-20T12:00:00Z	1747742400	33.1804705882353	7.086470588235301
64.1	2025-05-20T12:10:00Z	1747743000	32.162937119675455	6.568937119675454
64.1	2025-05-20T12:20:00Z	1747743600	31.654170385395542	6.060170385395541
64.1	2025-05-20T12:30:00Z	1747744200	31.145403651115622	5.051403651115621
64.1	2025-05-20T12:40:00Z	1747744800	32.162937119675455	5.569937119675455
64.1	2025-05-20T12:50:00Z	1747745400	31.654170385395542	5.061170385395542
64.1	2025-05-20T13:00:00Z	1747746000	31.654170385395542	4.561170385395542
64.1	2025-05-20T13:10:00Z	1747746600	31.145403651115622	3.552403651115622
64.1	2025-05-20T13:20:00Z	1747747200	30.636636916835702	3.543636916835702
64.1	2025-05-20T13:30:00Z	1747747800	30.636636916835702	4.043636916835702
64.1	2025-05-20T13:40:00Z	1747748400	30.127870182555785	3.5348701825557853
64.1	2025-05-20T13:50:00Z	1747749000	30.127870182555785	3.5348701825557853
64.1	2025-05-20T14:00:00Z	1747749600	30.127870182555785	3.0348701825557853
64.1	2025-05-20T14:10:00Z	1747750200	30.127870182555785	2.5348701825557853
64.1	2025-05-20T14:20:00Z	1747750800	30.127870182555785	1.5358701825557866
64.1	2025-05-20T14:30:00Z	1747751400	30.127870182555785	2.0358701825557866
64.1	2025-05-20T14:40:00Z	1747752000	30.127870182555785	2.0358701825557866
64.1	2025-05-20T14:50:00Z	1747752600	30.636636916835702	3.043636916835702
64.1	2025-05-20T15:00:00Z	1747753200	30.636636916835702	3.043636916835702
64.1	2025-05-20T15:10:00Z	1747753800	30.636636916835702	4.043636916835702
64.1	2025-05-20T15:20:00Z	1747754400	30.636636916835702	4.043636916835702
64.1	2025-05-20T15:30:00Z	1747755000	30.636636916835702	3.543636916835702
64.1	2025-05-20T15:40:00Z	1747755600	30.636636916835702	3.543636916835702
64.1	2025-05-20T15:50:00Z	1747756200	30.127870182555785	2.5348701825557853
64.1	2025-05-20T16:00:00Z	1747756800	30.127870182555785	2.5348701825557853
64.1	2025-05-20T16:10:00Z	1747757400	29.619103448275865	2.5261034482758653
64.1	2025-05-20T16:20:00Z	1747758000	29.619103448275865	3.525103448275864
64.1	2025-05-20T16:30:00Z	1747758600	29.11033671399595	2.517336713995949
64.1	2025-05-20T16:40:00Z	1747759200	29.11033671399595	3.0163367139959476
64.1	2025-05-20T16:50:00Z	1747759800	29.11033671399595	3.0163367139959476
64.1	2025-05-20T17:00:00Z	1747760400	29.11033671399595	3.5163367139959476
64.1	2025-05-20T17:10:00Z	1747761000	28.60156997971603	3.0075699797160276
64.1	2025-05-20T17:20:00Z	1747761600	28.60156997971603	4.007569979716028
64.1	2025-05-20T17:30:00Z	1747762200	28.09280324543611	3.9988032454361075
64.1	2025-05-20T17:40:00Z	1747762800	28.09280324543611	3.9988032454361075
64.1	2025-05-20T17:50:00Z	1747763400	28.09280324543611	3.9988032454361075
64.1	2025-05-20T18:00:00Z	1747764000	29.11033671399595	5.016336713995948
64.1	2025-05-20T18:10:00Z	1747764600	30.127870182555785	6.033870182555784
64.1	2025-05-20T18:20:00Z	1747765200	31.145403651115622	6.551403651115621
64.1	2025-05-20T18:30:00Z	1747765800	30.636636916835702	6.542636916835701
64.1	2025-05-20T18:40:00Z	1747766400	29.619103448275865	5.525103448275864
64.1	2025-05-20T18:50:00Z	1747767000	29.619103448275865	6.025103448275864
64.1	2025-05-20T19:00:00Z	1747767600	30.636636916835702	7.042636916835701
64.1	2025-05-20T19:10:00Z	1747768200	30.127870182555785	7.534870182555785
64.1	2025-05-20T19:20:00Z	1747768800	29.619103448275865	8.027103448275867
64.1	2025-05-20T19:30:00Z	1747769400	32.162937119675455	10.570937119675456
64.1	2025-05-20T19:40:00Z	1747770000	31.145403651115622	9.553403651115623
64.1	2025-05-20T19:50:00Z	1747770600	35.724304259634884	14.632304259634886
64.1	2025-05-20T20:00:00Z	1747771200	30.636636916835702	10.0456369168357
64.1	2025-05-20T20:10:00Z	1747771800	29.619103448275865	9.028103448275864
64.1	2025-05-20T20:20:00Z	1747772400	30.127870182555785	9.536870182555784
64.1	2025-05-20T20:30:00Z	1747773000	30.127870182555785	10.036870182555784
64.1	2025-05-20T20:40:00Z	1747773600	28.09280324543611	7.501803245436108
64.1	2025-05-20T20:50:00Z	1747774200	29.11033671399595	8.519336713995948
64.1	2025-05-20T21:00:00Z	1747774800	27.58403651115619	6.993036511156188
64.1	2025-05-20T21:10:00Z	1747775400	30.636636916835702	10.0456369168357
64.1	2025-05-20T21:20:00Z	1747776000	30.636636916835702	10.0456369168357
64.1	2025-05-20T21:30:00Z	1747776600	29.619103448275865	9.028103448275864
64.1	2025-05-20T21:40:00Z	1747777200	30.636636916835702	9.544636916835703
64.1	2025-05-20T21:50:00Z	1747777800	32.162937119675455	11.571937119675454
64.1	2025-05-20T22:00:00Z	1747778400	32.67170385395538	12.080703853955377
64.1	2025-05-20T22:10:00Z	1747779000	29.619103448275865	9.028103448275864
64.1	2025-05-20T22:20:00Z	1747779600	31.654170385395542	11.06317038539554
64.1	2025-05-20T22:30:00Z	1747780200	31.145403651115622	10.55440365111562
64.1	2025-05-20T22:40:00Z	1747780800	32.162937119675455	11.571937119675454
64.1	2025-05-20T22:50:00Z	1747781400	29.619103448275865	9.028103448275864
64.1	2025-05-20T23:00:00Z	1747782000	36.23307099391481	15.642070993914807
64.1	2025-05-20T23:10:00Z	1747782600	31.145403651115622	10.55440365111562
64.1	2025-05-20T23:20:00Z	1747783200	30.636636916835702	10.0456369168357
64.1	2025-05-20T23:30:00Z	1747783800	30.127870182555785	9.536870182555784
64.1	2025-05-20T23:40:00Z	1747784400	30.636636916835702	10.0456369168357
64.1	2025-05-20T23:50:00Z	1747785000	30.636636916835702	10.0456369168357
64.1	2025-05-21T00:00:00Z	1747785600	32.67170385395538	12.080703853955377
64.1	2025-05-21T00:10:00Z	1747786200	28.60156997971603	8.010569979716028
64.1	2025-05-21T00:20:00Z	1747786800	33.68923732251521	13.59823732251521
64.1	2025-05-21T00:30:00Z	1747787400	28.09280324543611	8.001803245436108
64.1	2025-05-21T00:40:00Z	1747788000	30.127870182555785	10.537870182555785
64.1	2025-05-21T00:50:00Z	1747788600	32.67170385395538	13.081703853955378
64.1	2025-05-21T01:00:00Z	1747789200	32.162937119675455	12.572937119675455
64.1	2025-05-21T01:10:00Z	1747789800	27.07526977687627	7.485269776876269
64.1	2025-05-21T01:20:00Z	1747790400	33.1804705882353	13.590470588235302
64.1	2025-05-21T01:30:00Z	1747791000	27.07526977687627	7.485269776876269
64.1	2025-05-21T01:40:00Z	1747791600	31.145403651115622	11.555403651115622
64.1	2025-05-21T01:50:00Z	1747792200	30.636636916835702	11.046636916835702
64.1	2025-05-21T02:00:00Z	1747792800	30.636636916835702	11.046636916835702
64.1	2025-05-21T02:10:00Z	1747793400	31.145403651115622	11.555403651115622
64.1	2025-05-21T02:20:00Z	1747794000	30.636636916835702	11.046636916835702
64.1	2025-05-21T02:30:00Z	1747794600	29.11033671399595	9.520336713995949
64.1	2025-05-21T02:40:00Z	1747795200	28.09280324543611	8.502803245436109
64.1	2025-05-21T02:50:00Z	1747795800	31.145403651115622	11.05440365111562
64.1	2025-05-21T03:00:00Z	1747796400	32.67170385395538	12.580703853955377
64.1	2025-05-21T03:10:00Z	1747797000	31.145403651115622	11.05440365111562
64.1	2025-05-21T03:20:00Z	1747797600	31.145403651115622	11.05440365111562
64.1	2025-05-21T03:30:00Z	1747798200	32.162937119675455	12.071937119675454
64.1	2025-05-21T03:40:00Z	1747798800	31.145403651115622	11.05440365111562
64.1	2025-05-21T03:50:00Z	1747799400	32.162937119675455	11.571937119675454
64.1	2025-05-21T04:00:00Z	1747800000	29.619103448275865	9.028103448275864
64.1	2025-05-21T04:10:00Z	1747800600	31.145403651115622	10.55440365111562
64.1	2025-05-21T04:20:00Z	1747801200	26.566503042596352	6.475503042596351
64.1	2025-05-21T04:30:00Z	1747801800	20.970068965517243	0.37906896551724145
64.1	2025-05-21T04:40:00Z	1747802400	20.461302231237326	-0.12969776876267503
64.1	2025-05-21T04:50:00Z	1747803000	20.461302231237326	0.370302231237325
64.1	2025-05-21T05:00:00Z	1747803600	19.952535496957406	-0.13846450304259506
64.1	2025-05-21T05:10:00Z	1747804200	19.952535496957406	-0.13846450304259506
64.1	2025-05-21T05:20:00Z	1747804800	19.952535496957406	-0.13846450304259506
64.1	2025-05-21T05:30:00Z	1747805400	19.952535496957406	-0.13846450304259506
64.1	2025-05-21T05:40:00Z	1747806000	19.952535496957406	-0.13846450304259506
64.1	2025-05-21T05:50:00Z	1747806600	19.952535496957406	-0.13846450304259506
64.1	2025-05-21T06:00:00Z	1747807200	19.952535496957406	-0.13846450304259506
64.1	2025-05-21T06:10:00Z	1747807800	19.443768762677486	-0.14623123732251386
64.1	2025-05-21T06:20:00Z	1747808400	19.443768762677486	-0.14623123732251386
64.1	2025-05-21T06:30:00Z	1747809000	19.443768762677486	-0.14623123732251386
64.1	2025-05-21T06:40:00Z	1747809600	19.443768762677486	-0.14623123732251386
64.1	2025-05-21T06:50:00Z	1747810200	19.443768762677486	-0.14623123732251386
64.1	2025-05-21T07:00:00Z	1747810800	19.443768762677486	-0.6472312373225151
64.1	2025-05-21T07:10:00Z	1747811400	19.443768762677486	-0.6472312373225151
64.1	2025-05-21T07:20:00Z	1747812000	19.952535496957406	-0.638464503042595
64.1	2025-05-21T07:30:00Z	1747812600	19.952535496957406	-2.640464503042594
64.1	2025-05-21T07:40:00Z	1747813200	19.952535496957406	-4.641464503042595
64.1	2025-05-21T07:50:00Z	1747813800	20.461302231237326	-5.132697768762675
64.1	2025-05-21T08:00:00Z	1747814400	20.970068965517243	-6.622931034482757
64.1	2025-05-21T08:10:00Z	1747815000	20.970068965517243	-6.122931034482757
64.1	2025-05-21T08:20:00Z	1747815600	21.478835699797163	-3.6151643002028386
64.1	2025-05-21T08:30:00Z	1747816200	21.478835699797163	-4.115164300202839
64.1	2025-05-21T08:40:00Z	1747816800	21.478835699797163	-3.6151643002028386
64.1	2025-05-21T08:50:00Z	1747817400	21.478835699797163	-3.1151643002028386
64.1	2025-05-21T09:00:00Z	1747818000	21.987602434077083	-2.6063975659229186
64.1	2025-05-21T09:10:00Z	1747818600	21.987602434077083	-4.106397565922919
64.1	2025-05-21T09:20:00Z	1747819200	21.987602434077083	-3.1063975659229186
64.1	2025-05-21T09:30:00Z	1747819800	21.987602434077083	-1.6063975659229186
64.1	2025-05-21T09:40:00Z	1747820400	22.496369168357003	-1.5976308316429986
64.1	2025-05-21T09:50:00Z	1747821000	22.496369168357003	-2.0976308316429986
64.1	2025-05-21T10:00:00Z	1747821600	22.496369168357003	-2.0976308316429986
64.1	2025-05-21T10:10:00Z	1747822200	23.00513590263692	-2.088864097363082
64.1	2025-05-21T10:20:00Z	1747822800	23.00513590263692	-2.088864097363082
64.1	2025-05-21T10:30:00Z	1747823400	23.51390263691684	-2.580097363083162
64.1	2025-05-21T10:40:00Z	1747824000	24.022669371196756	-2.0713306288032456
64.1	2025-05-21T10:50:00Z	1747824600	29.619103448275865	3.525103448275864
64.1	2025-05-21T11:00:00Z	1747825200	34.198004056795135	8.604004056795134
64.1	2025-05-21T11:10:00Z	1747825800	33.1804705882353	7.586470588235301
64.1	2025-05-21T11:20:00Z	1747826400	33.1804705882353	7.586470588235301
64.1	2025-05-21T11:30:00Z	1747827000	33.1804705882353	7.586470588235301
64.1	2025-05-21T11:40:00Z	1747827600	32.67170385395538	7.077703853955377
64.1	2025-05-21T11:50:00Z	1747828200	32.162937119675455	7.068937119675454
64.1	2025-05-21T12:00:00Z	1747828800	34.70677079107505	9.11277079107505
64.1	2025-05-21T12:10:00Z	1747829400	33.68923732251521	8.09523732251521
64.1	2025-05-21T12:20:00Z	1747830000	33.68923732251521	7.59523732251521
64.1	2025-05-21T12:30:00Z	1747830600	33.68923732251521	7.59523732251521
64.1	2025-05-21T12:40:00Z	1747831200	33.1804705882353	7.086470588235301
64.1	2025-05-21T12:50:00Z	1747831800	31.654170385395542	5.560170385395541
64.1	2025-05-21T13:00:00Z	1747832400	31.654170385395542	5.061170385395542
64.1	2025-05-21T13:10:00Z	1747833000	31.145403651115622	4.552403651115622
64.1	2025-05-21T13:20:00Z	1747833600	31.145403651115622	4.052403651115622
64.1	2025-05-21T13:30:00Z	1747834200	30.127870182555785	3.0348701825557853
64.1	2025-05-21T13:40:00Z	1747834800	30.127870182555785	3.0348701825557853
64.1	2025-05-21T13:50:00Z	1747835400	29.619103448275865	2.5261034482758653
64.1	2025-05-21T14:00:00Z	1747836000	30.127870182555785	3.0348701825557853
64.1	2025-05-21T14:10:00Z	1747836600	30.127870182555785	2.5348701825557853
64.1	2025-05-21T14:20:00Z	1747837200	30.127870182555785	2.5348701825557853
64.1	2025-05-21T14:30:00Z	1747837800	29.619103448275865	2.5261034482758653
64.1	2025-05-21T14:40:00Z	1747838400	29.619103448275865	2.5261034482758653
64.1	2025-05-21T14:50:00Z	1747839000	29.619103448275865	2.0261034482758653
64.1	2025-05-21T15:00:00Z	1747839600	29.619103448275865	2.0261034482758653
64.1	2025-05-21T15:10:00Z	1747840200	29.619103448275865	2.0261034482758653
64.1	2025-05-21T15:20:00Z	1747840800	29.619103448275865	2.0261034482758653
64.1	2025-05-21T15:30:00Z	1747841400	30.127870182555785	2.5348701825557853
64.1	2025-05-21T15:40:00Z	1747842000	30.636636916835702	3.043636916835702
64.1	2025-05-21T15:50:00Z	1747842600	31.145403651115622	3.552403651115622
64.1	2025-05-21T16:00:00Z	1747843200	30.636636916835702	2.544636916835703
64.1	2025-05-21T16:10:00Z	1747843800	30.636636916835702	2.544636916835703
64.1	2025-05-21T16:20:00Z	1747844400	31.654170385395542	3.562170385395543
64.1	2025-05-21T16:30:00Z	1747845000	31.654170385395542	3.562170385395543
64.1	2025-05-21T16:40:00Z	1747845600	31.654170385395542	3.562170385395543
64.1	2025-05-21T16:50:00Z	1747846200	30.636636916835702	2.544636916835703
64.1	2025-05-21T17:00:00Z	1747846800	32.162937119675455	4.070937119675456
64.1	2025-05-21T17:10:00Z	1747847400	31.654170385395542	4.061170385395542
64.1	2025-05-21T17:20:00Z	1747848000	32.67170385395538	5.078703853955378
64.1	2025-05-21T17:30:00Z	1747848600	32.162937119675455	4.569937119675455
64.1	2025-05-21T17:40:00Z	1747849200	32.67170385395538	5.578703853955378
64.1	2025-05-21T17:50:00Z	1747849800	32.67170385395538	6.078703853955378
64.1	2025-05-21T18:00:00Z	1747850400	32.162937119675455	5.569937119675455
64.1	2025-05-21T18:10:00Z	1747851000	32.67170385395538	6.577703853955377
64.1	2025-05-21T18:20:00Z	1747851600	32.67170385395538	7.077703853955377
64.1	2025-05-21T18:30:00Z	1747852200	32.162937119675455	6.568937119675454
64.1	2025-05-21T18:40:00Z	1747852800	31.145403651115622	5.551403651115621
64.1	2025-05-21T18:50:00Z	1747853400	30.636636916835702	5.542636916835701
64.1	2025-05-21T19:00:00Z	1747854000	30.127870182555785	5.033870182555784
64.1	2025-05-21T19:10:00Z	1747854600	31.654170385395542	6.560170385395541
64.1	2025-05-21T19:20:00Z	1747855200	33.1804705882353	8.5864705882353
64.1	2025-05-21T19:30:00Z	1747855800	34.70677079107505	10.11277079107505
64.1	2025-05-21T19:40:00Z	1747856400	29.11033671399595	4.516336713995948
64.1	2025-05-21T19:50:00Z	1747857000	34.70677079107505	10.11277079107505
64.1	2025-05-21T20:00:00Z	1747857600	35.724304259634884	11.630304259634883
64.1	2025-05-21T20:10:00Z	1747858200	34.70677079107505	10.61277079107505
64.1	2025-05-21T20:20:00Z	1747858800	34.198004056795135	10.604004056795134
64.1	2025-05-21T20:30:00Z	1747859400	33.68923732251521	10.09523732251521
64.1	2025-05-21T20:40:00Z	1747860000	32.162937119675455	8.568937119675454
64.1	2025-05-21T20:50:00Z	1747860600	32.67170385395538	9.077703853955377
64.1	2025-05-21T21:00:00Z	1747861200	33.1804705882353	9.5864705882353
64.1	2025-05-21T21:10:00Z	1747861800	33.68923732251521	10.596237322515211
64.1	2025-05-21T21:20:00Z	1747862400	33.1804705882353	10.087470588235302
64.1	2025-05-21T21:30:00Z	1747863000	34.198004056795135	11.105004056795135
64.1	2025-05-21T21:40:00Z	1747863600	33.68923732251521	10.596237322515211
64.1	2025-05-21T21:50:00Z	1747864200	33.68923732251521	10.596237322515211
64.1	2025-05-21T22:00:00Z	1747864800	34.198004056795135	11.105004056795135
64.1	2025-05-21T22:10:00Z	1747865400	35.724304259634884	12.631304259634884
64.1	2025-05-21T22:20:00Z	1747866000	36.74183772819473	14.148837728194732
64.1	2025-05-21T22:30:00Z	1747866600	35.215537525354975	12.622537525354975
64.1	2025-05-21T22:40:00Z	1747867200	33.68923732251521	11.096237322515211
64.1	2025-05-21T22:50:00Z	1747867800	33.1804705882353	10.587470588235302
64.1	2025-05-21T23:00:00Z	1747868400	32.67170385395538	10.078703853955378
64.1	2025-05-21T23:10:00Z	1747869000	33.1804705882353	11.087470588235302
64.1	2025-05-21T23:20:00Z	1747869600	33.68923732251521	11.596237322515211
64.1	2025-05-21T23:30:00Z	1747870200	33.68923732251521	11.596237322515211
64.1	2025-05-21T23:40:00Z	1747870800	33.68923732251521	11.596237322515211
64.1	2025-05-21T23:50:00Z	1747871400	33.1804705882353	11.087470588235302
64.1	2025-05-22T00:00:00Z	1747872000	32.67170385395538	10.578703853955378
64.1	2025-05-22T00:10:00Z	1747872600	32.67170385395538	10.578703853955378
64.1	2025-05-22T00:20:00Z	1747873200	32.67170385395538	11.07970385395538
64.1	2025-05-22T00:30:00Z	1747873800	32.162937119675455	10.069937119675455
64.1	2025-05-22T00:40:00Z	1747874400	31.654170385395542	9.561170385395542
64.1	2025-05-22T00:50:00Z	1747875000	35.215537525354975	13.122537525354975
64.1	2025-05-22T01:00:00Z	1747875600	32.67170385395538	11.07970385395538
64.1	2025-05-22T01:10:00Z	1747876200	32.67170385395538	10.578703853955378
64.1	2025-05-22T01:20:00Z	1747876800	31.654170385395542	9.561170385395542
64.1	2025-05-22T01:30:00Z	1747877400	31.145403651115622	9.052403651115622
64.1	2025-05-22T01:40:00Z	1747878000	32.67170385395538	10.578703853955378
64.1	2025-05-22T01:50:00Z	1747878600	32.162937119675455	10.069937119675455
64.1	2025-05-22T02:00:00Z	1747879200	32.67170385395538	10.578703853955378
64.1	2025-05-22T02:10:00Z	1747879800	31.654170385395542	9.561170385395542
64.1	2025-05-22T02:20:00Z	1747880400	32.162937119675455	10.069937119675455
64.1	2025-05-22T02:30:00Z	1747881000	32.162937119675455	10.069937119675455
64.1	2025-05-22T02:40:00Z	1747881600	31.654170385395542	10.062170385395543
64.1	2025-05-22T02:50:00Z	1747882200	32.162937119675455	10.570937119675456
64.1	2025-05-22T03:00:00Z	1747882800	32.162937119675455	10.570937119675456
64.1	2025-05-22T03:10:00Z	1747883400	31.145403651115622	9.553403651115623
64.1	2025-05-22T03:20:00Z	1747884000	30.636636916835702	9.044636916835703
64.1	2025-05-22T03:30:00Z	1747884600	34.198004056795135	12.606004056795136
64.1	2025-05-22T03:40:00Z	1747885200	34.198004056795135	12.606004056795136
64.1	2025-05-22T03:50:00Z	1747885800	33.68923732251521	12.097237322515213
64.1	2025-05-22T04:00:00Z	1747886400	31.654170385395542	10.062170385395543
64.1	2025-05-22T04:10:00Z	1747887000	31.654170385395542	10.062170385395543
64.1	2025-05-22T04:20:00Z	1747887600	32.162937119675455	10.570937119675456
64.1	2025-05-22T04:30:00Z	1747888200	34.198004056795135	12.606004056795136
64.1	2025-05-22T04:40:00Z	1747888800	33.68923732251521	12.097237322515213
64.1	2025-05-22T04:50:00Z	1747889400	31.145403651115622	9.553403651115623
64.1	2025-05-22T05:00:00Z	1747890000	31.654170385395542	10.062170385395543
64.1	2025-05-22T05:10:00Z	1747890600	31.145403651115622	9.553403651115623
64.1	2025-05-22T05:20:00Z	1747891200	30.127870182555785	9.035870182555787
64.1	2025-05-22T05:30:00Z	1747891800	30.127870182555785	9.035870182555787
64.1	2025-05-22T05:40:00Z	1747892400	31.145403651115622	10.053403651115623
64.1	2025-05-22T05:50:00Z	1747893000	31.654170385395542	10.562170385395543
64.1	2025-05-22T06:00:00Z	1747893600	30.636636916835702	9.544636916835703
64.1	2025-05-22T06:10:00Z	1747894200	31.654170385395542	10.562170385395543
64.1	2025-05-22T06:20:00Z	1747894800	31.654170385395542	10.562170385395543
64.1	2025-05-22T06:30:00Z	1747895400	30.127870182555785	9.035870182555787
64.1	2025-05-22T06:40:00Z	1747896000	29.619103448275865	8.027103448275867
64.1	2025-05-22T06:50:00Z	1747896600	28.60156997971603	7.50956997971603
64.1	2025-05-22T07:00:00Z	1747897200	28.09280324543611	7.00080324543611
64.1	2025-05-22T07:10:00Z	1747897800	27.07526977687627	5.98326977687627
64.1	2025-05-22T07:20:00Z	1747898400	26.566503042596352	5.4745030425963535
64.1	2025-05-22T07:30:00Z	1747899000	26.566503042596352	5.4745030425963535
64.1	2025-05-22T07:40:00Z	1747899600	26.057736308316432	4.465736308316433
64.1	2025-05-22T07:50:00Z	1747900200	25.548969574036516	4.456969574036517
64.1	2025-05-22T08:00:00Z	1747900800	25.548969574036516	4.456969574036517
64.1	2025-05-22T08:10:00Z	1747901400	25.040202839756596	3.948202839756597
64.1	2025-05-22T08:20:00Z	1747902000	25.040202839756596	3.448202839756597
64.1	2025-05-22T08:30:00Z	1747902600	25.040202839756596	3.448202839756597
64.1	2025-05-22T08:40:00Z	1747903200	24.531436105476676	2.4384361054766757
64.1	2025-05-22T08:50:00Z	1747903800	25.040202839756596	1.9472028397565957
64.1	2025-05-22T09:00:00Z	1747904400	24.531436105476676	0.9374361054766744
64.1	2025-05-22T09:10:00Z	1747905000	24.531436105476676	-0.06256389452332556
64.1	2025-05-22T09:20:00Z	1747905600	24.531436105476676	-0.5625638945233256
64.1	2025-05-22T09:30:00Z	1747906200	24.531436105476676	-0.06256389452332556
64.1	2025-05-22T09:40:00Z	1747906800	24.531436105476676	-0.06256389452332556
64.1	2025-05-22T09:50:00Z	1747907400	25.040202839756596	0.44620283975659447
64.1	2025-05-22T10:00:00Z	1747908000	26.057736308316432	1.463736308316431
64.1	2025-05-22T10:10:00Z	1747908600	27.07526977687627	1.4812697768762675
64.1	2025-05-22T10:20:00Z	1747909200	27.58403651115619	1.4900365111561875
64.1	2025-05-22T10:30:00Z	1747909800	27.58403651115619	1.9900365111561875
64.1	2025-05-22T10:40:00Z	1747910400	27.58403651115619	1.4900365111561875
64.1	2025-05-22T10:50:00Z	1747911000	27.58403651115619	0.9910365111561887
64.1	2025-05-22T11:00:00Z	1747911600	27.58403651115619	0.9910365111561887
64.1	2025-05-22T11:10:00Z	1747912200	27.58403651115619	0.49103651115618874
64.1	2025-05-22T11:20:00Z	1747912800	28.09280324543611	0.9998032454361088
64.1	2025-05-22T11:30:00Z	1747913400	28.09280324543611	0.9998032454361088
64.1	2025-05-22T11:40:00Z	1747914000	28.60156997971603	1.0085699797160288
64.1	2025-05-22T11:50:00Z	1747914600	28.60156997971603	0.50956997971603
64.1	2025-05-22T12:00:00Z	1747915200	29.11033671399595	1.01833671399595
64.1	2025-05-22T12:10:00Z	1747915800	28.60156997971603	1.5085699797160288
64.1	2025-05-22T12:20:00Z	1747916400	29.11033671399595	2.017336713995949
64.1	2025-05-22T12:30:00Z	1747917000	29.11033671399595	2.517336713995949
64.1	2025-05-22T12:40:00Z	1747917600	28.09280324543611	4.999803245436109
64.1	2025-05-22T12:50:00Z	1747918200	26.566503042596352	6.475503042596351
64.1	2025-05-22T13:00:00Z	1747918800	26.057736308316432	6.467736308316432
64.1	2025-05-22T13:10:00Z	1747919400	25.040202839756596	5.450202839756596
64.1	2025-05-22T13:20:00Z	1747920000	25.040202839756596	5.450202839756596
64.1	2025-05-22T13:30:00Z	1747920600	24.531436105476676	4.4404361054766746
64.1	2025-05-22T13:40:00Z	1747921200	25.040202839756596	4.449202839756595
64.1	2025-05-22T13:50:00Z	1747921800	25.040202839756596	3.948202839756597
64.1	2025-05-22T14:00:00Z	1747922400	25.040202839756596	3.948202839756597
64.1	2025-05-22T14:10:00Z	1747923000	25.040202839756596	3.448202839756597
64.1	2025-05-22T14:20:00Z	1747923600	25.040202839756596	3.448202839756597
64.1	2025-05-22T14:30:00Z	1747924200	26.057736308316432	3.964736308316432
64.1	2025-05-22T14:40:00Z	1747924800	27.07526977687627	3.9822697768762687
64.1	2025-05-22T14:50:00Z	1747925400	27.07526977687627	2.9812697768762675
64.1	2025-05-22T15:00:00Z	1747926000	27.07526977687627	2.4812697768762675
64.1	2025-05-22T15:10:00Z	1747926600	27.07526977687627	2.4812697768762675
64.1	2025-05-22T15:20:00Z	1747927200	26.566503042596352	1.972503042596351
64.1	2025-05-22T15:30:00Z	1747927800	26.566503042596352	1.972503042596351
64.1	2025-05-22T15:40:00Z	1747928400	26.566503042596352	1.972503042596351
64.1	2025-05-22T15:50:00Z	1747929000	26.566503042596352	1.472503042596351
64.1	2025-05-22T16:00:00Z	1747929600	26.566503042596352	1.472503042596351
64.1	2025-05-22T16:10:00Z	1747930200	26.566503042596352	1.472503042596351
64.1	2025-05-22T16:20:00Z	1747930800	26.566503042596352	1.472503042596351
64.1	2025-05-22T16:30:00Z	1747931400	27.58403651115619	2.4900365111561875
64.1	2025-05-22T16:40:00Z	1747932000	28.09280324543611	2.9988032454361075
64.1	2025-05-22T16:50:00Z	1747932600	27.58403651115619	2.9900365111561875
64.1	2025-05-22T17:00:00Z	1747933200	28.09280324543611	3.4988032454361075
64.1	2025-05-22T17:10:00Z	1747933800	28.60156997971603	4.507569979716028
64.1	2025-05-22T17:20:00Z	1747934400	29.11033671399595	5.016336713995948
64.1	2025-05-22T17:30:00Z	1747935000	30.127870182555785	6.033870182555784
64.1	2025-05-22T17:40:00Z	1747935600	30.636636916835702	6.542636916835701
64.1	2025-05-22T17:50:00Z	1747936200	31.145403651115622	7.051403651115621
64.1	2025-05-22T18:00:00Z	1747936800	30.636636916835702	6.542636916835701
64.1	2025-05-22T18:10:00Z	1747937400	31.145403651115622	7.551403651115621
64.1	2025-05-22T18:20:00Z	1747938000	31.145403651115622	7.551403651115621
64.1	2025-05-22T18:30:00Z	1747938600	30.127870182555785	6.533870182555784
64.1	2025-05-22T18:40:00Z	1747939200	30.636636916835702	7.543636916835702
64.1	2025-05-22T18:50:00Z	1747939800	31.145403651115622	8.052403651115622
64.1	2025-05-22T19:00:00Z	1747940400	31.145403651115622	8.052403651115622
64.1	2025-05-22T19:10:00Z	1747941000	31.654170385395542	9.061170385395542
64.1	2025-05-22T19:20:00Z	1747941600	31.145403651115622	8.552403651115622
64.1	2025-05-22T19:30:00Z	1747942200	32.67170385395538	10.578703853955378
64.1	2025-05-22T19:40:00Z	1747942800	31.145403651115622	11.05440365111562
64.1	2025-05-22T19:50:00Z	1747943400	30.636636916835702	10.5456369168357
64.1	2025-05-22T20:00:00Z	1747944000	29.11033671399595	9.019336713995948
64.1	2025-05-22T20:10:00Z	1747944600	28.60156997971603	8.510569979716028
64.1	2025-05-22T20:20:00Z	1747945200	30.636636916835702	10.5456369168357
64.1	2025-05-22T20:30:00Z	1747945800	28.60156997971603	8.510569979716028
64.1	2025-05-22T20:40:00Z	1747946400	30.636636916835702	10.5456369168357
64.1	2025-05-22T20:50:00Z	1747947000	31.145403651115622	11.05440365111562
64.1	2025-05-22T21:00:00Z	1747947600	29.619103448275865	9.528103448275864
64.1	2025-05-22T21:10:00Z	1747948200	30.127870182555785	10.036870182555784
64.1	2025-05-22T21:20:00Z	1747948800	30.127870182555785	10.036870182555784
64.1	2025-05-22T21:30:00Z	1747949400	32.67170385395538	12.080703853955377
64.1	2025-05-22T21:40:00Z	1747950000	36.74183772819473	16.15083772819473
64.1	2025-05-22T21:50:00Z	1747950600	36.74183772819473	16.15083772819473
64.1	2025-05-22T22:00:00Z	1747951200	34.198004056795135	13.607004056795134
64.1	2025-05-22T22:10:00Z	1747951800	34.70677079107505	14.61577079107505
64.1	2025-05-22T22:20:00Z	1747952400	33.68923732251521	13.59823732251521
64.1	2025-05-22T22:30:00Z	1747953000	33.68923732251521	13.09823732251521
64.1	2025-05-22T22:40:00Z	1747953600	31.145403651115622	10.55440365111562
64.1	2025-05-22T22:50:00Z	1747954200	36.74183772819473	16.65083772819473
64.1	2025-05-22T23:00:00Z	1747954800	33.1804705882353	13.0894705882353
64.1	2025-05-22T23:10:00Z	1747955400	31.654170385395542	11.06317038539554
64.1	2025-05-22T23:20:00Z	1747956000	34.198004056795135	13.607004056795134
64.1	2025-05-22T23:30:00Z	1747956600	32.67170385395538	12.080703853955377
64.1	2025-05-22T23:40:00Z	1747957200	35.724304259634884	15.133304259634883
64.1	2025-05-22T23:50:00Z	1747957800	32.67170385395538	12.080703853955377
64.1	2025-05-23T00:00:00Z	1747958400	36.74183772819473	16.15083772819473
64.1	2025-05-23T00:10:00Z	1747959000	33.1804705882353	12.5894705882353
64.1	2025-05-23T00:20:00Z	1747959600	32.67170385395538	12.080703853955377
64.1	2025-05-23T00:30:00Z	1747960200	33.1804705882353	12.088470588235303
64.1	2025-05-23T00:40:00Z	1747960800	33.68923732251521	13.09823732251521
64.1	2025-05-23T00:50:00Z	1747961400	34.70677079107505	14.11577079107505
64.1	2025-05-23T01:00:00Z	1747962000	34.198004056795135	13.607004056795134
64.1	2025-05-23T01:10:00Z	1747962600	32.162937119675455	11.571937119675454
64.1	2025-05-23T01:20:00Z	1747963200	33.68923732251521	13.09823732251521
64.1	2025-05-23T01:30:00Z	1747963800	33.68923732251521	13.59823732251521
64.1	2025-05-23T01:40:00Z	1747964400	28.60156997971603	8.510569979716028
64.1	2025-05-23T01:50:00Z	1747965000	29.11033671399595	9.019336713995948
64.1	2025-05-23T02:00:00Z	1747965600	31.654170385395542	11.06317038539554
64.1	2025-05-23T02:10:00Z	1747966200	32.67170385395538	12.080703853955377
64.1	2025-05-23T02:20:00Z	1747966800	32.162937119675455	11.571937119675454
64.1	2025-05-23T02:30:00Z	1747967400	31.654170385395542	11.06317038539554
64.1	2025-05-23T02:40:00Z	1747968000	31.145403651115622	10.55440365111562
64.1	2025-05-23T02:50:00Z	1747968600	31.654170385395542	11.06317038539554
64.1	2025-05-23T03:00:00Z	1747969200	31.145403651115622	11.05440365111562
64.1	2025-05-23T03:10:00Z	1747969800	30.127870182555785	10.036870182555784
64.1	2025-05-23T03:20:00Z	1747970400	29.619103448275865	9.528103448275864
64.1	2025-05-23T03:30:00Z	1747971000	30.636636916835702	10.5456369168357
64.1	2025-05-23T03:40:00Z	1747971600	29.619103448275865	10.029103448275865
64.1	2025-05-23T03:50:00Z	1747972200	28.60156997971603	9.011569979716029
64.1	2025-05-23T04:00:00Z	1747972800	29.11033671399595	9.520336713995949
64.1	2025-05-23T04:10:00Z	1747973400	29.619103448275865	10.029103448275865
64.1	2025-05-23T04:20:00Z	1747974000	31.654170385395542	12.064170385395542
64.1	2025-05-23T04:30:00Z	1747974600	31.654170385395542	12.064170385395542
64.1	2025-05-23T04:40:00Z	1747975200	31.654170385395542	12.064170385395542
64.1	2025-05-23T04:50:00Z	1747975800	32.67170385395538	13.081703853955378
64.1	2025-05-23T05:00:00Z	1747976400	30.636636916835702	10.5456369168357
64.1	2025-05-23T05:10:00Z	1747977000	29.11033671399595	9.019336713995948
64.1	2025-05-23T05:20:00Z	1747977600	28.60156997971603	8.510569979716028
64.1	2025-05-23T05:30:00Z	1747978200	28.60156997971603	8.510569979716028
64.1	2025-05-23T05:40:00Z	1747978800	29.11033671399595	9.019336713995948
64.1	2025-05-23T05:50:00Z	1747979400	28.09280324543611	8.001803245436108
64.1	2025-05-23T06:00:00Z	1747980000	28.60156997971603	8.510569979716028
64.1	2025-05-23T06:10:00Z	1747980600	28.60156997971603	8.510569979716028
64.1	2025-05-23T06:20:00Z	1747981200	27.58403651115619	7.493036511156188
64.1	2025-05-23T06:30:00Z	1747981800	27.58403651115619	7.493036511156188
64.1	2025-05-23T06:40:00Z	1747982400	27.07526977687627	6.984269776876268
64.1	2025-05-23T06:50:00Z	1747983000	27.07526977687627	6.984269776876268
64.1	2025-05-23T07:00:00Z	1747983600	26.566503042596352	6.475503042596351
64.1	2025-05-23T07:10:00Z	1747984200	26.566503042596352	6.475503042596351
64.1	2025-05-23T07:20:00Z	1747984800	26.566503042596352	5.975503042596351
64.1	2025-05-23T07:30:00Z	1747985400	26.057736308316432	5.466736308316431
64.1	2025-05-23T07:40:00Z	1747986000	25.548969574036516	4.957969574036515
64.1	2025-05-23T07:50:00Z	1747986600	25.040202839756596	3.948202839756597
64.1	2025-05-23T08:00:00Z	1747987200	25.040202839756596	3.448202839756597
64.1	2025-05-23T08:10:00Z	1747987800	25.040202839756596	2.9472028397565957
64.1	2025-05-23T08:20:00Z	1747988400	24.531436105476676	0.9374361054766744
64.1	2025-05-23T08:30:00Z	1747989000	24.531436105476676	-3.560563894523323
64.1	2025-05-23T08:40:00Z	1747989600	24.531436105476676	-5.0595638945233254
64.1	2025-05-23T08:50:00Z	1747990200	24.531436105476676	-3.0615638945233243
64.1	2025-05-23T09:00:00Z	1747990800	24.531436105476676	-0.5625638945233256
64.1	2025-05-23T09:10:00Z	1747991400	26.057736308316432	-1.0352636916835678
64.1	2025-05-23T09:20:00Z	1747992000	27.58403651115619	-1.5069634888438124
64.1	2025-05-23T09:30:00Z	1747992600	28.60156997971603	0.50956997971603
64.1	2025-05-23T09:40:00Z	1747993200	31.145403651115622	5.051403651115621
64.1	2025-05-23T09:50:00Z	1747993800	31.145403651115622	5.051403651115621
64.1	2025-05-23T10:00:00Z	1747994400	31.145403651115622	5.051403651115621
64.1	2025-05-23T10:10:00Z	1747995000	30.636636916835702	4.542636916835701
64.1	2025-05-23T10:20:00Z	1747995600	30.127870182555785	3.5348701825557853
64.1	2025-05-23T10:30:00Z	1747996200	29.619103448275865	3.0261034482758653
64.1	2025-05-23T10:40:00Z	1747996800	29.11033671399595	2.517336713995949
64.1	2025-05-23T10:50:00Z	1747997400	30.127870182555785	4.033870182555784
64.1	2025-05-23T11:00:00Z	1747998000	32.162937119675455	6.068937119675454
64.1	2025-05-23T11:10:00Z	1747998600	31.654170385395542	5.560170385395541
64.1	2025-05-23T11:20:00Z	1747999200	31.654170385395542	5.061170385395542
64.1	2025-05-23T11:30:00Z	1747999800	31.654170385395542	5.560170385395541
64.1	2025-05-23T11:40:00Z	1748000400	32.162937119675455	5.569937119675455
64.1	2025-05-23T11:50:00Z	1748001000	30.636636916835702	4.043636916835702
64.1	2025-05-23T12:00:00Z	1748001600	31.145403651115622	4.552403651115622
64.1	2025-05-23T12:10:00Z	1748002200	34.70677079107505	11.348270791075052
64.1	2025-05-23T12:20:00Z	1748002800	31.145403651115622	9.788403651115622
64.1	2025-05-23T12:30:00Z	1748003400	30.636636916835702	9.779636916835702
64.1	2025-05-23T12:40:00Z	1748004000	26.057736308316432	5.450736308316433
64.1	2025-05-23T12:50:00Z	1748004600	29.11033671399595	8.503836713995952
64.1	2025-05-23T13:00:00Z	1748005200	29.11033671399595	8.753836713995952
64.1	2025-05-23T13:10:00Z	1748005800	28.60156997971603	8.745569979716027
64.1	2025-05-23T13:20:00Z	1748006400	28.09280324543611	8.98730324543611
64.1	2025-05-23T13:30:00Z	1748007000	26.057736308316432	6.952236308316433
64.1	2025-05-23T13:40:00Z	1748007600	25.040202839756596	5.934702839756596
64.1	2025-05-23T13:50:00Z	1748008200	24.022669371196756	4.667169371196756
64.1	2025-05-23T14:00:00Z	1748008800	23.51390263691684	4.40840263691684
64.1	2025-05-23T14:10:00Z	1748009400	23.00513590263692	3.89963590263692
64.1	2025-05-23T14:20:00Z	1748010000	21.987602434077083	3.8836024340770834
64.1	2025-05-23T14:30:00Z	1748010600	21.478835699797163	3.124335699797161
64.1	2025-05-23T14:40:00Z	1748011200	20.970068965517243	3.1160689655172433
64.1	2025-05-23T14:50:00Z	1748011800	19.952535496957406	2.348535496957407
64.1	2025-05-23T15:00:00Z	1748012400	19.443768762677486	2.0902687626774856
64.1	2025-05-23T15:10:00Z	1748013000	19.443768762677486	2.3407687626774845
64.1	2025-05-23T15:20:00Z	1748013600	19.443768762677486	1.3397687626774868
64.1	2025-05-23T15:30:00Z	1748014200	19.443768762677486	1.3397687626774868
64.1	2025-05-23T15:40:00Z	1748014800	18.93500202839757	1.5815020283975691
64.1	2025-05-23T15:50:00Z	1748015400	18.42623529411765	1.8242352941176492
64.1	2025-05-23T16:00:00Z	1748016000	18.42623529411765	1.5737352941176503
64.1	2025-05-23T16:10:00Z	1748016600	18.42623529411765	1.5737352941176503
64.1	2025-05-23T16:20:00Z	1748017200	18.42623529411765	0.5722352941176503
64.1	2025-05-23T16:30:00Z	1748017800	18.42623529411765	1.0727352941176491
64.1	2025-05-23T16:40:00Z	1748018400	18.42623529411765	0.3222352941176503
64.1	2025-05-23T16:50:00Z	1748019000	18.42623529411765	0.3222352941176503
64.1	2025-05-23T17:00:00Z	1748019600	17.91746855983773	0.5639685598377291
64.1	2025-05-23T17:10:00Z	1748020200	17.91746855983773	0.31346855983773025
64.1	2025-05-23T17:20:00Z	1748020800	17.91746855983773	0.5639685598377291
64.1	2025-05-23T17:30:00Z	1748021400	17.91746855983773	0.5639685598377291
64.1	2025-05-23T17:40:00Z	1748022000	18.42623529411765	0.3222352941176503
64.1	2025-05-23T17:50:00Z	1748022600	18.93500202839757	0.33000202839757264
64.1	2025-05-23T18:00:00Z	1748023200	18.93500202839757	-0.17049797160242974
64.1	2025-05-23T18:10:00Z	1748023800	19.443768762677486	-0.16223123732251565
64.1	2025-05-23T18:20:00Z	1748024400	19.952535496957406	0.3465354969574044
64.1	2025-05-23T18:30:00Z	1748025000	20.970068965517243	1.6145689655172433
64.1	2025-05-23T18:40:00Z	1748025600	21.987602434077083	3.3826024340770857
64.1	2025-05-23T18:50:00Z	1748026200	23.00513590263692	4.14963590263692
64.1	2025-05-23T19:00:00Z	1748026800	23.00513590263692	4.14963590263692
64.1	2025-05-23T19:10:00Z	1748027400	24.022669371196756	4.917169371196756
64.1	2025-05-23T19:20:00Z	1748028000	24.022669371196756	4.416669371196754
64.1	2025-05-23T19:30:00Z	1748028600	23.51390263691684	4.1579026369168375
64.1	2025-05-23T19:40:00Z	1748029200	25.548969574036516	5.692469574036515
64.1	2025-05-23T19:50:00Z	1748029800	25.040202839756596	5.183702839756595
64.1	2025-05-23T20:00:00Z	1748030400	26.566503042596352	6.460003042596352
64.1	2025-05-23T20:10:00Z	1748031000	29.11033671399595	9.75483671399595
64.1	2025-05-23T20:20:00Z	1748031600	28.09280324543611	8.736803245436107
64.1	2025-05-23T20:30:00Z	1748032200	30.636636916835702	12.2821369168357
64.1	2025-05-23T20:40:00Z	1748032800	31.145403651115622	12.290403651115621
64.1	2025-05-23T20:50:00Z	1748033400	30.127870182555785	11.522870182555785
64.1	2025-05-23T21:00:00Z	1748034000	29.11033671399595	11.25633671399595
64.1	2025-05-23T21:10:00Z	1748034600	27.58403651115619	8.979036511156188
64.1	2025-05-23T21:20:00Z	1748035200	26.566503042596352	8.21200304259635
64.1	2025-05-23T21:30:00Z	1748035800	26.566503042596352	8.46200304259635
64.1	2025-05-23T21:40:00Z	1748036400	25.040202839756596	6.685702839756594
64.1	2025-05-23T21:50:00Z	1748037000	26.057736308316432	7.452736308316435
64.1	2025-05-23T22:00:00Z	1748037600	25.040202839756596	5.934702839756596
64.1	2025-05-23T22:10:00Z	1748038200	25.040202839756596	5.934702839756596
64.1	2025-05-23T22:20:00Z	1748038800	24.022669371196756	5.668169371196754
64.1	2025-05-23T22:30:00Z	1748039400	23.51390263691684	5.65990263691684
64.1	2025-05-23T22:40:00Z	1748040000	23.51390263691684	4.908902636916839
64.1	2025-05-23T22:50:00Z	1748040600	23.00513590263692	4.400135902636919
64.1	2025-05-23T23:00:00Z	1748041200	22.496369168357003	3.6408691683570034
64.1	2025-05-23T23:10:00Z	1748041800	23.51390263691684	5.40990263691684
64.1	2025-05-23T23:20:00Z	1748042400	23.00513590263692	5.15113590263692
64.1	2025-05-23T23:30:00Z	1748043000	26.057736308316432	8.704236308316432
64.1	2025-05-23T23:40:00Z	1748043600	26.057736308316432	8.704236308316432
64.1	2025-05-23T23:50:00Z	1748044200	25.040202839756596	6.685702839756594
64.1	2025-05-24T00:00:00Z	1748044800	23.00513590263692	4.14963590263692
64.1	2025-05-24T00:10:00Z	1748045400	22.496369168357003	3.6408691683570034
64.1	2025-05-24T00:20:00Z	1748046000	25.548969574036516	6.943969574036515
64.1	2025-05-24T00:30:00Z	1748046600	26.566503042596352	8.21200304259635
64.1	2025-05-24T00:40:00Z	1748047200	25.040202839756596	6.935702839756594
64.1	2025-05-24T00:50:00Z	1748047800	26.566503042596352	7.711503042596352
64.1	2025-05-24T01:00:00Z	1748048400	27.07526977687627	8.720769776876267
64.1	2025-05-24T01:10:00Z	1748049000	27.58403651115619	7.978036511156187
64.1	2025-05-24T01:20:00Z	1748049600	32.67170385395538	10.078703853955378
64.1	2025-05-24T01:30:00Z	1748050200	34.70677079107505	12.113770791075051
64.1	2025-05-24T01:40:00Z	1748050800	33.1804705882353	10.587470588235302
64.1	2025-05-24T01:50:00Z	1748051400	32.67170385395538	10.078703853955378
64.1	2025-05-24T02:00:00Z	1748052000	31.145403651115622	8.552403651115622
64.1	2025-05-24T02:10:00Z	1748052600	34.198004056795135	11.605004056795135
64.1	2025-05-24T02:20:00Z	1748053200	34.70677079107505	12.613770791075051
64.1	2025-05-24T02:30:00Z	1748053800	33.68923732251521	11.596237322515211
64.1	2025-05-24T02:40:00Z	1748054400	32.162937119675455	10.069937119675455
64.1	2025-05-24T02:50:00Z	1748055000	32.67170385395538	10.578703853955378
64.1	2025-05-24T03:00:00Z	1748055600	31.654170385395542	9.561170385395542
64.1	2025-05-24T03:10:00Z	1748056200	33.1804705882353	11.588470588235303
64.1	2025-05-24T03:20:00Z	1748056800	33.68923732251521	12.097237322515213
64.1	2025-05-24T03:30:00Z	1748057400	33.68923732251521	12.597237322515213
64.1	2025-05-24T03:40:00Z	1748058000	34.70677079107505	13.614770791075053
64.1	2025-05-24T03:50:00Z	1748058600	34.198004056795135	13.106004056795136
64.1	2025-05-24T04:00:00Z	1748059200	33.68923732251521	12.597237322515213
64.1	2025-05-24T04:10:00Z	1748059800	33.68923732251521	12.597237322515213
64.1	2025-05-24T04:20:00Z	1748060400	33.68923732251521	12.597237322515213
64.1	2025-05-24T04:30:00Z	1748061000	33.68923732251521	13.09823732251521
64.1	2025-05-24T04:40:00Z	1748061600	33.1804705882353	12.5894705882353
64.1	2025-05-24T04:50:00Z	1748062200	30.127870182555785	9.536870182555784
64.1	2025-05-24T05:00:00Z	1748062800	32.67170385395538	12.080703853955377
64.1	2025-05-24T05:10:00Z	1748063400	32.67170385395538	12.080703853955377
64.1	2025-05-24T05:20:00Z	1748064000	33.1804705882353	12.5894705882353
64.1	2025-05-24T05:30:00Z	1748064600	33.68923732251521	13.09823732251521
64.1	2025-05-24T05:40:00Z	1748065200	35.215537525354975	14.624537525354974
64.1	2025-05-24T05:50:00Z	1748065800	35.215537525354975	15.124537525354974
64.1	2025-05-24T06:00:00Z	1748066400	33.1804705882353	13.0894705882353
64.1	2025-05-24T06:10:00Z	1748067000	32.162937119675455	12.071937119675454
64.1	2025-05-24T06:20:00Z	1748067600	35.215537525354975	15.124537525354974
64.1	2025-05-24T06:30:00Z	1748068200	35.215537525354975	15.124537525354974
64.1	2025-05-24T06:40:00Z	1748068800	29.11033671399595	8.519336713995948
64.1	2025-05-24T06:50:00Z	1748069400	28.60156997971603	8.010569979716028
64.1	2025-05-24T07:00:00Z	1748070000	27.07526977687627	6.984269776876268
64.1	2025-05-24T07:10:00Z	1748070600	26.057736308316432	5.966736308316431
64.1	2025-05-24T07:20:00Z	1748071200	25.548969574036516	4.957969574036515
64.1	2025-05-24T07:30:00Z	1748071800	25.548969574036516	2.9559695740365157
64.1	2025-05-24T07:40:00Z	1748072400	24.531436105476676	-0.06256389452332556
64.1	2025-05-24T07:50:00Z	1748073000	24.531436105476676	-1.0625638945233256
64.1	2025-05-24T08:00:00Z	1748073600	24.022669371196756	-3.5703306288032444
64.1	2025-05-24T08:10:00Z	1748074200	24.022669371196756	-4.569330628803243
64.1	2025-05-24T08:20:00Z	1748074800	24.022669371196756	-3.5703306288032444
64.1	2025-05-24T08:30:00Z	1748075400	24.022669371196756	-6.067330628803244
64.1	2025-05-24T08:40:00Z	1748076000	24.022669371196756	-7.066330628803243
64.1	2025-05-24T08:50:00Z	1748076600	24.022669371196756	-5.5683306288032455
64.1	2025-05-24T09:00:00Z	1748077200	24.022669371196756	-5.0683306288032455
64.1	2025-05-24T09:10:00Z	1748077800	24.022669371196756	-6.067330628803244
64.1	2025-05-24T09:20:00Z	1748078400	24.022669371196756	-6.067330628803244
64.1	2025-05-24T09:30:00Z	1748079000	24.022669371196756	-4.569330628803243
64.1	2025-05-24T09:40:00Z	1748079600	24.022669371196756	-3.0703306288032444
64.1	2025-05-24T09:50:00Z	1748080200	24.022669371196756	-3.0703306288032444
64.1	2025-05-24T10:00:00Z	1748080800	24.022669371196756	-3.0703306288032444
64.1	2025-05-24T10:10:00Z	1748081400	24.022669371196756	-3.0703306288032444
64.1	2025-05-24T10:20:00Z	1748082000	24.531436105476676	-2.5615638945233243
64.1	2025-05-24T10:30:00Z	1748082600	25.040202839756596	-2.5527971602434043
64.1	2025-05-24T10:40:00Z	1748083200	25.548969574036516	-2.0440304259634843
64.1	2025-05-24T10:50:00Z	1748083800	25.548969574036516	-2.0440304259634843
64.1	2025-05-24T11:00:00Z	1748084400	26.057736308316432	-2.0342636916835666
64.1	2025-05-24T11:10:00Z	1748085000	26.057736308316432	-2.0342636916835666
64.1	2025-05-24T11:20:00Z	1748085600	26.566503042596352	-1.5254969574036465
64.1	2025-05-24T11:30:00Z	1748086200	26.566503042596352	-1.5254969574036465
64.1	2025-05-24T11:40:00Z	1748086800	26.566503042596352	-1.5254969574036465
64.1	2025-05-24T11:50:00Z	1748087400	27.07526977687627	-1.01673022312373
64.1	2025-05-24T12:00:00Z	1748088000	27.07526977687627	-1.01673022312373
64.1	2025-05-24T12:10:00Z	1748088600	27.07526977687627	-1.51673022312373
64.1	2025-05-24T12:20:00Z	1748089200	27.58403651115619	-1.00796348884381
64.1	2025-05-24T12:30:00Z	1748089800	27.58403651115619	-0.50796348884381
64.1	2025-05-24T12:40:00Z	1748090400	27.58403651115619	-0.50796348884381
64.1	2025-05-24T12:50:00Z	1748091000	28.09280324543611	-0.49919675456389
64.1	2025-05-24T13:00:00Z	1748091600	28.09280324543611	8.032454361099894e-4
64.1	2025-05-24T13:10:00Z	1748092200	28.09280324543611	8.032454361099894e-4
64.1	2025-05-24T13:20:00Z	1748092800	28.60156997971603	0.50956997971603
64.1	2025-05-24T13:30:00Z	1748093400	28.60156997971603	0.00956997971603002
64.1	2025-05-24T13:40:00Z	1748094000	29.11033671399595	1.01833671399595
64.1	2025-05-24T13:50:00Z	1748094600	29.619103448275865	1.0271034482758665
64.1	2025-05-24T14:00:00Z	1748095200	29.619103448275865	1.0271034482758665
64.1	2025-05-24T14:10:00Z	1748095800	29.619103448275865	1.5271034482758665
64.1	2025-05-24T14:20:00Z	1748096400	30.127870182555785	1.5358701825557866
64.1	2025-05-24T14:30:00Z	1748097000	30.127870182555785	1.5358701825557866
64.1	2025-05-24T14:40:00Z	1748097600	30.636636916835702	2.544636916835703
64.1	2025-05-24T14:50:00Z	1748098200	31.654170385395542	3.062170385395543
64.1	2025-05-24T15:00:00Z	1748098800	31.654170385395542	2.5631703853955408
64.1	2025-05-24T15:10:00Z	1748099400	31.654170385395542	2.5631703853955408
64.1	2025-05-24T15:20:00Z	1748100000	31.145403651115622	2.0544036511156207
64.1	2025-05-24T15:30:00Z	1748100600	31.145403651115622	3.053403651115623
64.1	2025-05-24T15:40:00Z	1748101200	30.636636916835702	2.044636916835703
64.1	2025-05-24T15:50:00Z	1748101800	31.145403651115622	2.553403651115623
64.1	2025-05-24T16:00:00Z	1748102400	31.145403651115622	2.0544036511156207
64.1	2025-05-24T16:10:00Z	1748103000	31.654170385395542	3.062170385395543
64.1	2025-05-24T16:20:00Z	1748103600	32.67170385395538	3.5807038539553773
64.1	2025-05-24T16:30:00Z	1748104200	32.67170385395538	3.5807038539553773
64.1	2025-05-24T16:40:00Z	1748104800	32.162937119675455	3.0719371196754537
64.1	2025-05-24T16:50:00Z	1748105400	32.67170385395538	3.5807038539553773
64.1	2025-05-24T17:00:00Z	1748106000	33.1804705882353	4.089470588235301
64.1	2025-05-24T17:10:00Z	1748106600	33.1804705882353	4.089470588235301
64.1	2025-05-24T17:20:00Z	1748107200	33.68923732251521	5.0972373225152126
64.1	2025-05-24T17:30:00Z	1748107800	33.68923732251521	5.0972373225152126
64.1	2025-05-24T17:40:00Z	1748108400	33.68923732251521	5.0972373225152126
64.1	2025-05-24T17:50:00Z	1748109000	33.68923732251521	5.0972373225152126
64.1	2025-05-24T18:00:00Z	1748109600	33.68923732251521	5.5972373225152126
64.1	2025-05-24T18:10:00Z	1748110200	33.1804705882353	5.088470588235303
64.1	2025-05-24T18:20:00Z	1748110800	33.1804705882353	5.088470588235303
64.1	2025-05-24T18:30:00Z	1748111400	33.1804705882353	5.587470588235302
64.1	2025-05-24T18:40:00Z	1748112000	32.162937119675455	5.069937119675455
64.1	2025-05-24T18:50:00Z	1748112600	31.654170385395542	5.061170385395542
64.1	2025-05-24T19:00:00Z	1748113200	31.145403651115622	4.552403651115622
64.1	2025-05-24T19:10:00Z	1748113800	31.145403651115622	5.051403651115621
64.1	2025-05-24T19:20:00Z	1748114400	32.162937119675455	6.068937119675454
64.1	2025-05-24T19:30:00Z	1748115000	33.1804705882353	7.586470588235301
64.1	2025-05-24T19:40:00Z	1748115600	33.1804705882353	7.586470588235301
64.1	2025-05-24T19:50:00Z	1748116200	36.23307099391481	10.639070993914807
64.1	2025-05-24T20:00:00Z	1748116800	33.1804705882353	7.586470588235301
64.1	2025-05-24T20:10:00Z	1748117400	33.1804705882353	8.0864705882353
64.1	2025-05-24T20:20:00Z	1748118000	32.67170385395538	7.577703853955377
64.1	2025-05-24T20:30:00Z	1748118600	32.162937119675455	7.068937119675454
64.1	2025-05-24T20:40:00Z	1748119200	32.162937119675455	7.568937119675454
64.1	2025-05-24T20:50:00Z	1748119800	31.654170385395542	7.060170385395541
64.1	2025-05-24T21:00:00Z	1748120400	29.619103448275865	5.025103448275864
64.1	2025-05-24T21:10:00Z	1748121000	28.60156997971603	4.007569979716028
64.1	2025-05-24T21:20:00Z	1748121600	28.09280324543611	3.4988032454361075
64.1	2025-05-24T21:30:00Z	1748122200	32.162937119675455	7.568937119675454
64.1	2025-05-24T21:40:00Z	1748122800	36.23307099391481	11.639070993914807
64.1	2025-05-24T21:50:00Z	1748123400	36.23307099391481	11.639070993914807
64.1	2025-05-24T22:00:00Z	1748124000	36.74183772819473	12.64783772819473
64.1	2025-05-24T22:10:00Z	1748124600	34.198004056795135	9.604004056795134
64.1	2025-05-24T22:20:00Z	1748125200	34.198004056795135	9.604004056795134
64.1	2025-05-24T22:30:00Z	1748125800	33.68923732251521	9.09523732251521
64.1	2025-05-24T22:40:00Z	1748126400	36.23307099391481	11.639070993914807
64.1	2025-05-24T22:50:00Z	1748127000	37.25060446247465	13.156604462474647
64.1	2025-05-24T23:00:00Z	1748127600	37.25060446247465	13.156604462474647
64.1	2025-05-24T23:10:00Z	1748128200	37.759371196754564	13.665371196754563
64.1	2025-05-24T23:20:00Z	1748128800	37.25060446247465	13.656604462474647
64.1	2025-05-24T23:30:00Z	1748129400	35.724304259634884	12.130304259634883
64.1	2025-05-24T23:40:00Z	1748130000	37.25060446247465	13.656604462474647
64.1	2025-05-24T23:50:00Z	1748130600	35.724304259634884	12.130304259634883
64.1	2025-05-25T00:00:00Z	1748131200	35.215537525354975	11.621537525354974
64.1	2025-05-25T00:10:00Z	1748131800	35.215537525354975	11.621537525354974
64.1	2025-05-25T00:20:00Z	1748132400	34.198004056795135	10.604004056795134
64.1	2025-05-25T00:30:00Z	1748133000	36.23307099391481	13.140070993914808
64.1	2025-05-25T00:40:00Z	1748133600	37.25060446247465	13.656604462474647
64.1	2025-05-25T00:50:00Z	1748134200	35.724304259634884	12.631304259634884
64.1	2025-05-25T01:00:00Z	1748134800	36.23307099391481	13.140070993914808
64.1	2025-05-25T01:10:00Z	1748135400	36.23307099391481	13.140070993914808
64.1	2025-05-25T01:20:00Z	1748136000	32.67170385395538	9.578703853955378
64.1	2025-05-25T01:30:00Z	1748136600	35.215537525354975	11.621537525354974
64.1	2025-05-25T01:40:00Z	1748137200	36.23307099391481	12.639070993914807
64.1	2025-05-25T01:50:00Z	1748137800	36.74183772819473	13.648837728194732
64.1	2025-05-25T02:00:00Z	1748138400	36.74183772819473	15.149837728194733
64.1	2025-05-25T02:10:00Z	1748139000	37.25060446247465	16.659604462474647
64.1	2025-05-25T02:20:00Z	1748139600	37.25060446247465	17.159604462474647
64.1	2025-05-25T02:30:00Z	1748140200	37.25060446247465	17.660604462474648
64.1	2025-05-25T02:40:00Z	1748140800	36.74183772819473	17.15183772819473
64.1	2025-05-25T02:50:00Z	1748141400	36.23307099391481	16.643070993914808
64.1	2025-05-25T03:00:00Z	1748142000	34.70677079107505	15.116770791075052
64.1	2025-05-25T03:10:00Z	1748142600	35.724304259634884	16.635304259634886
64.1	2025-05-25T03:20:00Z	1748143200	36.23307099391481	17.14407099391481
64.1	2025-05-25T03:30:00Z	1748143800	36.23307099391481	17.14407099391481
64.1	2025-05-25T03:40:00Z	1748144400	35.724304259634884	16.635304259634886
64.1	2025-05-25T03:50:00Z	1748145000	35.724304259634884	16.635304259634886
64.1	2025-05-25T04:00:00Z	1748145600	35.215537525354975	16.126537525354976
64.1	2025-05-25T04:10:00Z	1748146200	34.70677079107505	16.117770791075053
64.1	2025-05-25T04:20:00Z	1748146800	34.70677079107505	16.117770791075053
64.1	2025-05-25T04:30:00Z	1748147400	35.215537525354975	16.626537525354976
64.1	2025-05-25T04:40:00Z	1748148000	36.23307099391481	17.64407099391481
64.1	2025-05-25T04:50:00Z	1748148600	35.215537525354975	16.626537525354976
64.1	2025-05-25T05:00:00Z	1748149200	32.67170385395538	14.08270385395538
64.1	2025-05-25T05:10:00Z	1748149800	34.70677079107505	16.117770791075053
64.1	2025-05-25T05:20:00Z	1748150400	35.215537525354975	16.626537525354976
64.1	2025-05-25T05:30:00Z	1748151000	34.70677079107505	16.117770791075053
64.1	2025-05-25T05:40:00Z	1748151600	33.1804705882353	14.591470588235303
64.1	2025-05-25T05:50:00Z	1748152200	34.70677079107505	15.617770791075053
64.1	2025-05-25T06:00:00Z	1748152800	34.198004056795135	15.609004056795136
64.1	2025-05-25T06:10:00Z	1748153400	33.68923732251521	15.100237322515213
64.1	2025-05-25T06:20:00Z	1748154000	29.11033671399595	10.52133671399595
64.1	2025-05-25T06:30:00Z	1748154600	28.60156997971603	10.01256997971603
64.1	2025-05-25T06:40:00Z	1748155200	27.58403651115619	8.99503651115619
64.1	2025-05-25T06:50:00Z	1748155800	27.07526977687627	7.98626977687627
64.1	2025-05-25T07:00:00Z	1748156400	28.60156997971603	9.51256997971603
64.1	2025-05-25T07:10:00Z	1748157000	27.58403651115619	8.49503651115619
64.1	2025-05-25T07:20:00Z	1748157600	26.566503042596352	6.976503042596352
64.1	2025-05-25T07:30:00Z	1748158200	25.548969574036516	5.457969574036515
64.1	2025-05-25T07:40:00Z	1748158800	25.040202839756596	4.949202839756595
64.1	2025-05-25T07:50:00Z	1748159400	24.531436105476676	3.9404361054766746
64.1	2025-05-25T08:00:00Z	1748160000	25.040202839756596	3.448202839756597
64.1	2025-05-25T08:10:00Z	1748160600	25.548969574036516	3.956969574036517
64.1	2025-05-25T08:20:00Z	1748161200	26.566503042596352	1.972503042596351
64.1	2025-05-25T08:30:00Z	1748161800	26.566503042596352	2.972503042596351
64.1	2025-05-25T08:40:00Z	1748162400	26.057736308316432	3.464736308316432
64.1	2025-05-25T08:50:00Z	1748163000	26.057736308316432	2.463736308316431
64.1	2025-05-25T09:00:00Z	1748163600	26.057736308316432	0.463736308316431
64.1	2025-05-25T09:10:00Z	1748164200	26.566503042596352	-2.0254969574036465
64.1	2025-05-25T09:20:00Z	1748164800	26.566503042596352	-3.024496957403649
64.1	2025-05-25T09:30:00Z	1748165400	26.057736308316432	-3.533263691683569
64.1	2025-05-25T09:40:00Z	1748166000	26.057736308316432	-1.0352636916835678
64.1	2025-05-25T09:50:00Z	1748166600	26.566503042596352	0.472503042596351
64.1	2025-05-25T10:00:00Z	1748167200	26.057736308316432	-0.5352636916835678
64.1	2025-05-25T10:10:00Z	1748167800	26.057736308316432	-0.03626369168356902
64.1	2025-05-25T10:20:00Z	1748168400	26.566503042596352	-0.5264969574036478
64.1	2025-05-25T10:30:00Z	1748169000	26.566503042596352	-1.0264969574036478
64.1	2025-05-25T10:40:00Z	1748169600	26.566503042596352	-0.5264969574036478
64.1	2025-05-25T10:50:00Z	1748170200	26.566503042596352	-0.02649695740364777
64.1	2025-05-25T11:00:00Z	1748170800	27.07526977687627	-0.017730223123731292
64.1	2025-05-25T11:10:00Z	1748171400	27.07526977687627	-0.017730223123731292
64.1	2025-05-25T11:20:00Z	1748172000	27.58403651115619	0.49103651115618874
64.1	2025-05-25T11:30:00Z	1748172600	27.58403651115619	0.49103651115618874
64.1	2025-05-25T11:40:00Z	1748173200	27.58403651115619	0.49103651115618874
64.1	2025-05-25T11:50:00Z	1748173800	27.58403651115619	-0.008963488843811263
64.1	2025-05-25T12:00:00Z	1748174400	27.58403651115619	-0.008963488843811263
64.1	2025-05-25T12:10:00Z	1748175000	28.09280324543611	0.49980324543610877
64.1	2025-05-25T12:20:00Z	1748175600	28.09280324543611	0.49980324543610877
64.1	2025-05-25T12:30:00Z	1748176200	28.09280324543611	0.49980324543610877
64.1	2025-05-25T12:40:00Z	1748176800	28.09280324543611	0.49980324543610877
64.1	2025-05-25T12:50:00Z	1748177400	28.60156997971603	1.0085699797160288
64.1	2025-05-25T13:00:00Z	1748178000	28.60156997971603	1.0085699797160288
64.1	2025-05-25T13:10:00Z	1748178600	28.60156997971603	1.0085699797160288
64.1	2025-05-25T13:20:00Z	1748179200	28.60156997971603	0.50956997971603
64.1	2025-05-25T13:30:00Z	1748179800	29.11033671399595	1.5173367139959488
64.1	2025-05-25T13:40:00Z	1748180400	29.11033671399595	1.01833671399595
64.1	2025-05-25T13:50:00Z	1748181000	29.11033671399595	1.5173367139959488
64.1	2025-05-25T14:00:00Z	1748181600	29.11033671399595	1.5173367139959488
64.1	2025-05-25T14:10:00Z	1748182200	29.619103448275865	2.5261034482758653
64.1	2025-05-25T14:20:00Z	1748182800	29.619103448275865	2.5261034482758653
64.1	2025-05-25T14:30:00Z	1748183400	29.619103448275865	2.5261034482758653
64.1	2025-05-25T14:40:00Z	1748184000	29.619103448275865	2.5261034482758653
64.1	2025-05-25T14:50:00Z	1748184600	29.619103448275865	3.0261034482758653
64.1	2025-05-25T15:00:00Z	1748185200	29.619103448275865	3.0261034482758653
64.1	2025-05-25T15:10:00Z	1748185800	29.619103448275865	3.0261034482758653
64.1	2025-05-25T15:20:00Z	1748186400	29.619103448275865	3.0261034482758653
64.1	2025-05-25T15:30:00Z	1748187000	29.11033671399595	2.517336713995949
64.1	2025-05-25T15:40:00Z	1748187600	29.11033671399595	2.517336713995949
64.1	2025-05-25T15:50:00Z	1748188200	29.11033671399595	3.0163367139959476
64.1	2025-05-25T16:00:00Z	1748188800	29.11033671399595	2.517336713995949
64.1	2025-05-25T16:10:00Z	1748189400	29.11033671399595	2.517336713995949
64.1	2025-05-25T16:20:00Z	1748190000	29.11033671399595	2.517336713995949
64.1	2025-05-25T16:30:00Z	1748190600	29.11033671399595	2.017336713995949
64.1	2025-05-25T16:40:00Z	1748191200	29.619103448275865	2.5261034482758653
64.1	2025-05-25T16:50:00Z	1748191800	30.636636916835702	3.543636916835702
64.1	2025-05-25T17:00:00Z	1748192400	31.145403651115622	4.552403651115622
64.1	2025-05-25T17:10:00Z	1748193000	30.636636916835702	4.043636916835702
64.1	2025-05-25T17:20:00Z	1748193600	31.654170385395542	5.061170385395542
64.1	2025-05-25T17:30:00Z	1748194200	32.162937119675455	5.569937119675455
64.1	2025-05-25T17:40:00Z	1748194800	32.162937119675455	5.069937119675455
64.1	2025-05-25T17:50:00Z	1748195400	32.162937119675455	5.569937119675455
64.1	2025-05-25T18:00:00Z	1748196000	32.67170385395538	6.078703853955378
64.1	2025-05-25T18:10:00Z	1748196600	32.67170385395538	6.078703853955378
64.1	2025-05-25T18:20:00Z	1748197200	32.162937119675455	5.569937119675455
64.1	2025-05-25T18:30:00Z	1748197800	32.162937119675455	6.068937119675454
64.1	2025-05-25T18:40:00Z	1748198400	31.654170385395542	5.560170385395541
64.1	2025-05-25T18:50:00Z	1748199000	31.145403651115622	5.551403651115621
64.1	2025-05-25T19:00:00Z	1748199600	31.145403651115622	5.551403651115621
64.1	2025-05-25T19:10:00Z	1748200200	30.636636916835702	5.542636916835701
64.1	2025-05-25T19:20:00Z	1748200800	30.127870182555785	5.033870182555784
64.1	2025-05-25T19:30:00Z	1748201400	32.67170385395538	8.077703853955377
64.1	2025-05-25T19:40:00Z	1748202000	31.145403651115622	6.551403651115621
64.1	2025-05-25T19:50:00Z	1748202600	31.145403651115622	6.551403651115621
64.1	2025-05-25T20:00:00Z	1748203200	34.198004056795135	10.104004056795134
64.1	2025-05-25T20:10:00Z	1748203800	34.70677079107505	10.61277079107505
64.1	2025-05-25T20:20:00Z	1748204400	35.724304259634884	11.630304259634883
64.1	2025-05-25T20:30:00Z	1748205000	34.70677079107505	11.11277079107505
64.1	2025-05-25T20:40:00Z	1748205600	32.67170385395538	9.077703853955377
64.1	2025-05-25T20:50:00Z	1748206200	34.198004056795135	10.104004056795134
64.1	2025-05-25T21:00:00Z	1748206800	36.74183772819473	13.14783772819473
64.1	2025-05-25T21:10:00Z	1748207400	34.198004056795135	11.105004056795135
64.1	2025-05-25T21:20:00Z	1748208000	36.23307099391481	12.639070993914807
64.1	2025-05-25T21:30:00Z	1748208600	37.25060446247465	14.157604462474648
64.1	2025-05-25T21:40:00Z	1748209200	35.215537525354975	12.122537525354975
64.1	2025-05-25T21:50:00Z	1748209800	33.68923732251521	10.596237322515211
64.1	2025-05-25T22:00:00Z	1748210400	34.70677079107505	11.613770791075051
64.1	2025-05-25T22:10:00Z	1748211000	35.215537525354975	12.122537525354975
64.1	2025-05-25T22:20:00Z	1748211600	37.25060446247465	14.657604462474648
64.1	2025-05-25T22:30:00Z	1748212200	36.74183772819473	13.648837728194732
64.1	2025-05-25T22:40:00Z	1748212800	36.23307099391481	13.140070993914808
64.1	2025-05-25T22:50:00Z	1748213400	36.74183772819473	13.648837728194732
64.1	2025-05-25T23:00:00Z	1748214000	37.25060446247465	14.157604462474648
64.1	2025-05-25T23:10:00Z	1748214600	32.162937119675455	9.569937119675455
64.1	2025-05-25T23:20:00Z	1748215200	36.74183772819473	14.148837728194732
64.1	2025-05-25T23:30:00Z	1748215800	36.74183772819473	14.148837728194732
64.1	2025-05-25T23:40:00Z	1748216400	35.215537525354975	12.622537525354975
64.1	2025-05-25T23:50:00Z	1748217000	31.145403651115622	8.552403651115622
64.1	2025-05-26T00:00:00Z	1748217600	35.215537525354975	12.622537525354975
64.1	2025-05-26T00:10:00Z	1748218200	35.215537525354975	12.622537525354975
64.1	2025-05-26T00:20:00Z	1748218800	36.23307099391481	13.640070993914808
64.1	2025-05-26T00:30:00Z	1748219400	36.74183772819473	14.148837728194732
64.1	2025-05-26T00:40:00Z	1748220000	35.215537525354975	12.622537525354975
64.1	2025-05-26T00:50:00Z	1748220600	35.215537525354975	12.622537525354975
64.1	2025-05-26T01:00:00Z	1748221200	35.724304259634884	13.631304259634884
64.1	2025-05-26T01:10:00Z	1748221800	35.215537525354975	13.623537525354976
64.1	2025-05-26T01:20:00Z	1748222400	35.215537525354975	13.623537525354976
64.1	2025-05-26T01:30:00Z	1748223000	35.215537525354975	13.623537525354976
64.1	2025-05-26T01:40:00Z	1748223600	34.70677079107505	13.614770791075053
64.1	2025-05-26T01:50:00Z	1748224200	33.68923732251521	12.597237322515213
64.1	2025-05-26T02:00:00Z	1748224800	35.215537525354975	13.623537525354976
64.1	2025-05-26T02:10:00Z	1748225400	35.215537525354975	14.123537525354976
64.1	2025-05-26T02:20:00Z	1748226000	34.70677079107505	13.614770791075053
64.1	2025-05-26T02:30:00Z	1748226600	34.70677079107505	13.614770791075053
64.1	2025-05-26T02:40:00Z	1748227200	35.215537525354975	13.623537525354976
64.1	2025-05-26T02:50:00Z	1748227800	34.70677079107505	13.114770791075053
64.1	2025-05-26T03:00:00Z	1748228400	34.198004056795135	12.606004056795136
64.1	2025-05-26T03:10:00Z	1748229000	32.67170385395538	11.57970385395538
64.1	2025-05-26T03:20:00Z	1748229600	33.68923732251521	12.597237322515213
64.1	2025-05-26T03:30:00Z	1748230200	35.724304259634884	14.632304259634886
64.1	2025-05-26T03:40:00Z	1748230800	34.70677079107505	13.614770791075053
64.1	2025-05-26T03:50:00Z	1748231400	34.70677079107505	13.614770791075053
64.1	2025-05-26T04:00:00Z	1748232000	34.198004056795135	13.106004056795136
64.1	2025-05-26T04:10:00Z	1748232600	34.70677079107505	13.614770791075053
64.1	2025-05-26T04:20:00Z	1748233200	36.23307099391481	15.14107099391481
64.1	2025-05-26T04:30:00Z	1748233800	34.70677079107505	13.614770791075053
64.1	2025-05-26T04:40:00Z	1748234400	35.724304259634884	15.133304259634883
64.1	2025-05-26T04:50:00Z	1748235000	35.724304259634884	15.133304259634883
64.1	2025-05-26T05:00:00Z	1748235600	35.215537525354975	14.624537525354974
64.1	2025-05-26T05:10:00Z	1748236200	35.215537525354975	14.624537525354974
64.1	2025-05-26T05:20:00Z	1748236800	35.215537525354975	15.124537525354974
64.1	2025-05-26T05:30:00Z	1748237400	35.215537525354975	15.124537525354974
64.1	2025-05-26T05:40:00Z	1748238000	29.619103448275865	9.528103448275864
64.1	2025-05-26T05:50:00Z	1748238600	28.60156997971603	8.010569979716028
64.1	2025-05-26T06:00:00Z	1748239200	28.09280324543611	7.501803245436108
64.1	2025-05-26T06:10:00Z	1748239800	30.636636916835702	10.5456369168357
64.1	2025-05-26T06:20:00Z	1748240400	31.145403651115622	11.05440365111562
64.1	2025-05-26T06:30:00Z	1748241000	29.11033671399595	9.019336713995948
64.1	2025-05-26T06:40:00Z	1748241600	28.60156997971603	8.510569979716028
64.1	2025-05-26T06:50:00Z	1748242200	28.60156997971603	8.510569979716028
64.1	2025-05-26T07:00:00Z	1748242800	28.09280324543611	8.502803245436109
64.1	2025-05-26T07:10:00Z	1748243400	26.566503042596352	6.475503042596351
64.1	2025-05-26T07:20:00Z	1748244000	27.07526977687627	6.484269776876268
64.1	2025-05-26T07:30:00Z	1748244600	27.07526977687627	5.98326977687627
64.1	2025-05-26T07:40:00Z	1748245200	27.07526977687627	4.482269776876269
64.1	2025-05-26T07:50:00Z	1748245800	27.58403651115619	3.9900365111561875
64.1	2025-05-26T08:00:00Z	1748246400	26.566503042596352	2.472503042596351
64.1	2025-05-26T08:10:00Z	1748247000	26.057736308316432	2.964736308316432
64.1	2025-05-26T08:20:00Z	1748247600	26.057736308316432	3.964736308316432
64.1	2025-05-26T08:30:00Z	1748248200	25.548969574036516	3.4559695740365157
64.1	2025-05-26T08:40:00Z	1748248800	26.057736308316432	2.964736308316432
64.1	2025-05-26T08:50:00Z	1748249400	26.566503042596352	3.9735030425963522
64.1	2025-05-26T09:00:00Z	1748250000	28.09280324543611	4.999803245436109
64.1	2025-05-26T09:10:00Z	1748250600	28.60156997971603	5.007569979716028
64.1	2025-05-26T09:20:00Z	1748251200	28.60156997971603	5.508569979716029
64.1	2025-05-26T09:30:00Z	1748251800	29.619103448275865	6.526103448275865
64.1	2025-05-26T09:40:00Z	1748252400	29.11033671399595	5.516336713995948
64.1	2025-05-26T09:50:00Z	1748253000	28.60156997971603	5.007569979716028
64.1	2025-05-26T10:00:00Z	1748253600	29.11033671399595	5.516336713995948
64.1	2025-05-26T10:10:00Z	1748254200	30.127870182555785	6.533870182555784
64.1	2025-05-26T10:20:00Z	1748254800	31.654170385395542	8.06017038539554
64.1	2025-05-26T10:30:00Z	1748255400	31.654170385395542	8.06017038539554
64.1	2025-05-26T10:40:00Z	1748256000	31.654170385395542	7.560170385395541
64.1	2025-05-26T10:50:00Z	1748256600	31.145403651115622	6.551403651115621
64.1	2025-05-26T11:00:00Z	1748257200	30.636636916835702	6.042636916835701
64.1	2025-05-26T11:10:00Z	1748257800	31.145403651115622	6.051403651115621
64.1	2025-05-26T11:20:00Z	1748258400	31.145403651115622	6.051403651115621
64.1	2025-05-26T11:30:00Z	1748259000	31.145403651115622	6.051403651115621
64.1	2025-05-26T11:40:00Z	1748259600	30.636636916835702	5.542636916835701
64.1	2025-05-26T11:50:00Z	1748260200	31.654170385395542	6.560170385395541
64.1	2025-05-26T12:00:00Z	1748260800	30.636636916835702	5.542636916835701
64.1	2025-05-26T12:10:00Z	1748261400	31.145403651115622	5.551403651115621
64.1	2025-05-26T12:20:00Z	1748262000	31.145403651115622	5.051403651115621
64.1	2025-05-26T12:30:00Z	1748262600	30.127870182555785	3.5348701825557853
64.1	2025-05-26T12:40:00Z	1748263200	30.127870182555785	4.533870182555784
64.1	2025-05-26T12:50:00Z	1748263800	30.127870182555785	4.533870182555784
64.1	2025-05-26T13:00:00Z	1748264400	30.127870182555785	4.033870182555784
64.1	2025-05-26T13:10:00Z	1748265000	30.127870182555785	4.033870182555784
64.1	2025-05-26T13:20:00Z	1748265600	30.127870182555785	3.5348701825557853
64.1	2025-05-26T13:30:00Z	1748266200	30.127870182555785	3.5348701825557853
64.1	2025-05-26T13:40:00Z	1748266800	30.127870182555785	3.5348701825557853
64.1	2025-05-26T13:50:00Z	1748267400	30.127870182555785	3.5348701825557853
64.1	2025-05-26T14:00:00Z	1748268000	29.619103448275865	3.0261034482758653
64.1	2025-05-26T14:10:00Z	1748268600	30.127870182555785	3.5348701825557853
64.1	2025-05-26T14:20:00Z	1748269200	30.127870182555785	3.0348701825557853
64.1	2025-05-26T14:30:00Z	1748269800	30.127870182555785	3.0348701825557853
64.1	2025-05-26T14:40:00Z	1748270400	30.127870182555785	2.5348701825557853
64.1	2025-05-26T14:50:00Z	1748271000	30.636636916835702	3.543636916835702
64.1	2025-05-26T15:00:00Z	1748271600	31.145403651115622	3.552403651115622
64.1	2025-05-26T15:10:00Z	1748272200	30.636636916835702	3.043636916835702
64.1	2025-05-26T15:20:00Z	1748272800	31.145403651115622	3.552403651115622
64.1	2025-05-26T15:30:00Z	1748273400	31.654170385395542	4.061170385395542
64.1	2025-05-26T15:40:00Z	1748274000	32.162937119675455	4.569937119675455
64.1	2025-05-26T15:50:00Z	1748274600	33.68923732251521	6.596237322515211
64.1	2025-05-26T16:00:00Z	1748275200	34.198004056795135	7.105004056795135
64.1	2025-05-26T16:10:00Z	1748275800	33.1804705882353	5.587470588235302
64.1	2025-05-26T16:20:00Z	1748276400	31.654170385395542	4.561170385395542
64.1	2025-05-26T16:30:00Z	1748277000	31.654170385395542	4.561170385395542
64.1	2025-05-26T16:40:00Z	1748277600	29.619103448275865	10.013103448275864
64.1	2025-05-26T16:50:00Z	1748278200	28.60156997971603	10.247069979716027
64.1	2025-05-26T17:00:00Z	1748278800	27.58403651115619	8.729036511156192
64.1	2025-05-26T17:10:00Z	1748279400	25.548969574036516	7.444469574036514
64.1	2025-05-26T17:20:00Z	1748280000	24.531436105476676	5.926436105476679
64.1	2025-05-26T17:30:00Z	1748280600	25.548969574036516	7.444469574036514
64.1	2025-05-26T17:40:00Z	1748281200	25.548969574036516	7.945469574036515
64.1	2025-05-26T17:50:00Z	1748281800	26.566503042596352	8.21200304259635
64.1	2025-05-26T18:00:00Z	1748282400	26.057736308316432	8.70473630831643
64.1	2025-05-26T18:10:00Z	1748283000	26.057736308316432	8.95473630831643
64.1	2025-05-26T18:20:00Z	1748283600	25.040202839756596	6.9362028397565965
64.1	2025-05-26T18:30:00Z	1748284200	24.022669371196756	5.417669371196759
64.1	2025-05-26T18:40:00Z	1748284800	23.51390263691684	5.4094026369168375
64.1	2025-05-26T18:50:00Z	1748285400	23.00513590263692	5.902135902636918
64.1	2025-05-26T19:00:00Z	1748286000	23.00513590263692	5.401635902636919
64.1	2025-05-26T19:10:00Z	1748286600	23.00513590263692	4.90113590263692
64.1	2025-05-26T19:20:00Z	1748287200	24.531436105476676	6.927936105476675
64.1	2025-05-26T19:30:00Z	1748287800	25.040202839756596	7.686702839756595
64.1	2025-05-26T19:40:00Z	1748288400	28.60156997971603	10.74756997971603
64.1	2025-05-26T19:50:00Z	1748289000	29.619103448275865	12.265603448275865
64.1	2025-05-26T20:00:00Z	1748289600	27.07526977687627	8.720769776876267
64.1	2025-05-26T20:10:00Z	1748290200	27.07526977687627	8.720769776876267
64.1	2025-05-26T20:20:00Z	1748290800	26.566503042596352	8.462503042596353
64.1	2025-05-26T20:30:00Z	1748291400	27.07526977687627	9.972269776876267
64.1	2025-05-26T20:40:00Z	1748292000	27.07526977687627	8.470269776876268
64.1	2025-05-26T20:50:00Z	1748292600	30.636636916835702	12.532636916835703
64.1	2025-05-26T21:00:00Z	1748293200	27.58403651115619	10.230536511156188
64.1	2025-05-26T21:10:00Z	1748293800	25.548969574036516	8.445969574036514
64.1	2025-05-26T21:20:00Z	1748294400	25.548969574036516	7.194469574036514
64.1	2025-05-26T21:30:00Z	1748295000	27.07526977687627	9.22126977687627
64.1	2025-05-26T21:40:00Z	1748295600	28.09280324543611	10.739303245436108
64.1	2025-05-26T21:50:00Z	1748296200	29.11033671399595	11.756836713995948
64.1	2025-05-26T22:00:00Z	1748296800	25.040202839756596	7.1862028397565965
64.1	2025-05-26T22:10:00Z	1748297400	25.548969574036516	7.6949695740365165
64.1	2025-05-26T22:20:00Z	1748298000	25.548969574036516	8.445969574036514
64.1	2025-05-26T22:30:00Z	1748298600	28.09280324543611	9.988303245436107
64.1	2025-05-26T22:40:00Z	1748299200	26.566503042596352	9.213003042596352
64.1	2025-05-26T22:50:00Z	1748299800	28.09280324543611	11.24030324543611
64.1	2025-05-26T23:00:00Z	1748300400	26.566503042596352	8.712503042596353
64.1	2025-05-26T23:10:00Z	1748301000	25.548969574036516	7.6949695740365165
64.1	2025-05-26T23:20:00Z	1748301600	26.566503042596352	9.714003042596353
64.1	2025-05-26T23:30:00Z	1748302200	24.531436105476676	7.428436105476674
64.1	2025-05-26T23:40:00Z	1748302800	25.548969574036516	8.445969574036514
64.1	2025-05-26T23:50:00Z	1748303400	25.548969574036516	8.946469574036517
64.1	2025-05-27T00:00:00Z	1748304000	27.07526977687627	9.22126977687627
64.1	2025-05-27T00:10:00Z	1748304600	25.548969574036516	7.444469574036514
64.1	2025-05-27T00:20:00Z	1748305200	26.057736308316432	8.203736308316433
64.1	2025-05-27T00:30:00Z	1748305800	25.040202839756596	7.937202839756594
64.1	2025-05-27T00:40:00Z	1748306400	25.548969574036516	7.945469574036515
64.1	2025-05-27T00:50:00Z	1748307000	32.67170385395538	10.578703853955378
64.1	2025-05-27T01:00:00Z	1748307600	33.68923732251521	11.596237322515211
64.1	2025-05-27T01:10:00Z	1748308200	34.70677079107505	12.613770791075051
64.1	2025-05-27T01:20:00Z	1748308800	34.70677079107505	12.613770791075051
64.1	2025-05-27T01:30:00Z	1748309400	33.68923732251521	11.596237322515211
64.1	2025-05-27T01:40:00Z	1748310000	37.25060446247465	15.157604462474648
64.1	2025-05-27T01:50:00Z	1748310600	34.70677079107505	12.613770791075051
64.1	2025-05-27T02:00:00Z	1748311200	32.67170385395538	12.080703853955377
64.1	2025-05-27T02:10:00Z	1748311800	30.636636916835702	10.5456369168357
64.1	2025-05-27T02:20:00Z	1748312400	33.1804705882353	13.590470588235302
64.1	2025-05-27T02:30:00Z	1748313000	34.198004056795135	15.609004056795136
64.1	2025-05-27T02:40:00Z	1748313600	35.215537525354975	16.626537525354976
64.1	2025-05-27T02:50:00Z	1748314200	36.74183772819473	18.152837728194733
64.1	2025-05-27T03:00:00Z	1748314800	35.724304259634884	17.636304259634883
64.1	2025-05-27T03:10:00Z	1748315400	35.215537525354975	17.127537525354974
64.1	2025-05-27T03:20:00Z	1748316000	34.70677079107505	16.61877079107505
64.1	2025-05-27T03:30:00Z	1748316600	33.68923732251521	15.100237322515213
64.1	2025-05-27T03:40:00Z	1748317200	35.215537525354975	16.626537525354976
64.1	2025-05-27T03:50:00Z	1748317800	33.68923732251521	15.100237322515213
64.1	2025-05-27T04:00:00Z	1748318400	32.162937119675455	13.573937119675456
64.1	2025-05-27T04:10:00Z	1748319000	34.198004056795135	15.609004056795136
64.1	2025-05-27T04:20:00Z	1748319600	35.215537525354975	16.626537525354976
64.1	2025-05-27T04:30:00Z	1748320200	34.70677079107505	16.117770791075053
64.1	2025-05-27T04:40:00Z	1748320800	36.23307099391481	17.64407099391481
64.1	2025-05-27T04:50:00Z	1748321400	37.25060446247465	18.66160446247465
64.1	2025-05-27T05:00:00Z	1748322000	33.68923732251521	15.100237322515213
64.1	2025-05-27T05:10:00Z	1748322600	34.198004056795135	15.609004056795136
64.1	2025-05-27T05:20:00Z	1748323200	31.145403651115622	12.556403651115623
64.1	2025-05-27T05:30:00Z	1748323800	29.619103448275865	11.030103448275867
64.1	2025-05-27T05:40:00Z	1748324400	33.1804705882353	15.092470588235301
64.1	2025-05-27T05:50:00Z	1748325000	32.67170385395538	14.583703853955377
64.1	2025-05-27T06:00:00Z	1748325600	32.162937119675455	13.573937119675456
64.1	2025-05-27T06:10:00Z	1748326200	33.1804705882353	14.591470588235303
64.1	2025-05-27T06:20:00Z	1748326800	34.198004056795135	15.609004056795136
64.1	2025-05-27T06:30:00Z	1748327400	34.70677079107505	16.117770791075053
64.1	2025-05-27T06:40:00Z	1748328000	35.215537525354975	16.626537525354976
64.1	2025-05-27T06:50:00Z	1748328600	36.23307099391481	17.14407099391481
64.1	2025-05-27T07:00:00Z	1748329200	34.198004056795135	15.109004056795136
64.1	2025-05-27T07:10:00Z	1748329800	34.70677079107505	15.617770791075053
64.1	2025-05-27T07:20:00Z	1748330400	36.74183772819473	17.15183772819473
64.1	2025-05-27T07:30:00Z	1748331000	35.724304259634884	16.134304259634884
64.1	2025-05-27T07:40:00Z	1748331600	36.23307099391481	16.142070993914807
64.1	2025-05-27T07:50:00Z	1748332200	36.74183772819473	16.15083772819473
64.1	2025-05-27T08:00:00Z	1748332800	34.70677079107505	13.114770791075053
64.1	2025-05-27T08:10:00Z	1748333400	36.23307099391481	13.140070993914808
64.1	2025-05-27T08:20:00Z	1748334000	36.74183772819473	13.648837728194732
64.1	2025-05-27T08:30:00Z	1748334600	35.215537525354975	9.121537525354974
64.1	2025-05-27T08:40:00Z	1748335200	36.23307099391481	9.140070993914808
64.1	2025-05-27T08:50:00Z	1748335800	36.74183772819473	10.148837728194732
64.1	2025-05-27T09:00:00Z	1748336400	36.74183772819473	10.64783772819473
64.1	2025-05-27T09:10:00Z	1748337000	36.74183772819473	8.649837728194733
64.1	2025-05-27T09:20:00Z	1748337600	33.1804705882353	6.587470588235302
64.1	2025-05-27T09:30:00Z	1748338200	36.23307099391481	11.139070993914807
64.1	2025-05-27T09:40:00Z	1748338800	36.74183772819473	12.64783772819473
64.1	2025-05-27T09:50:00Z	1748339400	36.23307099391481	12.139070993914807
64.1	2025-05-27T10:00:00Z	1748340000	36.74183772819473	12.14783772819473
64.1	2025-05-27T10:10:00Z	1748340600	36.74183772819473	12.14783772819473
64.1	2025-05-27T10:20:00Z	1748341200	37.25060446247465	12.656604462474647
64.1	2025-05-27T10:30:00Z	1748341800	37.25060446247465	12.656604462474647
64.1	2025-05-27T10:40:00Z	1748342400	36.23307099391481	12.139070993914807
64.1	2025-05-27T10:50:00Z	1748343000	36.74183772819473	12.64783772819473
64.1	2025-05-27T11:00:00Z	1748343600	36.23307099391481	12.139070993914807
64.1	2025-05-27T11:10:00Z	1748344200	36.74183772819473	12.64783772819473
64.1	2025-05-27T11:20:00Z	1748344800	36.23307099391481	11.639070993914807
64.1	2025-05-27T11:30:00Z	1748345400	36.74183772819473	12.14783772819473
64.1	2025-05-27T11:40:00Z	1748346000	36.74183772819473	12.14783772819473
64.1	2025-05-27T11:50:00Z	1748346600	36.23307099391481	11.639070993914807
64.1	2025-05-27T12:00:00Z	1748347200	35.724304259634884	11.130304259634883
64.1	2025-05-27T12:10:00Z	1748347800	35.724304259634884	13.131304259634884
64.1	2025-05-27T12:20:00Z	1748348400	35.724304259634884	15.133304259634883
64.1	2025-05-27T12:30:00Z	1748349000	35.724304259634884	15.633304259634883
64.1	2025-05-27T12:40:00Z	1748349600	35.724304259634884	15.133304259634883
64.1	2025-05-27T12:50:00Z	1748350200	36.23307099391481	14.64107099391481
64.1	2025-05-27T13:00:00Z	1748350800	36.74183772819473	14.648837728194732
64.1	2025-05-27T13:10:00Z	1748351400	36.74183772819473	13.648837728194732
64.1	2025-05-27T13:20:00Z	1748352000	36.74183772819473	13.14783772819473
64.1	2025-05-27T13:30:00Z	1748352600	36.74183772819473	13.14783772819473
64.1	2025-05-27T13:40:00Z	1748353200	36.74183772819473	12.64783772819473
64.1	2025-05-27T13:50:00Z	1748353800	36.23307099391481	11.139070993914807
64.1	2025-05-27T14:00:00Z	1748354400	36.23307099391481	11.139070993914807
64.1	2025-05-27T14:10:00Z	1748355000	36.23307099391481	10.639070993914807
64.1	2025-05-27T14:20:00Z	1748355600	36.23307099391481	10.639070993914807
64.1	2025-05-27T14:30:00Z	1748356200	36.23307099391481	10.139070993914807
64.1	2025-05-27T14:40:00Z	1748356800	36.23307099391481	10.639070993914807
64.1	2025-05-27T14:50:00Z	1748357400	36.23307099391481	10.639070993914807
64.1	2025-05-27T15:00:00Z	1748358000	36.23307099391481	10.639070993914807
64.1	2025-05-27T15:10:00Z	1748358600	36.23307099391481	10.639070993914807
64.1	2025-05-27T15:20:00Z	1748359200	36.23307099391481	10.139070993914807
64.1	2025-05-27T15:30:00Z	1748359800	36.74183772819473	10.64783772819473
64.1	2025-05-27T15:40:00Z	1748360400	36.74183772819473	10.64783772819473
64.1	2025-05-27T15:50:00Z	1748361000	34.70677079107505	8.61277079107505
64.1	2025-05-27T16:00:00Z	1748361600	32.67170385395538	7.077703853955377
64.1	2025-05-27T16:10:00Z	1748362200	33.68923732251521	8.59523732251521
64.1	2025-05-27T16:20:00Z	1748362800	32.162937119675455	7.068937119675454
64.1	2025-05-27T16:30:00Z	1748363400	32.67170385395538	7.577703853955377
64.1	2025-05-27T16:40:00Z	1748364000	32.162937119675455	6.568937119675454
64.1	2025-05-27T16:50:00Z	1748364600	32.162937119675455	6.568937119675454
64.1	2025-05-27T17:00:00Z	1748365200	32.162937119675455	7.068937119675454
64.1	2025-05-27T17:10:00Z	1748365800	31.654170385395542	6.560170385395541
64.1	2025-05-27T17:20:00Z	1748366400	33.68923732251521	8.59523732251521
64.1	2025-05-27T17:30:00Z	1748367000	35.215537525354975	9.621537525354974
64.1	2025-05-27T17:40:00Z	1748367600	34.70677079107505	8.61277079107505
64.1	2025-05-27T17:50:00Z	1748368200	34.198004056795135	8.104004056795134
64.1	2025-05-27T18:00:00Z	1748368800	34.198004056795135	8.104004056795134
64.1	2025-05-27T18:10:00Z	1748369400	34.198004056795135	8.604004056795134
64.1	2025-05-27T18:20:00Z	1748370000	33.1804705882353	8.0864705882353
64.1	2025-05-27T18:30:00Z	1748370600	31.654170385395542	6.560170385395541
64.1	2025-05-27T18:40:00Z	1748371200	33.68923732251521	9.09523732251521
64.1	2025-05-27T18:50:00Z	1748371800	33.1804705882353	9.0864705882353
64.1	2025-05-27T19:00:00Z	1748372400	33.1804705882353	9.0864705882353
64.1	2025-05-27T19:10:00Z	1748373000	32.67170385395538	9.077703853955377
64.1	2025-05-27T19:20:00Z	1748373600	31.654170385395542	8.06017038539554
64.1	2025-05-27T19:30:00Z	1748374200	31.654170385395542	8.561170385395542
64.1	2025-05-27T19:40:00Z	1748374800	32.162937119675455	9.069937119675455
64.1	2025-05-27T19:50:00Z	1748375400	31.654170385395542	8.561170385395542
64.1	2025-05-27T20:00:00Z	1748376000	33.68923732251521	10.596237322515211
64.1	2025-05-27T20:10:00Z	1748376600	34.198004056795135	11.605004056795135
64.1	2025-05-27T20:20:00Z	1748377200	33.68923732251521	11.096237322515211
64.1	2025-05-27T20:30:00Z	1748377800	35.215537525354975	12.622537525354975
64.1	2025-05-27T20:40:00Z	1748378400	35.215537525354975	13.122537525354975
64.1	2025-05-27T20:50:00Z	1748379000	35.724304259634884	13.631304259634884
64.1	2025-05-27T21:00:00Z	1748379600	36.23307099391481	14.140070993914808
64.1	2025-05-27T21:10:00Z	1748380200	36.74183772819473	14.648837728194732
64.1	2025-05-27T21:20:00Z	1748380800	36.23307099391481	14.140070993914808
64.1	2025-05-27T21:30:00Z	1748381400	35.724304259634884	13.631304259634884
64.1	2025-05-27T21:40:00Z	1748382000	35.215537525354975	13.122537525354975
64.1	2025-05-27T21:50:00Z	1748382600	35.724304259634884	13.631304259634884
64.1	2025-05-27T22:00:00Z	1748383200	35.724304259634884	13.631304259634884
64.1	2025-05-27T22:10:00Z	1748383800	35.724304259634884	14.132304259634886
64.1	2025-05-27T22:20:00Z	1748384400	34.198004056795135	12.606004056795136
64.1	2025-05-27T22:30:00Z	1748385000	33.68923732251521	12.597237322515213
64.1	2025-05-27T22:40:00Z	1748385600	35.215537525354975	14.624537525354974
64.1	2025-05-27T22:50:00Z	1748386200	35.215537525354975	14.624537525354974
64.1	2025-05-27T23:00:00Z	1748386800	35.724304259634884	15.133304259634883
64.1	2025-05-27T23:10:00Z	1748387400	34.198004056795135	13.607004056795134
64.1	2025-05-27T23:20:00Z	1748388000	34.70677079107505	14.11577079107505
64.1	2025-05-27T23:30:00Z	1748388600	32.67170385395538	12.080703853955377
64.1	2025-05-27T23:40:00Z	1748389200	32.67170385395538	12.080703853955377
64.1	2025-05-27T23:50:00Z	1748389800	32.162937119675455	11.571937119675454
64.1	2025-05-28T00:00:00Z	1748390400	33.1804705882353	12.5894705882353
64.1	2025-05-28T00:10:00Z	1748391000	33.68923732251521	13.59823732251521
64.1	2025-05-28T00:20:00Z	1748391600	34.70677079107505	14.61577079107505
64.1	2025-05-28T00:30:00Z	1748392200	34.198004056795135	14.107004056795134
64.1	2025-05-28T00:40:00Z	1748392800	33.68923732251521	13.59823732251521
64.1	2025-05-28T00:50:00Z	1748393400	32.162937119675455	12.071937119675454
64.1	2025-05-28T01:00:00Z	1748394000	31.145403651115622	11.05440365111562
64.1	2025-05-28T01:10:00Z	1748394600	31.145403651115622	11.05440365111562
64.1	2025-05-28T01:20:00Z	1748395200	31.145403651115622	11.05440365111562
64.1	2025-05-28T01:30:00Z	1748395800	31.145403651115622	11.05440365111562
64.1	2025-05-28T01:40:00Z	1748396400	32.67170385395538	12.580703853955377
64.1	2025-05-28T01:50:00Z	1748397000	31.654170385395542	11.56317038539554
64.1	2025-05-28T02:00:00Z	1748397600	31.145403651115622	11.05440365111562
64.1	2025-05-28T02:10:00Z	1748398200	33.1804705882353	13.590470588235302
64.1	2025-05-28T02:20:00Z	1748398800	33.68923732251521	14.099237322515211
64.1	2025-05-28T02:30:00Z	1748399400	33.68923732251521	14.099237322515211
64.1	2025-05-28T02:40:00Z	1748400000	32.67170385395538	13.081703853955378
64.1	2025-05-28T02:50:00Z	1748400600	31.654170385395542	12.064170385395542
64.1	2025-05-28T03:00:00Z	1748401200	32.162937119675455	12.572937119675455
64.1	2025-05-28T03:10:00Z	1748401800	31.654170385395542	12.064170385395542
64.1	2025-05-28T03:20:00Z	1748402400	32.67170385395538	13.081703853955378
64.1	2025-05-28T03:30:00Z	1748403000	33.1804705882353	13.590470588235302
64.1	2025-05-28T03:40:00Z	1748403600	32.67170385395538	13.081703853955378
64.1	2025-05-28T03:50:00Z	1748404200	33.1804705882353	14.091470588235303
64.1	2025-05-28T04:00:00Z	1748404800	33.68923732251521	14.600237322515213
64.1	2025-05-28T04:10:00Z	1748405400	32.67170385395538	13.58270385395538
64.1	2025-05-28T04:20:00Z	1748406000	34.198004056795135	14.608004056795135
64.1	2025-05-28T04:30:00Z	1748406600	33.68923732251521	14.099237322515211
64.1	2025-05-28T04:40:00Z	1748407200	33.68923732251521	14.099237322515211
64.1	2025-05-28T04:50:00Z	1748407800	33.1804705882353	13.590470588235302
64.1	2025-05-28T05:00:00Z	1748408400	32.67170385395538	13.081703853955378
64.1	2025-05-28T05:10:00Z	1748409000	32.67170385395538	13.58270385395538
64.1	2025-05-28T05:20:00Z	1748409600	35.215537525354975	16.126537525354976
64.1	2025-05-28T05:30:00Z	1748410200	34.70677079107505	15.617770791075053
64.1	2025-05-28T05:40:00Z	1748410800	34.198004056795135	15.109004056795136
64.1	2025-05-28T05:50:00Z	1748411400	34.198004056795135	15.109004056795136
64.1	2025-05-28T06:00:00Z	1748412000	33.68923732251521	14.600237322515213
64.1	2025-05-28T06:10:00Z	1748412600	33.68923732251521	14.600237322515213
64.1	2025-05-28T06:20:00Z	1748413200	33.1804705882353	14.091470588235303
64.1	2025-05-28T06:30:00Z	1748413800	34.198004056795135	15.609004056795136
64.1	2025-05-28T06:40:00Z	1748414400	34.198004056795135	15.109004056795136
64.1	2025-05-28T06:50:00Z	1748415000	33.68923732251521	14.600237322515213
64.1	2025-05-28T07:00:00Z	1748415600	33.1804705882353	14.591470588235303
64.1	2025-05-28T07:10:00Z	1748416200	32.67170385395538	13.58270385395538
64.1	2025-05-28T07:20:00Z	1748416800	32.67170385395538	13.081703853955378
64.1	2025-05-28T07:30:00Z	1748417400	32.162937119675455	11.571937119675454
64.1	2025-05-28T07:40:00Z	1748418000	32.162937119675455	10.069937119675455
64.1	2025-05-28T07:50:00Z	1748418600	31.654170385395542	8.561170385395542
64.1	2025-05-28T08:00:00Z	1748419200	31.654170385395542	7.060170385395541
64.1	2025-05-28T08:10:00Z	1748419800	31.654170385395542	7.060170385395541
64.1	2025-05-28T08:20:00Z	1748420400	31.145403651115622	7.551403651115621
64.1	2025-05-28T08:30:00Z	1748421000	31.145403651115622	6.051403651115621
64.1	2025-05-28T08:40:00Z	1748421600	31.145403651115622	5.551403651115621
64.1	2025-05-28T08:50:00Z	1748422200	31.145403651115622	6.551403651115621
64.1	2025-05-28T09:00:00Z	1748422800	31.145403651115622	6.551403651115621
64.1	2025-05-28T09:10:00Z	1748423400	31.145403651115622	5.051403651115621
64.1	2025-05-28T09:20:00Z	1748424000	31.145403651115622	4.052403651115622
64.1	2025-05-28T09:30:00Z	1748424600	31.145403651115622	4.552403651115622
64.1	2025-05-28T09:40:00Z	1748425200	31.145403651115622	5.551403651115621
64.1	2025-05-28T09:50:00Z	1748425800	31.145403651115622	6.051403651115621
64.1	2025-05-28T10:00:00Z	1748426400	31.145403651115622	6.051403651115621
64.1	2025-05-28T10:10:00Z	1748427000	31.654170385395542	6.560170385395541
64.1	2025-05-28T10:20:00Z	1748427600	31.654170385395542	6.560170385395541
64.1	2025-05-28T10:30:00Z	1748428200	31.654170385395542	6.560170385395541
64.1	2025-05-28T10:40:00Z	1748428800	32.67170385395538	7.077703853955377
64.1	2025-05-28T10:50:00Z	1748429400	32.67170385395538	7.077703853955377
64.1	2025-05-28T11:00:00Z	1748430000	32.67170385395538	7.077703853955377
64.1	2025-05-28T11:10:00Z	1748430600	32.67170385395538	7.077703853955377
64.1	2025-05-28T11:20:00Z	1748431200	32.67170385395538	6.577703853955377
64.1	2025-05-28T11:30:00Z	1748431800	32.67170385395538	7.077703853955377
64.1	2025-05-28T11:40:00Z	1748432400	32.67170385395538	6.577703853955377
64.1	2025-05-28T11:50:00Z	1748433000	32.67170385395538	6.577703853955377
64.1	2025-05-28T12:00:00Z	1748433600	32.67170385395538	6.577703853955377
64.1	2025-05-28T12:10:00Z	1748434200	33.1804705882353	7.086470588235301
64.1	2025-05-28T12:20:00Z	1748434800	33.1804705882353	7.086470588235301
64.1	2025-05-28T12:30:00Z	1748435400	32.67170385395538	6.577703853955377
64.1	2025-05-28T12:40:00Z	1748436000	32.67170385395538	7.077703853955377
64.1	2025-05-28T12:50:00Z	1748436600	32.67170385395538	6.078703853955378
64.1	2025-05-28T13:00:00Z	1748437200	33.1804705882353	6.587470588235302
64.1	2025-05-28T13:10:00Z	1748437800	33.68923732251521	7.096237322515211
64.1	2025-05-28T13:20:00Z	1748438400	33.1804705882353	6.087470588235302
64.1	2025-05-28T13:30:00Z	1748439000	33.1804705882353	6.087470588235302
64.1	2025-05-28T13:40:00Z	1748439600	33.1804705882353	6.087470588235302
64.1	2025-05-28T13:50:00Z	1748440200	33.68923732251521	6.596237322515211
64.1	2025-05-28T14:00:00Z	1748440800	33.1804705882353	6.087470588235302
64.1	2025-05-28T14:10:00Z	1748441400	33.68923732251521	6.596237322515211
64.1	2025-05-28T14:20:00Z	1748442000	33.68923732251521	6.596237322515211
64.1	2025-05-28T14:30:00Z	1748442600	34.198004056795135	7.105004056795135
64.1	2025-05-28T14:40:00Z	1748443200	33.68923732251521	6.596237322515211
64.1	2025-05-28T14:50:00Z	1748443800	34.70677079107505	7.113770791075051
64.1	2025-05-28T15:00:00Z	1748444400	34.70677079107505	7.113770791075051
64.1	2025-05-28T15:10:00Z	1748445000	34.198004056795135	6.605004056795135
64.1	2025-05-28T15:20:00Z	1748445600	34.198004056795135	7.105004056795135
64.1	2025-05-28T15:30:00Z	1748446200	34.198004056795135	7.105004056795135
64.1	2025-05-28T15:40:00Z	1748446800	34.70677079107505	7.613770791075051
64.1	2025-05-28T15:50:00Z	1748447400	36.23307099391481	9.640070993914808
64.1	2025-05-28T16:00:00Z	1748448000	34.70677079107505	8.113770791075051
64.1	2025-05-28T16:10:00Z	1748448600	34.198004056795135	7.605004056795135
64.1	2025-05-28T16:20:00Z	1748449200	35.215537525354975	8.622537525354975
64.1	2025-05-28T16:30:00Z	1748449800	36.23307099391481	9.640070993914808
64.1	2025-05-28T16:40:00Z	1748450400	36.23307099391481	9.640070993914808
64.1	2025-05-28T16:50:00Z	1748451000	35.724304259634884	9.131304259634884
64.1	2025-05-28T17:00:00Z	1748451600	36.23307099391481	9.640070993914808
64.1	2025-05-28T17:10:00Z	1748452200	36.23307099391481	9.640070993914808
64.1	2025-05-28T17:20:00Z	1748452800	35.724304259634884	9.131304259634884
64.1	2025-05-28T17:30:00Z	1748453400	35.724304259634884	9.131304259634884
64.1	2025-05-28T17:40:00Z	1748454000	35.724304259634884	9.630304259634883
64.1	2025-05-28T17:50:00Z	1748454600	35.724304259634884	9.630304259634883
64.1	2025-05-28T18:00:00Z	1748455200	35.724304259634884	9.630304259634883
64.1	2025-05-28T18:10:00Z	1748455800	35.724304259634884	10.130304259634883
64.1	2025-05-28T18:20:00Z	1748456400	35.215537525354975	9.621537525354974
64.1	2025-05-28T18:30:00Z	1748457000	35.724304259634884	10.130304259634883
64.1	2025-05-28T18:40:00Z	1748457600	34.70677079107505	9.61277079107505
64.1	2025-05-28T18:50:00Z	1748458200	34.198004056795135	9.604004056795134
64.1	2025-05-28T19:00:00Z	1748458800	33.68923732251521	9.09523732251521
64.1	2025-05-28T19:10:00Z	1748459400	33.1804705882353	9.0864705882353
64.1	2025-05-28T19:20:00Z	1748460000	33.68923732251521	9.59523732251521
64.1	2025-05-28T19:30:00Z	1748460600	34.198004056795135	10.604004056795134
64.1	2025-05-28T19:40:00Z	1748461200	34.198004056795135	10.604004056795134
64.1	2025-05-28T19:50:00Z	1748461800	35.215537525354975	11.621537525354974
64.1	2025-05-28T20:00:00Z	1748462400	34.198004056795135	10.604004056795134
64.1	2025-05-28T20:10:00Z	1748463000	33.68923732251521	10.09523732251521
64.1	2025-05-28T20:20:00Z	1748463600	36.74183772819473	13.648837728194732
64.1	2025-05-28T20:30:00Z	1748464200	36.74183772819473	13.648837728194732
64.1	2025-05-28T20:40:00Z	1748464800	37.759371196754564	14.666371196754564
64.1	2025-05-28T20:50:00Z	1748465400	37.25060446247465	14.157604462474648
64.1	2025-05-28T21:00:00Z	1748466000	36.23307099391481	13.140070993914808
64.1	2025-05-28T21:10:00Z	1748466600	35.724304259634884	12.631304259634884
64.1	2025-05-28T21:20:00Z	1748467200	36.23307099391481	13.640070993914808
64.1	2025-05-28T21:30:00Z	1748467800	35.215537525354975	12.622537525354975
64.1	2025-05-28T21:40:00Z	1748468400	36.74183772819473	14.148837728194732
64.1	2025-05-28T21:50:00Z	1748469000	37.25060446247465	14.657604462474648
64.1	2025-05-28T22:00:00Z	1748469600	37.25060446247465	14.657604462474648
64.1	2025-05-28T22:10:00Z	1748470200	37.25060446247465	14.657604462474648
64.1	2025-05-28T22:20:00Z	1748470800	37.25060446247465	14.657604462474648
64.1	2025-05-28T22:30:00Z	1748471400	37.25060446247465	14.657604462474648
64.1	2025-05-28T22:40:00Z	1748472000	37.759371196754564	15.166371196754564
64.1	2025-05-28T22:50:00Z	1748472600	36.23307099391481	14.140070993914808
64.1	2025-05-28T23:00:00Z	1748473200	36.74183772819473	14.648837728194732
64.1	2025-05-28T23:10:00Z	1748473800	36.23307099391481	14.140070993914808
64.1	2025-05-28T23:20:00Z	1748474400	36.23307099391481	14.140070993914808
64.1	2025-05-28T23:30:00Z	1748475000	35.724304259634884	13.631304259634884
64.1	2025-05-28T23:40:00Z	1748475600	35.724304259634884	13.631304259634884
64.1	2025-05-28T23:50:00Z	1748476200	36.23307099391481	14.140070993914808
64.1	2025-05-29T00:00:00Z	1748476800	33.68923732251521	11.596237322515211
64.1	2025-05-29T00:10:00Z	1748477400	36.74183772819473	14.648837728194732
64.1	2025-05-29T00:20:00Z	1748478000	36.74183772819473	14.648837728194732
64.1	2025-05-29T00:30:00Z	1748478600	36.74183772819473	14.648837728194732
64.1	2025-05-29T00:40:00Z	1748479200	31.654170385395542	9.561170385395542
64.1	2025-05-29T00:50:00Z	1748479800	31.654170385395542	9.561170385395542
64.1	2025-05-29T01:00:00Z	1748480400	35.215537525354975	13.623537525354976
64.1	2025-05-29T01:10:00Z	1748481000	36.23307099391481	14.64107099391481
64.1	2025-05-29T01:20:00Z	1748481600	36.74183772819473	14.648837728194732
64.1	2025-05-29T01:30:00Z	1748482200	36.23307099391481	14.64107099391481
64.1	2025-05-29T01:40:00Z	1748482800	35.215537525354975	13.623537525354976
64.1	2025-05-29T01:50:00Z	1748483400	35.215537525354975	13.623537525354976
64.1	2025-05-29T02:00:00Z	1748484000	35.724304259634884	14.132304259634886
64.1	2025-05-29T02:10:00Z	1748484600	35.724304259634884	14.132304259634886
64.1	2025-05-29T02:20:00Z	1748485200	32.67170385395538	11.57970385395538
64.1	2025-05-29T02:30:00Z	1748485800	32.67170385395538	11.57970385395538
64.1	2025-05-29T02:40:00Z	1748486400	35.215537525354975	14.123537525354976
64.1	2025-05-29T02:50:00Z	1748487000	35.724304259634884	14.632304259634886
64.1	2025-05-29T03:00:00Z	1748487600	35.724304259634884	15.133304259634883
64.1	2025-05-29T03:10:00Z	1748488200	36.23307099391481	15.642070993914807
64.1	2025-05-29T03:20:00Z	1748488800	36.23307099391481	15.14107099391481
64.1	2025-05-29T03:30:00Z	1748489400	35.724304259634884	14.632304259634886
64.1	2025-05-29T03:40:00Z	1748490000	35.724304259634884	14.632304259634886
64.1	2025-05-29T03:50:00Z	1748490600	35.724304259634884	15.133304259634883
64.1	2025-05-29T04:00:00Z	1748491200	35.724304259634884	15.133304259634883
64.1	2025-05-29T04:10:00Z	1748491800	34.198004056795135	13.607004056795134
64.1	2025-05-29T04:20:00Z	1748492400	33.68923732251521	13.59823732251521
64.1	2025-05-29T04:30:00Z	1748493000	33.1804705882353	13.0894705882353
64.1	2025-05-29T04:40:00Z	1748493600	33.68923732251521	13.59823732251521
64.1	2025-05-29T04:50:00Z	1748494200	33.68923732251521	13.59823732251521
64.1	2025-05-29T05:00:00Z	1748494800	33.68923732251521	13.59823732251521
64.1	2025-05-29T05:10:00Z	1748495400	33.1804705882353	13.0894705882353
64.1	2025-05-29T05:20:00Z	1748496000	33.1804705882353	13.0894705882353
64.1	2025-05-29T05:30:00Z	1748496600	32.67170385395538	12.580703853955377
64.1	2025-05-29T05:40:00Z	1748497200	33.68923732251521	14.099237322515211
64.1	2025-05-29T05:50:00Z	1748497800	33.68923732251521	14.099237322515211
64.1	2025-05-29T06:00:00Z	1748498400	33.1804705882353	13.590470588235302
64.1	2025-05-29T06:10:00Z	1748499000	32.67170385395538	13.081703853955378
64.1	2025-05-29T06:20:00Z	1748499600	33.1804705882353	13.590470588235302
64.1	2025-05-29T06:30:00Z	1748500200	32.67170385395538	13.081703853955378
64.1	2025-05-29T06:40:00Z	1748500800	31.654170385395542	12.064170385395542
64.1	2025-05-29T06:50:00Z	1748501400	32.162937119675455	12.572937119675455
64.1	2025-05-29T07:00:00Z	1748502000	31.654170385395542	12.064170385395542
64.1	2025-05-29T07:10:00Z	1748502600	31.654170385395542	12.064170385395542
64.1	2025-05-29T07:20:00Z	1748503200	30.636636916835702	11.046636916835702
64.1	2025-05-29T07:30:00Z	1748503800	30.636636916835702	10.5456369168357
64.1	2025-05-29T07:40:00Z	1748504400	31.654170385395542	10.062170385395543
64.1	2025-05-29T07:50:00Z	1748505000	31.145403651115622	8.052403651115622
64.1	2025-05-29T08:00:00Z	1748505600	31.145403651115622	5.551403651115621
64.1	2025-05-29T08:10:00Z	1748506200	30.636636916835702	3.543636916835702
64.1	2025-05-29T08:20:00Z	1748506800	30.636636916835702	4.542636916835701
64.1	2025-05-29T08:30:00Z	1748507400	30.636636916835702	2.544636916835703
64.1	2025-05-29T08:40:00Z	1748508000	31.145403651115622	4.052403651115622
64.1	2025-05-29T08:50:00Z	1748508600	31.145403651115622	4.552403651115622
64.1	2025-05-29T09:00:00Z	1748509200	31.654170385395542	5.560170385395541
64.1	2025-05-29T09:10:00Z	1748509800	31.145403651115622	4.552403651115622
64.1	2025-05-29T09:20:00Z	1748510400	30.636636916835702	4.542636916835701
64.1	2025-05-29T09:30:00Z	1748511000	31.145403651115622	3.552403651115622
64.1	2025-05-29T09:40:00Z	1748511600	31.145403651115622	4.052403651115622
64.1	2025-05-29T09:50:00Z	1748512200	30.636636916835702	4.542636916835701
64.1	2025-05-29T10:00:00Z	1748512800	30.636636916835702	4.043636916835702
64.1	2025-05-29T10:10:00Z	1748513400	30.636636916835702	4.542636916835701
64.1	2025-05-29T10:20:00Z	1748514000	30.636636916835702	4.043636916835702
64.1	2025-05-29T10:30:00Z	1748514600	30.636636916835702	4.043636916835702
64.1	2025-05-29T10:40:00Z	1748515200	30.636636916835702	4.542636916835701
64.1	2025-05-29T10:50:00Z	1748515800	30.636636916835702	5.042636916835701
64.1	2025-05-29T11:00:00Z	1748516400	30.636636916835702	4.542636916835701
64.1	2025-05-29T11:10:00Z	1748517000	31.145403651115622	5.051403651115621
64.1	2025-05-29T11:20:00Z	1748517600	30.636636916835702	4.542636916835701
64.1	2025-05-29T11:30:00Z	1748518200	31.145403651115622	5.051403651115621
64.1	2025-05-29T11:40:00Z	1748518800	31.145403651115622	5.051403651115621
64.1	2025-05-29T11:50:00Z	1748519400	31.145403651115622	4.552403651115622
64.1	2025-05-29T12:00:00Z	1748520000	31.654170385395542	5.061170385395542
64.1	2025-05-29T12:10:00Z	1748520600	31.654170385395542	5.061170385395542
64.1	2025-05-29T12:20:00Z	1748521200	32.162937119675455	5.069937119675455
64.1	2025-05-29T12:30:00Z	1748521800	32.162937119675455	5.069937119675455
64.1	2025-05-29T12:40:00Z	1748522400	32.162937119675455	5.069937119675455
64.1	2025-05-29T12:50:00Z	1748523000	32.162937119675455	5.069937119675455
64.1	2025-05-29T13:00:00Z	1748523600	32.162937119675455	4.569937119675455
64.1	2025-05-29T13:10:00Z	1748524200	32.162937119675455	5.069937119675455
64.1	2025-05-29T13:20:00Z	1748524800	32.162937119675455	4.569937119675455
64.1	2025-05-29T13:30:00Z	1748525400	32.162937119675455	4.569937119675455
64.1	2025-05-29T13:40:00Z	1748526000	32.162937119675455	4.569937119675455
64.1	2025-05-29T13:50:00Z	1748526600	32.162937119675455	4.569937119675455
64.1	2025-05-29T14:00:00Z	1748527200	32.162937119675455	4.569937119675455
64.1	2025-05-29T14:10:00Z	1748527800	32.162937119675455	4.070937119675456
64.1	2025-05-29T14:20:00Z	1748528400	32.67170385395538	5.078703853955378
64.1	2025-05-29T14:30:00Z	1748529000	32.67170385395538	4.57970385395538
64.1	2025-05-29T14:40:00Z	1748529600	33.1804705882353	5.088470588235303
64.1	2025-05-29T14:50:00Z	1748530200	33.68923732251521	6.096237322515211
64.1	2025-05-29T15:00:00Z	1748530800	33.1804705882353	6.087470588235302
64.1	2025-05-29T15:10:00Z	1748531400	33.1804705882353	6.087470588235302
64.1	2025-05-29T15:20:00Z	1748532000	33.68923732251521	6.596237322515211
64.1	2025-05-29T15:30:00Z	1748532600	33.68923732251521	6.596237322515211
64.1	2025-05-29T15:40:00Z	1748533200	33.68923732251521	6.596237322515211
64.1	2025-05-29T15:50:00Z	1748533800	34.198004056795135	7.105004056795135
64.1	2025-05-29T16:00:00Z	1748534400	34.198004056795135	7.105004056795135
64.1	2025-05-29T16:10:00Z	1748535000	34.198004056795135	7.605004056795135
64.1	2025-05-29T16:20:00Z	1748535600	34.198004056795135	7.605004056795135
64.1	2025-05-29T16:30:00Z	1748536200	34.198004056795135	7.105004056795135
64.1	2025-05-29T16:40:00Z	1748536800	34.198004056795135	7.605004056795135
64.1	2025-05-29T16:50:00Z	1748537400	33.68923732251521	6.596237322515211
64.1	2025-05-29T17:00:00Z	1748538000	34.198004056795135	7.105004056795135
64.1	2025-05-29T17:10:00Z	1748538600	34.198004056795135	7.105004056795135
64.1	2025-05-29T17:20:00Z	1748539200	34.70677079107505	8.113770791075051
64.1	2025-05-29T17:30:00Z	1748539800	34.198004056795135	7.605004056795135
64.1	2025-05-29T17:40:00Z	1748540400	34.198004056795135	8.104004056795134
64.1	2025-05-29T17:50:00Z	1748541000	34.198004056795135	8.104004056795134
64.1	2025-05-29T18:00:00Z	1748541600	34.198004056795135	8.104004056795134
64.1	2025-05-29T18:10:00Z	1748542200	34.70677079107505	8.61277079107505
64.1	2025-05-29T18:20:00Z	1748542800	34.70677079107505	9.11277079107505
64.1	2025-05-29T18:30:00Z	1748543400	34.70677079107505	9.11277079107505
64.1	2025-05-29T18:40:00Z	1748544000	34.198004056795135	9.104004056795134
64.1	2025-05-29T18:50:00Z	1748544600	34.198004056795135	9.604004056795134
64.1	2025-05-29T19:00:00Z	1748545200	34.198004056795135	9.604004056795134
64.1	2025-05-29T19:10:00Z	1748545800	34.198004056795135	9.604004056795134
64.1	2025-05-29T19:20:00Z	1748546400	34.198004056795135	9.604004056795134
64.1	2025-05-29T19:30:00Z	1748547000	35.215537525354975	11.121537525354974
64.1	2025-05-29T19:40:00Z	1748547600	36.23307099391481	12.139070993914807
64.1	2025-05-29T19:50:00Z	1748548200	33.68923732251521	10.09523732251521
64.1	2025-05-29T20:00:00Z	1748548800	32.162937119675455	8.568937119675454
64.1	2025-05-29T20:10:00Z	1748549400	33.1804705882353	9.5864705882353
64.1	2025-05-29T20:20:00Z	1748550000	34.198004056795135	10.604004056795134
64.1	2025-05-29T20:30:00Z	1748550600	34.198004056795135	11.105004056795135
64.1	2025-05-29T20:40:00Z	1748551200	33.68923732251521	10.596237322515211
64.1	2025-05-29T20:50:00Z	1748551800	37.25060446247465	14.157604462474648
64.1	2025-05-29T21:00:00Z	1748552400	36.74183772819473	13.648837728194732
64.1	2025-05-29T21:10:00Z	1748553000	36.23307099391481	13.140070993914808
64.1	2025-05-29T21:20:00Z	1748553600	34.70677079107505	11.613770791075051
64.1	2025-05-29T21:30:00Z	1748554200	35.215537525354975	12.622537525354975
64.1	2025-05-29T21:40:00Z	1748554800	35.724304259634884	13.131304259634884
64.1	2025-05-29T21:50:00Z	1748555400	36.74183772819473	14.148837728194732
64.1	2025-05-29T22:00:00Z	1748556000	36.74183772819473	14.148837728194732
64.1	2025-05-29T22:10:00Z	1748556600	35.215537525354975	12.622537525354975
64.1	2025-05-29T22:20:00Z	1748557200	36.23307099391481	13.640070993914808
64.1	2025-05-29T22:30:00Z	1748557800	36.23307099391481	13.640070993914808
64.1	2025-05-29T22:40:00Z	1748558400	37.25060446247465	14.657604462474648
64.1	2025-05-29T22:50:00Z	1748559000	33.68923732251521	11.596237322515211
64.1	2025-05-29T23:00:00Z	1748559600	35.724304259634884	13.631304259634884
64.1	2025-05-29T23:10:00Z	1748560200	36.74183772819473	14.648837728194732
64.1	2025-05-29T23:20:00Z	1748560800	36.74183772819473	14.648837728194732
64.1	2025-05-29T23:30:00Z	1748561400	36.23307099391481	14.64107099391481
64.1	2025-05-29T23:40:00Z	1748562000	36.23307099391481	14.64107099391481
64.1	2025-05-29T23:50:00Z	1748562600	36.74183772819473	15.149837728194733
64.1	2025-05-30T00:00:00Z	1748563200	34.70677079107505	13.114770791075053
64.1	2025-05-30T00:10:00Z	1748563800	33.68923732251521	11.596237322515211
64.1	2025-05-30T00:20:00Z	1748564400	35.724304259634884	13.631304259634884
64.1	2025-05-30T00:30:00Z	1748565000	36.74183772819473	15.149837728194733
64.1	2025-05-30T00:40:00Z	1748565600	36.74183772819473	15.649837728194733
64.1	2025-05-30T00:50:00Z	1748566200	36.74183772819473	15.149837728194733
64.1	2025-05-30T01:00:00Z	1748566800	36.74183772819473	15.149837728194733
64.1	2025-05-30T01:10:00Z	1748567400	32.67170385395538	11.57970385395538
64.1	2025-05-30T01:20:00Z	1748568000	33.1804705882353	12.088470588235303
64.1	2025-05-30T01:30:00Z	1748568600	33.68923732251521	12.597237322515213
64.1	2025-05-30T01:40:00Z	1748569200	33.68923732251521	12.597237322515213
64.1	2025-05-30T01:50:00Z	1748569800	33.1804705882353	12.088470588235303
64.1	2025-05-30T02:00:00Z	1748570400	34.198004056795135	13.106004056795136
64.1	2025-05-30T02:10:00Z	1748571000	32.67170385395538	11.57970385395538
64.1	2025-05-30T02:20:00Z	1748571600	33.1804705882353	12.088470588235303
64.1	2025-05-30T02:30:00Z	1748572200	34.70677079107505	13.614770791075053
64.1	2025-05-30T02:40:00Z	1748572800	34.198004056795135	13.106004056795136
64.1	2025-05-30T02:50:00Z	1748573400	35.724304259634884	14.632304259634886
64.1	2025-05-30T03:00:00Z	1748574000	35.724304259634884	14.632304259634886
64.1	2025-05-30T03:10:00Z	1748574600	33.1804705882353	12.088470588235303
64.1	2025-05-30T03:20:00Z	1748575200	35.215537525354975	14.123537525354976
64.1	2025-05-30T03:30:00Z	1748575800	35.724304259634884	14.632304259634886
64.1	2025-05-30T03:40:00Z	1748576400	34.198004056795135	13.106004056795136
64.1	2025-05-30T03:50:00Z	1748577000	34.198004056795135	13.106004056795136
64.1	2025-05-30T04:00:00Z	1748577600	34.70677079107505	14.11577079107505
64.1	2025-05-30T04:10:00Z	1748578200	33.68923732251521	13.09823732251521
64.1	2025-05-30T04:20:00Z	1748578800	35.215537525354975	14.624537525354974
64.1	2025-05-30T04:30:00Z	1748579400	34.70677079107505	14.61577079107505
64.1	2025-05-30T04:40:00Z	1748580000	34.198004056795135	14.107004056795134
64.1	2025-05-30T04:50:00Z	1748580600	32.67170385395538	12.580703853955377
64.1	2025-05-30T05:00:00Z	1748581200	32.162937119675455	12.071937119675454
64.1	2025-05-30T05:10:00Z	1748581800	34.198004056795135	14.107004056795134
64.1	2025-05-30T05:20:00Z	1748582400	34.198004056795135	14.107004056795134
64.1	2025-05-30T05:30:00Z	1748583000	33.68923732251521	13.59823732251521
64.1	2025-05-30T05:40:00Z	1748583600	33.68923732251521	13.59823732251521
64.1	2025-05-30T05:50:00Z	1748584200	31.654170385395542	11.56317038539554
64.1	2025-05-30T06:00:00Z	1748584800	32.162937119675455	12.071937119675454
64.1	2025-05-30T06:10:00Z	1748585400	32.162937119675455	12.071937119675454
64.1	2025-05-30T06:20:00Z	1748586000	32.162937119675455	12.071937119675454
64.1	2025-05-30T06:30:00Z	1748586600	31.654170385395542	11.56317038539554
64.1	2025-05-30T06:40:00Z	1748587200	31.654170385395542	11.56317038539554
64.1	2025-05-30T06:50:00Z	1748587800	31.654170385395542	11.56317038539554
64.1	2025-05-30T07:00:00Z	1748588400	31.145403651115622	11.05440365111562
64.1	2025-05-30T07:10:00Z	1748589000	31.145403651115622	11.05440365111562
64.1	2025-05-30T07:20:00Z	1748589600	30.636636916835702	10.0456369168357
64.1	2025-05-30T07:30:00Z	1748590200	30.636636916835702	9.044636916835703
64.1	2025-05-30T07:40:00Z	1748590800	30.127870182555785	6.033870182555784
64.1	2025-05-30T07:50:00Z	1748591400	30.127870182555785	5.533870182555784
64.1	2025-05-30T08:00:00Z	1748592000	30.636636916835702	5.042636916835701
64.1	2025-05-30T08:10:00Z	1748592600	30.636636916835702	4.542636916835701
64.1	2025-05-30T08:20:00Z	1748593200	30.127870182555785	6.033870182555784
64.1	2025-05-30T08:30:00Z	1748593800	29.619103448275865	5.525103448275864
64.1	2025-05-30T08:40:00Z	1748594400	29.619103448275865	3.0261034482758653
64.1	2025-05-30T08:50:00Z	1748595000	29.619103448275865	3.0261034482758653
64.1	2025-05-30T09:00:00Z	1748595600	29.619103448275865	3.525103448275864
64.1	2025-05-30T09:10:00Z	1748596200	29.619103448275865	1.0271034482758665
64.1	2025-05-30T09:20:00Z	1748596800	29.619103448275865	0.5281034482758642
64.1	2025-05-30T09:30:00Z	1748597400	29.619103448275865	1.5271034482758665
64.1	2025-05-30T09:40:00Z	1748598000	29.619103448275865	2.5261034482758653
64.1	2025-05-30T09:50:00Z	1748598600	29.619103448275865	3.0261034482758653
64.1	2025-05-30T10:00:00Z	1748599200	29.619103448275865	3.0261034482758653
64.1	2025-05-30T10:10:00Z	1748599800	29.619103448275865	3.525103448275864
64.1	2025-05-30T10:20:00Z	1748600400	30.127870182555785	3.5348701825557853
64.1	2025-05-30T10:30:00Z	1748601000	30.127870182555785	4.033870182555784
64.1	2025-05-30T10:40:00Z	1748601600	30.127870182555785	3.5348701825557853
64.1	2025-05-30T10:50:00Z	1748602200	30.127870182555785	3.5348701825557853
64.1	2025-05-30T11:00:00Z	1748602800	30.127870182555785	4.033870182555784
64.1	2025-05-30T11:10:00Z	1748603400	30.127870182555785	3.5348701825557853
64.1	2025-05-30T11:20:00Z	1748604000	30.636636916835702	4.043636916835702
64.1	2025-05-30T11:30:00Z	1748604600	30.636636916835702	3.543636916835702
64.1	2025-05-30T11:40:00Z	1748605200	30.636636916835702	3.043636916835702
64.1	2025-05-30T11:50:00Z	1748605800	30.636636916835702	3.543636916835702
64.1	2025-05-30T12:00:00Z	1748606400	31.145403651115622	3.552403651115622
64.1	2025-05-30T12:10:00Z	1748607000	33.1804705882353	5.587470588235302
64.1	2025-05-30T12:20:00Z	1748607600	35.724304259634884	8.631304259634884
64.1	2025-05-30T12:30:00Z	1748608200	36.23307099391481	8.640070993914808
64.1	2025-05-30T12:40:00Z	1748608800	35.724304259634884	8.131304259634884
64.1	2025-05-30T12:50:00Z	1748609400	34.70677079107505	7.113770791075051
64.1	2025-05-30T13:00:00Z	1748610000	35.215537525354975	7.622537525354975
64.1	2025-05-30T13:10:00Z	1748610600	34.70677079107505	7.113770791075051
64.1	2025-05-30T13:20:00Z	1748611200	34.198004056795135	6.106004056795136
64.1	2025-05-30T13:30:00Z	1748611800	33.68923732251521	6.096237322515211
64.1	2025-05-30T13:40:00Z	1748612400	33.68923732251521	5.5972373225152126
64.1	2025-05-30T13:50:00Z	1748613000	33.68923732251521	5.5972373225152126
64.1	2025-05-30T14:00:00Z	1748613600	33.68923732251521	5.5972373225152126
64.1	2025-05-30T14:10:00Z	1748614200	33.1804705882353	5.088470588235303
64.1	2025-05-30T14:20:00Z	1748614800	33.1804705882353	5.088470588235303
64.1	2025-05-30T14:30:00Z	1748615400	32.67170385395538	4.57970385395538
64.1	2025-05-30T14:40:00Z	1748616000	32.67170385395538	4.57970385395538
64.1	2025-05-30T14:50:00Z	1748616600	32.67170385395538	4.57970385395538
64.1	2025-05-30T15:00:00Z	1748617200	32.67170385395538	4.57970385395538
64.1	2025-05-30T15:10:00Z	1748617800	32.67170385395538	4.57970385395538
64.1	2025-05-30T15:20:00Z	1748618400	32.162937119675455	4.070937119675456
64.1	2025-05-30T15:30:00Z	1748619000	32.162937119675455	4.070937119675456
64.1	2025-05-30T15:40:00Z	1748619600	32.162937119675455	3.570937119675456
64.1	2025-05-30T15:50:00Z	1748620200	32.67170385395538	4.57970385395538
64.1	2025-05-30T16:00:00Z	1748620800	31.654170385395542	4.061170385395542
64.1	2025-05-30T16:10:00Z	1748621400	32.162937119675455	4.569937119675455
64.1	2025-05-30T16:20:00Z	1748622000	32.162937119675455	4.569937119675455
64.1	2025-05-30T16:30:00Z	1748622600	32.67170385395538	5.078703853955378
64.1	2025-05-30T16:40:00Z	1748623200	31.654170385395542	4.061170385395542
64.1	2025-05-30T16:50:00Z	1748623800	32.162937119675455	4.569937119675455
64.1	2025-05-30T17:00:00Z	1748624400	32.162937119675455	4.569937119675455
64.1	2025-05-30T17:10:00Z	1748625000	32.162937119675455	4.569937119675455
64.1	2025-05-30T17:20:00Z	1748625600	32.67170385395538	5.578703853955378
64.1	2025-05-30T17:30:00Z	1748626200	32.162937119675455	5.069937119675455
64.1	2025-05-30T17:40:00Z	1748626800	32.162937119675455	5.569937119675455
64.1	2025-05-30T17:50:00Z	1748627400	32.162937119675455	5.569937119675455
64.1	2025-05-30T18:00:00Z	1748628000	31.654170385395542	5.061170385395542
64.1	2025-05-30T18:10:00Z	1748628600	31.654170385395542	5.560170385395541
64.1	2025-05-30T18:20:00Z	1748629200	34.70677079107505	8.61277079107505
64.1	2025-05-30T18:30:00Z	1748629800	34.70677079107505	9.11277079107505
64.1	2025-05-30T18:40:00Z	1748630400	34.198004056795135	9.104004056795134
64.1	2025-05-30T18:50:00Z	1748631000	33.1804705882353	8.0864705882353
64.1	2025-05-30T19:00:00Z	1748631600	33.1804705882353	8.5864705882353
64.1	2025-05-30T19:10:00Z	1748632200	32.67170385395538	8.077703853955377
64.1	2025-05-30T19:20:00Z	1748632800	34.198004056795135	10.104004056795134
64.1	2025-05-30T19:30:00Z	1748633400	37.25060446247465	13.156604462474647
64.1	2025-05-30T19:40:00Z	1748634000	33.68923732251521	9.59523732251521
64.1	2025-05-30T19:50:00Z	1748634600	32.162937119675455	8.068937119675454
64.1	2025-05-30T20:00:00Z	1748635200	34.198004056795135	10.604004056795134
64.1	2025-05-30T20:10:00Z	1748635800	33.1804705882353	9.5864705882353
64.1	2025-05-30T20:20:00Z	1748636400	33.1804705882353	9.5864705882353
64.1	2025-05-30T20:30:00Z	1748637000	32.162937119675455	8.568937119675454
64.1	2025-05-30T20:40:00Z	1748637600	33.1804705882353	9.5864705882353
64.1	2025-05-30T20:50:00Z	1748638200	33.1804705882353	10.087470588235302
64.1	2025-05-30T21:00:00Z	1748638800	35.724304259634884	12.631304259634884
64.1	2025-05-30T21:10:00Z	1748639400	36.23307099391481	13.140070993914808
64.1	2025-05-30T21:20:00Z	1748640000	36.23307099391481	13.140070993914808
64.1	2025-05-30T21:30:00Z	1748640600	36.23307099391481	13.140070993914808
64.1	2025-05-30T21:40:00Z	1748641200	36.23307099391481	13.140070993914808
64.1	2025-05-30T21:50:00Z	1748641800	36.74183772819473	13.648837728194732
64.1	2025-05-30T22:00:00Z	1748642400	36.74183772819473	13.648837728194732
64.1	2025-05-30T22:10:00Z	1748643000	35.215537525354975	12.122537525354975
64.1	2025-05-30T22:20:00Z	1748643600	32.67170385395538	9.578703853955378
64.1	2025-05-30T22:30:00Z	1748644200	34.198004056795135	11.105004056795135
64.1	2025-05-30T22:40:00Z	1748644800	35.724304259634884	12.130304259634883
64.1	2025-05-30T22:50:00Z	1748645400	36.23307099391481	12.639070993914807
64.1	2025-05-30T23:00:00Z	1748646000	36.23307099391481	12.639070993914807
64.1	2025-05-30T23:10:00Z	1748646600	35.724304259634884	12.631304259634884
64.1	2025-05-30T23:20:00Z	1748647200	36.23307099391481	13.140070993914808
64.1	2025-05-30T23:30:00Z	1748647800	36.74183772819473	13.648837728194732
64.1	2025-05-30T23:40:00Z	1748648400	36.74183772819473	13.648837728194732
64.1	2025-05-30T23:50:00Z	1748649000	34.198004056795135	11.105004056795135
64.1	2025-05-31T00:00:00Z	1748649600	34.198004056795135	11.105004056795135
64.1	2025-05-31T00:10:00Z	1748650200	33.1804705882353	10.087470588235302
64.1	2025-05-31T00:20:00Z	1748650800	33.1804705882353	10.087470588235302
64.1	2025-05-31T00:30:00Z	1748651400	34.70677079107505	11.613770791075051
64.1	2025-05-31T00:40:00Z	1748652000	34.70677079107505	11.613770791075051
64.1	2025-05-31T00:50:00Z	1748652600	35.724304259634884	12.631304259634884
64.1	2025-05-31T01:00:00Z	1748653200	35.724304259634884	13.131304259634884
64.1	2025-05-31T01:10:00Z	1748653800	35.215537525354975	12.622537525354975
64.1	2025-05-31T01:20:00Z	1748654400	34.70677079107505	12.113770791075051
64.1	2025-05-31T01:30:00Z	1748655000	34.198004056795135	11.605004056795135
64.1	2025-05-31T01:40:00Z	1748655600	34.70677079107505	12.113770791075051
64.1	2025-05-31T01:50:00Z	1748656200	36.23307099391481	13.640070993914808
64.1	2025-05-31T02:00:00Z	1748656800	35.215537525354975	12.622537525354975
64.1	2025-05-31T02:10:00Z	1748657400	34.198004056795135	11.605004056795135
64.1	2025-05-31T02:20:00Z	1748658000	34.70677079107505	12.613770791075051
64.1	2025-05-31T02:30:00Z	1748658600	34.70677079107505	12.613770791075051
64.1	2025-05-31T02:40:00Z	1748659200	33.68923732251521	11.596237322515211
64.1	2025-05-31T02:50:00Z	1748659800	35.724304259634884	13.631304259634884
64.1	2025-05-31T03:00:00Z	1748660400	36.23307099391481	14.140070993914808
64.1	2025-05-31T03:10:00Z	1748661000	35.215537525354975	13.122537525354975
64.1	2025-05-31T03:20:00Z	1748661600	33.68923732251521	11.596237322515211
64.1	2025-05-31T03:30:00Z	1748662200	35.215537525354975	13.122537525354975
64.1	2025-05-31T03:40:00Z	1748662800	34.70677079107505	12.613770791075051
64.1	2025-05-31T03:50:00Z	1748663400	34.70677079107505	12.613770791075051
64.1	2025-05-31T04:00:00Z	1748664000	35.215537525354975	13.623537525354976
64.1	2025-05-31T04:10:00Z	1748664600	33.68923732251521	12.597237322515213
64.1	2025-05-31T04:20:00Z	1748665200	33.1804705882353	11.588470588235303
64.1	2025-05-31T04:30:00Z	1748665800	33.1804705882353	11.588470588235303
64.1	2025-05-31T04:40:00Z	1748666400	33.68923732251521	12.097237322515213
64.1	2025-05-31T04:50:00Z	1748667000	33.68923732251521	12.097237322515213
64.1	2025-05-31T05:00:00Z	1748667600	33.68923732251521	12.597237322515213
64.1	2025-05-31T05:10:00Z	1748668200	33.68923732251521	12.597237322515213
64.1	2025-05-31T05:20:00Z	1748668800	33.1804705882353	12.088470588235303
64.1	2025-05-31T05:30:00Z	1748669400	33.1804705882353	11.588470588235303
64.1	2025-05-31T05:40:00Z	1748670000	32.67170385395538	11.57970385395538
64.1	2025-05-31T05:50:00Z	1748670600	32.67170385395538	11.07970385395538
64.1	2025-05-31T06:00:00Z	1748671200	32.67170385395538	11.07970385395538
64.1	2025-05-31T06:10:00Z	1748671800	32.67170385395538	11.07970385395538
64.1	2025-05-31T06:20:00Z	1748672400	32.67170385395538	11.07970385395538
64.1	2025-05-31T06:30:00Z	1748673000	34.198004056795135	12.606004056795136
64.1	2025-05-31T06:40:00Z	1748673600	31.145403651115622	9.553403651115623
64.1	2025-05-31T06:50:00Z	1748674200	31.654170385395542	10.062170385395543
64.1	2025-05-31T07:00:00Z	1748674800	31.145403651115622	9.553403651115623
64.1	2025-05-31T07:10:00Z	1748675400	30.636636916835702	9.044636916835703
64.1	2025-05-31T07:20:00Z	1748676000	29.11033671399595	7.51833671399595
64.1	2025-05-31T07:30:00Z	1748676600	28.60156997971603	7.00956997971603
64.1	2025-05-31T07:40:00Z	1748677200	27.58403651115619	5.99203651115619
64.1	2025-05-31T07:50:00Z	1748677800	27.07526977687627	4.982269776876269
64.1	2025-05-31T08:00:00Z	1748678400	26.566503042596352	4.473503042596352
64.1	2025-05-31T08:10:00Z	1748679000	26.057736308316432	4.465736308316433
64.1	2025-05-31T08:20:00Z	1748679600	25.040202839756596	3.448202839756597
64.1	2025-05-31T08:30:00Z	1748680200	24.531436105476676	2.4384361054766757
64.1	2025-05-31T08:40:00Z	1748680800	24.022669371196756	1.9296693711967556
64.1	2025-05-31T08:50:00Z	1748681400	24.022669371196756	1.9296693711967556
64.1	2025-05-31T09:00:00Z	1748682000	24.022669371196756	1.9296693711967556
64.1	2025-05-31T09:10:00Z	1748682600	24.022669371196756	2.430669371196757
64.1	2025-05-31T09:20:00Z	1748683200	23.51390263691684	1.9219026369168404
64.1	2025-05-31T09:30:00Z	1748683800	23.51390263691684	1.4209026369168392
64.1	2025-05-31T09:40:00Z	1748684400	23.51390263691684	0.9209026369168392
64.1	2025-05-31T09:50:00Z	1748685000	23.51390263691684	0.42090263691683916
64.1	2025-05-31T10:00:00Z	1748685600	23.51390263691684	-0.08009736308316207
64.1	2025-05-31T10:10:00Z	1748686200	23.51390263691684	-0.08009736308316207
64.1	2025-05-31T10:20:00Z	1748686800	23.51390263691684	-0.5800973630831621
64.1	2025-05-31T10:30:00Z	1748687400	24.022669371196756	-1.0713306288032456
64.1	2025-05-31T10:40:00Z	1748688000	23.51390263691684	-1.080097363083162
64.1	2025-05-31T10:50:00Z	1748688600	24.022669371196756	-0.5713306288032456
64.1	2025-05-31T11:00:00Z	1748689200	26.566503042596352	1.472503042596351
64.1	2025-05-31T11:10:00Z	1748689800	29.619103448275865	4.525103448275864
64.1	2025-05-31T11:20:00Z	1748690400	30.636636916835702	5.042636916835701
64.1	2025-05-31T11:30:00Z	1748691000	30.127870182555785	4.033870182555784
64.1	2025-05-31T11:40:00Z	1748691600	30.127870182555785	3.5348701825557853
64.1	2025-05-31T11:50:00Z	1748692200	29.619103448275865	3.0261034482758653
64.1	2025-05-31T12:00:00Z	1748692800	29.619103448275865	3.0261034482758653
64.1	2025-05-31T12:10:00Z	1748693400	29.11033671399595	2.517336713995949
64.1	2025-05-31T12:20:00Z	1748694000	28.60156997971603	1.5085699797160288
64.1	2025-05-31T12:30:00Z	1748694600	28.60156997971603	1.5085699797160288
64.1	2025-05-31T12:40:00Z	1748695200	28.09280324543611	0.9998032454361088
64.1	2025-05-31T12:50:00Z	1748695800	28.09280324543611	0.9998032454361088
64.1	2025-05-31T13:00:00Z	1748696400	28.60156997971603	1.5085699797160288
64.1	2025-05-31T13:10:00Z	1748697000	28.09280324543611	0.49980324543610877
64.1	2025-05-31T13:20:00Z	1748697600	28.60156997971603	1.0085699797160288
64.1	2025-05-31T13:30:00Z	1748698200	29.11033671399595	1.5173367139959488
64.1	2025-05-31T13:40:00Z	1748698800	31.145403651115622	3.552403651115622
64.1	2025-05-31T13:50:00Z	1748699400	31.145403651115622	3.053403651115623
64.1	2025-05-31T14:00:00Z	1748700000	30.636636916835702	3.043636916835702
64.1	2025-05-31T14:10:00Z	1748700600	30.636636916835702	2.544636916835703
64.1	2025-05-31T14:20:00Z	1748701200	30.636636916835702	2.544636916835703
64.1	2025-05-31T14:30:00Z	1748701800	30.636636916835702	2.044636916835703
64.1	2025-05-31T14:40:00Z	1748702400	34.198004056795135	6.106004056795136
64.1	2025-05-31T14:50:00Z	1748703000	34.198004056795135	6.106004056795136
64.1	2025-05-31T15:00:00Z	1748703600	34.198004056795135	5.606004056795136
64.1	2025-05-31T15:10:00Z	1748704200	35.215537525354975	7.622537525354975
64.1	2025-05-31T15:20:00Z	1748704800	35.724304259634884	7.132304259634886
64.1	2025-05-31T15:30:00Z	1748705400	35.215537525354975	7.123537525354976
64.1	2025-05-31T15:40:00Z	1748706000	34.70677079107505	6.614770791075053
64.1	2025-05-31T15:50:00Z	1748706600	34.198004056795135	5.606004056795136
64.1	2025-05-31T16:00:00Z	1748707200	34.198004056795135	5.606004056795136
64.1	2025-05-31T16:10:00Z	1748707800	33.68923732251521	5.5972373225152126
64.1	2025-05-31T16:20:00Z	1748708400	33.68923732251521	5.5972373225152126
64.1	2025-05-31T16:30:00Z	1748709000	34.198004056795135	6.106004056795136
64.1	2025-05-31T16:40:00Z	1748709600	34.198004056795135	6.106004056795136
64.1	2025-05-31T16:50:00Z	1748710200	33.68923732251521	5.5972373225152126
64.1	2025-05-31T17:00:00Z	1748710800	33.68923732251521	5.5972373225152126
64.1	2025-05-31T17:10:00Z	1748711400	34.198004056795135	6.106004056795136
64.1	2025-05-31T17:20:00Z	1748712000	34.198004056795135	6.106004056795136
64.1	2025-05-31T17:30:00Z	1748712600	33.68923732251521	5.5972373225152126
64.1	2025-05-31T17:40:00Z	1748713200	33.1804705882353	5.587470588235302
64.1	2025-05-31T17:50:00Z	1748713800	33.1804705882353	5.587470588235302
64.1	2025-05-31T18:00:00Z	1748714400	33.1804705882353	6.087470588235302
64.1	2025-05-31T18:10:00Z	1748715000	33.1804705882353	6.587470588235302
64.1	2025-05-31T18:20:00Z	1748715600	32.67170385395538	6.577703853955377
64.1	2025-05-31T18:30:00Z	1748716200	32.67170385395538	6.577703853955377
64.1	2025-05-31T18:40:00Z	1748716800	32.162937119675455	6.568937119675454
64.1	2025-05-31T18:50:00Z	1748717400	33.1804705882353	8.0864705882353
64.1	2025-05-31T19:00:00Z	1748718000	33.68923732251521	8.59523732251521
64.1	2025-05-31T19:10:00Z	1748718600	33.68923732251521	9.09523732251521
64.1	2025-05-31T19:20:00Z	1748719200	33.68923732251521	9.09523732251521
64.1	2025-05-31T19:30:00Z	1748719800	34.70677079107505	10.11277079107505
64.1	2025-05-31T19:40:00Z	1748720400	37.25060446247465	12.656604462474647
64.1	2025-05-31T19:50:00Z	1748721000	33.1804705882353	9.0864705882353
64.1	2025-05-31T20:00:00Z	1748721600	37.25060446247465	13.156604462474647
64.1	2025-05-31T20:10:00Z	1748722200	35.724304259634884	12.130304259634883
64.1	2025-05-31T20:20:00Z	1748722800	35.215537525354975	11.621537525354974
64.1	2025-05-31T20:30:00Z	1748723400	36.23307099391481	12.639070993914807
64.1	2025-05-31T20:40:00Z	1748724000	37.25060446247465	13.656604462474647
64.1	2025-05-31T20:50:00Z	1748724600	35.215537525354975	11.621537525354974
64.1	2025-05-31T21:00:00Z	1748725200	36.23307099391481	12.639070993914807
64.1	2025-05-31T21:10:00Z	1748725800	37.25060446247465	13.656604462474647
64.1	2025-05-31T21:20:00Z	1748726400	36.23307099391481	13.140070993914808
64.1	2025-05-31T21:30:00Z	1748727000	35.215537525354975	12.122537525354975
64.1	2025-05-31T21:40:00Z	1748727600	35.215537525354975	12.122537525354975
64.1	2025-05-31T21:50:00Z	1748728200	36.23307099391481	13.140070993914808
64.1	2025-05-31T22:00:00Z	1748728800	37.25060446247465	14.157604462474648
64.1	2025-05-31T22:10:00Z	1748729400	37.25060446247465	14.157604462474648
64.1	2025-05-31T22:20:00Z	1748730000	34.198004056795135	11.605004056795135
64.1	2025-05-31T22:30:00Z	1748730600	35.215537525354975	12.622537525354975
64.1	2025-05-31T22:40:00Z	1748731200	35.724304259634884	13.131304259634884
64.1	2025-05-31T22:50:00Z	1748731800	37.25060446247465	14.657604462474648
64.1	2025-05-31T23:00:00Z	1748732400	32.67170385395538	10.078703853955378
64.1	2025-05-31T23:10:00Z	1748733000	34.198004056795135	11.605004056795135
64.1	2025-05-31T23:20:00Z	1748733600	35.724304259634884	13.131304259634884
64.1	2025-05-31T23:30:00Z	1748734200	37.25060446247465	14.657604462474648
64.1	2025-05-31T23:40:00Z	1748734800	36.74183772819473	14.148837728194732
64.1	2025-05-31T23:50:00Z	1748735400	37.25060446247465	15.157604462474648
64.1	2025-06-01T00:00:00Z	1748736000	35.724304259634884	13.631304259634884
64.1	2025-06-01T00:10:00Z	1748736600	34.70677079107505	NA
64.1	2025-06-01T00:20:00Z	1748737200	35.215537525354975	NA
64.1	2025-06-01T00:30:00Z	1748737800	35.724304259634884	NA
64.1	2025-06-01T00:40:00Z	1748738400	36.74183772819473	NA
64.1	2025-06-01T00:50:00Z	1748739000	35.724304259634884	NA
64.1	2025-06-01T01:00:00Z	1748739600	35.724304259634884	NA
64.1	2025-06-01T01:10:00Z	1748740200	34.70677079107505	NA
64.1	2025-06-01T01:20:00Z	1748740800	35.724304259634884	NA
64.1	2025-06-01T01:30:00Z	1748741400	35.215537525354975	NA
64.1	2025-06-01T01:40:00Z	1748742000	34.70677079107505	NA
64.1	2025-06-01T01:50:00Z	1748742600	34.198004056795135	NA
64.1	2025-06-01T02:00:00Z	1748743200	35.215537525354975	NA
64.1	2025-06-01T02:10:00Z	1748743800	35.724304259634884	NA
64.1	2025-06-01T02:20:00Z	1748744400	33.68923732251521	NA
64.1	2025-06-01T02:30:00Z	1748745000	34.70677079107505	NA
64.1	2025-06-01T02:40:00Z	1748745600	34.70677079107505	NA
64.1	2025-06-01T02:50:00Z	1748746200	34.70677079107505	NA
64.1	2025-06-01T03:00:00Z	1748746800	35.215537525354975	NA
64.1	2025-06-01T03:10:00Z	1748747400	34.70677079107505	NA
64.1	2025-06-01T03:20:00Z	1748748000	35.215537525354975	NA
64.1	2025-06-01T03:30:00Z	1748748600	35.215537525354975	NA
64.1	2025-06-01T03:40:00Z	1748749200	34.70677079107505	NA
64.1	2025-06-01T03:50:00Z	1748749800	35.215537525354975	NA
64.1	2025-06-01T04:00:00Z	1748750400	35.215537525354975	NA
64.1	2025-06-01T04:10:00Z	1748751000	34.70677079107505	NA
64.1	2025-06-01T04:20:00Z	1748751600	34.70677079107505	NA
64.1	2025-06-01T04:30:00Z	1748752200	34.70677079107505	NA
64.1	2025-06-01T04:40:00Z	1748752800	33.1804705882353	NA
64.1	2025-06-01T04:50:00Z	1748753400	34.70677079107505	NA
64.1	2025-06-01T05:00:00Z	1748754000	35.215537525354975	NA
64.1	2025-06-01T05:10:00Z	1748754600	34.70677079107505	NA
64.1	2025-06-01T05:20:00Z	1748755200	34.70677079107505	NA
64.1	2025-06-01T05:30:00Z	1748755800	35.724304259634884	NA
64.1	2025-06-01T05:40:00Z	1748756400	35.215537525354975	NA
64.1	2025-06-01T05:50:00Z	1748757000	35.215537525354975	NA
64.1	2025-06-01T06:00:00Z	1748757600	34.70677079107505	NA
64.1	2025-06-01T06:10:00Z	1748758200	34.70677079107505	NA
64.1	2025-06-01T06:20:00Z	1748758800	31.654170385395542	NA
64.1	2025-06-01T06:30:00Z	1748759400	31.145403651115622	NA
64.1	2025-06-01T06:40:00Z	1748760000	33.1804705882353	NA
64.1	2025-06-01T06:50:00Z	1748760600	33.68923732251521	NA
64.1	2025-06-01T07:00:00Z	1748761200	33.1804705882353	NA
64.1	2025-06-01T07:10:00Z	1748761800	32.67170385395538	NA
64.1	2025-06-01T07:20:00Z	1748762400	32.162937119675455	NA
64.1	2025-06-01T07:30:00Z	1748763000	31.654170385395542	NA
64.1	2025-06-01T07:40:00Z	1748763600	32.67170385395538	NA
64.1	2025-06-01T07:50:00Z	1748764200	32.67170385395538	NA
64.1	2025-06-01T08:00:00Z	1748764800	32.162937119675455	NA
64.1	2025-06-01T08:10:00Z	1748765400	31.145403651115622	NA
64.1	2025-06-01T08:20:00Z	1748766000	30.636636916835702	NA
64.1	2025-06-01T08:30:00Z	1748766600	30.127870182555785	NA
64.1	2025-06-01T08:40:00Z	1748767200	29.619103448275865	NA
64.1	2025-06-01T08:50:00Z	1748767800	29.619103448275865	NA
64.1	2025-06-01T09:00:00Z	1748768400	30.127870182555785	NA
64.1	2025-06-01T09:10:00Z	1748769000	30.127870182555785	NA
64.1	2025-06-01T09:20:00Z	1748769600	30.127870182555785	NA
64.1	2025-06-01T09:30:00Z	1748770200	30.127870182555785	NA
64.1	2025-06-01T09:40:00Z	1748770800	30.127870182555785	NA
64.1	2025-06-01T09:50:00Z	1748771400	30.127870182555785	NA
64.1	2025-06-01T10:00:00Z	1748772000	30.127870182555785	NA
64.1	2025-06-01T10:10:00Z	1748772600	30.127870182555785	NA
64.1	2025-06-01T10:20:00Z	1748773200	30.127870182555785	NA
64.1	2025-06-01T10:30:00Z	1748773800	30.127870182555785	NA
64.1	2025-06-01T10:40:00Z	1748774400	30.636636916835702	NA
64.1	2025-06-01T10:50:00Z	1748775000	30.636636916835702	NA
64.1	2025-06-01T11:00:00Z	1748775600	30.636636916835702	NA
64.1	2025-06-01T11:10:00Z	1748776200	30.636636916835702	NA
64.1	2025-06-01T11:20:00Z	1748776800	30.636636916835702	NA
64.1	2025-06-01T11:30:00Z	1748777400	30.636636916835702	NA
64.1	2025-06-01T11:40:00Z	1748778000	30.636636916835702	NA
64.1	2025-06-01T11:50:00Z	1748778600	30.636636916835702	NA
64.1	2025-06-01T12:00:00Z	1748779200	30.636636916835702	NA
64.1	2025-06-01T12:10:00Z	1748779800	30.636636916835702	NA
64.1	2025-06-01T12:20:00Z	1748780400	30.636636916835702	NA
64.1	2025-06-01T12:30:00Z	1748781000	30.636636916835702	NA
64.1	2025-06-01T12:40:00Z	1748781600	30.636636916835702	NA
64.1	2025-06-01T12:50:00Z	1748782200	31.145403651115622	NA
64.1	2025-06-01T13:00:00Z	1748782800	31.145403651115622	NA
64.1	2025-06-01T13:10:00Z	1748783400	31.145403651115622	NA
64.1	2025-06-01T13:20:00Z	1748784000	31.145403651115622	NA
64.1	2025-06-01T13:30:00Z	1748784600	31.145403651115622	NA
64.1	2025-06-01T13:40:00Z	1748785200	31.145403651115622	NA
64.1	2025-06-01T13:50:00Z	1748785800	31.654170385395542	NA
64.1	2025-06-01T14:00:00Z	1748786400	31.654170385395542	NA
64.1	2025-06-01T14:10:00Z	1748787000	32.162937119675455	NA
64.1	2025-06-01T14:20:00Z	1748787600	32.162937119675455	NA
64.1	2025-06-01T14:30:00Z	1748788200	32.162937119675455	NA
64.1	2025-06-01T14:40:00Z	1748788800	32.162937119675455	NA
64.1	2025-06-01T14:50:00Z	1748789400	32.162937119675455	NA
64.1	2025-06-01T15:00:00Z	1748790000	32.162937119675455	NA
64.1	2025-06-01T15:10:00Z	1748790600	32.67170385395538	NA
64.1	2025-06-01T15:20:00Z	1748791200	32.67170385395538	NA
64.1	2025-06-01T15:30:00Z	1748791800	33.1804705882353	NA
64.1	2025-06-01T15:40:00Z	1748792400	33.1804705882353	NA
64.1	2025-06-01T15:50:00Z	1748793000	33.1804705882353	NA
64.1	2025-06-01T16:00:00Z	1748793600	33.68923732251521	NA
64.1	2025-06-01T16:10:00Z	1748794200	34.198004056795135	NA
64.1	2025-06-01T16:20:00Z	1748794800	34.198004056795135	NA
64.1	2025-06-01T16:30:00Z	1748795400	34.198004056795135	NA
64.1	2025-06-01T16:40:00Z	1748796000	34.70677079107505	NA
64.1	2025-06-01T16:50:00Z	1748796600	34.198004056795135	NA
64.1	2025-06-01T17:00:00Z	1748797200	34.198004056795135	NA
64.1	2025-06-01T17:10:00Z	1748797800	34.70677079107505	NA
64.1	2025-06-01T17:20:00Z	1748798400	34.70677079107505	NA
64.1	2025-06-01T17:30:00Z	1748799000	34.198004056795135	NA
64.1	2025-06-01T17:40:00Z	1748799600	34.70677079107505	NA
64.1	2025-06-01T17:50:00Z	1748800200	34.70677079107505	NA
64.1	2025-06-01T18:00:00Z	1748800800	34.70677079107505	NA
64.1	2025-06-01T18:10:00Z	1748801400	34.70677079107505	NA
64.1	2025-06-01T18:20:00Z	1748802000	34.70677079107505	NA
64.1	2025-06-01T18:30:00Z	1748802600	34.70677079107505	NA
64.1	2025-06-01T18:40:00Z	1748803200	34.70677079107505	NA
64.1	2025-06-01T18:50:00Z	1748803800	34.70677079107505	NA
64.1	2025-06-01T19:00:00Z	1748804400	34.70677079107505	NA
64.1	2025-06-01T19:10:00Z	1748805000	34.70677079107505	NA
64.1	2025-06-01T19:20:00Z	1748805600	34.198004056795135	NA
64.1	2025-06-01T19:30:00Z	1748806200	34.198004056795135	NA
64.1	2025-06-01T19:40:00Z	1748806800	33.68923732251521	NA
64.1	2025-06-01T19:50:00Z	1748807400	35.215537525354975	NA
64.1	2025-06-01T20:00:00Z	1748808000	34.70677079107505	NA
64.1	2025-06-01T20:10:00Z	1748808600	34.70677079107505	NA
64.1	2025-06-01T20:20:00Z	1748809200	34.198004056795135	NA
64.1	2025-06-01T20:30:00Z	1748809800	34.198004056795135	NA
64.1	2025-06-01T20:40:00Z	1748810400	36.23307099391481	NA
64.1	2025-06-01T20:50:00Z	1748811000	37.25060446247465	NA
64.1	2025-06-01T21:00:00Z	1748811600	37.759371196754564	NA
64.1	2025-06-01T21:10:00Z	1748812200	34.70677079107505	NA
64.1	2025-06-01T21:20:00Z	1748812800	33.1804705882353	NA
64.1	2025-06-01T21:30:00Z	1748813400	37.25060446247465	NA
64.1	2025-06-01T21:40:00Z	1748814000	36.74183772819473	NA
64.1	2025-06-01T21:50:00Z	1748814600	36.74183772819473	NA
64.1	2025-06-01T22:00:00Z	1748815200	33.1804705882353	NA
64.1	2025-06-01T22:10:00Z	1748815800	36.74183772819473	NA
64.1	2025-06-01T22:20:00Z	1748816400	35.724304259634884	NA
64.1	2025-06-01T22:30:00Z	1748817000	35.724304259634884	NA
64.1	2025-06-01T22:40:00Z	1748817600	34.198004056795135	NA
64.1	2025-06-01T22:50:00Z	1748818200	35.724304259634884	NA
64.1	2025-06-01T23:00:00Z	1748818800	34.198004056795135	NA
64.1	2025-06-01T23:10:00Z	1748819400	34.70677079107505	NA
64.1	2025-06-01T23:20:00Z	1748820000	35.724304259634884	NA
64.1	2025-06-01T23:30:00Z	1748820600	35.215537525354975	NA
64.1	2025-06-01T23:40:00Z	1748821200	35.724304259634884	NA
64.1	2025-06-01T23:50:00Z	1748821800	32.67170385395538	NA
64.1	2025-06-02T00:00:00Z	1748822400	36.74183772819473	NA
64.1	2025-06-02T00:10:00Z	1748823000	35.724304259634884	NA
64.1	2025-06-02T00:20:00Z	1748823600	36.23307099391481	NA
64.1	2025-06-02T00:30:00Z	1748824200	35.724304259634884	NA
64.1	2025-06-02T00:40:00Z	1748824800	34.70677079107505	NA
64.1	2025-06-02T00:50:00Z	1748825400	34.198004056795135	NA
64.1	2025-06-02T01:00:00Z	1748826000	34.70677079107505	NA
64.1	2025-06-02T01:10:00Z	1748826600	35.724304259634884	NA
64.1	2025-06-02T01:20:00Z	1748827200	36.23307099391481	NA
64.1	2025-06-02T01:30:00Z	1748827800	35.724304259634884	NA
64.1	2025-06-02T01:40:00Z	1748828400	35.215537525354975	NA
64.1	2025-06-02T01:50:00Z	1748829000	35.724304259634884	NA
64.1	2025-06-02T02:00:00Z	1748829600	34.198004056795135	NA
64.1	2025-06-02T02:10:00Z	1748830200	36.23307099391481	NA
64.1	2025-06-02T02:20:00Z	1748830800	35.215537525354975	NA
64.1	2025-06-02T02:30:00Z	1748831400	35.724304259634884	NA
64.1	2025-06-02T02:40:00Z	1748832000	35.724304259634884	NA
64.1	2025-06-02T02:50:00Z	1748832600	35.724304259634884	NA
64.1	2025-06-02T03:00:00Z	1748833200	35.215537525354975	NA
64.1	2025-06-02T03:10:00Z	1748833800	35.724304259634884	NA
64.1	2025-06-02T03:20:00Z	1748834400	36.23307099391481	NA
64.1	2025-06-02T03:30:00Z	1748835000	36.23307099391481	NA
64.1	2025-06-02T03:40:00Z	1748835600	35.724304259634884	NA
64.1	2025-06-02T03:50:00Z	1748836200	35.724304259634884	NA
64.1	2025-06-02T04:00:00Z	1748836800	34.198004056795135	NA
64.1	2025-06-02T04:10:00Z	1748837400	34.198004056795135	NA
64.1	2025-06-02T04:20:00Z	1748838000	33.68923732251521	NA
64.1	2025-06-02T04:30:00Z	1748838600	33.1804705882353	NA
64.1	2025-06-02T04:40:00Z	1748839200	33.68923732251521	NA
64.1	2025-06-02T04:50:00Z	1748839800	33.68923732251521	NA
64.1	2025-06-02T05:00:00Z	1748840400	33.1804705882353	NA
64.1	2025-06-02T05:10:00Z	1748841000	33.1804705882353	NA
64.1	2025-06-02T05:20:00Z	1748841600	33.1804705882353	NA
64.1	2025-06-02T05:30:00Z	1748842200	33.68923732251521	NA
64.1	2025-06-02T05:40:00Z	1748842800	32.67170385395538	NA
64.1	2025-06-02T05:50:00Z	1748843400	35.215537525354975	NA
64.1	2025-06-02T06:00:00Z	1748844000	34.198004056795135	NA
64.1	2025-06-02T06:10:00Z	1748844600	34.198004056795135	NA
64.1	2025-06-02T06:20:00Z	1748845200	34.198004056795135	NA
64.1	2025-06-02T06:30:00Z	1748845800	34.198004056795135	NA
64.1	2025-06-02T06:40:00Z	1748846400	34.198004056795135	NA
64.1	2025-06-02T06:50:00Z	1748847000	33.68923732251521	NA
64.1	2025-06-02T07:00:00Z	1748847600	33.68923732251521	NA
64.1	2025-06-02T07:10:00Z	1748848200	33.68923732251521	NA
64.1	2025-06-02T07:20:00Z	1748848800	33.1804705882353	NA
64.1	2025-06-02T07:30:00Z	1748849400	33.1804705882353	NA
64.1	2025-06-02T07:40:00Z	1748850000	32.67170385395538	NA
64.1	2025-06-02T07:50:00Z	1748850600	32.67170385395538	NA
64.1	2025-06-02T08:00:00Z	1748851200	32.67170385395538	NA
64.1	2025-06-02T08:10:00Z	1748851800	32.162937119675455	NA
64.1	2025-06-02T08:20:00Z	1748852400	32.162937119675455	NA
64.1	2025-06-02T08:30:00Z	1748853000	32.162937119675455	NA
64.1	2025-06-02T08:40:00Z	1748853600	31.654170385395542	NA
64.1	2025-06-02T08:50:00Z	1748854200	31.654170385395542	NA
64.1	2025-06-02T09:00:00Z	1748854800	31.654170385395542	NA
64.1	2025-06-02T09:10:00Z	1748855400	31.654170385395542	NA
64.1	2025-06-02T09:20:00Z	1748856000	31.654170385395542	NA
64.1	2025-06-02T09:30:00Z	1748856600	31.145403651115622	NA
64.1	2025-06-02T09:40:00Z	1748857200	31.145403651115622	NA
64.1	2025-06-02T09:50:00Z	1748857800	31.145403651115622	NA
64.1	2025-06-02T10:00:00Z	1748858400	31.145403651115622	NA
64.1	2025-06-02T10:10:00Z	1748859000	30.636636916835702	NA
64.1	2025-06-02T10:20:00Z	1748859600	30.636636916835702	NA
64.1	2025-06-02T10:30:00Z	1748860200	30.636636916835702	NA
64.1	2025-06-02T10:40:00Z	1748860800	30.636636916835702	NA
64.1	2025-06-02T10:50:00Z	1748861400	30.636636916835702	NA
64.1	2025-06-02T11:00:00Z	1748862000	31.145403651115622	NA
64.1	2025-06-02T11:10:00Z	1748862600	33.1804705882353	NA
64.1	2025-06-02T11:20:00Z	1748863200	33.1804705882353	NA
64.1	2025-06-02T11:30:00Z	1748863800	33.1804705882353	NA
64.1	2025-06-02T11:40:00Z	1748864400	33.1804705882353	NA
64.1	2025-06-02T11:50:00Z	1748865000	33.1804705882353	NA
64.1	2025-06-02T12:00:00Z	1748865600	32.67170385395538	NA
64.1	2025-06-02T12:10:00Z	1748866200	32.67170385395538	NA
64.1	2025-06-02T12:20:00Z	1748866800	31.654170385395542	NA
64.1	2025-06-02T12:30:00Z	1748867400	31.654170385395542	NA
64.1	2025-06-02T12:40:00Z	1748868000	31.145403651115622	NA
64.1	2025-06-02T12:50:00Z	1748868600	31.145403651115622	NA
64.1	2025-06-02T13:00:00Z	1748869200	31.654170385395542	NA
64.1	2025-06-02T13:10:00Z	1748869800	31.145403651115622	NA
64.1	2025-06-02T13:20:00Z	1748870400	31.145403651115622	NA
64.1	2025-06-02T13:30:00Z	1748871000	31.145403651115622	NA
64.1	2025-06-02T13:40:00Z	1748871600	31.145403651115622	NA
64.1	2025-06-02T13:50:00Z	1748872200	30.636636916835702	NA
64.1	2025-06-02T14:00:00Z	1748872800	30.636636916835702	NA
64.1	2025-06-02T14:10:00Z	1748873400	30.636636916835702	NA
64.1	2025-06-02T14:20:00Z	1748874000	30.636636916835702	NA
64.1	2025-06-02T14:30:00Z	1748874600	30.636636916835702	NA
64.1	2025-06-02T14:40:00Z	1748875200	30.636636916835702	NA
64.1	2025-06-02T14:50:00Z	1748875800	30.636636916835702	NA
64.1	2025-06-02T15:00:00Z	1748876400	33.1804705882353	NA
64.1	2025-06-02T15:10:00Z	1748877000	34.70677079107505	NA
64.1	2025-06-02T15:20:00Z	1748877600	34.198004056795135	NA
64.1	2025-06-02T15:30:00Z	1748878200	34.70677079107505	NA
64.1	2025-06-02T15:40:00Z	1748878800	33.1804705882353	NA
64.1	2025-06-02T15:50:00Z	1748879400	32.162937119675455	NA
64.1	2025-06-02T16:00:00Z	1748880000	31.654170385395542	NA
64.1	2025-06-02T16:10:00Z	1748880600	31.145403651115622	NA
64.1	2025-06-02T16:20:00Z	1748881200	32.162937119675455	NA
64.1	2025-06-02T16:30:00Z	1748881800	32.162937119675455	NA
64.1	2025-06-02T16:40:00Z	1748882400	35.215537525354975	NA
64.1	2025-06-02T16:50:00Z	1748883000	34.70677079107505	NA
64.1	2025-06-02T17:00:00Z	1748883600	34.70677079107505	NA
64.1	2025-06-02T17:10:00Z	1748884200	34.198004056795135	NA
64.1	2025-06-02T17:20:00Z	1748884800	33.68923732251521	NA
64.1	2025-06-02T17:30:00Z	1748885400	33.1804705882353	NA
64.1	2025-06-02T17:40:00Z	1748886000	33.1804705882353	NA
64.1	2025-06-02T17:50:00Z	1748886600	33.1804705882353	NA
64.1	2025-06-02T18:00:00Z	1748887200	34.198004056795135	NA
64.1	2025-06-02T18:10:00Z	1748887800	34.198004056795135	NA
64.1	2025-06-02T18:20:00Z	1748888400	33.68923732251521	NA
64.1	2025-06-02T18:30:00Z	1748889000	33.1804705882353	NA
64.1	2025-06-02T18:40:00Z	1748889600	32.67170385395538	NA
64.1	2025-06-02T18:50:00Z	1748890200	33.1804705882353	NA
64.1	2025-06-02T19:00:00Z	1748890800	34.198004056795135	NA
64.1	2025-06-02T19:10:00Z	1748891400	33.68923732251521	NA
64.1	2025-06-02T19:20:00Z	1748892000	34.198004056795135	NA
64.1	2025-06-02T19:30:00Z	1748892600	36.74183772819473	NA
64.1	2025-06-02T19:40:00Z	1748893200	36.23307099391481	NA
64.1	2025-06-02T19:50:00Z	1748893800	33.68923732251521	NA
64.1	2025-06-02T20:00:00Z	1748894400	34.70677079107505	NA
64.1	2025-06-02T20:10:00Z	1748895000	34.70677079107505	NA
64.1	2025-06-02T20:20:00Z	1748895600	35.215537525354975	NA
64.1	2025-06-02T20:30:00Z	1748896200	36.23307099391481	NA
64.1	2025-06-02T20:40:00Z	1748896800	35.724304259634884	NA
64.1	2025-06-02T20:50:00Z	1748897400	34.70677079107505	NA
64.1	2025-06-02T21:00:00Z	1748898000	34.70677079107505	NA
64.1	2025-06-02T21:10:00Z	1748898600	36.23307099391481	NA
64.1	2025-06-02T21:20:00Z	1748899200	36.23307099391481	NA
64.1	2025-06-02T21:30:00Z	1748899800	37.25060446247465	NA
64.1	2025-06-02T21:40:00Z	1748900400	36.74183772819473	NA
64.1	2025-06-02T21:50:00Z	1748901000	35.724304259634884	NA
64.1	2025-06-02T22:00:00Z	1748901600	36.74183772819473	NA
64.1	2025-06-02T22:10:00Z	1748902200	36.74183772819473	NA
64.1	2025-06-02T22:20:00Z	1748902800	36.23307099391481	NA
64.1	2025-06-02T22:30:00Z	1748903400	34.198004056795135	NA
64.1	2025-06-02T22:40:00Z	1748904000	36.23307099391481	NA
64.1	2025-06-02T22:50:00Z	1748904600	36.74183772819473	NA
64.1	2025-06-02T23:00:00Z	1748905200	35.724304259634884	NA
64.1	2025-06-02T23:10:00Z	1748905800	36.23307099391481	NA
64.1	2025-06-02T23:20:00Z	1748906400	36.23307099391481	NA
64.1	2025-06-02T23:30:00Z	1748907000	35.215537525354975	NA
64.1	2025-06-02T23:40:00Z	1748907600	36.23307099391481	NA
64.1	2025-06-02T23:50:00Z	1748908200	36.23307099391481	NA
64.1	2025-06-03T00:00:00Z	1748908800	35.724304259634884	NA
64.1	2025-06-03T00:10:00Z	1748909400	34.198004056795135	NA
64.1	2025-06-03T00:20:00Z	1748910000	33.68923732251521	NA
64.1	2025-06-03T00:30:00Z	1748910600	34.70677079107505	NA
64.1	2025-06-03T00:40:00Z	1748911200	34.70677079107505	NA
64.1	2025-06-03T00:50:00Z	1748911800	35.215537525354975	NA
64.1	2025-06-03T01:00:00Z	1748912400	35.215537525354975	NA
64.1	2025-06-03T01:10:00Z	1748913000	34.70677079107505	NA
64.1	2025-06-03T01:20:00Z	1748913600	35.215537525354975	NA
64.1	2025-06-03T01:30:00Z	1748914200	35.724304259634884	NA
64.1	2025-06-03T01:40:00Z	1748914800	32.67170385395538	NA
64.1	2025-06-03T01:50:00Z	1748915400	36.23307099391481	NA
64.1	2025-06-03T02:00:00Z	1748916000	36.23307099391481	NA
64.1	2025-06-03T02:10:00Z	1748916600	36.23307099391481	NA
64.1	2025-06-03T02:20:00Z	1748917200	35.724304259634884	NA
64.1	2025-06-03T02:30:00Z	1748917800	35.724304259634884	NA
64.1	2025-06-03T02:40:00Z	1748918400	35.724304259634884	NA
64.1	2025-06-03T02:50:00Z	1748919000	35.215537525354975	NA
64.1	2025-06-03T03:00:00Z	1748919600	35.724304259634884	NA
64.1	2025-06-03T03:10:00Z	1748920200	35.215537525354975	NA
64.1	2025-06-03T03:20:00Z	1748920800	33.68923732251521	NA
64.1	2025-06-03T03:30:00Z	1748921400	33.68923732251521	NA
64.1	2025-06-03T03:40:00Z	1748922000	33.1804705882353	NA
64.1	2025-06-03T03:50:00Z	1748922600	34.198004056795135	NA
64.1	2025-06-03T04:00:00Z	1748923200	33.1804705882353	NA
64.1	2025-06-03T04:10:00Z	1748923800	33.68923732251521	NA
64.1	2025-06-03T04:20:00Z	1748924400	33.68923732251521	NA
64.1	2025-06-03T04:30:00Z	1748925000	34.70677079107505	NA
64.1	2025-06-03T04:40:00Z	1748925600	34.70677079107505	NA
64.1	2025-06-03T04:50:00Z	1748926200	33.68923732251521	NA
64.1	2025-06-03T05:00:00Z	1748926800	33.1804705882353	NA
64.1	2025-06-03T05:10:00Z	1748927400	33.1804705882353	NA
64.1	2025-06-03T05:20:00Z	1748928000	31.654170385395542	NA
64.1	2025-06-03T05:30:00Z	1748928600	32.162937119675455	NA
64.1	2025-06-03T05:40:00Z	1748929200	34.70677079107505	NA
64.1	2025-06-03T05:50:00Z	1748929800	34.198004056795135	NA
64.1	2025-06-03T06:00:00Z	1748930400	35.215537525354975	NA
64.1	2025-06-03T06:10:00Z	1748931000	34.70677079107505	NA
64.1	2025-06-03T06:20:00Z	1748931600	34.70677079107505	NA
64.1	2025-06-03T06:30:00Z	1748932200	34.198004056795135	NA
64.1	2025-06-03T06:40:00Z	1748932800	34.198004056795135	NA
64.1	2025-06-03T06:50:00Z	1748933400	33.68923732251521	NA
64.1	2025-06-03T07:00:00Z	1748934000	33.1804705882353	NA
64.1	2025-06-03T07:10:00Z	1748934600	33.1804705882353	NA
64.1	2025-06-03T07:20:00Z	1748935200	32.67170385395538	NA
64.1	2025-06-03T07:30:00Z	1748935800	32.162937119675455	NA
64.1	2025-06-03T07:40:00Z	1748936400	32.162937119675455	NA
64.1	2025-06-03T07:50:00Z	1748937000	31.654170385395542	NA
64.1	2025-06-03T08:00:00Z	1748937600	31.145403651115622	NA
64.1	2025-06-03T08:10:00Z	1748938200	31.145403651115622	NA
64.1	2025-06-03T08:20:00Z	1748938800	30.636636916835702	NA
64.1	2025-06-03T08:30:00Z	1748939400	30.636636916835702	NA
64.1	2025-06-03T08:40:00Z	1748940000	30.636636916835702	NA
64.1	2025-06-03T08:50:00Z	1748940600	30.636636916835702	NA
64.1	2025-06-03T09:00:00Z	1748941200	30.636636916835702	NA
64.1	2025-06-03T09:10:00Z	1748941800	30.636636916835702	NA
64.1	2025-06-03T09:20:00Z	1748942400	30.127870182555785	NA
64.1	2025-06-03T09:30:00Z	1748943000	30.127870182555785	NA
64.1	2025-06-03T09:40:00Z	1748943600	30.127870182555785	NA
64.1	2025-06-03T09:50:00Z	1748944200	30.636636916835702	NA
64.1	2025-06-03T10:00:00Z	1748944800	30.636636916835702	NA
64.1	2025-06-03T10:10:00Z	1748945400	30.636636916835702	NA
64.1	2025-06-03T10:20:00Z	1748946000	30.636636916835702	NA
64.1	2025-06-03T10:30:00Z	1748946600	30.636636916835702	NA
64.1	2025-06-03T10:40:00Z	1748947200	31.145403651115622	NA
64.1	2025-06-03T10:50:00Z	1748947800	31.145403651115622	NA
64.1	2025-06-03T11:00:00Z	1748948400	31.654170385395542	NA
64.1	2025-06-03T11:10:00Z	1748949000	31.654170385395542	NA
64.1	2025-06-03T11:20:00Z	1748949600	32.162937119675455	NA
64.1	2025-06-03T11:30:00Z	1748950200	32.162937119675455	NA
64.1	2025-06-03T11:40:00Z	1748950800	32.162937119675455	NA
64.1	2025-06-03T11:50:00Z	1748951400	32.67170385395538	NA
64.1	2025-06-03T12:00:00Z	1748952000	32.67170385395538	NA
64.1	2025-06-03T12:10:00Z	1748952600	32.67170385395538	NA
64.1	2025-06-03T12:20:00Z	1748953200	33.1804705882353	NA
64.1	2025-06-03T12:30:00Z	1748953800	33.1804705882353	NA
64.1	2025-06-03T12:40:00Z	1748954400	33.68923732251521	NA
64.1	2025-06-03T12:50:00Z	1748955000	33.68923732251521	NA
64.1	2025-06-03T13:00:00Z	1748955600	34.198004056795135	NA
64.1	2025-06-03T13:10:00Z	1748956200	34.198004056795135	NA
64.1	2025-06-03T13:20:00Z	1748956800	34.198004056795135	NA
64.1	2025-06-03T13:30:00Z	1748957400	34.198004056795135	NA
64.1	2025-06-03T13:40:00Z	1748958000	34.198004056795135	NA
64.1	2025-06-03T13:50:00Z	1748958600	33.68923732251521	NA
64.1	2025-06-03T14:00:00Z	1748959200	34.70677079107505	NA
64.1	2025-06-03T14:10:00Z	1748959800	34.198004056795135	NA
64.1	2025-06-03T14:20:00Z	1748960400	33.68923732251521	NA
64.1	2025-06-03T14:30:00Z	1748961000	33.68923732251521	NA
64.1	2025-06-03T14:40:00Z	1748961600	33.68923732251521	NA
64.1	2025-06-03T14:50:00Z	1748962200	33.1804705882353	NA
64.1	2025-06-03T15:00:00Z	1748962800	33.1804705882353	NA
64.1	2025-06-03T15:10:00Z	1748963400	32.67170385395538	NA
64.1	2025-06-03T15:20:00Z	1748964000	32.67170385395538	NA
64.1	2025-06-03T15:30:00Z	1748964600	32.67170385395538	NA
64.1	2025-06-03T15:40:00Z	1748965200	32.67170385395538	NA
64.1	2025-06-03T15:50:00Z	1748965800	32.162937119675455	NA
64.1	2025-06-03T16:00:00Z	1748966400	31.654170385395542	NA
64.1	2025-06-03T16:10:00Z	1748967000	31.654170385395542	NA
64.1	2025-06-03T16:20:00Z	1748967600	31.145403651115622	NA
64.1	2025-06-03T16:30:00Z	1748968200	30.636636916835702	NA
64.1	2025-06-03T16:40:00Z	1748968800	30.636636916835702	NA
64.1	2025-06-03T16:50:00Z	1748969400	30.127870182555785	NA
64.1	2025-06-03T17:00:00Z	1748970000	30.127870182555785	NA
64.1	2025-06-03T17:10:00Z	1748970600	30.127870182555785	NA
64.1	2025-06-03T17:20:00Z	1748971200	29.619103448275865	NA
64.1	2025-06-03T17:30:00Z	1748971800	29.619103448275865	NA
64.1	2025-06-03T17:40:00Z	1748972400	29.619103448275865	NA
64.1	2025-06-03T17:50:00Z	1748973000	29.11033671399595	NA
64.1	2025-06-03T18:00:00Z	1748973600	29.11033671399595	NA
64.1	2025-06-03T18:10:00Z	1748974200	29.11033671399595	NA
64.1	2025-06-03T18:20:00Z	1748974800	29.11033671399595	NA
64.1	2025-06-03T18:30:00Z	1748975400	29.11033671399595	NA
64.1	2025-06-03T18:40:00Z	1748976000	29.11033671399595	NA
64.1	2025-06-03T18:50:00Z	1748976600	29.11033671399595	NA
64.1	2025-06-03T19:00:00Z	1748977200	29.11033671399595	NA
64.1	2025-06-03T19:10:00Z	1748977800	29.11033671399595	NA
64.1	2025-06-03T19:20:00Z	1748978400	29.619103448275865	NA
64.1	2025-06-03T19:30:00Z	1748979000	32.162937119675455	NA
64.1	2025-06-03T19:40:00Z	1748979600	33.1804705882353	NA
64.1	2025-06-03T19:50:00Z	1748980200	35.215537525354975	NA
64.1	2025-06-03T20:00:00Z	1748980800	33.68923732251521	NA
64.1	2025-06-03T20:10:00Z	1748981400	35.724304259634884	NA
64.1	2025-06-03T20:20:00Z	1748982000	37.25060446247465	NA
64.1	2025-06-03T20:30:00Z	1748982600	36.74183772819473	NA
64.1	2025-06-03T20:40:00Z	1748983200	36.23307099391481	NA
64.1	2025-06-03T20:50:00Z	1748983800	36.23307099391481	NA
64.1	2025-06-03T21:00:00Z	1748984400	36.74183772819473	NA
64.1	2025-06-03T21:10:00Z	1748985000	35.724304259634884	NA
64.1	2025-06-03T21:20:00Z	1748985600	36.74183772819473	NA
64.1	2025-06-03T21:30:00Z	1748986200	37.759371196754564	NA
64.1	2025-06-03T21:40:00Z	1748986800	37.25060446247465	NA
64.1	2025-06-03T21:50:00Z	1748987400	37.25060446247465	NA
64.1	2025-06-03T22:00:00Z	1748988000	37.25060446247465	NA
64.1	2025-06-03T22:10:00Z	1748988600	36.23307099391481	NA
64.1	2025-06-03T22:20:00Z	1748989200	36.23307099391481	NA
64.1	2025-06-03T22:30:00Z	1748989800	37.25060446247465	NA
64.1	2025-06-03T22:40:00Z	1748990400	37.25060446247465	NA
64.1	2025-06-03T22:50:00Z	1748991000	37.759371196754564	NA
64.1	2025-06-03T23:00:00Z	1748991600	37.25060446247465	NA
64.1	2025-06-03T23:10:00Z	1748992200	37.25060446247465	NA
64.1	2025-06-03T23:20:00Z	1748992800	35.724304259634884	NA
64.1	2025-06-03T23:30:00Z	1748993400	36.23307099391481	NA
64.1	2025-06-03T23:40:00Z	1748994000	36.23307099391481	NA
64.1	2025-06-03T23:50:00Z	1748994600	33.1804705882353	NA
64.1	2025-06-04T00:00:00Z	1748995200	36.23307099391481	NA
64.1	2025-06-04T00:10:00Z	1748995800	36.23307099391481	NA
64.1	2025-06-04T00:20:00Z	1748996400	36.23307099391481	NA
64.1	2025-06-04T00:30:00Z	1748997000	35.724304259634884	NA
64.1	2025-06-04T00:40:00Z	1748997600	36.23307099391481	NA
64.1	2025-06-04T00:50:00Z	1748998200	35.724304259634884	NA
64.1	2025-06-04T01:00:00Z	1748998800	35.215537525354975	NA
64.1	2025-06-04T01:10:00Z	1748999400	35.724304259634884	NA
64.1	2025-06-04T01:30:00Z	1749000600	35.215537525354975	NA
64.1	2025-06-04T01:40:00Z	1749001200	35.215537525354975	NA
64.1	2025-06-04T01:50:00Z	1749001800	35.724304259634884	NA
64.1	2025-06-04T02:00:00Z	1749002400	36.23307099391481	NA
64.1	2025-06-04T02:10:00Z	1749003000	36.74183772819473	NA
64.1	2025-06-04T02:20:00Z	1749003600	36.23307099391481	NA
64.1	2025-06-04T02:30:00Z	1749004200	35.724304259634884	NA
64.1	2025-06-04T02:40:00Z	1749004800	35.724304259634884	NA
64.1	2025-06-04T02:50:00Z	1749005400	35.215537525354975	NA
64.1	2025-06-04T03:00:00Z	1749006000	35.215537525354975	NA
64.1	2025-06-04T03:10:00Z	1749006600	35.215537525354975	NA
64.1	2025-06-04T03:20:00Z	1749007200	35.724304259634884	NA
64.1	2025-06-04T03:30:00Z	1749007800	34.70677079107505	NA
64.1	2025-06-04T03:40:00Z	1749008400	35.215537525354975	NA
64.1	2025-06-04T03:50:00Z	1749009000	35.215537525354975	NA
64.1	2025-06-04T04:00:00Z	1749009600	33.68923732251521	NA
64.1	2025-06-04T04:10:00Z	1749010200	33.1804705882353	NA
64.1	2025-06-04T04:20:00Z	1749010800	33.1804705882353	NA
64.1	2025-06-04T04:30:00Z	1749011400	32.67170385395538	NA
64.1	2025-06-04T04:40:00Z	1749012000	32.67170385395538	NA
64.1	2025-06-04T04:50:00Z	1749012600	33.68923732251521	NA
64.1	2025-06-04T05:00:00Z	1749013200	35.724304259634884	NA
64.1	2025-06-04T05:10:00Z	1749013800	35.215537525354975	NA
64.1	2025-06-04T05:20:00Z	1749014400	35.215537525354975	NA
64.1	2025-06-04T05:30:00Z	1749015000	34.70677079107505	NA
64.1	2025-06-04T05:40:00Z	1749015600	34.70677079107505	NA
64.1	2025-06-04T05:50:00Z	1749016200	34.198004056795135	NA
64.1	2025-06-04T06:00:00Z	1749016800	34.198004056795135	NA
64.1	2025-06-04T06:10:00Z	1749017400	34.198004056795135	NA
64.1	2025-06-04T06:20:00Z	1749018000	33.68923732251521	NA
64.1	2025-06-04T06:30:00Z	1749018600	33.1804705882353	NA
64.1	2025-06-04T06:40:00Z	1749019200	33.1804705882353	NA
64.1	2025-06-04T06:50:00Z	1749019800	32.67170385395538	NA
64.1	2025-06-04T07:00:00Z	1749020400	32.162937119675455	NA
64.1	2025-06-04T07:10:00Z	1749021000	31.654170385395542	NA
64.1	2025-06-04T07:20:00Z	1749021600	31.654170385395542	NA
64.1	2025-06-04T07:30:00Z	1749022200	31.145403651115622	NA
64.1	2025-06-04T07:40:00Z	1749022800	31.145403651115622	NA
64.1	2025-06-04T07:50:00Z	1749023400	30.636636916835702	NA
64.1	2025-06-04T08:00:00Z	1749024000	30.636636916835702	NA
64.1	2025-06-04T08:10:00Z	1749024600	30.127870182555785	NA
64.1	2025-06-04T08:20:00Z	1749025200	29.619103448275865	NA
64.1	2025-06-04T08:30:00Z	1749025800	29.619103448275865	NA
64.1	2025-06-04T08:40:00Z	1749026400	29.11033671399595	NA
64.1	2025-06-04T08:50:00Z	1749027000	29.11033671399595	NA
64.1	2025-06-04T09:00:00Z	1749027600	29.11033671399595	NA
64.1	2025-06-04T09:10:00Z	1749028200	28.60156997971603	NA
64.1	2025-06-04T09:20:00Z	1749028800	28.60156997971603	NA
64.1	2025-06-04T09:30:00Z	1749029400	28.60156997971603	NA
64.1	2025-06-04T09:40:00Z	1749030000	28.60156997971603	NA
64.1	2025-06-04T09:50:00Z	1749030600	28.60156997971603	NA
64.1	2025-06-04T10:00:00Z	1749031200	28.60156997971603	NA
64.1	2025-06-04T10:10:00Z	1749031800	28.60156997971603	NA
64.1	2025-06-04T10:20:00Z	1749032400	28.60156997971603	NA
64.1	2025-06-04T10:30:00Z	1749033000	29.11033671399595	NA
64.1	2025-06-04T10:40:00Z	1749033600	29.11033671399595	NA
64.1	2025-06-04T10:50:00Z	1749034200	29.11033671399595	NA
64.1	2025-06-04T11:00:00Z	1749034800	29.619103448275865	NA
64.1	2025-06-04T11:10:00Z	1749035400	30.127870182555785	NA
64.1	2025-06-04T11:20:00Z	1749036000	30.127870182555785	NA
64.1	2025-06-04T11:30:00Z	1749036600	30.636636916835702	NA
64.1	2025-06-04T11:40:00Z	1749037200	30.636636916835702	NA
64.1	2025-06-04T11:50:00Z	1749037800	30.636636916835702	NA
64.1	2025-06-04T12:00:00Z	1749038400	30.636636916835702	NA
64.1	2025-06-04T12:10:00Z	1749039000	30.636636916835702	NA
64.1	2025-06-04T12:20:00Z	1749039600	30.636636916835702	NA
64.1	2025-06-04T12:30:00Z	1749040200	31.145403651115622	NA
64.1	2025-06-04T12:40:00Z	1749040800	31.145403651115622	NA
64.1	2025-06-04T12:50:00Z	1749041400	31.145403651115622	NA
64.1	2025-06-04T13:00:00Z	1749042000	31.654170385395542	NA
64.1	2025-06-04T13:10:00Z	1749042600	31.654170385395542	NA
64.1	2025-06-04T13:20:00Z	1749043200	31.654170385395542	NA
64.1	2025-06-04T13:30:00Z	1749043800	32.162937119675455	NA
64.1	2025-06-04T13:40:00Z	1749044400	32.162937119675455	NA
64.1	2025-06-04T13:50:00Z	1749045000	32.67170385395538	NA
64.1	2025-06-04T14:00:00Z	1749045600	33.68923732251521	NA
64.1	2025-06-04T14:10:00Z	1749046200	33.1804705882353	NA
64.1	2025-06-04T14:20:00Z	1749046800	34.198004056795135	NA
64.1	2025-06-04T14:30:00Z	1749047400	36.23307099391481	NA
64.1	2025-06-04T14:40:00Z	1749048000	35.724304259634884	NA
64.1	2025-06-04T14:50:00Z	1749048600	35.215537525354975	NA
64.1	2025-06-04T15:00:00Z	1749049200	34.70677079107505	NA
64.1	2025-06-04T15:10:00Z	1749049800	34.198004056795135	NA
64.1	2025-06-04T15:20:00Z	1749050400	34.70677079107505	NA
64.1	2025-06-04T15:30:00Z	1749051000	34.198004056795135	NA
64.1	2025-06-04T15:40:00Z	1749051600	33.68923732251521	NA
64.1	2025-06-04T15:50:00Z	1749052200	33.68923732251521	NA
64.1	2025-06-04T16:00:00Z	1749052800	33.68923732251521	NA
64.1	2025-06-04T16:10:00Z	1749053400	33.68923732251521	NA
64.1	2025-06-04T16:20:00Z	1749054000	33.1804705882353	NA
64.1	2025-06-04T16:30:00Z	1749054600	33.68923732251521	NA
64.1	2025-06-04T16:40:00Z	1749055200	33.68923732251521	NA
64.1	2025-06-04T16:50:00Z	1749055800	35.724304259634884	NA
64.1	2025-06-04T17:00:00Z	1749056400	35.724304259634884	NA
64.1	2025-06-04T17:10:00Z	1749057000	35.724304259634884	NA
64.1	2025-06-04T17:20:00Z	1749057600	35.724304259634884	NA
64.1	2025-06-04T17:30:00Z	1749058200	33.68923732251521	NA
64.1	2025-06-04T17:40:00Z	1749058800	34.198004056795135	NA
64.1	2025-06-04T17:50:00Z	1749059400	34.198004056795135	NA
64.1	2025-06-04T18:00:00Z	1749060000	33.68923732251521	NA
64.1	2025-06-04T18:10:00Z	1749060600	34.70677079107505	NA
64.1	2025-06-04T18:20:00Z	1749061200	35.724304259634884	NA
64.1	2025-06-04T18:30:00Z	1749061800	36.23307099391481	NA
64.1	2025-06-04T18:40:00Z	1749062400	36.23307099391481	NA
64.1	2025-06-04T18:50:00Z	1749063000	35.724304259634884	NA
64.1	2025-06-04T19:00:00Z	1749063600	35.724304259634884	NA
64.1	2025-06-04T19:10:00Z	1749064200	35.724304259634884	NA
64.1	2025-06-04T19:20:00Z	1749064800	36.23307099391481	NA
64.1	2025-06-04T19:30:00Z	1749065400	36.74183772819473	NA
64.1	2025-06-04T19:40:00Z	1749066000	37.25060446247465	NA
64.1	2025-06-04T19:50:00Z	1749066600	37.759371196754564	NA
64.1	2025-06-04T20:00:00Z	1749067200	36.23307099391481	NA
64.1	2025-06-04T20:10:00Z	1749067800	35.724304259634884	NA
64.1	2025-06-04T20:20:00Z	1749068400	36.74183772819473	NA
64.1	2025-06-04T20:30:00Z	1749069000	34.70677079107505	NA
64.1	2025-06-04T20:40:00Z	1749069600	36.23307099391481	NA
64.1	2025-06-04T20:50:00Z	1749070200	35.215537525354975	NA
64.1	2025-06-04T21:00:00Z	1749070800	35.215537525354975	NA
64.1	2025-06-04T21:10:00Z	1749071400	35.724304259634884	NA
64.1	2025-06-04T21:20:00Z	1749072000	36.74183772819473	NA
64.1	2025-06-04T21:30:00Z	1749072600	37.759371196754564	NA
64.1	2025-06-04T21:40:00Z	1749073200	36.74183772819473	NA
64.1	2025-06-04T21:50:00Z	1749073800	36.74183772819473	NA
64.1	2025-06-04T22:00:00Z	1749074400	35.724304259634884	NA
64.1	2025-06-04T22:10:00Z	1749075000	36.23307099391481	NA
64.1	2025-06-04T22:20:00Z	1749075600	36.23307099391481	NA
64.1	2025-06-04T22:30:00Z	1749076200	35.215537525354975	NA
64.1	2025-06-04T22:40:00Z	1749076800	34.70677079107505	NA
64.1	2025-06-04T22:50:00Z	1749077400	36.23307099391481	NA
64.1	2025-06-04T23:00:00Z	1749078000	37.25060446247465	NA
64.1	2025-06-04T23:10:00Z	1749078600	36.74183772819473	NA
64.1	2025-06-04T23:20:00Z	1749079200	36.74183772819473	NA
64.1	2025-06-04T23:30:00Z	1749079800	37.25060446247465	NA
64.1	2025-06-04T23:40:00Z	1749080400	37.25060446247465	NA
64.1	2025-06-04T23:50:00Z	1749081000	36.74183772819473	NA
64.1	2025-06-05T00:00:00Z	1749081600	36.23307099391481	NA
64.1	2025-06-05T00:10:00Z	1749082200	35.215537525354975	NA
64.1	2025-06-05T00:20:00Z	1749082800	35.215537525354975	NA
64.1	2025-06-05T00:30:00Z	1749083400	35.724304259634884	NA
64.1	2025-06-05T00:40:00Z	1749084000	35.724304259634884	NA
64.1	2025-06-05T00:50:00Z	1749084600	36.74183772819473	NA
64.1	2025-06-05T01:00:00Z	1749085200	35.215537525354975	NA
64.1	2025-06-05T01:10:00Z	1749085800	35.215537525354975	NA
64.1	2025-06-05T01:20:00Z	1749086400	34.70677079107505	NA
64.1	2025-06-05T01:30:00Z	1749087000	34.70677079107505	NA
64.1	2025-06-05T01:40:00Z	1749087600	33.68923732251521	NA
64.1	2025-06-05T01:50:00Z	1749088200	33.68923732251521	NA
64.1	2025-06-05T02:00:00Z	1749088800	33.1804705882353	NA
64.1	2025-06-05T02:10:00Z	1749089400	33.1804705882353	NA
64.1	2025-06-05T02:20:00Z	1749090000	32.67170385395538	NA
64.1	2025-06-05T02:30:00Z	1749090600	33.1804705882353	NA
64.1	2025-06-05T02:40:00Z	1749091200	33.1804705882353	NA
64.1	2025-06-05T02:50:00Z	1749091800	33.1804705882353	NA
64.1	2025-06-05T03:00:00Z	1749092400	32.67170385395538	NA
64.1	2025-06-05T03:10:00Z	1749093000	33.1804705882353	NA
64.1	2025-06-05T03:20:00Z	1749093600	32.67170385395538	NA
64.1	2025-06-05T03:30:00Z	1749094200	32.162937119675455	NA
64.1	2025-06-05T03:40:00Z	1749094800	32.162937119675455	NA
64.1	2025-06-05T03:50:00Z	1749095400	31.654170385395542	NA
64.1	2025-06-05T04:00:00Z	1749096000	32.67170385395538	NA
64.1	2025-06-05T04:10:00Z	1749096600	32.162937119675455	NA
64.1	2025-06-05T04:20:00Z	1749097200	31.145403651115622	NA
64.1	2025-06-05T04:30:00Z	1749097800	32.67170385395538	NA
64.1	2025-06-05T04:40:00Z	1749098400	34.70677079107505	NA
64.1	2025-06-05T04:50:00Z	1749099000	34.70677079107505	NA
64.1	2025-06-05T05:00:00Z	1749099600	36.74183772819473	NA
64.1	2025-06-05T05:10:00Z	1749100200	37.759371196754564	NA
64.1	2025-06-05T05:20:00Z	1749100800	37.25060446247465	NA
64.1	2025-06-05T05:30:00Z	1749101400	37.25060446247465	NA
64.1	2025-06-05T05:40:00Z	1749102000	36.74183772819473	NA
64.1	2025-06-05T05:50:00Z	1749102600	36.23307099391481	NA
64.1	2025-06-05T06:00:00Z	1749103200	36.23307099391481	NA
64.1	2025-06-05T06:10:00Z	1749103800	36.23307099391481	NA
64.1	2025-06-05T06:20:00Z	1749104400	36.23307099391481	NA
64.1	2025-06-05T06:30:00Z	1749105000	36.23307099391481	NA
64.1	2025-06-05T06:40:00Z	1749105600	36.23307099391481	NA
64.1	2025-06-05T06:50:00Z	1749106200	35.724304259634884	NA
64.1	2025-06-05T07:00:00Z	1749106800	35.724304259634884	NA
64.1	2025-06-05T07:10:00Z	1749107400	36.23307099391481	NA
64.1	2025-06-05T07:20:00Z	1749108000	35.724304259634884	NA
64.1	2025-06-05T07:30:00Z	1749108600	35.724304259634884	NA
64.1	2025-06-05T07:40:00Z	1749109200	35.724304259634884	NA
64.1	2025-06-05T07:50:00Z	1749109800	35.215537525354975	NA
64.1	2025-06-05T08:00:00Z	1749110400	34.70677079107505	NA
64.1	2025-06-05T08:10:00Z	1749111000	34.70677079107505	NA
64.1	2025-06-05T08:20:00Z	1749111600	34.70677079107505	NA
64.1	2025-06-05T08:30:00Z	1749112200	34.70677079107505	NA
64.1	2025-06-05T08:40:00Z	1749112800	34.70677079107505	NA
64.1	2025-06-05T08:50:00Z	1749113400	34.70677079107505	NA
64.1	2025-06-05T09:00:00Z	1749114000	34.198004056795135	NA
64.1	2025-06-05T09:10:00Z	1749114600	33.1804705882353	NA
64.1	2025-06-05T09:20:00Z	1749115200	34.198004056795135	NA
64.1	2025-06-05T09:30:00Z	1749115800	32.67170385395538	NA
64.1	2025-06-05T09:40:00Z	1749116400	33.1804705882353	NA
64.1	2025-06-05T09:50:00Z	1749117000	32.67170385395538	NA
64.1	2025-06-05T10:00:00Z	1749117600	32.67170385395538	NA
64.1	2025-06-05T10:10:00Z	1749118200	33.68923732251521	NA
64.1	2025-06-05T10:20:00Z	1749118800	34.198004056795135	NA
64.1	2025-06-05T10:30:00Z	1749119400	34.70677079107505	NA
64.1	2025-06-05T10:40:00Z	1749120000	34.198004056795135	NA
64.1	2025-06-05T10:50:00Z	1749120600	33.1804705882353	NA
64.1	2025-06-05T11:00:00Z	1749121200	33.1804705882353	NA
64.1	2025-06-05T11:10:00Z	1749121800	33.1804705882353	NA
64.1	2025-06-05T11:20:00Z	1749122400	33.1804705882353	NA
64.1	2025-06-05T11:30:00Z	1749123000	33.1804705882353	NA
64.1	2025-06-05T11:40:00Z	1749123600	33.1804705882353	NA
64.1	2025-06-05T11:50:00Z	1749124200	33.1804705882353	NA
64.1	2025-06-05T12:00:00Z	1749124800	33.1804705882353	NA
64.1	2025-06-05T12:10:00Z	1749125400	33.68923732251521	NA
64.1	2025-06-05T12:20:00Z	1749126000	33.1804705882353	NA
64.1	2025-06-05T12:30:00Z	1749126600	33.1804705882353	NA
64.1	2025-06-05T12:40:00Z	1749127200	33.1804705882353	NA
64.1	2025-06-05T12:50:00Z	1749127800	33.68923732251521	NA
64.1	2025-06-05T13:00:00Z	1749128400	33.1804705882353	NA
64.1	2025-06-05T13:10:00Z	1749129000	33.68923732251521	NA
64.1	2025-06-05T13:20:00Z	1749129600	33.68923732251521	NA
64.1	2025-06-05T13:30:00Z	1749130200	33.68923732251521	NA
64.1	2025-06-05T13:40:00Z	1749130800	33.68923732251521	NA
64.1	2025-06-05T13:50:00Z	1749131400	33.68923732251521	NA
64.1	2025-06-05T14:00:00Z	1749132000	33.68923732251521	NA
64.1	2025-06-05T14:10:00Z	1749132600	33.1804705882353	NA
64.1	2025-06-05T14:20:00Z	1749133200	33.68923732251521	NA
64.1	2025-06-05T14:30:00Z	1749133800	33.68923732251521	NA
64.1	2025-06-05T14:40:00Z	1749134400	34.198004056795135	NA
64.1	2025-06-05T14:50:00Z	1749135000	33.68923732251521	NA
64.1	2025-06-05T15:00:00Z	1749135600	33.1804705882353	NA
64.1	2025-06-05T15:10:00Z	1749136200	33.68923732251521	NA
64.1	2025-06-05T15:20:00Z	1749136800	34.198004056795135	NA
64.1	2025-06-05T15:30:00Z	1749137400	33.68923732251521	NA
64.1	2025-06-05T15:40:00Z	1749138000	34.198004056795135	NA
64.1	2025-06-05T15:50:00Z	1749138600	34.198004056795135	NA
64.1	2025-06-05T16:00:00Z	1749139200	33.68923732251521	NA
64.1	2025-06-05T16:10:00Z	1749139800	33.68923732251521	NA
64.1	2025-06-05T16:20:00Z	1749140400	33.68923732251521	NA
64.1	2025-06-05T16:30:00Z	1749141000	33.1804705882353	NA
64.1	2025-06-05T16:40:00Z	1749141600	32.67170385395538	NA
64.1	2025-06-05T16:50:00Z	1749142200	33.1804705882353	NA
64.1	2025-06-05T17:00:00Z	1749142800	32.67170385395538	NA
64.1	2025-06-05T17:10:00Z	1749143400	32.67170385395538	NA
64.1	2025-06-05T17:20:00Z	1749144000	32.67170385395538	NA
64.1	2025-06-05T17:30:00Z	1749144600	32.67170385395538	NA
64.1	2025-06-05T17:40:00Z	1749145200	32.67170385395538	NA
64.1	2025-06-05T17:50:00Z	1749145800	32.67170385395538	NA
64.1	2025-06-05T18:00:00Z	1749146400	33.1804705882353	NA
64.1	2025-06-05T18:10:00Z	1749147000	33.68923732251521	NA
64.1	2025-06-05T18:20:00Z	1749147600	33.1804705882353	NA
64.1	2025-06-05T18:30:00Z	1749148200	32.162937119675455	NA
64.1	2025-06-05T18:40:00Z	1749148800	32.67170385395538	NA
64.1	2025-06-05T18:50:00Z	1749149400	32.67170385395538	NA
64.1	2025-06-05T19:00:00Z	1749150000	32.162937119675455	NA
64.1	2025-06-05T19:10:00Z	1749150600	32.162937119675455	NA
64.1	2025-06-05T19:20:00Z	1749151200	32.162937119675455	NA
64.1	2025-06-05T19:30:00Z	1749151800	32.67170385395538	NA
64.1	2025-06-05T19:40:00Z	1749152400	33.1804705882353	NA
64.1	2025-06-05T19:50:00Z	1749153000	33.68923732251521	NA
64.1	2025-06-05T20:00:00Z	1749153600	34.70677079107505	NA
64.1	2025-06-05T20:10:00Z	1749154200	35.215537525354975	NA
64.1	2025-06-05T20:20:00Z	1749154800	36.74183772819473	NA
64.1	2025-06-05T20:30:00Z	1749155400	36.23307099391481	NA
64.1	2025-06-05T20:40:00Z	1749156000	33.68923732251521	NA
64.1	2025-06-05T20:50:00Z	1749156600	34.70677079107505	NA
64.1	2025-06-05T21:00:00Z	1749157200	36.74183772819473	NA
64.1	2025-06-05T21:10:00Z	1749157800	37.759371196754564	NA
64.1	2025-06-05T21:20:00Z	1749158400	36.23307099391481	NA
64.1	2025-06-05T21:30:00Z	1749159000	36.23307099391481	NA
64.1	2025-06-05T21:40:00Z	1749159600	35.724304259634884	NA
64.1	2025-06-05T21:50:00Z	1749160200	38.26813793103448	NA
64.1	2025-06-05T22:00:00Z	1749160800	37.25060446247465	NA
64.1	2025-06-05T22:10:00Z	1749161400	36.23307099391481	NA
64.1	2025-06-05T22:20:00Z	1749162000	37.25060446247465	NA
64.1	2025-06-05T22:30:00Z	1749162600	37.25060446247465	NA
64.1	2025-06-05T22:40:00Z	1749163200	37.25060446247465	NA
64.1	2025-06-05T22:50:00Z	1749163800	35.724304259634884	NA
64.1	2025-06-05T23:00:00Z	1749164400	37.25060446247465	NA
64.1	2025-06-05T23:10:00Z	1749165000	37.25060446247465	NA
64.1	2025-06-05T23:20:00Z	1749165600	36.23307099391481	NA
64.1	2025-06-05T23:30:00Z	1749166200	37.25060446247465	NA
64.1	2025-06-05T23:40:00Z	1749166800	35.724304259634884	NA
64.1	2025-06-05T23:50:00Z	1749167400	36.23307099391481	NA
64.1	2025-06-06T00:00:00Z	1749168000	35.724304259634884	NA
64.1	2025-06-06T00:10:00Z	1749168600	35.215537525354975	NA
64.1	2025-06-06T00:20:00Z	1749169200	35.724304259634884	NA
64.1	2025-06-06T00:30:00Z	1749169800	35.724304259634884	NA
64.1	2025-06-06T00:40:00Z	1749170400	35.724304259634884	NA
64.1	2025-06-06T00:50:00Z	1749171000	35.215537525354975	NA
64.1	2025-06-06T01:00:00Z	1749171600	31.145403651115622	NA
64.1	2025-06-06T01:10:00Z	1749172200	31.145403651115622	NA
64.1	2025-06-06T01:20:00Z	1749172800	36.74183772819473	NA
64.1	2025-06-06T01:30:00Z	1749173400	37.25060446247465	NA
64.1	2025-06-06T01:40:00Z	1749174000	36.74183772819473	NA
64.1	2025-06-06T01:50:00Z	1749174600	36.74183772819473	NA
64.1	2025-06-06T02:00:00Z	1749175200	36.23307099391481	NA
64.1	2025-06-06T02:10:00Z	1749175800	36.23307099391481	NA
64.1	2025-06-06T02:20:00Z	1749176400	36.23307099391481	NA
64.1	2025-06-06T02:30:00Z	1749177000	36.23307099391481	NA
64.1	2025-06-06T02:40:00Z	1749177600	36.23307099391481	NA
64.1	2025-06-06T02:50:00Z	1749178200	35.724304259634884	NA
64.1	2025-06-06T03:00:00Z	1749178800	36.23307099391481	NA
64.1	2025-06-06T03:10:00Z	1749179400	35.215537525354975	NA
64.1	2025-06-06T03:20:00Z	1749180000	33.1804705882353	NA
64.1	2025-06-06T03:30:00Z	1749180600	33.1804705882353	NA
64.1	2025-06-06T03:40:00Z	1749181200	34.198004056795135	NA
64.1	2025-06-06T03:50:00Z	1749181800	33.68923732251521	NA
64.1	2025-06-06T04:00:00Z	1749182400	35.215537525354975	NA
64.1	2025-06-06T04:10:00Z	1749183000	36.74183772819473	NA
64.1	2025-06-06T04:20:00Z	1749183600	36.23307099391481	NA
64.1	2025-06-06T04:30:00Z	1749184200	35.724304259634884	NA
64.1	2025-06-06T04:40:00Z	1749184800	36.23307099391481	NA
64.1	2025-06-06T04:50:00Z	1749185400	36.74183772819473	NA
64.1	2025-06-06T05:00:00Z	1749186000	36.23307099391481	NA
64.1	2025-06-06T05:10:00Z	1749186600	36.23307099391481	NA
64.1	2025-06-06T05:20:00Z	1749187200	37.25060446247465	NA
64.1	2025-06-06T05:30:00Z	1749187800	36.74183772819473	NA
64.1	2025-06-06T05:40:00Z	1749188400	36.23307099391481	NA
64.1	2025-06-06T05:50:00Z	1749189000	35.724304259634884	NA
64.1	2025-06-06T06:00:00Z	1749189600	34.198004056795135	NA
64.1	2025-06-06T06:10:00Z	1749190200	33.1804705882353	NA
64.1	2025-06-06T06:20:00Z	1749190800	35.724304259634884	NA
64.1	2025-06-06T06:30:00Z	1749191400	36.23307099391481	NA
64.1	2025-06-06T06:40:00Z	1749192000	35.724304259634884	NA
64.1	2025-06-06T06:50:00Z	1749192600	35.724304259634884	NA
64.1	2025-06-06T07:00:00Z	1749193200	35.724304259634884	NA
64.1	2025-06-06T07:10:00Z	1749193800	35.724304259634884	NA
64.1	2025-06-06T07:20:00Z	1749194400	35.724304259634884	NA
64.1	2025-06-06T07:30:00Z	1749195000	35.724304259634884	NA
64.1	2025-06-06T07:40:00Z	1749195600	35.215537525354975	NA
64.1	2025-06-06T07:50:00Z	1749196200	34.70677079107505	NA
64.1	2025-06-06T08:00:00Z	1749196800	35.215537525354975	NA
64.1	2025-06-06T08:10:00Z	1749197400	35.724304259634884	NA
64.1	2025-06-06T08:20:00Z	1749198000	35.724304259634884	NA
64.1	2025-06-06T08:30:00Z	1749198600	35.724304259634884	NA
64.1	2025-06-06T08:40:00Z	1749199200	35.215537525354975	NA
64.1	2025-06-06T08:50:00Z	1749199800	35.215537525354975	NA
64.1	2025-06-06T09:00:00Z	1749200400	35.215537525354975	NA
64.1	2025-06-06T09:10:00Z	1749201000	34.70677079107505	NA
64.1	2025-06-06T09:20:00Z	1749201600	33.68923732251521	NA
64.1	2025-06-06T09:30:00Z	1749202200	33.1804705882353	NA
64.1	2025-06-06T09:40:00Z	1749202800	32.67170385395538	NA
64.1	2025-06-06T09:50:00Z	1749203400	34.70677079107505	NA
64.1	2025-06-06T10:00:00Z	1749204000	34.70677079107505	NA
64.1	2025-06-06T10:10:00Z	1749204600	34.198004056795135	NA
64.1	2025-06-06T10:20:00Z	1749205200	33.68923732251521	NA
64.1	2025-06-06T10:30:00Z	1749205800	33.68923732251521	NA
64.1	2025-06-06T10:40:00Z	1749206400	33.68923732251521	NA
64.1	2025-06-06T10:50:00Z	1749207000	33.68923732251521	NA
64.1	2025-06-06T11:00:00Z	1749207600	33.1804705882353	NA
64.1	2025-06-06T11:10:00Z	1749208200	33.68923732251521	NA
64.1	2025-06-06T11:20:00Z	1749208800	33.68923732251521	NA
64.1	2025-06-06T11:30:00Z	1749209400	33.68923732251521	NA
64.1	2025-06-06T11:40:00Z	1749210000	33.68923732251521	NA
64.1	2025-06-06T11:50:00Z	1749210600	33.1804705882353	NA
64.1	2025-06-06T12:00:00Z	1749211200	33.1804705882353	NA
64.1	2025-06-06T12:10:00Z	1749211800	32.162937119675455	NA
64.1	2025-06-06T12:20:00Z	1749212400	33.68923732251521	NA
64.1	2025-06-06T12:30:00Z	1749213000	34.70677079107505	NA
64.1	2025-06-06T12:40:00Z	1749213600	34.198004056795135	NA
64.1	2025-06-06T12:50:00Z	1749214200	34.198004056795135	NA
64.1	2025-06-06T13:00:00Z	1749214800	34.198004056795135	NA
64.1	2025-06-06T13:10:00Z	1749215400	33.68923732251521	NA
64.1	2025-06-06T13:20:00Z	1749216000	33.1804705882353	NA
64.1	2025-06-06T13:30:00Z	1749216600	33.68923732251521	NA
64.1	2025-06-06T13:40:00Z	1749217200	33.68923732251521	NA
64.1	2025-06-06T13:50:00Z	1749217800	33.68923732251521	NA
64.1	2025-06-06T14:00:00Z	1749218400	34.70677079107505	NA
64.1	2025-06-06T14:10:00Z	1749219000	35.215537525354975	NA
64.1	2025-06-06T14:20:00Z	1749219600	34.70677079107505	NA
64.1	2025-06-06T14:30:00Z	1749220200	34.198004056795135	NA
64.1	2025-06-06T14:40:00Z	1749220800	33.68923732251521	NA
64.1	2025-06-06T14:50:00Z	1749221400	33.68923732251521	NA
64.1	2025-06-06T15:00:00Z	1749222000	33.68923732251521	NA
64.1	2025-06-06T15:10:00Z	1749222600	33.68923732251521	NA
64.1	2025-06-06T15:20:00Z	1749223200	33.68923732251521	NA
64.1	2025-06-06T15:30:00Z	1749223800	33.68923732251521	NA
64.1	2025-06-06T15:40:00Z	1749224400	33.68923732251521	NA
64.1	2025-06-06T15:50:00Z	1749225000	33.68923732251521	NA
64.1	2025-06-06T16:00:00Z	1749225600	33.68923732251521	NA
64.1	2025-06-06T16:10:00Z	1749226200	33.68923732251521	NA
64.1	2025-06-06T16:20:00Z	1749226800	33.68923732251521	NA
64.1	2025-06-06T16:30:00Z	1749227400	33.68923732251521	NA
64.1	2025-06-06T16:40:00Z	1749228000	33.68923732251521	NA
64.1	2025-06-06T16:50:00Z	1749228600	33.68923732251521	NA
64.1	2025-06-06T17:00:00Z	1749229200	33.68923732251521	NA
64.1	2025-06-06T17:10:00Z	1749229800	33.68923732251521	NA
64.1	2025-06-06T17:20:00Z	1749230400	33.1804705882353	NA
64.1	2025-06-06T17:30:00Z	1749231000	33.1804705882353	NA
64.1	2025-06-06T17:40:00Z	1749231600	33.1804705882353	NA
64.1	2025-06-06T17:50:00Z	1749232200	33.68923732251521	NA
64.1	2025-06-06T18:00:00Z	1749232800	33.68923732251521	NA
64.1	2025-06-06T18:10:00Z	1749233400	33.68923732251521	NA
64.1	2025-06-06T18:20:00Z	1749234000	33.1804705882353	NA
64.1	2025-06-06T18:30:00Z	1749234600	32.67170385395538	NA
64.1	2025-06-06T18:40:00Z	1749235200	32.162937119675455	NA
64.1	2025-06-06T18:50:00Z	1749235800	32.162937119675455	NA
64.1	2025-06-06T19:00:00Z	1749236400	32.162937119675455	NA
64.1	2025-06-06T19:10:00Z	1749237000	31.654170385395542	NA
64.1	2025-06-06T19:20:00Z	1749237600	32.67170385395538	NA
64.1	2025-06-06T19:30:00Z	1749238200	34.198004056795135	NA
64.1	2025-06-06T19:40:00Z	1749238800	35.215537525354975	NA
64.1	2025-06-06T19:50:00Z	1749239400	35.724304259634884	NA
64.1	2025-06-06T20:00:00Z	1749240000	36.74183772819473	NA
64.1	2025-06-06T20:10:00Z	1749240600	34.70677079107505	NA
64.1	2025-06-06T20:20:00Z	1749241200	36.74183772819473	NA
64.1	2025-06-06T20:30:00Z	1749241800	37.25060446247465	NA
64.1	2025-06-06T20:40:00Z	1749242400	37.25060446247465	NA
64.1	2025-06-06T20:50:00Z	1749243000	35.215537525354975	NA
64.1	2025-06-06T21:00:00Z	1749243600	35.215537525354975	NA
64.1	2025-06-06T21:10:00Z	1749244200	33.1804705882353	NA
64.1	2025-06-06T21:20:00Z	1749244800	34.198004056795135	NA
64.1	2025-06-06T21:30:00Z	1749245400	36.23307099391481	NA
64.1	2025-06-06T21:40:00Z	1749246000	36.23307099391481	NA
64.1	2025-06-06T21:50:00Z	1749246600	36.74183772819473	NA
64.1	2025-06-06T22:00:00Z	1749247200	36.23307099391481	NA
64.1	2025-06-06T22:10:00Z	1749247800	36.23307099391481	NA
64.1	2025-06-06T22:20:00Z	1749248400	36.23307099391481	NA
64.1	2025-06-06T22:30:00Z	1749249000	35.724304259634884	NA
64.1	2025-06-06T22:40:00Z	1749249600	35.724304259634884	NA
64.1	2025-06-06T22:50:00Z	1749250200	36.23307099391481	NA
64.1	2025-06-06T23:00:00Z	1749250800	36.74183772819473	NA
64.1	2025-06-06T23:10:00Z	1749251400	36.74183772819473	NA
64.1	2025-06-06T23:20:00Z	1749252000	35.215537525354975	NA
64.1	2025-06-06T23:30:00Z	1749252600	35.724304259634884	NA
64.1	2025-06-06T23:40:00Z	1749253200	34.70677079107505	NA
64.1	2025-06-06T23:50:00Z	1749253800	34.70677079107505	NA
64.1	2025-06-07T00:00:00Z	1749254400	34.70677079107505	NA
64.1	2025-06-07T00:10:00Z	1749255000	35.724304259634884	NA
64.1	2025-06-07T00:20:00Z	1749255600	35.724304259634884	NA
64.1	2025-06-07T00:30:00Z	1749256200	34.70677079107505	NA
64.1	2025-06-07T00:40:00Z	1749256800	34.198004056795135	NA
64.1	2025-06-07T00:50:00Z	1749257400	34.198004056795135	NA
64.1	2025-06-07T01:00:00Z	1749258000	33.1804705882353	NA
64.1	2025-06-07T01:10:00Z	1749258600	32.67170385395538	NA
64.1	2025-06-07T01:20:00Z	1749259200	34.198004056795135	NA
64.1	2025-06-07T01:30:00Z	1749259800	34.198004056795135	NA
64.1	2025-06-07T01:40:00Z	1749260400	34.198004056795135	NA
64.1	2025-06-07T01:50:00Z	1749261000	33.1804705882353	NA
64.1	2025-06-07T02:00:00Z	1749261600	33.68923732251521	NA
64.1	2025-06-07T02:10:00Z	1749262200	33.68923732251521	NA
64.1	2025-06-07T02:20:00Z	1749262800	33.1804705882353	NA
64.1	2025-06-07T02:30:00Z	1749263400	33.1804705882353	NA
64.1	2025-06-07T02:40:00Z	1749264000	33.1804705882353	NA
64.1	2025-06-07T02:50:00Z	1749264600	32.67170385395538	NA
64.1	2025-06-07T03:00:00Z	1749265200	33.1804705882353	NA
64.1	2025-06-07T03:10:00Z	1749265800	33.68923732251521	NA
64.1	2025-06-07T03:20:00Z	1749266400	33.1804705882353	NA
64.1	2025-06-07T03:30:00Z	1749267000	31.654170385395542	NA
64.1	2025-06-07T03:40:00Z	1749267600	36.23307099391481	NA
64.1	2025-06-07T03:50:00Z	1749268200	36.74183772819473	NA
64.1	2025-06-07T04:00:00Z	1749268800	36.74183772819473	NA
64.1	2025-06-07T04:10:00Z	1749269400	34.198004056795135	NA
64.1	2025-06-07T04:20:00Z	1749270000	33.68923732251521	NA
64.1	2025-06-07T04:30:00Z	1749270600	33.68923732251521	NA
64.1	2025-06-07T04:40:00Z	1749271200	33.68923732251521	NA
64.1	2025-06-07T04:50:00Z	1749271800	33.68923732251521	NA
64.1	2025-06-07T05:00:00Z	1749272400	33.1804705882353	NA
64.1	2025-06-07T05:10:00Z	1749273000	33.68923732251521	NA
64.1	2025-06-07T05:20:00Z	1749273600	33.68923732251521	NA
64.1	2025-06-07T05:30:00Z	1749274200	33.68923732251521	NA
64.1	2025-06-07T05:40:00Z	1749274800	33.1804705882353	NA
64.1	2025-06-07T05:50:00Z	1749275400	32.67170385395538	NA
64.1	2025-06-07T06:00:00Z	1749276000	31.654170385395542	NA
64.1	2025-06-07T06:10:00Z	1749276600	31.654170385395542	NA
64.1	2025-06-07T06:20:00Z	1749277200	31.145403651115622	NA
64.1	2025-06-07T06:30:00Z	1749277800	31.145403651115622	NA
64.1	2025-06-07T06:40:00Z	1749278400	31.145403651115622	NA
64.1	2025-06-07T06:50:00Z	1749279000	31.654170385395542	NA
64.1	2025-06-07T07:00:00Z	1749279600	31.654170385395542	NA
64.1	2025-06-07T07:10:00Z	1749280200	31.145403651115622	NA
64.1	2025-06-07T07:20:00Z	1749280800	30.636636916835702	NA
64.1	2025-06-07T07:30:00Z	1749281400	30.636636916835702	NA
64.1	2025-06-07T07:40:00Z	1749282000	30.127870182555785	NA
64.1	2025-06-07T07:50:00Z	1749282600	30.127870182555785	NA
64.1	2025-06-07T08:00:00Z	1749283200	29.619103448275865	NA
64.1	2025-06-07T08:10:00Z	1749283800	29.619103448275865	NA
64.1	2025-06-07T08:20:00Z	1749284400	29.619103448275865	NA
64.1	2025-06-07T08:30:00Z	1749285000	29.619103448275865	NA
64.1	2025-06-07T08:40:00Z	1749285600	29.11033671399595	NA
64.1	2025-06-07T08:50:00Z	1749286200	29.11033671399595	NA
64.1	2025-06-07T09:00:00Z	1749286800	28.60156997971603	NA
64.1	2025-06-07T09:10:00Z	1749287400	29.11033671399595	NA
64.1	2025-06-07T09:20:00Z	1749288000	29.11033671399595	NA
64.1	2025-06-07T09:30:00Z	1749288600	28.60156997971603	NA
64.1	2025-06-07T09:40:00Z	1749289200	28.60156997971603	NA
64.1	2025-06-07T09:50:00Z	1749289800	28.60156997971603	NA
64.1	2025-06-07T10:00:00Z	1749290400	28.60156997971603	NA
64.1	2025-06-07T10:10:00Z	1749291000	28.60156997971603	NA
64.1	2025-06-07T10:20:00Z	1749291600	28.60156997971603	NA
64.1	2025-06-07T10:30:00Z	1749292200	28.60156997971603	NA
64.1	2025-06-07T10:40:00Z	1749292800	28.60156997971603	NA
64.1	2025-06-07T10:50:00Z	1749293400	29.11033671399595	NA
64.1	2025-06-07T11:00:00Z	1749294000	29.11033671399595	NA
64.1	2025-06-07T11:10:00Z	1749294600	29.11033671399595	NA
64.1	2025-06-07T11:20:00Z	1749295200	29.11033671399595	NA
64.1	2025-06-07T11:30:00Z	1749295800	29.619103448275865	NA
64.1	2025-06-07T11:40:00Z	1749296400	29.11033671399595	NA
64.1	2025-06-07T11:50:00Z	1749297000	29.619103448275865	NA
64.1	2025-06-07T12:00:00Z	1749297600	29.619103448275865	NA
64.1	2025-06-07T12:10:00Z	1749298200	29.619103448275865	NA
64.1	2025-06-07T12:20:00Z	1749298800	31.145403651115622	NA
64.1	2025-06-07T12:30:00Z	1749299400	32.67170385395538	NA
64.1	2025-06-07T12:40:00Z	1749300000	33.68923732251521	NA
64.1	2025-06-07T12:50:00Z	1749300600	34.70677079107505	NA
64.1	2025-06-07T13:00:00Z	1749301200	34.70677079107505	NA
64.1	2025-06-07T13:10:00Z	1749301800	34.70677079107505	NA
64.1	2025-06-07T13:20:00Z	1749302400	34.70677079107505	NA
64.1	2025-06-07T13:30:00Z	1749303000	34.70677079107505	NA
64.1	2025-06-07T13:40:00Z	1749303600	34.70677079107505	NA
64.1	2025-06-07T13:50:00Z	1749304200	34.198004056795135	NA
64.1	2025-06-07T14:00:00Z	1749304800	34.198004056795135	NA
64.1	2025-06-07T14:10:00Z	1749305400	33.68923732251521	NA
64.1	2025-06-07T14:20:00Z	1749306000	33.68923732251521	NA
64.1	2025-06-07T14:30:00Z	1749306600	33.68923732251521	NA
64.1	2025-06-07T14:40:00Z	1749307200	33.68923732251521	NA
64.1	2025-06-07T14:50:00Z	1749307800	33.68923732251521	NA
64.1	2025-06-07T15:00:00Z	1749308400	33.68923732251521	NA
64.1	2025-06-07T15:10:00Z	1749309000	33.68923732251521	NA
64.1	2025-06-07T15:20:00Z	1749309600	34.70677079107505	NA
64.1	2025-06-07T15:30:00Z	1749310200	34.70677079107505	NA
64.1	2025-06-07T15:40:00Z	1749310800	34.198004056795135	NA
64.1	2025-06-07T15:50:00Z	1749311400	33.68923732251521	NA
64.1	2025-06-07T16:00:00Z	1749312000	33.68923732251521	NA
64.1	2025-06-07T16:10:00Z	1749312600	33.68923732251521	NA
64.1	2025-06-07T16:20:00Z	1749313200	34.198004056795135	NA
64.1	2025-06-07T16:30:00Z	1749313800	34.198004056795135	NA
64.1	2025-06-07T16:40:00Z	1749314400	34.198004056795135	NA
64.1	2025-06-07T16:50:00Z	1749315000	34.198004056795135	NA
64.1	2025-06-07T17:00:00Z	1749315600	34.198004056795135	NA
64.1	2025-06-07T17:10:00Z	1749316200	33.68923732251521	NA
64.1	2025-06-07T17:20:00Z	1749316800	33.68923732251521	NA
64.1	2025-06-07T17:30:00Z	1749317400	34.198004056795135	NA
64.1	2025-06-07T17:40:00Z	1749318000	34.198004056795135	NA
64.1	2025-06-07T17:50:00Z	1749318600	34.198004056795135	NA
64.1	2025-06-07T18:00:00Z	1749319200	34.198004056795135	NA
64.1	2025-06-07T18:10:00Z	1749319800	34.198004056795135	NA
64.1	2025-06-07T18:20:00Z	1749320400	33.1804705882353	NA
64.1	2025-06-07T18:30:00Z	1749321000	34.198004056795135	NA
64.1	2025-06-07T18:40:00Z	1749321600	35.215537525354975	NA
64.1	2025-06-07T18:50:00Z	1749322200	35.724304259634884	NA
64.1	2025-06-07T19:00:00Z	1749322800	35.724304259634884	NA
64.1	2025-06-07T19:10:00Z	1749323400	34.70677079107505	NA
64.1	2025-06-07T19:20:00Z	1749324000	35.724304259634884	NA
64.1	2025-06-07T19:30:00Z	1749324600	35.724304259634884	NA
64.1	2025-06-07T19:40:00Z	1749325200	36.74183772819473	NA
64.1	2025-06-07T19:50:00Z	1749325800	34.198004056795135	NA
64.1	2025-06-07T20:00:00Z	1749326400	34.70677079107505	NA
64.1	2025-06-07T20:10:00Z	1749327000	35.724304259634884	NA
64.1	2025-06-07T20:20:00Z	1749327600	35.724304259634884	NA
64.1	2025-06-07T20:30:00Z	1749328200	34.198004056795135	NA
64.1	2025-06-07T20:40:00Z	1749328800	33.68923732251521	NA
64.1	2025-06-07T20:50:00Z	1749329400	33.68923732251521	NA
64.1	2025-06-07T21:00:00Z	1749330000	33.68923732251521	NA
64.1	2025-06-07T21:10:00Z	1749330600	32.67170385395538	NA
64.1	2025-06-07T21:20:00Z	1749331200	33.68923732251521	NA
64.1	2025-06-07T21:30:00Z	1749331800	34.198004056795135	NA
64.1	2025-06-07T21:40:00Z	1749332400	33.68923732251521	NA
64.1	2025-06-07T21:50:00Z	1749333000	33.1804705882353	NA
64.1	2025-06-07T22:00:00Z	1749333600	34.198004056795135	NA
64.1	2025-06-07T22:10:00Z	1749334200	34.198004056795135	NA
64.1	2025-06-07T22:20:00Z	1749334800	34.198004056795135	NA
64.1	2025-06-07T22:30:00Z	1749335400	36.23307099391481	NA
64.1	2025-06-07T22:40:00Z	1749336000	37.25060446247465	NA
64.1	2025-06-07T22:50:00Z	1749336600	37.25060446247465	NA
64.1	2025-06-07T23:00:00Z	1749337200	37.25060446247465	NA
64.1	2025-06-07T23:10:00Z	1749337800	36.74183772819473	NA
64.1	2025-06-07T23:20:00Z	1749338400	36.74183772819473	NA
64.1	2025-06-07T23:30:00Z	1749339000	36.74183772819473	NA
64.1	2025-06-07T23:40:00Z	1749339600	37.25060446247465	NA
64.1	2025-06-07T23:50:00Z	1749340200	37.759371196754564	NA
64.1	2025-06-08T00:00:00Z	1749340800	36.74183772819473	NA
64.1	2025-06-08T00:10:00Z	1749341400	35.724304259634884	NA
64.1	2025-06-08T00:20:00Z	1749342000	35.724304259634884	NA
64.1	2025-06-08T00:30:00Z	1749342600	34.70677079107505	NA
64.1	2025-06-08T00:40:00Z	1749343200	36.74183772819473	NA
64.1	2025-06-08T00:50:00Z	1749343800	36.74183772819473	NA
64.1	2025-06-08T01:00:00Z	1749344400	36.74183772819473	NA
64.1	2025-06-08T01:10:00Z	1749345000	34.70677079107505	NA
64.1	2025-06-08T01:20:00Z	1749345600	34.70677079107505	NA
64.1	2025-06-08T01:30:00Z	1749346200	34.70677079107505	NA
64.1	2025-06-08T01:40:00Z	1749346800	34.70677079107505	NA
64.1	2025-06-08T01:50:00Z	1749347400	35.215537525354975	NA
64.1	2025-06-08T02:00:00Z	1749348000	35.215537525354975	NA
64.1	2025-06-08T02:10:00Z	1749348600	35.215537525354975	NA
64.1	2025-06-08T02:20:00Z	1749349200	35.215537525354975	NA
64.1	2025-06-08T02:30:00Z	1749349800	34.70677079107505	NA
64.1	2025-06-08T02:40:00Z	1749350400	33.1804705882353	NA
64.1	2025-06-08T02:50:00Z	1749351000	33.1804705882353	NA
64.1	2025-06-08T03:00:00Z	1749351600	34.198004056795135	NA
64.1	2025-06-08T03:10:00Z	1749352200	33.1804705882353	NA
64.1	2025-06-08T03:20:00Z	1749352800	32.67170385395538	NA
64.1	2025-06-08T03:30:00Z	1749353400	32.67170385395538	NA
64.1	2025-06-08T03:40:00Z	1749354000	32.67170385395538	NA
64.1	2025-06-08T03:50:00Z	1749354600	32.162937119675455	NA
64.1	2025-06-08T04:00:00Z	1749355200	34.198004056795135	NA
64.1	2025-06-08T04:10:00Z	1749355800	33.68923732251521	NA
64.1	2025-06-08T04:20:00Z	1749356400	32.162937119675455	NA
64.1	2025-06-08T04:30:00Z	1749357000	33.1804705882353	NA
64.1	2025-06-08T04:40:00Z	1749357600	33.68923732251521	NA
64.1	2025-06-08T04:50:00Z	1749358200	30.636636916835702	NA
64.1	2025-06-08T05:00:00Z	1749358800	29.619103448275865	NA
64.1	2025-06-08T05:10:00Z	1749359400	35.724304259634884	NA
64.1	2025-06-08T05:20:00Z	1749360000	35.724304259634884	NA
64.1	2025-06-08T05:30:00Z	1749360600	35.724304259634884	NA
64.1	2025-06-08T05:40:00Z	1749361200	35.724304259634884	NA
64.1	2025-06-08T05:50:00Z	1749361800	35.215537525354975	NA
64.1	2025-06-08T06:00:00Z	1749362400	31.654170385395542	NA
64.1	2025-06-08T06:10:00Z	1749363000	33.68923732251521	NA
64.1	2025-06-08T06:20:00Z	1749363600	34.70677079107505	NA
64.1	2025-06-08T06:30:00Z	1749364200	34.198004056795135	NA
64.1	2025-06-08T06:40:00Z	1749364800	34.198004056795135	NA
64.1	2025-06-08T06:50:00Z	1749365400	33.68923732251521	NA
64.1	2025-06-08T07:00:00Z	1749366000	32.67170385395538	NA
64.1	2025-06-08T07:10:00Z	1749366600	29.11033671399595	NA
64.1	2025-06-08T07:20:00Z	1749367200	29.619103448275865	NA
64.1	2025-06-08T07:30:00Z	1749367800	29.619103448275865	NA
64.1	2025-06-08T07:40:00Z	1749368400	30.636636916835702	NA
64.1	2025-06-08T07:50:00Z	1749369000	31.145403651115622	NA
64.1	2025-06-08T08:00:00Z	1749369600	31.145403651115622	NA
64.1	2025-06-08T08:10:00Z	1749370200	30.127870182555785	NA
64.1	2025-06-08T08:20:00Z	1749370800	30.127870182555785	NA
64.1	2025-06-08T08:30:00Z	1749371400	29.619103448275865	NA
64.1	2025-06-08T08:40:00Z	1749372000	29.619103448275865	NA
64.1	2025-06-08T08:50:00Z	1749372600	29.619103448275865	NA
64.1	2025-06-08T09:00:00Z	1749373200	29.11033671399595	NA
64.1	2025-06-08T09:10:00Z	1749373800	29.11033671399595	NA
64.1	2025-06-08T09:20:00Z	1749374400	29.11033671399595	NA
64.1	2025-06-08T09:30:00Z	1749375000	29.11033671399595	NA
64.1	2025-06-08T09:40:00Z	1749375600	28.60156997971603	NA
64.1	2025-06-08T09:50:00Z	1749376200	29.11033671399595	NA
64.1	2025-06-08T10:00:00Z	1749376800	29.11033671399595	NA
64.1	2025-06-08T10:10:00Z	1749377400	30.127870182555785	NA
64.1	2025-06-08T10:20:00Z	1749378000	30.127870182555785	NA
64.1	2025-06-08T10:30:00Z	1749378600	30.127870182555785	NA
64.1	2025-06-08T10:40:00Z	1749379200	33.1804705882353	NA
64.1	2025-06-08T10:50:00Z	1749379800	31.654170385395542	NA
64.1	2025-06-08T11:00:00Z	1749380400	31.654170385395542	NA
64.1	2025-06-08T11:10:00Z	1749381000	31.654170385395542	NA
64.1	2025-06-08T11:20:00Z	1749381600	31.654170385395542	NA
64.1	2025-06-08T11:30:00Z	1749382200	31.654170385395542	NA
64.1	2025-06-08T11:40:00Z	1749382800	31.654170385395542	NA
64.1	2025-06-08T11:50:00Z	1749383400	31.654170385395542	NA
64.1	2025-06-08T12:00:00Z	1749384000	31.654170385395542	NA
64.1	2025-06-08T12:10:00Z	1749384600	32.162937119675455	NA
64.1	2025-06-08T12:20:00Z	1749385200	34.70677079107505	NA
64.1	2025-06-08T12:30:00Z	1749385800	35.724304259634884	NA
64.1	2025-06-08T12:40:00Z	1749386400	35.215537525354975	NA
64.1	2025-06-08T12:50:00Z	1749387000	34.70677079107505	NA
64.1	2025-06-08T13:00:00Z	1749387600	34.198004056795135	NA
64.1	2025-06-08T13:10:00Z	1749388200	34.198004056795135	NA
64.1	2025-06-08T13:20:00Z	1749388800	34.198004056795135	NA
64.1	2025-06-08T13:30:00Z	1749389400	33.68923732251521	NA
64.1	2025-06-08T13:40:00Z	1749390000	33.68923732251521	NA
64.1	2025-06-08T13:50:00Z	1749390600	33.68923732251521	NA
64.1	2025-06-08T14:00:00Z	1749391200	33.68923732251521	NA
64.1	2025-06-08T14:10:00Z	1749391800	35.215537525354975	NA
64.1	2025-06-08T14:20:00Z	1749392400	35.215537525354975	NA
64.1	2025-06-08T14:30:00Z	1749393000	35.215537525354975	NA
64.1	2025-06-08T14:40:00Z	1749393600	34.70677079107505	NA
64.1	2025-06-08T14:50:00Z	1749394200	34.198004056795135	NA
64.1	2025-06-08T15:00:00Z	1749394800	33.68923732251521	NA
64.1	2025-06-08T15:10:00Z	1749395400	33.1804705882353	NA
64.1	2025-06-08T15:20:00Z	1749396000	32.67170385395538	NA
64.1	2025-06-08T15:30:00Z	1749396600	32.67170385395538	NA
64.1	2025-06-08T15:40:00Z	1749397200	33.68923732251521	NA
64.1	2025-06-08T15:50:00Z	1749397800	33.68923732251521	NA
64.1	2025-06-08T16:00:00Z	1749398400	33.1804705882353	NA
64.1	2025-06-08T16:10:00Z	1749399000	33.1804705882353	NA
64.1	2025-06-08T16:20:00Z	1749399600	33.68923732251521	NA
64.1	2025-06-08T16:30:00Z	1749400200	32.67170385395538	NA
64.1	2025-06-08T16:40:00Z	1749400800	33.1804705882353	NA
64.1	2025-06-08T16:50:00Z	1749401400	33.1804705882353	NA
64.1	2025-06-08T17:00:00Z	1749402000	32.67170385395538	NA
64.1	2025-06-08T17:10:00Z	1749402600	33.68923732251521	NA
64.1	2025-06-08T17:20:00Z	1749403200	34.198004056795135	NA
64.1	2025-06-08T17:30:00Z	1749403800	33.68923732251521	NA
64.1	2025-06-08T17:40:00Z	1749404400	33.68923732251521	NA
64.1	2025-06-08T17:50:00Z	1749405000	32.67170385395538	NA
64.1	2025-06-08T18:00:00Z	1749405600	33.1804705882353	NA
64.1	2025-06-08T18:10:00Z	1749406200	33.1804705882353	NA
64.1	2025-06-08T18:20:00Z	1749406800	33.1804705882353	NA
64.1	2025-06-08T18:30:00Z	1749407400	33.68923732251521	NA
64.1	2025-06-08T18:40:00Z	1749408000	33.68923732251521	NA
64.1	2025-06-08T18:50:00Z	1749408600	33.1804705882353	NA
64.1	2025-06-08T19:00:00Z	1749409200	33.1804705882353	NA
64.1	2025-06-08T19:10:00Z	1749409800	35.215537525354975	NA
64.1	2025-06-08T19:20:00Z	1749410400	34.198004056795135	NA
64.1	2025-06-08T19:30:00Z	1749411000	34.198004056795135	NA
64.1	2025-06-08T19:40:00Z	1749411600	35.724304259634884	NA
64.1	2025-06-08T19:50:00Z	1749412200	33.68923732251521	NA
64.1	2025-06-08T20:00:00Z	1749412800	33.1804705882353	NA
64.1	2025-06-08T20:10:00Z	1749413400	35.215537525354975	NA
64.1	2025-06-08T20:20:00Z	1749414000	34.70677079107505	NA
64.1	2025-06-08T20:30:00Z	1749414600	34.198004056795135	NA
64.1	2025-06-08T20:40:00Z	1749415200	33.1804705882353	NA
64.1	2025-06-08T20:50:00Z	1749415800	33.68923732251521	NA
64.1	2025-06-08T21:00:00Z	1749416400	36.74183772819473	NA
64.1	2025-06-08T21:10:00Z	1749417000	36.74183772819473	NA
64.1	2025-06-08T21:20:00Z	1749417600	35.724304259634884	NA
64.1	2025-06-08T21:30:00Z	1749418200	36.23307099391481	NA
64.1	2025-06-08T21:40:00Z	1749418800	36.23307099391481	NA
64.1	2025-06-08T21:50:00Z	1749419400	35.724304259634884	NA
64.1	2025-06-08T22:00:00Z	1749420000	36.23307099391481	NA
64.1	2025-06-08T22:10:00Z	1749420600	36.23307099391481	NA
64.1	2025-06-08T22:20:00Z	1749421200	36.23307099391481	NA
64.1	2025-06-08T22:30:00Z	1749421800	36.23307099391481	NA
64.1	2025-06-08T22:40:00Z	1749422400	35.724304259634884	NA
64.1	2025-06-08T22:50:00Z	1749423000	36.23307099391481	NA
64.1	2025-06-08T23:00:00Z	1749423600	36.23307099391481	NA
64.1	2025-06-08T23:10:00Z	1749424200	37.25060446247465	NA
64.1	2025-06-08T23:20:00Z	1749424800	35.724304259634884	NA
64.1	2025-06-08T23:30:00Z	1749425400	36.23307099391481	NA
64.1	2025-06-08T23:40:00Z	1749426000	36.23307099391481	NA
64.1	2025-06-08T23:50:00Z	1749426600	36.23307099391481	NA
64.1	2025-06-09T00:00:00Z	1749427200	36.23307099391481	NA
64.1	2025-06-09T00:10:00Z	1749427800	36.23307099391481	NA
64.1	2025-06-09T00:20:00Z	1749428400	36.23307099391481	NA
64.1	2025-06-09T00:30:00Z	1749429000	35.215537525354975	NA
64.1	2025-06-09T00:40:00Z	1749429600	35.215537525354975	NA
64.1	2025-06-09T00:50:00Z	1749430200	35.215537525354975	NA
64.1	2025-06-09T01:00:00Z	1749430800	35.215537525354975	NA
64.1	2025-06-09T01:10:00Z	1749431400	35.724304259634884	NA
64.1	2025-06-09T01:20:00Z	1749432000	36.74183772819473	NA
64.1	2025-06-09T01:30:00Z	1749432600	36.74183772819473	NA
64.1	2025-06-09T01:40:00Z	1749433200	34.198004056795135	NA
64.1	2025-06-09T01:50:00Z	1749433800	34.70677079107505	NA
64.1	2025-06-09T02:00:00Z	1749434400	34.70677079107505	NA
64.1	2025-06-09T02:10:00Z	1749435000	34.70677079107505	NA
64.1	2025-06-09T02:20:00Z	1749435600	34.198004056795135	NA
64.1	2025-06-09T02:30:00Z	1749436200	34.198004056795135	NA
64.1	2025-06-09T02:40:00Z	1749436800	34.198004056795135	NA
64.1	2025-06-09T02:50:00Z	1749437400	34.198004056795135	NA
64.1	2025-06-09T03:00:00Z	1749438000	33.68923732251521	NA
64.1	2025-06-09T03:10:00Z	1749438600	33.68923732251521	NA
64.1	2025-06-09T03:20:00Z	1749439200	33.68923732251521	NA
64.1	2025-06-09T03:30:00Z	1749439800	33.68923732251521	NA
64.1	2025-06-09T03:40:00Z	1749440400	31.654170385395542	NA
64.1	2025-06-09T03:50:00Z	1749441000	32.162937119675455	NA
64.1	2025-06-09T04:00:00Z	1749441600	33.1804705882353	NA
64.1	2025-06-09T04:10:00Z	1749442200	34.70677079107505	NA
64.1	2025-06-09T04:20:00Z	1749442800	35.724304259634884	NA
64.1	2025-06-09T04:30:00Z	1749443400	32.67170385395538	NA
64.1	2025-06-09T04:40:00Z	1749444000	31.654170385395542	NA
64.1	2025-06-09T04:50:00Z	1749444600	31.654170385395542	NA
64.1	2025-06-09T05:00:00Z	1749445200	31.145403651115622	NA
64.1	2025-06-09T05:10:00Z	1749445800	31.145403651115622	NA
64.1	2025-06-09T05:20:00Z	1749446400	31.145403651115622	NA
64.1	2025-06-09T05:30:00Z	1749447000	30.636636916835702	NA
64.1	2025-06-09T05:40:00Z	1749447600	32.162937119675455	NA
64.1	2025-06-09T05:50:00Z	1749448200	32.162937119675455	NA
64.1	2025-06-09T06:00:00Z	1749448800	32.162937119675455	NA
64.1	2025-06-09T06:10:00Z	1749449400	32.67170385395538	NA
64.1	2025-06-09T06:20:00Z	1749450000	33.68923732251521	NA
64.1	2025-06-09T06:30:00Z	1749450600	33.1804705882353	NA
64.1	2025-06-09T06:40:00Z	1749451200	33.1804705882353	NA
64.1	2025-06-09T06:50:00Z	1749451800	32.67170385395538	NA
64.1	2025-06-09T07:00:00Z	1749452400	32.162937119675455	NA
64.1	2025-06-09T07:10:00Z	1749453000	31.145403651115622	NA
64.1	2025-06-09T07:20:00Z	1749453600	30.636636916835702	NA
64.1	2025-06-09T07:30:00Z	1749454200	30.636636916835702	NA
64.1	2025-06-09T07:40:00Z	1749454800	31.145403651115622	NA
64.1	2025-06-09T07:50:00Z	1749455400	31.145403651115622	NA
64.1	2025-06-09T08:00:00Z	1749456000	31.145403651115622	NA
64.1	2025-06-09T08:10:00Z	1749456600	31.145403651115622	NA
64.1	2025-06-09T08:20:00Z	1749457200	31.145403651115622	NA
64.1	2025-06-09T08:30:00Z	1749457800	31.145403651115622	NA
64.1	2025-06-09T08:40:00Z	1749458400	31.145403651115622	NA
64.1	2025-06-09T08:50:00Z	1749459000	31.145403651115622	NA
64.1	2025-06-09T09:00:00Z	1749459600	30.636636916835702	NA
64.1	2025-06-09T09:10:00Z	1749460200	29.619103448275865	NA
64.1	2025-06-09T09:20:00Z	1749460800	29.619103448275865	NA
64.1	2025-06-09T09:30:00Z	1749461400	30.127870182555785	NA
64.1	2025-06-09T09:40:00Z	1749462000	32.162937119675455	NA
64.1	2025-06-09T09:50:00Z	1749462600	33.1804705882353	NA
64.1	2025-06-09T10:00:00Z	1749463200	32.67170385395538	NA
64.1	2025-06-09T10:10:00Z	1749463800	33.1804705882353	NA
64.1	2025-06-09T10:20:00Z	1749464400	31.654170385395542	NA
64.1	2025-06-09T10:30:00Z	1749465000	32.67170385395538	NA
64.1	2025-06-09T10:40:00Z	1749465600	32.162937119675455	NA
64.1	2025-06-09T10:50:00Z	1749466200	32.67170385395538	NA
64.1	2025-06-09T11:00:00Z	1749466800	32.67170385395538	NA
64.1	2025-06-09T11:10:00Z	1749467400	32.162937119675455	NA
64.1	2025-06-09T11:20:00Z	1749468000	32.162937119675455	NA
64.1	2025-06-09T11:30:00Z	1749468600	32.162937119675455	NA
64.1	2025-06-09T11:40:00Z	1749469200	32.162937119675455	NA
64.1	2025-06-09T11:50:00Z	1749469800	32.162937119675455	NA
64.1	2025-06-09T12:00:00Z	1749470400	32.67170385395538	NA
64.1	2025-06-09T12:10:00Z	1749471000	32.162937119675455	NA
64.1	2025-06-09T12:20:00Z	1749471600	31.654170385395542	NA
64.1	2025-06-09T12:30:00Z	1749472200	31.654170385395542	NA
64.1	2025-06-09T12:40:00Z	1749472800	31.654170385395542	NA
64.1	2025-06-09T12:50:00Z	1749473400	31.654170385395542	NA
64.1	2025-06-09T13:00:00Z	1749474000	31.654170385395542	NA
64.1	2025-06-09T13:10:00Z	1749474600	33.1804705882353	NA
64.1	2025-06-09T13:20:00Z	1749475200	32.67170385395538	NA
64.1	2025-06-09T13:30:00Z	1749475800	33.1804705882353	NA
64.1	2025-06-09T13:40:00Z	1749476400	33.68923732251521	NA
64.1	2025-06-09T13:50:00Z	1749477000	34.198004056795135	NA
64.1	2025-06-09T14:00:00Z	1749477600	34.198004056795135	NA
64.1	2025-06-09T14:10:00Z	1749478200	34.198004056795135	NA
64.1	2025-06-09T14:20:00Z	1749478800	33.68923732251521	NA
64.1	2025-06-09T14:30:00Z	1749479400	33.1804705882353	NA
64.1	2025-06-09T14:40:00Z	1749480000	34.70677079107505	NA
64.1	2025-06-09T14:50:00Z	1749480600	33.68923732251521	NA
64.1	2025-06-09T15:00:00Z	1749481200	33.1804705882353	NA
64.1	2025-06-09T15:10:00Z	1749481800	32.162937119675455	NA
64.1	2025-06-09T15:20:00Z	1749482400	31.654170385395542	NA
64.1	2025-06-09T15:30:00Z	1749483000	31.654170385395542	NA
64.1	2025-06-09T15:40:00Z	1749483600	31.145403651115622	NA
64.1	2025-06-09T15:50:00Z	1749484200	31.145403651115622	NA
64.1	2025-06-09T16:00:00Z	1749484800	32.162937119675455	NA
64.1	2025-06-09T16:10:00Z	1749485400	32.162937119675455	NA
64.1	2025-06-09T16:20:00Z	1749486000	35.215537525354975	NA
64.1	2025-06-09T16:30:00Z	1749486600	34.70677079107505	NA
64.1	2025-06-09T16:40:00Z	1749487200	36.74183772819473	NA
64.1	2025-06-09T16:50:00Z	1749487800	36.23307099391481	NA
64.1	2025-06-09T17:00:00Z	1749488400	33.68923732251521	NA
64.1	2025-06-09T17:10:00Z	1749489000	32.67170385395538	NA
64.1	2025-06-09T17:20:00Z	1749489600	32.162937119675455	NA
64.1	2025-06-09T17:30:00Z	1749490200	33.68923732251521	NA
64.1	2025-06-09T17:40:00Z	1749490800	34.198004056795135	NA
64.1	2025-06-09T17:50:00Z	1749491400	35.215537525354975	NA
64.1	2025-06-09T18:00:00Z	1749492000	34.70677079107505	NA
64.1	2025-06-09T18:10:00Z	1749492600	35.215537525354975	NA
64.1	2025-06-09T18:20:00Z	1749493200	35.724304259634884	NA
64.1	2025-06-09T18:30:00Z	1749493800	35.215537525354975	NA
64.1	2025-06-09T18:40:00Z	1749494400	35.215537525354975	NA
64.1	2025-06-09T18:50:00Z	1749495000	34.70677079107505	NA
64.1	2025-06-09T19:00:00Z	1749495600	34.198004056795135	NA
64.1	2025-06-09T19:10:00Z	1749496200	34.198004056795135	NA
64.1	2025-06-09T19:20:00Z	1749496800	33.1804705882353	NA
64.1	2025-06-09T19:30:00Z	1749497400	33.68923732251521	NA
64.1	2025-06-09T19:40:00Z	1749498000	33.68923732251521	NA
64.1	2025-06-09T19:50:00Z	1749498600	35.724304259634884	NA
64.1	2025-06-09T20:00:00Z	1749499200	35.215537525354975	NA
64.1	2025-06-09T20:10:00Z	1749499800	34.198004056795135	NA
64.1	2025-06-09T20:20:00Z	1749500400	36.74183772819473	NA
64.1	2025-06-09T20:30:00Z	1749501000	34.198004056795135	NA
64.1	2025-06-09T20:40:00Z	1749501600	34.70677079107505	NA
64.1	2025-06-09T20:50:00Z	1749502200	34.198004056795135	NA
64.1	2025-06-09T21:00:00Z	1749502800	33.1804705882353	NA
64.1	2025-06-09T21:10:00Z	1749503400	33.1804705882353	NA
64.1	2025-06-09T21:20:00Z	1749504000	34.198004056795135	NA
64.1	2025-06-09T21:30:00Z	1749504600	34.70677079107505	NA
64.1	2025-06-09T21:40:00Z	1749505200	35.215537525354975	NA
64.1	2025-06-09T21:50:00Z	1749505800	35.215537525354975	NA
64.1	2025-06-09T22:00:00Z	1749506400	35.215537525354975	NA
64.1	2025-06-09T22:10:00Z	1749507000	34.198004056795135	NA
64.1	2025-06-09T22:20:00Z	1749507600	33.68923732251521	NA
64.1	2025-06-09T22:30:00Z	1749508200	34.70677079107505	NA
64.1	2025-06-09T22:40:00Z	1749508800	35.724304259634884	NA
64.1	2025-06-09T22:50:00Z	1749509400	35.724304259634884	NA
64.1	2025-06-09T23:00:00Z	1749510000	35.724304259634884	NA
64.1	2025-06-09T23:10:00Z	1749510600	35.215537525354975	NA
64.1	2025-06-09T23:20:00Z	1749511200	33.1804705882353	NA
64.1	2025-06-09T23:30:00Z	1749511800	35.215537525354975	NA
64.1	2025-06-09T23:40:00Z	1749512400	36.74183772819473	NA
64.1	2025-06-09T23:50:00Z	1749513000	35.724304259634884	NA
64.1	2025-06-10T00:00:00Z	1749513600	36.74183772819473	NA
64.1	2025-06-10T00:10:00Z	1749514200	32.67170385395538	NA
64.1	2025-06-10T00:20:00Z	1749514800	35.724304259634884	NA
64.1	2025-06-10T00:30:00Z	1749515400	35.724304259634884	NA
64.1	2025-06-10T00:40:00Z	1749516000	35.724304259634884	NA
64.1	2025-06-10T00:50:00Z	1749516600	35.724304259634884	NA
64.1	2025-06-10T01:00:00Z	1749517200	35.724304259634884	NA
64.1	2025-06-10T01:10:00Z	1749517800	35.724304259634884	NA
64.1	2025-06-10T01:20:00Z	1749518400	35.724304259634884	NA
64.1	2025-06-10T01:30:00Z	1749519000	31.145403651115622	NA
64.1	2025-06-10T01:40:00Z	1749519600	33.68923732251521	NA
64.1	2025-06-10T01:50:00Z	1749520200	35.215537525354975	NA
64.1	2025-06-10T02:00:00Z	1749520800	35.215537525354975	NA
64.1	2025-06-10T02:10:00Z	1749521400	36.23307099391481	NA
64.1	2025-06-10T02:20:00Z	1749522000	36.23307099391481	NA
64.1	2025-06-10T02:30:00Z	1749522600	34.70677079107505	NA
64.1	2025-06-10T02:40:00Z	1749523200	32.67170385395538	NA
64.1	2025-06-10T02:50:00Z	1749523800	33.1804705882353	NA
64.1	2025-06-10T03:00:00Z	1749524400	33.1804705882353	NA
64.1	2025-06-10T03:10:00Z	1749525000	32.67170385395538	NA
64.1	2025-06-10T03:20:00Z	1749525600	33.68923732251521	NA
64.1	2025-06-10T03:30:00Z	1749526200	33.68923732251521	NA
64.1	2025-06-10T03:40:00Z	1749526800	32.162937119675455	NA
64.1	2025-06-10T03:50:00Z	1749527400	32.162937119675455	NA
64.1	2025-06-10T04:00:00Z	1749528000	33.68923732251521	NA
64.1	2025-06-10T04:10:00Z	1749528600	33.68923732251521	NA
64.1	2025-06-10T04:20:00Z	1749529200	34.198004056795135	NA
64.1	2025-06-10T04:30:00Z	1749529800	34.198004056795135	NA
64.1	2025-06-10T04:40:00Z	1749530400	34.198004056795135	NA
64.1	2025-06-10T04:50:00Z	1749531000	34.198004056795135	NA
64.1	2025-06-10T05:00:00Z	1749531600	34.198004056795135	NA
64.1	2025-06-10T05:10:00Z	1749532200	32.67170385395538	NA
64.1	2025-06-10T05:20:00Z	1749532800	33.68923732251521	NA
64.1	2025-06-10T05:30:00Z	1749533400	34.70677079107505	NA
64.1	2025-06-10T05:40:00Z	1749534000	35.724304259634884	NA
64.1	2025-06-10T05:50:00Z	1749534600	35.724304259634884	NA
64.1	2025-06-10T06:00:00Z	1749535200	35.215537525354975	NA
64.1	2025-06-10T06:10:00Z	1749535800	35.215537525354975	NA
64.1	2025-06-10T06:20:00Z	1749536400	35.215537525354975	NA
64.1	2025-06-10T06:30:00Z	1749537000	35.215537525354975	NA
64.1	2025-06-10T06:40:00Z	1749537600	34.70677079107505	NA
64.1	2025-06-10T06:50:00Z	1749538200	34.198004056795135	NA
64.1	2025-06-10T07:00:00Z	1749538800	34.198004056795135	NA
64.1	2025-06-10T07:10:00Z	1749539400	33.68923732251521	NA
64.1	2025-06-10T07:20:00Z	1749540000	33.1804705882353	NA
64.1	2025-06-10T07:30:00Z	1749540600	33.1804705882353	NA
64.1	2025-06-10T07:40:00Z	1749541200	32.67170385395538	NA
64.1	2025-06-10T07:50:00Z	1749541800	32.67170385395538	NA
64.1	2025-06-10T08:00:00Z	1749542400	32.67170385395538	NA
64.1	2025-06-10T08:10:00Z	1749543000	32.67170385395538	NA
64.1	2025-06-10T08:20:00Z	1749543600	32.162937119675455	NA
64.1	2025-06-10T08:30:00Z	1749544200	32.162937119675455	NA
64.1	2025-06-10T08:40:00Z	1749544800	28.60156997971603	NA
64.1	2025-06-10T08:50:00Z	1749545400	29.619103448275865	NA
64.1	2025-06-10T09:00:00Z	1749546000	31.145403651115622	NA
64.1	2025-06-10T09:10:00Z	1749546600	31.145403651115622	NA
64.1	2025-06-10T09:20:00Z	1749547200	33.68923732251521	NA
64.1	2025-06-10T09:30:00Z	1749547800	33.1804705882353	NA
64.1	2025-06-10T09:40:00Z	1749548400	32.67170385395538	NA
64.1	2025-06-10T09:50:00Z	1749549000	32.67170385395538	NA
64.1	2025-06-10T10:00:00Z	1749549600	32.67170385395538	NA
64.1	2025-06-10T10:10:00Z	1749550200	32.162937119675455	NA
64.1	2025-06-10T10:20:00Z	1749550800	33.68923732251521	NA
64.1	2025-06-10T10:30:00Z	1749551400	33.68923732251521	NA
64.1	2025-06-10T10:40:00Z	1749552000	32.67170385395538	NA
64.1	2025-06-10T10:50:00Z	1749552600	32.162937119675455	NA
64.1	2025-06-10T11:00:00Z	1749553200	32.162937119675455	NA
64.1	2025-06-10T11:10:00Z	1749553800	31.654170385395542	NA
64.1	2025-06-10T11:20:00Z	1749554400	31.145403651115622	NA
64.1	2025-06-10T11:30:00Z	1749555000	31.145403651115622	NA
64.1	2025-06-10T11:40:00Z	1749555600	30.636636916835702	NA
64.1	2025-06-10T11:50:00Z	1749556200	30.636636916835702	NA
64.1	2025-06-10T12:00:00Z	1749556800	30.636636916835702	NA
64.1	2025-06-10T12:10:00Z	1749557400	30.636636916835702	NA
64.1	2025-06-10T12:20:00Z	1749558000	29.619103448275865	NA
64.1	2025-06-10T12:30:00Z	1749558600	31.145403651115622	NA
64.1	2025-06-10T12:40:00Z	1749559200	31.145403651115622	NA
64.1	2025-06-10T12:50:00Z	1749559800	30.636636916835702	NA
64.1	2025-06-10T13:00:00Z	1749560400	31.145403651115622	NA
64.1	2025-06-10T13:10:00Z	1749561000	31.145403651115622	NA
64.1	2025-06-10T13:20:00Z	1749561600	31.654170385395542	NA
64.1	2025-06-10T13:30:00Z	1749562200	31.145403651115622	NA
64.1	2025-06-10T13:40:00Z	1749562800	31.145403651115622	NA
64.1	2025-06-10T13:50:00Z	1749563400	31.654170385395542	NA
64.1	2025-06-10T14:00:00Z	1749564000	31.654170385395542	NA
64.1	2025-06-10T14:10:00Z	1749564600	31.654170385395542	NA
64.1	2025-06-10T14:20:00Z	1749565200	32.162937119675455	NA
64.1	2025-06-10T14:30:00Z	1749565800	32.162937119675455	NA
64.1	2025-06-10T14:40:00Z	1749566400	32.162937119675455	NA
64.1	2025-06-10T14:50:00Z	1749567000	32.162937119675455	NA
64.1	2025-06-10T15:00:00Z	1749567600	32.162937119675455	NA
64.1	2025-06-10T15:10:00Z	1749568200	32.162937119675455	NA
64.1	2025-06-10T15:20:00Z	1749568800	32.162937119675455	NA
64.1	2025-06-10T15:30:00Z	1749569400	31.654170385395542	NA
64.1	2025-06-10T15:40:00Z	1749570000	31.654170385395542	NA
64.1	2025-06-10T15:50:00Z	1749570600	31.654170385395542	NA
64.1	2025-06-10T16:00:00Z	1749571200	32.162937119675455	NA
64.1	2025-06-10T16:10:00Z	1749571800	32.67170385395538	NA
64.1	2025-06-10T16:20:00Z	1749572400	32.67170385395538	NA
64.1	2025-06-10T16:30:00Z	1749573000	32.162937119675455	NA
64.1	2025-06-10T16:40:00Z	1749573600	32.67170385395538	NA
64.1	2025-06-10T16:50:00Z	1749574200	32.162937119675455	NA
64.1	2025-06-10T17:00:00Z	1749574800	33.1804705882353	NA
64.1	2025-06-10T17:10:00Z	1749575400	32.67170385395538	NA
64.1	2025-06-10T17:20:00Z	1749576000	33.1804705882353	NA
64.1	2025-06-10T17:30:00Z	1749576600	34.70677079107505	NA
64.1	2025-06-10T17:40:00Z	1749577200	34.70677079107505	NA
64.1	2025-06-10T17:50:00Z	1749577800	34.70677079107505	NA
64.1	2025-06-10T18:00:00Z	1749578400	34.70677079107505	NA
64.1	2025-06-10T18:10:00Z	1749579000	34.198004056795135	NA
64.1	2025-06-10T18:20:00Z	1749579600	34.198004056795135	NA
64.1	2025-06-10T18:30:00Z	1749580200	34.198004056795135	NA
64.1	2025-06-10T18:40:00Z	1749580800	33.68923732251521	NA
64.1	2025-06-10T18:50:00Z	1749581400	33.68923732251521	NA
64.1	2025-06-10T19:00:00Z	1749582000	34.198004056795135	NA
64.1	2025-06-10T19:10:00Z	1749582600	35.215537525354975	NA
64.1	2025-06-10T19:20:00Z	1749583200	34.70677079107505	NA
64.1	2025-06-10T19:30:00Z	1749583800	34.70677079107505	NA
64.1	2025-06-10T19:40:00Z	1749584400	36.74183772819473	NA
64.1	2025-06-10T19:50:00Z	1749585000	33.1804705882353	NA
64.1	2025-06-10T20:00:00Z	1749585600	34.70677079107505	NA
64.1	2025-06-10T20:10:00Z	1749586200	36.23307099391481	NA
64.1	2025-06-10T20:20:00Z	1749586800	37.25060446247465	NA
64.1	2025-06-10T20:30:00Z	1749587400	35.724304259634884	NA
64.1	2025-06-10T20:40:00Z	1749588000	35.215537525354975	NA
64.1	2025-06-10T20:50:00Z	1749588600	34.198004056795135	NA
64.1	2025-06-10T21:00:00Z	1749589200	35.724304259634884	NA
64.1	2025-06-10T21:10:00Z	1749589800	35.215537525354975	NA
64.1	2025-06-10T21:20:00Z	1749590400	35.215537525354975	NA
64.1	2025-06-10T21:30:00Z	1749591000	35.215537525354975	NA
64.1	2025-06-10T21:40:00Z	1749591600	36.74183772819473	NA
64.1	2025-06-10T21:50:00Z	1749592200	33.68923732251521	NA
64.1	2025-06-10T22:00:00Z	1749592800	34.198004056795135	NA
64.1	2025-06-10T22:10:00Z	1749593400	33.68923732251521	NA
64.1	2025-06-10T22:20:00Z	1749594000	34.70677079107505	NA
64.1	2025-06-10T22:30:00Z	1749594600	35.215537525354975	NA
64.1	2025-06-10T22:40:00Z	1749595200	36.23307099391481	NA
64.1	2025-06-10T22:50:00Z	1749595800	35.724304259634884	NA
64.1	2025-06-10T23:00:00Z	1749596400	35.215537525354975	NA
64.1	2025-06-10T23:10:00Z	1749597000	34.70677079107505	NA
64.1	2025-06-10T23:20:00Z	1749597600	35.724304259634884	NA
64.1	2025-06-10T23:30:00Z	1749598200	35.724304259634884	NA
64.1	2025-06-10T23:40:00Z	1749598800	34.70677079107505	NA
64.1	2025-06-10T23:50:00Z	1749599400	35.215537525354975	NA
64.1	2025-06-11T00:00:00Z	1749600000	36.23307099391481	NA
64.1	2025-06-11T00:10:00Z	1749600600	35.215537525354975	NA
64.1	2025-06-11T00:20:00Z	1749601200	31.654170385395542	NA
64.1	2025-06-11T00:30:00Z	1749601800	35.215537525354975	NA
64.1	2025-06-11T00:40:00Z	1749602400	35.724304259634884	NA
64.1	2025-06-11T00:50:00Z	1749603000	33.1804705882353	NA
64.1	2025-06-11T01:00:00Z	1749603600	33.68923732251521	NA
64.1	2025-06-11T01:10:00Z	1749604200	36.74183772819473	NA
64.1	2025-06-11T01:20:00Z	1749604800	36.74183772819473	NA
64.1	2025-06-11T01:30:00Z	1749605400	35.724304259634884	NA
64.1	2025-06-11T01:40:00Z	1749606000	34.70677079107505	NA
64.1	2025-06-11T01:50:00Z	1749606600	34.198004056795135	NA
64.1	2025-06-11T02:00:00Z	1749607200	34.198004056795135	NA
64.1	2025-06-11T02:10:00Z	1749607800	34.198004056795135	NA
64.1	2025-06-11T02:20:00Z	1749608400	33.68923732251521	NA
64.1	2025-06-11T02:30:00Z	1749609000	33.68923732251521	NA
64.1	2025-06-11T02:40:00Z	1749609600	32.67170385395538	NA
64.1	2025-06-11T02:50:00Z	1749610200	33.1804705882353	NA
64.1	2025-06-11T03:00:00Z	1749610800	34.70677079107505	NA
64.1	2025-06-11T03:10:00Z	1749611400	34.198004056795135	NA
64.1	2025-06-11T03:20:00Z	1749612000	32.162937119675455	NA
64.1	2025-06-11T03:30:00Z	1749612600	34.70677079107505	NA
64.1	2025-06-11T03:40:00Z	1749613200	35.724304259634884	NA
64.1	2025-06-11T03:50:00Z	1749613800	35.724304259634884	NA
64.1	2025-06-11T04:00:00Z	1749614400	35.215537525354975	NA
64.1	2025-06-11T04:10:00Z	1749615000	35.215537525354975	NA
64.1	2025-06-11T04:20:00Z	1749615600	35.724304259634884	NA
64.1	2025-06-11T04:30:00Z	1749616200	32.162937119675455	NA
64.1	2025-06-11T04:40:00Z	1749616800	33.68923732251521	NA
64.1	2025-06-11T04:50:00Z	1749617400	36.23307099391481	NA
64.1	2025-06-11T05:00:00Z	1749618000	31.145403651115622	NA
64.1	2025-06-11T05:10:00Z	1749618600	34.198004056795135	NA
64.1	2025-06-11T05:20:00Z	1749619200	33.1804705882353	NA
64.1	2025-06-11T05:30:00Z	1749619800	32.162937119675455	NA
64.1	2025-06-11T05:40:00Z	1749620400	33.1804705882353	NA
64.1	2025-06-11T05:50:00Z	1749621000	32.67170385395538	NA
64.1	2025-06-11T06:00:00Z	1749621600	32.67170385395538	NA
64.1	2025-06-11T06:10:00Z	1749622200	30.636636916835702	NA
64.1	2025-06-11T06:20:00Z	1749622800	29.619103448275865	NA
64.1	2025-06-11T06:30:00Z	1749623400	31.654170385395542	NA
64.1	2025-06-11T06:40:00Z	1749624000	33.68923732251521	NA
64.1	2025-06-11T06:50:00Z	1749624600	33.68923732251521	NA
64.1	2025-06-11T07:00:00Z	1749625200	33.1804705882353	NA
64.1	2025-06-11T07:10:00Z	1749625800	31.145403651115622	NA
64.1	2025-06-11T07:20:00Z	1749626400	32.162937119675455	NA
64.1	2025-06-11T07:30:00Z	1749627000	32.162937119675455	NA
64.1	2025-06-11T07:40:00Z	1749627600	32.162937119675455	NA
64.1	2025-06-11T07:50:00Z	1749628200	29.619103448275865	NA
64.1	2025-06-11T08:00:00Z	1749628800	28.09280324543611	NA
64.1	2025-06-11T08:10:00Z	1749629400	30.127870182555785	NA
64.1	2025-06-11T08:20:00Z	1749630000	30.127870182555785	NA
64.1	2025-06-11T08:30:00Z	1749630600	30.127870182555785	NA
64.1	2025-06-11T08:40:00Z	1749631200	30.636636916835702	NA
64.1	2025-06-11T08:50:00Z	1749631800	31.654170385395542	NA
64.1	2025-06-11T09:00:00Z	1749632400	32.162937119675455	NA
64.1	2025-06-11T09:10:00Z	1749633000	32.162937119675455	NA
64.1	2025-06-11T09:20:00Z	1749633600	32.162937119675455	NA
64.1	2025-06-11T09:30:00Z	1749634200	31.145403651115622	NA
64.1	2025-06-11T09:40:00Z	1749634800	32.67170385395538	NA
64.1	2025-06-11T09:50:00Z	1749635400	32.162937119675455	NA
64.1	2025-06-11T10:00:00Z	1749636000	31.654170385395542	NA
64.1	2025-06-11T10:10:00Z	1749636600	32.162937119675455	NA
64.1	2025-06-11T10:20:00Z	1749637200	32.162937119675455	NA
64.1	2025-06-11T10:30:00Z	1749637800	31.654170385395542	NA
64.1	2025-06-11T10:40:00Z	1749638400	32.162937119675455	NA
64.1	2025-06-11T10:50:00Z	1749639000	31.654170385395542	NA
64.1	2025-06-11T11:00:00Z	1749639600	31.145403651115622	NA
64.1	2025-06-11T11:10:00Z	1749640200	31.145403651115622	NA
64.1	2025-06-11T11:20:00Z	1749640800	30.127870182555785	NA
64.1	2025-06-11T11:30:00Z	1749641400	30.127870182555785	NA
64.1	2025-06-11T11:40:00Z	1749642000	30.127870182555785	NA
64.1	2025-06-11T11:50:00Z	1749642600	29.619103448275865	NA
64.1	2025-06-11T12:00:00Z	1749643200	29.619103448275865	NA
64.1	2025-06-11T12:10:00Z	1749643800	29.11033671399595	NA
64.1	2025-06-11T12:20:00Z	1749644400	29.11033671399595	NA
64.1	2025-06-11T12:30:00Z	1749645000	29.11033671399595	NA
64.1	2025-06-11T12:40:00Z	1749645600	29.11033671399595	NA
64.1	2025-06-11T12:50:00Z	1749646200	29.619103448275865	NA
64.1	2025-06-11T13:00:00Z	1749646800	29.619103448275865	NA
64.1	2025-06-11T13:10:00Z	1749647400	29.11033671399595	NA
64.1	2025-06-11T13:20:00Z	1749648000	29.11033671399595	NA
64.1	2025-06-11T13:30:00Z	1749648600	29.619103448275865	NA
64.1	2025-06-11T13:40:00Z	1749649200	30.127870182555785	NA
64.1	2025-06-11T13:50:00Z	1749649800	29.619103448275865	NA
64.1	2025-06-11T14:00:00Z	1749650400	29.619103448275865	NA
64.1	2025-06-11T14:10:00Z	1749651000	30.127870182555785	NA
64.1	2025-06-11T14:20:00Z	1749651600	30.127870182555785	NA
64.1	2025-06-11T14:30:00Z	1749652200	30.636636916835702	NA
64.1	2025-06-11T14:40:00Z	1749652800	30.636636916835702	NA
64.1	2025-06-11T14:50:00Z	1749653400	30.636636916835702	NA
64.1	2025-06-11T15:00:00Z	1749654000	30.636636916835702	NA
64.1	2025-06-11T15:10:00Z	1749654600	30.636636916835702	NA
64.1	2025-06-11T15:20:00Z	1749655200	31.145403651115622	NA
64.1	2025-06-11T15:30:00Z	1749655800	32.67170385395538	NA
64.1	2025-06-11T15:40:00Z	1749656400	32.67170385395538	NA
64.1	2025-06-11T15:50:00Z	1749657000	33.1804705882353	NA
64.1	2025-06-11T16:00:00Z	1749657600	33.1804705882353	NA
64.1	2025-06-11T16:10:00Z	1749658200	33.68923732251521	NA
64.1	2025-06-11T16:20:00Z	1749658800	34.70677079107505	NA
64.1	2025-06-11T16:30:00Z	1749659400	33.1804705882353	NA
64.1	2025-06-11T16:40:00Z	1749660000	32.67170385395538	NA
64.1	2025-06-11T16:50:00Z	1749660600	32.67170385395538	NA
64.1	2025-06-11T17:00:00Z	1749661200	32.67170385395538	NA
64.1	2025-06-11T17:10:00Z	1749661800	32.67170385395538	NA
64.1	2025-06-11T17:20:00Z	1749662400	33.1804705882353	NA
64.1	2025-06-11T17:30:00Z	1749663000	32.67170385395538	NA
64.1	2025-06-11T17:40:00Z	1749663600	32.67170385395538	NA
64.1	2025-06-11T17:50:00Z	1749664200	33.1804705882353	NA
64.1	2025-06-11T18:00:00Z	1749664800	32.67170385395538	NA
64.1	2025-06-11T18:10:00Z	1749665400	33.1804705882353	NA
64.1	2025-06-11T18:20:00Z	1749666000	33.1804705882353	NA
64.1	2025-06-11T18:30:00Z	1749666600	32.162937119675455	NA
64.1	2025-06-11T18:40:00Z	1749667200	34.198004056795135	NA
64.1	2025-06-11T18:50:00Z	1749667800	34.70677079107505	NA
64.1	2025-06-11T19:00:00Z	1749668400	34.70677079107505	NA
64.1	2025-06-11T19:10:00Z	1749669000	34.198004056795135	NA
64.1	2025-06-11T19:20:00Z	1749669600	33.1804705882353	NA
64.1	2025-06-11T19:30:00Z	1749670200	34.70677079107505	NA
64.1	2025-06-11T19:40:00Z	1749670800	34.70677079107505	NA
64.1	2025-06-11T19:50:00Z	1749671400	33.68923732251521	NA
64.1	2025-06-11T20:00:00Z	1749672000	32.162937119675455	NA
64.1	2025-06-11T20:10:00Z	1749672600	34.198004056795135	NA
64.1	2025-06-11T20:20:00Z	1749673200	35.724304259634884	NA
68.1	2025-05-20T11:50:00Z	1747741800	33.77064	6.67764
68.1	2025-05-20T12:00:00Z	1747742400	34.27457461187215	8.180574611872146
68.1	2025-05-20T12:10:00Z	1747743000	34.27457461187215	8.680574611872146
68.1	2025-05-20T12:20:00Z	1747743600	33.26670538812785	7.672705388127852
68.1	2025-05-20T12:30:00Z	1747744200	32.76277077625571	6.668770776255705
68.1	2025-05-20T12:40:00Z	1747744800	32.25883616438356	5.66583616438356
68.1	2025-05-20T12:50:00Z	1747745400	31.754901552511416	5.1619015525114165
68.1	2025-05-20T13:00:00Z	1747746000	32.25883616438356	5.16583616438356
68.1	2025-05-20T13:10:00Z	1747746600	31.754901552511416	4.1619015525114165
68.1	2025-05-20T13:20:00Z	1747747200	31.754901552511416	4.6619015525114165
68.1	2025-05-20T13:30:00Z	1747747800	31.250966940639266	4.657966940639266
68.1	2025-05-20T13:40:00Z	1747748400	30.747032328767126	4.154032328767126
68.1	2025-05-20T13:50:00Z	1747749000	30.747032328767126	4.154032328767126
68.1	2025-05-20T14:00:00Z	1747749600	30.747032328767126	3.6540323287671264
68.1	2025-05-20T14:10:00Z	1747750200	30.24309771689498	2.6500977168949795
68.1	2025-05-20T14:20:00Z	1747750800	30.747032328767126	2.1550323287671276
68.1	2025-05-20T14:30:00Z	1747751400	30.24309771689498	2.1510977168949807
68.1	2025-05-20T14:40:00Z	1747752000	30.747032328767126	2.6550323287671276
68.1	2025-05-20T14:50:00Z	1747752600	30.747032328767126	3.1540323287671264
68.1	2025-05-20T15:00:00Z	1747753200	30.747032328767126	3.1540323287671264
68.1	2025-05-20T15:10:00Z	1747753800	30.747032328767126	4.154032328767126
68.1	2025-05-20T15:20:00Z	1747754400	30.747032328767126	4.154032328767126
68.1	2025-05-20T15:30:00Z	1747755000	30.24309771689498	3.1500977168949795
68.1	2025-05-20T15:40:00Z	1747755600	30.24309771689498	3.1500977168949795
68.1	2025-05-20T15:50:00Z	1747756200	30.24309771689498	2.6500977168949795
68.1	2025-05-20T16:00:00Z	1747756800	30.24309771689498	2.6500977168949795
68.1	2025-05-20T16:10:00Z	1747757400	30.24309771689498	3.1500977168949795
68.1	2025-05-20T16:20:00Z	1747758000	29.739163105022833	3.6451631050228315
68.1	2025-05-20T16:30:00Z	1747758600	29.739163105022833	3.1461631050228327
68.1	2025-05-20T16:40:00Z	1747759200	29.235228493150686	3.1412284931506846
68.1	2025-05-20T16:50:00Z	1747759800	29.235228493150686	3.1412284931506846
68.1	2025-05-20T17:00:00Z	1747760400	29.235228493150686	3.6412284931506846
68.1	2025-05-20T17:10:00Z	1747761000	28.73129388127854	3.137293881278538
68.1	2025-05-20T17:20:00Z	1747761600	28.73129388127854	4.137293881278538
68.1	2025-05-20T17:30:00Z	1747762200	28.73129388127854	4.637293881278538
68.1	2025-05-20T17:40:00Z	1747762800	28.227359269406392	4.133359269406391
68.1	2025-05-20T17:50:00Z	1747763400	28.227359269406392	4.133359269406391
68.1	2025-05-20T18:00:00Z	1747764000	28.227359269406392	4.133359269406391
68.1	2025-05-20T18:10:00Z	1747764600	29.739163105022833	5.6451631050228315
68.1	2025-05-20T18:20:00Z	1747765200	31.754901552511416	7.160901552511415
68.1	2025-05-20T18:30:00Z	1747765800	31.754901552511416	7.660901552511415
68.1	2025-05-20T18:40:00Z	1747766400	32.25883616438356	8.164836164383559
68.1	2025-05-20T18:50:00Z	1747767000	32.25883616438356	8.664836164383559
68.1	2025-05-20T19:00:00Z	1747767600	32.25883616438356	8.664836164383559
68.1	2025-05-20T19:10:00Z	1747768200	31.754901552511416	9.161901552511416
68.1	2025-05-20T19:20:00Z	1747768800	34.27457461187215	12.682574611872148
68.1	2025-05-20T19:30:00Z	1747769400	36.290313059360734	14.698313059360736
68.1	2025-05-20T19:40:00Z	1747770000	34.778509223744294	13.186509223744295
68.1	2025-05-20T19:50:00Z	1747770600	34.27457461187215	13.182574611872148
68.1	2025-05-20T20:00:00Z	1747771200	34.778509223744294	14.187509223744293
68.1	2025-05-20T20:10:00Z	1747771800	34.27457461187215	13.683574611872146
68.1	2025-05-20T20:20:00Z	1747772400	33.77064	13.17964
68.1	2025-05-20T20:30:00Z	1747773000	33.77064	13.67964
68.1	2025-05-20T20:40:00Z	1747773600	33.26670538812785	12.675705388127852
68.1	2025-05-20T20:50:00Z	1747774200	33.77064	13.17964
68.1	2025-05-20T21:00:00Z	1747774800	34.27457461187215	13.683574611872146
68.1	2025-05-20T21:10:00Z	1747775400	34.778509223744294	14.187509223744293
68.1	2025-05-20T21:20:00Z	1747776000	33.26670538812785	12.675705388127852
68.1	2025-05-20T21:30:00Z	1747776600	32.76277077625571	12.171770776255705
68.1	2025-05-20T21:40:00Z	1747777200	32.76277077625571	11.670770776255708
68.1	2025-05-20T21:50:00Z	1747777800	32.25883616438356	11.667836164383559
68.1	2025-05-20T22:00:00Z	1747778400	33.26670538812785	12.675705388127852
68.1	2025-05-20T22:10:00Z	1747779000	34.27457461187215	13.683574611872146
68.1	2025-05-20T22:20:00Z	1747779600	33.77064	13.17964
68.1	2025-05-20T22:30:00Z	1747780200	34.27457461187215	13.683574611872146
68.1	2025-05-20T22:40:00Z	1747780800	34.27457461187215	13.683574611872146
68.1	2025-05-20T22:50:00Z	1747781400	35.78637844748858	15.19537844748858
68.1	2025-05-20T23:00:00Z	1747782000	33.77064	13.17964
68.1	2025-05-20T23:10:00Z	1747782600	35.78637844748858	15.19537844748858
68.1	2025-05-20T23:20:00Z	1747783200	35.282443835616434	14.691443835616433
68.1	2025-05-20T23:30:00Z	1747783800	35.78637844748858	15.19537844748858
68.1	2025-05-20T23:40:00Z	1747784400	33.77064	13.17964
68.1	2025-05-20T23:50:00Z	1747785000	35.282443835616434	14.691443835616433
68.1	2025-05-21T00:00:00Z	1747785600	33.77064	13.17964
68.1	2025-05-21T00:10:00Z	1747786200	34.27457461187215	13.683574611872146
68.1	2025-05-21T00:20:00Z	1747786800	33.26670538812785	13.175705388127852
68.1	2025-05-21T00:30:00Z	1747787400	34.27457461187215	14.183574611872146
68.1	2025-05-21T00:40:00Z	1747788000	34.778509223744294	15.188509223744294
68.1	2025-05-21T00:50:00Z	1747788600	35.282443835616434	15.692443835616434
68.1	2025-05-21T01:00:00Z	1747789200	34.778509223744294	15.188509223744294
68.1	2025-05-21T01:10:00Z	1747789800	33.77064	14.18064
68.1	2025-05-21T01:20:00Z	1747790400	34.778509223744294	15.188509223744294
68.1	2025-05-21T01:30:00Z	1747791000	33.26670538812785	13.676705388127854
68.1	2025-05-21T01:40:00Z	1747791600	34.778509223744294	15.188509223744294
68.1	2025-05-21T01:50:00Z	1747792200	33.77064	14.18064
68.1	2025-05-21T02:00:00Z	1747792800	32.76277077625571	13.172770776255707
68.1	2025-05-21T02:10:00Z	1747793400	34.27457461187215	14.684574611872147
68.1	2025-05-21T02:20:00Z	1747794000	33.77064	14.18064
68.1	2025-05-21T02:30:00Z	1747794600	32.76277077625571	13.172770776255707
68.1	2025-05-21T02:40:00Z	1747795200	33.77064	14.18064
68.1	2025-05-21T02:50:00Z	1747795800	33.26670538812785	13.175705388127852
68.1	2025-05-21T03:00:00Z	1747796400	34.27457461187215	14.183574611872146
68.1	2025-05-21T03:10:00Z	1747797000	33.26670538812785	13.175705388127852
68.1	2025-05-21T03:20:00Z	1747797600	33.26670538812785	13.175705388127852
68.1	2025-05-21T03:30:00Z	1747798200	33.77064	13.67964
68.1	2025-05-21T03:40:00Z	1747798800	33.77064	13.67964
68.1	2025-05-21T03:50:00Z	1747799400	33.77064	13.17964
68.1	2025-05-21T04:00:00Z	1747800000	33.26670538812785	12.675705388127852
68.1	2025-05-21T04:10:00Z	1747800600	33.77064	13.17964
68.1	2025-05-21T04:20:00Z	1747801200	34.778509223744294	14.687509223744293
68.1	2025-05-21T04:30:00Z	1747801800	33.26670538812785	12.675705388127852
68.1	2025-05-21T04:40:00Z	1747802400	33.26670538812785	12.675705388127852
68.1	2025-05-21T04:50:00Z	1747803000	34.27457461187215	14.183574611872146
68.1	2025-05-21T05:00:00Z	1747803600	32.76277077625571	12.671770776255705
68.1	2025-05-21T05:10:00Z	1747804200	32.25883616438356	12.167836164383559
68.1	2025-05-21T05:20:00Z	1747804800	31.250966940639266	11.159966940639265
68.1	2025-05-21T05:30:00Z	1747805400	33.26670538812785	13.175705388127852
68.1	2025-05-21T05:40:00Z	1747806000	34.778509223744294	14.687509223744293
68.1	2025-05-21T05:50:00Z	1747806600	32.76277077625571	12.671770776255705
68.1	2025-05-21T06:00:00Z	1747807200	32.76277077625571	12.671770776255705
68.1	2025-05-21T06:10:00Z	1747807800	34.27457461187215	14.684574611872147
68.1	2025-05-21T06:20:00Z	1747808400	33.26670538812785	13.676705388127854
68.1	2025-05-21T06:30:00Z	1747809000	32.76277077625571	13.172770776255707
68.1	2025-05-21T06:40:00Z	1747809600	31.250966940639266	11.660966940639266
68.1	2025-05-21T06:50:00Z	1747810200	30.747032328767126	11.157032328767126
68.1	2025-05-21T07:00:00Z	1747810800	30.24309771689498	10.152097716894978
68.1	2025-05-21T07:10:00Z	1747811400	28.73129388127854	8.640293881278538
68.1	2025-05-21T07:20:00Z	1747812000	27.72342465753425	7.132424657534248
68.1	2025-05-21T07:30:00Z	1747812600	27.219490045662102	4.626490045662102
68.1	2025-05-21T07:40:00Z	1747813200	26.715555433789955	2.121555433789954
68.1	2025-05-21T07:50:00Z	1747813800	26.715555433789955	1.121555433789954
68.1	2025-05-21T08:00:00Z	1747814400	26.21162082191781	-1.3813791780821916
68.1	2025-05-21T08:10:00Z	1747815000	25.70768621004566	-1.3853137899543384
68.1	2025-05-21T08:20:00Z	1747815600	25.70768621004566	0.6136862100456604
68.1	2025-05-21T08:30:00Z	1747816200	25.203751598173515	-0.39024840182648646
68.1	2025-05-21T08:40:00Z	1747816800	25.203751598173515	0.10975159817351354
68.1	2025-05-21T08:50:00Z	1747817400	25.70768621004566	1.1136862100456604
68.1	2025-05-21T09:00:00Z	1747818000	25.203751598173515	0.6097515981735135
68.1	2025-05-21T09:10:00Z	1747818600	25.70768621004566	-0.3863137899543396
68.1	2025-05-21T09:20:00Z	1747819200	26.715555433789955	1.621555433789954
68.1	2025-05-21T09:30:00Z	1747819800	26.21162082191781	2.617620821917807
68.1	2025-05-21T09:40:00Z	1747820400	26.21162082191781	2.117620821917807
68.1	2025-05-21T09:50:00Z	1747821000	26.21162082191781	1.6176208219178072
68.1	2025-05-21T10:00:00Z	1747821600	25.70768621004566	1.1136862100456604
68.1	2025-05-21T10:10:00Z	1747822200	25.70768621004566	0.6136862100456604
68.1	2025-05-21T10:20:00Z	1747822800	25.70768621004566	0.6136862100456604
68.1	2025-05-21T10:30:00Z	1747823400	25.70768621004566	-0.3863137899543396
68.1	2025-05-21T10:40:00Z	1747824000	26.715555433789955	0.621555433789954
68.1	2025-05-21T10:50:00Z	1747824600	33.77064	7.676639999999999
68.1	2025-05-21T11:00:00Z	1747825200	35.282443835616434	9.688443835616432
68.1	2025-05-21T11:10:00Z	1747825800	34.778509223744294	9.184509223744293
68.1	2025-05-21T11:20:00Z	1747826400	35.282443835616434	9.688443835616432
68.1	2025-05-21T11:30:00Z	1747827000	36.290313059360734	10.696313059360733
68.1	2025-05-21T11:40:00Z	1747827600	35.78637844748858	10.19237844748858
68.1	2025-05-21T11:50:00Z	1747828200	34.778509223744294	9.684509223744293
68.1	2025-05-21T12:00:00Z	1747828800	32.76277077625571	7.168770776255705
68.1	2025-05-21T12:10:00Z	1747829400	32.25883616438356	6.6648361643835585
68.1	2025-05-21T12:20:00Z	1747830000	33.77064	7.676639999999999
68.1	2025-05-21T12:30:00Z	1747830600	33.26670538812785	7.172705388127852
68.1	2025-05-21T12:40:00Z	1747831200	32.76277077625571	6.668770776255705
68.1	2025-05-21T12:50:00Z	1747831800	31.754901552511416	5.660901552511415
68.1	2025-05-21T13:00:00Z	1747832400	31.754901552511416	5.1619015525114165
68.1	2025-05-21T13:10:00Z	1747833000	31.250966940639266	4.657966940639266
68.1	2025-05-21T13:20:00Z	1747833600	31.250966940639266	4.157966940639266
68.1	2025-05-21T13:30:00Z	1747834200	31.250966940639266	4.157966940639266
68.1	2025-05-21T13:40:00Z	1747834800	31.250966940639266	4.157966940639266
68.1	2025-05-21T13:50:00Z	1747835400	30.747032328767126	3.6540323287671264
68.1	2025-05-21T14:00:00Z	1747836000	30.747032328767126	3.6540323287671264
68.1	2025-05-21T14:10:00Z	1747836600	30.747032328767126	3.1540323287671264
68.1	2025-05-21T14:20:00Z	1747837200	30.747032328767126	3.1540323287671264
68.1	2025-05-21T14:30:00Z	1747837800	30.747032328767126	3.6540323287671264
68.1	2025-05-21T14:40:00Z	1747838400	30.747032328767126	3.6540323287671264
68.1	2025-05-21T14:50:00Z	1747839000	30.24309771689498	2.6500977168949795
68.1	2025-05-21T15:00:00Z	1747839600	30.24309771689498	2.6500977168949795
68.1	2025-05-21T15:10:00Z	1747840200	30.24309771689498	2.6500977168949795
68.1	2025-05-21T15:20:00Z	1747840800	30.24309771689498	2.6500977168949795
68.1	2025-05-21T15:30:00Z	1747841400	30.747032328767126	3.1540323287671264
68.1	2025-05-21T15:40:00Z	1747842000	30.747032328767126	3.1540323287671264
68.1	2025-05-21T15:50:00Z	1747842600	30.747032328767126	3.1540323287671264
68.1	2025-05-21T16:00:00Z	1747843200	31.250966940639266	3.1589669406392673
68.1	2025-05-21T16:10:00Z	1747843800	31.250966940639266	3.1589669406392673
68.1	2025-05-21T16:20:00Z	1747844400	32.25883616438356	4.166836164383561
68.1	2025-05-21T16:30:00Z	1747845000	32.76277077625571	4.670770776255708
68.1	2025-05-21T16:40:00Z	1747845600	32.76277077625571	4.670770776255708
68.1	2025-05-21T16:50:00Z	1747846200	32.76277077625571	4.670770776255708
68.1	2025-05-21T17:00:00Z	1747846800	32.25883616438356	4.166836164383561
68.1	2025-05-21T17:10:00Z	1747847400	32.25883616438356	4.66583616438356
68.1	2025-05-21T17:20:00Z	1747848000	32.25883616438356	4.66583616438356
68.1	2025-05-21T17:30:00Z	1747848600	32.76277077625571	5.169770776255707
68.1	2025-05-21T17:40:00Z	1747849200	32.76277077625571	5.669770776255707
68.1	2025-05-21T17:50:00Z	1747849800	33.26670538812785	6.673705388127853
68.1	2025-05-21T18:00:00Z	1747850400	33.77064	7.17764
68.1	2025-05-21T18:10:00Z	1747851000	33.77064	7.676639999999999
68.1	2025-05-21T18:20:00Z	1747851600	33.26670538812785	7.672705388127852
68.1	2025-05-21T18:30:00Z	1747852200	32.76277077625571	7.168770776255705
68.1	2025-05-21T18:40:00Z	1747852800	32.76277077625571	7.168770776255705
68.1	2025-05-21T18:50:00Z	1747853400	33.26670538812785	8.172705388127852
68.1	2025-05-21T19:00:00Z	1747854000	33.26670538812785	8.172705388127852
68.1	2025-05-21T19:10:00Z	1747854600	33.77064	8.676639999999999
68.1	2025-05-21T19:20:00Z	1747855200	35.282443835616434	10.688443835616432
68.1	2025-05-21T19:30:00Z	1747855800	35.78637844748858	11.19237844748858
68.1	2025-05-21T19:40:00Z	1747856400	35.78637844748858	11.19237844748858
68.1	2025-05-21T19:50:00Z	1747857000	36.794247671232874	12.200247671232873
68.1	2025-05-21T20:00:00Z	1747857600	36.290313059360734	12.196313059360733
68.1	2025-05-21T20:10:00Z	1747858200	35.282443835616434	11.188443835616432
68.1	2025-05-21T20:20:00Z	1747858800	35.78637844748858	12.19237844748858
68.1	2025-05-21T20:30:00Z	1747859400	35.282443835616434	11.688443835616432
68.1	2025-05-21T20:40:00Z	1747860000	36.794247671232874	13.200247671232873
68.1	2025-05-21T20:50:00Z	1747860600	36.290313059360734	12.696313059360733
68.1	2025-05-21T21:00:00Z	1747861200	34.778509223744294	11.184509223744293
68.1	2025-05-21T21:10:00Z	1747861800	34.778509223744294	11.685509223744294
68.1	2025-05-21T21:20:00Z	1747862400	34.778509223744294	11.685509223744294
68.1	2025-05-21T21:30:00Z	1747863000	34.27457461187215	11.181574611872147
68.1	2025-05-21T21:40:00Z	1747863600	34.27457461187215	11.181574611872147
68.1	2025-05-21T21:50:00Z	1747864200	34.27457461187215	11.181574611872147
68.1	2025-05-21T22:00:00Z	1747864800	34.778509223744294	11.685509223744294
68.1	2025-05-21T22:10:00Z	1747865400	34.778509223744294	11.685509223744294
68.1	2025-05-21T22:20:00Z	1747866000	33.77064	11.17764
68.1	2025-05-21T22:30:00Z	1747866600	33.77064	11.17764
68.1	2025-05-21T22:40:00Z	1747867200	33.26670538812785	10.673705388127853
68.1	2025-05-21T22:50:00Z	1747867800	33.77064	11.17764
68.1	2025-05-21T23:00:00Z	1747868400	35.78637844748858	13.19337844748858
68.1	2025-05-21T23:10:00Z	1747869000	35.282443835616434	13.189443835616434
68.1	2025-05-21T23:20:00Z	1747869600	34.27457461187215	12.181574611872147
68.1	2025-05-21T23:30:00Z	1747870200	35.78637844748858	13.69337844748858
68.1	2025-05-21T23:40:00Z	1747870800	34.778509223744294	12.685509223744294
68.1	2025-05-21T23:50:00Z	1747871400	34.27457461187215	12.181574611872147
68.1	2025-05-22T00:00:00Z	1747872000	33.77064	11.67764
68.1	2025-05-22T00:10:00Z	1747872600	34.27457461187215	12.181574611872147
68.1	2025-05-22T00:20:00Z	1747873200	34.27457461187215	12.682574611872148
68.1	2025-05-22T00:30:00Z	1747873800	33.26670538812785	11.173705388127853
68.1	2025-05-22T00:40:00Z	1747874400	34.778509223744294	12.685509223744294
68.1	2025-05-22T00:50:00Z	1747875000	33.26670538812785	11.173705388127853
68.1	2025-05-22T01:00:00Z	1747875600	33.77064	12.178640000000001
68.1	2025-05-22T01:10:00Z	1747876200	33.26670538812785	11.173705388127853
68.1	2025-05-22T01:20:00Z	1747876800	32.25883616438356	10.16583616438356
68.1	2025-05-22T01:30:00Z	1747877400	33.26670538812785	11.173705388127853
68.1	2025-05-22T01:40:00Z	1747878000	33.26670538812785	11.173705388127853
68.1	2025-05-22T01:50:00Z	1747878600	33.77064	11.67764
68.1	2025-05-22T02:00:00Z	1747879200	32.25883616438356	10.16583616438356
68.1	2025-05-22T02:10:00Z	1747879800	32.25883616438356	10.16583616438356
68.1	2025-05-22T02:20:00Z	1747880400	32.76277077625571	10.669770776255707
68.1	2025-05-22T02:30:00Z	1747881000	32.25883616438356	10.16583616438356
68.1	2025-05-22T02:40:00Z	1747881600	31.754901552511416	10.162901552511418
68.1	2025-05-22T02:50:00Z	1747882200	31.754901552511416	10.162901552511418
68.1	2025-05-22T03:00:00Z	1747882800	33.77064	12.178640000000001
68.1	2025-05-22T03:10:00Z	1747883400	34.27457461187215	12.682574611872148
68.1	2025-05-22T03:20:00Z	1747884000	33.26670538812785	11.674705388127855
68.1	2025-05-22T03:30:00Z	1747884600	31.754901552511416	10.162901552511418
68.1	2025-05-22T03:40:00Z	1747885200	31.250966940639266	9.658966940639267
68.1	2025-05-22T03:50:00Z	1747885800	31.250966940639266	9.658966940639267
68.1	2025-05-22T04:00:00Z	1747886400	32.76277077625571	11.170770776255708
68.1	2025-05-22T04:10:00Z	1747887000	33.26670538812785	11.674705388127855
68.1	2025-05-22T04:20:00Z	1747887600	32.25883616438356	10.666836164383561
68.1	2025-05-22T04:30:00Z	1747888200	31.754901552511416	10.162901552511418
68.1	2025-05-22T04:40:00Z	1747888800	32.25883616438356	10.666836164383561
68.1	2025-05-22T04:50:00Z	1747889400	33.77064	12.178640000000001
68.1	2025-05-22T05:00:00Z	1747890000	32.76277077625571	11.170770776255708
68.1	2025-05-22T05:10:00Z	1747890600	31.250966940639266	9.658966940639267
68.1	2025-05-22T05:20:00Z	1747891200	31.250966940639266	10.158966940639267
68.1	2025-05-22T05:30:00Z	1747891800	31.754901552511416	10.662901552511418
68.1	2025-05-22T05:40:00Z	1747892400	33.26670538812785	12.174705388127855
68.1	2025-05-22T05:50:00Z	1747893000	32.76277077625571	11.670770776255708
68.1	2025-05-22T06:00:00Z	1747893600	32.76277077625571	11.670770776255708
68.1	2025-05-22T06:10:00Z	1747894200	34.27457461187215	13.182574611872148
68.1	2025-05-22T06:20:00Z	1747894800	32.76277077625571	11.670770776255708
68.1	2025-05-22T06:30:00Z	1747895400	31.754901552511416	10.662901552511418
68.1	2025-05-22T06:40:00Z	1747896000	30.24309771689498	8.65109771689498
68.1	2025-05-22T06:50:00Z	1747896600	29.739163105022833	8.647163105022834
68.1	2025-05-22T07:00:00Z	1747897200	28.73129388127854	7.63929388127854
68.1	2025-05-22T07:10:00Z	1747897800	28.227359269406392	7.135359269406393
68.1	2025-05-22T07:20:00Z	1747898400	27.72342465753425	6.63142465753425
68.1	2025-05-22T07:30:00Z	1747899000	27.219490045662102	6.127490045662103
68.1	2025-05-22T07:40:00Z	1747899600	26.715555433789955	5.1235554337899565
68.1	2025-05-22T07:50:00Z	1747900200	26.715555433789955	5.6235554337899565
68.1	2025-05-22T08:00:00Z	1747900800	26.21162082191781	5.11962082191781
68.1	2025-05-22T08:10:00Z	1747901400	25.70768621004566	4.615686210045663
68.1	2025-05-22T08:20:00Z	1747902000	25.70768621004566	4.115686210045663
68.1	2025-05-22T08:30:00Z	1747902600	25.70768621004566	4.115686210045663
68.1	2025-05-22T08:40:00Z	1747903200	25.203751598173515	3.1107515981735148
68.1	2025-05-22T08:50:00Z	1747903800	25.203751598173515	2.1107515981735148
68.1	2025-05-22T09:00:00Z	1747904400	25.203751598173515	1.6097515981735135
68.1	2025-05-22T09:10:00Z	1747905000	25.203751598173515	0.6097515981735135
68.1	2025-05-22T09:20:00Z	1747905600	25.203751598173515	0.10975159817351354
68.1	2025-05-22T09:30:00Z	1747906200	25.203751598173515	0.6097515981735135
68.1	2025-05-22T09:40:00Z	1747906800	25.203751598173515	0.6097515981735135
68.1	2025-05-22T09:50:00Z	1747907400	25.203751598173515	0.6097515981735135
68.1	2025-05-22T10:00:00Z	1747908000	25.203751598173515	0.6097515981735135
68.1	2025-05-22T10:10:00Z	1747908600	25.70768621004566	0.11368621004566037
68.1	2025-05-22T10:20:00Z	1747909200	25.70768621004566	-0.3863137899543396
68.1	2025-05-22T10:30:00Z	1747909800	25.70768621004566	0.11368621004566037
68.1	2025-05-22T10:40:00Z	1747910400	26.21162082191781	0.1176208219178072
68.1	2025-05-22T10:50:00Z	1747911000	26.21162082191781	-0.38137917808219157
68.1	2025-05-22T11:00:00Z	1747911600	26.21162082191781	-0.38137917808219157
68.1	2025-05-22T11:10:00Z	1747912200	26.715555433789955	-0.37744456621004474
68.1	2025-05-22T11:20:00Z	1747912800	27.72342465753425	0.6304246575342489
68.1	2025-05-22T11:30:00Z	1747913400	27.72342465753425	0.6304246575342489
68.1	2025-05-22T11:40:00Z	1747914000	27.72342465753425	0.13042465753424892
68.1	2025-05-22T11:50:00Z	1747914600	27.72342465753425	-0.36857534246574986
68.1	2025-05-22T12:00:00Z	1747915200	28.227359269406392	0.13535926940639342
68.1	2025-05-22T12:10:00Z	1747915800	28.227359269406392	1.1343592694063922
68.1	2025-05-22T12:20:00Z	1747916400	28.227359269406392	1.1343592694063922
68.1	2025-05-22T12:30:00Z	1747917000	28.227359269406392	1.6343592694063922
68.1	2025-05-22T12:40:00Z	1747917600	27.72342465753425	4.630424657534249
68.1	2025-05-22T12:50:00Z	1747918200	26.715555433789955	6.624555433789954
68.1	2025-05-22T13:00:00Z	1747918800	28.227359269406392	8.637359269406392
68.1	2025-05-22T13:10:00Z	1747919400	30.747032328767126	11.157032328767126
68.1	2025-05-22T13:20:00Z	1747920000	31.250966940639266	11.660966940639266
68.1	2025-05-22T13:30:00Z	1747920600	30.24309771689498	10.152097716894978
68.1	2025-05-22T13:40:00Z	1747921200	31.250966940639266	10.659966940639265
68.1	2025-05-22T13:50:00Z	1747921800	30.24309771689498	9.15109771689498
68.1	2025-05-22T14:00:00Z	1747922400	30.24309771689498	9.15109771689498
68.1	2025-05-22T14:10:00Z	1747923000	29.739163105022833	8.147163105022834
68.1	2025-05-22T14:20:00Z	1747923600	31.250966940639266	9.658966940639267
68.1	2025-05-22T14:30:00Z	1747924200	31.754901552511416	9.661901552511416
68.1	2025-05-22T14:40:00Z	1747924800	30.747032328767126	7.654032328767126
68.1	2025-05-22T14:50:00Z	1747925400	30.24309771689498	6.149097716894978
68.1	2025-05-22T15:00:00Z	1747926000	29.739163105022833	5.1451631050228315
68.1	2025-05-22T15:10:00Z	1747926600	29.235228493150686	4.641228493150685
68.1	2025-05-22T15:20:00Z	1747927200	28.227359269406392	3.633359269406391
68.1	2025-05-22T15:30:00Z	1747927800	28.227359269406392	3.633359269406391
68.1	2025-05-22T15:40:00Z	1747928400	27.72342465753425	3.1294246575342477
68.1	2025-05-22T15:50:00Z	1747929000	27.72342465753425	2.6294246575342477
68.1	2025-05-22T16:00:00Z	1747929600	27.219490045662102	2.125490045662101
68.1	2025-05-22T16:10:00Z	1747930200	27.219490045662102	2.125490045662101
68.1	2025-05-22T16:20:00Z	1747930800	27.219490045662102	2.125490045662101
68.1	2025-05-22T16:30:00Z	1747931400	32.25883616438356	7.1648361643835585
68.1	2025-05-22T16:40:00Z	1747932000	33.26670538812785	8.172705388127852
68.1	2025-05-22T16:50:00Z	1747932600	32.25883616438356	7.6648361643835585
68.1	2025-05-22T17:00:00Z	1747933200	32.76277077625571	8.168770776255705
68.1	2025-05-22T17:10:00Z	1747933800	32.25883616438356	8.164836164383559
68.1	2025-05-22T17:20:00Z	1747934400	32.25883616438356	8.164836164383559
68.1	2025-05-22T17:30:00Z	1747935000	31.754901552511416	7.660901552511415
68.1	2025-05-22T17:40:00Z	1747935600	31.754901552511416	7.660901552511415
68.1	2025-05-22T17:50:00Z	1747936200	31.250966940639266	7.156966940639265
68.1	2025-05-22T18:00:00Z	1747936800	30.747032328767126	6.653032328767125
68.1	2025-05-22T18:10:00Z	1747937400	31.754901552511416	8.160901552511415
68.1	2025-05-22T18:20:00Z	1747938000	32.25883616438356	8.664836164383559
68.1	2025-05-22T18:30:00Z	1747938600	32.25883616438356	8.664836164383559
68.1	2025-05-22T18:40:00Z	1747939200	31.754901552511416	8.661901552511416
68.1	2025-05-22T18:50:00Z	1747939800	33.26670538812785	10.173705388127853
68.1	2025-05-22T19:00:00Z	1747940400	33.77064	10.67764
68.1	2025-05-22T19:10:00Z	1747941000	34.27457461187215	11.681574611872147
68.1	2025-05-22T19:20:00Z	1747941600	34.27457461187215	11.681574611872147
68.1	2025-05-22T19:30:00Z	1747942200	35.78637844748858	13.69337844748858
68.1	2025-05-22T19:40:00Z	1747942800	33.77064	13.67964
68.1	2025-05-22T19:50:00Z	1747943400	34.778509223744294	14.687509223744293
68.1	2025-05-22T20:00:00Z	1747944000	34.778509223744294	14.687509223744293
68.1	2025-05-22T20:10:00Z	1747944600	36.290313059360734	16.199313059360733
68.1	2025-05-22T20:20:00Z	1747945200	36.290313059360734	16.199313059360733
68.1	2025-05-22T20:30:00Z	1747945800	37.29818228310502	17.20718228310502
68.1	2025-05-22T20:40:00Z	1747946400	35.78637844748858	15.69537844748858
68.1	2025-05-22T20:50:00Z	1747947000	34.778509223744294	14.687509223744293
68.1	2025-05-22T21:00:00Z	1747947600	34.778509223744294	14.687509223744293
68.1	2025-05-22T21:10:00Z	1747948200	33.77064	13.67964
68.1	2025-05-22T21:20:00Z	1747948800	35.282443835616434	15.191443835616433
68.1	2025-05-22T21:30:00Z	1747949400	34.27457461187215	13.683574611872146
68.1	2025-05-22T21:40:00Z	1747950000	31.250966940639266	10.659966940639265
68.1	2025-05-22T21:50:00Z	1747950600	31.250966940639266	10.659966940639265
68.1	2025-05-22T22:00:00Z	1747951200	34.27457461187215	13.683574611872146
68.1	2025-05-22T22:10:00Z	1747951800	34.778509223744294	14.687509223744293
68.1	2025-05-22T22:20:00Z	1747952400	33.77064	13.67964
68.1	2025-05-22T22:30:00Z	1747953000	33.77064	13.17964
68.1	2025-05-22T22:40:00Z	1747953600	33.77064	13.17964
68.1	2025-05-22T22:50:00Z	1747954200	32.25883616438356	12.167836164383559
68.1	2025-05-22T23:00:00Z	1747954800	34.778509223744294	14.687509223744293
68.1	2025-05-22T23:10:00Z	1747955400	35.282443835616434	14.691443835616433
68.1	2025-05-22T23:20:00Z	1747956000	35.282443835616434	14.691443835616433
68.1	2025-05-22T23:30:00Z	1747956600	34.778509223744294	14.187509223744293
68.1	2025-05-22T23:40:00Z	1747957200	32.25883616438356	11.667836164383559
68.1	2025-05-22T23:50:00Z	1747957800	33.77064	13.17964
68.1	2025-05-23T00:00:00Z	1747958400	34.778509223744294	14.187509223744293
68.1	2025-05-23T00:10:00Z	1747959000	33.77064	13.17964
68.1	2025-05-23T00:20:00Z	1747959600	33.26670538812785	12.675705388127852
68.1	2025-05-23T00:30:00Z	1747960200	33.77064	12.678640000000001
68.1	2025-05-23T00:40:00Z	1747960800	34.778509223744294	14.187509223744293
68.1	2025-05-23T00:50:00Z	1747961400	33.26670538812785	12.675705388127852
68.1	2025-05-23T01:00:00Z	1747962000	32.25883616438356	11.667836164383559
68.1	2025-05-23T01:10:00Z	1747962600	33.26670538812785	12.675705388127852
68.1	2025-05-23T01:20:00Z	1747963200	33.26670538812785	12.675705388127852
68.1	2025-05-23T01:30:00Z	1747963800	32.76277077625571	12.671770776255705
68.1	2025-05-23T01:40:00Z	1747964400	33.77064	13.67964
68.1	2025-05-23T01:50:00Z	1747965000	32.76277077625571	12.671770776255705
68.1	2025-05-23T02:00:00Z	1747965600	32.25883616438356	11.667836164383559
68.1	2025-05-23T02:10:00Z	1747966200	32.76277077625571	12.171770776255705
68.1	2025-05-23T02:20:00Z	1747966800	32.25883616438356	11.667836164383559
68.1	2025-05-23T02:30:00Z	1747967400	32.25883616438356	11.667836164383559
68.1	2025-05-23T02:40:00Z	1747968000	33.26670538812785	12.675705388127852
68.1	2025-05-23T02:50:00Z	1747968600	33.26670538812785	12.675705388127852
68.1	2025-05-23T03:00:00Z	1747969200	33.26670538812785	13.175705388127852
68.1	2025-05-23T03:10:00Z	1747969800	32.25883616438356	12.167836164383559
68.1	2025-05-23T03:20:00Z	1747970400	33.26670538812785	13.175705388127852
68.1	2025-05-23T03:30:00Z	1747971000	32.25883616438356	12.167836164383559
68.1	2025-05-23T03:40:00Z	1747971600	31.754901552511416	12.164901552511417
68.1	2025-05-23T03:50:00Z	1747972200	31.250966940639266	11.660966940639266
68.1	2025-05-23T04:00:00Z	1747972800	33.26670538812785	13.676705388127854
68.1	2025-05-23T04:10:00Z	1747973400	32.76277077625571	13.172770776255707
68.1	2025-05-23T04:20:00Z	1747974000	33.26670538812785	13.676705388127854
68.1	2025-05-23T04:30:00Z	1747974600	32.25883616438356	12.66883616438356
68.1	2025-05-23T04:40:00Z	1747975200	30.747032328767126	11.157032328767126
68.1	2025-05-23T04:50:00Z	1747975800	32.76277077625571	13.172770776255707
68.1	2025-05-23T05:00:00Z	1747976400	32.25883616438356	12.167836164383559
68.1	2025-05-23T05:10:00Z	1747977000	32.76277077625571	12.671770776255705
68.1	2025-05-23T05:20:00Z	1747977600	31.754901552511416	11.663901552511415
68.1	2025-05-23T05:30:00Z	1747978200	31.250966940639266	11.159966940639265
68.1	2025-05-23T05:40:00Z	1747978800	30.747032328767126	10.656032328767125
68.1	2025-05-23T05:50:00Z	1747979400	30.24309771689498	10.152097716894978
68.1	2025-05-23T06:00:00Z	1747980000	29.739163105022833	9.648163105022832
68.1	2025-05-23T06:10:00Z	1747980600	28.73129388127854	8.640293881278538
68.1	2025-05-23T06:20:00Z	1747981200	31.754901552511416	11.663901552511415
68.1	2025-05-23T06:30:00Z	1747981800	32.25883616438356	12.167836164383559
68.1	2025-05-23T06:40:00Z	1747982400	31.250966940639266	11.159966940639265
68.1	2025-05-23T06:50:00Z	1747983000	29.739163105022833	9.648163105022832
68.1	2025-05-23T07:00:00Z	1747983600	29.235228493150686	9.144228493150685
68.1	2025-05-23T07:10:00Z	1747984200	28.73129388127854	8.640293881278538
68.1	2025-05-23T07:20:00Z	1747984800	27.72342465753425	7.132424657534248
68.1	2025-05-23T07:30:00Z	1747985400	27.219490045662102	6.628490045662101
68.1	2025-05-23T07:40:00Z	1747986000	26.715555433789955	6.124555433789954
68.1	2025-05-23T07:50:00Z	1747986600	26.21162082191781	5.11962082191781
68.1	2025-05-23T08:00:00Z	1747987200	26.21162082191781	4.61962082191781
68.1	2025-05-23T08:10:00Z	1747987800	25.70768621004566	3.6146862100456616
68.1	2025-05-23T08:20:00Z	1747988400	25.70768621004566	2.1136862100456604
68.1	2025-05-23T08:30:00Z	1747989000	25.203751598173515	-2.888248401826484
68.1	2025-05-23T08:40:00Z	1747989600	25.203751598173515	-4.387248401826486
68.1	2025-05-23T08:50:00Z	1747990200	25.203751598173515	-2.3892484018264852
68.1	2025-05-23T09:00:00Z	1747990800	25.70768621004566	0.6136862100456604
68.1	2025-05-23T09:10:00Z	1747991400	28.227359269406392	1.1343592694063922
68.1	2025-05-23T09:20:00Z	1747992000	29.235228493150686	0.14422849315068476
68.1	2025-05-23T09:30:00Z	1747992600	32.25883616438356	4.166836164383561
68.1	2025-05-23T09:40:00Z	1747993200	34.778509223744294	8.684509223744293
68.1	2025-05-23T09:50:00Z	1747993800	33.77064	7.676639999999999
68.1	2025-05-23T10:00:00Z	1747994400	32.25883616438356	6.1648361643835585
68.1	2025-05-23T10:10:00Z	1747995000	31.250966940639266	5.156966940639265
68.1	2025-05-23T10:20:00Z	1747995600	30.747032328767126	4.154032328767126
68.1	2025-05-23T10:30:00Z	1747996200	30.24309771689498	3.6500977168949795
68.1	2025-05-23T10:40:00Z	1747996800	31.754901552511416	5.1619015525114165
68.1	2025-05-23T10:50:00Z	1747997400	34.778509223744294	8.684509223744293
68.1	2025-05-23T11:00:00Z	1747998000	35.282443835616434	9.188443835616432
68.1	2025-05-23T11:10:00Z	1747998600	35.282443835616434	9.188443835616432
68.1	2025-05-23T11:20:00Z	1747999200	34.778509223744294	8.185509223744294
68.1	2025-05-23T11:30:00Z	1747999800	34.778509223744294	8.684509223744293
68.1	2025-05-23T11:40:00Z	1748000400	35.282443835616434	8.689443835616434
68.1	2025-05-23T11:50:00Z	1748001000	34.778509223744294	8.185509223744294
68.1	2025-05-23T12:00:00Z	1748001600	36.290313059360734	9.697313059360734
68.1	2025-05-23T12:10:00Z	1748002200	36.290313059360734	12.931813059360735
68.1	2025-05-23T12:20:00Z	1748002800	31.754901552511416	10.397901552511417
68.1	2025-05-23T12:30:00Z	1748003400	29.739163105022833	8.882163105022833
68.1	2025-05-23T12:40:00Z	1748004000	31.754901552511416	11.147901552511417
68.1	2025-05-23T12:50:00Z	1748004600	29.739163105022833	9.132663105022836
68.1	2025-05-23T13:00:00Z	1748005200	30.24309771689498	9.886597716894983
68.1	2025-05-23T13:10:00Z	1748005800	29.235228493150686	9.379228493150684
68.1	2025-05-23T13:20:00Z	1748006400	29.235228493150686	10.129728493150687
68.1	2025-05-23T13:30:00Z	1748007000	27.72342465753425	8.61792465753425
68.1	2025-05-23T13:40:00Z	1748007600	27.219490045662102	8.113990045662103
68.1	2025-05-23T13:50:00Z	1748008200	26.21162082191781	6.856120821917809
68.1	2025-05-23T14:00:00Z	1748008800	25.70768621004566	6.602186210045662
68.1	2025-05-23T14:10:00Z	1748009400	24.69981698630137	5.594316986301372
68.1	2025-05-23T14:20:00Z	1748010000	24.195882374429225	6.091882374429225
68.1	2025-05-23T14:30:00Z	1748010600	23.691947762557078	5.337447762557076
68.1	2025-05-23T14:40:00Z	1748011200	22.684078538812784	4.830078538812785
68.1	2025-05-23T14:50:00Z	1748011800	22.18014392694064	4.576143926940642
68.1	2025-05-23T15:00:00Z	1748012400	21.172274703196347	3.818774703196347
68.1	2025-05-23T15:10:00Z	1748013000	21.172274703196347	4.069274703196346
68.1	2025-05-23T15:20:00Z	1748013600	21.676209315068494	3.572209315068495
68.1	2025-05-23T15:30:00Z	1748014200	21.172274703196347	3.068274703196348
68.1	2025-05-23T15:40:00Z	1748014800	21.172274703196347	3.818774703196347
68.1	2025-05-23T15:50:00Z	1748015400	20.164405479452057	3.5624054794520568
68.1	2025-05-23T16:00:00Z	1748016000	20.668340091324204	3.8158400913242048
68.1	2025-05-23T16:10:00Z	1748016600	20.668340091324204	3.8158400913242048
68.1	2025-05-23T16:20:00Z	1748017200	20.668340091324204	2.8143400913242047
68.1	2025-05-23T16:30:00Z	1748017800	20.668340091324204	3.3148400913242035
68.1	2025-05-23T16:40:00Z	1748018400	20.164405479452057	2.060405479452058
68.1	2025-05-23T16:50:00Z	1748019000	19.660470867579907	1.5564708675799075
68.1	2025-05-23T17:00:00Z	1748019600	19.660470867579907	2.3069708675799063
68.1	2025-05-23T17:10:00Z	1748020200	19.156536255707763	1.5525362557077642
68.1	2025-05-23T17:20:00Z	1748020800	19.156536255707763	1.803036255707763
68.1	2025-05-23T17:30:00Z	1748021400	19.660470867579907	2.3069708675799063
68.1	2025-05-23T17:40:00Z	1748022000	19.660470867579907	1.5564708675799075
68.1	2025-05-23T17:50:00Z	1748022600	19.660470867579907	1.0554708675799098
68.1	2025-05-23T18:00:00Z	1748023200	20.164405479452057	1.0589054794520578
68.1	2025-05-23T18:10:00Z	1748023800	21.172274703196347	1.5662747031963455
68.1	2025-05-23T18:20:00Z	1748024400	24.195882374429225	4.589882374429223
68.1	2025-05-23T18:30:00Z	1748025000	23.691947762557078	4.3364477625570785
68.1	2025-05-23T18:40:00Z	1748025600	22.684078538812784	4.079078538812787
68.1	2025-05-23T18:50:00Z	1748026200	25.203751598173515	6.3482515981735155
68.1	2025-05-23T19:00:00Z	1748026800	26.21162082191781	7.356120821917809
68.1	2025-05-23T19:10:00Z	1748027400	26.715555433789955	7.610055433789956
68.1	2025-05-23T19:20:00Z	1748028000	26.715555433789955	7.109555433789954
68.1	2025-05-23T19:30:00Z	1748028600	28.227359269406392	8.87135926940639
68.1	2025-05-23T19:40:00Z	1748029200	28.73129388127854	8.874793881278539
68.1	2025-05-23T19:50:00Z	1748029800	29.235228493150686	9.378728493150685
68.1	2025-05-23T20:00:00Z	1748030400	29.235228493150686	9.128728493150685
68.1	2025-05-23T20:10:00Z	1748031000	29.235228493150686	9.879728493150687
68.1	2025-05-23T20:20:00Z	1748031600	30.747032328767126	11.391032328767125
68.1	2025-05-23T20:30:00Z	1748032200	29.235228493150686	10.880728493150684
68.1	2025-05-23T20:40:00Z	1748032800	28.73129388127854	9.876293881278539
68.1	2025-05-23T20:50:00Z	1748033400	28.227359269406392	9.622359269406392
68.1	2025-05-23T21:00:00Z	1748034000	28.227359269406392	10.373359269406393
68.1	2025-05-23T21:10:00Z	1748034600	29.739163105022833	11.134163105022832
68.1	2025-05-23T21:20:00Z	1748035200	29.739163105022833	11.384663105022831
68.1	2025-05-23T21:30:00Z	1748035800	29.739163105022833	11.634663105022831
68.1	2025-05-23T21:40:00Z	1748036400	28.227359269406392	9.87285926940639
68.1	2025-05-23T21:50:00Z	1748037000	30.24309771689498	11.638097716894983
68.1	2025-05-23T22:00:00Z	1748037600	29.235228493150686	10.129728493150687
68.1	2025-05-23T22:10:00Z	1748038200	29.739163105022833	10.633663105022833
68.1	2025-05-23T22:20:00Z	1748038800	30.24309771689498	11.888597716894978
68.1	2025-05-23T22:30:00Z	1748039400	29.235228493150686	11.381228493150687
68.1	2025-05-23T22:40:00Z	1748040000	28.73129388127854	10.126293881278539
68.1	2025-05-23T22:50:00Z	1748040600	28.227359269406392	9.622359269406392
68.1	2025-05-23T23:00:00Z	1748041200	29.235228493150686	10.379728493150687
68.1	2025-05-23T23:10:00Z	1748041800	28.227359269406392	10.123359269406393
68.1	2025-05-23T23:20:00Z	1748042400	26.715555433789955	8.861555433789956
68.1	2025-05-23T23:30:00Z	1748043000	28.73129388127854	11.377793881278539
68.1	2025-05-23T23:40:00Z	1748043600	29.235228493150686	11.881728493150685
68.1	2025-05-23T23:50:00Z	1748044200	28.227359269406392	9.87285926940639
68.1	2025-05-24T00:00:00Z	1748044800	26.715555433789955	7.860055433789956
68.1	2025-05-24T00:10:00Z	1748045400	30.24309771689498	11.38759771689498
68.1	2025-05-24T00:20:00Z	1748046000	29.235228493150686	10.630228493150685
68.1	2025-05-24T00:30:00Z	1748046600	26.715555433789955	8.361055433789954
68.1	2025-05-24T00:40:00Z	1748047200	26.715555433789955	8.611055433789954
68.1	2025-05-24T00:50:00Z	1748047800	27.72342465753425	8.868424657534248
68.1	2025-05-24T01:00:00Z	1748048400	28.73129388127854	10.376793881278537
68.1	2025-05-24T01:10:00Z	1748049000	28.227359269406392	8.62135926940639
68.1	2025-05-24T01:20:00Z	1748049600	33.26670538812785	10.673705388127853
68.1	2025-05-24T01:30:00Z	1748050200	35.78637844748858	13.19337844748858
68.1	2025-05-24T01:40:00Z	1748050800	35.282443835616434	12.689443835616434
68.1	2025-05-24T01:50:00Z	1748051400	34.27457461187215	11.681574611872147
68.1	2025-05-24T02:00:00Z	1748052000	33.77064	11.17764
68.1	2025-05-24T02:10:00Z	1748052600	34.27457461187215	11.681574611872147
68.1	2025-05-24T02:20:00Z	1748053200	34.27457461187215	12.181574611872147
68.1	2025-05-24T02:30:00Z	1748053800	34.778509223744294	12.685509223744294
68.1	2025-05-24T02:40:00Z	1748054400	34.27457461187215	12.181574611872147
68.1	2025-05-24T02:50:00Z	1748055000	33.26670538812785	11.173705388127853
68.1	2025-05-24T03:00:00Z	1748055600	32.76277077625571	10.669770776255707
68.1	2025-05-24T03:10:00Z	1748056200	33.26670538812785	11.674705388127855
68.1	2025-05-24T03:20:00Z	1748056800	33.77064	12.178640000000001
68.1	2025-05-24T03:30:00Z	1748057400	33.77064	12.678640000000001
68.1	2025-05-24T03:40:00Z	1748058000	33.77064	12.678640000000001
68.1	2025-05-24T03:50:00Z	1748058600	33.77064	12.678640000000001
68.1	2025-05-24T04:00:00Z	1748059200	33.26670538812785	12.174705388127855
68.1	2025-05-24T04:10:00Z	1748059800	33.26670538812785	12.174705388127855
68.1	2025-05-24T04:20:00Z	1748060400	33.77064	12.678640000000001
68.1	2025-05-24T04:30:00Z	1748061000	33.26670538812785	12.675705388127852
68.1	2025-05-24T04:40:00Z	1748061600	33.26670538812785	12.675705388127852
68.1	2025-05-24T04:50:00Z	1748062200	32.76277077625571	12.171770776255705
68.1	2025-05-24T05:00:00Z	1748062800	32.76277077625571	12.171770776255705
68.1	2025-05-24T05:10:00Z	1748063400	32.25883616438356	11.667836164383559
68.1	2025-05-24T05:20:00Z	1748064000	33.26670538812785	12.675705388127852
68.1	2025-05-24T05:30:00Z	1748064600	32.76277077625571	12.171770776255705
68.1	2025-05-24T05:40:00Z	1748065200	34.27457461187215	13.683574611872146
68.1	2025-05-24T05:50:00Z	1748065800	33.77064	13.67964
68.1	2025-05-24T06:00:00Z	1748066400	33.77064	13.67964
68.1	2025-05-24T06:10:00Z	1748067000	33.26670538812785	13.175705388127852
68.1	2025-05-24T06:20:00Z	1748067600	32.76277077625571	12.671770776255705
68.1	2025-05-24T06:30:00Z	1748068200	33.26670538812785	13.175705388127852
68.1	2025-05-24T06:40:00Z	1748068800	32.76277077625571	12.171770776255705
68.1	2025-05-24T06:50:00Z	1748069400	33.26670538812785	12.675705388127852
68.1	2025-05-24T07:00:00Z	1748070000	32.25883616438356	12.167836164383559
68.1	2025-05-24T07:10:00Z	1748070600	31.754901552511416	11.663901552511415
68.1	2025-05-24T07:20:00Z	1748071200	31.754901552511416	11.163901552511415
68.1	2025-05-24T07:30:00Z	1748071800	32.76277077625571	10.169770776255707
68.1	2025-05-24T07:40:00Z	1748072400	32.76277077625571	8.168770776255705
68.1	2025-05-24T07:50:00Z	1748073000	31.754901552511416	6.160901552511415
68.1	2025-05-24T08:00:00Z	1748073600	31.250966940639266	3.657966940639266
68.1	2025-05-24T08:10:00Z	1748074200	30.747032328767126	2.1550323287671276
68.1	2025-05-24T08:20:00Z	1748074800	30.747032328767126	3.1540323287671264
68.1	2025-05-24T08:30:00Z	1748075400	30.747032328767126	0.6570323287671265
68.1	2025-05-24T08:40:00Z	1748076000	30.747032328767126	-0.3419676712328723
68.1	2025-05-24T08:50:00Z	1748076600	30.747032328767126	1.1560323287671253
68.1	2025-05-24T09:00:00Z	1748077200	30.747032328767126	1.6560323287671253
68.1	2025-05-24T09:10:00Z	1748077800	30.747032328767126	0.6570323287671265
68.1	2025-05-24T09:20:00Z	1748078400	30.747032328767126	0.6570323287671265
68.1	2025-05-24T09:30:00Z	1748079000	30.747032328767126	2.1550323287671276
68.1	2025-05-24T09:40:00Z	1748079600	29.739163105022833	2.6461631050228327
68.1	2025-05-24T09:50:00Z	1748080200	30.747032328767126	3.6540323287671264
68.1	2025-05-24T10:00:00Z	1748080800	31.250966940639266	4.157966940639266
68.1	2025-05-24T10:10:00Z	1748081400	30.747032328767126	3.6540323287671264
68.1	2025-05-24T10:20:00Z	1748082000	30.747032328767126	3.6540323287671264
68.1	2025-05-24T10:30:00Z	1748082600	30.747032328767126	3.1540323287671264
68.1	2025-05-24T10:40:00Z	1748083200	30.747032328767126	3.1540323287671264
68.1	2025-05-24T10:50:00Z	1748083800	30.747032328767126	3.1540323287671264
68.1	2025-05-24T11:00:00Z	1748084400	31.250966940639266	3.1589669406392673
68.1	2025-05-24T11:10:00Z	1748085000	31.250966940639266	3.1589669406392673
68.1	2025-05-24T11:20:00Z	1748085600	31.250966940639266	3.1589669406392673
68.1	2025-05-24T11:30:00Z	1748086200	31.754901552511416	3.6629015525114177
68.1	2025-05-24T11:40:00Z	1748086800	31.754901552511416	3.6629015525114177
68.1	2025-05-24T11:50:00Z	1748087400	31.754901552511416	3.6629015525114177
68.1	2025-05-24T12:00:00Z	1748088000	31.754901552511416	3.6629015525114177
68.1	2025-05-24T12:10:00Z	1748088600	32.25883616438356	3.666836164383561
68.1	2025-05-24T12:20:00Z	1748089200	32.25883616438356	3.666836164383561
68.1	2025-05-24T12:30:00Z	1748089800	32.25883616438356	4.166836164383561
68.1	2025-05-24T12:40:00Z	1748090400	32.25883616438356	4.166836164383561
68.1	2025-05-24T12:50:00Z	1748091000	32.25883616438356	3.666836164383561
68.1	2025-05-24T13:00:00Z	1748091600	32.25883616438356	4.166836164383561
68.1	2025-05-24T13:10:00Z	1748092200	32.76277077625571	4.670770776255708
68.1	2025-05-24T13:20:00Z	1748092800	32.76277077625571	4.670770776255708
68.1	2025-05-24T13:30:00Z	1748093400	32.76277077625571	4.170770776255708
68.1	2025-05-24T13:40:00Z	1748094000	33.26670538812785	5.174705388127855
68.1	2025-05-24T13:50:00Z	1748094600	32.76277077625571	4.170770776255708
68.1	2025-05-24T14:00:00Z	1748095200	33.26670538812785	4.674705388127855
68.1	2025-05-24T14:10:00Z	1748095800	33.26670538812785	5.174705388127855
68.1	2025-05-24T14:20:00Z	1748096400	33.26670538812785	4.674705388127855
68.1	2025-05-24T14:30:00Z	1748097000	33.77064	5.1786400000000015
68.1	2025-05-24T14:40:00Z	1748097600	34.778509223744294	6.686509223744295
68.1	2025-05-24T14:50:00Z	1748098200	34.778509223744294	6.186509223744295
68.1	2025-05-24T15:00:00Z	1748098800	34.778509223744294	5.687509223744293
68.1	2025-05-24T15:10:00Z	1748099400	35.282443835616434	6.1914438356164325
68.1	2025-05-24T15:20:00Z	1748100000	34.778509223744294	5.687509223744293
68.1	2025-05-24T15:30:00Z	1748100600	34.778509223744294	6.686509223744295
68.1	2025-05-24T15:40:00Z	1748101200	35.282443835616434	6.690443835616435
68.1	2025-05-24T15:50:00Z	1748101800	34.778509223744294	6.186509223744295
68.1	2025-05-24T16:00:00Z	1748102400	34.778509223744294	5.687509223744293
68.1	2025-05-24T16:10:00Z	1748103000	35.282443835616434	6.690443835616435
68.1	2025-05-24T16:20:00Z	1748103600	35.78637844748858	6.695378447488579
68.1	2025-05-24T16:30:00Z	1748104200	35.78637844748858	6.695378447488579
68.1	2025-05-24T16:40:00Z	1748104800	35.78637844748858	6.695378447488579
68.1	2025-05-24T16:50:00Z	1748105400	35.78637844748858	6.695378447488579
68.1	2025-05-24T17:00:00Z	1748106000	36.290313059360734	7.199313059360733
68.1	2025-05-24T17:10:00Z	1748106600	36.290313059360734	7.199313059360733
68.1	2025-05-24T17:20:00Z	1748107200	36.794247671232874	8.202247671232875
68.1	2025-05-24T17:30:00Z	1748107800	36.794247671232874	8.202247671232875
68.1	2025-05-24T17:40:00Z	1748108400	36.794247671232874	8.202247671232875
68.1	2025-05-24T17:50:00Z	1748109000	36.794247671232874	8.202247671232875
68.1	2025-05-24T18:00:00Z	1748109600	36.794247671232874	8.702247671232875
68.1	2025-05-24T18:10:00Z	1748110200	36.794247671232874	8.702247671232875
68.1	2025-05-24T18:20:00Z	1748110800	36.290313059360734	8.198313059360736
68.1	2025-05-24T18:30:00Z	1748111400	35.78637844748858	8.19337844748858
68.1	2025-05-24T18:40:00Z	1748112000	36.794247671232874	9.701247671232874
68.1	2025-05-24T18:50:00Z	1748112600	35.78637844748858	9.19337844748858
68.1	2025-05-24T19:00:00Z	1748113200	36.290313059360734	9.697313059360734
68.1	2025-05-24T19:10:00Z	1748113800	36.290313059360734	10.196313059360733
68.1	2025-05-24T19:20:00Z	1748114400	34.27457461187215	8.180574611872146
68.1	2025-05-24T19:30:00Z	1748115000	35.78637844748858	10.19237844748858
68.1	2025-05-24T19:40:00Z	1748115600	35.78637844748858	10.19237844748858
68.1	2025-05-24T19:50:00Z	1748116200	36.290313059360734	10.696313059360733
68.1	2025-05-24T20:00:00Z	1748116800	36.794247671232874	11.200247671232873
68.1	2025-05-24T20:10:00Z	1748117400	36.794247671232874	11.700247671232873
68.1	2025-05-24T20:20:00Z	1748118000	35.78637844748858	10.69237844748858
68.1	2025-05-24T20:30:00Z	1748118600	35.282443835616434	10.188443835616432
68.1	2025-05-24T20:40:00Z	1748119200	36.794247671232874	12.200247671232873
68.1	2025-05-24T20:50:00Z	1748119800	35.78637844748858	11.19237844748858
68.1	2025-05-24T21:00:00Z	1748120400	35.282443835616434	10.688443835616432
68.1	2025-05-24T21:10:00Z	1748121000	36.794247671232874	12.200247671232873
68.1	2025-05-24T21:20:00Z	1748121600	37.29818228310502	12.70418228310502
68.1	2025-05-24T21:30:00Z	1748122200	38.80998611872146	14.21598611872146
68.1	2025-05-24T21:40:00Z	1748122800	38.306051506849315	13.712051506849313
68.1	2025-05-24T21:50:00Z	1748123400	37.29818228310502	12.70418228310502
68.1	2025-05-24T22:00:00Z	1748124000	35.78637844748858	11.69237844748858
68.1	2025-05-24T22:10:00Z	1748124600	35.78637844748858	11.19237844748858
68.1	2025-05-24T22:20:00Z	1748125200	34.27457461187215	9.680574611872146
68.1	2025-05-24T22:30:00Z	1748125800	34.27457461187215	9.680574611872146
68.1	2025-05-24T22:40:00Z	1748126400	34.778509223744294	10.184509223744293
68.1	2025-05-24T22:50:00Z	1748127000	35.78637844748858	11.69237844748858
68.1	2025-05-24T23:00:00Z	1748127600	36.290313059360734	12.196313059360733
68.1	2025-05-24T23:10:00Z	1748128200	36.290313059360734	12.196313059360733
68.1	2025-05-24T23:20:00Z	1748128800	34.778509223744294	11.184509223744293
68.1	2025-05-24T23:30:00Z	1748129400	36.290313059360734	12.696313059360733
68.1	2025-05-24T23:40:00Z	1748130000	36.794247671232874	13.200247671232873
68.1	2025-05-24T23:50:00Z	1748130600	36.794247671232874	13.200247671232873
68.1	2025-05-25T00:00:00Z	1748131200	36.794247671232874	13.200247671232873
68.1	2025-05-25T00:10:00Z	1748131800	36.794247671232874	13.200247671232873
68.1	2025-05-25T00:20:00Z	1748132400	34.778509223744294	11.184509223744293
68.1	2025-05-25T00:30:00Z	1748133000	35.78637844748858	12.69337844748858
68.1	2025-05-25T00:40:00Z	1748133600	36.794247671232874	13.200247671232873
68.1	2025-05-25T00:50:00Z	1748134200	36.794247671232874	13.701247671232874
68.1	2025-05-25T01:00:00Z	1748134800	36.794247671232874	13.701247671232874
68.1	2025-05-25T01:10:00Z	1748135400	35.282443835616434	12.189443835616434
68.1	2025-05-25T01:20:00Z	1748136000	34.27457461187215	11.181574611872147
68.1	2025-05-25T01:30:00Z	1748136600	35.282443835616434	11.688443835616432
68.1	2025-05-25T01:40:00Z	1748137200	35.78637844748858	12.19237844748858
68.1	2025-05-25T01:50:00Z	1748137800	36.290313059360734	13.197313059360734
68.1	2025-05-25T02:00:00Z	1748138400	32.76277077625571	11.170770776255708
68.1	2025-05-25T02:10:00Z	1748139000	36.290313059360734	15.699313059360733
68.1	2025-05-25T02:20:00Z	1748139600	35.78637844748858	15.69537844748858
68.1	2025-05-25T02:30:00Z	1748140200	36.290313059360734	16.700313059360735
68.1	2025-05-25T02:40:00Z	1748140800	35.78637844748858	16.19637844748858
68.1	2025-05-25T02:50:00Z	1748141400	35.282443835616434	15.692443835616434
68.1	2025-05-25T03:00:00Z	1748142000	34.27457461187215	14.684574611872147
68.1	2025-05-25T03:10:00Z	1748142600	33.26670538812785	14.177705388127855
68.1	2025-05-25T03:20:00Z	1748143200	33.26670538812785	14.177705388127855
68.1	2025-05-25T03:30:00Z	1748143800	33.26670538812785	14.177705388127855
68.1	2025-05-25T03:40:00Z	1748144400	32.76277077625571	13.673770776255708
68.1	2025-05-25T03:50:00Z	1748145000	32.76277077625571	13.673770776255708
68.1	2025-05-25T04:00:00Z	1748145600	32.76277077625571	13.673770776255708
68.1	2025-05-25T04:10:00Z	1748146200	33.26670538812785	14.677705388127855
68.1	2025-05-25T04:20:00Z	1748146800	33.26670538812785	14.677705388127855
68.1	2025-05-25T04:30:00Z	1748147400	33.77064	15.181640000000002
68.1	2025-05-25T04:40:00Z	1748148000	34.27457461187215	15.685574611872148
68.1	2025-05-25T04:50:00Z	1748148600	34.27457461187215	15.685574611872148
68.1	2025-05-25T05:00:00Z	1748149200	32.76277077625571	14.173770776255708
68.1	2025-05-25T05:10:00Z	1748149800	33.26670538812785	14.677705388127855
68.1	2025-05-25T05:20:00Z	1748150400	34.27457461187215	15.685574611872148
68.1	2025-05-25T05:30:00Z	1748151000	34.778509223744294	16.189509223744295
68.1	2025-05-25T05:40:00Z	1748151600	34.27457461187215	15.685574611872148
68.1	2025-05-25T05:50:00Z	1748152200	33.77064	14.681640000000002
68.1	2025-05-25T06:00:00Z	1748152800	33.77064	15.181640000000002
68.1	2025-05-25T06:10:00Z	1748153400	33.77064	15.181640000000002
68.1	2025-05-25T06:20:00Z	1748154000	34.778509223744294	16.189509223744295
68.1	2025-05-25T06:30:00Z	1748154600	33.26670538812785	14.677705388127855
68.1	2025-05-25T06:40:00Z	1748155200	32.76277077625571	14.173770776255708
68.1	2025-05-25T06:50:00Z	1748155800	34.27457461187215	15.185574611872148
68.1	2025-05-25T07:00:00Z	1748156400	33.26670538812785	14.177705388127855
68.1	2025-05-25T07:10:00Z	1748157000	33.26670538812785	14.177705388127855
68.1	2025-05-25T07:20:00Z	1748157600	33.26670538812785	13.676705388127854
68.1	2025-05-25T07:30:00Z	1748158200	32.25883616438356	12.167836164383559
68.1	2025-05-25T07:40:00Z	1748158800	32.25883616438356	12.167836164383559
68.1	2025-05-25T07:50:00Z	1748159400	31.754901552511416	11.163901552511415
68.1	2025-05-25T08:00:00Z	1748160000	31.250966940639266	9.658966940639267
68.1	2025-05-25T08:10:00Z	1748160600	30.747032328767126	9.155032328767128
68.1	2025-05-25T08:20:00Z	1748161200	30.747032328767126	6.153032328767125
68.1	2025-05-25T08:30:00Z	1748161800	30.24309771689498	6.649097716894978
68.1	2025-05-25T08:40:00Z	1748162400	30.24309771689498	7.6500977168949795
68.1	2025-05-25T08:50:00Z	1748163000	29.739163105022833	6.1451631050228315
68.1	2025-05-25T09:00:00Z	1748163600	29.739163105022833	4.1451631050228315
68.1	2025-05-25T09:10:00Z	1748164200	29.235228493150686	0.6432284931506871
68.1	2025-05-25T09:20:00Z	1748164800	29.235228493150686	-0.35577150684931524
68.1	2025-05-25T09:30:00Z	1748165400	29.235228493150686	-0.35577150684931524
68.1	2025-05-25T09:40:00Z	1748166000	29.235228493150686	2.142228493150686
68.1	2025-05-25T09:50:00Z	1748166600	29.235228493150686	3.1412284931506846
68.1	2025-05-25T10:00:00Z	1748167200	29.235228493150686	2.642228493150686
68.1	2025-05-25T10:10:00Z	1748167800	29.235228493150686	3.1412284931506846
68.1	2025-05-25T10:20:00Z	1748168400	29.235228493150686	2.142228493150686
68.1	2025-05-25T10:30:00Z	1748169000	29.235228493150686	1.6422284931506859
68.1	2025-05-25T10:40:00Z	1748169600	29.235228493150686	2.142228493150686
68.1	2025-05-25T10:50:00Z	1748170200	29.235228493150686	2.642228493150686
68.1	2025-05-25T11:00:00Z	1748170800	29.235228493150686	2.142228493150686
68.1	2025-05-25T11:10:00Z	1748171400	29.235228493150686	2.142228493150686
68.1	2025-05-25T11:20:00Z	1748172000	29.235228493150686	2.142228493150686
68.1	2025-05-25T11:30:00Z	1748172600	29.739163105022833	2.6461631050228327
68.1	2025-05-25T11:40:00Z	1748173200	29.739163105022833	2.6461631050228327
68.1	2025-05-25T11:50:00Z	1748173800	30.24309771689498	2.6500977168949795
68.1	2025-05-25T12:00:00Z	1748174400	30.24309771689498	2.6500977168949795
68.1	2025-05-25T12:10:00Z	1748175000	30.24309771689498	2.6500977168949795
68.1	2025-05-25T12:20:00Z	1748175600	30.24309771689498	2.6500977168949795
68.1	2025-05-25T12:30:00Z	1748176200	30.747032328767126	3.1540323287671264
68.1	2025-05-25T12:40:00Z	1748176800	30.24309771689498	2.6500977168949795
68.1	2025-05-25T12:50:00Z	1748177400	30.747032328767126	3.1540323287671264
68.1	2025-05-25T13:00:00Z	1748178000	31.250966940639266	3.657966940639266
68.1	2025-05-25T13:10:00Z	1748178600	31.250966940639266	3.657966940639266
68.1	2025-05-25T13:20:00Z	1748179200	31.754901552511416	3.6629015525114177
68.1	2025-05-25T13:30:00Z	1748179800	31.754901552511416	4.1619015525114165
68.1	2025-05-25T13:40:00Z	1748180400	32.25883616438356	4.166836164383561
68.1	2025-05-25T13:50:00Z	1748181000	32.25883616438356	4.66583616438356
68.1	2025-05-25T14:00:00Z	1748181600	32.76277077625571	5.169770776255707
68.1	2025-05-25T14:10:00Z	1748182200	32.25883616438356	5.16583616438356
68.1	2025-05-25T14:20:00Z	1748182800	32.76277077625571	5.669770776255707
68.1	2025-05-25T14:30:00Z	1748183400	32.25883616438356	5.16583616438356
68.1	2025-05-25T14:40:00Z	1748184000	32.76277077625571	5.669770776255707
68.1	2025-05-25T14:50:00Z	1748184600	32.25883616438356	5.66583616438356
68.1	2025-05-25T15:00:00Z	1748185200	32.25883616438356	5.66583616438356
68.1	2025-05-25T15:10:00Z	1748185800	32.25883616438356	5.66583616438356
68.1	2025-05-25T15:20:00Z	1748186400	32.76277077625571	6.169770776255707
68.1	2025-05-25T15:30:00Z	1748187000	32.25883616438356	5.66583616438356
68.1	2025-05-25T15:40:00Z	1748187600	32.25883616438356	5.66583616438356
68.1	2025-05-25T15:50:00Z	1748188200	32.76277077625571	6.668770776255705
68.1	2025-05-25T16:00:00Z	1748188800	32.25883616438356	5.66583616438356
68.1	2025-05-25T16:10:00Z	1748189400	32.25883616438356	5.66583616438356
68.1	2025-05-25T16:20:00Z	1748190000	32.25883616438356	5.66583616438356
68.1	2025-05-25T16:30:00Z	1748190600	32.25883616438356	5.16583616438356
68.1	2025-05-25T16:40:00Z	1748191200	31.754901552511416	4.6619015525114165
68.1	2025-05-25T16:50:00Z	1748191800	31.754901552511416	4.6619015525114165
68.1	2025-05-25T17:00:00Z	1748192400	31.754901552511416	5.1619015525114165
68.1	2025-05-25T17:10:00Z	1748193000	32.25883616438356	5.66583616438356
68.1	2025-05-25T17:20:00Z	1748193600	32.76277077625571	6.169770776255707
68.1	2025-05-25T17:30:00Z	1748194200	32.76277077625571	6.169770776255707
68.1	2025-05-25T17:40:00Z	1748194800	32.76277077625571	5.669770776255707
68.1	2025-05-25T17:50:00Z	1748195400	33.26670538812785	6.673705388127853
68.1	2025-05-25T18:00:00Z	1748196000	32.76277077625571	6.169770776255707
68.1	2025-05-25T18:10:00Z	1748196600	32.76277077625571	6.169770776255707
68.1	2025-05-25T18:20:00Z	1748197200	32.76277077625571	6.169770776255707
68.1	2025-05-25T18:30:00Z	1748197800	32.76277077625571	6.668770776255705
68.1	2025-05-25T18:40:00Z	1748198400	32.76277077625571	6.668770776255705
68.1	2025-05-25T18:50:00Z	1748199000	32.76277077625571	7.168770776255705
68.1	2025-05-25T19:00:00Z	1748199600	32.76277077625571	7.168770776255705
68.1	2025-05-25T19:10:00Z	1748200200	32.76277077625571	7.668770776255705
68.1	2025-05-25T19:20:00Z	1748200800	32.25883616438356	7.1648361643835585
68.1	2025-05-25T19:30:00Z	1748201400	34.27457461187215	9.680574611872146
68.1	2025-05-25T19:40:00Z	1748202000	35.78637844748858	11.19237844748858
68.1	2025-05-25T19:50:00Z	1748202600	35.78637844748858	11.19237844748858
68.1	2025-05-25T20:00:00Z	1748203200	34.778509223744294	10.684509223744293
68.1	2025-05-25T20:10:00Z	1748203800	38.306051506849315	14.212051506849313
68.1	2025-05-25T20:20:00Z	1748204400	36.290313059360734	12.196313059360733
68.1	2025-05-25T20:30:00Z	1748205000	35.282443835616434	11.688443835616432
68.1	2025-05-25T20:40:00Z	1748205600	34.778509223744294	11.184509223744293
68.1	2025-05-25T20:50:00Z	1748206200	35.282443835616434	11.188443835616432
68.1	2025-05-25T21:00:00Z	1748206800	36.290313059360734	12.696313059360733
68.1	2025-05-25T21:10:00Z	1748207400	34.778509223744294	11.685509223744294
68.1	2025-05-25T21:20:00Z	1748208000	33.77064	10.176639999999999
68.1	2025-05-25T21:30:00Z	1748208600	34.27457461187215	11.181574611872147
68.1	2025-05-25T21:40:00Z	1748209200	35.78637844748858	12.69337844748858
68.1	2025-05-25T21:50:00Z	1748209800	35.282443835616434	12.189443835616434
68.1	2025-05-25T22:00:00Z	1748210400	35.282443835616434	12.189443835616434
68.1	2025-05-25T22:10:00Z	1748211000	34.778509223744294	11.685509223744294
68.1	2025-05-25T22:20:00Z	1748211600	35.78637844748858	13.19337844748858
68.1	2025-05-25T22:30:00Z	1748212200	35.78637844748858	12.69337844748858
68.1	2025-05-25T22:40:00Z	1748212800	35.78637844748858	12.69337844748858
68.1	2025-05-25T22:50:00Z	1748213400	36.794247671232874	13.701247671232874
68.1	2025-05-25T23:00:00Z	1748214000	36.794247671232874	13.701247671232874
68.1	2025-05-25T23:10:00Z	1748214600	36.290313059360734	13.697313059360734
68.1	2025-05-25T23:20:00Z	1748215200	36.794247671232874	14.201247671232874
68.1	2025-05-25T23:30:00Z	1748215800	36.290313059360734	13.697313059360734
68.1	2025-05-25T23:40:00Z	1748216400	37.29818228310502	14.705182283105021
68.1	2025-05-25T23:50:00Z	1748217000	37.29818228310502	14.705182283105021
68.1	2025-05-26T00:00:00Z	1748217600	35.78637844748858	13.19337844748858
68.1	2025-05-26T00:10:00Z	1748218200	32.76277077625571	10.169770776255707
68.1	2025-05-26T00:20:00Z	1748218800	34.778509223744294	12.185509223744294
68.1	2025-05-26T00:30:00Z	1748219400	34.778509223744294	12.185509223744294
68.1	2025-05-26T00:40:00Z	1748220000	35.78637844748858	13.19337844748858
68.1	2025-05-26T00:50:00Z	1748220600	36.290313059360734	13.697313059360734
68.1	2025-05-26T01:00:00Z	1748221200	33.77064	11.67764
68.1	2025-05-26T01:10:00Z	1748221800	33.77064	12.178640000000001
68.1	2025-05-26T01:20:00Z	1748222400	34.27457461187215	12.682574611872148
68.1	2025-05-26T01:30:00Z	1748223000	34.27457461187215	12.682574611872148
68.1	2025-05-26T01:40:00Z	1748223600	34.27457461187215	13.182574611872148
68.1	2025-05-26T01:50:00Z	1748224200	34.27457461187215	13.182574611872148
68.1	2025-05-26T02:00:00Z	1748224800	34.778509223744294	13.186509223744295
68.1	2025-05-26T02:10:00Z	1748225400	36.290313059360734	15.198313059360736
68.1	2025-05-26T02:20:00Z	1748226000	36.290313059360734	15.198313059360736
68.1	2025-05-26T02:30:00Z	1748226600	35.78637844748858	14.694378447488582
68.1	2025-05-26T02:40:00Z	1748227200	35.282443835616434	13.690443835616435
68.1	2025-05-26T02:50:00Z	1748227800	34.27457461187215	12.682574611872148
68.1	2025-05-26T03:00:00Z	1748228400	34.27457461187215	12.682574611872148
68.1	2025-05-26T03:10:00Z	1748229000	34.27457461187215	13.182574611872148
68.1	2025-05-26T03:20:00Z	1748229600	34.27457461187215	13.182574611872148
68.1	2025-05-26T03:30:00Z	1748230200	35.78637844748858	14.694378447488582
68.1	2025-05-26T03:40:00Z	1748230800	33.26670538812785	12.174705388127855
68.1	2025-05-26T03:50:00Z	1748231400	34.778509223744294	13.686509223744295
68.1	2025-05-26T04:00:00Z	1748232000	34.778509223744294	13.686509223744295
68.1	2025-05-26T04:10:00Z	1748232600	35.282443835616434	14.190443835616435
68.1	2025-05-26T04:20:00Z	1748233200	35.78637844748858	14.694378447488582
68.1	2025-05-26T04:30:00Z	1748233800	34.27457461187215	13.182574611872148
68.1	2025-05-26T04:40:00Z	1748234400	33.26670538812785	12.675705388127852
68.1	2025-05-26T04:50:00Z	1748235000	33.77064	13.17964
68.1	2025-05-26T05:00:00Z	1748235600	34.778509223744294	14.187509223744293
68.1	2025-05-26T05:10:00Z	1748236200	35.282443835616434	14.691443835616433
68.1	2025-05-26T05:20:00Z	1748236800	35.78637844748858	15.69537844748858
68.1	2025-05-26T05:30:00Z	1748237400	35.282443835616434	15.191443835616433
68.1	2025-05-26T05:40:00Z	1748238000	34.778509223744294	14.687509223744293
68.1	2025-05-26T05:50:00Z	1748238600	35.282443835616434	14.691443835616433
68.1	2025-05-26T06:00:00Z	1748239200	33.77064	13.17964
68.1	2025-05-26T06:10:00Z	1748239800	32.76277077625571	12.671770776255705
68.1	2025-05-26T06:20:00Z	1748240400	34.27457461187215	14.183574611872146
68.1	2025-05-26T06:30:00Z	1748241000	34.27457461187215	14.183574611872146
68.1	2025-05-26T06:40:00Z	1748241600	34.27457461187215	14.183574611872146
68.1	2025-05-26T06:50:00Z	1748242200	33.77064	13.67964
68.1	2025-05-26T07:00:00Z	1748242800	33.26670538812785	13.676705388127854
68.1	2025-05-26T07:10:00Z	1748243400	32.76277077625571	12.671770776255705
68.1	2025-05-26T07:20:00Z	1748244000	32.76277077625571	12.171770776255705
68.1	2025-05-26T07:30:00Z	1748244600	32.25883616438356	11.166836164383561
68.1	2025-05-26T07:40:00Z	1748245200	31.250966940639266	8.657966940639266
68.1	2025-05-26T07:50:00Z	1748245800	31.250966940639266	7.656966940639265
68.1	2025-05-26T08:00:00Z	1748246400	30.747032328767126	6.653032328767125
68.1	2025-05-26T08:10:00Z	1748247000	30.24309771689498	7.1500977168949795
68.1	2025-05-26T08:20:00Z	1748247600	30.24309771689498	8.15009771689498
68.1	2025-05-26T08:30:00Z	1748248200	29.739163105022833	7.646163105022833
68.1	2025-05-26T08:40:00Z	1748248800	30.24309771689498	7.1500977168949795
68.1	2025-05-26T08:50:00Z	1748249400	29.235228493150686	6.642228493150686
68.1	2025-05-26T09:00:00Z	1748250000	30.747032328767126	7.654032328767126
68.1	2025-05-26T09:10:00Z	1748250600	31.250966940639266	7.656966940639265
68.1	2025-05-26T09:20:00Z	1748251200	31.754901552511416	8.661901552511416
68.1	2025-05-26T09:30:00Z	1748251800	32.25883616438356	9.16583616438356
68.1	2025-05-26T09:40:00Z	1748252400	31.250966940639266	7.656966940639265
68.1	2025-05-26T09:50:00Z	1748253000	31.250966940639266	7.656966940639265
68.1	2025-05-26T10:00:00Z	1748253600	30.747032328767126	7.153032328767125
68.1	2025-05-26T10:10:00Z	1748254200	31.250966940639266	7.656966940639265
68.1	2025-05-26T10:20:00Z	1748254800	32.25883616438356	8.664836164383559
68.1	2025-05-26T10:30:00Z	1748255400	32.25883616438356	8.664836164383559
68.1	2025-05-26T10:40:00Z	1748256000	32.25883616438356	8.164836164383559
68.1	2025-05-26T10:50:00Z	1748256600	33.26670538812785	8.672705388127852
68.1	2025-05-26T11:00:00Z	1748257200	33.77064	9.176639999999999
68.1	2025-05-26T11:10:00Z	1748257800	33.77064	8.676639999999999
68.1	2025-05-26T11:20:00Z	1748258400	33.26670538812785	8.172705388127852
68.1	2025-05-26T11:30:00Z	1748259000	33.26670538812785	8.172705388127852
68.1	2025-05-26T11:40:00Z	1748259600	33.26670538812785	8.172705388127852
68.1	2025-05-26T11:50:00Z	1748260200	33.26670538812785	8.172705388127852
68.1	2025-05-26T12:00:00Z	1748260800	33.26670538812785	8.172705388127852
68.1	2025-05-26T12:10:00Z	1748261400	33.26670538812785	7.672705388127852
68.1	2025-05-26T12:20:00Z	1748262000	33.26670538812785	7.172705388127852
68.1	2025-05-26T12:30:00Z	1748262600	33.26670538812785	6.673705388127853
68.1	2025-05-26T12:40:00Z	1748263200	32.76277077625571	7.168770776255705
68.1	2025-05-26T12:50:00Z	1748263800	33.26670538812785	7.672705388127852
68.1	2025-05-26T13:00:00Z	1748264400	32.76277077625571	6.668770776255705
68.1	2025-05-26T13:10:00Z	1748265000	32.25883616438356	6.1648361643835585
68.1	2025-05-26T13:20:00Z	1748265600	32.25883616438356	5.66583616438356
68.1	2025-05-26T13:30:00Z	1748266200	31.754901552511416	5.1619015525114165
68.1	2025-05-26T13:40:00Z	1748266800	32.25883616438356	5.66583616438356
68.1	2025-05-26T13:50:00Z	1748267400	32.25883616438356	5.66583616438356
68.1	2025-05-26T14:00:00Z	1748268000	32.25883616438356	5.66583616438356
68.1	2025-05-26T14:10:00Z	1748268600	32.76277077625571	6.169770776255707
68.1	2025-05-26T14:20:00Z	1748269200	32.76277077625571	5.669770776255707
68.1	2025-05-26T14:30:00Z	1748269800	33.26670538812785	6.173705388127853
68.1	2025-05-26T14:40:00Z	1748270400	32.76277077625571	5.169770776255707
68.1	2025-05-26T14:50:00Z	1748271000	32.76277077625571	5.669770776255707
68.1	2025-05-26T15:00:00Z	1748271600	32.76277077625571	5.169770776255707
68.1	2025-05-26T15:10:00Z	1748272200	33.26670538812785	5.673705388127853
68.1	2025-05-26T15:20:00Z	1748272800	33.26670538812785	5.673705388127853
68.1	2025-05-26T15:30:00Z	1748273400	35.282443835616434	7.689443835616434
68.1	2025-05-26T15:40:00Z	1748274000	34.778509223744294	7.185509223744294
68.1	2025-05-26T15:50:00Z	1748274600	34.778509223744294	7.685509223744294
68.1	2025-05-26T16:00:00Z	1748275200	34.27457461187215	7.181574611872147
68.1	2025-05-26T16:10:00Z	1748275800	34.778509223744294	7.185509223744294
68.1	2025-05-26T16:20:00Z	1748276400	33.77064	6.67764
68.1	2025-05-26T16:30:00Z	1748277000	33.77064	6.67764
68.1	2025-05-26T16:40:00Z	1748277600	31.250966940639266	11.644966940639264
68.1	2025-05-26T16:50:00Z	1748278200	30.747032328767126	12.392532328767125
68.1	2025-05-26T17:00:00Z	1748278800	32.76277077625571	13.90777077625571
68.1	2025-05-26T17:10:00Z	1748279400	33.26670538812785	15.162205388127852
68.1	2025-05-26T17:20:00Z	1748280000	32.25883616438356	13.653836164383563
68.1	2025-05-26T17:30:00Z	1748280600	32.76277077625571	14.658270776255705
68.1	2025-05-26T17:40:00Z	1748281200	33.26670538812785	15.663205388127853
68.1	2025-05-26T17:50:00Z	1748281800	30.747032328767126	12.392532328767125
68.1	2025-05-26T18:00:00Z	1748282400	30.24309771689498	12.890097716894978
68.1	2025-05-26T18:10:00Z	1748283000	30.747032328767126	13.644032328767125
68.1	2025-05-26T18:20:00Z	1748283600	30.747032328767126	12.643032328767127
68.1	2025-05-26T18:30:00Z	1748284200	30.747032328767126	12.14203232876713
68.1	2025-05-26T18:40:00Z	1748284800	30.24309771689498	12.138597716894978
68.1	2025-05-26T18:50:00Z	1748285400	30.24309771689498	13.140097716894978
68.1	2025-05-26T19:00:00Z	1748286000	29.739163105022833	12.135663105022832
68.1	2025-05-26T19:10:00Z	1748286600	29.739163105022833	11.635163105022833
68.1	2025-05-26T19:20:00Z	1748287200	29.739163105022833	12.135663105022832
68.1	2025-05-26T19:30:00Z	1748287800	30.24309771689498	12.88959771689498
68.1	2025-05-26T19:40:00Z	1748288400	30.747032328767126	12.893032328767127
68.1	2025-05-26T19:50:00Z	1748289000	30.747032328767126	13.393532328767126
68.1	2025-05-26T20:00:00Z	1748289600	30.747032328767126	12.392532328767125
68.1	2025-05-26T20:10:00Z	1748290200	30.747032328767126	12.392532328767125
68.1	2025-05-26T20:20:00Z	1748290800	30.747032328767126	12.643032328767127
68.1	2025-05-26T20:30:00Z	1748291400	30.747032328767126	13.644032328767125
68.1	2025-05-26T20:40:00Z	1748292000	31.250966940639266	12.645966940639266
68.1	2025-05-26T20:50:00Z	1748292600	31.754901552511416	13.650901552511417
68.1	2025-05-26T21:00:00Z	1748293200	30.747032328767126	13.393532328767126
68.1	2025-05-26T21:10:00Z	1748293800	30.747032328767126	13.644032328767125
68.1	2025-05-26T21:20:00Z	1748294400	31.250966940639266	12.896466940639264
68.1	2025-05-26T21:30:00Z	1748295000	30.747032328767126	12.893032328767127
68.1	2025-05-26T21:40:00Z	1748295600	30.747032328767126	13.393532328767126
68.1	2025-05-26T21:50:00Z	1748296200	30.24309771689498	12.88959771689498
68.1	2025-05-26T22:00:00Z	1748296800	31.250966940639266	13.396966940639267
68.1	2025-05-26T22:10:00Z	1748297400	31.250966940639266	13.396966940639267
68.1	2025-05-26T22:20:00Z	1748298000	31.250966940639266	14.147966940639265
68.1	2025-05-26T22:30:00Z	1748298600	31.250966940639266	13.146466940639264
68.1	2025-05-26T22:40:00Z	1748299200	30.747032328767126	13.393532328767126
68.1	2025-05-26T22:50:00Z	1748299800	30.747032328767126	13.894532328767127
68.1	2025-05-26T23:00:00Z	1748300400	30.747032328767126	12.893032328767127
68.1	2025-05-26T23:10:00Z	1748301000	31.754901552511416	13.900901552511417
68.1	2025-05-26T23:20:00Z	1748301600	32.25883616438356	15.40633616438356
68.1	2025-05-26T23:30:00Z	1748302200	32.25883616438356	15.155836164383558
68.1	2025-05-26T23:40:00Z	1748302800	30.747032328767126	13.644032328767125
68.1	2025-05-26T23:50:00Z	1748303400	31.754901552511416	15.152401552511417
68.1	2025-05-27T00:00:00Z	1748304000	33.26670538812785	15.412705388127854
68.1	2025-05-27T00:10:00Z	1748304600	33.26670538812785	15.162205388127852
68.1	2025-05-27T00:20:00Z	1748305200	33.26670538812785	15.412705388127854
68.1	2025-05-27T00:30:00Z	1748305800	33.26670538812785	16.163705388127852
68.1	2025-05-27T00:40:00Z	1748306400	33.77064	16.16714
68.1	2025-05-27T00:50:00Z	1748307000	35.282443835616434	13.189443835616434
68.1	2025-05-27T01:00:00Z	1748307600	34.778509223744294	12.685509223744294
68.1	2025-05-27T01:10:00Z	1748308200	35.282443835616434	13.189443835616434
68.1	2025-05-27T01:20:00Z	1748308800	34.27457461187215	12.181574611872147
68.1	2025-05-27T01:30:00Z	1748309400	34.778509223744294	12.685509223744294
68.1	2025-05-27T01:40:00Z	1748310000	37.29818228310502	15.205182283105021
68.1	2025-05-27T01:50:00Z	1748310600	34.27457461187215	12.181574611872147
68.1	2025-05-27T02:00:00Z	1748311200	35.78637844748858	15.19537844748858
68.1	2025-05-27T02:10:00Z	1748311800	35.78637844748858	15.69537844748858
68.1	2025-05-27T02:20:00Z	1748312400	35.282443835616434	15.692443835616434
68.1	2025-05-27T02:30:00Z	1748313000	35.282443835616434	16.693443835616435
68.1	2025-05-27T02:40:00Z	1748313600	35.282443835616434	16.693443835616435
68.1	2025-05-27T02:50:00Z	1748314200	34.27457461187215	15.685574611872148
68.1	2025-05-27T03:00:00Z	1748314800	34.27457461187215	16.186574611872146
68.1	2025-05-27T03:10:00Z	1748315400	33.77064	15.68264
68.1	2025-05-27T03:20:00Z	1748316000	33.77064	15.68264
68.1	2025-05-27T03:30:00Z	1748316600	33.77064	15.181640000000002
68.1	2025-05-27T03:40:00Z	1748317200	34.778509223744294	16.189509223744295
68.1	2025-05-27T03:50:00Z	1748317800	33.77064	15.181640000000002
68.1	2025-05-27T04:00:00Z	1748318400	32.76277077625571	14.173770776255708
68.1	2025-05-27T04:10:00Z	1748319000	33.26670538812785	14.677705388127855
68.1	2025-05-27T04:20:00Z	1748319600	33.26670538812785	14.677705388127855
68.1	2025-05-27T04:30:00Z	1748320200	33.26670538812785	14.677705388127855
68.1	2025-05-27T04:40:00Z	1748320800	33.26670538812785	14.677705388127855
68.1	2025-05-27T04:50:00Z	1748321400	32.76277077625571	14.173770776255708
68.1	2025-05-27T05:00:00Z	1748322000	32.76277077625571	14.173770776255708
68.1	2025-05-27T05:10:00Z	1748322600	32.76277077625571	14.173770776255708
68.1	2025-05-27T05:20:00Z	1748323200	32.25883616438356	13.669836164383561
68.1	2025-05-27T05:30:00Z	1748323800	32.25883616438356	13.669836164383561
68.1	2025-05-27T05:40:00Z	1748324400	31.754901552511416	13.666901552511415
68.1	2025-05-27T05:50:00Z	1748325000	33.77064	15.68264
68.1	2025-05-27T06:00:00Z	1748325600	33.26670538812785	14.677705388127855
68.1	2025-05-27T06:10:00Z	1748326200	35.282443835616434	16.693443835616435
68.1	2025-05-27T06:20:00Z	1748326800	34.27457461187215	15.685574611872148
68.1	2025-05-27T06:30:00Z	1748327400	34.27457461187215	15.685574611872148
68.1	2025-05-27T06:40:00Z	1748328000	32.25883616438356	13.669836164383561
68.1	2025-05-27T06:50:00Z	1748328600	31.250966940639266	12.161966940639267
68.1	2025-05-27T07:00:00Z	1748329200	32.25883616438356	13.169836164383561
68.1	2025-05-27T07:10:00Z	1748329800	32.76277077625571	13.673770776255708
68.1	2025-05-27T07:20:00Z	1748330400	33.77064	14.18064
68.1	2025-05-27T07:30:00Z	1748331000	32.76277077625571	13.172770776255707
68.1	2025-05-27T07:40:00Z	1748331600	32.76277077625571	12.671770776255705
68.1	2025-05-27T07:50:00Z	1748332200	33.26670538812785	12.675705388127852
68.1	2025-05-27T08:00:00Z	1748332800	34.778509223744294	13.186509223744295
68.1	2025-05-27T08:10:00Z	1748333400	34.27457461187215	11.181574611872147
68.1	2025-05-27T08:20:00Z	1748334000	34.27457461187215	11.181574611872147
68.1	2025-05-27T08:30:00Z	1748334600	34.778509223744294	8.684509223744293
68.1	2025-05-27T08:40:00Z	1748335200	34.778509223744294	7.685509223744294
68.1	2025-05-27T08:50:00Z	1748335800	33.77064	7.17764
68.1	2025-05-27T09:00:00Z	1748336400	33.26670538812785	7.172705388127852
68.1	2025-05-27T09:10:00Z	1748337000	33.77064	5.6786400000000015
68.1	2025-05-27T09:20:00Z	1748337600	34.27457461187215	7.681574611872147
68.1	2025-05-27T09:30:00Z	1748338200	33.77064	8.676639999999999
68.1	2025-05-27T09:40:00Z	1748338800	33.26670538812785	9.172705388127852
68.1	2025-05-27T09:50:00Z	1748339400	32.25883616438356	8.164836164383559
68.1	2025-05-27T10:00:00Z	1748340000	32.76277077625571	8.168770776255705
68.1	2025-05-27T10:10:00Z	1748340600	32.76277077625571	8.168770776255705
68.1	2025-05-27T10:20:00Z	1748341200	35.282443835616434	10.688443835616432
68.1	2025-05-27T10:30:00Z	1748341800	35.282443835616434	10.688443835616432
68.1	2025-05-27T10:40:00Z	1748342400	34.778509223744294	10.684509223744293
68.1	2025-05-27T10:50:00Z	1748343000	33.26670538812785	9.172705388127852
68.1	2025-05-27T11:00:00Z	1748343600	32.76277077625571	8.668770776255705
68.1	2025-05-27T11:10:00Z	1748344200	34.27457461187215	10.180574611872146
68.1	2025-05-27T11:20:00Z	1748344800	33.77064	9.176639999999999
68.1	2025-05-27T11:30:00Z	1748345400	33.77064	9.176639999999999
68.1	2025-05-27T11:40:00Z	1748346000	34.27457461187215	9.680574611872146
68.1	2025-05-27T11:50:00Z	1748346600	33.26670538812785	8.672705388127852
68.1	2025-05-27T12:00:00Z	1748347200	33.26670538812785	8.672705388127852
68.1	2025-05-27T12:10:00Z	1748347800	33.26670538812785	10.673705388127853
68.1	2025-05-27T12:20:00Z	1748348400	33.26670538812785	12.675705388127852
68.1	2025-05-27T12:30:00Z	1748349000	33.26670538812785	13.175705388127852
68.1	2025-05-27T12:40:00Z	1748349600	33.77064	13.17964
68.1	2025-05-27T12:50:00Z	1748350200	33.77064	12.178640000000001
68.1	2025-05-27T13:00:00Z	1748350800	32.76277077625571	10.669770776255707
68.1	2025-05-27T13:10:00Z	1748351400	34.778509223744294	11.685509223744294
68.1	2025-05-27T13:20:00Z	1748352000	34.778509223744294	11.184509223744293
68.1	2025-05-27T13:30:00Z	1748352600	34.778509223744294	11.184509223744293
68.1	2025-05-27T13:40:00Z	1748353200	35.282443835616434	11.188443835616432
68.1	2025-05-27T13:50:00Z	1748353800	35.282443835616434	10.188443835616432
68.1	2025-05-27T14:00:00Z	1748354400	34.778509223744294	9.684509223744293
68.1	2025-05-27T14:10:00Z	1748355000	34.778509223744294	9.184509223744293
68.1	2025-05-27T14:20:00Z	1748355600	34.778509223744294	9.184509223744293
68.1	2025-05-27T14:30:00Z	1748356200	35.282443835616434	9.188443835616432
68.1	2025-05-27T14:40:00Z	1748356800	35.282443835616434	9.688443835616432
68.1	2025-05-27T14:50:00Z	1748357400	35.282443835616434	9.688443835616432
68.1	2025-05-27T15:00:00Z	1748358000	34.778509223744294	9.184509223744293
68.1	2025-05-27T15:10:00Z	1748358600	34.778509223744294	9.184509223744293
68.1	2025-05-27T15:20:00Z	1748359200	35.282443835616434	9.188443835616432
68.1	2025-05-27T15:30:00Z	1748359800	35.282443835616434	9.188443835616432
68.1	2025-05-27T15:40:00Z	1748360400	35.78637844748858	9.69237844748858
68.1	2025-05-27T15:50:00Z	1748361000	34.778509223744294	8.684509223744293
68.1	2025-05-27T16:00:00Z	1748361600	34.778509223744294	9.184509223744293
68.1	2025-05-27T16:10:00Z	1748362200	34.778509223744294	9.684509223744293
68.1	2025-05-27T16:20:00Z	1748362800	35.282443835616434	10.188443835616432
68.1	2025-05-27T16:30:00Z	1748363400	34.27457461187215	9.180574611872146
68.1	2025-05-27T16:40:00Z	1748364000	35.282443835616434	9.688443835616432
68.1	2025-05-27T16:50:00Z	1748364600	35.282443835616434	9.688443835616432
68.1	2025-05-27T17:00:00Z	1748365200	34.27457461187215	9.180574611872146
68.1	2025-05-27T17:10:00Z	1748365800	34.27457461187215	9.180574611872146
68.1	2025-05-27T17:20:00Z	1748366400	34.778509223744294	9.684509223744293
68.1	2025-05-27T17:30:00Z	1748367000	35.282443835616434	9.688443835616432
68.1	2025-05-27T17:40:00Z	1748367600	35.282443835616434	9.188443835616432
68.1	2025-05-27T17:50:00Z	1748368200	35.282443835616434	9.188443835616432
68.1	2025-05-27T18:00:00Z	1748368800	35.282443835616434	9.188443835616432
68.1	2025-05-27T18:10:00Z	1748369400	35.282443835616434	9.688443835616432
68.1	2025-05-27T18:20:00Z	1748370000	35.282443835616434	10.188443835616432
68.1	2025-05-27T18:30:00Z	1748370600	34.778509223744294	9.684509223744293
68.1	2025-05-27T18:40:00Z	1748371200	34.778509223744294	10.184509223744293
68.1	2025-05-27T18:50:00Z	1748371800	34.778509223744294	10.684509223744293
68.1	2025-05-27T19:00:00Z	1748372400	34.27457461187215	10.180574611872146
68.1	2025-05-27T19:10:00Z	1748373000	34.27457461187215	10.680574611872146
68.1	2025-05-27T19:20:00Z	1748373600	34.778509223744294	11.184509223744293
68.1	2025-05-27T19:30:00Z	1748374200	34.778509223744294	11.685509223744294
68.1	2025-05-27T19:40:00Z	1748374800	34.778509223744294	11.685509223744294
68.1	2025-05-27T19:50:00Z	1748375400	37.802116894977175	14.709116894977175
68.1	2025-05-27T20:00:00Z	1748376000	37.802116894977175	14.709116894977175
68.1	2025-05-27T20:10:00Z	1748376600	37.802116894977175	15.209116894977175
68.1	2025-05-27T20:20:00Z	1748377200	35.282443835616434	12.689443835616434
68.1	2025-05-27T20:30:00Z	1748377800	35.282443835616434	12.689443835616434
68.1	2025-05-27T20:40:00Z	1748378400	35.282443835616434	13.189443835616434
68.1	2025-05-27T20:50:00Z	1748379000	35.282443835616434	13.189443835616434
68.1	2025-05-27T21:00:00Z	1748379600	34.778509223744294	12.685509223744294
68.1	2025-05-27T21:10:00Z	1748380200	35.282443835616434	13.189443835616434
68.1	2025-05-27T21:20:00Z	1748380800	35.78637844748858	13.69337844748858
68.1	2025-05-27T21:30:00Z	1748381400	36.290313059360734	14.197313059360734
68.1	2025-05-27T21:40:00Z	1748382000	36.290313059360734	14.197313059360734
68.1	2025-05-27T21:50:00Z	1748382600	36.290313059360734	14.197313059360734
68.1	2025-05-27T22:00:00Z	1748383200	35.78637844748858	13.69337844748858
68.1	2025-05-27T22:10:00Z	1748383800	35.282443835616434	13.690443835616435
68.1	2025-05-27T22:20:00Z	1748384400	33.26670538812785	11.674705388127855
68.1	2025-05-27T22:30:00Z	1748385000	33.26670538812785	12.174705388127855
68.1	2025-05-27T22:40:00Z	1748385600	34.778509223744294	14.187509223744293
68.1	2025-05-27T22:50:00Z	1748386200	35.282443835616434	14.691443835616433
68.1	2025-05-27T23:00:00Z	1748386800	34.778509223744294	14.187509223744293
68.1	2025-05-27T23:10:00Z	1748387400	35.282443835616434	14.691443835616433
68.1	2025-05-27T23:20:00Z	1748388000	35.282443835616434	14.691443835616433
68.1	2025-05-27T23:30:00Z	1748388600	33.77064	13.17964
68.1	2025-05-27T23:40:00Z	1748389200	33.77064	13.17964
68.1	2025-05-27T23:50:00Z	1748389800	33.77064	13.17964
68.1	2025-05-28T00:00:00Z	1748390400	33.77064	13.17964
68.1	2025-05-28T00:10:00Z	1748391000	33.77064	13.67964
68.1	2025-05-28T00:20:00Z	1748391600	33.26670538812785	13.175705388127852
68.1	2025-05-28T00:30:00Z	1748392200	33.26670538812785	13.175705388127852
68.1	2025-05-28T00:40:00Z	1748392800	34.27457461187215	14.183574611872146
68.1	2025-05-28T00:50:00Z	1748393400	33.77064	13.67964
68.1	2025-05-28T01:00:00Z	1748394000	33.26670538812785	13.175705388127852
68.1	2025-05-28T01:10:00Z	1748394600	33.26670538812785	13.175705388127852
68.1	2025-05-28T01:20:00Z	1748395200	33.26670538812785	13.175705388127852
68.1	2025-05-28T01:30:00Z	1748395800	33.26670538812785	13.175705388127852
68.1	2025-05-28T01:40:00Z	1748396400	33.26670538812785	13.175705388127852
68.1	2025-05-28T01:50:00Z	1748397000	33.26670538812785	13.175705388127852
68.1	2025-05-28T02:00:00Z	1748397600	32.76277077625571	12.671770776255705
68.1	2025-05-28T02:10:00Z	1748398200	33.77064	14.18064
68.1	2025-05-28T02:20:00Z	1748398800	32.76277077625571	13.172770776255707
68.1	2025-05-28T02:30:00Z	1748399400	32.76277077625571	13.172770776255707
68.1	2025-05-28T02:40:00Z	1748400000	34.27457461187215	14.684574611872147
68.1	2025-05-28T02:50:00Z	1748400600	34.27457461187215	14.684574611872147
68.1	2025-05-28T03:00:00Z	1748401200	34.778509223744294	15.188509223744294
68.1	2025-05-28T03:10:00Z	1748401800	34.778509223744294	15.188509223744294
68.1	2025-05-28T03:20:00Z	1748402400	31.754901552511416	12.164901552511417
68.1	2025-05-28T03:30:00Z	1748403000	33.77064	14.18064
68.1	2025-05-28T03:40:00Z	1748403600	35.282443835616434	15.692443835616434
68.1	2025-05-28T03:50:00Z	1748404200	35.282443835616434	16.193443835616435
68.1	2025-05-28T04:00:00Z	1748404800	35.282443835616434	16.193443835616435
68.1	2025-05-28T04:10:00Z	1748405400	35.282443835616434	16.193443835616435
68.1	2025-05-28T04:20:00Z	1748406000	35.282443835616434	15.692443835616434
68.1	2025-05-28T04:30:00Z	1748406600	35.282443835616434	15.692443835616434
68.1	2025-05-28T04:40:00Z	1748407200	34.778509223744294	15.188509223744294
68.1	2025-05-28T04:50:00Z	1748407800	35.282443835616434	15.692443835616434
68.1	2025-05-28T05:00:00Z	1748408400	35.78637844748858	16.19637844748858
68.1	2025-05-28T05:10:00Z	1748409000	35.282443835616434	16.193443835616435
68.1	2025-05-28T05:20:00Z	1748409600	34.778509223744294	15.689509223744295
68.1	2025-05-28T05:30:00Z	1748410200	34.778509223744294	15.689509223744295
68.1	2025-05-28T05:40:00Z	1748410800	34.27457461187215	15.185574611872148
68.1	2025-05-28T05:50:00Z	1748411400	34.27457461187215	15.185574611872148
68.1	2025-05-28T06:00:00Z	1748412000	34.27457461187215	15.185574611872148
68.1	2025-05-28T06:10:00Z	1748412600	34.27457461187215	15.185574611872148
68.1	2025-05-28T06:20:00Z	1748413200	34.778509223744294	15.689509223744295
68.1	2025-05-28T06:30:00Z	1748413800	34.27457461187215	15.685574611872148
68.1	2025-05-28T06:40:00Z	1748414400	34.778509223744294	15.689509223744295
68.1	2025-05-28T06:50:00Z	1748415000	34.778509223744294	15.689509223744295
68.1	2025-05-28T07:00:00Z	1748415600	34.778509223744294	16.189509223744295
68.1	2025-05-28T07:10:00Z	1748416200	34.27457461187215	15.185574611872148
68.1	2025-05-28T07:20:00Z	1748416800	33.77064	14.18064
68.1	2025-05-28T07:30:00Z	1748417400	33.77064	13.17964
68.1	2025-05-28T07:40:00Z	1748418000	33.26670538812785	11.173705388127853
68.1	2025-05-28T07:50:00Z	1748418600	33.26670538812785	10.173705388127853
68.1	2025-05-28T08:00:00Z	1748419200	33.26670538812785	8.672705388127852
68.1	2025-05-28T08:10:00Z	1748419800	32.76277077625571	8.168770776255705
68.1	2025-05-28T08:20:00Z	1748420400	32.76277077625571	9.168770776255705
68.1	2025-05-28T08:30:00Z	1748421000	32.76277077625571	7.668770776255705
68.1	2025-05-28T08:40:00Z	1748421600	32.76277077625571	7.168770776255705
68.1	2025-05-28T08:50:00Z	1748422200	32.76277077625571	8.168770776255705
68.1	2025-05-28T09:00:00Z	1748422800	32.76277077625571	8.168770776255705
68.1	2025-05-28T09:10:00Z	1748423400	32.25883616438356	6.1648361643835585
68.1	2025-05-28T09:20:00Z	1748424000	32.25883616438356	5.16583616438356
68.1	2025-05-28T09:30:00Z	1748424600	32.25883616438356	5.66583616438356
68.1	2025-05-28T09:40:00Z	1748425200	30.747032328767126	5.153032328767125
68.1	2025-05-28T09:50:00Z	1748425800	31.754901552511416	6.660901552511415
68.1	2025-05-28T10:00:00Z	1748426400	31.754901552511416	6.660901552511415
68.1	2025-05-28T10:10:00Z	1748427000	31.754901552511416	6.660901552511415
68.1	2025-05-28T10:20:00Z	1748427600	32.25883616438356	7.1648361643835585
68.1	2025-05-28T10:30:00Z	1748428200	32.76277077625571	7.668770776255705
68.1	2025-05-28T10:40:00Z	1748428800	33.26670538812785	7.672705388127852
68.1	2025-05-28T10:50:00Z	1748429400	33.26670538812785	7.672705388127852
68.1	2025-05-28T11:00:00Z	1748430000	33.26670538812785	7.672705388127852
68.1	2025-05-28T11:10:00Z	1748430600	33.26670538812785	7.672705388127852
68.1	2025-05-28T11:20:00Z	1748431200	33.77064	7.676639999999999
68.1	2025-05-28T11:30:00Z	1748431800	33.26670538812785	7.672705388127852
68.1	2025-05-28T11:40:00Z	1748432400	33.77064	7.676639999999999
68.1	2025-05-28T11:50:00Z	1748433000	33.77064	7.676639999999999
68.1	2025-05-28T12:00:00Z	1748433600	34.27457461187215	8.180574611872146
68.1	2025-05-28T12:10:00Z	1748434200	34.778509223744294	8.684509223744293
68.1	2025-05-28T12:20:00Z	1748434800	34.27457461187215	8.180574611872146
68.1	2025-05-28T12:30:00Z	1748435400	34.27457461187215	8.180574611872146
68.1	2025-05-28T12:40:00Z	1748436000	34.27457461187215	8.680574611872146
68.1	2025-05-28T12:50:00Z	1748436600	34.27457461187215	7.681574611872147
68.1	2025-05-28T13:00:00Z	1748437200	34.27457461187215	7.681574611872147
68.1	2025-05-28T13:10:00Z	1748437800	33.77064	7.17764
68.1	2025-05-28T13:20:00Z	1748438400	34.778509223744294	7.685509223744294
68.1	2025-05-28T13:30:00Z	1748439000	35.282443835616434	8.189443835616434
68.1	2025-05-28T13:40:00Z	1748439600	35.282443835616434	8.189443835616434
68.1	2025-05-28T13:50:00Z	1748440200	35.282443835616434	8.189443835616434
68.1	2025-05-28T14:00:00Z	1748440800	35.282443835616434	8.189443835616434
68.1	2025-05-28T14:10:00Z	1748441400	35.78637844748858	8.69337844748858
68.1	2025-05-28T14:20:00Z	1748442000	35.78637844748858	8.69337844748858
68.1	2025-05-28T14:30:00Z	1748442600	35.78637844748858	8.69337844748858
68.1	2025-05-28T14:40:00Z	1748443200	35.78637844748858	8.69337844748858
68.1	2025-05-28T14:50:00Z	1748443800	35.78637844748858	8.19337844748858
68.1	2025-05-28T15:00:00Z	1748444400	35.78637844748858	8.19337844748858
68.1	2025-05-28T15:10:00Z	1748445000	35.78637844748858	8.19337844748858
68.1	2025-05-28T15:20:00Z	1748445600	36.290313059360734	9.197313059360734
68.1	2025-05-28T15:30:00Z	1748446200	36.290313059360734	9.197313059360734
68.1	2025-05-28T15:40:00Z	1748446800	35.78637844748858	8.69337844748858
68.1	2025-05-28T15:50:00Z	1748447400	35.282443835616434	8.689443835616434
68.1	2025-05-28T16:00:00Z	1748448000	34.778509223744294	8.185509223744294
68.1	2025-05-28T16:10:00Z	1748448600	34.27457461187215	7.681574611872147
68.1	2025-05-28T16:20:00Z	1748449200	35.282443835616434	8.689443835616434
68.1	2025-05-28T16:30:00Z	1748449800	35.78637844748858	9.19337844748858
68.1	2025-05-28T16:40:00Z	1748450400	36.290313059360734	9.697313059360734
68.1	2025-05-28T16:50:00Z	1748451000	35.78637844748858	9.19337844748858
68.1	2025-05-28T17:00:00Z	1748451600	35.78637844748858	9.19337844748858
68.1	2025-05-28T17:10:00Z	1748452200	35.78637844748858	9.19337844748858
68.1	2025-05-28T17:20:00Z	1748452800	35.78637844748858	9.19337844748858
68.1	2025-05-28T17:30:00Z	1748453400	35.78637844748858	9.19337844748858
68.1	2025-05-28T17:40:00Z	1748454000	35.78637844748858	9.69237844748858
68.1	2025-05-28T17:50:00Z	1748454600	35.78637844748858	9.69237844748858
68.1	2025-05-28T18:00:00Z	1748455200	35.78637844748858	9.69237844748858
68.1	2025-05-28T18:10:00Z	1748455800	35.282443835616434	9.688443835616432
68.1	2025-05-28T18:20:00Z	1748456400	35.282443835616434	9.688443835616432
68.1	2025-05-28T18:30:00Z	1748457000	34.778509223744294	9.184509223744293
68.1	2025-05-28T18:40:00Z	1748457600	34.778509223744294	9.684509223744293
68.1	2025-05-28T18:50:00Z	1748458200	34.27457461187215	9.680574611872146
68.1	2025-05-28T19:00:00Z	1748458800	34.27457461187215	9.680574611872146
68.1	2025-05-28T19:10:00Z	1748459400	34.27457461187215	10.180574611872146
68.1	2025-05-28T19:20:00Z	1748460000	34.27457461187215	10.180574611872146
68.1	2025-05-28T19:30:00Z	1748460600	34.27457461187215	10.680574611872146
68.1	2025-05-28T19:40:00Z	1748461200	34.778509223744294	11.184509223744293
68.1	2025-05-28T19:50:00Z	1748461800	37.802116894977175	14.208116894977174
68.1	2025-05-28T20:00:00Z	1748462400	37.802116894977175	14.208116894977174
68.1	2025-05-28T20:10:00Z	1748463000	35.282443835616434	11.688443835616432
68.1	2025-05-28T20:20:00Z	1748463600	36.290313059360734	13.197313059360734
68.1	2025-05-28T20:30:00Z	1748464200	35.78637844748858	12.69337844748858
68.1	2025-05-28T20:40:00Z	1748464800	35.78637844748858	12.69337844748858
68.1	2025-05-28T20:50:00Z	1748465400	35.78637844748858	12.69337844748858
68.1	2025-05-28T21:00:00Z	1748466000	33.77064	10.67764
68.1	2025-05-28T21:10:00Z	1748466600	34.778509223744294	11.685509223744294
68.1	2025-05-28T21:20:00Z	1748467200	35.282443835616434	12.689443835616434
68.1	2025-05-28T21:30:00Z	1748467800	35.282443835616434	12.689443835616434
68.1	2025-05-28T21:40:00Z	1748468400	35.282443835616434	12.689443835616434
68.1	2025-05-28T21:50:00Z	1748469000	35.282443835616434	12.689443835616434
68.1	2025-05-28T22:00:00Z	1748469600	35.282443835616434	12.689443835616434
68.1	2025-05-28T22:10:00Z	1748470200	35.282443835616434	12.689443835616434
68.1	2025-05-28T22:20:00Z	1748470800	35.78637844748858	13.19337844748858
68.1	2025-05-28T22:30:00Z	1748471400	36.290313059360734	13.697313059360734
68.1	2025-05-28T22:40:00Z	1748472000	36.290313059360734	13.697313059360734
68.1	2025-05-28T22:50:00Z	1748472600	36.290313059360734	14.197313059360734
68.1	2025-05-28T23:00:00Z	1748473200	36.290313059360734	14.197313059360734
68.1	2025-05-28T23:10:00Z	1748473800	36.290313059360734	14.197313059360734
68.1	2025-05-28T23:20:00Z	1748474400	36.290313059360734	14.197313059360734
68.1	2025-05-28T23:30:00Z	1748475000	36.290313059360734	14.197313059360734
68.1	2025-05-28T23:40:00Z	1748475600	36.794247671232874	14.701247671232874
68.1	2025-05-28T23:50:00Z	1748476200	35.78637844748858	13.69337844748858
68.1	2025-05-29T00:00:00Z	1748476800	32.76277077625571	10.669770776255707
68.1	2025-05-29T00:10:00Z	1748477400	33.77064	11.67764
68.1	2025-05-29T00:20:00Z	1748478000	33.26670538812785	11.173705388127853
68.1	2025-05-29T00:30:00Z	1748478600	33.26670538812785	11.173705388127853
68.1	2025-05-29T00:40:00Z	1748479200	35.78637844748858	13.69337844748858
68.1	2025-05-29T00:50:00Z	1748479800	31.250966940639266	9.157966940639266
68.1	2025-05-29T01:00:00Z	1748480400	33.77064	12.178640000000001
68.1	2025-05-29T01:10:00Z	1748481000	33.77064	12.178640000000001
68.1	2025-05-29T01:20:00Z	1748481600	35.78637844748858	13.69337844748858
68.1	2025-05-29T01:30:00Z	1748482200	34.27457461187215	12.682574611872148
68.1	2025-05-29T01:40:00Z	1748482800	32.25883616438356	10.666836164383561
68.1	2025-05-29T01:50:00Z	1748483400	35.282443835616434	13.690443835616435
68.1	2025-05-29T02:00:00Z	1748484000	34.778509223744294	13.186509223744295
68.1	2025-05-29T02:10:00Z	1748484600	34.778509223744294	13.186509223744295
68.1	2025-05-29T02:20:00Z	1748485200	35.282443835616434	14.190443835616435
68.1	2025-05-29T02:30:00Z	1748485800	35.282443835616434	14.190443835616435
68.1	2025-05-29T02:40:00Z	1748486400	31.250966940639266	10.158966940639267
68.1	2025-05-29T02:50:00Z	1748487000	31.250966940639266	10.158966940639267
68.1	2025-05-29T03:00:00Z	1748487600	32.76277077625571	12.171770776255705
68.1	2025-05-29T03:10:00Z	1748488200	31.754901552511416	11.163901552511415
68.1	2025-05-29T03:20:00Z	1748488800	31.250966940639266	10.158966940639267
68.1	2025-05-29T03:30:00Z	1748489400	31.250966940639266	10.158966940639267
68.1	2025-05-29T03:40:00Z	1748490000	31.754901552511416	10.662901552511418
68.1	2025-05-29T03:50:00Z	1748490600	32.76277077625571	12.171770776255705
68.1	2025-05-29T04:00:00Z	1748491200	31.754901552511416	11.163901552511415
68.1	2025-05-29T04:10:00Z	1748491800	31.754901552511416	11.163901552511415
68.1	2025-05-29T04:20:00Z	1748492400	32.25883616438356	12.167836164383559
68.1	2025-05-29T04:30:00Z	1748493000	31.754901552511416	11.663901552511415
68.1	2025-05-29T04:40:00Z	1748493600	33.77064	13.67964
68.1	2025-05-29T04:50:00Z	1748494200	34.27457461187215	14.183574611872146
68.1	2025-05-29T05:00:00Z	1748494800	35.282443835616434	15.191443835616433
68.1	2025-05-29T05:10:00Z	1748495400	35.282443835616434	15.191443835616433
68.1	2025-05-29T05:20:00Z	1748496000	35.282443835616434	15.191443835616433
68.1	2025-05-29T05:30:00Z	1748496600	32.25883616438356	12.167836164383559
68.1	2025-05-29T05:40:00Z	1748497200	33.77064	14.18064
68.1	2025-05-29T05:50:00Z	1748497800	33.77064	14.18064
68.1	2025-05-29T06:00:00Z	1748498400	33.26670538812785	13.676705388127854
68.1	2025-05-29T06:10:00Z	1748499000	33.77064	14.18064
68.1	2025-05-29T06:20:00Z	1748499600	32.76277077625571	13.172770776255707
68.1	2025-05-29T06:30:00Z	1748500200	32.76277077625571	13.172770776255707
68.1	2025-05-29T06:40:00Z	1748500800	31.754901552511416	12.164901552511417
68.1	2025-05-29T06:50:00Z	1748501400	32.76277077625571	13.172770776255707
68.1	2025-05-29T07:00:00Z	1748502000	33.26670538812785	13.676705388127854
68.1	2025-05-29T07:10:00Z	1748502600	33.26670538812785	13.676705388127854
68.1	2025-05-29T07:20:00Z	1748503200	33.26670538812785	13.676705388127854
68.1	2025-05-29T07:30:00Z	1748503800	32.76277077625571	12.671770776255705
68.1	2025-05-29T07:40:00Z	1748504400	32.76277077625571	11.170770776255708
68.1	2025-05-29T07:50:00Z	1748505000	32.25883616438356	9.16583616438356
68.1	2025-05-29T08:00:00Z	1748505600	32.25883616438356	6.6648361643835585
68.1	2025-05-29T08:10:00Z	1748506200	31.754901552511416	4.6619015525114165
68.1	2025-05-29T08:20:00Z	1748506800	31.754901552511416	5.660901552511415
68.1	2025-05-29T08:30:00Z	1748507400	31.754901552511416	3.6629015525114177
68.1	2025-05-29T08:40:00Z	1748508000	31.754901552511416	4.6619015525114165
68.1	2025-05-29T08:50:00Z	1748508600	31.754901552511416	5.1619015525114165
68.1	2025-05-29T09:00:00Z	1748509200	31.250966940639266	5.156966940639265
68.1	2025-05-29T09:10:00Z	1748509800	31.250966940639266	4.657966940639266
68.1	2025-05-29T09:20:00Z	1748510400	31.250966940639266	5.156966940639265
68.1	2025-05-29T09:30:00Z	1748511000	31.250966940639266	3.657966940639266
68.1	2025-05-29T09:40:00Z	1748511600	30.747032328767126	3.6540323287671264
68.1	2025-05-29T09:50:00Z	1748512200	30.747032328767126	4.653032328767125
68.1	2025-05-29T10:00:00Z	1748512800	30.747032328767126	4.154032328767126
68.1	2025-05-29T10:10:00Z	1748513400	30.747032328767126	4.653032328767125
68.1	2025-05-29T10:20:00Z	1748514000	30.747032328767126	4.154032328767126
68.1	2025-05-29T10:30:00Z	1748514600	30.747032328767126	4.154032328767126
68.1	2025-05-29T10:40:00Z	1748515200	30.747032328767126	4.653032328767125
68.1	2025-05-29T10:50:00Z	1748515800	30.747032328767126	5.153032328767125
68.1	2025-05-29T11:00:00Z	1748516400	31.250966940639266	5.156966940639265
68.1	2025-05-29T11:10:00Z	1748517000	31.250966940639266	5.156966940639265
68.1	2025-05-29T11:20:00Z	1748517600	31.250966940639266	5.156966940639265
68.1	2025-05-29T11:30:00Z	1748518200	31.250966940639266	5.156966940639265
68.1	2025-05-29T11:40:00Z	1748518800	31.250966940639266	5.156966940639265
68.1	2025-05-29T11:50:00Z	1748519400	31.250966940639266	4.657966940639266
68.1	2025-05-29T12:00:00Z	1748520000	31.754901552511416	5.1619015525114165
68.1	2025-05-29T12:10:00Z	1748520600	32.25883616438356	5.66583616438356
68.1	2025-05-29T12:20:00Z	1748521200	32.25883616438356	5.16583616438356
68.1	2025-05-29T12:30:00Z	1748521800	32.25883616438356	5.16583616438356
68.1	2025-05-29T12:40:00Z	1748522400	32.25883616438356	5.16583616438356
68.1	2025-05-29T12:50:00Z	1748523000	32.25883616438356	5.16583616438356
68.1	2025-05-29T13:00:00Z	1748523600	32.25883616438356	4.66583616438356
68.1	2025-05-29T13:10:00Z	1748524200	32.25883616438356	5.16583616438356
68.1	2025-05-29T13:20:00Z	1748524800	32.25883616438356	4.66583616438356
68.1	2025-05-29T13:30:00Z	1748525400	32.25883616438356	4.66583616438356
68.1	2025-05-29T13:40:00Z	1748526000	32.25883616438356	4.66583616438356
68.1	2025-05-29T13:50:00Z	1748526600	32.25883616438356	4.66583616438356
68.1	2025-05-29T14:00:00Z	1748527200	32.25883616438356	4.66583616438356
68.1	2025-05-29T14:10:00Z	1748527800	32.25883616438356	4.166836164383561
68.1	2025-05-29T14:20:00Z	1748528400	32.76277077625571	5.169770776255707
68.1	2025-05-29T14:30:00Z	1748529000	32.76277077625571	4.670770776255708
68.1	2025-05-29T14:40:00Z	1748529600	32.76277077625571	4.670770776255708
68.1	2025-05-29T14:50:00Z	1748530200	33.26670538812785	5.673705388127853
68.1	2025-05-29T15:00:00Z	1748530800	33.26670538812785	6.173705388127853
68.1	2025-05-29T15:10:00Z	1748531400	33.26670538812785	6.173705388127853
68.1	2025-05-29T15:20:00Z	1748532000	33.26670538812785	6.173705388127853
68.1	2025-05-29T15:30:00Z	1748532600	33.26670538812785	6.173705388127853
68.1	2025-05-29T15:40:00Z	1748533200	33.26670538812785	6.173705388127853
68.1	2025-05-29T15:50:00Z	1748533800	33.26670538812785	6.173705388127853
68.1	2025-05-29T16:00:00Z	1748534400	33.77064	6.67764
68.1	2025-05-29T16:10:00Z	1748535000	33.26670538812785	6.673705388127853
68.1	2025-05-29T16:20:00Z	1748535600	33.77064	7.17764
68.1	2025-05-29T16:30:00Z	1748536200	32.76277077625571	5.669770776255707
68.1	2025-05-29T16:40:00Z	1748536800	33.26670538812785	6.673705388127853
68.1	2025-05-29T16:50:00Z	1748537400	31.754901552511416	4.6619015525114165
68.1	2025-05-29T17:00:00Z	1748538000	31.754901552511416	4.6619015525114165
68.1	2025-05-29T17:10:00Z	1748538600	32.76277077625571	5.669770776255707
68.1	2025-05-29T17:20:00Z	1748539200	33.26670538812785	6.673705388127853
68.1	2025-05-29T17:30:00Z	1748539800	33.26670538812785	6.673705388127853
68.1	2025-05-29T17:40:00Z	1748540400	33.26670538812785	7.172705388127852
68.1	2025-05-29T17:50:00Z	1748541000	32.76277077625571	6.668770776255705
68.1	2025-05-29T18:00:00Z	1748541600	32.25883616438356	6.1648361643835585
68.1	2025-05-29T18:10:00Z	1748542200	32.76277077625571	6.668770776255705
68.1	2025-05-29T18:20:00Z	1748542800	32.25883616438356	6.6648361643835585
68.1	2025-05-29T18:30:00Z	1748543400	31.754901552511416	6.160901552511415
68.1	2025-05-29T18:40:00Z	1748544000	31.754901552511416	6.660901552511415
68.1	2025-05-29T18:50:00Z	1748544600	31.754901552511416	7.160901552511415
68.1	2025-05-29T19:00:00Z	1748545200	32.25883616438356	7.6648361643835585
68.1	2025-05-29T19:10:00Z	1748545800	33.77064	9.176639999999999
68.1	2025-05-29T19:20:00Z	1748546400	33.77064	9.176639999999999
68.1	2025-05-29T19:30:00Z	1748547000	35.78637844748858	11.69237844748858
68.1	2025-05-29T19:40:00Z	1748547600	36.290313059360734	12.196313059360733
68.1	2025-05-29T19:50:00Z	1748548200	34.27457461187215	10.680574611872146
68.1	2025-05-29T20:00:00Z	1748548800	33.26670538812785	9.672705388127852
68.1	2025-05-29T20:10:00Z	1748549400	32.76277077625571	9.168770776255705
68.1	2025-05-29T20:20:00Z	1748550000	35.282443835616434	11.688443835616432
68.1	2025-05-29T20:30:00Z	1748550600	38.306051506849315	15.213051506849315
68.1	2025-05-29T20:40:00Z	1748551200	34.778509223744294	11.685509223744294
68.1	2025-05-29T20:50:00Z	1748551800	35.282443835616434	12.189443835616434
68.1	2025-05-29T21:00:00Z	1748552400	35.282443835616434	12.189443835616434
68.1	2025-05-29T21:10:00Z	1748553000	36.290313059360734	13.197313059360734
68.1	2025-05-29T21:20:00Z	1748553600	35.78637844748858	12.69337844748858
68.1	2025-05-29T21:30:00Z	1748554200	35.78637844748858	13.19337844748858
68.1	2025-05-29T21:40:00Z	1748554800	36.290313059360734	13.697313059360734
68.1	2025-05-29T21:50:00Z	1748555400	36.290313059360734	13.697313059360734
68.1	2025-05-29T22:00:00Z	1748556000	36.290313059360734	13.697313059360734
68.1	2025-05-29T22:10:00Z	1748556600	36.794247671232874	14.201247671232874
68.1	2025-05-29T22:20:00Z	1748557200	35.78637844748858	13.19337844748858
68.1	2025-05-29T22:30:00Z	1748557800	34.27457461187215	11.681574611872147
68.1	2025-05-29T22:40:00Z	1748558400	32.76277077625571	10.169770776255707
68.1	2025-05-29T22:50:00Z	1748559000	32.25883616438356	10.16583616438356
68.1	2025-05-29T23:00:00Z	1748559600	33.26670538812785	11.173705388127853
68.1	2025-05-29T23:10:00Z	1748560200	34.27457461187215	12.181574611872147
68.1	2025-05-29T23:20:00Z	1748560800	33.77064	11.67764
68.1	2025-05-29T23:30:00Z	1748561400	33.77064	12.178640000000001
68.1	2025-05-29T23:40:00Z	1748562000	34.778509223744294	13.186509223744295
68.1	2025-05-29T23:50:00Z	1748562600	36.290313059360734	14.698313059360736
68.1	2025-05-30T00:00:00Z	1748563200	32.76277077625571	11.170770776255708
68.1	2025-05-30T00:10:00Z	1748563800	34.27457461187215	12.181574611872147
68.1	2025-05-30T00:20:00Z	1748564400	32.76277077625571	10.669770776255707
68.1	2025-05-30T00:30:00Z	1748565000	33.26670538812785	11.674705388127855
68.1	2025-05-30T00:40:00Z	1748565600	32.25883616438356	11.166836164383561
68.1	2025-05-30T00:50:00Z	1748566200	31.754901552511416	10.162901552511418
68.1	2025-05-30T01:00:00Z	1748566800	31.754901552511416	10.162901552511418
68.1	2025-05-30T01:10:00Z	1748567400	33.77064	12.678640000000001
68.1	2025-05-30T01:20:00Z	1748568000	33.26670538812785	12.174705388127855
68.1	2025-05-30T01:30:00Z	1748568600	32.76277077625571	11.670770776255708
68.1	2025-05-30T01:40:00Z	1748569200	33.26670538812785	12.174705388127855
68.1	2025-05-30T01:50:00Z	1748569800	32.25883616438356	11.166836164383561
68.1	2025-05-30T02:00:00Z	1748570400	32.25883616438356	11.166836164383561
68.1	2025-05-30T02:10:00Z	1748571000	32.25883616438356	11.166836164383561
68.1	2025-05-30T02:20:00Z	1748571600	32.76277077625571	11.670770776255708
68.1	2025-05-30T02:30:00Z	1748572200	33.77064	12.678640000000001
68.1	2025-05-30T02:40:00Z	1748572800	32.76277077625571	11.670770776255708
68.1	2025-05-30T02:50:00Z	1748573400	31.754901552511416	10.662901552511418
68.1	2025-05-30T03:00:00Z	1748574000	30.747032328767126	9.655032328767128
68.1	2025-05-30T03:10:00Z	1748574600	34.27457461187215	13.182574611872148
68.1	2025-05-30T03:20:00Z	1748575200	33.77064	12.678640000000001
68.1	2025-05-30T03:30:00Z	1748575800	33.26670538812785	12.174705388127855
68.1	2025-05-30T03:40:00Z	1748576400	31.754901552511416	10.662901552511418
68.1	2025-05-30T03:50:00Z	1748577000	32.25883616438356	11.166836164383561
68.1	2025-05-30T04:00:00Z	1748577600	31.250966940639266	10.659966940639265
68.1	2025-05-30T04:10:00Z	1748578200	34.778509223744294	14.187509223744293
68.1	2025-05-30T04:20:00Z	1748578800	35.282443835616434	14.691443835616433
68.1	2025-05-30T04:30:00Z	1748579400	35.282443835616434	15.191443835616433
68.1	2025-05-30T04:40:00Z	1748580000	32.76277077625571	12.671770776255705
68.1	2025-05-30T04:50:00Z	1748580600	33.77064	13.67964
68.1	2025-05-30T05:00:00Z	1748581200	33.26670538812785	13.175705388127852
68.1	2025-05-30T05:10:00Z	1748581800	33.77064	13.67964
68.1	2025-05-30T05:20:00Z	1748582400	32.25883616438356	12.167836164383559
68.1	2025-05-30T05:30:00Z	1748583000	33.26670538812785	13.175705388127852
68.1	2025-05-30T05:40:00Z	1748583600	31.250966940639266	11.159966940639265
68.1	2025-05-30T05:50:00Z	1748584200	32.76277077625571	12.671770776255705
68.1	2025-05-30T06:00:00Z	1748584800	32.25883616438356	12.167836164383559
68.1	2025-05-30T06:10:00Z	1748585400	32.25883616438356	12.167836164383559
68.1	2025-05-30T06:20:00Z	1748586000	29.739163105022833	9.648163105022832
68.1	2025-05-30T06:30:00Z	1748586600	29.739163105022833	9.648163105022832
68.1	2025-05-30T06:40:00Z	1748587200	30.747032328767126	10.656032328767125
68.1	2025-05-30T06:50:00Z	1748587800	28.73129388127854	8.640293881278538
68.1	2025-05-30T07:00:00Z	1748588400	28.73129388127854	8.640293881278538
68.1	2025-05-30T07:10:00Z	1748589000	28.227359269406392	8.136359269406391
68.1	2025-05-30T07:20:00Z	1748589600	27.72342465753425	7.132424657534248
68.1	2025-05-30T07:30:00Z	1748590200	27.72342465753425	6.13142465753425
68.1	2025-05-30T07:40:00Z	1748590800	27.72342465753425	3.6294246575342477
68.1	2025-05-30T07:50:00Z	1748591400	27.72342465753425	3.1294246575342477
68.1	2025-05-30T08:00:00Z	1748592000	28.73129388127854	3.137293881278538
68.1	2025-05-30T08:10:00Z	1748592600	29.739163105022833	3.6451631050228315
68.1	2025-05-30T08:20:00Z	1748593200	29.739163105022833	5.6451631050228315
68.1	2025-05-30T08:30:00Z	1748593800	30.24309771689498	6.149097716894978
68.1	2025-05-30T08:40:00Z	1748594400	30.24309771689498	3.6500977168949795
68.1	2025-05-30T08:50:00Z	1748595000	29.739163105022833	3.1461631050228327
68.1	2025-05-30T09:00:00Z	1748595600	29.739163105022833	3.6451631050228315
68.1	2025-05-30T09:10:00Z	1748596200	29.739163105022833	1.147163105022834
68.1	2025-05-30T09:20:00Z	1748596800	30.24309771689498	1.1520977168949784
68.1	2025-05-30T09:30:00Z	1748597400	29.235228493150686	1.143228493150687
68.1	2025-05-30T09:40:00Z	1748598000	29.739163105022833	2.6461631050228327
68.1	2025-05-30T09:50:00Z	1748598600	30.24309771689498	3.6500977168949795
68.1	2025-05-30T10:00:00Z	1748599200	29.739163105022833	3.1461631050228327
68.1	2025-05-30T10:10:00Z	1748599800	30.24309771689498	4.149097716894978
68.1	2025-05-30T10:20:00Z	1748600400	30.747032328767126	4.154032328767126
68.1	2025-05-30T10:30:00Z	1748601000	30.747032328767126	4.653032328767125
68.1	2025-05-30T10:40:00Z	1748601600	30.747032328767126	4.154032328767126
68.1	2025-05-30T10:50:00Z	1748602200	30.747032328767126	4.154032328767126
68.1	2025-05-30T11:00:00Z	1748602800	30.747032328767126	4.653032328767125
68.1	2025-05-30T11:10:00Z	1748603400	30.747032328767126	4.154032328767126
68.1	2025-05-30T11:20:00Z	1748604000	30.747032328767126	4.154032328767126
68.1	2025-05-30T11:30:00Z	1748604600	30.747032328767126	3.6540323287671264
68.1	2025-05-30T11:40:00Z	1748605200	30.24309771689498	2.6500977168949795
68.1	2025-05-30T11:50:00Z	1748605800	30.747032328767126	3.6540323287671264
68.1	2025-05-30T12:00:00Z	1748606400	31.754901552511416	4.1619015525114165
68.1	2025-05-30T12:10:00Z	1748607000	32.76277077625571	5.169770776255707
68.1	2025-05-30T12:20:00Z	1748607600	35.282443835616434	8.189443835616434
68.1	2025-05-30T12:30:00Z	1748608200	35.78637844748858	8.19337844748858
68.1	2025-05-30T12:40:00Z	1748608800	34.27457461187215	6.681574611872147
68.1	2025-05-30T12:50:00Z	1748609400	33.26670538812785	5.673705388127853
68.1	2025-05-30T13:00:00Z	1748610000	33.26670538812785	5.673705388127853
68.1	2025-05-30T13:10:00Z	1748610600	33.26670538812785	5.673705388127853
68.1	2025-05-30T13:20:00Z	1748611200	33.26670538812785	5.174705388127855
68.1	2025-05-30T13:30:00Z	1748611800	32.76277077625571	5.169770776255707
68.1	2025-05-30T13:40:00Z	1748612400	32.25883616438356	4.166836164383561
68.1	2025-05-30T13:50:00Z	1748613000	32.76277077625571	4.670770776255708
68.1	2025-05-30T14:00:00Z	1748613600	32.76277077625571	4.670770776255708
68.1	2025-05-30T14:10:00Z	1748614200	32.76277077625571	4.670770776255708
68.1	2025-05-30T14:20:00Z	1748614800	32.76277077625571	4.670770776255708
68.1	2025-05-30T14:30:00Z	1748615400	32.25883616438356	4.166836164383561
68.1	2025-05-30T14:40:00Z	1748616000	32.25883616438356	4.166836164383561
68.1	2025-05-30T14:50:00Z	1748616600	32.25883616438356	4.166836164383561
68.1	2025-05-30T15:00:00Z	1748617200	31.754901552511416	3.6629015525114177
68.1	2025-05-30T15:10:00Z	1748617800	32.25883616438356	4.166836164383561
68.1	2025-05-30T15:20:00Z	1748618400	31.754901552511416	3.6629015525114177
68.1	2025-05-30T15:30:00Z	1748619000	31.754901552511416	3.6629015525114177
68.1	2025-05-30T15:40:00Z	1748619600	31.754901552511416	3.1629015525114177
68.1	2025-05-30T15:50:00Z	1748620200	31.754901552511416	3.6629015525114177
68.1	2025-05-30T16:00:00Z	1748620800	31.754901552511416	4.1619015525114165
68.1	2025-05-30T16:10:00Z	1748621400	31.754901552511416	4.1619015525114165
68.1	2025-05-30T16:20:00Z	1748622000	31.754901552511416	4.1619015525114165
68.1	2025-05-30T16:30:00Z	1748622600	31.250966940639266	3.657966940639266
68.1	2025-05-30T16:40:00Z	1748623200	31.250966940639266	3.657966940639266
68.1	2025-05-30T16:50:00Z	1748623800	31.250966940639266	3.657966940639266
68.1	2025-05-30T17:00:00Z	1748624400	31.250966940639266	3.657966940639266
68.1	2025-05-30T17:10:00Z	1748625000	31.250966940639266	3.657966940639266
68.1	2025-05-30T17:20:00Z	1748625600	30.747032328767126	3.6540323287671264
68.1	2025-05-30T17:30:00Z	1748626200	30.747032328767126	3.6540323287671264
68.1	2025-05-30T17:40:00Z	1748626800	30.747032328767126	4.154032328767126
68.1	2025-05-30T17:50:00Z	1748627400	31.250966940639266	4.657966940639266
68.1	2025-05-30T18:00:00Z	1748628000	30.747032328767126	4.154032328767126
68.1	2025-05-30T18:10:00Z	1748628600	30.747032328767126	4.653032328767125
68.1	2025-05-30T18:20:00Z	1748629200	32.25883616438356	6.1648361643835585
68.1	2025-05-30T18:30:00Z	1748629800	32.25883616438356	6.6648361643835585
68.1	2025-05-30T18:40:00Z	1748630400	31.754901552511416	6.660901552511415
68.1	2025-05-30T18:50:00Z	1748631000	31.250966940639266	6.156966940639265
68.1	2025-05-30T19:00:00Z	1748631600	31.250966940639266	6.656966940639265
68.1	2025-05-30T19:10:00Z	1748632200	31.250966940639266	6.656966940639265
68.1	2025-05-30T19:20:00Z	1748632800	32.76277077625571	8.668770776255705
68.1	2025-05-30T19:30:00Z	1748633400	34.27457461187215	10.180574611872146
68.1	2025-05-30T19:40:00Z	1748634000	34.27457461187215	10.180574611872146
68.1	2025-05-30T19:50:00Z	1748634600	34.27457461187215	10.180574611872146
68.1	2025-05-30T20:00:00Z	1748635200	33.77064	10.176639999999999
68.1	2025-05-30T20:10:00Z	1748635800	37.802116894977175	14.208116894977174
68.1	2025-05-30T20:20:00Z	1748636400	37.802116894977175	14.208116894977174
68.1	2025-05-30T20:30:00Z	1748637000	34.778509223744294	11.184509223744293
68.1	2025-05-30T20:40:00Z	1748637600	33.77064	10.176639999999999
68.1	2025-05-30T20:50:00Z	1748638200	33.26670538812785	10.173705388127853
68.1	2025-05-30T21:00:00Z	1748638800	33.77064	10.67764
68.1	2025-05-30T21:10:00Z	1748639400	35.282443835616434	12.189443835616434
68.1	2025-05-30T21:20:00Z	1748640000	32.76277077625571	9.669770776255707
68.1	2025-05-30T21:30:00Z	1748640600	32.25883616438356	9.16583616438356
68.1	2025-05-30T21:40:00Z	1748641200	35.78637844748858	12.69337844748858
68.1	2025-05-30T21:50:00Z	1748641800	36.290313059360734	13.197313059360734
68.1	2025-05-30T22:00:00Z	1748642400	32.76277077625571	9.669770776255707
68.1	2025-05-30T22:10:00Z	1748643000	34.778509223744294	11.685509223744294
68.1	2025-05-30T22:20:00Z	1748643600	33.26670538812785	10.173705388127853
68.1	2025-05-30T22:30:00Z	1748644200	34.27457461187215	11.181574611872147
68.1	2025-05-30T22:40:00Z	1748644800	33.26670538812785	9.672705388127852
68.1	2025-05-30T22:50:00Z	1748645400	33.26670538812785	9.672705388127852
68.1	2025-05-30T23:00:00Z	1748646000	33.26670538812785	9.672705388127852
68.1	2025-05-30T23:10:00Z	1748646600	34.27457461187215	11.181574611872147
68.1	2025-05-30T23:20:00Z	1748647200	35.282443835616434	12.189443835616434
68.1	2025-05-30T23:30:00Z	1748647800	35.78637844748858	12.69337844748858
68.1	2025-05-30T23:40:00Z	1748648400	34.27457461187215	11.181574611872147
68.1	2025-05-30T23:50:00Z	1748649000	34.778509223744294	11.685509223744294
68.1	2025-05-31T00:00:00Z	1748649600	32.76277077625571	9.669770776255707
68.1	2025-05-31T00:10:00Z	1748650200	34.778509223744294	11.685509223744294
68.1	2025-05-31T00:20:00Z	1748650800	34.778509223744294	11.685509223744294
68.1	2025-05-31T00:30:00Z	1748651400	34.27457461187215	11.181574611872147
68.1	2025-05-31T00:40:00Z	1748652000	34.27457461187215	11.181574611872147
68.1	2025-05-31T00:50:00Z	1748652600	34.778509223744294	11.685509223744294
68.1	2025-05-31T01:00:00Z	1748653200	32.25883616438356	9.66583616438356
68.1	2025-05-31T01:10:00Z	1748653800	34.27457461187215	11.681574611872147
68.1	2025-05-31T01:20:00Z	1748654400	33.26670538812785	10.673705388127853
68.1	2025-05-31T01:30:00Z	1748655000	32.25883616438356	9.66583616438356
68.1	2025-05-31T01:40:00Z	1748655600	32.76277077625571	10.169770776255707
68.1	2025-05-31T01:50:00Z	1748656200	33.26670538812785	10.673705388127853
68.1	2025-05-31T02:00:00Z	1748656800	32.76277077625571	10.169770776255707
68.1	2025-05-31T02:10:00Z	1748657400	31.754901552511416	9.161901552511416
68.1	2025-05-31T02:20:00Z	1748658000	31.250966940639266	9.157966940639266
68.1	2025-05-31T02:30:00Z	1748658600	33.26670538812785	11.173705388127853
68.1	2025-05-31T02:40:00Z	1748659200	32.25883616438356	10.16583616438356
68.1	2025-05-31T02:50:00Z	1748659800	31.754901552511416	9.661901552511416
68.1	2025-05-31T03:00:00Z	1748660400	31.250966940639266	9.157966940639266
68.1	2025-05-31T03:10:00Z	1748661000	31.754901552511416	9.661901552511416
68.1	2025-05-31T03:20:00Z	1748661600	31.754901552511416	9.661901552511416
68.1	2025-05-31T03:30:00Z	1748662200	32.76277077625571	10.669770776255707
68.1	2025-05-31T03:40:00Z	1748662800	31.250966940639266	9.157966940639266
68.1	2025-05-31T03:50:00Z	1748663400	31.754901552511416	9.661901552511416
68.1	2025-05-31T04:00:00Z	1748664000	31.250966940639266	9.658966940639267
68.1	2025-05-31T04:10:00Z	1748664600	33.26670538812785	12.174705388127855
68.1	2025-05-31T04:20:00Z	1748665200	31.754901552511416	10.162901552511418
68.1	2025-05-31T04:30:00Z	1748665800	31.250966940639266	9.658966940639267
68.1	2025-05-31T04:40:00Z	1748666400	32.25883616438356	10.666836164383561
68.1	2025-05-31T04:50:00Z	1748667000	31.754901552511416	10.162901552511418
68.1	2025-05-31T05:00:00Z	1748667600	31.754901552511416	10.662901552511418
68.1	2025-05-31T05:10:00Z	1748668200	30.24309771689498	9.15109771689498
68.1	2025-05-31T05:20:00Z	1748668800	30.24309771689498	9.15109771689498
68.1	2025-05-31T05:30:00Z	1748669400	29.739163105022833	8.147163105022834
68.1	2025-05-31T05:40:00Z	1748670000	33.26670538812785	12.174705388127855
68.1	2025-05-31T05:50:00Z	1748670600	33.77064	12.178640000000001
68.1	2025-05-31T06:00:00Z	1748671200	32.76277077625571	11.170770776255708
68.1	2025-05-31T06:10:00Z	1748671800	33.26670538812785	11.674705388127855
68.1	2025-05-31T06:20:00Z	1748672400	32.76277077625571	11.170770776255708
68.1	2025-05-31T06:30:00Z	1748673000	32.76277077625571	11.170770776255708
68.1	2025-05-31T06:40:00Z	1748673600	29.739163105022833	8.147163105022834
68.1	2025-05-31T06:50:00Z	1748674200	28.73129388127854	7.13929388127854
68.1	2025-05-31T07:00:00Z	1748674800	28.227359269406392	6.635359269406393
68.1	2025-05-31T07:10:00Z	1748675400	27.72342465753425	6.13142465753425
68.1	2025-05-31T07:20:00Z	1748676000	27.72342465753425	6.13142465753425
68.1	2025-05-31T07:30:00Z	1748676600	27.72342465753425	6.13142465753425
68.1	2025-05-31T07:40:00Z	1748677200	27.72342465753425	6.13142465753425
68.1	2025-05-31T07:50:00Z	1748677800	27.72342465753425	5.630424657534249
68.1	2025-05-31T08:00:00Z	1748678400	27.72342465753425	5.630424657534249
68.1	2025-05-31T08:10:00Z	1748679000	27.72342465753425	6.13142465753425
68.1	2025-05-31T08:20:00Z	1748679600	28.227359269406392	6.635359269406393
68.1	2025-05-31T08:30:00Z	1748680200	27.72342465753425	5.630424657534249
68.1	2025-05-31T08:40:00Z	1748680800	27.219490045662102	5.126490045662102
68.1	2025-05-31T08:50:00Z	1748681400	29.739163105022833	7.646163105022833
68.1	2025-05-31T09:00:00Z	1748682000	30.24309771689498	8.15009771689498
68.1	2025-05-31T09:10:00Z	1748682600	30.747032328767126	9.155032328767128
68.1	2025-05-31T09:20:00Z	1748683200	30.24309771689498	8.65109771689498
68.1	2025-05-31T09:30:00Z	1748683800	30.24309771689498	8.15009771689498
68.1	2025-05-31T09:40:00Z	1748684400	30.24309771689498	7.6500977168949795
68.1	2025-05-31T09:50:00Z	1748685000	29.739163105022833	6.646163105022833
68.1	2025-05-31T10:00:00Z	1748685600	28.73129388127854	5.137293881278538
68.1	2025-05-31T10:10:00Z	1748686200	28.73129388127854	5.137293881278538
68.1	2025-05-31T10:20:00Z	1748686800	28.227359269406392	4.133359269406391
68.1	2025-05-31T10:30:00Z	1748687400	28.73129388127854	3.637293881278538
68.1	2025-05-31T10:40:00Z	1748688000	28.73129388127854	4.137293881278538
68.1	2025-05-31T10:50:00Z	1748688600	28.73129388127854	4.137293881278538
68.1	2025-05-31T11:00:00Z	1748689200	28.73129388127854	3.637293881278538
68.1	2025-05-31T11:10:00Z	1748689800	28.73129388127854	3.637293881278538
68.1	2025-05-31T11:20:00Z	1748690400	28.73129388127854	3.137293881278538
68.1	2025-05-31T11:30:00Z	1748691000	28.73129388127854	2.637293881278538
68.1	2025-05-31T11:40:00Z	1748691600	28.73129388127854	2.138293881278539
68.1	2025-05-31T11:50:00Z	1748692200	29.235228493150686	2.642228493150686
68.1	2025-05-31T12:00:00Z	1748692800	29.235228493150686	2.642228493150686
68.1	2025-05-31T12:10:00Z	1748693400	29.739163105022833	3.1461631050228327
68.1	2025-05-31T12:20:00Z	1748694000	29.739163105022833	2.6461631050228327
68.1	2025-05-31T12:30:00Z	1748694600	29.739163105022833	2.6461631050228327
68.1	2025-05-31T12:40:00Z	1748695200	30.24309771689498	3.1500977168949795
68.1	2025-05-31T12:50:00Z	1748695800	30.24309771689498	3.1500977168949795
68.1	2025-05-31T13:00:00Z	1748696400	30.24309771689498	3.1500977168949795
68.1	2025-05-31T13:10:00Z	1748697000	30.747032328767126	3.1540323287671264
68.1	2025-05-31T13:20:00Z	1748697600	30.747032328767126	3.1540323287671264
68.1	2025-05-31T13:30:00Z	1748698200	32.76277077625571	5.169770776255707
68.1	2025-05-31T13:40:00Z	1748698800	33.26670538812785	5.673705388127853
68.1	2025-05-31T13:50:00Z	1748699400	33.26670538812785	5.174705388127855
68.1	2025-05-31T14:00:00Z	1748700000	33.26670538812785	5.673705388127853
68.1	2025-05-31T14:10:00Z	1748700600	33.26670538812785	5.174705388127855
68.1	2025-05-31T14:20:00Z	1748701200	33.26670538812785	5.174705388127855
68.1	2025-05-31T14:30:00Z	1748701800	33.77064	5.1786400000000015
68.1	2025-05-31T14:40:00Z	1748702400	33.77064	5.6786400000000015
68.1	2025-05-31T14:50:00Z	1748703000	33.77064	5.6786400000000015
68.1	2025-05-31T15:00:00Z	1748703600	34.778509223744294	6.186509223744295
68.1	2025-05-31T15:10:00Z	1748704200	34.27457461187215	6.681574611872147
68.1	2025-05-31T15:20:00Z	1748704800	33.77064	5.1786400000000015
68.1	2025-05-31T15:30:00Z	1748705400	33.77064	5.6786400000000015
68.1	2025-05-31T15:40:00Z	1748706000	33.26670538812785	5.174705388127855
68.1	2025-05-31T15:50:00Z	1748706600	33.26670538812785	4.674705388127855
68.1	2025-05-31T16:00:00Z	1748707200	33.26670538812785	4.674705388127855
68.1	2025-05-31T16:10:00Z	1748707800	32.76277077625571	4.670770776255708
68.1	2025-05-31T16:20:00Z	1748708400	32.76277077625571	4.670770776255708
68.1	2025-05-31T16:30:00Z	1748709000	32.76277077625571	4.670770776255708
68.1	2025-05-31T16:40:00Z	1748709600	32.76277077625571	4.670770776255708
68.1	2025-05-31T16:50:00Z	1748710200	32.25883616438356	4.166836164383561
68.1	2025-05-31T17:00:00Z	1748710800	33.77064	5.6786400000000015
68.1	2025-05-31T17:10:00Z	1748711400	33.26670538812785	5.174705388127855
68.1	2025-05-31T17:20:00Z	1748712000	32.76277077625571	4.670770776255708
68.1	2025-05-31T17:30:00Z	1748712600	32.76277077625571	4.670770776255708
68.1	2025-05-31T17:40:00Z	1748713200	33.26670538812785	5.673705388127853
68.1	2025-05-31T17:50:00Z	1748713800	32.76277077625571	5.169770776255707
68.1	2025-05-31T18:00:00Z	1748714400	32.76277077625571	5.669770776255707
68.1	2025-05-31T18:10:00Z	1748715000	32.25883616438356	5.66583616438356
68.1	2025-05-31T18:20:00Z	1748715600	31.754901552511416	5.660901552511415
68.1	2025-05-31T18:30:00Z	1748716200	32.25883616438356	6.1648361643835585
68.1	2025-05-31T18:40:00Z	1748716800	32.25883616438356	6.6648361643835585
68.1	2025-05-31T18:50:00Z	1748717400	31.754901552511416	6.660901552511415
68.1	2025-05-31T19:00:00Z	1748718000	31.754901552511416	6.660901552511415
68.1	2025-05-31T19:10:00Z	1748718600	31.754901552511416	7.160901552511415
68.1	2025-05-31T19:20:00Z	1748719200	32.76277077625571	8.168770776255705
68.1	2025-05-31T19:30:00Z	1748719800	33.77064	9.176639999999999
68.1	2025-05-31T19:40:00Z	1748720400	35.78637844748858	11.19237844748858
68.1	2025-05-31T19:50:00Z	1748721000	34.778509223744294	10.684509223744293
68.1	2025-05-31T20:00:00Z	1748721600	34.27457461187215	10.180574611872146
68.1	2025-05-31T20:10:00Z	1748722200	38.306051506849315	14.712051506849313
68.1	2025-05-31T20:20:00Z	1748722800	33.77064	10.176639999999999
68.1	2025-05-31T20:30:00Z	1748723400	33.77064	10.176639999999999
68.1	2025-05-31T20:40:00Z	1748724000	34.778509223744294	11.184509223744293
68.1	2025-05-31T20:50:00Z	1748724600	34.778509223744294	11.184509223744293
68.1	2025-05-31T21:00:00Z	1748725200	35.78637844748858	12.19237844748858
68.1	2025-05-31T21:10:00Z	1748725800	36.290313059360734	12.696313059360733
68.1	2025-05-31T21:20:00Z	1748726400	33.77064	10.67764
68.1	2025-05-31T21:30:00Z	1748727000	31.754901552511416	8.661901552511416
68.1	2025-05-31T21:40:00Z	1748727600	33.77064	10.67764
68.1	2025-05-31T21:50:00Z	1748728200	34.27457461187215	11.181574611872147
68.1	2025-05-31T22:00:00Z	1748728800	35.78637844748858	12.69337844748858
68.1	2025-05-31T22:10:00Z	1748729400	35.78637844748858	12.69337844748858
68.1	2025-05-31T22:20:00Z	1748730000	34.27457461187215	11.681574611872147
68.1	2025-05-31T22:30:00Z	1748730600	35.78637844748858	13.19337844748858
68.1	2025-05-31T22:40:00Z	1748731200	34.778509223744294	12.185509223744294
68.1	2025-05-31T22:50:00Z	1748731800	34.778509223744294	12.185509223744294
68.1	2025-05-31T23:00:00Z	1748732400	31.754901552511416	9.161901552511416
68.1	2025-05-31T23:10:00Z	1748733000	33.26670538812785	10.673705388127853
68.1	2025-05-31T23:20:00Z	1748733600	30.747032328767126	8.154032328767126
68.1	2025-05-31T23:30:00Z	1748734200	33.77064	11.17764
68.1	2025-05-31T23:40:00Z	1748734800	32.25883616438356	9.66583616438356
68.1	2025-05-31T23:50:00Z	1748735400	33.77064	11.67764
68.1	2025-06-01T00:00:00Z	1748736000	31.754901552511416	9.661901552511416
68.1	2025-06-01T00:10:00Z	1748736600	35.78637844748858	NA
68.1	2025-06-01T00:20:00Z	1748737200	33.77064	NA
68.1	2025-06-01T00:30:00Z	1748737800	32.25883616438356	NA
68.1	2025-06-01T00:40:00Z	1748738400	35.282443835616434	NA
68.1	2025-06-01T00:50:00Z	1748739000	32.76277077625571	NA
68.1	2025-06-01T01:00:00Z	1748739600	33.26670538812785	NA
68.1	2025-06-01T01:10:00Z	1748740200	31.250966940639266	NA
68.1	2025-06-01T01:20:00Z	1748740800	34.27457461187215	NA
68.1	2025-06-01T01:30:00Z	1748741400	35.78637844748858	NA
68.1	2025-06-01T01:40:00Z	1748742000	31.754901552511416	NA
68.1	2025-06-01T01:50:00Z	1748742600	32.76277077625571	NA
68.1	2025-06-01T02:00:00Z	1748743200	33.77064	NA
68.1	2025-06-01T02:10:00Z	1748743800	29.739163105022833	NA
68.1	2025-06-01T02:20:00Z	1748744400	31.250966940639266	NA
68.1	2025-06-01T02:30:00Z	1748745000	32.25883616438356	NA
68.1	2025-06-01T02:40:00Z	1748745600	32.25883616438356	NA
68.1	2025-06-01T02:50:00Z	1748746200	32.25883616438356	NA
68.1	2025-06-01T03:00:00Z	1748746800	31.754901552511416	NA
68.1	2025-06-01T03:10:00Z	1748747400	31.754901552511416	NA
68.1	2025-06-01T03:20:00Z	1748748000	31.754901552511416	NA
68.1	2025-06-01T03:30:00Z	1748748600	34.778509223744294	NA
68.1	2025-06-01T03:40:00Z	1748749200	35.78637844748858	NA
68.1	2025-06-01T03:50:00Z	1748749800	35.282443835616434	NA
68.1	2025-06-01T04:00:00Z	1748750400	35.282443835616434	NA
68.1	2025-06-01T04:10:00Z	1748751000	33.26670538812785	NA
68.1	2025-06-01T04:20:00Z	1748751600	30.747032328767126	NA
68.1	2025-06-01T04:30:00Z	1748752200	33.26670538812785	NA
68.1	2025-06-01T04:40:00Z	1748752800	32.76277077625571	NA
68.1	2025-06-01T04:50:00Z	1748753400	33.26670538812785	NA
68.1	2025-06-01T05:00:00Z	1748754000	31.250966940639266	NA
68.1	2025-06-01T05:10:00Z	1748754600	29.739163105022833	NA
68.1	2025-06-01T05:20:00Z	1748755200	28.73129388127854	NA
68.1	2025-06-01T05:30:00Z	1748755800	28.227359269406392	NA
68.1	2025-06-01T05:40:00Z	1748756400	29.739163105022833	NA
68.1	2025-06-01T05:50:00Z	1748757000	30.747032328767126	NA
68.1	2025-06-01T06:00:00Z	1748757600	31.250966940639266	NA
68.1	2025-06-01T06:10:00Z	1748758200	33.77064	NA
68.1	2025-06-01T06:20:00Z	1748758800	34.27457461187215	NA
68.1	2025-06-01T06:30:00Z	1748759400	34.27457461187215	NA
68.1	2025-06-01T06:40:00Z	1748760000	34.778509223744294	NA
68.1	2025-06-01T06:50:00Z	1748760600	31.250966940639266	NA
68.1	2025-06-01T07:00:00Z	1748761200	31.754901552511416	NA
68.1	2025-06-01T07:10:00Z	1748761800	32.76277077625571	NA
68.1	2025-06-01T07:20:00Z	1748762400	32.76277077625571	NA
68.1	2025-06-01T07:30:00Z	1748763000	33.26670538812785	NA
68.1	2025-06-01T07:40:00Z	1748763600	33.26670538812785	NA
68.1	2025-06-01T07:50:00Z	1748764200	33.26670538812785	NA
68.1	2025-06-01T08:00:00Z	1748764800	33.77064	NA
68.1	2025-06-01T08:10:00Z	1748765400	32.76277077625571	NA
68.1	2025-06-01T08:20:00Z	1748766000	32.25883616438356	NA
68.1	2025-06-01T08:30:00Z	1748766600	29.739163105022833	NA
68.1	2025-06-01T08:40:00Z	1748767200	31.250966940639266	NA
68.1	2025-06-01T08:50:00Z	1748767800	31.250966940639266	NA
68.1	2025-06-01T09:00:00Z	1748768400	32.25883616438356	NA
68.1	2025-06-01T09:10:00Z	1748769000	31.754901552511416	NA
68.1	2025-06-01T09:20:00Z	1748769600	30.747032328767126	NA
68.1	2025-06-01T09:30:00Z	1748770200	29.739163105022833	NA
68.1	2025-06-01T09:40:00Z	1748770800	32.25883616438356	NA
68.1	2025-06-01T09:50:00Z	1748771400	32.76277077625571	NA
68.1	2025-06-01T10:00:00Z	1748772000	32.76277077625571	NA
68.1	2025-06-01T10:10:00Z	1748772600	32.76277077625571	NA
68.1	2025-06-01T10:20:00Z	1748773200	32.76277077625571	NA
68.1	2025-06-01T10:30:00Z	1748773800	32.76277077625571	NA
68.1	2025-06-01T10:40:00Z	1748774400	32.76277077625571	NA
68.1	2025-06-01T10:50:00Z	1748775000	32.76277077625571	NA
68.1	2025-06-01T11:00:00Z	1748775600	32.76277077625571	NA
68.1	2025-06-01T11:10:00Z	1748776200	32.25883616438356	NA
68.1	2025-06-01T11:20:00Z	1748776800	31.754901552511416	NA
68.1	2025-06-01T11:30:00Z	1748777400	32.25883616438356	NA
68.1	2025-06-01T11:40:00Z	1748778000	31.754901552511416	NA
68.1	2025-06-01T11:50:00Z	1748778600	31.754901552511416	NA
68.1	2025-06-01T12:00:00Z	1748779200	31.250966940639266	NA
68.1	2025-06-01T12:10:00Z	1748779800	31.250966940639266	NA
68.1	2025-06-01T12:20:00Z	1748780400	31.250966940639266	NA
68.1	2025-06-01T12:30:00Z	1748781000	31.250966940639266	NA
68.1	2025-06-01T12:40:00Z	1748781600	31.250966940639266	NA
68.1	2025-06-01T12:50:00Z	1748782200	31.250966940639266	NA
68.1	2025-06-01T13:00:00Z	1748782800	31.250966940639266	NA
68.1	2025-06-01T13:10:00Z	1748783400	31.250966940639266	NA
68.1	2025-06-01T13:20:00Z	1748784000	30.747032328767126	NA
68.1	2025-06-01T13:30:00Z	1748784600	30.747032328767126	NA
68.1	2025-06-01T13:40:00Z	1748785200	31.250966940639266	NA
68.1	2025-06-01T13:50:00Z	1748785800	31.250966940639266	NA
68.1	2025-06-01T14:00:00Z	1748786400	31.754901552511416	NA
68.1	2025-06-01T14:10:00Z	1748787000	31.754901552511416	NA
68.1	2025-06-01T14:20:00Z	1748787600	31.754901552511416	NA
68.1	2025-06-01T14:30:00Z	1748788200	31.754901552511416	NA
68.1	2025-06-01T14:40:00Z	1748788800	31.754901552511416	NA
68.1	2025-06-01T14:50:00Z	1748789400	31.754901552511416	NA
68.1	2025-06-01T15:00:00Z	1748790000	32.25883616438356	NA
68.1	2025-06-01T15:10:00Z	1748790600	32.25883616438356	NA
68.1	2025-06-01T15:20:00Z	1748791200	32.25883616438356	NA
68.1	2025-06-01T15:30:00Z	1748791800	31.754901552511416	NA
68.1	2025-06-01T15:40:00Z	1748792400	32.25883616438356	NA
68.1	2025-06-01T15:50:00Z	1748793000	32.25883616438356	NA
68.1	2025-06-01T16:00:00Z	1748793600	32.76277077625571	NA
68.1	2025-06-01T16:10:00Z	1748794200	32.76277077625571	NA
68.1	2025-06-01T16:20:00Z	1748794800	33.26670538812785	NA
68.1	2025-06-01T16:30:00Z	1748795400	33.26670538812785	NA
68.1	2025-06-01T16:40:00Z	1748796000	33.26670538812785	NA
68.1	2025-06-01T16:50:00Z	1748796600	33.77064	NA
68.1	2025-06-01T17:00:00Z	1748797200	33.77064	NA
68.1	2025-06-01T17:10:00Z	1748797800	33.77064	NA
68.1	2025-06-01T17:20:00Z	1748798400	34.27457461187215	NA
68.1	2025-06-01T17:30:00Z	1748799000	33.77064	NA
68.1	2025-06-01T17:40:00Z	1748799600	33.77064	NA
68.1	2025-06-01T17:50:00Z	1748800200	33.77064	NA
68.1	2025-06-01T18:00:00Z	1748800800	34.27457461187215	NA
68.1	2025-06-01T18:10:00Z	1748801400	32.76277077625571	NA
68.1	2025-06-01T18:20:00Z	1748802000	33.26670538812785	NA
68.1	2025-06-01T18:30:00Z	1748802600	33.77064	NA
68.1	2025-06-01T18:40:00Z	1748803200	33.26670538812785	NA
68.1	2025-06-01T18:50:00Z	1748803800	33.26670538812785	NA
68.1	2025-06-01T19:00:00Z	1748804400	31.250966940639266	NA
68.1	2025-06-01T19:10:00Z	1748805000	34.27457461187215	NA
68.1	2025-06-01T19:20:00Z	1748805600	33.26670538812785	NA
68.1	2025-06-01T19:30:00Z	1748806200	33.26670538812785	NA
68.1	2025-06-01T19:40:00Z	1748806800	34.27457461187215	NA
68.1	2025-06-01T19:50:00Z	1748807400	34.27457461187215	NA
68.1	2025-06-01T20:00:00Z	1748808000	33.77064	NA
68.1	2025-06-01T20:10:00Z	1748808600	33.77064	NA
68.1	2025-06-01T20:20:00Z	1748809200	33.26670538812785	NA
68.1	2025-06-01T20:30:00Z	1748809800	36.290313059360734	NA
68.1	2025-06-01T20:40:00Z	1748810400	36.290313059360734	NA
68.1	2025-06-01T20:50:00Z	1748811000	32.76277077625571	NA
68.1	2025-06-01T21:00:00Z	1748811600	36.794247671232874	NA
68.1	2025-06-01T21:10:00Z	1748812200	32.25883616438356	NA
68.1	2025-06-01T21:20:00Z	1748812800	31.754901552511416	NA
68.1	2025-06-01T21:30:00Z	1748813400	33.26670538812785	NA
68.1	2025-06-01T21:40:00Z	1748814000	31.250966940639266	NA
68.1	2025-06-01T21:50:00Z	1748814600	29.739163105022833	NA
68.1	2025-06-01T22:00:00Z	1748815200	33.77064	NA
68.1	2025-06-01T22:10:00Z	1748815800	37.802116894977175	NA
68.1	2025-06-01T22:20:00Z	1748816400	32.25883616438356	NA
68.1	2025-06-01T22:30:00Z	1748817000	32.25883616438356	NA
68.1	2025-06-01T22:40:00Z	1748817600	31.250966940639266	NA
68.1	2025-06-01T22:50:00Z	1748818200	30.747032328767126	NA
68.1	2025-06-01T23:00:00Z	1748818800	31.250966940639266	NA
68.1	2025-06-01T23:10:00Z	1748819400	33.77064	NA
68.1	2025-06-01T23:20:00Z	1748820000	33.77064	NA
68.1	2025-06-01T23:30:00Z	1748820600	31.754901552511416	NA
68.1	2025-06-01T23:40:00Z	1748821200	31.250966940639266	NA
68.1	2025-06-01T23:50:00Z	1748821800	31.250966940639266	NA
68.1	2025-06-02T00:00:00Z	1748822400	35.282443835616434	NA
68.1	2025-06-02T00:10:00Z	1748823000	31.250966940639266	NA
68.1	2025-06-02T00:20:00Z	1748823600	34.27457461187215	NA
68.1	2025-06-02T00:30:00Z	1748824200	36.290313059360734	NA
68.1	2025-06-02T00:40:00Z	1748824800	32.76277077625571	NA
68.1	2025-06-02T00:50:00Z	1748825400	29.739163105022833	NA
68.1	2025-06-02T01:00:00Z	1748826000	29.235228493150686	NA
68.1	2025-06-02T01:10:00Z	1748826600	33.26670538812785	NA
68.1	2025-06-02T01:20:00Z	1748827200	29.739163105022833	NA
68.1	2025-06-02T01:30:00Z	1748827800	29.235228493150686	NA
68.1	2025-06-02T01:40:00Z	1748828400	30.24309771689498	NA
68.1	2025-06-02T01:50:00Z	1748829000	31.250966940639266	NA
68.1	2025-06-02T02:00:00Z	1748829600	31.250966940639266	NA
68.1	2025-06-02T02:10:00Z	1748830200	29.739163105022833	NA
68.1	2025-06-02T02:20:00Z	1748830800	33.77064	NA
68.1	2025-06-02T02:30:00Z	1748831400	35.78637844748858	NA
68.1	2025-06-02T02:40:00Z	1748832000	30.747032328767126	NA
68.1	2025-06-02T02:50:00Z	1748832600	33.77064	NA
68.1	2025-06-02T03:00:00Z	1748833200	33.77064	NA
68.1	2025-06-02T03:10:00Z	1748833800	32.76277077625571	NA
68.1	2025-06-02T03:20:00Z	1748834400	30.747032328767126	NA
68.1	2025-06-02T03:30:00Z	1748835000	29.235228493150686	NA
68.1	2025-06-02T03:40:00Z	1748835600	31.754901552511416	NA
68.1	2025-06-02T03:50:00Z	1748836200	30.24309771689498	NA
68.1	2025-06-02T04:00:00Z	1748836800	32.25883616438356	NA
68.1	2025-06-02T04:10:00Z	1748837400	30.24309771689498	NA
68.1	2025-06-02T04:20:00Z	1748838000	32.25883616438356	NA
68.1	2025-06-02T04:30:00Z	1748838600	32.25883616438356	NA
68.1	2025-06-02T04:40:00Z	1748839200	31.250966940639266	NA
68.1	2025-06-02T04:50:00Z	1748839800	28.73129388127854	NA
68.1	2025-06-02T05:00:00Z	1748840400	32.25883616438356	NA
68.1	2025-06-02T05:10:00Z	1748841000	33.26670538812785	NA
68.1	2025-06-02T05:20:00Z	1748841600	31.250966940639266	NA
68.1	2025-06-02T05:30:00Z	1748842200	32.25883616438356	NA
68.1	2025-06-02T05:40:00Z	1748842800	30.747032328767126	NA
68.1	2025-06-02T05:50:00Z	1748843400	32.76277077625571	NA
68.1	2025-06-02T06:00:00Z	1748844000	30.24309771689498	NA
68.1	2025-06-02T06:10:00Z	1748844600	28.227359269406392	NA
68.1	2025-06-02T06:20:00Z	1748845200	28.227359269406392	NA
68.1	2025-06-02T06:30:00Z	1748845800	29.235228493150686	NA
68.1	2025-06-02T06:40:00Z	1748846400	28.227359269406392	NA
68.1	2025-06-02T06:50:00Z	1748847000	28.227359269406392	NA
68.1	2025-06-02T07:00:00Z	1748847600	29.739163105022833	NA
68.1	2025-06-02T07:10:00Z	1748848200	28.73129388127854	NA
68.1	2025-06-02T07:20:00Z	1748848800	29.235228493150686	NA
68.1	2025-06-02T07:30:00Z	1748849400	28.73129388127854	NA
68.1	2025-06-02T07:40:00Z	1748850000	28.227359269406392	NA
68.1	2025-06-02T07:50:00Z	1748850600	29.739163105022833	NA
68.1	2025-06-02T08:00:00Z	1748851200	30.24309771689498	NA
68.1	2025-06-02T08:10:00Z	1748851800	29.739163105022833	NA
68.1	2025-06-02T08:20:00Z	1748852400	29.235228493150686	NA
68.1	2025-06-02T08:30:00Z	1748853000	28.73129388127854	NA
68.1	2025-06-02T08:40:00Z	1748853600	28.73129388127854	NA
68.1	2025-06-02T08:50:00Z	1748854200	28.73129388127854	NA
68.1	2025-06-02T09:00:00Z	1748854800	28.73129388127854	NA
68.1	2025-06-02T09:10:00Z	1748855400	28.73129388127854	NA
68.1	2025-06-02T09:20:00Z	1748856000	28.73129388127854	NA
68.1	2025-06-02T09:30:00Z	1748856600	28.73129388127854	NA
68.1	2025-06-02T09:40:00Z	1748857200	28.227359269406392	NA
68.1	2025-06-02T09:50:00Z	1748857800	27.72342465753425	NA
68.1	2025-06-02T10:00:00Z	1748858400	28.227359269406392	NA
68.1	2025-06-02T10:10:00Z	1748859000	27.72342465753425	NA
68.1	2025-06-02T10:20:00Z	1748859600	27.219490045662102	NA
68.1	2025-06-02T10:30:00Z	1748860200	27.219490045662102	NA
68.1	2025-06-02T10:40:00Z	1748860800	28.227359269406392	NA
68.1	2025-06-02T10:50:00Z	1748861400	28.227359269406392	NA
68.1	2025-06-02T11:00:00Z	1748862000	28.73129388127854	NA
68.1	2025-06-02T11:10:00Z	1748862600	30.24309771689498	NA
68.1	2025-06-02T11:20:00Z	1748863200	30.747032328767126	NA
68.1	2025-06-02T11:30:00Z	1748863800	30.24309771689498	NA
68.1	2025-06-02T11:40:00Z	1748864400	29.739163105022833	NA
68.1	2025-06-02T11:50:00Z	1748865000	29.739163105022833	NA
68.1	2025-06-02T12:00:00Z	1748865600	31.754901552511416	NA
68.1	2025-06-02T12:10:00Z	1748866200	30.24309771689498	NA
68.1	2025-06-02T12:20:00Z	1748866800	29.235228493150686	NA
68.1	2025-06-02T12:30:00Z	1748867400	30.24309771689498	NA
68.1	2025-06-02T12:40:00Z	1748868000	29.235228493150686	NA
68.1	2025-06-02T12:50:00Z	1748868600	28.73129388127854	NA
68.1	2025-06-02T13:00:00Z	1748869200	30.24309771689498	NA
68.1	2025-06-02T13:10:00Z	1748869800	30.747032328767126	NA
68.1	2025-06-02T13:20:00Z	1748870400	31.250966940639266	NA
68.1	2025-06-02T13:30:00Z	1748871000	31.754901552511416	NA
68.1	2025-06-02T13:40:00Z	1748871600	31.754901552511416	NA
68.1	2025-06-02T13:50:00Z	1748872200	31.250966940639266	NA
68.1	2025-06-02T14:00:00Z	1748872800	31.754901552511416	NA
68.1	2025-06-02T14:10:00Z	1748873400	31.754901552511416	NA
68.1	2025-06-02T14:20:00Z	1748874000	31.754901552511416	NA
68.1	2025-06-02T14:30:00Z	1748874600	31.754901552511416	NA
68.1	2025-06-02T14:40:00Z	1748875200	32.25883616438356	NA
68.1	2025-06-02T14:50:00Z	1748875800	32.76277077625571	NA
68.1	2025-06-02T15:00:00Z	1748876400	32.76277077625571	NA
68.1	2025-06-02T15:10:00Z	1748877000	34.27457461187215	NA
68.1	2025-06-02T15:20:00Z	1748877600	33.77064	NA
68.1	2025-06-02T15:30:00Z	1748878200	33.26670538812785	NA
68.1	2025-06-02T15:40:00Z	1748878800	32.25883616438356	NA
68.1	2025-06-02T15:50:00Z	1748879400	31.754901552511416	NA
68.1	2025-06-02T16:00:00Z	1748880000	31.250966940639266	NA
68.1	2025-06-02T16:10:00Z	1748880600	33.77064	NA
