No.s,Time,T1,Unit
1,8:49:35,24.4,C
2,8:49:50,25.2,C
3,8:50:05,25.5,C
4,8:50:20,25.8,C
5,8:50:35,25.8,C
6,8:50:50,26,C
7,8:51:05,26.1,C
8,8:51:20,26.2,C
9,8:51:35,26.2,C
10,8:51:50,26.3,C
11,8:52:05,26.4,C
12,8:52:20,26.4,C
13,8:52:35,26.5,C
14,8:52:50,26.8,C
15,8:53:05,26.8,C
16,8:53:20,26.7,C
17,8:53:35,26.8,C
18,8:53:50,26.8,C
19,8:54:05,26.8,C
20,8:54:20,25.4,C
21,8:54:35,23.4,C
22,8:54:50,21.8,C
23,8:55:05,20.6,C
24,8:55:20,19.7,C
25,8:55:35,19.1,C
26,8:55:50,18.6,C
27,8:56:05,18.2,C
28,8:56:20,17.9,C
29,8:56:35,17.8,C
30,8:56:50,17.6,C
31,8:57:05,17.2,C
32,8:57:20,16.9,C
33,8:57:35,16.7,C
34,8:57:50,16.5,C
35,8:58:05,16.3,C
36,8:58:20,16.1,C
37,8:58:35,16,C
38,8:58:50,15.9,C
39,8:59:05,15.7,C
40,8:59:20,15.6,C
41,8:59:35,15.5,C
42,8:59:50,15.3,C
43,9:00:05,15.3,C
44,9:00:20,15.2,C
45,9:00:35,15.1,C
46,9:00:50,15,C
47,9:01:05,14.9,C
48,9:01:20,14.7,C
49,9:01:35,14.6,C
50,9:01:50,14.6,C
51,9:02:05,14.4,C
52,9:02:20,14.3,C
53,9:02:35,14.2,C
54,9:02:50,14.2,C
55,9:03:05,14.1,C
56,9:03:20,14,C
57,9:03:35,13.9,C
58,9:03:50,13.9,C
59,9:04:05,13.7,C
60,9:04:20,13.7,C
61,9:04:35,13.6,C
62,9:04:50,13.5,C
63,9:05:05,13.4,C
64,9:05:20,13.4,C
65,9:05:35,13.3,C
66,9:05:50,13.3,C
67,9:06:05,13.2,C
68,9:06:20,13.1,C
69,9:06:35,13,C
70,9:06:50,12.9,C
71,9:07:05,12.9,C
72,9:07:20,12.8,C
73,9:07:35,12.8,C
74,9:07:50,12.7,C
75,9:08:05,12.7,C
76,9:08:20,12.4,C
77,9:08:35,12.4,C
78,9:08:50,12.4,C
79,9:09:05,12.3,C
80,9:09:20,12.2,C
81,9:09:35,12.2,C
82,9:09:50,12.2,C
83,9:10:05,12.1,C
84,9:10:20,12.1,C
85,9:10:35,11.9,C
86,9:10:50,11.9,C
87,9:11:05,11.8,C
88,9:11:20,11.8,C
89,9:11:35,11.8,C
90,9:11:50,11.7,C
91,9:12:05,11.6,C
92,9:12:20,11.6,C
93,9:12:35,11.5,C
94,9:12:50,11.4,C
95,9:13:05,11.4,C
96,9:13:20,11.4,C
97,9:13:35,11.2,C
98,9:13:50,11.2,C
99,9:14:05,11.2,C
100,9:14:20,11.1,C
101,9:14:35,11.2,C
102,9:14:50,11.1,C
103,9:15:05,11,C
104,9:15:20,10.9,C
105,9:15:35,10.8,C
106,9:15:50,10.8,C
107,9:16:05,10.8,C
108,9:16:20,10.7,C
109,9:16:35,10.7,C
110,9:16:50,10.6,C
111,9:17:05,10.6,C
112,9:17:20,10.5,C
113,9:17:35,10.4,C
114,9:17:50,10.6,C
115,9:18:05,10.5,C
116,9:18:20,10.4,C
117,9:18:35,10.4,C
118,9:18:50,10.3,C
119,9:19:05,10.2,C
120,9:19:20,10.2,C
121,9:19:35,10.2,C
122,9:19:50,10.2,C
123,9:20:05,10.1,C
124,9:20:20,10.1,C
125,9:20:35,10.1,C
126,9:20:50,10,C
127,9:21:05,9.9,C
128,9:21:20,9.9,C
129,9:21:35,9.9,C
130,9:21:50,9.8,C
131,9:22:05,9.8,C
132,9:22:20,9.8,C
133,9:22:35,9.8,C
134,9:22:50,9.7,C
135,9:23:05,9.7,C
136,9:23:20,9.6,C
137,9:23:35,9.6,C
138,9:23:50,9.6,C
139,9:24:05,9.5,C
140,9:24:20,9.6,C
141,9:24:35,9.6,C
142,9:24:50,9.5,C
143,9:25:05,9.4,C
144,9:25:20,9.4,C
145,9:25:35,9.3,C
146,9:25:50,9.3,C
147,9:26:05,9.3,C
148,9:26:20,9.2,C
149,9:26:35,9.2,C
150,9:26:50,9.2,C
151,9:27:05,9.2,C
152,9:27:20,9.2,C
153,9:27:35,9.2,C
154,9:27:50,9.1,C
155,9:28:05,9.1,C
156,9:28:20,9,C
157,9:28:35,9.1,C
158,9:28:50,9,C
159,9:29:05,8.9,C
160,9:29:20,8.9,C
161,9:29:35,8.9,C
162,9:29:50,8.9,C
163,9:30:05,8.9,C
164,9:30:20,8.8,C
165,9:30:35,8.8,C
166,9:30:50,8.8,C
167,9:31:05,8.8,C
168,9:31:20,8.7,C
169,9:31:35,8.7,C
170,9:31:50,8.7,C
171,9:32:05,8.7,C
172,9:32:20,8.6,C
173,9:32:35,8.6,C
174,9:32:50,8.6,C
175,9:33:05,8.6,C
176,9:33:20,8.6,C
177,9:33:35,8.4,C
178,9:33:50,8.4,C
179,9:34:05,8.4,C
180,9:34:20,8.3,C
181,9:34:35,8.3,C
182,9:34:50,8.3,C
183,9:35:05,8.3,C
184,9:35:20,8.3,C
185,9:35:35,8.3,C
186,9:35:50,8.3,C
187,9:36:05,8.3,C
188,9:36:20,8.2,C
189,9:36:35,8.2,C
190,9:36:50,8.2,C
191,9:37:05,8.2,C
192,9:37:20,8.2,C
193,9:37:35,8.2,C
194,9:37:50,8.1,C
195,9:38:05,8.1,C
196,9:38:20,8.1,C
197,9:38:35,8,C
198,9:38:50,8,C
199,9:39:05,8,C
200,9:39:20,8,C
201,9:39:35,7.9,C
202,9:39:50,7.9,C
203,9:40:05,8,C
204,9:40:20,7.9,C
205,9:40:35,7.9,C
206,9:40:50,7.9,C
207,9:41:05,7.9,C
208,9:41:20,7.9,C
209,9:41:35,7.8,C
210,9:41:50,7.8,C
211,9:42:05,7.8,C
212,9:42:20,7.7,C
213,9:42:35,7.7,C
214,9:42:50,7.7,C
215,9:43:05,7.7,C
216,9:43:20,7.7,C
217,9:43:35,7.7,C
218,9:43:50,7.6,C
219,9:44:05,7.7,C
220,9:44:20,7.7,C
221,9:44:35,7.7,C
222,9:44:50,7.6,C
223,9:45:05,7.6,C
224,9:45:20,7.6,C
225,9:45:35,7.5,C
226,9:45:50,7.5,C
227,9:46:05,7.6,C
228,9:46:20,7.5,C
229,9:46:35,7.4,C
230,9:46:50,7.4,C
231,9:47:05,7.4,C
232,9:47:20,7.4,C
233,9:47:35,7.4,C
234,9:47:50,7.4,C
235,9:48:05,7.4,C
236,9:48:20,7.4,C
237,9:48:35,7.4,C
238,9:48:50,7.4,C
239,9:49:05,7.4,C
240,9:49:20,7.3,C
241,9:49:35,7.3,C
242,9:49:50,7.3,C
243,9:50:05,7.3,C
244,9:50:20,7.3,C
245,9:50:35,7.3,C
246,9:50:50,7.2,C
247,9:51:05,7.3,C
248,9:51:20,7.2,C
249,9:51:35,7.2,C
250,9:51:50,7.2,C
251,9:52:05,7.2,C
252,9:52:20,7.2,C
253,9:52:35,7.2,C
254,9:52:50,7.2,C
255,9:53:05,7.1,C
256,9:53:20,7.1,C
257,9:53:35,7.1,C
258,9:53:50,7.1,C
259,9:54:05,7.1,C
260,9:54:20,7.2,C
261,9:54:35,7.1,C
262,9:54:50,7.1,C
263,9:55:05,7.1,C
264,9:55:20,7.1,C
265,9:55:35,7.1,C
266,9:55:50,7,C
267,9:56:05,7,C
268,9:56:20,7.1,C
269,9:56:35,7,C
270,9:56:50,7,C
271,9:57:05,7,C
272,9:57:20,6.9,C
273,9:57:35,7,C
274,9:57:50,6.9,C
275,9:58:05,6.9,C
276,9:58:20,6.9,C
277,9:58:35,6.9,C
278,9:58:50,6.9,C
279,9:59:05,6.9,C
280,9:59:20,6.8,C
281,9:59:35,6.9,C
282,9:59:50,6.9,C
283,10:00:05,6.9,C
284,10:00:20,6.9,C
285,10:00:35,6.9,C
286,10:00:50,6.8,C
287,10:01:05,6.8,C
288,10:01:20,6.8,C
289,10:01:35,6.8,C
290,10:01:50,6.9,C
291,10:02:05,6.8,C
292,10:02:20,6.8,C
293,10:02:35,6.8,C
294,10:02:50,6.8,C
295,10:03:05,6.8,C
296,10:03:20,6.8,C
297,10:03:35,6.7,C
298,10:03:50,6.7,C
299,10:04:05,6.7,C
300,10:04:20,6.7,C
301,10:04:35,6.7,C
302,10:04:50,6.7,C
303,10:05:05,6.7,C
304,10:05:20,6.7,C
305,10:05:35,6.7,C
306,10:05:50,6.7,C
307,10:06:05,6.6,C
308,10:06:20,6.7,C
309,10:06:35,6.7,C
310,10:06:50,6.7,C
311,10:07:05,6.6,C
312,10:07:20,6.6,C
313,10:07:35,6.6,C
314,10:07:50,6.6,C
315,10:08:05,6.6,C
316,10:08:20,6.6,C
317,10:08:35,6.6,C
318,10:08:50,6.6,C
319,10:09:05,6.6,C
320,10:09:20,6.6,C
321,10:09:35,6.6,C
322,10:09:50,6.6,C
323,10:10:05,6.6,C
324,10:10:20,6.6,C
325,10:10:35,6.6,C
326,10:10:50,6.6,C
327,10:11:05,6.4,C
328,10:11:20,6.4,C
329,10:11:35,6.4,C
330,10:11:50,6.4,C
331,10:12:05,6.4,C
332,10:12:20,6.4,C
333,10:12:35,6.4,C
334,10:12:50,6.4,C
335,10:13:05,6.4,C
336,10:13:20,6.4,C
337,10:13:35,6.3,C
338,10:13:50,6.4,C
339,10:14:05,6.3,C
340,10:14:20,6.3,C
341,10:14:35,6.4,C
342,10:14:50,6.3,C
343,10:15:05,6.3,C
344,10:15:20,6.3,C
345,10:15:35,6.3,C
346,10:15:50,6.3,C
347,10:16:05,6.3,C
348,10:16:20,6.3,C
349,10:16:35,6.3,C
350,10:16:50,6.3,C
351,10:17:05,6.2,C
352,10:17:20,6.3,C
353,10:17:35,6.3,C
354,10:17:50,6.3,C
355,10:18:05,6.3,C
356,10:18:20,6.3,C
357,10:18:35,6.2,C
358,10:18:50,6.2,C
359,10:19:05,6.2,C
360,10:19:20,6.2,C
361,10:19:35,6.2,C
362,10:19:50,6.2,C
363,10:20:05,6.2,C
364,10:20:20,6.2,C
365,10:20:35,6.1,C
366,10:20:50,6.1,C
367,10:21:05,6.1,C
368,10:21:20,6.1,C
369,10:21:35,6,C
370,10:21:50,6.1,C
371,10:22:05,6.1,C
372,10:22:20,6.1,C
373,10:22:35,5.9,C
374,10:22:50,5.9,C
375,10:23:05,5.9,C
376,10:23:20,5.9,C
377,10:23:35,6,C
378,10:23:50,5.9,C
379,10:24:05,6,C
380,10:24:20,5.9,C
381,10:24:35,5.9,C
382,10:24:50,5.9,C
383,10:25:05,5.9,C
384,10:25:20,5.9,C
385,10:25:35,5.9,C
386,10:25:50,5.9,C
387,10:26:05,5.9,C
388,10:26:20,5.9,C
389,10:26:35,5.9,C
390,10:26:50,5.8,C
391,10:27:05,5.9,C
392,10:27:20,5.8,C
393,10:27:35,5.8,C
394,10:27:50,5.8,C
395,10:28:05,5.8,C
396,10:28:20,5.8,C
397,10:28:35,5.8,C
398,10:28:50,5.8,C
399,10:29:05,5.8,C
400,10:29:20,5.8,C
401,10:29:35,5.8,C
402,10:29:50,5.8,C
403,10:30:05,5.8,C
404,10:30:20,5.8,C
405,10:30:35,5.8,C
406,10:30:50,5.8,C
407,10:31:05,5.8,C
408,10:31:20,5.7,C
409,10:31:35,5.7,C
410,10:31:50,5.8,C
411,10:32:05,5.8,C
412,10:32:20,5.8,C
413,10:32:35,5.8,C
414,10:32:50,5.7,C
415,10:33:05,5.7,C
416,10:33:20,5.7,C
417,10:33:35,5.6,C
418,10:33:50,5.7,C
419,10:34:05,5.7,C
420,10:34:20,5.7,C
421,10:34:35,5.7,C
422,10:34:50,5.7,C
423,10:35:05,5.7,C
424,10:35:20,5.7,C
425,10:35:35,5.7,C
426,10:35:50,5.6,C
427,10:36:05,5.6,C
428,10:36:20,5.6,C
429,10:36:35,5.6,C
430,10:36:50,5.6,C
431,10:37:05,5.6,C
432,10:37:20,5.6,C
433,10:37:35,5.6,C
434,10:37:50,5.6,C
435,10:38:05,5.6,C
436,10:38:20,5.6,C
437,10:38:35,5.6,C
438,10:38:50,5.6,C
439,10:39:05,5.6,C
440,10:39:20,5.6,C
441,10:39:35,5.6,C
442,10:39:50,5.6,C
443,10:40:05,5.5,C
444,10:40:20,5.5,C
445,10:40:35,5.5,C
446,10:40:50,5.4,C
447,10:41:05,5.6,C
448,10:41:20,5.5,C
449,10:41:35,5.6,C
450,10:41:50,5.4,C
451,10:42:05,5.5,C
452,10:42:20,5.5,C
453,10:42:35,5.5,C
454,10:42:50,5.5,C
455,10:43:05,5.5,C
456,10:43:20,5.5,C
457,10:43:35,5.5,C
458,10:43:50,5.5,C
459,10:44:05,5.5,C
460,10:44:20,5.4,C
461,10:44:35,5.4,C
462,10:44:50,5.3,C
463,10:45:05,5.3,C
464,10:45:20,5.4,C
465,10:45:35,5.4,C
466,10:45:50,5.4,C
467,10:46:05,5.4,C
468,10:46:20,5.4,C
469,10:46:35,5.4,C
470,10:46:50,5.4,C
471,10:47:05,5.4,C
472,10:47:20,5.4,C
473,10:47:35,5.4,C
474,10:47:50,5.4,C
475,10:48:05,5.4,C
476,10:48:20,5.4,C
477,10:48:35,5.4,C
478,10:48:50,5.3,C
479,10:49:05,5.3,C
480,10:49:20,5.3,C
481,10:49:35,5.3,C
482,10:49:50,5.3,C
483,10:50:05,5.4,C
484,10:50:20,5.3,C
485,10:50:35,5.4,C
486,10:50:50,5.4,C
487,10:51:05,5.3,C
488,10:51:20,5.3,C
489,10:51:35,5.3,C
490,10:51:50,5.3,C
491,10:52:05,5.3,C
492,10:52:20,5.3,C
493,10:52:35,5.3,C
494,10:52:50,5.4,C
495,10:53:05,5.3,C
496,10:53:20,5.3,C
497,10:53:35,5.3,C
498,10:53:50,5.4,C
499,10:54:05,5.3,C
500,10:54:20,5.3,C
501,10:54:35,5.3,C
502,10:54:50,5.3,C
503,10:55:05,5.2,C
504,10:55:20,5.3,C
505,10:55:35,5.3,C
506,10:55:50,5.3,C
507,10:56:05,5.3,C
508,10:56:20,5.4,C
509,10:56:35,5.3,C
510,10:56:50,5.3,C
511,10:57:05,5.3,C
512,10:57:20,5.3,C
513,10:57:35,5.3,C
514,10:57:50,5.3,C
515,10:58:05,5.3,C
516,10:58:20,5.3,C
517,10:58:35,5.3,C
518,10:58:50,5.3,C
519,10:59:05,5.3,C
520,10:59:20,5.3,C
521,10:59:35,5.3,C
522,10:59:50,5.3,C
523,11:00:05,5.3,C
524,11:00:20,5.3,C
525,11:00:35,5.3,C
526,11:00:50,5.3,C
527,11:01:05,5.2,C
528,11:01:20,5.3,C
529,11:01:35,5.2,C
530,11:01:50,5.2,C
531,11:02:05,5.2,C
532,11:02:20,5.2,C
533,11:02:35,5.2,C
534,11:02:50,5.2,C
535,11:03:05,5.2,C
536,11:03:20,5.2,C
537,11:03:35,5.2,C
538,11:03:50,5.2,C
539,11:04:05,5.3,C
540,11:04:20,5.2,C
541,11:04:35,5.2,C
542,11:04:50,5.3,C
543,11:05:05,5.2,C
544,11:05:20,5.2,C
545,11:05:35,5.2,C
546,11:05:50,5.2,C
547,11:06:05,5.2,C
548,11:06:20,5.2,C
549,11:06:35,5.1,C
550,11:06:50,5.2,C
551,11:07:05,5.2,C
552,11:07:20,5.2,C
553,11:07:35,5.2,C
554,11:07:50,5.2,C
555,11:08:05,5.2,C
556,11:08:20,5.2,C
557,11:08:35,5.2,C
558,11:08:50,5.2,C
559,11:09:05,5.2,C
560,11:09:20,5.2,C
561,11:09:35,5.2,C
562,11:09:50,5.2,C
563,11:10:05,5.2,C
564,11:10:20,5.2,C
565,11:10:35,5.2,C
566,11:10:50,5.2,C
567,11:11:05,5.2,C
568,11:11:20,5.1,C
569,11:11:35,5.1,C
570,11:11:50,5.2,C
571,11:12:05,5.2,C
572,11:12:20,5.2,C
573,11:12:35,5.2,C
574,11:12:50,5.1,C
575,11:13:05,5.1,C
576,11:13:20,5.1,C
577,11:13:35,5.1,C
578,11:13:50,5.1,C
579,11:14:05,5.1,C
580,11:14:20,5.1,C
581,11:14:35,5.1,C
582,11:14:50,5.1,C
583,11:15:05,5.1,C
584,11:15:20,5.1,C
585,11:15:35,5.1,C
586,11:15:50,5.1,C
587,11:16:05,5.1,C
588,11:16:20,5.1,C
589,11:16:35,5.1,C
590,11:16:50,5.1,C
591,11:17:05,5.1,C
592,11:17:20,5.1,C
593,11:17:35,5.1,C
594,11:17:50,5.1,C
595,11:18:05,5,C
596,11:18:20,5.1,C
597,11:18:35,5,C
598,11:18:50,5,C
599,11:19:05,5.1,C
600,11:19:20,5.1,C
601,11:19:35,5.1,C
602,11:19:50,5,C
603,11:20:05,5,C
604,11:20:20,5,C
605,11:20:35,5,C
606,11:20:50,5,C
607,11:21:05,5.1,C
608,11:21:20,5,C
609,11:21:35,4.9,C
610,11:21:50,4.9,C
611,11:22:05,4.9,C
612,11:22:20,5,C
613,11:22:35,5,C
614,11:22:50,5,C
615,11:23:05,5,C
616,11:23:20,5,C
617,11:23:35,5,C
618,11:23:50,5,C
619,11:24:05,4.9,C
620,11:24:20,5,C
621,11:24:35,4.9,C
622,11:24:50,4.9,C
623,11:25:05,4.9,C
624,11:25:20,4.9,C
625,11:25:35,4.9,C
626,11:25:50,4.9,C
627,11:26:05,4.9,C
628,11:26:20,4.9,C
629,11:26:35,4.9,C
630,11:26:50,4.9,C
631,11:27:05,4.9,C
632,11:27:20,4.9,C
633,11:27:35,4.9,C
634,11:27:50,4.9,C
635,11:28:05,4.9,C
636,11:28:20,4.9,C
637,11:28:35,4.9,C
638,11:28:50,4.9,C
639,11:29:05,5,C
640,11:29:20,4.9,C
641,11:29:35,4.9,C
642,11:29:50,4.9,C
643,11:30:05,4.9,C
644,11:30:20,4.9,C
645,11:30:35,5,C
646,11:30:50,5,C
647,11:31:05,4.9,C
648,11:31:20,4.9,C
649,11:31:35,4.9,C
650,11:31:50,4.9,C
651,11:32:05,4.9,C
652,11:32:20,4.8,C
653,11:32:35,4.9,C
654,11:32:50,4.9,C
655,11:33:05,4.9,C
656,11:33:20,4.9,C
657,11:33:35,4.9,C
658,11:33:50,4.9,C
659,11:34:05,4.9,C
660,11:34:20,4.9,C
661,11:34:35,4.9,C
662,11:34:50,4.9,C
663,11:35:05,4.9,C
664,11:35:20,4.8,C
665,11:35:35,4.9,C
666,11:35:50,4.8,C
667,11:36:05,4.8,C
668,11:36:20,4.8,C
669,11:36:35,4.8,C
670,11:36:50,4.8,C
671,11:37:05,4.9,C
672,11:37:20,4.9,C
673,11:37:35,4.8,C
674,11:37:50,4.8,C
675,11:38:05,4.9,C
676,11:38:20,4.9,C
677,11:38:35,4.8,C
678,11:38:50,4.8,C
679,11:39:05,4.9,C
680,11:39:20,4.8,C
681,11:39:35,4.8,C
682,11:39:50,4.8,C
683,11:40:05,4.8,C
684,11:40:20,4.8,C
685,11:40:35,4.8,C
686,11:40:50,4.8,C
687,11:41:05,4.8,C
688,11:41:20,4.8,C
689,11:41:35,4.8,C
690,11:41:50,4.8,C
691,11:42:05,4.9,C
692,11:42:20,4.8,C
693,11:42:35,4.8,C
694,11:42:50,4.8,C
695,11:43:05,4.8,C
696,11:43:20,4.8,C
697,11:43:35,4.9,C
698,11:43:50,4.8,C
699,11:44:05,4.8,C
700,11:44:20,4.9,C
701,11:44:35,4.7,C
702,11:44:50,4.8,C
703,11:45:05,4.8,C
704,11:45:20,4.8,C
705,11:45:35,4.7,C
706,11:45:50,4.8,C
707,11:46:05,4.8,C
708,11:46:20,4.7,C
709,11:46:35,4.7,C
710,11:46:50,4.8,C
711,11:47:05,4.7,C
712,11:47:20,4.8,C
713,11:47:35,4.7,C
714,11:47:50,4.8,C
715,11:48:05,4.8,C
716,11:48:20,4.8,C
717,11:48:35,4.7,C
718,11:48:50,4.7,C
719,11:49:05,4.8,C
720,11:49:20,4.8,C
721,11:49:35,4.7,C
722,11:49:50,4.8,C
723,11:50:05,4.7,C
724,11:50:20,4.7,C
725,11:50:35,4.8,C
726,11:50:50,4.7,C
727,11:51:05,4.7,C
728,11:51:20,4.7,C
729,11:51:35,4.7,C
730,11:51:50,4.7,C
731,11:52:05,4.7,C
732,11:52:20,4.7,C
733,11:52:35,4.7,C
734,11:52:50,4.7,C
735,11:53:05,4.7,C
736,11:53:20,4.7,C
737,11:53:35,4.7,C
738,11:53:50,4.7,C
739,11:54:05,4.7,C
740,11:54:20,4.7,C
741,11:54:35,4.7,C
742,11:54:50,4.7,C
743,11:55:05,4.7,C
744,11:55:20,4.7,C
745,11:55:35,4.7,C
746,11:55:50,4.7,C
747,11:56:05,4.7,C
748,11:56:20,4.7,C
749,11:56:35,4.7,C
750,11:56:50,4.7,C
751,11:57:05,4.7,C
752,11:57:20,4.7,C
753,11:57:35,4.7,C
754,11:57:50,4.7,C
755,11:58:05,4.7,C
756,11:58:20,4.7,C
757,11:58:35,4.7,C
758,11:58:50,4.7,C
759,11:59:05,4.6,C
760,11:59:20,4.7,C
761,11:59:35,4.7,C
762,11:59:50,4.7,C
763,12:00:05,4.7,C
764,12:00:20,4.7,C
765,12:00:35,4.7,C
766,12:00:50,4.7,C
767,12:01:05,4.7,C
768,12:01:20,4.7,C
769,12:01:35,4.6,C
770,12:01:50,4.6,C
771,12:02:05,4.7,C
772,12:02:20,4.7,C
773,12:02:35,4.6,C
774,12:02:50,4.7,C
775,12:03:05,4.7,C
776,12:03:20,4.7,C
777,12:03:35,4.7,C
778,12:03:50,4.7,C
779,12:04:05,4.7,C
780,12:04:20,4.6,C
781,12:04:35,4.6,C
782,12:04:50,4.7,C
783,12:05:05,4.6,C
784,12:05:20,4.7,C
785,12:05:35,4.6,C
786,12:05:50,4.6,C
787,12:06:05,4.7,C
788,12:06:20,4.7,C
789,12:06:35,4.6,C
790,12:06:50,4.6,C
791,12:07:05,4.7,C
792,12:07:20,4.7,C
793,12:07:35,4.7,C
794,12:07:50,4.7,C
795,12:08:05,4.5,C
796,12:08:20,4.7,C
797,12:08:35,4.7,C
798,12:08:50,4.7,C
799,12:09:05,4.7,C
800,12:09:20,4.7,C
801,12:09:35,4.7,C
802,12:09:50,4.7,C
803,12:10:05,4.7,C
804,12:10:20,4.7,C
805,12:10:35,4.7,C
806,12:10:50,4.7,C
807,12:11:05,4.7,C
808,12:11:20,4.7,C
809,12:11:35,4.7,C
810,12:11:50,4.7,C
811,12:12:05,4.7,C
812,12:12:20,4.7,C
813,12:12:35,4.7,C
814,12:12:50,4.7,C
815,12:13:05,4.7,C
816,12:13:20,4.7,C
817,12:13:35,4.7,C
818,12:13:50,4.7,C
819,12:14:05,4.7,C
820,12:14:20,4.7,C
821,12:14:35,4.7,C
822,12:14:50,4.7,C
823,12:15:05,4.7,C
824,12:15:20,4.7,C
825,12:15:35,4.7,C
826,12:15:50,4.8,C
827,12:16:05,4.7,C
828,12:16:20,4.7,C
829,12:16:35,4.7,C
830,12:16:50,4.7,C
831,12:17:05,4.7,C
832,12:17:20,4.8,C
833,12:17:35,4.8,C
834,12:17:50,4.7,C
835,12:18:05,4.8,C
836,12:18:20,4.8,C
837,12:18:35,4.8,C
838,12:18:50,4.8,C
839,12:19:05,4.8,C
840,12:19:20,4.8,C
841,12:19:35,4.8,C
842,12:19:50,4.8,C
843,12:20:05,4.8,C
844,12:20:20,4.8,C
845,12:20:35,4.8,C
846,12:20:50,4.8,C
847,12:21:05,4.8,C
848,12:21:20,4.8,C
849,12:21:35,4.7,C
850,12:21:50,4.9,C
851,12:22:05,4.8,C
852,12:22:20,4.9,C
853,12:22:35,4.9,C
854,12:22:50,4.9,C
855,12:23:05,4.9,C
856,12:23:20,4.9,C
857,12:23:35,4.9,C
858,12:23:50,4.9,C
859,12:24:05,4.9,C
860,12:24:20,4.9,C
861,12:24:35,4.9,C
862,12:24:50,4.9,C
863,12:25:05,4.9,C
864,12:25:20,4.9,C
865,12:25:35,4.9,C
866,12:25:50,4.9,C
867,12:26:05,4.9,C
868,12:26:20,4.9,C
869,12:26:35,4.9,C
870,12:26:50,4.9,C
871,12:27:05,4.9,C
872,12:27:20,4.9,C
873,12:27:35,4.9,C
874,12:27:50,4.9,C
875,12:28:05,4.9,C
876,12:28:20,4.9,C
877,12:28:35,4.9,C
878,12:28:50,4.9,C
879,12:29:05,4.9,C
880,12:29:20,4.9,C
881,12:29:35,4.9,C
882,12:29:50,4.9,C
883,12:30:05,4.9,C
884,12:30:20,4.9,C
885,12:30:35,4.8,C
886,12:30:50,4.9,C
887,12:31:05,4.9,C
888,12:31:20,4.9,C
889,12:31:35,4.9,C
890,12:31:50,4.9,C
891,12:32:05,4.9,C
892,12:32:20,4.9,C
893,12:32:35,4.9,C
894,12:32:50,4.9,C
895,12:33:05,4.9,C
896,12:33:20,4.9,C
897,12:33:35,4.9,C
898,12:33:50,4.9,C
899,12:34:05,4.9,C
900,12:34:20,4.9,C
901,12:34:35,4.9,C
902,12:34:50,4.9,C
903,12:35:05,4.9,C
904,12:35:20,4.9,C
905,12:35:35,4.9,C
906,12:35:50,4.9,C
907,12:36:05,4.9,C
908,12:36:20,4.9,C
909,12:36:35,4.9,C
910,12:36:50,5,C
911,12:37:05,4.9,C
912,12:37:20,4.9,C
913,12:37:35,4.9,C
914,12:37:50,4.9,C
915,12:38:05,4.9,C
916,12:38:20,4.9,C
917,12:38:35,4.9,C
918,12:38:50,4.9,C
919,12:39:05,4.9,C
920,12:39:20,4.9,C
921,12:39:35,4.9,C
922,12:39:50,4.9,C
923,12:40:05,4.9,C
924,12:40:20,4.9,C
925,12:40:35,4.9,C
926,12:40:50,4.9,C
927,12:41:05,4.9,C
928,12:41:20,4.9,C
929,12:41:35,4.9,C
930,12:41:50,4.9,C
931,12:42:05,4.9,C
932,12:42:20,4.9,C
933,12:42:35,4.9,C
934,12:42:50,4.9,C
935,12:43:05,4.9,C
936,12:43:20,4.8,C
937,12:43:35,4.9,C
938,12:43:50,4.8,C
939,12:44:05,4.9,C
940,12:44:20,4.8,C
941,12:44:35,4.8,C
942,12:44:50,4.8,C
943,12:45:05,4.8,C
944,12:45:20,4.8,C
945,12:45:35,4.8,C
946,12:45:50,4.8,C
947,12:46:05,4.8,C
948,12:46:20,4.8,C
949,12:46:35,4.8,C
950,12:46:50,4.7,C
951,12:47:05,4.8,C
952,12:47:20,4.7,C
953,12:47:35,4.7,C
954,12:47:50,4.7,C
955,12:48:05,4.7,C
956,12:48:20,4.7,C
957,12:48:35,4.7,C
958,12:48:50,4.7,C
959,12:49:05,4.7,C
960,12:49:20,4.7,C
961,12:49:35,4.7,C
962,12:49:50,4.7,C
963,12:50:05,4.7,C
964,12:50:20,4.7,C
965,12:50:35,4.7,C
966,12:50:50,4.7,C
967,12:51:05,4.7,C
968,12:51:20,4.7,C
969,12:51:35,4.7,C
970,12:51:50,4.7,C
971,12:52:05,4.7,C
972,12:52:20,4.7,C
973,12:52:35,4.7,C
974,12:52:50,4.7,C
975,12:53:05,4.7,C
976,12:53:20,4.7,C
977,12:53:35,4.7,C
978,12:53:50,4.7,C
979,12:54:05,4.7,C
980,12:54:20,4.7,C
981,12:54:35,4.7,C
982,12:54:50,4.6,C
983,12:55:05,4.6,C
984,12:55:20,4.6,C
985,12:55:35,4.7,C
986,12:55:50,4.6,C
987,12:56:05,4.6,C
988,12:56:20,4.6,C
989,12:56:35,4.7,C
990,12:56:50,4.6,C
991,12:57:05,4.6,C
992,12:57:20,4.6,C
993,12:57:35,4.6,C
994,12:57:50,4.6,C
995,12:58:05,4.6,C
996,12:58:20,4.6,C
997,12:58:35,4.6,C
998,12:58:50,4.6,C
999,12:59:05,4.6,C
1000,12:59:20,4.6,C
1001,12:59:35,4.6,C
1002,12:59:50,4.6,C
1003,13:00:05,4.6,C
1004,13:00:20,4.6,C
1005,13:00:35,4.6,C
1006,13:00:50,4.6,C
1007,13:01:05,4.6,C
1008,13:01:20,4.6,C
1009,13:01:35,4.6,C
1010,13:01:50,4.6,C
1011,13:02:05,4.6,C
1012,13:02:20,4.6,C
1013,13:02:35,4.6,C
1014,13:02:50,4.6,C
1015,13:03:05,4.6,C
1016,13:03:20,4.6,C
1017,13:03:35,4.6,C
1018,13:03:50,4.6,C
1019,13:04:05,4.6,C
1020,13:04:20,4.6,C
1021,13:04:35,4.6,C
1022,13:04:50,4.6,C
1023,13:05:05,4.6,C
1024,13:05:20,4.6,C
1025,13:05:35,4.6,C
1026,13:05:50,4.6,C
1027,13:06:05,4.6,C
1028,13:06:20,4.6,C
1029,13:06:35,4.6,C
1030,13:06:50,4.6,C
1031,13:07:05,4.6,C
1032,13:07:20,4.6,C
1033,13:07:35,4.6,C
1034,13:07:50,4.6,C
1035,13:08:05,4.6,C
1036,13:08:20,4.6,C
1037,13:08:35,4.6,C
1038,13:08:50,4.7,C
1039,13:09:05,4.6,C
1040,13:09:20,4.6,C
1041,13:09:35,4.6,C
1042,13:09:50,4.6,C
1043,13:10:05,4.6,C
1044,13:10:20,4.5,C
1045,13:10:35,4.6,C
1046,13:10:50,4.6,C
1047,13:11:05,4.6,C
1048,13:11:20,4.5,C
1049,13:11:35,4.6,C
1050,13:11:50,4.6,C
1051,13:12:05,4.6,C
1052,13:12:20,4.6,C
1053,13:12:35,4.5,C
1054,13:12:50,4.5,C
1055,13:13:05,4.5,C
1056,13:13:20,4.6,C
1057,13:13:35,4.5,C
1058,13:13:50,4.6,C
1059,13:14:05,4.6,C
1060,13:14:20,4.5,C
1061,13:14:35,4.5,C
1062,13:14:50,4.6,C
1063,13:15:05,4.5,C
1064,13:15:20,4.5,C
1065,13:15:35,4.6,C
1066,13:15:50,4.5,C
1067,13:16:05,4.6,C
1068,13:16:20,4.4,C
1069,13:16:35,4.5,C
1070,13:16:50,4.5,C
1071,13:17:05,4.5,C
1072,13:17:20,4.5,C
1073,13:17:35,4.5,C
1074,13:17:50,4.6,C
1075,13:18:05,4.5,C
1076,13:18:20,4.5,C
1077,13:18:35,4.6,C
1078,13:18:50,4.5,C
1079,13:19:05,4.5,C
1080,13:19:20,4.5,C
1081,13:19:35,4.5,C
1082,13:19:50,4.5,C
1083,13:20:05,4.6,C
1084,13:20:20,4.5,C
1085,13:20:35,4.5,C
1086,13:20:50,4.5,C
1087,13:21:05,4.6,C
1088,13:21:20,4.5,C
1089,13:21:35,4.6,C
1090,13:21:50,4.5,C
1091,13:22:05,4.5,C
1092,13:22:20,4.6,C
1093,13:22:35,4.6,C
1094,13:22:50,4.5,C
1095,13:23:05,4.5,C
1096,13:23:20,4.5,C
1097,13:23:35,4.5,C
1098,13:23:50,4.5,C
1099,13:24:05,4.6,C
1100,13:24:20,4.5,C
1101,13:24:35,4.5,C
1102,13:24:50,4.5,C
1103,13:25:05,4.6,C
1104,13:25:20,4.5,C
1105,13:25:35,4.5,C
1106,13:25:50,4.5,C
1107,13:26:05,4.5,C
1108,13:26:20,4.6,C
1109,13:26:35,4.5,C
1110,13:26:50,4.5,C
1111,13:27:05,4.5,C
1112,13:27:20,4.5,C
1113,13:27:35,4.5,C
1114,13:27:50,4.5,C
1115,13:28:05,4.5,C
1116,13:28:20,4.6,C
1117,13:28:35,4.5,C
1118,13:28:50,4.6,C
1119,13:29:05,4.5,C
1120,13:29:20,4.6,C
1121,13:29:35,4.5,C
1122,13:29:50,4.6,C
1123,13:30:05,4.5,C
1124,13:30:20,4.5,C
1125,13:30:35,4.6,C
1126,13:30:50,4.6,C
1127,13:31:05,4.6,C
1128,13:31:20,4.5,C
1129,13:31:35,4.6,C
1130,13:31:50,4.6,C
1131,13:32:05,4.5,C
1132,13:32:20,4.6,C
1133,13:32:35,4.5,C
1134,13:32:50,4.6,C
1135,13:33:05,4.6,C
1136,13:33:20,4.6,C
1137,13:33:35,4.6,C
1138,13:33:50,4.6,C
1139,13:34:05,4.6,C
1140,13:34:20,4.6,C
1141,13:34:35,4.6,C
1142,13:34:50,4.6,C
1143,13:35:05,4.6,C
1144,13:35:20,4.6,C
1145,13:35:35,4.6,C
1146,13:35:50,4.6,C
1147,13:36:05,4.6,C
1148,13:36:20,4.6,C
1149,13:36:35,4.6,C
1150,13:36:50,4.6,C
1151,13:37:05,4.6,C
1152,13:37:20,4.6,C
1153,13:37:35,4.6,C
1154,13:37:50,4.6,C
1155,13:38:05,4.6,C
1156,13:38:20,4.6,C
1157,13:38:35,4.6,C
1158,13:38:50,4.6,C
1159,13:39:05,4.6,C
1160,13:39:20,4.6,C
1161,13:39:35,4.6,C
1162,13:39:50,4.6,C
1163,13:40:05,4.5,C
1164,13:40:20,4.6,C
1165,13:40:35,4.6,C
1166,13:40:50,4.6,C
1167,13:41:05,4.6,C
1168,13:41:20,4.6,C
1169,13:41:35,4.6,C
1170,13:41:50,4.6,C
1171,13:42:05,4.5,C
1172,13:42:20,4.6,C
1173,13:42:35,4.5,C
1174,13:42:50,4.6,C
1175,13:43:05,4.5,C
1176,13:43:20,4.5,C
1177,13:43:35,4.6,C
1178,13:43:50,4.6,C
1179,13:44:05,4.5,C
1180,13:44:20,4.6,C
1181,13:44:35,4.5,C
1182,13:44:50,4.5,C
1183,13:45:05,4.5,C
1184,13:45:20,4.5,C
1185,13:45:35,4.5,C
1186,13:45:50,4.5,C
1187,13:46:05,4.5,C
1188,13:46:20,4.5,C
1189,13:46:35,4.5,C
1190,13:46:50,4.5,C
1191,13:47:05,4.6,C
1192,13:47:20,4.4,C
1193,13:47:35,4.4,C
1194,13:47:50,4.5,C
1195,13:48:05,4.4,C
1196,13:48:20,4.4,C
1197,13:48:35,4.4,C
1198,13:48:50,4.5,C
1199,13:49:05,4.5,C
1200,13:49:20,4.5,C
1201,13:49:35,4.5,C
1202,13:49:50,4.5,C
1203,13:50:05,4.4,C
1204,13:50:20,4.4,C
1205,13:50:35,4.5,C
1206,13:50:50,4.4,C
1207,13:51:05,4.4,C
1208,13:51:20,4.4,C
1209,13:51:35,4.4,C
1210,13:51:50,4.4,C
1211,13:52:05,4.4,C
1212,13:52:20,4.4,C
1213,13:52:35,4.4,C
1214,13:52:50,4.4,C
1215,13:53:05,4.4,C
1216,13:53:20,4.4,C
1217,13:53:35,4.4,C
1218,13:53:50,4.4,C
1219,13:54:05,4.5,C
1220,13:54:20,4.4,C
1221,13:54:35,4.4,C
1222,13:54:50,4.4,C
1223,13:55:05,4.4,C
1224,13:55:20,4.4,C
1225,13:55:35,4.4,C
1226,13:55:50,4.4,C
1227,13:56:05,4.4,C
1228,13:56:20,4.4,C
1229,13:56:35,4.3,C
1230,13:56:50,4.4,C
1231,13:57:05,4.4,C
1232,13:57:20,4.4,C
1233,13:57:35,4.4,C
1234,13:57:50,4.4,C
1235,13:58:05,4.4,C
1236,13:58:20,4.4,C
1237,13:58:35,4.4,C
1238,13:58:50,4.3,C
1239,13:59:05,4.4,C
1240,13:59:20,4.3,C
1241,13:59:35,4.3,C
1242,13:59:50,4.4,C
1243,14:00:05,4.4,C
1244,14:00:20,4.4,C
1245,14:00:35,4.4,C
1246,14:00:50,4.3,C
1247,14:01:05,4.3,C
1248,14:01:20,4.3,C
1249,14:01:35,4.3,C
1250,14:01:50,4.4,C
1251,14:02:05,4.3,C
1252,14:02:20,4.3,C
1253,14:02:35,4.3,C
1254,14:02:50,4.3,C
1255,14:03:05,4.3,C
1256,14:03:20,4.3,C
1257,14:03:35,4.3,C
1258,14:03:50,4.3,C
1259,14:04:05,4.3,C
1260,14:04:20,4.3,C
1261,14:04:35,4.3,C
1262,14:04:50,4.3,C
1263,14:05:05,4.3,C
1264,14:05:20,4.3,C
1265,14:05:35,4.3,C
1266,14:05:50,4.3,C
1267,14:06:05,4.3,C
1268,14:06:20,4.3,C
1269,14:06:35,4.3,C
1270,14:06:50,4.3,C
1271,14:07:05,4.3,C
1272,14:07:20,4.4,C
1273,14:07:35,4.3,C
1274,14:07:50,4.3,C
1275,14:08:05,4.3,C
1276,14:08:20,4.3,C
1277,14:08:35,4.3,C
1278,14:08:50,4.3,C
1279,14:09:05,4.3,C
1280,14:09:20,4.3,C
1281,14:09:35,4.3,C
1282,14:09:50,4.3,C
1283,14:10:05,4.3,C
1284,14:10:20,4.3,C
1285,14:10:35,4.3,C
1286,14:10:50,4.3,C
1287,14:11:05,4.3,C
1288,14:11:20,4.3,C
1289,14:11:35,4.4,C
1290,14:11:50,4.3,C
1291,14:12:05,4.3,C
1292,14:12:20,4.3,C
1293,14:12:35,4.3,C
1294,14:12:50,4.3,C
1295,14:13:05,4.3,C
1296,14:13:20,4.3,C
1297,14:13:35,4.3,C
1298,14:13:50,4.3,C
1299,14:14:05,4.3,C
1300,14:14:20,4.3,C
1301,14:14:35,4.3,C
1302,14:14:50,4.3,C
1303,14:15:05,4.3,C
1304,14:15:20,4.4,C
1305,14:15:35,4.3,C
1306,14:15:50,4.3,C
1307,14:16:05,4.3,C
1308,14:16:20,4.4,C
1309,14:16:35,4.3,C
1310,14:16:50,4.3,C
1311,14:17:05,4.4,C
1312,14:17:20,4.3,C
1313,14:17:35,4.3,C
1314,14:17:50,4.4,C
1315,14:18:05,4.4,C
1316,14:18:20,4.4,C
1317,14:18:35,4.4,C
1318,14:18:50,4.4,C
1319,14:19:05,4.4,C
1320,14:19:20,4.4,C
1321,14:19:35,4.4,C
1322,14:19:50,4.4,C
1323,14:20:05,4.4,C
1324,14:20:20,4.4,C
1325,14:20:35,4.4,C
1326,14:20:50,4.6,C
1327,14:21:05,4.5,C
1328,14:21:20,4.5,C
1329,14:21:35,4.5,C
1330,14:21:50,4.5,C
1331,14:22:05,4.5,C
1332,14:22:20,4.4,C
1333,14:22:35,4.4,C
1334,14:22:50,4.5,C
1335,14:23:05,4.5,C
1336,14:23:20,4.6,C
1337,14:23:35,4.6,C
1338,14:23:50,4.5,C
1339,14:24:05,4.5,C
1340,14:24:20,4.6,C
1341,14:24:35,4.5,C
1342,14:24:50,4.6,C
1343,14:25:05,4.6,C
1344,14:25:20,4.6,C
1345,14:25:35,4.6,C
1346,14:25:50,4.7,C
1347,14:26:05,4.6,C
1348,14:26:20,4.7,C
1349,14:26:35,4.6,C
1350,14:26:50,4.6,C
1351,14:27:05,5.2,C
1352,14:27:20,4.6,C
1353,14:27:35,4.7,C
1354,14:27:50,4.6,C
1355,14:28:05,4.6,C
1356,14:28:20,4.7,C
1357,14:28:35,4.7,C
1358,14:28:50,4.7,C
1359,14:29:05,4.9,C
1360,14:29:20,4.7,C
1361,14:29:35,4.8,C
1362,14:29:50,4.8,C
1363,14:30:05,4.8,C
1364,14:30:20,4.7,C
1365,14:30:35,4.7,C
1366,14:30:50,4.7,C
1367,14:31:05,4.7,C
1368,14:31:20,4.7,C
1369,14:31:35,4.7,C
1370,14:31:50,4.7,C
1371,14:32:05,4.7,C
1372,14:32:20,4.7,C
1373,14:32:35,4.7,C
1374,14:32:50,4.7,C
1375,14:33:05,4.7,C
1376,14:33:20,4.8,C
1377,14:33:35,4.9,C
1378,14:33:50,5.2,C
1379,14:34:05,6,C
1380,14:34:20,6.8,C
1381,14:34:35,7.6,C
1382,14:34:50,8.2,C
1383,14:35:05,8.8,C
1384,14:35:20,9.3,C
1385,14:35:35,9.7,C
1386,14:35:50,10.1,C
1387,14:36:05,10.3,C
1388,14:36:20,10.6,C
1389,14:36:35,10.9,C
1390,14:36:50,11.1,C
1391,14:37:05,11.3,C
1392,14:37:20,11.4,C
1393,14:37:35,11.7,C
1394,14:37:50,11.9,C
1395,14:38:05,12,C
1396,14:38:20,12.2,C
1397,14:38:35,12.3,C
1398,14:38:50,12.4,C
1399,14:39:05,12.6,C
1400,14:39:20,12.7,C
1401,14:39:35,12.9,C
1402,14:39:50,13.1,C
1403,14:40:05,13.2,C
1404,14:40:20,13.3,C
1405,14:40:35,13.3,C
1406,14:40:50,13.4,C
1407,14:41:05,13.6,C
1408,14:41:20,13.7,C
1409,14:41:35,13.8,C
1410,14:41:50,13.8,C
1411,14:42:05,13.9,C
1412,14:42:20,14,C
1413,14:42:35,14.2,C
1414,14:42:50,14.2,C
1415,14:43:05,14.3,C
1416,14:43:20,14.4,C
1417,14:43:35,14.4,C
1418,14:43:50,14.5,C
1419,14:44:05,14.6,C
1420,14:44:20,14.6,C
1421,14:44:35,14.7,C
1422,14:44:50,14.8,C
1423,14:45:05,14.9,C
1424,14:45:20,14.9,C
1425,14:45:35,14.9,C
1426,14:45:50,15.1,C
1427,14:46:05,15.1,C
1428,14:46:20,15.2,C
1429,14:46:35,15.2,C
1430,14:46:50,15.3,C
1431,14:47:05,15.4,C
1432,14:47:20,15.4,C
1433,14:47:35,15.5,C
1434,14:47:50,15.6,C
1435,14:48:05,15.6,C
1436,14:48:20,15.7,C
1437,14:48:35,15.7,C
1438,14:48:50,15.7,C
1439,14:49:05,15.8,C
1440,14:49:20,15.9,C
1441,14:49:35,15.9,C
1442,14:49:50,15.9,C
1443,14:50:05,16,C
1444,14:50:20,16.1,C
1445,14:50:35,16.1,C
1446,14:50:50,16.1,C
1447,14:51:05,16.2,C
1448,14:51:20,16.2,C
1449,14:51:35,16.3,C
1450,14:51:50,16.3,C
1451,14:52:05,16.4,C
1452,14:52:20,16.4,C
1453,14:52:35,16.4,C
1454,14:52:50,16.5,C
1455,14:53:05,16.5,C
1456,14:53:20,16.6,C
1457,14:53:35,16.6,C
1458,14:53:50,16.7,C
1459,14:54:05,16.8,C
1460,14:54:20,16.8,C
1461,14:54:35,16.7,C
1462,14:54:50,16.8,C
1463,14:55:05,16.8,C
1464,14:55:20,16.9,C
1465,14:55:35,16.9,C
1466,14:55:50,17,C
1467,14:56:05,17.1,C
1468,14:56:20,17.1,C
1469,14:56:35,17.1,C
1470,14:56:50,17.2,C
1471,14:57:05,17.1,C
1472,14:57:20,17.2,C
1473,14:57:35,17.3,C
1474,14:57:50,17.3,C
1475,14:58:05,17.3,C
1476,14:58:20,17.3,C
1477,14:58:35,17.4,C
1478,14:58:50,17.4,C
1479,14:59:05,17.4,C
1480,14:59:20,17.4,C
1481,14:59:35,17.4,C
1482,14:59:50,17.5,C
1483,15:00:05,17.6,C
1484,15:00:20,17.6,C
1485,15:00:35,17.7,C
1486,15:00:50,17.7,C
1487,15:01:05,17.7,C
1488,15:01:20,17.7,C
1489,15:01:35,17.8,C
1490,15:01:50,17.8,C
1491,15:02:05,17.9,C
1492,15:02:20,17.8,C
1493,15:02:35,17.8,C
1494,15:02:50,17.9,C
1495,15:03:05,17.9,C
1496,15:03:20,18,C
1497,15:03:35,18,C
1498,15:03:50,18.1,C
1499,15:04:05,18.1,C
1500,15:04:20,18.1,C
1501,15:04:35,18.1,C
1502,15:04:50,18.1,C
1503,15:05:05,18.2,C
1504,15:05:20,18.2,C
1505,15:05:35,18.2,C
1506,15:05:50,18.3,C
1507,15:06:05,18.3,C
1508,15:06:20,18.4,C
1509,15:06:35,18.4,C
1510,15:06:50,18.4,C
1511,15:07:05,18.4,C
1512,15:07:20,18.4,C
1513,15:07:35,18.4,C
1514,15:07:50,18.5,C
1515,15:08:05,18.4,C
1516,15:08:20,18.5,C
1517,15:08:35,18.5,C
1518,15:08:50,18.6,C
1519,15:09:05,18.6,C
1520,15:09:20,18.6,C
1521,15:09:35,18.6,C
1522,15:09:50,18.7,C
1523,15:10:05,18.7,C
1524,15:10:20,18.7,C
1525,15:10:35,18.7,C
1526,15:10:50,18.8,C
1527,15:11:05,18.7,C
1528,15:11:20,18.8,C
1529,15:11:35,18.7,C
1530,15:11:50,18.8,C
1531,15:12:05,18.8,C
1532,15:12:20,18.9,C
1533,15:12:35,18.9,C
1534,15:12:50,18.9,C
1535,15:13:05,18.9,C
1536,15:13:20,19,C
1537,15:13:35,19,C
1538,15:13:50,19.1,C
1539,15:14:05,19,C
1540,15:14:20,19.1,C
1541,15:14:35,19.1,C
1542,15:14:50,19.1,C
1543,15:15:05,19.1,C
1544,15:15:20,19.1,C
1545,15:15:35,19.1,C
1546,15:15:50,19.1,C
1547,15:16:05,19.2,C
1548,15:16:20,19.2,C
1549,15:16:35,19.2,C
1550,15:16:50,19.2,C
1551,15:17:05,19.3,C
1552,15:17:20,19.3,C
1553,15:17:35,19.3,C
1554,15:17:50,19.2,C
1555,15:18:05,19.3,C
1556,15:18:20,19.3,C
1557,15:18:35,19.4,C
1558,15:18:50,19.4,C
1559,15:19:05,19.4,C
1560,15:19:20,19.4,C
1561,15:19:35,19.4,C
1562,15:19:50,19.3,C
1563,15:20:05,19.4,C
1564,15:20:20,19.4,C
1565,15:20:35,19.5,C
1566,15:20:50,19.5,C
1567,15:21:05,19.5,C
1568,15:21:20,19.5,C
1569,15:21:35,19.6,C
1570,15:21:50,19.6,C
1571,15:22:05,19.6,C
1572,15:22:20,19.6,C
1573,15:22:35,19.6,C
1574,15:22:50,19.7,C
1575,15:23:05,19.6,C
1576,15:23:20,19.7,C
1577,15:23:35,19.7,C
1578,15:23:50,19.7,C
1579,15:24:05,19.7,C
1580,15:24:20,19.7,C
1581,15:24:35,19.7,C
1582,15:24:50,19.7,C
1583,15:25:05,19.8,C
1584,15:25:20,19.8,C
1585,15:25:35,19.8,C
1586,15:25:50,19.8,C
1587,15:26:05,19.8,C
1588,15:26:20,19.9,C
1589,15:26:35,19.8,C
1590,15:26:50,19.8,C
1591,15:27:05,19.9,C
1592,15:27:20,19.9,C
1593,15:27:35,19.9,C
1594,15:27:50,19.9,C
1595,15:28:05,19.9,C
1596,15:28:20,19.9,C
1597,15:28:35,19.9,C
1598,15:28:50,20,C
1599,15:29:05,20,C
1600,15:29:20,20.1,C
1601,15:29:35,20.1,C
1602,15:29:50,20.1,C
1603,15:30:05,20.1,C
1604,15:30:20,20.1,C
1605,15:30:35,20,C
1606,15:30:50,20.1,C
1607,15:31:05,20.1,C
1608,15:31:20,20.1,C
1609,15:31:35,20.1,C
1610,15:31:50,20.1,C
1611,15:32:05,20.1,C
1612,15:32:20,20.1,C
1613,15:32:35,20.2,C
1614,15:32:50,20.2,C
1615,15:33:05,20.2,C
1616,15:33:20,20.2,C
1617,15:33:35,20.2,C
1618,15:33:50,20.2,C
1619,15:34:05,20.2,C
1620,15:34:20,20.3,C
1621,15:34:35,20.3,C
1622,15:34:50,20.2,C
1623,15:35:05,20.3,C
1624,15:35:20,20.3,C
1625,15:35:35,20.3,C
1626,15:35:50,20.3,C
1627,15:36:05,20.3,C
1628,15:36:20,20.3,C
1629,15:36:35,20.4,C
1630,15:36:50,20.4,C
1631,15:37:05,20.4,C
1632,15:37:20,20.4,C
1633,15:37:35,20.4,C
1634,15:37:50,20.4,C
1635,15:38:05,20.4,C
1636,15:38:20,20.4,C
1637,15:38:35,20.4,C
1638,15:38:50,20.4,C
1639,15:39:05,20.4,C
1640,15:39:20,20.4,C
1641,15:39:35,20.5,C
1642,15:39:50,20.5,C
1643,15:40:05,20.6,C
1644,15:40:20,20.4,C
1645,15:40:35,20.4,C
1646,15:40:50,20.5,C
1647,15:41:05,20.5,C
1648,15:41:20,20.4,C
1649,15:41:35,20.6,C
1650,15:41:50,20.6,C
1651,15:42:05,20.6,C
1652,15:42:20,20.5,C
1653,15:42:35,20.6,C
1654,15:42:50,20.5,C
1655,15:43:05,20.6,C
1656,15:43:20,20.6,C
1657,15:43:35,20.6,C
1658,15:43:50,20.6,C
1659,15:44:05,20.6,C
1660,15:44:20,20.6,C
1661,15:44:35,20.7,C
1662,15:44:50,20.7,C
1663,15:45:05,20.7,C
1664,15:45:20,20.6,C
1665,15:45:35,20.7,C
1666,15:45:50,20.7,C
1667,15:46:05,20.7,C
1668,15:46:20,20.7,C
1669,15:46:35,20.7,C
1670,15:46:50,20.7,C
1671,15:47:05,20.8,C
1672,15:47:20,20.7,C
1673,15:47:35,20.7,C
1674,15:47:50,20.7,C
1675,15:48:05,20.7,C
1676,15:48:20,21.1,C
1677,15:48:35,20.8,C
1678,15:48:50,20.8,C
1679,15:49:05,20.8,C
1680,15:49:20,20.8,C
1681,15:49:35,20.8,C
1682,15:49:50,20.8,C
1683,15:50:05,20.8,C
1684,15:50:20,20.8,C
1685,15:50:35,20.9,C
1686,15:50:50,20.9,C
1687,15:51:05,20.9,C
1688,15:51:20,20.9,C
1689,15:51:35,20.9,C
1690,15:51:50,20.9,C
1691,15:52:05,20.9,C
1692,15:52:20,20.9,C
1693,15:52:35,20.9,C
1694,15:52:50,20.9,C
1695,15:53:05,20.9,C
1696,15:53:20,20.9,C
1697,15:53:35,20.9,C
1698,15:53:50,20.9,C
1699,15:54:05,20.9,C
1700,15:54:20,20.9,C
1701,15:54:35,20.9,C
1702,15:54:50,20.9,C
1703,15:55:05,20.9,C
1704,15:55:20,20.9,C
1705,15:55:35,20.9,C
1706,15:55:50,20.9,C
1707,15:56:05,20.9,C
1708,15:56:20,21,C
1709,15:56:35,20.9,C
1710,15:56:50,20.9,C
1711,15:57:05,21,C
1712,15:57:20,21,C
1713,15:57:35,21,C
1714,15:57:50,21,C
1715,15:58:05,21,C
1716,15:58:20,21,C
1717,15:58:35,21,C
1718,15:58:50,21.1,C
1719,15:59:05,21.1,C
1720,15:59:20,21.1,C
1721,15:59:35,21.1,C
1722,15:59:50,21,C
1723,16:00:05,21.1,C
1724,16:00:20,21.1,C
1725,16:00:35,21.1,C
1726,16:00:50,21.1,C
1727,16:01:05,21.1,C
1728,16:01:20,21.1,C
1729,16:01:35,21,C
1730,16:01:50,21,C
1731,16:02:05,21.1,C
1732,16:02:20,21.1,C
1733,16:02:35,21.1,C
1734,16:02:50,21.1,C
1735,16:03:05,21.1,C
1736,16:03:20,21.2,C
1737,16:03:35,21.2,C
1738,16:03:50,21.2,C
1739,16:04:05,21.2,C
1740,16:04:20,21.2,C
1741,16:04:35,21.2,C
1742,16:04:50,21.2,C
1743,16:05:05,21.2,C
1744,16:05:20,21.2,C
1745,16:05:35,21.2,C
1746,16:05:50,21.2,C
1747,16:06:05,21.2,C
1748,16:06:20,21.2,C
1749,16:06:35,21.2,C
1750,16:06:50,21.2,C
1751,16:07:05,21.2,C
1752,16:07:20,21.2,C
1753,16:07:35,21.3,C
1754,16:07:50,21.2,C
1755,16:08:05,21.2,C
1756,16:08:20,21.2,C
1757,16:08:35,21.2,C
1758,16:08:50,21.2,C
1759,16:09:05,21.3,C
1760,16:09:20,21.3,C
1761,16:09:35,21.3,C
1762,16:09:50,21.3,C
1763,16:10:05,21.3,C
1764,16:10:20,21.1,C
1765,16:10:35,21.1,C
1766,16:10:50,21.2,C
1767,16:11:05,21.2,C
1768,16:11:20,21.2,C
1769,16:11:35,21.2,C
1770,16:11:50,21.3,C
1771,16:12:05,21.3,C
1772,16:12:20,21.3,C
1773,16:12:35,21.3,C
1774,16:12:50,21.3,C
1775,16:13:05,21.3,C
1776,16:13:20,21.3,C
1777,16:13:35,21.3,C
1778,16:13:50,21.3,C
1779,16:14:05,21.3,C
1780,16:14:20,21.3,C
1781,16:14:35,21.3,C
1782,16:14:50,21.3,C
1783,16:15:05,21.3,C
1784,16:15:20,21.3,C
1785,16:15:35,21.4,C
1786,16:15:50,21.4,C
1787,16:16:05,21.4,C
1788,16:16:20,21.4,C
1789,16:16:35,21.4,C
1790,16:16:50,21.4,C
1791,16:17:05,21.4,C
1792,16:17:20,21.4,C
1793,16:17:35,21.4,C
1794,16:17:50,21.4,C
1795,16:18:05,21.4,C
1796,16:18:20,21.4,C
1797,16:18:35,21.4,C
1798,16:18:50,21.4,C
1799,16:19:05,21.4,C
1800,16:19:20,21.4,C
1801,16:19:35,21.4,C
1802,16:19:50,21.4,C
1803,16:20:05,21.4,C
1804,16:20:20,21.4,C
1805,16:20:35,21.4,C
1806,16:20:50,21.5,C
1807,16:21:05,21.5,C
1808,16:21:20,21.5,C
1809,16:21:35,21.5,C
1810,16:21:50,21.4,C
1811,16:22:05,21.5,C
1812,16:22:20,21.4,C
1813,16:22:35,21.4,C
1814,16:22:50,21.5,C
1815,16:23:05,21.6,C
1816,16:23:20,21.6,C
1817,16:23:35,21.5,C
1818,16:23:50,21.6,C
1819,16:24:05,21.5,C
1820,16:24:20,21.5,C
1821,16:24:35,21.5,C
1822,16:24:50,21.4,C
1823,16:25:05,21.5,C
1824,16:25:20,21.5,C
1825,16:25:35,21.5,C
1826,16:25:50,21.5,C
1827,16:26:05,21.6,C
1828,16:26:20,21.5,C
1829,16:26:35,21.6,C
1830,16:26:50,21.6,C
1831,16:27:05,21.6,C
1832,16:27:20,21.6,C
1833,16:27:35,21.6,C
1834,16:27:50,21.6,C
1835,16:28:05,21.6,C
1836,16:28:20,21.6,C
1837,16:28:35,21.6,C
1838,16:28:50,21.6,C
1839,16:29:05,21.6,C
1840,16:29:20,21.7,C
1841,16:29:35,21.6,C
1842,16:29:50,21.6,C
1843,16:30:05,21.7,C
1844,16:30:20,21.6,C
1845,16:30:35,21.6,C
1846,16:30:50,21.6,C
1847,16:31:05,21.6,C
1848,16:31:20,21.6,C
1849,16:31:35,21.6,C
1850,16:31:50,21.6,C
1851,16:32:05,21.6,C
1852,16:32:20,21.6,C
1853,16:32:35,21.7,C
1854,16:32:50,21.6,C
1855,16:33:05,21.6,C
1856,16:33:20,21.6,C
1857,16:33:35,21.6,C
1858,16:33:50,21.7,C
1859,16:34:05,21.7,C
1860,16:34:20,21.7,C
1861,16:34:35,21.7,C
1862,16:34:50,21.7,C
1863,16:35:05,21.7,C
1864,16:35:20,21.7,C
1865,16:35:35,21.7,C
1866,16:35:50,21.7,C
1867,16:36:05,21.7,C
1868,16:36:20,21.7,C
1869,16:36:35,21.7,C
1870,16:36:50,21.7,C
1871,16:37:05,21.7,C
1872,16:37:20,21.7,C
1873,16:37:35,21.7,C
1874,16:37:50,21.7,C
1875,16:38:05,21.7,C
1876,16:38:20,21.7,C
1877,16:38:35,21.7,C
1878,16:38:50,21.7,C
1879,16:39:05,21.7,C
1880,16:39:20,21.7,C
1881,16:39:35,21.8,C
1882,16:39:50,21.8,C
1883,16:40:05,21.8,C
1884,16:40:20,21.8,C
1885,16:40:35,21.8,C
1886,16:40:50,21.8,C
1887,16:41:05,21.8,C
1888,16:41:20,21.8,C
1889,16:41:35,21.8,C
1890,16:41:50,21.8,C
1891,16:42:05,21.8,C
1892,16:42:20,21.8,C
1893,16:42:35,21.8,C
1894,16:42:50,21.8,C
1895,16:43:05,21.8,C
1896,16:43:20,21.8,C
1897,16:43:35,21.8,C
1898,16:43:50,21.9,C
1899,16:44:05,21.8,C
1900,16:44:20,21.8,C
1901,16:44:35,21.8,C
1902,16:44:50,21.8,C
1903,16:45:05,21.8,C
1904,16:45:20,21.9,C
1905,16:45:35,21.9,C
1906,16:45:50,21.8,C
1907,16:46:05,21.8,C
1908,16:46:20,21.8,C
1909,16:46:35,21.8,C
1910,16:46:50,21.8,C
1911,16:47:05,21.8,C
1912,16:47:20,21.8,C
1913,16:47:35,21.8,C
1914,16:47:50,21.9,C
1915,16:48:05,21.8,C
1916,16:48:20,21.9,C
1917,16:48:35,21.9,C
1918,16:48:50,21.9,C
1919,16:49:05,21.9,C
1920,16:49:20,21.9,C
1921,16:49:35,21.9,C
1922,16:49:50,21.9,C
1923,16:50:05,21.8,C
1924,16:50:20,21.8,C
1925,16:50:35,21.9,C
1926,16:50:50,21.9,C
1927,16:51:05,21.9,C
1928,16:51:20,21.9,C
1929,16:51:35,21.9,C
1930,16:51:50,21.9,C
1931,16:52:05,21.9,C
1932,16:52:20,21.9,C
1933,16:52:35,21.9,C
1934,16:52:50,21.9,C
1935,16:53:05,21.9,C
1936,16:53:20,21.9,C
1937,16:53:35,21.9,C
1938,16:53:50,21.9,C
1939,16:54:05,21.9,C
1940,16:54:20,21.9,C
1941,16:54:35,21.9,C
1942,16:54:50,21.9,C
1943,16:55:05,21.9,C
1944,16:55:20,21.9,C
1945,16:55:35,21.9,C
1946,16:55:50,21.9,C
1947,16:56:05,21.9,C
1948,16:56:20,21.9,C
1949,16:56:35,21.9,C
1950,16:56:50,22,C
1951,16:57:05,21.9,C
1952,16:57:20,21.9,C
1953,16:57:35,22,C
1954,16:57:50,21.9,C
1955,16:58:05,22,C
1956,16:58:20,21.9,C
1957,16:58:35,21.9,C
1958,16:58:50,22,C
1959,16:59:05,22,C
1960,16:59:20,22.1,C
1961,16:59:35,22,C
1962,16:59:50,22,C
1963,17:00:05,22.1,C
1964,17:00:20,22.1,C
1965,17:00:35,22,C
1966,17:00:50,22,C
1967,17:01:05,22,C
1968,17:01:20,22,C
1969,17:01:35,22.1,C
1970,17:01:50,22,C
1971,17:02:05,22,C
1972,17:02:20,22,C
1973,17:02:35,22,C
1974,17:02:50,22,C
1975,17:03:05,22.1,C
1976,17:03:20,22,C
1977,17:03:35,22,C
1978,17:03:50,22.1,C
1979,17:04:05,22,C
1980,17:04:20,22.1,C
1981,17:04:35,22.1,C
1982,17:04:50,22.1,C
1983,17:05:05,22.1,C
1984,17:05:20,22.1,C
1985,17:05:35,22.1,C
1986,17:05:50,22.1,C
1987,17:06:05,22.1,C
1988,17:06:20,22.1,C
1989,17:06:35,22.1,C
1990,17:06:50,22.1,C
1991,17:07:05,22.1,C
1992,17:07:20,22.1,C
1993,17:07:35,22.1,C
1994,17:07:50,22.1,C
1995,17:08:05,22.1,C
1996,17:08:20,22.1,C
1997,17:08:35,22.1,C
1998,17:08:50,22.2,C
1999,17:09:05,22.2,C
2000,17:09:20,22.2,C
2001,17:09:35,22.2,C
2002,17:09:50,22.2,C
2003,17:10:05,22.2,C
2004,17:10:20,22.2,C
2005,17:10:35,22.2,C
2006,17:10:50,22.2,C
2007,17:11:05,22.2,C
2008,17:11:20,22.2,C
2009,17:11:35,22.2,C
2010,17:11:50,22.2,C
2011,17:12:05,22.2,C
2012,17:12:20,22.2,C
2013,17:12:35,22.2,C
2014,17:12:50,22.2,C
2015,17:13:05,22.2,C
2016,17:13:20,22.2,C
2017,17:13:35,22.2,C
2018,17:13:50,22.2,C
2019,17:14:05,22.2,C
2020,17:14:20,22.2,C
2021,17:14:35,22.2,C
2022,17:14:50,22.2,C
2023,17:15:05,22.2,C
2024,17:15:20,22.2,C
2025,17:15:35,22.2,C
2026,17:15:50,22.2,C
2027,17:16:05,22.3,C
2028,17:16:20,22.3,C
2029,17:16:35,22.3,C
2030,17:16:50,22.3,C
2031,17:17:05,22.3,C
2032,17:17:20,22.2,C
2033,17:17:35,22.3,C
2034,17:17:50,22.3,C
2035,17:18:05,22.3,C
2036,17:18:20,22.3,C
2037,17:18:35,22.3,C
2038,17:18:50,22.3,C
2039,17:19:05,22.3,C
2040,17:19:20,22.3,C
2041,17:19:35,22.3,C
2042,17:19:50,22.3,C
2043,17:20:05,22.3,C
2044,17:20:20,22.3,C
2045,17:20:35,22.3,C
2046,17:20:50,22.3,C
2047,17:21:05,22.3,C
2048,17:21:20,22.3,C
2049,17:21:35,22.3,C
2050,17:21:50,22.3,C
2051,17:22:05,22.3,C
2052,17:22:20,22.3,C
2053,17:22:35,22.3,C
2054,17:22:50,22.3,C
2055,17:23:05,22.3,C
2056,17:23:20,22.3,C
2057,17:23:35,22.3,C
2058,17:23:50,22.3,C
2059,17:24:05,22.3,C
2060,17:24:20,22.3,C
2061,17:24:35,22.3,C
2062,17:24:50,22.3,C
2063,17:25:05,22.3,C
2064,17:25:20,22.3,C
2065,17:25:35,22.3,C
2066,17:25:50,22.3,C
2067,17:26:05,22.4,C
2068,17:26:20,22.3,C
2069,17:26:35,22.3,C
2070,17:26:50,22.3,C
2071,17:27:05,22.4,C
2072,17:27:20,22.4,C
2073,17:27:35,22.3,C
2074,17:27:50,22.3,C
2075,17:28:05,22.3,C
2076,17:28:20,22.3,C
2077,17:28:35,22.3,C
2078,17:28:50,22.3,C
2079,17:29:05,22.3,C
2080,17:29:20,22.3,C
2081,17:29:35,22.3,C
2082,17:29:50,22.3,C
2083,17:30:05,22.3,C
2084,17:30:20,22.3,C
2085,17:30:35,22.4,C
2086,17:30:50,22.4,C
2087,17:31:05,22.3,C
2088,17:31:20,22.3,C
2089,17:31:35,22.3,C
2090,17:31:50,22.3,C
2091,17:32:05,22.4,C
2092,17:32:20,22.4,C
2093,17:32:35,22.4,C
2094,17:32:50,22.4,C
2095,17:33:05,22.4,C
2096,17:33:20,22.4,C
2097,17:33:35,22.4,C
2098,17:33:50,22.4,C
2099,17:34:05,22.4,C
2100,17:34:20,22.4,C
2101,17:34:35,22.4,C
2102,17:34:50,22.4,C
2103,17:35:05,22.4,C
2104,17:35:20,22.4,C
2105,17:35:35,22.4,C
2106,17:35:50,22.4,C
2107,17:36:05,22.4,C
2108,17:36:20,22.4,C
2109,17:36:35,22.4,C
2110,17:36:50,22.4,C
2111,17:37:05,22.4,C
2112,17:37:20,22.4,C
2113,17:37:35,22.4,C
2114,17:37:50,22.4,C
2115,17:38:05,22.4,C
2116,17:38:20,22.4,C
2117,17:38:35,22.4,C
2118,17:38:50,22.4,C
2119,17:39:05,22.4,C
2120,17:39:20,22.4,C
2121,17:39:35,22.4,C
2122,17:39:50,22.4,C
2123,17:40:05,22.4,C
2124,17:40:20,22.4,C
2125,17:40:35,22.5,C
2126,17:40:50,22.5,C
2127,17:41:05,22.5,C
2128,17:41:20,22.4,C
2129,17:41:35,22.5,C
2130,17:41:50,22.5,C
2131,17:42:05,22.5,C
2132,17:42:20,22.5,C
2133,17:42:35,22.5,C
2134,17:42:50,22.5,C
2135,17:43:05,22.5,C
2136,17:43:20,22.5,C
2137,17:43:35,22.6,C
2138,17:43:50,22.5,C
2139,17:44:05,22.4,C
2140,17:44:20,22.5,C
2141,17:44:35,22.5,C
2142,17:44:50,22.6,C
2143,17:45:05,22.6,C
2144,17:45:20,22.6,C
2145,17:45:35,22.5,C
2146,17:45:50,22.6,C
2147,17:46:05,22.6,C
2148,17:46:20,22.6,C
2149,17:46:35,22.6,C
2150,17:46:50,22.6,C
2151,17:47:05,22.6,C
2152,17:47:20,22.6,C
2153,17:47:35,22.6,C
2154,17:47:50,22.6,C
2155,17:48:05,22.6,C
2156,17:48:20,22.6,C
2157,17:48:35,22.5,C
2158,17:48:50,22.6,C
2159,17:49:05,22.6,C
2160,17:49:20,22.6,C
2161,17:49:35,22.6,C
2162,17:49:50,22.6,C
2163,17:50:05,22.6,C
2164,17:50:20,22.6,C
2165,17:50:35,22.6,C
2166,17:50:50,22.6,C
2167,17:51:05,22.6,C
2168,17:51:20,22.6,C
2169,17:51:35,22.5,C
2170,17:51:50,22.6,C
2171,17:52:05,22.6,C
2172,17:52:20,22.6,C
2173,17:52:35,22.6,C
2174,17:52:50,22.6,C
2175,17:53:05,22.6,C
2176,17:53:20,22.6,C
2177,17:53:35,22.6,C
2178,17:53:50,22.6,C
2179,17:54:05,22.6,C
2180,17:54:20,22.6,C
2181,17:54:35,22.6,C
2182,17:54:50,22.6,C
2183,17:55:05,22.6,C
2184,17:55:20,22.6,C
2185,17:55:35,22.6,C
2186,17:55:50,22.6,C
2187,17:56:05,22.7,C
2188,17:56:20,22.7,C
2189,17:56:35,22.7,C
2190,17:56:50,22.6,C
2191,17:57:05,22.6,C
2192,17:57:20,22.7,C
2193,17:57:35,22.7,C
2194,17:57:50,22.7,C
2195,17:58:05,22.7,C
2196,17:58:20,22.7,C
2197,17:58:35,22.7,C
2198,17:58:50,22.7,C
2199,17:59:05,22.7,C
2200,17:59:20,22.7,C
2201,17:59:35,22.7,C
2202,17:59:50,22.7,C
2203,18:00:05,22.7,C
2204,18:00:20,22.7,C
2205,18:00:35,22.7,C
2206,18:00:50,22.7,C
2207,18:01:05,22.7,C
2208,18:01:20,22.6,C
2209,18:01:35,22.7,C
2210,18:01:50,22.7,C
2211,18:02:05,22.7,C
2212,18:02:20,22.7,C
2213,18:02:35,22.7,C
2214,18:02:50,22.7,C
2215,18:03:05,22.8,C
2216,18:03:20,22.8,C
2217,18:03:35,22.8,C
2218,18:03:50,22.7,C
2219,18:04:05,22.7,C
2220,18:04:20,22.8,C
2221,18:04:35,22.8,C
2222,18:04:50,22.8,C
2223,18:05:05,22.8,C
2224,18:05:20,22.8,C
2225,18:05:35,22.8,C
2226,18:05:50,22.8,C
2227,18:06:05,22.8,C
2228,18:06:20,22.8,C
2229,18:06:35,22.8,C
2230,18:06:50,22.7,C
2231,18:07:05,22.8,C
2232,18:07:20,22.8,C
2233,18:07:35,22.7,C
2234,18:07:50,22.7,C
2235,18:08:05,22.8,C
2236,18:08:20,22.8,C
2237,18:08:35,22.8,C
2238,18:08:50,22.8,C
2239,18:09:05,22.8,C
2240,18:09:20,22.8,C
2241,18:09:35,22.8,C
2242,18:09:50,22.8,C
2243,18:10:05,22.8,C
2244,18:10:20,22.8,C
2245,18:10:35,22.8,C
2246,18:10:50,22.8,C
2247,18:11:05,22.9,C
2248,18:11:20,22.8,C
2249,18:11:35,22.8,C
2250,18:11:50,22.8,C
2251,18:12:05,22.9,C
2252,18:12:20,22.8,C
2253,18:12:35,22.8,C
2254,18:12:50,22.8,C
2255,18:13:05,22.8,C
2256,18:13:20,22.8,C
2257,18:13:35,22.9,C
2258,18:13:50,22.8,C
2259,18:14:05,22.8,C
2260,18:14:20,22.8,C
2261,18:14:35,22.8,C
2262,18:14:50,22.8,C
2263,18:15:05,22.8,C
2264,18:15:20,22.8,C
2265,18:15:35,22.8,C
2266,18:15:50,22.9,C
2267,18:16:05,22.8,C
2268,18:16:20,22.8,C
2269,18:16:35,22.9,C
2270,18:16:50,22.8,C
2271,18:17:05,22.8,C
2272,18:17:20,22.8,C
2273,18:17:35,22.9,C
2274,18:17:50,22.8,C
2275,18:18:05,22.8,C
2276,18:18:20,22.8,C
2277,18:18:35,22.8,C
2278,18:18:50,22.9,C
2279,18:19:05,22.8,C
2280,18:19:20,22.9,C
2281,18:19:35,22.9,C
2282,18:19:50,22.8,C
2283,18:20:05,22.8,C
2284,18:20:20,22.8,C
2285,18:20:35,22.9,C
2286,18:20:50,22.9,C
2287,18:21:05,22.9,C
2288,18:21:20,22.9,C
2289,18:21:35,22.9,C
2290,18:21:50,22.9,C
2291,18:22:05,22.9,C
2292,18:22:20,22.9,C
2293,18:22:35,22.9,C
2294,18:22:50,22.9,C
2295,18:23:05,22.9,C
2296,18:23:20,22.9,C
2297,18:23:35,22.9,C
2298,18:23:50,22.9,C
2299,18:24:05,22.9,C
2300,18:24:20,22.8,C
2301,18:24:35,22.8,C
2302,18:24:50,22.9,C
2303,18:25:05,22.9,C
2304,18:25:20,22.9,C
2305,18:25:35,22.8,C
2306,18:25:50,22.9,C
2307,18:26:05,22.9,C
2308,18:26:20,22.9,C
2309,18:26:35,22.9,C
2310,18:26:50,22.9,C
2311,18:27:05,22.9,C
2312,18:27:20,22.9,C
2313,18:27:35,22.9,C
2314,18:27:50,22.9,C
2315,18:28:05,22.9,C
2316,18:28:20,22.9,C
2317,18:28:35,22.9,C
2318,18:28:50,22.9,C
2319,18:29:05,22.9,C
2320,18:29:20,22.9,C
2321,18:29:35,22.9,C
2322,18:29:50,22.9,C
2323,18:30:05,22.9,C
2324,18:30:20,22.9,C
2325,18:30:35,23,C
2326,18:30:50,22.9,C
2327,18:31:05,22.9,C
2328,18:31:20,23,C
2329,18:31:35,22.9,C
2330,18:31:50,22.9,C
2331,18:32:05,22.9,C
2332,18:32:20,22.9,C
2333,18:32:35,22.9,C
2334,18:32:50,22.9,C
2335,18:33:05,23,C
2336,18:33:20,22.9,C
2337,18:33:35,22.9,C
2338,18:33:50,22.9,C
2339,18:34:05,22.9,C
2340,18:34:20,22.9,C
2341,18:34:35,22.9,C
2342,18:34:50,22.9,C
2343,18:35:05,22.9,C
2344,18:35:20,22.9,C
2345,18:35:35,22.9,C
2346,18:35:50,22.9,C
2347,18:36:05,22.9,C
2348,18:36:20,22.9,C
2349,18:36:35,22.9,C
2350,18:36:50,23,C
2351,18:37:05,23,C
2352,18:37:20,22.9,C
2353,18:37:35,22.9,C
2354,18:37:50,23,C
2355,18:38:05,22.9,C
2356,18:38:20,22.9,C
2357,18:38:35,23,C
2358,18:38:50,22.9,C
2359,18:39:05,23,C
2360,18:39:20,23,C
2361,18:39:35,23,C
2362,18:39:50,23.1,C
2363,18:40:05,23,C
2364,18:40:20,23,C
2365,18:40:35,23,C
2366,18:40:50,23,C
2367,18:41:05,23,C
2368,18:41:20,23,C
2369,18:41:35,23,C
2370,18:41:50,23,C
2371,18:42:05,23,C
2372,18:42:20,23,C
2373,18:42:35,23,C
2374,18:42:50,23,C
2375,18:43:05,23,C
2376,18:43:20,23,C
2377,18:43:35,22.9,C
2378,18:43:50,22.9,C
2379,18:44:05,23,C
2380,18:44:20,23,C
2381,18:44:35,23,C
2382,18:44:50,23.1,C
2383,18:45:05,23,C
2384,18:45:20,23,C
2385,18:45:35,23,C
2386,18:45:50,22.9,C
2387,18:46:05,23,C
2388,18:46:20,23,C
2389,18:46:35,23,C
2390,18:46:50,22.9,C
2391,18:47:05,23,C
2392,18:47:20,23.1,C
2393,18:47:35,22.9,C
2394,18:47:50,23.1,C
2395,18:48:05,22.9,C
2396,18:48:20,22.9,C
2397,18:48:35,23,C
2398,18:48:50,23,C
2399,18:49:05,22.9,C
2400,18:49:20,23.1,C
2401,18:49:35,23.1,C
2402,18:49:50,22.9,C
2403,18:50:05,23.1,C
2404,18:50:20,23.1,C
2405,18:50:35,23,C
2406,18:50:50,23,C
2407,18:51:05,23.1,C
2408,18:51:20,23.1,C
2409,18:51:35,23.1,C
2410,18:51:50,23,C
2411,18:52:05,23.1,C
2412,18:52:20,23,C
2413,18:52:35,23,C
2414,18:52:50,23,C
2415,18:53:05,23,C
2416,18:53:20,23,C
2417,18:53:35,23,C
2418,18:53:50,23,C
2419,18:54:05,23,C
2420,18:54:20,23,C
2421,18:54:35,23,C
2422,18:54:50,23.1,C
2423,18:55:05,23.1,C
2424,18:55:20,23.1,C
2425,18:55:35,23,C
2426,18:55:50,23.1,C
2427,18:56:05,23.1,C
2428,18:56:20,23.2,C
2429,18:56:35,23.8,C
2430,18:56:50,24.6,C
2431,18:57:05,25.3,C
2432,18:57:20,26,C
2433,18:57:35,26.5,C
2434,18:57:50,26.9,C
2435,18:58:05,27.3,C
2436,18:58:20,27.7,C
2437,18:58:35,28,C
2438,18:58:50,28.3,C
2439,18:59:05,28.4,C
2440,18:59:20,28.6,C
2441,18:59:35,28.9,C
2442,18:59:50,29,C
2443,19:00:05,29.2,C
2444,19:00:20,29.3,C
2445,19:00:35,29.5,C
2446,19:00:50,29.7,C
2447,19:01:05,29.8,C
2448,19:01:20,29.9,C
2449,19:01:35,30.1,C
2450,19:01:50,30.2,C
2451,19:02:05,30.3,C
2452,19:02:20,30.4,C
2453,19:02:35,30.5,C
2454,19:02:50,30.7,C
2455,19:03:05,30.7,C
2456,19:03:20,30.8,C
2457,19:03:35,30.9,C
2458,19:03:50,31,C
2459,19:04:05,31.1,C
2460,19:04:20,31.2,C
2461,19:04:35,31.3,C
2462,19:04:50,31.4,C
2463,19:05:05,31.4,C
2464,19:05:20,31.6,C
2465,19:05:35,31.7,C
2466,19:05:50,31.7,C
2467,19:06:05,31.8,C
2468,19:06:20,31.8,C
2469,19:06:35,31.9,C
2470,19:06:50,32,C
2471,19:07:05,32.1,C
2472,19:07:20,32.1,C
2473,19:07:35,32.2,C
2474,19:07:50,32.2,C
2475,19:08:05,32.3,C
2476,19:08:20,32.3,C
2477,19:08:35,32.3,C
2478,19:08:50,32.4,C
2479,19:09:05,32.6,C
2480,19:09:20,32.6,C
2481,19:09:35,32.6,C
2482,19:09:50,32.6,C
2483,19:10:05,32.7,C
2484,19:10:20,32.8,C
2485,19:10:35,32.8,C
2486,19:10:50,32.8,C
2487,19:11:05,32.9,C
2488,19:11:20,32.9,C
2489,19:11:35,33,C
2490,19:11:50,32.9,C
2491,19:12:05,33.1,C
2492,19:12:20,33.2,C
2493,19:12:35,33.2,C
2494,19:12:50,33.3,C
2495,19:13:05,33.3,C
2496,19:13:20,33.3,C
2497,19:13:35,33.3,C
2498,19:13:50,33.3,C
2499,19:14:05,33.5,C
2500,19:14:20,33.5,C
2501,19:14:35,33.6,C
2502,19:14:50,33.6,C
2503,19:15:05,33.6,C
2504,19:15:20,33.7,C
2505,19:15:35,33.7,C
2506,19:15:50,33.7,C
2507,19:16:05,33.8,C
2508,19:16:20,33.8,C
2509,19:16:35,33.8,C
2510,19:16:50,33.9,C
2511,19:17:05,33.9,C
2512,19:17:20,33.9,C
2513,19:17:35,33.9,C
2514,19:17:50,34,C
2515,19:18:05,34.1,C
2516,19:18:20,34.2,C
2517,19:18:35,34.2,C
2518,19:18:50,34.2,C
2519,19:19:05,34.2,C
2520,19:19:20,34.2,C
2521,19:19:35,34.3,C
2522,19:19:50,34.3,C
2523,19:20:05,34.3,C
2524,19:20:20,34.4,C
2525,19:20:35,34.5,C
2526,19:20:50,34.5,C
2527,19:21:05,34.6,C
2528,19:21:20,34.6,C
2529,19:21:35,34.6,C
2530,19:21:50,34.6,C
2531,19:22:05,34.6,C
2532,19:22:20,34.6,C
2533,19:22:35,34.7,C
2534,19:22:50,34.7,C
2535,19:23:05,34.8,C
2536,19:23:20,34.8,C
2537,19:23:35,34.8,C
2538,19:23:50,34.8,C
2539,19:24:05,34.9,C
2540,19:24:20,34.9,C
2541,19:24:35,34.9,C
2542,19:24:50,34.9,C
2543,19:25:05,35,C
2544,19:25:20,34.9,C
2545,19:25:35,34.9,C
2546,19:25:50,35.1,C
2547,19:26:05,35.1,C
2548,19:26:20,35.1,C
2549,19:26:35,35.1,C
2550,19:26:50,35.2,C
2551,19:27:05,35.2,C
2552,19:27:20,35.2,C
2553,19:27:35,35.2,C
2554,19:27:50,35.3,C
2555,19:28:05,35.3,C
2556,19:28:20,35.3,C
2557,19:28:35,35.4,C
2558,19:28:50,35.4,C
2559,19:29:05,35.4,C
2560,19:29:20,35.5,C
2561,19:29:35,35.5,C
2562,19:29:50,35.5,C
2563,19:30:05,35.6,C
2564,19:30:20,35.6,C
2565,19:30:35,35.6,C
2566,19:30:50,35.6,C
2567,19:31:05,35.7,C
2568,19:31:20,35.8,C
2569,19:31:35,35.7,C
2570,19:31:50,35.8,C
2571,19:32:05,35.8,C
2572,19:32:20,35.8,C
2573,19:32:35,35.8,C
2574,19:32:50,35.8,C
2575,19:33:05,35.8,C
2576,19:33:20,35.8,C
2577,19:33:35,35.8,C
2578,19:33:50,35.9,C
2579,19:34:05,35.9,C
2580,19:34:20,35.9,C
2581,19:34:35,35.9,C
2582,19:34:50,36.1,C
2583,19:35:05,36,C
2584,19:35:20,36.1,C
2585,19:35:35,36.1,C
2586,19:35:50,36.1,C
2587,19:36:05,36.1,C
2588,19:36:20,36.1,C
2589,19:36:35,36.1,C
2590,19:36:50,36.1,C
2591,19:37:05,36.2,C
2592,19:37:20,36.2,C
2593,19:37:35,36.2,C
2594,19:37:50,36.2,C
2595,19:38:05,36.2,C
2596,19:38:20,36.2,C
2597,19:38:35,36.2,C
2598,19:38:50,36.3,C
2599,19:39:05,36.4,C
2600,19:39:20,36.3,C
2601,19:39:35,36.4,C
2602,19:39:50,36.4,C
2603,19:40:05,36.4,C
2604,19:40:20,36.4,C
2605,19:40:35,36.5,C
2606,19:40:50,36.6,C
2607,19:41:05,36.5,C
2608,19:41:20,36.5,C
2609,19:41:35,36.5,C
2610,19:41:50,36.6,C
2611,19:42:05,36.6,C
2612,19:42:20,36.6,C
2613,19:42:35,36.6,C
2614,19:42:50,36.6,C
2615,19:43:05,36.7,C
2616,19:43:20,36.7,C
2617,19:43:35,36.8,C
2618,19:43:50,36.7,C
2619,19:44:05,36.8,C
2620,19:44:20,36.7,C
2621,19:44:35,36.8,C
2622,19:44:50,36.7,C
2623,19:45:05,36.8,C
2624,19:45:20,36.8,C
2625,19:45:35,36.8,C
2626,19:45:50,36.9,C
2627,19:46:05,36.9,C
2628,19:46:20,36.8,C
2629,19:46:35,36.8,C
2630,19:46:50,36.9,C
2631,19:47:05,36.9,C
2632,19:47:20,36.9,C
2633,19:47:35,37,C
2634,19:47:50,36.9,C
2635,19:48:05,37.1,C
2636,19:48:20,37.1,C
2637,19:48:35,37.1,C
2638,19:48:50,37.1,C
2639,19:49:05,37.1,C
2640,19:49:20,37.1,C
2641,19:49:35,37.1,C
2642,19:49:50,37.1,C
2643,19:50:05,37.2,C
2644,19:50:20,37.1,C
2645,19:50:35,37.2,C
2646,19:50:50,37.2,C
2647,19:51:05,37.2,C
2648,19:51:20,37.2,C
2649,19:51:35,37.2,C
2650,19:51:50,37.3,C
2651,19:52:05,37.3,C
2652,19:52:20,37.3,C
2653,19:52:35,37.3,C
2654,19:52:50,37.3,C
2655,19:53:05,37.3,C
2656,19:53:20,37.3,C
2657,19:53:35,37.4,C
2658,19:53:50,37.4,C
2659,19:54:05,37.4,C
2660,19:54:20,37.4,C
2661,19:54:35,37.4,C
2662,19:54:50,37.5,C
2663,19:55:05,37.5,C
2664,19:55:20,37.5,C
2665,19:55:35,37.5,C
2666,19:55:50,37.5,C
2667,19:56:05,37.6,C
2668,19:56:20,37.5,C
2669,19:56:35,37.5,C
2670,19:56:50,37.6,C
2671,19:57:05,37.6,C
2672,19:57:20,37.6,C
2673,19:57:35,37.6,C
2674,19:57:50,37.6,C
2675,19:58:05,37.6,C
2676,19:58:20,37.7,C
2677,19:58:35,37.7,C
2678,19:58:50,37.7,C
2679,19:59:05,37.7,C
2680,19:59:20,37.7,C
2681,19:59:35,37.7,C
2682,19:59:50,37.7,C
2683,20:00:05,37.8,C
2684,20:00:20,37.7,C
2685,20:00:35,37.8,C
2686,20:00:50,37.9,C
2687,20:01:05,37.8,C
2688,20:01:20,37.8,C
2689,20:01:35,37.8,C
2690,20:01:50,37.8,C
2691,20:02:05,37.8,C
2692,20:02:20,37.8,C
2693,20:02:35,37.8,C
2694,20:02:50,37.8,C
2695,20:03:05,37.9,C
2696,20:03:20,37.9,C
2697,20:03:35,37.9,C
2698,20:03:50,37.9,C
2699,20:04:05,37.9,C
2700,20:04:20,37.9,C
2701,20:04:35,37.9,C
2702,20:04:50,37.9,C
2703,20:05:05,37.9,C
2704,20:05:20,37.9,C
2705,20:05:35,37.9,C
2706,20:05:50,38,C
2707,20:06:05,38,C
2708,20:06:20,38,C
2709,20:06:35,38,C
2710,20:06:50,38,C
2711,20:07:05,38,C
2712,20:07:20,38.1,C
2713,20:07:35,38.1,C
2714,20:07:50,38.1,C
2715,20:08:05,38.1,C
2716,20:08:20,38.1,C
2717,20:08:35,38.1,C
2718,20:08:50,38.1,C
2719,20:09:05,38.2,C
2720,20:09:20,38.2,C
2721,20:09:35,38.2,C
2722,20:09:50,38.2,C
2723,20:10:05,38.2,C
2724,20:10:20,38.2,C
2725,20:10:35,38.2,C
2726,20:10:50,38.2,C
2727,20:11:05,38.3,C
2728,20:11:20,38.3,C
2729,20:11:35,38.3,C
2730,20:11:50,38.3,C
2731,20:12:05,38.3,C
2732,20:12:20,38.3,C
2733,20:12:35,38.3,C
2734,20:12:50,38.3,C
2735,20:13:05,38.3,C
2736,20:13:20,38.3,C
2737,20:13:35,38.3,C
2738,20:13:50,38.3,C
2739,20:14:05,38.3,C
2740,20:14:20,38.3,C
2741,20:14:35,38.4,C
2742,20:14:50,38.3,C
2743,20:15:05,38.3,C
2744,20:15:20,38.3,C
2745,20:15:35,38.4,C
2746,20:15:50,38.4,C
2747,20:16:05,38.4,C
2748,20:16:20,38.4,C
2749,20:16:35,38.4,C
2750,20:16:50,38.4,C
2751,20:17:05,38.4,C
2752,20:17:20,38.6,C
2753,20:17:35,38.4,C
2754,20:17:50,38.6,C
2755,20:18:05,38.5,C
2756,20:18:20,38.5,C
2757,20:18:35,38.6,C
2758,20:18:50,38.6,C
2759,20:19:05,38.6,C
2760,20:19:20,38.6,C
2761,20:19:35,38.6,C
2762,20:19:50,38.6,C
2763,20:20:05,38.6,C
2764,20:20:20,38.7,C
2765,20:20:35,38.7,C
2766,20:20:50,38.7,C
2767,20:21:05,38.6,C
2768,20:21:20,38.6,C
2769,20:21:35,38.7,C
2770,20:21:50,38.7,C
2771,20:22:05,38.7,C
2772,20:22:20,38.7,C
2773,20:22:35,38.7,C
2774,20:22:50,38.7,C
2775,20:23:05,38.7,C
2776,20:23:20,38.7,C
2777,20:23:35,38.7,C
2778,20:23:50,38.7,C
2779,20:24:05,38.8,C
2780,20:24:20,38.7,C
2781,20:24:35,38.7,C
2782,20:24:50,38.8,C
2783,20:25:05,38.7,C
2784,20:25:20,38.7,C
2785,20:25:35,38.8,C
2786,20:25:50,38.8,C
2787,20:26:05,38.8,C
2788,20:26:20,38.8,C
2789,20:26:35,38.8,C
2790,20:26:50,38.8,C
2791,20:27:05,38.8,C
2792,20:27:20,38.8,C
2793,20:27:35,38.8,C
2794,20:27:50,38.8,C
2795,20:28:05,38.8,C
2796,20:28:20,38.8,C
2797,20:28:35,38.8,C
2798,20:28:50,38.8,C
2799,20:29:05,38.8,C
2800,20:29:20,38.8,C
2801,20:29:35,38.8,C
2802,20:29:50,38.9,C
2803,20:30:05,38.8,C
2804,20:30:20,38.8,C
2805,20:30:35,38.9,C
2806,20:30:50,38.9,C
2807,20:31:05,38.8,C
2808,20:31:20,38.9,C
2809,20:31:35,38.9,C
2810,20:31:50,38.9,C
2811,20:32:05,38.9,C
2812,20:32:20,38.9,C
2813,20:32:35,38.9,C
2814,20:32:50,38.9,C
2815,20:33:05,39,C
2816,20:33:20,39.1,C
2817,20:33:35,39,C
2818,20:33:50,39,C
2819,20:34:05,39,C
2820,20:34:20,39,C
2821,20:34:35,39,C
2822,20:34:50,39.1,C
2823,20:35:05,39.1,C
2824,20:35:20,39.1,C
2825,20:35:35,39.1,C
2826,20:35:50,39.1,C
2827,20:36:05,39.1,C
2828,20:36:20,39.1,C
2829,20:36:35,39.1,C
2830,20:36:50,39.1,C
2831,20:37:05,39.1,C
2832,20:37:20,39.1,C
2833,20:37:35,39.1,C
2834,20:37:50,39.1,C
2835,20:38:05,39.2,C
2836,20:38:20,39.2,C
2837,20:38:35,39.1,C
2838,20:38:50,39.1,C
2839,20:39:05,39.1,C
2840,20:39:20,39.1,C
2841,20:39:35,39.1,C
2842,20:39:50,39.1,C
2843,20:40:05,39.2,C
2844,20:40:20,39.2,C
2845,20:40:35,39.1,C
2846,20:40:50,39.2,C
2847,20:41:05,39.2,C
2848,20:41:20,39.1,C
2849,20:41:35,39.2,C
2850,20:41:50,39.2,C
2851,20:42:05,39.2,C
2852,20:42:20,39.2,C
2853,20:42:35,39.2,C
2854,20:42:50,39.2,C
2855,20:43:05,39.2,C
2856,20:43:20,39.2,C
2857,20:43:35,39.2,C
2858,20:43:50,39.2,C
2859,20:44:05,39.2,C
2860,20:44:20,39.2,C
2861,20:44:35,39.2,C
2862,20:44:50,39.3,C
2863,20:45:05,39.3,C
2864,20:45:20,39.3,C
2865,20:45:35,39.2,C
2866,20:45:50,39.2,C
2867,20:46:05,39.2,C
2868,20:46:20,39.2,C
2869,20:46:35,39.3,C
2870,20:46:50,39.3,C
2871,20:47:05,39.3,C
2872,20:47:20,39.3,C
2873,20:47:35,39.3,C
2874,20:47:50,39.3,C
2875,20:48:05,39.3,C
2876,20:48:20,39.3,C
2877,20:48:35,39.3,C
2878,20:48:50,39.3,C
2879,20:49:05,39.3,C
2880,20:49:20,39.3,C
2881,20:49:35,39.3,C
2882,20:49:50,39.3,C
2883,20:50:05,39.3,C
2884,20:50:20,39.4,C
2885,20:50:35,39.3,C
2886,20:50:50,39.4,C
2887,20:51:05,39.4,C
2888,20:51:20,39.4,C
2889,20:51:35,39.4,C
2890,20:51:50,39.4,C
2891,20:52:05,39.4,C
2892,20:52:20,39.4,C
2893,20:52:35,39.4,C
2894,20:52:50,39.4,C
2895,20:53:05,39.5,C
2896,20:53:20,39.5,C
2897,20:53:35,39.5,C
2898,20:53:50,39.5,C
2899,20:54:05,39.5,C
2900,20:54:20,39.4,C
2901,20:54:35,39.4,C
2902,20:54:50,39.4,C
2903,20:55:05,39.5,C
2904,20:55:20,39.5,C
2905,20:55:35,39.6,C
2906,20:55:50,39.5,C
2907,20:56:05,39.5,C
2908,20:56:20,39.5,C
2909,20:56:35,39.5,C
2910,20:56:50,39.6,C
2911,20:57:05,39.5,C
2912,20:57:20,39.5,C
2913,20:57:35,39.6,C
2914,20:57:50,39.6,C
2915,20:58:05,39.6,C
2916,20:58:20,39.6,C
2917,20:58:35,39.6,C
2918,20:58:50,39.6,C
2919,20:59:05,39.6,C
2920,20:59:20,39.6,C
2921,20:59:35,39.6,C
2922,20:59:50,39.6,C
2923,21:00:05,39.6,C
2924,21:00:20,39.6,C
2925,21:00:35,39.6,C
2926,21:00:50,39.6,C
2927,21:01:05,39.6,C
2928,21:01:20,39.6,C
2929,21:01:35,39.6,C
2930,21:01:50,39.6,C
2931,21:02:05,39.6,C
2932,21:02:20,39.6,C
2933,21:02:35,39.6,C
2934,21:02:50,39.6,C
2935,21:03:05,39.6,C
2936,21:03:20,39.6,C
2937,21:03:35,39.6,C
2938,21:03:50,39.6,C
2939,21:04:05,39.6,C
2940,21:04:20,39.7,C
2941,21:04:35,39.7,C
2942,21:04:50,39.7,C
2943,21:05:05,39.7,C
2944,21:05:20,39.7,C
2945,21:05:35,39.7,C
2946,21:05:50,39.7,C
2947,21:06:05,39.6,C
2948,21:06:20,39.7,C
2949,21:06:35,39.7,C
2950,21:06:50,39.7,C
2951,21:07:05,39.7,C
2952,21:07:20,39.7,C
2953,21:07:35,39.7,C
2954,21:07:50,39.7,C
2955,21:08:05,39.7,C
2956,21:08:20,39.7,C
2957,21:08:35,39.7,C
2958,21:08:50,39.8,C
2959,21:09:05,39.8,C
2960,21:09:20,39.8,C
2961,21:09:35,39.7,C
2962,21:09:50,39.7,C
2963,21:10:05,39.8,C
2964,21:10:20,39.8,C
2965,21:10:35,39.8,C
2966,21:10:50,39.8,C
2967,21:11:05,39.8,C
2968,21:11:20,39.8,C
2969,21:11:35,39.8,C
2970,21:11:50,39.8,C
2971,21:12:05,39.8,C
2972,21:12:20,39.8,C
2973,21:12:35,39.8,C
2974,21:12:50,39.8,C
2975,21:13:05,39.7,C
2976,21:13:20,39.8,C
2977,21:13:35,39.8,C
2978,21:13:50,39.8,C
2979,21:14:05,39.8,C
2980,21:14:20,39.8,C
2981,21:14:35,39.7,C
2982,21:14:50,39.8,C
2983,21:15:05,39.8,C
2984,21:15:20,39.8,C
2985,21:15:35,39.8,C
2986,21:15:50,39.8,C
2987,21:16:05,39.8,C
2988,21:16:20,39.8,C
2989,21:16:35,39.8,C
2990,21:16:50,39.8,C
2991,21:17:05,39.8,C
2992,21:17:20,39.8,C
2993,21:17:35,39.8,C
2994,21:17:50,39.8,C
2995,21:18:05,39.9,C
2996,21:18:20,39.9,C
2997,21:18:35,39.8,C
2998,21:18:50,39.8,C
2999,21:19:05,39.8,C
3000,21:19:20,39.8,C
3001,21:19:35,39.8,C
3002,21:19:50,39.8,C
3003,21:20:05,39.8,C
3004,21:20:20,39.8,C
3005,21:20:35,39.9,C
3006,21:20:50,40,C
3007,21:21:05,39.9,C
3008,21:21:20,39.9,C
3009,21:21:35,39.9,C
3010,21:21:50,39.9,C
3011,21:22:05,40,C
3012,21:22:20,40,C
3013,21:22:35,39.9,C
3014,21:22:50,39.9,C
3015,21:23:05,39.9,C
3016,21:23:20,39.9,C
3017,21:23:35,39.9,C
3018,21:23:50,39.9,C
3019,21:24:05,40,C
3020,21:24:20,39.9,C
3021,21:24:35,40,C
3022,21:24:50,40.1,C
3023,21:25:05,39.9,C
3024,21:25:20,40,C
3025,21:25:35,39.9,C
3026,21:25:50,39.9,C
3027,21:26:05,39.9,C
3028,21:26:20,39.9,C
3029,21:26:35,40,C
3030,21:26:50,39.9,C
3031,21:27:05,40,C
3032,21:27:20,39.9,C
3033,21:27:35,39.9,C
3034,21:27:50,40,C
3035,21:28:05,40,C
3036,21:28:20,40,C
3037,21:28:35,40.1,C
3038,21:28:50,40.1,C
3039,21:29:05,40,C
3040,21:29:20,40,C
3041,21:29:35,40,C
3042,21:29:50,40,C
3043,21:30:05,40.1,C
3044,21:30:20,40.1,C
3045,21:30:35,40.1,C
3046,21:30:50,40,C
3047,21:31:05,40,C
3048,21:31:20,40,C
3049,21:31:35,40,C
3050,21:31:50,40,C
3051,21:32:05,40,C
3052,21:32:20,40.1,C
3053,21:32:35,40.1,C
3054,21:32:50,40.1,C
3055,21:33:05,40.1,C
3056,21:33:20,40,C
3057,21:33:35,40.1,C
3058,21:33:50,40.1,C
3059,21:34:05,40,C
3060,21:34:20,40.1,C
3061,21:34:35,40,C
3062,21:34:50,40.1,C
3063,21:35:05,40.1,C
3064,21:35:20,40.1,C
3065,21:35:35,40.1,C
3066,21:35:50,40.1,C
3067,21:36:05,40.1,C
3068,21:36:20,40.1,C
3069,21:36:35,40.1,C
3070,21:36:50,40.1,C
3071,21:37:05,40.1,C
3072,21:37:20,40.1,C
3073,21:37:35,40.1,C
3074,21:37:50,40,C
3075,21:38:05,40.1,C
3076,21:38:20,40.1,C
3077,21:38:35,40.1,C
3078,21:38:50,40.1,C
3079,21:39:05,40.2,C
3080,21:39:20,40.1,C
3081,21:39:35,40.2,C
3082,21:39:50,40.1,C
3083,21:40:05,40.1,C
3084,21:40:20,40.1,C
3085,21:40:35,40.1,C
3086,21:40:50,40.1,C
3087,21:41:05,40.1,C
3088,21:41:20,40.1,C
3089,21:41:35,40.1,C
3090,21:41:50,40.1,C
3091,21:42:05,40.1,C
3092,21:42:20,40.1,C
3093,21:42:35,40.2,C
3094,21:42:50,40.2,C
3095,21:43:05,40.1,C
3096,21:43:20,40.2,C
3097,21:43:35,40.2,C
3098,21:43:50,40.2,C
3099,21:44:05,40.2,C
3100,21:44:20,40.2,C
3101,21:44:35,40.2,C
3102,21:44:50,40.2,C
3103,21:45:05,40.2,C
3104,21:45:20,40.2,C
3105,21:45:35,40.2,C
3106,21:45:50,40.2,C
3107,21:46:05,40.2,C
3108,21:46:20,40.2,C
3109,21:46:35,40.2,C
3110,21:46:50,40.2,C
3111,21:47:05,40.2,C
3112,21:47:20,40.2,C
3113,21:47:35,40.2,C
3114,21:47:50,40.2,C
3115,21:48:05,40.2,C
3116,21:48:20,40.2,C
3117,21:48:35,40.2,C
3118,21:48:50,40.2,C
3119,21:49:05,40.2,C
3120,21:49:20,40.2,C
3121,21:49:35,40.2,C
3122,21:49:50,40.2,C
3123,21:50:05,40.2,C
3124,21:50:20,40.2,C
3125,21:50:35,40.2,C
3126,21:50:50,40.2,C
3127,21:51:05,40.2,C
3128,21:51:20,40.2,C
3129,21:51:35,40.3,C
3130,21:51:50,40.2,C
3131,21:52:05,40.2,C
3132,21:52:20,40.2,C
3133,21:52:35,40.2,C
3134,21:52:50,40.2,C
3135,21:53:05,40.2,C
3136,21:53:20,40.2,C
3137,21:53:35,40.3,C
3138,21:53:50,40.3,C
3139,21:54:05,40.3,C
3140,21:54:20,40.3,C
3141,21:54:35,40.3,C
3142,21:54:50,40.3,C
3143,21:55:05,40.3,C
3144,21:55:20,40.3,C
3145,21:55:35,40.3,C
3146,21:55:50,40.3,C
3147,21:56:05,40.3,C
3148,21:56:20,40.3,C
3149,21:56:35,40.3,C
3150,21:56:50,40.3,C
3151,21:57:05,40.3,C
3152,21:57:20,40.3,C
3153,21:57:35,40.3,C
3154,21:57:50,40.3,C
3155,21:58:05,40.3,C
3156,21:58:20,40.3,C
3157,21:58:35,40.3,C
3158,21:58:50,40.3,C
3159,21:59:05,40.3,C
3160,21:59:20,40.3,C
3161,21:59:35,40.3,C
3162,21:59:50,40.3,C
3163,22:00:05,40.3,C
3164,22:00:20,40.3,C
3165,22:00:35,40.3,C
3166,22:00:50,40.3,C
3167,22:01:05,40.3,C
3168,22:01:20,40.3,C
3169,22:01:35,40.3,C
3170,22:01:50,40.3,C
3171,22:02:05,40.3,C
3172,22:02:20,40.3,C
3173,22:02:35,40.3,C
3174,22:02:50,40.3,C
3175,22:03:05,40.3,C
3176,22:03:20,40.3,C
3177,22:03:35,40.3,C
3178,22:03:50,40.3,C
3179,22:04:05,40.3,C
3180,22:04:20,40.3,C
3181,22:04:35,40.3,C
3182,22:04:50,40.4,C
3183,22:05:05,40.3,C
3184,22:05:20,40.3,C
3185,22:05:35,40.3,C
3186,22:05:50,40.3,C
3187,22:06:05,40.3,C
3188,22:06:20,40.4,C
3189,22:06:35,40.4,C
3190,22:06:50,40.4,C
3191,22:07:05,40.4,C
3192,22:07:20,40.4,C
3193,22:07:35,40.4,C
3194,22:07:50,40.4,C
3195,22:08:05,40.4,C
3196,22:08:20,40.4,C
3197,22:08:35,40.4,C
3198,22:08:50,40.4,C
3199,22:09:05,40.4,C
3200,22:09:20,40.4,C
3201,22:09:35,40.4,C
3202,22:09:50,40.4,C
3203,22:10:05,40.4,C
3204,22:10:20,40.4,C
3205,22:10:35,40.4,C
3206,22:10:50,40.4,C
3207,22:11:05,40.4,C
3208,22:11:20,40.4,C
3209,22:11:35,40.5,C
3210,22:11:50,40.4,C
3211,22:12:05,40.5,C
3212,22:12:20,40.5,C
3213,22:12:35,40.4,C
3214,22:12:50,40.4,C
3215,22:13:05,40.5,C
3216,22:13:20,40.5,C
3217,22:13:35,40.5,C
3218,22:13:50,40.5,C
3219,22:14:05,40.5,C
3220,22:14:20,40.5,C
3221,22:14:35,40.5,C
3222,22:14:50,40.5,C
3223,22:15:05,40.5,C
3224,22:15:20,40.5,C
3225,22:15:35,40.4,C
3226,22:15:50,40.4,C
3227,22:16:05,40.5,C
3228,22:16:20,40.5,C
3229,22:16:35,40.5,C
3230,22:16:50,40.4,C
3231,22:17:05,40.5,C
3232,22:17:20,40.4,C
3233,22:17:35,40.6,C
3234,22:17:50,40.5,C
3235,22:18:05,40.5,C
3236,22:18:20,40.4,C
3237,22:18:35,40.5,C
3238,22:18:50,40.5,C
3239,22:19:05,40.5,C
3240,22:19:20,40.5,C
3241,22:19:35,40.5,C
3242,22:19:50,40.6,C
3243,22:20:05,40.6,C
3244,22:20:20,40.6,C
3245,22:20:35,40.5,C
3246,22:20:50,40.5,C
3247,22:21:05,40.5,C
3248,22:21:20,40.6,C
3249,22:21:35,40.5,C
3250,22:21:50,40.6,C
3251,22:22:05,40.5,C
3252,22:22:20,40.5,C
3253,22:22:35,40.5,C
3254,22:22:50,40.5,C
3255,22:23:05,40.6,C
3256,22:23:20,40.5,C
3257,22:23:35,40.5,C
3258,22:23:50,40.6,C
3259,22:24:05,40.6,C
3260,22:24:20,40.6,C
3261,22:24:35,40.5,C
3262,22:24:50,40.6,C
3263,22:25:05,40.6,C
3264,22:25:20,40.6,C
3265,22:25:35,40.5,C
3266,22:25:50,40.5,C
3267,22:26:05,40.6,C
3268,22:26:20,40.5,C
3269,22:26:35,40.5,C
3270,22:26:50,40.5,C
3271,22:27:05,40.6,C
3272,22:27:20,40.5,C
3273,22:27:35,40.5,C
3274,22:27:50,40.5,C
3275,22:28:05,40.6,C
3276,22:28:20,40.6,C
3277,22:28:35,40.6,C
3278,22:28:50,40.6,C
3279,22:29:05,40.6,C
3280,22:29:20,40.6,C
3281,22:29:35,40.6,C
3282,22:29:50,40.6,C
3283,22:30:05,40.5,C
3284,22:30:20,40.6,C
3285,22:30:35,40.6,C
3286,22:30:50,40.6,C
3287,22:31:05,40.6,C
3288,22:31:20,40.6,C
3289,22:31:35,40.6,C
3290,22:31:50,40.6,C
3291,22:32:05,40.6,C
3292,22:32:20,40.6,C
3293,22:32:35,40.6,C
3294,22:32:50,40.6,C
3295,22:33:05,40.6,C
3296,22:33:20,40.6,C
3297,22:33:35,40.6,C
3298,22:33:50,40.6,C
3299,22:34:05,40.6,C
3300,22:34:20,40.6,C
3301,22:34:35,40.6,C
3302,22:34:50,40.6,C
3303,22:35:05,40.6,C
3304,22:35:20,40.6,C
3305,22:35:35,40.6,C
3306,22:35:50,40.6,C
3307,22:36:05,40.6,C
3308,22:36:20,40.7,C
3309,22:36:35,40.6,C
3310,22:36:50,40.7,C
3311,22:37:05,40.6,C
3312,22:37:20,40.7,C
3313,22:37:35,40.6,C
3314,22:37:50,40.6,C
3315,22:38:05,40.7,C
3316,22:38:20,40.7,C
3317,22:38:35,40.6,C
3318,22:38:50,40.6,C
3319,22:39:05,40.6,C
3320,22:39:20,40.6,C
3321,22:39:35,40.6,C
3322,22:39:50,40.6,C
3323,22:40:05,40.6,C
3324,22:40:20,40.7,C
3325,22:40:35,40.7,C
3326,22:40:50,40.7,C
3327,22:41:05,40.6,C
3328,22:41:20,40.6,C
3329,22:41:35,40.6,C
3330,22:41:50,40.6,C
3331,22:42:05,40.6,C
3332,22:42:20,40.6,C
3333,22:42:35,40.6,C
3334,22:42:50,40.6,C
3335,22:43:05,40.6,C
3336,22:43:20,40.6,C
3337,22:43:35,40.6,C
3338,22:43:50,40.6,C
3339,22:44:05,40.6,C
3340,22:44:20,40.6,C
3341,22:44:35,40.6,C
3342,22:44:50,40.6,C
3343,22:45:05,40.7,C
3344,22:45:20,40.6,C
3345,22:45:35,40.7,C
3346,22:45:50,40.6,C
3347,22:46:05,40.6,C
3348,22:46:20,40.6,C
3349,22:46:35,40.6,C
3350,22:46:50,40.6,C
3351,22:47:05,40.6,C
3352,22:47:20,40.6,C
3353,22:47:35,40.6,C
3354,22:47:50,40.6,C
3355,22:48:05,40.7,C
3356,22:48:20,40.6,C
3357,22:48:35,40.7,C
3358,22:48:50,40.7,C
3359,22:49:05,40.7,C
3360,22:49:20,40.7,C
3361,22:49:35,40.7,C
3362,22:49:50,40.7,C
3363,22:50:05,40.7,C
3364,22:50:20,40.7,C
3365,22:50:35,40.7,C
3366,22:50:50,40.7,C
3367,22:51:05,40.7,C
3368,22:51:20,40.7,C
3369,22:51:35,40.7,C
3370,22:51:50,40.7,C
3371,22:52:05,40.7,C
3372,22:52:20,40.7,C
3373,22:52:35,40.7,C
3374,22:52:50,40.7,C
3375,22:53:05,40.7,C
3376,22:53:20,40.7,C
3377,22:53:35,40.7,C
3378,22:53:50,40.7,C
3379,22:54:05,40.7,C
3380,22:54:20,40.7,C
3381,22:54:35,40.7,C
3382,22:54:50,40.7,C
3383,22:55:05,40.7,C
3384,22:55:20,40.7,C
3385,22:55:35,40.6,C
3386,22:55:50,40.7,C
3387,22:56:05,40.8,C
3388,22:56:20,40.8,C
3389,22:56:35,40.7,C
3390,22:56:50,40.7,C
3391,22:57:05,40.7,C
3392,22:57:20,40.7,C
3393,22:57:35,40.7,C
3394,22:57:50,40.7,C
3395,22:58:05,40.7,C
3396,22:58:20,40.8,C
3397,22:58:35,40.8,C
3398,22:58:50,40.8,C
3399,22:59:05,40.8,C
3400,22:59:20,40.7,C
3401,22:59:35,40.8,C
3402,22:59:50,40.8,C
3403,23:00:05,40.8,C
3404,23:00:20,40.8,C
3405,23:00:35,40.7,C
3406,23:00:50,40.7,C
3407,23:01:05,40.7,C
3408,23:01:20,40.7,C
3409,23:01:35,40.8,C
3410,23:01:50,40.8,C
3411,23:02:05,40.7,C
3412,23:02:20,40.7,C
3413,23:02:35,40.7,C
3414,23:02:50,40.7,C
3415,23:03:05,40.7,C
3416,23:03:20,40.7,C
3417,23:03:35,40.7,C
3418,23:03:50,40.8,C
3419,23:04:05,40.8,C
3420,23:04:20,40.7,C
3421,23:04:35,40.7,C
3422,23:04:50,40.7,C
3423,23:05:05,40.7,C
3424,23:05:20,40.7,C
3425,23:05:35,40.8,C
3426,23:05:50,40.8,C
3427,23:06:05,40.8,C
3428,23:06:20,40.7,C
3429,23:06:35,40.7,C
3430,23:06:50,40.8,C
3431,23:07:05,40.7,C
3432,23:07:20,40.8,C
3433,23:07:35,40.8,C
3434,23:07:50,40.8,C
3435,23:08:05,40.8,C
3436,23:08:20,40.8,C
3437,23:08:35,40.8,C
3438,23:08:50,40.8,C
3439,23:09:05,40.8,C
3440,23:09:20,40.8,C
3441,23:09:35,40.8,C
3442,23:09:50,40.8,C
3443,23:10:05,40.8,C
3444,23:10:20,40.7,C
3445,23:10:35,40.8,C
3446,23:10:50,40.8,C
3447,23:11:05,40.8,C
3448,23:11:20,40.8,C
3449,23:11:35,40.8,C
3450,23:11:50,40.8,C
3451,23:12:05,40.8,C
3452,23:12:20,40.8,C
3453,23:12:35,40.7,C
3454,23:12:50,40.8,C
3455,23:13:05,40.7,C
3456,23:13:20,40.7,C
3457,23:13:35,40.8,C
3458,23:13:50,40.8,C
3459,23:14:05,40.8,C
3460,23:14:20,40.8,C
3461,23:14:35,40.8,C
3462,23:14:50,40.8,C
3463,23:15:05,40.8,C
3464,23:15:20,40.8,C
3465,23:15:35,40.8,C
3466,23:15:50,40.8,C
3467,23:16:05,40.8,C
3468,23:16:20,40.8,C
3469,23:16:35,40.7,C
3470,23:16:50,40.8,C
3471,23:17:05,40.8,C
3472,23:17:20,40.7,C
3473,23:17:35,40.7,C
3474,23:17:50,40.8,C
3475,23:18:05,40.8,C
3476,23:18:20,40.8,C
3477,23:18:35,40.8,C
3478,23:18:50,40.8,C
3479,23:19:05,40.8,C
3480,23:19:20,40.8,C
3481,23:19:35,40.8,C
3482,23:19:50,40.7,C
3483,23:20:05,40.8,C
3484,23:20:20,40.8,C
3485,23:20:35,40.7,C
3486,23:20:50,40.7,C
3487,23:21:05,40.8,C
3488,23:21:20,40.8,C
3489,23:21:35,40.8,C
3490,23:21:50,40.8,C
3491,23:22:05,40.8,C
3492,23:22:20,40.8,C
3493,23:22:35,40.8,C
3494,23:22:50,40.8,C
3495,23:23:05,40.8,C
3496,23:23:20,40.8,C
3497,23:23:35,40.8,C
3498,23:23:50,40.8,C
3499,23:24:05,40.8,C
3500,23:24:20,40.8,C
3501,23:24:35,40.8,C
3502,23:24:50,40.8,C
3503,23:25:05,40.8,C
3504,23:25:20,40.8,C
3505,23:25:35,40.8,C
3506,23:25:50,40.8,C
3507,23:26:05,40.8,C
3508,23:26:20,40.8,C
3509,23:26:35,40.8,C
3510,23:26:50,40.8,C
3511,23:27:05,40.8,C
3512,23:27:20,40.8,C
3513,23:27:35,40.8,C
3514,23:27:50,40.8,C
3515,23:28:05,40.8,C
3516,23:28:20,40.8,C
3517,23:28:35,40.8,C
3518,23:28:50,40.8,C
3519,23:29:05,40.8,C
3520,23:29:20,40.8,C
3521,23:29:35,40.8,C
3522,23:29:50,40.8,C
3523,23:30:05,40.8,C
3524,23:30:20,40.8,C
3525,23:30:35,40.8,C
3526,23:30:50,40.8,C
3527,23:31:05,40.8,C
3528,23:31:20,40.8,C
3529,23:31:35,40.8,C
3530,23:31:50,40.8,C
3531,23:32:05,40.8,C
3532,23:32:20,40.8,C
3533,23:32:35,40.8,C
3534,23:32:50,40.8,C
3535,23:33:05,40.8,C
3536,23:33:20,40.8,C
3537,23:33:35,40.8,C
3538,23:33:50,40.8,C
3539,23:34:05,40.8,C
3540,23:34:20,40.8,C
3541,23:34:35,40.8,C
3542,23:34:50,40.8,C
3543,23:35:05,40.8,C
3544,23:35:20,40.8,C
3545,23:35:35,40.8,C
3546,23:35:50,40.8,C
3547,23:36:05,40.8,C
3548,23:36:20,40.8,C
3549,23:36:35,40.8,C
3550,23:36:50,40.8,C
3551,23:37:05,40.8,C
3552,23:37:20,40.8,C
3553,23:37:35,40.8,C
3554,23:37:50,40.8,C
3555,23:38:05,40.8,C
3556,23:38:20,40.8,C
3557,23:38:35,40.8,C
3558,23:38:50,40.8,C
3559,23:39:05,40.8,C
3560,23:39:20,40.8,C
3561,23:39:35,40.8,C
3562,23:39:50,40.8,C
3563,23:40:05,40.8,C
3564,23:40:20,40.8,C
3565,23:40:35,40.8,C
3566,23:40:50,40.8,C
3567,23:41:05,40.9,C
3568,23:41:20,40.8,C
3569,23:41:35,40.8,C
3570,23:41:50,40.8,C
3571,23:42:05,40.8,C
3572,23:42:20,40.8,C
3573,23:42:35,40.8,C
3574,23:42:50,40.8,C
3575,23:43:05,40.9,C
3576,23:43:20,40.8,C
3577,23:43:35,40.8,C
3578,23:43:50,40.8,C
3579,23:44:05,40.8,C
3580,23:44:20,40.8,C
3581,23:44:35,40.8,C
3582,23:44:50,40.8,C
3583,23:45:05,40.8,C
3584,23:45:20,40.8,C
3585,23:45:35,40.8,C
3586,23:45:50,40.8,C
3587,23:46:05,40.9,C
3588,23:46:20,40.8,C
3589,23:46:35,40.8,C
3590,23:46:50,40.8,C
3591,23:47:05,40.8,C
3592,23:47:20,40.8,C
3593,23:47:35,40.8,C
3594,23:47:50,40.9,C
3595,23:48:05,40.9,C
3596,23:48:20,40.9,C
3597,23:48:35,40.9,C
3598,23:48:50,40.9,C
3599,23:49:05,40.9,C
3600,23:49:20,40.9,C
3601,23:49:35,40.8,C
3602,23:49:50,40.8,C
3603,23:50:05,40.8,C
3604,23:50:20,40.9,C
3605,23:50:35,40.9,C
3606,23:50:50,40.9,C
3607,23:51:05,40.9,C
3608,23:51:20,40.9,C
3609,23:51:35,40.9,C
3610,23:51:50,40.9,C
3611,23:52:05,40.9,C
3612,23:52:20,40.9,C
3613,23:52:35,40.9,C
3614,23:52:50,40.9,C
3615,23:53:05,40.9,C
3616,23:53:20,40.9,C
3617,23:53:35,40.9,C
3618,23:53:50,40.9,C
3619,23:54:05,40.9,C
3620,23:54:20,40.9,C
3621,23:54:35,40.9,C
3622,23:54:50,40.9,C
3623,23:55:05,40.9,C
3624,23:55:20,40.9,C
3625,23:55:35,40.9,C
3626,23:55:50,40.9,C
3627,23:56:05,40.9,C
3628,23:56:20,40.9,C
3629,23:56:35,40.9,C
3630,23:56:50,40.9,C
3631,23:57:05,40.9,C
3632,23:57:20,41,C
3633,23:57:35,40.9,C
3634,23:57:50,40.9,C
3635,23:58:05,41,C
3636,23:58:20,40.9,C
3637,23:58:35,40.9,C
3638,23:58:50,40.9,C
3639,23:59:05,40.9,C
3640,23:59:20,41,C
3641,23:59:35,40.9,C
3642,23:59:50,40.9,C
3643,0:00:05,40.9,C
3644,0:00:20,41,C
3645,0:00:35,40.9,C
3646,0:00:50,40.9,C
3647,0:01:05,40.9,C
3648,0:01:20,40.9,C
3649,0:01:35,40.9,C
3650,0:01:50,40.9,C
3651,0:02:05,40.9,C
3652,0:02:20,41,C
3653,0:02:35,40.9,C
3654,0:02:50,40.9,C
3655,0:03:05,40.9,C
3656,0:03:20,41,C
3657,0:03:35,41,C
3658,0:03:50,41,C
3659,0:04:05,41,C
3660,0:04:20,41,C
3661,0:04:35,41,C
3662,0:04:50,41,C
3663,0:05:05,41,C
3664,0:05:20,41,C
3665,0:05:35,41,C
3666,0:05:50,41,C
3667,0:06:05,41.1,C
3668,0:06:20,41,C
3669,0:06:35,41,C
3670,0:06:50,41,C
3671,0:07:05,41,C
3672,0:07:20,41,C
3673,0:07:35,41,C
3674,0:07:50,41,C
3675,0:08:05,41,C
3676,0:08:20,41,C
3677,0:08:35,41,C
3678,0:08:50,41,C
3679,0:09:05,41,C
3680,0:09:20,41,C
3681,0:09:35,41,C
3682,0:09:50,41,C
3683,0:10:05,41,C
3684,0:10:20,41,C
3685,0:10:35,41,C
3686,0:10:50,41,C
3687,0:11:05,41,C
3688,0:11:20,41,C
3689,0:11:35,41,C
3690,0:11:50,41.1,C
3691,0:12:05,41,C
3692,0:12:20,41,C
3693,0:12:35,41,C
3694,0:12:50,41,C
3695,0:13:05,41,C
3696,0:13:20,41,C
3697,0:13:35,41,C
3698,0:13:50,41,C
3699,0:14:05,41,C
3700,0:14:20,41,C
3701,0:14:35,41,C
3702,0:14:50,41,C
3703,0:15:05,41,C
3704,0:15:20,41,C
3705,0:15:35,41,C
3706,0:15:50,41,C
3707,0:16:05,41,C
3708,0:16:20,41,C
3709,0:16:35,41,C
3710,0:16:50,41,C
3711,0:17:05,41,C
3712,0:17:20,41,C
3713,0:17:35,41,C
3714,0:17:50,41,C
3715,0:18:05,41,C
3716,0:18:20,41,C
3717,0:18:35,41,C
3718,0:18:50,41,C
3719,0:19:05,41,C
3720,0:19:20,41,C
3721,0:19:35,41,C
3722,0:19:50,41,C
3723,0:20:05,41,C
3724,0:20:20,41,C
3725,0:20:35,41,C
3726,0:20:50,41,C
3727,0:21:05,41,C
3728,0:21:20,41,C
3729,0:21:35,41,C
3730,0:21:50,41,C
3731,0:22:05,41,C
3732,0:22:20,41,C
3733,0:22:35,41,C
3734,0:22:50,41,C
3735,0:23:05,41,C
3736,0:23:20,41,C
3737,0:23:35,41,C
3738,0:23:50,41,C
3739,0:24:05,41,C
3740,0:24:20,41,C
3741,0:24:35,41,C
3742,0:24:50,41,C
3743,0:25:05,41,C
3744,0:25:20,41,C
3745,0:25:35,41,C
3746,0:25:50,41,C
3747,0:26:05,41,C
3748,0:26:20,41,C
3749,0:26:35,41.1,C
3750,0:26:50,41,C
3751,0:27:05,41,C
3752,0:27:20,41,C
3753,0:27:35,41,C
3754,0:27:50,41,C
3755,0:28:05,41,C
3756,0:28:20,41,C
3757,0:28:35,41,C
3758,0:28:50,41.1,C
3759,0:29:05,41.1,C
3760,0:29:20,41.1,C
3761,0:29:35,41.1,C
3762,0:29:50,41,C
3763,0:30:05,41,C
3764,0:30:20,40.9,C
3765,0:30:35,40.9,C
3766,0:30:50,41,C
3767,0:31:05,41,C
3768,0:31:20,41,C
3769,0:31:35,41,C
3770,0:31:50,41.1,C
3771,0:32:05,41,C
3772,0:32:20,41,C
3773,0:32:35,41,C
3774,0:32:50,41,C
3775,0:33:05,41,C
3776,0:33:20,41,C
3777,0:33:35,41,C
3778,0:33:50,41,C
3779,0:34:05,41,C
3780,0:34:20,40.9,C
3781,0:34:35,41,C
3782,0:34:50,41.1,C
3783,0:35:05,41,C
3784,0:35:20,41,C
3785,0:35:35,41,C
3786,0:35:50,41,C
3787,0:36:05,41.1,C
3788,0:36:20,41.1,C
3789,0:36:35,41.1,C
3790,0:36:50,41.1,C
3791,0:37:05,41.1,C
3792,0:37:20,41.1,C
3793,0:37:35,41,C
3794,0:37:50,41.1,C
3795,0:38:05,41.1,C
3796,0:38:20,41.1,C
3797,0:38:35,41,C
3798,0:38:50,41.1,C
3799,0:39:05,41.1,C
3800,0:39:20,41,C
3801,0:39:35,41,C
3802,0:39:50,41.1,C
3803,0:40:05,41.1,C
3804,0:40:20,41.1,C
3805,0:40:35,41.1,C
3806,0:40:50,41.1,C
3807,0:41:05,41.1,C
3808,0:41:20,41,C
3809,0:41:35,41,C
3810,0:41:50,41.1,C
3811,0:42:05,41.1,C
3812,0:42:20,41.1,C
3813,0:42:35,41.1,C
3814,0:42:50,41,C
3815,0:43:05,41,C
3816,0:43:20,41,C
3817,0:43:35,41,C
3818,0:43:50,41.1,C
3819,0:44:05,41,C
3820,0:44:20,40.9,C
3821,0:44:35,41.1,C
3822,0:44:50,41.1,C
3823,0:45:05,41.1,C
3824,0:45:20,41.1,C
3825,0:45:35,41.1,C
3826,0:45:50,41.1,C
3827,0:46:05,41.1,C
3828,0:46:20,41,C
3829,0:46:35,41,C
3830,0:46:50,41.1,C
3831,0:47:05,41.1,C
3832,0:47:20,41.1,C
3833,0:47:35,41.1,C
3834,0:47:50,41.1,C
3835,0:48:05,41,C
3836,0:48:20,41,C
3837,0:48:35,41.1,C
3838,0:48:50,41.1,C
3839,0:49:05,41.1,C
3840,0:49:20,41.1,C
3841,0:49:35,41,C
3842,0:49:50,41,C
3843,0:50:05,41.1,C
3844,0:50:20,41.1,C
3845,0:50:35,41.1,C
3846,0:50:50,41.1,C
3847,0:51:05,41.1,C
3848,0:51:20,41,C
3849,0:51:35,41.1,C
3850,0:51:50,41.1,C
3851,0:52:05,41.1,C
3852,0:52:20,41,C
3853,0:52:35,41.1,C
3854,0:52:50,41.1,C
3855,0:53:05,41.1,C
3856,0:53:20,41.1,C
3857,0:53:35,41.1,C
3858,0:53:50,41,C
3859,0:54:05,41.1,C
3860,0:54:20,41.1,C
3861,0:54:35,41,C
3862,0:54:50,41.1,C
3863,0:55:05,41.1,C
3864,0:55:20,41.1,C
3865,0:55:35,41.1,C
3866,0:55:50,41,C
3867,0:56:05,41.1,C
3868,0:56:20,41,C
3869,0:56:35,41,C
3870,0:56:50,41.1,C
3871,0:57:05,41.1,C
3872,0:57:20,41.1,C
3873,0:57:35,41.1,C
3874,0:57:50,41.1,C
3875,0:58:05,41.1,C
3876,0:58:20,41.1,C
3877,0:58:35,41.1,C
3878,0:58:50,41.1,C
3879,0:59:05,41.1,C
3880,0:59:20,41.1,C
3881,0:59:35,41.1,C
3882,0:59:50,41.1,C
3883,1:00:05,41.1,C
3884,1:00:20,41.1,C
3885,1:00:35,41.1,C
3886,1:00:50,41.1,C
3887,1:01:05,41.1,C
3888,1:01:20,41,C
3889,1:01:35,41.1,C
3890,1:01:50,41.1,C
3891,1:02:05,41.1,C
3892,1:02:20,41.1,C
3893,1:02:35,41.1,C
3894,1:02:50,41.1,C
3895,1:03:05,41,C
3896,1:03:20,41.1,C
3897,1:03:35,41.1,C
3898,1:03:50,41.1,C
3899,1:04:05,41.1,C
3900,1:04:20,41.1,C
3901,1:04:35,41.1,C
3902,1:04:50,41.1,C
3903,1:05:05,41.1,C
3904,1:05:20,41.1,C
3905,1:05:35,41.1,C
3906,1:05:50,41.1,C
3907,1:06:05,41.1,C
3908,1:06:20,41.1,C
3909,1:06:35,41.1,C
3910,1:06:50,41.1,C
3911,1:07:05,41.1,C
3912,1:07:20,41.1,C
3913,1:07:35,41.1,C
3914,1:07:50,41.1,C
3915,1:08:05,41.1,C
3916,1:08:20,41.1,C
3917,1:08:35,41.1,C
3918,1:08:50,41.1,C
3919,1:09:05,41.1,C
3920,1:09:20,41.1,C
3921,1:09:35,41.1,C
3922,1:09:50,41.1,C
3923,1:10:05,41.1,C
3924,1:10:20,41.1,C
3925,1:10:35,41.1,C
3926,1:10:50,41.1,C
3927,1:11:05,41.1,C
3928,1:11:20,41.1,C
3929,1:11:35,41.1,C
3930,1:11:50,41.1,C
3931,1:12:05,41.1,C
3932,1:12:20,41.1,C
3933,1:12:35,41.1,C
3934,1:12:50,41.1,C
3935,1:13:05,41.1,C
3936,1:13:20,41.1,C
3937,1:13:35,41.1,C
3938,1:13:50,41.1,C
3939,1:14:05,41.1,C
3940,1:14:20,41.1,C
3941,1:14:35,41.1,C
3942,1:14:50,41.1,C
3943,1:15:05,41.1,C
3944,1:15:20,41.1,C
3945,1:15:35,41.1,C
3946,1:15:50,41.1,C
3947,1:16:05,41.1,C
3948,1:16:20,41.1,C
3949,1:16:35,41.1,C
3950,1:16:50,41.1,C
3951,1:17:05,41.1,C
3952,1:17:20,41.1,C
3953,1:17:35,41.1,C
3954,1:17:50,41.1,C
3955,1:18:05,41.1,C
3956,1:18:20,41.1,C
3957,1:18:35,41.1,C
3958,1:18:50,41.1,C
3959,1:19:05,41.1,C
3960,1:19:20,41.1,C
3961,1:19:35,41.1,C
3962,1:19:50,41.1,C
3963,1:20:05,41.1,C
3964,1:20:20,41.1,C
3965,1:20:35,41.1,C
3966,1:20:50,41.1,C
3967,1:21:05,41.1,C
3968,1:21:20,41.1,C
3969,1:21:35,41.1,C
3970,1:21:50,41.1,C
3971,1:22:05,41.1,C
3972,1:22:20,41.1,C
3973,1:22:35,41.1,C
3974,1:22:50,41.1,C
3975,1:23:05,41.1,C
3976,1:23:20,41.1,C
3977,1:23:35,41.1,C
3978,1:23:50,41.1,C
3979,1:24:05,41.1,C
3980,1:24:20,41.1,C
3981,1:24:35,41.1,C
3982,1:24:50,41,C
3983,1:25:05,41.1,C
3984,1:25:20,41.1,C
3985,1:25:35,41.1,C
3986,1:25:50,41.1,C
3987,1:26:05,41.1,C
3988,1:26:20,41.1,C
3989,1:26:35,41.1,C
3990,1:26:50,41.1,C
3991,1:27:05,41.1,C
3992,1:27:20,41.1,C
3993,1:27:35,41,C
3994,1:27:50,41,C
3995,1:28:05,41.1,C
3996,1:28:20,41.1,C
3997,1:28:35,41.1,C
3998,1:28:50,41.1,C
3999,1:29:05,41.1,C
4000,1:29:20,41.1,C
4001,1:29:35,41.1,C
4002,1:29:50,41.1,C
4003,1:30:05,41.1,C
4004,1:30:20,41.1,C
4005,1:30:35,41.1,C
4006,1:30:50,41,C
4007,1:31:05,41.1,C
4008,1:31:20,41.1,C
4009,1:31:35,41.1,C
4010,1:31:50,41.1,C
4011,1:32:05,41.1,C
4012,1:32:20,41.1,C
4013,1:32:35,41.1,C
4014,1:32:50,41.1,C
4015,1:33:05,41.1,C
4016,1:33:20,41.1,C
4017,1:33:35,41.1,C
4018,1:33:50,41.1,C
4019,1:34:05,41.1,C
4020,1:34:20,41,C
4021,1:34:35,41.1,C
4022,1:34:50,41.1,C
4023,1:35:05,41.1,C
4024,1:35:20,41.1,C
4025,1:35:35,41.1,C
4026,1:35:50,41.1,C
4027,1:36:05,41.1,C
4028,1:36:20,41.1,C
4029,1:36:35,41.1,C
4030,1:36:50,41.1,C
4031,1:37:05,41.1,C
4032,1:37:20,41.1,C
4033,1:37:35,41.1,C
4034,1:37:50,41.1,C
4035,1:38:05,41.1,C
4036,1:38:20,41.1,C
4037,1:38:35,41.1,C
4038,1:38:50,41.1,C
4039,1:39:05,41.1,C
4040,1:39:20,41.1,C
4041,1:39:35,41.1,C
4042,1:39:50,41.1,C
4043,1:40:05,41.1,C
4044,1:40:20,41.1,C
4045,1:40:35,41.1,C
4046,1:40:50,41.1,C
4047,1:41:05,41.1,C
4048,1:41:20,41,C
4049,1:41:35,41.1,C
4050,1:41:50,41.1,C
4051,1:42:05,41.1,C
4052,1:42:20,41.1,C
4053,1:42:35,41.1,C
4054,1:42:50,41.1,C
4055,1:43:05,41.1,C
4056,1:43:20,41.1,C
4057,1:43:35,41.1,C
4058,1:43:50,41,C
4059,1:44:05,41.1,C
4060,1:44:20,41.1,C
4061,1:44:35,41.1,C
4062,1:44:50,41.1,C
4063,1:45:05,41.1,C
4064,1:45:20,41.1,C
4065,1:45:35,41.1,C
4066,1:45:50,41.1,C
4067,1:46:05,41.1,C
4068,1:46:20,41.1,C
4069,1:46:35,41.1,C
4070,1:46:50,41.1,C
4071,1:47:05,41.1,C
4072,1:47:20,41.1,C
4073,1:47:35,41.1,C
4074,1:47:50,41.1,C
4075,1:48:05,41.1,C
4076,1:48:20,41.1,C
4077,1:48:35,41.1,C
4078,1:48:50,41.1,C
4079,1:49:05,41.1,C
4080,1:49:20,41.1,C
4081,1:49:35,41.1,C
4082,1:49:50,41.1,C
4083,1:50:05,41.1,C
4084,1:50:20,41.1,C
4085,1:50:35,41.1,C
4086,1:50:50,41.1,C
4087,1:51:05,41.1,C
4088,1:51:20,41.1,C
4089,1:51:35,41.1,C
4090,1:51:50,41.1,C
4091,1:52:05,41.1,C
4092,1:52:20,41.1,C
4093,1:52:35,41.1,C
4094,1:52:50,41.1,C
4095,1:53:05,41.1,C
4096,1:53:20,41.1,C
4097,1:53:35,41.1,C
4098,1:53:50,41.1,C
4099,1:54:05,41,C
4100,1:54:20,41,C
4101,1:54:35,41.1,C
4102,1:54:50,41.1,C
4103,1:55:05,41.1,C
4104,1:55:20,41.1,C
4105,1:55:35,41.1,C
4106,1:55:50,41.1,C
4107,1:56:05,41.1,C
4108,1:56:20,41.1,C
4109,1:56:35,41.1,C
4110,1:56:50,41.1,C
4111,1:57:05,41.1,C
4112,1:57:20,41.1,C
4113,1:57:35,41,C
4114,1:57:50,41,C
4115,1:58:05,41.1,C
4116,1:58:20,40.9,C
4117,1:58:35,41,C
4118,1:58:50,41,C
4119,1:59:05,41,C
4120,1:59:20,41,C
4121,1:59:35,41.1,C
4122,1:59:50,41.1,C
4123,2:00:05,41,C
4124,2:00:20,41,C
4125,2:00:35,41,C
4126,2:00:50,41,C
4127,2:01:05,41,C
4128,2:01:20,40.9,C
4129,2:01:35,41,C
4130,2:01:50,41,C
4131,2:02:05,41,C
4132,2:02:20,41,C
4133,2:02:35,41,C
4134,2:02:50,41.1,C
4135,2:03:05,41.1,C
4136,2:03:20,41,C
4137,2:03:35,41,C
4138,2:03:50,41,C
4139,2:04:05,41,C
4140,2:04:20,41,C
4141,2:04:35,41.1,C
4142,2:04:50,41.1,C
4143,2:05:05,41,C
4144,2:05:20,41.1,C
4145,2:05:35,41.1,C
4146,2:05:50,41,C
4147,2:06:05,40.9,C
4148,2:06:20,40.9,C
4149,2:06:35,41,C
4150,2:06:50,41,C
4151,2:07:05,41,C
4152,2:07:20,41,C
4153,2:07:35,41,C
4154,2:07:50,41,C
4155,2:08:05,41,C
4156,2:08:20,41,C
4157,2:08:35,41,C
4158,2:08:50,41,C
4159,2:09:05,41,C
4160,2:09:20,41,C
4161,2:09:35,41,C
4162,2:09:50,41,C
4163,2:10:05,41,C
4164,2:10:20,41,C
4165,2:10:35,41,C
4166,2:10:50,41,C
4167,2:11:05,41,C
4168,2:11:20,41,C
4169,2:11:35,41,C
4170,2:11:50,41,C
4171,2:12:05,41,C
4172,2:12:20,41,C
4173,2:12:35,41,C
4174,2:12:50,41,C
4175,2:13:05,41,C
4176,2:13:20,41,C
4177,2:13:35,41,C
4178,2:13:50,41,C
4179,2:14:05,41,C
4180,2:14:20,41,C
4181,2:14:35,41,C
4182,2:14:50,41,C
4183,2:15:05,41,C
4184,2:15:20,41,C
4185,2:15:35,41,C
4186,2:15:50,41,C
4187,2:16:05,41,C
4188,2:16:20,41,C
4189,2:16:35,41,C
4190,2:16:50,41,C
4191,2:17:05,41,C
4192,2:17:20,41,C
4193,2:17:35,41,C
4194,2:17:50,41,C
4195,2:18:05,41,C
4196,2:18:20,41,C
4197,2:18:35,41,C
4198,2:18:50,41,C
4199,2:19:05,41,C
4200,2:19:20,41,C
4201,2:19:35,41,C
4202,2:19:50,41,C
4203,2:20:05,41,C
4204,2:20:20,41,C
4205,2:20:35,41,C
4206,2:20:50,41,C
4207,2:21:05,41,C
4208,2:21:20,41,C
4209,2:21:35,41,C
4210,2:21:50,41,C
4211,2:22:05,41,C
4212,2:22:20,41,C
4213,2:22:35,41,C
4214,2:22:50,41,C
4215,2:23:05,41,C
4216,2:23:20,41,C
4217,2:23:35,41,C
4218,2:23:50,41,C
4219,2:24:05,41,C
4220,2:24:20,41,C
4221,2:24:35,41,C
4222,2:24:50,41,C
4223,2:25:05,41,C
4224,2:25:20,41,C
4225,2:25:35,40.9,C
4226,2:25:50,41,C
4227,2:26:05,41,C
4228,2:26:20,41,C
4229,2:26:35,41,C
4230,2:26:50,41,C
4231,2:27:05,41,C
4232,2:27:20,41,C
4233,2:27:35,41,C
4234,2:27:50,41,C
4235,2:28:05,41,C
4236,2:28:20,41,C
4237,2:28:35,41,C
4238,2:28:50,41,C
4239,2:29:05,41,C
4240,2:29:20,41,C
4241,2:29:35,41,C
4242,2:29:50,41,C
4243,2:30:05,41,C
4244,2:30:20,41,C
4245,2:30:35,41,C
4246,2:30:50,41,C
4247,2:31:05,41,C
4248,2:31:20,41,C
4249,2:31:35,41,C
4250,2:31:50,41,C
4251,2:32:05,41,C
4252,2:32:20,41,C
4253,2:32:35,41,C
4254,2:32:50,41,C
4255,2:33:05,41,C
4256,2:33:20,41,C
4257,2:33:35,41,C
4258,2:33:50,41,C
4259,2:34:05,41,C
4260,2:34:20,41,C
4261,2:34:35,41,C
4262,2:34:50,41,C
4263,2:35:05,41,C
4264,2:35:20,41,C
4265,2:35:35,41,C
4266,2:35:50,41,C
4267,2:36:05,41,C
4268,2:36:20,41,C
4269,2:36:35,41,C
4270,2:36:50,41,C
4271,2:37:05,41,C
4272,2:37:20,41,C
4273,2:37:35,41,C
4274,2:37:50,41,C
4275,2:38:05,41,C
4276,2:38:20,41,C
4277,2:38:35,41,C
4278,2:38:50,41,C
4279,2:39:05,41,C
4280,2:39:20,41.1,C
4281,2:39:35,41,C
4282,2:39:50,41,C
4283,2:40:05,41,C
4284,2:40:20,41,C
4285,2:40:35,41,C
4286,2:40:50,41,C
4287,2:41:05,41,C
4288,2:41:20,41,C
4289,2:41:35,41,C
4290,2:41:50,41,C
4291,2:42:05,41,C
4292,2:42:20,41,C
4293,2:42:35,41,C
4294,2:42:50,41,C
4295,2:43:05,41,C
4296,2:43:20,41,C
4297,2:43:35,41,C
4298,2:43:50,41,C
4299,2:44:05,41,C
4300,2:44:20,41,C
4301,2:44:35,41,C
4302,2:44:50,41,C
4303,2:45:05,41,C
4304,2:45:20,41,C
4305,2:45:35,41,C
4306,2:45:50,41,C
4307,2:46:05,41,C
4308,2:46:20,41,C
4309,2:46:35,41,C
4310,2:46:50,41,C
4311,2:47:05,41,C
4312,2:47:20,41,C
4313,2:47:35,41,C
4314,2:47:50,41,C
4315,2:48:05,41,C
4316,2:48:20,41,C
4317,2:48:35,41,C
4318,2:48:50,41,C
4319,2:49:05,41,C
4320,2:49:20,41,C
4321,2:49:35,41,C
4322,2:49:50,41,C
4323,2:50:05,41,C
4324,2:50:20,41,C
4325,2:50:35,41,C
4326,2:50:50,41,C
4327,2:51:05,41,C
4328,2:51:20,41,C
4329,2:51:35,41,C
4330,2:51:50,41,C
4331,2:52:05,41,C
4332,2:52:20,41,C
4333,2:52:35,41,C
4334,2:52:50,41,C
4335,2:53:05,41,C
4336,2:53:20,41,C
4337,2:53:35,41,C
4338,2:53:50,41,C
4339,2:54:05,41,C
4340,2:54:20,41,C
4341,2:54:35,41,C
4342,2:54:50,41,C
4343,2:55:05,41,C
4344,2:55:20,41,C
4345,2:55:35,41,C
4346,2:55:50,41,C
4347,2:56:05,41,C
4348,2:56:20,41,C
4349,2:56:35,41,C
4350,2:56:50,41,C
4351,2:57:05,41,C
4352,2:57:20,41,C
4353,2:57:35,41,C
4354,2:57:50,41,C
4355,2:58:05,41,C
4356,2:58:20,41,C
4357,2:58:35,41,C
4358,2:58:50,41,C
4359,2:59:05,41,C
4360,2:59:20,41,C
4361,2:59:35,41,C
4362,2:59:50,41,C
4363,3:00:05,41,C
4364,3:00:20,41,C
4365,3:00:35,41,C
4366,3:00:50,41,C
4367,3:01:05,41,C
4368,3:01:20,41,C
4369,3:01:35,41,C
4370,3:01:50,41,C
4371,3:02:05,41,C
4372,3:02:20,41,C
4373,3:02:35,41,C
4374,3:02:50,41,C
4375,3:03:05,41,C
4376,3:03:20,41,C
4377,3:03:35,41,C
4378,3:03:50,41,C
4379,3:04:05,41,C
4380,3:04:20,41,C
4381,3:04:35,41,C
4382,3:04:50,41,C
4383,3:05:05,41,C
4384,3:05:20,41,C
4385,3:05:35,41,C
4386,3:05:50,41,C
4387,3:06:05,41,C
4388,3:06:20,41,C
4389,3:06:35,41,C
4390,3:06:50,41,C
4391,3:07:05,41,C
4392,3:07:20,41,C
4393,3:07:35,41,C
4394,3:07:50,41,C
4395,3:08:05,41,C
4396,3:08:20,41,C
4397,3:08:35,41,C
4398,3:08:50,41,C
4399,3:09:05,41,C
4400,3:09:20,41,C
4401,3:09:35,41,C
4402,3:09:50,41,C
4403,3:10:05,41,C
4404,3:10:20,41,C
4405,3:10:35,41,C
4406,3:10:50,41,C
4407,3:11:05,41,C
4408,3:11:20,41,C
4409,3:11:35,41.1,C
4410,3:11:50,41.1,C
4411,3:12:05,41,C
4412,3:12:20,41,C
4413,3:12:35,41,C
4414,3:12:50,41,C
4415,3:13:05,41.1,C
4416,3:13:20,41,C
4417,3:13:35,41,C
4418,3:13:50,41,C
4419,3:14:05,41,C
4420,3:14:20,41,C
4421,3:14:35,41,C
4422,3:14:50,41,C
4423,3:15:05,41,C
4424,3:15:20,41,C
4425,3:15:35,41,C
4426,3:15:50,41,C
4427,3:16:05,41,C
4428,3:16:20,41,C
4429,3:16:35,41,C
4430,3:16:50,41,C
4431,3:17:05,41,C
4432,3:17:20,41,C
4433,3:17:35,41,C
4434,3:17:50,41,C
4435,3:18:05,41,C
4436,3:18:20,41,C
4437,3:18:35,41,C
4438,3:18:50,41,C
4439,3:19:05,41,C
4440,3:19:20,41,C
4441,3:19:35,41,C
4442,3:19:50,41,C
4443,3:20:05,41,C
4444,3:20:20,41,C
4445,3:20:35,41,C
4446,3:20:50,41,C
4447,3:21:05,41,C
4448,3:21:20,41,C
4449,3:21:35,41,C
4450,3:21:50,41,C
4451,3:22:05,41,C
4452,3:22:20,41,C
4453,3:22:35,41,C
4454,3:22:50,41,C
4455,3:23:05,41,C
4456,3:23:20,41,C
4457,3:23:35,41,C
4458,3:23:50,41,C
4459,3:24:05,41,C
4460,3:24:20,41,C
4461,3:24:35,41,C
4462,3:24:50,41,C
4463,3:25:05,41,C
4464,3:25:20,41,C
4465,3:25:35,41,C
4466,3:25:50,41,C
4467,3:26:05,41,C
4468,3:26:20,41,C
4469,3:26:35,41,C
4470,3:26:50,41,C
4471,3:27:05,41,C
4472,3:27:20,41,C
4473,3:27:35,41.1,C
4474,3:27:50,41,C
4475,3:28:05,41,C
4476,3:28:20,41,C
4477,3:28:35,41,C
4478,3:28:50,41,C
4479,3:29:05,41,C
4480,3:29:20,41,C
4481,3:29:35,41,C
4482,3:29:50,41,C
4483,3:30:05,41,C
4484,3:30:20,41,C
4485,3:30:35,41,C
4486,3:30:50,41,C
4487,3:31:05,41.1,C
4488,3:31:20,41.1,C
4489,3:31:35,41,C
4490,3:31:50,41,C
4491,3:32:05,41,C
4492,3:32:20,41,C
4493,3:32:35,41,C
4494,3:32:50,41,C
4495,3:33:05,41,C
4496,3:33:20,41,C
4497,3:33:35,41,C
4498,3:33:50,41,C
4499,3:34:05,41,C
4500,3:34:20,41,C
4501,3:34:35,41,C
4502,3:34:50,41,C
4503,3:35:05,41,C
4504,3:35:20,41,C
4505,3:35:35,41,C
4506,3:35:50,41,C
4507,3:36:05,41,C
4508,3:36:20,41,C
4509,3:36:35,41,C
4510,3:36:50,41,C
4511,3:37:05,41,C
4512,3:37:20,41,C
4513,3:37:35,41,C
4514,3:37:50,41,C
4515,3:38:05,41,C
4516,3:38:20,41,C
4517,3:38:35,41,C
4518,3:38:50,41.1,C
4519,3:39:05,41,C
4520,3:39:20,41.1,C
4521,3:39:35,41,C
4522,3:39:50,41,C
4523,3:40:05,41,C
4524,3:40:20,41,C
4525,3:40:35,41,C
4526,3:40:50,41,C
4527,3:41:05,41,C
4528,3:41:20,41,C
4529,3:41:35,41,C
4530,3:41:50,41,C
4531,3:42:05,41,C
4532,3:42:20,41,C
4533,3:42:35,41,C
4534,3:42:50,41,C
4535,3:43:05,41,C
4536,3:43:20,41,C
4537,3:43:35,41,C
4538,3:43:50,41,C
4539,3:44:05,41,C
4540,3:44:20,41,C
4541,3:44:35,41,C
4542,3:44:50,41,C
4543,3:45:05,41,C
4544,3:45:20,41,C
4545,3:45:35,41,C
4546,3:45:50,41,C
4547,3:46:05,41,C
4548,3:46:20,41,C
4549,3:46:35,41,C
4550,3:46:50,41,C
4551,3:47:05,41.1,C
4552,3:47:20,41,C
4553,3:47:35,41,C
4554,3:47:50,41,C
4555,3:48:05,41,C
4556,3:48:20,41,C
4557,3:48:35,41,C
4558,3:48:50,41,C
4559,3:49:05,41,C
4560,3:49:20,41,C
4561,3:49:35,41.1,C
4562,3:49:50,41,C
4563,3:50:05,41,C
4564,3:50:20,41,C
4565,3:50:35,41,C
4566,3:50:50,41,C
4567,3:51:05,41,C
4568,3:51:20,41,C
4569,3:51:35,41,C
4570,3:51:50,41,C
4571,3:52:05,41.1,C
4572,3:52:20,41,C
4573,3:52:35,41,C
4574,3:52:50,41,C
4575,3:53:05,41,C
4576,3:53:20,41,C
4577,3:53:35,41.1,C
4578,3:53:50,41,C
4579,3:54:05,41,C
4580,3:54:20,41,C
4581,3:54:35,41,C
4582,3:54:50,41.1,C
4583,3:55:05,41,C
4584,3:55:20,41,C
4585,3:55:35,41,C
4586,3:55:50,41,C
4587,3:56:05,41.1,C
4588,3:56:20,41,C
4589,3:56:35,41,C
4590,3:56:50,41,C
4591,3:57:05,41,C
4592,3:57:20,41,C
4593,3:57:35,41,C
4594,3:57:50,41,C
4595,3:58:05,41,C
4596,3:58:20,41,C
4597,3:58:35,41,C
4598,3:58:50,41.1,C
4599,3:59:05,41,C
4600,3:59:20,41,C
4601,3:59:35,41,C
4602,3:59:50,41,C
4603,4:00:05,41,C
4604,4:00:20,41,C
4605,4:00:35,41,C
4606,4:00:50,41,C
4607,4:01:05,41,C
4608,4:01:20,41,C
4609,4:01:35,41,C
4610,4:01:50,41,C
4611,4:02:05,41,C
4612,4:02:20,41,C
4613,4:02:35,41.1,C
4614,4:02:50,41,C
4615,4:03:05,41.1,C
4616,4:03:20,41.1,C
4617,4:03:35,41,C
4618,4:03:50,41,C
4619,4:04:05,41,C
4620,4:04:20,41.1,C
4621,4:04:35,41,C
4622,4:04:50,41,C
4623,4:05:05,41,C
4624,4:05:20,41,C
4625,4:05:35,41,C
4626,4:05:50,41.1,C
4627,4:06:05,41.1,C
4628,4:06:20,41.1,C
4629,4:06:35,41.1,C
4630,4:06:50,41,C
4631,4:07:05,41,C
4632,4:07:20,41,C
4633,4:07:35,41,C
4634,4:07:50,41,C
4635,4:08:05,41,C
4636,4:08:20,41,C
4637,4:08:35,41,C
4638,4:08:50,41,C
4639,4:09:05,41,C
4640,4:09:20,41,C
4641,4:09:35,41.1,C
4642,4:09:50,41,C
4643,4:10:05,41,C
4644,4:10:20,41,C
4645,4:10:35,41,C
4646,4:10:50,41,C
4647,4:11:05,41,C
4648,4:11:20,41,C
4649,4:11:35,41,C
4650,4:11:50,41,C
4651,4:12:05,41.1,C
4652,4:12:20,41.1,C
4653,4:12:35,41,C
4654,4:12:50,41.1,C
4655,4:13:05,41,C
4656,4:13:20,41,C
4657,4:13:35,41,C
4658,4:13:50,41,C
4659,4:14:05,41,C
4660,4:14:20,41,C
4661,4:14:35,41,C
4662,4:14:50,41,C
4663,4:15:05,41,C
4664,4:15:20,41,C
4665,4:15:35,41,C
4666,4:15:50,41,C
4667,4:16:05,41.1,C
4668,4:16:20,41.1,C
4669,4:16:35,41,C
4670,4:16:50,41.1,C
4671,4:17:05,41.1,C
4672,4:17:20,41,C
4673,4:17:35,41,C
4674,4:17:50,41,C
4675,4:18:05,41,C
4676,4:18:20,41.1,C
4677,4:18:35,41,C
4678,4:18:50,41,C
4679,4:19:05,41,C
4680,4:19:20,41.1,C
4681,4:19:35,41,C
4682,4:19:50,41.1,C
4683,4:20:05,41.1,C
4684,4:20:20,41,C
4685,4:20:35,41.1,C
4686,4:20:50,41,C
4687,4:21:05,41.1,C
4688,4:21:20,41.1,C
4689,4:21:35,41,C
4690,4:21:50,41,C
4691,4:22:05,41,C
4692,4:22:20,41,C
4693,4:22:35,41,C
4694,4:22:50,41.1,C
4695,4:23:05,41,C
4696,4:23:20,41,C
4697,4:23:35,41,C
4698,4:23:50,41,C
4699,4:24:05,41,C
4700,4:24:20,41,C
4701,4:24:35,41,C
4702,4:24:50,41,C
4703,4:25:05,41,C
4704,4:25:20,41,C
4705,4:25:35,41,C
4706,4:25:50,41,C
4707,4:26:05,41,C
4708,4:26:20,41,C
4709,4:26:35,41,C
4710,4:26:50,41.1,C
4711,4:27:05,41,C
4712,4:27:20,41,C
4713,4:27:35,41,C
4714,4:27:50,41,C
4715,4:28:05,41,C
4716,4:28:20,41,C
4717,4:28:35,41,C
4718,4:28:50,41,C
4719,4:29:05,41.1,C
4720,4:29:20,41,C
4721,4:29:35,41,C
4722,4:29:50,41,C
4723,4:30:05,41,C
4724,4:30:20,41,C
4725,4:30:35,41,C
4726,4:30:50,41,C
4727,4:31:05,41,C
4728,4:31:20,41,C
4729,4:31:35,41,C
4730,4:31:50,41,C
4731,4:32:05,41,C
4732,4:32:20,41,C
4733,4:32:35,41,C
4734,4:32:50,41,C
4735,4:33:05,41,C
4736,4:33:20,41,C
4737,4:33:35,41,C
4738,4:33:50,41,C
4739,4:34:05,41.1,C
4740,4:34:20,41,C
4741,4:34:35,41,C
4742,4:34:50,41,C
4743,4:35:05,41,C
4744,4:35:20,41,C
4745,4:35:35,41,C
4746,4:35:50,41,C
4747,4:36:05,41.1,C
4748,4:36:20,41.1,C
4749,4:36:35,41.1,C
4750,4:36:50,41,C
4751,4:37:05,41,C
4752,4:37:20,41,C
4753,4:37:35,41,C
4754,4:37:50,41,C
4755,4:38:05,41,C
4756,4:38:20,41,C
4757,4:38:35,41,C
4758,4:38:50,41,C
4759,4:39:05,41,C
4760,4:39:20,41,C
4761,4:39:35,41,C
4762,4:39:50,41,C
4763,4:40:05,41,C
4764,4:40:20,41,C
4765,4:40:35,41,C
4766,4:40:50,41,C
4767,4:41:05,41,C
4768,4:41:20,41,C
4769,4:41:35,41.1,C
4770,4:41:50,41,C
4771,4:42:05,41.1,C
4772,4:42:20,41,C
4773,4:42:35,41,C
4774,4:42:50,41,C
4775,4:43:05,41,C
4776,4:43:20,41,C
4777,4:43:35,41,C
4778,4:43:50,41,C
4779,4:44:05,41,C
4780,4:44:20,41,C
4781,4:44:35,41.1,C
4782,4:44:50,41,C
4783,4:45:05,41.1,C
4784,4:45:20,41,C
4785,4:45:35,41,C
4786,4:45:50,41,C
4787,4:46:05,41,C
4788,4:46:20,41,C
4789,4:46:35,41.1,C
4790,4:46:50,41,C
4791,4:47:05,41,C
4792,4:47:20,41,C
4793,4:47:35,41,C
4794,4:47:50,41.1,C
4795,4:48:05,41,C
4796,4:48:20,41,C
4797,4:48:35,41,C
4798,4:48:50,41,C
4799,4:49:05,41,C
4800,4:49:20,41,C
4801,4:49:35,41,C
4802,4:49:50,41,C
4803,4:50:05,41.1,C
4804,4:50:20,41,C
4805,4:50:35,41,C
4806,4:50:50,41,C
4807,4:51:05,41,C
4808,4:51:20,41,C
4809,4:51:35,41,C
4810,4:51:50,41,C
4811,4:52:05,41,C
4812,4:52:20,41,C
4813,4:52:35,41.1,C
4814,4:52:50,41,C
4815,4:53:05,41,C
4816,4:53:20,41,C
4817,4:53:35,41,C
4818,4:53:50,41,C
4819,4:54:05,41,C
4820,4:54:20,41,C
4821,4:54:35,41,C
4822,4:54:50,41,C
4823,4:55:05,41,C
4824,4:55:20,40.9,C
4825,4:55:35,41,C
4826,4:55:50,41,C
4827,4:56:05,41,C
4828,4:56:20,41,C
4829,4:56:35,41.1,C
4830,4:56:50,41,C
4831,4:57:05,41,C
4832,4:57:20,41,C
4833,4:57:35,41,C
4834,4:57:50,41,C
4835,4:58:05,41,C
4836,4:58:20,41,C
4837,4:58:35,41.1,C
4838,4:58:50,41,C
4839,4:59:05,41,C
4840,4:59:20,41,C
4841,4:59:35,41,C
4842,4:59:50,41,C
4843,5:00:05,41,C
4844,5:00:20,41,C
4845,5:00:35,41.1,C
4846,5:00:50,41,C
4847,5:01:05,41,C
4848,5:01:20,41,C
4849,5:01:35,41,C
4850,5:01:50,41,C
4851,5:02:05,41,C
4852,5:02:20,41,C
4853,5:02:35,41,C
4854,5:02:50,41,C
4855,5:03:05,41,C
4856,5:03:20,41,C
4857,5:03:35,41.1,C
4858,5:03:50,41.1,C
4859,5:04:05,41,C
4860,5:04:20,41,C
4861,5:04:35,41,C
4862,5:04:50,41,C
4863,5:05:05,41,C
4864,5:05:20,41.1,C
4865,5:05:35,41,C
4866,5:05:50,41.1,C
4867,5:06:05,41,C
4868,5:06:20,41.1,C
4869,5:06:35,41,C
4870,5:06:50,41,C
4871,5:07:05,41,C
4872,5:07:20,41.1,C
4873,5:07:35,41,C
4874,5:07:50,41,C
4875,5:08:05,41.1,C
4876,5:08:20,41.1,C
4877,5:08:35,41.1,C
4878,5:08:50,41,C
4879,5:09:05,41,C
4880,5:09:20,41,C
4881,5:09:35,41,C
4882,5:09:50,41,C
4883,5:10:05,41,C
4884,5:10:20,41.1,C
4885,5:10:35,41,C
4886,5:10:50,41,C
4887,5:11:05,40.9,C
4888,5:11:20,41.1,C
4889,5:11:35,41.1,C
4890,5:11:50,41,C
4891,5:12:05,41,C
4892,5:12:20,41.1,C
4893,5:12:35,41.1,C
4894,5:12:50,41.1,C
4895,5:13:05,41,C
4896,5:13:20,41,C
4897,5:13:35,41,C
4898,5:13:50,41,C
4899,5:14:05,41,C
4900,5:14:20,41.1,C
4901,5:14:35,41,C
4902,5:14:50,41.1,C
4903,5:15:05,41.1,C
4904,5:15:20,41,C
4905,5:15:35,41.1,C
4906,5:15:50,41.1,C
4907,5:16:05,41,C
4908,5:16:20,41.1,C
4909,5:16:35,41.1,C
4910,5:16:50,41,C
4911,5:17:05,41,C
4912,5:17:20,41,C
4913,5:17:35,41.1,C
4914,5:17:50,41.1,C
4915,5:18:05,41.1,C
4916,5:18:20,41.1,C
4917,5:18:35,41.1,C
4918,5:18:50,41.1,C
4919,5:19:05,41.1,C
4920,5:19:20,41.1,C
4921,5:19:35,41.1,C
4922,5:19:50,41.1,C
4923,5:20:05,41,C
4924,5:20:20,41,C
4925,5:20:35,41.1,C
4926,5:20:50,41.1,C
4927,5:21:05,41,C
4928,5:21:20,41.1,C
4929,5:21:35,41.1,C
4930,5:21:50,41.1,C
4931,5:22:05,41.1,C
4932,5:22:20,41.1,C
4933,5:22:35,41.1,C
4934,5:22:50,41.1,C
4935,5:23:05,41.1,C
4936,5:23:20,41,C
4937,5:23:35,41,C
4938,5:23:50,41.1,C
4939,5:24:05,41.1,C
4940,5:24:20,41.1,C
4941,5:24:35,41.1,C
4942,5:24:50,41.1,C
4943,5:25:05,41.1,C
4944,5:25:20,41.1,C
4945,5:25:35,41.1,C
4946,5:25:50,41.1,C
4947,5:26:05,41.1,C
4948,5:26:20,41.1,C
4949,5:26:35,41.1,C
4950,5:26:50,41.1,C
4951,5:27:05,41.1,C
4952,5:27:20,41.1,C
4953,5:27:35,41.1,C
4954,5:27:50,41.1,C
4955,5:28:05,41.1,C
4956,5:28:20,41.1,C
4957,5:28:35,41.1,C
4958,5:28:50,41.1,C
4959,5:29:05,41.1,C
4960,5:29:20,41.1,C
4961,5:29:35,41.1,C
4962,5:29:50,41.1,C
4963,5:30:05,41.1,C
4964,5:30:20,41.1,C
4965,5:30:35,41.1,C
4966,5:30:50,41.1,C
4967,5:31:05,41.1,C
4968,5:31:20,41.1,C
4969,5:31:35,41.1,C
4970,5:31:50,41.1,C
4971,5:32:05,41.1,C
4972,5:32:20,41.1,C
4973,5:32:35,41.1,C
4974,5:32:50,41.1,C
4975,5:33:05,41.1,C
4976,5:33:20,41.1,C
4977,5:33:35,41.1,C
4978,5:33:50,41.1,C
4979,5:34:05,41.1,C
4980,5:34:20,41.1,C
4981,5:34:35,41.1,C
4982,5:34:50,41.1,C
4983,5:35:05,41.1,C
4984,5:35:20,41.1,C
4985,5:35:35,41.1,C
4986,5:35:50,41.1,C
4987,5:36:05,41.1,C
4988,5:36:20,41.1,C
4989,5:36:35,41.1,C
4990,5:36:50,41.1,C
4991,5:37:05,41.1,C
4992,5:37:20,41.1,C
4993,5:37:35,41.1,C
4994,5:37:50,41.1,C
4995,5:38:05,41.1,C
4996,5:38:20,41.1,C
4997,5:38:35,41.1,C
4998,5:38:50,41.1,C
4999,5:39:05,41,C
5000,5:39:20,41.1,C
5001,5:39:35,41.1,C
5002,5:39:50,41,C
5003,5:40:05,41,C
5004,5:40:20,41.1,C
5005,5:40:35,41.1,C
5006,5:40:50,41.1,C
5007,5:41:05,41.1,C
5008,5:41:20,41.1,C
5009,5:41:35,41.1,C
5010,5:41:50,41.1,C
5011,5:42:05,41.1,C
5012,5:42:20,41.1,C
5013,5:42:35,41.1,C
5014,5:42:50,41.1,C
5015,5:43:05,41.1,C
5016,5:43:20,41.1,C
5017,5:43:35,41.1,C
5018,5:43:50,41.1,C
5019,5:44:05,41.1,C
5020,5:44:20,41.1,C
5021,5:44:35,41.1,C
5022,5:44:50,41.1,C
5023,5:45:05,41.1,C
5024,5:45:20,41.1,C
5025,5:45:35,41.1,C
5026,5:45:50,41.1,C
5027,5:46:05,41.1,C
5028,5:46:20,41.1,C
5029,5:46:35,41.1,C
5030,5:46:50,41.1,C
5031,5:47:05,41.1,C
5032,5:47:20,41.1,C
5033,5:47:35,41.1,C
5034,5:47:50,41.1,C
5035,5:48:05,41.1,C
5036,5:48:20,41.1,C
5037,5:48:35,41.1,C
5038,5:48:50,41.1,C
5039,5:49:05,41.1,C
5040,5:49:20,41.1,C
5041,5:49:35,41.1,C
5042,5:49:50,41.1,C
5043,5:50:05,41.1,C
5044,5:50:20,41.1,C
5045,5:50:35,41.1,C
5046,5:50:50,41.1,C
5047,5:51:05,41.1,C
5048,5:51:20,41.1,C
5049,5:51:35,41.1,C
5050,5:51:50,41.1,C
5051,5:52:05,41.1,C
5052,5:52:20,41.1,C
5053,5:52:35,41.1,C
5054,5:52:50,41.1,C
5055,5:53:05,41.1,C
5056,5:53:20,41.1,C
5057,5:53:35,41.1,C
5058,5:53:50,41.1,C
5059,5:54:05,41.1,C
5060,5:54:20,41.1,C
5061,5:54:35,41.1,C
5062,5:54:50,41.1,C
5063,5:55:05,41.1,C
5064,5:55:20,41.1,C
5065,5:55:35,41.1,C
5066,5:55:50,41.1,C
5067,5:56:05,41.1,C
5068,5:56:20,41.1,C
5069,5:56:35,41.1,C
5070,5:56:50,41.1,C
5071,5:57:05,41.1,C
5072,5:57:20,41.1,C
5073,5:57:35,41.1,C
5074,5:57:50,41.1,C
5075,5:58:05,41.1,C
5076,5:58:20,41.1,C
5077,5:58:35,41.1,C
5078,5:58:50,41.1,C
5079,5:59:05,41.1,C
5080,5:59:20,41.1,C
5081,5:59:35,41.1,C
5082,5:59:50,41.1,C
5083,6:00:05,41.1,C
5084,6:00:20,41.1,C
5085,6:00:35,41.1,C
5086,6:00:50,41.1,C
5087,6:01:05,41.1,C
5088,6:01:20,41.1,C
5089,6:01:35,41.1,C
5090,6:01:50,41.1,C
5091,6:02:05,41.1,C
5092,6:02:20,41.1,C
5093,6:02:35,41.1,C
5094,6:02:50,41.1,C
5095,6:03:05,41.1,C
5096,6:03:20,41.1,C
5097,6:03:35,41.1,C
5098,6:03:50,41.1,C
5099,6:04:05,41.2,C
5100,6:04:20,41.1,C
5101,6:04:35,41.1,C
5102,6:04:50,41.1,C
5103,6:05:05,41.1,C
5104,6:05:20,41.1,C
5105,6:05:35,41.1,C
5106,6:05:50,41.1,C
5107,6:06:05,41.1,C
5108,6:06:20,41.1,C
5109,6:06:35,41.1,C
5110,6:06:50,41.1,C
5111,6:07:05,41.1,C
5112,6:07:20,41.1,C
5113,6:07:35,41.1,C
5114,6:07:50,41.1,C
5115,6:08:05,41.1,C
5116,6:08:20,41.2,C
5117,6:08:35,41.1,C
5118,6:08:50,41.1,C
5119,6:09:05,41.1,C
5120,6:09:20,41.1,C
5121,6:09:35,41.1,C
5122,6:09:50,41.1,C
5123,6:10:05,41.1,C
5124,6:10:20,41.1,C
5125,6:10:35,41.1,C
5126,6:10:50,41.1,C
5127,6:11:05,41.1,C
5128,6:11:20,41.1,C
5129,6:11:35,41.1,C
5130,6:11:50,41.1,C
5131,6:12:05,41.1,C
5132,6:12:20,41.1,C
5133,6:12:35,41.1,C
5134,6:12:50,41.1,C
5135,6:13:05,41.1,C
5136,6:13:20,41.1,C
5137,6:13:35,41.1,C
5138,6:13:50,41.1,C
5139,6:14:05,41.1,C
5140,6:14:20,41.1,C
5141,6:14:35,41.1,C
5142,6:14:50,41.1,C
5143,6:15:05,41.1,C
5144,6:15:20,41.2,C
5145,6:15:35,41.1,C
5146,6:15:50,41.1,C
5147,6:16:05,41.1,C
5148,6:16:20,41.1,C
5149,6:16:35,41.1,C
5150,6:16:50,41.2,C
5151,6:17:05,41.1,C
5152,6:17:20,41.1,C
5153,6:17:35,41.1,C
5154,6:17:50,41.1,C
5155,6:18:05,41.1,C
5156,6:18:20,41.1,C
5157,6:18:35,41.1,C
5158,6:18:50,41.1,C
5159,6:19:05,41.1,C
5160,6:19:20,41.1,C
5161,6:19:35,41.1,C
5162,6:19:50,41.1,C
5163,6:20:05,41.1,C
5164,6:20:20,41.1,C
5165,6:20:35,41.1,C
5166,6:20:50,41.1,C
5167,6:21:05,41.1,C
5168,6:21:20,41.1,C
5169,6:21:35,41.1,C
5170,6:21:50,41.1,C
5171,6:22:05,41.1,C
5172,6:22:20,41.1,C
5173,6:22:35,41.1,C
5174,6:22:50,41.1,C
5175,6:23:05,41.1,C
5176,6:23:20,41.1,C
5177,6:23:35,41.1,C
5178,6:23:50,41.1,C
5179,6:24:05,41.2,C
5180,6:24:20,41.1,C
5181,6:24:35,41.1,C
5182,6:24:50,41.1,C
5183,6:25:05,41.1,C
5184,6:25:20,41.1,C
5185,6:25:35,41.1,C
5186,6:25:50,41.1,C
5187,6:26:05,41.1,C
5188,6:26:20,41.1,C
5189,6:26:35,41.1,C
5190,6:26:50,41.1,C
5191,6:27:05,41.1,C
5192,6:27:20,41.1,C
5193,6:27:35,41.1,C
5194,6:27:50,41.1,C
5195,6:28:05,41.1,C
5196,6:28:20,41.1,C
5197,6:28:35,41.1,C
5198,6:28:50,41.1,C
5199,6:29:05,41.1,C
5200,6:29:20,41.1,C
5201,6:29:35,41.1,C
5202,6:29:50,41.2,C
5203,6:30:05,41.2,C
5204,6:30:20,41.2,C
5205,6:30:35,41.1,C
5206,6:30:50,41.1,C
5207,6:31:05,41.2,C
5208,6:31:20,41.2,C
5209,6:31:35,41.1,C
5210,6:31:50,41.1,C
5211,6:32:05,41.2,C
5212,6:32:20,41.1,C
5213,6:32:35,41.1,C
5214,6:32:50,41.2,C
5215,6:33:05,41.2,C
5216,6:33:20,41.1,C
5217,6:33:35,41.1,C
5218,6:33:50,41.1,C
5219,6:34:05,41.1,C
5220,6:34:20,41.1,C
5221,6:34:35,41.1,C
5222,6:34:50,41.1,C
5223,6:35:05,41.1,C
5224,6:35:20,41.1,C
5225,6:35:35,41.1,C
5226,6:35:50,41.1,C
5227,6:36:05,41.1,C
5228,6:36:20,41.1,C
5229,6:36:35,41.1,C
5230,6:36:50,41.1,C
5231,6:37:05,41.1,C
5232,6:37:20,41.1,C
5233,6:37:35,41.1,C
5234,6:37:50,41.1,C
5235,6:38:05,41.1,C
5236,6:38:20,41.1,C
5237,6:38:35,41.1,C
5238,6:38:50,41.1,C
5239,6:39:05,41.1,C
5240,6:39:20,41.1,C
5241,6:39:35,41.1,C
5242,6:39:50,41.1,C
5243,6:40:05,41.2,C
5244,6:40:20,41.1,C
5245,6:40:35,41.1,C
5246,6:40:50,41.1,C
5247,6:41:05,41.1,C
5248,6:41:20,41.1,C
5249,6:41:35,41.1,C
5250,6:41:50,41.1,C
5251,6:42:05,41.1,C
5252,6:42:20,41.1,C
5253,6:42:35,41.1,C
5254,6:42:50,41.1,C
5255,6:43:05,41.1,C
5256,6:43:20,41.1,C
5257,6:43:35,41.1,C
5258,6:43:50,41.1,C
5259,6:44:05,41.2,C
5260,6:44:20,41.1,C
5261,6:44:35,41.1,C
5262,6:44:50,41.1,C
5263,6:45:05,41.2,C
5264,6:45:20,41.1,C
5265,6:45:35,41.1,C
5266,6:45:50,41.2,C
5267,6:46:05,41.1,C
5268,6:46:20,41.1,C
5269,6:46:35,41.1,C
5270,6:46:50,41.1,C
5271,6:47:05,41.1,C
5272,6:47:20,41.1,C
5273,6:47:35,41.1,C
5274,6:47:50,41.1,C
5275,6:48:05,41.2,C
5276,6:48:20,41.1,C
5277,6:48:35,41.1,C
5278,6:48:50,41.1,C
5279,6:49:05,41.1,C
5280,6:49:20,41.1,C
5281,6:49:35,41.1,C
5282,6:49:50,41.1,C
5283,6:50:05,41.1,C
5284,6:50:20,41.1,C
5285,6:50:35,41.1,C
5286,6:50:50,41.1,C
5287,6:51:05,41.1,C
5288,6:51:20,41.1,C
5289,6:51:35,41.1,C
5290,6:51:50,41.1,C
5291,6:52:05,41.1,C
5292,6:52:20,41.1,C
5293,6:52:35,41.1,C
5294,6:52:50,41.1,C
5295,6:53:05,41.1,C
5296,6:53:20,41.1,C
5297,6:53:35,41.1,C
5298,6:53:50,41.1,C
5299,6:54:05,41.1,C
5300,6:54:20,41.1,C
5301,6:54:35,41.1,C
5302,6:54:50,41.1,C
5303,6:55:05,41.1,C
5304,6:55:20,41.1,C
5305,6:55:35,41.1,C
5306,6:55:50,41.1,C
5307,6:56:05,41.2,C
5308,6:56:20,41.1,C
5309,6:56:35,41.1,C
5310,6:56:50,41.1,C
5311,6:57:05,41.1,C
5312,6:57:20,41.1,C
5313,6:57:35,41.1,C
5314,6:57:50,41.1,C
5315,6:58:05,41.1,C
5316,6:58:20,41.1,C
5317,6:58:35,41.1,C
5318,6:58:50,41.1,C
5319,6:59:05,41.1,C
5320,6:59:20,41.1,C
5321,6:59:35,41.1,C
5322,6:59:50,41.1,C
5323,7:00:05,41.1,C
5324,7:00:20,41.1,C
5325,7:00:35,41.1,C
5326,7:00:50,41.1,C
5327,7:01:05,41.1,C
5328,7:01:20,41.1,C
5329,7:01:35,41.1,C
5330,7:01:50,41.1,C
5331,7:02:05,41.1,C
5332,7:02:20,41.1,C
5333,7:02:35,41.1,C
5334,7:02:50,41.1,C
5335,7:03:05,41.1,C
5336,7:03:20,41.1,C
5337,7:03:35,41.1,C
5338,7:03:50,41.1,C
5339,7:04:05,41.2,C
5340,7:04:20,41.1,C
5341,7:04:35,41.1,C
5342,7:04:50,41.1,C
5343,7:05:05,41.1,C
5344,7:05:20,41.1,C
5345,7:05:35,41.1,C
5346,7:05:50,41.1,C
5347,7:06:05,41.1,C
5348,7:06:20,41.1,C
5349,7:06:35,41.1,C
5350,7:06:50,41.1,C
5351,7:07:05,41.1,C
5352,7:07:20,41.1,C
5353,7:07:35,41.1,C
5354,7:07:50,41.1,C
5355,7:08:05,41.1,C
5356,7:08:20,41.1,C
5357,7:08:35,41.1,C
5358,7:08:50,41.1,C
5359,7:09:05,41.1,C
5360,7:09:20,41.1,C
5361,7:09:35,41.1,C
5362,7:09:50,41.1,C
5363,7:10:05,41.1,C
5364,7:10:20,41.1,C
5365,7:10:35,41.1,C
5366,7:10:50,41.1,C
5367,7:11:05,41.1,C
5368,7:11:20,41.1,C
5369,7:11:35,41.1,C
5370,7:11:50,41.1,C
5371,7:12:05,41.2,C
5372,7:12:20,41.1,C
5373,7:12:35,41.1,C
5374,7:12:50,41.1,C
5375,7:13:05,41.1,C
5376,7:13:20,41.1,C
5377,7:13:35,41.2,C
5378,7:13:50,41.1,C
5379,7:14:05,41.1,C
5380,7:14:20,41.1,C
5381,7:14:35,41.1,C
5382,7:14:50,41.1,C
5383,7:15:05,41.2,C
5384,7:15:20,41.1,C
5385,7:15:35,41.1,C
5386,7:15:50,41.1,C
5387,7:16:05,41.1,C
5388,7:16:20,41.1,C
5389,7:16:35,41.1,C
5390,7:16:50,41.1,C
5391,7:17:05,41.1,C
5392,7:17:20,41.2,C
5393,7:17:35,41.1,C
5394,7:17:50,41.2,C
5395,7:18:05,41.2,C
5396,7:18:20,41.2,C
5397,7:18:35,41.2,C
5398,7:18:50,41.2,C
5399,7:19:05,41.2,C
5400,7:19:20,41.2,C
5401,7:19:35,41.2,C
5402,7:19:50,41.2,C
5403,7:20:05,41.2,C
5404,7:20:20,41.1,C
5405,7:20:35,41.2,C
5406,7:20:50,41.2,C
5407,7:21:05,41.2,C
5408,7:21:20,41.2,C
5409,7:21:35,41.2,C
5410,7:21:50,41.2,C
5411,7:22:05,41.2,C
5412,7:22:20,41.2,C
5413,7:22:35,41.1,C
5414,7:22:50,41.1,C
5415,7:23:05,41.2,C
5416,7:23:20,41.2,C
5417,7:23:35,41.2,C
5418,7:23:50,41.2,C
5419,7:24:05,41.2,C
5420,7:24:20,41.2,C
5421,7:24:35,41.2,C
5422,7:24:50,41.2,C
5423,7:25:05,41.2,C
5424,7:25:20,41.2,C
5425,7:25:35,41.2,C
5426,7:25:50,41.2,C
5427,7:26:05,41.2,C
5428,7:26:20,41.2,C
5429,7:26:35,41.2,C
5430,7:26:50,41.2,C
5431,7:27:05,41.2,C
5432,7:27:20,41.2,C
5433,7:27:35,41.2,C
5434,7:27:50,41.2,C
5435,7:28:05,41.2,C
5436,7:28:20,41.2,C
5437,7:28:35,41.2,C
5438,7:28:50,41.2,C
5439,7:29:05,41.2,C
5440,7:29:20,41.2,C
5441,7:29:35,41.2,C
5442,7:29:50,41.2,C
5443,7:30:05,41.2,C
5444,7:30:20,41.2,C
5445,7:30:35,41.2,C
5446,7:30:50,41.2,C
5447,7:31:05,41.2,C
5448,7:31:20,41.2,C
5449,7:31:35,41.2,C
5450,7:31:50,41.2,C
5451,7:32:05,41.2,C
5452,7:32:20,41.2,C
5453,7:32:35,41.2,C
5454,7:32:50,41.2,C
5455,7:33:05,41.2,C
5456,7:33:20,41.2,C
5457,7:33:35,41.2,C
5458,7:33:50,41.2,C
5459,7:34:05,41.2,C
5460,7:34:20,41.2,C
5461,7:34:35,41.2,C
5462,7:34:50,41.2,C
5463,7:35:05,41.2,C
5464,7:35:20,41.2,C
5465,7:35:35,41.2,C
5466,7:35:50,41.2,C
5467,7:36:05,41.2,C
5468,7:36:20,41.2,C
5469,7:36:35,41.2,C
5470,7:36:50,41.2,C
5471,7:37:05,41.2,C
5472,7:37:20,41.2,C
5473,7:37:35,41.2,C
5474,7:37:50,41.2,C
5475,7:38:05,41.2,C
5476,7:38:20,41.2,C
5477,7:38:35,41.2,C
5478,7:38:50,41.2,C
5479,7:39:05,41.2,C
5480,7:39:20,41.2,C
5481,7:39:35,41.2,C
5482,7:39:50,41.2,C
5483,7:40:05,41.2,C
5484,7:40:20,41.2,C
5485,7:40:35,41.2,C
5486,7:40:50,41.2,C
5487,7:41:05,41.2,C
5488,7:41:20,41.2,C
5489,7:41:35,41.2,C
5490,7:41:50,41.2,C
5491,7:42:05,41.2,C
5492,7:42:20,41.2,C
5493,7:42:35,41.2,C
5494,7:42:50,41.2,C
5495,7:43:05,41.2,C
5496,7:43:20,41.2,C
5497,7:43:35,41.2,C
5498,7:43:50,41.2,C
5499,7:44:05,41.2,C
5500,7:44:20,41.2,C
5501,7:44:35,41.2,C
5502,7:44:50,41.2,C
5503,7:45:05,41.2,C
5504,7:45:20,41.2,C
5505,7:45:35,41.2,C
5506,7:45:50,41.2,C
5507,7:46:05,41.2,C
5508,7:46:20,41.2,C
5509,7:46:35,41.2,C
5510,7:46:50,41.2,C
5511,7:47:05,41.2,C
5512,7:47:20,41.2,C
5513,7:47:35,41.2,C
5514,7:47:50,41.2,C
5515,7:48:05,41.2,C
5516,7:48:20,41.2,C
5517,7:48:35,41.2,C
5518,7:48:50,41.2,C
5519,7:49:05,41.2,C
5520,7:49:20,41.2,C
5521,7:49:35,41.2,C
5522,7:49:50,41.2,C
5523,7:50:05,41.2,C
5524,7:50:20,41.2,C
5525,7:50:35,41.2,C
5526,7:50:50,41.2,C
5527,7:51:05,41.2,C
5528,7:51:20,41.2,C
5529,7:51:35,41.2,C
5530,7:51:50,41.2,C
5531,7:52:05,41.2,C
5532,7:52:20,41.2,C
5533,7:52:35,41.2,C
5534,7:52:50,41.2,C
5535,7:53:05,41.2,C
5536,7:53:20,41.2,C
5537,7:53:35,41.2,C
5538,7:53:50,41.2,C
5539,7:54:05,41.2,C
5540,7:54:20,41.2,C
5541,7:54:35,41.2,C
5542,7:54:50,41.2,C
5543,7:55:05,41.2,C
5544,7:55:20,41.2,C
5545,7:55:35,41.2,C
5546,7:55:50,41.2,C
5547,7:56:05,41.2,C
5548,7:56:20,41.2,C
5549,7:56:35,41.2,C
5550,7:56:50,41.2,C
5551,7:57:05,41.2,C
5552,7:57:20,41.2,C
5553,7:57:35,41.2,C
5554,7:57:50,41.2,C
5555,7:58:05,41.2,C
5556,7:58:20,41.2,C
5557,7:58:35,41.2,C
5558,7:58:50,41.2,C
5559,7:59:05,41.2,C
5560,7:59:20,41.2,C
5561,7:59:35,41.2,C
5562,7:59:50,41.2,C
5563,8:00:05,41.2,C
5564,8:00:20,41.2,C
5565,8:00:35,41.2,C
5566,8:00:50,41.2,C
5567,8:01:05,41.2,C
5568,8:01:20,41.2,C
5569,8:01:35,41.2,C
5570,8:01:50,41.2,C
5571,8:02:05,41.2,C
5572,8:02:20,41.2,C
5573,8:02:35,41.2,C
5574,8:02:50,41.2,C
5575,8:03:05,41.2,C
5576,8:03:20,41.2,C
5577,8:03:35,41.2,C
5578,8:03:50,41.2,C
5579,8:04:05,41.2,C
5580,8:04:20,41.2,C
5581,8:04:35,41.2,C
5582,8:04:50,41.2,C
5583,8:05:05,41.2,C
5584,8:05:20,41.2,C
5585,8:05:35,41.2,C
5586,8:05:50,41.3,C
5587,8:06:05,41.2,C
5588,8:06:20,41.2,C
5589,8:06:35,41.2,C
5590,8:06:50,41.2,C
5591,8:07:05,41.2,C
5592,8:07:20,41.4,C
5593,8:07:35,41.2,C
5594,8:07:50,41.2,C
5595,8:08:05,41.2,C
5596,8:08:20,41.2,C
5597,8:08:35,41.2,C
5598,8:08:50,41.2,C
5599,8:09:05,41.2,C
5600,8:09:20,41.2,C
5601,8:09:35,41.2,C
5602,8:09:50,41.2,C
5603,8:10:05,41.2,C
5604,8:10:20,41.2,C
5605,8:10:35,41.3,C
5606,8:10:50,41.2,C
5607,8:11:05,41.2,C
5608,8:11:20,41.2,C
5609,8:11:35,41.2,C
5610,8:11:50,41.2,C
5611,8:12:05,41.2,C
5612,8:12:20,41.2,C
5613,8:12:35,41.2,C
5614,8:12:50,41.2,C
5615,8:13:05,41.2,C
5616,8:13:20,41.2,C
5617,8:13:35,41.3,C
5618,8:13:50,41.3,C
5619,8:14:05,41.2,C
5620,8:14:20,41.2,C
5621,8:14:35,41.2,C
5622,8:14:50,41.2,C
5623,8:15:05,41.2,C
5624,8:15:20,41.2,C
5625,8:15:35,41.3,C
5626,8:15:50,41.3,C
5627,8:16:05,41.2,C
5628,8:16:20,41.2,C
5629,8:16:35,41.2,C
5630,8:16:50,41.2,C
5631,8:17:05,41.2,C
5632,8:17:20,41.2,C
5633,8:17:35,41.3,C
5634,8:17:50,41.3,C
5635,8:18:05,41.2,C
5636,8:18:20,41.2,C
5637,8:18:35,41.3,C
5638,8:18:50,41.3,C
5639,8:19:05,41.2,C
5640,8:19:20,41.2,C
5641,8:19:35,41.2,C
5642,8:19:50,41.3,C
5643,8:20:05,41.3,C
5644,8:20:20,41.3,C
5645,8:20:35,41.2,C
5646,8:20:50,41.2,C
5647,8:21:05,41.2,C
5648,8:21:20,41.2,C
5649,8:21:35,41.2,C
5650,8:21:50,41.2,C
5651,8:22:05,41.3,C
5652,8:22:20,41.3,C
5653,8:22:35,41.2,C
5654,8:22:50,41.2,C
5655,8:23:05,41.2,C
5656,8:23:20,41.2,C
5657,8:23:35,41.3,C
5658,8:23:50,41.3,C
5659,8:24:05,41.2,C
5660,8:24:20,41.2,C
5661,8:24:35,41.2,C
5662,8:24:50,41.2,C
5663,8:25:05,41.3,C
5664,8:25:20,41.2,C
5665,8:25:35,41.2,C
5666,8:25:50,41.2,C
5667,8:26:05,41.2,C
5668,8:26:20,41.2,C
5669,8:26:35,41.2,C
5670,8:26:50,41.2,C
5671,8:27:05,41.3,C
5672,8:27:20,41.2,C
5673,8:27:35,41.2,C
5674,8:27:50,41.2,C
5675,8:28:05,41.2,C
5676,8:28:20,41.2,C
5677,8:28:35,41.2,C
5678,8:28:50,41.3,C
5679,8:29:05,41.2,C
5680,8:29:20,41.3,C
5681,8:29:35,41.2,C
5682,8:29:50,41.2,C
5683,8:30:05,41.2,C
5684,8:30:20,41.2,C
5685,8:30:35,41.2,C
5686,8:30:50,41.2,C
5687,8:31:05,41.2,C
5688,8:31:20,41.2,C
5689,8:31:35,41.2,C
5690,8:31:50,41.2,C
5691,8:32:05,41.2,C
5692,8:32:20,41.2,C
5693,8:32:35,41.3,C
5694,8:32:50,41.3,C
5695,8:33:05,41.2,C
5696,8:33:20,41.2,C
5697,8:33:35,41.2,C
5698,8:33:50,41.3,C
5699,8:34:05,41.3,C
5700,8:34:20,41.3,C
5701,8:34:35,41.3,C
5702,8:34:50,41.3,C
5703,8:35:05,41.2,C
5704,8:35:20,41.2,C
5705,8:35:35,41.3,C
5706,8:35:50,41.3,C
5707,8:36:05,41.2,C
5708,8:36:20,41.2,C
5709,8:36:35,41.3,C
5710,8:36:50,41.3,C
5711,8:37:05,41.3,C
5712,8:37:20,41.2,C
5713,8:37:35,41.3,C
5714,8:37:50,41.2,C
5715,8:38:05,41.3,C
5716,8:38:20,41.3,C
5717,8:38:35,41.3,C
5718,8:38:50,41.3,C
5719,8:39:05,41.3,C
5720,8:39:20,41.3,C
5721,8:39:35,41.3,C
5722,8:39:50,41.3,C
5723,8:40:05,41.2,C
5724,8:40:20,41.3,C
5725,8:40:35,41.3,C
5726,8:40:50,41.3,C
5727,8:41:05,41.3,C
5728,8:41:20,41.3,C
5729,8:41:35,41.3,C
5730,8:41:50,41.3,C
5731,8:42:05,41.3,C
5732,8:42:20,41.3,C
5733,8:42:35,41.3,C
5734,8:42:50,41.3,C
5735,8:43:05,41.3,C
5736,8:43:20,41.3,C
5737,8:43:35,41.3,C
5738,8:43:50,41.3,C
5739,8:44:05,41.2,C
5740,8:44:20,41.3,C
5741,8:44:35,41.2,C
5742,8:44:50,41.3,C
5743,8:45:05,41.3,C
5744,8:45:20,41.3,C
5745,8:45:35,41.3,C
5746,8:45:50,41.3,C
5747,8:46:05,41.3,C
5748,8:46:20,41.3,C
5749,8:46:35,41.3,C
5750,8:46:50,41.3,C
5751,8:47:05,41.3,C
5752,8:47:20,41.3,C
5753,8:47:35,41.3,C
5754,8:47:50,41.3,C
5755,8:48:05,41.3,C
5756,8:48:20,41.3,C
5757,8:48:35,41.3,C
5758,8:48:50,41.3,C
5759,8:49:05,41.3,C
5760,8:49:20,41.3,C
5761,8:49:35,41.3,C
5762,8:49:50,41.3,C
5763,8:50:05,41.3,C
5764,8:50:20,41.2,C
5765,8:50:35,41.3,C
5766,8:50:50,41.3,C
5767,8:51:05,41.3,C
5768,8:51:20,41.3,C
5769,8:51:35,41.3,C
5770,8:51:50,41.3,C
5771,8:52:05,41.3,C
5772,8:52:20,41.3,C
5773,8:52:35,41.3,C
5774,8:52:50,41.3,C
5775,8:53:05,41.3,C
5776,8:53:20,41.3,C
5777,8:53:35,41.3,C
5778,8:53:50,41.3,C
5779,8:54:05,41.3,C
5780,8:54:20,41.3,C
5781,8:54:35,41.3,C
5782,8:54:50,41.3,C
5783,8:55:05,41.3,C
5784,8:55:20,41.3,C
5785,8:55:35,41.3,C
5786,8:55:50,41.2,C
5787,8:56:05,41.3,C
5788,8:56:20,41.3,C
5789,8:56:35,41.3,C
5790,8:56:50,41.3,C
5791,8:57:05,41.3,C
5792,8:57:20,41.3,C
5793,8:57:35,41.3,C
5794,8:57:50,41.3,C
5795,8:58:05,41.3,C
5796,8:58:20,41.3,C
5797,8:58:35,41.3,C
5798,8:58:50,41.3,C
5799,8:59:05,41.3,C
5800,8:59:20,41.3,C
5801,8:59:35,41.3,C
5802,8:59:50,41.3,C
5803,9:00:05,41.3,C
5804,9:00:20,41.3,C
5805,9:00:35,41.3,C
5806,9:00:50,41.3,C
5807,9:01:05,41.3,C
5808,9:01:20,41.3,C
5809,9:01:35,41.3,C
5810,9:01:50,41.3,C
5811,9:02:05,41.3,C
5812,9:02:20,41.3,C
5813,9:02:35,41.3,C
5814,9:02:50,41.1,C
5815,9:03:05,41.3,C
5816,9:03:20,41.3,C
5817,9:03:35,41.3,C
5818,9:03:50,41.3,C
5819,9:04:05,41.3,C
5820,9:04:20,41.3,C
5821,9:04:35,41.3,C
5822,9:04:50,41.3,C
5823,9:05:05,41.3,C
5824,9:05:20,41.3,C
5825,9:05:35,41.3,C
5826,9:05:50,41.3,C
5827,9:06:05,41.3,C
5828,9:06:20,41.3,C
5829,9:06:35,41.3,C
5830,9:06:50,41.3,C
5831,9:07:05,41.3,C
5832,9:07:20,41.3,C
5833,9:07:35,41.3,C
5834,9:07:50,41.3,C
5835,9:08:05,41.3,C
5836,9:08:20,41.3,C
5837,9:08:35,41.3,C
5838,9:08:50,41.3,C
5839,9:09:05,41.3,C
5840,9:09:20,41.3,C
5841,9:09:35,41.3,C
5842,9:09:50,41.3,C
5843,9:10:05,41.3,C
5844,9:10:20,41.3,C
5845,9:10:35,41.3,C
5846,9:10:50,41.4,C
5847,9:11:05,41.3,C
5848,9:11:20,41.3,C
5849,9:11:35,41.3,C
5850,9:11:50,41.3,C
5851,9:12:05,41.3,C
5852,9:12:20,41.3,C
5853,9:12:35,41.3,C
5854,9:12:50,41.3,C
5855,9:13:05,41.3,C
5856,9:13:20,41.3,C
5857,9:13:35,41.3,C
5858,9:13:50,41.3,C
5859,9:14:05,41.3,C
5860,9:14:20,41.3,C
5861,9:14:35,41.3,C
5862,9:14:50,41.3,C
5863,9:15:05,41.3,C
5864,9:15:20,41.3,C
5865,9:15:35,41.3,C
5866,9:15:50,41.3,C
5867,9:16:05,41.3,C
5868,9:16:20,41.3,C
5869,9:16:35,41.3,C
5870,9:16:50,41.3,C
5871,9:17:05,41.3,C
5872,9:17:20,41.3,C
5873,9:17:35,41.3,C
5874,9:17:50,41.3,C
5875,9:18:05,41.3,C
5876,9:18:20,41.3,C
5877,9:18:35,41.3,C
5878,9:18:50,41.3,C
5879,9:19:05,41.3,C
5880,9:19:20,41.3,C
5881,9:19:35,41.3,C
5882,9:19:50,41.3,C
5883,9:20:05,41.3,C
5884,9:20:20,41.3,C
5885,9:20:35,41.3,C
5886,9:20:50,41.3,C
5887,9:21:05,41.3,C
5888,9:21:20,41.4,C
5889,9:21:35,41.3,C
5890,9:21:50,41.3,C
5891,9:22:05,41.3,C
5892,9:22:20,41.3,C
5893,9:22:35,41.3,C
5894,9:22:50,41.3,C
5895,9:23:05,41.3,C
5896,9:23:20,41.3,C
5897,9:23:35,41.3,C
5898,9:23:50,41.3,C
5899,9:24:05,41.3,C
5900,9:24:20,41.3,C
5901,9:24:35,41.3,C
5902,9:24:50,41.3,C
5903,9:25:05,41.3,C
5904,9:25:20,41.3,C
5905,9:25:35,41.3,C
5906,9:25:50,41.3,C
5907,9:26:05,41.3,C
5908,9:26:20,41.3,C
5909,9:26:35,41.4,C
5910,9:26:50,41.4,C
5911,9:27:05,41.3,C
5912,9:27:20,41.3,C
5913,9:27:35,41.4,C
5914,9:27:50,41.3,C
5915,9:28:05,41.3,C
5916,9:28:20,41.3,C
5917,9:28:35,41.3,C
5918,9:28:50,41.3,C
5919,9:29:05,41.3,C
5920,9:29:20,41.3,C
5921,9:29:35,41.3,C
5922,9:29:50,41.3,C
5923,9:30:05,41.3,C
5924,9:30:20,41.4,C
5925,9:30:35,41.3,C
5926,9:30:50,41.4,C
5927,9:31:05,41.4,C
5928,9:31:20,41.4,C
5929,9:31:35,41.4,C
5930,9:31:50,41.3,C
5931,9:32:05,41.4,C
5932,9:32:20,41.4,C
5933,9:32:35,41.3,C
5934,9:32:50,41.3,C
5935,9:33:05,41.3,C
5936,9:33:20,41.3,C
5937,9:33:35,41.4,C
5938,9:33:50,41.4,C
5939,9:34:05,41.4,C
5940,9:34:20,41.4,C
5941,9:34:35,41.4,C
5942,9:34:50,41.4,C
5943,9:35:05,41.4,C
5944,9:35:20,41.3,C
5945,9:35:35,41.3,C
5946,9:35:50,41.4,C
5947,9:36:05,41.4,C
5948,9:36:20,41.4,C
5949,9:36:35,41.3,C
5950,9:36:50,41.4,C
5951,9:37:05,41.4,C
5952,9:37:20,41.4,C
5953,9:37:35,41.4,C
5954,9:37:50,41.4,C
5955,9:38:05,41.3,C
5956,9:38:20,41.3,C
5957,9:38:35,41.4,C
5958,9:38:50,41.4,C
5959,9:39:05,41.3,C
5960,9:39:20,41.3,C
5961,9:39:35,41.4,C
5962,9:39:50,41.4,C
5963,9:40:05,41.3,C
5964,9:40:20,41.4,C
5965,9:40:35,41.3,C
5966,9:40:50,41.3,C
5967,9:41:05,41.4,C
5968,9:41:20,41.4,C
5969,9:41:35,41.3,C
5970,9:41:50,41.3,C
5971,9:42:05,41.4,C
5972,9:42:20,41.3,C
5973,9:42:35,41.4,C
5974,9:42:50,41.3,C
5975,9:43:05,41.3,C
5976,9:43:20,41.4,C
5977,9:43:35,41.3,C
5978,9:43:50,41.3,C
5979,9:44:05,41.3,C
5980,9:44:20,41.3,C
5981,9:44:35,41.4,C
5982,9:44:50,41.3,C
5983,9:45:05,41.4,C
5984,9:45:20,41.4,C
5985,9:45:35,41.4,C
5986,9:45:50,41.3,C
5987,9:46:05,41.3,C
5988,9:46:20,41.3,C
5989,9:46:35,41.3,C
5990,9:46:50,41.3,C
5991,9:47:05,41.4,C
5992,9:47:20,41.3,C
5993,9:47:35,41.4,C
5994,9:47:50,41.3,C
5995,9:48:05,41.4,C
5996,9:48:20,41.3,C
5997,9:48:35,41.3,C
5998,9:48:50,41.3,C
5999,9:49:05,41.3,C
6000,9:49:20,41.4,C
6001,9:49:35,41.4,C
6002,9:49:50,41.3,C
6003,9:50:05,41.3,C
6004,9:50:20,41.4,C
6005,9:50:35,41.3,C
6006,9:50:50,41.4,C
6007,9:51:05,41.3,C
6008,9:51:20,41.4,C
6009,9:51:35,41.4,C
6010,9:51:50,41.4,C
6011,9:52:05,41.4,C
6012,9:52:20,41.4,C
6013,9:52:35,41.4,C
6014,9:52:50,41.4,C
6015,9:53:05,41.3,C
6016,9:53:20,41.4,C
6017,9:53:35,41.3,C
6018,9:53:50,41.3,C
6019,9:54:05,41.3,C
6020,9:54:20,41.4,C
6021,9:54:35,41.4,C
6022,9:54:50,41.4,C
6023,9:55:05,41.4,C
6024,9:55:20,41.4,C
6025,9:55:35,41.3,C
6026,9:55:50,41.4,C
6027,9:56:05,41.4,C
6028,9:56:20,41.4,C
6029,9:56:35,41.4,C
6030,9:56:50,41.4,C
6031,9:57:05,41.4,C
6032,9:57:20,41.4,C
6033,9:57:35,41.4,C
6034,9:57:50,41.4,C
6035,9:58:05,41.4,C
6036,9:58:20,41.4,C
6037,9:58:35,41.4,C
6038,9:58:50,41.4,C
6039,9:59:05,41.4,C
6040,9:59:20,41.3,C
6041,9:59:35,41.4,C
6042,9:59:50,41.4,C
6043,10:00:05,41.4,C
6044,10:00:20,41.4,C
6045,10:00:35,41.4,C
6046,10:00:50,41.4,C
6047,10:01:05,41.4,C
6048,10:01:20,41.4,C
6049,10:01:35,41.4,C
6050,10:01:50,41.4,C
6051,10:02:05,41.4,C
6052,10:02:20,41.4,C
6053,10:02:35,41.4,C
6054,10:02:50,41.4,C
6055,10:03:05,41.5,C
6056,10:03:20,41.4,C
6057,10:03:35,41.4,C
6058,10:03:50,41.4,C
6059,10:04:05,41.4,C
6060,10:04:20,41.4,C
6061,10:04:35,41.4,C
6062,10:04:50,41.4,C
6063,10:05:05,41.4,C
6064,10:05:20,41.4,C
6065,10:05:35,41.4,C
6066,10:05:50,41.4,C
6067,10:06:05,41.4,C
6068,10:06:20,41.4,C
6069,10:06:35,41.4,C
6070,10:06:50,41.4,C
6071,10:07:05,41.4,C
6072,10:07:20,41.4,C
6073,10:07:35,41.4,C
6074,10:07:50,41.4,C
6075,10:08:05,41.4,C
6076,10:08:20,41.4,C
6077,10:08:35,41.4,C
6078,10:08:50,41.4,C
6079,10:09:05,41.4,C
6080,10:09:20,41.4,C
6081,10:09:35,41.4,C
6082,10:09:50,41.4,C
6083,10:10:05,41.4,C
6084,10:10:20,41.4,C
6085,10:10:35,41.4,C
6086,10:10:50,41.4,C
6087,10:11:05,41.4,C
6088,10:11:20,41.4,C
6089,10:11:35,41.4,C
6090,10:11:50,41.4,C
6091,10:12:05,41.4,C
6092,10:12:20,41.4,C
6093,10:12:35,41.4,C
6094,10:12:50,41.4,C
6095,10:13:05,41.4,C
6096,10:13:20,41.4,C
6097,10:13:35,41.4,C
6098,10:13:50,41.4,C
6099,10:14:05,41.4,C
6100,10:14:20,41.6,C
6101,10:14:35,41.4,C
6102,10:14:50,41.4,C
6103,10:15:05,41.4,C
6104,10:15:20,41.4,C
6105,10:15:35,41.4,C
6106,10:15:50,41.4,C
6107,10:16:05,41.4,C
6108,10:16:20,41.4,C
6109,10:16:35,41.4,C
6110,10:16:50,41.4,C
6111,10:17:05,41.4,C
6112,10:17:20,41.4,C
6113,10:17:35,41.4,C
6114,10:17:50,41.4,C
6115,10:18:05,41.4,C
6116,10:18:20,41.4,C
6117,10:18:35,41.4,C
6118,10:18:50,41.4,C
6119,10:19:05,41.4,C
6120,10:19:20,41.4,C
6121,10:19:35,41.5,C
6122,10:19:50,41.4,C
6123,10:20:05,41.4,C
6124,10:20:20,41.4,C
6125,10:20:35,41.4,C
6126,10:20:50,41.4,C
6127,10:21:05,41.4,C
6128,10:21:20,41.4,C
6129,10:21:35,41.4,C
6130,10:21:50,41.4,C
6131,10:22:05,41.4,C
6132,10:22:20,41.4,C
6133,10:22:35,41.4,C
6134,10:22:50,41.4,C
6135,10:23:05,41.5,C
6136,10:23:20,41.4,C
6137,10:23:35,41.4,C
6138,10:23:50,41.4,C
6139,10:24:05,41.4,C
6140,10:24:20,41.4,C
6141,10:24:35,41.4,C
6142,10:24:50,41.4,C
6143,10:25:05,41.4,C
6144,10:25:20,41.4,C
6145,10:25:35,41.4,C
6146,10:25:50,41.4,C
6147,10:26:05,41.4,C
6148,10:26:20,41.4,C
6149,10:26:35,41.4,C
6150,10:26:50,41.4,C
6151,10:27:05,41.4,C
6152,10:27:20,41.4,C
6153,10:27:35,41.4,C
6154,10:27:50,41.4,C
6155,10:28:05,41.4,C
6156,10:28:20,41.4,C
6157,10:28:35,41.4,C
6158,10:28:50,41.4,C
6159,10:29:05,41.4,C
6160,10:29:20,41.4,C
6161,10:29:35,41.4,C
6162,10:29:50,41.4,C
6163,10:30:05,41.4,C
6164,10:30:20,41.4,C
6165,10:30:35,41.4,C
6166,10:30:50,41.4,C
6167,10:31:05,41.5,C
6168,10:31:20,41.6,C
6169,10:31:35,41.5,C
6170,10:31:50,41.4,C
6171,10:32:05,41.4,C
6172,10:32:20,41.4,C
6173,10:32:35,41.4,C
6174,10:32:50,41.4,C
6175,10:33:05,41.4,C
6176,10:33:20,41.4,C
6177,10:33:35,41.4,C
6178,10:33:50,41.5,C
6179,10:34:05,41.4,C
6180,10:34:20,41.4,C
6181,10:34:35,41.4,C
6182,10:34:50,41.4,C
6183,10:35:05,41.4,C
6184,10:35:20,41.4,C
6185,10:35:35,41.6,C
6186,10:35:50,41.5,C
6187,10:36:05,41.6,C
6188,10:36:20,41.4,C
6189,10:36:35,41.6,C
6190,10:36:50,41.4,C
6191,10:37:05,41.6,C
6192,10:37:20,41.6,C
6193,10:37:35,41.4,C
6194,10:37:50,41.5,C
6195,10:38:05,41.5,C
6196,10:38:20,41.5,C
6197,10:38:35,41.4,C
6198,10:38:50,41.5,C
6199,10:39:05,41.5,C
6200,10:39:20,41.4,C
6201,10:39:35,41.4,C
6202,10:39:50,41.5,C
6203,10:40:05,41.4,C
6204,10:40:20,41.6,C
6205,10:40:35,41.5,C
6206,10:40:50,41.5,C
6207,10:41:05,41.6,C
6208,10:41:20,41.5,C
6209,10:41:35,41.5,C
6210,10:41:50,41.6,C
6211,10:42:05,41.6,C
6212,10:42:20,41.5,C
6213,10:42:35,41.5,C
6214,10:42:50,41.5,C
6215,10:43:05,41.6,C
6216,10:43:20,41.6,C
6217,10:43:35,41.6,C
6218,10:43:50,41.5,C
6219,10:44:05,41.5,C
6220,10:44:20,41.5,C
6221,10:44:35,41.5,C
6222,10:44:50,41.5,C
6223,10:45:05,41.5,C
6224,10:45:20,41.5,C
6225,10:45:35,41.5,C
6226,10:45:50,41.5,C
6227,10:46:05,41.6,C
6228,10:46:20,41.7,C
6229,10:46:35,41.6,C
6230,10:46:50,41.5,C
6231,10:47:05,41.6,C
6232,10:47:20,41.6,C
6233,10:47:35,41.6,C
6234,10:47:50,41.5,C
6235,10:48:05,41.5,C
6236,10:48:20,41.5,C
6237,10:48:35,41.6,C
6238,10:48:50,41.6,C
6239,10:49:05,41.5,C
6240,10:49:20,41.6,C
6241,10:49:35,41.5,C
6242,10:49:50,41.6,C
6243,10:50:05,41.6,C
6244,10:50:20,41.6,C
6245,10:50:35,41.5,C
6246,10:50:50,41.6,C
6247,10:51:05,41.6,C
6248,10:51:20,41.6,C
6249,10:51:35,41.6,C
6250,10:51:50,41.6,C
6251,10:52:05,41.6,C
6252,10:52:20,41.6,C
6253,10:52:35,41.6,C
6254,10:52:50,41.6,C
6255,10:53:05,41.5,C
6256,10:53:20,41.5,C
6257,10:53:35,41.5,C
6258,10:53:50,41.5,C
6259,10:54:05,41.6,C
6260,10:54:20,41.6,C
6261,10:54:35,41.5,C
6262,10:54:50,41.5,C
6263,10:55:05,41.6,C
6264,10:55:20,41.5,C
6265,10:55:35,41.6,C
6266,10:55:50,41.5,C
6267,10:56:05,41.6,C
6268,10:56:20,41.5,C
6269,10:56:35,41.6,C
6270,10:56:50,41.6,C
6271,10:57:05,41.6,C
6272,10:57:20,41.5,C
6273,10:57:35,41.6,C
6274,10:57:50,41.6,C
6275,10:58:05,41.6,C
6276,10:58:20,41.5,C
6277,10:58:35,41.5,C
6278,10:58:50,41.6,C
6279,10:59:05,41.6,C
6280,10:59:20,41.5,C
6281,10:59:35,41.5,C
6282,10:59:50,41.5,C
6283,11:00:05,41.5,C
6284,11:00:20,41.5,C
6285,11:00:35,41.5,C
6286,11:00:50,41.6,C
6287,11:01:05,41.5,C
6288,11:01:20,41.6,C
6289,11:01:35,41.5,C
6290,11:01:50,41.6,C
6291,11:02:05,41.6,C
6292,11:02:20,41.6,C
6293,11:02:35,41.6,C
6294,11:02:50,41.5,C
6295,11:03:05,41.6,C
6296,11:03:20,41.5,C
6297,11:03:35,41.5,C
6298,11:03:50,41.6,C
6299,11:04:05,41.6,C
6300,11:04:20,41.6,C
6301,11:04:35,41.5,C
6302,11:04:50,41.6,C
6303,11:05:05,41.5,C
6304,11:05:20,41.5,C
6305,11:05:35,41.6,C
6306,11:05:50,41.6,C
6307,11:06:05,41.6,C
6308,11:06:20,41.5,C
6309,11:06:35,41.5,C
6310,11:06:50,41.5,C
6311,11:07:05,41.6,C
6312,11:07:20,41.6,C
6313,11:07:35,41.5,C
6314,11:07:50,41.6,C
6315,11:08:05,41.5,C
6316,11:08:20,41.5,C
6317,11:08:35,41.5,C
6318,11:08:50,41.6,C
6319,11:09:05,41.5,C
6320,11:09:20,41.5,C
6321,11:09:35,41.5,C
6322,11:09:50,41.5,C
6323,11:10:05,41.6,C
6324,11:10:20,41.5,C
6325,11:10:35,41.5,C
6326,11:10:50,41.5,C
6327,11:11:05,41.6,C
6328,11:11:20,41.5,C
6329,11:11:35,41.5,C
6330,11:11:50,41.5,C
6331,11:12:05,41.5,C
6332,11:12:20,41.5,C
6333,11:12:35,41.6,C
6334,11:12:50,41.6,C
6335,11:13:05,41.5,C
6336,11:13:20,41.5,C
6337,11:13:35,41.6,C
6338,11:13:50,41.6,C
6339,11:14:05,41.6,C
6340,11:14:20,41.6,C
6341,11:14:35,41.6,C
6342,11:14:50,41.6,C
6343,11:15:05,41.6,C
6344,11:15:20,41.5,C
6345,11:15:35,41.5,C
6346,11:15:50,41.6,C
6347,11:16:05,41.6,C
6348,11:16:20,41.5,C
6349,11:16:35,41.6,C
6350,11:16:50,41.6,C
6351,11:17:05,41.6,C
6352,11:17:20,41.6,C
6353,11:17:35,41.6,C
6354,11:17:50,41.6,C
6355,11:18:05,41.6,C
6356,11:18:20,41.6,C
6357,11:18:35,41.5,C
6358,11:18:50,41.6,C
6359,11:19:05,41.6,C
6360,11:19:20,41.3,C
6361,11:19:35,36.7,C
