Bat_ID	DateType	ExperimentDay	Sex	Treatment	Group	Capture_Site	Temp_norm	Handled	Total_AUC	valid_counts	Weight	Cage	Tnorm	Day_min	Day_max	HyperAUC	HypoAUC	Hyper_Count	Hypo_Count	Handling_minutes	Day_Num
APS36007	Basal TC-1	D-8	Female	CP+S	GP 2	Warriors Mark Farmhouse	32.480726449791405	Yes	43.10131449309237	144	26.1	None	32.41671700416101	30.472447962894034	38.41802588255504	46.36745422201948	-3.266139728927115	111	33	NA	-8
APS36007	Basal TC	D-7	Female	CP+S	GP 2	Warriors Mark Farmhouse	32.480726449791405	Yes	-153.7566356091208	144	26.3	Dual	32.41671700416101	15.574489363529647	36.43163140263979	10.170241090796159	-163.92687669991696	26	118	195	-7
APS36007	Basal TC + 1	D-6	Female	CP+S	GP 2	Warriors Mark Farmhouse	32.480726449791405	Yes	18.183634518001476	144	26.4	None	32.41671700416101	28.486053482978786	36.43163140263979	29.412656019248864	-11.229021501247388	84	60	108	-6
APS36007	Pre	D-4	Female	CP+S	GP 2	Warriors Mark Farmhouse	32.480726449791405	Yes	-22.711162517529772	144	26.099999999999998	None	32.41671700416101	24.51326452314828	36.9282300226186	16.251283098344096	-38.96244561587387	61	83	NA	-4
APS36007	Pre	D-3	Female	CP+S	GP 2	Warriors Mark Farmhouse	32.480726449791405	Yes	-42.74464608554306	144	25.95	None	32.41671700416101	25.506461763105907	35.438434162682164	1.7019621493206378	-44.4466082348637	10	134	29	-3
APS36007	Pre	D-2	Female	CP+S	GP 2	Warriors Mark Farmhouse	32.480726449791405	Yes	-5.326734627931475	144	25.8	None	32.41671700416101	27.98945486299997	35.438434162682164	15.578074986848597	-20.90480961478007	64	80	26	-2
APS36007	Primary - 1	D-1	Female	CP+S	GP 2	Warriors Mark Farmhouse	32.480726449791405	Yes	-49.28450229163003	144	25.65	None	32.41671700416101	26.499659003063535	36.43163140263979	6.380463872894215	-55.664966164524245	21	123	25	-1
APS36007	Primary	D0	Female	CP+S	GP 2	Warriors Mark Farmhouse	32.480726449791405	Yes	-83.30831116127244	144	25.5	D+P2	32.41671700416101	19.050679703381338	38.41802588255504	19.32267233565892	-102.63098349693136	36	108	176	0
APS36007	Primary + 1	D1	Female	CP+S	GP 2	Warriors Mark Farmhouse	32.480726449791405	Yes	-12.032156813919386	144	24.2	None	32.41671700416101	27.49285624302116	36.43163140263979	9.615174127670636	-21.64733094159002	42	102	166	1
APS36007	Primary + 2	D2	Female	CP+S	GP 2	Warriors Mark Farmhouse	32.480726449791405	Yes	-36.12200688950561	144	25.5	None	32.41671700416101	26.499659003063535	33.452039682766916	1.2771030076765388	-37.39910989718216	13	131	180	2
APS36007	Primary + 3	D3	Female	CP+S	GP 2	Warriors Mark Farmhouse	32.480726449791405	Yes	-95.14627872418937	144	25.63684210526316	None	32.41671700416101	23.023468663211844	36.43163140263979	2.198660089023448	-97.34493881321282	10	134	NA	3
APS36007	None	D4	Female	CP+S	GP 2	Warriors Mark Farmhouse	32.480726449791405	No	-80.74203847280792	144	25.773684210526316	None	32.41671700416101	23.520067283190656	34.44523692272454	3.061848146947648	-83.80388661975557	23	121	NA	4
APS36007	None	D5	Female	CP+S	GP 2	Warriors Mark Farmhouse	32.480726449791405	No	-98.62316430210902	144	25.910526315789475	None	32.41671700416101	23.023468663211844	35.438434162682164	3.0046016047446122	-101.62776590685364	16	128	NA	5
APS36007	None	D6	Female	CP+S	GP 2	Warriors Mark Farmhouse	32.480726449791405	No	-74.53331422652282	144	26.04736842105263	None	32.41671700416101	24.51326452314828	35.93503278266098	4.246346454001635	-78.77966068052444	16	128	NA	6
APS36007	None	D7	Female	CP+S	GP 2	Warriors Mark Farmhouse	32.480726449791405	No	-16.4196552812942	144	26.18421052631579	None	32.41671700416101	26.499659003063535	36.9282300226186	14.65034425879352	-31.06999954008772	46	98	NA	7
APS36007	None	D8	Female	CP+S	GP 2	Warriors Mark Farmhouse	32.480726449791405	No	-87.94415859849863	144	26.321052631578947	None	32.41671700416101	22.52687004323303	36.9282300226186	3.425812682424792	-91.36997128092342	14	130	NA	8
APS36007	None	D9	Female	CP+S	GP 2	Warriors Mark Farmhouse	32.480726449791405	No	-87.69580962864723	144	26.457894736842107	None	32.41671700416101	24.01666590316947	35.93503278266098	1.0615866135004093	-88.75739624214764	4	140	NA	9
APS36007	None	D10	Female	CP+S	GP 2	Warriors Mark Farmhouse	32.480726449791405	No	-93.15948696537812	144	26.594736842105263	None	32.41671700416101	23.520067283190656	33.452039682766916	0.6367274718563092	-93.79621443723443	7	137	NA	10
APS36007	None	D11	Female	CP+S	GP 2	Warriors Mark Farmhouse	32.480726449791405	No	-86.78519673919207	144	26.731578947368423	None	32.41671700416101	23.023468663211844	34.94183554270335	0.7377507816263751	-87.52294752081845	2	142	NA	11
APS36007	None	D12	Female	CP+S	GP 2	Warriors Mark Farmhouse	32.480726449791405	No	-134.21984998081032	144	26.86842105263158	None	32.41671700416101	22.52687004323303	31.962243822830477	0	-134.21984998081032	0	144	NA	12
APS36007	None	D13	Female	CP+S	GP 2	Warriors Mark Farmhouse	32.480726449791405	No	-112.61348960373813	144	27.00526315789474	None	32.41671700416101	22.030271423254217	35.93503278266098	2.7817890826406466	-115.39527868637877	9	135	NA	13
APS36007	None	D14	Female	CP+S	GP 2	Warriors Mark Farmhouse	32.480726449791405	No	-76.43732299538358	144	27.142105263157895	None	32.41671700416101	23.520067283190656	35.438434162682164	3.994349420186313	-80.43167241556989	17	127	NA	14
APS36007	None	D15	Female	CP+S	GP 2	Warriors Mark Farmhouse	32.480726449791405	No	-111.62009372433252	144	27.278947368421054	None	32.41671700416101	22.52687004323303	32.458842442809285	0	-111.62009372433252	0	144	NA	15
APS36007	None	D16	Female	CP+S	GP 2	Warriors Mark Farmhouse	32.480726449791405	No	-82.56326425171821	144	27.41578947368421	None	32.41671700416101	23.023468663211844	32.9554410627881	0.3956746299327429	-82.95893888165095	5	139	NA	16
APS36007	None	D17	Female	CP+S	GP 2	Warriors Mark Farmhouse	32.480726449791405	No	-92.58000603572485	144	27.55263157894737	None	32.41671700416101	23.520067283190656	34.44523692272454	0.8887245056716347	-93.46873054139648	6	138	NA	17
APS36007	None	D18	Female	CP+S	GP 2	Warriors Mark Farmhouse	32.480726449791405	No	-94.73236377443702	144	27.689473684210526	None	32.41671700416101	23.023468663211844	33.452039682766916	0.1619179159370177	-94.89428169037403	1	143	NA	18
APS36007	None	D19	Female	CP+S	GP 2	Warriors Mark Farmhouse	32.480726449791405	No	-80.16255754315463	144	27.826315789473686	None	32.41671700416101	24.01666590316947	36.43163140263979	1.8784723211133318	-82.04102986426797	7	137	NA	19
APS36008	Primary - 1	D-1	Male	NoCo	GP 2	Old Danville Highway Barn	32.67327379477422	Yes	-46.506178622253174	140	21.65	None	32.85259700905278	25.403370839193624	37.31958274730427	7.623607409404459	-54.12978603165763	45	95	25	-1
APS36008	Primary	D0	Male	NoCo	GP 2	Old Danville Highway Barn	32.67327379477422	Yes	52.85118963189457	144	20.7	None	32.85259700905278	27.885914986716674	39.305618065322705	54.70688314592353	-1.8556935140289552	134	10	294	0
APS36008	Primary + 2	D2	Male	NoCo	GP 2	Old Danville Highway Barn	32.67327379477422	Yes	-73.53557977645048	144	21.1	None	32.85259700905278	24.410353180184405	32.85100328176277	0.029627505480991904	-73.56520728193146	1	143	184	2
APS36008	Primary + 3	D3	Male	NoCo	GP 2	Old Danville Highway Barn	32.67327379477422	Yes	-54.74723881004948	144	21.236842105263158	None	32.85259700905278	24.906862009689014	33.347512111267385	0.675318131498257	-55.42255694154773	20	124	NA	3
APS36008	None	D4	Male	NoCo	GP 2	Old Danville Highway Barn	32.67327379477422	No	-83.71604646749594	144	21.373684210526317	None	32.85259700905278	23.417335521175183	33.844020940772	0.48532410948319216	-84.20137057697913	8	136	NA	4
APS36008	None	D5	Male	NoCo	GP 2	Old Danville Highway Barn	32.67327379477422	No	-102.42161941201852	144	21.510526315789473	None	32.85259700905278	22.424317862165964	37.31958274730427	7.474524914657706	-109.89614432667622	26	118	NA	5
APS36008	None	D6	Male	NoCo	GP 2	Old Danville Highway Barn	32.67327379477422	No	-22.053870168074177	144	21.647368421052633	None	32.85259700905278	22.920826691670573	37.31958274730427	16.51741768512439	-38.57128785319856	77	67	NA	6
APS36008	None	D7	Male	NoCo	GP 2	Old Danville Highway Barn	32.67327379477422	No	-67.90735428871801	144	21.78421052631579	None	32.85259700905278	23.913844350679796	36.823073917799654	9.083804297735	-76.99115858645301	44	100	NA	7
APS36008	None	D8	Male	NoCo	GP 2	Old Danville Highway Barn	32.67327379477422	No	-74.19772395147781	144	21.92105263157895	None	32.85259700905278	21.927809032661354	36.32656508829505	8.835500232099749	-83.03322418357756	44	100	NA	8
APS36008	None	D9	Male	NoCo	GP 2	Old Danville Highway Barn	32.67327379477422	No	-83.71604646749594	144	22.057894736842105	None	32.85259700905278	23.417335521175183	34.3405297702766	2.964140205954787	-86.68018667345072	33	111	NA	9
APS36008	None	D10	Male	NoCo	GP 2	Old Danville Highway Barn	32.67327379477422	No	-83.88158251125277	144	22.194736842105264	None	32.85259700905278	22.424317862165964	36.823073917799654	7.647120420320897	-91.52870293157368	43	101	NA	10
APS36008	None	D11	Male	NoCo	GP 2	Old Danville Highway Barn	32.67327379477422	No	-80.23978954860236	144	22.33157894736842	None	32.85259700905278	22.920826691670573	34.837038599781216	7.446787343860312	-87.68657689246268	53	91	NA	11
APS36008	None	D12	Male	NoCo	GP 2	Old Danville Highway Barn	32.67327379477422	No	-70.88700307634107	144	22.46842105263158	None	32.85259700905278	22.424317862165964	35.33354742928583	6.0806424991955	-76.96764557553658	46	98	NA	12
APS36008	None	D13	Male	NoCo	GP 2	Old Danville Highway Barn	32.67327379477422	No	-123.52746499101524	144	22.605263157894736	None	32.85259700905278	22.424317862165964	33.844020940772	1.3017203064800602	-124.8291852974953	16	128	NA	13
APS36008	None	D14	Male	NoCo	GP 2	Old Danville Highway Barn	32.67327379477422	No	-94.7241933773256	144	22.742105263157896	None	32.85259700905278	23.417335521175183	33.844020940772	1.3783738337939224	-96.10256721111952	13	131	NA	14
APS36008	None	D15	Male	NoCo	GP 2	Old Danville Highway Barn	32.67327379477422	No	-127.16925795366564	144	22.878947368421052	None	32.85259700905278	23.417335521175183	33.844020940772	0.3964415930402164	-127.56569954670586	5	139	NA	15
APS36008	None	D16	Male	NoCo	GP 2	Old Danville Highway Barn	32.67327379477422	No	-116.82325521886334	144	23.01578947368421	None	32.85259700905278	22.920826691670573	35.33354742928583	1.5735373830317498	-118.39679260189509	14	130	NA	16
APS36008	None	D17	Male	NoCo	GP 2	Old Danville Highway Barn	32.67327379477422	No	-111.36056577488772	144	23.152631578947368	None	32.85259700905278	22.424317862165964	33.844020940772	2.366420569112185	-113.72698634399991	24	120	NA	17
APS36008	None	D18	Male	NoCo	GP 2	Old Danville Highway Barn	32.67327379477422	No	-105.73234028715527	144	23.289473684210527	None	32.85259700905278	22.424317862165964	34.3405297702766	2.088488997995934	-107.82082928515119	23	121	NA	18
APS36008	None	D19	Male	NoCo	GP 2	Old Danville Highway Barn	32.67327379477422	No	-101.18009908384225	144	23.426315789473684	None	32.85259700905278	22.920826691670573	36.32656508829505	3.3831498425696385	-104.56324892641189	22	122	NA	19
APS36008	Secondary - 1	D20	Male	NoCo	GP 2	Old Danville Highway Barn	32.67327379477422	Yes	-122.16179263002132	144	23.56315789473684	None	32.85259700905278	21.927809032661354	33.844020940772	1.8636979432771146	-124.02549057329844	21	123	NA	20
APS36008	Secondary	D21	Male	NoCo	GP 2	Old Danville Highway Barn	32.67327379477422	Yes	-76.92906867346564	144	23.7	None	32.85259700905278	22.424317862165964	35.33354742928583	6.5946491468178845	-83.52371782028351	41	103	272	21
APS36008	Secondary + 1	D22	Male	NoCo	GP 2	Old Danville Highway Barn	32.67327379477422	Yes	-72.04575538263893	144	23.7	None	32.85259700905278	24.410353180184405	34.837038599781216	2.6147246347474384	-74.66048001738638	24	120	208	22
APS36008	Secondary + 2	D23	Male	NoCo	GP 2	Old Danville Highway Barn	32.67327379477422	Yes	-101.59393919323433	144	24.2	None	32.85259700905278	22.920826691670573	34.837038599781216	4.725781676318014	-106.31972086955236	31	113	167	23
APS36008	Secondary + 3	D24	Male	NoCo	GP 2	Old Danville Highway Barn	32.67327379477422	Yes	-103.99421182770847	144	24.099999999999998	None	32.85259700905278	22.920826691670573	35.33354742928583	1.8810964596289894	-105.87530828733746	16	128	NA	24
APS36008	None	D25	Male	NoCo	GP 2	Old Danville Highway Barn	32.67327379477422	No	-90.91686437091835	144	24	None	32.85259700905278	22.920826691670573	34.837038599781216	4.589873138042167	-95.50673750896051	32	112	NA	25
APS36008	None	D26	Male	NoCo	GP 2	Old Danville Highway Barn	32.67327379477422	No	-106.64278852781787	144	23.9	None	32.85259700905278	22.920826691670573	34.3405297702766	2.4195610855096112	-109.06234961332748	23	121	NA	26
APS36008	D27	D27	Male	NoCo	GP 2	Old Danville Highway Barn	32.67327379477422	Yes	-154.64824121730058	144	23.8	None	32.85259700905278	21.927809032661354	32.85100328176277	0.029627505480991904	-154.67786872278157	1	143	NA	27
APS36008	D28	D28	Male	NoCo	GP 2	Old Danville Highway Barn	32.67327379477422	Yes	-86.11631910197008	144	23.7	None	32.85259700905278	21.927809032661354	35.830056258790435	4.939288709249517	-91.05560781121959	41	103	179	28
APS36008	None	D29	Male	NoCo	GP 2	Old Danville Highway Barn	32.67327379477422	No	-96.21401777113714	144	23.55	None	32.85259700905278	22.424317862165964	35.830056258790435	10.242556604032863	-106.45657437516999	44	100	NA	29
APS36008	None	D30	Male	NoCo	GP 2	Old Danville Highway Barn	32.67327379477422	No	-87.85444756141686	144	23.4	None	32.85259700905278	22.920826691670573	36.823073917799654	10.083135054840586	-97.93758261625746	47	97	NA	30
APS36008	None	D31	Male	NoCo	GP 2	Old Danville Highway Barn	32.67327379477422	No	-90.83409634903994	144	23.25	None	32.85259700905278	22.424317862165964	35.33354742928583	2.791544700291593	-93.62564104933152	16	128	NA	31
APS36008	None	D32	Male	NoCo	GP 2	Old Danville Highway Barn	32.67327379477422	No	-142.56411002305148	144	23.1	None	32.85259700905278	22.424317862165964	32.354494452258166	0	-142.56411002305148	0	144	NA	32
APS36008	None	D33	Male	NoCo	GP 2	Old Danville Highway Barn	32.67327379477422	No	-135.36329211962908	144	22.95	None	32.85259700905278	21.43130020315674	33.347512111267385	1.1065567572422303	-136.4698488768713	15	129	NA	33
APS36010	Secondary	D21	Male	CP+S	GP 2	Warriors Mark Farmhouse	31.78476783004552	Yes	-269.09225179605454	144	25.4	D+S2	32.41671700416101	14.831911987860394	32.54238239757208	0.3411587593323213	-269.4334105553869	4	140	169	21
APS36010	Secondary + 1	D22	Male	CP+S	GP 2	Warriors Mark Farmhouse	31.78476783004552	Yes	-84.57128821487098	144	27.4	None	32.41671700416101	23.687147192716235	33.03433990895296	1.5286536716236714	-86.09994188649465	16	128	187	22
APS36010	Secondary + 2	D23	Male	CP+S	GP 2	Warriors Mark Farmhouse	31.78476783004552	Yes	-96.13460193262515	144	25.8	None	32.41671700416101	23.195189681335357	35.49412746585736	2.3995926197268562	-98.53419455235199	19	125	165	23
APS36010	Secondary + 3	D24	Male	CP+S	GP 2	Warriors Mark Farmhouse	31.78476783004552	Yes	-98.10282554415777	144	25.54	None	32.41671700416101	23.195189681335357	34.018254931714715	0.833214662215477	-98.93604020637324	4	140	NA	24
APS36010	None	D25	Male	CP+S	GP 2	Warriors Mark Farmhouse	31.78476783004552	No	-98.59488144704092	144	25.28	None	32.41671700416101	23.687147192716235	33.52629742033383	1.3646350373292842	-99.95951648437021	16	128	NA	25
APS36010	None	D26	Male	CP+S	GP 2	Warriors Mark Farmhouse	31.78476783004552	No	-102.69534730440056	144	25.02	None	32.41671700416101	23.195189681335357	32.54238239757208	0.9480277062215458	-103.64337501062211	14	130	NA	26
APS36010	D27	D27	Male	CP+S	GP 2	Warriors Mark Farmhouse	31.78476783004552	Yes	-140.5016425092564	144	24.76	None	32.41671700416101	22.211274658573593	33.03433990895296	0.46089236236722353	-140.96253487162363	3	141	NA	27
APS36010	D28	D28	Male	CP+S	GP 2	Warriors Mark Farmhouse	31.78476783004552	Yes	-80.63484099180573	144	24.5	None	32.41671700416101	22.211274658573593	36.478042488619124	7.252904008497723	-87.88774500030345	36	108	162	28
APS36010	None	D29	Male	CP+S	GP 2	Warriors Mark Farmhouse	31.78476783004552	No	-124.34580703125943	144	24.475	None	32.41671700416101	22.703232169954475	32.050424886191195	0.04428503125948384	-124.39009206251892	1	143	NA	29
APS36010	None	D30	Male	CP+S	GP 2	Warriors Mark Farmhouse	31.78476783004552	No	-102.12128208437021	144	24.45	None	32.41671700416101	23.687147192716235	33.03433990895296	1.743518082549316	-103.86480016691952	19	125	NA	30
APS36010	None	D31	Male	CP+S	GP 2	Warriors Mark Farmhouse	31.78476783004552	No	-48.56919798725339	144	24.425	None	32.41671700416101	23.195189681335357	34.018254931714715	3.208204486798177	-51.77740247405157	28	116	NA	31
APS36010	None	D32	Male	CP+S	GP 2	Warriors Mark Farmhouse	31.78476783004552	No	-133.77687850318662	144	24.4	None	32.41671700416101	21.719317147192715	35.49412746585736	3.3902651708649447	-137.16714367405154	21	123	NA	32
APS36010	None	D33	Male	CP+S	GP 2	Warriors Mark Farmhouse	31.78476783004552	No	-130.4144965001517	144	24.375	None	32.41671700416101	21.719317147192715	33.03433990895296	0.5560231702579659	-130.97051967040966	7	137	NA	33
APS36010	None	D34	Male	CP+S	GP 2	Warriors Mark Farmhouse	31.78476783004552	No	-134.51496235751134	144	24.35	None	32.41671700416101	22.211274658573593	33.03433990895296	2.456999141729893	-136.97196149924122	24	120	NA	34
APS36021	Basal TC-1	D-8	Male	CP	GP 2	Scott's House	32.80423653069493	Yes	-10.05667165802383	144	22.4	None	32.668343699822074	26.353298253763192	38.43826726277743	25.71051842102353	-35.76719007904736	81	63	NA	-8
APS36021	Basal TC	D-7	Male	CP	GP 2	Scott's House	32.80423653069493	Yes	-113.80673484886151	144	22.4	Primary	32.668343699822074	14.771869620124544	36.92764613665065	13.396533807225046	-127.20326865608655	72	72	198	-7
APS36021	Basal TC + 1	D-6	Male	CP	GP 2	Scott's House	32.80423653069493	Yes	40.13955632589278	144	23.6	None	32.668343699822074	31.892242382894718	36.42410576127506	40.731823086934035	-0.5922667610412544	139	5	108	-6
APS36021	Pre	D-5	Male	CP	GP 2	Scott's House	32.80423653069493	Yes	-9.469090393998064	144	23.416666666666668	None	32.668343699822074	27.86391937988997	36.92764613665065	22.264285520428476	-31.733375914426542	86	58	NA	-5
APS36021	Pre	D-4	Male	CP	GP 2	Scott's House	32.80423653069493	Yes	37.87317145036477	144	23.233333333333334	None	32.668343699822074	29.374540506016753	37.93472688740183	41.852952862168834	-3.979781411804063	125	19	NA	-4
APS36021	Pre	D-3	Male	CP	GP 2	Scott's House	32.80423653069493	Yes	38.544692894965664	144	23.05	None	32.668343699822074	32.39578275827031	37.43118651202624	38.74896062655522	-0.20426773158955336	141	3	29	-3
APS36021	Pre	D-2	Male	CP	GP 2	Scott's House	32.80423653069493	Yes	-26.676827411895893	144	22.866666666666667	None	32.668343699822074	26.85683862913878	35.41702501052387	7.7548963263151345	-34.431723738211026	55	89	26	-2
APS36021	Primary - 1	D-1	Male	CP	GP 2	Scott's House	32.80423653069493	Yes	-53.117984293055976	144	22.683333333333334	None	32.668343699822074	26.353298253763192	35.920565385899465	8.823787794398676	-61.94177208745465	43	101	25	-1
APS36021	Primary	D0	Male	CP	GP 2	Scott's House	32.80423653069493	Yes	-66.04477210162312	144	22.5	D+P2	32.668343699822074	16.282490746251327	40.4524287642798	56.87286184811726	-122.91763394974039	77	67	175	0
APS36021	Primary + 1	D1	Male	CP	GP 2	Scott's House	32.80423653069493	Yes	51.807241425833254	144	21.2	None	32.668343699822074	30.381621256767936	38.43826726277743	53.29114829977688	-1.483906873943624	137	7	168	1
APS36021	Primary + 2	D2	Male	CP	GP 2	Scott's House	32.80423653069493	Yes	14.705681611634015	144	22.5	None	32.668343699822074	31.388702007519125	35.41702501052387	17.043046782375182	-2.337365170741166	122	22	171	2
APS36021	Primary + 3	D3	Male	CP	GP 2	Scott's House	32.80423653069493	Yes	-86.19041543964985	144	22.66315789473684	None	32.668343699822074	23.33205600150963	34.91348463514827	2.353913947434129	-88.54432938708399	32	112	NA	3
APS36021	None	D4	Male	CP	GP 2	Scott's House	32.80423653069493	No	-72.08846510303115	144	22.826315789473686	None	32.668343699822074	22.82851562613404	35.41702501052387	5.654597366271849	-77.743062469303	39	105	NA	4
APS36021	None	D5	Male	CP	GP 2	Scott's House	32.80423653069493	No	-38.93209377586215	144	22.989473684210527	None	32.668343699822074	24.842677127636414	35.920565385899465	8.823787794398687	-47.75588157026083	43	101	NA	5
APS36021	None	D6	Male	CP	GP 2	Scott's House	32.80423653069493	No	-92.23410844105788	144	23.152631578947368	None	32.668343699822074	23.33205600150963	35.920565385899465	7.065729499336816	-99.2998379403947	38	106	NA	6
APS36021	None	D7	Male	CP	GP 2	Scott's House	32.80423653069493	No	-86.86193688425075	144	23.315789473684212	None	32.668343699822074	22.82851562613404	37.43118651202624	8.07301166623815	-94.93494855048891	38	106	NA	7
APS36021	None	D8	Male	CP	GP 2	Scott's House	32.80423653069493	No	-123.12409489269886	144	23.478947368421053	None	32.668343699822074	22.82851562613404	33.40286350902149	0.24713504470986067	-123.37122993740873	5	139	NA	8
APS36021	None	D9	Male	CP	GP 2	Scott's House	32.80423653069493	No	-103.48209263812281	144	23.642105263157895	None	32.668343699822074	22.324975250758445	35.920565385899465	3.3071633615187053	-106.78925599964151	18	126	NA	9
APS36021	None	D10	Male	CP	GP 2	Scott's House	32.80423653069493	No	-140.1639515494465	144	23.805263157894736	None	32.668343699822074	22.82851562613404	33.906403884397086	0.31522428857304396	-140.47917583801953	4	140	NA	10
APS36021	None	D11	Male	CP	GP 2	Scott's House	32.80423653069493	No	-138.98878902139492	144	23.96842105263158	None	32.668343699822074	22.82851562613404	34.409944259772686	0.5148065231471227	-139.50359554454204	6	138	NA	11
APS36021	None	D12	Male	CP	GP 2	Scott's House	32.80423653069493	No	-166.26934770830613	144	24.13157894736842	None	32.668343699822074	22.82851562613404	34.409944259772686	0.7507761281605275	-167.02012383646667	5	139	NA	12
APS36021	None	D13	Male	CP	GP 2	Scott's House	32.80423653069493	No	-121.44529128119663	144	24.294736842105266	None	32.668343699822074	23.33205600150963	33.906403884397086	0.4420317822684685	-121.8873230634651	12	132	NA	13
APS36021	None	D14	Male	CP	GP 2	Scott's House	32.80423653069493	No	-108.85426419492993	144	24.457894736842107	None	32.668343699822074	22.82851562613404	33.906403884397086	0.6145976404341598	-109.4688618353641	7	137	NA	14
APS36021	None	D15	Male	CP	GP 2	Scott's House	32.80423653069493	No	-144.52884093935228	144	24.621052631578948	None	32.668343699822074	22.82851562613404	34.91348463514827	1.3700592656101618	-145.89890020496244	7	137	NA	15
APS36021	None	D16	Male	CP	GP 2	Scott's House	32.80423653069493	No	-167.5284504169328	144	24.78421052631579	None	32.668343699822074	22.324975250758445	33.906403884397086	0.48310464972326544	-168.01155506665606	4	140	NA	16
APS36021	None	D17	Male	CP	GP 2	Scott's House	32.80423653069493	No	-101.97116938777081	144	24.947368421052634	None	32.668343699822074	22.82851562613404	35.41702501052387	5.443849692001321	-107.41501907977212	31	113	NA	17
APS36021	None	D18	Male	CP	GP 2	Scott's House	32.80423653069493	No	-80.48248316054229	144	25.110526315789475	None	32.668343699822074	22.82851562613404	36.92764613665065	13.537397791966884	-94.01988095250917	65	79	NA	18
APS36021	None	D19	Male	CP	GP 2	Scott's House	32.80423653069493	No	-155.27318405296654	144	25.273684210526316	None	32.668343699822074	22.324975250758445	35.41702501052387	4.777013744415905	-160.05019779738245	26	118	NA	19
APS36021	Secondary - 1	D20	Male	CP	GP 2	Scott's House	32.80423653069493	Yes	-199.00601813259956	144	25.43684210526316	None	32.668343699822074	22.324975250758445	35.920565385899465	3.4750437226689233	-202.48106185526848	18	126	NA	20
APS36021	Secondary	D21	Male	CP	GP 2	Scott's House	32.80423653069493	Yes	-109.44184545895573	144	25.6	None	32.668343699822074	21.82143487538285	35.41702501052387	7.2764771736073435	-116.71832263256307	46	98	267	21
APS36021	Secondary + 1	D22	Male	CP	GP 2	Scott's House	32.80423653069493	Yes	-107.0915204028526	144	26.1	None	32.668343699822074	22.324975250758445	35.41702501052387	6.625492162733865	-113.71701256558646	42	102	209	22
APS36021	Secondary + 2	D23	Male	CP	GP 2	Scott's House	32.80423653069493	Yes	-58.57409603043822	144	26.1	None	32.668343699822074	22.82851562613404	37.43118651202624	17.477900781981635	-76.05199681241986	70	74	167	23
APS36021	Secondary + 3	D24	Male	CP	GP 2	Scott's House	32.80423653069493	Yes	-89.96772356552988	144	25.6	None	32.668343699822074	22.324975250758445	35.920565385899465	5.543640809288354	-95.51136437481823	32	112	NA	24
APS36021	None	D25	Male	CP	GP 2	Scott's House	32.80423653069493	No	-94.08079241371033	144	25.1	None	32.668343699822074	24.339136752260817	35.41702501052387	4.01686662222443	-98.09765903593477	31	113	NA	25
APS36021	None	D26	Male	CP	GP 2	Scott's House	32.80423653069493	No	-119.17890640566864	144	24.6	None	32.668343699822074	23.33205600150963	34.91348463514827	2.315732131329294	-121.49463853699793	19	125	NA	26
APS36026	Basal TC-1	D-8	Female	CP	GP 2	Old Danville Highway Barn	33.08771710353576	Yes	36.10858689597048	144	22	None	32.668343699822074	31.49599724506171	37.407367755861344	39.21097149295585	-3.1023845969853725	119	25	NA	-8
APS36026	Basal TC	D-7	Female	CP	GP 2	Old Danville Highway Barn	33.08771710353576	Yes	-106.77810540582306	144	22.3	Primary	32.668343699822074	15.239728340362685	37.407367755861344	15.455607682965791	-122.23371308878885	51	93	197	-7
APS36026	Basal TC + 1	D-6	Female	CP	GP 2	Old Danville Highway Barn	33.08771710353576	Yes	5.652221453561961	137	23.1	None	32.668343699822074	29.032926198895186	36.91475354662804	21.87590984716715	-16.22368839360519	74	63	108	-6
APS36026	Pre	D-5	Female	CP	GP 2	Old Danville Highway Barn	33.08771710353576	Yes	-12.669973579469353	144	23.46666666666667	None	32.668343699822074	26.56985515272867	36.42213933739474	15.051199190768823	-27.721172770238176	55	89	NA	-5
APS36026	Pre	D-3	Female	CP	GP 2	Old Danville Highway Barn	33.08771710353576	Yes	24.1192437488085	144	24.200000000000003	None	32.668343699822074	31.003383035828403	37.899981965094646	28.33375169933553	-4.214507950527029	108	36	29	-3
APS36026	Pre	D-2	Female	CP	GP 2	Old Danville Highway Barn	33.08771710353576	Yes	14.921939416739033	144	24.566666666666666	None	32.668343699822074	31.003383035828403	37.899981965094646	23.899764091432246	-8.977824674693213	95	49	26	-2
APS36026	Primary - 1	D-1	Female	CP	GP 2	Old Danville Highway Barn	33.08771710353576	Yes	-45.599607839825225	144	24.933333333333334	None	32.668343699822074	26.56985515272867	37.899981965094646	14.584082225035786	-60.18369006486101	45	99	25	-1
APS36026	Primary	D0	Female	CP	GP 2	Old Danville Highway Barn	33.08771710353576	Yes	-74.41050478305048	139	25.3	D+P2	32.668343699822074	15.239728340362685	39.87043880202786	33.646731158687025	-108.0572359417375	92	47	180	0
APS36026	Primary + 1	D1	Female	CP	GP 2	Old Danville Highway Barn	33.08771710353576	Yes	22.312630397866304	144	23.1	None	32.668343699822074	28.04769778042858	37.407367755861344	38.86393998464213	-16.55130958677583	107	37	170	1
APS36026	Primary + 2	D2	Female	CP	GP 2	Old Danville Highway Barn	33.08771710353576	Yes	5.231922352594433	144	24.2	None	32.668343699822074	29.525540408128492	36.42213933739474	19.427809814788883	-14.19588746219445	84	60	174	2
APS36026	Primary + 3	D3	Female	CP	GP 2	Old Danville Highway Barn	33.08771710353576	Yes	-74.75177782093827	144	24.521052631578947	None	32.668343699822074	23.121555688095544	34.94429670969483	8.962037926110655	-83.71381574704893	47	97	NA	3
APS36026	None	D4	Female	CP	GP 2	Old Danville Highway Barn	33.08771710353576	No	-53.97572428510278	144	24.842105263157894	None	32.668343699822074	24.106784106562152	35.92952512816143	6.5174576001049545	-60.49318188520773	46	98	NA	4
APS36026	None	D5	Female	CP	GP 2	Old Danville Highway Barn	33.08771710353576	No	-80.25373666244411	144	25.16315789473684	None	32.668343699822074	24.106784106562152	35.92952512816143	6.928478524273987	-87.1822151867181	33	111	NA	5
APS36026	None	D6	Female	CP	GP 2	Old Danville Highway Barn	33.08771710353576	No	-61.28429647755083	144	25.48421052631579	None	32.668343699822074	24.106784106562152	34.94429670969483	4.515679415809398	-65.79997589336023	26	118	NA	6
APS36026	None	D7	Female	CP	GP 2	Old Danville Highway Barn	33.08771710353576	No	-57.17835704359124	144	25.805263157894736	None	32.668343699822074	25.09201252502876	35.436910918928135	5.588982139064805	-62.767339182656045	43	101	NA	7
APS36026	None	D8	Female	CP	GP 2	Old Danville Highway Barn	33.08771710353576	No	-72.28821416056252	144	26.126315789473683	None	32.668343699822074	24.106784106562152	35.436910918928135	5.626948807804905	-77.91516296836743	41	103	NA	8
APS36026	None	D9	Female	CP	GP 2	Old Danville Highway Barn	33.08771710353576	No	-81.56763728131118	144	26.44736842105263	None	32.668343699822074	24.106784106562152	34.94429670969483	2.999574550843844	-84.56721183215502	28	116	NA	9
APS36026	None	D10	Female	CP	GP 2	Old Danville Highway Barn	33.08771710353576	No	-60.46310859075891	144	26.768421052631577	None	32.668343699822074	26.077240943495365	34.94429670969483	3.0693224371250523	-63.53243102788396	20	124	NA	10
APS36026	None	D11	Female	CP	GP 2	Old Danville Highway Barn	33.08771710353576	No	-65.96506743226475	144	27.089473684210525	None	32.668343699822074	25.09201252502876	35.436910918928135	6.720088826976515	-72.68515625924125	31	113	NA	11
APS36026	None	D12	Female	CP	GP 2	Old Danville Highway Barn	33.08771710353576	No	-93.1463864850772	144	27.410526315789475	None	32.668343699822074	23.61416989732885	35.436910918928135	5.286102750690156	-98.43248923576735	33	111	NA	12
APS36026	None	D13	Female	CP	GP 2	Old Danville Highway Barn	33.08771710353576	No	-128.95017834920478	144	27.731578947368423	None	32.668343699822074	23.121555688095544	35.92952512816143	3.9726291125961577	-132.92280746180094	20	124	NA	13
APS36026	None	D14	Female	CP	GP 2	Old Danville Highway Barn	33.08771710353576	No	-97.99139501714951	144	28.05263157894737	None	32.668343699822074	23.61416989732885	35.436910918928135	3.6123727403382837	-101.6037677574878	26	118	NA	14
APS36026	None	D15	Female	CP	GP 2	Old Danville Highway Barn	33.08771710353576	No	-151.32754826428453	144	28.373684210526317	None	32.668343699822074	24.106784106562152	35.436910918928135	0.6000003063233841	-151.9275485706079	3	141	NA	15
APS36026	None	D16	Female	CP	GP 2	Old Danville Highway Barn	33.08771710353576	No	-122.00143554824153	137	28.694736842105264	None	32.668343699822074	22.13632726962894	34.94429670969483	3.467118497349953	-125.46855404559149	25	112	NA	16
APS36026	None	D17	Female	CP	GP 2	Old Danville Highway Barn	33.08771710353576	No	-118.11049824355148	144	29.01578947368421	None	32.668343699822074	23.121555688095544	35.92952512816143	5.121865173331772	-123.23236341688325	33	111	NA	17
APS36026	None	D18	Female	CP	GP 2	Old Danville Highway Barn	33.08771710353576	No	-76.80474753791808	144	29.33684210526316	None	32.668343699822074	23.121555688095544	35.92952512816143	9.60619035237313	-86.41093789029121	52	92	NA	18
APS36026	None	D19	Female	CP	GP 2	Old Danville Highway Barn	33.08771710353576	No	-31.721532553041815	144	29.657894736842106	None	32.668343699822074	23.61416989732885	37.899981965094646	8.930683689342624	-40.65221624238444	40	104	NA	19
APS36026	Secondary - 1	D20	Female	CP	GP 2	Old Danville Highway Barn	33.08771710353576	Yes	-108.74895633412363	144	29.978947368421053	None	32.668343699822074	22.62894147886224	36.91475354662804	7.465343376288231	-116.21429971041186	35	109	NA	20
APS36026	Secondary	D21	Female	CP	GP 2	Old Danville Highway Barn	33.08771710353576	Yes	-69.82465050018678	144	30.3	None	32.668343699822074	24.599398315795455	34.94429670969483	6.732459729374497	-76.55711022956127	39	105	264	21
APS36026	Secondary + 1	D22	Female	CP	GP 2	Old Danville Highway Barn	33.08771710353576	Yes	-79.02195483225624	144	30.5	None	32.668343699822074	23.61416989732885	35.92952512816143	9.113904601071052	-88.1358594333273	39	105	206	22
APS36026	Secondary + 2	D23	Female	CP	GP 2	Old Danville Highway Barn	33.08771710353576	Yes	-125.99390195675389	144	30.2	None	32.668343699822074	22.13632726962894	35.92952512816143	5.033560933453584	-131.0274628902075	29	115	163	23
APS36026	Secondary + 3	D24	Female	CP	GP 2	Old Danville Highway Barn	33.08771710353576	Yes	-147.6732621680605	144	30.04	None	32.668343699822074	22.62894147886224	35.92952512816143	2.7598306167783337	-150.43309278483883	19	125	NA	24
APS36026	None	D25	Female	CP	GP 2	Old Danville Highway Barn	33.08771710353576	No	-151.20437008126572	144	29.88	None	32.668343699822074	22.62894147886224	35.436910918928135	1.4273736443142928	-152.63174372558004	7	137	NA	25
APS36026	None	D26	Female	CP	GP 2	Old Danville Highway Barn	33.08771710353576	No	-178.13933276804062	144	29.72	None	32.668343699822074	22.62894147886224	34.94429670969483	2.1788136448250004	-180.31814641286562	15	129	NA	26
APS36026	D27	D27	Female	CP	GP 2	Old Danville Highway Barn	33.08771710353576	Yes	-188.07570619822278	144	29.56	None	32.668343699822074	21.643713060395637	33.95906829122822	0.7324566661406592	-188.80816286436342	9	135	NA	27
APS36026	D28	D28	Female	CP	GP 2	Old Danville Highway Barn	33.08771710353576	Yes	-155.72090345862125	144	29.4	None	32.668343699822074	21.643713060395637	36.91475354662804	2.2485615311062115	-157.96946498972747	7	137	172	28
APS36026	None	D29	Female	CP	GP 2	Old Danville Highway Barn	33.08771710353576	No	-197.92996083972582	144	29.2625	None	32.668343699822074	22.62894147886224	31.988611454295008	0	-197.92996083972582	0	144	NA	29
APS36033	Primary - 1	D-1	Female	SHAM	GP 2	Warriors Mark Farmhouse	33.59809407665505	Yes	-30.777443347539158	144	28.700000000000003	None	33.20852747233397	26.83875	37.4765625	14.678244839830146	-45.455688187369304	50	94	25	-1
APS36033	Primary	D0	Female	SHAM	GP 2	Warriors Mark Farmhouse	33.59809407665505	Yes	-5.275364785039174	144	28.1	None	33.20852747233397	27.345312500000002	37.983125	18.119733776698624	-23.395098561737797	74	70	300	0
APS36033	Primary + 1	D1	Female	SHAM	GP 2	Warriors Mark Farmhouse	33.59809407665505	Yes	-49.94622425378916	144	29.7	None	33.20852747233397	25.825625000000002	36.97	8.297281946864118	-58.24350620065328	40	104	187	1
APS36033	Primary + 2	D2	Female	SHAM	GP 2	Warriors Mark Farmhouse	33.59809407665505	Yes	-109.47922222253915	144	28.4	None	33.20852747233397	22.786250000000003	36.4634375	8.183826914285723	-117.66304913682487	41	103	176	2
APS36033	Primary + 3	D3	Female	SHAM	GP 2	Warriors Mark Farmhouse	33.59809407665505	Yes	-111.16810159753916	144	28.44210526315789	None	33.20852747233397	23.799375	36.4634375	1.1744478942944248	-112.34254949183358	9	135	NA	3
APS36033	None	D4	Female	SHAM	GP 2	Warriors Mark Farmhouse	33.59809407665505	No	-74.01275534753916	144	28.48421052631579	None	33.20852747233397	24.812500000000004	36.97	4.541849753353663	-78.55460510089283	21	123	NA	4
APS36033	None	D5	Female	SHAM	GP 2	Warriors Mark Farmhouse	33.59809407665505	No	-140.72349066003915	144	28.52631578947368	None	33.20852747233397	23.799375	35.4503125	2.488772662260455	-143.2122633222996	19	125	NA	5
APS36033	None	D6	Female	SHAM	GP 2	Warriors Mark Farmhouse	33.59809407665505	No	-108.21256269128915	144	28.568421052631578	None	33.20852747233397	23.2928125	34.4371875	0.9475378291376306	-109.16010052042678	11	133	NA	6
APS36033	None	D7	Female	SHAM	GP 2	Warriors Mark Farmhouse	33.59809407665505	No	-56.44840984753917	144	28.61052631578947	None	33.20852747233397	26.83875	36.4634375	5.009145611084498	-61.457555458623666	34	110	NA	7
APS36033	None	D8	Female	SHAM	GP 2	Warriors Mark Farmhouse	33.59809407665505	No	-118.68361481628915	144	28.652631578947368	None	33.20852747233397	22.786250000000003	35.956875000000004	3.137902571167251	-121.8215173874564	17	127	NA	8
APS36033	None	D9	Female	SHAM	GP 2	Warriors Mark Farmhouse	33.59809407665505	No	-111.75920937878915	144	28.69473684210526	None	33.20852747233397	24.305937500000002	34.4371875	0.9765488929660281	-112.73575827175517	10	134	NA	9
APS36033	None	D10	Female	SHAM	GP 2	Warriors Mark Farmhouse	33.59809407665505	No	-103.82147631628916	144	28.736842105263158	None	33.20852747233397	23.799375	34.94375	2.312117056554878	-106.13359337284403	28	116	NA	10
APS36033	None	D11	Female	SHAM	GP 2	Warriors Mark Farmhouse	33.59809407665505	No	-105.93257553503916	144	28.77894736842105	None	33.20852747233397	23.2928125	34.94375	1.198280512652439	-107.1308560476916	14	130	NA	11
APS36033	None	D12	Female	SHAM	GP 2	Warriors Mark Farmhouse	33.59809407665505	No	-194.76763066003915	144	28.821052631578947	None	33.20852747233397	22.786250000000003	34.4371875	1.0874147028092336	-195.85504536284836	12	132	NA	12
APS36033	None	D13	Female	SHAM	GP 2	Warriors Mark Farmhouse	33.59809407665505	No	-149.67455134753914	144	28.86315789473684	None	33.20852747233397	22.786250000000003	34.94375	0.8102501782012199	-150.48480152574038	7	137	NA	13
APS36033	None	D14	Female	SHAM	GP 2	Warriors Mark Farmhouse	33.59809407665505	No	-137.68350778503915	144	28.905263157894737	None	33.20852747233397	23.2928125	35.4503125	2.1561752327308383	-139.83968301776997	13	131	NA	14
APS36033	None	D15	Female	SHAM	GP 2	Warriors Mark Farmhouse	33.59809407665505	No	-159.47005172253913	144	28.94736842105263	None	33.20852747233397	22.786250000000003	35.956875000000004	8.640236267334506	-168.11028798987363	34	110	NA	15
APS36033	None	D16	Female	SHAM	GP 2	Warriors Mark Farmhouse	33.59809407665505	No	-115.98140781628913	144	28.989473684210527	None	33.20852747233397	22.2796875	35.956875000000004	11.519628486781373	-127.5010363030705	57	87	NA	16
APS36033	None	D17	Female	SHAM	GP 2	Warriors Mark Farmhouse	33.59809407665505	No	-100.78149344128916	144	29.03157894736842	None	33.20852747233397	23.2928125	35.956875000000004	4.33618308381969	-105.11767652510885	31	113	NA	17
APS36033	None	D18	Female	SHAM	GP 2	Warriors Mark Farmhouse	33.59809407665505	No	-97.15040278503915	144	29.073684210526316	None	33.20852747233397	22.786250000000003	36.4634375	3.3332123497604553	-100.4836151347996	19	125	NA	18
APS36033	None	D19	Female	SHAM	GP 2	Warriors Mark Farmhouse	33.59809407665505	No	-139.71016303503913	144	29.11578947368421	None	33.20852747233397	23.2928125	36.4634375	3.0798804435104548	-142.7900434785496	19	125	NA	19
APS36033	Secondary - 1	D20	Female	SHAM	GP 2	Warriors Mark Farmhouse	33.59809407665505	Yes	-46.73735344128916	144	29.157894736842103	None	33.20852747233397	27.345312500000002	37.4765625	6.953946115069692	-53.69129955635885	31	113	NA	20
APS36033	Secondary	D21	Female	SHAM	GP 2	Warriors Mark Farmhouse	33.59809407665505	Yes	-97.48817866003914	144	29.2	None	33.20852747233397	24.305937500000002	36.4634375	9.841106002722132	-107.32928466276128	45	99	266	21
APS36033	Secondary + 1	D22	Female	SHAM	GP 2	Warriors Mark Farmhouse	33.59809407665505	Yes	-103.14592456628915	144	29.2	None	33.20852747233397	23.2928125	37.4765625	6.5343154940548835	-109.68024006034403	28	116	206	22
APS36033	Secondary + 2	D23	Female	SHAM	GP 2	Warriors Mark Farmhouse	33.59809407665505	Yes	-131.43465409753915	144	29.8	None	33.20852747233397	22.2796875	37.4765625	5.441722345775266	-136.87637644331443	22	122	163	23
APS36033	Secondary + 3	D24	Female	SHAM	GP 2	Warriors Mark Farmhouse	33.59809407665505	Yes	-153.13675406628914	144	29.400000000000002	None	33.20852747233397	23.799375	36.97	1.5992569607796179	-154.73601102706874	6	138	NA	24
APS36033	None	D25	Female	SHAM	GP 2	Warriors Mark Farmhouse	33.59809407665505	No	26.560011433710834	144	29	None	33.20852747233397	31.3978125	36.4634375	30.019095315984355	-3.4590838822735215	115	29	NA	25
APS36033	None	D26	Female	SHAM	GP 2	Warriors Mark Farmhouse	33.59809407665505	No	-68.35500944128918	144	28.6	None	33.20852747233397	21.773125	36.97	10.033826558580147	-78.38883599986933	50	94	NA	26
APS36033	D27	D27	Female	SHAM	GP 2	Warriors Mark Farmhouse	33.59809407665505	Yes	-123.91914087878915	144	28.2	None	33.20852747233397	22.2796875	34.94375	2.739515345775263	-126.65865622456442	22	122	NA	27
APS36033	D28	D28	Female	SHAM	GP 2	Warriors Mark Farmhouse	33.59809407665505	Yes	-88.28378606628917	144	27.8	None	33.20852747233397	22.2796875	35.956875000000004	4.676548181554883	-92.96033424784406	28	116	168	28
APS36033	None	D29	Female	SHAM	GP 2	Warriors Mark Farmhouse	33.59809407665505	No	-136.58573619128916	144	27.7875	None	33.20852747233397	22.2796875	35.4503125	2.4861834395252624	-139.07191963081442	22	122	NA	29
APS36033	None	D30	Female	SHAM	GP 2	Warriors Mark Farmhouse	33.59809407665505	No	-77.72828997253917	144	27.775	None	33.20852747233397	23.2928125	36.97	4.204073878353661	-81.93236385089283	21	123	NA	30
APS36033	None	D31	Female	SHAM	GP 2	Warriors Mark Farmhouse	33.59809407665505	No	-104.83480394128915	144	27.7625	None	33.20852747233397	22.2796875	36.4634375	3.726421129682059	-108.56122507097122	20	124	NA	31
APS36033	None	D32	Female	SHAM	GP 2	Warriors Mark Farmhouse	33.59809407665505	No	-127.12801169128915	144	27.75	None	33.20852747233397	22.2796875	35.4503125	3.5787765878048803	-130.70678827909404	28	116	NA	32
APS36033	None	D33	Female	SHAM	GP 2	Warriors Mark Farmhouse	33.59809407665505	No	-150.51899103503916	144	27.7375	None	33.20852747233397	22.2796875	36.4634375	2.3830852978876313	-152.90207633292678	11	133	NA	33
APS36033	None	D34	Female	SHAM	GP 2	Warriors Mark Farmhouse	33.59809407665505	No	-143.42569766003916	144	27.725	None	33.20852747233397	22.2796875	36.4634375	2.823959314525262	-146.2496569745644	22	122	NA	34
APS36036	Basal TC-1	D-5	Female	CP+S	GP 1	Old Danville Highway Barn	32.20515039950378	Yes	-108.88381630354523	144	16.7	None	32.41671700416101	22.7085600745291	34.21398381321145	5.3711133691033455	-114.25492967264859	26	118	NA	-5
APS36036	Basal TC	D-4	Female	CP+S	GP 1	Old Danville Highway Barn	32.20515039950378	Yes	-284.0013679644378	144	16.9	Dual	32.41671700416101	15.205022853649307	34.21398381321145	1.0072481678076548	-285.0086161322455	5	139	193	-4
APS36036	Basal TC + 1	D-3	Female	CP+S	GP 1	Old Danville Highway Barn	32.20515039950378	Yes	-97.6262594110593	144	15.9	None	32.41671700416101	18.706673556726543	34.714219627936764	6.6508893775609605	-104.27714878862025	48	96	108	-3
APS36036	Pre	D-2	Female	CP+S	GP 1	Old Danville Highway Barn	32.20515039950378	Yes	8.695111240196937	144	18.233333333333334	None	32.41671700416101	30.212097295408892	36.715162886838044	15.555920711231561	-6.860809471034624	98	46	NA	-2
APS36036	Primary - 1	D-1	Female	CP+S	GP 1	Old Danville Highway Barn	32.20515039950378	Yes	36.71391950593974	144	20.566666666666666	None	32.41671700416101	29.71186148068357	37.71563451628868	40.44539384920212	-3.731474343262379	128	16	NA	-1
APS36036	Primary	D0	Female	CP+S	GP 1	Old Danville Highway Barn	32.20515039950378	Yes	-2.5624456522890227	144	22.9	D+P1	32.41671700416101	28.21115403650761	39.21634196046464	27.181758469460735	-29.744204121749757	61	83	194	0
APS36036	Primary + 1	D1	Female	CP+S	GP 1	Old Danville Highway Barn	32.20515039950378	Yes	12.030683652785358	144	23.7	None	32.41671700416101	31.212568924859532	37.21539870156336	13.838942703584488	-1.8082590507991292	124	20	167	1
APS36036	Primary + 2	D2	Female	CP+S	GP 1	Old Danville Highway Barn	32.20515039950378	Yes	16.03337054789148	144	24.6	None	32.41671700416101	29.211625665958252	36.21492707211273	22.242849002083123	-6.209478454191644	110	34	142	2
APS36036	Primary + 3	D3	Female	CP+S	GP 1	Old Danville Highway Barn	32.20515039950378	Yes	35.96341571310734	144	24.926315789473687	None	32.41671700416101	30.71233311013421	38.215870331014	38.35408464730322	-2.3906689341958787	123	21	37	3
APS36036	None	D4	Female	CP+S	GP 1	Old Danville Highway Barn	32.20515039950378	No	-35.8347804678586	144	25.25263157894737	None	32.41671700416101	26.710446592331653	35.214455442662086	1.8608706030481423	-37.69565107090674	20	124	30	4
APS36036	None	D5	Female	CP+S	GP 1	Old Danville Highway Barn	32.20515039950378	No	-16.905407026419265	144	25.578947368421055	None	32.41671700416101	26.710446592331653	36.21492707211273	7.000230084494505	-23.905637110913773	60	84	23	5
APS36036	None	D6	Female	CP+S	GP 1	Old Danville Highway Barn	32.20515039950378	No	-37.00223081226456	144	25.905263157894737	None	32.41671700416101	26.710446592331653	35.214455442662086	3.5470708526295094	-40.54930166489407	34	110	NA	6
APS36036	None	D7	Female	CP+S	GP 1	Old Danville Highway Barn	32.20515039950378	No	-44.92421529216208	144	26.231578947368423	None	32.41671700416101	25.709974962881017	35.214455442662086	6.7303328214569955	-51.65454811361908	45	99	NA	7
APS36036	None	D8	Female	CP+S	GP 1	Old Danville Highway Barn	32.20515039950378	No	-82.2826263131525	144	26.557894736842105	None	32.41671700416101	23.709031703979736	36.21492707211273	5.618650722435024	-87.90127703558753	24	120	NA	8
APS36036	None	D9	Female	CP+S	GP 1	Old Danville Highway Barn	32.20515039950378	No	-102.46283940931251	144	26.88421052631579	None	32.41671700416101	23.208795889254418	35.214455442662086	2.3585758873239544	-104.82141529663647	18	126	NA	9
APS36036	None	D10	Female	CP+S	GP 1	Old Danville Highway Barn	32.20515039950378	No	-72.60946631664605	144	27.210526315789476	None	32.41671700416101	24.209267518705058	35.71469125738741	2.8589117492122176	-75.46837806585827	18	126	NA	10
APS36036	None	D11	Female	CP+S	GP 1	Old Danville Highway Barn	32.20515039950378	No	-83.53346596787317	144	27.53684210526316	None	32.41671700416101	24.209267518705058	34.21398381321145	2.1970584219194325	-85.73052438979259	22	122	NA	11
APS36036	None	D12	Female	CP+S	GP 1	Old Danville Highway Barn	32.20515039950378	No	-89.70427493116176	144	27.863157894736844	None	32.41671700416101	24.209267518705058	35.71469125738741	3.942972783303458	-93.64724771446522	18	126	NA	12
APS36036	None	D13	Female	CP+S	GP 1	Old Danville Highway Barn	32.20515039950378	No	-77.44604631489928	144	28.189473684210526	None	32.41671700416101	24.709503333430376	35.71469125738741	2.189166689082084	-79.63521300398136	16	128	NA	13
APS36036	None	D14	Female	CP+S	GP 1	Old Danville Highway Barn	32.20515039950378	No	-107.54958733850987	144	28.51578947368421	None	32.41671700416101	25.209739148155695	33.213512183760805	0.5929321938465517	-108.14251953235642	7	137	NA	14
APS36036	None	D15	Female	CP+S	GP 1	Old Danville Highway Barn	32.20515039950378	No	-107.799755269454	144	28.842105263157897	None	32.41671700416101	23.208795889254418	35.71469125738741	3.3553017446818076	-111.1550570141358	15	129	NA	15
APS36036	None	D16	Female	CP+S	GP 1	Old Danville Highway Barn	32.20515039950378	No	-179.2643942091611	144	29.16842105263158	None	32.41671700416101	22.7085600745291	36.21492707211273	1.1713962108246267	-180.43579041998575	3	141	NA	16
APS36036	None	D17	Female	CP+S	GP 1	Old Danville Highway Barn	32.20515039950378	No	-116.88919009375746	144	29.494736842105265	None	32.41671700416101	23.709031703979736	36.21492707211273	2.262033688946994	-119.15122378270446	8	136	NA	17
APS36036	None	D18	Female	CP+S	GP 1	Old Danville Highway Barn	32.20515039950378	No	-115.30479319777797	144	29.821052631578947	None	32.41671700416101	24.209267518705058	33.71374799848613	1.6001803616542054	-116.90497355943218	12	132	NA	18
APS36036	None	D19	Female	CP+S	GP 1	Old Danville Highway Barn	32.20515039950378	No	-139.98802905093234	144	30.147368421052633	None	32.41671700416101	22.7085600745291	33.213512183760805	0.5148040387567412	-140.5028330896891	11	133	NA	19
APS36036	Secondary - 1	D20	Female	CP+S	GP 1	Old Danville Highway Barn	32.20515039950378	Yes	-115.13801457714854	144	30.473684210526315	None	32.41671700416101	22.7085600745291	32.71327636903549	0.25805966378148437	-115.39607424093002	6	138	NA	20
APS36036	Secondary	D21	Female	CP+S	GP 1	Old Danville Highway Barn	32.20515039950378	Yes	-288.25422279048803	144	30.8	D+S1	32.41671700416101	14.704787038923989	32.71327636903549	0.08470459912093631	-288.338927389609	1	143	113	21
APS36036	Secondary + 1	D22	Female	CP+S	GP 1	Old Danville Highway Barn	32.20515039950378	Yes	-81.11517596874656	144	30.4	None	32.41671700416101	23.709031703979736	34.714219627936764	3.1235478570248314	-84.23872382577139	29	115	93	22
APS36036	Secondary + 2	D23	Female	CP+S	GP 1	Old Danville Highway Barn	32.20515039950378	Yes	-103.9638469949773	144	30.2	None	32.41671700416101	22.7085600745291	35.214455442662086	4.538535554762461	-108.50238254973976	27	117	78	23
APS36036	Secondary + 3	D24	Female	CP+S	GP 1	Old Danville Highway Barn	32.20515039950378	Yes	-64.68748183674853	144	30.419999999999998	None	32.41671700416101	24.209267518705058	33.213512183760805	0.7715484137320017	-65.45903025048054	16	128	NA	24
APS36036	None	D25	Female	CP+S	GP 1	Old Danville Highway Barn	32.20515039950378	No	-86.9524276907763	144	30.64	None	32.41671700416101	23.709031703979736	34.21398381321145	2.025018646065112	-88.97744633684141	18	126	NA	25
APS36036	None	D26	Female	CP+S	GP 1	Old Danville Highway Barn	32.20515039950378	No	-105.21468664969797	144	30.86	None	32.41671700416101	23.208795889254418	34.714219627936764	1.6809390943564675	-106.89562574405443	10	134	NA	26
APS36036	D27	D27	Female	CP+S	GP 1	Old Danville Highway Barn	32.20515039950378	Yes	-104.7143507878097	144	31.080000000000002	None	32.41671700416101	23.208795889254418	35.71469125738741	1.5194216289519469	-106.23377241676165	14	130	NA	27
APS36036	D28	D28	Female	CP+S	GP 1	Old Danville Highway Barn	32.20515039950378	Yes	-63.35325287171316	144	31.3	None	32.41671700416101	24.209267518705058	37.21539870156336	3.455789809477447	-66.8090426811906	28	116	101	28
APS36036	None	D29	Female	CP+S	GP 1	Old Danville Highway Barn	32.20515039950378	No	-118.80714423099582	144	31.2625	None	32.41671700416101	22.208324259803778	34.714219627936764	2.0144963356153096	-120.82164056661112	10	134	NA	29
APS36036	None	D30	Female	CP+S	GP 1	Old Danville Highway Barn	32.20515039950378	No	-142.99004422226196	144	31.225	None	32.41671700416101	21.70808844507846	35.71469125738741	1.3447512754851736	-144.3347954977471	8	136	NA	30
APS36036	None	D31	Female	CP+S	GP 1	Old Danville Highway Barn	32.20515039950378	No	-101.04522113396243	144	31.1875	None	32.41671700416101	22.208324259803778	34.714219627936764	3.8635293394074255	-104.90875047336985	21	123	NA	31
APS36036	None	D32	Female	CP+S	GP 1	Old Danville Highway Barn	32.20515039950378	No	-166.7559976619545	144	31.15	None	32.41671700416101	22.208324259803778	35.214455442662086	0.671060348936361	-167.42705801089087	3	141	NA	32
APS36036	None	D33	Female	CP+S	GP 1	Old Danville Highway Barn	32.20515039950378	No	-105.04790802906855	144	31.1125	None	32.41671700416101	23.709031703979736	36.715162886838044	3.433429899771617	-108.48133792884016	11	133	NA	33
APS36036	None	D34	Female	CP+S	GP 1	Old Danville Highway Barn	32.20515039950378	No	-94.37407630878556	144	31.075	None	32.41671700416101	22.208324259803778	35.214455442662086	3.1103949689625763	-97.48447127774814	19	125	NA	34
APS36057	Basal TC-1	D-8	Male	CP	GP 2	Old Danville Highway Barn	32.1079978070574	Yes	-155.15448905869923	144	16.1	None	32.668343699822074	21.67289193302892	34.9961796042618	2.4871602674320887	-157.64164932613133	12	132	NA	-8
APS36057	Basal TC	D-7	Male	CP	GP 2	Old Danville Highway Barn	32.1079978070574	Yes	-123.40252857163685	144	16.4	Primary	32.668343699822074	15.751430745814307	34.9961796042618	4.3235462482250995	-127.72607481986195	37	107	225	-7
APS36057	Basal TC + 1	D-6	Male	CP	GP 2	Old Danville Highway Barn	32.1079978070574	Yes	-57.430838647740345	144	17.2	None	32.668343699822074	22.659802130898022	37.46345509893455	21.317371330808353	-78.7482099785487	67	77	108	-6
APS36057	Pre	D-5	Male	CP	GP 2	Old Danville Highway Barn	32.1079978070574	Yes	-18.44008924134766	144	17.816666666666666	None	32.668343699822074	25.12707762557078	34.9961796042618	12.791423191380892	-31.23151243272855	51	93	NA	-5
APS36057	Pre	D-4	Male	CP	GP 2	Old Danville Highway Barn	32.1079978070574	Yes	-62.20185861729895	144	18.433333333333334	None	32.668343699822074	24.140167427701677	34.9961796042618	14.257592451353373	-76.45945106865233	59	85	NA	-4
APS36057	Pre	D-3	Male	CP	GP 2	Old Danville Highway Barn	32.1079978070574	Yes	16.02641709046359	144	19.049999999999997	None	32.668343699822074	30.06162861491629	36.476544901065445	21.261801116776397	-5.235384026312808	92	52	29	-3
APS36057	Pre	D-2	Male	CP	GP 2	Old Danville Highway Barn	32.1079978070574	Yes	-17.370722696446574	144	19.666666666666664	None	32.668343699822074	26.60744292237443	35.489634703196344	15.041502222666022	-32.412224919112596	69	75	26	-2
APS36057	Primary - 1	D-1	Male	CP	GP 2	Old Danville Highway Barn	32.1079978070574	Yes	-68.53579892171295	144	20.28333333333333	None	32.668343699822074	23.153257229832576	35.489634703196344	9.43329773658345	-77.96909665829641	43	101	25	-1
APS36057	Primary	D0	Male	CP	GP 2	Old Danville Highway Barn	32.1079978070574	Yes	-53.975962118060025	144	20.9	D+P2	32.668343699822074	16.244885844748858	39.437275494672754	47.02334926928487	-100.99931138734489	84	60	183	0
APS36057	Primary + 1	D1	Male	CP	GP 2	Old Danville Highway Barn	32.1079978070574	Yes	1.3020623568258538	144	19.8	None	32.668343699822074	26.60744292237443	37.46345509893455	25.87070138188038	-24.568639025054527	85	59	169	1
APS36057	Primary + 2	D2	Male	CP	GP 2	Old Danville Highway Barn	32.1079978070574	Yes	2.947241656673646	144	19.5	None	32.668343699822074	29.568173515981737	35.489634703196344	13.23420321836361	-10.286961561689964	62	82	184	2
APS36057	Primary + 3	D3	Male	CP	GP 2	Old Danville Highway Barn	32.1079978070574	Yes	-67.63095030679666	144	19.63684210526316	None	32.668343699822074	23.646712328767126	34.9961796042618	7.766328893545089	-75.39727920034176	38	106	NA	3
APS36057	None	D4	Male	CP	GP 2	Old Danville Highway Barn	32.1079978070574	No	-57.842133472702294	144	19.773684210526316	None	32.668343699822074	24.140167427701677	34.502724505327244	5.170323666869719	-63.012457139572014	35	109	NA	4
APS36057	None	D5	Male	CP	GP 2	Old Danville Highway Barn	32.1079978070574	No	-93.460265314407	144	19.910526315789475	None	32.668343699822074	23.153257229832576	34.502724505327244	6.133243478057667	-99.59350879246466	37	107	NA	5
APS36057	None	D6	Male	CP	GP 2	Old Danville Highway Barn	32.1079978070574	No	-92.22638083952116	144	20.04736842105263	None	32.668343699822074	23.153257229832576	34.0092694063927	3.0823643400392156	-95.30874517956038	24	120	NA	6
APS36057	None	D7	Male	CP	GP 2	Old Danville Highway Barn	32.1079978070574	No	-51.75497006326547	144	20.18421052631579	None	32.668343699822074	24.633622526636227	35.489634703196344	5.5017577523694445	-57.25672781563492	28	116	NA	7
APS36057	None	D8	Male	CP	GP 2	Old Danville Highway Barn	32.1079978070574	No	-158.5271066233872	144	20.321052631578947	None	32.668343699822074	21.67289193302892	33.51581430745814	1.0669683193708992	-159.5940749427581	7	137	NA	8
APS36057	None	D9	Male	CP	GP 2	Old Danville Highway Barn	32.1079978070574	No	-106.04588695824262	144	20.457894736842107	None	32.668343699822074	24.140167427701677	34.502724505327244	1.301651329987704	-107.34753828823033	8	136	NA	9
APS36057	None	D10	Male	CP	GP 2	Old Danville Highway Barn	32.1079978070574	No	-137.8801064102974	144	20.594736842105263	None	32.668343699822074	22.659802130898022	34.0092694063927	0.7621202281220723	-138.64222663841946	5	139	NA	10
APS36057	None	D11	Male	CP	GP 2	Old Danville Highway Barn	32.1079978070574	No	-26.090172985639885	144	20.731578947368423	None	32.668343699822074	25.620532724505328	34.9961796042618	9.675278180500293	-35.76545116614018	57	87	NA	11
APS36057	None	D12	Male	CP	GP 2	Old Danville Highway Barn	32.1079978070574	No	-184.8499754209519	144	20.86842105263158	None	32.668343699822074	22.166347031963475	33.022359208523596	0.1524240456244147	-185.0023994665763	1	143	NA	12
APS36057	None	D13	Male	CP	GP 2	Old Danville Highway Barn	32.1079978070574	No	-194.55653329005386	144	21.00526315789474	None	32.668343699822074	22.166347031963475	33.022359208523596	0.5976022981372933	-195.15413558819114	5	139	NA	13
APS36057	None	D14	Male	CP	GP 2	Old Danville Highway Barn	32.1079978070574	No	-154.4964173387601	144	21.142105263157895	None	32.668343699822074	22.659802130898022	33.022359208523596	0.5855084137769276	-155.08192575253705	6	138	NA	14
APS36057	None	D15	Male	CP	GP 2	Old Danville Highway Barn	32.1079978070574	No	-138.12688330527456	144	21.278947368421054	None	32.668343699822074	23.153257229832576	34.0092694063927	2.2282894880945565	-140.35517279336912	13	131	NA	15
APS36057	None	D16	Male	CP	GP 2	Old Danville Highway Barn	32.1079978070574	No	-173.33372032201734	144	21.41578947368421	None	32.668343699822074	21.67289193302892	33.51581430745814	0.9024503893861214	-174.23617071140347	7	137	NA	16
APS36057	None	D17	Male	CP	GP 2	Old Danville Highway Barn	32.1079978070574	No	-116.57503447726849	144	21.55263157894737	None	32.668343699822074	23.153257229832576	36.476544901065445	3.977517296125301	-120.55255177339379	18	126	NA	17
APS36057	None	D18	Male	CP	GP 2	Old Danville Highway Barn	32.1079978070574	No	-102.75552835854704	144	21.689473684210526	None	32.668343699822074	22.166347031963475	34.0092694063927	1.253275792546244	-104.00880415109329	12	132	NA	18
APS36057	None	D19	Male	CP	GP 2	Old Danville Highway Barn	32.1079978070574	No	-129.9009868060356	144	21.826315789473686	None	32.668343699822074	23.153257229832576	32.52890410958904	0.2104952418960737	-130.11148204793167	3	141	NA	19
APS36057	Secondary + 1	D22	Male	CP	GP 2	Old Danville Highway Barn	32.1079978070574	Yes	-100.87213818151609	144	22.9	None	32.668343699822074	23.068621745788672	33.99113323124043	2.8679640017958756	-103.74010218331198	21	123	209	22
APS36057	Secondary + 2	D23	Male	CP	GP 2	Old Danville Highway Barn	32.1079978070574	Yes	-97.89267563940277	144	23.1	None	32.668343699822074	22.572143950995407	34.984088820826955	1.3526695242019717	-99.24534516360474	8	136	165	23
APS36057	Secondary + 3	D24	Male	CP	GP 2	Old Danville Highway Barn	32.1079978070574	Yes	-112.95551404675345	144	23	None	32.668343699822074	23.068621745788672	32.9981776416539	0.27965323849763857	-113.2351672852511	3	141	NA	24
APS36057	None	D25	Male	CP	GP 2	Old Danville Highway Barn	32.1079978070574	No	-105.09304344950998	144	22.900000000000002	None	32.668343699822074	23.56509954058193	34.48761102603369	1.5010625026292097	-106.59410595213919	9	135	NA	25
APS36057	None	D26	Male	CP	GP 2	Old Danville Highway Barn	32.1079978070574	No	-172.46200204062788	144	22.8	None	32.668343699822074	22.572143950995407	32.9981776416539	0.21402310846243772	-172.67602514909032	2	142	NA	26
APS36057	D27	D27	Male	CP	GP 2	Old Danville Highway Barn	32.1079978070574	Yes	-160.13033763021443	144	22.700000000000003	None	32.668343699822074	22.075666156202143	32.00522205206738	0	-160.13033763021443	0	144	NA	27
APS36057	D28	D28	Male	CP	GP 2	Old Danville Highway Barn	32.1079978070574	Yes	-64.53924773741197	144	22.6	None	32.668343699822074	22.075666156202143	34.984088820826955	1.3526695242019728	-65.89191726161394	8	136	178	28
APS36057	None	D29	Male	CP	GP 2	Old Danville Highway Barn	32.1079978070574	No	-169.73082804369068	144	22.275000000000002	None	32.668343699822074	22.572143950995407	32.00522205206738	0	-169.73082804369068	0	144	NA	29
APS36057	None	D30	Male	CP	GP 2	Old Danville Highway Barn	32.1079978070574	No	-125.2044156087749	144	21.950000000000003	None	32.668343699822074	23.068621745788672	32.501699846860646	0.19689039010560255	-125.4013059988805	3	141	NA	30
APS36057	None	D31	Male	CP	GP 2	Old Danville Highway Barn	32.1079978070574	No	-165.7582113208729	144	21.625	None	32.668343699822074	22.075666156202143	31.50874425727412	0	-165.7582113208729	0	144	NA	31
APS36057	None	D32	Male	CP	GP 2	Old Danville Highway Barn	32.1079978070574	No	-133.56346329637063	144	21.3	None	32.668343699822074	21.57918836140888	32.00522205206738	0	-133.56346329637063	0	144	NA	32
APS36103	Basal TC-1	D-5	Female	CS	GP 1	Old Danville Highway Barn	33.17175904381728	Yes	-84.91065220441017	144	18.35	None	32.714198461173865	22.72299822487769	36.7407379024693	10.684381345237922	-95.5950335496481	70	74	NA	-5
APS36103	Basal TC	D-4	Female	CS	GP 1	Old Danville Highway Barn	33.17175904381728	Yes	-209.25951771652572	144	19.1	Secondary	32.714198461173865	14.712861266253917	35.73947078264133	4.6060586346482815	-213.865576351174	17	127	207	-4
APS36103	Basal TC + 1	D-3	Female	CS	GP 1	Old Danville Highway Barn	33.17175904381728	Yes	-18.146160654281015	144	20.7	None	32.714198461173865	27.228700264103562	36.7407379024693	16.004021719900944	-34.15018237418196	68	76	108	-3
APS36103	Pre	D-2	Female	CS	GP 1	Old Danville Highway Barn	33.17175904381728	Yes	-55.116997850165035	144	21.933333333333334	None	32.714198461173865	24.224898904619646	35.73947078264133	11.233672039328955	-66.35066988949399	59	85	NA	-2
APS36103	Primary - 1	D-1	Female	CS	GP 1	Old Danville Highway Barn	33.17175904381728	Yes	-9.132954295013576	144	23.166666666666664	None	32.714198461173865	26.728066704189576	36.7407379024693	17.269235594091143	-26.40218988910472	77	67	NA	-1
APS36103	Primary	D0	Female	CS	GP 1	Old Danville Highway Barn	33.17175904381728	Yes	31.6768411650029	144	24.4	None	32.714198461173865	24.224898904619646	37.24137146238328	49.50958333941189	-17.832742174408985	126	18	293	0
APS36103	Primary + 1	D1	Female	CS	GP 1	Old Danville Highway Barn	33.17175904381728	Yes	17.906664782788727	144	21.9	None	32.714198461173865	31.233768743415453	36.7407379024693	23.048913196769927	-5.1422484139812	110	34	194	1
APS36103	Primary + 2	D2	Female	CS	GP 1	Old Danville Highway Barn	33.17175904381728	Yes	-46.354158334210595	144	23.4	None	32.714198461173865	25.22616602444762	36.7407379024693	8.670687124060375	-55.02484545827097	69	75	142	2
APS36103	Primary + 3	D3	Female	CS	GP 1	Old Danville Highway Barn	33.17175904381728	Yes	-20.983651545161514	144	23.74736842105263	None	32.714198461173865	28.73060094384552	37.24137146238328	6.264132705860665	-27.247784251022182	47	97	37	3
APS36103	None	D4	Female	CS	GP 1	Old Danville Highway Barn	33.17175904381728	No	-6.295463404133101	144	24.094736842105263	None	32.714198461173865	28.73060094384552	36.24010434255531	10.738178718606216	-17.033642122739316	75	69	30	4
APS36103	None	D5	Female	CS	GP 1	Old Danville Highway Barn	33.17175904381728	No	-100.26648526093986	144	24.44210526315789	None	32.714198461173865	23.223631784791678	35.73947078264133	3.041920909680031	-103.30840617061989	19	125	23	5
APS36103	None	D6	Female	CS	GP 1	Old Danville Highway Barn	33.17175904381728	No	-81.23860516915306	144	24.789473684210524	None	32.714198461173865	22.72299822487769	35.73947078264133	5.7930572603040575	-87.03166242945713	42	102	NA	6
APS36103	None	D7	Female	CS	GP 1	Old Danville Highway Barn	33.17175904381728	No	-70.38937529225707	144	25.136842105263156	None	32.714198461173865	24.725532464533636	36.7407379024693	6.000386204922403	-76.38976149717948	38	106	NA	7
APS36103	None	D8	Female	CS	GP 1	Old Danville Highway Barn	33.17175904381728	No	-86.74667572203872	144	25.48421052631579	None	32.714198461173865	23.72426534470566	34.73820366281335	4.947741641253786	-91.6944173632925	41	103	NA	8
APS36103	None	D9	Female	CS	GP 1	Old Danville Highway Barn	33.17175904381728	No	-93.50658049148929	144	25.83157894736842	None	32.714198461173865	23.223631784791678	36.24010434255531	7.4944479730782625	-101.00102846456755	45	99	NA	9
APS36103	None	D10	Female	CS	GP 1	Old Danville Highway Barn	33.17175904381728	No	-66.46696141368699	144	26.178947368421053	None	32.714198461173865	23.72426534470566	36.7407379024693	6.856461298646337	-73.32342271233333	40	104	NA	10
APS36103	None	D11	Female	CS	GP 1	Old Danville Highway Barn	33.17175904381728	No	-120.1289214971033	144	26.526315789473685	None	32.714198461173865	22.72299822487769	35.73947078264133	2.7403768759503646	-122.86929837305367	22	122	NA	11
APS36103	None	D12	Female	CS	GP 1	Old Danville Highway Barn	33.17175904381728	No	-104.5227215972606	144	26.873684210526314	None	32.714198461173865	23.223631784791678	35.73947078264133	3.1495156564166313	-107.67223725367722	29	115	NA	12
APS36103	None	D13	Female	CS	GP 1	Old Danville Highway Barn	33.17175904381728	No	-151.257865682351	144	27.221052631578946	None	32.714198461173865	22.72299822487769	35.238837222727334	2.7080984519293865	-153.9659641342804	19	125	NA	13
APS36103	None	D14	Female	CS	GP 1	Old Danville Highway Barn	33.17175904381728	No	-103.18743176625802	144	27.568421052631578	None	32.714198461173865	24.224898904619646	35.73947078264133	1.5074414257811444	-104.69487319203917	16	128	NA	14
APS36103	None	D15	Female	CS	GP 1	Old Danville Highway Barn	33.17175904381728	No	-99.26501788768793	144	27.91578947368421	None	32.714198461173865	22.72299822487769	35.73947078264133	4.589780051204194	-103.85479793889212	31	113	NA	15
APS36103	None	D16	Female	CS	GP 1	Old Danville Highway Barn	33.17175904381728	No	-166.36333189556774	144	28.263157894736842	None	32.714198461173865	22.222364664963703	35.238837222727334	1.232935450169219	-167.59626734573695	6	138	NA	16
APS36103	None	D17	Female	CS	GP 1	Old Danville Highway Barn	33.17175904381728	No	-91.67055697386074	144	28.610526315789475	None	32.714198461173865	22.72299822487769	35.73947078264133	5.060855496760804	-96.73141247062155	36	108	NA	17
APS36103	None	D18	Female	CS	GP 1	Old Danville Highway Barn	33.17175904381728	No	-144.1641384551498	144	28.957894736842107	None	32.714198461173865	22.222364664963703	35.73947078264133	1.6528337053091453	-145.81697216045893	14	130	NA	18
APS36103	None	D19	Female	CS	GP 1	Old Danville Highway Barn	33.17175904381728	No	-132.31344120500188	144	29.305263157894736	None	32.714198461173865	22.222364664963703	36.24010434255531	5.811956026699756	-138.12539723170164	36	108	NA	19
APS36103	Secondary - 1	D20	Female	CS	GP 1	Old Danville Highway Barn	33.17175904381728	Yes	-98.26355051443599	144	29.652631578947368	None	32.714198461173865	23.223631784791678	36.24010434255531	9.798926753311811	-108.06247726774781	42	102	NA	20
APS36103	Secondary	D21	Female	CS	GP 1	Old Danville Highway Barn	33.17175904381728	Yes	-263.3387558721303	144	30	D+S1	32.714198461173865	14.712861266253917	36.7407379024693	4.046008465883586	-267.3847643380139	27	117	116	21
APS36103	Secondary + 1	D22	Female	CS	GP 1	Old Danville Highway Barn	33.17175904381728	Yes	-93.5065804914893	144	29.4	None	32.714198461173865	22.222364664963703	36.7407379024693	10.552647466202384	-104.05922795769168	50	94	92	22
APS36103	Secondary + 2	D23	Female	CS	GP 1	Old Danville Highway Barn	33.17175904381728	Yes	-134.1494647226304	144	31.7	None	32.714198461173865	22.72299822487769	36.24010434255531	4.65171671629454	-138.80118143892494	29	115	80	23
APS36103	Secondary + 3	D24	Female	CS	GP 1	Old Danville Highway Barn	33.17175904381728	Yes	-82.57389500015563	144	31.48	None	32.714198461173865	24.224898904619646	36.7407379024693	6.250753048235389	-88.82464804839103	38	106	NA	24
APS36103	None	D25	Female	CS	GP 1	Old Danville Highway Barn	33.17175904381728	No	-117.20797499178515	144	31.26	None	32.714198461173865	22.222364664963703	37.24137146238328	6.062322870012742	-123.27029786179789	36	108	NA	25
APS36103	None	D26	Female	CS	GP 1	Old Danville Highway Barn	33.17175904381728	No	-161.77327310149636	144	31.04	None	32.714198461173865	22.222364664963703	35.238837222727334	2.5734656470750417	-164.3467387485714	22	122	NA	26
APS36103	D27	D27	Female	CS	GP 1	Old Danville Highway Barn	33.17175904381728	Yes	-100.51685210425288	144	30.82	None	32.714198461173865	22.222364664963703	36.7407379024693	8.727383423247483	-109.24423552750036	51	93	NA	27
APS36103	D28	D28	Female	CS	GP 1	Old Danville Highway Barn	33.17175904381728	Yes	-126.22118135105256	144	30.6	None	32.714198461173865	23.223631784791678	35.73947078264133	3.7229454828065993	-129.94412683385917	28	116	99	28
APS36103	None	D29	Female	CS	GP 1	Old Danville Highway Barn	33.17175904381728	No	-182.9709991686624	144	NA	None	32.714198461173865	22.222364664963703	34.73820366281335	2.061972485775411	-185.03297165443777	21	123	NA	29
APS36103	None	D30	Female	CS	GP 1	Old Danville Highway Barn	33.17175904381728	No	-86.9970425653517	144	NA	None	32.714198461173865	22.222364664963703	35.238837222727334	6.202196040770325	-93.19923860612204	49	95	NA	30
APS36103	None	D31	Female	CS	GP 1	Old Danville Highway Barn	33.17175904381728	No	-89.75107784179454	144	NA	None	32.714198461173865	21.721731105049717	36.24010434255531	6.358347794971987	-96.10942563676653	48	96	NA	31
APS36103	None	D32	Female	CS	GP 1	Old Danville Highway Barn	33.17175904381728	No	-124.05133537567339	144	NA	None	32.714198461173865	22.222364664963703	35.73947078264133	3.033781617957987	-127.08511699363137	26	118	NA	32
APS36103	None	D33	Female	CS	GP 1	Old Danville Highway Barn	33.17175904381728	No	-190.64891569692722	144	NA	None	32.714198461173865	22.222364664963703	35.73947078264133	2.4146937099217585	-193.06360940684897	15	129	NA	33
APS36103	None	D34	Female	CS	GP 1	Old Danville Highway Barn	33.17175904381728	No	-78.31765866383492	144	NA	None	32.714198461173865	22.222364664963703	35.238837222727334	5.06347567971242	-83.38113434354733	44	100	NA	34
APS36106	Basal TC-1	D-5	Female	CP+S	GP 1	Warriors Mark Farmhouse	32.29428463245063	Yes	16.667689831636178	144	25.1	None	32.41671700416101	29.511411042944786	37.46723926380368	25.970890958072843	-9.303201126436669	95	49	NA	-5
APS36106	Basal TC	D-4	Female	CP+S	GP 1	Warriors Mark Farmhouse	32.29428463245063	Yes	-119.02288866529632	144	25.4	Dual	32.41671700416101	16.0859509202454	34.98104294478528	4.664794646549249	-123.68768331184556	23	121	200	-4
APS36106	Basal TC + 1	D-3	Female	CP+S	GP 1	Warriors Mark Farmhouse	32.29428463245063	Yes	10.699625291758876	144	27.5	None	32.41671700416101	29.014171779141105	37.46723926380368	27.593864128431566	-16.89423883667269	89	55	108	-3
APS36106	Pre	D-2	Female	CP+S	GP 1	Warriors Mark Farmhouse	32.29428463245063	Yes	7.384033880715936	144	27.1	None	32.41671700416101	28.019693251533745	35.97552147239264	18.756701937300566	-11.37266805658463	85	59	NA	-2
APS36106	Primary - 1	D-1	Female	CP+S	GP 1	Warriors Mark Farmhouse	32.29428463245063	Yes	-21.79317053646197	144	26.7	None	32.41671700416101	25.53349693251534	35.47828220858896	17.676357026957746	-39.46952756341972	75	69	NA	-1
APS36106	Primary	D0	Female	CP+S	GP 1	Warriors Mark Farmhouse	32.29428463245063	Yes	11.942972070899986	144	26.3	D+P1	32.41671700416101	27.522453987730064	38.958957055214725	31.32251561497794	-19.379543544077954	84	60	178	0
APS36106	Primary + 1	D1	Female	CP+S	GP 1	Warriors Mark Farmhouse	32.29428463245063	Yes	41.12017648807789	144	28.4	None	32.41671700416101	31.00312883435583	36.472760736196314	41.517214146876874	-0.39703765879898956	141	3	167	1
APS36106	Primary + 2	D2	Female	CP+S	GP 1	Warriors Mark Farmhouse	32.29428463245063	Yes	54.299652346973595	144	26.3	None	32.41671700416101	32.992085889570554	36.97	54.299652346973595	0	144	0	142	2
APS36106	Primary + 3	D3	Female	CP+S	GP 1	Warriors Mark Farmhouse	32.29428463245063	Yes	51.14984050648279	144	26.63684210526316	None	32.41671700416101	32.49484662576687	37.96447852760736	51.14984050648279	0	144	0	37	3
APS36106	None	D4	Female	CP+S	GP 1	Warriors Mark Farmhouse	32.29428463245063	No	16.501910261084024	144	26.973684210526315	None	32.41671700416101	23.047300613496933	36.472760736196314	37.317713378575185	-20.81580311749116	122	22	30	4
APS36106	None	D5	Female	CP+S	GP 1	Warriors Mark Farmhouse	32.29428463245063	No	-29.916369493517188	144	27.310526315789474	None	32.41671700416101	23.047300613496933	33.98656441717792	7.578436789104249	-37.49480628262144	68	76	23	5
APS36106	None	D6	Female	CP+S	GP 1	Warriors Mark Farmhouse	32.29428463245063	No	-100.12401762235152	144	27.647368421052633	None	32.41671700416101	23.047300613496933	32.992085889570554	0.466682729124496	-100.59070035147602	9	135	NA	6
APS36106	None	D7	Female	CP+S	GP 1	Warriors Mark Farmhouse	32.29428463245063	No	-60.419810475112264	144	27.984210526315792	None	32.41671700416101	22.55006134969325	34.98104294478528	4.94828653754022	-65.36809701265248	29	115	NA	7
APS36106	None	D8	Female	CP+S	GP 1	Warriors Mark Farmhouse	32.29428463245063	No	-99.04645041376256	144	28.321052631578947	None	32.41671700416101	23.544539877300615	33.48932515337423	0.5161388301147527	-99.56258924387731	8	136	NA	8
APS36106	None	D9	Female	CP+S	GP 1	Warriors Mark Farmhouse	32.29428463245063	No	-57.43577820517361	144	28.657894736842106	None	32.41671700416101	25.03625766871166	34.483803680981595	3.155367243998543	-60.59114544917215	20	124	NA	9
APS36106	None	D10	Female	CP+S	GP 1	Warriors Mark Farmhouse	32.29428463245063	No	-21.544501180633745	144	28.994736842105265	None	32.41671700416101	27.025214723926386	35.47828220858896	7.821550741424729	-29.366051922058475	48	96	NA	10
APS36106	None	D11	Female	CP+S	GP 1	Warriors Mark Farmhouse	32.29428463245063	No	-108.08143700885459	144	29.331578947368424	None	32.41671700416101	22.55006134969325	34.483803680981595	2.7409183176181755	-110.82235532647277	20	124	NA	11
APS36106	None	D12	Female	CP+S	GP 1	Warriors Mark Farmhouse	32.29428463245063	No	-105.01451495363987	144	29.66842105263158	None	32.41671700416101	23.047300613496933	33.98656441717792	0.713963234075782	-105.72847818771565	4	140	NA	12
APS36106	None	D13	Female	CP+S	GP 1	Warriors Mark Farmhouse	32.29428463245063	No	-109.57345314382393	144	30.00526315789474	None	32.41671700416101	22.55006134969325	34.98104294478528	0.631073448799709	-110.20452659262362	4	140	NA	13
APS36106	None	D14	Female	CP+S	GP 1	Warriors Mark Farmhouse	32.29428463245063	No	-96.97420578186073	144	30.342105263157897	None	32.41671700416101	22.55006134969325	32.992085889570554	0.2660806234095977	-97.24028640527033	3	141	NA	14
APS36106	None	D15	Female	CP+S	GP 1	Warriors Mark Farmhouse	32.29428463245063	No	-131.04190753032697	144	30.678947368421056	None	32.41671700416101	22.55006134969325	32.49484662576687	0.033433684285816376	-131.0753412146128	1	143	NA	15
APS36106	None	D16	Female	CP+S	GP 1	Warriors Mark Farmhouse	32.29428463245063	No	-101.781813327873	144	31.01578947368421	None	32.41671700416101	23.047300613496933	35.47828220858896	2.456037575750265	-104.23785090362325	9	135	NA	16
APS36106	None	D17	Female	CP+S	GP 1	Warriors Mark Farmhouse	32.29428463245063	No	-72.521719125419	144	31.35263157894737	None	32.41671700416101	23.544539877300615	34.98104294478528	2.690073365750983	-75.21179249116999	16	128	NA	17
APS36106	None	D18	Female	CP+S	GP 1	Warriors Mark Farmhouse	32.29428463245063	No	-137.42442099658464	144	31.68947368421053	None	32.41671700416101	22.052822085889574	33.48932515337423	0.1992132548379638	-137.62363425142263	1	143	NA	18
APS36106	Secondary	D21	Female	CP+S	GP 1	Warriors Mark Farmhouse	32.29428463245063	Yes	-296.8018802241213	144	32.7	D+S1	32.41671700416101	14.767868627891307	32.66790455872445	0.062282441709845496	-296.86416266583115	1	143	123	21
APS36106	Secondary + 1	D22	Female	CP+S	GP 1	Warriors Mark Farmhouse	32.29428463245063	Yes	-95.80063647552481	144	33.6	None	32.41671700416101	23.71788659330788	35.15402066022905	1.3266622075535064	-97.12729868307832	4	140	94	22
APS36106	Secondary + 2	D23	Female	CP+S	GP 1	Warriors Mark Farmhouse	32.29428463245063	Yes	-131.0276585757943	144	33.6	None	32.41671700416101	22.22621693240512	35.651243880529975	1.1402833167908608	-132.16794189258516	5	139	80	23
APS36106	Secondary + 3	D24	Female	CP+S	GP 1	Warriors Mark Farmhouse	32.29428463245063	Yes	-148.43395184886862	144	33.38	None	32.41671700416101	21.7289937121042	34.15957421962721	0.808734873494207	-149.24268672236283	5	139	NA	24
APS36106	None	D25	Female	CP+S	GP 1	Warriors Mark Farmhouse	32.29428463245063	No	-134.34314300876085	144	33.160000000000004	None	32.41671700416101	22.22621693240512	34.15957421962721	0.37322621589218075	-134.71636922465302	2	142	NA	25
APS36106	None	D26	Female	CP+S	GP 1	Warriors Mark Farmhouse	32.29428463245063	No	-143.543612310243	144	32.94	None	32.41671700416101	22.22621693240512	34.15957421962721	0.31094377418233526	-143.85455608442533	1	143	NA	26
APS36106	D27	D27	Female	CP+S	GP 1	Warriors Mark Farmhouse	32.29428463245063	Yes	-111.71496175376421	144	32.72	None	32.41671700416101	22.22621693240512	35.15402066022905	1.3477353110347146	-113.06269706479893	7	137	NA	27
APS36106	D28	D28	Female	CP+S	GP 1	Warriors Mark Farmhouse	32.29428463245063	Yes	-118.76036617381811	144	32.5	None	32.41671700416101	22.72344015270604	30.181788457219852	0	-118.76036617381811	0	144	100	28
APS36106	None	D29	Female	CP+S	GP 1	Warriors Mark Farmhouse	32.29428463245063	No	-125.63999637222368	144	32.5	None	32.41671700416101	22.22621693240512	32.17068133842353	0	-125.63999637222368	0	144	NA	29
APS36106	None	D30	Female	CP+S	GP 1	Warriors Mark Farmhouse	32.29428463245063	No	-157.05421137458163	144	32.5	None	32.41671700416101	21.7289937121042	33.66235099932629	0.6635653209601975	-157.71777669554183	4	140	NA	30
APS36106	None	D31	Female	CP+S	GP 1	Warriors Mark Farmhouse	32.29428463245063	No	-161.1985669157898	144	32.5	None	32.41671700416101	21.231770491803278	34.15957421962721	0.6429606518458801	-161.84152756763567	5	139	NA	31
APS36106	None	D32	Female	CP+S	GP 1	Warriors Mark Farmhouse	32.29428463245063	No	-172.80276243117268	144	32.5	None	32.41671700416101	21.7289937121042	32.66790455872445	0.062282441709845496	-172.86504487288255	1	143	NA	32
APS36106	None	D33	Female	CP+S	GP 1	Warriors Mark Farmhouse	32.29428463245063	No	-167.49798733842624	144	32.5	None	32.41671700416101	22.22621693240512	31.673458118122614	0	-167.49798733842624	0	144	NA	33
APS36106	None	D34	Female	CP+S	GP 1	Warriors Mark Farmhouse	32.29428463245063	No	-158.9606149235374	144	32.5	None	32.41671700416101	22.22621693240512	30.679011677520773	0	-158.9606149235374	0	144	NA	34
APS36108	Basal TC-1	D-8	Male	CP+S	GP 2	Old Danville Highway Barn	32.461941086250455	Yes	-82.68012287802242	144	25.200000000000003	None	32.41671700416101	22.55006134969325	35.97552147239264	4.939256028509546	-87.61937890653196	24	120	NA	-8
APS36108	Basal TC	D-7	Male	CP+S	GP 2	Old Danville Highway Barn	32.461941086250455	Yes	-196.73646741789972	144	25.6	Dual	32.41671700416101	15.588711656441717	34.483803680981595	3.789769741519289	-200.52623715941903	26	118	206	-7
APS36108	Basal TC + 1	D-6	Male	CP+S	GP 2	Old Danville Highway Barn	32.461941086250455	Yes	-22.667918338145142	144	25.8	None	32.41671700416101	27.522453987730064	34.98104294478528	8.601643673538389	-31.26956201168353	57	87	108	-6
APS36108	Pre	D-5	Male	CP+S	GP 2	Old Danville Highway Barn	32.461941086250455	Yes	-58.642085147961076	144	25.683333333333334	None	32.41671700416101	25.03625766871166	35.47828220858896	3.839137922455764	-62.48122307041684	35	109	NA	-5
APS36108	Pre	D-4	Male	CP+S	GP 2	Old Danville Highway Barn	32.461941086250455	Yes	-131.0877574792494	144	25.566666666666666	None	32.41671700416101	23.047300613496933	35.97552147239264	3.3424086945145994	-134.430166173764	20	124	NA	-4
APS36108	Pre	D-3	Male	CP+S	GP 2	Old Danville Highway Barn	32.461941086250455	Yes	-98.59496165102857	144	25.450000000000003	None	32.41671700416101	23.047300613496933	35.47828220858896	7.386333145299497	-105.98129479632806	47	97	29	-3
APS36108	Pre	D-2	Male	CP+S	GP 2	Old Danville Highway Barn	32.461941086250455	Yes	-55.7409426632985	144	25.333333333333336	None	32.41671700416101	23.047300613496933	36.472760736196314	11.59116129691443	-67.33210396021293	58	86	26	-2
APS36108	Primary - 1	D-1	Male	CP+S	GP 2	Old Danville Highway Barn	32.461941086250455	Yes	-71.24133250992426	144	25.21666666666667	None	32.41671700416101	24.539018404907978	35.97552147239264	8.580311743504124	-79.82164425342839	38	106	25	-1
APS36108	Primary	D0	Male	CP+S	GP 2	Old Danville Highway Barn	32.461941086250455	Yes	-84.17213901299178	144	25.1	D+P2	32.41671700416101	15.091472392638035	40.450674846625766	43.48056824702268	-127.65270726001445	84	60	182	0
APS36108	Primary + 1	D1	Male	CP+S	GP 2	Old Danville Highway Barn	32.461941086250455	Yes	-30.9568968657525	144	25.9	None	32.41671700416101	23.544539877300615	36.472760736196314	24.18370433800969	-55.140601203762195	87	57	167	1
APS36108	Primary + 2	D2	Male	CP+S	GP 2	Old Danville Highway Barn	32.461941086250455	Yes	34.443143717069574	144	25.9	None	32.41671700416101	25.03625766871166	37.46723926380368	50.264731481640126	-15.821587764570555	127	17	184	2
APS36108	Primary + 3	D3	Male	CP+S	GP 2	Old Danville Highway Barn	32.461941086250455	Yes	-52.176681896427354	144	25.926315789473684	None	32.41671700416101	23.047300613496933	34.98104294478528	17.22644772825689	-69.40312962468424	88	56	NA	3
APS36108	None	D4	Male	CP+S	GP 2	Old Danville Highway Barn	32.461941086250455	No	-89.22841591483224	144	25.95263157894737	None	32.41671700416101	23.047300613496933	34.483803680981595	2.6012764967520425	-91.82969241158428	36	108	NA	4
APS36108	None	D5	Male	CP+S	GP 2	Old Danville Highway Barn	32.461941086250455	No	-168.22238128293037	144	25.97894736842105	None	32.41671700416101	21.555582822085892	31.997607361963194	0	-168.22238128293037	0	144	NA	5
APS36108	None	D6	Male	CP+S	GP 2	Old Danville Highway Barn	32.461941086250455	No	-176.84291895164205	144	26.005263157894735	None	32.41671700416101	21.555582822085892	32.49484662576687	0.0054853534373860945	-176.84840430507944	1	143	NA	6
APS36108	None	D7	Male	CP+S	GP 2	Old Danville Highway Barn	32.461941086250455	No	-87.65350999458683	144	26.03157894736842	None	32.41671700416101	22.55006134969325	33.48932515337423	0.7508839372067696	-88.4043939317936	16	128	NA	7
APS36108	None	D8	Male	CP+S	GP 2	Old Danville Highway Barn	32.461941086250455	No	-92.54400732587517	144	26.057894736842105	None	32.41671700416101	22.052822085889574	34.483803680981595	4.19873331446227	-96.74274064033744	25	119	NA	8
APS36108	None	D9	Male	CP+S	GP 2	Old Danville Highway Barn	32.461941086250455	No	-145.3448005467341	144	26.08421052631579	None	32.41671700416101	22.052822085889574	32.992085889570554	0.5406120554402517	-145.88541260217434	23	121	NA	9
APS36108	None	D10	Male	CP+S	GP 2	Old Danville Highway Barn	32.461941086250455	No	-91.46644011728623	144	26.11052631578947	None	32.41671700416101	22.052822085889574	33.98656441717792	3.5794978597527707	-95.04593797703899	33	111	NA	10
APS36108	None	D11	Male	CP+S	GP 2	Old Danville Highway Barn	32.461941086250455	No	-103.40256919704083	144	26.136842105263156	None	32.41671700416101	22.052822085889574	33.48932515337423	1.83881236895522	-105.24138156599605	33	111	NA	11
APS36108	None	D12	Male	CP+S	GP 2	Old Danville Highway Barn	32.461941086250455	No	-215.96689760194877	144	26.16315789473684	None	32.41671700416101	21.555582822085892	31.997607361963194	0	-215.96689760194877	0	144	NA	12
APS36108	None	D13	Male	CP+S	GP 2	Old Danville Highway Barn	32.461941086250455	No	-133.3257816817034	144	26.189473684210526	None	32.41671700416101	22.052822085889574	33.48932515337423	0.2925521833273105	-133.6183338650307	8	136	NA	13
APS36108	None	D14	Male	CP+S	GP 2	Old Danville Highway Barn	32.461941086250455	No	-160.51363125225555	144	26.215789473684207	None	32.41671700416101	22.052822085889574	32.49484662576687	0.054853534373860945	-160.5684847866294	10	134	NA	14
APS36108	None	D15	Male	CP+S	GP 2	Old Danville Highway Barn	32.461941086250455	No	9.32753877841926	144	26.242105263157892	None	32.41671700416101	24.0417791411043	34.98104294478528	23.060425850775815	-13.732887072356554	124	20	NA	15
APS36108	None	D16	Male	CP+S	GP 2	Old Danville Highway Barn	32.461941086250455	No	-160.3478516817034	144	26.268421052631577	None	32.41671700416101	21.555582822085892	33.48932515337423	1.9552237585708927	-162.30307544027428	24	120	NA	16
APS36108	None	D17	Male	CP+S	GP 2	Old Danville Highway Barn	32.461941086250455	No	-175.18512324612055	144	26.294736842105262	None	32.41671700416101	21.555582822085892	33.98656441717792	0.36447126172861255	-175.54959450784918	6	138	NA	17
APS36108	None	D18	Male	CP+S	GP 2	Old Danville Highway Barn	32.461941086250455	No	-125.7828112215807	144	26.321052631578947	None	32.41671700416101	21.555582822085892	34.483803680981595	3.678843705341	-129.4616549269217	36	108	NA	18
APS36108	None	D19	Male	CP+S	GP 2	Old Danville Highway Barn	32.461941086250455	No	-140.03985428906537	144	26.34736842105263	None	32.41671700416101	21.555582822085892	33.48932515337423	1.5791723062522285	-141.6190265953176	31	113	NA	19
APS36108	Secondary - 1	D20	Male	CP+S	GP 2	Old Danville Highway Barn	32.461941086250455	Yes	-152.1417629393721	144	26.373684210526314	None	32.41671700416101	22.052822085889574	34.483803680981595	0.9776118792854469	-153.11937481865755	12	132	NA	20
APS36108	Secondary	D21	Male	CP+S	GP 2	Old Danville Highway Barn	32.461941086250455	Yes	-127.60638649765433	144	26.4	D+S2	32.41671700416101	14.096993865030676	34.483803680981595	0.40835408922770017	-128.01474058688203	14	130	171	21
APS36108	Secondary + 1	D22	Male	CP+S	GP 2	Old Danville Highway Barn	32.461941086250455	Yes	18.94275387044381	144	24.8	None	32.41671700416101	24.0417791411043	34.98104294478528	27.994806009563263	-9.0520521391194535	132	12	187	22
APS36108	Secondary + 2	D23	Male	CP+S	GP 2	Old Danville Highway Barn	32.461941086250455	Yes	-39.41165496391202	144	24.2	None	32.41671700416101	22.55006134969325	34.483803680981595	12.705907012134546	-52.11756197604657	95	49	169	23
APS36108	Secondary + 3	D24	Male	CP+S	GP 2	Old Danville Highway Barn	32.461941086250455	Yes	-65.27326797004699	144	24.28	None	32.41671700416101	22.052822085889574	34.483803680981595	9.529277888172087	-74.80254585821908	75	69	NA	24
APS36108	None	D25	Male	CP+S	GP 2	Old Danville Highway Barn	32.461941086250455	No	-125.28547250992426	144	24.36	None	32.41671700416101	22.052822085889574	33.98656441717792	2.3306657271742797	-127.61613823709854	32	112	NA	25
APS36108	None	D26	Male	CP+S	GP 2	Old Danville Highway Barn	32.461941086250455	No	-29.796439871887475	144	24.44	None	32.41671700416101	22.052822085889574	34.483803680981595	20.392106145344577	-50.188546017232056	106	38	NA	26
APS36108	D27	D27	Male	CP+S	GP 2	Old Danville Highway Barn	32.461941086250455	Yes	-61.70900720317583	144	24.52	None	32.41671700416101	21.555582822085892	33.98656441717792	6.42883422861776	-68.13784143179359	84	60	NA	27
APS36108	D28	D28	Male	CP+S	GP 2	Old Danville Highway Barn	32.461941086250455	Yes	-15.953845730783202	144	24.6	None	32.41671700416101	22.55006134969325	33.98656441717792	11.733171002571192	-27.687016733354394	99	45	182	28
APS36108	None	D29	Male	CP+S	GP 2	Old Danville Highway Barn	32.461941086250455	No	-118.9029590436666	144	24.5625	None	32.41671700416101	21.05834355828221	33.48932515337423	3.4630864701370996	-122.3660455138037	42	102	NA	29
APS36108	None	D30	Male	CP+S	GP 2	Old Danville Highway Barn	32.461941086250455	No	-149.15773066943345	144	24.525000000000002	None	32.41671700416101	21.555582822085892	33.48932515337423	1.6236646174666014	-150.78139528690005	24	120	NA	30
APS36108	None	D31	Male	CP+S	GP 2	Old Danville Highway Barn	32.461941086250455	No	-98.01473315409605	144	24.4875	None	32.41671700416101	22.052822085889574	33.98656441717792	4.2749187788704015	-102.28965193296645	54	90	NA	31
APS36108	None	D32	Male	CP+S	GP 2	Old Danville Highway Barn	32.461941086250455	No	-69.08619809274637	144	24.450000000000003	None	32.41671700416101	22.052822085889574	33.98656441717792	6.572672385420365	-75.65887047816673	80	64	NA	32
APS60073	Pre	D-2	Female	NoCo	GP 1	Warriors Mark Farmhouse	33.02358082535092	Yes	-16.88256498980693	139	30.7	None	32.85259700905278	29.5604533926078	35.49178621298909	6.81977262460391	-23.70233761441084	36	103	NA	-2
APS60073	Primary - 1	D-1	Female	NoCo	GP 1	Warriors Mark Farmhouse	33.02358082535092	Yes	-42.180820477903055	144	30.15	None	32.85259700905278	27.5833424524807	36.97461941808441	5.590198996513361	-47.77101947441641	24	120	NA	-1
APS60073	Primary	D0	Female	NoCo	GP 1	Warriors Mark Farmhouse	33.02358082535092	Yes	38.567355983297794	144	29.6	None	32.85259700905278	32.03184206776667	36.480341683052636	38.81932016485449	-0.251964181556695	135	9	280	0
APS60073	Primary + 1	D1	Female	NoCo	GP 1	Warriors Mark Farmhouse	33.02358082535092	Yes	-19.769081704998317	144	30	None	32.85259700905278	28.57189792254425	35.98606394802087	8.383175878651246	-28.152257583649565	40	104	186	1
APS60073	Primary + 2	D2	Female	NoCo	GP 1	Warriors Mark Farmhouse	33.02358082535092	Yes	-46.87739808840147	144	29.6	None	32.85259700905278	26.594786982417148	35.49178621298909	3.451615015546553	-50.32901310394803	17	127	142	2
APS60073	Primary + 3	D3	Female	NoCo	GP 1	Warriors Mark Farmhouse	33.02358082535092	Yes	-16.30844557094687	144	29.710526315789476	None	32.85259700905278	26.594786982417148	36.97461941808441	19.498689356228294	-35.80713492717516	55	89	37	3
APS60073	None	D4	Female	NoCo	GP 1	Warriors Mark Farmhouse	33.02358082535092	No	-44.15832684021818	144	29.821052631578947	None	32.85259700905278	23.6291205722265	36.97461941808441	17.93581675621067	-62.09414359642885	50	94	30	4
APS60073	None	D5	Female	NoCo	GP 1	Warriors Mark Farmhouse	33.02358082535092	No	-63.85099436493961	144	29.931578947368422	None	32.85259700905278	26.10050924738538	36.97461941808441	2.3836496601374	-66.234644025077	11	133	23	5
APS60073	None	D6	Female	NoCo	GP 1	Warriors Mark Farmhouse	33.02358082535092	No	-85.85075264569535	144	30.042105263157897	None	32.85259700905278	24.617676042290054	34.00895300789377	0.8202464060900652	-86.67099905178542	7	137	NA	6
APS60073	None	D7	Female	NoCo	GP 1	Warriors Mark Farmhouse	33.02358082535092	No	-70.11309784560414	144	30.152631578947368	None	32.85259700905278	25.606231512353602	34.50323074292554	1.1498307998092534	-71.26292864541341	7	137	NA	7
APS60073	None	D8	Female	NoCo	GP 1	Warriors Mark Farmhouse	33.02358082535092	No	-131.415795077373	144	30.263157894736842	None	32.85259700905278	23.6291205722265	33.02039753783022	0	-131.415795077373	0	144	NA	8
APS60073	None	D9	Female	NoCo	GP 1	Warriors Mark Farmhouse	33.02358082535092	No	-93.10160930751748	144	30.373684210526317	None	32.85259700905278	23.6291205722265	33.02039753783022	0	-93.10160930751748	0	144	NA	9
APS60073	None	D10	Female	NoCo	GP 1	Warriors Mark Farmhouse	33.02358082535092	No	-51.326787403610496	144	30.48421052631579	None	32.85259700905278	27.089064717448924	36.480341683052636	3.2884147807760624	-54.615202184386554	14	130	NA	10
APS60073	None	D11	Female	NoCo	GP 1	Warriors Mark Farmhouse	33.02358082535092	No	-166.10455251631748	144	30.594736842105263	None	32.85259700905278	22.146287367131176	34.99750847795732	0.9860999110090614	-167.09065242732655	5	139	NA	11
APS60073	None	D12	Female	NoCo	GP 1	Warriors Mark Farmhouse	33.02358082535092	No	-102.08278403636533	144	30.705263157894738	None	32.85259700905278	24.123398307258277	34.00895300789377	0.1642615428298937	-102.24704557919522	1	143	NA	12
APS60073	None	D13	Female	NoCo	GP 1	Warriors Mark Farmhouse	33.02358082535092	No	-143.52802154655313	144	30.815789473684212	None	32.85259700905278	23.13484283719473	33.02039753783022	0	-143.52802154655313	0	144	NA	13
APS60073	None	D14	Female	NoCo	GP 1	Warriors Mark Farmhouse	33.02358082535092	No	-129.60308091191746	144	30.926315789473684	None	32.85259700905278	23.6291205722265	34.00895300789377	0.1642615428298937	-129.76734245474736	1	143	NA	14
APS60073	None	D15	Female	NoCo	GP 1	Warriors Mark Farmhouse	33.02358082535092	No	-105.54342017041681	144	31.03684210526316	None	32.85259700905278	22.640565102162952	34.00895300789377	0.32799243163008573	-105.87141260204689	3	141	NA	15
APS60073	None	D16	Female	NoCo	GP 1	Warriors Mark Farmhouse	33.02358082535092	No	-124.49452280927007	144	31.147368421052633	None	32.85259700905278	23.13484283719473	33.51467527286199	0.08186544440009601	-124.57638825367016	1	143	NA	16
APS60073	None	D17	Female	NoCo	GP 1	Warriors Mark Farmhouse	33.02358082535092	No	-110.15760168248542	144	31.257894736842104	None	32.85259700905278	23.6291205722265	34.99750847795732	0.9866305650387583	-111.14423224752417	4	140	NA	17
APS60073	None	D18	Female	NoCo	GP 1	Warriors Mark Farmhouse	33.02358082535092	No	-213.31751691659107	144	31.36842105263158	None	32.85259700905278	22.146287367131176	31.537564332734895	0	-213.31751691659107	0	144	NA	18
APS60073	None	D19	Female	NoCo	GP 1	Warriors Mark Farmhouse	33.02358082535092	No	-150.86127430680506	144	31.478947368421053	None	32.85259700905278	22.146287367131176	34.00895300789377	0.1642615428298937	-151.02553584963496	1	143	NA	19
APS60073	Secondary - 1	D20	Female	NoCo	GP 1	Warriors Mark Farmhouse	33.02358082535092	Yes	-107.02654994215315	144	31.589473684210525	None	32.85259700905278	22.640565102162952	34.99750847795732	3.532949805916947	-110.5594997480701	19	125	NA	20
APS60073	Secondary	D21	Female	NoCo	GP 1	Warriors Mark Farmhouse	33.02358082535092	Yes	-93.51358979966646	144	31.7	None	32.85259700905278	22.640565102162952	34.50323074292554	2.3001922536482016	-95.81378205331467	13	131	162	21
APS60073	Secondary + 1	D22	Female	NoCo	GP 1	Warriors Mark Farmhouse	33.02358082535092	Yes	1.7362999851786416	144	31.5	None	32.85259700905278	30.549008862671347	35.49178621298909	12.152700899263573	-10.416400914084932	79	65	110	22
APS60073	Secondary + 2	D23	Female	NoCo	GP 1	Warriors Mark Farmhouse	33.02358082535092	Yes	33.29400568379081	144	30.5	None	32.85259700905278	33.02039753783022	36.97461941808441	33.29612829990961	-0.0021226161188019205	140	4	81	23
APS60073	Secondary + 3	D24	Female	NoCo	GP 1	Warriors Mark Farmhouse	33.02358082535092	Yes	34.11796666808878	144	30.38	None	32.85259700905278	33.02039753783022	37.46889715311619	34.12274255435609	-0.004775886267304321	135	9	NA	24
APS60073	None	D25	Female	NoCo	GP 1	Warriors Mark Farmhouse	33.02358082535092	No	41.53361552677048	144	30.259999999999998	None	32.85259700905278	32.03184206776667	35.98606394802087	42.115164102046364	-0.581548575275881	135	9	NA	25
APS60073	None	D26	Female	NoCo	GP 1	Warriors Mark Farmhouse	33.02358082535092	No	-13.259789929044366	144	30.14	None	32.85259700905278	29.5604533926078	35.49178621298909	2.626062069159484	-15.88585199820385	20	124	NA	26
APS60073	D27	D27	Female	NoCo	GP 1	Warriors Mark Farmhouse	33.02358082535092	Yes	-62.69744898692246	144	30.02	None	32.85259700905278	22.640565102162952	34.50323074292554	2.7095194756486864	-65.40696846257114	18	126	NA	27
APS60073	D28	D28	Female	NoCo	GP 1	Warriors Mark Farmhouse	33.02358082535092	Yes	-45.971041005673705	144	29.9	None	32.85259700905278	23.13484283719473	37.46889715311619	13.151005852955754	-59.12204685862946	61	83	100	28
APS60073	None	D29	Female	NoCo	GP 1	Warriors Mark Farmhouse	33.02358082535092	No	-47.70135907269945	144	29.737499999999997	None	32.85259700905278	22.640565102162952	36.97461941808441	10.358028970817868	-58.05938804351731	45	99	NA	29
APS60073	None	D30	Female	NoCo	GP 1	Warriors Mark Farmhouse	33.02358082535092	No	-50.585222517742345	144	29.575	None	32.85259700905278	22.146287367131176	36.480341683052636	12.408910313057874	-62.99413283080022	62	82	NA	30
APS60073	None	D31	Female	NoCo	GP 1	Warriors Mark Farmhouse	33.02358082535092	No	-50.58522251774233	144	29.4125	None	32.85259700905278	21.652009632099407	36.480341683052636	12.731065550361254	-63.31628806810359	76	68	NA	31
APS60073	None	D32	Female	NoCo	GP 1	Warriors Mark Farmhouse	33.02358082535092	No	11.541435698324468	144	29.25	None	32.85259700905278	32.03184206776667	36.480341683052636	12.466365672091749	-0.9249299737672806	109	35	NA	32
APS60073	None	D33	Female	NoCo	GP 1	Warriors Mark Farmhouse	33.02358082535092	No	15.743636718244097	144	29.0875	None	32.85259700905278	30.549008862671347	37.46889715311619	17.83166384256314	-2.088027124319044	91	53	NA	33
APS60073	None	D34	Female	NoCo	GP 1	Warriors Mark Farmhouse	33.02358082535092	No	-63.19182557750125	144	28.925	None	32.85259700905278	22.146287367131176	38.457452623179734	6.323804071936031	-69.51562964943727	39	105	NA	34
APS60074	Basal TC-1	D-8	Female	CS	GP 2	Warriors Mark Farmhouse	32.839567307692306	Yes	-89.08968616923069	144	27	None	32.714198461173865	24.002000000000002	36.47123076923077	6.28522955096155	-95.37491572019223	27	117	NA	-8
APS60074	Basal TC	D-7	Female	CS	GP 2	Warriors Mark Farmhouse	32.839567307692306	Yes	-315.1604810307691	144	25.6	Secondary	32.714198461173865	14.525384615384617	37.96753846153847	6.480100248076931	-321.64058127884607	14	130	205	-7
APS60074	Basal TC + 1	D-6	Female	CS	GP 2	Warriors Mark Farmhouse	32.839567307692306	Yes	-20.82778010769223	144	25.1	None	32.714198461173865	15.522923076923078	38.46630769230769	18.229504146153882	-39.05728425384611	72	72	108	-6
APS60074	Pre	D-5	Female	CS	GP 2	Warriors Mark Farmhouse	32.839567307692306	Yes	-117.27578379999991	144	25.183333333333334	None	32.714198461173865	22.00692307692308	36.47123076923077	6.99715716442309	-124.272940964423	29	115	NA	-5
APS60074	Pre	D-4	Female	CS	GP 2	Warriors Mark Farmhouse	32.839567307692306	Yes	-116.19490099999992	144	25.26666666666667	None	32.714198461173865	21.508153846153846	35.97246153846154	8.524943429807712	-124.71984442980762	41	103	NA	-4
APS60074	Pre	D-3	Female	CS	GP 2	Warriors Mark Farmhouse	32.839567307692306	Yes	-21.825518076923007	144	25.35	None	32.714198461173865	25.997076923076925	35.97246153846154	6.6100140461538714	-28.43553212307688	48	96	29	-3
APS60074	Pre	D-2	Female	CS	GP 2	Warriors Mark Farmhouse	32.839567307692306	Yes	-68.55291296923069	144	25.433333333333334	None	32.714198461173865	22.50569230769231	36.47123076923077	14.345081583653881	-82.89799455288457	73	71	26	-2
APS60074	Primary - 1	D-1	Female	CS	GP 2	Warriors Mark Farmhouse	32.839567307692306	Yes	-19.081738661538402	144	25.51666666666667	None	32.714198461173865	27.493384615384617	36.97	12.045607357692333	-31.12734601923074	60	84	25	-1
APS60074	Primary	D0	Female	CS	GP 2	Warriors Mark Farmhouse	32.839567307692306	Yes	64.97768524615391	144	25.6	None	32.714198461173865	29.98723076923077	38.46630769230769	70.2807664836539	-5.30308123749999	129	15	311	0
APS60074	Primary + 1	D1	Female	CS	GP 2	Warriors Mark Farmhouse	32.839567307692306	Yes	-66.30800253846147	144	22.1	None	32.714198461173865	22.00692307692308	36.47123076923077	18.13596621153849	-84.44396874999995	68	76	196	1
APS60074	Primary + 2	D2	Female	CS	GP 2	Warriors Mark Farmhouse	32.839567307692306	Yes	-111.45564564615378	144	24.6	None	32.714198461173865	22.50569230769231	35.97246153846154	4.372898443269244	-115.82854408942302	27	117	181	2
APS60074	Primary + 3	D3	Female	CS	GP 2	Warriors Mark Farmhouse	32.839567307692306	Yes	-104.97034884615377	144	24.76842105263158	None	32.714198461173865	22.00692307692308	33.977384615384615	2.413798368269243	-107.38414721442301	25	119	NA	3
APS60074	None	D4	Female	CS	GP 2	Warriors Mark Farmhouse	32.839567307692306	No	-112.03765946153838	144	24.93684210526316	None	32.714198461173865	22.50569230769231	34.974923076923076	1.5849483365384696	-113.62260779807686	18	126	NA	4
APS60074	None	D5	Female	CS	GP 2	Warriors Mark Farmhouse	32.839567307692306	No	-130.41266706153837	144	25.10526315789474	None	32.714198461173865	22.00692307692308	34.974923076923076	2.5593018221153923	-132.97196888365377	17	127	NA	5
APS60074	None	D6	Female	CS	GP 2	Warriors Mark Farmhouse	32.839567307692306	No	-196.76224201538452	144	25.273684210526316	None	32.714198461173865	21.508153846153846	33.977384615384615	0.6625603701923106	-197.42480238557684	7	137	NA	6
APS60074	None	D7	Female	CS	GP 2	Warriors Mark Farmhouse	32.839567307692306	No	-92.41547939999994	144	25.442105263157895	None	32.714198461173865	23.004461538461538	34.974923076923076	3.6843553134615523	-96.09983471346149	26	118	NA	7
APS60074	None	D8	Female	CS	GP 2	Warriors Mark Farmhouse	32.839567307692306	No	-161.00996478461528	144	25.610526315789475	None	32.714198461173865	22.00692307692308	35.47369230769231	2.533319062500013	-163.5432838471153	23	121	NA	8
APS60074	None	D9	Female	CS	GP 2	Warriors Mark Farmhouse	32.839567307692306	No	-108.46243173846146	144	25.778947368421054	None	32.714198461173865	22.50569230769231	34.47615384615385	2.057834561538473	-110.52026629999993	24	120	NA	9
APS60074	None	D10	Female	CS	GP 2	Warriors Mark Farmhouse	32.839567307692306	No	-134.90248792307685	144	25.947368421052634	None	32.714198461173865	22.00692307692308	34.47615384615385	1.1796172865384695	-136.08210520961532	22	122	NA	10
APS60074	None	D11	Female	CS	GP 2	Warriors Mark Farmhouse	32.839567307692306	No	-104.88720401538453	144	26.115789473684213	None	32.714198461173865	22.50569230769231	33.977384615384615	1.8811517961538553	-106.76835581153838	20	124	NA	11
APS60074	None	D12	Female	CS	GP 2	Warriors Mark Farmhouse	32.839567307692306	No	-118.93868041538454	144	26.28421052631579	None	32.714198461173865	22.50569230769231	36.97	1.7642293778846219	-120.70290979326917	15	129	NA	12
APS60074	None	D13	Female	CS	GP 2	Warriors Mark Farmhouse	32.839567307692306	No	-178.71981373846145	144	26.45263157894737	None	32.714198461173865	22.50569230769231	33.977384615384615	1.5147948855769315	-180.23460862403837	15	129	NA	13
APS60074	None	D14	Female	CS	GP 2	Warriors Mark Farmhouse	32.839567307692306	No	-101.89399010769222	144	26.621052631578948	None	32.714198461173865	23.503230769230772	33.977384615384615	1.972091454807708	-103.86608156249993	31	113	NA	14
APS60074	None	D15	Female	CS	GP 2	Warriors Mark Farmhouse	32.839567307692306	No	-120.51843219999992	144	26.789473684210527	None	32.714198461173865	22.50569230769231	34.47615384615385	2.754172519230786	-123.27260471923071	36	108	NA	15
APS60074	None	D16	Female	CS	GP 2	Warriors Mark Farmhouse	32.839567307692306	No	-117.5252182923076	144	26.957894736842107	None	32.714198461173865	23.503230769230772	33.977384615384615	1.6888793750000095	-119.21409766730761	26	118	NA	16
APS60074	None	D17	Female	CS	GP 2	Warriors Mark Farmhouse	32.839567307692306	No	-139.9743225999999	144	27.126315789473686	None	32.714198461173865	22.50569230769231	35.47369230769231	2.699608724038469	-142.6739313240384	23	121	NA	17
APS60074	None	D18	Female	CS	GP 2	Warriors Mark Farmhouse	32.839567307692306	No	-137.97884666153837	144	27.294736842105262	None	32.714198461173865	22.50569230769231	34.974923076923076	2.1072018048077026	-140.08604846634609	19	125	NA	18
APS60074	None	D19	Female	CS	GP 2	Warriors Mark Farmhouse	32.839567307692306	No	-24.486152661538387	144	27.463157894736842	None	32.714198461173865	24.999538461538464	35.97246153846154	9.621415885576956	-34.10756854711534	63	81	NA	19
APS60074	Secondary - 1	D20	Female	CS	GP 2	Warriors Mark Farmhouse	32.839567307692306	Yes	-124.17680475384607	144	27.63157894736842	None	32.714198461173865	22.50569230769231	37.46876923076923	6.0461881625000125	-130.22299291634607	31	113	NA	20
APS60074	Secondary	D21	Female	CS	GP 2	Warriors Mark Farmhouse	32.839567307692306	Yes	-290.6327559538461	144	27.8	D+S2	32.714198461173865	14.525384615384617	35.97246153846154	3.25044322788462	-293.8831991817307	11	133	175	21
APS60074	Secondary + 1	D22	Female	CS	GP 2	Warriors Mark Farmhouse	32.839567307692306	Yes	-72.46072001538454	144	26.7	None	32.714198461173865	22.50569230769231	36.97	12.663997036538484	-85.12471705192303	58	86	184	22
APS60074	Secondary + 2	D23	Female	CS	GP 2	Warriors Mark Farmhouse	32.839567307692306	Yes	-102.55914875384607	144	27.6	None	32.714198461173865	22.50569230769231	35.97246153846154	9.860457274038492	-112.41960602788457	59	85	168	23
APS60074	Secondary + 3	D24	Female	CS	GP 2	Warriors Mark Farmhouse	32.839567307692306	Yes	-113.61741124615376	144	27.8	None	32.714198461173865	22.50569230769231	35.47369230769231	2.177355255769241	-115.79476650192301	22	122	NA	24
APS60074	None	D25	Female	CS	GP 2	Warriors Mark Farmhouse	32.839567307692306	No	-87.84251370769223	144	28	None	32.714198461173865	22.50569230769231	34.974923076923076	3.7960811798077136	-91.63859488749995	45	99	NA	25
APS60074	None	D26	Female	CS	GP 2	Warriors Mark Farmhouse	32.839567307692306	No	-110.20847318461531	144	28.200000000000003	None	32.714198461173865	22.50569230769231	35.47369230769231	3.0867518423077103	-113.29522502692302	36	108	NA	26
APS60074	D27	D27	Female	CS	GP 2	Warriors Mark Farmhouse	32.839567307692306	Yes	-128.33404629230762	144	28.400000000000002	None	32.714198461173865	22.00692307692308	34.974923076923076	2.153970772115396	-130.48801706442302	21	123	NA	27
APS60074	D28	D28	Female	CS	GP 2	Warriors Mark Farmhouse	32.839567307692306	Yes	-86.26276192307684	144	28.6	None	32.714198461173865	22.00692307692308	37.96753846153847	11.453200438461566	-97.7159623615384	56	88	166	28
APS60074	None	D29	Female	CS	GP 2	Warriors Mark Farmhouse	32.839567307692306	No	-168.57614438461528	144	28.55	None	32.714198461173865	21.508153846153846	34.47615384615385	1.8343828288461634	-170.41052721346145	18	126	NA	29
APS60074	None	D30	Female	CS	GP 2	Warriors Mark Farmhouse	32.839567307692306	No	-193.85217293846145	144	28.5	None	32.714198461173865	22.00692307692308	32.979846153846154	0.09353793461538569	-193.94571087307682	4	140	NA	30
APS60074	None	D31	Female	CS	GP 2	Warriors Mark Farmhouse	32.839567307692306	No	-151.94717823076914	144	28.45	None	32.714198461173865	22.00692307692308	34.974923076923076	4.456043274038476	-156.40322150480762	27	117	NA	31
APS60074	None	D32	Female	CS	GP 2	Warriors Mark Farmhouse	32.839567307692306	No	-161.50883376923068	144	28.4	None	32.714198461173865	22.00692307692308	33.977384615384615	1.371889707692314	-162.88072347692298	16	128	NA	32
APS60074	None	D33	Female	CS	GP 2	Warriors Mark Farmhouse	32.839567307692306	No	-114.53200438461529	144	28.35	None	32.714198461173865	22.00692307692308	35.47369230769231	5.508345038461564	-120.04034942307686	40	104	NA	33
APS60074	None	D34	Female	CS	GP 2	Warriors Mark Farmhouse	32.839567307692306	No	-165.49978564615375	144	28.3	None	32.714198461173865	21.508153846153846	34.47615384615385	2.9724277000000123	-168.47221334615378	24	120	NA	34
APS60079	Secondary + 1	D22	Male	NoCo	GP 2	Scott's House	31.878888920683643	Yes	-102.97813460062943	144	32	None	32.85259700905278	23.338985796415287	33.821870476834626	2.195572998335111	-105.17370759896454	15	129	199	22
APS60079	Secondary + 2	D23	Male	NoCo	GP 2	Scott's House	31.878888920683643	Yes	-115.5434692820633	144	31.2	None	32.85259700905278	22.34061582685154	32.32431552248901	0.3712630726047724	-115.91473235466808	5	139	164	23
APS60079	Secondary + 3	D24	Male	NoCo	GP 2	Scott's House	31.878888920683643	Yes	-122.03417196518808	144	31.24	None	32.85259700905278	22.839800811633417	33.821870476834626	0.3981476399313233	-122.4323196051194	2	142	NA	24
APS60079	None	D25	Male	NoCo	GP 2	Scott's House	31.878888920683643	No	-101.56349427225608	144	31.279999999999998	None	32.85259700905278	23.83817078119716	32.82350050727088	0.7604491900939113	-102.32394346234999	8	136	NA	25
APS60079	None	D26	Male	NoCo	GP 2	Scott's House	31.878888920683643	No	-118.53917821273629	144	31.32	None	32.85259700905278	23.338985796415287	31.325945552925262	0	-118.53917821273629	0	144	NA	26
APS60079	D27	D27	Male	NoCo	GP 2	Scott's House	31.878888920683643	Yes	-150.7430492174708	144	31.36	None	32.85259700905278	22.34061582685154	31.325945552925262	0	-150.7430492174708	0	144	NA	27
APS60079	D28	D28	Male	NoCo	GP 2	Scott's House	31.878888920683643	Yes	-120.86917404770416	144	31.4	None	32.85259700905278	21.841430842069666	31.825130537707135	0	-120.86917404770416	0	144	164	28
APS60079	None	D29	Male	NoCo	GP 2	Scott's House	31.878888920683643	No	-165.38873732298316	144	31.45	None	32.85259700905278	21.841430842069666	30.826760568143392	0	-165.38873732298316	0	144	NA	29
APS60079	None	D30	Male	NoCo	GP 2	Scott's House	31.878888920683643	No	-110.63383520123816	144	31.5	None	32.85259700905278	22.839800811633417	36.317795400744	4.433393173897665	-115.06722837513581	16	128	NA	30
APS60079	None	D31	Male	NoCo	GP 2	Scott's House	31.878888920683643	No	-130.43879979846508	144	31.55	None	32.85259700905278	23.338985796415287	32.82350050727088	0.1574667514840922	-130.59626654994918	1	143	NA	31
APS60079	None	D32	Male	NoCo	GP 2	Scott's House	31.878888920683643	No	-127.35987673082894	144	31.6	None	32.85259700905278	22.34061582685154	31.825130537707135	0	-127.35987673082894	0	144	NA	32
APS60079	None	D33	Male	NoCo	GP 2	Scott's House	31.878888920683643	No	-151.57519058710218	144	31.65	None	32.85259700905278	21.841430842069666	31.825130537707135	0	-151.57519058710218	0	144	NA	33
APS60079	None	D34	Male	NoCo	GP 2	Scott's House	31.878888920683643	No	-116.04275410384214	144	31.7	None	32.85259700905278	21.841430842069666	32.32431552248901	0.6682735306885903	-116.71102763453074	9	135	NA	34
APS60081	Pre	D-2	Male	NoCo	GP 1	Old Danville Highway Barn	33.267192874188396	Yes	-37.84148525109547	139	22.4	None	32.85259700905278	27.136239724173308	36.52658009089743	8.123956349901775	-45.965441600997245	38	101	NA	-2
APS60081	Primary - 1	D-1	Male	NoCo	GP 1	Old Danville Highway Barn	33.267192874188396	Yes	-81.67393877492088	144	22.1	None	32.85259700905278	25.6535544031116	37.02080853125133	3.289212755968223	-84.9631515308891	15	129	NA	-1
APS60081	Primary	D0	Male	NoCo	GP 1	Old Danville Highway Barn	33.267192874188396	Yes	52.37114362346056	144	21.8	None	32.85259700905278	32.07852412771232	37.02080853125133	54.12322885387891	-1.7520852304183496	131	13	282	0
APS60081	Primary + 1	D1	Male	NoCo	GP 1	Old Danville Highway Barn	33.267192874188396	Yes	-4.558882152373205	144	20.8	None	32.85259700905278	30.59583880665062	36.52658009089743	11.315143979903157	-15.874026132276361	51	93	188	1
APS60081	Primary + 2	D2	Male	NoCo	GP 1	Old Danville Highway Barn	33.267192874188396	Yes	-46.65908934694784	144	21.4	None	32.85259700905278	25.6535544031116	35.53812321018963	8.99054523864357	-55.64963458559141	54	90	142	2
APS60081	Primary + 3	D3	Male	NoCo	GP 1	Old Danville Highway Barn	33.267192874188396	Yes	-8.266336797687998	144	21.721052631578946	None	32.85259700905278	29.113153485588914	36.52658009089743	9.810222392505793	-18.07655919019379	64	80	37	3
APS60081	None	D4	Male	NoCo	GP 1	Old Danville Highway Barn	33.267192874188396	No	-73.51753855522834	144	22.042105263157893	None	32.85259700905278	22.688183760988192	35.53812321018963	4.189176962733579	-77.70671551796191	30	114	30	4
APS60081	None	D5	Male	NoCo	GP 1	Old Danville Highway Barn	33.267192874188396	No	-55.72175625771732	144	22.36315789473684	None	32.85259700905278	26.642011283819407	35.04389476983573	2.498709263921841	-58.220465521639156	14	130	23	5
APS60081	None	D6	Male	NoCo	GP 1	Old Danville Highway Barn	33.267192874188396	No	-67.33844747970367	144	22.684210526315788	None	32.85259700905278	25.6535544031116	35.53812321018963	3.3027491728242158	-70.6411966525279	22	122	NA	6
APS60081	None	D7	Male	NoCo	GP 1	Old Danville Highway Barn	33.267192874188396	No	-105.64881214795653	144	23.005263157894735	None	32.85259700905278	24.170869082049897	34.54966632948183	1.3473797579277709	-106.9961919058843	9	135	NA	7
APS60081	None	D8	Male	NoCo	GP 1	Old Danville Highway Barn	33.267192874188396	No	-110.18014560334127	144	23.326315789473682	None	32.85259700905278	23.676640641695997	34.54966632948183	2.7771473968625355	-112.9572930002038	18	126	NA	8
APS60081	None	D9	Male	NoCo	GP 1	Old Danville Highway Barn	33.267192874188396	No	-103.01239995573266	144	23.64736842105263	None	32.85259700905278	23.182412201342093	35.04389476983573	2.1847949848537143	-105.19719494058639	16	128	NA	9
APS60081	None	D10	Male	NoCo	GP 1	Old Danville Highway Barn	33.267192874188396	No	-114.54670329671202	144	23.968421052631577	None	32.85259700905278	23.676640641695997	35.04389476983573	2.0377572959034422	-116.58446059261546	13	131	NA	10
APS60081	None	D11	Male	NoCo	GP 1	Old Danville Highway Barn	33.267192874188396	No	-147.2546920564892	144	24.289473684210524	None	32.85259700905278	22.19395532063429	35.53812321018963	2.612371634848544	-149.86706369133776	18	126	NA	11
APS60081	None	D12	Male	NoCo	GP 1	Old Danville Highway Barn	33.267192874188396	No	-99.0577816673969	144	24.61052631578947	None	32.85259700905278	24.170869082049897	35.04389476983573	1.396392320911196	-100.4541739883081	10	134	NA	12
APS60081	None	D13	Male	NoCo	GP 1	Old Danville Highway Barn	33.267192874188396	No	-111.82790322348119	144	24.931578947368422	None	32.85259700905278	23.676640641695997	34.54966632948183	0.8374152269259445	-112.66531845040713	7	137	NA	13
APS60081	None	D14	Male	NoCo	GP 1	Old Danville Highway Barn	33.267192874188396	No	-97.98673921430596	144	25.25263157894737	None	32.85259700905278	23.676640641695997	35.04389476983573	1.5277927649016139	-99.51453197920756	11	133	NA	14
APS60081	None	D15	Male	NoCo	GP 1	Old Danville Highway Barn	33.267192874188396	No	-196.68742066068643	144	25.573684210526316	None	32.85259700905278	22.19395532063429	33.56120944877402	0.049012562983423894	-196.73643322366985	1	143	NA	15
APS60081	None	D16	Male	NoCo	GP 1	Old Danville Highway Barn	33.267192874188396	No	-128.88219459192925	144	25.894736842105264	None	32.85259700905278	23.182412201342093	34.05543788912793	1.247253803857058	-130.12944839578628	12	132	NA	16
APS60081	Secondary	D21	Male	NoCo	GP 1	Old Danville Highway Barn	33.267192874188396	Yes	-30.739016546771133	144	27.5	None	32.85259700905278	23.395185430463574	35.82158008755191	7.819328944711214	-38.55834549148235	53	91	163	21
APS60081	Secondary + 1	D22	Male	NoCo	GP 1	Old Danville Highway Barn	33.267192874188396	Yes	-106.72090255563855	144	28.8	None	32.85259700905278	23.395185430463574	35.82158008755191	4.739364840775683	-111.46026739641424	23	121	113	22
APS60081	Secondary + 2	D23	Male	NoCo	GP 1	Old Danville Highway Barn	33.267192874188396	Yes	-149.55910873511996	144	27.6	None	32.85259700905278	22.40107385789651	36.81569166011898	3.556295345546427	-153.1154040806664	21	123	79	23
APS60081	Secondary + 3	D24	Male	NoCo	GP 1	Old Danville Highway Barn	33.267192874188396	Yes	-89.65190744350475	144	26.700000000000003	None	32.85259700905278	23.395185430463574	35.324524301268376	4.302028141707613	-93.95393558521236	21	123	NA	24
APS60081	None	D25	Male	NoCo	GP 1	Old Danville Highway Barn	33.267192874188396	No	9.530554445932871	144	25.8	None	32.85259700905278	30.353966438433048	35.82158008755191	16.773429236879352	-7.24287479094648	111	33	NA	25
APS60081	None	D26	Male	NoCo	GP 1	Old Danville Highway Barn	33.267192874188396	No	14.087810422473444	144	24.900000000000002	None	32.85259700905278	32.342189583567176	35.324524301268376	15.466289254162946	-1.3784788316895027	127	17	NA	26
APS60081	D27	D27	Male	NoCo	GP 1	Old Danville Highway Barn	33.267192874188396	Yes	-98.5178417978655	144	24	None	32.85259700905278	21.904018071612978	34.827468514984844	6.178535418330088	-104.69637721619559	76	68	NA	27
APS60081	D28	D28	Male	NoCo	GP 1	Old Danville Highway Barn	33.267192874188396	Yes	-136.55021440208594	144	23.1	None	32.85259700905278	21.904018071612978	36.81569166011898	4.403494551740115	-140.95370895382607	37	107	92	28
APS60081	None	D29	Male	NoCo	GP 1	Old Danville Highway Barn	33.267192874188396	No	-126.10995525582935	144	22.725	None	32.85259700905278	21.904018071612978	35.82158008755191	10.87138223295819	-136.98133748878755	59	85	NA	29
APS60081	None	D30	Male	NoCo	GP 1	Old Danville Highway Barn	33.267192874188396	No	-119.72979688867255	144	22.35	None	32.85259700905278	21.904018071612978	36.31863587383545	7.97352699325777	-127.70332388193032	52	92	NA	30
APS60081	None	D31	Male	NoCo	GP 1	Old Danville Highway Barn	33.267192874188396	No	-88.07758265160894	144	21.975	None	32.85259700905278	21.904018071612978	36.31863587383545	21.495966988820737	-109.57354964042966	75	69	NA	31
APS60081	None	D32	Male	NoCo	GP 1	Old Danville Highway Barn	33.267192874188396	No	-108.04664974881398	144	21.6	None	32.85259700905278	21.904018071612978	37.31274744640251	16.51732815455419	-124.56397790336817	60	84	NA	32
APS60081	None	D33	Male	NoCo	GP 1	Old Danville Highway Barn	33.267192874188396	No	-64.4627107731714	144	21.225	None	32.85259700905278	22.40107385789651	35.82158008755191	13.364245080020806	-77.8269558531922	74	70	NA	33
APS60081	None	D34	Male	NoCo	GP 1	Old Danville Highway Barn	33.267192874188396	No	-48.719462854213035	144	20.85	None	32.85259700905278	21.904018071612978	36.31863587383545	10.344536098204092	-59.06399895241713	78	66	NA	34
APS60088	Secondary + 1	D22	Female	CP	GP 2	Warriors Mark Farmhouse	32.48769722347484	Yes	-97.26184524544213	144	27.1	None	32.668343699822074	22.964444308445533	35.28298776009792	2.854212260226765	-100.11605750566889	13	131	208	22
APS60088	Secondary + 2	D23	Female	CP	GP 2	Warriors Mark Farmhouse	32.48769722347484	Yes	-72.70197097249232	144	27.5	None	32.668343699822074	22.964444308445533	34.79024602203182	2.250822586259104	-74.95279355875142	11	133	168	23
APS60088	Secondary + 3	D24	Female	CP	GP 2	Warriors Mark Farmhouse	32.48769722347484	Yes	-120.83603894556451	144	27.44	None	32.668343699822074	22.47170257037944	34.29750428396573	2.059677136829224	-122.89571608239375	12	132	NA	24
APS60088	None	D25	Female	CP	GP 2	Warriors Mark Farmhouse	32.48769722347484	No	-70.07348944495256	144	27.38	None	32.668343699822074	23.949927784577724	34.79024602203182	6.7570997163563815	-76.83058916130894	42	102	NA	25
APS60088	None	D26	Female	CP	GP 2	Warriors Mark Farmhouse	32.48769722347484	No	-85.84437861019121	144	27.32	None	32.668343699822074	22.47170257037944	34.79024602203182	2.4734653472266994	-88.3178439574179	18	126	NA	26
APS60088	D27	D27	Female	CP	GP 2	Warriors Mark Farmhouse	32.48769722347484	Yes	-115.16837565180688	144	27.259999999999998	None	32.668343699822074	21.486219094247247	36.7612129742962	5.899569969883406	-121.06794562169028	25	119	NA	27
APS60088	D28	D28	Female	CP	GP 2	Warriors Mark Farmhouse	32.48769722347484	Yes	-97.09756514997088	144	27.2	None	32.668343699822074	21.486219094247247	34.79024602203182	2.60779211701991	-99.70535726699079	13	131	176	28
APS60088	None	D29	Female	CP	GP 2	Warriors Mark Farmhouse	32.48769722347484	No	-123.62880056857554	144	27.1125	None	32.668343699822074	21.486219094247247	34.79024602203182	2.4435120215486745	-126.07231259012421	13	131	NA	29
APS60088	None	D30	Female	CP	GP 2	Warriors Mark Farmhouse	32.48769722347484	No	-142.11031130908958	144	27.025	None	32.668343699822074	21.978960832313344	33.80476254589963	0.46751891831475956	-142.57783022740435	4	140	NA	30
APS60088	None	D31	Female	CP	GP 2	Warriors Mark Farmhouse	32.48769722347484	No	-67.19858777420589	144	26.9375	None	32.668343699822074	23.457186046511627	35.77572949816401	5.403641711750315	-72.6022294859562	19	125	NA	31
APS60088	None	D32	Female	CP	GP 2	Warriors Mark Farmhouse	32.48769722347484	No	-123.13596028216182	144	26.85	None	32.668343699822074	21.486219094247247	35.77572949816401	2.4151026817303394	-125.55106296389215	11	133	NA	32
APS60088	None	D33	Female	CP	GP 2	Warriors Mark Farmhouse	32.48769722347484	No	-142.6852916432389	144	26.7625	None	32.668343699822074	21.486219094247247	32.326537331701346	0	-142.6852916432389	0	144	NA	33
APS60088	None	D34	Female	CP	GP 2	Warriors Mark Farmhouse	32.48769722347484	No	-197.30842338742494	144	26.675	None	32.668343699822074	20.993477356181153	31.341053855569154	0	-197.30842338742494	0	144	NA	34
APS60111	Primary - 1	D-1	Female	SHAM	GP 2	Warriors Mark Farmhouse	33.32823440845896	Yes	-25.634196231697842	144	25.95	None	33.20852747233397	25.054532924961716	38.459433384379786	10.98900260487257	-36.62319883657041	59	85	25	-1
APS60111	Primary	D0	Female	SHAM	GP 2	Warriors Mark Farmhouse	33.32823440845896	Yes	44.13488496278916	144	26.7	None	33.20852747233397	32.9981776416539	37.466477794793256	44.29994635186837	-0.16506138907920928	141	3	309	0
APS60111	Primary + 1	D1	Female	SHAM	GP 2	Warriors Mark Farmhouse	33.32823440845896	Yes	-19.426982602295084	144	26.1	None	33.20852747233397	26.04748851454824	37.96295558958652	20.39808216701859	-39.82506476931368	70	74	186	1
APS60111	Primary + 2	D2	Female	SHAM	GP 2	Warriors Mark Farmhouse	33.32823440845896	Yes	-41.27637457779279	144	25.9	None	33.20852747233397	26.5439663093415	37.466477794793256	10.602002132868291	-51.87837671066108	54	90	173	2
APS60111	Primary + 3	D3	Female	SHAM	GP 2	Warriors Mark Farmhouse	33.32823440845896	Yes	-46.32490832970701	144	26.021052631578947	None	33.20852747233397	24.061577335375194	36.47352220520674	17.390877239539645	-63.71578556924665	69	75	NA	3
APS60111	None	D4	Female	SHAM	GP 2	Warriors Mark Farmhouse	33.32823440845896	No	-76.28505944762433	144	26.142105263157895	None	33.20852747233397	24.558055130168455	35.48056661562022	5.522940149359221	-81.80799959698355	35	109	NA	4
APS60111	None	D5	Female	SHAM	GP 2	Warriors Mark Farmhouse	33.32823440845896	No	-104.50719074930885	144	26.263157894736842	None	33.20852747233397	23.068621745788672	35.48056661562022	7.152311962653787	-111.65950271196263	46	98	NA	5
APS60111	None	D6	Female	SHAM	GP 2	Warriors Mark Farmhouse	33.32823440845896	No	-89.03053809999798	144	26.384210526315787	None	33.20852747233397	23.56509954058193	34.48761102603369	2.3770232950520938	-91.40756139505008	29	115	NA	6
APS60111	None	D7	Female	SHAM	GP 2	Warriors Mark Farmhouse	33.32823440845896	No	-102.02430529754776	144	26.505263157894735	None	33.20852747233397	23.068621745788672	35.97704441041348	1.9067956669509067	-103.93110096449867	21	123	NA	7
APS60111	None	D8	Female	SHAM	GP 2	Warriors Mark Farmhouse	33.32823440845896	No	-119.48726630826751	144	26.626315789473683	None	33.20852747233397	22.572143950995407	36.47352220520674	8.19909368327003	-127.68635999153753	36	108	NA	8
APS60111	None	D9	Female	SHAM	GP 2	Warriors Mark Farmhouse	33.32823440845896	No	-99.12760560382647	144	26.74736842105263	None	33.20852747233397	24.061577335375194	35.48056661562022	4.447951735672471	-103.57555733949894	41	103	NA	9
APS60111	None	D10	Female	SHAM	GP 2	Warriors Mark Farmhouse	33.32823440845896	No	-78.60241920260135	144	26.86842105263158	None	33.20852747233397	23.56509954058193	35.97704441041348	9.637983260644086	-88.24040246324543	64	80	NA	10
APS60111	None	D11	Female	SHAM	GP 2	Warriors Mark Farmhouse	33.32823440845896	No	-94.98946318422463	144	26.989473684210527	None	33.20852747233397	23.068621745788672	38.459433384379786	6.5697218699754645	-101.55918505420009	25	119	NA	11
APS60111	None	D12	Female	SHAM	GP 2	Warriors Mark Farmhouse	33.32823440845896	No	-121.22528612450027	144	27.11052631578947	None	33.20852747233397	23.068621745788672	35.97704441041348	5.881269620588135	-127.1065557450884	33	111	NA	12
APS60111	None	D13	Female	SHAM	GP 2	Warriors Mark Farmhouse	33.32823440845896	No	-138.8537728320041	144	27.23157894736842	None	33.20852747233397	22.572143950995407	35.97704441041348	5.273722988773381	-144.12749582077748	29	115	NA	13
APS60111	None	D14	Female	SHAM	GP 2	Warriors Mark Farmhouse	33.32823440845896	No	-96.89300869724148	144	27.352631578947367	None	33.20852747233397	23.56509954058193	36.47352220520674	3.8108054876726194	-100.7038141849141	24	120	NA	14
APS60111	None	D15	Female	SHAM	GP 2	Warriors Mark Farmhouse	33.32823440845896	No	-128.42565393460748	144	27.473684210526315	None	33.20852747233397	23.068621745788672	36.97	7.123176654173551	-135.54883058878102	36	108	NA	15
APS60111	None	D16	Female	SHAM	GP 2	Warriors Mark Farmhouse	33.32823440845896	No	-104.75547929448496	144	27.594736842105263	None	33.20852747233397	22.572143950995407	36.47352220520674	20.06563785033585	-124.8211171448208	61	83	NA	16
APS60111	None	D17	Female	SHAM	GP 2	Warriors Mark Farmhouse	33.32823440845896	No	-90.76855791623076	144	27.71578947368421	None	33.20852747233397	22.572143950995407	38.459433384379786	6.3787753263500875	-97.14733324258084	39	105	NA	17
APS60111	None	D18	Female	SHAM	GP 2	Warriors Mark Farmhouse	33.32823440845896	No	-36.062315129094465	144	27.836842105263155	None	33.20852747233397	22.572143950995407	36.97	14.85436424786673	-50.91667937696119	79	65	NA	18
APS60111	None	D19	Female	SHAM	GP 2	Warriors Mark Farmhouse	33.32823440845896	No	-115.34912388866567	144	27.957894736842103	None	33.20852747233397	23.068621745788672	36.47352220520674	3.0395903898932506	-118.38871427855892	32	112	NA	19
APS60111	Secondary - 1	D20	Female	SHAM	GP 2	Warriors Mark Farmhouse	33.32823440845896	Yes	-51.952782020365525	144	28.07894736842105	None	33.20852747233397	23.56509954058193	38.95591117917305	16.72738152928874	-68.68016354965427	60	84	NA	20
APS60111	Secondary	D21	Female	SHAM	GP 2	Warriors Mark Farmhouse	33.32823440845896	Yes	-44.917939907042395	144	28.2	None	33.20852747233397	22.572143950995407	37.466477794793256	19.514968912366953	-64.43290881940935	68	76	269	21
APS60111	Secondary + 1	D22	Female	SHAM	GP 2	Warriors Mark Farmhouse	33.32823440845896	Yes	-109.72125019800718	144	28.1	None	33.20852747233397	23.56509954058193	36.47352220520674	6.213249629566015	-115.93449982757319	39	105	208	22
APS60111	Secondary + 2	D23	Female	SHAM	GP 2	Warriors Mark Farmhouse	33.32823440845896	Yes	-104.67271644609292	144	27	None	33.20852747233397	22.572143950995407	36.47352220520674	10.820691061859305	-115.49340750795223	41	103	165	23
APS60111	Secondary + 3	D24	Female	SHAM	GP 2	Warriors Mark Farmhouse	33.32823440845896	Yes	-108.06599323016643	144	27	None	33.20852747233397	22.572143950995407	35.97704441041348	9.055857475670631	-117.12185070583706	46	98	NA	24
APS60111	None	D25	Female	SHAM	GP 2	Warriors Mark Farmhouse	33.32823440845896	No	-123.70817157626138	144	27	None	33.20852747233397	23.068621745788672	35.97704441041348	5.412434915601548	-129.12060649186293	34	110	NA	25
APS60111	None	D26	Female	SHAM	GP 2	Warriors Mark Farmhouse	33.32823440845896	No	-131.73616787028894	144	27	None	33.20852747233397	22.572143950995407	33.99113323124043	1.35473380586742	-133.09090167615636	19	125	NA	26
APS60111	D27	D27	Female	SHAM	GP 2	Warriors Mark Farmhouse	33.32823440845896	Yes	-204.3191859101052	144	27	None	33.20852747233397	21.57918836140888	34.984088820826955	0.911784255427001	-205.2309701655322	9	135	NA	27
APS60111	D28	D28	Female	SHAM	GP 2	Warriors Mark Farmhouse	33.32823440845896	Yes	-97.47234863598574	144	27	None	33.20852747233397	21.57918836140888	36.47352220520674	5.57935353550022	-103.05170217148597	43	101	181	28
APS60111	None	D29	Female	SHAM	GP 2	Warriors Mark Farmhouse	33.32823440845896	No	-121.88738891163658	144	26.9125	None	33.20852747233397	22.572143950995407	34.984088820826955	2.4870642211048963	-124.37445313274146	27	117	NA	29
APS60111	None	D30	Female	SHAM	GP 2	Warriors Mark Farmhouse	33.32823440845896	No	-134.9639189575784	144	26.825	None	33.20852747233397	22.572143950995407	35.48056661562022	0.9113199477221371	-135.8752389053005	6	138	NA	30
APS60111	None	D31	Female	SHAM	GP 2	Warriors Mark Farmhouse	33.32823440845896	No	-88.69948670642984	144	26.7375	None	33.20852747233397	23.56509954058193	34.48761102603369	2.928620848430715	-91.62810755486055	28	116	NA	31
APS60111	None	D32	Female	SHAM	GP 2	Warriors Mark Farmhouse	33.32823440845896	No	-162.9377617140868	144	26.65	None	33.20852747233397	21.57918836140888	33.49465543644717	0.027742385365634108	-162.96550409945246	1	143	NA	32
APS60111	None	D33	Female	SHAM	GP 2	Warriors Mark Farmhouse	33.32823440845896	No	-207.87798839096277	144	26.5625	None	33.20852747233397	21.57918836140888	35.48056661562022	0.3587937789337817	-208.23678216989654	1	143	NA	33
APS60111	None	D34	Female	SHAM	GP 2	Warriors Mark Farmhouse	33.32823440845896	No	-210.36087384272386	144	26.475	None	33.20852747233397	21.08271056661562	32.9981776416539	0	-210.36087384272386	0	144	NA	34
APS60113	Primary - 1	D-1	Male	SHAM	GP 2	Old Danville Highway Barn	32.83782467464606	Yes	-84.3066656569204	144	25.95	None	33.20852747233397	24.906744186046513	36.46736434108527	3.368272644427647	-87.67493830134804	19	125	25	-1
APS60113	Primary	D0	Male	SHAM	GP 2	Old Danville Highway Barn	32.83782467464606	Yes	7.610267025250142	144	24.9	None	33.20852747233397	29.430465116279073	36.46736434108527	25.100383188501848	-17.490116163251706	84	60	295	0
APS60113	Primary + 1	D1	Male	SHAM	GP 2	Old Danville Highway Barn	32.83782467464606	Yes	-86.65276785847078	144	25.3	None	33.20852747233397	25.409379844961244	34.45682170542636	1.3300049925357667	-87.98277285100654	13	131	193	1
APS60113	Primary + 2	D2	Male	SHAM	GP 2	Old Danville Highway Barn	32.83782467464606	Yes	-75.6763611297886	144	25.6	None	33.20852747233397	24.404108527131786	35.46209302325582	1.8980118309155454	-77.57437296070414	12	132	173	2
APS60113	Primary + 3	D3	Male	SHAM	GP 2	Old Danville Highway Barn	32.83782467464606	Yes	-103.4944300910289	144	25.8	None	33.20852747233397	23.901472868217056	36.46736434108527	7.278139540141035	-110.77256963116994	22	122	NA	3
APS60113	None	D4	Male	SHAM	GP 2	Old Danville Highway Barn	32.83782467464606	No	-77.93867396699791	144	26	None	33.20852747233397	24.906744186046513	35.964728682170545	3.2183023071415024	-81.15697627413942	29	115	NA	4
APS60113	None	D5	Male	SHAM	GP 2	Old Danville Highway Barn	32.83782467464606	No	-146.56216336234672	144	26.2	None	33.20852747233397	23.398837209302325	35.46209302325582	1.2276969161868618	-147.78986027853358	12	132	NA	5
APS60113	None	D6	Male	SHAM	GP 2	Old Danville Highway Barn	32.83782467464606	No	-161.89561703676532	144	26.400000000000002	None	33.20852747233397	21.89093023255814	36.97	7.482755692838842	-169.37837272960414	24	120	NA	6
APS60113	None	D7	Male	SHAM	GP 2	Old Danville Highway Barn	32.83782467464606	No	-91.76391908327697	144	26.6	None	33.20852747233397	23.398837209302325	36.97	6.951786278474706	-98.71570536175169	27	117	NA	7
APS60113	None	D8	Male	SHAM	GP 2	Old Danville Highway Barn	32.83782467464606	No	-151.00299967242424	144	26.8	None	33.20852747233397	21.89093023255814	35.964728682170545	8.310934819939892	-159.31393449236413	28	116	NA	8
APS60113	None	D9	Male	SHAM	GP 2	Old Danville Highway Barn	32.83782467464606	No	-114.13567936234674	144	27	None	33.20852747233397	23.398837209302325	35.46209302325582	3.3030019920943854	-117.43868135444112	20	124	NA	9
APS60113	None	D10	Male	SHAM	GP 2	Old Danville Highway Barn	32.83782467464606	No	-129.88807985847077	144	27.2	None	33.20852747233397	23.398837209302325	33.451550387596896	0.15786421237236412	-130.04594407084315	4	140	NA	10
APS60113	None	D11	Male	SHAM	GP 2	Old Danville Highway Barn	32.83782467464606	No	-129.6367117654475	144	27.4	None	33.20852747233397	22.8962015503876	34.959457364341084	2.9960777630476674	-132.63278952849518	17	127	NA	11
APS60113	None	D12	Male	SHAM	GP 2	Old Danville Highway Barn	32.83782467464606	No	-164.49308733133896	144	27.6	None	33.20852747233397	22.8962015503876	36.97	1.9729969995586152	-166.4660843308976	7	137	NA	12
APS60113	None	D13	Male	SHAM	GP 2	Old Danville Highway Barn	32.83782467464606	No	-170.35834283521493	144	27.8	None	33.20852747233397	22.8962015503876	34.959457364341084	0.8096604150932277	-171.16800325030815	3	141	NA	13
APS60113	None	D14	Male	SHAM	GP 2	Old Danville Highway Barn	32.83782467464606	No	-179.91033037009865	144	28	None	33.20852747233397	22.39356589147287	32.44627906976744	0	-179.91033037009865	0	144	NA	14
APS60113	None	D15	Male	SHAM	GP 2	Old Danville Highway Barn	32.83782467464606	No	-178.31833244761802	144	28.2	None	33.20852747233397	22.39356589147287	33.95418604651163	0.37219488137998186	-178.690527328998	2	142	NA	15
APS60113	None	D16	Male	SHAM	GP 2	Old Danville Highway Barn	32.83782467464606	No	-167.67708317630021	144	28.4	None	33.20852747233397	22.39356589147287	34.45682170542636	0.26988680503107587	-167.94696998133128	1	143	NA	16
APS60113	None	D17	Male	SHAM	GP 2	Old Danville Highway Barn	32.83782467464606	No	-150.1651060290134	144	28.599999999999998	None	33.20852747233397	22.8962015503876	32.94891472868217	0.05555613602345936	-150.22066216503686	3	141	NA	17
APS60113	None	D18	Male	SHAM	GP 2	Old Danville Highway Barn	32.83782467464606	No	-112.0409452538196	144	28.799999999999997	None	33.20852747233397	22.39356589147287	35.964728682170545	2.055876043287908	-114.09682129710751	16	128	NA	18
APS60113	None	D19	Male	SHAM	GP 2	Old Danville Highway Barn	32.83782467464606	No	-171.6151833003312	144	29	None	33.20852747233397	22.39356589147287	35.46209302325582	0.7629084747677823	-172.378091775099	5	139	NA	19
APS60113	Secondary	D21	Male	SHAM	GP 2	Old Danville Highway Barn	32.83782467464606	Yes	-33.57813259938392	141	29.4	None	33.20852747233397	26.994615384615386	36.97	9.498796903515757	-43.07692950289968	43	98	261	21
APS60113	Secondary + 1	D22	Male	SHAM	GP 2	Old Danville Highway Barn	32.83782467464606	Yes	-114.40702799609748	144	29.4	None	33.20852747233397	23.503230769230772	35.47369230769231	2.9441695541473907	-117.35119755024486	19	125	207	22
APS60113	Secondary + 2	D23	Male	SHAM	GP 2	Old Danville Highway Barn	32.83782467464606	Yes	-129.6225320268667	144	30.8	None	33.20852747233397	23.004461538461538	33.977384615384615	0.23731460328642962	-129.85984663015313	3	141	166	23
APS60113	Secondary + 3	D24	Male	SHAM	GP 2	Old Danville Highway Barn	32.83782467464606	Yes	-138.7684634114821	144	30.52	None	33.20852747233397	22.50569230769231	33.977384615384615	0.7714136600458653	-139.53987707152797	8	136	NA	24
APS60113	None	D25	Male	SHAM	GP 2	Old Danville Highway Barn	32.83782467464606	No	-117.7328212268667	144	30.24	None	33.20852747233397	23.503230769230772	35.47369230769231	3.2178438244976064	-120.95066505136431	13	131	NA	25
APS60113	None	D26	Male	SHAM	GP 2	Old Danville Highway Barn	32.83782467464606	No	-116.98451774994363	144	29.96	None	33.20852747233397	23.004461538461538	35.47369230769231	2.326925666618727	-119.31144341656237	14	130	NA	26
APS60113	D27	D27	Male	SHAM	GP 2	Old Danville Highway Barn	32.83782467464606	Yes	-180.59031328840516	144	29.68	None	33.20852747233397	22.00692307692308	34.974923076923076	1.9233214017938336	-182.51363469019898	11	133	NA	27
APS60113	D28	D28	Male	SHAM	GP 2	Old Danville Highway Barn	32.83782467464606	Yes	-128.45850439609748	144	29.4	None	33.20852747233397	22.00692307692308	35.47369230769231	1.8638515516072596	-130.32235594770472	12	132	176	28
APS60113	None	D29	Male	SHAM	GP 2	Old Danville Highway Barn	32.83782467464606	No	-194.14292070378977	144	29.362499999999997	None	33.20852747233397	22.50569230769231	33.47861538461539	0.21363962270377473	-194.35656032649356	2	142	NA	29
APS60113	None	D30	Male	SHAM	GP 2	Old Danville Highway Barn	32.83782467464606	No	-147.58181547302055	144	29.325	None	33.20852747233397	22.50569230769231	33.977384615384615	0.3204594340556609	-147.90227490707622	3	141	NA	30
APS60113	None	D31	Male	SHAM	GP 2	Old Danville Highway Barn	32.83782467464606	No	-129.7888216884052	144	29.2875	None	33.20852747233397	22.50569230769231	34.974923076923076	1.1865730164321515	-130.97539470483733	15	129	NA	31
APS60113	None	D32	Male	SHAM	GP 2	Old Danville Highway Barn	32.83782467464606	No	-156.39516753455902	144	29.25	None	33.20852747233397	22.00692307692308	35.97246153846154	2.2559007248707568	-158.65106825942976	11	133	NA	32
APS60113	None	D33	Male	SHAM	GP 2	Old Danville Highway Barn	32.83782467464606	No	-164.2107816268667	144	29.2125	None	33.20852747233397	22.00692307692308	33.47861538461539	0.7477386794632116	-164.95852030632992	7	137	NA	33
APS60113	None	D34	Male	SHAM	GP 2	Old Danville Highway Barn	32.83782467464606	No	-189.40366534994362	144	29.175	None	33.20852747233397	22.00692307692308	31.982307692307696	0	-189.40366534994362	0	144	NA	34
APS60115	Basal TC-1	D-5	Female	CS	GP 1	Warriors Mark Farmhouse	31.603096145116798	Yes	10.879289207847568	144	29.700000000000003	None	32.714198461173865	26.03073619631902	35.47828220858896	32.04625891373741	-21.16696970588984	89	55	NA	-5
APS60115	Basal TC	D-4	Female	CS	GP 1	Warriors Mark Farmhouse	31.603096145116798	Yes	-86.43331870626284	144	29.3	Secondary	32.714198461173865	16.58319018404908	35.97552147239264	10.659253284008765	-97.09257199027161	31	113	207	-4
APS60115	Basal TC + 1	D-3	Female	CS	GP 1	Warriors Mark Farmhouse	31.603096145116798	Yes	7.978146723184989	144	29.3	None	32.714198461173865	26.5279754601227	36.97	32.47783260554555	-24.499685882360563	88	56	108	-3
APS60115	Pre	D-2	Female	CS	GP 1	Warriors Mark Farmhouse	31.603096145116798	Yes	-13.324528092765947	144	28.933333333333334	None	32.714198461173865	23.047300613496933	34.483803680981595	22.111141362310683	-35.43566945507663	98	46	NA	-2
APS60115	Primary - 1	D-1	Female	CS	GP 1	Warriors Mark Farmhouse	31.603096145116798	Yes	-1.885737724667778	144	28.566666666666666	None	32.714198461173865	23.544539877300615	35.47828220858896	20.224535108251604	-22.11027283291938	92	52	NA	-1
APS60115	Primary	D0	Female	CS	GP 1	Warriors Mark Farmhouse	31.603096145116798	Yes	60.0329318765592	144	28.2	None	32.714198461173865	31.997607361963194	36.97	60.0329318765592	0	144	0	288	0
APS60115	Primary + 1	D1	Female	CS	GP 1	Warriors Mark Farmhouse	31.603096145116798	Yes	-29.736705577428488	144	28.6	None	32.714198461173865	24.0417791411043	34.98104294478528	15.750500230955641	-45.487205808384125	58	86	198	1
APS60115	Primary + 2	D2	Female	CS	GP 1	Warriors Mark Farmhouse	31.603096145116798	Yes	-94.63940744859413	144	27.8	None	32.714198461173865	23.047300613496933	34.483803680981595	4.930935460120379	-99.57034290871451	17	127	142	2
APS60115	Secondary	D21	Female	CS	GP 1	Warriors Mark Farmhouse	31.603096145116798	Yes	-288.8614515618667	144	32.8	D+S1	32.714198461173865	14.5094389468906	34.61052837040399	2.332708234034004	-291.1941597959007	10	134	123	21
APS60115	Secondary + 1	D22	Female	CS	GP 1	Warriors Mark Farmhouse	31.603096145116798	Yes	-42.57385845474005	144	30.4	None	32.714198461173865	25.565038129822966	34.61052837040399	5.496685424395041	-48.070543879135094	25	119	93	22
APS60115	Secondary + 2	D23	Female	CS	GP 1	Warriors Mark Farmhouse	31.603096145116798	Yes	-87.72658385771325	144	29.8	None	32.714198461173865	22.047347480708122	33.10294666364049	1.9099854159328122	-89.63656927364606	13	131	81	23
APS60115	Secondary + 3	D24	Female	CS	GP 1	Warriors Mark Farmhouse	31.603096145116798	Yes	-105.1510122135916	144	29.72	None	32.714198461173865	22.54987471629596	35.61558284157966	6.42074719445161	-111.5717594080432	23	121	NA	24
APS60115	None	D25	Female	CS	GP 1	Warriors Mark Farmhouse	31.603096145116798	No	-68.3754158278676	144	29.64	None	32.714198461173865	25.062510894235132	33.10294666364049	2.2373378421453216	-70.61275367001292	19	125	NA	25
APS60115	None	D26	Female	CS	GP 1	Warriors Mark Farmhouse	31.603096145116798	No	-88.98315321030063	144	29.56	None	32.714198461173865	22.047347480708122	33.60547389922832	1.246259039950763	-90.22941225025139	8	136	NA	26
APS60115	D27	D27	Female	CS	GP 1	Warriors Mark Farmhouse	31.603096145116798	Yes	-130.6174844260292	144	29.48	None	32.714198461173865	22.54987471629596	33.60547389922832	0.7500752443136962	-131.36755967034287	3	141	NA	27
APS60115	D28	D28	Female	CS	GP 1	Warriors Mark Farmhouse	31.603096145116798	Yes	-124.50218024343725	144	29.4	None	32.714198461173865	22.54987471629596	33.10294666364049	2.8250256624323353	-127.32720590586959	18	126	94	28
APS60115	None	D29	Female	CS	GP 1	Warriors Mark Farmhouse	31.603096145116798	No	-149.63356729518486	144	29.237499999999997	None	32.714198461173865	22.54987471629596	31.595364956876985	0	-149.63356729518486	0	144	NA	29
APS60115	None	D30	Female	CS	GP 1	Warriors Mark Farmhouse	31.603096145116798	No	-139.7485550548308	144	29.075	None	32.714198461173865	22.047347480708122	32.09789219246482	0.41241250546457586	-140.16096756029538	5	139	NA	30
APS60115	None	D31	Female	CS	GP 1	Warriors Mark Farmhouse	31.603096145116798	No	-125.75874959602463	144	28.9125	None	32.714198461173865	22.047347480708122	33.10294666364049	0.9949451694332894	-126.75369476545792	8	136	NA	31
APS60115	None	D32	Female	CS	GP 1	Warriors Mark Farmhouse	31.603096145116798	No	-178.11580595383217	144	28.75	None	32.714198461173865	21.544820245120288	31.09283772128915	0	-178.11580595383217	0	144	NA	32
APS60115	None	D33	Female	CS	GP 1	Warriors Mark Farmhouse	31.603096145116798	No	-166.72291049037327	144	28.5875	None	32.714198461173865	22.047347480708122	31.595364956876985	0	-166.72291049037327	0	144	NA	33
APS60115	None	D34	Female	CS	GP 1	Warriors Mark Farmhouse	31.603096145116798	No	-148.79585439345996	144	28.425	None	32.714198461173865	22.047347480708122	33.10294666364049	0.3325075825308143	-149.12836197599077	2	142	NA	34
APS60118	Basal TC-1	D-5	Male	CP	GP 1	Warriors Mark Farmhouse	33.040207171903106	Yes	-53.9110256526073	144	26.05	None	32.668343699822074	25.42727554179567	35.46442724458205	3.634206960749148	-57.545232613356454	21	123	NA	-5
APS60118	Basal TC	D-4	Male	CP	GP 1	Warriors Mark Farmhouse	33.040207171903106	Yes	-106.11465314486738	144	27.6	Primary	32.668343699822074	15.390123839009288	38.47557275541796	8.260999438004015	-114.3756525828714	31	113	211	-4
APS60118	Basal TC + 1	D-3	Male	CP	GP 1	Warriors Mark Farmhouse	33.040207171903106	Yes	5.57099221116973	144	25.2	None	32.668343699822074	30.94770897832818	37.97371517027864	11.50384451659009	-5.9328523054203615	56	88	108	-3
APS60118	Pre	D-2	Male	CP	GP 1	Warriors Mark Farmhouse	33.040207171903106	Yes	-29.14776645756088	144	25.633333333333333	None	32.668343699822074	25.92913312693499	34.96256965944273	3.4923988497687173	-32.640165307329596	31	113	NA	-2
APS60118	Primary - 1	D-1	Male	CP	GP 1	Warriors Mark Farmhouse	33.040207171903106	Yes	-26.637976674279155	144	26.066666666666666	None	32.668343699822074	26.932848297213624	35.96628482972137	10.346790095489993	-36.984766769769145	55	89	NA	-1
APS60118	Primary	D0	Male	CP	GP 1	Warriors Mark Farmhouse	33.040207171903106	Yes	37.36166279940504	144	26.5	D+P1	32.668343699822074	29.94399380804954	39.47928792569659	43.46318837049907	-6.101525571094034	109	35	184	0
APS60118	Primary + 1	D1	Male	CP	GP 1	Warriors Mark Farmhouse	33.040207171903106	Yes	31.840125276185223	144	23.7	None	32.668343699822074	31.951424148606815	38.47557275541796	32.71078432139069	-0.8706590452054678	118	26	162	1
APS60118	Primary + 2	D2	Male	CP	GP 1	Warriors Mark Farmhouse	33.040207171903106	Yes	14.438916112098534	144	24.2	None	32.668343699822074	30.94770897832818	35.96628482972137	17.124576457138918	-2.6856603450403838	108	36	142	2
APS60118	Primary + 3	D3	Male	CP	GP 1	Warriors Mark Farmhouse	33.040207171903106	Yes	9.001038248321448	144	24.342105263157894	None	32.668343699822074	31.4495665634675	37.47185758513932	16.40997759436922	-7.408939346047771	64	80	37	3
APS60118	None	D4	Male	CP	GP 1	Warriors Mark Farmhouse	33.040207171903106	No	-100.17481732443396	144	24.48421052631579	None	32.668343699822074	21.914272445820437	36.97	7.366254392039063	-107.54107171647303	41	103	30	4
APS60118	None	D5	Male	CP	GP 1	Warriors Mark Farmhouse	33.040207171903106	No	3.8141393628725244	144	24.626315789473683	None	32.668343699822074	31.4495665634675	35.96628482972137	10.214887174171002	-6.400747811298478	82	62	23	5
APS60118	None	D6	Male	CP	GP 1	Warriors Mark Farmhouse	33.040207171903106	No	1.6389882173616945	144	24.768421052631577	None	32.668343699822074	26.43099071207431	35.46442724458205	14.702721954736507	-13.063733737374813	90	54	NA	6
APS60118	None	D7	Male	CP	GP 1	Warriors Mark Farmhouse	33.040207171903106	No	-31.992194878613525	144	24.910526315789472	None	32.668343699822074	25.92913312693499	35.96628482972137	7.167723036666461	-39.15991791527998	55	89	NA	7
APS60118	None	D8	Male	CP	GP 1	Warriors Mark Farmhouse	33.040207171903106	No	-49.811702339913836	144	25.052631578947366	None	32.668343699822074	23.92170278637771	35.46442724458205	8.523308813139165	-58.335011153053	42	102	NA	8
APS60118	None	D9	Male	CP	GP 1	Warriors Mark Farmhouse	33.040207171903106	No	-15.929540265610429	144	25.19473684210526	None	32.668343699822074	28.940278637770902	35.46442724458205	4.95573028644363	-20.88527055205406	34	110	NA	9
APS60118	None	D10	Male	CP	GP 1	Warriors Mark Farmhouse	33.040207171903106	No	-33.83270738635347	144	25.336842105263155	None	32.668343699822074	24.42356037151703	35.46442724458205	8.436798739405372	-42.26950612575884	54	90	NA	10
APS60118	None	D11	Male	CP	GP 1	Warriors Mark Farmhouse	33.040207171903106	No	-39.688883547344176	144	25.47894736842105	None	32.668343699822074	25.42727554179567	34.96256965944273	3.5491220941608894	-43.23800564150506	27	117	NA	11
APS60118	None	D12	Male	CP	GP 1	Warriors Mark Farmhouse	33.040207171903106	No	-43.95552617892312	144	25.621052631578948	None	32.668343699822074	23.92170278637771	34.96256965944273	5.259156887727373	-49.214683066650494	48	96	NA	12
APS60118	None	D13	Male	CP	GP 1	Warriors Mark Farmhouse	33.040207171903106	No	-10.575322061276076	144	25.763157894736842	None	32.668343699822074	27.936563467492267	36.46814241486069	5.592370318352737	-16.167692379628814	54	90	NA	13
APS60118	None	D14	Male	CP	GP 1	Warriors Mark Farmhouse	33.040207171903106	No	-27.976531225362756	144	25.905263157894737	None	32.668343699822074	26.932848297213624	35.96628482972137	4.9131878531495	-32.88971907851226	37	107	NA	14
APS60118	None	D15	Male	CP	GP 1	Warriors Mark Farmhouse	33.040207171903106	No	-59.18158419749897	144	26.04736842105263	None	32.668343699822074	22.917987616099076	35.46442724458205	5.890167351411643	-65.07175154891061	33	111	NA	15
APS60118	None	D16	Male	CP	GP 1	Warriors Mark Farmhouse	33.040207171903106	No	-67.88218877954229	144	26.189473684210526	None	32.668343699822074	22.917987616099076	34.46071207430341	1.113086780660437	-68.99527556020273	10	134	NA	16
APS60118	None	D17	Male	CP	GP 1	Warriors Mark Farmhouse	33.040207171903106	No	-102.68460710771568	144	26.33157894736842	None	32.668343699822074	23.419845201238395	36.97	7.812914311448772	-110.49752141916444	39	105	NA	17
APS60118	None	D18	Male	CP	GP 1	Warriors Mark Farmhouse	33.040207171903106	No	-51.73587450709649	144	26.473684210526315	None	32.668343699822074	23.92170278637771	34.46071207430341	3.14500460804531	-54.8808791151418	26	118	NA	18
APS60118	None	D19	Male	CP	GP 1	Warriors Mark Farmhouse	33.040207171903106	No	-116.57211057520794	144	26.61578947368421	None	32.668343699822074	22.917987616099076	34.96256965944273	1.907140941793553	-118.47925151700149	13	131	NA	19
APS60118	Secondary - 1	D20	Male	CP	GP 1	Warriors Mark Farmhouse	33.040207171903106	Yes	-47.55289153496028	144	26.757894736842104	None	32.668343699822074	23.419845201238395	35.96628482972137	8.0454368572423	-55.59832839220258	58	86	NA	20
APS60118	Secondary	D21	Male	CP	GP 1	Warriors Mark Farmhouse	33.040207171903106	Yes	4.4834166384143215	144	26.9	None	32.668343699822074	30.94770897832818	36.46814241486069	12.269537055527124	-7.7861204171128024	61	83	163	21
APS60118	Secondary + 1	D22	Male	CP	GP 1	Warriors Mark Farmhouse	33.040207171903106	Yes	-73.15274732443395	144	27	None	32.668343699822074	23.419845201238395	36.46814241486069	9.72148046038786	-82.87422778482181	46	98	111	22
APS60118	Secondary + 2	D23	Male	CP	GP 1	Warriors Mark Farmhouse	33.040207171903106	Yes	13.518659858228569	144	26.2	None	32.668343699822074	30.445851393188857	37.47185758513932	20.378823192889264	-6.860163334660695	85	59	76	23
APS60118	Secondary + 3	D24	Male	CP	GP 1	Warriors Mark Farmhouse	33.040207171903106	Yes	-51.48489552876833	144	26.419999999999998	None	32.668343699822074	22.416130030959756	34.96256965944273	3.159185419143353	-54.644080947911675	25	119	NA	24
APS60118	None	D25	Male	CP	GP 1	Warriors Mark Farmhouse	33.040207171903106	No	-55.33323986313365	144	26.64	None	32.668343699822074	24.42356037151703	35.46442724458205	6.611892249909009	-61.945132113042654	47	97	NA	25
APS60118	None	D26	Male	CP	GP 1	Warriors Mark Farmhouse	33.040207171903106	No	-132.30012655044013	144	26.86	None	32.668343699822074	22.917987616099076	34.46071207430341	2.324014031861642	-134.62414058230178	19	125	NA	26
APS60118	D27	D27	Male	CP	GP 1	Warriors Mark Farmhouse	33.040207171903106	Yes	-70.05733992505316	144	27.080000000000002	None	32.668343699822074	22.416130030959756	34.96256965944273	5.273337698825417	-75.33067762387857	47	97	NA	27
APS60118	D28	D28	Male	CP	GP 1	Warriors Mark Farmhouse	33.040207171903106	Yes	-51.150256890997426	144	27.3	None	32.668343699822074	23.92170278637771	35.96628482972137	9.552735934356877	-60.7029928253543	52	92	94	28
APS60118	None	D29	Male	CP	GP 1	Warriors Mark Farmhouse	33.040207171903106	No	-72.73444902722034	144	27.4125	None	32.668343699822074	23.419845201238395	35.96628482972137	4.399899499686178	-77.1343485269065	26	118	NA	29
APS60118	None	D30	Male	CP	GP 1	Warriors Mark Farmhouse	33.040207171903106	No	-87.12391045136894	144	27.525	None	32.668343699822074	22.416130030959756	34.96256965944273	4.384293481442601	-91.50820393281154	33	111	NA	30
APS60118	None	D31	Male	CP	GP 1	Warriors Mark Farmhouse	33.040207171903106	No	-76.41547404270021	144	27.6375	None	32.668343699822074	22.416130030959756	34.96256965944273	2.9635044780618176	-79.37897852076203	27	117	NA	31
APS60118	None	D32	Male	CP	GP 1	Warriors Mark Farmhouse	33.040207171903106	No	-90.97225478573426	144	27.75	None	32.668343699822074	22.416130030959756	34.96256965944273	3.9234527509348487	-94.89570753666911	36	108	NA	32
APS60118	None	D33	Male	CP	GP 1	Warriors Mark Farmhouse	33.040207171903106	No	-98.41796447613675	144	27.8625	None	32.668343699822074	23.419845201238395	35.46442724458205	6.264498008185602	-104.68246248432234	42	102	NA	33
APS60118	None	D34	Male	CP	GP 1	Warriors Mark Farmhouse	33.040207171903106	No	-48.05484949161663	144	27.975	None	32.668343699822074	23.419845201238395	35.46442724458205	6.389274893776921	-54.44412438539355	45	99	NA	34
APS60123	Secondary	D21	Male	SHAM	GP 1	Scott's House	33.138905810397546	Yes	-95.17158035706416	144	26.1	None	33.20852747233397	22.37877981651376	36.422449541284394	5.886143354128441	-101.0577237111926	30	114	166	21
APS60123	Secondary + 1	D22	Male	SHAM	GP 1	Scott's House	33.138905810397546	Yes	-105.12116926532103	144	26.5	None	33.20852747233397	22.88033944954128	36.422449541284394	7.8024843438532105	-112.92365360917424	39	105	114	22
APS60123	Secondary + 2	D23	Male	SHAM	GP 1	Scott's House	33.138905810397546	Yes	-39.82176643045867	144	25	None	33.20852747233397	23.88345871559633	36.422449541284394	6.868282046360859	-46.69004847681953	46	98	78	23
APS60123	Secondary + 3	D24	Male	SHAM	GP 1	Scott's House	33.138905810397546	Yes	-109.21805881577973	144	25.38	None	33.20852747233397	22.88033944954128	35.41933027522935	3.225116046116211	-112.44317486189594	23	121	NA	24
APS60123	None	D25	Male	SHAM	GP 1	Scott's House	33.138905810397546	No	-88.5663910818348	144	25.759999999999998	None	33.20852747233397	22.88033944954128	37.425568807339445	8.20492709969419	-96.77131818152898	35	109	NA	25
APS60123	None	D26	Male	SHAM	GP 1	Scott's House	33.138905810397546	No	-112.81328842128433	144	26.14	None	33.20852747233397	22.88033944954128	35.41933027522935	2.3656053404281354	-115.17889376171246	17	127	NA	26
APS60123	D27	D27	Male	SHAM	GP 1	Scott's House	33.138905810397546	Yes	-146.4245047332109	144	26.52	None	33.20852747233397	22.88033944954128	36.422449541284394	4.85941266678899	-151.2839173999999	24	120	NA	27
APS60123	D28	D28	Male	SHAM	GP 1	Scott's House	33.138905810397546	Yes	-73.93464268733936	144	26.9	None	33.20852747233397	23.88345871559633	35.920889908256875	9.049945406972476	-82.98458809431185	48	96	101	28
APS60123	None	D29	Male	SHAM	GP 1	Scott's House	33.138905810397546	No	-92.91411060477058	144	26.625	None	33.20852747233397	22.88033944954128	35.41933027522935	2.9820896727828754	-95.89620027755346	25	119	NA	29
APS60123	None	D30	Male	SHAM	GP 1	Scott's House	33.138905810397546	No	-185.13593048550445	144	26.349999999999998	None	33.20852747233397	21.877220183486237	33.91465137614678	0.7078979223241597	-185.8438284078286	10	134	NA	30
APS60123	None	D31	Male	SHAM	GP 1	Scott's House	33.138905810397546	No	-111.89357852220175	144	26.075	None	33.20852747233397	21.877220183486237	35.920889908256875	4.807017072538227	-116.70059559473998	32	112	NA	31
APS60123	None	D32	Male	SHAM	GP 1	Scott's House	33.138905810397546	No	-187.0589602744953	144	25.799999999999997	None	33.20852747233397	22.88033944954128	34.416211009174305	1.0802410814678902	-188.1392013559632	9	135	NA	32
APS60123	None	D33	Male	SHAM	GP 1	Scott's House	33.138905810397546	No	-59.2192843020183	144	25.525	None	33.20852747233397	23.88345871559633	35.920889908256875	3.888421973333337	-63.10770627535164	43	101	NA	33
APS60123	None	D34	Male	SHAM	GP 1	Scott's House	33.138905810397546	No	-131.12387641211	144	25.25	None	33.20852747233397	23.88345871559633	34.91777064220183	2.5328253220795123	-133.6567017341895	17	127	NA	34
APS60132	Basal TC-1	D-5	Female	CP+S	GP 1	Old Danville Highway Barn	32.881677885005274	Yes	2.2653849846632492	144	24.6	None	32.41671700416101	26.932848297213624	37.47185758513932	25.31652153453515	-23.051136549871902	93	51	NA	-5
APS60132	Basal TC	D-4	Female	CP+S	GP 1	Old Danville Highway Barn	32.881677885005274	Yes	-64.41136359118815	144	27.7	Dual	32.41671700416101	15.89198142414861	37.47185758513932	20.18260280321714	-84.59396639440529	70	74	208	-4
APS60132	Basal TC + 1	D-3	Female	CP+S	GP 1	Old Danville Highway Barn	32.881677885005274	Yes	32.9684800001431	144	23.6	None	32.41671700416101	31.4495665634675	37.97371517027864	36.27194085151244	-3.3034608513693353	120	24	108	-3
APS60132	Pre	D-2	Female	CP+S	GP 1	Old Danville Highway Barn	32.881677885005274	Yes	21.42344699704713	144	24.1	None	32.41671700416101	28.940278637770902	37.47185758513932	25.922635122670258	-4.49918812562313	122	22	NA	-2
APS60132	Primary - 1	D-1	Female	CP+S	GP 1	Old Danville Highway Barn	32.881677885005274	Yes	7.368624210669442	144	24.6	None	32.41671700416101	26.43099071207431	37.47185758513932	27.13460448797149	-19.76598027730205	98	46	NA	-1
APS60132	Primary	D0	Female	CP+S	GP 1	Old Danville Highway Barn	32.881677885005274	Yes	78.64665405587063	144	25.1	D+P1	32.41671700416101	28.438421052631586	39.98114551083591	79.74441316190182	-1.0977591060311895	138	6	184	0
APS60132	Primary + 1	D1	Female	CP+S	GP 1	Old Danville Highway Barn	32.881677885005274	Yes	33.721416935127635	144	24.7	None	32.41671700416101	30.445851393188857	40.483003095975235	37.741076658398015	-4.0196597232703795	117	27	164	1
APS60132	Primary + 2	D2	Female	CP+S	GP 1	Old Danville Highway Barn	32.881677885005274	Yes	-16.30705941162158	144	24.9	None	32.41671700416101	26.932848297213624	37.47185758513932	15.97306530127321	-32.28012471289479	61	83	142	2
APS60132	Primary + 3	D3	Female	CP+S	GP 1	Old Danville Highway Barn	32.881677885005274	Yes	1.5124480496787267	144	25.4	None	32.41671700416101	27.936563467492267	37.97371517027864	22.912820964999735	-21.400372915321007	88	56	37	3
APS60132	None	D4	Female	CP+S	GP 1	Old Danville Highway Barn	32.881677885005274	No	-16.390719071064304	144	25.9	None	32.41671700416101	26.932848297213624	36.97	11.745223220529791	-28.135942291594095	71	73	30	4
APS60132	None	D5	Female	CP+S	GP 1	Old Danville Highway Barn	32.881677885005274	No	-80.13937956642033	144	26.4	None	32.41671700416101	23.92170278637771	36.97	10.47189484460494	-90.61127441102528	49	95	23	5
APS60132	None	D6	Female	CP+S	GP 1	Old Danville Highway Barn	32.881677885005274	No	-106.24119331255037	144	26.9	None	32.41671700416101	22.917987616099076	35.96628482972137	4.8706937319620085	-111.11188704451237	22	122	NA	6
APS60132	None	D7	Female	CP+S	GP 1	Old Danville Highway Barn	32.881677885005274	No	-67.25579201224076	144	27.4	None	32.41671700416101	26.43099071207431	35.96628482972137	3.054673266277719	-70.31046527851848	24	120	NA	7
APS60132	None	D8	Female	CP+S	GP 1	Old Danville Highway Barn	32.881677885005274	No	-77.71324944258133	144	27.9	None	32.41671700416101	23.92170278637771	35.96628482972137	4.158619835565069	-81.8718692781464	39	105	NA	8
APS60132	None	D9	Female	CP+S	GP 1	Old Danville Highway Barn	32.881677885005274	No	-57.96956981409834	144	28.4	None	32.41671700416101	24.42356037151703	35.46442724458205	6.5500743840726585	-64.51964419817101	43	101	NA	9
APS60132	None	D10	Female	CP+S	GP 1	Old Danville Highway Barn	32.881677885005274	No	-96.78765179552249	144	28.9	None	32.41671700416101	22.917987616099076	35.46442724458205	3.9280079237884404	-100.71565971931093	27	117	NA	10
APS60132	None	D11	Female	CP+S	GP 1	Old Danville Highway Barn	32.881677885005274	No	-70.10022043329339	144	29.4	None	32.41671700416101	24.925417956656354	34.96256965944273	2.924092010475746	-73.02431244376913	27	117	NA	11
APS60132	None	D12	Female	CP+S	GP 1	Old Danville Highway Barn	32.881677885005274	No	-79.38644263143581	144	29.9	None	32.41671700416101	23.92170278637771	34.96256965944273	3.7280755173236217	-83.11451814875943	38	106	NA	12
APS60132	None	D13	Female	CP+S	GP 1	Old Danville Highway Barn	32.881677885005274	No	-108.4163444580612	144	30.4	None	32.41671700416101	22.416130030959756	35.46442724458205	3.3934368795527234	-111.80978133761393	38	106	NA	13
APS60132	None	D14	Female	CP+S	GP 1	Old Danville Highway Barn	32.881677885005274	No	-122.13652860666801	144	30.9	None	32.41671700416101	22.917987616099076	34.46071207430341	2.3853959907359226	-124.52192459740394	24	120	NA	14
APS60132	None	D15	Female	CP+S	GP 1	Old Danville Highway Barn	32.881677885005274	No	-93.60858473669897	144	31.4	None	32.41671700416101	23.419845201238395	35.96628482972137	5.952210746945761	-99.56079548364474	42	102	NA	15
APS60132	None	D16	Female	CP+S	GP 1	Old Danville Highway Barn	32.881677885005274	No	-92.85564780171444	144	31.9	None	32.41671700416101	23.419845201238395	34.96256965944273	3.438295988159919	-96.29394378987436	28	116	NA	16
APS60132	None	D17	Female	CP+S	GP 1	Old Danville Highway Barn	32.881677885005274	No	-95.28177792555346	144	32.4	None	32.41671700416101	23.419845201238395	34.46071207430341	3.0301812242220683	-98.31195914977552	22	122	NA	17
APS60132	None	D18	Female	CP+S	GP 1	Old Danville Highway Barn	32.881677885005274	No	-187.64204195032124	144	32.9	None	32.41671700416101	22.416130030959756	34.46071207430341	0.98354884676115	-188.6255907970824	12	132	NA	18
APS60132	None	D19	Female	CP+S	GP 1	Old Danville Highway Barn	32.881677885005274	No	-156.0186906809714	144	33.4	None	32.41671700416101	22.416130030959756	34.46071207430341	0.8039835068478756	-156.82267418781927	11	133	NA	19
APS60132	Secondary - 1	D20	Female	CP+S	GP 1	Old Danville Highway Barn	32.881677885005274	Yes	-141.2945906190519	144	33.9	None	32.41671700416101	22.416130030959756	35.96628482972137	5.180840327677256	-146.47543094672915	20	124	NA	20
APS60132	Secondary	D21	Female	CP+S	GP 1	Old Danville Highway Barn	32.881677885005274	Yes	-249.21555130016645	144	34.4	D+S1	32.41671700416101	14.888266253869972	36.46814241486069	4.44014941372056	-253.65570071388703	21	123	118	21
APS60132	Secondary + 1	D22	Female	CP+S	GP 1	Old Danville Highway Barn	32.881677885005274	Yes	-89.59292108344819	144	32.1	None	32.41671700416101	22.917987616099076	35.96628482972137	7.517252234301877	-97.11017331775007	40	104	92	22
APS60132	Secondary + 2	D23	Female	CP+S	GP 1	Old Danville Highway Barn	32.881677885005274	Yes	-40.4010413311262	144	31.5	None	32.41671700416101	26.43099071207431	35.96628482972137	8.843560764357644	-49.24460209548385	39	105	78	23
APS60132	Secondary + 3	D24	Female	CP+S	GP 1	Old Danville Highway Barn	32.881677885005274	Yes	-98.46084498437699	144	31.68	None	32.41671700416101	22.416130030959756	35.96628482972137	4.50344200661174	-102.96428699098874	33	111	NA	24
APS60132	None	D25	Female	CP+S	GP 1	Old Danville Highway Barn	32.881677885005274	No	-106.15753365310763	144	31.86	None	32.41671700416101	22.917987616099076	35.46442724458205	5.758336898252608	-111.91587055136024	33	111	NA	25
APS60132	None	D26	Female	CP+S	GP 1	Old Danville Highway Barn	32.881677885005274	No	-99.63208021657512	144	32.04	None	32.41671700416101	23.92170278637771	34.46071207430341	1.6650721433307718	-101.2971523599059	13	131	NA	26
APS60132	D27	D27	Female	CP+S	GP 1	Old Danville Highway Barn	32.881677885005274	Yes	-116.94962972121908	144	32.22	None	32.41671700416101	22.416130030959756	35.96628482972137	3.377065883020792	-120.32669560423987	23	121	NA	27
APS60132	D28	D28	Female	CP+S	GP 1	Old Danville Highway Barn	32.881677885005274	Yes	-77.29495114536769	144	32.4	None	32.41671700416101	23.419845201238395	35.96628482972137	7.26421076822165	-84.55916191358934	33	111	101	28
APS60132	None	D29	Female	CP+S	GP 1	Old Danville Highway Barn	32.881677885005274	No	-115.10911721347914	144	32.512499999999996	None	32.41671700416101	22.917987616099076	34.46071207430341	0.6590937422660241	-115.76821095574516	6	138	NA	29
APS60132	None	D30	Female	CP+S	GP 1	Old Danville Highway Barn	32.881677885005274	No	-125.06461668716335	144	32.625	None	32.41671700416101	21.914272445820437	35.96628482972137	2.634312481312043	-127.69892916847539	17	127	NA	30
APS60132	None	D31	Female	CP+S	GP 1	Old Danville Highway Barn	32.881677885005274	No	-109.33660071193115	144	32.7375	None	32.41671700416101	22.416130030959756	37.47185758513932	2.5853283972007404	-111.9219291091319	13	131	NA	31
APS60132	None	D32	Female	CP+S	GP 1	Old Danville Highway Barn	32.881677885005274	No	-190.98842832803024	144	32.849999999999994	None	32.41671700416101	22.416130030959756	32.45328173374613	0	-190.98842832803024	0	144	NA	32
APS60132	None	D33	Female	CP+S	GP 1	Old Danville Highway Barn	32.881677885005274	No	-108.24902513917576	144	32.9625	None	32.41671700416101	23.419845201238395	34.46071207430341	4.087206197150171	-112.33623133632592	40	104	NA	33
APS60132	None	D34	Female	CP+S	GP 1	Old Danville Highway Barn	32.881677885005274	No	-106.32485297199307	144	33.074999999999996	None	32.41671700416101	22.416130030959756	35.46442724458205	2.9934431611385923	-109.31829613313167	19	125	NA	34
APS60135	Primary - 1	D-1	Female	SHAM	GP 2	Old Danville Highway Barn	32.85302113849662	Yes	31.230506759231695	144	25.4	None	33.20852747233397	32.48107692307692	35.97246153846154	31.72653156491541	-0.4960248056837153	136	8	25	-1
APS60135	Primary	D0	Female	SHAM	GP 2	Old Danville Highway Barn	32.85302113849662	Yes	36.46863109769323	144	23.4	None	33.20852747233397	31.982307692307696	36.97	37.00693936349448	-0.5383082658012456	138	6	295	0
APS60135	Primary + 1	D1	Female	SHAM	GP 2	Old Danville Highway Barn	32.85302113849662	Yes	-33.28988191769137	144	25.4	None	33.20852747233397	24.999538461538464	36.47123076923077	15.179098540443848	-48.46898045813522	73	71	189	1
APS60135	Primary + 2	D2	Female	SHAM	GP 2	Old Danville Highway Barn	32.85302113849662	Yes	-40.68977185615292	144	25.6	None	33.20852747233397	23.503230769230772	35.97246153846154	11.226163855240788	-51.915935711393715	63	81	172	2
APS60135	Primary + 3	D3	Female	SHAM	GP 2	Old Danville Highway Barn	32.85302113849662	Yes	-96.56309813307597	144	25.75263157894737	None	33.20852747233397	24.002000000000002	34.47615384615385	3.441456507323932	-100.0045546403999	33	111	NA	3
APS60135	None	D4	Female	SHAM	GP 2	Old Danville Highway Barn	32.85302113849662	No	-100.47090517922983	144	25.905263157894737	None	33.20852747233397	23.503230769230772	34.47615384615385	3.3963288682747215	-103.86723404750455	23	121	NA	4
APS60135	None	D5	Female	SHAM	GP 2	Old Danville Highway Barn	32.85302113849662	No	-185.36177739461442	144	26.057894736842105	None	33.20852747233397	22.50569230769231	33.47861538461539	0.16771175100429903	-185.52948914561873	4	140	NA	5
APS60135	None	D6	Female	SHAM	GP 2	Old Danville Highway Barn	32.85302113849662	No	-61.39283471769137	144	26.210526315789476	None	33.20852747233397	24.500769230769233	34.974923076923076	5.8752204191562285	-67.2680551368476	38	106	NA	6
APS60135	None	D7	Female	SHAM	GP 2	Old Danville Highway Barn	32.85302113849662	No	-129.57159594846058	144	26.363157894736844	None	33.20852747233397	23.004461538461538	34.47615384615385	0.668002825085521	-130.2395987735461	8	136	NA	7
APS60135	None	D8	Female	SHAM	GP 2	Old Danville Highway Barn	32.85302113849662	No	-143.53992751769135	144	26.51578947368421	None	33.20852747233397	22.00692307692308	35.97246153846154	3.5428988892202526	-147.0828264069116	26	118	NA	8
APS60135	None	D9	Female	SHAM	GP 2	Old Danville Highway Barn	32.85302113849662	No	-115.35382988692213	144	26.66842105263158	None	33.20852747233397	23.503230769230772	35.47369230769231	2.3126018893430462	-117.66643177626517	15	129	NA	9
APS60135	None	D10	Female	SHAM	GP 2	Old Danville Highway Barn	32.85302113849662	No	-195.67173640999906	144	26.821052631578947	None	33.20852747233397	22.00692307692308	35.47369230769231	3.2286171172704226	-198.90035352726946	19	125	NA	10
APS60135	None	D11	Female	SHAM	GP 2	Old Danville Highway Barn	32.85302113849662	No	-101.38549831769136	144	26.973684210526315	None	33.20852747233397	24.999538461538464	34.974923076923076	1.440292210999039	-102.8257905286904	17	127	NA	11
APS60135	None	D12	Female	SHAM	GP 2	Old Danville Highway Barn	32.85302113849662	No	-189.6021637638452	144	27.126315789473686	None	33.20852747233397	22.50569230769231	34.47615384615385	1.7911690852030573	-191.39333284904825	10	134	NA	12
APS60135	None	D13	Female	SHAM	GP 2	Old Danville Highway Barn	32.85302113849662	No	-161.9980799484606	144	27.278947368421054	None	33.20852747233397	22.00692307692308	34.974923076923076	1.1260104390492092	-163.1240903875098	10	134	NA	13
APS60135	None	D14	Female	SHAM	GP 2	Old Danville Highway Barn	32.85302113849662	No	-76.27575942538368	144	27.431578947368422	None	33.20852747233397	23.004461538461538	35.47369230769231	7.850976717024838	-84.12673614240852	41	103	NA	14
APS60135	None	D15	Female	SHAM	GP 2	Old Danville Highway Barn	32.85302113849662	No	-150.77352779461444	144	27.58421052631579	None	33.20852747233397	23.004461538461538	33.977384615384615	0.5848579943162908	-151.35838578893072	8	136	NA	15
APS60135	None	D16	Female	SHAM	GP 2	Old Danville Highway Barn	32.85302113849662	No	-156.01165213307598	144	27.736842105263158	None	33.20852747233397	22.50569230769231	34.47615384615385	1.9800225662661222	-157.9916746993421	15	129	NA	16
APS60135	None	D17	Female	SHAM	GP 2	Old Danville Highway Barn	32.85302113849662	No	-71.20392474846061	144	27.889473684210525	None	33.20852747233397	24.002000000000002	35.47369230769231	6.12465491146392	-77.32857965992453	38	106	NA	17
APS60135	None	D18	Female	SHAM	GP 2	Old Danville Highway Barn	32.85302113849662	No	-96.97882228692214	144	28.042105263157893	None	33.20852747233397	22.50569230769231	34.974923076923076	5.229781413595309	-102.20860370051746	35	109	NA	18
APS60135	None	D19	Female	SHAM	GP 2	Old Danville Highway Barn	32.85302113849662	No	-169.97998370230678	144	28.194736842105264	None	33.20852747233397	22.50569230769231	34.974923076923076	1.7305880739584316	-171.71057177626523	15	129	NA	19
APS60135	Secondary - 1	D20	Female	SHAM	GP 2	Old Danville Highway Barn	32.85302113849662	Yes	-53.57722062538368	144	28.347368421052632	None	33.20852747233397	23.004461538461538	35.97246153846154	7.7466901561968395	-61.32391078158052	40	104	NA	20
APS60135	Secondary	D21	Female	SHAM	GP 2	Old Danville Highway Barn	32.85302113849662	Yes	-68.04442117922983	144	28.5	None	33.20852747233397	24.002000000000002	35.47369230769231	8.500681990983267	-76.5451031702131	56	88	259	21
APS60135	Secondary + 1	D22	Female	SHAM	GP 2	Old Danville Highway Barn	32.85302113849662	Yes	-41.68750982538368	144	28	None	33.20852747233397	23.503230769230772	36.97	24.97331310955182	-66.6608229349355	84	60	206	22
APS60135	Secondary + 2	D23	Female	SHAM	GP 2	Old Danville Highway Barn	32.85302113849662	Yes	-99.8888913638452	144	27.7	None	33.20852747233397	23.004461538461538	35.47369230769231	4.791493440224553	-104.68038480406976	30	114	166	23
APS60135	Secondary + 3	D24	Female	SHAM	GP 2	Old Danville Highway Barn	32.85302113849662	Yes	-170.22941819461442	144	27.86	None	33.20852747233397	22.50569230769231	34.47615384615385	0.9385790474519807	-171.1679972420664	9	135	NA	24
APS60135	None	D25	Female	SHAM	GP 2	Old Danville Highway Barn	32.85302113849662	No	-136.38947207153754	144	28.02	None	33.20852747233397	22.50569230769231	35.47369230769231	3.458331968985186	-139.84780404052273	22	122	NA	25
APS60135	None	D26	Female	SHAM	GP 2	Old Danville Highway Barn	32.85302113849662	No	-200.82671591769136	144	28.18	None	33.20852747233397	22.50569230769231	33.977384615384615	0.5017131635470595	-201.32842908123843	8	136	NA	26
APS60135	D27	D27	Female	SHAM	GP 2	Old Danville Highway Barn	32.85302113849662	Yes	-203.57049533307597	144	28.34	None	33.20852747233397	21.508153846153846	33.47861538461539	0.12542829088676516	-203.69592362396273	2	142	NA	27
APS60135	D28	D28	Female	SHAM	GP 2	Old Danville Highway Barn	32.85302113849662	Yes	-98.05970508692214	144	28.5	None	33.20852747233397	22.00692307692308	35.47369230769231	6.333228033119917	-104.39293312004204	40	104	165	28
APS60135	None	D29	Female	SHAM	GP 2	Old Danville Highway Barn	32.85302113849662	No	-202.3233228715375	144	28.4	None	33.20852747233397	22.50569230769231	33.977384615384615	0.1874313915972284	-202.51075426313474	1	143	NA	29
APS60135	None	D30	Female	SHAM	GP 2	Old Danville Highway Barn	32.85302113849662	No	-156.01165213307596	144	28.3	None	33.20852747233397	22.00692307692308	34.974923076923076	3.251180936795025	-159.262833069871	24	120	NA	30
APS60135	None	D31	Female	SHAM	GP 2	Old Danville Highway Barn	32.85302113849662	No	-108.7853882561529	144	28.2	None	33.20852747233397	23.503230769230772	34.974923076923076	2.5225971004648793	-111.30798535661778	21	123	NA	31
APS60135	None	D32	Female	SHAM	GP 2	Old Danville Highway Barn	32.85302113849662	No	-183.11686696384518	144	28.1	None	33.20852747233397	22.00692307692308	33.977384615384615	1.0640073383387458	-184.18087430218392	11	133	NA	32
APS60135	None	D33	Female	SHAM	GP 2	Old Danville Highway Barn	32.85302113849662	No	-204.56823330230674	144	28	None	33.20852747233397	20.011846153846154	33.977384615384615	1.168293899166743	-205.73652720147348	12	132	NA	33
APS60135	None	D34	Female	SHAM	GP 2	Old Danville Highway Barn	32.85302113849662	No	-208.89176450230673	144	27.9	None	33.20852747233397	21.00938461538462	34.47615384615385	1.1260104390492103	-210.01777494135595	10	134	NA	34
APS60146	Primary - 1	D-1	Male	SHAM	GP 2	Scott's House	33.442351029626984	Yes	-1.5887092630706172	144	22.25	None	33.20852747233397	29.922173913043476	36.97	14.405034273672165	-15.993743536742782	88	56	25	-1
APS60146	Primary	D0	Male	SHAM	GP 2	Scott's House	33.442351029626984	Yes	33.82530794189829	144	21.7	None	33.20852747233397	29.418757763975155	37.97683229813664	39.69095207918957	-5.8656441372912855	130	14	299	0
APS60146	Primary + 1	D1	Male	SHAM	GP 2	Scott's House	33.442351029626984	Yes	18.04844719655669	144	22.2	None	33.20852747233397	30.4255900621118	36.97	25.415922924555414	-7.367475727998724	116	28	196	1
APS60146	Primary + 2	D2	Male	SHAM	GP 2	Scott's House	33.442351029626984	Yes	-14.344469014623417	144	21.8	None	33.20852747233397	25.89484472049689	37.47341614906833	15.74836860548055	-30.092837620103968	89	55	175	2
APS60146	Primary + 3	D3	Male	SHAM	GP 2	Scott's House	33.442351029626984	Yes	-71.5775489525116	144	21.926315789473684	None	33.20852747233397	23.37776397515528	37.47341614906833	11.27883932137957	-82.85638827389117	54	90	NA	3
APS60146	None	D4	Male	SHAM	GP 2	Scott's House	33.442351029626984	No	-42.87708951151783	144	22.05263157894737	None	33.20852747233397	24.384596273291923	36.46658385093167	17.677893683610044	-60.554983195127875	88	56	NA	4
APS60146	None	D5	Male	SHAM	GP 2	Scott's House	33.442351029626984	No	-123.52370215126935	144	22.178947368421053	None	33.20852747233397	22.370931677018635	35.96316770186335	4.132605837875512	-127.65630798914486	33	111	NA	5
APS60146	None	D6	Male	SHAM	GP 2	Scott's House	33.442351029626984	No	-83.82979187176625	144	22.305263157894736	None	33.20852747233397	23.881180124223604	35.96316770186335	4.643596018333915	-88.47338789010016	45	99	NA	6
APS60146	None	D7	Male	SHAM	GP 2	Scott's House	33.442351029626984	No	-97.84434370406439	144	22.431578947368422	None	33.20852747233397	23.881180124223604	36.46658385093167	2.8700770830500386	-100.71442078711442	27	117	NA	7
APS60146	None	D8	Male	SHAM	GP 2	Scott's House	33.442351029626984	No	-134.18147510157988	144	22.557894736842105	None	33.20852747233397	22.370931677018635	36.46658385093167	3.629711784590732	-137.81118688617062	34	110	NA	8
APS60146	None	D9	Male	SHAM	GP 2	Scott's House	33.442351029626984	No	-96.9212295115178	144	22.68421052631579	None	33.20852747233397	24.888012422360248	35.96316770186335	3.706157908480152	-100.62738741999796	22	122	NA	9
APS60146	None	D10	Male	SHAM	GP 2	Scott's House	33.442351029626984	No	-94.73932323822588	144	22.810526315789474	None	33.20852747233397	22.874347826086954	36.46658385093167	6.652058336406256	-101.39138157463213	36	108	NA	10
APS60146	None	D11	Male	SHAM	GP 2	Scott's House	33.442351029626984	No	-112.27849289661096	144	22.936842105263157	None	33.20852747233397	23.881180124223604	36.46658385093167	2.198098527639169	-114.47659142425013	26	118	NA	11
APS60146	None	D12	Male	SHAM	GP 2	Scott's House	33.442351029626984	No	-121.00611798977867	144	23.063157894736843	None	33.20852747233397	23.37776397515528	35.459751552795026	2.279526883635435	-123.2856448734141	22	122	NA	12
APS60146	None	D13	Male	SHAM	GP 2	Scott's House	33.442351029626984	No	-98.09610212021346	144	23.189473684210526	None	33.20852747233397	23.37776397515528	36.46658385093167	3.6216156574171072	-101.71771777763057	21	123	NA	13
APS60146	None	D14	Male	SHAM	GP 2	Scott's House	33.442351029626984	No	-72.2489047289091	144	23.31578947368421	None	33.20852747233397	23.37776397515528	35.96316770186335	5.249092914069056	-77.49799764297815	74	70	NA	14
APS60146	None	D15	Male	SHAM	GP 2	Scott's House	33.442351029626984	No	-155.7487794183501	144	23.442105263157895	None	33.20852747233397	22.874347826086954	35.96316770186335	2.3628235766717687	-158.11160299502188	21	123	NA	15
APS60146	None	D16	Male	SHAM	GP 2	Scott's House	33.442351029626984	No	-27.687665070524016	144	23.568421052631578	None	33.20852747233397	23.37776397515528	36.46658385093167	13.23950335017685	-40.927168420700866	103	41	NA	16
APS60146	None	D17	Male	SHAM	GP 2	Scott's House	33.442351029626984	No	-63.77303805189049	144	23.694736842105264	None	33.20852747233397	22.370931677018635	36.46658385093167	10.198473427960653	-73.97151147985115	71	73	NA	17
APS60146	None	D18	Male	SHAM	GP 2	Scott's House	33.442351029626984	No	-79.04638196493394	144	23.821052631578947	None	33.20852747233397	24.384596273291923	36.46658385093167	4.646709913400694	-83.69309187833463	50	94	NA	18
APS60146	None	D19	Male	SHAM	GP 2	Scott's House	33.442351029626984	No	-122.60058795872276	144	23.94736842105263	None	33.20852747233397	21.86751552795031	36.97	7.407956363866815	-130.0085443225896	37	107	NA	19
APS60146	Secondary - 1	D20	Male	SHAM	GP 2	Scott's House	33.442351029626984	Yes	-140.89503286555507	144	24.073684210526316	None	33.20852747233397	22.874347826086954	35.96316770186335	3.7900773805298416	-144.6851102460849	22	122	NA	20
APS60146	Secondary	D21	Male	SHAM	GP 2	Scott's House	33.442351029626984	Yes	-47.99617730654886	144	24.2	None	33.20852747233397	23.37776397515528	35.96316770186335	13.478806186058803	-61.47498349260766	83	61	262	21
APS60146	Secondary + 1	D22	Male	SHAM	GP 2	Scott's House	33.442351029626984	Yes	-70.15091792766687	144	24.4	None	33.20852747233397	23.37776397515528	36.46658385093167	15.82419195035661	-85.97510987802349	76	68	199	22
APS60146	Secondary + 2	D23	Male	SHAM	GP 2	Scott's House	33.442351029626984	Yes	-85.34034236866066	144	24.4	None	33.20852747233397	23.37776397515528	36.46658385093167	11.957045666923994	-97.29738803558466	65	79	165	23
APS60146	Secondary + 3	D24	Male	SHAM	GP 2	Scott's House	33.442351029626984	Yes	-47.32482153015135	144	24.4	None	33.20852747233397	24.888012422360248	36.46658385093167	6.1684704325355035	-53.493291962686854	68	76	NA	24
APS60146	None	D25	Male	SHAM	GP 2	Scott's House	33.442351029626984	No	-80.22125457362961	144	24.4	None	33.20852747233397	23.881180124223604	35.96316770186335	4.133228616888867	-84.35448319051847	34	110	NA	25
APS60146	None	D26	Male	SHAM	GP 2	Scott's House	33.442351029626984	No	-110.09658662331904	144	24.4	None	33.20852747233397	22.874347826086954	35.459751552795026	2.87132264107675	-112.96790926439579	29	115	NA	26
APS60146	D27	D27	Male	SHAM	GP 2	Scott's House	33.442351029626984	Yes	-150.21009426307057	144	24.4	None	33.20852747233397	21.86751552795031	35.459751552795026	1.60692554921121	-151.81701981228179	20	124	NA	27
APS60146	D28	D28	Male	SHAM	GP 2	Scott's House	33.442351029626984	Yes	-79.80165721338116	144	24.4	None	33.20852747233397	22.370931677018635	37.47341614906833	6.491069961453793	-86.29272717483495	47	97	164	28
APS60146	None	D29	Male	SHAM	GP 2	Scott's House	33.442351029626984	No	-115.1317549463004	144	24.287499999999998	None	33.20852747233397	22.874347826086954	34.45291925465838	2.449856943788237	-117.58161189008864	26	118	NA	29
APS60146	None	D30	Male	SHAM	GP 2	Scott's House	33.442351029626984	No	-119.57948696493395	144	24.174999999999997	None	33.20852747233397	22.370931677018635	34.956335403726705	2.543118101038262	-122.12260506597221	41	103	NA	30
APS60146	None	D31	Male	SHAM	GP 2	Scott's House	33.442351029626984	No	-93.22877274133148	144	24.0625	None	33.20852747233397	22.874347826086954	35.459751552795026	3.547037870567754	-96.77581061189923	36	108	NA	31
APS60146	None	D32	Male	SHAM	GP 2	Scott's House	33.442351029626984	No	-163.72112926307057	144	23.95	None	33.20852747233397	22.370931677018635	34.956335403726705	1.8599295233869892	-165.58105878645756	22	122	NA	32
APS60146	None	D33	Male	SHAM	GP 2	Scott's House	33.442351029626984	No	-124.7824942320147	144	23.8375	None	33.20852747233397	21.86751552795031	35.96316770186335	6.236197650237944	-131.01869188225263	42	102	NA	33
APS60146	None	D34	Male	SHAM	GP 2	Scott's House	33.442351029626984	No	-215.24768510157992	144	23.725	None	33.20852747233397	21.364099378881985	33.94950310559006	0.08703336711646789	-215.33471846869637	5	139	NA	34
APS60156	Secondary	D21	Female	CS	GP 2	Warriors Mark Farmhouse	32.856675675675675	Yes	-298.7989640594594	144	27.8	D+S2	32.714198461173865	14.672999999999998	35.05	1.916423748648646	-300.71538780810806	10	134	174	21
APS60156	Secondary + 1	D22	Female	CS	GP 2	Warriors Mark Farmhouse	32.856675675675675	Yes	-72.86728675945946	144	30.6	None	32.714198461173865	23.619	36.541	9.562285948648636	-82.4295727081081	47	97	184	22
APS60156	Secondary + 2	D23	Female	CS	GP 2	Warriors Mark Farmhouse	32.856675675675675	Yes	-110.72969105945944	144	30.9	None	32.714198461173865	23.122	34.553	2.024544467567563	-112.754235527027	18	126	168	23
APS60156	Secondary + 3	D24	Female	CS	GP 2	Warriors Mark Farmhouse	32.856675675675675	Yes	-134.75616205945943	144	30.799999999999997	None	32.714198461173865	23.122	35.05	2.0101496972972925	-136.76631175675672	20	124	NA	24
APS60156	None	D25	Female	CS	GP 2	Warriors Mark Farmhouse	32.856675675675675	No	-88.52591785945945	144	30.7	None	32.714198461173865	24.116	38.032	8.960584551351342	-97.48650241081079	27	117	NA	25
APS60156	None	D26	Female	CS	GP 2	Warriors Mark Farmhouse	32.856675675675675	No	-160.43963105945943	144	30.599999999999998	None	32.714198461173865	21.631	34.553	1.5562346081081047	-161.99586566756753	14	130	NA	26
APS60156	D27	D27	Female	CS	GP 2	Warriors Mark Farmhouse	32.856675675675675	Yes	-153.14883985945943	144	30.5	None	32.714198461173865	22.128	35.05	2.6243265621621568	-155.7731664216216	21	123	NA	27
APS60156	D28	D28	Female	CS	GP 2	Warriors Mark Farmhouse	32.856675675675675	Yes	-147.10079715945943	144	30.4	None	32.714198461173865	22.128	36.044	5.061201227027021	-152.16199838648646	22	122	167	28
APS60156	None	D29	Female	CS	GP 2	Warriors Mark Farmhouse	32.856675675675675	No	-131.60786585945945	144	30.362499999999997	None	32.714198461173865	22.625	35.05	0.6538424540540524	-132.26170831351348	7	137	NA	29
APS60156	None	D30	Female	CS	GP 2	Warriors Mark Farmhouse	32.856675675675675	No	-147.92929615945943	144	30.325	None	32.714198461173865	23.619	34.056	1.170774648648646	-149.1000708081081	10	134	NA	30
APS60156	None	D31	Female	CS	GP 2	Warriors Mark Farmhouse	32.856675675675675	No	-137.49020875945945	144	30.2875	None	32.714198461173865	24.116	34.056	1.0536971837837816	-138.54390594324323	9	135	NA	31
APS60156	None	D32	Female	CS	GP 2	Warriors Mark Farmhouse	32.856675675675675	No	-136.49600995945943	144	30.25	None	32.714198461173865	21.631	37.038	6.212143081081073	-142.7081530405405	29	115	NA	32
APS60156	None	D33	Female	CS	GP 2	Warriors Mark Farmhouse	32.856675675675675	No	-188.6085970594594	144	30.2125	None	32.714198461173865	21.631	34.056	0.3854599594594585	-188.99405701891888	4	140	NA	33
APS60156	None	D34	Female	CS	GP 2	Warriors Mark Farmhouse	32.856675675675675	No	-190.76269445945942	144	30.175	None	32.714198461173865	22.128	33.062	0.0684551297297293	-190.83114958918915	2	142	NA	34
APS60160	Basal TC-1	D-5	Female	CP	GP 1	Old Danville Highway Barn	32.41600145262463	Yes	-164.64439305457896	144	16.85	None	32.668343699822074	22.00692307692308	34.974923076923076	1.156819366470785	-165.80121242104974	7	137	NA	-5
APS60160	Basal TC	D-4	Female	CP	GP 1	Old Danville Highway Barn	32.41600145262463	Yes	-290.026797854579	144	16.6	Primary	32.668343699822074	15.024153846153848	31.483538461538462	0	-290.026797854579	0	144	202	-4
APS60160	Basal TC + 1	D-3	Female	CP	GP 1	Old Danville Highway Barn	32.41600145262463	Yes	-124.90116394688668	144	16.3	None	32.668343699822074	18.01676923076923	36.97	12.818863204965346	-137.72002715185204	32	112	108	-3
APS60160	Pre	D-2	Female	CP	GP 1	Old Danville Highway Barn	32.41600145262463	Yes	-189.2552629622713	144	16.2	None	32.668343699822074	22.00692307692308	31.982307692307696	0	-189.2552629622713	0	144	NA	-2
APS60160	Primary - 1	D-1	Female	CP	GP 1	Old Danville Highway Barn	32.41600145262463	Yes	-243.21625813150206	144	16.1	None	32.668343699822074	21.00938461538462	35.47369230769231	0.6868548080026426	-243.9031129395047	2	142	NA	-1
APS60160	Primary	D0	Female	CP	GP 1	Old Danville Highway Barn	32.41600145262463	Yes	-279.13482502380975	144	16	D+P1	32.668343699822074	14.026615384615386	31.982307692307696	0	-279.13482502380975	0	144	185	0
APS60160	Primary + 1	D1	Female	CP	GP 1	Old Danville Highway Barn	32.41600145262463	Yes	-24.96107736227131	144	15.7	None	32.668343699822074	22.00692307692308	35.47369230769231	9.500349607448017	-34.46142696971933	48	96	166	1
APS60160	Primary + 2	D2	Female	CP	GP 1	Old Danville Highway Barn	32.41600145262463	Yes	-6.586069762271312	144	15.3	None	32.668343699822074	24.999538461538464	34.974923076923076	16.44483425394522	-23.03090401621653	75	69	142	2
APS60160	Primary + 3	D3	Female	CP	GP 1	Old Danville Highway Barn	32.41600145262463	Yes	17.193351837728674	144	16.194736842105264	None	32.668343699822074	26.994615384615386	37.46876923076923	32.88952576998352	-15.696173932254846	104	40	37	3
APS60160	None	D4	Female	CP	GP 1	Old Danville Highway Barn	32.41600145262463	No	-37.26651231611746	144	17.089473684210528	None	32.668343699822074	24.500769230769233	34.974923076923076	7.1108456769891175	-44.37735799310658	50	94	30	4
APS60160	None	D5	Female	CP	GP 1	Old Danville Highway Barn	32.41600145262463	No	-40.09343656227131	144	17.98421052631579	None	32.668343699822074	24.999538461538464	34.47615384615385	6.2287967813007725	-46.32223334357208	53	91	23	5
APS60160	None	D6	Female	CP	GP 1	Old Danville Highway Barn	32.41600145262463	No	-53.14717499304054	144	18.878947368421052	None	32.668343699822074	24.500769230769233	34.47615384615385	5.234627259742498	-58.38180225278303	38	106	NA	6
APS60160	None	D7	Female	CP	GP 1	Old Danville Highway Barn	32.41600145262463	No	-41.008029700732855	144	19.773684210526316	None	32.668343699822074	25.997076923076925	34.974923076923076	5.0611293339055825	-46.06915903463844	45	99	NA	7
APS60160	None	D8	Female	CP	GP 1	Old Danville Highway Barn	32.41600145262463	No	-86.65454179304054	144	20.66842105263158	None	32.668343699822074	24.002000000000002	34.47615384615385	3.716324144047546	-90.37086593708808	36	108	NA	8
APS60160	None	D9	Female	CP	GP 1	Old Danville Highway Barn	32.41600145262463	No	-29.94976720842515	144	21.56315789473684	None	32.668343699822074	24.002000000000002	35.47369230769231	7.700067756672179	-37.64983496509733	43	101	NA	9
APS60160	None	D10	Female	CP	GP 1	Old Danville Highway Barn	32.41600145262463	No	3.1418754377286806	144	22.457894736842103	None	32.668343699822074	29.98723076923077	35.97246153846154	13.751655426556635	-10.609779988827954	72	72	NA	10
APS60160	None	D11	Female	CP	GP 1	Old Danville Highway Barn	32.41600145262463	No	-99.20941123919438	144	23.352631578947367	None	32.668343699822074	22.50569230769231	35.97246153846154	6.854131551429522	-106.06354279062391	34	110	NA	11
APS60160	None	D12	Female	CP	GP 1	Old Danville Highway Barn	32.41600145262463	No	-52.81459566996361	144	24.24736842105263	None	32.668343699822074	25.498307692307694	35.47369230769231	7.595226764054155	-60.40982243401777	41	103	NA	12
APS60160	None	D13	Female	CP	GP 1	Old Danville Highway Barn	32.41600145262463	No	-73.51765853150208	144	25.142105263157895	None	32.668343699822074	22.50569230769231	35.47369230769231	2.667914217867284	-76.18557274936936	16	128	NA	13
APS60160	None	D14	Female	CP	GP 1	Old Danville Highway Barn	32.41600145262463	No	-89.31517637765593	144	26.036842105263155	None	32.668343699822074	22.50569230769231	33.47861538461539	1.0701060880290507	-90.38528246568498	22	122	NA	14
APS60160	None	D15	Female	CP	GP 1	Old Danville Highway Barn	32.41600145262463	No	-92.64096960842515	144	26.931578947368422	None	32.668343699822074	22.50569230769231	34.47615384615385	1.9196107409442076	-94.56058034936936	16	128	NA	15
APS60160	None	D16	Female	CP	GP 1	Old Danville Highway Barn	32.41600145262463	No	-111.1822668699636	144	27.826315789473682	None	32.668343699822074	22.00692307692308	33.47861538461539	0.23137814708484558	-111.41364501704845	6	138	NA	16
APS60160	None	D17	Female	CP	GP 1	Old Danville Highway Barn	32.41600145262463	No	-90.06347985457901	144	28.721052631578946	None	32.668343699822074	23.004461538461538	33.47861538461539	0.5061486178672797	-90.56962847244628	16	128	NA	17
APS60160	None	D18	Female	CP	GP 1	Old Danville Highway Barn	32.41600145262463	No	-102.2857699776559	144	29.61578947368421	None	32.668343699822074	22.00692307692308	32.48107692307692	0.03254424277319145	-102.31831422042909	3	141	NA	18
APS60160	None	D19	Female	CP	GP 1	Old Danville Highway Barn	32.41600145262463	No	-118.41586714688668	144	30.51052631578947	None	32.668343699822074	22.00692307692308	32.48107692307692	0.03254424277319145	-118.44841138965987	3	141	NA	19
APS60160	Secondary - 1	D20	Female	CP	GP 1	Old Danville Highway Barn	32.41600145262463	Yes	-62.20996154688668	144	31.405263157894733	None	32.668343699822074	22.00692307692308	33.47861538461539	1.1062187784747475	-63.31618032536143	10	134	NA	20
APS60160	Secondary	D21	Female	CP	GP 1	Old Danville Highway Barn	32.41600145262463	Yes	-81.416417454579	144	32.3	None	32.668343699822074	22.50569230769231	33.47861538461539	0.48445245601848547	-81.90086991059749	14	130	169	21
APS60160	Secondary + 1	D22	Female	CP	GP 1	Old Danville Highway Barn	32.41600145262463	Yes	-63.87285816227131	144	31.4	None	32.668343699822074	23.503230769230772	35.47369230769231	2.852331593582039	-66.72518975585335	33	111	112	22
APS60160	Secondary + 2	D23	Female	CP	GP 1	Old Danville Highway Barn	32.41600145262463	Yes	-116.42039120842516	144	32.7	None	32.668343699822074	22.50569230769231	34.47615384615385	2.7004584606404776	-119.12084966906563	19	125	79	23
APS60160	Secondary + 3	D24	Female	CP	GP 1	Old Danville Highway Barn	32.41600145262463	Yes	-52.232581854579	144	32.6	None	32.668343699822074	24.999538461538464	34.47615384615385	2.2052292926510413	-54.43781114723004	27	117	NA	24
APS60160	None	D25	Female	CP	GP 1	Old Danville Highway Barn	32.41600145262463	No	-104.19810108534821	144	32.5	None	32.668343699822074	24.002000000000002	34.974923076923076	1.0230739477055126	-105.22117503305373	10	134	NA	25
APS60160	None	D26	Female	CP	GP 1	Old Danville Highway Barn	32.41600145262463	No	-152.754682254579	144	32.400000000000006	None	32.668343699822074	22.50569230769231	33.977384615384615	0.7410952126246295	-153.49577746720362	7	137	NA	26
APS60160	D27	D27	Female	CP	GP 1	Old Danville Highway Barn	32.41600145262463	Yes	-126.3146260699636	144	32.300000000000004	None	32.668343699822074	22.00692307692308	34.47615384615385	0.7302471317002324	-127.04487320166383	6	138	NA	27
APS60160	D28	D28	Female	CP	GP 1	Old Danville Highway Barn	32.41600145262463	Yes	-103.61608726996361	144	32.2	None	32.668343699822074	23.004461538461538	33.977384615384615	1.012225866781118	-104.62831313674474	9	135	101	28
APS60160	None	D29	Female	CP	GP 1	Old Danville Highway Barn	32.41600145262463	No	-113.51032213150206	144	32.3875	None	32.668343699822074	23.004461538461538	33.47861538461539	0.20968198523605128	-113.72000411673811	4	140	NA	29
APS60160	None	D30	Female	CP	GP 1	Old Danville Highway Barn	32.41600145262463	No	-174.03975893150206	144	32.575	None	32.668343699822074	21.508153846153846	32.48107692307692	0.0216961618487943	-174.06145509335087	2	142	NA	30
APS60160	None	D31	Female	CP	GP 1	Old Danville Highway Barn	32.41600145262463	No	-149.34574419304053	144	32.7625	None	32.668343699822074	21.508153846153846	32.979846153846154	0.13738523539121708	-149.48312942843174	5	139	NA	31
APS60160	None	D32	Female	CP	GP 1	Old Danville Highway Barn	32.41600145262463	No	-136.7908747468867	144	32.95	None	32.668343699822074	22.50569230769231	32.48107692307692	0.0433923236975886	-136.83426707058427	4	140	NA	32
APS60160	None	D33	Female	CP	GP 1	Old Danville Highway Barn	32.41600145262463	No	-142.94359222380976	144	33.1375	None	32.668343699822074	22.50569230769231	34.974923076923076	1.312260947084847	-144.2558531708946	6	138	NA	33
APS60160	None	D34	Female	CP	GP 1	Old Danville Highway Barn	32.41600145262463	No	-157.82651693150206	144	33.325	None	32.668343699822074	22.00692307692308	34.47615384615385	0.5639574701617697	-158.39047440166382	6	138	NA	34
