Bat_ID	DateTime	NumberDate	Temperature	avg_temp	avg_RH	deltaT
APS36036	2025-09-29T14:20:01Z	1759155601	NA	13.93625	82.1675	NA
APS36036	2025-09-29T14:30:01Z	1759156201	NA	13.81875	82.75	NA
APS36036	2025-09-29T14:40:01Z	1759156801	NA	13.77875	83.0875	NA
APS36036	2025-09-29T14:50:01Z	1759157401	NA	13.77875	83.045	NA
APS36036	2025-09-29T15:00:01Z	1759158001	NA	13.783750000000001	83.04	NA
APS36036	2025-09-29T15:10:01Z	1759158601	NA	13.77375	83.195	NA
APS36036	2025-09-29T15:20:01Z	1759159201	NA	13.78875	83.39	NA
APS36036	2025-09-29T15:30:01Z	1759159801	NA	13.7725	83.3875	NA
APS36036	2025-09-29T15:40:01Z	1759160401	NA	13.78875	83.4	NA
APS36036	2025-09-29T15:50:01Z	1759161001	NA	13.780000000000001	83.245	NA
APS36036	2025-09-29T16:00:01Z	1759161601	NA	13.79375	83.4325	NA
APS36036	2025-09-29T16:10:01Z	1759162201	NA	13.75875	83.4625	NA
APS36036	2025-09-29T16:20:01Z	1759162801	NA	13.760000000000002	83.56	NA
APS36036	2025-09-29T16:30:01Z	1759163401	NA	13.786249999999999	83.35	NA
APS36036	2025-09-29T16:40:01Z	1759164001	NA	13.75375	83.515	NA
APS36036	2025-09-29T16:50:01Z	1759164601	NA	13.775	83.6375	NA
APS36036	2025-09-29T17:00:01Z	1759165201	NA	13.786249999999999	83.7525	NA
APS36036	2025-09-29T17:10:01Z	1759165801	NA	13.75875	83.5375	NA
APS36036	2025-09-29T17:20:01Z	1759166401	NA	13.78125	83.495	NA
APS36036	2025-09-29T17:30:01Z	1759167001	NA	13.77	83.585	NA
APS36036	2025-09-29T17:40:01Z	1759167601	NA	13.782499999999999	83.6375	NA
APS36036	2025-09-29T17:50:01Z	1759168201	NA	13.81125	83.57	NA
APS36036	2025-09-29T18:00:01Z	1759168801	NA	13.7775	83.7725	NA
APS36036	2025-09-29T18:10:01Z	1759169401	NA	13.775	83.81	NA
APS36036	2025-09-29T18:20:01Z	1759170001	NA	13.76	83.7125	NA
APS36036	2025-09-29T18:30:01Z	1759170601	NA	13.75625	83.93	NA
APS36036	2025-09-29T18:40:01Z	1759171201	NA	13.7875	83.8825	NA
APS36036	2025-09-29T18:50:01Z	1759171801	NA	13.77	83.92	NA
APS36036	2025-09-29T19:00:01Z	1759172401	NA	13.75625	83.8975	NA
APS36036	2025-09-29T19:10:01Z	1759173001	NA	13.7775	84.23	NA
APS36036	2025-09-29T19:20:01Z	1759173601	NA	13.8	84.245	NA
APS36036	2025-09-29T19:30:01Z	1759174201	NA	13.80125	84.0125	NA
APS36036	2025-09-29T19:40:01Z	1759174801	NA	13.79875	84.1275	NA
APS36036	2025-09-29T19:50:01Z	1759175401	NA	13.78125	84.225	NA
APS36036	2025-09-29T20:00:01Z	1759176001	NA	13.84125	85.0175	NA
APS36036	2025-09-29T20:10:01Z	1759176601	NA	13.780000000000001	84.9275	NA
APS36036	2025-09-29T20:20:01Z	1759177201	NA	13.7975	84.88	NA
APS36036	2025-09-29T20:30:01Z	1759177801	NA	13.77	84.65	NA
APS36036	2025-09-29T20:40:01Z	1759178401	NA	13.782499999999999	84.55	NA
APS36036	2025-09-29T20:50:01Z	1759179001	NA	13.778749999999999	84.5025	NA
APS36036	2025-09-29T21:00:01Z	1759179601	NA	13.735	84.43	NA
APS36036	2025-09-29T21:10:01Z	1759180201	NA	13.76375	84.245	NA
APS36036	2025-09-29T21:20:01Z	1759180801	NA	13.725000000000001	84.1325	NA
APS36036	2025-09-29T21:30:01Z	1759181401	NA	13.754999999999999	84.445	NA
APS36036	2025-09-29T21:40:01Z	1759182001	NA	13.74375	84.2275	NA
APS36036	2025-09-29T21:50:01Z	1759182601	NA	13.70625	84.4975	NA
APS36036	2025-09-29T22:00:01Z	1759183201	NA	13.7775	84.3925	NA
APS36036	2025-09-29T22:10:01Z	1759183801	NA	13.77	84.42	NA
APS36036	2025-09-29T22:20:01Z	1759184401	NA	13.75375	84.5575	NA
APS36036	2025-09-29T22:30:01Z	1759185001	NA	13.751249999999999	84.4175	NA
APS36036	2025-09-29T22:40:01Z	1759185601	NA	13.72375	84.53	NA
APS36036	2025-09-29T22:50:01Z	1759186201	NA	13.75875	84.5225	NA
APS36036	2025-09-29T23:00:01Z	1759186801	NA	13.7575	84.48	NA
APS36036	2025-09-29T23:10:01Z	1759187401	NA	13.728750000000002	84.3375	NA
APS36036	2025-09-29T23:20:01Z	1759188001	NA	13.72375	84.5925	NA
APS36036	2025-09-29T23:30:01Z	1759188601	NA	13.73875	84.6575	NA
APS36036	2025-09-29T23:40:01Z	1759189201	NA	13.765	84.6325	NA
APS36036	2025-09-29T23:50:01Z	1759189801	NA	13.75625	84.6775	NA
APS36036	2025-09-30T00:00:01Z	1759190401	NA	13.75625	84.985	NA
APS36036	2025-09-30T00:10:01Z	1759191001	NA	13.7675	85.0725	NA
APS36036	2025-09-30T00:20:01Z	1759191601	NA	13.74375	84.7325	NA
APS36036	2025-09-30T00:30:01Z	1759192201	NA	13.751249999999999	84.73	NA
APS36036	2025-09-30T00:40:01Z	1759192801	NA	13.74375	84.84	NA
APS36036	2025-09-30T00:50:01Z	1759193401	NA	13.7625	85.0175	NA
APS36036	2025-09-30T01:00:01Z	1759194001	NA	13.7925	84.74	NA
APS36036	2025-09-30T01:10:01Z	1759194601	NA	13.78	84.8575	NA
APS36036	2025-09-30T01:20:01Z	1759195201	NA	13.75625	84.83	NA
APS36036	2025-09-30T01:30:01Z	1759195801	NA	13.72625	84.645	NA
APS36036	2025-09-30T01:40:01Z	1759196401	NA	13.71	84.55	NA
APS36036	2025-09-30T01:50:01Z	1759197001	NA	13.72625	84.91	NA
APS36036	2025-09-30T02:00:01Z	1759197601	NA	13.72625	84.6325	NA
APS36036	2025-09-30T02:10:01Z	1759198201	NA	13.760000000000002	84.775	NA
APS36036	2025-09-30T02:20:01Z	1759198801	NA	13.73375	85.0675	NA
APS36036	2025-09-30T02:30:01Z	1759199401	NA	13.74375	84.995	NA
APS36036	2025-09-30T02:40:01Z	1759200001	NA	13.74375	84.93	NA
APS36036	2025-09-30T02:50:01Z	1759200601	NA	13.71	84.8075	NA
APS36036	2025-09-30T03:00:01Z	1759201201	NA	13.7075	84.835	NA
APS36036	2025-09-30T03:10:01Z	1759201801	NA	13.73125	84.7425	NA
APS36036	2025-09-30T03:20:01Z	1759202401	NA	13.72625	84.825	NA
APS36036	2025-09-30T03:30:01Z	1759203001	NA	13.715	84.805	NA
APS36036	2025-09-30T03:40:01Z	1759203601	NA	13.72	84.6025	NA
APS36036	2025-09-30T03:50:01Z	1759204201	NA	13.73125	84.9825	NA
APS36036	2025-09-30T04:00:01Z	1759204801	NA	13.765	84.9125	NA
APS36036	2025-09-30T04:10:01Z	1759205401	NA	13.7675	84.7425	NA
APS36036	2025-09-30T04:20:01Z	1759206001	NA	13.75	84.83	NA
APS36036	2025-09-30T04:30:01Z	1759206601	NA	13.7575	84.9975	NA
APS36036	2025-09-30T04:40:01Z	1759207201	NA	13.765	84.7775	NA
APS36036	2025-09-30T04:50:01Z	1759207801	NA	13.76125	84.8875	NA
APS36036	2025-09-30T05:00:01Z	1759208401	NA	13.7575	84.9275	NA
APS36036	2025-09-30T05:10:01Z	1759209001	NA	13.7675	84.975	NA
APS36036	2025-09-30T05:20:01Z	1759209601	NA	13.7575	85.025	NA
APS36036	2025-09-30T05:30:01Z	1759210201	NA	13.73875	85.1925	NA
APS36036	2025-09-30T05:40:01Z	1759210801	NA	13.7875	84.7825	NA
APS36036	2025-09-30T05:50:01Z	1759211401	NA	13.7675	85.04	NA
APS36036	2025-09-30T06:00:01Z	1759212001	NA	13.7725	85.025	NA
APS36036	2025-09-30T06:10:01Z	1759212601	NA	13.751249999999999	84.975	NA
APS36036	2025-09-30T06:20:01Z	1759213201	NA	13.7475	85.285	NA
APS36036	2025-09-30T06:30:01Z	1759213801	NA	13.751249999999999	85.1725	NA
APS36036	2025-09-30T06:40:01Z	1759214401	NA	13.7575	85.25	NA
APS36036	2025-09-30T06:50:01Z	1759215001	NA	13.79	85.38	NA
APS36036	2025-09-30T07:00:01Z	1759215601	NA	13.774999999999999	85.12	NA
APS36036	2025-09-30T07:10:01Z	1759216201	NA	13.775	85.1175	NA
APS36036	2025-09-30T07:20:01Z	1759216801	NA	13.7475	85.2575	NA
APS36036	2025-09-30T07:30:01Z	1759217401	NA	13.77625	85.3275	NA
APS36036	2025-09-30T07:40:01Z	1759218001	NA	13.7575	85.345	NA
APS36036	2025-09-30T07:50:01Z	1759218601	NA	13.7625	85.0575	NA
APS36036	2025-09-30T08:00:01Z	1759219201	NA	13.771249999999998	85.105	NA
APS36036	2025-09-30T08:10:01Z	1759219801	NA	13.74625	85.13	NA
APS36036	2025-09-30T08:20:01Z	1759220401	NA	13.754999999999999	85.175	NA
APS36036	2025-09-30T08:30:01Z	1759221001	NA	13.8	85.32	NA
APS36036	2025-09-30T08:40:01Z	1759221601	NA	13.787500000000001	85.5	NA
APS36036	2025-09-30T08:50:01Z	1759222201	NA	13.754999999999999	85.53	NA
APS36036	2025-09-30T09:00:01Z	1759222801	NA	13.7475	85.3625	NA
APS36036	2025-09-30T09:10:01Z	1759223401	NA	13.7475	85.37	NA
APS36036	2025-09-30T09:20:01Z	1759224001	NA	13.76375	85.345	NA
APS36036	2025-09-30T09:30:01Z	1759224601	NA	13.79	85.7175	NA
APS36036	2025-09-30T09:40:01Z	1759225201	NA	13.78375	85.44	NA
APS36036	2025-09-30T09:50:01Z	1759225801	NA	13.76875	85.28	NA
APS36036	2025-09-30T10:00:01Z	1759226401	NA	13.782499999999999	85.6	NA
APS36036	2025-09-30T10:10:01Z	1759227001	NA	13.7925	85.7075	NA
APS36036	2025-09-30T10:20:01Z	1759227601	NA	13.79875	85.565	NA
APS36036	2025-09-30T10:30:01Z	1759228201	NA	13.813749999999999	85.8375	NA
APS36036	2025-09-30T10:40:01Z	1759228801	NA	13.8075	85.6725	NA
APS36036	2025-09-30T10:50:01Z	1759229401	NA	13.79	85.265	NA
APS36036	2025-09-30T11:00:01Z	1759230001	NA	13.79	85.51	NA
APS36036	2025-09-30T11:10:01Z	1759230601	NA	13.78875	85.345	NA
APS36036	2025-09-30T11:20:01Z	1759231201	NA	13.78125	85.215	NA
APS36036	2025-09-30T11:30:01Z	1759231801	NA	13.78375	85.1125	NA
APS36036	2025-09-30T11:40:01Z	1759232401	NA	13.79375	85.5275	NA
APS36036	2025-09-30T11:50:01Z	1759233001	NA	13.78125	85.52	NA
APS36036	2025-09-30T12:00:01Z	1759233601	NA	13.7725	85.6275	NA
APS36036	2025-09-30T12:10:01Z	1759234201	NA	13.97	84.3225	NA
APS36103	2025-09-29T14:20:01Z	1759155601	33.736936542985376	13.93625	82.1675	19.800686542985375
APS36103	2025-09-29T14:30:01Z	1759156201	33.736936542985376	13.81875	82.75	19.918186542985374
APS36103	2025-09-29T14:40:01Z	1759156801	32.73566942315741	13.77875	83.0875	18.95691942315741
APS36103	2025-09-29T14:50:01Z	1759157401	32.73566942315741	13.77875	83.045	18.95691942315741
APS36103	2025-09-29T15:00:01Z	1759158001	32.73566942315741	13.783750000000001	83.04	18.95191942315741
APS36103	2025-09-29T15:10:01Z	1759158601	32.23503586324342	13.77375	83.195	18.46128586324342
APS36103	2025-09-29T15:20:01Z	1759159201	33.736936542985376	13.78875	83.39	19.948186542985376
APS36103	2025-09-29T15:30:01Z	1759159801	33.736936542985376	13.7725	83.3875	19.964436542985375
APS36103	2025-09-29T15:40:01Z	1759160401	32.23503586324342	13.78875	83.4	18.446285863243418
APS36103	2025-09-29T15:50:01Z	1759161001	32.73566942315741	13.780000000000001	83.245	18.95566942315741
APS36103	2025-09-29T16:00:01Z	1759161601	33.23630298307139	13.79375	83.4325	19.44255298307139
APS36103	2025-09-29T16:10:01Z	1759162201	30.733135183501464	13.75875	83.4625	16.974385183501465
APS36103	2025-09-29T16:20:01Z	1759162801	29.731868063673492	13.760000000000002	83.56	15.97186806367349
APS36103	2025-09-29T16:30:01Z	1759163401	28.229967383931534	13.786249999999999	83.35	14.443717383931535
APS36103	2025-09-29T16:40:01Z	1759164001	25.726799584361604	13.75375	83.515	11.973049584361604
APS36103	2025-09-29T16:50:01Z	1759164601	22.222364664963703	13.775	83.6375	8.447364664963702
APS36103	2025-09-29T17:00:01Z	1759165201	21.22109754513573	13.786249999999999	83.7525	7.434847545135732
APS36103	2025-09-29T17:10:01Z	1759165801	21.22109754513573	13.75875	83.5375	7.4623475451357315
APS36103	2025-09-29T17:20:01Z	1759166401	19.719196865393773	13.78125	83.495	5.937946865393773
APS36103	2025-09-29T17:30:01Z	1759167001	18.717929745565804	13.77	83.585	4.947929745565805
APS36103	2025-09-29T17:40:01Z	1759167601	19.218563305479787	13.782499999999999	83.6375	5.436063305479788
APS36103	2025-09-29T17:50:01Z	1759168201	21.721731105049717	13.81125	83.57	7.910481105049717
APS36103	2025-09-29T18:00:01Z	1759168801	20.219830425307762	13.7775	83.7725	6.4423304253077625
APS36103	2025-09-29T18:10:01Z	1759169401	18.717929745565804	13.775	83.81	4.942929745565804
APS36103	2025-09-29T18:20:01Z	1759170001	17.71666262573783	13.76	83.7125	3.9566626257378292
APS36103	2025-09-29T18:30:01Z	1759170601	16.715395505909857	13.75625	83.93	2.9591455059098575
APS36103	2025-09-29T18:40:01Z	1759171201	16.214761945995875	13.7875	83.8825	2.427261945995875
APS36103	2025-09-29T18:50:01Z	1759171801	16.214761945995875	13.77	83.92	2.444761945995875
APS36103	2025-09-29T19:00:01Z	1759172401	15.714128386081885	13.75625	83.8975	1.9578783860818856
APS36103	2025-09-29T19:10:01Z	1759173001	15.714128386081885	13.7775	84.23	1.9366283860818854
APS36103	2025-09-29T19:20:01Z	1759173601	15.714128386081885	13.8	84.245	1.9141283860818845
APS36103	2025-09-29T19:30:01Z	1759174201	15.714128386081885	13.80125	84.0125	1.9128783860818857
APS36103	2025-09-29T19:40:01Z	1759174801	15.714128386081885	13.79875	84.1275	1.9153783860818852
APS36103	2025-09-29T19:50:01Z	1759175401	15.714128386081885	13.78125	84.225	1.9328783860818852
APS36103	2025-09-29T20:00:01Z	1759176001	16.214761945995875	13.84125	85.0175	2.3735119459958742
APS36103	2025-09-29T20:10:01Z	1759176601	21.22109754513573	13.780000000000001	84.9275	7.4410975451357295
APS36103	2025-09-29T20:20:01Z	1759177201	30.733135183501464	13.7975	84.88	16.935635183501464
APS36103	2025-09-29T20:30:01Z	1759177801	33.736936542985376	13.77	84.65	19.966936542985376
APS36103	2025-09-29T20:40:01Z	1759178401	32.23503586324342	13.782499999999999	84.55	18.45253586324342
APS36103	2025-09-29T20:50:01Z	1759179001	33.736936542985376	13.778749999999999	84.5025	19.958186542985377
APS36103	2025-09-29T21:00:01Z	1759179601	33.23630298307139	13.735	84.43	19.50130298307139
APS36103	2025-09-29T21:10:01Z	1759180201	32.23503586324342	13.76375	84.245	18.471285863243416
APS36103	2025-09-29T21:20:01Z	1759180801	32.73566942315741	13.725000000000001	84.1325	19.01066942315741
APS36103	2025-09-29T21:30:01Z	1759181401	33.23630298307139	13.754999999999999	84.445	19.48130298307139
APS36103	2025-09-29T21:40:01Z	1759182001	33.23630298307139	13.74375	84.2275	19.49255298307139
APS36103	2025-09-29T21:50:01Z	1759182601	29.731868063673492	13.70625	84.4975	16.02561806367349
APS36103	2025-09-29T22:00:01Z	1759183201	31.734402303329436	13.7775	84.3925	17.956902303329436
APS36103	2025-09-29T22:10:01Z	1759183801	33.736936542985376	13.77	84.42	19.966936542985376
APS36103	2025-09-29T22:20:01Z	1759184401	32.73566942315741	13.75375	84.5575	18.98191942315741
APS36103	2025-09-29T22:30:01Z	1759185001	32.23503586324342	13.751249999999999	84.4175	18.48378586324342
APS36103	2025-09-29T22:40:01Z	1759185601	29.731868063673492	13.72375	84.53	16.008118063673493
APS36103	2025-09-29T22:50:01Z	1759186201	30.232501623587478	13.75875	84.5225	16.47375162358748
APS36103	2025-09-29T23:00:01Z	1759186801	28.229967383931534	13.7575	84.48	14.472467383931534
APS36103	2025-09-29T23:10:01Z	1759187401	25.22616602444762	13.728750000000002	84.3375	11.497416024447617
APS36103	2025-09-29T23:20:01Z	1759188001	22.222364664963703	13.72375	84.5925	8.498614664963702
APS36103	2025-09-29T23:30:01Z	1759188601	22.222364664963703	13.73875	84.6575	8.483614664963703
APS36103	2025-09-29T23:40:01Z	1759189201	20.219830425307762	13.765	84.6325	6.454830425307762
APS36103	2025-09-29T23:50:01Z	1759189801	18.717929745565804	13.75625	84.6775	4.961679745565805
APS36103	2025-09-30T00:00:01Z	1759190401	18.217296185651815	13.75625	84.985	4.461046185651815
APS36103	2025-09-30T00:10:01Z	1759191001	17.216029065823847	13.7675	85.0725	3.4485290658238466
APS36103	2025-09-30T00:20:01Z	1759191601	17.216029065823847	13.74375	84.7325	3.4722790658238463
APS36103	2025-09-30T00:30:01Z	1759192201	17.216029065823847	13.751249999999999	84.73	3.4647790658238478
APS36103	2025-09-30T00:40:01Z	1759192801	19.218563305479787	13.74375	84.84	5.4748133054797865
APS36103	2025-09-30T00:50:01Z	1759193401	17.71666262573783	13.7625	85.0175	3.9541626257378297
APS36103	2025-09-30T01:00:01Z	1759194001	17.216029065823847	13.7925	84.74	3.423529065823846
APS36103	2025-09-30T01:10:01Z	1759194601	18.717929745565804	13.78	84.8575	4.937929745565805
APS36103	2025-09-30T01:20:01Z	1759195201	17.216029065823847	13.75625	84.83	3.459779065823847
APS36103	2025-09-30T01:30:01Z	1759195801	16.214761945995875	13.72625	84.645	2.4885119459958744
APS36103	2025-09-30T01:40:01Z	1759196401	15.714128386081885	13.71	84.55	2.0041283860818844
APS36103	2025-09-30T01:50:01Z	1759197001	15.714128386081885	13.72625	84.91	1.987878386081885
APS36103	2025-09-30T02:00:01Z	1759197601	15.714128386081885	13.72625	84.6325	1.987878386081885
APS36103	2025-09-30T02:10:01Z	1759198201	15.714128386081885	13.760000000000002	84.775	1.9541283860818837
APS36103	2025-09-30T02:20:01Z	1759198801	15.2134948261679	13.73375	85.0675	1.4797448261678987
APS36103	2025-09-30T02:30:01Z	1759199401	15.2134948261679	13.74375	84.995	1.469744826167899
APS36103	2025-09-30T02:40:01Z	1759200001	14.712861266253917	13.74375	84.93	0.9691112662539165
APS36103	2025-09-30T02:50:01Z	1759200601	14.712861266253917	13.71	84.8075	1.002861266253916
APS36103	2025-09-30T03:00:01Z	1759201201	14.712861266253917	13.7075	84.835	1.0053612662539173
APS36103	2025-09-30T03:10:01Z	1759201801	14.712861266253917	13.73125	84.7425	0.9816112662539176
APS36103	2025-09-30T03:20:01Z	1759202401	14.712861266253917	13.72625	84.825	0.9866112662539166
APS36103	2025-09-30T03:30:01Z	1759203001	14.712861266253917	13.715	84.805	0.997861266253917
APS36103	2025-09-30T03:40:01Z	1759203601	14.712861266253917	13.72	84.6025	0.9928612662539162
APS36103	2025-09-30T03:50:01Z	1759204201	14.712861266253917	13.73125	84.9825	0.9816112662539176
APS36103	2025-09-30T04:00:01Z	1759204801	14.712861266253917	13.765	84.9125	0.9478612662539163
APS36103	2025-09-30T04:10:01Z	1759205401	14.712861266253917	13.7675	84.7425	0.9453612662539168
APS36103	2025-09-30T04:20:01Z	1759206001	15.2134948261679	13.75	84.83	1.4634948261678993
APS36103	2025-09-30T04:30:01Z	1759206601	15.2134948261679	13.7575	84.9975	1.455994826167899
APS36103	2025-09-30T04:40:01Z	1759207201	15.2134948261679	13.765	84.7775	1.4484948261678987
APS36103	2025-09-30T04:50:01Z	1759207801	14.712861266253917	13.76125	84.8875	0.9516112662539165
APS36103	2025-09-30T05:00:01Z	1759208401	14.712861266253917	13.7575	84.9275	0.9553612662539166
APS36103	2025-09-30T05:10:01Z	1759209001	14.712861266253917	13.7675	84.975	0.9453612662539168
APS36103	2025-09-30T05:20:01Z	1759209601	14.712861266253917	13.7575	85.025	0.9553612662539166
APS36103	2025-09-30T05:30:01Z	1759210201	14.712861266253917	13.73875	85.1925	0.9741112662539173
APS36103	2025-09-30T05:40:01Z	1759210801	14.712861266253917	13.7875	84.7825	0.9253612662539172
APS36103	2025-09-30T05:50:01Z	1759211401	14.712861266253917	13.7675	85.04	0.9453612662539168
APS36103	2025-09-30T06:00:01Z	1759212001	14.712861266253917	13.7725	85.025	0.940361266253916
APS36103	2025-09-30T06:10:01Z	1759212601	14.712861266253917	13.751249999999999	84.975	0.961611266253918
APS36103	2025-09-30T06:20:01Z	1759213201	14.712861266253917	13.7475	85.285	0.9653612662539164
APS36103	2025-09-30T06:30:01Z	1759213801	14.712861266253917	13.751249999999999	85.1725	0.961611266253918
APS36103	2025-09-30T06:40:01Z	1759214401	14.712861266253917	13.7575	85.25	0.9553612662539166
APS36103	2025-09-30T06:50:01Z	1759215001	14.712861266253917	13.79	85.38	0.9228612662539177
APS36103	2025-09-30T07:00:01Z	1759215601	14.712861266253917	13.774999999999999	85.12	0.9378612662539183
APS36103	2025-09-30T07:10:01Z	1759216201	15.714128386081885	13.775	85.1175	1.9391283860818849
APS36103	2025-09-30T07:20:01Z	1759216801	15.2134948261679	13.7475	85.2575	1.4659948261678988
APS36103	2025-09-30T07:30:01Z	1759217401	15.2134948261679	13.77625	85.3275	1.4372448261679
APS36103	2025-09-30T07:40:01Z	1759218001	14.712861266253917	13.7575	85.345	0.9553612662539166
APS36103	2025-09-30T07:50:01Z	1759218601	14.712861266253917	13.7625	85.0575	0.9503612662539176
APS36103	2025-09-30T08:00:01Z	1759219201	14.712861266253917	13.771249999999998	85.105	0.9416112662539184
APS36103	2025-09-30T08:10:01Z	1759219801	14.712861266253917	13.74625	85.13	0.966611266253917
APS36103	2025-09-30T08:20:01Z	1759220401	14.712861266253917	13.754999999999999	85.175	0.9578612662539179
APS36103	2025-09-30T08:30:01Z	1759221001	14.712861266253917	13.8	85.32	0.9128612662539162
APS36103	2025-09-30T08:40:01Z	1759221601	14.712861266253917	13.787500000000001	85.5	0.9253612662539155
APS36103	2025-09-30T08:50:01Z	1759222201	14.712861266253917	13.754999999999999	85.53	0.9578612662539179
APS36103	2025-09-30T09:00:01Z	1759222801	14.712861266253917	13.7475	85.3625	0.9653612662539164
APS36103	2025-09-30T09:10:01Z	1759223401	14.712861266253917	13.7475	85.37	0.9653612662539164
APS36103	2025-09-30T09:20:01Z	1759224001	14.712861266253917	13.76375	85.345	0.949111266253917
APS36103	2025-09-30T09:30:01Z	1759224601	14.712861266253917	13.79	85.7175	0.9228612662539177
APS36103	2025-09-30T09:40:01Z	1759225201	15.2134948261679	13.78375	85.44	1.4297448261678998
APS36103	2025-09-30T09:50:01Z	1759225801	15.2134948261679	13.76875	85.28	1.4447448261678986
APS36103	2025-09-30T10:00:01Z	1759226401	15.2134948261679	13.782499999999999	85.6	1.4309948261679004
APS36103	2025-09-30T10:10:01Z	1759227001	15.2134948261679	13.7925	85.7075	1.4209948261678989
APS36103	2025-09-30T10:20:01Z	1759227601	14.712861266253917	13.79875	85.565	0.9141112662539168
APS36103	2025-09-30T10:30:01Z	1759228201	14.712861266253917	13.813749999999999	85.8375	0.899111266253918
APS36103	2025-09-30T10:40:01Z	1759228801	14.712861266253917	13.8075	85.6725	0.9053612662539177
APS36103	2025-09-30T10:50:01Z	1759229401	16.214761945995875	13.79	85.265	2.4247619459958756
APS36103	2025-09-30T11:00:01Z	1759230001	25.726799584361604	13.79	85.51	11.936799584361605
APS36103	2025-09-30T11:10:01Z	1759230601	32.23503586324342	13.78875	85.345	18.446285863243418
APS36103	2025-09-30T11:20:01Z	1759231201	33.23630298307139	13.78125	85.215	19.45505298307139
APS36103	2025-09-30T11:30:01Z	1759231801	33.23630298307139	13.78375	85.1125	19.452552983071392
APS36103	2025-09-30T11:40:01Z	1759232401	33.23630298307139	13.79375	85.5275	19.44255298307139
APS36103	2025-09-30T11:50:01Z	1759233001	33.23630298307139	13.78125	85.52	19.45505298307139
APS36103	2025-09-30T12:00:01Z	1759233601	33.23630298307139	13.7725	85.6275	19.46380298307139
APS36103	2025-09-30T12:10:01Z	1759234201	35.238837222727334	13.97	84.3225	21.268837222727335
APS36108	2025-09-29T14:20:01Z	1759155601	31.997607361963194	13.93625	82.1675	18.061357361963196
APS36108	2025-09-29T14:30:01Z	1759156201	31.997607361963194	13.81875	82.75	18.178857361963196
APS36108	2025-09-29T14:40:01Z	1759156801	31.00312883435583	13.77875	83.0875	17.224378834355832
APS36108	2025-09-29T14:50:01Z	1759157401	32.49484662576687	13.77875	83.045	18.716096625766866
APS36108	2025-09-29T15:00:01Z	1759158001	31.00312883435583	13.783750000000001	83.04	17.21937883435583
APS36108	2025-09-29T15:10:01Z	1759158601	31.00312883435583	13.77375	83.195	17.22937883435583
APS36108	2025-09-29T15:20:01Z	1759159201	30.008650306748468	13.78875	83.39	16.219900306748468
APS36108	2025-09-29T15:30:01Z	1759159801	30.008650306748468	13.7725	83.3875	16.236150306748467
APS36108	2025-09-29T15:40:01Z	1759160401	30.50588957055215	13.78875	83.4	16.71713957055215
APS36108	2025-09-29T15:50:01Z	1759161001	30.008650306748468	13.780000000000001	83.245	16.228650306748467
APS36108	2025-09-29T16:00:01Z	1759161601	30.50588957055215	13.79375	83.4325	16.71213957055215
APS36108	2025-09-29T16:10:01Z	1759162201	30.50588957055215	13.75875	83.4625	16.74713957055215
APS36108	2025-09-29T16:20:01Z	1759162801	31.00312883435583	13.760000000000002	83.56	17.24312883435583
APS36108	2025-09-29T16:30:01Z	1759163401	31.00312883435583	13.786249999999999	83.35	17.216878834355832
APS36108	2025-09-29T16:40:01Z	1759164001	31.00312883435583	13.75375	83.515	17.24937883435583
APS36108	2025-09-29T16:50:01Z	1759164601	31.00312883435583	13.775	83.6375	17.22812883435583
APS36108	2025-09-29T17:00:01Z	1759165201	31.500368098159512	13.786249999999999	83.7525	17.714118098159513
APS36108	2025-09-29T17:10:01Z	1759165801	31.500368098159512	13.75875	83.5375	17.741618098159513
APS36108	2025-09-29T17:20:01Z	1759166401	31.500368098159512	13.78125	83.495	17.719118098159512
APS36108	2025-09-29T17:30:01Z	1759167001	31.997607361963194	13.77	83.585	18.227607361963194
APS36108	2025-09-29T17:40:01Z	1759167601	31.997607361963194	13.782499999999999	83.6375	18.215107361963195
APS36108	2025-09-29T17:50:01Z	1759168201	31.997607361963194	13.81125	83.57	18.186357361963196
APS36108	2025-09-29T18:00:01Z	1759168801	31.997607361963194	13.7775	83.7725	18.220107361963194
APS36108	2025-09-29T18:10:01Z	1759169401	31.997607361963194	13.775	83.81	18.222607361963192
APS36108	2025-09-29T18:20:01Z	1759170001	31.997607361963194	13.76	83.7125	18.237607361963192
APS36108	2025-09-29T18:30:01Z	1759170601	31.997607361963194	13.75625	83.93	18.241357361963196
APS36108	2025-09-29T18:40:01Z	1759171201	32.49484662576687	13.7875	83.8825	18.707346625766867
APS36108	2025-09-29T18:50:01Z	1759171801	32.49484662576687	13.77	83.92	18.72484662576687
APS36108	2025-09-29T19:00:01Z	1759172401	32.49484662576687	13.75625	83.8975	18.738596625766867
APS36108	2025-09-29T19:10:01Z	1759173001	32.49484662576687	13.7775	84.23	18.71734662576687
APS36108	2025-09-29T19:20:01Z	1759173601	32.49484662576687	13.8	84.245	18.694846625766868
APS36108	2025-09-29T19:30:01Z	1759174201	31.500368098159512	13.80125	84.0125	17.699118098159513
APS36108	2025-09-29T19:40:01Z	1759174801	32.49484662576687	13.79875	84.1275	18.69609662576687
APS36108	2025-09-29T19:50:01Z	1759175401	32.49484662576687	13.78125	84.225	18.71359662576687
APS36108	2025-09-29T20:00:01Z	1759176001	31.997607361963194	13.84125	85.0175	18.156357361963195
APS36108	2025-09-29T20:10:01Z	1759176601	32.49484662576687	13.780000000000001	84.9275	18.714846625766867
APS36108	2025-09-29T20:20:01Z	1759177201	31.997607361963194	13.7975	84.88	18.200107361963195
APS36108	2025-09-29T20:30:01Z	1759177801	31.997607361963194	13.77	84.65	18.227607361963194
APS36108	2025-09-29T20:40:01Z	1759178401	31.500368098159512	13.782499999999999	84.55	17.717868098159514
APS36108	2025-09-29T20:50:01Z	1759179001	31.500368098159512	13.778749999999999	84.5025	17.721618098159514
APS36108	2025-09-29T21:00:01Z	1759179601	31.997607361963194	13.735	84.43	18.262607361963195
APS36108	2025-09-29T21:10:01Z	1759180201	31.500368098159512	13.76375	84.245	17.73661809815951
APS36108	2025-09-29T21:20:01Z	1759180801	31.500368098159512	13.725000000000001	84.1325	17.77536809815951
APS36108	2025-09-29T21:30:01Z	1759181401	31.500368098159512	13.754999999999999	84.445	17.745368098159513
APS36108	2025-09-29T21:40:01Z	1759182001	31.500368098159512	13.74375	84.2275	17.756618098159514
APS36108	2025-09-29T21:50:01Z	1759182601	31.500368098159512	13.70625	84.4975	17.79411809815951
APS36108	2025-09-29T22:00:01Z	1759183201	31.500368098159512	13.7775	84.3925	17.722868098159513
APS36108	2025-09-29T22:10:01Z	1759183801	32.49484662576687	13.77	84.42	18.72484662576687
APS36108	2025-09-29T22:20:01Z	1759184401	31.997607361963194	13.75375	84.5575	18.243857361963194
APS36108	2025-09-29T22:30:01Z	1759185001	32.49484662576687	13.751249999999999	84.4175	18.74359662576687
APS36108	2025-09-29T22:40:01Z	1759185601	31.997607361963194	13.72375	84.53	18.273857361963195
APS36108	2025-09-29T22:50:01Z	1759186201	31.500368098159512	13.75875	84.5225	17.741618098159513
APS36108	2025-09-29T23:00:01Z	1759186801	31.500368098159512	13.7575	84.48	17.742868098159512
APS36108	2025-09-29T23:10:01Z	1759187401	31.997607361963194	13.728750000000002	84.3375	18.268857361963192
APS36108	2025-09-29T23:20:01Z	1759188001	31.500368098159512	13.72375	84.5925	17.77661809815951
APS36108	2025-09-29T23:30:01Z	1759188601	31.500368098159512	13.73875	84.6575	17.761618098159513
APS36108	2025-09-29T23:40:01Z	1759189201	31.997607361963194	13.765	84.6325	18.232607361963193
APS36108	2025-09-29T23:50:01Z	1759189801	31.997607361963194	13.75625	84.6775	18.241357361963196
APS36108	2025-09-30T00:00:01Z	1759190401	31.500368098159512	13.75625	84.985	17.74411809815951
APS36108	2025-09-30T00:10:01Z	1759191001	31.997607361963194	13.7675	85.0725	18.230107361963192
APS36108	2025-09-30T00:20:01Z	1759191601	31.997607361963194	13.74375	84.7325	18.253857361963192
APS36108	2025-09-30T00:30:01Z	1759192201	31.997607361963194	13.751249999999999	84.73	18.246357361963195
APS36108	2025-09-30T00:40:01Z	1759192801	31.997607361963194	13.74375	84.84	18.253857361963192
APS36108	2025-09-30T00:50:01Z	1759193401	31.500368098159512	13.7625	85.0175	17.737868098159513
APS36108	2025-09-30T01:00:01Z	1759194001	31.500368098159512	13.7925	84.74	17.707868098159512
APS36108	2025-09-30T01:10:01Z	1759194601	31.997607361963194	13.78	84.8575	18.217607361963196
APS36108	2025-09-30T01:20:01Z	1759195201	31.997607361963194	13.75625	84.83	18.241357361963196
APS36108	2025-09-30T01:30:01Z	1759195801	31.500368098159512	13.72625	84.645	17.774118098159512
APS36108	2025-09-30T01:40:01Z	1759196401	30.50588957055215	13.71	84.55	16.79588957055215
APS36108	2025-09-30T01:50:01Z	1759197001	28.516932515337427	13.72625	84.91	14.790682515337426
APS36108	2025-09-30T02:00:01Z	1759197601	25.53349693251534	13.72625	84.6325	11.80724693251534
APS36108	2025-09-30T02:10:01Z	1759198201	22.55006134969325	13.760000000000002	84.775	8.79006134969325
APS36108	2025-09-30T02:20:01Z	1759198801	20.561104294478532	13.73375	85.0675	6.827354294478532
APS36108	2025-09-30T02:30:01Z	1759199401	18.572147239263803	13.74375	84.995	4.828397239263802
APS36108	2025-09-30T02:40:01Z	1759200001	17.57766871165644	13.74375	84.93	3.8339187116564393
APS36108	2025-09-30T02:50:01Z	1759200601	16.58319018404908	13.71	84.8075	2.8731901840490792
APS36108	2025-09-30T03:00:01Z	1759201201	16.0859509202454	13.7075	84.835	2.378450920245399
APS36108	2025-09-30T03:10:01Z	1759201801	15.588711656441717	13.73125	84.7425	1.8574616564417177
APS36108	2025-09-30T03:20:01Z	1759202401	15.091472392638035	13.72625	84.825	1.3652223926380351
APS36108	2025-09-30T03:30:01Z	1759203001	15.091472392638035	13.715	84.805	1.3764723926380356
APS36108	2025-09-30T03:40:01Z	1759203601	15.588711656441717	13.72	84.6025	1.8687116564417163
APS36108	2025-09-30T03:50:01Z	1759204201	15.091472392638035	13.73125	84.9825	1.3602223926380361
APS36108	2025-09-30T04:00:01Z	1759204801	15.091472392638035	13.765	84.9125	1.3264723926380348
APS36108	2025-09-30T04:10:01Z	1759205401	15.091472392638035	13.7675	84.7425	1.3239723926380353
APS36108	2025-09-30T04:20:01Z	1759206001	14.594233128834354	13.75	84.83	0.8442331288343539
APS36108	2025-09-30T04:30:01Z	1759206601	14.594233128834354	13.7575	84.9975	0.8367331288343536
APS36108	2025-09-30T04:40:01Z	1759207201	14.594233128834354	13.765	84.7775	0.8292331288343533
APS36108	2025-09-30T04:50:01Z	1759207801	14.594233128834354	13.76125	84.8875	0.8329831288343534
APS36108	2025-09-30T05:00:01Z	1759208401	14.594233128834354	13.7575	84.9275	0.8367331288343536
APS36108	2025-09-30T05:10:01Z	1759209001	14.096993865030676	13.7675	84.975	0.3294938650306758
APS36108	2025-09-30T05:20:01Z	1759209601	14.096993865030676	13.7575	85.025	0.3394938650306756
APS36108	2025-09-30T05:30:01Z	1759210201	14.096993865030676	13.73875	85.1925	0.3582438650306763
APS36108	2025-09-30T05:40:01Z	1759210801	14.096993865030676	13.7875	84.7825	0.3094938650306762
APS36108	2025-09-30T05:50:01Z	1759211401	14.096993865030676	13.7675	85.04	0.3294938650306758
APS36108	2025-09-30T06:00:01Z	1759212001	14.096993865030676	13.7725	85.025	0.324493865030675
APS36108	2025-09-30T06:10:01Z	1759212601	14.096993865030676	13.751249999999999	84.975	0.345743865030677
APS36108	2025-09-30T06:20:01Z	1759213201	14.096993865030676	13.7475	85.285	0.34949386503067537
APS36108	2025-09-30T06:30:01Z	1759213801	14.096993865030676	13.751249999999999	85.1725	0.345743865030677
APS36108	2025-09-30T06:40:01Z	1759214401	14.096993865030676	13.7575	85.25	0.3394938650306756
APS36108	2025-09-30T06:50:01Z	1759215001	14.096993865030676	13.79	85.38	0.3069938650306767
APS36108	2025-09-30T07:00:01Z	1759215601	14.096993865030676	13.774999999999999	85.12	0.3219938650306773
APS36108	2025-09-30T07:10:01Z	1759216201	14.096993865030676	13.775	85.1175	0.3219938650306755
APS36108	2025-09-30T07:20:01Z	1759216801	14.096993865030676	13.7475	85.2575	0.34949386503067537
APS36108	2025-09-30T07:30:01Z	1759217401	14.096993865030676	13.77625	85.3275	0.32074386503067664
APS36108	2025-09-30T07:40:01Z	1759218001	15.091472392638035	13.7575	85.345	1.3339723926380351
APS36108	2025-09-30T07:50:01Z	1759218601	18.572147239263803	13.7625	85.0575	4.8096472392638034
APS36108	2025-09-30T08:00:01Z	1759219201	24.539018404907978	13.771249999999998	85.105	10.76776840490798
APS36108	2025-09-30T08:10:01Z	1759219801	28.516932515337427	13.74625	85.13	14.770682515337427
APS36108	2025-09-30T08:20:01Z	1759220401	31.00312883435583	13.754999999999999	85.175	17.248128834355832
APS36108	2025-09-30T08:30:01Z	1759221001	31.997607361963194	13.8	85.32	18.197607361963193
APS36108	2025-09-30T08:40:01Z	1759221601	31.500368098159512	13.787500000000001	85.5	17.71286809815951
APS36108	2025-09-30T08:50:01Z	1759222201	31.500368098159512	13.754999999999999	85.53	17.745368098159513
APS36108	2025-09-30T09:00:01Z	1759222801	31.500368098159512	13.7475	85.3625	17.75286809815951
APS36108	2025-09-30T09:10:01Z	1759223401	31.997607361963194	13.7475	85.37	18.250107361963195
APS36108	2025-09-30T09:20:01Z	1759224001	31.997607361963194	13.76375	85.345	18.233857361963196
APS36108	2025-09-30T09:30:01Z	1759224601	31.500368098159512	13.79	85.7175	17.710368098159513
APS36108	2025-09-30T09:40:01Z	1759225201	31.997607361963194	13.78375	85.44	18.213857361963193
APS36108	2025-09-30T09:50:01Z	1759225801	31.00312883435583	13.76875	85.28	17.23437883435583
APS36108	2025-09-30T10:00:01Z	1759226401	31.500368098159512	13.782499999999999	85.6	17.717868098159514
APS36108	2025-09-30T10:10:01Z	1759227001	31.00312883435583	13.7925	85.7075	17.21062883435583
APS36108	2025-09-30T10:20:01Z	1759227601	29.511411042944786	13.79875	85.565	15.712661042944786
APS36108	2025-09-30T10:30:01Z	1759228201	30.008650306748468	13.813749999999999	85.8375	16.19490030674847
APS36108	2025-09-30T10:40:01Z	1759228801	31.00312883435583	13.8075	85.6725	17.19562883435583
APS36108	2025-09-30T10:50:01Z	1759229401	31.500368098159512	13.79	85.265	17.710368098159513
APS36108	2025-09-30T11:00:01Z	1759230001	31.500368098159512	13.79	85.51	17.710368098159513
APS36108	2025-09-30T11:10:01Z	1759230601	31.997607361963194	13.78875	85.345	18.208857361963194
APS36108	2025-09-30T11:20:01Z	1759231201	31.997607361963194	13.78125	85.215	18.216357361963194
APS36108	2025-09-30T11:30:01Z	1759231801	31.997607361963194	13.78375	85.1125	18.213857361963193
APS36108	2025-09-30T11:40:01Z	1759232401	31.997607361963194	13.79375	85.5275	18.203857361963195
APS36108	2025-09-30T11:50:01Z	1759233001	31.500368098159512	13.78125	85.52	17.719118098159512
APS36108	2025-09-30T12:00:01Z	1759233601	29.511411042944786	13.7725	85.6275	15.738911042944785
APS36108	2025-09-30T12:10:01Z	1759234201	29.014171779141105	13.97	84.3225	15.044171779141104
APS60074	2025-09-29T14:20:01Z	1759155601	34.47615384615385	13.93625	82.1675	20.539903846153848
APS60074	2025-09-29T14:30:01Z	1759156201	35.97246153846154	13.81875	82.75	22.153711538461536
APS60074	2025-09-29T14:40:01Z	1759156801	34.974923076923076	13.77875	83.0875	21.196173076923074
APS60074	2025-09-29T14:50:01Z	1759157401	35.47369230769231	13.77875	83.045	21.69494230769231
APS60074	2025-09-29T15:00:01Z	1759158001	34.974923076923076	13.783750000000001	83.04	21.191173076923075
APS60074	2025-09-29T15:10:01Z	1759158601	30.98476923076923	13.77375	83.195	17.21101923076923
APS60074	2025-09-29T15:20:01Z	1759159201	32.979846153846154	13.78875	83.39	19.191096153846154
APS60074	2025-09-29T15:30:01Z	1759159801	29.98723076923077	13.7725	83.3875	16.21473076923077
APS60074	2025-09-29T15:40:01Z	1759160401	26.994615384615386	13.78875	83.4	13.205865384615386
APS60074	2025-09-29T15:50:01Z	1759161001	24.500769230769233	13.780000000000001	83.245	10.720769230769232
APS60074	2025-09-29T16:00:01Z	1759161601	23.503230769230772	13.79375	83.4325	9.709480769230773
APS60074	2025-09-29T16:10:01Z	1759162201	28.989692307692312	13.75875	83.4625	15.230942307692313
APS60074	2025-09-29T16:20:01Z	1759162801	30.98476923076923	13.760000000000002	83.56	17.22476923076923
APS60074	2025-09-29T16:30:01Z	1759163401	30.98476923076923	13.786249999999999	83.35	17.198519230769232
APS60074	2025-09-29T16:40:01Z	1759164001	31.982307692307696	13.75375	83.515	18.228557692307696
APS60074	2025-09-29T16:50:01Z	1759164601	29.98723076923077	13.775	83.6375	16.21223076923077
APS60074	2025-09-29T17:00:01Z	1759165201	31.483538461538462	13.786249999999999	83.7525	17.697288461538463
APS60074	2025-09-29T17:10:01Z	1759165801	29.98723076923077	13.75875	83.5375	16.22848076923077
APS60074	2025-09-29T17:20:01Z	1759166401	28.490923076923078	13.78125	83.495	14.709673076923078
APS60074	2025-09-29T17:30:01Z	1759167001	27.992153846153847	13.77	83.585	14.222153846153848
APS60074	2025-09-29T17:40:01Z	1759167601	27.992153846153847	13.782499999999999	83.6375	14.209653846153849
APS60074	2025-09-29T17:50:01Z	1759168201	27.493384615384617	13.81125	83.57	13.682134615384618
APS60074	2025-09-29T18:00:01Z	1759168801	24.002000000000002	13.7775	83.7725	10.224500000000003
APS60074	2025-09-29T18:10:01Z	1759169401	25.498307692307694	13.775	83.81	11.723307692307694
APS60074	2025-09-29T18:20:01Z	1759170001	30.98476923076923	13.76	83.7125	17.224769230769233
APS60074	2025-09-29T18:30:01Z	1759170601	31.982307692307696	13.75625	83.93	18.2260576923077
APS60074	2025-09-29T18:40:01Z	1759171201	32.48107692307692	13.7875	83.8825	18.693576923076918
APS60074	2025-09-29T18:50:01Z	1759171801	31.982307692307696	13.77	83.92	18.212307692307697
APS60074	2025-09-29T19:00:01Z	1759172401	33.977384615384615	13.75625	83.8975	20.221134615384614
APS60074	2025-09-29T19:10:01Z	1759173001	31.483538461538462	13.7775	84.23	17.706038461538462
APS60074	2025-09-29T19:20:01Z	1759173601	30.98476923076923	13.8	84.245	17.18476923076923
APS60074	2025-09-29T19:30:01Z	1759174201	31.982307692307696	13.80125	84.0125	18.181057692307697
APS60074	2025-09-29T19:40:01Z	1759174801	28.989692307692312	13.79875	84.1275	15.190942307692312
APS60074	2025-09-29T19:50:01Z	1759175401	26.495846153846156	13.78125	84.225	12.714596153846156
APS60074	2025-09-29T20:00:01Z	1759176001	24.999538461538464	13.84125	85.0175	11.158288461538463
APS60074	2025-09-29T20:10:01Z	1759176601	23.503230769230772	13.780000000000001	84.9275	9.72323076923077
APS60074	2025-09-29T20:20:01Z	1759177201	22.50569230769231	13.7975	84.88	8.708192307692311
APS60074	2025-09-29T20:30:01Z	1759177801	21.508153846153846	13.77	84.65	7.738153846153846
APS60074	2025-09-29T20:40:01Z	1759178401	21.508153846153846	13.782499999999999	84.55	7.725653846153847
APS60074	2025-09-29T20:50:01Z	1759179001	25.997076923076925	13.778749999999999	84.5025	12.218326923076926
APS60074	2025-09-29T21:00:01Z	1759179601	25.997076923076925	13.735	84.43	12.262076923076926
APS60074	2025-09-29T21:10:01Z	1759180201	25.997076923076925	13.76375	84.245	12.233326923076925
APS60074	2025-09-29T21:20:01Z	1759180801	26.994615384615386	13.725000000000001	84.1325	13.269615384615385
APS60074	2025-09-29T21:30:01Z	1759181401	26.495846153846156	13.754999999999999	84.445	12.740846153846157
APS60074	2025-09-29T21:40:01Z	1759182001	26.495846153846156	13.74375	84.2275	12.752096153846155
APS60074	2025-09-29T21:50:01Z	1759182601	22.00692307692308	13.70625	84.4975	8.30067307692308
APS60074	2025-09-29T22:00:01Z	1759183201	21.508153846153846	13.7775	84.3925	7.730653846153846
APS60074	2025-09-29T22:10:01Z	1759183801	21.508153846153846	13.77	84.42	7.738153846153846
APS60074	2025-09-29T22:20:01Z	1759184401	21.00938461538462	13.75375	84.5575	7.2556346153846185
APS60074	2025-09-29T22:30:01Z	1759185001	20.011846153846154	13.751249999999999	84.4175	6.260596153846155
APS60074	2025-09-29T22:40:01Z	1759185601	20.510615384615384	13.72375	84.53	6.786865384615384
APS60074	2025-09-29T22:50:01Z	1759186201	19.513076923076923	13.75875	84.5225	5.754326923076924
APS60074	2025-09-29T23:00:01Z	1759186801	19.014307692307693	13.7575	84.48	5.256807692307692
APS60074	2025-09-29T23:10:01Z	1759187401	20.510615384615384	13.728750000000002	84.3375	6.781865384615383
APS60074	2025-09-29T23:20:01Z	1759188001	21.508153846153846	13.72375	84.5925	7.784403846153845
APS60074	2025-09-29T23:30:01Z	1759188601	21.00938461538462	13.73875	84.6575	7.270634615384619
APS60074	2025-09-29T23:40:01Z	1759189201	20.011846153846154	13.765	84.6325	6.246846153846153
APS60074	2025-09-29T23:50:01Z	1759189801	20.011846153846154	13.75625	84.6775	6.255596153846154
APS60074	2025-09-30T00:00:01Z	1759190401	21.00938461538462	13.75625	84.985	7.253134615384619
APS60074	2025-09-30T00:10:01Z	1759191001	23.004461538461538	13.7675	85.0725	9.236961538461538
APS60074	2025-09-30T00:20:01Z	1759191601	20.011846153846154	13.74375	84.7325	6.2680961538461535
APS60074	2025-09-30T00:30:01Z	1759192201	20.510615384615384	13.751249999999999	84.73	6.759365384615386
APS60074	2025-09-30T00:40:01Z	1759192801	19.513076923076923	13.74375	84.84	5.769326923076923
APS60074	2025-09-30T00:50:01Z	1759193401	19.513076923076923	13.7625	85.0175	5.750576923076924
APS60074	2025-09-30T01:00:01Z	1759194001	19.513076923076923	13.7925	84.74	5.720576923076923
APS60074	2025-09-30T01:10:01Z	1759194601	18.515538461538462	13.78	84.8575	4.735538461538463
APS60074	2025-09-30T01:20:01Z	1759195201	17.518	13.75625	84.83	3.761750000000001
APS60074	2025-09-30T01:30:01Z	1759195801	17.01923076923077	13.72625	84.645	3.2929807692307698
APS60074	2025-09-30T01:40:01Z	1759196401	16.52046153846154	13.71	84.55	2.8104615384615386
APS60074	2025-09-30T01:50:01Z	1759197001	16.02169230769231	13.72625	84.91	2.2954423076923085
APS60074	2025-09-30T02:00:01Z	1759197601	15.522923076923078	13.72625	84.6325	1.7966730769230779
APS60074	2025-09-30T02:10:01Z	1759198201	15.522923076923078	13.760000000000002	84.775	1.7629230769230766
APS60074	2025-09-30T02:20:01Z	1759198801	15.522923076923078	13.73375	85.0675	1.7891730769230776
APS60074	2025-09-30T02:30:01Z	1759199401	15.024153846153848	13.74375	84.995	1.2804038461538472
APS60074	2025-09-30T02:40:01Z	1759200001	15.024153846153848	13.74375	84.93	1.2804038461538472
APS60074	2025-09-30T02:50:01Z	1759200601	15.024153846153848	13.71	84.8075	1.3141538461538467
APS60074	2025-09-30T03:00:01Z	1759201201	15.024153846153848	13.7075	84.835	1.316653846153848
APS60074	2025-09-30T03:10:01Z	1759201801	15.024153846153848	13.73125	84.7425	1.2929038461538482
APS60074	2025-09-30T03:20:01Z	1759202401	15.024153846153848	13.72625	84.825	1.2979038461538472
APS60074	2025-09-30T03:30:01Z	1759203001	15.024153846153848	13.715	84.805	1.3091538461538477
APS60074	2025-09-30T03:40:01Z	1759203601	15.024153846153848	13.72	84.6025	1.3041538461538469
APS60074	2025-09-30T03:50:01Z	1759204201	15.024153846153848	13.73125	84.9825	1.2929038461538482
APS60074	2025-09-30T04:00:01Z	1759204801	14.525384615384617	13.765	84.9125	0.7603846153846163
APS60074	2025-09-30T04:10:01Z	1759205401	14.525384615384617	13.7675	84.7425	0.7578846153846168
APS60074	2025-09-30T04:20:01Z	1759206001	14.525384615384617	13.75	84.83	0.7753846153846169
APS60074	2025-09-30T04:30:01Z	1759206601	14.525384615384617	13.7575	84.9975	0.7678846153846166
APS60074	2025-09-30T04:40:01Z	1759207201	14.525384615384617	13.765	84.7775	0.7603846153846163
APS60074	2025-09-30T04:50:01Z	1759207801	14.525384615384617	13.76125	84.8875	0.7641346153846165
APS60074	2025-09-30T05:00:01Z	1759208401	14.525384615384617	13.7575	84.9275	0.7678846153846166
APS60074	2025-09-30T05:10:01Z	1759209001	14.525384615384617	13.7675	84.975	0.7578846153846168
APS60074	2025-09-30T05:20:01Z	1759209601	14.525384615384617	13.7575	85.025	0.7678846153846166
APS60074	2025-09-30T05:30:01Z	1759210201	14.525384615384617	13.73875	85.1925	0.7866346153846173
APS60074	2025-09-30T05:40:01Z	1759210801	14.525384615384617	13.7875	84.7825	0.7378846153846172
APS60074	2025-09-30T05:50:01Z	1759211401	14.525384615384617	13.7675	85.04	0.7578846153846168
APS60074	2025-09-30T06:00:01Z	1759212001	14.525384615384617	13.7725	85.025	0.752884615384616
APS60074	2025-09-30T06:10:01Z	1759212601	14.525384615384617	13.751249999999999	84.975	0.774134615384618
APS60074	2025-09-30T06:20:01Z	1759213201	14.525384615384617	13.7475	85.285	0.7778846153846164
APS60074	2025-09-30T06:30:01Z	1759213801	14.525384615384617	13.751249999999999	85.1725	0.774134615384618
APS60074	2025-09-30T06:40:01Z	1759214401	14.525384615384617	13.7575	85.25	0.7678846153846166
APS60074	2025-09-30T06:50:01Z	1759215001	14.525384615384617	13.79	85.38	0.7353846153846177
APS60074	2025-09-30T07:00:01Z	1759215601	14.525384615384617	13.774999999999999	85.12	0.7503846153846183
APS60074	2025-09-30T07:10:01Z	1759216201	14.525384615384617	13.775	85.1175	0.7503846153846165
APS60074	2025-09-30T07:20:01Z	1759216801	14.525384615384617	13.7475	85.2575	0.7778846153846164
APS60074	2025-09-30T07:30:01Z	1759217401	14.525384615384617	13.77625	85.3275	0.7491346153846177
APS60074	2025-09-30T07:40:01Z	1759218001	14.525384615384617	13.7575	85.345	0.7678846153846166
APS60074	2025-09-30T07:50:01Z	1759218601	14.525384615384617	13.7625	85.0575	0.7628846153846176
APS60074	2025-09-30T08:00:01Z	1759219201	14.525384615384617	13.771249999999998	85.105	0.7541346153846185
APS60074	2025-09-30T08:10:01Z	1759219801	14.525384615384617	13.74625	85.13	0.779134615384617
APS60074	2025-09-30T08:20:01Z	1759220401	14.525384615384617	13.754999999999999	85.175	0.7703846153846179
APS60074	2025-09-30T08:30:01Z	1759221001	14.525384615384617	13.8	85.32	0.7253846153846162
APS60074	2025-09-30T08:40:01Z	1759221601	14.525384615384617	13.787500000000001	85.5	0.7378846153846155
APS60074	2025-09-30T08:50:01Z	1759222201	14.525384615384617	13.754999999999999	85.53	0.7703846153846179
APS60074	2025-09-30T09:00:01Z	1759222801	14.525384615384617	13.7475	85.3625	0.7778846153846164
APS60074	2025-09-30T09:10:01Z	1759223401	14.525384615384617	13.7475	85.37	0.7778846153846164
APS60074	2025-09-30T09:20:01Z	1759224001	14.525384615384617	13.76375	85.345	0.761634615384617
APS60074	2025-09-30T09:30:01Z	1759224601	14.525384615384617	13.79	85.7175	0.7353846153846177
APS60074	2025-09-30T09:40:01Z	1759225201	14.525384615384617	13.78375	85.44	0.7416346153846174
APS60074	2025-09-30T09:50:01Z	1759225801	14.525384615384617	13.76875	85.28	0.7566346153846162
APS60074	2025-09-30T10:00:01Z	1759226401	14.525384615384617	13.782499999999999	85.6	0.742884615384618
APS60074	2025-09-30T10:10:01Z	1759227001	14.525384615384617	13.7925	85.7075	0.7328846153846165
APS60074	2025-09-30T10:20:01Z	1759227601	14.525384615384617	13.79875	85.565	0.7266346153846168
APS60074	2025-09-30T10:30:01Z	1759228201	14.525384615384617	13.813749999999999	85.8375	0.711634615384618
APS60074	2025-09-30T10:40:01Z	1759228801	14.525384615384617	13.8075	85.6725	0.7178846153846177
APS60074	2025-09-30T10:50:01Z	1759229401	14.525384615384617	13.79	85.265	0.7353846153846177
APS60074	2025-09-30T11:00:01Z	1759230001	14.525384615384617	13.79	85.51	0.7353846153846177
APS60074	2025-09-30T11:10:01Z	1759230601	14.525384615384617	13.78875	85.345	0.7366346153846166
APS60074	2025-09-30T11:20:01Z	1759231201	14.525384615384617	13.78125	85.215	0.7441346153846169
APS60074	2025-09-30T11:30:01Z	1759231801	14.525384615384617	13.78375	85.1125	0.7416346153846174
APS60074	2025-09-30T11:40:01Z	1759232401	14.525384615384617	13.79375	85.5275	0.7316346153846176
APS60074	2025-09-30T11:50:01Z	1759233001	14.525384615384617	13.78125	85.52	0.7441346153846169
APS60074	2025-09-30T12:00:01Z	1759233601	14.525384615384617	13.7725	85.6275	0.752884615384616
APS60074	2025-09-30T12:10:01Z	1759234201	14.525384615384617	13.97	84.3225	0.5553846153846163
APS60132	2025-09-29T14:20:01Z	1759155601	34.96256965944273	13.93625	82.1675	21.026319659442727
APS60132	2025-09-29T14:30:01Z	1759156201	31.951424148606815	13.81875	82.75	18.132674148606817
APS60132	2025-09-29T14:40:01Z	1759156801	33.95885448916409	13.77875	83.0875	20.180104489164087
APS60132	2025-09-29T14:50:01Z	1759157401	33.45699690402477	13.77875	83.045	19.678246904024768
APS60132	2025-09-29T15:00:01Z	1759158001	32.45328173374613	13.783750000000001	83.04	18.66953173374613
APS60132	2025-09-29T15:10:01Z	1759158601	32.95513931888545	13.77375	83.195	19.18138931888545
APS60132	2025-09-29T15:20:01Z	1759159201	32.45328173374613	13.78875	83.39	18.66453173374613
APS60132	2025-09-29T15:30:01Z	1759159801	31.4495665634675	13.7725	83.3875	17.6770665634675
APS60132	2025-09-29T15:40:01Z	1759160401	31.951424148606815	13.78875	83.4	18.162674148606815
APS60132	2025-09-29T15:50:01Z	1759161001	31.951424148606815	13.780000000000001	83.245	18.171424148606814
APS60132	2025-09-29T16:00:01Z	1759161601	31.4495665634675	13.79375	83.4325	17.6558165634675
APS60132	2025-09-29T16:10:01Z	1759162201	31.951424148606815	13.75875	83.4625	18.192674148606816
APS60132	2025-09-29T16:20:01Z	1759162801	31.4495665634675	13.760000000000002	83.56	17.689566563467498
APS60132	2025-09-29T16:30:01Z	1759163401	31.951424148606815	13.786249999999999	83.35	18.165174148606816
APS60132	2025-09-29T16:40:01Z	1759164001	31.951424148606815	13.75375	83.515	18.197674148606815
APS60132	2025-09-29T16:50:01Z	1759164601	31.4495665634675	13.775	83.6375	17.6745665634675
APS60132	2025-09-29T17:00:01Z	1759165201	31.951424148606815	13.786249999999999	83.7525	18.165174148606816
APS60132	2025-09-29T17:10:01Z	1759165801	31.4495665634675	13.75875	83.5375	17.6908165634675
APS60132	2025-09-29T17:20:01Z	1759166401	31.4495665634675	13.78125	83.495	17.6683165634675
APS60132	2025-09-29T17:30:01Z	1759167001	31.4495665634675	13.77	83.585	17.6795665634675
APS60132	2025-09-29T17:40:01Z	1759167601	34.46071207430341	13.782499999999999	83.6375	20.67821207430341
APS60132	2025-09-29T17:50:01Z	1759168201	30.94770897832818	13.81125	83.57	17.13645897832818
APS60132	2025-09-29T18:00:01Z	1759168801	31.4495665634675	13.7775	83.7725	17.6720665634675
APS60132	2025-09-29T18:10:01Z	1759169401	31.951424148606815	13.775	83.81	18.176424148606813
APS60132	2025-09-29T18:20:01Z	1759170001	31.4495665634675	13.76	83.7125	17.6895665634675
APS60132	2025-09-29T18:30:01Z	1759170601	30.94770897832818	13.75625	83.93	17.19145897832818
APS60132	2025-09-29T18:40:01Z	1759171201	30.94770897832818	13.7875	83.8825	17.16020897832818
APS60132	2025-09-29T18:50:01Z	1759171801	31.4495665634675	13.77	83.92	17.6795665634675
APS60132	2025-09-29T19:00:01Z	1759172401	31.951424148606815	13.75625	83.8975	18.195174148606817
APS60132	2025-09-29T19:10:01Z	1759173001	33.95885448916409	13.7775	84.23	20.18135448916409
APS60132	2025-09-29T19:20:01Z	1759173601	34.46071207430341	13.8	84.245	20.660712074303408
APS60132	2025-09-29T19:30:01Z	1759174201	34.96256965944273	13.80125	84.0125	21.16131965944273
APS60132	2025-09-29T19:40:01Z	1759174801	34.96256965944273	13.79875	84.1275	21.16381965944273
APS60132	2025-09-29T19:50:01Z	1759175401	32.95513931888545	13.78125	84.225	19.17388931888545
APS60132	2025-09-29T20:00:01Z	1759176001	31.4495665634675	13.84125	85.0175	17.608316563467497
APS60132	2025-09-29T20:10:01Z	1759176601	30.94770897832818	13.780000000000001	84.9275	17.16770897832818
APS60132	2025-09-29T20:20:01Z	1759177201	31.951424148606815	13.7975	84.88	18.153924148606816
APS60132	2025-09-29T20:30:01Z	1759177801	31.4495665634675	13.77	84.65	17.6795665634675
APS60132	2025-09-29T20:40:01Z	1759178401	32.95513931888545	13.782499999999999	84.55	19.17263931888545
APS60132	2025-09-29T20:50:01Z	1759179001	30.94770897832818	13.778749999999999	84.5025	17.16895897832818
APS60132	2025-09-29T21:00:01Z	1759179601	33.95885448916409	13.735	84.43	20.22385448916409
APS60132	2025-09-29T21:10:01Z	1759180201	33.95885448916409	13.76375	84.245	20.195104489164088
APS60132	2025-09-29T21:20:01Z	1759180801	32.95513931888545	13.725000000000001	84.1325	19.23013931888545
APS60132	2025-09-29T21:30:01Z	1759181401	33.45699690402477	13.754999999999999	84.445	19.70199690402477
APS60132	2025-09-29T21:40:01Z	1759182001	31.951424148606815	13.74375	84.2275	18.207674148606813
APS60132	2025-09-29T21:50:01Z	1759182601	31.951424148606815	13.70625	84.4975	18.245174148606814
APS60132	2025-09-29T22:00:01Z	1759183201	28.438421052631586	13.7775	84.3925	14.660921052631586
APS60132	2025-09-29T22:10:01Z	1759183801	26.43099071207431	13.77	84.42	12.660990712074309
APS60132	2025-09-29T22:20:01Z	1759184401	23.92170278637771	13.75375	84.5575	10.167952786377711
APS60132	2025-09-29T22:30:01Z	1759185001	21.914272445820437	13.751249999999999	84.4175	8.163022445820438
APS60132	2025-09-29T22:40:01Z	1759185601	20.910557275541798	13.72375	84.53	7.186807275541797
APS60132	2025-09-29T22:50:01Z	1759186201	19.40498452012384	13.75875	84.5225	5.646234520123841
APS60132	2025-09-29T23:00:01Z	1759186801	18.401269349845204	13.7575	84.48	4.643769349845204
APS60132	2025-09-29T23:10:01Z	1759187401	17.899411764705885	13.728750000000002	84.3375	4.1706617647058835
APS60132	2025-09-29T23:20:01Z	1759188001	17.397554179566566	13.72375	84.5925	3.673804179566565
APS60132	2025-09-29T23:30:01Z	1759188601	16.895696594427246	13.73875	84.6575	3.1569465944272466
APS60132	2025-09-29T23:40:01Z	1759189201	16.393839009287927	13.765	84.6325	2.628839009287926
APS60132	2025-09-29T23:50:01Z	1759189801	16.393839009287927	13.75625	84.6775	2.637589009287927
APS60132	2025-09-30T00:00:01Z	1759190401	15.89198142414861	13.75625	84.985	2.135731424148611
APS60132	2025-09-30T00:10:01Z	1759191001	15.89198142414861	13.7675	85.0725	2.1244814241486107
APS60132	2025-09-30T00:20:01Z	1759191601	15.89198142414861	13.74375	84.7325	2.1482314241486105
APS60132	2025-09-30T00:30:01Z	1759192201	15.390123839009288	13.751249999999999	84.73	1.638873839009289
APS60132	2025-09-30T00:40:01Z	1759192801	15.390123839009288	13.74375	84.84	1.6463738390092875
APS60132	2025-09-30T00:50:01Z	1759193401	15.390123839009288	13.7625	85.0175	1.6276238390092885
APS60132	2025-09-30T01:00:01Z	1759194001	15.390123839009288	13.7925	84.74	1.5976238390092874
APS60132	2025-09-30T01:10:01Z	1759194601	14.888266253869972	13.78	84.8575	1.1082662538699726
APS60132	2025-09-30T01:20:01Z	1759195201	14.888266253869972	13.75625	84.83	1.1320162538699723
APS60132	2025-09-30T01:30:01Z	1759195801	14.888266253869972	13.72625	84.645	1.1620162538699716
APS60132	2025-09-30T01:40:01Z	1759196401	14.888266253869972	13.71	84.55	1.178266253869971
APS60132	2025-09-30T01:50:01Z	1759197001	14.888266253869972	13.72625	84.91	1.1620162538699716
APS60132	2025-09-30T02:00:01Z	1759197601	14.888266253869972	13.72625	84.6325	1.1620162538699716
APS60132	2025-09-30T02:10:01Z	1759198201	14.888266253869972	13.760000000000002	84.775	1.1282662538699704
APS60132	2025-09-30T02:20:01Z	1759198801	14.888266253869972	13.73375	85.0675	1.1545162538699714
APS60132	2025-09-30T02:30:01Z	1759199401	14.888266253869972	13.74375	84.995	1.1445162538699716
APS60132	2025-09-30T02:40:01Z	1759200001	14.888266253869972	13.74375	84.93	1.1445162538699716
APS60132	2025-09-30T02:50:01Z	1759200601	14.888266253869972	13.71	84.8075	1.178266253869971
APS60132	2025-09-30T03:00:01Z	1759201201	14.888266253869972	13.7075	84.835	1.1807662538699724
APS60132	2025-09-30T03:10:01Z	1759201801	14.888266253869972	13.73125	84.7425	1.1570162538699726
APS60132	2025-09-30T03:20:01Z	1759202401	14.888266253869972	13.72625	84.825	1.1620162538699716
APS60132	2025-09-30T03:30:01Z	1759203001	14.888266253869972	13.715	84.805	1.173266253869972
APS60132	2025-09-30T03:40:01Z	1759203601	14.888266253869972	13.72	84.6025	1.1682662538699713
APS60132	2025-09-30T03:50:01Z	1759204201	14.888266253869972	13.73125	84.9825	1.1570162538699726
APS60132	2025-09-30T04:00:01Z	1759204801	14.888266253869972	13.765	84.9125	1.1232662538699714
APS60132	2025-09-30T04:10:01Z	1759205401	14.888266253869972	13.7675	84.7425	1.1207662538699719
APS60132	2025-09-30T04:20:01Z	1759206001	14.888266253869972	13.75	84.83	1.138266253869972
APS60132	2025-09-30T04:30:01Z	1759206601	14.888266253869972	13.7575	84.9975	1.1307662538699716
APS60132	2025-09-30T04:40:01Z	1759207201	14.888266253869972	13.765	84.7775	1.1232662538699714
APS60132	2025-09-30T04:50:01Z	1759207801	14.888266253869972	13.76125	84.8875	1.1270162538699715
APS60132	2025-09-30T05:00:01Z	1759208401	14.888266253869972	13.7575	84.9275	1.1307662538699716
APS60132	2025-09-30T05:10:01Z	1759209001	14.888266253869972	13.7675	84.975	1.1207662538699719
APS60132	2025-09-30T05:20:01Z	1759209601	14.888266253869972	13.7575	85.025	1.1307662538699716
APS60132	2025-09-30T05:30:01Z	1759210201	14.888266253869972	13.73875	85.1925	1.1495162538699724
APS60132	2025-09-30T05:40:01Z	1759210801	14.888266253869972	13.7875	84.7825	1.1007662538699723
APS60132	2025-09-30T05:50:01Z	1759211401	14.888266253869972	13.7675	85.04	1.1207662538699719
APS60132	2025-09-30T06:00:01Z	1759212001	14.888266253869972	13.7725	85.025	1.115766253869971
APS60132	2025-09-30T06:10:01Z	1759212601	14.888266253869972	13.751249999999999	84.975	1.137016253869973
APS60132	2025-09-30T06:20:01Z	1759213201	14.888266253869972	13.7475	85.285	1.1407662538699714
APS60132	2025-09-30T06:30:01Z	1759213801	14.888266253869972	13.751249999999999	85.1725	1.137016253869973
APS60132	2025-09-30T06:40:01Z	1759214401	14.888266253869972	13.7575	85.25	1.1307662538699716
APS60132	2025-09-30T06:50:01Z	1759215001	14.888266253869972	13.79	85.38	1.0982662538699728
APS60132	2025-09-30T07:00:01Z	1759215601	14.888266253869972	13.774999999999999	85.12	1.1132662538699734
APS60132	2025-09-30T07:10:01Z	1759216201	14.888266253869972	13.775	85.1175	1.1132662538699716
APS60132	2025-09-30T07:20:01Z	1759216801	14.888266253869972	13.7475	85.2575	1.1407662538699714
APS60132	2025-09-30T07:30:01Z	1759217401	14.888266253869972	13.77625	85.3275	1.1120162538699727
APS60132	2025-09-30T07:40:01Z	1759218001	14.888266253869972	13.7575	85.345	1.1307662538699716
APS60132	2025-09-30T07:50:01Z	1759218601	15.390123839009288	13.7625	85.0575	1.6276238390092885
APS60132	2025-09-30T08:00:01Z	1759219201	16.393839009287927	13.771249999999998	85.105	2.6225890092879283
APS60132	2025-09-30T08:10:01Z	1759219801	15.89198142414861	13.74625	85.13	2.145731424148611
APS60132	2025-09-30T08:20:01Z	1759220401	15.89198142414861	13.754999999999999	85.175	2.136981424148612
APS60132	2025-09-30T08:30:01Z	1759221001	15.390123839009288	13.8	85.32	1.590123839009287
APS60132	2025-09-30T08:40:01Z	1759221601	15.390123839009288	13.787500000000001	85.5	1.6026238390092864
APS60132	2025-09-30T08:50:01Z	1759222201	15.390123839009288	13.754999999999999	85.53	1.6351238390092888
APS60132	2025-09-30T09:00:01Z	1759222801	15.390123839009288	13.7475	85.3625	1.6426238390092873
APS60132	2025-09-30T09:10:01Z	1759223401	14.888266253869972	13.7475	85.37	1.1407662538699714
APS60132	2025-09-30T09:20:01Z	1759224001	14.888266253869972	13.76375	85.345	1.124516253869972
APS60132	2025-09-30T09:30:01Z	1759224601	14.888266253869972	13.79	85.7175	1.0982662538699728
APS60132	2025-09-30T09:40:01Z	1759225201	14.888266253869972	13.78375	85.44	1.1045162538699724
APS60132	2025-09-30T09:50:01Z	1759225801	14.888266253869972	13.76875	85.28	1.1195162538699712
APS60132	2025-09-30T10:00:01Z	1759226401	14.888266253869972	13.782499999999999	85.6	1.105766253869973
APS60132	2025-09-30T10:10:01Z	1759227001	14.888266253869972	13.7925	85.7075	1.0957662538699715
APS60132	2025-09-30T10:20:01Z	1759227601	14.888266253869972	13.79875	85.565	1.0895162538699719
APS60132	2025-09-30T10:30:01Z	1759228201	14.888266253869972	13.813749999999999	85.8375	1.074516253869973
APS60132	2025-09-30T10:40:01Z	1759228801	14.888266253869972	13.8075	85.6725	1.0807662538699727
APS60132	2025-09-30T10:50:01Z	1759229401	14.888266253869972	13.79	85.265	1.0982662538699728
APS60132	2025-09-30T11:00:01Z	1759230001	14.888266253869972	13.79	85.51	1.0982662538699728
APS60132	2025-09-30T11:10:01Z	1759230601	14.888266253869972	13.78875	85.345	1.0995162538699716
APS60132	2025-09-30T11:20:01Z	1759231201	14.888266253869972	13.78125	85.215	1.107016253869972
APS60132	2025-09-30T11:30:01Z	1759231801	14.888266253869972	13.78375	85.1125	1.1045162538699724
APS60132	2025-09-30T11:40:01Z	1759232401	14.888266253869972	13.79375	85.5275	1.0945162538699726
APS60132	2025-09-30T11:50:01Z	1759233001	14.888266253869972	13.78125	85.52	1.107016253869972
APS60132	2025-09-30T12:00:01Z	1759233601	14.888266253869972	13.7725	85.6275	1.115766253869971
APS60132	2025-09-30T12:10:01Z	1759234201	17.899411764705885	13.97	84.3225	3.9294117647058844
APS36007	2025-09-29T15:50:01Z	1759161001	25.464259074410165	13.780000000000001	83.245	11.684259074410164
APS36007	2025-09-29T16:00:01Z	1759161601	23.45506215970962	13.79375	83.4325	9.66131215970962
APS36007	2025-09-29T16:10:01Z	1759162201	21.445865245009077	13.75875	83.4625	7.687115245009078
APS36007	2025-09-29T16:20:01Z	1759162801	20.441266787658805	13.760000000000002	83.56	6.681266787658803
APS36007	2025-09-29T16:30:01Z	1759163401	19.938967558983666	13.786249999999999	83.35	6.152717558983667
APS36007	2025-09-29T16:40:01Z	1759164001	20.441266787658805	13.75375	83.515	6.687516787658804
APS36007	2025-09-29T16:50:01Z	1759164601	19.938967558983666	13.775	83.6375	6.163967558983666
APS36007	2025-09-29T17:00:01Z	1759165201	19.938967558983666	13.786249999999999	83.7525	6.152717558983667
APS36007	2025-09-29T17:10:01Z	1759165801	20.441266787658805	13.75875	83.5375	6.682516787658805
APS36007	2025-09-29T17:20:01Z	1759166401	23.957361388384758	13.78125	83.495	10.176111388384758
APS36007	2025-09-29T17:30:01Z	1759167001	24.96195984573503	13.77	83.585	11.191959845735031
APS36007	2025-09-29T17:40:01Z	1759167601	24.96195984573503	13.782499999999999	83.6375	11.179459845735032
APS36007	2025-09-29T17:50:01Z	1759168201	25.464259074410165	13.81125	83.57	11.653009074410166
APS36007	2025-09-29T18:00:01Z	1759168801	26.971156760435576	13.7775	83.7725	13.193656760435577
APS36007	2025-09-29T18:10:01Z	1759169401	26.468857531760438	13.775	83.81	12.693857531760438
APS36007	2025-09-29T18:20:01Z	1759170001	26.468857531760438	13.76	83.7125	12.708857531760438
APS36007	2025-09-29T18:30:01Z	1759170601	25.966558303085304	13.75625	83.93	12.210308303085304
APS36007	2025-09-29T18:40:01Z	1759171201	26.468857531760438	13.7875	83.8825	12.681357531760439
APS36007	2025-09-29T18:50:01Z	1759171801	26.468857531760438	13.77	83.92	12.698857531760439
APS36007	2025-09-29T19:00:01Z	1759172401	NA	13.75625	83.8975	NA
APS36007	2025-09-29T19:10:01Z	1759173001	22.952762931034485	13.7775	84.23	9.175262931034485
APS36007	2025-09-29T19:20:01Z	1759173601	24.96195984573503	13.8	84.245	11.16195984573503
APS36007	2025-09-29T19:30:01Z	1759174201	25.464259074410165	13.80125	84.0125	11.663009074410166
APS36007	2025-09-29T19:40:01Z	1759174801	28.478054446460984	13.79875	84.1275	14.679304446460984
APS36007	2025-09-29T19:50:01Z	1759175401	27.975755217785846	13.78125	84.225	14.194505217785846
APS36007	2025-09-29T20:00:01Z	1759176001	28.478054446460984	13.84125	85.0175	14.636804446460983
APS36007	2025-09-29T20:10:01Z	1759176601	26.971156760435576	13.780000000000001	84.9275	13.191156760435575
APS36007	2025-09-29T20:20:01Z	1759177201	26.971156760435576	13.7975	84.88	13.173656760435577
APS36007	2025-09-29T20:30:01Z	1759177801	22.952762931034485	13.77	84.65	9.182762931034485
APS36007	2025-09-29T20:40:01Z	1759178401	27.975755217785846	13.782499999999999	84.55	14.193255217785847
APS36007	2025-09-29T20:50:01Z	1759179001	27.47345598911071	13.778749999999999	84.5025	13.694705989110712
APS36007	2025-09-29T21:00:01Z	1759179601	26.468857531760438	13.735	84.43	12.733857531760439
APS36007	2025-09-29T21:10:01Z	1759180201	25.966558303085304	13.76375	84.245	12.202808303085304
APS36007	2025-09-29T21:20:01Z	1759180801	26.468857531760438	13.725000000000001	84.1325	12.743857531760437
APS36007	2025-09-29T21:30:01Z	1759181401	26.468857531760438	13.754999999999999	84.445	12.71385753176044
APS36007	2025-09-29T21:40:01Z	1759182001	25.966558303085304	13.74375	84.2275	12.222808303085303
APS36007	2025-09-29T21:50:01Z	1759182601	26.468857531760438	13.70625	84.4975	12.762607531760437
APS36007	2025-09-29T22:00:01Z	1759183201	25.966558303085304	13.7775	84.3925	12.189058303085304
APS36007	2025-09-29T22:10:01Z	1759183801	26.971156760435576	13.77	84.42	13.201156760435577
APS36007	2025-09-29T22:20:01Z	1759184401	26.971156760435576	13.75375	84.5575	13.217406760435576
APS36007	2025-09-29T22:30:01Z	1759185001	26.468857531760438	13.751249999999999	84.4175	12.71760753176044
APS36007	2025-09-29T22:40:01Z	1759185601	26.468857531760438	13.72375	84.53	12.745107531760437
APS36007	2025-09-29T22:50:01Z	1759186201	26.468857531760438	13.75875	84.5225	12.710107531760439
APS36007	2025-09-29T23:00:01Z	1759186801	25.966558303085304	13.7575	84.48	12.209058303085303
APS36007	2025-09-29T23:10:01Z	1759187401	25.464259074410165	13.728750000000002	84.3375	11.735509074410164
APS36007	2025-09-29T23:20:01Z	1759188001	26.971156760435576	13.72375	84.5925	13.247406760435576
APS36007	2025-09-29T23:30:01Z	1759188601	26.468857531760438	13.73875	84.6575	12.730107531760439
APS36007	2025-09-29T23:40:01Z	1759189201	25.464259074410165	13.765	84.6325	11.699259074410165
APS36007	2025-09-29T23:50:01Z	1759189801	26.971156760435576	13.75625	84.6775	13.214906760435577
APS36007	2025-09-30T00:00:01Z	1759190401	26.971156760435576	13.75625	84.985	13.214906760435577
APS36007	2025-09-30T00:10:01Z	1759191001	26.468857531760438	13.7675	85.0725	12.701357531760438
APS36007	2025-09-30T00:20:01Z	1759191601	24.96195984573503	13.74375	84.7325	11.21820984573503
APS36007	2025-09-30T00:30:01Z	1759192201	25.966558303085304	13.751249999999999	84.73	12.215308303085305
APS36007	2025-09-30T00:40:01Z	1759192801	25.464259074410165	13.74375	84.84	11.720509074410165
APS36007	2025-09-30T00:50:01Z	1759193401	23.45506215970962	13.7625	85.0175	9.69256215970962
APS36007	2025-09-30T01:00:01Z	1759194001	21.948164473684212	13.7925	84.74	8.155664473684212
APS36007	2025-09-30T01:10:01Z	1759194601	22.952762931034485	13.78	84.8575	9.172762931034486
APS36007	2025-09-30T01:20:01Z	1759195201	21.445865245009077	13.75625	84.83	7.689615245009078
APS36007	2025-09-30T01:30:01Z	1759195801	20.94356601633394	13.72625	84.645	7.217316016333939
APS36007	2025-09-30T01:40:01Z	1759196401	19.938967558983666	13.71	84.55	6.2289675589836655
APS36007	2025-09-30T01:50:01Z	1759197001	18.934369101633393	13.72625	84.91	5.208119101633393
APS36007	2025-09-30T02:00:01Z	1759197601	18.43206987295826	13.72625	84.6325	4.7058198729582585
APS36007	2025-09-30T02:10:01Z	1759198201	17.427471415607986	13.760000000000002	84.775	3.6674714156079844
APS36007	2025-09-30T02:20:01Z	1759198801	17.427471415607986	13.73375	85.0675	3.6937214156079854
APS36007	2025-09-30T02:30:01Z	1759199401	16.92517218693285	13.74375	84.995	3.181422186932851
APS36007	2025-09-30T02:40:01Z	1759200001	16.422872958257713	13.74375	84.93	2.6791229582577127
APS36007	2025-09-30T02:50:01Z	1759200601	16.422872958257713	13.71	84.8075	2.7128729582577122
APS36007	2025-09-30T03:00:01Z	1759201201	15.920573729582578	13.7075	84.835	2.213073729582579
APS36007	2025-09-30T03:10:01Z	1759201801	15.920573729582578	13.73125	84.7425	2.189323729582579
APS36007	2025-09-30T03:20:01Z	1759202401	15.920573729582578	13.72625	84.825	2.194323729582578
APS36007	2025-09-30T03:30:01Z	1759203001	15.41827450090744	13.715	84.805	1.7032745009074404
APS36007	2025-09-30T03:40:01Z	1759203601	15.41827450090744	13.72	84.6025	1.6982745009074396
APS36007	2025-09-30T03:50:01Z	1759204201	15.41827450090744	13.73125	84.9825	1.687024500907441
APS36007	2025-09-30T04:00:01Z	1759204801	15.41827450090744	13.765	84.9125	1.6532745009074397
APS36007	2025-09-30T04:10:01Z	1759205401	15.41827450090744	13.7675	84.7425	1.6507745009074402
APS36007	2025-09-30T04:20:01Z	1759206001	15.41827450090744	13.75	84.83	1.6682745009074402
APS36007	2025-09-30T04:30:01Z	1759206601	15.41827450090744	13.7575	84.9975	1.66077450090744
APS36007	2025-09-30T04:40:01Z	1759207201	15.41827450090744	13.765	84.7775	1.6532745009074397
APS36007	2025-09-30T04:50:01Z	1759207801	15.41827450090744	13.76125	84.8875	1.6570245009074398
APS36007	2025-09-30T05:00:01Z	1759208401	14.915975272232306	13.7575	84.9275	1.1584752722323053
APS36007	2025-09-30T05:10:01Z	1759209001	14.915975272232306	13.7675	84.975	1.1484752722323055
APS36007	2025-09-30T05:20:01Z	1759209601	14.915975272232306	13.7575	85.025	1.1584752722323053
APS36007	2025-09-30T05:30:01Z	1759210201	14.915975272232306	13.73875	85.1925	1.177225272232306
APS36007	2025-09-30T05:40:01Z	1759210801	14.915975272232306	13.7875	84.7825	1.128475272232306
APS36007	2025-09-30T05:50:01Z	1759211401	14.915975272232306	13.7675	85.04	1.1484752722323055
APS36007	2025-09-30T06:00:01Z	1759212001	14.915975272232306	13.7725	85.025	1.1434752722323047
APS36007	2025-09-30T06:10:01Z	1759212601	14.915975272232306	13.751249999999999	84.975	1.1647252722323067
APS36007	2025-09-30T06:20:01Z	1759213201	14.915975272232306	13.7475	85.285	1.168475272232305
APS36007	2025-09-30T06:30:01Z	1759213801	14.915975272232306	13.751249999999999	85.1725	1.1647252722323067
APS36007	2025-09-30T06:40:01Z	1759214401	14.915975272232306	13.7575	85.25	1.1584752722323053
APS36007	2025-09-30T06:50:01Z	1759215001	14.915975272232306	13.79	85.38	1.1259752722323064
APS36007	2025-09-30T07:00:01Z	1759215601	14.915975272232306	13.774999999999999	85.12	1.140975272232307
APS36007	2025-09-30T07:10:01Z	1759216201	14.915975272232306	13.775	85.1175	1.1409752722323052
APS36007	2025-09-30T07:20:01Z	1759216801	14.915975272232306	13.7475	85.2575	1.168475272232305
APS36007	2025-09-30T07:30:01Z	1759217401	14.915975272232306	13.77625	85.3275	1.1397252722323064
APS36007	2025-09-30T07:40:01Z	1759218001	14.915975272232306	13.7575	85.345	1.1584752722323053
APS36007	2025-09-30T07:50:01Z	1759218601	14.915975272232306	13.7625	85.0575	1.1534752722323063
APS36007	2025-09-30T08:00:01Z	1759219201	14.915975272232306	13.771249999999998	85.105	1.1447252722323071
APS36007	2025-09-30T08:10:01Z	1759219801	14.915975272232306	13.74625	85.13	1.1697252722323057
APS36007	2025-09-30T08:20:01Z	1759220401	14.915975272232306	13.754999999999999	85.175	1.1609752722323066
APS36007	2025-09-30T08:30:01Z	1759221001	14.915975272232306	13.8	85.32	1.1159752722323049
APS36007	2025-09-30T08:40:01Z	1759221601	14.915975272232306	13.787500000000001	85.5	1.1284752722323041
APS36007	2025-09-30T08:50:01Z	1759222201	14.915975272232306	13.754999999999999	85.53	1.1609752722323066
APS36007	2025-09-30T09:00:01Z	1759222801	14.915975272232306	13.7475	85.3625	1.168475272232305
APS36007	2025-09-30T09:10:01Z	1759223401	14.915975272232306	13.7475	85.37	1.168475272232305
APS36007	2025-09-30T09:20:01Z	1759224001	15.41827450090744	13.76375	85.345	1.6545245009074403
APS36007	2025-09-30T09:30:01Z	1759224601	15.41827450090744	13.79	85.7175	1.628274500907441
APS36007	2025-09-30T09:40:01Z	1759225201	15.41827450090744	13.78375	85.44	1.6345245009074407
APS36007	2025-09-30T09:50:01Z	1759225801	15.41827450090744	13.76875	85.28	1.6495245009074395
APS36007	2025-09-30T10:00:01Z	1759226401	15.41827450090744	13.782499999999999	85.6	1.6357745009074414
APS36007	2025-09-30T10:10:01Z	1759227001	14.915975272232306	13.7925	85.7075	1.1234752722323051
APS36007	2025-09-30T10:20:01Z	1759227601	14.915975272232306	13.79875	85.565	1.1172252722323055
APS36007	2025-09-30T10:30:01Z	1759228201	14.915975272232306	13.813749999999999	85.8375	1.1022252722323067
APS36007	2025-09-30T10:40:01Z	1759228801	14.915975272232306	13.8075	85.6725	1.1084752722323064
APS36007	2025-09-30T10:50:01Z	1759229401	14.915975272232306	13.79	85.265	1.1259752722323064
APS36007	2025-09-30T11:00:01Z	1759230001	14.915975272232306	13.79	85.51	1.1259752722323064
APS36007	2025-09-30T11:10:01Z	1759230601	14.915975272232306	13.78875	85.345	1.1272252722323053
APS36007	2025-09-30T11:20:01Z	1759231201	14.915975272232306	13.78125	85.215	1.1347252722323056
APS36007	2025-09-30T11:30:01Z	1759231801	14.915975272232306	13.78375	85.1125	1.132225272232306
APS36007	2025-09-30T11:40:01Z	1759232401	14.915975272232306	13.79375	85.5275	1.1222252722323063
APS36007	2025-09-30T11:50:01Z	1759233001	14.915975272232306	13.78125	85.52	1.1347252722323056
APS36007	2025-09-30T12:00:01Z	1759233601	14.915975272232306	13.7725	85.6275	1.1434752722323047
APS36007	2025-09-30T12:10:01Z	1759234201	14.915975272232306	13.97	84.3225	0.9459752722323049
APS36010	2025-09-29T15:50:01Z	1759161001	26.63889226100152	13.780000000000001	83.245	12.858892261001518
APS36010	2025-09-29T16:00:01Z	1759161601	25.163019726858877	13.79375	83.4325	11.369269726858878
APS36010	2025-09-29T16:10:01Z	1759162201	21.719317147192715	13.75875	83.4625	7.960567147192716
APS36010	2025-09-29T16:20:01Z	1759162801	20.735402124430955	13.760000000000002	83.56	6.975402124430953
APS36010	2025-09-29T16:30:01Z	1759163401	23.195189681335357	13.786249999999999	83.35	9.408939681335358
APS36010	2025-09-29T16:40:01Z	1759164001	24.671062215477995	13.75375	83.515	10.917312215477995
APS36010	2025-09-29T16:50:01Z	1759164601	26.63889226100152	13.775	83.6375	12.863892261001519
APS36010	2025-09-29T17:00:01Z	1759165201	26.63889226100152	13.786249999999999	83.7525	12.85264226100152
APS36010	2025-09-29T17:10:01Z	1759165801	29.098679817905918	13.75875	83.5375	15.339929817905919
APS36010	2025-09-29T17:20:01Z	1759166401	32.050424886191195	13.78125	83.495	18.269174886191195
APS36010	2025-09-29T17:30:01Z	1759167001	32.54238239757208	13.77	83.585	18.772382397572077
APS36010	2025-09-29T17:40:01Z	1759167601	32.54238239757208	13.782499999999999	83.6375	18.759882397572078
APS36010	2025-09-29T17:50:01Z	1759168201	32.050424886191195	13.81125	83.57	18.239174886191194
APS36010	2025-09-29T18:00:01Z	1759168801	26.63889226100152	13.7775	83.7725	12.86139226100152
APS36010	2025-09-29T18:10:01Z	1759169401	26.63889226100152	13.775	83.81	12.863892261001519
APS36010	2025-09-29T18:20:01Z	1759170001	27.130849772382398	13.76	83.7125	13.370849772382398
APS36010	2025-09-29T18:30:01Z	1759170601	26.63889226100152	13.75625	83.93	12.88264226100152
APS36010	2025-09-29T18:40:01Z	1759171201	27.130849772382398	13.7875	83.8825	13.343349772382398
APS36010	2025-09-29T18:50:01Z	1759171801	28.606722306525036	13.77	83.92	14.836722306525036
APS36010	2025-09-29T19:00:01Z	1759172401	29.5906373292868	13.75625	83.8975	15.8343873292868
APS36010	2025-09-29T19:10:01Z	1759173001	29.5906373292868	13.7775	84.23	15.8131373292868
APS36010	2025-09-29T19:20:01Z	1759173601	28.606722306525036	13.8	84.245	14.806722306525035
APS36010	2025-09-29T19:30:01Z	1759174201	26.63889226100152	13.80125	84.0125	12.83764226100152
APS36010	2025-09-29T19:40:01Z	1759174801	26.63889226100152	13.79875	84.1275	12.84014226100152
APS36010	2025-09-29T19:50:01Z	1759175401	27.130849772382398	13.78125	84.225	13.349599772382398
APS36010	2025-09-29T20:00:01Z	1759176001	27.130849772382398	13.84125	85.0175	13.289599772382397
APS36010	2025-09-29T20:10:01Z	1759176601	26.146934749620637	13.780000000000001	84.9275	12.366934749620636
APS36010	2025-09-29T20:20:01Z	1759177201	27.130849772382398	13.7975	84.88	13.333349772382398
APS36010	2025-09-29T20:30:01Z	1759177801	26.146934749620637	13.77	84.65	12.376934749620638
APS36010	2025-09-29T20:40:01Z	1759178401	26.146934749620637	13.782499999999999	84.55	12.364434749620639
APS36010	2025-09-29T20:50:01Z	1759179001	27.130849772382398	13.778749999999999	84.5025	13.352099772382399
APS36010	2025-09-29T21:00:01Z	1759179601	27.130849772382398	13.735	84.43	13.395849772382398
APS36010	2025-09-29T21:10:01Z	1759180201	27.622807283763276	13.76375	84.245	13.859057283763276
APS36010	2025-09-29T21:20:01Z	1759180801	27.622807283763276	13.725000000000001	84.1325	13.897807283763274
APS36010	2025-09-29T21:30:01Z	1759181401	27.130849772382398	13.754999999999999	84.445	13.375849772382399
APS36010	2025-09-29T21:40:01Z	1759182001	24.179104704097117	13.74375	84.2275	10.435354704097117
APS36010	2025-09-29T21:50:01Z	1759182601	23.687147192716235	13.70625	84.4975	9.980897192716235
APS36010	2025-09-29T22:00:01Z	1759183201	23.687147192716235	13.7775	84.3925	9.909647192716236
APS36010	2025-09-29T22:10:01Z	1759183801	24.179104704097117	13.77	84.42	10.409104704097118
APS36010	2025-09-29T22:20:01Z	1759184401	23.195189681335357	13.75375	84.5575	9.441439681335357
APS36010	2025-09-29T22:30:01Z	1759185001	21.719317147192715	13.751249999999999	84.4175	7.968067147192716
APS36010	2025-09-29T22:40:01Z	1759185601	20.735402124430955	13.72375	84.53	7.011652124430954
APS36010	2025-09-29T22:50:01Z	1759186201	19.751487101669195	13.75875	84.5225	5.992737101669196
APS36010	2025-09-29T23:00:01Z	1759186801	19.259529590288317	13.7575	84.48	5.502029590288316
APS36010	2025-09-29T23:10:01Z	1759187401	19.259529590288317	13.728750000000002	84.3375	5.530779590288315
APS36010	2025-09-29T23:20:01Z	1759188001	24.179104704097117	13.72375	84.5925	10.455354704097116
APS36010	2025-09-29T23:30:01Z	1759188601	24.671062215477995	13.73875	84.6575	10.932312215477996
APS36010	2025-09-29T23:40:01Z	1759189201	21.719317147192715	13.765	84.6325	7.9543171471927145
APS36010	2025-09-29T23:50:01Z	1759189801	23.687147192716235	13.75625	84.6775	9.930897192716236
APS36010	2025-09-30T00:00:01Z	1759190401	24.179104704097117	13.75625	84.985	10.422854704097118
APS36010	2025-09-30T00:10:01Z	1759191001	25.654977238239756	13.7675	85.0725	11.887477238239756
APS36010	2025-09-30T00:20:01Z	1759191601	24.179104704097117	13.74375	84.7325	10.435354704097117
APS36010	2025-09-30T00:30:01Z	1759192201	23.687147192716235	13.751249999999999	84.73	9.935897192716237
APS36010	2025-09-30T00:40:01Z	1759192801	22.703232169954475	13.74375	84.84	8.959482169954475
APS36010	2025-09-30T00:50:01Z	1759193401	21.227359635811837	13.7625	85.0175	7.4648596358118375
APS36010	2025-09-30T01:00:01Z	1759194001	20.735402124430955	13.7925	84.74	6.942902124430955
APS36010	2025-09-30T01:10:01Z	1759194601	22.703232169954475	13.78	84.8575	8.923232169954476
APS36010	2025-09-30T01:20:01Z	1759195201	21.719317147192715	13.75625	84.83	7.9630671471927155
APS36010	2025-09-30T01:30:01Z	1759195801	20.243444613050077	13.72625	84.645	6.517194613050076
APS36010	2025-09-30T01:40:01Z	1759196401	19.259529590288317	13.71	84.55	5.549529590288316
APS36010	2025-09-30T01:50:01Z	1759197001	18.275614567526553	13.72625	84.91	4.549364567526553
APS36010	2025-09-30T02:00:01Z	1759197601	17.291699544764793	13.72625	84.6325	3.5654495447647925
APS36010	2025-09-30T02:10:01Z	1759198201	16.799742033383914	13.760000000000002	84.775	3.039742033383913
APS36010	2025-09-30T02:20:01Z	1759198801	16.307784522003033	13.73375	85.0675	2.574034522003032
APS36010	2025-09-30T02:30:01Z	1759199401	16.307784522003033	13.74375	84.995	2.5640345220030323
APS36010	2025-09-30T02:40:01Z	1759200001	15.815827010622154	13.74375	84.93	2.072077010622154
APS36010	2025-09-30T02:50:01Z	1759200601	15.815827010622154	13.71	84.8075	2.1058270106221535
APS36010	2025-09-30T03:00:01Z	1759201201	15.323869499241273	13.7075	84.835	1.616369499241273
APS36010	2025-09-30T03:10:01Z	1759201801	15.323869499241273	13.73125	84.7425	1.5926194992412732
APS36010	2025-09-30T03:20:01Z	1759202401	15.323869499241273	13.72625	84.825	1.5976194992412722
APS36010	2025-09-30T03:30:01Z	1759203001	15.323869499241273	13.715	84.805	1.6088694992412726
APS36010	2025-09-30T03:40:01Z	1759203601	14.831911987860394	13.72	84.6025	1.1119119878603936
APS36010	2025-09-30T03:50:01Z	1759204201	14.831911987860394	13.73125	84.9825	1.100661987860395
APS36010	2025-09-30T04:00:01Z	1759204801	14.831911987860394	13.765	84.9125	1.0669119878603937
APS36010	2025-09-30T04:10:01Z	1759205401	14.831911987860394	13.7675	84.7425	1.0644119878603941
APS36010	2025-09-30T04:20:01Z	1759206001	14.831911987860394	13.75	84.83	1.0819119878603942
APS36010	2025-09-30T04:30:01Z	1759206601	14.831911987860394	13.7575	84.9975	1.074411987860394
APS36010	2025-09-30T04:40:01Z	1759207201	14.831911987860394	13.765	84.7775	1.0669119878603937
APS36010	2025-09-30T04:50:01Z	1759207801	14.831911987860394	13.76125	84.8875	1.0706619878603938
APS36010	2025-09-30T05:00:01Z	1759208401	14.831911987860394	13.7575	84.9275	1.074411987860394
APS36010	2025-09-30T05:10:01Z	1759209001	14.831911987860394	13.7675	84.975	1.0644119878603941
APS36010	2025-09-30T05:20:01Z	1759209601	14.831911987860394	13.7575	85.025	1.074411987860394
APS36010	2025-09-30T05:30:01Z	1759210201	14.831911987860394	13.73875	85.1925	1.0931619878603946
APS36010	2025-09-30T05:40:01Z	1759210801	14.831911987860394	13.7875	84.7825	1.0444119878603946
APS36010	2025-09-30T05:50:01Z	1759211401	14.831911987860394	13.7675	85.04	1.0644119878603941
APS36010	2025-09-30T06:00:01Z	1759212001	14.831911987860394	13.7725	85.025	1.0594119878603934
APS36010	2025-09-30T06:10:01Z	1759212601	14.831911987860394	13.751249999999999	84.975	1.0806619878603954
APS36010	2025-09-30T06:20:01Z	1759213201	14.831911987860394	13.7475	85.285	1.0844119878603937
APS36010	2025-09-30T06:30:01Z	1759213801	14.831911987860394	13.751249999999999	85.1725	1.0806619878603954
APS36010	2025-09-30T06:40:01Z	1759214401	14.831911987860394	13.7575	85.25	1.074411987860394
APS36010	2025-09-30T06:50:01Z	1759215001	14.831911987860394	13.79	85.38	1.041911987860395
APS36010	2025-09-30T07:00:01Z	1759215601	14.831911987860394	13.774999999999999	85.12	1.0569119878603956
APS36010	2025-09-30T07:10:01Z	1759216201	14.831911987860394	13.775	85.1175	1.0569119878603939
APS36010	2025-09-30T07:20:01Z	1759216801	14.831911987860394	13.7475	85.2575	1.0844119878603937
APS36010	2025-09-30T07:30:01Z	1759217401	14.831911987860394	13.77625	85.3275	1.055661987860395
APS36010	2025-09-30T07:40:01Z	1759218001	14.831911987860394	13.7575	85.345	1.074411987860394
APS36010	2025-09-30T07:50:01Z	1759218601	14.831911987860394	13.7625	85.0575	1.069411987860395
APS36010	2025-09-30T08:00:01Z	1759219201	14.831911987860394	13.771249999999998	85.105	1.0606619878603958
APS36010	2025-09-30T08:10:01Z	1759219801	14.831911987860394	13.74625	85.13	1.0856619878603944
APS36010	2025-09-30T08:20:01Z	1759220401	14.831911987860394	13.754999999999999	85.175	1.0769119878603952
APS36010	2025-09-30T08:30:01Z	1759221001	14.831911987860394	13.8	85.32	1.0319119878603935
APS36010	2025-09-30T08:40:01Z	1759221601	14.831911987860394	13.787500000000001	85.5	1.0444119878603928
APS36010	2025-09-30T08:50:01Z	1759222201	14.831911987860394	13.754999999999999	85.53	1.0769119878603952
APS36010	2025-09-30T09:00:01Z	1759222801	14.831911987860394	13.7475	85.3625	1.0844119878603937
APS36010	2025-09-30T09:10:01Z	1759223401	14.831911987860394	13.7475	85.37	1.0844119878603937
APS36010	2025-09-30T09:20:01Z	1759224001	14.831911987860394	13.76375	85.345	1.0681619878603943
APS36010	2025-09-30T09:30:01Z	1759224601	14.831911987860394	13.79	85.7175	1.041911987860395
APS36010	2025-09-30T09:40:01Z	1759225201	14.831911987860394	13.78375	85.44	1.0481619878603947
APS36010	2025-09-30T09:50:01Z	1759225801	14.831911987860394	13.76875	85.28	1.0631619878603935
APS36010	2025-09-30T10:00:01Z	1759226401	14.831911987860394	13.782499999999999	85.6	1.0494119878603954
APS36010	2025-09-30T10:10:01Z	1759227001	14.831911987860394	13.7925	85.7075	1.0394119878603938
APS36010	2025-09-30T10:20:01Z	1759227601	14.831911987860394	13.79875	85.565	1.0331619878603941
APS36010	2025-09-30T10:30:01Z	1759228201	14.831911987860394	13.813749999999999	85.8375	1.0181619878603954
APS36010	2025-09-30T10:40:01Z	1759228801	14.831911987860394	13.8075	85.6725	1.024411987860395
APS36010	2025-09-30T10:50:01Z	1759229401	14.831911987860394	13.79	85.265	1.041911987860395
APS36010	2025-09-30T11:00:01Z	1759230001	14.831911987860394	13.79	85.51	1.041911987860395
APS36010	2025-09-30T11:10:01Z	1759230601	14.831911987860394	13.78875	85.345	1.043161987860394
APS36010	2025-09-30T11:20:01Z	1759231201	14.831911987860394	13.78125	85.215	1.0506619878603942
APS36010	2025-09-30T11:30:01Z	1759231801	14.831911987860394	13.78375	85.1125	1.0481619878603947
APS36010	2025-09-30T11:40:01Z	1759232401	14.831911987860394	13.79375	85.5275	1.038161987860395
APS36010	2025-09-30T11:50:01Z	1759233001	14.831911987860394	13.78125	85.52	1.0506619878603942
APS36010	2025-09-30T12:00:01Z	1759233601	14.831911987860394	13.7725	85.6275	1.0594119878603934
APS36010	2025-09-30T12:10:01Z	1759234201	14.831911987860394	13.97	84.3225	0.8619119878603936
APS60115	2025-09-29T14:20:01Z	1759155601	30.590310485701316	13.93625	82.1675	16.654060485701315
APS60115	2025-09-29T14:30:01Z	1759156201	29.585256014525648	13.81875	82.75	15.766506014525648
APS60115	2025-09-29T14:40:01Z	1759156801	30.590310485701316	13.77875	83.0875	16.811560485701314
APS60115	2025-09-29T14:50:01Z	1759157401	32.09789219246482	13.77875	83.045	18.319142192464817
APS60115	2025-09-29T15:00:01Z	1759158001	33.10294666364049	13.783750000000001	83.04	19.319196663640486
APS60115	2025-09-29T15:10:01Z	1759158601	32.600419428052646	13.77375	83.195	18.826669428052647
APS60115	2025-09-29T15:20:01Z	1759159201	30.590310485701316	13.78875	83.39	16.801560485701316
APS60115	2025-09-29T15:30:01Z	1759159801	30.590310485701316	13.7725	83.3875	16.817810485701315
APS60115	2025-09-29T15:40:01Z	1759160401	30.087783250113482	13.78875	83.4	16.29903325011348
APS60115	2025-09-29T15:50:01Z	1759161001	29.08272877893781	13.780000000000001	83.245	15.302728778937809
APS60115	2025-09-29T16:00:01Z	1759161601	31.09283772128915	13.79375	83.4325	17.29908772128915
APS60115	2025-09-29T16:10:01Z	1759162201	30.087783250113482	13.75875	83.4625	16.329033250113483
APS60115	2025-09-29T16:20:01Z	1759162801	28.07767430776214	13.760000000000002	83.56	14.31767430776214
APS60115	2025-09-29T16:30:01Z	1759163401	26.570092600998635	13.786249999999999	83.35	12.783842600998636
APS60115	2025-09-29T16:40:01Z	1759164001	25.062510894235132	13.75375	83.515	11.308760894235132
APS60115	2025-09-29T16:50:01Z	1759164601	23.052401951883795	13.775	83.6375	9.277401951883794
APS60115	2025-09-29T17:00:01Z	1759165201	22.54987471629596	13.786249999999999	83.7525	8.763624716295961
APS60115	2025-09-29T17:10:01Z	1759165801	21.042293009532454	13.75875	83.5375	7.283543009532455
APS60115	2025-09-29T17:20:01Z	1759166401	20.03723853835678	13.78125	83.495	6.255988538356782
APS60115	2025-09-29T17:30:01Z	1759167001	19.032184067181113	13.77	83.585	5.2621840671811135
APS60115	2025-09-29T17:40:01Z	1759167601	19.032184067181113	13.782499999999999	83.6375	5.249684067181114
APS60115	2025-09-29T17:50:01Z	1759168201	21.544820245120288	13.81125	83.57	7.733570245120289
APS60115	2025-09-29T18:00:01Z	1759168801	19.534711302768947	13.7775	83.7725	5.7572113027689475
APS60115	2025-09-29T18:10:01Z	1759169401	18.529656831593282	13.775	83.81	4.754656831593282
APS60115	2025-09-29T18:20:01Z	1759170001	17.52460236041761	13.76	83.7125	3.7646023604176104
APS60115	2025-09-29T18:30:01Z	1759170601	17.022075124829776	13.75625	83.93	3.2658251248297763
APS60115	2025-09-29T18:40:01Z	1759171201	16.51954788924194	13.7875	83.8825	2.732047889241942
APS60115	2025-09-29T18:50:01Z	1759171801	16.51954788924194	13.77	83.92	2.749547889241942
APS60115	2025-09-29T19:00:01Z	1759172401	16.017020653654107	13.75625	83.8975	2.2607706536541077
APS60115	2025-09-29T19:10:01Z	1759173001	16.017020653654107	13.7775	84.23	2.2395206536541075
APS60115	2025-09-29T19:20:01Z	1759173601	16.51954788924194	13.8	84.245	2.719547889241941
APS60115	2025-09-29T19:30:01Z	1759174201	16.51954788924194	13.80125	84.0125	2.718297889241942
APS60115	2025-09-29T19:40:01Z	1759174801	16.51954788924194	13.79875	84.1275	2.7207978892419415
APS60115	2025-09-29T19:50:01Z	1759175401	17.022075124829776	13.78125	84.225	3.240825124829776
APS60115	2025-09-29T20:00:01Z	1759176001	21.544820245120288	13.84125	85.0175	7.703570245120288
APS60115	2025-09-29T20:10:01Z	1759176601	27.072619836586473	13.780000000000001	84.9275	13.292619836586471
APS60115	2025-09-29T20:20:01Z	1759177201	29.585256014525648	13.7975	84.88	15.787756014525648
APS60115	2025-09-29T20:30:01Z	1759177801	31.595364956876985	13.77	84.65	17.825364956876985
APS60115	2025-09-29T20:40:01Z	1759178401	32.600419428052646	13.782499999999999	84.55	18.817919428052647
APS60115	2025-09-29T20:50:01Z	1759179001	32.09789219246482	13.778749999999999	84.5025	18.31914219246482
APS60115	2025-09-29T21:00:01Z	1759179601	28.07767430776214	13.735	84.43	14.342674307762142
APS60115	2025-09-29T21:10:01Z	1759180201	26.570092600998635	13.76375	84.245	12.806342600998635
APS60115	2025-09-29T21:20:01Z	1759180801	25.565038129822966	13.725000000000001	84.1325	11.840038129822965
APS60115	2025-09-29T21:30:01Z	1759181401	24.559983658647297	13.754999999999999	84.445	10.804983658647298
APS60115	2025-09-29T21:40:01Z	1759182001	23.55492918747163	13.74375	84.2275	9.811179187471629
APS60115	2025-09-29T21:50:01Z	1759182601	22.047347480708122	13.70625	84.4975	8.341097480708122
APS60115	2025-09-29T22:00:01Z	1759183201	21.042293009532454	13.7775	84.3925	7.264793009532454
APS60115	2025-09-29T22:10:01Z	1759183801	19.534711302768947	13.77	84.42	5.764711302768948
APS60115	2025-09-29T22:20:01Z	1759184401	19.032184067181113	13.75375	84.5575	5.278434067181113
APS60115	2025-09-29T22:30:01Z	1759185001	18.027129596005445	13.751249999999999	84.4175	4.275879596005446
APS60115	2025-09-29T22:40:01Z	1759185601	17.52460236041761	13.72375	84.53	3.8008523604176094
APS60115	2025-09-29T22:50:01Z	1759186201	16.51954788924194	13.75875	84.5225	2.7607978892419425
APS60115	2025-09-29T23:00:01Z	1759186801	16.51954788924194	13.7575	84.48	2.7620478892419413
APS60115	2025-09-29T23:10:01Z	1759187401	16.017020653654107	13.728750000000002	84.3375	2.2882706536541058
APS60115	2025-09-29T23:20:01Z	1759188001	16.017020653654107	13.72375	84.5925	2.2932706536541065
APS60115	2025-09-29T23:30:01Z	1759188601	15.51449341806627	13.73875	84.6575	1.77574341806627
APS60115	2025-09-29T23:40:01Z	1759189201	15.51449341806627	13.765	84.6325	1.749493418066269
APS60115	2025-09-29T23:50:01Z	1759189801	15.51449341806627	13.75625	84.6775	1.7582434180662698
APS60115	2025-09-30T00:00:01Z	1759190401	15.011966182478435	13.75625	84.985	1.2557161824784355
APS60115	2025-09-30T00:10:01Z	1759191001	15.011966182478435	13.7675	85.0725	1.244466182478435
APS60115	2025-09-30T00:20:01Z	1759191601	15.011966182478435	13.74375	84.7325	1.2682161824784348
APS60115	2025-09-30T00:30:01Z	1759192201	15.011966182478435	13.751249999999999	84.73	1.2607161824784363
APS60115	2025-09-30T00:40:01Z	1759192801	15.011966182478435	13.74375	84.84	1.2682161824784348
APS60115	2025-09-30T00:50:01Z	1759193401	15.011966182478435	13.7625	85.0175	1.2494661824784359
APS60115	2025-09-30T01:00:01Z	1759194001	15.011966182478435	13.7925	84.74	1.2194661824784347
APS60115	2025-09-30T01:10:01Z	1759194601	15.011966182478435	13.78	84.8575	1.2319661824784358
APS60115	2025-09-30T01:20:01Z	1759195201	15.011966182478435	13.75625	84.83	1.2557161824784355
APS60115	2025-09-30T01:30:01Z	1759195801	15.011966182478435	13.72625	84.645	1.2857161824784349
APS60115	2025-09-30T01:40:01Z	1759196401	15.011966182478435	13.71	84.55	1.3019661824784343
APS60115	2025-09-30T01:50:01Z	1759197001	15.011966182478435	13.72625	84.91	1.2857161824784349
APS60115	2025-09-30T02:00:01Z	1759197601	15.011966182478435	13.72625	84.6325	1.2857161824784349
APS60115	2025-09-30T02:10:01Z	1759198201	15.011966182478435	13.760000000000002	84.775	1.2519661824784336
APS60115	2025-09-30T02:20:01Z	1759198801	15.011966182478435	13.73375	85.0675	1.2782161824784346
APS60115	2025-09-30T02:30:01Z	1759199401	15.011966182478435	13.74375	84.995	1.2682161824784348
APS60115	2025-09-30T02:40:01Z	1759200001	14.5094389468906	13.74375	84.93	0.7656889468906005
APS60115	2025-09-30T02:50:01Z	1759200601	14.5094389468906	13.71	84.8075	0.7994389468906
APS60115	2025-09-30T03:00:01Z	1759201201	14.5094389468906	13.7075	84.835	0.8019389468906013
APS60115	2025-09-30T03:10:01Z	1759201801	15.011966182478435	13.73125	84.7425	1.2807161824784359
APS60115	2025-09-30T03:20:01Z	1759202401	15.011966182478435	13.72625	84.825	1.2857161824784349
APS60115	2025-09-30T03:30:01Z	1759203001	15.011966182478435	13.715	84.805	1.2969661824784353
APS60115	2025-09-30T03:40:01Z	1759203601	15.011966182478435	13.72	84.6025	1.2919661824784345
APS60115	2025-09-30T03:50:01Z	1759204201	15.011966182478435	13.73125	84.9825	1.2807161824784359
APS60115	2025-09-30T04:00:01Z	1759204801	15.011966182478435	13.765	84.9125	1.2469661824784346
APS60115	2025-09-30T04:10:01Z	1759205401	15.011966182478435	13.7675	84.7425	1.244466182478435
APS60115	2025-09-30T04:20:01Z	1759206001	15.011966182478435	13.75	84.83	1.2619661824784352
APS60115	2025-09-30T04:30:01Z	1759206601	15.011966182478435	13.7575	84.9975	1.2544661824784349
APS60115	2025-09-30T04:40:01Z	1759207201	15.011966182478435	13.765	84.7775	1.2469661824784346
APS60115	2025-09-30T04:50:01Z	1759207801	15.011966182478435	13.76125	84.8875	1.2507161824784347
APS60115	2025-09-30T05:00:01Z	1759208401	15.011966182478435	13.7575	84.9275	1.2544661824784349
APS60115	2025-09-30T05:10:01Z	1759209001	15.011966182478435	13.7675	84.975	1.244466182478435
APS60115	2025-09-30T05:20:01Z	1759209601	14.5094389468906	13.7575	85.025	0.7519389468906006
APS60115	2025-09-30T05:30:01Z	1759210201	15.011966182478435	13.73875	85.1925	1.2732161824784356
APS60115	2025-09-30T05:40:01Z	1759210801	15.011966182478435	13.7875	84.7825	1.2244661824784355
APS60115	2025-09-30T05:50:01Z	1759211401	14.5094389468906	13.7675	85.04	0.7419389468906008
APS60115	2025-09-30T06:00:01Z	1759212001	15.011966182478435	13.7725	85.025	1.2394661824784343
APS60115	2025-09-30T06:10:01Z	1759212601	15.011966182478435	13.751249999999999	84.975	1.2607161824784363
APS60115	2025-09-30T06:20:01Z	1759213201	15.011966182478435	13.7475	85.285	1.2644661824784347
APS60115	2025-09-30T06:30:01Z	1759213801	15.011966182478435	13.751249999999999	85.1725	1.2607161824784363
APS60115	2025-09-30T06:40:01Z	1759214401	15.011966182478435	13.7575	85.25	1.2544661824784349
APS60115	2025-09-30T06:50:01Z	1759215001	15.011966182478435	13.79	85.38	1.221966182478436
APS60115	2025-09-30T07:00:01Z	1759215601	15.011966182478435	13.774999999999999	85.12	1.2369661824784366
APS60115	2025-09-30T07:10:01Z	1759216201	15.011966182478435	13.775	85.1175	1.2369661824784348
APS60115	2025-09-30T07:20:01Z	1759216801	15.011966182478435	13.7475	85.2575	1.2644661824784347
APS60115	2025-09-30T07:30:01Z	1759217401	15.51449341806627	13.77625	85.3275	1.7382434180662703
APS60115	2025-09-30T07:40:01Z	1759218001	15.51449341806627	13.7575	85.345	1.7569934180662692
APS60115	2025-09-30T07:50:01Z	1759218601	15.011966182478435	13.7625	85.0575	1.2494661824784359
APS60115	2025-09-30T08:00:01Z	1759219201	15.51449341806627	13.771249999999998	85.105	1.743243418066271
APS60115	2025-09-30T08:10:01Z	1759219801	15.011966182478435	13.74625	85.13	1.2657161824784353
APS60115	2025-09-30T08:20:01Z	1759220401	15.011966182478435	13.754999999999999	85.175	1.2569661824784362
APS60115	2025-09-30T08:30:01Z	1759221001	15.011966182478435	13.8	85.32	1.2119661824784345
APS60115	2025-09-30T08:40:01Z	1759221601	15.011966182478435	13.787500000000001	85.5	1.2244661824784338
APS60115	2025-09-30T08:50:01Z	1759222201	15.011966182478435	13.754999999999999	85.53	1.2569661824784362
APS60115	2025-09-30T09:00:01Z	1759222801	15.011966182478435	13.7475	85.3625	1.2644661824784347
APS60115	2025-09-30T09:10:01Z	1759223401	15.011966182478435	13.7475	85.37	1.2644661824784347
APS60115	2025-09-30T09:20:01Z	1759224001	15.011966182478435	13.76375	85.345	1.2482161824784352
APS60115	2025-09-30T09:30:01Z	1759224601	15.011966182478435	13.79	85.7175	1.221966182478436
APS60115	2025-09-30T09:40:01Z	1759225201	15.011966182478435	13.78375	85.44	1.2282161824784357
APS60115	2025-09-30T09:50:01Z	1759225801	15.011966182478435	13.76875	85.28	1.2432161824784345
APS60115	2025-09-30T10:00:01Z	1759226401	15.011966182478435	13.782499999999999	85.6	1.2294661824784363
APS60115	2025-09-30T10:10:01Z	1759227001	15.011966182478435	13.7925	85.7075	1.2194661824784347
APS60115	2025-09-30T10:20:01Z	1759227601	15.011966182478435	13.79875	85.565	1.213216182478435
APS60115	2025-09-30T10:30:01Z	1759228201	15.011966182478435	13.813749999999999	85.8375	1.1982161824784363
APS60115	2025-09-30T10:40:01Z	1759228801	15.011966182478435	13.8075	85.6725	1.204466182478436
APS60115	2025-09-30T10:50:01Z	1759229401	15.011966182478435	13.79	85.265	1.221966182478436
APS60115	2025-09-30T11:00:01Z	1759230001	15.011966182478435	13.79	85.51	1.221966182478436
APS60115	2025-09-30T11:10:01Z	1759230601	15.011966182478435	13.78875	85.345	1.2232161824784349
APS60115	2025-09-30T11:20:01Z	1759231201	15.011966182478435	13.78125	85.215	1.2307161824784352
APS60115	2025-09-30T11:30:01Z	1759231801	15.011966182478435	13.78375	85.1125	1.2282161824784357
APS60115	2025-09-30T11:40:01Z	1759232401	15.011966182478435	13.79375	85.5275	1.2182161824784359
APS60115	2025-09-30T11:50:01Z	1759233001	15.011966182478435	13.78125	85.52	1.2307161824784352
APS60115	2025-09-30T12:00:01Z	1759233601	15.011966182478435	13.7725	85.6275	1.2394661824784343
APS60115	2025-09-30T12:10:01Z	1759234201	18.027129596005445	13.97	84.3225	4.057129596005444
APS60156	2025-09-29T15:50:01Z	1759161001	29.583000000000002	13.780000000000001	83.245	15.803
APS60156	2025-09-29T16:00:01Z	1759161601	29.583000000000002	13.79375	83.4325	15.789250000000003
APS60156	2025-09-29T16:10:01Z	1759162201	30.577	13.75875	83.4625	16.818250000000003
APS60156	2025-09-29T16:20:01Z	1759162801	31.074	13.760000000000002	83.56	17.314
APS60156	2025-09-29T16:30:01Z	1759163401	31.074	13.786249999999999	83.35	17.287750000000003
APS60156	2025-09-29T16:40:01Z	1759164001	31.074	13.75375	83.515	17.32025
APS60156	2025-09-29T16:50:01Z	1759164601	31.074	13.775	83.6375	17.299
APS60156	2025-09-29T17:00:01Z	1759165201	30.577	13.786249999999999	83.7525	16.790750000000003
APS60156	2025-09-29T17:10:01Z	1759165801	30.577	13.75875	83.5375	16.818250000000003
APS60156	2025-09-29T17:20:01Z	1759166401	30.080000000000002	13.78125	83.495	16.298750000000002
APS60156	2025-09-29T17:30:01Z	1759167001	29.583000000000002	13.77	83.585	15.813000000000002
APS60156	2025-09-29T17:40:01Z	1759167601	29.583000000000002	13.782499999999999	83.6375	15.800500000000003
APS60156	2025-09-29T17:50:01Z	1759168201	29.583000000000002	13.81125	83.57	15.771750000000003
APS60156	2025-09-29T18:00:01Z	1759168801	33.559	13.7775	83.7725	19.781499999999998
APS60156	2025-09-29T18:10:01Z	1759169401	32.565	13.775	83.81	18.79
APS60156	2025-09-29T18:20:01Z	1759170001	31.570999999999998	13.76	83.7125	17.811
APS60156	2025-09-29T18:30:01Z	1759170601	30.080000000000002	13.75625	83.93	16.323750000000004
APS60156	2025-09-29T18:40:01Z	1759171201	30.080000000000002	13.7875	83.8825	16.292500000000004
APS60156	2025-09-29T18:50:01Z	1759171801	30.577	13.77	83.92	16.807000000000002
APS60156	2025-09-29T19:00:01Z	1759172401	30.577	13.75625	83.8975	16.820750000000004
APS60156	2025-09-29T19:10:01Z	1759173001	30.080000000000002	13.7775	84.23	16.302500000000002
APS60156	2025-09-29T19:20:01Z	1759173601	29.086000000000002	13.8	84.245	15.286000000000001
APS60156	2025-09-29T19:30:01Z	1759174201	25.11	13.80125	84.0125	11.30875
APS60156	2025-09-29T19:40:01Z	1759174801	23.619	13.79875	84.1275	9.82025
APS60156	2025-09-29T19:50:01Z	1759175401	22.128	13.78125	84.225	8.34675
APS60156	2025-09-29T20:00:01Z	1759176001	21.134	13.84125	85.0175	7.29275
APS60156	2025-09-29T20:10:01Z	1759176601	20.139999999999997	13.780000000000001	84.9275	6.359999999999996
APS60156	2025-09-29T20:20:01Z	1759177201	19.145999999999997	13.7975	84.88	5.348499999999998
APS60156	2025-09-29T20:30:01Z	1759177801	18.151999999999997	13.77	84.65	4.381999999999998
APS60156	2025-09-29T20:40:01Z	1759178401	17.655	13.782499999999999	84.55	3.8725000000000023
APS60156	2025-09-29T20:50:01Z	1759179001	17.655	13.778749999999999	84.5025	3.8762500000000024
APS60156	2025-09-29T21:00:01Z	1759179601	17.158	13.735	84.43	3.423000000000002
APS60156	2025-09-29T21:10:01Z	1759180201	17.158	13.76375	84.245	3.3942500000000013
APS60156	2025-09-29T21:20:01Z	1759180801	17.158	13.725000000000001	84.1325	3.433
APS60156	2025-09-29T21:30:01Z	1759181401	23.619	13.754999999999999	84.445	9.864
APS60156	2025-09-29T21:40:01Z	1759182001	22.625	13.74375	84.2275	8.88125
APS60156	2025-09-29T21:50:01Z	1759182601	23.122	13.70625	84.4975	9.41575
APS60156	2025-09-29T22:00:01Z	1759183201	20.139999999999997	13.7775	84.3925	6.362499999999997
APS60156	2025-09-29T22:10:01Z	1759183801	19.642999999999997	13.77	84.42	5.8729999999999976
APS60156	2025-09-29T22:20:01Z	1759184401	19.145999999999997	13.75375	84.5575	5.392249999999997
APS60156	2025-09-29T22:30:01Z	1759185001	18.648999999999997	13.751249999999999	84.4175	4.8977499999999985
APS60156	2025-09-29T22:40:01Z	1759185601	18.151999999999997	13.72375	84.53	4.428249999999997
APS60156	2025-09-29T22:50:01Z	1759186201	18.151999999999997	13.75875	84.5225	4.393249999999998
APS60156	2025-09-29T23:00:01Z	1759186801	17.655	13.7575	84.48	3.897500000000001
APS60156	2025-09-29T23:10:01Z	1759187401	17.158	13.728750000000002	84.3375	3.4292499999999997
APS60156	2025-09-29T23:20:01Z	1759188001	17.655	13.72375	84.5925	3.9312500000000004
APS60156	2025-09-29T23:30:01Z	1759188601	17.655	13.73875	84.6575	3.9162500000000016
APS60156	2025-09-29T23:40:01Z	1759189201	17.158	13.765	84.6325	3.3930000000000007
APS60156	2025-09-29T23:50:01Z	1759189801	18.151999999999997	13.75625	84.6775	4.395749999999998
APS60156	2025-09-30T00:00:01Z	1759190401	17.158	13.75625	84.985	3.4017500000000016
APS60156	2025-09-30T00:10:01Z	1759191001	17.158	13.7675	85.0725	3.390500000000001
APS60156	2025-09-30T00:20:01Z	1759191601	18.151999999999997	13.74375	84.7325	4.408249999999997
APS60156	2025-09-30T00:30:01Z	1759192201	19.145999999999997	13.751249999999999	84.73	5.394749999999998
APS60156	2025-09-30T00:40:01Z	1759192801	19.145999999999997	13.74375	84.84	5.402249999999997
APS60156	2025-09-30T00:50:01Z	1759193401	19.642999999999997	13.7625	85.0175	5.880499999999998
APS60156	2025-09-30T01:00:01Z	1759194001	19.642999999999997	13.7925	84.74	5.850499999999997
APS60156	2025-09-30T01:10:01Z	1759194601	19.145999999999997	13.78	84.8575	5.365999999999998
APS60156	2025-09-30T01:20:01Z	1759195201	19.145999999999997	13.75625	84.83	5.389749999999998
APS60156	2025-09-30T01:30:01Z	1759195801	18.648999999999997	13.72625	84.645	4.922749999999997
APS60156	2025-09-30T01:40:01Z	1759196401	18.151999999999997	13.71	84.55	4.441999999999997
APS60156	2025-09-30T01:50:01Z	1759197001	17.655	13.72625	84.91	3.928750000000001
APS60156	2025-09-30T02:00:01Z	1759197601	17.158	13.72625	84.6325	3.431750000000001
APS60156	2025-09-30T02:10:01Z	1759198201	17.158	13.760000000000002	84.775	3.3979999999999997
APS60156	2025-09-30T02:20:01Z	1759198801	16.660999999999998	13.73375	85.0675	2.9272499999999972
APS60156	2025-09-30T02:30:01Z	1759199401	16.163999999999998	13.74375	84.995	2.4202499999999976
APS60156	2025-09-30T02:40:01Z	1759200001	16.163999999999998	13.74375	84.93	2.4202499999999976
APS60156	2025-09-30T02:50:01Z	1759200601	16.163999999999998	13.71	84.8075	2.453999999999997
APS60156	2025-09-30T03:00:01Z	1759201201	15.666999999999998	13.7075	84.835	1.9594999999999985
APS60156	2025-09-30T03:10:01Z	1759201801	15.666999999999998	13.73125	84.7425	1.9357499999999987
APS60156	2025-09-30T03:20:01Z	1759202401	15.666999999999998	13.72625	84.825	1.9407499999999978
APS60156	2025-09-30T03:30:01Z	1759203001	15.666999999999998	13.715	84.805	1.9519999999999982
APS60156	2025-09-30T03:40:01Z	1759203601	15.169999999999998	13.72	84.6025	1.4499999999999975
APS60156	2025-09-30T03:50:01Z	1759204201	15.169999999999998	13.73125	84.9825	1.4387499999999989
APS60156	2025-09-30T04:00:01Z	1759204801	15.169999999999998	13.765	84.9125	1.4049999999999976
APS60156	2025-09-30T04:10:01Z	1759205401	15.169999999999998	13.7675	84.7425	1.402499999999998
APS60156	2025-09-30T04:20:01Z	1759206001	15.169999999999998	13.75	84.83	1.4199999999999982
APS60156	2025-09-30T04:30:01Z	1759206601	15.169999999999998	13.7575	84.9975	1.4124999999999979
APS60156	2025-09-30T04:40:01Z	1759207201	15.169999999999998	13.765	84.7775	1.4049999999999976
APS60156	2025-09-30T04:50:01Z	1759207801	15.169999999999998	13.76125	84.8875	1.4087499999999977
APS60156	2025-09-30T05:00:01Z	1759208401	15.169999999999998	13.7575	84.9275	1.4124999999999979
APS60156	2025-09-30T05:10:01Z	1759209001	15.169999999999998	13.7675	84.975	1.402499999999998
APS60156	2025-09-30T05:20:01Z	1759209601	15.169999999999998	13.7575	85.025	1.4124999999999979
APS60156	2025-09-30T05:30:01Z	1759210201	15.169999999999998	13.73875	85.1925	1.4312499999999986
APS60156	2025-09-30T05:40:01Z	1759210801	15.169999999999998	13.7875	84.7825	1.3824999999999985
APS60156	2025-09-30T05:50:01Z	1759211401	15.169999999999998	13.7675	85.04	1.402499999999998
APS60156	2025-09-30T06:00:01Z	1759212001	15.169999999999998	13.7725	85.025	1.3974999999999973
APS60156	2025-09-30T06:10:01Z	1759212601	15.169999999999998	13.751249999999999	84.975	1.4187499999999993
APS60156	2025-09-30T06:20:01Z	1759213201	15.169999999999998	13.7475	85.285	1.4224999999999977
APS60156	2025-09-30T06:30:01Z	1759213801	15.169999999999998	13.751249999999999	85.1725	1.4187499999999993
APS60156	2025-09-30T06:40:01Z	1759214401	15.169999999999998	13.7575	85.25	1.4124999999999979
APS60156	2025-09-30T06:50:01Z	1759215001	15.169999999999998	13.79	85.38	1.379999999999999
APS60156	2025-09-30T07:00:01Z	1759215601	15.169999999999998	13.774999999999999	85.12	1.3949999999999996
APS60156	2025-09-30T07:10:01Z	1759216201	15.169999999999998	13.775	85.1175	1.3949999999999978
APS60156	2025-09-30T07:20:01Z	1759216801	15.169999999999998	13.7475	85.2575	1.4224999999999977
APS60156	2025-09-30T07:30:01Z	1759217401	14.672999999999998	13.77625	85.3275	0.896749999999999
APS60156	2025-09-30T07:40:01Z	1759218001	14.672999999999998	13.7575	85.345	0.915499999999998
APS60156	2025-09-30T07:50:01Z	1759218601	14.672999999999998	13.7625	85.0575	0.910499999999999
APS60156	2025-09-30T08:00:01Z	1759219201	14.672999999999998	13.771249999999998	85.105	0.9017499999999998
APS60156	2025-09-30T08:10:01Z	1759219801	14.672999999999998	13.74625	85.13	0.9267499999999984
APS60156	2025-09-30T08:20:01Z	1759220401	14.672999999999998	13.754999999999999	85.175	0.9179999999999993
APS60156	2025-09-30T08:30:01Z	1759221001	14.672999999999998	13.8	85.32	0.8729999999999976
APS60156	2025-09-30T08:40:01Z	1759221601	14.672999999999998	13.787500000000001	85.5	0.8854999999999968
APS60156	2025-09-30T08:50:01Z	1759222201	14.672999999999998	13.754999999999999	85.53	0.9179999999999993
APS60156	2025-09-30T09:00:01Z	1759222801	14.672999999999998	13.7475	85.3625	0.9254999999999978
APS60156	2025-09-30T09:10:01Z	1759223401	15.169999999999998	13.7475	85.37	1.4224999999999977
APS60156	2025-09-30T09:20:01Z	1759224001	15.169999999999998	13.76375	85.345	1.4062499999999982
APS60156	2025-09-30T09:30:01Z	1759224601	15.169999999999998	13.79	85.7175	1.379999999999999
APS60156	2025-09-30T09:40:01Z	1759225201	15.169999999999998	13.78375	85.44	1.3862499999999986
APS60156	2025-09-30T09:50:01Z	1759225801	15.169999999999998	13.76875	85.28	1.4012499999999974
APS60156	2025-09-30T10:00:01Z	1759226401	15.169999999999998	13.782499999999999	85.6	1.3874999999999993
APS60156	2025-09-30T10:10:01Z	1759227001	15.169999999999998	13.7925	85.7075	1.3774999999999977
APS60156	2025-09-30T10:20:01Z	1759227601	15.169999999999998	13.79875	85.565	1.371249999999998
APS60156	2025-09-30T10:30:01Z	1759228201	15.169999999999998	13.813749999999999	85.8375	1.3562499999999993
APS60156	2025-09-30T10:40:01Z	1759228801	15.169999999999998	13.8075	85.6725	1.362499999999999
APS60156	2025-09-30T10:50:01Z	1759229401	15.169999999999998	13.79	85.265	1.379999999999999
APS60156	2025-09-30T11:00:01Z	1759230001	15.169999999999998	13.79	85.51	1.379999999999999
APS60156	2025-09-30T11:10:01Z	1759230601	15.169999999999998	13.78875	85.345	1.3812499999999979
APS60156	2025-09-30T11:20:01Z	1759231201	15.169999999999998	13.78125	85.215	1.3887499999999982
APS60156	2025-09-30T11:30:01Z	1759231801	15.169999999999998	13.78375	85.1125	1.3862499999999986
APS60156	2025-09-30T11:40:01Z	1759232401	15.169999999999998	13.79375	85.5275	1.3762499999999989
APS60156	2025-09-30T11:50:01Z	1759233001	15.169999999999998	13.78125	85.52	1.3887499999999982
APS60156	2025-09-30T12:00:01Z	1759233601	15.169999999999998	13.7725	85.6275	1.3974999999999973
APS60156	2025-09-30T12:10:01Z	1759234201	15.169999999999998	13.97	84.3225	1.1999999999999975
APS36106	2025-09-29T14:20:01Z	1759155601	28.690118796317087	13.93625	82.1675	14.753868796317088
APS36106	2025-09-29T14:30:01Z	1759156201	26.204002694812484	13.81875	82.75	12.385252694812484
APS36106	2025-09-29T14:40:01Z	1759156801	25.706779474511563	13.77875	83.0875	11.928029474511563
APS36106	2025-09-29T14:50:01Z	1759157401	25.209556254210643	13.77875	83.045	11.430806254210642
APS36106	2025-09-29T15:00:01Z	1759158001	25.209556254210643	13.783750000000001	83.04	11.425806254210642
APS36106	2025-09-29T15:10:01Z	1759158601	28.192895576016166	13.77375	83.195	14.419145576016167
APS36106	2025-09-29T15:20:01Z	1759159201	26.204002694812484	13.78875	83.39	12.415252694812484
APS36106	2025-09-29T15:30:01Z	1759159801	25.209556254210643	13.7725	83.3875	11.437056254210642
APS36106	2025-09-29T15:40:01Z	1759160401	25.706779474511563	13.78875	83.4	11.918029474511563
APS36106	2025-09-29T15:50:01Z	1759161001	28.192895576016166	13.780000000000001	83.245	14.412895576016165
APS36106	2025-09-29T16:00:01Z	1759161601	25.706779474511563	13.79375	83.4325	11.913029474511564
APS36106	2025-09-29T16:10:01Z	1759162201	25.706779474511563	13.75875	83.4625	11.948029474511564
APS36106	2025-09-29T16:20:01Z	1759162801	25.706779474511563	13.760000000000002	83.56	11.946779474511562
APS36106	2025-09-29T16:30:01Z	1759163401	25.706779474511563	13.786249999999999	83.35	11.920529474511564
APS36106	2025-09-29T16:40:01Z	1759164001	25.706779474511563	13.75375	83.515	11.953029474511563
APS36106	2025-09-29T16:50:01Z	1759164601	24.712333033909722	13.775	83.6375	10.937333033909722
APS36106	2025-09-29T17:00:01Z	1759165201	25.209556254210643	13.786249999999999	83.7525	11.423306254210644
APS36106	2025-09-29T17:10:01Z	1759165801	25.706779474511563	13.75875	83.5375	11.948029474511564
APS36106	2025-09-29T17:20:01Z	1759166401	25.706779474511563	13.78125	83.495	11.925529474511563
APS36106	2025-09-29T17:30:01Z	1759167001	26.204002694812484	13.77	83.585	12.434002694812484
APS36106	2025-09-29T17:40:01Z	1759167601	24.712333033909722	13.782499999999999	83.6375	10.929833033909723
APS36106	2025-09-29T17:50:01Z	1759168201	25.209556254210643	13.81125	83.57	11.398306254210643
APS36106	2025-09-29T18:00:01Z	1759168801	25.706779474511563	13.7775	83.7725	11.929279474511564
APS36106	2025-09-29T18:10:01Z	1759169401	26.701225915113405	13.775	83.81	12.926225915113404
APS36106	2025-09-29T18:20:01Z	1759170001	26.204002694812484	13.76	83.7125	12.444002694812484
APS36106	2025-09-29T18:30:01Z	1759170601	26.204002694812484	13.75625	83.93	12.447752694812484
APS36106	2025-09-29T18:40:01Z	1759171201	26.204002694812484	13.7875	83.8825	12.416502694812484
APS36106	2025-09-29T18:50:01Z	1759171801	25.706779474511563	13.77	83.92	11.936779474511564
APS36106	2025-09-29T19:00:01Z	1759172401	25.209556254210643	13.75625	83.8975	11.453306254210643
APS36106	2025-09-29T19:10:01Z	1759173001	30.679011677520773	13.7775	84.23	16.901511677520773
APS36106	2025-09-29T19:20:01Z	1759173601	27.198449135414325	13.8	84.245	13.398449135414324
APS36106	2025-09-29T19:30:01Z	1759174201	26.204002694812484	13.80125	84.0125	12.402752694812484
APS36106	2025-09-29T19:40:01Z	1759174801	26.204002694812484	13.79875	84.1275	12.405252694812484
APS36106	2025-09-29T19:50:01Z	1759175401	25.706779474511563	13.78125	84.225	11.925529474511563
APS36106	2025-09-29T20:00:01Z	1759176001	26.204002694812484	13.84125	85.0175	12.362752694812484
APS36106	2025-09-29T20:10:01Z	1759176601	26.204002694812484	13.780000000000001	84.9275	12.424002694812483
APS36106	2025-09-29T20:20:01Z	1759177201	25.706779474511563	13.7975	84.88	11.909279474511564
APS36106	2025-09-29T20:30:01Z	1759177801	27.695672355715246	13.77	84.65	13.925672355715246
APS36106	2025-09-29T20:40:01Z	1759178401	29.68456523691893	13.782499999999999	84.55	15.902065236918933
APS36106	2025-09-29T20:50:01Z	1759179001	29.68456523691893	13.778749999999999	84.5025	15.905815236918933
APS36106	2025-09-29T21:00:01Z	1759179601	26.701225915113405	13.735	84.43	12.966225915113405
APS36106	2025-09-29T21:10:01Z	1759180201	25.706779474511563	13.76375	84.245	11.943029474511563
APS36106	2025-09-29T21:20:01Z	1759180801	25.209556254210643	13.725000000000001	84.1325	11.484556254210641
APS36106	2025-09-29T21:30:01Z	1759181401	24.712333033909722	13.754999999999999	84.445	10.957333033909723
APS36106	2025-09-29T21:40:01Z	1759182001	24.712333033909722	13.74375	84.2275	10.968583033909722
APS36106	2025-09-29T21:50:01Z	1759182601	23.71788659330788	13.70625	84.4975	10.01163659330788
APS36106	2025-09-29T22:00:01Z	1759183201	23.22066337300696	13.7775	84.3925	9.44316337300696
APS36106	2025-09-29T22:10:01Z	1759183801	21.7289937121042	13.77	84.42	7.958993712104199
APS36106	2025-09-29T22:20:01Z	1759184401	20.734547271502358	13.75375	84.5575	6.980797271502357
APS36106	2025-09-29T22:30:01Z	1759185001	19.740100830900513	13.751249999999999	84.4175	5.988850830900514
APS36106	2025-09-29T22:40:01Z	1759185601	18.745654390298675	13.72375	84.53	5.021904390298674
APS36106	2025-09-29T22:50:01Z	1759186201	18.248431169997755	13.75875	84.5225	4.4896811699977555
APS36106	2025-09-29T23:00:01Z	1759186801	17.25398472939591	13.7575	84.48	3.4964847293959096
APS36106	2025-09-29T23:10:01Z	1759187401	17.25398472939591	13.728750000000002	84.3375	3.5252347293959083
APS36106	2025-09-29T23:20:01Z	1759188001	16.75676150909499	13.72375	84.5925	3.0330115090949885
APS36106	2025-09-29T23:30:01Z	1759188601	16.75676150909499	13.73875	84.6575	3.0180115090949897
APS36106	2025-09-29T23:40:01Z	1759189201	16.25953828879407	13.765	84.6325	2.494538288794068
APS36106	2025-09-29T23:50:01Z	1759189801	15.762315068493148	13.75625	84.6775	2.0060650684931485
APS36106	2025-09-30T00:00:01Z	1759190401	15.762315068493148	13.75625	84.985	2.0060650684931485
APS36106	2025-09-30T00:10:01Z	1759191001	15.762315068493148	13.7675	85.0725	1.994815068493148
APS36106	2025-09-30T00:20:01Z	1759191601	15.265091848192228	13.74375	84.7325	1.5213418481922272
APS36106	2025-09-30T00:30:01Z	1759192201	15.265091848192228	13.751249999999999	84.73	1.5138418481922287
APS36106	2025-09-30T00:40:01Z	1759192801	15.265091848192228	13.74375	84.84	1.5213418481922272
APS36106	2025-09-30T00:50:01Z	1759193401	15.265091848192228	13.7625	85.0175	1.5025918481922282
APS36106	2025-09-30T01:00:01Z	1759194001	14.767868627891307	13.7925	84.74	0.9753686278913065
APS36106	2025-09-30T01:10:01Z	1759194601	14.767868627891307	13.78	84.8575	0.9878686278913076
APS36106	2025-09-30T01:20:01Z	1759195201	14.767868627891307	13.75625	84.83	1.0116186278913073
APS36106	2025-09-30T01:30:01Z	1759195801	14.767868627891307	13.72625	84.645	1.0416186278913067
APS36106	2025-09-30T01:40:01Z	1759196401	14.767868627891307	13.71	84.55	1.057868627891306
APS36106	2025-09-30T01:50:01Z	1759197001	14.767868627891307	13.72625	84.91	1.0416186278913067
APS36106	2025-09-30T02:00:01Z	1759197601	14.767868627891307	13.72625	84.6325	1.0416186278913067
APS36106	2025-09-30T02:10:01Z	1759198201	14.767868627891307	13.760000000000002	84.775	1.0078686278913054
APS36106	2025-09-30T02:20:01Z	1759198801	14.767868627891307	13.73375	85.0675	1.0341186278913064
APS36106	2025-09-30T02:30:01Z	1759199401	14.767868627891307	13.74375	84.995	1.0241186278913066
APS36106	2025-09-30T02:40:01Z	1759200001	14.767868627891307	13.74375	84.93	1.0241186278913066
APS36106	2025-09-30T02:50:01Z	1759200601	14.767868627891307	13.71	84.8075	1.057868627891306
APS36106	2025-09-30T03:00:01Z	1759201201	14.767868627891307	13.7075	84.835	1.0603686278913074
APS36106	2025-09-30T03:10:01Z	1759201801	14.767868627891307	13.73125	84.7425	1.0366186278913077
APS36106	2025-09-30T03:20:01Z	1759202401	14.767868627891307	13.72625	84.825	1.0416186278913067
APS36106	2025-09-30T03:30:01Z	1759203001	14.767868627891307	13.715	84.805	1.052868627891307
APS36106	2025-09-30T03:40:01Z	1759203601	14.767868627891307	13.72	84.6025	1.0478686278913063
APS36106	2025-09-30T03:50:01Z	1759204201	14.767868627891307	13.73125	84.9825	1.0366186278913077
APS36106	2025-09-30T04:00:01Z	1759204801	14.767868627891307	13.765	84.9125	1.0028686278913064
APS36106	2025-09-30T04:10:01Z	1759205401	14.767868627891307	13.7675	84.7425	1.0003686278913069
APS36106	2025-09-30T04:20:01Z	1759206001	14.767868627891307	13.75	84.83	1.017868627891307
APS36106	2025-09-30T04:30:01Z	1759206601	14.767868627891307	13.7575	84.9975	1.0103686278913067
APS36106	2025-09-30T04:40:01Z	1759207201	14.767868627891307	13.765	84.7775	1.0028686278913064
APS36106	2025-09-30T04:50:01Z	1759207801	14.767868627891307	13.76125	84.8875	1.0066186278913065
APS36106	2025-09-30T05:00:01Z	1759208401	14.767868627891307	13.7575	84.9275	1.0103686278913067
APS36106	2025-09-30T05:10:01Z	1759209001	14.767868627891307	13.7675	84.975	1.0003686278913069
APS36106	2025-09-30T05:20:01Z	1759209601	14.767868627891307	13.7575	85.025	1.0103686278913067
APS36106	2025-09-30T05:30:01Z	1759210201	14.767868627891307	13.73875	85.1925	1.0291186278913074
APS36106	2025-09-30T05:40:01Z	1759210801	14.767868627891307	13.7875	84.7825	0.9803686278913073
APS36106	2025-09-30T05:50:01Z	1759211401	14.767868627891307	13.7675	85.04	1.0003686278913069
APS36106	2025-09-30T06:00:01Z	1759212001	14.767868627891307	13.7725	85.025	0.9953686278913061
APS36106	2025-09-30T06:10:01Z	1759212601	14.767868627891307	13.751249999999999	84.975	1.016618627891308
APS36106	2025-09-30T06:20:01Z	1759213201	14.767868627891307	13.7475	85.285	1.0203686278913064
APS36106	2025-09-30T06:30:01Z	1759213801	14.767868627891307	13.751249999999999	85.1725	1.016618627891308
APS36106	2025-09-30T06:40:01Z	1759214401	14.767868627891307	13.7575	85.25	1.0103686278913067
APS36106	2025-09-30T06:50:01Z	1759215001	14.767868627891307	13.79	85.38	0.9778686278913078
APS36106	2025-09-30T07:00:01Z	1759215601	14.767868627891307	13.774999999999999	85.12	0.9928686278913084
APS36106	2025-09-30T07:10:01Z	1759216201	14.767868627891307	13.775	85.1175	0.9928686278913066
APS36106	2025-09-30T07:20:01Z	1759216801	14.767868627891307	13.7475	85.2575	1.0203686278913064
APS36106	2025-09-30T07:30:01Z	1759217401	15.265091848192228	13.77625	85.3275	1.4888418481922283
APS36106	2025-09-30T07:40:01Z	1759218001	15.762315068493148	13.7575	85.345	2.004815068493148
APS36106	2025-09-30T07:50:01Z	1759218601	16.25953828879407	13.7625	85.0575	2.4970382887940694
APS36106	2025-09-30T08:00:01Z	1759219201	16.25953828879407	13.771249999999998	85.105	2.4882882887940703
APS36106	2025-09-30T08:10:01Z	1759219801	16.25953828879407	13.74625	85.13	2.513288288794069
APS36106	2025-09-30T08:20:01Z	1759220401	15.762315068493148	13.754999999999999	85.175	2.007315068493149
APS36106	2025-09-30T08:30:01Z	1759221001	15.265091848192228	13.8	85.32	1.4650918481922268
APS36106	2025-09-30T08:40:01Z	1759221601	15.265091848192228	13.787500000000001	85.5	1.477591848192226
APS36106	2025-09-30T08:50:01Z	1759222201	15.265091848192228	13.754999999999999	85.53	1.5100918481922285
APS36106	2025-09-30T09:00:01Z	1759222801	14.767868627891307	13.7475	85.3625	1.0203686278913064
APS36106	2025-09-30T09:10:01Z	1759223401	14.767868627891307	13.7475	85.37	1.0203686278913064
APS36106	2025-09-30T09:20:01Z	1759224001	14.767868627891307	13.76375	85.345	1.004118627891307
APS36106	2025-09-30T09:30:01Z	1759224601	14.767868627891307	13.79	85.7175	0.9778686278913078
APS36106	2025-09-30T09:40:01Z	1759225201	14.767868627891307	13.78375	85.44	0.9841186278913074
APS36106	2025-09-30T09:50:01Z	1759225801	14.767868627891307	13.76875	85.28	0.9991186278913062
APS36106	2025-09-30T10:00:01Z	1759226401	14.767868627891307	13.782499999999999	85.6	0.9853686278913081
APS36106	2025-09-30T10:10:01Z	1759227001	14.767868627891307	13.7925	85.7075	0.9753686278913065
APS36106	2025-09-30T10:20:01Z	1759227601	14.767868627891307	13.79875	85.565	0.9691186278913069
APS36106	2025-09-30T10:30:01Z	1759228201	14.767868627891307	13.813749999999999	85.8375	0.9541186278913081
APS36106	2025-09-30T10:40:01Z	1759228801	14.767868627891307	13.8075	85.6725	0.9603686278913077
APS36106	2025-09-30T10:50:01Z	1759229401	14.767868627891307	13.79	85.265	0.9778686278913078
APS36106	2025-09-30T11:00:01Z	1759230001	14.767868627891307	13.79	85.51	0.9778686278913078
APS36106	2025-09-30T11:10:01Z	1759230601	14.767868627891307	13.78875	85.345	0.9791186278913067
APS36106	2025-09-30T11:20:01Z	1759231201	14.767868627891307	13.78125	85.215	0.9866186278913069
APS36106	2025-09-30T11:30:01Z	1759231801	14.767868627891307	13.78375	85.1125	0.9841186278913074
APS36106	2025-09-30T11:40:01Z	1759232401	14.767868627891307	13.79375	85.5275	0.9741186278913077
APS36106	2025-09-30T11:50:01Z	1759233001	14.767868627891307	13.78125	85.52	0.9866186278913069
APS36106	2025-09-30T12:00:01Z	1759233601	14.767868627891307	13.7725	85.6275	0.9953686278913061
APS36106	2025-09-30T12:10:01Z	1759234201	16.25953828879407	13.97	84.3225	2.289538288794068
APS36036	2025-10-02T15:20:01Z	1759418401	NA	13.8975	73.4825	NA
APS36036	2025-10-02T15:30:01Z	1759419001	NA	13.818750000000001	74.2775	NA
APS36036	2025-10-02T15:40:01Z	1759419601	NA	13.795	74.6725	NA
APS36036	2025-10-02T15:50:01Z	1759420201	NA	13.787500000000001	74.67	NA
APS36036	2025-10-02T16:00:01Z	1759420801	NA	13.8125	74.7925	NA
APS36036	2025-10-02T16:10:01Z	1759421401	NA	13.81625	74.87	NA
APS36036	2025-10-02T16:20:01Z	1759422001	NA	13.80625	74.9325	NA
APS36036	2025-10-02T16:30:01Z	1759422601	NA	13.81625	75.1175	NA
APS36036	2025-10-02T16:40:01Z	1759423201	NA	13.864999999999998	75.03	NA
APS36036	2025-10-02T16:50:01Z	1759423801	NA	13.795	74.98	NA
APS36036	2025-10-02T17:00:01Z	1759424401	NA	13.79	74.98	NA
APS36036	2025-10-02T17:10:01Z	1759425001	NA	13.8	74.95	NA
APS36036	2025-10-02T17:20:01Z	1759425601	NA	13.83	75.09	NA
APS36036	2025-10-02T17:30:01Z	1759426201	NA	13.83	75.03	NA
APS36036	2025-10-02T17:40:01Z	1759426801	NA	13.83	74.8	NA
APS36036	2025-10-02T17:50:01Z	1759427401	NA	13.795000000000002	74.84	NA
APS36036	2025-10-02T18:00:01Z	1759428001	NA	13.795000000000002	74.93	NA
APS36036	2025-10-02T18:10:01Z	1759428601	NA	13.8	75.26	NA
APS36036	2025-10-02T18:20:01Z	1759429201	NA	13.774999999999999	75.22	NA
APS36036	2025-10-02T18:30:01Z	1759429801	NA	13.77	75.38	NA
APS36036	2025-10-02T18:40:01Z	1759430401	NA	13.79	75.4	NA
APS36036	2025-10-02T18:50:01Z	1759431001	NA	13.785	75.49	NA
APS36036	2025-10-02T19:00:01Z	1759431601	NA	13.775	75.56	NA
APS36036	2025-10-02T19:10:01Z	1759432201	NA	13.775	75.49	NA
APS36036	2025-10-02T19:20:01Z	1759432801	NA	13.785	75.56	NA
APS36036	2025-10-02T19:30:01Z	1759433401	NA	13.79	75.33	NA
APS36036	2025-10-02T19:40:01Z	1759434001	NA	13.805	75.29	NA
APS36036	2025-10-02T19:50:01Z	1759434601	NA	13.8	75.26	NA
APS36036	2025-10-02T20:00:01Z	1759435201	NA	13.76	75.37	NA
APS36036	2025-10-02T20:10:01Z	1759435801	NA	13.75	75.73	NA
APS36036	2025-10-02T20:20:01Z	1759436401	NA	13.735	75.79	NA
APS36036	2025-10-02T20:30:01Z	1759437001	NA	13.745000000000001	75.77	NA
APS36036	2025-10-02T20:40:01Z	1759437601	NA	13.77	75.71	NA
APS36036	2025-10-02T20:50:01Z	1759438201	NA	13.780000000000001	75.7	NA
APS36036	2025-10-02T21:00:01Z	1759438801	NA	13.805	75.16	NA
APS36036	2025-10-02T21:10:01Z	1759439401	NA	13.775	75.46	NA
APS36036	2025-10-02T21:20:01Z	1759440001	NA	13.76	75.44	NA
APS36036	2025-10-02T21:30:01Z	1759440601	NA	13.75	75.56	NA
APS36036	2025-10-02T21:40:01Z	1759441201	NA	13.75	75.68	NA
APS36036	2025-10-02T21:50:01Z	1759441801	NA	13.75	75.65	NA
APS36036	2025-10-02T22:00:01Z	1759442401	NA	13.775	75.62	NA
APS36036	2025-10-02T22:10:01Z	1759443001	NA	13.739999999999998	75.75	NA
APS36036	2025-10-02T22:20:01Z	1759443601	NA	13.739999999999998	75.94	NA
APS36036	2025-10-02T22:30:01Z	1759444201	NA	13.75	75.82	NA
APS36036	2025-10-02T22:40:01Z	1759444801	NA	13.75	75.9	NA
APS36036	2025-10-02T22:50:01Z	1759445401	NA	13.755	75.78	NA
APS36036	2025-10-02T23:00:01Z	1759446001	NA	13.735	75.87	NA
APS36036	2025-10-02T23:10:01Z	1759446601	NA	13.75	75.82	NA
APS36036	2025-10-02T23:20:01Z	1759447201	NA	13.775	75.79	NA
APS36036	2025-10-02T23:30:01Z	1759447801	NA	13.775	75.8	NA
APS36036	2025-10-02T23:40:01Z	1759448401	NA	13.745000000000001	75.78	NA
APS36036	2025-10-02T23:50:01Z	1759449001	NA	13.785	75.72	NA
APS36036	2025-10-03T00:00:01Z	1759449601	NA	13.785	75.62	NA
APS36036	2025-10-03T00:10:01Z	1759450201	NA	13.754999999999999	75.57	NA
APS36036	2025-10-03T00:20:01Z	1759450801	NA	13.775	75.48	NA
APS36036	2025-10-03T00:30:01Z	1759451401	NA	13.785	75.45	NA
APS36036	2025-10-03T00:40:01Z	1759452001	NA	13.775	75.38	NA
APS36036	2025-10-03T00:50:01Z	1759452601	NA	13.809999999999999	75.29	NA
APS36036	2025-10-03T01:00:01Z	1759453201	NA	13.7925	75.11	NA
APS36036	2025-10-03T01:10:01Z	1759453801	NA	13.77125	75.2625	NA
APS36036	2025-10-03T01:20:01Z	1759454401	NA	13.739999999999998	75.3775	NA
APS36036	2025-10-03T01:30:01Z	1759455001	NA	13.752500000000001	75.3925	NA
APS36036	2025-10-03T01:40:01Z	1759455601	NA	13.7675	75.2525	NA
APS36036	2025-10-03T01:50:01Z	1759456201	NA	13.7625	75.1675	NA
APS36036	2025-10-03T02:00:01Z	1759456801	NA	13.754999999999999	75.1675	NA
APS36036	2025-10-03T02:10:01Z	1759457401	NA	13.7625	75.1425	NA
APS36036	2025-10-03T02:20:01Z	1759458001	NA	13.754999999999999	74.885	NA
APS36036	2025-10-03T02:30:01Z	1759458601	NA	13.76	74.85	NA
APS36036	2025-10-03T02:40:01Z	1759459201	NA	13.7625	74.8325	NA
APS36036	2025-10-03T02:50:01Z	1759459801	NA	13.752500000000001	75.11	NA
APS36036	2025-10-03T03:00:01Z	1759460401	NA	13.7425	75.2725	NA
APS36036	2025-10-03T03:10:01Z	1759461001	NA	13.76625	75.4675	NA
APS36036	2025-10-03T03:20:01Z	1759461601	NA	13.7275	75.52	NA
APS36036	2025-10-03T03:30:01Z	1759462201	NA	13.723749999999999	75.6125	NA
APS36036	2025-10-03T03:40:01Z	1759462801	NA	13.7325	75.62	NA
APS36036	2025-10-03T03:50:01Z	1759463401	NA	13.760000000000002	75.625	NA
APS36036	2025-10-03T04:00:01Z	1759464001	NA	13.72125	75.73	NA
APS36036	2025-10-03T04:10:01Z	1759464601	NA	13.75	75.705	NA
APS36036	2025-10-03T04:20:01Z	1759465201	NA	13.7575	75.7675	NA
APS36036	2025-10-03T04:30:01Z	1759465801	NA	13.72625	75.7975	NA
APS36036	2025-10-03T04:40:01Z	1759466401	NA	13.71875	75.9475	NA
APS36036	2025-10-03T04:50:01Z	1759467001	NA	13.739999999999998	75.8925	NA
APS36036	2025-10-03T05:00:01Z	1759467601	NA	13.7275	75.8625	NA
APS36036	2025-10-03T05:10:01Z	1759468201	NA	13.7625	75.8675	NA
APS36036	2025-10-03T05:20:01Z	1759468801	NA	13.7625	75.865	NA
APS36036	2025-10-03T05:30:01Z	1759469401	NA	13.7675	75.92	NA
APS36036	2025-10-03T05:40:01Z	1759470001	NA	13.7625	75.91	NA
APS36036	2025-10-03T05:50:01Z	1759470601	NA	13.78125	75.935	NA
APS36036	2025-10-03T06:00:01Z	1759471201	NA	13.760000000000002	75.86	NA
APS36036	2025-10-03T06:10:01Z	1759471801	NA	13.75	75.9625	NA
APS36036	2025-10-03T06:20:01Z	1759472401	NA	13.7675	75.9025	NA
APS36036	2025-10-03T06:30:01Z	1759473001	NA	13.77875	75.8675	NA
APS36036	2025-10-03T06:40:01Z	1759473601	NA	13.7475	75.7575	NA
APS36036	2025-10-03T06:50:01Z	1759474201	NA	13.75	75.08	NA
APS36036	2025-10-03T07:00:01Z	1759474801	NA	13.75	74.3625	NA
APS36036	2025-10-03T07:10:01Z	1759475401	NA	13.752500000000001	73.84	NA
APS36036	2025-10-03T07:20:01Z	1759476001	NA	13.7575	73.5425	NA
APS36036	2025-10-03T07:30:01Z	1759476601	NA	13.728750000000002	73.2125	NA
APS36036	2025-10-03T07:40:01Z	1759477201	NA	13.763750000000002	72.9475	NA
APS36036	2025-10-03T07:50:01Z	1759477801	NA	13.755	72.835	NA
APS36036	2025-10-03T08:00:01Z	1759478401	NA	13.78125	72.7375	NA
APS36036	2025-10-03T08:10:01Z	1759479001	NA	13.76875	72.845	NA
APS36036	2025-10-03T08:20:01Z	1759479601	NA	13.76625	72.79	NA
APS36036	2025-10-03T08:30:01Z	1759480201	NA	13.763750000000002	72.995	NA
APS36036	2025-10-03T08:40:01Z	1759480801	NA	13.75	73.155	NA
APS36036	2025-10-03T08:50:01Z	1759481401	NA	13.78875	73.6875	NA
APS36036	2025-10-03T09:00:01Z	1759482001	NA	13.79625	74.2575	NA
APS36036	2025-10-03T09:10:01Z	1759482601	NA	13.787500000000001	74.7325	NA
APS36036	2025-10-03T09:20:01Z	1759483201	NA	13.77125	75.175	NA
APS36036	2025-10-03T09:30:01Z	1759483801	NA	13.79375	75.5175	NA
APS36036	2025-10-03T09:40:01Z	1759484401	NA	13.77375	75.965	NA
APS36036	2025-10-03T09:50:01Z	1759485001	NA	13.78875	76.1975	NA
APS36036	2025-10-03T10:00:01Z	1759485601	NA	13.805	76.585	NA
APS36036	2025-10-03T10:10:01Z	1759486201	NA	13.79375	76.83	NA
APS36036	2025-10-03T10:20:01Z	1759486801	NA	13.763750000000002	76.8975	NA
APS36036	2025-10-03T10:30:01Z	1759487401	NA	13.755	77.155	NA
APS36036	2025-10-03T10:40:01Z	1759488001	NA	13.75625	77.33	NA
APS36036	2025-10-03T10:50:01Z	1759488601	NA	13.776250000000001	77.2675	NA
APS36036	2025-10-03T11:00:01Z	1759489201	NA	13.79375	77.6475	NA
APS36036	2025-10-03T11:10:01Z	1759489801	NA	13.79375	78.115	NA
APS36036	2025-10-03T11:20:01Z	1759490401	NA	13.776250000000001	78.225	NA
APS36036	2025-10-03T11:30:01Z	1759491001	NA	13.776250000000001	78.805	NA
APS36036	2025-10-03T11:40:01Z	1759491601	NA	13.8	79.1025	NA
APS36036	2025-10-03T11:50:01Z	1759492201	NA	13.76625	79.4825	NA
APS36036	2025-10-03T12:00:01Z	1759492801	NA	13.763750000000002	79.89	NA
APS36036	2025-10-03T12:10:01Z	1759493401	NA	13.77375	80.0225	NA
APS36036	2025-10-03T12:20:01Z	1759494001	NA	13.763750000000002	80.26	NA
APS36036	2025-10-03T12:30:01Z	1759494601	NA	13.76125	80.2375	NA
APS36036	2025-10-03T12:40:01Z	1759495201	NA	13.75375	80.195	NA
APS36036	2025-10-03T12:50:01Z	1759495801	NA	13.75625	80.2875	NA
APS36036	2025-10-03T13:00:01Z	1759496401	NA	13.776250000000001	80.455	NA
APS36036	2025-10-03T13:10:01Z	1759497001	NA	13.815	80.415	NA
APS36103	2025-10-02T15:20:01Z	1759418401	30.733135183501464	13.8975	73.4825	16.835635183501463
APS36103	2025-10-02T15:30:01Z	1759419001	30.733135183501464	13.818750000000001	74.2775	16.914385183501462
APS36103	2025-10-02T15:40:01Z	1759419601	29.731868063673492	13.795	74.6725	15.936868063673492
APS36103	2025-10-02T15:50:01Z	1759420201	29.231234503759506	13.787500000000001	74.67	15.443734503759504
APS36103	2025-10-02T16:00:01Z	1759420801	30.232501623587478	13.8125	74.7925	16.420001623587478
APS36103	2025-10-02T16:10:01Z	1759421401	33.736936542985376	13.81625	74.87	19.920686542985376
APS36103	2025-10-02T16:20:01Z	1759422001	34.73820366281335	13.80625	74.9325	20.93195366281335
APS36103	2025-10-02T16:30:01Z	1759422601	34.23757010289937	13.81625	75.1175	20.42132010289937
APS36103	2025-10-02T16:40:01Z	1759423201	35.238837222727334	13.864999999999998	75.03	21.373837222727335
APS36103	2025-10-02T16:50:01Z	1759423801	34.73820366281335	13.795	74.98	20.943203662813346
APS36103	2025-10-02T17:00:01Z	1759424401	36.7407379024693	13.79	74.98	22.9507379024693
APS36103	2025-10-02T17:10:01Z	1759425001	34.73820366281335	13.8	74.95	20.938203662813347
APS36103	2025-10-02T17:20:01Z	1759425601	33.23630298307139	13.83	75.09	19.40630298307139
APS36103	2025-10-02T17:30:01Z	1759426201	33.23630298307139	13.83	75.03	19.40630298307139
APS36103	2025-10-02T17:40:01Z	1759426801	34.23757010289937	13.83	74.8	20.40757010289937
APS36103	2025-10-02T17:50:01Z	1759427401	33.736936542985376	13.795000000000002	74.84	19.941936542985374
APS36103	2025-10-02T18:00:01Z	1759428001	34.23757010289937	13.795000000000002	74.93	20.442570102899367
APS36103	2025-10-02T18:10:01Z	1759428601	33.736936542985376	13.8	75.26	19.936936542985375
APS36103	2025-10-02T18:20:01Z	1759429201	33.736936542985376	13.774999999999999	75.22	19.961936542985377
APS36103	2025-10-02T18:30:01Z	1759429801	34.23757010289937	13.77	75.38	20.46757010289937
APS36103	2025-10-02T18:40:01Z	1759430401	34.23757010289937	13.79	75.4	20.44757010289937
APS36103	2025-10-02T18:50:01Z	1759431001	35.238837222727334	13.785	75.49	21.453837222727334
APS36103	2025-10-02T19:00:01Z	1759431601	35.238837222727334	13.775	75.56	21.463837222727335
APS36103	2025-10-02T19:10:01Z	1759432201	34.23757010289937	13.775	75.49	20.46257010289937
APS36103	2025-10-02T19:20:01Z	1759432801	34.23757010289937	13.785	75.56	20.45257010289937
APS36103	2025-10-02T19:30:01Z	1759433401	33.736936542985376	13.79	75.33	19.946936542985377
APS36103	2025-10-02T19:40:01Z	1759434001	34.23757010289937	13.805	75.29	20.43257010289937
APS36103	2025-10-02T19:50:01Z	1759434601	33.736936542985376	13.8	75.26	19.936936542985375
APS36103	2025-10-02T20:00:01Z	1759435201	32.73566942315741	13.76	75.37	18.975669423157413
APS36103	2025-10-02T20:10:01Z	1759435801	33.23630298307139	13.75	75.73	19.48630298307139
APS36103	2025-10-02T20:20:01Z	1759436401	33.23630298307139	13.735	75.79	19.50130298307139
APS36103	2025-10-02T20:30:01Z	1759437001	33.23630298307139	13.745000000000001	75.77	19.49130298307139
APS36103	2025-10-02T20:40:01Z	1759437601	34.73820366281335	13.77	75.71	20.968203662813348
APS36103	2025-10-02T20:50:01Z	1759438201	34.73820366281335	13.780000000000001	75.7	20.958203662813347
APS36103	2025-10-02T21:00:01Z	1759438801	34.23757010289937	13.805	75.16	20.43257010289937
APS36103	2025-10-02T21:10:01Z	1759439401	33.23630298307139	13.775	75.46	19.46130298307139
APS36103	2025-10-02T21:20:01Z	1759440001	33.23630298307139	13.76	75.44	19.476302983071392
APS36103	2025-10-02T21:30:01Z	1759440601	34.23757010289937	13.75	75.56	20.48757010289937
APS36103	2025-10-02T21:40:01Z	1759441201	34.23757010289937	13.75	75.68	20.48757010289937
APS36103	2025-10-02T21:50:01Z	1759441801	32.73566942315741	13.75	75.65	18.98566942315741
APS36103	2025-10-02T22:00:01Z	1759442401	32.23503586324342	13.775	75.62	18.46003586324342
APS36103	2025-10-02T22:10:01Z	1759443001	32.73566942315741	13.739999999999998	75.75	18.995669423157413
APS36103	2025-10-02T22:20:01Z	1759443601	32.23503586324342	13.739999999999998	75.94	18.49503586324342
APS36103	2025-10-02T22:30:01Z	1759444201	32.73566942315741	13.75	75.82	18.98566942315741
APS36103	2025-10-02T22:40:01Z	1759444801	32.73566942315741	13.75	75.9	18.98566942315741
APS36103	2025-10-02T22:50:01Z	1759445401	32.73566942315741	13.755	75.78	18.98066942315741
APS36103	2025-10-02T23:00:01Z	1759446001	32.23503586324342	13.735	75.87	18.50003586324342
APS36103	2025-10-02T23:10:01Z	1759446601	32.23503586324342	13.75	75.82	18.485035863243418
APS36103	2025-10-02T23:20:01Z	1759447201	31.734402303329436	13.775	75.79	17.959402303329433
APS36103	2025-10-02T23:30:01Z	1759447801	31.233768743415453	13.775	75.8	17.458768743415455
APS36103	2025-10-02T23:40:01Z	1759448401	31.233768743415453	13.745000000000001	75.78	17.488768743415452
APS36103	2025-10-02T23:50:01Z	1759449001	30.733135183501464	13.785	75.72	16.948135183501464
APS36103	2025-10-03T00:00:01Z	1759449601	30.733135183501464	13.785	75.62	16.948135183501464
APS36103	2025-10-03T00:10:01Z	1759450201	30.232501623587478	13.754999999999999	75.57	16.47750162358748
APS36103	2025-10-03T00:20:01Z	1759450801	30.232501623587478	13.775	75.48	16.457501623587476
APS36103	2025-10-03T00:30:01Z	1759451401	29.731868063673492	13.785	75.45	15.946868063673492
APS36103	2025-10-03T00:40:01Z	1759452001	29.731868063673492	13.775	75.38	15.956868063673491
APS36103	2025-10-03T00:50:01Z	1759452601	29.231234503759506	13.809999999999999	75.29	15.421234503759507
APS36103	2025-10-03T01:00:01Z	1759453201	28.73060094384552	13.7925	75.11	14.93810094384552
APS36103	2025-10-03T01:10:01Z	1759453801	28.73060094384552	13.77125	75.2625	14.95935094384552
APS36103	2025-10-03T01:20:01Z	1759454401	28.229967383931534	13.739999999999998	75.3775	14.489967383931535
APS36103	2025-10-03T01:30:01Z	1759455001	27.72933382401755	13.752500000000001	75.3925	13.97683382401755
APS36103	2025-10-03T01:40:01Z	1759455601	27.72933382401755	13.7675	75.2525	13.961833824017551
APS36103	2025-10-03T01:50:01Z	1759456201	27.228700264103562	13.7625	75.1675	13.466200264103563
APS36103	2025-10-03T02:00:01Z	1759456801	27.228700264103562	13.754999999999999	75.1675	13.473700264103563
APS36103	2025-10-03T02:10:01Z	1759457401	26.728066704189576	13.7625	75.1425	12.965566704189577
APS36103	2025-10-03T02:20:01Z	1759458001	26.728066704189576	13.754999999999999	74.885	12.973066704189577
APS36103	2025-10-03T02:30:01Z	1759458601	26.728066704189576	13.76	74.85	12.968066704189576
APS36103	2025-10-03T02:40:01Z	1759459201	26.227433144275594	13.7625	74.8325	12.464933144275594
APS36103	2025-10-03T02:50:01Z	1759459801	25.726799584361604	13.752500000000001	75.11	11.974299584361603
APS36103	2025-10-03T03:00:01Z	1759460401	25.726799584361604	13.7425	75.2725	11.984299584361604
APS36103	2025-10-03T03:10:01Z	1759461001	25.726799584361604	13.76625	75.4675	11.960549584361605
APS36103	2025-10-03T03:20:01Z	1759461601	25.726799584361604	13.7275	75.52	11.999299584361605
APS36103	2025-10-03T03:30:01Z	1759462201	25.726799584361604	13.723749999999999	75.6125	12.003049584361605
APS36103	2025-10-03T03:40:01Z	1759462801	25.22616602444762	13.7325	75.62	11.493666024447618
APS36103	2025-10-03T03:50:01Z	1759463401	25.22616602444762	13.760000000000002	75.625	11.466166024447617
APS36103	2025-10-03T04:00:01Z	1759464001	25.22616602444762	13.72125	75.73	11.504916024447619
APS36103	2025-10-03T04:10:01Z	1759464601	24.725532464533636	13.75	75.705	10.975532464533636
APS36103	2025-10-03T04:20:01Z	1759465201	24.725532464533636	13.7575	75.7675	10.968032464533636
APS36103	2025-10-03T04:30:01Z	1759465801	24.725532464533636	13.72625	75.7975	10.999282464533636
APS36103	2025-10-03T04:40:01Z	1759466401	24.725532464533636	13.71875	75.9475	11.006782464533636
APS36103	2025-10-03T04:50:01Z	1759467001	24.725532464533636	13.739999999999998	75.8925	10.985532464533637
APS36103	2025-10-03T05:00:01Z	1759467601	24.725532464533636	13.7275	75.8625	10.998032464533637
APS36103	2025-10-03T05:10:01Z	1759468201	24.224898904619646	13.7625	75.8675	10.462398904619647
APS36103	2025-10-03T05:20:01Z	1759468801	24.224898904619646	13.7625	75.865	10.462398904619647
APS36103	2025-10-03T05:30:01Z	1759469401	24.224898904619646	13.7675	75.92	10.457398904619646
APS36103	2025-10-03T05:40:01Z	1759470001	24.224898904619646	13.7625	75.91	10.462398904619647
APS36103	2025-10-03T05:50:01Z	1759470601	24.224898904619646	13.78125	75.935	10.443648904619646
APS36103	2025-10-03T06:00:01Z	1759471201	24.224898904619646	13.760000000000002	75.86	10.464898904619645
APS36103	2025-10-03T06:10:01Z	1759471801	24.224898904619646	13.75	75.9625	10.474898904619646
APS36103	2025-10-03T06:20:01Z	1759472401	24.224898904619646	13.7675	75.9025	10.457398904619646
APS36103	2025-10-03T06:30:01Z	1759473001	24.224898904619646	13.77875	75.8675	10.446148904619646
APS36103	2025-10-03T06:40:01Z	1759473601	24.725532464533636	13.7475	75.7575	10.978032464533635
APS36103	2025-10-03T06:50:01Z	1759474201	24.224898904619646	13.75	75.08	10.474898904619646
APS36103	2025-10-03T07:00:01Z	1759474801	24.725532464533636	13.75	74.3625	10.975532464533636
APS36103	2025-10-03T07:10:01Z	1759475401	24.725532464533636	13.752500000000001	73.84	10.973032464533635
APS36103	2025-10-03T07:20:01Z	1759476001	24.725532464533636	13.7575	73.5425	10.968032464533636
APS36103	2025-10-03T07:30:01Z	1759476601	24.725532464533636	13.728750000000002	73.2125	10.996782464533634
APS36103	2025-10-03T07:40:01Z	1759477201	24.725532464533636	13.763750000000002	72.9475	10.961782464533634
APS36103	2025-10-03T07:50:01Z	1759477801	24.725532464533636	13.755	72.835	10.970532464533635
APS36103	2025-10-03T08:00:01Z	1759478401	24.725532464533636	13.78125	72.7375	10.944282464533636
APS36103	2025-10-03T08:10:01Z	1759479001	24.725532464533636	13.76875	72.845	10.956782464533635
APS36103	2025-10-03T08:20:01Z	1759479601	25.22616602444762	13.76625	72.79	11.459916024447619
APS36103	2025-10-03T08:30:01Z	1759480201	25.22616602444762	13.763750000000002	72.995	11.462416024447617
APS36103	2025-10-03T08:40:01Z	1759480801	25.22616602444762	13.75	73.155	11.476166024447618
APS36103	2025-10-03T08:50:01Z	1759481401	25.22616602444762	13.78875	73.6875	11.437416024447618
APS36103	2025-10-03T09:00:01Z	1759482001	25.22616602444762	13.79625	74.2575	11.429916024447618
APS36103	2025-10-03T09:10:01Z	1759482601	25.22616602444762	13.787500000000001	74.7325	11.438666024447617
APS36103	2025-10-03T09:20:01Z	1759483201	26.227433144275594	13.77125	75.175	12.456183144275593
APS36103	2025-10-03T09:30:01Z	1759483801	27.228700264103562	13.79375	75.5175	13.434950264103563
APS36103	2025-10-03T09:40:01Z	1759484401	28.229967383931534	13.77375	75.965	14.456217383931534
APS36103	2025-10-03T09:50:01Z	1759485001	28.73060094384552	13.78875	76.1975	14.94185094384552
APS36103	2025-10-03T10:00:01Z	1759485601	29.231234503759506	13.805	76.585	15.426234503759506
APS36103	2025-10-03T10:10:01Z	1759486201	29.231234503759506	13.79375	76.83	15.437484503759507
APS36103	2025-10-03T10:20:01Z	1759486801	29.731868063673492	13.763750000000002	76.8975	15.96811806367349
APS36103	2025-10-03T10:30:01Z	1759487401	30.733135183501464	13.755	77.155	16.978135183501465
APS36103	2025-10-03T10:40:01Z	1759488001	30.733135183501464	13.75625	77.33	16.976885183501466
APS36103	2025-10-03T10:50:01Z	1759488601	31.233768743415453	13.776250000000001	77.2675	17.457518743415452
APS36103	2025-10-03T11:00:01Z	1759489201	31.233768743415453	13.79375	77.6475	17.440018743415454
APS36103	2025-10-03T11:10:01Z	1759489801	31.233768743415453	13.79375	78.115	17.440018743415454
APS36103	2025-10-03T11:20:01Z	1759490401	31.233768743415453	13.776250000000001	78.225	17.457518743415452
APS36103	2025-10-03T11:30:01Z	1759491001	31.233768743415453	13.776250000000001	78.805	17.457518743415452
APS36103	2025-10-03T11:40:01Z	1759491601	31.734402303329436	13.8	79.1025	17.934402303329435
APS36103	2025-10-03T11:50:01Z	1759492201	31.233768743415453	13.76625	79.4825	17.467518743415454
APS36103	2025-10-03T12:00:01Z	1759492801	31.233768743415453	13.763750000000002	79.89	17.47001874341545
APS36103	2025-10-03T12:10:01Z	1759493401	30.733135183501464	13.77375	80.0225	16.959385183501464
APS36103	2025-10-03T12:20:01Z	1759494001	30.733135183501464	13.763750000000002	80.26	16.969385183501462
APS36103	2025-10-03T12:30:01Z	1759494601	30.733135183501464	13.76125	80.2375	16.971885183501463
APS36103	2025-10-03T12:40:01Z	1759495201	30.733135183501464	13.75375	80.195	16.979385183501464
APS36103	2025-10-03T12:50:01Z	1759495801	30.232501623587478	13.75625	80.2875	16.47625162358748
APS36103	2025-10-03T13:00:01Z	1759496401	29.731868063673492	13.776250000000001	80.455	15.95561806367349
APS36103	2025-10-03T13:10:01Z	1759497001	29.231234503759506	13.815	80.415	15.416234503759506
APS36108	2025-10-02T15:20:01Z	1759418401	32.992085889570554	13.8975	73.4825	19.094585889570553
APS36108	2025-10-02T15:30:01Z	1759419001	32.992085889570554	13.818750000000001	74.2775	19.173335889570552
APS36108	2025-10-02T15:40:01Z	1759419601	32.992085889570554	13.795	74.6725	19.197085889570552
APS36108	2025-10-02T15:50:01Z	1759420201	32.992085889570554	13.787500000000001	74.67	19.204585889570552
APS36108	2025-10-02T16:00:01Z	1759420801	32.992085889570554	13.8125	74.7925	19.179585889570554
APS36108	2025-10-02T16:10:01Z	1759421401	32.992085889570554	13.81625	74.87	19.175835889570553
APS36108	2025-10-02T16:20:01Z	1759422001	32.49484662576687	13.80625	74.9325	18.68859662576687
APS36108	2025-10-02T16:30:01Z	1759422601	32.49484662576687	13.81625	75.1175	18.67859662576687
APS36108	2025-10-02T16:40:01Z	1759423201	32.49484662576687	13.864999999999998	75.03	18.62984662576687
APS36108	2025-10-02T16:50:01Z	1759423801	32.49484662576687	13.795	74.98	18.699846625766867
APS36108	2025-10-02T17:00:01Z	1759424401	31.997607361963194	13.79	74.98	18.207607361963195
APS36108	2025-10-02T17:10:01Z	1759425001	31.500368098159512	13.8	74.95	17.70036809815951
APS36108	2025-10-02T17:20:01Z	1759425601	31.997607361963194	13.83	75.09	18.167607361963192
APS36108	2025-10-02T17:30:01Z	1759426201	31.500368098159512	13.83	75.03	17.670368098159514
APS36108	2025-10-02T17:40:01Z	1759426801	31.997607361963194	13.83	74.8	18.167607361963192
APS36108	2025-10-02T17:50:01Z	1759427401	31.997607361963194	13.795000000000002	74.84	18.202607361963192
APS36108	2025-10-02T18:00:01Z	1759428001	31.997607361963194	13.795000000000002	74.93	18.202607361963192
APS36108	2025-10-02T18:10:01Z	1759428601	32.992085889570554	13.8	75.26	19.192085889570553
APS36108	2025-10-02T18:20:01Z	1759429201	32.49484662576687	13.774999999999999	75.22	18.71984662576687
APS36108	2025-10-02T18:30:01Z	1759429801	32.49484662576687	13.77	75.38	18.72484662576687
APS36108	2025-10-02T18:40:01Z	1759430401	32.49484662576687	13.79	75.4	18.70484662576687
APS36108	2025-10-02T18:50:01Z	1759431001	32.49484662576687	13.785	75.49	18.70984662576687
APS36108	2025-10-02T19:00:01Z	1759431601	32.49484662576687	13.775	75.56	18.71984662576687
APS36108	2025-10-02T19:10:01Z	1759432201	32.49484662576687	13.775	75.49	18.71984662576687
APS36108	2025-10-02T19:20:01Z	1759432801	32.49484662576687	13.785	75.56	18.70984662576687
APS36108	2025-10-02T19:30:01Z	1759433401	32.49484662576687	13.79	75.33	18.70484662576687
APS36108	2025-10-02T19:40:01Z	1759434001	32.49484662576687	13.805	75.29	18.68984662576687
APS36108	2025-10-02T19:50:01Z	1759434601	32.49484662576687	13.8	75.26	18.694846625766868
APS36108	2025-10-02T20:00:01Z	1759435201	32.992085889570554	13.76	75.37	19.232085889570556
APS36108	2025-10-02T20:10:01Z	1759435801	32.49484662576687	13.75	75.73	18.74484662576687
APS36108	2025-10-02T20:20:01Z	1759436401	32.992085889570554	13.735	75.79	19.257085889570554
APS36108	2025-10-02T20:30:01Z	1759437001	32.992085889570554	13.745000000000001	75.77	19.247085889570553
APS36108	2025-10-02T20:40:01Z	1759437601	32.992085889570554	13.77	75.71	19.222085889570554
APS36108	2025-10-02T20:50:01Z	1759438201	32.992085889570554	13.780000000000001	75.7	19.212085889570552
APS36108	2025-10-02T21:00:01Z	1759438801	32.49484662576687	13.805	75.16	18.68984662576687
APS36108	2025-10-02T21:10:01Z	1759439401	32.992085889570554	13.775	75.46	19.217085889570555
APS36108	2025-10-02T21:20:01Z	1759440001	32.992085889570554	13.76	75.44	19.232085889570556
APS36108	2025-10-02T21:30:01Z	1759440601	32.992085889570554	13.75	75.56	19.242085889570554
APS36108	2025-10-02T21:40:01Z	1759441201	32.992085889570554	13.75	75.68	19.242085889570554
APS36108	2025-10-02T21:50:01Z	1759441801	32.992085889570554	13.75	75.65	19.242085889570554
APS36108	2025-10-02T22:00:01Z	1759442401	34.483803680981595	13.775	75.62	20.708803680981596
APS36108	2025-10-02T22:10:01Z	1759443001	33.98656441717792	13.739999999999998	75.75	20.246564417177918
APS36108	2025-10-02T22:20:01Z	1759443601	33.48932515337423	13.739999999999998	75.94	19.749325153374233
APS36108	2025-10-02T22:30:01Z	1759444201	33.48932515337423	13.75	75.82	19.73932515337423
APS36108	2025-10-02T22:40:01Z	1759444801	32.992085889570554	13.75	75.9	19.242085889570554
APS36108	2025-10-02T22:50:01Z	1759445401	32.992085889570554	13.755	75.78	19.23708588957055
APS36108	2025-10-02T23:00:01Z	1759446001	34.483803680981595	13.735	75.87	20.748803680981595
APS36108	2025-10-02T23:10:01Z	1759446601	33.98656441717792	13.75	75.82	20.236564417177917
APS36108	2025-10-02T23:20:01Z	1759447201	33.48932515337423	13.775	75.79	19.714325153374233
APS36108	2025-10-02T23:30:01Z	1759447801	31.500368098159512	13.775	75.8	17.725368098159514
APS36108	2025-10-02T23:40:01Z	1759448401	30.008650306748468	13.745000000000001	75.78	16.263650306748467
APS36108	2025-10-02T23:50:01Z	1759449001	28.516932515337427	13.785	75.72	14.731932515337427
APS36108	2025-10-03T00:00:01Z	1759449601	27.025214723926386	13.785	75.62	13.240214723926385
APS36108	2025-10-03T00:10:01Z	1759450201	26.03073619631902	13.754999999999999	75.57	12.27573619631902
APS36108	2025-10-03T00:20:01Z	1759450801	25.53349693251534	13.775	75.48	11.75849693251534
APS36108	2025-10-03T00:30:01Z	1759451401	24.539018404907978	13.785	75.45	10.754018404907978
APS36108	2025-10-03T00:40:01Z	1759452001	24.0417791411043	13.775	75.38	10.2667791411043
APS36108	2025-10-03T00:50:01Z	1759452601	23.544539877300615	13.809999999999999	75.29	9.734539877300616
APS36108	2025-10-03T01:00:01Z	1759453201	23.544539877300615	13.7925	75.11	9.752039877300614
APS36108	2025-10-03T01:10:01Z	1759453801	23.047300613496933	13.77125	75.2625	9.276050613496933
APS36108	2025-10-03T01:20:01Z	1759454401	23.047300613496933	13.739999999999998	75.3775	9.307300613496935
APS36108	2025-10-03T01:30:01Z	1759455001	23.047300613496933	13.752500000000001	75.3925	9.294800613496932
APS36108	2025-10-03T01:40:01Z	1759455601	22.55006134969325	13.7675	75.2525	8.782561349693252
APS36108	2025-10-03T01:50:01Z	1759456201	22.55006134969325	13.7625	75.1675	8.787561349693252
APS36108	2025-10-03T02:00:01Z	1759456801	22.55006134969325	13.754999999999999	75.1675	8.795061349693253
APS36108	2025-10-03T02:10:01Z	1759457401	22.55006134969325	13.7625	75.1425	8.787561349693252
APS36108	2025-10-03T02:20:01Z	1759458001	22.55006134969325	13.754999999999999	74.885	8.795061349693253
APS36108	2025-10-03T02:30:01Z	1759458601	22.55006134969325	13.76	74.85	8.790061349693252
APS36108	2025-10-03T02:40:01Z	1759459201	22.55006134969325	13.7625	74.8325	8.787561349693252
APS36108	2025-10-03T02:50:01Z	1759459801	22.55006134969325	13.752500000000001	75.11	8.79756134969325
APS36108	2025-10-03T03:00:01Z	1759460401	22.55006134969325	13.7425	75.2725	8.807561349693252
APS36108	2025-10-03T03:10:01Z	1759461001	22.55006134969325	13.76625	75.4675	8.783811349693252
APS36108	2025-10-03T03:20:01Z	1759461601	22.55006134969325	13.7275	75.52	8.822561349693252
APS36108	2025-10-03T03:30:01Z	1759462201	22.55006134969325	13.723749999999999	75.6125	8.826311349693253
APS36108	2025-10-03T03:40:01Z	1759462801	22.55006134969325	13.7325	75.62	8.817561349693252
APS36108	2025-10-03T03:50:01Z	1759463401	22.052822085889574	13.760000000000002	75.625	8.292822085889572
APS36108	2025-10-03T04:00:01Z	1759464001	22.052822085889574	13.72125	75.73	8.331572085889574
APS36108	2025-10-03T04:10:01Z	1759464601	22.052822085889574	13.75	75.705	8.302822085889574
APS36108	2025-10-03T04:20:01Z	1759465201	22.052822085889574	13.7575	75.7675	8.295322085889573
APS36108	2025-10-03T04:30:01Z	1759465801	22.052822085889574	13.72625	75.7975	8.326572085889573
APS36108	2025-10-03T04:40:01Z	1759466401	22.052822085889574	13.71875	75.9475	8.334072085889574
APS36108	2025-10-03T04:50:01Z	1759467001	22.052822085889574	13.739999999999998	75.8925	8.312822085889575
APS36108	2025-10-03T05:00:01Z	1759467601	22.052822085889574	13.7275	75.8625	8.325322085889574
APS36108	2025-10-03T05:10:01Z	1759468201	22.052822085889574	13.7625	75.8675	8.290322085889574
APS36108	2025-10-03T05:20:01Z	1759468801	22.55006134969325	13.7625	75.865	8.787561349693252
APS36108	2025-10-03T05:30:01Z	1759469401	26.5279754601227	13.7675	75.92	12.7604754601227
APS36108	2025-10-03T05:40:01Z	1759470001	31.997607361963194	13.7625	75.91	18.235107361963195
APS36108	2025-10-03T05:50:01Z	1759470601	33.48932515337423	13.78125	75.935	19.70807515337423
APS36108	2025-10-03T06:00:01Z	1759471201	33.98656441717792	13.760000000000002	75.86	20.226564417177915
APS36108	2025-10-03T06:10:01Z	1759471801	33.98656441717792	13.75	75.9625	20.236564417177917
APS36108	2025-10-03T06:20:01Z	1759472401	33.98656441717792	13.7675	75.9025	20.21906441717792
APS36108	2025-10-03T06:30:01Z	1759473001	34.483803680981595	13.77875	75.8675	20.705053680981592
APS36108	2025-10-03T06:40:01Z	1759473601	34.483803680981595	13.7475	75.7575	20.736303680981592
APS36108	2025-10-03T06:50:01Z	1759474201	34.483803680981595	13.75	75.08	20.733803680981595
APS36108	2025-10-03T07:00:01Z	1759474801	34.483803680981595	13.75	74.3625	20.733803680981595
APS36108	2025-10-03T07:10:01Z	1759475401	33.98656441717792	13.752500000000001	73.84	20.234064417177915
APS36108	2025-10-03T07:20:01Z	1759476001	33.98656441717792	13.7575	73.5425	20.229064417177916
APS36108	2025-10-03T07:30:01Z	1759476601	33.98656441717792	13.728750000000002	73.2125	20.257814417177915
APS36108	2025-10-03T07:40:01Z	1759477201	33.98656441717792	13.763750000000002	72.9475	20.222814417177915
APS36108	2025-10-03T07:50:01Z	1759477801	33.98656441717792	13.755	72.835	20.231564417177914
APS36108	2025-10-03T08:00:01Z	1759478401	32.992085889570554	13.78125	72.7375	19.210835889570554
APS36108	2025-10-03T08:10:01Z	1759479001	33.48932515337423	13.76875	72.845	19.72057515337423
APS36108	2025-10-03T08:20:01Z	1759479601	33.48932515337423	13.76625	72.79	19.723075153374232
APS36108	2025-10-03T08:30:01Z	1759480201	33.48932515337423	13.763750000000002	72.995	19.72557515337423
APS36108	2025-10-03T08:40:01Z	1759480801	33.48932515337423	13.75	73.155	19.73932515337423
APS36108	2025-10-03T08:50:01Z	1759481401	33.48932515337423	13.78875	73.6875	19.70057515337423
APS36108	2025-10-03T09:00:01Z	1759482001	32.992085889570554	13.79625	74.2575	19.195835889570553
APS36108	2025-10-03T09:10:01Z	1759482601	31.00312883435583	13.787500000000001	74.7325	17.21562883435583
APS36108	2025-10-03T09:20:01Z	1759483201	29.014171779141105	13.77125	75.175	15.242921779141104
APS36108	2025-10-03T09:30:01Z	1759483801	27.522453987730064	13.79375	75.5175	13.728703987730064
APS36108	2025-10-03T09:40:01Z	1759484401	26.03073619631902	13.77375	75.965	12.25698619631902
APS36108	2025-10-03T09:50:01Z	1759485001	25.03625766871166	13.78875	76.1975	11.247507668711659
APS36108	2025-10-03T10:00:01Z	1759485601	24.539018404907978	13.805	76.585	10.734018404907978
APS36108	2025-10-03T10:10:01Z	1759486201	24.0417791411043	13.79375	76.83	10.2480291411043
APS36108	2025-10-03T10:20:01Z	1759486801	24.539018404907978	13.763750000000002	76.8975	10.775268404907976
APS36108	2025-10-03T10:30:01Z	1759487401	26.5279754601227	13.755	77.155	12.7729754601227
APS36108	2025-10-03T10:40:01Z	1759488001	31.00312883435583	13.75625	77.33	17.246878834355833
APS36108	2025-10-03T10:50:01Z	1759488601	32.49484662576687	13.776250000000001	77.2675	18.718596625766867
APS36108	2025-10-03T11:00:01Z	1759489201	32.992085889570554	13.79375	77.6475	19.198335889570554
APS36108	2025-10-03T11:10:01Z	1759489801	32.992085889570554	13.79375	78.115	19.198335889570554
APS36108	2025-10-03T11:20:01Z	1759490401	33.48932515337423	13.776250000000001	78.225	19.71307515337423
APS36108	2025-10-03T11:30:01Z	1759491001	33.48932515337423	13.776250000000001	78.805	19.71307515337423
APS36108	2025-10-03T11:40:01Z	1759491601	32.992085889570554	13.8	79.1025	19.192085889570553
APS36108	2025-10-03T11:50:01Z	1759492201	33.48932515337423	13.76625	79.4825	19.723075153374232
APS36108	2025-10-03T12:00:01Z	1759492801	33.98656441717792	13.763750000000002	79.89	20.222814417177915
APS36108	2025-10-03T12:10:01Z	1759493401	33.48932515337423	13.77375	80.0225	19.715575153374232
APS36108	2025-10-03T12:20:01Z	1759494001	32.49484662576687	13.763750000000002	80.26	18.731096625766867
APS36108	2025-10-03T12:30:01Z	1759494601	32.992085889570554	13.76125	80.2375	19.230835889570553
APS36108	2025-10-03T12:40:01Z	1759495201	32.992085889570554	13.75375	80.195	19.238335889570553
APS36108	2025-10-03T12:50:01Z	1759495801	31.00312883435583	13.75625	80.2875	17.246878834355833
APS36108	2025-10-03T13:00:01Z	1759496401	28.516932515337427	13.776250000000001	80.455	14.740682515337426
APS36108	2025-10-03T13:10:01Z	1759497001	27.025214723926386	13.815	80.415	13.210214723926386
APS60074	2025-10-02T15:20:01Z	1759418401	27.992153846153847	13.8975	73.4825	14.094653846153847
APS60074	2025-10-02T15:30:01Z	1759419001	27.992153846153847	13.818750000000001	74.2775	14.173403846153846
APS60074	2025-10-02T15:40:01Z	1759419601	27.992153846153847	13.795	74.6725	14.197153846153848
APS60074	2025-10-02T15:50:01Z	1759420201	31.483538461538462	13.787500000000001	74.67	17.69603846153846
APS60074	2025-10-02T16:00:01Z	1759420801	30.98476923076923	13.8125	74.7925	17.17226923076923
APS60074	2025-10-02T16:10:01Z	1759421401	32.48107692307692	13.81625	74.87	18.66482692307692
APS60074	2025-10-02T16:20:01Z	1759422001	30.486000000000004	13.80625	74.9325	16.679750000000006
APS60074	2025-10-02T16:30:01Z	1759422601	30.98476923076923	13.81625	75.1175	17.16851923076923
APS60074	2025-10-02T16:40:01Z	1759423201	29.98723076923077	13.864999999999998	75.03	16.12223076923077
APS60074	2025-10-02T16:50:01Z	1759423801	29.48846153846154	13.795	74.98	15.69346153846154
APS60074	2025-10-02T17:00:01Z	1759424401	28.490923076923078	13.79	74.98	14.700923076923079
APS60074	2025-10-02T17:10:01Z	1759425001	31.982307692307696	13.8	74.95	18.182307692307695
APS60074	2025-10-02T17:20:01Z	1759425601	33.47861538461539	13.83	75.09	19.64861538461539
APS60074	2025-10-02T17:30:01Z	1759426201	32.48107692307692	13.83	75.03	18.65107692307692
APS60074	2025-10-02T17:40:01Z	1759426801	33.47861538461539	13.83	74.8	19.64861538461539
APS60074	2025-10-02T17:50:01Z	1759427401	31.982307692307696	13.795000000000002	74.84	18.187307692307694
APS60074	2025-10-02T18:00:01Z	1759428001	30.98476923076923	13.795000000000002	74.93	17.18976923076923
APS60074	2025-10-02T18:10:01Z	1759428601	30.98476923076923	13.8	75.26	17.18476923076923
APS60074	2025-10-02T18:20:01Z	1759429201	31.483538461538462	13.774999999999999	75.22	17.708538461538463
APS60074	2025-10-02T18:30:01Z	1759429801	30.98476923076923	13.77	75.38	17.21476923076923
APS60074	2025-10-02T18:40:01Z	1759430401	31.982307692307696	13.79	75.4	18.192307692307697
APS60074	2025-10-02T18:50:01Z	1759431001	32.48107692307692	13.785	75.49	18.69607692307692
APS60074	2025-10-02T19:00:01Z	1759431601	30.98476923076923	13.775	75.56	17.209769230769233
APS60074	2025-10-02T19:10:01Z	1759432201	30.486000000000004	13.775	75.49	16.711000000000006
APS60074	2025-10-02T19:20:01Z	1759432801	30.98476923076923	13.785	75.56	17.19976923076923
APS60074	2025-10-02T19:30:01Z	1759433401	29.98723076923077	13.79	75.33	16.19723076923077
APS60074	2025-10-02T19:40:01Z	1759434001	28.989692307692312	13.805	75.29	15.184692307692313
APS60074	2025-10-02T19:50:01Z	1759434601	28.490923076923078	13.8	75.26	14.690923076923077
APS60074	2025-10-02T20:00:01Z	1759435201	27.992153846153847	13.76	75.37	14.232153846153848
APS60074	2025-10-02T20:10:01Z	1759435801	28.490923076923078	13.75	75.73	14.740923076923078
APS60074	2025-10-02T20:20:01Z	1759436401	29.98723076923077	13.735	75.79	16.25223076923077
APS60074	2025-10-02T20:30:01Z	1759437001	30.98476923076923	13.745000000000001	75.77	17.23976923076923
APS60074	2025-10-02T20:40:01Z	1759437601	31.483538461538462	13.77	75.71	17.713538461538462
APS60074	2025-10-02T20:50:01Z	1759438201	29.48846153846154	13.780000000000001	75.7	15.708461538461538
APS60074	2025-10-02T21:00:01Z	1759438801	30.98476923076923	13.805	75.16	17.17976923076923
APS60074	2025-10-02T21:10:01Z	1759439401	33.47861538461539	13.775	75.46	19.70361538461539
APS60074	2025-10-02T21:20:01Z	1759440001	32.979846153846154	13.76	75.44	19.219846153846156
APS60074	2025-10-02T21:30:01Z	1759440601	32.979846153846154	13.75	75.56	19.229846153846154
APS60074	2025-10-02T21:40:01Z	1759441201	31.982307692307696	13.75	75.68	18.232307692307696
APS60074	2025-10-02T21:50:01Z	1759441801	31.982307692307696	13.75	75.65	18.232307692307696
APS60074	2025-10-02T22:00:01Z	1759442401	30.98476923076923	13.775	75.62	17.209769230769233
APS60074	2025-10-02T22:10:01Z	1759443001	31.982307692307696	13.739999999999998	75.75	18.242307692307698
APS60074	2025-10-02T22:20:01Z	1759443601	32.979846153846154	13.739999999999998	75.94	19.239846153846155
APS60074	2025-10-02T22:30:01Z	1759444201	32.979846153846154	13.75	75.82	19.229846153846154
APS60074	2025-10-02T22:40:01Z	1759444801	32.48107692307692	13.75	75.9	18.73107692307692
APS60074	2025-10-02T22:50:01Z	1759445401	32.48107692307692	13.755	75.78	18.726076923076917
APS60074	2025-10-02T23:00:01Z	1759446001	32.48107692307692	13.735	75.87	18.74607692307692
APS60074	2025-10-02T23:10:01Z	1759446601	32.48107692307692	13.75	75.82	18.73107692307692
APS60074	2025-10-02T23:20:01Z	1759447201	32.979846153846154	13.775	75.79	19.204846153846155
APS60074	2025-10-02T23:30:01Z	1759447801	32.979846153846154	13.775	75.8	19.204846153846155
APS60074	2025-10-02T23:40:01Z	1759448401	32.979846153846154	13.745000000000001	75.78	19.234846153846153
APS60074	2025-10-02T23:50:01Z	1759449001	31.982307692307696	13.785	75.72	18.197307692307696
APS60074	2025-10-03T00:00:01Z	1759449601	30.486000000000004	13.785	75.62	16.701000000000004
APS60074	2025-10-03T00:10:01Z	1759450201	29.98723076923077	13.754999999999999	75.57	16.23223076923077
APS60074	2025-10-03T00:20:01Z	1759450801	28.490923076923078	13.775	75.48	14.715923076923078
APS60074	2025-10-03T00:30:01Z	1759451401	27.992153846153847	13.785	75.45	14.207153846153847
APS60074	2025-10-03T00:40:01Z	1759452001	26.994615384615386	13.775	75.38	13.219615384615386
APS60074	2025-10-03T00:50:01Z	1759452601	26.495846153846156	13.809999999999999	75.29	12.685846153846157
APS60074	2025-10-03T01:00:01Z	1759453201	25.997076923076925	13.7925	75.11	12.204576923076925
APS60074	2025-10-03T01:10:01Z	1759453801	25.498307692307694	13.77125	75.2625	11.727057692307694
APS60074	2025-10-03T01:20:01Z	1759454401	25.498307692307694	13.739999999999998	75.3775	11.758307692307696
APS60074	2025-10-03T01:30:01Z	1759455001	24.999538461538464	13.752500000000001	75.3925	11.247038461538462
APS60074	2025-10-03T01:40:01Z	1759455601	24.500769230769233	13.7675	75.2525	10.733269230769233
APS60074	2025-10-03T01:50:01Z	1759456201	24.500769230769233	13.7625	75.1675	10.738269230769234
APS60074	2025-10-03T02:00:01Z	1759456801	24.002000000000002	13.754999999999999	75.1675	10.247000000000003
APS60074	2025-10-03T02:10:01Z	1759457401	24.002000000000002	13.7625	75.1425	10.239500000000003
APS60074	2025-10-03T02:20:01Z	1759458001	24.002000000000002	13.754999999999999	74.885	10.247000000000003
APS60074	2025-10-03T02:30:01Z	1759458601	23.503230769230772	13.76	74.85	9.743230769230772
APS60074	2025-10-03T02:40:01Z	1759459201	23.503230769230772	13.7625	74.8325	9.740730769230773
APS60074	2025-10-03T02:50:01Z	1759459801	23.503230769230772	13.752500000000001	75.11	9.75073076923077
APS60074	2025-10-03T03:00:01Z	1759460401	23.503230769230772	13.7425	75.2725	9.760730769230772
APS60074	2025-10-03T03:10:01Z	1759461001	23.503230769230772	13.76625	75.4675	9.736980769230772
APS60074	2025-10-03T03:20:01Z	1759461601	23.503230769230772	13.7275	75.52	9.775730769230773
APS60074	2025-10-03T03:30:01Z	1759462201	23.004461538461538	13.723749999999999	75.6125	9.280711538461539
APS60074	2025-10-03T03:40:01Z	1759462801	23.004461538461538	13.7325	75.62	9.271961538461538
APS60074	2025-10-03T03:50:01Z	1759463401	23.004461538461538	13.760000000000002	75.625	9.244461538461536
APS60074	2025-10-03T04:00:01Z	1759464001	23.004461538461538	13.72125	75.73	9.283211538461538
APS60074	2025-10-03T04:10:01Z	1759464601	23.004461538461538	13.75	75.705	9.254461538461538
APS60074	2025-10-03T04:20:01Z	1759465201	23.004461538461538	13.7575	75.7675	9.246961538461537
APS60074	2025-10-03T04:30:01Z	1759465801	23.004461538461538	13.72625	75.7975	9.278211538461537
APS60074	2025-10-03T04:40:01Z	1759466401	23.004461538461538	13.71875	75.9475	9.285711538461538
APS60074	2025-10-03T04:50:01Z	1759467001	23.004461538461538	13.739999999999998	75.8925	9.26446153846154
APS60074	2025-10-03T05:00:01Z	1759467601	23.004461538461538	13.7275	75.8625	9.276961538461538
APS60074	2025-10-03T05:10:01Z	1759468201	22.50569230769231	13.7625	75.8675	8.743192307692311
APS60074	2025-10-03T05:20:01Z	1759468801	22.50569230769231	13.7625	75.865	8.743192307692311
APS60074	2025-10-03T05:30:01Z	1759469401	22.50569230769231	13.7675	75.92	8.73819230769231
APS60074	2025-10-03T05:40:01Z	1759470001	22.50569230769231	13.7625	75.91	8.743192307692311
APS60074	2025-10-03T05:50:01Z	1759470601	22.50569230769231	13.78125	75.935	8.72444230769231
APS60074	2025-10-03T06:00:01Z	1759471201	22.50569230769231	13.760000000000002	75.86	8.745692307692309
APS60074	2025-10-03T06:10:01Z	1759471801	22.50569230769231	13.75	75.9625	8.75569230769231
APS60074	2025-10-03T06:20:01Z	1759472401	22.50569230769231	13.7675	75.9025	8.73819230769231
APS60074	2025-10-03T06:30:01Z	1759473001	22.50569230769231	13.77875	75.8675	8.72694230769231
APS60074	2025-10-03T06:40:01Z	1759473601	22.50569230769231	13.7475	75.7575	8.75819230769231
APS60074	2025-10-03T06:50:01Z	1759474201	22.50569230769231	13.75	75.08	8.75569230769231
APS60074	2025-10-03T07:00:01Z	1759474801	22.50569230769231	13.75	74.3625	8.75569230769231
APS60074	2025-10-03T07:10:01Z	1759475401	23.004461538461538	13.752500000000001	73.84	9.251961538461536
APS60074	2025-10-03T07:20:01Z	1759476001	23.004461538461538	13.7575	73.5425	9.246961538461537
APS60074	2025-10-03T07:30:01Z	1759476601	23.004461538461538	13.728750000000002	73.2125	9.275711538461536
APS60074	2025-10-03T07:40:01Z	1759477201	23.004461538461538	13.763750000000002	72.9475	9.240711538461536
APS60074	2025-10-03T07:50:01Z	1759477801	23.004461538461538	13.755	72.835	9.249461538461537
APS60074	2025-10-03T08:00:01Z	1759478401	23.004461538461538	13.78125	72.7375	9.223211538461538
APS60074	2025-10-03T08:10:01Z	1759479001	23.004461538461538	13.76875	72.845	9.235711538461537
APS60074	2025-10-03T08:20:01Z	1759479601	22.50569230769231	13.76625	72.79	8.739442307692311
APS60074	2025-10-03T08:30:01Z	1759480201	22.50569230769231	13.763750000000002	72.995	8.741942307692309
APS60074	2025-10-03T08:40:01Z	1759480801	22.50569230769231	13.75	73.155	8.75569230769231
APS60074	2025-10-03T08:50:01Z	1759481401	22.50569230769231	13.78875	73.6875	8.71694230769231
APS60074	2025-10-03T09:00:01Z	1759482001	22.50569230769231	13.79625	74.2575	8.70944230769231
APS60074	2025-10-03T09:10:01Z	1759482601	22.50569230769231	13.787500000000001	74.7325	8.71819230769231
APS60074	2025-10-03T09:20:01Z	1759483201	22.50569230769231	13.77125	75.175	8.73444230769231
APS60074	2025-10-03T09:30:01Z	1759483801	22.50569230769231	13.79375	75.5175	8.711942307692311
APS60074	2025-10-03T09:40:01Z	1759484401	22.50569230769231	13.77375	75.965	8.73194230769231
APS60074	2025-10-03T09:50:01Z	1759485001	22.50569230769231	13.78875	76.1975	8.71694230769231
APS60074	2025-10-03T10:00:01Z	1759485601	22.50569230769231	13.805	76.585	8.70069230769231
APS60074	2025-10-03T10:10:01Z	1759486201	22.50569230769231	13.79375	76.83	8.711942307692311
APS60074	2025-10-03T10:20:01Z	1759486801	27.992153846153847	13.763750000000002	76.8975	14.228403846153846
APS60074	2025-10-03T10:30:01Z	1759487401	32.48107692307692	13.755	77.155	18.726076923076917
APS60074	2025-10-03T10:40:01Z	1759488001	29.98723076923077	13.75625	77.33	16.23098076923077
APS60074	2025-10-03T10:50:01Z	1759488601	29.98723076923077	13.776250000000001	77.2675	16.21098076923077
APS60074	2025-10-03T11:00:01Z	1759489201	28.490923076923078	13.79375	77.6475	14.697173076923079
APS60074	2025-10-03T11:10:01Z	1759489801	29.98723076923077	13.79375	78.115	16.19348076923077
APS60074	2025-10-03T11:20:01Z	1759490401	32.979846153846154	13.776250000000001	78.225	19.203596153846153
APS60074	2025-10-03T11:30:01Z	1759491001	33.977384615384615	13.776250000000001	78.805	20.201134615384614
APS60074	2025-10-03T11:40:01Z	1759491601	33.47861538461539	13.8	79.1025	19.678615384615387
APS60074	2025-10-03T11:50:01Z	1759492201	33.47861538461539	13.76625	79.4825	19.71236538461539
APS60074	2025-10-03T12:00:01Z	1759492801	32.979846153846154	13.763750000000002	79.89	19.216096153846152
APS60074	2025-10-03T12:10:01Z	1759493401	33.977384615384615	13.77375	80.0225	20.203634615384615
APS60074	2025-10-03T12:20:01Z	1759494001	33.47861538461539	13.763750000000002	80.26	19.714865384615386
APS60074	2025-10-03T12:30:01Z	1759494601	32.979846153846154	13.76125	80.2375	19.218596153846153
APS60074	2025-10-03T12:40:01Z	1759495201	31.982307692307696	13.75375	80.195	18.228557692307696
APS60074	2025-10-03T12:50:01Z	1759495801	31.982307692307696	13.75625	80.2875	18.2260576923077
APS60074	2025-10-03T13:00:01Z	1759496401	32.48107692307692	13.776250000000001	80.455	18.70482692307692
APS60074	2025-10-03T13:10:01Z	1759497001	32.48107692307692	13.815	80.415	18.666076923076922
APS60132	2025-10-02T15:20:01Z	1759418401	28.940278637770902	13.8975	73.4825	15.042778637770901
APS60132	2025-10-02T15:30:01Z	1759419001	27.936563467492267	13.818750000000001	74.2775	14.117813467492265
APS60132	2025-10-02T15:40:01Z	1759419601	31.4495665634675	13.795	74.6725	17.654566563467498
APS60132	2025-10-02T15:50:01Z	1759420201	33.95885448916409	13.787500000000001	74.67	20.171354489164088
APS60132	2025-10-02T16:00:01Z	1759420801	34.46071207430341	13.8125	74.7925	20.64821207430341
APS60132	2025-10-02T16:10:01Z	1759421401	33.45699690402477	13.81625	74.87	19.64074690402477
APS60132	2025-10-02T16:20:01Z	1759422001	30.94770897832818	13.80625	74.9325	17.14145897832818
APS60132	2025-10-02T16:30:01Z	1759422601	32.45328173374613	13.81625	75.1175	18.63703173374613
APS60132	2025-10-02T16:40:01Z	1759423201	32.45328173374613	13.864999999999998	75.03	18.588281733746133
APS60132	2025-10-02T16:50:01Z	1759423801	33.95885448916409	13.795	74.98	20.163854489164088
APS60132	2025-10-02T17:00:01Z	1759424401	33.95885448916409	13.79	74.98	20.16885448916409
APS60132	2025-10-02T17:10:01Z	1759425001	34.46071207430341	13.8	74.95	20.660712074303408
APS60132	2025-10-02T17:20:01Z	1759425601	32.95513931888545	13.83	75.09	19.125139318885452
APS60132	2025-10-02T17:30:01Z	1759426201	32.45328173374613	13.83	75.03	18.623281733746133
APS60132	2025-10-02T17:40:01Z	1759426801	31.951424148606815	13.83	74.8	18.121424148606813
APS60132	2025-10-02T17:50:01Z	1759427401	31.951424148606815	13.795000000000002	74.84	18.156424148606813
APS60132	2025-10-02T18:00:01Z	1759428001	32.45328173374613	13.795000000000002	74.93	18.65828173374613
APS60132	2025-10-02T18:10:01Z	1759428601	30.94770897832818	13.8	75.26	17.14770897832818
APS60132	2025-10-02T18:20:01Z	1759429201	30.94770897832818	13.774999999999999	75.22	17.17270897832818
APS60132	2025-10-02T18:30:01Z	1759429801	34.46071207430341	13.77	75.38	20.69071207430341
APS60132	2025-10-02T18:40:01Z	1759430401	32.95513931888545	13.79	75.4	19.16513931888545
APS60132	2025-10-02T18:50:01Z	1759431001	32.45328173374613	13.785	75.49	18.66828173374613
APS60132	2025-10-02T19:00:01Z	1759431601	32.45328173374613	13.775	75.56	18.678281733746132
APS60132	2025-10-02T19:10:01Z	1759432201	32.45328173374613	13.775	75.49	18.678281733746132
APS60132	2025-10-02T19:20:01Z	1759432801	33.95885448916409	13.785	75.56	20.17385448916409
APS60132	2025-10-02T19:30:01Z	1759433401	32.95513931888545	13.79	75.33	19.16513931888545
APS60132	2025-10-02T19:40:01Z	1759434001	34.46071207430341	13.805	75.29	20.65571207430341
APS60132	2025-10-02T19:50:01Z	1759434601	32.45328173374613	13.8	75.26	18.65328173374613
APS60132	2025-10-02T20:00:01Z	1759435201	32.95513931888545	13.76	75.37	19.195139318885452
APS60132	2025-10-02T20:10:01Z	1759435801	32.95513931888545	13.75	75.73	19.20513931888545
APS60132	2025-10-02T20:20:01Z	1759436401	33.45699690402477	13.735	75.79	19.72199690402477
APS60132	2025-10-02T20:30:01Z	1759437001	32.45328173374613	13.745000000000001	75.77	18.70828173374613
APS60132	2025-10-02T20:40:01Z	1759437601	32.45328173374613	13.77	75.71	18.68328173374613
APS60132	2025-10-02T20:50:01Z	1759438201	31.951424148606815	13.780000000000001	75.7	18.171424148606814
APS60132	2025-10-02T21:00:01Z	1759438801	31.4495665634675	13.805	75.16	17.6445665634675
APS60132	2025-10-02T21:10:01Z	1759439401	31.951424148606815	13.775	75.46	18.176424148606813
APS60132	2025-10-02T21:20:01Z	1759440001	32.45328173374613	13.76	75.44	18.693281733746133
APS60132	2025-10-02T21:30:01Z	1759440601	31.951424148606815	13.75	75.56	18.201424148606815
APS60132	2025-10-02T21:40:01Z	1759441201	31.4495665634675	13.75	75.68	17.6995665634675
APS60132	2025-10-02T21:50:01Z	1759441801	31.951424148606815	13.75	75.65	18.201424148606815
APS60132	2025-10-02T22:00:01Z	1759442401	33.45699690402477	13.775	75.62	19.68199690402477
APS60132	2025-10-02T22:10:01Z	1759443001	33.95885448916409	13.739999999999998	75.75	20.21885448916409
APS60132	2025-10-02T22:20:01Z	1759443601	32.45328173374613	13.739999999999998	75.94	18.713281733746133
APS60132	2025-10-02T22:30:01Z	1759444201	31.4495665634675	13.75	75.82	17.6995665634675
APS60132	2025-10-02T22:40:01Z	1759444801	32.45328173374613	13.75	75.9	18.70328173374613
APS60132	2025-10-02T22:50:01Z	1759445401	32.95513931888545	13.755	75.78	19.200139318885448
APS60132	2025-10-02T23:00:01Z	1759446001	32.45328173374613	13.735	75.87	18.71828173374613
APS60132	2025-10-02T23:10:01Z	1759446601	33.45699690402477	13.75	75.82	19.70699690402477
APS60132	2025-10-02T23:20:01Z	1759447201	32.45328173374613	13.775	75.79	18.678281733746132
APS60132	2025-10-02T23:30:01Z	1759447801	32.45328173374613	13.775	75.8	18.678281733746132
APS60132	2025-10-02T23:40:01Z	1759448401	30.445851393188857	13.745000000000001	75.78	16.700851393188856
APS60132	2025-10-02T23:50:01Z	1759449001	29.94399380804954	13.785	75.72	16.15899380804954
APS60132	2025-10-03T00:00:01Z	1759449601	29.44213622291022	13.785	75.62	15.657136222910221
APS60132	2025-10-03T00:10:01Z	1759450201	29.94399380804954	13.754999999999999	75.57	16.188993808049542
APS60132	2025-10-03T00:20:01Z	1759450801	29.44213622291022	13.775	75.48	15.667136222910221
APS60132	2025-10-03T00:30:01Z	1759451401	27.936563467492267	13.785	75.45	14.151563467492267
APS60132	2025-10-03T00:40:01Z	1759452001	26.932848297213624	13.775	75.38	13.157848297213624
APS60132	2025-10-03T00:50:01Z	1759452601	26.43099071207431	13.809999999999999	75.29	12.62099071207431
APS60132	2025-10-03T01:00:01Z	1759453201	25.42727554179567	13.7925	75.11	11.634775541795669
APS60132	2025-10-03T01:10:01Z	1759453801	24.925417956656354	13.77125	75.2625	11.154167956656353
APS60132	2025-10-03T01:20:01Z	1759454401	24.42356037151703	13.739999999999998	75.3775	10.683560371517032
APS60132	2025-10-03T01:30:01Z	1759455001	23.92170278637771	13.752500000000001	75.3925	10.16920278637771
APS60132	2025-10-03T01:40:01Z	1759455601	23.92170278637771	13.7675	75.2525	10.154202786377711
APS60132	2025-10-03T01:50:01Z	1759456201	23.419845201238395	13.7625	75.1675	9.657345201238396
APS60132	2025-10-03T02:00:01Z	1759456801	23.419845201238395	13.754999999999999	75.1675	9.664845201238396
APS60132	2025-10-03T02:10:01Z	1759457401	23.419845201238395	13.7625	75.1425	9.657345201238396
APS60132	2025-10-03T02:20:01Z	1759458001	22.917987616099076	13.754999999999999	74.885	9.162987616099077
APS60132	2025-10-03T02:30:01Z	1759458601	22.917987616099076	13.76	74.85	9.157987616099076
APS60132	2025-10-03T02:40:01Z	1759459201	23.419845201238395	13.7625	74.8325	9.657345201238396
APS60132	2025-10-03T02:50:01Z	1759459801	22.917987616099076	13.752500000000001	75.11	9.165487616099075
APS60132	2025-10-03T03:00:01Z	1759460401	22.917987616099076	13.7425	75.2725	9.175487616099076
APS60132	2025-10-03T03:10:01Z	1759461001	22.917987616099076	13.76625	75.4675	9.151737616099076
APS60132	2025-10-03T03:20:01Z	1759461601	22.917987616099076	13.7275	75.52	9.190487616099077
APS60132	2025-10-03T03:30:01Z	1759462201	22.917987616099076	13.723749999999999	75.6125	9.194237616099077
APS60132	2025-10-03T03:40:01Z	1759462801	22.917987616099076	13.7325	75.62	9.185487616099076
APS60132	2025-10-03T03:50:01Z	1759463401	22.917987616099076	13.760000000000002	75.625	9.157987616099074
APS60132	2025-10-03T04:00:01Z	1759464001	22.917987616099076	13.72125	75.73	9.196737616099076
APS60132	2025-10-03T04:10:01Z	1759464601	22.416130030959756	13.75	75.705	8.666130030959756
APS60132	2025-10-03T04:20:01Z	1759465201	22.416130030959756	13.7575	75.7675	8.658630030959756
APS60132	2025-10-03T04:30:01Z	1759465801	22.416130030959756	13.72625	75.7975	8.689880030959756
APS60132	2025-10-03T04:40:01Z	1759466401	22.416130030959756	13.71875	75.9475	8.697380030959756
APS60132	2025-10-03T04:50:01Z	1759467001	22.416130030959756	13.739999999999998	75.8925	8.676130030959758
APS60132	2025-10-03T05:00:01Z	1759467601	22.416130030959756	13.7275	75.8625	8.688630030959757
APS60132	2025-10-03T05:10:01Z	1759468201	22.416130030959756	13.7625	75.8675	8.653630030959757
APS60132	2025-10-03T05:20:01Z	1759468801	22.416130030959756	13.7625	75.865	8.653630030959757
APS60132	2025-10-03T05:30:01Z	1759469401	22.416130030959756	13.7675	75.92	8.648630030959756
APS60132	2025-10-03T05:40:01Z	1759470001	22.416130030959756	13.7625	75.91	8.653630030959757
APS60132	2025-10-03T05:50:01Z	1759470601	22.416130030959756	13.78125	75.935	8.634880030959756
APS60132	2025-10-03T06:00:01Z	1759471201	22.416130030959756	13.760000000000002	75.86	8.656130030959755
APS60132	2025-10-03T06:10:01Z	1759471801	22.416130030959756	13.75	75.9625	8.666130030959756
APS60132	2025-10-03T06:20:01Z	1759472401	22.416130030959756	13.7675	75.9025	8.648630030959756
APS60132	2025-10-03T06:30:01Z	1759473001	22.416130030959756	13.77875	75.8675	8.637380030959756
APS60132	2025-10-03T06:40:01Z	1759473601	22.416130030959756	13.7475	75.7575	8.668630030959756
APS60132	2025-10-03T06:50:01Z	1759474201	22.416130030959756	13.75	75.08	8.666130030959756
APS60132	2025-10-03T07:00:01Z	1759474801	22.416130030959756	13.75	74.3625	8.666130030959756
APS60132	2025-10-03T07:10:01Z	1759475401	22.416130030959756	13.752500000000001	73.84	8.663630030959755
APS60132	2025-10-03T07:20:01Z	1759476001	22.416130030959756	13.7575	73.5425	8.658630030959756
APS60132	2025-10-03T07:30:01Z	1759476601	22.416130030959756	13.728750000000002	73.2125	8.687380030959755
APS60132	2025-10-03T07:40:01Z	1759477201	22.416130030959756	13.763750000000002	72.9475	8.652380030959755
APS60132	2025-10-03T07:50:01Z	1759477801	22.416130030959756	13.755	72.835	8.661130030959756
APS60132	2025-10-03T08:00:01Z	1759478401	22.416130030959756	13.78125	72.7375	8.634880030959756
APS60132	2025-10-03T08:10:01Z	1759479001	22.416130030959756	13.76875	72.845	8.647380030959756
APS60132	2025-10-03T08:20:01Z	1759479601	22.416130030959756	13.76625	72.79	8.649880030959757
APS60132	2025-10-03T08:30:01Z	1759480201	22.416130030959756	13.763750000000002	72.995	8.652380030959755
APS60132	2025-10-03T08:40:01Z	1759480801	22.416130030959756	13.75	73.155	8.666130030959756
APS60132	2025-10-03T08:50:01Z	1759481401	22.416130030959756	13.78875	73.6875	8.627380030959756
APS60132	2025-10-03T09:00:01Z	1759482001	22.917987616099076	13.79625	74.2575	9.121737616099075
APS60132	2025-10-03T09:10:01Z	1759482601	26.43099071207431	13.787500000000001	74.7325	12.643490712074307
APS60132	2025-10-03T09:20:01Z	1759483201	29.44213622291022	13.77125	75.175	15.670886222910221
APS60132	2025-10-03T09:30:01Z	1759483801	33.45699690402477	13.79375	75.5175	19.66324690402477
APS60132	2025-10-03T09:40:01Z	1759484401	33.45699690402477	13.77375	75.965	19.68324690402477
APS60132	2025-10-03T09:50:01Z	1759485001	32.95513931888545	13.78875	76.1975	19.16638931888545
APS60132	2025-10-03T10:00:01Z	1759485601	33.95885448916409	13.805	76.585	20.15385448916409
APS60132	2025-10-03T10:10:01Z	1759486201	32.95513931888545	13.79375	76.83	19.16138931888545
APS60132	2025-10-03T10:20:01Z	1759486801	32.45328173374613	13.763750000000002	76.8975	18.68953173374613
APS60132	2025-10-03T10:30:01Z	1759487401	32.45328173374613	13.755	77.155	18.69828173374613
APS60132	2025-10-03T10:40:01Z	1759488001	31.4495665634675	13.75625	77.33	17.693316563467498
APS60132	2025-10-03T10:50:01Z	1759488601	30.445851393188857	13.776250000000001	77.2675	16.669601393188856
APS60132	2025-10-03T11:00:01Z	1759489201	29.94399380804954	13.79375	77.6475	16.15024380804954
APS60132	2025-10-03T11:10:01Z	1759489801	29.44213622291022	13.79375	78.115	15.648386222910222
APS60132	2025-10-03T11:20:01Z	1759490401	29.94399380804954	13.776250000000001	78.225	16.16774380804954
APS60132	2025-10-03T11:30:01Z	1759491001	30.445851393188857	13.776250000000001	78.805	16.669601393188856
APS60132	2025-10-03T11:40:01Z	1759491601	32.45328173374613	13.8	79.1025	18.65328173374613
APS60132	2025-10-03T11:50:01Z	1759492201	31.951424148606815	13.76625	79.4825	18.185174148606816
APS60132	2025-10-03T12:00:01Z	1759492801	34.46071207430341	13.763750000000002	79.89	20.696962074303407
APS60132	2025-10-03T12:10:01Z	1759493401	32.95513931888545	13.77375	80.0225	19.18138931888545
APS60132	2025-10-03T12:20:01Z	1759494001	33.45699690402477	13.763750000000002	80.26	19.693246904024768
APS60132	2025-10-03T12:30:01Z	1759494601	33.95885448916409	13.76125	80.2375	20.19760448916409
APS60132	2025-10-03T12:40:01Z	1759495201	32.95513931888545	13.75375	80.195	19.20138931888545
APS60132	2025-10-03T12:50:01Z	1759495801	32.45328173374613	13.75625	80.2875	18.69703173374613
APS60132	2025-10-03T13:00:01Z	1759496401	33.95885448916409	13.776250000000001	80.455	20.18260448916409
APS60132	2025-10-03T13:10:01Z	1759497001	33.95885448916409	13.815	80.415	20.14385448916409
APS36007	2025-10-02T15:20:01Z	1759418401	NA	13.8975	73.4825	NA
APS36007	2025-10-02T15:30:01Z	1759419001	NA	13.818750000000001	74.2775	NA
APS36007	2025-10-02T15:40:01Z	1759419601	NA	13.795	74.6725	NA
APS36007	2025-10-02T15:50:01Z	1759420201	NA	13.787500000000001	74.67	NA
APS36007	2025-10-02T16:00:01Z	1759420801	NA	13.8125	74.7925	NA
APS36007	2025-10-02T16:10:01Z	1759421401	NA	13.81625	74.87	NA
APS36007	2025-10-02T16:20:01Z	1759422001	NA	13.80625	74.9325	NA
APS36007	2025-10-02T16:30:01Z	1759422601	NA	13.81625	75.1175	NA
APS36007	2025-10-02T16:40:01Z	1759423201	NA	13.864999999999998	75.03	NA
APS36007	2025-10-02T16:50:01Z	1759423801	NA	13.795	74.98	NA
APS36007	2025-10-02T17:00:01Z	1759424401	NA	13.79	74.98	NA
APS36007	2025-10-02T17:10:01Z	1759425001	NA	13.8	74.95	NA
APS36007	2025-10-02T17:20:01Z	1759425601	NA	13.83	75.09	NA
APS36007	2025-10-02T17:30:01Z	1759426201	NA	13.83	75.03	NA
APS36007	2025-10-02T17:40:01Z	1759426801	NA	13.83	74.8	NA
APS36007	2025-10-02T17:50:01Z	1759427401	29.98495213248639	13.795000000000002	74.84	16.18995213248639
APS36007	2025-10-02T18:00:01Z	1759428001	30.989550589836664	13.795000000000002	74.93	17.194550589836663
APS36007	2025-10-02T18:10:01Z	1759428601	31.491849818511795	13.8	75.26	17.691849818511795
APS36007	2025-10-02T18:20:01Z	1759429201	31.491849818511795	13.774999999999999	75.22	17.716849818511797
APS36007	2025-10-02T18:30:01Z	1759429801	29.98495213248639	13.77	75.38	16.214952132486392
APS36007	2025-10-02T18:40:01Z	1759430401	28.98035367513612	13.79	75.4	15.19035367513612
APS36007	2025-10-02T18:50:01Z	1759431001	30.989550589836664	13.785	75.49	17.204550589836664
APS36007	2025-10-02T19:00:01Z	1759431601	30.989550589836664	13.775	75.56	17.214550589836662
APS36007	2025-10-02T19:10:01Z	1759432201	30.48725136116153	13.775	75.49	16.712251361161528
APS36007	2025-10-02T19:20:01Z	1759432801	29.98495213248639	13.785	75.56	16.19995213248639
APS36007	2025-10-02T19:30:01Z	1759433401	28.98035367513612	13.79	75.33	15.19035367513612
APS36007	2025-10-02T19:40:01Z	1759434001	28.478054446460984	13.805	75.29	14.673054446460984
APS36007	2025-10-02T19:50:01Z	1759434601	27.975755217785846	13.8	75.26	14.175755217785845
APS36007	2025-10-02T20:00:01Z	1759435201	27.47345598911071	13.76	75.37	13.713455989110711
APS36007	2025-10-02T20:10:01Z	1759435801	27.975755217785846	13.75	75.73	14.225755217785846
APS36007	2025-10-02T20:20:01Z	1759436401	27.975755217785846	13.735	75.79	14.240755217785846
APS36007	2025-10-02T20:30:01Z	1759437001	26.971156760435576	13.745000000000001	75.77	13.226156760435575
APS36007	2025-10-02T20:40:01Z	1759437601	28.478054446460984	13.77	75.71	14.708054446460984
APS36007	2025-10-02T20:50:01Z	1759438201	30.48725136116153	13.780000000000001	75.7	16.70725136116153
APS36007	2025-10-02T21:00:01Z	1759438801	30.989550589836664	13.805	75.16	17.184550589836665
APS36007	2025-10-02T21:10:01Z	1759439401	31.491849818511795	13.775	75.46	17.716849818511797
APS36007	2025-10-02T21:20:01Z	1759440001	30.989550589836664	13.76	75.44	17.229550589836663
APS36007	2025-10-02T21:30:01Z	1759440601	30.989550589836664	13.75	75.56	17.239550589836664
APS36007	2025-10-02T21:40:01Z	1759441201	30.989550589836664	13.75	75.68	17.239550589836664
APS36007	2025-10-02T21:50:01Z	1759441801	31.491849818511795	13.75	75.65	17.741849818511795
APS36007	2025-10-02T22:00:01Z	1759442401	31.491849818511795	13.775	75.62	17.716849818511797
APS36007	2025-10-02T22:10:01Z	1759443001	30.48725136116153	13.739999999999998	75.75	16.74725136116153
APS36007	2025-10-02T22:20:01Z	1759443601	30.48725136116153	13.739999999999998	75.94	16.74725136116153
APS36007	2025-10-02T22:30:01Z	1759444201	29.98495213248639	13.75	75.82	16.23495213248639
APS36007	2025-10-02T22:40:01Z	1759444801	29.98495213248639	13.75	75.9	16.23495213248639
APS36007	2025-10-02T22:50:01Z	1759445401	29.98495213248639	13.755	75.78	16.22995213248639
APS36007	2025-10-02T23:00:01Z	1759446001	28.478054446460984	13.735	75.87	14.743054446460985
APS36007	2025-10-02T23:10:01Z	1759446601	NA	13.75	75.82	NA
APS36007	2025-10-02T23:20:01Z	1759447201	NA	13.775	75.79	NA
APS36007	2025-10-02T23:30:01Z	1759447801	NA	13.775	75.8	NA
APS36007	2025-10-02T23:40:01Z	1759448401	NA	13.745000000000001	75.78	NA
APS36007	2025-10-02T23:50:01Z	1759449001	NA	13.785	75.72	NA
APS36007	2025-10-03T00:00:01Z	1759449601	NA	13.785	75.62	NA
APS36007	2025-10-03T00:10:01Z	1759450201	NA	13.754999999999999	75.57	NA
APS36007	2025-10-03T00:20:01Z	1759450801	NA	13.775	75.48	NA
APS36007	2025-10-03T00:30:01Z	1759451401	NA	13.785	75.45	NA
APS36007	2025-10-03T00:40:01Z	1759452001	24.459660617059892	13.775	75.38	10.684660617059892
APS36007	2025-10-03T00:50:01Z	1759452601	23.957361388384758	13.809999999999999	75.29	10.147361388384759
APS36007	2025-10-03T01:00:01Z	1759453201	23.957361388384758	13.7925	75.11	10.164861388384757
APS36007	2025-10-03T01:10:01Z	1759453801	23.957361388384758	13.77125	75.2625	10.186111388384758
APS36007	2025-10-03T01:20:01Z	1759454401	23.45506215970962	13.739999999999998	75.3775	9.715062159709621
APS36007	2025-10-03T01:30:01Z	1759455001	23.45506215970962	13.752500000000001	75.3925	9.702562159709618
APS36007	2025-10-03T01:40:01Z	1759455601	23.45506215970962	13.7675	75.2525	9.68756215970962
APS36007	2025-10-03T01:50:01Z	1759456201	23.45506215970962	13.7625	75.1675	9.69256215970962
APS36007	2025-10-03T02:00:01Z	1759456801	23.45506215970962	13.754999999999999	75.1675	9.70006215970962
APS36007	2025-10-03T02:10:01Z	1759457401	23.45506215970962	13.7625	75.1425	9.69256215970962
APS36007	2025-10-03T02:20:01Z	1759458001	22.952762931034485	13.754999999999999	74.885	9.197762931034486
APS36007	2025-10-03T02:30:01Z	1759458601	22.952762931034485	13.76	74.85	9.192762931034485
APS36007	2025-10-03T02:40:01Z	1759459201	22.952762931034485	13.7625	74.8325	9.190262931034486
APS36007	2025-10-03T02:50:01Z	1759459801	22.952762931034485	13.752500000000001	75.11	9.200262931034484
APS36007	2025-10-03T03:00:01Z	1759460401	22.952762931034485	13.7425	75.2725	9.210262931034485
APS36007	2025-10-03T03:10:01Z	1759461001	22.952762931034485	13.76625	75.4675	9.186512931034486
APS36007	2025-10-03T03:20:01Z	1759461601	22.952762931034485	13.7275	75.52	9.225262931034486
APS36007	2025-10-03T03:30:01Z	1759462201	22.952762931034485	13.723749999999999	75.6125	9.229012931034486
APS36007	2025-10-03T03:40:01Z	1759462801	22.952762931034485	13.7325	75.62	9.220262931034485
APS36007	2025-10-03T03:50:01Z	1759463401	22.952762931034485	13.760000000000002	75.625	9.192762931034483
APS36007	2025-10-03T04:00:01Z	1759464001	22.952762931034485	13.72125	75.73	9.231512931034485
APS36007	2025-10-03T04:10:01Z	1759464601	22.952762931034485	13.75	75.705	9.202762931034485
APS36007	2025-10-03T04:20:01Z	1759465201	22.45046370235935	13.7575	75.7675	8.69296370235935
APS36007	2025-10-03T04:30:01Z	1759465801	22.45046370235935	13.72625	75.7975	8.72421370235935
APS36007	2025-10-03T04:40:01Z	1759466401	22.45046370235935	13.71875	75.9475	8.73171370235935
APS36007	2025-10-03T04:50:01Z	1759467001	22.45046370235935	13.739999999999998	75.8925	8.710463702359352
APS36007	2025-10-03T05:00:01Z	1759467601	22.45046370235935	13.7275	75.8625	8.722963702359351
APS36007	2025-10-03T05:10:01Z	1759468201	22.45046370235935	13.7625	75.8675	8.687963702359351
APS36007	2025-10-03T05:20:01Z	1759468801	22.45046370235935	13.7625	75.865	8.687963702359351
APS36007	2025-10-03T05:30:01Z	1759469401	22.952762931034485	13.7675	75.92	9.185262931034485
APS36007	2025-10-03T05:40:01Z	1759470001	23.45506215970962	13.7625	75.91	9.69256215970962
APS36007	2025-10-03T05:50:01Z	1759470601	23.45506215970962	13.78125	75.935	9.67381215970962
APS36007	2025-10-03T06:00:01Z	1759471201	23.45506215970962	13.760000000000002	75.86	9.695062159709618
APS36007	2025-10-03T06:10:01Z	1759471801	22.952762931034485	13.75	75.9625	9.202762931034485
APS36007	2025-10-03T06:20:01Z	1759472401	22.952762931034485	13.7675	75.9025	9.185262931034485
APS36007	2025-10-03T06:30:01Z	1759473001	22.952762931034485	13.77875	75.8675	9.174012931034484
APS36007	2025-10-03T06:40:01Z	1759473601	22.952762931034485	13.7475	75.7575	9.205262931034484
APS36007	2025-10-03T06:50:01Z	1759474201	22.952762931034485	13.75	75.08	9.202762931034485
APS36007	2025-10-03T07:00:01Z	1759474801	26.468857531760438	13.75	74.3625	12.718857531760438
APS36007	2025-10-03T07:10:01Z	1759475401	22.952762931034485	13.752500000000001	73.84	9.200262931034484
APS36007	2025-10-03T07:20:01Z	1759476001	23.45506215970962	13.7575	73.5425	9.69756215970962
APS36007	2025-10-03T07:30:01Z	1759476601	23.45506215970962	13.728750000000002	73.2125	9.726312159709618
APS36007	2025-10-03T07:40:01Z	1759477201	22.952762931034485	13.763750000000002	72.9475	9.189012931034483
APS36007	2025-10-03T07:50:01Z	1759477801	22.952762931034485	13.755	72.835	9.197762931034484
APS36007	2025-10-03T08:00:01Z	1759478401	22.952762931034485	13.78125	72.7375	9.171512931034485
APS36007	2025-10-03T08:10:01Z	1759479001	22.952762931034485	13.76875	72.845	9.184012931034484
APS36007	2025-10-03T08:20:01Z	1759479601	22.952762931034485	13.76625	72.79	9.186512931034486
APS36007	2025-10-03T08:30:01Z	1759480201	22.952762931034485	13.763750000000002	72.995	9.189012931034483
APS36007	2025-10-03T08:40:01Z	1759480801	22.952762931034485	13.75	73.155	9.202762931034485
APS36007	2025-10-03T08:50:01Z	1759481401	23.957361388384758	13.78875	73.6875	10.168611388384758
APS36007	2025-10-03T09:00:01Z	1759482001	26.468857531760438	13.79625	74.2575	12.672607531760438
APS36007	2025-10-03T09:10:01Z	1759482601	28.478054446460984	13.787500000000001	74.7325	14.690554446460983
APS36007	2025-10-03T09:20:01Z	1759483201	28.98035367513612	13.77125	75.175	15.209103675136118
APS36007	2025-10-03T09:30:01Z	1759483801	28.98035367513612	13.79375	75.5175	15.18660367513612
APS36007	2025-10-03T09:40:01Z	1759484401	28.478054446460984	13.77375	75.965	14.704304446460984
APS36007	2025-10-03T09:50:01Z	1759485001	27.975755217785846	13.78875	76.1975	14.187005217785845
APS36007	2025-10-03T10:00:01Z	1759485601	26.971156760435576	13.805	76.585	13.166156760435577
APS36007	2025-10-03T10:10:01Z	1759486201	26.468857531760438	13.79375	76.83	12.675107531760439
APS36007	2025-10-03T10:20:01Z	1759486801	26.971156760435576	13.763750000000002	76.8975	13.207406760435575
APS36007	2025-10-03T10:30:01Z	1759487401	28.478054446460984	13.755	77.155	14.723054446460983
APS36007	2025-10-03T10:40:01Z	1759488001	27.47345598911071	13.75625	77.33	13.717205989110711
APS36007	2025-10-03T10:50:01Z	1759488601	26.468857531760438	13.776250000000001	77.2675	12.692607531760437
APS36007	2025-10-03T11:00:01Z	1759489201	26.468857531760438	13.79375	77.6475	12.675107531760439
APS36007	2025-10-03T11:10:01Z	1759489801	25.966558303085304	13.79375	78.115	12.172808303085304
APS36007	2025-10-03T11:20:01Z	1759490401	28.478054446460984	13.776250000000001	78.225	14.701804446460983
APS36007	2025-10-03T11:30:01Z	1759491001	30.48725136116153	13.776250000000001	78.805	16.71100136116153
APS36007	2025-10-03T11:40:01Z	1759491601	30.48725136116153	13.8	79.1025	16.68725136116153
APS36007	2025-10-03T11:50:01Z	1759492201	30.48725136116153	13.76625	79.4825	16.72100136116153
APS36007	2025-10-03T12:00:01Z	1759492801	30.989550589836664	13.763750000000002	79.89	17.225800589836663
APS36007	2025-10-03T12:10:01Z	1759493401	30.989550589836664	13.77375	80.0225	17.215800589836665
APS36007	2025-10-03T12:20:01Z	1759494001	31.491849818511795	13.763750000000002	80.26	17.728099818511794
APS36007	2025-10-03T12:30:01Z	1759494601	30.989550589836664	13.76125	80.2375	17.228300589836664
APS36007	2025-10-03T12:40:01Z	1759495201	30.989550589836664	13.75375	80.195	17.235800589836664
APS36007	2025-10-03T12:50:01Z	1759495801	31.491849818511795	13.75625	80.2875	17.735599818511794
APS36007	2025-10-03T13:00:01Z	1759496401	31.491849818511795	13.776250000000001	80.455	17.715599818511794
APS36007	2025-10-03T13:10:01Z	1759497001	30.989550589836664	13.815	80.415	17.174550589836663
APS36010	2025-10-02T15:20:01Z	1759418401	29.5906373292868	13.8975	73.4825	15.693137329286799
APS36010	2025-10-02T15:30:01Z	1759419001	30.082594840667674	13.818750000000001	74.2775	16.263844840667673
APS36010	2025-10-02T15:40:01Z	1759419601	30.082594840667674	13.795	74.6725	16.287594840667673
APS36010	2025-10-02T15:50:01Z	1759420201	29.5906373292868	13.787500000000001	74.67	15.803137329286798
APS36010	2025-10-02T16:00:01Z	1759420801	28.606722306525036	13.8125	74.7925	14.794222306525036
APS36010	2025-10-02T16:10:01Z	1759421401	28.114764795144158	13.81625	74.87	14.298514795144158
APS36010	2025-10-02T16:20:01Z	1759422001	28.114764795144158	13.80625	74.9325	14.308514795144157
APS36010	2025-10-02T16:30:01Z	1759422601	28.606722306525036	13.81625	75.1175	14.790472306525036
APS36010	2025-10-02T16:40:01Z	1759423201	30.082594840667674	13.864999999999998	75.03	16.217594840667676
APS36010	2025-10-02T16:50:01Z	1759423801	30.574552352048556	13.795	74.98	16.779552352048555
APS36010	2025-10-02T17:00:01Z	1759424401	31.558467374810316	13.79	74.98	17.768467374810317
APS36010	2025-10-02T17:10:01Z	1759425001	31.558467374810316	13.8	74.95	17.758467374810316
APS36010	2025-10-02T17:20:01Z	1759425601	31.066509863429438	13.83	75.09	17.23650986342944
APS36010	2025-10-02T17:30:01Z	1759426201	32.050424886191195	13.83	75.03	18.220424886191196
APS36010	2025-10-02T17:40:01Z	1759426801	31.066509863429438	13.83	74.8	17.23650986342944
APS36010	2025-10-02T17:50:01Z	1759427401	30.574552352048556	13.795000000000002	74.84	16.779552352048555
APS36010	2025-10-02T18:00:01Z	1759428001	30.574552352048556	13.795000000000002	74.93	16.779552352048555
APS36010	2025-10-02T18:10:01Z	1759428601	30.574552352048556	13.8	75.26	16.774552352048556
APS36010	2025-10-02T18:20:01Z	1759429201	30.574552352048556	13.774999999999999	75.22	16.799552352048558
APS36010	2025-10-02T18:30:01Z	1759429801	31.066509863429438	13.77	75.38	17.29650986342944
APS36010	2025-10-02T18:40:01Z	1759430401	31.066509863429438	13.79	75.4	17.27650986342944
APS36010	2025-10-02T18:50:01Z	1759431001	31.066509863429438	13.785	75.49	17.281509863429438
APS36010	2025-10-02T19:00:01Z	1759431601	31.066509863429438	13.775	75.56	17.29150986342944
APS36010	2025-10-02T19:10:01Z	1759432201	32.54238239757208	13.775	75.49	18.767382397572078
APS36010	2025-10-02T19:20:01Z	1759432801	31.066509863429438	13.785	75.56	17.281509863429438
APS36010	2025-10-02T19:30:01Z	1759433401	30.574552352048556	13.79	75.33	16.784552352048557
APS36010	2025-10-02T19:40:01Z	1759434001	30.574552352048556	13.805	75.29	16.769552352048557
APS36010	2025-10-02T19:50:01Z	1759434601	30.082594840667674	13.8	75.26	16.282594840667674
APS36010	2025-10-02T20:00:01Z	1759435201	30.574552352048556	13.76	75.37	16.81455235204856
APS36010	2025-10-02T20:10:01Z	1759435801	31.066509863429438	13.75	75.73	17.316509863429438
APS36010	2025-10-02T20:20:01Z	1759436401	30.574552352048556	13.735	75.79	16.839552352048557
APS36010	2025-10-02T20:30:01Z	1759437001	30.082594840667674	13.745000000000001	75.77	16.337594840667673
APS36010	2025-10-02T20:40:01Z	1759437601	31.558467374810316	13.77	75.71	17.788467374810317
APS36010	2025-10-02T20:50:01Z	1759438201	31.558467374810316	13.780000000000001	75.7	17.778467374810315
APS36010	2025-10-02T21:00:01Z	1759438801	31.066509863429438	13.805	75.16	17.26150986342944
APS36010	2025-10-02T21:10:01Z	1759439401	31.066509863429438	13.775	75.46	17.29150986342944
APS36010	2025-10-02T21:20:01Z	1759440001	31.066509863429438	13.76	75.44	17.30650986342944
APS36010	2025-10-02T21:30:01Z	1759440601	31.066509863429438	13.75	75.56	17.316509863429438
APS36010	2025-10-02T21:40:01Z	1759441201	31.066509863429438	13.75	75.68	17.316509863429438
APS36010	2025-10-02T21:50:01Z	1759441801	30.574552352048556	13.75	75.65	16.824552352048556
APS36010	2025-10-02T22:00:01Z	1759442401	31.066509863429438	13.775	75.62	17.29150986342944
APS36010	2025-10-02T22:10:01Z	1759443001	30.574552352048556	13.739999999999998	75.75	16.834552352048558
APS36010	2025-10-02T22:20:01Z	1759443601	30.574552352048556	13.739999999999998	75.94	16.834552352048558
APS36010	2025-10-02T22:30:01Z	1759444201	30.574552352048556	13.75	75.82	16.824552352048556
APS36010	2025-10-02T22:40:01Z	1759444801	30.574552352048556	13.75	75.9	16.824552352048556
APS36010	2025-10-02T22:50:01Z	1759445401	29.5906373292868	13.755	75.78	15.835637329286799
APS36010	2025-10-02T23:00:01Z	1759446001	29.098679817905918	13.735	75.87	15.363679817905918
APS36010	2025-10-02T23:10:01Z	1759446601	28.606722306525036	13.75	75.82	14.856722306525036
APS36010	2025-10-02T23:20:01Z	1759447201	28.606722306525036	13.775	75.79	14.831722306525036
APS36010	2025-10-02T23:30:01Z	1759447801	28.114764795144158	13.775	75.8	14.339764795144157
APS36010	2025-10-02T23:40:01Z	1759448401	27.622807283763276	13.745000000000001	75.78	13.877807283763275
APS36010	2025-10-02T23:50:01Z	1759449001	27.622807283763276	13.785	75.72	13.837807283763276
APS36010	2025-10-03T00:00:01Z	1759449601	27.622807283763276	13.785	75.62	13.837807283763276
APS36010	2025-10-03T00:10:01Z	1759450201	28.114764795144158	13.754999999999999	75.57	14.359764795144159
APS36010	2025-10-03T00:20:01Z	1759450801	28.114764795144158	13.775	75.48	14.339764795144157
APS36010	2025-10-03T00:30:01Z	1759451401	28.114764795144158	13.785	75.45	14.329764795144158
APS36010	2025-10-03T00:40:01Z	1759452001	28.114764795144158	13.775	75.38	14.339764795144157
APS36010	2025-10-03T00:50:01Z	1759452601	28.114764795144158	13.809999999999999	75.29	14.304764795144159
APS36010	2025-10-03T01:00:01Z	1759453201	27.622807283763276	13.7925	75.11	13.830307283763275
APS36010	2025-10-03T01:10:01Z	1759453801	27.622807283763276	13.77125	75.2625	13.851557283763276
APS36010	2025-10-03T01:20:01Z	1759454401	27.130849772382398	13.739999999999998	75.3775	13.3908497723824
APS36010	2025-10-03T01:30:01Z	1759455001	27.130849772382398	13.752500000000001	75.3925	13.378349772382396
APS36010	2025-10-03T01:40:01Z	1759455601	26.63889226100152	13.7675	75.2525	12.87139226100152
APS36010	2025-10-03T01:50:01Z	1759456201	26.63889226100152	13.7625	75.1675	12.87639226100152
APS36010	2025-10-03T02:00:01Z	1759456801	26.146934749620637	13.754999999999999	75.1675	12.391934749620638
APS36010	2025-10-03T02:10:01Z	1759457401	26.146934749620637	13.7625	75.1425	12.384434749620638
APS36010	2025-10-03T02:20:01Z	1759458001	25.654977238239756	13.754999999999999	74.885	11.899977238239757
APS36010	2025-10-03T02:30:01Z	1759458601	25.163019726858877	13.76	74.85	11.403019726858878
APS36010	2025-10-03T02:40:01Z	1759459201	25.163019726858877	13.7625	74.8325	11.400519726858878
APS36010	2025-10-03T02:50:01Z	1759459801	24.671062215477995	13.752500000000001	75.11	10.918562215477994
APS36010	2025-10-03T03:00:01Z	1759460401	24.671062215477995	13.7425	75.2725	10.928562215477996
APS36010	2025-10-03T03:10:01Z	1759461001	24.671062215477995	13.76625	75.4675	10.904812215477996
APS36010	2025-10-03T03:20:01Z	1759461601	24.671062215477995	13.7275	75.52	10.943562215477996
APS36010	2025-10-03T03:30:01Z	1759462201	24.179104704097117	13.723749999999999	75.6125	10.455354704097118
APS36010	2025-10-03T03:40:01Z	1759462801	24.179104704097117	13.7325	75.62	10.446604704097117
APS36010	2025-10-03T03:50:01Z	1759463401	24.179104704097117	13.760000000000002	75.625	10.419104704097116
APS36010	2025-10-03T04:00:01Z	1759464001	24.179104704097117	13.72125	75.73	10.457854704097118
APS36010	2025-10-03T04:10:01Z	1759464601	24.179104704097117	13.75	75.705	10.429104704097117
APS36010	2025-10-03T04:20:01Z	1759465201	23.687147192716235	13.7575	75.7675	9.929647192716235
APS36010	2025-10-03T04:30:01Z	1759465801	23.687147192716235	13.72625	75.7975	9.960897192716235
APS36010	2025-10-03T04:40:01Z	1759466401	23.687147192716235	13.71875	75.9475	9.968397192716235
APS36010	2025-10-03T04:50:01Z	1759467001	23.687147192716235	13.739999999999998	75.8925	9.947147192716237
APS36010	2025-10-03T05:00:01Z	1759467601	23.687147192716235	13.7275	75.8625	9.959647192716236
APS36010	2025-10-03T05:10:01Z	1759468201	23.687147192716235	13.7625	75.8675	9.924647192716236
APS36010	2025-10-03T05:20:01Z	1759468801	23.687147192716235	13.7625	75.865	9.924647192716236
APS36010	2025-10-03T05:30:01Z	1759469401	23.687147192716235	13.7675	75.92	9.919647192716235
APS36010	2025-10-03T05:40:01Z	1759470001	23.687147192716235	13.7625	75.91	9.924647192716236
APS36010	2025-10-03T05:50:01Z	1759470601	23.687147192716235	13.78125	75.935	9.905897192716235
APS36010	2025-10-03T06:00:01Z	1759471201	23.687147192716235	13.760000000000002	75.86	9.927147192716234
APS36010	2025-10-03T06:10:01Z	1759471801	23.195189681335357	13.75	75.9625	9.445189681335357
APS36010	2025-10-03T06:20:01Z	1759472401	23.195189681335357	13.7675	75.9025	9.427689681335357
APS36010	2025-10-03T06:30:01Z	1759473001	23.195189681335357	13.77875	75.8675	9.416439681335357
APS36010	2025-10-03T06:40:01Z	1759473601	23.195189681335357	13.7475	75.7575	9.447689681335357
APS36010	2025-10-03T06:50:01Z	1759474201	23.195189681335357	13.75	75.08	9.445189681335357
APS36010	2025-10-03T07:00:01Z	1759474801	23.195189681335357	13.75	74.3625	9.445189681335357
APS36010	2025-10-03T07:10:01Z	1759475401	23.195189681335357	13.752500000000001	73.84	9.442689681335356
APS36010	2025-10-03T07:20:01Z	1759476001	23.195189681335357	13.7575	73.5425	9.437689681335357
APS36010	2025-10-03T07:30:01Z	1759476601	23.195189681335357	13.728750000000002	73.2125	9.466439681335356
APS36010	2025-10-03T07:40:01Z	1759477201	23.195189681335357	13.763750000000002	72.9475	9.431439681335355
APS36010	2025-10-03T07:50:01Z	1759477801	23.195189681335357	13.755	72.835	9.440189681335356
APS36010	2025-10-03T08:00:01Z	1759478401	23.195189681335357	13.78125	72.7375	9.413939681335357
APS36010	2025-10-03T08:10:01Z	1759479001	23.195189681335357	13.76875	72.845	9.426439681335356
APS36010	2025-10-03T08:20:01Z	1759479601	23.195189681335357	13.76625	72.79	9.428939681335358
APS36010	2025-10-03T08:30:01Z	1759480201	23.195189681335357	13.763750000000002	72.995	9.431439681335355
APS36010	2025-10-03T08:40:01Z	1759480801	23.195189681335357	13.75	73.155	9.445189681335357
APS36010	2025-10-03T08:50:01Z	1759481401	23.195189681335357	13.78875	73.6875	9.406439681335357
APS36010	2025-10-03T09:00:01Z	1759482001	23.195189681335357	13.79625	74.2575	9.398939681335357
APS36010	2025-10-03T09:10:01Z	1759482601	23.195189681335357	13.787500000000001	74.7325	9.407689681335356
APS36010	2025-10-03T09:20:01Z	1759483201	23.195189681335357	13.77125	75.175	9.423939681335357
APS36010	2025-10-03T09:30:01Z	1759483801	23.195189681335357	13.79375	75.5175	9.401439681335358
APS36010	2025-10-03T09:40:01Z	1759484401	23.195189681335357	13.77375	75.965	9.421439681335357
APS36010	2025-10-03T09:50:01Z	1759485001	23.195189681335357	13.78875	76.1975	9.406439681335357
APS36010	2025-10-03T10:00:01Z	1759485601	23.195189681335357	13.805	76.585	9.390189681335357
APS36010	2025-10-03T10:10:01Z	1759486201	23.195189681335357	13.79375	76.83	9.401439681335358
APS36010	2025-10-03T10:20:01Z	1759486801	23.687147192716235	13.763750000000002	76.8975	9.923397192716234
APS36010	2025-10-03T10:30:01Z	1759487401	25.654977238239756	13.755	77.155	11.899977238239755
APS36010	2025-10-03T10:40:01Z	1759488001	27.622807283763276	13.75625	77.33	13.866557283763276
APS36010	2025-10-03T10:50:01Z	1759488601	27.622807283763276	13.776250000000001	77.2675	13.846557283763275
APS36010	2025-10-03T11:00:01Z	1759489201	27.622807283763276	13.79375	77.6475	13.829057283763277
APS36010	2025-10-03T11:10:01Z	1759489801	27.130849772382398	13.79375	78.115	13.337099772382398
APS36010	2025-10-03T11:20:01Z	1759490401	26.63889226100152	13.776250000000001	78.225	12.862642261001518
APS36010	2025-10-03T11:30:01Z	1759491001	26.63889226100152	13.776250000000001	78.805	12.862642261001518
APS36010	2025-10-03T11:40:01Z	1759491601	27.130849772382398	13.8	79.1025	13.330849772382397
APS36010	2025-10-03T11:50:01Z	1759492201	29.5906373292868	13.76625	79.4825	15.8243873292868
APS36010	2025-10-03T12:00:01Z	1759492801	30.574552352048556	13.763750000000002	79.89	16.810802352048555
APS36010	2025-10-03T12:10:01Z	1759493401	31.066509863429438	13.77375	80.0225	17.29275986342944
APS36010	2025-10-03T12:20:01Z	1759494001	31.066509863429438	13.763750000000002	80.26	17.302759863429436
APS36010	2025-10-03T12:30:01Z	1759494601	31.558467374810316	13.76125	80.2375	17.797217374810316
APS36010	2025-10-03T12:40:01Z	1759495201	31.066509863429438	13.75375	80.195	17.312759863429438
APS36010	2025-10-03T12:50:01Z	1759495801	31.066509863429438	13.75625	80.2875	17.310259863429437
APS36010	2025-10-03T13:00:01Z	1759496401	31.558467374810316	13.776250000000001	80.455	17.782217374810315
APS36010	2025-10-03T13:10:01Z	1759497001	31.066509863429438	13.815	80.415	17.25150986342944
APS60115	2025-10-02T15:20:01Z	1759418401	32.09789219246482	13.8975	73.4825	18.200392192464818
APS60115	2025-10-02T15:30:01Z	1759419001	31.09283772128915	13.818750000000001	74.2775	17.27408772128915
APS60115	2025-10-02T15:40:01Z	1759419601	31.09283772128915	13.795	74.6725	17.29783772128915
APS60115	2025-10-02T15:50:01Z	1759420201	33.60547389922832	13.787500000000001	74.67	19.81797389922832
APS60115	2025-10-02T16:00:01Z	1759420801	32.600419428052646	13.8125	74.7925	18.787919428052646
APS60115	2025-10-02T16:10:01Z	1759421401	31.595364956876985	13.81625	74.87	17.779114956876985
APS60115	2025-10-02T16:20:01Z	1759422001	31.09283772128915	13.80625	74.9325	17.286587721289152
APS60115	2025-10-02T16:30:01Z	1759422601	31.09283772128915	13.81625	75.1175	17.27658772128915
APS60115	2025-10-02T16:40:01Z	1759423201	31.09283772128915	13.864999999999998	75.03	17.227837721289152
APS60115	2025-10-02T16:50:01Z	1759423801	30.590310485701316	13.795	74.98	16.795310485701314
APS60115	2025-10-02T17:00:01Z	1759424401	32.600419428052646	13.79	74.98	18.810419428052647
APS60115	2025-10-02T17:10:01Z	1759425001	33.60547389922832	13.8	74.95	19.80547389922832
APS60115	2025-10-02T17:20:01Z	1759425601	32.09789219246482	13.83	75.09	18.26789219246482
APS60115	2025-10-02T17:30:01Z	1759426201	33.10294666364049	13.83	75.03	19.27294666364049
APS60115	2025-10-02T17:40:01Z	1759426801	31.09283772128915	13.83	74.8	17.262837721289152
APS60115	2025-10-02T17:50:01Z	1759427401	32.09789219246482	13.795000000000002	74.84	18.302892192464817
APS60115	2025-10-02T18:00:01Z	1759428001	32.600419428052646	13.795000000000002	74.93	18.805419428052645
APS60115	2025-10-02T18:10:01Z	1759428601	31.09283772128915	13.8	75.26	17.29283772128915
APS60115	2025-10-02T18:20:01Z	1759429201	30.087783250113482	13.774999999999999	75.22	16.312783250113483
APS60115	2025-10-02T18:30:01Z	1759429801	30.087783250113482	13.77	75.38	16.317783250113482
APS60115	2025-10-02T18:40:01Z	1759430401	29.585256014525648	13.79	75.4	15.795256014525648
APS60115	2025-10-02T18:50:01Z	1759431001	28.580201543349975	13.785	75.49	14.795201543349975
APS60115	2025-10-02T19:00:01Z	1759431601	28.07767430776214	13.775	75.56	14.30267430776214
APS60115	2025-10-02T19:10:01Z	1759432201	29.08272877893781	13.775	75.49	15.30772877893781
APS60115	2025-10-02T19:20:01Z	1759432801	28.07767430776214	13.785	75.56	14.292674307762141
APS60115	2025-10-02T19:30:01Z	1759433401	27.575147072174307	13.79	75.33	13.785147072174308
APS60115	2025-10-02T19:40:01Z	1759434001	27.575147072174307	13.805	75.29	13.770147072174307
APS60115	2025-10-02T19:50:01Z	1759434601	27.575147072174307	13.8	75.26	13.775147072174306
APS60115	2025-10-02T20:00:01Z	1759435201	27.575147072174307	13.76	75.37	13.815147072174307
APS60115	2025-10-02T20:10:01Z	1759435801	27.072619836586473	13.75	75.73	13.322619836586473
APS60115	2025-10-02T20:20:01Z	1759436401	27.072619836586473	13.735	75.79	13.337619836586473
APS60115	2025-10-02T20:30:01Z	1759437001	27.072619836586473	13.745000000000001	75.77	13.327619836586472
APS60115	2025-10-02T20:40:01Z	1759437601	28.580201543349975	13.77	75.71	14.810201543349976
APS60115	2025-10-02T20:50:01Z	1759438201	29.585256014525648	13.780000000000001	75.7	15.805256014525646
APS60115	2025-10-02T21:00:01Z	1759438801	30.590310485701316	13.805	75.16	16.785310485701316
APS60115	2025-10-02T21:10:01Z	1759439401	31.595364956876985	13.775	75.46	17.820364956876986
APS60115	2025-10-02T21:20:01Z	1759440001	29.08272877893781	13.76	75.44	15.32272877893781
APS60115	2025-10-02T21:30:01Z	1759440601	26.570092600998635	13.75	75.56	12.820092600998635
APS60115	2025-10-02T21:40:01Z	1759441201	26.570092600998635	13.75	75.68	12.820092600998635
APS60115	2025-10-02T21:50:01Z	1759441801	26.570092600998635	13.75	75.65	12.820092600998635
APS60115	2025-10-02T22:00:01Z	1759442401	26.0675653654108	13.775	75.62	12.2925653654108
APS60115	2025-10-02T22:10:01Z	1759443001	25.565038129822966	13.739999999999998	75.75	11.825038129822968
APS60115	2025-10-02T22:20:01Z	1759443601	25.062510894235132	13.739999999999998	75.94	11.322510894235133
APS60115	2025-10-02T22:30:01Z	1759444201	24.559983658647297	13.75	75.82	10.809983658647297
APS60115	2025-10-02T22:40:01Z	1759444801	24.057456423059463	13.75	75.9	10.307456423059463
APS60115	2025-10-02T22:50:01Z	1759445401	24.057456423059463	13.755	75.78	10.302456423059462
APS60115	2025-10-02T23:00:01Z	1759446001	23.55492918747163	13.735	75.87	9.81992918747163
APS60115	2025-10-02T23:10:01Z	1759446601	23.55492918747163	13.75	75.82	9.804929187471629
APS60115	2025-10-02T23:20:01Z	1759447201	23.55492918747163	13.775	75.79	9.779929187471629
APS60115	2025-10-02T23:30:01Z	1759447801	23.052401951883795	13.775	75.8	9.277401951883794
APS60115	2025-10-02T23:40:01Z	1759448401	23.052401951883795	13.745000000000001	75.78	9.307401951883794
APS60115	2025-10-02T23:50:01Z	1759449001	23.052401951883795	13.785	75.72	9.267401951883794
APS60115	2025-10-03T00:00:01Z	1759449601	23.052401951883795	13.785	75.62	9.267401951883794
APS60115	2025-10-03T00:10:01Z	1759450201	23.052401951883795	13.754999999999999	75.57	9.297401951883796
APS60115	2025-10-03T00:20:01Z	1759450801	23.052401951883795	13.775	75.48	9.277401951883794
APS60115	2025-10-03T00:30:01Z	1759451401	23.55492918747163	13.785	75.45	9.769929187471629
APS60115	2025-10-03T00:40:01Z	1759452001	23.55492918747163	13.775	75.38	9.779929187471629
APS60115	2025-10-03T00:50:01Z	1759452601	23.55492918747163	13.809999999999999	75.29	9.74492918747163
APS60115	2025-10-03T01:00:01Z	1759453201	23.55492918747163	13.7925	75.11	9.762429187471628
APS60115	2025-10-03T01:10:01Z	1759453801	23.55492918747163	13.77125	75.2625	9.783679187471629
APS60115	2025-10-03T01:20:01Z	1759454401	23.55492918747163	13.739999999999998	75.3775	9.81492918747163
APS60115	2025-10-03T01:30:01Z	1759455001	23.052401951883795	13.752500000000001	75.3925	9.299901951883793
APS60115	2025-10-03T01:40:01Z	1759455601	23.052401951883795	13.7675	75.2525	9.284901951883795
APS60115	2025-10-03T01:50:01Z	1759456201	23.052401951883795	13.7625	75.1675	9.289901951883795
APS60115	2025-10-03T02:00:01Z	1759456801	23.052401951883795	13.754999999999999	75.1675	9.297401951883796
APS60115	2025-10-03T02:10:01Z	1759457401	23.052401951883795	13.7625	75.1425	9.289901951883795
APS60115	2025-10-03T02:20:01Z	1759458001	23.052401951883795	13.754999999999999	74.885	9.297401951883796
APS60115	2025-10-03T02:30:01Z	1759458601	23.052401951883795	13.76	74.85	9.292401951883795
APS60115	2025-10-03T02:40:01Z	1759459201	23.052401951883795	13.7625	74.8325	9.289901951883795
APS60115	2025-10-03T02:50:01Z	1759459801	23.052401951883795	13.752500000000001	75.11	9.299901951883793
APS60115	2025-10-03T03:00:01Z	1759460401	23.052401951883795	13.7425	75.2725	9.309901951883795
APS60115	2025-10-03T03:10:01Z	1759461001	22.54987471629596	13.76625	75.4675	8.78362471629596
APS60115	2025-10-03T03:20:01Z	1759461601	22.54987471629596	13.7275	75.52	8.822374716295961
APS60115	2025-10-03T03:30:01Z	1759462201	22.54987471629596	13.723749999999999	75.6125	8.826124716295961
APS60115	2025-10-03T03:40:01Z	1759462801	22.54987471629596	13.7325	75.62	8.81737471629596
APS60115	2025-10-03T03:50:01Z	1759463401	22.54987471629596	13.760000000000002	75.625	8.789874716295959
APS60115	2025-10-03T04:00:01Z	1759464001	22.54987471629596	13.72125	75.73	8.82862471629596
APS60115	2025-10-03T04:10:01Z	1759464601	22.54987471629596	13.75	75.705	8.79987471629596
APS60115	2025-10-03T04:20:01Z	1759465201	22.54987471629596	13.7575	75.7675	8.79237471629596
APS60115	2025-10-03T04:30:01Z	1759465801	22.54987471629596	13.72625	75.7975	8.82362471629596
APS60115	2025-10-03T04:40:01Z	1759466401	22.54987471629596	13.71875	75.9475	8.83112471629596
APS60115	2025-10-03T04:50:01Z	1759467001	22.54987471629596	13.739999999999998	75.8925	8.809874716295962
APS60115	2025-10-03T05:00:01Z	1759467601	22.54987471629596	13.7275	75.8625	8.822374716295961
APS60115	2025-10-03T05:10:01Z	1759468201	22.54987471629596	13.7625	75.8675	8.787374716295961
APS60115	2025-10-03T05:20:01Z	1759468801	22.54987471629596	13.7625	75.865	8.787374716295961
APS60115	2025-10-03T05:30:01Z	1759469401	22.54987471629596	13.7675	75.92	8.78237471629596
APS60115	2025-10-03T05:40:01Z	1759470001	22.54987471629596	13.7625	75.91	8.787374716295961
APS60115	2025-10-03T05:50:01Z	1759470601	22.54987471629596	13.78125	75.935	8.76862471629596
APS60115	2025-10-03T06:00:01Z	1759471201	22.54987471629596	13.760000000000002	75.86	8.789874716295959
APS60115	2025-10-03T06:10:01Z	1759471801	22.54987471629596	13.75	75.9625	8.79987471629596
APS60115	2025-10-03T06:20:01Z	1759472401	23.052401951883795	13.7675	75.9025	9.284901951883795
APS60115	2025-10-03T06:30:01Z	1759473001	22.54987471629596	13.77875	75.8675	8.77112471629596
APS60115	2025-10-03T06:40:01Z	1759473601	22.54987471629596	13.7475	75.7575	8.80237471629596
APS60115	2025-10-03T06:50:01Z	1759474201	22.54987471629596	13.75	75.08	8.79987471629596
APS60115	2025-10-03T07:00:01Z	1759474801	22.54987471629596	13.75	74.3625	8.79987471629596
APS60115	2025-10-03T07:10:01Z	1759475401	22.54987471629596	13.752500000000001	73.84	8.797374716295959
APS60115	2025-10-03T07:20:01Z	1759476001	22.54987471629596	13.7575	73.5425	8.79237471629596
APS60115	2025-10-03T07:30:01Z	1759476601	22.54987471629596	13.728750000000002	73.2125	8.821124716295959
APS60115	2025-10-03T07:40:01Z	1759477201	22.54987471629596	13.763750000000002	72.9475	8.786124716295959
APS60115	2025-10-03T07:50:01Z	1759477801	22.54987471629596	13.755	72.835	8.79487471629596
APS60115	2025-10-03T08:00:01Z	1759478401	22.54987471629596	13.78125	72.7375	8.76862471629596
APS60115	2025-10-03T08:10:01Z	1759479001	22.54987471629596	13.76875	72.845	8.78112471629596
APS60115	2025-10-03T08:20:01Z	1759479601	22.54987471629596	13.76625	72.79	8.78362471629596
APS60115	2025-10-03T08:30:01Z	1759480201	22.54987471629596	13.763750000000002	72.995	8.786124716295959
APS60115	2025-10-03T08:40:01Z	1759480801	23.052401951883795	13.75	73.155	9.302401951883795
APS60115	2025-10-03T08:50:01Z	1759481401	23.052401951883795	13.78875	73.6875	9.263651951883794
APS60115	2025-10-03T09:00:01Z	1759482001	23.052401951883795	13.79625	74.2575	9.256151951883794
APS60115	2025-10-03T09:10:01Z	1759482601	28.580201543349975	13.787500000000001	74.7325	14.792701543349974
APS60115	2025-10-03T09:20:01Z	1759483201	30.087783250113482	13.77125	75.175	16.31653325011348
APS60115	2025-10-03T09:30:01Z	1759483801	33.60547389922832	13.79375	75.5175	19.811723899228323
APS60115	2025-10-03T09:40:01Z	1759484401	35.61558284157966	13.77375	75.965	21.84183284157966
APS60115	2025-10-03T09:50:01Z	1759485001	35.113055605991825	13.78875	76.1975	21.324305605991825
APS60115	2025-10-03T10:00:01Z	1759485601	34.108001134816156	13.805	76.585	20.303001134816157
APS60115	2025-10-03T10:10:01Z	1759486201	34.108001134816156	13.79375	76.83	20.314251134816157
APS60115	2025-10-03T10:20:01Z	1759486801	34.108001134816156	13.763750000000002	76.8975	20.344251134816155
APS60115	2025-10-03T10:30:01Z	1759487401	34.108001134816156	13.755	77.155	20.353001134816154
APS60115	2025-10-03T10:40:01Z	1759488001	34.108001134816156	13.75625	77.33	20.351751134816155
APS60115	2025-10-03T10:50:01Z	1759488601	33.10294666364049	13.776250000000001	77.2675	19.326696663640487
APS60115	2025-10-03T11:00:01Z	1759489201	29.08272877893781	13.79375	77.6475	15.28897877893781
APS60115	2025-10-03T11:10:01Z	1759489801	29.08272877893781	13.79375	78.115	15.28897877893781
APS60115	2025-10-03T11:20:01Z	1759490401	30.087783250113482	13.776250000000001	78.225	16.31153325011348
APS60115	2025-10-03T11:30:01Z	1759491001	31.09283772128915	13.776250000000001	78.805	17.31658772128915
APS60115	2025-10-03T11:40:01Z	1759491601	30.590310485701316	13.8	79.1025	16.790310485701315
APS60115	2025-10-03T11:50:01Z	1759492201	31.09283772128915	13.76625	79.4825	17.32658772128915
APS60115	2025-10-03T12:00:01Z	1759492801	31.09283772128915	13.763750000000002	79.89	17.32908772128915
APS60115	2025-10-03T12:10:01Z	1759493401	30.590310485701316	13.77375	80.0225	16.816560485701316
APS60115	2025-10-03T12:20:01Z	1759494001	31.09283772128915	13.763750000000002	80.26	17.32908772128915
APS60115	2025-10-03T12:30:01Z	1759494601	31.09283772128915	13.76125	80.2375	17.33158772128915
APS60115	2025-10-03T12:40:01Z	1759495201	30.590310485701316	13.75375	80.195	16.836560485701316
APS60115	2025-10-03T12:50:01Z	1759495801	30.590310485701316	13.75625	80.2875	16.834060485701315
APS60115	2025-10-03T13:00:01Z	1759496401	31.595364956876985	13.776250000000001	80.455	17.819114956876984
APS60115	2025-10-03T13:10:01Z	1759497001	31.09283772128915	13.815	80.415	17.277837721289153
APS60156	2025-10-02T15:20:01Z	1759418401	28.092	13.8975	73.4825	14.194499999999998
APS60156	2025-10-02T15:30:01Z	1759419001	27.595	13.818750000000001	74.2775	13.776249999999997
APS60156	2025-10-02T15:40:01Z	1759419601	27.595	13.795	74.6725	13.799999999999999
APS60156	2025-10-02T15:50:01Z	1759420201	27.098	13.787500000000001	74.67	13.310499999999998
APS60156	2025-10-02T16:00:01Z	1759420801	27.595	13.8125	74.7925	13.782499999999999
APS60156	2025-10-02T16:10:01Z	1759421401	27.098	13.81625	74.87	13.281749999999999
APS60156	2025-10-02T16:20:01Z	1759422001	27.098	13.80625	74.9325	13.291749999999999
APS60156	2025-10-02T16:30:01Z	1759422601	27.098	13.81625	75.1175	13.281749999999999
APS60156	2025-10-02T16:40:01Z	1759423201	27.098	13.864999999999998	75.03	13.233
APS60156	2025-10-02T16:50:01Z	1759423801	27.595	13.795	74.98	13.799999999999999
APS60156	2025-10-02T17:00:01Z	1759424401	27.595	13.79	74.98	13.805
APS60156	2025-10-02T17:10:01Z	1759425001	28.092	13.8	74.95	14.291999999999998
APS60156	2025-10-02T17:20:01Z	1759425601	32.068	13.83	75.09	18.238
APS60156	2025-10-02T17:30:01Z	1759426201	33.559	13.83	75.03	19.729
APS60156	2025-10-02T17:40:01Z	1759426801	33.559	13.83	74.8	19.729
APS60156	2025-10-02T17:50:01Z	1759427401	33.062	13.795000000000002	74.84	19.266999999999996
APS60156	2025-10-02T18:00:01Z	1759428001	33.559	13.795000000000002	74.93	19.763999999999996
APS60156	2025-10-02T18:10:01Z	1759428601	33.559	13.8	75.26	19.758999999999997
APS60156	2025-10-02T18:20:01Z	1759429201	33.559	13.774999999999999	75.22	19.784
APS60156	2025-10-02T18:30:01Z	1759429801	33.559	13.77	75.38	19.788999999999998
APS60156	2025-10-02T18:40:01Z	1759430401	33.559	13.79	75.4	19.769
APS60156	2025-10-02T18:50:01Z	1759431001	33.559	13.785	75.49	19.773999999999997
APS60156	2025-10-02T19:00:01Z	1759431601	32.565	13.775	75.56	18.79
APS60156	2025-10-02T19:10:01Z	1759432201	32.068	13.775	75.49	18.293
APS60156	2025-10-02T19:20:01Z	1759432801	32.565	13.785	75.56	18.779999999999998
APS60156	2025-10-02T19:30:01Z	1759433401	32.068	13.79	75.33	18.278
APS60156	2025-10-02T19:40:01Z	1759434001	31.570999999999998	13.805	75.29	17.766
APS60156	2025-10-02T19:50:01Z	1759434601	31.570999999999998	13.8	75.26	17.770999999999997
APS60156	2025-10-02T20:00:01Z	1759435201	32.068	13.76	75.37	18.308
APS60156	2025-10-02T20:10:01Z	1759435801	31.570999999999998	13.75	75.73	17.820999999999998
APS60156	2025-10-02T20:20:01Z	1759436401	30.577	13.735	75.79	16.842000000000002
APS60156	2025-10-02T20:30:01Z	1759437001	30.577	13.745000000000001	75.77	16.832
APS60156	2025-10-02T20:40:01Z	1759437601	30.080000000000002	13.77	75.71	16.310000000000002
APS60156	2025-10-02T20:50:01Z	1759438201	30.080000000000002	13.780000000000001	75.7	16.3
APS60156	2025-10-02T21:00:01Z	1759438801	29.086000000000002	13.805	75.16	15.281000000000002
APS60156	2025-10-02T21:10:01Z	1759439401	29.583000000000002	13.775	75.46	15.808000000000002
APS60156	2025-10-02T21:20:01Z	1759440001	29.583000000000002	13.76	75.44	15.823000000000002
APS60156	2025-10-02T21:30:01Z	1759440601	29.086000000000002	13.75	75.56	15.336000000000002
APS60156	2025-10-02T21:40:01Z	1759441201	29.086000000000002	13.75	75.68	15.336000000000002
APS60156	2025-10-02T21:50:01Z	1759441801	28.589	13.75	75.65	14.838999999999999
APS60156	2025-10-02T22:00:01Z	1759442401	28.092	13.775	75.62	14.316999999999998
APS60156	2025-10-02T22:10:01Z	1759443001	27.595	13.739999999999998	75.75	13.855
APS60156	2025-10-02T22:20:01Z	1759443601	27.098	13.739999999999998	75.94	13.358
APS60156	2025-10-02T22:30:01Z	1759444201	26.601	13.75	75.82	12.850999999999999
APS60156	2025-10-02T22:40:01Z	1759444801	26.104	13.75	75.9	12.354
APS60156	2025-10-02T22:50:01Z	1759445401	26.104	13.755	75.78	12.348999999999998
APS60156	2025-10-02T23:00:01Z	1759446001	25.607	13.735	75.87	11.872
APS60156	2025-10-02T23:10:01Z	1759446601	25.607	13.75	75.82	11.857
APS60156	2025-10-02T23:20:01Z	1759447201	25.607	13.775	75.79	11.831999999999999
APS60156	2025-10-02T23:30:01Z	1759447801	25.607	13.775	75.8	11.831999999999999
APS60156	2025-10-02T23:40:01Z	1759448401	25.607	13.745000000000001	75.78	11.861999999999998
APS60156	2025-10-02T23:50:01Z	1759449001	25.11	13.785	75.72	11.325
APS60156	2025-10-03T00:00:01Z	1759449601	25.11	13.785	75.62	11.325
APS60156	2025-10-03T00:10:01Z	1759450201	25.11	13.754999999999999	75.57	11.355
APS60156	2025-10-03T00:20:01Z	1759450801	25.11	13.775	75.48	11.334999999999999
APS60156	2025-10-03T00:30:01Z	1759451401	25.11	13.785	75.45	11.325
APS60156	2025-10-03T00:40:01Z	1759452001	24.613	13.775	75.38	10.838
APS60156	2025-10-03T00:50:01Z	1759452601	24.613	13.809999999999999	75.29	10.803
APS60156	2025-10-03T01:00:01Z	1759453201	24.613	13.7925	75.11	10.8205
APS60156	2025-10-03T01:10:01Z	1759453801	24.613	13.77125	75.2625	10.84175
APS60156	2025-10-03T01:20:01Z	1759454401	24.613	13.739999999999998	75.3775	10.873000000000001
APS60156	2025-10-03T01:30:01Z	1759455001	24.613	13.752500000000001	75.3925	10.860499999999998
APS60156	2025-10-03T01:40:01Z	1759455601	24.116	13.7675	75.2525	10.3485
APS60156	2025-10-03T01:50:01Z	1759456201	24.613	13.7625	75.1675	10.8505
APS60156	2025-10-03T02:00:01Z	1759456801	24.613	13.754999999999999	75.1675	10.858
APS60156	2025-10-03T02:10:01Z	1759457401	24.116	13.7625	75.1425	10.3535
APS60156	2025-10-03T02:20:01Z	1759458001	24.116	13.754999999999999	74.885	10.361
APS60156	2025-10-03T02:30:01Z	1759458601	24.116	13.76	74.85	10.356
APS60156	2025-10-03T02:40:01Z	1759459201	24.116	13.7625	74.8325	10.3535
APS60156	2025-10-03T02:50:01Z	1759459801	23.619	13.752500000000001	75.11	9.866499999999998
APS60156	2025-10-03T03:00:01Z	1759460401	23.619	13.7425	75.2725	9.8765
APS60156	2025-10-03T03:10:01Z	1759461001	23.619	13.76625	75.4675	9.85275
APS60156	2025-10-03T03:20:01Z	1759461601	24.116	13.7275	75.52	10.3885
APS60156	2025-10-03T03:30:01Z	1759462201	24.116	13.723749999999999	75.6125	10.39225
APS60156	2025-10-03T03:40:01Z	1759462801	24.116	13.7325	75.62	10.3835
APS60156	2025-10-03T03:50:01Z	1759463401	23.619	13.760000000000002	75.625	9.858999999999998
APS60156	2025-10-03T04:00:01Z	1759464001	23.619	13.72125	75.73	9.89775
APS60156	2025-10-03T04:10:01Z	1759464601	24.116	13.75	75.705	10.366
APS60156	2025-10-03T04:20:01Z	1759465201	24.116	13.7575	75.7675	10.3585
APS60156	2025-10-03T04:30:01Z	1759465801	24.116	13.72625	75.7975	10.38975
APS60156	2025-10-03T04:40:01Z	1759466401	24.116	13.71875	75.9475	10.39725
APS60156	2025-10-03T04:50:01Z	1759467001	24.116	13.739999999999998	75.8925	10.376000000000001
APS60156	2025-10-03T05:00:01Z	1759467601	24.116	13.7275	75.8625	10.3885
APS60156	2025-10-03T05:10:01Z	1759468201	23.619	13.7625	75.8675	9.8565
APS60156	2025-10-03T05:20:01Z	1759468801	23.619	13.7625	75.865	9.8565
APS60156	2025-10-03T05:30:01Z	1759469401	23.619	13.7675	75.92	9.8515
APS60156	2025-10-03T05:40:01Z	1759470001	23.619	13.7625	75.91	9.8565
APS60156	2025-10-03T05:50:01Z	1759470601	23.619	13.78125	75.935	9.83775
APS60156	2025-10-03T06:00:01Z	1759471201	23.619	13.760000000000002	75.86	9.858999999999998
APS60156	2025-10-03T06:10:01Z	1759471801	23.122	13.75	75.9625	9.372
APS60156	2025-10-03T06:20:01Z	1759472401	23.122	13.7675	75.9025	9.3545
APS60156	2025-10-03T06:30:01Z	1759473001	23.122	13.77875	75.8675	9.34325
APS60156	2025-10-03T06:40:01Z	1759473601	23.122	13.7475	75.7575	9.3745
APS60156	2025-10-03T06:50:01Z	1759474201	23.619	13.75	75.08	9.869
APS60156	2025-10-03T07:00:01Z	1759474801	23.619	13.75	74.3625	9.869
APS60156	2025-10-03T07:10:01Z	1759475401	23.619	13.752500000000001	73.84	9.866499999999998
APS60156	2025-10-03T07:20:01Z	1759476001	23.619	13.7575	73.5425	9.8615
APS60156	2025-10-03T07:30:01Z	1759476601	23.619	13.728750000000002	73.2125	9.890249999999998
APS60156	2025-10-03T07:40:01Z	1759477201	23.619	13.763750000000002	72.9475	9.855249999999998
APS60156	2025-10-03T07:50:01Z	1759477801	23.619	13.755	72.835	9.863999999999999
APS60156	2025-10-03T08:00:01Z	1759478401	23.619	13.78125	72.7375	9.83775
APS60156	2025-10-03T08:10:01Z	1759479001	23.619	13.76875	72.845	9.850249999999999
APS60156	2025-10-03T08:20:01Z	1759479601	23.619	13.76625	72.79	9.85275
APS60156	2025-10-03T08:30:01Z	1759480201	23.619	13.763750000000002	72.995	9.855249999999998
APS60156	2025-10-03T08:40:01Z	1759480801	23.619	13.75	73.155	9.869
APS60156	2025-10-03T08:50:01Z	1759481401	23.619	13.78875	73.6875	9.83025
APS60156	2025-10-03T09:00:01Z	1759482001	23.619	13.79625	74.2575	9.82275
APS60156	2025-10-03T09:10:01Z	1759482601	23.619	13.787500000000001	74.7325	9.831499999999998
APS60156	2025-10-03T09:20:01Z	1759483201	23.619	13.77125	75.175	9.84775
APS60156	2025-10-03T09:30:01Z	1759483801	23.619	13.79375	75.5175	9.82525
APS60156	2025-10-03T09:40:01Z	1759484401	23.619	13.77375	75.965	9.84525
APS60156	2025-10-03T09:50:01Z	1759485001	23.619	13.78875	76.1975	9.83025
APS60156	2025-10-03T10:00:01Z	1759485601	23.619	13.805	76.585	9.814
APS60156	2025-10-03T10:10:01Z	1759486201	23.619	13.79375	76.83	9.82525
APS60156	2025-10-03T10:20:01Z	1759486801	24.613	13.763750000000002	76.8975	10.849249999999998
APS60156	2025-10-03T10:30:01Z	1759487401	25.607	13.755	77.155	11.851999999999999
APS60156	2025-10-03T10:40:01Z	1759488001	25.607	13.75625	77.33	11.85075
APS60156	2025-10-03T10:50:01Z	1759488601	25.11	13.776250000000001	77.2675	11.333749999999998
APS60156	2025-10-03T11:00:01Z	1759489201	25.11	13.79375	77.6475	11.31625
APS60156	2025-10-03T11:10:01Z	1759489801	27.098	13.79375	78.115	13.30425
APS60156	2025-10-03T11:20:01Z	1759490401	32.068	13.776250000000001	78.225	18.291749999999997
APS60156	2025-10-03T11:30:01Z	1759491001	32.565	13.776250000000001	78.805	18.788749999999997
APS60156	2025-10-03T11:40:01Z	1759491601	33.062	13.8	79.1025	19.261999999999997
APS60156	2025-10-03T11:50:01Z	1759492201	33.062	13.76625	79.4825	19.295749999999998
APS60156	2025-10-03T12:00:01Z	1759492801	33.062	13.763750000000002	79.89	19.298249999999996
APS60156	2025-10-03T12:10:01Z	1759493401	33.062	13.77375	80.0225	19.288249999999998
APS60156	2025-10-03T12:20:01Z	1759494001	32.565	13.763750000000002	80.26	18.801249999999996
APS60156	2025-10-03T12:30:01Z	1759494601	33.062	13.76125	80.2375	19.300749999999997
APS60156	2025-10-03T12:40:01Z	1759495201	33.062	13.75375	80.195	19.308249999999997
APS60156	2025-10-03T12:50:01Z	1759495801	32.565	13.75625	80.2875	18.808749999999996
APS60156	2025-10-03T13:00:01Z	1759496401	33.062	13.776250000000001	80.455	19.285749999999997
APS60156	2025-10-03T13:10:01Z	1759497001	32.565	13.815	80.415	18.75
APS36106	2025-10-02T15:20:01Z	1759418401	31.673458118122614	13.8975	73.4825	17.775958118122613
APS36106	2025-10-02T15:30:01Z	1759419001	30.181788457219852	13.818750000000001	74.2775	16.36303845721985
APS36106	2025-10-02T15:40:01Z	1759419601	29.18734201661801	13.795	74.6725	15.392342016618011
APS36106	2025-10-02T15:50:01Z	1759420201	31.176234897821693	13.787500000000001	74.67	17.388734897821692
APS36106	2025-10-02T16:00:01Z	1759420801	29.68456523691893	13.8125	74.7925	15.872065236918932
APS36106	2025-10-02T16:10:01Z	1759421401	31.176234897821693	13.81625	74.87	17.359984897821693
APS36106	2025-10-02T16:20:01Z	1759422001	30.679011677520773	13.80625	74.9325	16.87276167752077
APS36106	2025-10-02T16:30:01Z	1759422601	29.68456523691893	13.81625	75.1175	15.868315236918932
APS36106	2025-10-02T16:40:01Z	1759423201	29.68456523691893	13.864999999999998	75.03	15.819565236918933
APS36106	2025-10-02T16:50:01Z	1759423801	29.68456523691893	13.795	74.98	15.889565236918932
APS36106	2025-10-02T17:00:01Z	1759424401	30.181788457219852	13.79	74.98	16.391788457219853
APS36106	2025-10-02T17:10:01Z	1759425001	29.68456523691893	13.8	74.95	15.884565236918931
APS36106	2025-10-02T17:20:01Z	1759425601	28.690118796317087	13.83	75.09	14.860118796317087
APS36106	2025-10-02T17:30:01Z	1759426201	28.690118796317087	13.83	75.03	14.860118796317087
APS36106	2025-10-02T17:40:01Z	1759426801	29.68456523691893	13.83	74.8	15.854565236918932
APS36106	2025-10-02T17:50:01Z	1759427401	29.18734201661801	13.795000000000002	74.84	15.39234201661801
APS36106	2025-10-02T18:00:01Z	1759428001	28.690118796317087	13.795000000000002	74.93	14.895118796317085
APS36106	2025-10-02T18:10:01Z	1759428601	29.68456523691893	13.8	75.26	15.884565236918931
APS36106	2025-10-02T18:20:01Z	1759429201	33.66235099932629	13.774999999999999	75.22	19.887350999326294
APS36106	2025-10-02T18:30:01Z	1759429801	30.181788457219852	13.77	75.38	16.411788457219853
APS36106	2025-10-02T18:40:01Z	1759430401	29.68456523691893	13.79	75.4	15.894565236918933
APS36106	2025-10-02T18:50:01Z	1759431001	29.18734201661801	13.785	75.49	15.402342016618011
APS36106	2025-10-02T19:00:01Z	1759431601	29.18734201661801	13.775	75.56	15.41234201661801
APS36106	2025-10-02T19:10:01Z	1759432201	31.176234897821693	13.775	75.49	17.401234897821695
APS36106	2025-10-02T19:20:01Z	1759432801	29.68456523691893	13.785	75.56	15.899565236918932
APS36106	2025-10-02T19:30:01Z	1759433401	28.690118796317087	13.79	75.33	14.900118796317088
APS36106	2025-10-02T19:40:01Z	1759434001	28.690118796317087	13.805	75.29	14.885118796317087
APS36106	2025-10-02T19:50:01Z	1759434601	27.695672355715246	13.8	75.26	13.895672355715245
APS36106	2025-10-02T20:00:01Z	1759435201	27.198449135414325	13.76	75.37	13.438449135414325
APS36106	2025-10-02T20:10:01Z	1759435801	27.198449135414325	13.75	75.73	13.448449135414325
APS36106	2025-10-02T20:20:01Z	1759436401	27.198449135414325	13.735	75.79	13.463449135414326
APS36106	2025-10-02T20:30:01Z	1759437001	27.198449135414325	13.745000000000001	75.77	13.453449135414324
APS36106	2025-10-02T20:40:01Z	1759437601	27.695672355715246	13.77	75.71	13.925672355715246
APS36106	2025-10-02T20:50:01Z	1759438201	27.695672355715246	13.780000000000001	75.7	13.915672355715245
APS36106	2025-10-02T21:00:01Z	1759438801	27.695672355715246	13.805	75.16	13.890672355715246
APS36106	2025-10-02T21:10:01Z	1759439401	28.690118796317087	13.775	75.46	14.915118796317087
APS36106	2025-10-02T21:20:01Z	1759440001	28.690118796317087	13.76	75.44	14.930118796317087
APS36106	2025-10-02T21:30:01Z	1759440601	27.695672355715246	13.75	75.56	13.945672355715246
APS36106	2025-10-02T21:40:01Z	1759441201	27.695672355715246	13.75	75.68	13.945672355715246
APS36106	2025-10-02T21:50:01Z	1759441801	26.701225915113405	13.75	75.65	12.951225915113405
APS36106	2025-10-02T22:00:01Z	1759442401	25.706779474511563	13.775	75.62	11.931779474511563
APS36106	2025-10-02T22:10:01Z	1759443001	25.209556254210643	13.739999999999998	75.75	11.469556254210644
APS36106	2025-10-02T22:20:01Z	1759443601	24.2151098136088	13.739999999999998	75.94	10.475109813608803
APS36106	2025-10-02T22:30:01Z	1759444201	23.71788659330788	13.75	75.82	9.967886593307881
APS36106	2025-10-02T22:40:01Z	1759444801	23.22066337300696	13.75	75.9	9.47066337300696
APS36106	2025-10-02T22:50:01Z	1759445401	23.22066337300696	13.755	75.78	9.46566337300696
APS36106	2025-10-02T23:00:01Z	1759446001	22.72344015270604	13.735	75.87	8.98844015270604
APS36106	2025-10-02T23:10:01Z	1759446601	22.72344015270604	13.75	75.82	8.97344015270604
APS36106	2025-10-02T23:20:01Z	1759447201	22.72344015270604	13.775	75.79	8.94844015270604
APS36106	2025-10-02T23:30:01Z	1759447801	22.72344015270604	13.775	75.8	8.94844015270604
APS36106	2025-10-02T23:40:01Z	1759448401	22.22621693240512	13.745000000000001	75.78	8.481216932405118
APS36106	2025-10-02T23:50:01Z	1759449001	22.22621693240512	13.785	75.72	8.44121693240512
APS36106	2025-10-03T00:00:01Z	1759449601	22.22621693240512	13.785	75.62	8.44121693240512
APS36106	2025-10-03T00:10:01Z	1759450201	22.22621693240512	13.754999999999999	75.57	8.47121693240512
APS36106	2025-10-03T00:20:01Z	1759450801	22.22621693240512	13.775	75.48	8.451216932405119
APS36106	2025-10-03T00:30:01Z	1759451401	22.22621693240512	13.785	75.45	8.44121693240512
APS36106	2025-10-03T00:40:01Z	1759452001	22.22621693240512	13.775	75.38	8.451216932405119
APS36106	2025-10-03T00:50:01Z	1759452601	22.22621693240512	13.809999999999999	75.29	8.41621693240512
APS36106	2025-10-03T01:00:01Z	1759453201	22.22621693240512	13.7925	75.11	8.433716932405119
APS36106	2025-10-03T01:10:01Z	1759453801	22.22621693240512	13.77125	75.2625	8.454966932405119
APS36106	2025-10-03T01:20:01Z	1759454401	22.22621693240512	13.739999999999998	75.3775	8.48621693240512
APS36106	2025-10-03T01:30:01Z	1759455001	22.22621693240512	13.752500000000001	75.3925	8.473716932405118
APS36106	2025-10-03T01:40:01Z	1759455601	22.22621693240512	13.7675	75.2525	8.45871693240512
APS36106	2025-10-03T01:50:01Z	1759456201	22.22621693240512	13.7625	75.1675	8.46371693240512
APS36106	2025-10-03T02:00:01Z	1759456801	22.22621693240512	13.754999999999999	75.1675	8.47121693240512
APS36106	2025-10-03T02:10:01Z	1759457401	22.22621693240512	13.7625	75.1425	8.46371693240512
APS36106	2025-10-03T02:20:01Z	1759458001	22.22621693240512	13.754999999999999	74.885	8.47121693240512
APS36106	2025-10-03T02:30:01Z	1759458601	22.22621693240512	13.76	74.85	8.46621693240512
APS36106	2025-10-03T02:40:01Z	1759459201	22.22621693240512	13.7625	74.8325	8.46371693240512
APS36106	2025-10-03T02:50:01Z	1759459801	22.22621693240512	13.752500000000001	75.11	8.473716932405118
APS36106	2025-10-03T03:00:01Z	1759460401	22.22621693240512	13.7425	75.2725	8.48371693240512
APS36106	2025-10-03T03:10:01Z	1759461001	22.22621693240512	13.76625	75.4675	8.45996693240512
APS36106	2025-10-03T03:20:01Z	1759461601	21.7289937121042	13.7275	75.52	8.0014937121042
APS36106	2025-10-03T03:30:01Z	1759462201	21.7289937121042	13.723749999999999	75.6125	8.0052437121042
APS36106	2025-10-03T03:40:01Z	1759462801	21.7289937121042	13.7325	75.62	7.996493712104199
APS36106	2025-10-03T03:50:01Z	1759463401	21.7289937121042	13.760000000000002	75.625	7.968993712104197
APS36106	2025-10-03T04:00:01Z	1759464001	21.7289937121042	13.72125	75.73	8.0077437121042
APS36106	2025-10-03T04:10:01Z	1759464601	21.7289937121042	13.75	75.705	7.978993712104199
APS36106	2025-10-03T04:20:01Z	1759465201	21.7289937121042	13.7575	75.7675	7.971493712104198
APS36106	2025-10-03T04:30:01Z	1759465801	21.7289937121042	13.72625	75.7975	8.002743712104198
APS36106	2025-10-03T04:40:01Z	1759466401	21.7289937121042	13.71875	75.9475	8.010243712104199
APS36106	2025-10-03T04:50:01Z	1759467001	21.7289937121042	13.739999999999998	75.8925	7.9889937121042
APS36106	2025-10-03T05:00:01Z	1759467601	21.7289937121042	13.7275	75.8625	8.0014937121042
APS36106	2025-10-03T05:10:01Z	1759468201	21.7289937121042	13.7625	75.8675	7.966493712104199
APS36106	2025-10-03T05:20:01Z	1759468801	21.7289937121042	13.7625	75.865	7.966493712104199
APS36106	2025-10-03T05:30:01Z	1759469401	21.7289937121042	13.7675	75.92	7.961493712104199
APS36106	2025-10-03T05:40:01Z	1759470001	21.7289937121042	13.7625	75.91	7.966493712104199
APS36106	2025-10-03T05:50:01Z	1759470601	21.7289937121042	13.78125	75.935	7.947743712104199
APS36106	2025-10-03T06:00:01Z	1759471201	21.7289937121042	13.760000000000002	75.86	7.968993712104197
APS36106	2025-10-03T06:10:01Z	1759471801	21.7289937121042	13.75	75.9625	7.978993712104199
APS36106	2025-10-03T06:20:01Z	1759472401	21.7289937121042	13.7675	75.9025	7.961493712104199
APS36106	2025-10-03T06:30:01Z	1759473001	21.7289937121042	13.77875	75.8675	7.950243712104198
APS36106	2025-10-03T06:40:01Z	1759473601	21.7289937121042	13.7475	75.7575	7.981493712104198
APS36106	2025-10-03T06:50:01Z	1759474201	21.7289937121042	13.75	75.08	7.978993712104199
APS36106	2025-10-03T07:00:01Z	1759474801	21.7289937121042	13.75	74.3625	7.978993712104199
APS36106	2025-10-03T07:10:01Z	1759475401	21.7289937121042	13.752500000000001	73.84	7.9764937121041974
APS36106	2025-10-03T07:20:01Z	1759476001	21.7289937121042	13.7575	73.5425	7.971493712104198
APS36106	2025-10-03T07:30:01Z	1759476601	21.7289937121042	13.728750000000002	73.2125	8.000243712104197
APS36106	2025-10-03T07:40:01Z	1759477201	21.7289937121042	13.763750000000002	72.9475	7.965243712104197
APS36106	2025-10-03T07:50:01Z	1759477801	21.7289937121042	13.755	72.835	7.973993712104198
APS36106	2025-10-03T08:00:01Z	1759478401	21.7289937121042	13.78125	72.7375	7.947743712104199
APS36106	2025-10-03T08:10:01Z	1759479001	21.7289937121042	13.76875	72.845	7.960243712104198
APS36106	2025-10-03T08:20:01Z	1759479601	21.7289937121042	13.76625	72.79	7.962743712104199
APS36106	2025-10-03T08:30:01Z	1759480201	21.7289937121042	13.763750000000002	72.995	7.965243712104197
APS36106	2025-10-03T08:40:01Z	1759480801	21.7289937121042	13.75	73.155	7.978993712104199
APS36106	2025-10-03T08:50:01Z	1759481401	21.7289937121042	13.78875	73.6875	7.940243712104198
APS36106	2025-10-03T09:00:01Z	1759482001	21.7289937121042	13.79625	74.2575	7.932743712104198
APS36106	2025-10-03T09:10:01Z	1759482601	23.22066337300696	13.787500000000001	74.7325	9.433163373006959
APS36106	2025-10-03T09:20:01Z	1759483201	26.204002694812484	13.77125	75.175	12.432752694812484
APS36106	2025-10-03T09:30:01Z	1759483801	27.695672355715246	13.79375	75.5175	13.901922355715246
APS36106	2025-10-03T09:40:01Z	1759484401	27.695672355715246	13.77375	75.965	13.921922355715246
APS36106	2025-10-03T09:50:01Z	1759485001	29.68456523691893	13.78875	76.1975	15.895815236918931
APS36106	2025-10-03T10:00:01Z	1759485601	30.679011677520773	13.805	76.585	16.874011677520773
APS36106	2025-10-03T10:10:01Z	1759486201	29.68456523691893	13.79375	76.83	15.890815236918932
APS36106	2025-10-03T10:20:01Z	1759486801	33.16512777902537	13.763750000000002	76.8975	19.401377779025367
APS36106	2025-10-03T10:30:01Z	1759487401	30.679011677520773	13.755	77.155	16.924011677520774
APS36106	2025-10-03T10:40:01Z	1759488001	32.17068133842353	13.75625	77.33	18.414431338423526
APS36106	2025-10-03T10:50:01Z	1759488601	30.679011677520773	13.776250000000001	77.2675	16.902761677520772
APS36106	2025-10-03T11:00:01Z	1759489201	29.68456523691893	13.79375	77.6475	15.890815236918932
APS36106	2025-10-03T11:10:01Z	1759489801	30.679011677520773	13.79375	78.115	16.885261677520774
APS36106	2025-10-03T11:20:01Z	1759490401	29.68456523691893	13.776250000000001	78.225	15.90831523691893
APS36106	2025-10-03T11:30:01Z	1759491001	32.66790455872445	13.776250000000001	78.805	18.89165455872445
APS36106	2025-10-03T11:40:01Z	1759491601	30.181788457219852	13.8	79.1025	16.38178845721985
APS36106	2025-10-03T11:50:01Z	1759492201	29.18734201661801	13.76625	79.4825	15.421092016618012
APS36106	2025-10-03T12:00:01Z	1759492801	29.18734201661801	13.763750000000002	79.89	15.42359201661801
APS36106	2025-10-03T12:10:01Z	1759493401	28.690118796317087	13.77375	80.0225	14.916368796317087
APS36106	2025-10-03T12:20:01Z	1759494001	28.690118796317087	13.763750000000002	80.26	14.926368796317085
APS36106	2025-10-03T12:30:01Z	1759494601	28.690118796317087	13.76125	80.2375	14.928868796317087
APS36106	2025-10-03T12:40:01Z	1759495201	29.18734201661801	13.75375	80.195	15.433592016618011
APS36106	2025-10-03T12:50:01Z	1759495801	32.66790455872445	13.75625	80.2875	18.91165455872445
APS36106	2025-10-03T13:00:01Z	1759496401	32.17068133842353	13.776250000000001	80.455	18.394431338423527
APS36106	2025-10-03T13:10:01Z	1759497001	32.17068133842353	13.815	80.415	18.35568133842353
