Bat_ID	DateTime	NumberDate	Temperature	avg_temp	avg_RH	deltaT
APS36007	2025-09-08T15:10:01Z	1757344201	29.47925072293641	13.94375	80.44999999999999	15.53550072293641
APS36007	2025-09-08T15:20:01Z	1757344801	28.486053482978786	13.98875	80.0375	14.497303482978786
APS36007	2025-09-08T15:30:01Z	1757345401	27.49285624302116	13.85875	80.57124999999999	13.634106243021158
APS36007	2025-09-08T15:40:01Z	1757346001	27.98945486299997	13.81	80.67750000000001	14.17945486299997
APS36007	2025-09-08T15:50:01Z	1757346601	24.51326452314828	13.8	80.64	10.713264523148279
APS36007	2025-09-08T16:00:01Z	1757347201	26.00306038308472	13.776250000000001	80.67625	12.226810383084718
APS36007	2025-09-08T16:10:01Z	1757347801	26.996257623042347	13.79875	80.545	13.197507623042346
APS36007	2025-09-08T16:20:01Z	1757348401	26.996257623042347	13.8275	80.5	13.168757623042346
APS36007	2025-09-08T16:30:01Z	1757349001	28.486053482978786	13.841249999999999	80.89125000000001	14.644803482978787
APS36007	2025-09-08T16:40:01Z	1757349601	29.47925072293641	13.83625	80.91499999999999	15.64300072293641
APS36007	2025-09-08T16:50:01Z	1757350201	28.982652102957598	13.815	80.91874999999999	15.167652102957598
APS36007	2025-09-08T17:00:01Z	1757350801	28.982652102957598	13.84	80.75125	15.142652102957598
APS36007	2025-09-08T17:10:01Z	1757351401	28.982652102957598	13.81875	80.76	15.163902102957598
APS36007	2025-09-08T17:20:01Z	1757352001	28.982652102957598	13.8525	80.85374999999999	15.130152102957599
APS36007	2025-09-08T17:30:01Z	1757352601	29.47925072293641	13.83375	80.85624999999999	15.64550072293641
APS36007	2025-09-08T17:40:01Z	1757353201	30.472447962894034	13.82	80.93	16.652447962894033
APS36007	2025-09-08T17:50:01Z	1757353801	32.458842442809285	13.8	81.025	18.658842442809284
APS36007	2025-09-08T18:00:01Z	1757354401	35.438434162682164	13.825	80.98	21.613434162682164
APS36007	2025-09-08T18:10:01Z	1757355001	32.458842442809285	13.85	80.94	18.608842442809284
APS36007	2025-09-08T18:20:01Z	1757355601	32.458842442809285	13.84	81.00999999999999	18.618842442809285
APS36007	2025-09-08T18:30:01Z	1757356201	31.465645202851665	13.795	81.155	17.670645202851667
APS36007	2025-09-08T18:40:01Z	1757356801	30.472447962894034	13.805	81.35	16.667447962894034
APS36007	2025-09-08T18:50:01Z	1757357401	30.472447962894034	13.8	81.61	16.672447962894033
APS36007	2025-09-08T19:00:01Z	1757358001	28.486053482978786	13.815	81.53	14.671053482978786
APS36007	2025-09-08T19:10:01Z	1757358601	29.975849342915225	13.84	81.265	16.135849342915225
APS36007	2025-09-08T19:20:01Z	1757359201	30.472447962894034	13.83	81.215	16.642447962894032
APS36007	2025-09-08T19:30:01Z	1757359801	35.93503278266098	13.825	81.66	22.110032782660983
APS36007	2025-09-08T19:40:01Z	1757360401	37.42482864259741	13.82	81.94	23.60482864259741
APS36007	2025-09-08T19:50:01Z	1757361001	37.92142726257623	13.8	82.065	24.12142726257623
APS36007	2025-09-08T20:00:01Z	1757361601	38.41802588255504	13.8	82.19	24.61802588255504
APS36007	2025-09-08T20:10:01Z	1757362201	38.41802588255504	13.805	82.095	24.613025882555043
APS36007	2025-09-08T20:20:01Z	1757362801	38.41802588255504	13.809999999999999	82.16	24.608025882555044
APS36007	2025-09-08T20:30:01Z	1757363401	38.41802588255504	13.795	82.28999999999999	24.62302588255504
APS36007	2025-09-08T20:40:01Z	1757364001	38.41802588255504	13.8	82.28999999999999	24.61802588255504
APS36007	2025-09-08T20:50:01Z	1757364601	37.42482864259741	13.775	82.255	23.649828642597413
APS36007	2025-09-08T21:00:01Z	1757365201	36.9282300226186	13.775	82.16	23.1532300226186
APS36007	2025-09-08T21:10:01Z	1757365801	36.9282300226186	13.795	82.115	23.133230022618598
APS36007	2025-09-08T21:20:01Z	1757366401	32.9554410627881	13.785	82.125	19.170441062788097
APS36007	2025-09-08T21:30:01Z	1757367001	30.96904658287285	13.77	82.06	17.19904658287285
APS36007	2025-09-08T21:40:01Z	1757367601	31.962243822830477	13.774999999999999	81.85499999999999	18.187243822830478
APS36007	2025-09-08T21:50:01Z	1757368201	30.96904658287285	13.8	81.58	17.16904658287285
APS36007	2025-09-08T22:00:01Z	1757368801	33.94863830274573	13.795	81.525	20.153638302745726
APS36007	2025-09-08T22:10:01Z	1757369401	33.94863830274573	13.785	81.39500000000001	20.163638302745728
APS36007	2025-09-08T22:20:01Z	1757370001	28.486053482978786	13.8	81.14	14.686053482978785
APS36007	2025-09-08T22:30:01Z	1757370601	27.98945486299997	13.79	81.02000000000001	14.199454862999971
APS36007	2025-09-08T22:40:01Z	1757371201	27.98945486299997	13.815	81.14500000000001	14.174454862999971
APS36007	2025-09-08T22:50:01Z	1757371801	27.49285624302116	13.805	81.13	13.687856243021159
APS36007	2025-09-08T23:00:01Z	1757372401	30.472447962894034	13.79	80.985	16.682447962894035
APS36007	2025-09-08T23:10:01Z	1757373001	33.452039682766916	13.79	80.975	19.662039682766917
APS36007	2025-09-08T23:20:01Z	1757373601	30.472447962894034	13.780000000000001	80.95	16.692447962894033
APS36007	2025-09-08T23:30:01Z	1757374201	28.982652102957598	13.79	80.89500000000001	15.192652102957599
APS36007	2025-09-08T23:40:01Z	1757374801	29.975849342915225	13.795	80.905	16.180849342915224
APS36007	2025-09-08T23:50:01Z	1757375401	35.438434162682164	13.765	80.61	21.673434162682163
APS36007	2025-09-09T00:00:01Z	1757376001	33.94863830274573	13.77	80.63499999999999	20.17863830274573
APS36007	2025-09-09T00:10:01Z	1757376601	37.42482864259741	13.775	80.22999999999999	23.649828642597413
APS36007	2025-09-09T00:20:01Z	1757377201	36.43163140263979	13.8	80.22	22.631631402639787
APS36007	2025-09-09T00:30:01Z	1757377801	36.43163140263979	13.8	80.08	22.631631402639787
APS36007	2025-09-09T00:40:01Z	1757378401	36.9282300226186	13.8	80.13	23.1282300226186
APS36007	2025-09-09T00:50:01Z	1757379001	37.92142726257623	13.829999999999998	80.1	24.091427262576232
APS36007	2025-09-09T01:00:01Z	1757379601	28.982652102957598	13.795	79.69	15.187652102957598
APS36007	2025-09-09T01:10:01Z	1757380201	29.47925072293641	13.765	79.63999999999999	15.71425072293641
APS36007	2025-09-09T01:20:01Z	1757380801	29.975849342915225	13.73	79.525	16.245849342915225
APS36007	2025-09-09T01:30:01Z	1757381401	29.47925072293641	13.765	79.245	15.71425072293641
APS36007	2025-09-09T01:40:01Z	1757382001	30.96904658287285	13.780000000000001	79.28	17.189046582872848
APS36007	2025-09-09T01:50:01Z	1757382601	30.96904658287285	13.775	79.035	17.19404658287285
APS36007	2025-09-09T02:00:01Z	1757383201	31.465645202851665	13.79	78.925	17.675645202851666
APS36007	2025-09-09T02:10:01Z	1757383801	34.44523692272454	13.745000000000001	78.885	20.70023692272454
APS36007	2025-09-09T02:20:01Z	1757384401	35.438434162682164	13.805	78.625	21.633434162682164
APS36007	2025-09-09T02:30:01Z	1757385001	34.44523692272454	13.775	78.46	20.67023692272454
APS36007	2025-09-09T02:40:01Z	1757385601	32.9554410627881	13.8	78.215	19.155441062788096
APS36007	2025-09-09T02:50:01Z	1757386201	29.975849342915225	13.765	78.13499999999999	16.210849342915225
APS36007	2025-09-09T03:00:01Z	1757386801	26.996257623042347	13.780000000000001	77.93	13.216257623042345
APS36007	2025-09-09T03:10:01Z	1757387401	26.00306038308472	13.785	77.75999999999999	12.218060383084719
APS36007	2025-09-09T03:20:01Z	1757388001	27.98945486299997	13.815000000000001	77.705	14.17445486299997
APS36007	2025-09-09T03:30:01Z	1757388601	27.98945486299997	13.775	77.53999999999999	14.21445486299997
APS36007	2025-09-09T03:40:01Z	1757389201	27.49285624302116	13.77	77.33	13.722856243021159
APS36007	2025-09-09T03:50:01Z	1757389801	26.996257623042347	13.77	77.13	13.226257623042347
APS36007	2025-09-09T04:00:01Z	1757390401	26.499659003063535	13.725000000000001	76.825	12.774659003063533
APS36007	2025-09-09T04:10:01Z	1757391001	26.00306038308472	13.719999999999999	76.675	12.28306038308472
APS36007	2025-09-09T04:20:01Z	1757391601	26.00306038308472	13.76	76.455	12.24306038308472
APS36007	2025-09-09T04:30:01Z	1757392201	26.00306038308472	13.77	76.24000000000001	12.23306038308472
APS36007	2025-09-09T04:40:01Z	1757392801	24.51326452314828	13.765	76.11	10.74826452314828
APS36007	2025-09-09T04:50:01Z	1757393401	25.009863143127095	13.774999999999999	75.785	11.234863143127097
APS36007	2025-09-09T05:00:01Z	1757394001	23.520067283190656	13.79	75.53999999999999	9.730067283190657
APS36007	2025-09-09T05:10:01Z	1757394601	23.023468663211844	13.815000000000001	75.195	9.208468663211843
APS36007	2025-09-09T05:20:01Z	1757395201	23.023468663211844	13.79	74.805	9.233468663211845
APS36007	2025-09-09T05:30:01Z	1757395801	20.540475563317777	13.754999999999999	74.63	6.785475563317778
APS36007	2025-09-09T05:40:01Z	1757396401	24.51326452314828	13.785	74.24000000000001	10.72826452314828
APS36007	2025-09-09T05:50:01Z	1757397001	25.009863143127095	13.785	73.88	11.224863143127095
APS36007	2025-09-09T06:00:01Z	1757397601	22.030271423254217	13.795	73.57499999999999	8.235271423254217
APS36007	2025-09-09T06:10:01Z	1757398201	21.533672803275405	13.805	73.32	7.728672803275405
APS36007	2025-09-09T06:20:01Z	1757398801	20.04387694333896	13.8	74.285	6.243876943338961
APS36007	2025-09-09T06:30:01Z	1757399401	19.54727832336015	13.795	75.755	5.75227832336015
APS36007	2025-09-09T06:40:01Z	1757400001	19.050679703381338	13.825	77.815	5.2256797033813385
APS36007	2025-09-09T06:50:01Z	1757400601	20.540475563317777	13.83	78.995	6.710475563317777
APS36007	2025-09-09T07:00:01Z	1757401201	21.03707418329659	13.805	79.83500000000001	7.232074183296589
APS36007	2025-09-09T07:10:01Z	1757401801	20.540475563317777	13.805	80.235	6.735475563317777
APS36007	2025-09-09T07:20:01Z	1757402401	20.540475563317777	13.77	80.4	6.7704755633177776
APS36007	2025-09-09T07:30:01Z	1757403001	23.520067283190656	13.760000000000002	80.61	9.760067283190654
APS36007	2025-09-09T07:40:01Z	1757403601	24.51326452314828	13.79	81.1	10.72326452314828
APS36007	2025-09-09T07:50:01Z	1757404201	22.52687004323303	13.760000000000002	81.275	8.766870043233027
APS36007	2025-09-09T08:00:01Z	1757404801	22.52687004323303	13.77	81.465	8.756870043233029
APS36007	2025-09-09T08:10:01Z	1757405401	22.52687004323303	13.780000000000001	81.63499999999999	8.746870043233027
APS36007	2025-09-09T08:20:01Z	1757406001	22.030271423254217	13.85	81.84	8.180271423254217
APS36007	2025-09-09T08:30:01Z	1757406601	24.01666590316947	13.795	82.05	10.221665903169471
APS36007	2025-09-09T08:40:01Z	1757407201	25.506461763105907	13.79	81.96000000000001	11.716461763105908
APS36007	2025-09-09T08:50:01Z	1757407801	25.506461763105907	13.8	82.08500000000001	11.706461763105906
APS36007	2025-09-09T09:00:01Z	1757408401	25.506461763105907	13.785	82.15	11.721461763105907
APS36007	2025-09-09T09:10:01Z	1757409001	24.51326452314828	13.785	81.785	10.72826452314828
APS36007	2025-09-09T09:20:01Z	1757409601	22.52687004323303	13.785	81.715	8.741870043233028
APS36007	2025-09-09T09:30:01Z	1757410201	21.533672803275405	13.79	81.74000000000001	7.743672803275405
APS36007	2025-09-09T09:40:01Z	1757410801	21.03707418329659	13.754999999999999	81.875	7.28207418329659
APS36007	2025-09-09T09:50:01Z	1757411401	21.533672803275405	13.785	81.885	7.748672803275404
APS36007	2025-09-09T10:00:01Z	1757412001	21.03707418329659	13.82	81.895	7.217074183296589
APS36007	2025-09-09T10:10:01Z	1757412601	20.540475563317777	13.809999999999999	82.05	6.730475563317778
APS36007	2025-09-09T10:20:01Z	1757413201	22.52687004323303	13.79	82.185	8.73687004323303
APS36007	2025-09-09T10:30:01Z	1757413801	20.540475563317777	13.760000000000002	82.38	6.780475563317776
APS36007	2025-09-09T10:40:01Z	1757414401	27.98945486299997	13.775	81.735	14.21445486299997
APS36007	2025-09-09T10:50:01Z	1757415001	36.43163140263979	13.805	81.145	22.626631402639788
APS36007	2025-09-09T11:00:01Z	1757415601	35.438434162682164	13.79	81.14875	21.648434162682165
APS36007	2025-09-09T11:10:01Z	1757416201	33.452039682766916	13.76875	81.03999999999999	19.683289682766915
APS36007	2025-09-09T11:20:01Z	1757416801	34.44523692272454	13.7725	81.0325	20.67273692272454
APS36007	2025-09-09T11:30:01Z	1757417401	33.452039682766916	13.76125	81.1875	19.690789682766916
APS36007	2025-09-09T11:40:01Z	1757418001	34.94183554270335	13.76125	81.15375	21.18058554270335
APS36007	2025-09-09T11:50:01Z	1757418601	34.94183554270335	13.783750000000001	81.225	21.15808554270335
APS36007	2025-09-09T12:00:01Z	1757419201	30.472447962894034	13.7725	80.97125	16.699947962894033
APS36007	2025-09-09T12:10:01Z	1757419801	29.47925072293641	13.751249999999999	81.105	15.728000722936411
APS36007	2025-09-09T12:20:01Z	1757420401	28.982652102957598	13.806249999999999	81.1825	15.1764021029576
APS36007	2025-09-09T12:30:01Z	1757421001	28.982652102957598	13.8225	81.07625	15.160152102957598
APS36007	2025-09-09T12:40:01Z	1757421601	26.996257623042347	13.78125	81.0425	13.215007623042347
APS36007	2025-09-09T12:50:01Z	1757422201	27.98945486299997	13.77125	80.625	14.21820486299997
APS36007	2025-09-09T13:00:01Z	1757422801	28.486053482978786	13.787500000000001	80.14875	14.698553482978785
APS36021	2025-09-08T15:10:01Z	1757344201	36.92764613665065	13.94375	80.44999999999999	22.98389613665065
APS36021	2025-09-08T15:20:01Z	1757344801	36.92764613665065	13.98875	80.0375	22.93889613665065
APS36021	2025-09-08T15:30:01Z	1757345401	36.42410576127506	13.85875	80.57124999999999	22.565355761275057
APS36021	2025-09-08T15:40:01Z	1757346001	35.920565385899465	13.81	80.67750000000001	22.110565385899463
APS36021	2025-09-08T15:50:01Z	1757346601	36.92764613665065	13.8	80.64	23.12764613665065
APS36021	2025-09-08T16:00:01Z	1757347201	38.43826726277743	13.776250000000001	80.67625	24.66201726277743
APS36021	2025-09-08T16:10:01Z	1757347801	37.93472688740183	13.79875	80.545	24.13597688740183
APS36021	2025-09-08T16:20:01Z	1757348401	35.920565385899465	13.8275	80.5	22.093065385899465
APS36021	2025-09-08T16:30:01Z	1757349001	35.41702501052387	13.841249999999999	80.89125000000001	21.575775010523873
APS36021	2025-09-08T16:40:01Z	1757349601	35.41702501052387	13.83625	80.91499999999999	21.580775010523872
APS36021	2025-09-08T16:50:01Z	1757350201	35.41702501052387	13.815	80.91874999999999	21.602025010523874
APS36021	2025-09-08T17:00:01Z	1757350801	35.41702501052387	13.84	80.75125	21.577025010523872
APS36021	2025-09-08T17:10:01Z	1757351401	35.41702501052387	13.81875	80.76	21.59827501052387
APS36021	2025-09-08T17:20:01Z	1757352001	35.41702501052387	13.8525	80.85374999999999	21.564525010523873
APS36021	2025-09-08T17:30:01Z	1757352601	35.41702501052387	13.83375	80.85624999999999	21.58327501052387
APS36021	2025-09-08T17:40:01Z	1757353201	36.92764613665065	13.82	80.93	23.10764613665065
APS36021	2025-09-08T17:50:01Z	1757353801	35.920565385899465	13.8	81.025	22.120565385899464
APS36021	2025-09-08T18:00:01Z	1757354401	36.92764613665065	13.825	80.98	23.10264613665065
APS36021	2025-09-08T18:10:01Z	1757355001	36.42410576127506	13.85	80.94	22.574105761275057
APS36021	2025-09-08T18:20:01Z	1757355601	37.93472688740183	13.84	81.00999999999999	24.09472688740183
APS36021	2025-09-08T18:30:01Z	1757356201	38.43826726277743	13.795	81.155	24.643267262777428
APS36021	2025-09-08T18:40:01Z	1757356801	38.43826726277743	13.805	81.35	24.63326726277743
APS36021	2025-09-08T18:50:01Z	1757357401	35.41702501052387	13.8	81.61	21.61702501052387
APS36021	2025-09-08T19:00:01Z	1757358001	39.445348013528616	13.815	81.53	25.630348013528618
APS36021	2025-09-08T19:10:01Z	1757358601	NA	13.84	81.265	NA
APS36021	2025-09-08T19:20:01Z	1757359201	39.445348013528616	13.83	81.215	25.615348013528617
APS36021	2025-09-08T19:30:01Z	1757359801	NA	13.825	81.66	NA
APS36021	2025-09-08T19:40:01Z	1757360401	39.445348013528616	13.82	81.94	25.625348013528615
APS36021	2025-09-08T19:50:01Z	1757361001	39.445348013528616	13.8	82.065	25.645348013528615
APS36021	2025-09-08T20:00:01Z	1757361601	38.94180763815302	13.8	82.19	25.141807638153022
APS36021	2025-09-08T20:10:01Z	1757362201	39.445348013528616	13.805	82.095	25.640348013528616
APS36021	2025-09-08T20:20:01Z	1757362801	39.94888838890421	13.809999999999999	82.16	26.13888838890421
APS36021	2025-09-08T20:30:01Z	1757363401	39.445348013528616	13.795	82.28999999999999	25.650348013528614
APS36021	2025-09-08T20:40:01Z	1757364001	38.94180763815302	13.8	82.28999999999999	25.141807638153022
APS36021	2025-09-08T20:50:01Z	1757364601	37.93472688740183	13.775	82.255	24.15972688740183
APS36021	2025-09-08T21:00:01Z	1757365201	37.43118651202624	13.775	82.16	23.65618651202624
APS36021	2025-09-08T21:10:01Z	1757365801	36.42410576127506	13.795	82.115	22.629105761275056
APS36021	2025-09-08T21:20:01Z	1757366401	39.94888838890421	13.785	82.125	26.16388838890421
APS36021	2025-09-08T21:30:01Z	1757367001	37.43118651202624	13.77	82.06	23.661186512026237
APS36021	2025-09-08T21:40:01Z	1757367601	37.43118651202624	13.774999999999999	81.85499999999999	23.65618651202624
APS36021	2025-09-08T21:50:01Z	1757368201	36.42410576127506	13.8	81.58	22.624105761275057
APS36021	2025-09-08T22:00:01Z	1757368801	35.41702501052387	13.795	81.525	21.62202501052387
APS36021	2025-09-08T22:10:01Z	1757369401	35.920565385899465	13.785	81.39500000000001	22.135565385899465
APS36021	2025-09-08T22:20:01Z	1757370001	38.94180763815302	13.8	81.14	25.141807638153022
APS36021	2025-09-08T22:30:01Z	1757370601	37.93472688740183	13.79	81.02000000000001	24.14472688740183
APS36021	2025-09-08T22:40:01Z	1757371201	35.41702501052387	13.815	81.14500000000001	21.602025010523874
APS36021	2025-09-08T22:50:01Z	1757371801	33.906403884397086	13.805	81.13	20.101403884397087
APS36021	2025-09-08T23:00:01Z	1757372401	33.906403884397086	13.79	80.985	20.116403884397087
APS36021	2025-09-08T23:10:01Z	1757373001	34.409944259772686	13.79	80.975	20.619944259772687
APS36021	2025-09-08T23:20:01Z	1757373601	35.920565385899465	13.780000000000001	80.95	22.140565385899464
APS36021	2025-09-08T23:30:01Z	1757374201	38.43826726277743	13.79	80.89500000000001	24.64826726277743
APS36021	2025-09-08T23:40:01Z	1757374801	36.42410576127506	13.795	80.905	22.629105761275056
APS36021	2025-09-08T23:50:01Z	1757375401	33.906403884397086	13.765	80.61	20.141403884397086
APS36021	2025-09-09T00:00:01Z	1757376001	33.40286350902149	13.77	80.63499999999999	19.632863509021494
APS36021	2025-09-09T00:10:01Z	1757376601	31.892242382894718	13.775	80.22999999999999	18.117242382894716
APS36021	2025-09-09T00:20:01Z	1757377201	31.892242382894718	13.8	80.22	18.092242382894717
APS36021	2025-09-09T00:30:01Z	1757377801	27.86391937988997	13.8	80.08	14.06391937988997
APS36021	2025-09-09T00:40:01Z	1757378401	24.842677127636414	13.8	80.13	11.042677127636413
APS36021	2025-09-09T00:50:01Z	1757379001	22.82851562613404	13.829999999999998	80.1	8.99851562613404
APS36021	2025-09-09T01:00:01Z	1757379601	21.31789450000726	13.795	79.69	7.52289450000726
APS36021	2025-09-09T01:10:01Z	1757380201	22.82851562613404	13.765	79.63999999999999	9.063515626134038
APS36021	2025-09-09T01:20:01Z	1757380801	22.324975250758445	13.73	79.525	8.594975250758445
APS36021	2025-09-09T01:30:01Z	1757381401	22.324975250758445	13.765	79.245	8.559975250758445
APS36021	2025-09-09T01:40:01Z	1757382001	22.324975250758445	13.780000000000001	79.28	8.544975250758444
APS36021	2025-09-09T01:50:01Z	1757382601	21.31789450000726	13.775	79.035	7.542894500007259
APS36021	2025-09-09T02:00:01Z	1757383201	27.86391937988997	13.79	78.925	14.073919379889972
APS36021	2025-09-09T02:10:01Z	1757383801	28.367459755265564	13.745000000000001	78.885	14.622459755265563
APS36021	2025-09-09T02:20:01Z	1757384401	30.381621256767936	13.805	78.625	16.576621256767936
APS36021	2025-09-09T02:30:01Z	1757385001	30.381621256767936	13.775	78.46	16.606621256767937
APS36021	2025-09-09T02:40:01Z	1757385601	31.388702007519125	13.8	78.215	17.588702007519124
APS36021	2025-09-09T02:50:01Z	1757386201	31.388702007519125	13.765	78.13499999999999	17.623702007519125
APS36021	2025-09-09T03:00:01Z	1757386801	27.86391937988997	13.780000000000001	77.93	14.08391937988997
APS36021	2025-09-09T03:10:01Z	1757387401	23.835596376885224	13.785	77.75999999999999	10.050596376885224
APS36021	2025-09-09T03:20:01Z	1757388001	22.82851562613404	13.815000000000001	77.705	9.013515626134037
APS36021	2025-09-09T03:30:01Z	1757388601	22.324975250758445	13.775	77.53999999999999	8.549975250758445
APS36021	2025-09-09T03:40:01Z	1757389201	21.82143487538285	13.77	77.33	8.05143487538285
APS36021	2025-09-09T03:50:01Z	1757389801	21.82143487538285	13.77	77.13	8.05143487538285
APS36021	2025-09-09T04:00:01Z	1757390401	21.31789450000726	13.725000000000001	76.825	7.592894500007258
APS36021	2025-09-09T04:10:01Z	1757391001	21.31789450000726	13.719999999999999	76.675	7.597894500007261
APS36021	2025-09-09T04:20:01Z	1757391601	20.814354124631663	13.76	76.455	7.054354124631663
APS36021	2025-09-09T04:30:01Z	1757392201	20.310813749256074	13.77	76.24000000000001	6.540813749256074
APS36021	2025-09-09T04:40:01Z	1757392801	19.807273373880477	13.765	76.11	6.042273373880477
APS36021	2025-09-09T04:50:01Z	1757393401	19.303732998504884	13.774999999999999	75.785	5.528732998504886
APS36021	2025-09-09T05:00:01Z	1757394001	19.303732998504884	13.79	75.53999999999999	5.513732998504885
APS36021	2025-09-09T05:10:01Z	1757394601	18.80019262312929	13.815000000000001	75.195	4.98519262312929
APS36021	2025-09-09T05:20:01Z	1757395201	18.2966522477537	13.79	74.805	4.506652247753699
APS36021	2025-09-09T05:30:01Z	1757395801	17.793111872378105	13.754999999999999	74.63	4.038111872378106
APS36021	2025-09-09T05:40:01Z	1757396401	17.793111872378105	13.785	74.24000000000001	4.008111872378105
APS36021	2025-09-09T05:50:01Z	1757397001	17.289571497002513	13.785	73.88	3.5045714970025124
APS36021	2025-09-09T06:00:01Z	1757397601	17.289571497002513	13.795	73.57499999999999	3.4945714970025126
APS36021	2025-09-09T06:10:01Z	1757398201	17.289571497002513	13.805	73.32	3.484571497002513
APS36021	2025-09-09T06:20:01Z	1757398801	16.78603112162692	13.8	74.285	2.986031121626919
APS36021	2025-09-09T06:30:01Z	1757399401	16.78603112162692	13.795	75.755	2.9910311216269196
APS36021	2025-09-09T06:40:01Z	1757400001	16.78603112162692	13.825	77.815	2.9610311216269203
APS36021	2025-09-09T06:50:01Z	1757400601	16.78603112162692	13.83	78.995	2.9560311216269195
APS36021	2025-09-09T07:00:01Z	1757401201	16.78603112162692	13.805	79.83500000000001	2.98103112162692
APS36021	2025-09-09T07:10:01Z	1757401801	16.282490746251327	13.805	80.235	2.477490746251327
APS36021	2025-09-09T07:20:01Z	1757402401	16.282490746251327	13.77	80.4	2.512490746251327
APS36021	2025-09-09T07:30:01Z	1757403001	16.282490746251327	13.760000000000002	80.61	2.522490746251325
APS36021	2025-09-09T07:40:01Z	1757403601	16.282490746251327	13.79	81.1	2.4924907462513275
APS36021	2025-09-09T07:50:01Z	1757404201	16.282490746251327	13.760000000000002	81.275	2.522490746251325
APS36021	2025-09-09T08:00:01Z	1757404801	16.282490746251327	13.77	81.465	2.512490746251327
APS36021	2025-09-09T08:10:01Z	1757405401	16.282490746251327	13.780000000000001	81.63499999999999	2.5024907462513255
APS36021	2025-09-09T08:20:01Z	1757406001	16.282490746251327	13.85	81.84	2.432490746251327
APS36021	2025-09-09T08:30:01Z	1757406601	16.78603112162692	13.795	82.05	2.9910311216269196
APS36021	2025-09-09T08:40:01Z	1757407201	16.78603112162692	13.79	81.96000000000001	2.9960311216269204
APS36021	2025-09-09T08:50:01Z	1757407801	16.78603112162692	13.8	82.08500000000001	2.986031121626919
APS36021	2025-09-09T09:00:01Z	1757408401	16.78603112162692	13.785	82.15	3.0010311216269194
APS36021	2025-09-09T09:10:01Z	1757409001	16.78603112162692	13.785	81.785	3.0010311216269194
APS36021	2025-09-09T09:20:01Z	1757409601	16.78603112162692	13.785	81.715	3.0010311216269194
APS36021	2025-09-09T09:30:01Z	1757410201	16.78603112162692	13.79	81.74000000000001	2.9960311216269204
APS36021	2025-09-09T09:40:01Z	1757410801	16.78603112162692	13.754999999999999	81.875	3.0310311216269206
APS36021	2025-09-09T09:50:01Z	1757411401	17.289571497002513	13.785	81.885	3.5045714970025124
APS36021	2025-09-09T10:00:01Z	1757412001	23.33205600150963	13.82	81.895	9.512056001509631
APS36021	2025-09-09T10:10:01Z	1757412601	30.885161632143532	13.809999999999999	82.05	17.075161632143534
APS36021	2025-09-09T10:20:01Z	1757413201	31.388702007519125	13.79	82.185	17.598702007519126
APS36021	2025-09-09T10:30:01Z	1757413801	31.892242382894718	13.760000000000002	82.38	18.132242382894717
APS36021	2025-09-09T10:40:01Z	1757414401	31.892242382894718	13.775	81.735	18.117242382894716
APS36021	2025-09-09T10:50:01Z	1757415001	34.409944259772686	13.805	81.145	20.604944259772687
APS36021	2025-09-09T11:00:01Z	1757415601	37.93472688740183	13.79	81.14875	24.14472688740183
APS36021	2025-09-09T11:10:01Z	1757416201	35.41702501052387	13.76875	81.03999999999999	21.64827501052387
APS36021	2025-09-09T11:20:01Z	1757416801	36.42410576127506	13.7725	81.0325	22.651605761275057
APS36021	2025-09-09T11:30:01Z	1757417401	37.93472688740183	13.76125	81.1875	24.17347688740183
APS36021	2025-09-09T11:40:01Z	1757418001	38.43826726277743	13.76125	81.15375	24.67701726277743
APS36021	2025-09-09T11:50:01Z	1757418601	34.91348463514827	13.783750000000001	81.225	21.12973463514827
APS36021	2025-09-09T12:00:01Z	1757419201	38.94180763815302	13.7725	80.97125	25.169307638153022
APS36021	2025-09-09T12:10:01Z	1757419801	38.94180763815302	13.751249999999999	81.105	25.190557638153024
APS36021	2025-09-09T12:20:01Z	1757420401	38.94180763815302	13.806249999999999	81.1825	25.135557638153024
APS36021	2025-09-09T12:30:01Z	1757421001	38.94180763815302	13.8225	81.07625	25.119307638153025
APS36021	2025-09-09T12:40:01Z	1757421601	39.445348013528616	13.78125	81.0425	25.664098013528616
APS36021	2025-09-09T12:50:01Z	1757422201	39.445348013528616	13.77125	80.625	25.674098013528614
APS36021	2025-09-09T13:00:01Z	1757422801	39.445348013528616	13.787500000000001	80.14875	25.657848013528614
APS36026	2025-09-08T15:10:01Z	1757344201	34.45168250046152	13.94375	80.44999999999999	20.50793250046152
APS36026	2025-09-08T15:20:01Z	1757344801	34.45168250046152	13.98875	80.0375	20.462932500461523
APS36026	2025-09-08T15:30:01Z	1757345401	34.94429670969483	13.85875	80.57124999999999	21.08554670969483
APS36026	2025-09-08T15:40:01Z	1757346001	34.94429670969483	13.81	80.67750000000001	21.13429670969483
APS36026	2025-09-08T15:50:01Z	1757346601	35.436910918928135	13.8	80.64	21.636910918928134
APS36026	2025-09-08T16:00:01Z	1757347201	35.436910918928135	13.776250000000001	80.67625	21.660660918928134
APS36026	2025-09-08T16:10:01Z	1757347801	35.92952512816143	13.79875	80.545	22.13077512816143
APS36026	2025-09-08T16:20:01Z	1757348401	35.92952512816143	13.8275	80.5	22.10202512816143
APS36026	2025-09-08T16:30:01Z	1757349001	35.436910918928135	13.841249999999999	80.89125000000001	21.595660918928136
APS36026	2025-09-08T16:40:01Z	1757349601	35.92952512816143	13.83625	80.91499999999999	22.09327512816143
APS36026	2025-09-08T16:50:01Z	1757350201	35.92952512816143	13.815	80.91874999999999	22.114525128161432
APS36026	2025-09-08T17:00:01Z	1757350801	36.42213933739474	13.84	80.75125	22.58213933739474
APS36026	2025-09-08T17:10:01Z	1757351401	35.92952512816143	13.81875	80.76	22.11077512816143
APS36026	2025-09-08T17:20:01Z	1757352001	35.436910918928135	13.8525	80.85374999999999	21.584410918928135
APS36026	2025-09-08T17:30:01Z	1757352601	35.436910918928135	13.83375	80.85624999999999	21.603160918928133
APS36026	2025-09-08T17:40:01Z	1757353201	37.899981965094646	13.82	80.93	24.079981965094646
APS36026	2025-09-08T17:50:01Z	1757353801	39.87043880202786	13.8	81.025	26.070438802027862
APS36026	2025-09-08T18:00:01Z	1757354401	39.37782459279455	13.825	80.98	25.552824592794554
APS36026	2025-09-08T18:10:01Z	1757355001	35.92952512816143	13.85	80.94	22.07952512816143
APS36026	2025-09-08T18:20:01Z	1757355601	35.436910918928135	13.84	81.00999999999999	21.596910918928135
APS36026	2025-09-08T18:30:01Z	1757356201	35.436910918928135	13.795	81.155	21.641910918928133
APS36026	2025-09-08T18:40:01Z	1757356801	35.436910918928135	13.805	81.35	21.631910918928135
APS36026	2025-09-08T18:50:01Z	1757357401	35.436910918928135	13.8	81.61	21.636910918928134
APS36026	2025-09-08T19:00:01Z	1757358001	34.94429670969483	13.815	81.53	21.129296709694835
APS36026	2025-09-08T19:10:01Z	1757358601	36.91475354662804	13.84	81.265	23.074753546628042
APS36026	2025-09-08T19:20:01Z	1757359201	35.436910918928135	13.83	81.215	21.606910918928136
APS36026	2025-09-08T19:30:01Z	1757359801	34.94429670969483	13.825	81.66	21.119296709694833
APS36026	2025-09-08T19:40:01Z	1757360401	34.94429670969483	13.82	81.94	21.124296709694832
APS36026	2025-09-08T19:50:01Z	1757361001	34.45168250046152	13.8	82.065	20.651682500461522
APS36026	2025-09-08T20:00:01Z	1757361601	31.988611454295008	13.8	82.19	18.188611454295007
APS36026	2025-09-08T20:10:01Z	1757362201	33.46645408199492	13.805	82.095	19.66145408199492
APS36026	2025-09-08T20:20:01Z	1757362801	33.95906829122822	13.809999999999999	82.16	20.14906829122822
APS36026	2025-09-08T20:30:01Z	1757363401	33.95906829122822	13.795	82.28999999999999	20.16406829122822
APS36026	2025-09-08T20:40:01Z	1757364001	32.973839872761616	13.8	82.28999999999999	19.173839872761615
APS36026	2025-09-08T20:50:01Z	1757364601	32.48122566352831	13.775	82.255	18.706225663528315
APS36026	2025-09-08T21:00:01Z	1757365201	31.49599724506171	13.775	82.16	17.72099724506171
APS36026	2025-09-08T21:10:01Z	1757365801	31.49599724506171	13.795	82.115	17.700997245061707
APS36026	2025-09-08T21:20:01Z	1757366401	36.42213933739474	13.785	82.125	22.63713933739474
APS36026	2025-09-08T21:30:01Z	1757367001	35.436910918928135	13.77	82.06	21.666910918928135
APS36026	2025-09-08T21:40:01Z	1757367601	34.94429670969483	13.774999999999999	81.85499999999999	21.169296709694834
APS36026	2025-09-08T21:50:01Z	1757368201	34.45168250046152	13.8	81.58	20.651682500461522
APS36026	2025-09-08T22:00:01Z	1757368801	36.42213933739474	13.795	81.525	22.627139337394738
APS36026	2025-09-08T22:10:01Z	1757369401	36.91475354662804	13.785	81.39500000000001	23.12975354662804
APS36026	2025-09-08T22:20:01Z	1757370001	34.94429670969483	13.8	81.14	21.14429670969483
APS36026	2025-09-08T22:30:01Z	1757370601	35.436910918928135	13.79	81.02000000000001	21.646910918928135
APS36026	2025-09-08T22:40:01Z	1757371201	35.436910918928135	13.815	81.14500000000001	21.621910918928137
APS36026	2025-09-08T22:50:01Z	1757371801	35.92952512816143	13.805	81.13	22.12452512816143
APS36026	2025-09-08T23:00:01Z	1757372401	33.95906829122822	13.79	80.985	20.16906829122822
APS36026	2025-09-08T23:10:01Z	1757373001	34.94429670969483	13.79	80.975	21.154296709694833
APS36026	2025-09-08T23:20:01Z	1757373601	32.48122566352831	13.780000000000001	80.95	18.701225663528312
APS36026	2025-09-08T23:30:01Z	1757374201	33.46645408199492	13.79	80.89500000000001	19.67645408199492
APS36026	2025-09-08T23:40:01Z	1757374801	34.94429670969483	13.795	80.905	21.14929670969483
APS36026	2025-09-08T23:50:01Z	1757375401	34.45168250046152	13.765	80.61	20.686682500461522
APS36026	2025-09-09T00:00:01Z	1757376001	34.45168250046152	13.77	80.63499999999999	20.681682500461523
APS36026	2025-09-09T00:10:01Z	1757376601	34.94429670969483	13.775	80.22999999999999	21.169296709694834
APS36026	2025-09-09T00:20:01Z	1757377201	34.94429670969483	13.8	80.22	21.14429670969483
APS36026	2025-09-09T00:30:01Z	1757377801	38.88521038356126	13.8	80.08	25.085210383561257
APS36026	2025-09-09T00:40:01Z	1757378401	36.42213933739474	13.8	80.13	22.62213933739474
APS36026	2025-09-09T00:50:01Z	1757379001	36.42213933739474	13.829999999999998	80.1	22.59213933739474
APS36026	2025-09-09T01:00:01Z	1757379601	35.436910918928135	13.795	79.69	21.641910918928133
APS36026	2025-09-09T01:10:01Z	1757380201	34.94429670969483	13.765	79.63999999999999	21.17929670969483
APS36026	2025-09-09T01:20:01Z	1757380801	34.45168250046152	13.73	79.525	20.721682500461522
APS36026	2025-09-09T01:30:01Z	1757381401	34.45168250046152	13.765	79.245	20.686682500461522
APS36026	2025-09-09T01:40:01Z	1757382001	33.95906829122822	13.780000000000001	79.28	20.17906829122822
APS36026	2025-09-09T01:50:01Z	1757382601	34.45168250046152	13.775	79.035	20.676682500461524
APS36026	2025-09-09T02:00:01Z	1757383201	36.91475354662804	13.79	78.925	23.124753546628042
APS36026	2025-09-09T02:10:01Z	1757383801	34.45168250046152	13.745000000000001	78.885	20.706682500461522
APS36026	2025-09-09T02:20:01Z	1757384401	34.45168250046152	13.805	78.625	20.646682500461523
APS36026	2025-09-09T02:30:01Z	1757385001	33.46645408199492	13.775	78.46	19.69145408199492
APS36026	2025-09-09T02:40:01Z	1757385601	36.42213933739474	13.8	78.215	22.62213933739474
APS36026	2025-09-09T02:50:01Z	1757386201	34.45168250046152	13.765	78.13499999999999	20.686682500461522
APS36026	2025-09-09T03:00:01Z	1757386801	33.95906829122822	13.780000000000001	77.93	20.17906829122822
APS36026	2025-09-09T03:10:01Z	1757387401	31.49599724506171	13.785	77.75999999999999	17.71099724506171
APS36026	2025-09-09T03:20:01Z	1757388001	29.525540408128492	13.815000000000001	77.705	15.710540408128491
APS36026	2025-09-09T03:30:01Z	1757388601	23.77837463373995	13.775	77.53999999999999	10.00337463373995
APS36026	2025-09-09T03:40:01Z	1757389201	18.03120885935141	13.77	77.33	4.2612088593514095
APS36026	2025-09-09T03:50:01Z	1757389801	NA	13.77	77.13	NA
APS36026	2025-09-09T04:00:01Z	1757390401	16.224956758829293	13.725000000000001	76.825	2.499956758829292
APS36026	2025-09-09T04:10:01Z	1757391001	17.702799386529204	13.719999999999999	76.675	3.982799386529205
APS36026	2025-09-09T04:20:01Z	1757391601	19.180642014229115	13.76	76.455	5.420642014229115
APS36026	2025-09-09T04:30:01Z	1757392201	13.269271503429472	13.77	76.24000000000001	-0.5007284965705274
APS36026	2025-09-09T04:40:01Z	1757392801	18.195413595762506	13.765	76.11	4.430413595762506
APS36026	2025-09-09T04:50:01Z	1757393401	17.702799386529204	13.774999999999999	75.785	3.9277993865292053
APS36026	2025-09-09T05:00:01Z	1757394001	17.2101851772959	13.79	75.53999999999999	3.4201851772959024
APS36026	2025-09-09T05:10:01Z	1757394601	16.717570968062596	13.815000000000001	75.195	2.9025709680625944
APS36026	2025-09-09T05:20:01Z	1757395201	16.717570968062596	13.79	74.805	2.9275709680625965
APS36026	2025-09-09T05:30:01Z	1757395801	16.224956758829293	13.754999999999999	74.63	2.4699567588292943
APS36026	2025-09-09T05:40:01Z	1757396401	16.224956758829293	13.785	74.24000000000001	2.439956758829293
APS36026	2025-09-09T05:50:01Z	1757397001	16.224956758829293	13.785	73.88	2.439956758829293
APS36026	2025-09-09T06:00:01Z	1757397601	15.732342549595991	13.795	73.57499999999999	1.937342549595991
APS36026	2025-09-09T06:10:01Z	1757398201	15.732342549595991	13.805	73.32	1.9273425495959913
APS36026	2025-09-09T06:20:01Z	1757398801	15.732342549595991	13.8	74.285	1.9323425495959903
APS36026	2025-09-09T06:30:01Z	1757399401	15.732342549595991	13.795	75.755	1.937342549595991
APS36026	2025-09-09T06:40:01Z	1757400001	15.732342549595991	13.825	77.815	1.9073425495959917
APS36026	2025-09-09T06:50:01Z	1757400601	15.732342549595991	13.83	78.995	1.902342549595991
APS36026	2025-09-09T07:00:01Z	1757401201	15.239728340362685	13.805	79.83500000000001	1.4347283403626854
APS36026	2025-09-09T07:10:01Z	1757401801	15.239728340362685	13.805	80.235	1.4347283403626854
APS36026	2025-09-09T07:20:01Z	1757402401	15.239728340362685	13.77	80.4	1.4697283403626855
APS36026	2025-09-09T07:30:01Z	1757403001	15.239728340362685	13.760000000000002	80.61	1.4797283403626835
APS36026	2025-09-09T07:40:01Z	1757403601	15.239728340362685	13.79	81.1	1.449728340362686
APS36026	2025-09-09T07:50:01Z	1757404201	15.239728340362685	13.760000000000002	81.275	1.4797283403626835
APS36026	2025-09-09T08:00:01Z	1757404801	15.239728340362685	13.77	81.465	1.4697283403626855
APS36026	2025-09-09T08:10:01Z	1757405401	15.239728340362685	13.780000000000001	81.63499999999999	1.459728340362684
APS36026	2025-09-09T08:20:01Z	1757406001	15.239728340362685	13.85	81.84	1.3897283403626854
APS36026	2025-09-09T08:30:01Z	1757406601	15.239728340362685	13.795	82.05	1.4447283403626852
APS36026	2025-09-09T08:40:01Z	1757407201	15.239728340362685	13.79	81.96000000000001	1.449728340362686
APS36026	2025-09-09T08:50:01Z	1757407801	15.239728340362685	13.8	82.08500000000001	1.4397283403626844
APS36026	2025-09-09T09:00:01Z	1757408401	15.239728340362685	13.785	82.15	1.454728340362685
APS36026	2025-09-09T09:10:01Z	1757409001	15.239728340362685	13.785	81.785	1.454728340362685
APS36026	2025-09-09T09:20:01Z	1757409601	15.239728340362685	13.785	81.715	1.454728340362685
APS36026	2025-09-09T09:30:01Z	1757410201	15.239728340362685	13.79	81.74000000000001	1.449728340362686
APS36026	2025-09-09T09:40:01Z	1757410801	15.239728340362685	13.754999999999999	81.875	1.484728340362686
APS36026	2025-09-09T09:50:01Z	1757411401	16.717570968062596	13.785	81.885	2.9325709680625955
APS36026	2025-09-09T10:00:01Z	1757412001	16.717570968062596	13.82	81.895	2.8975709680625954
APS36026	2025-09-09T10:10:01Z	1757412601	17.2101851772959	13.809999999999999	82.05	3.400185177295903
APS36026	2025-09-09T10:20:01Z	1757413201	18.688027804995812	13.79	82.185	4.898027804995813
APS36026	2025-09-09T10:30:01Z	1757413801	25.584626734262063	13.760000000000002	82.38	11.824626734262061
APS36026	2025-09-09T10:40:01Z	1757414401	31.49599724506171	13.775	81.735	17.72099724506171
APS36026	2025-09-09T10:50:01Z	1757415001	34.94429670969483	13.805	81.145	21.139296709694833
APS36026	2025-09-09T11:00:01Z	1757415601	33.95906829122822	13.79	81.14875	20.16906829122822
APS36026	2025-09-09T11:10:01Z	1757416201	33.95906829122822	13.76875	81.03999999999999	20.19031829122822
APS36026	2025-09-09T11:20:01Z	1757416801	35.92952512816143	13.7725	81.0325	22.15702512816143
APS36026	2025-09-09T11:30:01Z	1757417401	37.407367755861344	13.76125	81.1875	23.646117755861344
APS36026	2025-09-09T11:40:01Z	1757418001	37.899981965094646	13.76125	81.15375	24.138731965094646
APS36026	2025-09-09T11:50:01Z	1757418601	34.45168250046152	13.783750000000001	81.225	20.66793250046152
APS36026	2025-09-09T12:00:01Z	1757419201	34.45168250046152	13.7725	80.97125	20.679182500461522
APS36026	2025-09-09T12:10:01Z	1757419801	33.46645408199492	13.751249999999999	81.105	19.71520408199492
APS36026	2025-09-09T12:20:01Z	1757420401	33.95906829122822	13.806249999999999	81.1825	20.152818291228222
APS36026	2025-09-09T12:30:01Z	1757421001	34.45168250046152	13.8225	81.07625	20.629182500461525
APS36026	2025-09-09T12:40:01Z	1757421601	33.95906829122822	13.78125	81.0425	20.17781829122822
APS36026	2025-09-09T12:50:01Z	1757422201	33.95906829122822	13.77125	80.625	20.18781829122822
APS36026	2025-09-09T13:00:01Z	1757422801	34.94429670969483	13.787500000000001	80.14875	21.15679670969483
APS36036	2025-09-08T15:10:01Z	1757344201	33.71378767340582	13.94375	80.44999999999999	19.770037673405817
APS36036	2025-09-08T15:20:01Z	1757344801	30.712368701871775	13.98875	80.0375	16.723618701871775
APS36036	2025-09-08T15:30:01Z	1757345401	30.212132206616097	13.85875	80.57124999999999	16.353382206616097
APS36036	2025-09-08T15:40:01Z	1757346001	29.711895711360423	13.81	80.67750000000001	15.901895711360423
APS36036	2025-09-08T15:50:01Z	1757346601	29.21165921610475	13.8	80.64	15.411659216104749
APS36036	2025-09-08T16:00:01Z	1757347201	29.711895711360423	13.776250000000001	80.67625	15.935645711360422
APS36036	2025-09-08T16:10:01Z	1757347801	29.711895711360423	13.79875	80.545	15.913145711360423
APS36036	2025-09-08T16:20:01Z	1757348401	29.711895711360423	13.8275	80.5	15.884395711360423
APS36036	2025-09-08T16:30:01Z	1757349001	30.212132206616097	13.841249999999999	80.89125000000001	16.3708822066161
APS36036	2025-09-08T16:40:01Z	1757349601	30.212132206616097	13.83625	80.91499999999999	16.375882206616097
APS36036	2025-09-08T16:50:01Z	1757350201	31.21260519712745	13.815	80.91874999999999	17.397605197127447
APS36036	2025-09-08T17:00:01Z	1757350801	32.21307818763879	13.84	80.75125	18.373078187638793
APS36036	2025-09-08T17:10:01Z	1757351401	34.214024168661496	13.81875	80.76	20.395274168661494
APS36036	2025-09-08T17:20:01Z	1757352001	30.712368701871775	13.8525	80.85374999999999	16.859868701871775
APS36036	2025-09-08T17:30:01Z	1757352601	30.212132206616097	13.83375	80.85624999999999	16.378382206616095
APS36036	2025-09-08T17:40:01Z	1757353201	30.212132206616097	13.82	80.93	16.392132206616097
APS36036	2025-09-08T17:50:01Z	1757353801	29.711895711360423	13.8	81.025	15.911895711360422
APS36036	2025-09-08T18:00:01Z	1757354401	29.711895711360423	13.825	80.98	15.886895711360424
APS36036	2025-09-08T18:10:01Z	1757355001	29.711895711360423	13.85	80.94	15.861895711360424
APS36036	2025-09-08T18:20:01Z	1757355601	29.711895711360423	13.84	81.00999999999999	15.871895711360423
APS36036	2025-09-08T18:30:01Z	1757356201	32.21307818763879	13.795	81.155	18.41807818763879
APS36036	2025-09-08T18:40:01Z	1757356801	33.71378767340582	13.805	81.35	19.90878767340582
APS36036	2025-09-08T18:50:01Z	1757357401	36.21497014968419	13.8	81.61	22.41497014968419
APS36036	2025-09-08T19:00:01Z	1757358001	36.21497014968419	13.815	81.53	22.399970149684194
APS36036	2025-09-08T19:10:01Z	1757358601	34.714260663917166	13.84	81.265	20.874260663917166
APS36036	2025-09-08T19:20:01Z	1757359201	30.712368701871775	13.83	81.215	16.882368701871776
APS36036	2025-09-08T19:30:01Z	1757359801	30.212132206616097	13.825	81.66	16.387132206616098
APS36036	2025-09-08T19:40:01Z	1757360401	30.712368701871775	13.82	81.94	16.892368701871774
APS36036	2025-09-08T19:50:01Z	1757361001	38.21591613070689	13.8	82.065	24.415916130706886
APS36036	2025-09-08T20:00:01Z	1757361601	31.71284169238312	13.8	82.19	17.912841692383118
APS36036	2025-09-08T20:10:01Z	1757362201	30.212132206616097	13.805	82.095	16.407132206616097
APS36036	2025-09-08T20:20:01Z	1757362801	31.71284169238312	13.809999999999999	82.16	17.90284169238312
APS36036	2025-09-08T20:30:01Z	1757363401	29.711895711360423	13.795	82.28999999999999	15.916895711360423
APS36036	2025-09-08T20:40:01Z	1757364001	30.712368701871775	13.8	82.28999999999999	16.912368701871774
APS36036	2025-09-08T20:50:01Z	1757364601	30.712368701871775	13.775	82.255	16.937368701871776
APS36036	2025-09-08T21:00:01Z	1757365201	30.212132206616097	13.775	82.16	16.4371322066161
APS36036	2025-09-08T21:10:01Z	1757365801	34.714260663917166	13.795	82.115	20.919260663917164
APS36036	2025-09-08T21:20:01Z	1757366401	35.21449715917284	13.785	82.125	21.429497159172843
APS36036	2025-09-08T21:30:01Z	1757367001	34.714260663917166	13.77	82.06	20.944260663917166
APS36036	2025-09-08T21:40:01Z	1757367601	34.214024168661496	13.774999999999999	81.85499999999999	20.439024168661497
APS36036	2025-09-08T21:50:01Z	1757368201	33.71378767340582	13.8	81.58	19.913787673405817
APS36036	2025-09-08T22:00:01Z	1757368801	30.212132206616097	13.795	81.525	16.417132206616095
APS36036	2025-09-08T22:10:01Z	1757369401	29.711895711360423	13.785	81.39500000000001	15.926895711360423
APS36036	2025-09-08T22:20:01Z	1757370001	30.212132206616097	13.8	81.14	16.412132206616096
APS36036	2025-09-08T22:30:01Z	1757370601	30.212132206616097	13.79	81.02000000000001	16.422132206616098
APS36036	2025-09-08T22:40:01Z	1757371201	31.21260519712745	13.815	81.14500000000001	17.397605197127447
APS36036	2025-09-08T22:50:01Z	1757371801	30.212132206616097	13.805	81.13	16.407132206616097
APS36036	2025-09-08T23:00:01Z	1757372401	30.212132206616097	13.79	80.985	16.422132206616098
APS36036	2025-09-08T23:10:01Z	1757373001	32.71331468289447	13.79	80.975	18.92331468289447
APS36036	2025-09-08T23:20:01Z	1757373601	37.71567963545121	13.780000000000001	80.95	23.93567963545121
APS36036	2025-09-08T23:30:01Z	1757374201	38.21591613070689	13.79	80.89500000000001	24.425916130706888
APS36036	2025-09-08T23:40:01Z	1757374801	35.714733654428514	13.795	80.905	21.919733654428512
APS36036	2025-09-08T23:50:01Z	1757375401	35.21449715917284	13.765	80.61	21.449497159172843
APS36036	2025-09-09T00:00:01Z	1757376001	30.712368701871775	13.77	80.63499999999999	16.942368701871775
APS36036	2025-09-09T00:10:01Z	1757376601	30.712368701871775	13.775	80.22999999999999	16.937368701871776
APS36036	2025-09-09T00:20:01Z	1757377201	31.21260519712745	13.8	80.22	17.412605197127448
APS36036	2025-09-09T00:30:01Z	1757377801	31.71284169238312	13.8	80.08	17.912841692383118
APS36036	2025-09-09T00:40:01Z	1757378401	31.21260519712745	13.8	80.13	17.412605197127448
APS36036	2025-09-09T00:50:01Z	1757379001	38.21591613070689	13.829999999999998	80.1	24.38591613070689
APS36036	2025-09-09T01:00:01Z	1757379601	39.216389121218235	13.795	79.69	25.421389121218233
APS36036	2025-09-09T01:10:01Z	1757380201	31.71284169238312	13.765	79.63999999999999	17.94784169238312
APS36036	2025-09-09T01:20:01Z	1757380801	30.712368701871775	13.73	79.525	16.982368701871774
APS36036	2025-09-09T01:30:01Z	1757381401	29.711895711360423	13.765	79.245	15.946895711360423
APS36036	2025-09-09T01:40:01Z	1757382001	31.21260519712745	13.780000000000001	79.28	17.432605197127447
APS36036	2025-09-09T01:50:01Z	1757382601	31.71284169238312	13.775	79.035	17.937841692383117
APS36036	2025-09-09T02:00:01Z	1757383201	31.21260519712745	13.79	78.925	17.42260519712745
APS36036	2025-09-09T02:10:01Z	1757383801	29.21165921610475	13.745000000000001	78.885	15.466659216104748
APS36036	2025-09-09T02:20:01Z	1757384401	29.21165921610475	13.805	78.625	15.40665921610475
APS36036	2025-09-09T02:30:01Z	1757385001	30.212132206616097	13.775	78.46	16.4371322066161
APS36036	2025-09-09T02:40:01Z	1757385601	30.212132206616097	13.8	78.215	16.412132206616096
APS36036	2025-09-09T02:50:01Z	1757386201	30.212132206616097	13.765	78.13499999999999	16.447132206616097
APS36036	2025-09-09T03:00:01Z	1757386801	29.711895711360423	13.780000000000001	77.93	15.931895711360422
APS36036	2025-09-09T03:10:01Z	1757387401	29.711895711360423	13.785	77.75999999999999	15.926895711360423
APS36036	2025-09-09T03:20:01Z	1757388001	37.21544314019553	13.815000000000001	77.705	23.40044314019553
APS36036	2025-09-09T03:30:01Z	1757388601	38.21591613070689	13.775	77.53999999999999	24.44091613070689
APS36036	2025-09-09T03:40:01Z	1757389201	36.21497014968419	13.77	77.33	22.444970149684192
APS36036	2025-09-09T03:50:01Z	1757389801	36.21497014968419	13.77	77.13	22.444970149684192
APS36036	2025-09-09T04:00:01Z	1757390401	38.21591613070689	13.725000000000001	76.825	24.490916130706886
APS36036	2025-09-09T04:10:01Z	1757391001	38.21591613070689	13.719999999999999	76.675	24.495916130706888
APS36036	2025-09-09T04:20:01Z	1757391601	38.71615262596256	13.76	76.455	24.95615262596256
APS36036	2025-09-09T04:30:01Z	1757392201	32.71331468289447	13.77	76.24000000000001	18.94331468289447
APS36036	2025-09-09T04:40:01Z	1757392801	34.214024168661496	13.765	76.11	20.449024168661495
APS36036	2025-09-09T04:50:01Z	1757393401	33.21355117815014	13.774999999999999	75.785	19.438551178150142
APS36036	2025-09-09T05:00:01Z	1757394001	35.714733654428514	13.79	75.53999999999999	21.924733654428515
APS36036	2025-09-09T05:10:01Z	1757394601	35.21449715917284	13.815000000000001	75.195	21.399497159172842
APS36036	2025-09-09T05:20:01Z	1757395201	34.714260663917166	13.79	74.805	20.924260663917167
APS36036	2025-09-09T05:30:01Z	1757395801	30.212132206616097	13.754999999999999	74.63	16.457132206616098
APS36036	2025-09-09T05:40:01Z	1757396401	30.212132206616097	13.785	74.24000000000001	16.427132206616097
APS36036	2025-09-09T05:50:01Z	1757397001	32.21307818763879	13.785	73.88	18.428078187638793
APS36036	2025-09-09T06:00:01Z	1757397601	33.21355117815014	13.795	73.57499999999999	19.41855117815014
APS36036	2025-09-09T06:10:01Z	1757398201	33.21355117815014	13.805	73.32	19.40855117815014
APS36036	2025-09-09T06:20:01Z	1757398801	32.71331468289447	13.8	74.285	18.91331468289447
APS36036	2025-09-09T06:30:01Z	1757399401	33.21355117815014	13.795	75.755	19.41855117815014
APS36036	2025-09-09T06:40:01Z	1757400001	34.214024168661496	13.825	77.815	20.389024168661496
APS36036	2025-09-09T06:50:01Z	1757400601	36.21497014968419	13.83	78.995	22.384970149684193
APS36036	2025-09-09T07:00:01Z	1757401201	38.21591613070689	13.805	79.83500000000001	24.410916130706887
APS36036	2025-09-09T07:10:01Z	1757401801	29.21165921610475	13.805	80.235	15.40665921610475
APS36036	2025-09-09T07:20:01Z	1757402401	28.711422720849075	13.77	80.4	14.941422720849076
APS36036	2025-09-09T07:30:01Z	1757403001	28.711422720849075	13.760000000000002	80.61	14.951422720849074
APS36036	2025-09-09T07:40:01Z	1757403601	32.21307818763879	13.79	81.1	18.423078187638794
APS36036	2025-09-09T07:50:01Z	1757404201	35.714733654428514	13.760000000000002	81.275	21.954733654428512
APS36036	2025-09-09T08:00:01Z	1757404801	35.21449715917284	13.77	81.465	21.444497159172844
APS36036	2025-09-09T08:10:01Z	1757405401	32.71331468289447	13.780000000000001	81.63499999999999	18.93331468289447
APS36036	2025-09-09T08:20:01Z	1757406001	29.711895711360423	13.85	81.84	15.861895711360424
APS36036	2025-09-09T08:30:01Z	1757406601	29.711895711360423	13.795	82.05	15.916895711360423
APS36036	2025-09-09T08:40:01Z	1757407201	29.21165921610475	13.79	81.96000000000001	15.42165921610475
APS36036	2025-09-09T08:50:01Z	1757407801	29.711895711360423	13.8	82.08500000000001	15.911895711360422
APS36036	2025-09-09T09:00:01Z	1757408401	29.711895711360423	13.785	82.15	15.926895711360423
APS36036	2025-09-09T09:10:01Z	1757409001	29.711895711360423	13.785	81.785	15.926895711360423
APS36036	2025-09-09T09:20:01Z	1757409601	29.21165921610475	13.785	81.715	15.426659216104749
APS36036	2025-09-09T09:30:01Z	1757410201	29.711895711360423	13.79	81.74000000000001	15.921895711360424
APS36036	2025-09-09T09:40:01Z	1757410801	30.212132206616097	13.754999999999999	81.875	16.457132206616098
APS36036	2025-09-09T09:50:01Z	1757411401	29.711895711360423	13.785	81.885	15.926895711360423
APS36036	2025-09-09T10:00:01Z	1757412001	29.711895711360423	13.82	81.895	15.891895711360423
APS36036	2025-09-09T10:10:01Z	1757412601	28.711422720849075	13.809999999999999	82.05	14.901422720849077
APS36036	2025-09-09T10:20:01Z	1757413201	29.711895711360423	13.79	82.185	15.921895711360424
APS36036	2025-09-09T10:30:01Z	1757413801	30.212132206616097	13.760000000000002	82.38	16.452132206616096
APS36036	2025-09-09T10:40:01Z	1757414401	28.211186225593398	13.775	81.735	14.436186225593397
APS36036	2025-09-09T10:50:01Z	1757415001	28.211186225593398	13.805	81.145	14.406186225593398
APS36036	2025-09-09T11:00:01Z	1757415601	29.21165921610475	13.79	81.14875	15.42165921610475
APS36036	2025-09-09T11:10:01Z	1757416201	28.711422720849075	13.76875	81.03999999999999	14.942672720849075
APS36036	2025-09-09T11:20:01Z	1757416801	29.21165921610475	13.7725	81.0325	15.439159216104748
APS36036	2025-09-09T11:30:01Z	1757417401	29.21165921610475	13.76125	81.1875	15.450409216104749
APS36036	2025-09-09T11:40:01Z	1757418001	28.711422720849075	13.76125	81.15375	14.950172720849075
APS36036	2025-09-09T11:50:01Z	1757418601	36.71520664493987	13.783750000000001	81.225	22.931456644939868
APS36036	2025-09-09T12:00:01Z	1757419201	38.21591613070689	13.7725	80.97125	24.443416130706886
APS36036	2025-09-09T12:10:01Z	1757419801	38.21591613070689	13.751249999999999	81.105	24.464666130706888
APS36036	2025-09-09T12:20:01Z	1757420401	30.712368701871775	13.806249999999999	81.1825	16.906118701871776
APS36036	2025-09-09T12:30:01Z	1757421001	29.21165921610475	13.8225	81.07625	15.38915921610475
APS36036	2025-09-09T12:40:01Z	1757421601	29.21165921610475	13.78125	81.0425	15.43040921610475
APS36036	2025-09-09T12:50:01Z	1757422201	32.21307818763879	13.77125	80.625	18.44182818763879
APS36036	2025-09-09T13:00:01Z	1757422801	36.21497014968419	13.787500000000001	80.14875	22.42747014968419
APS36057	2025-09-08T15:10:01Z	1757344201	36.97	13.94375	80.44999999999999	23.026249999999997
APS36057	2025-09-08T15:20:01Z	1757344801	35.9830898021309	13.98875	80.0375	21.9943398021309
APS36057	2025-09-08T15:30:01Z	1757345401	36.476544901065445	13.85875	80.57124999999999	22.617794901065444
APS36057	2025-09-08T15:40:01Z	1757346001	35.489634703196344	13.81	80.67750000000001	21.679634703196342
APS36057	2025-09-08T15:50:01Z	1757346601	34.502724505327244	13.8	80.64	20.702724505327243
APS36057	2025-09-08T16:00:01Z	1757347201	32.52890410958904	13.776250000000001	80.67625	18.75265410958904
APS36057	2025-09-08T16:10:01Z	1757347801	32.52890410958904	13.79875	80.545	18.730154109589044
APS36057	2025-09-08T16:20:01Z	1757348401	32.52890410958904	13.8275	80.5	18.701404109589042
APS36057	2025-09-08T16:30:01Z	1757349001	37.46345509893455	13.841249999999999	80.89125000000001	23.622205098934554
APS36057	2025-09-08T16:40:01Z	1757349601	37.9569101978691	13.83625	80.91499999999999	24.1206601978691
APS36057	2025-09-08T16:50:01Z	1757350201	38.45036529680365	13.815	80.91874999999999	24.635365296803656
APS36057	2025-09-08T17:00:01Z	1757350801	38.94382039573821	13.84	80.75125	25.103820395738207
APS36057	2025-09-08T17:10:01Z	1757351401	38.94382039573821	13.81875	80.76	25.125070395738206
APS36057	2025-09-08T17:20:01Z	1757352001	38.94382039573821	13.8525	80.85374999999999	25.091320395738208
APS36057	2025-09-08T17:30:01Z	1757352601	39.437275494672754	13.83375	80.85624999999999	25.603525494672752
APS36057	2025-09-08T17:40:01Z	1757353201	38.94382039573821	13.82	80.93	25.123820395738207
APS36057	2025-09-08T17:50:01Z	1757353801	38.94382039573821	13.8	81.025	25.143820395738206
APS36057	2025-09-08T18:00:01Z	1757354401	38.45036529680365	13.825	80.98	24.625365296803654
APS36057	2025-09-08T18:10:01Z	1757355001	36.476544901065445	13.85	80.94	22.626544901065444
APS36057	2025-09-08T18:20:01Z	1757355601	36.476544901065445	13.84	81.00999999999999	22.636544901065445
APS36057	2025-09-08T18:30:01Z	1757356201	38.45036529680365	13.795	81.155	24.65536529680365
APS36057	2025-09-08T18:40:01Z	1757356801	38.94382039573821	13.805	81.35	25.138820395738207
APS36057	2025-09-08T18:50:01Z	1757357401	38.94382039573821	13.8	81.61	25.143820395738206
APS36057	2025-09-08T19:00:01Z	1757358001	37.9569101978691	13.815	81.53	24.1419101978691
APS36057	2025-09-08T19:10:01Z	1757358601	37.46345509893455	13.84	81.265	23.623455098934553
APS36057	2025-09-08T19:20:01Z	1757359201	37.46345509893455	13.83	81.215	23.633455098934554
APS36057	2025-09-08T19:30:01Z	1757359801	36.476544901065445	13.825	81.66	22.651544901065446
APS36057	2025-09-08T19:40:01Z	1757360401	35.9830898021309	13.82	81.94	22.163089802130898
APS36057	2025-09-08T19:50:01Z	1757361001	35.489634703196344	13.8	82.065	21.689634703196344
APS36057	2025-09-08T20:00:01Z	1757361601	34.9961796042618	13.8	82.19	21.196179604261797
APS36057	2025-09-08T20:10:01Z	1757362201	34.9961796042618	13.805	82.095	21.191179604261798
APS36057	2025-09-08T20:20:01Z	1757362801	34.9961796042618	13.809999999999999	82.16	21.1861796042618
APS36057	2025-09-08T20:30:01Z	1757363401	35.9830898021309	13.795	82.28999999999999	22.188089802130897
APS36057	2025-09-08T20:40:01Z	1757364001	34.9961796042618	13.8	82.28999999999999	21.196179604261797
APS36057	2025-09-08T20:50:01Z	1757364601	35.489634703196344	13.775	82.255	21.714634703196346
APS36057	2025-09-08T21:00:01Z	1757365201	35.9830898021309	13.775	82.16	22.2080898021309
APS36057	2025-09-08T21:10:01Z	1757365801	35.489634703196344	13.795	82.115	21.694634703196343
APS36057	2025-09-08T21:20:01Z	1757366401	35.9830898021309	13.785	82.125	22.198089802130898
APS36057	2025-09-08T21:30:01Z	1757367001	33.022359208523596	13.77	82.06	19.252359208523597
APS36057	2025-09-08T21:40:01Z	1757367601	33.022359208523596	13.774999999999999	81.85499999999999	19.247359208523598
APS36057	2025-09-08T21:50:01Z	1757368201	33.51581430745814	13.8	81.58	19.715814307458142
APS36057	2025-09-08T22:00:01Z	1757368801	33.022359208523596	13.795	81.525	19.227359208523595
APS36057	2025-09-08T22:10:01Z	1757369401	34.0092694063927	13.785	81.39500000000001	20.224269406392697
APS36057	2025-09-08T22:20:01Z	1757370001	33.022359208523596	13.8	81.14	19.222359208523596
APS36057	2025-09-08T22:30:01Z	1757370601	33.022359208523596	13.79	81.02000000000001	19.232359208523597
APS36057	2025-09-08T22:40:01Z	1757371201	33.51581430745814	13.815	81.14500000000001	19.700814307458145
APS36057	2025-09-08T22:50:01Z	1757371801	33.51581430745814	13.805	81.13	19.710814307458143
APS36057	2025-09-08T23:00:01Z	1757372401	33.022359208523596	13.79	80.985	19.232359208523597
APS36057	2025-09-08T23:10:01Z	1757373001	33.51581430745814	13.79	80.975	19.725814307458144
APS36057	2025-09-08T23:20:01Z	1757373601	34.502724505327244	13.780000000000001	80.95	20.722724505327243
APS36057	2025-09-08T23:30:01Z	1757374201	33.51581430745814	13.79	80.89500000000001	19.725814307458144
APS36057	2025-09-08T23:40:01Z	1757374801	33.51581430745814	13.795	80.905	19.72081430745814
APS36057	2025-09-08T23:50:01Z	1757375401	33.022359208523596	13.765	80.61	19.257359208523596
APS36057	2025-09-09T00:00:01Z	1757376001	35.9830898021309	13.77	80.63499999999999	22.2130898021309
APS36057	2025-09-09T00:10:01Z	1757376601	35.9830898021309	13.775	80.22999999999999	22.2080898021309
APS36057	2025-09-09T00:20:01Z	1757377201	35.489634703196344	13.8	80.22	21.689634703196344
APS36057	2025-09-09T00:30:01Z	1757377801	34.9961796042618	13.8	80.08	21.196179604261797
APS36057	2025-09-09T00:40:01Z	1757378401	35.489634703196344	13.8	80.13	21.689634703196344
APS36057	2025-09-09T00:50:01Z	1757379001	33.51581430745814	13.829999999999998	80.1	19.685814307458145
APS36057	2025-09-09T01:00:01Z	1757379601	31.541993911719942	13.795	79.69	17.74699391171994
APS36057	2025-09-09T01:10:01Z	1757380201	32.52890410958904	13.765	79.63999999999999	18.763904109589042
APS36057	2025-09-09T01:20:01Z	1757380801	30.06162861491629	13.73	79.525	16.33162861491629
APS36057	2025-09-09T01:30:01Z	1757381401	29.568173515981737	13.765	79.245	15.803173515981737
APS36057	2025-09-09T01:40:01Z	1757382001	28.087808219178086	13.780000000000001	79.28	14.307808219178085
APS36057	2025-09-09T01:50:01Z	1757382601	26.60744292237443	13.775	79.035	12.832442922374431
APS36057	2025-09-09T02:00:01Z	1757383201	28.581263318112637	13.79	78.925	14.791263318112637
APS36057	2025-09-09T02:10:01Z	1757383801	32.03544901065449	13.745000000000001	78.885	18.290449010654488
APS36057	2025-09-09T02:20:01Z	1757384401	32.52890410958904	13.805	78.625	18.723904109589043
APS36057	2025-09-09T02:30:01Z	1757385001	29.074718417047187	13.775	78.46	15.299718417047186
APS36057	2025-09-09T02:40:01Z	1757385601	32.52890410958904	13.8	78.215	18.728904109589042
APS36057	2025-09-09T02:50:01Z	1757386201	31.541993911719942	13.765	78.13499999999999	17.77699391171994
APS36057	2025-09-09T03:00:01Z	1757386801	31.04853881278539	13.780000000000001	77.93	17.26853881278539
APS36057	2025-09-09T03:10:01Z	1757387401	32.03544901065449	13.785	77.75999999999999	18.25044901065449
APS36057	2025-09-09T03:20:01Z	1757388001	31.04853881278539	13.815000000000001	77.705	17.23353881278539
APS36057	2025-09-09T03:30:01Z	1757388601	30.555083713850838	13.775	77.53999999999999	16.780083713850836
APS36057	2025-09-09T03:40:01Z	1757389201	29.568173515981737	13.77	77.33	15.798173515981738
APS36057	2025-09-09T03:50:01Z	1757389801	27.100898021308986	13.77	77.13	13.330898021308986
APS36057	2025-09-09T04:00:01Z	1757390401	26.11398782343988	13.725000000000001	76.825	12.38898782343988
APS36057	2025-09-09T04:10:01Z	1757391001	24.633622526636227	13.719999999999999	76.675	10.913622526636228
APS36057	2025-09-09T04:20:01Z	1757391601	23.646712328767126	13.76	76.455	9.886712328767127
APS36057	2025-09-09T04:30:01Z	1757392201	22.659802130898022	13.77	76.24000000000001	8.889802130898023
APS36057	2025-09-09T04:40:01Z	1757392801	21.67289193302892	13.765	76.11	7.907891933028921
APS36057	2025-09-09T04:50:01Z	1757393401	21.17943683409437	13.774999999999999	75.785	7.404436834094373
APS36057	2025-09-09T05:00:01Z	1757394001	20.192526636225264	13.79	75.53999999999999	6.402526636225264
APS36057	2025-09-09T05:10:01Z	1757394601	19.699071537290713	13.815000000000001	75.195	5.884071537290712
APS36057	2025-09-09T05:20:01Z	1757395201	19.205616438356163	13.79	74.805	5.415616438356164
APS36057	2025-09-09T05:30:01Z	1757395801	18.218706240487062	13.754999999999999	74.63	4.463706240487063
APS36057	2025-09-09T05:40:01Z	1757396401	18.218706240487062	13.785	74.24000000000001	4.433706240487062
APS36057	2025-09-09T05:50:01Z	1757397001	17.725251141552512	13.785	73.88	3.940251141552512
APS36057	2025-09-09T06:00:01Z	1757397601	17.23179604261796	13.795	73.57499999999999	3.436796042617962
APS36057	2025-09-09T06:10:01Z	1757398201	17.23179604261796	13.805	73.32	3.426796042617962
APS36057	2025-09-09T06:20:01Z	1757398801	16.738340943683408	13.8	74.285	2.938340943683407
APS36057	2025-09-09T06:30:01Z	1757399401	16.738340943683408	13.795	75.755	2.943340943683408
APS36057	2025-09-09T06:40:01Z	1757400001	16.738340943683408	13.825	77.815	2.9133409436834086
APS36057	2025-09-09T06:50:01Z	1757400601	16.738340943683408	13.83	78.995	2.908340943683408
APS36057	2025-09-09T07:00:01Z	1757401201	16.244885844748858	13.805	79.83500000000001	2.439885844748858
APS36057	2025-09-09T07:10:01Z	1757401801	16.244885844748858	13.805	80.235	2.439885844748858
APS36057	2025-09-09T07:20:01Z	1757402401	16.244885844748858	13.77	80.4	2.474885844748858
APS36057	2025-09-09T07:30:01Z	1757403001	16.244885844748858	13.760000000000002	80.61	2.484885844748856
APS36057	2025-09-09T07:40:01Z	1757403601	16.244885844748858	13.79	81.1	2.4548858447488584
APS36057	2025-09-09T07:50:01Z	1757404201	16.244885844748858	13.760000000000002	81.275	2.484885844748856
APS36057	2025-09-09T08:00:01Z	1757404801	16.244885844748858	13.77	81.465	2.474885844748858
APS36057	2025-09-09T08:10:01Z	1757405401	16.244885844748858	13.780000000000001	81.63499999999999	2.4648858447488564
APS36057	2025-09-09T08:20:01Z	1757406001	16.244885844748858	13.85	81.84	2.394885844748858
APS36057	2025-09-09T08:30:01Z	1757406601	16.244885844748858	13.795	82.05	2.4498858447488576
APS36057	2025-09-09T08:40:01Z	1757407201	16.244885844748858	13.79	81.96000000000001	2.4548858447488584
APS36057	2025-09-09T08:50:01Z	1757407801	16.244885844748858	13.8	82.08500000000001	2.444885844748857
APS36057	2025-09-09T09:00:01Z	1757408401	16.244885844748858	13.785	82.15	2.4598858447488574
APS36057	2025-09-09T09:10:01Z	1757409001	16.244885844748858	13.785	81.785	2.4598858447488574
APS36057	2025-09-09T09:20:01Z	1757409601	16.244885844748858	13.785	81.715	2.4598858447488574
APS36057	2025-09-09T09:30:01Z	1757410201	16.244885844748858	13.79	81.74000000000001	2.4548858447488584
APS36057	2025-09-09T09:40:01Z	1757410801	16.244885844748858	13.754999999999999	81.875	2.4898858447488585
APS36057	2025-09-09T09:50:01Z	1757411401	16.738340943683408	13.785	81.885	2.9533409436834077
APS36057	2025-09-09T10:00:01Z	1757412001	18.712161339421613	13.82	81.895	4.892161339421612
APS36057	2025-09-09T10:10:01Z	1757412601	21.17943683409437	13.809999999999999	82.05	7.369436834094373
APS36057	2025-09-09T10:20:01Z	1757413201	18.712161339421613	13.79	82.185	4.9221613394216135
APS36057	2025-09-09T10:30:01Z	1757413801	20.192526636225264	13.760000000000002	82.38	6.432526636225262
APS36057	2025-09-09T10:40:01Z	1757414401	23.646712328767126	13.775	81.735	9.871712328767126
APS36057	2025-09-09T10:50:01Z	1757415001	26.60744292237443	13.805	81.145	12.802442922374432
APS36057	2025-09-09T11:00:01Z	1757415601	32.52890410958904	13.79	81.14875	18.738904109589043
APS36057	2025-09-09T11:10:01Z	1757416201	37.9569101978691	13.76875	81.03999999999999	24.1881601978691
APS36057	2025-09-09T11:20:01Z	1757416801	37.9569101978691	13.7725	81.0325	24.1844101978691
APS36057	2025-09-09T11:30:01Z	1757417401	36.97	13.76125	81.1875	23.20875
APS36057	2025-09-09T11:40:01Z	1757418001	37.46345509893455	13.76125	81.15375	23.702205098934552
APS36057	2025-09-09T11:50:01Z	1757418601	36.97	13.783750000000001	81.225	23.186249999999998
APS36057	2025-09-09T12:00:01Z	1757419201	35.9830898021309	13.7725	80.97125	22.210589802130897
APS36057	2025-09-09T12:10:01Z	1757419801	37.46345509893455	13.751249999999999	81.105	23.712205098934554
APS36057	2025-09-09T12:20:01Z	1757420401	36.476544901065445	13.806249999999999	81.1825	22.670294901065446
APS36057	2025-09-09T12:30:01Z	1757421001	34.9961796042618	13.8225	81.07625	21.1736796042618
APS36057	2025-09-09T12:40:01Z	1757421601	33.022359208523596	13.78125	81.0425	19.241109208523596
APS36057	2025-09-09T12:50:01Z	1757422201	34.502724505327244	13.77125	80.625	20.731474505327242
APS36057	2025-09-09T13:00:01Z	1757422801	34.0092694063927	13.787500000000001	80.14875	20.221769406392696
APS36106	2025-09-08T15:10:01Z	1757344201	36.472760736196314	13.94375	80.44999999999999	22.529010736196312
APS36106	2025-09-08T15:20:01Z	1757344801	30.50588957055215	13.98875	80.0375	16.51713957055215
APS36106	2025-09-08T15:30:01Z	1757345401	31.500368098159512	13.85875	80.57124999999999	17.641618098159512
APS36106	2025-09-08T15:40:01Z	1757346001	31.997607361963194	13.81	80.67750000000001	18.187607361963195
APS36106	2025-09-08T15:50:01Z	1757346601	31.997607361963194	13.8	80.64	18.197607361963193
APS36106	2025-09-08T16:00:01Z	1757347201	32.992085889570554	13.776250000000001	80.67625	19.215835889570553
APS36106	2025-09-08T16:10:01Z	1757347801	33.48932515337423	13.79875	80.545	19.690575153374233
APS36106	2025-09-08T16:20:01Z	1757348401	32.992085889570554	13.8275	80.5	19.164585889570553
APS36106	2025-09-08T16:30:01Z	1757349001	32.992085889570554	13.841249999999999	80.89125000000001	19.150835889570555
APS36106	2025-09-08T16:40:01Z	1757349601	32.49484662576687	13.83625	80.91499999999999	18.65859662576687
APS36106	2025-09-08T16:50:01Z	1757350201	32.49484662576687	13.815	80.91874999999999	18.67984662576687
APS36106	2025-09-08T17:00:01Z	1757350801	32.992085889570554	13.84	80.75125	19.152085889570554
APS36106	2025-09-08T17:10:01Z	1757351401	32.992085889570554	13.81875	80.76	19.173335889570552
APS36106	2025-09-08T17:20:01Z	1757352001	32.992085889570554	13.8525	80.85374999999999	19.139585889570554
APS36106	2025-09-08T17:30:01Z	1757352601	32.49484662576687	13.83375	80.85624999999999	18.661096625766866
APS36106	2025-09-08T17:40:01Z	1757353201	34.483803680981595	13.82	80.93	20.663803680981594
APS36106	2025-09-08T17:50:01Z	1757353801	34.483803680981595	13.8	81.025	20.683803680981594
APS36106	2025-09-08T18:00:01Z	1757354401	34.483803680981595	13.825	80.98	20.658803680981595
APS36106	2025-09-08T18:10:01Z	1757355001	33.48932515337423	13.85	80.94	19.63932515337423
APS36106	2025-09-08T18:20:01Z	1757355601	32.992085889570554	13.84	81.00999999999999	19.152085889570554
APS36106	2025-09-08T18:30:01Z	1757356201	33.48932515337423	13.795	81.155	19.69432515337423
APS36106	2025-09-08T18:40:01Z	1757356801	33.48932515337423	13.805	81.35	19.684325153374232
APS36106	2025-09-08T18:50:01Z	1757357401	31.997607361963194	13.8	81.61	18.197607361963193
APS36106	2025-09-08T19:00:01Z	1757358001	31.997607361963194	13.815	81.53	18.182607361963193
APS36106	2025-09-08T19:10:01Z	1757358601	32.49484662576687	13.84	81.265	18.65484662576687
APS36106	2025-09-08T19:20:01Z	1757359201	32.992085889570554	13.83	81.215	19.162085889570555
APS36106	2025-09-08T19:30:01Z	1757359801	32.992085889570554	13.825	81.66	19.167085889570554
APS36106	2025-09-08T19:40:01Z	1757360401	32.992085889570554	13.82	81.94	19.172085889570553
APS36106	2025-09-08T19:50:01Z	1757361001	32.992085889570554	13.8	82.065	19.192085889570553
APS36106	2025-09-08T20:00:01Z	1757361601	32.992085889570554	13.8	82.19	19.192085889570553
APS36106	2025-09-08T20:10:01Z	1757362201	32.992085889570554	13.805	82.095	19.187085889570554
APS36106	2025-09-08T20:20:01Z	1757362801	32.992085889570554	13.809999999999999	82.16	19.182085889570555
APS36106	2025-09-08T20:30:01Z	1757363401	32.992085889570554	13.795	82.28999999999999	19.197085889570552
APS36106	2025-09-08T20:40:01Z	1757364001	33.98656441717792	13.8	82.28999999999999	20.186564417177916
APS36106	2025-09-08T20:50:01Z	1757364601	36.97	13.775	82.255	23.195
APS36106	2025-09-08T21:00:01Z	1757365201	37.46723926380368	13.775	82.16	23.69223926380368
APS36106	2025-09-08T21:10:01Z	1757365801	34.98104294478528	13.795	82.115	21.186042944785278
APS36106	2025-09-08T21:20:01Z	1757366401	33.48932515337423	13.785	82.125	19.70432515337423
APS36106	2025-09-08T21:30:01Z	1757367001	33.48932515337423	13.77	82.06	19.719325153374232
APS36106	2025-09-08T21:40:01Z	1757367601	31.997607361963194	13.774999999999999	81.85499999999999	18.222607361963195
APS36106	2025-09-08T21:50:01Z	1757368201	32.49484662576687	13.8	81.58	18.694846625766868
APS36106	2025-09-08T22:00:01Z	1757368801	31.997607361963194	13.795	81.525	18.202607361963196
APS36106	2025-09-08T22:10:01Z	1757369401	34.483803680981595	13.785	81.39500000000001	20.698803680981595
APS36106	2025-09-08T22:20:01Z	1757370001	32.49484662576687	13.8	81.14	18.694846625766868
APS36106	2025-09-08T22:30:01Z	1757370601	31.997607361963194	13.79	81.02000000000001	18.207607361963195
APS36106	2025-09-08T22:40:01Z	1757371201	31.500368098159512	13.815	81.14500000000001	17.685368098159515
APS36106	2025-09-08T22:50:01Z	1757371801	31.00312883435583	13.805	81.13	17.19812883435583
APS36106	2025-09-08T23:00:01Z	1757372401	31.500368098159512	13.79	80.985	17.710368098159513
APS36106	2025-09-08T23:10:01Z	1757373001	32.49484662576687	13.79	80.975	18.70484662576687
APS36106	2025-09-08T23:20:01Z	1757373601	31.997607361963194	13.780000000000001	80.95	18.217607361963193
APS36106	2025-09-08T23:30:01Z	1757374201	31.997607361963194	13.79	80.89500000000001	18.207607361963195
APS36106	2025-09-08T23:40:01Z	1757374801	31.997607361963194	13.795	80.905	18.202607361963196
APS36106	2025-09-08T23:50:01Z	1757375401	33.48932515337423	13.765	80.61	19.72432515337423
APS36106	2025-09-09T00:00:01Z	1757376001	31.997607361963194	13.77	80.63499999999999	18.227607361963194
APS36106	2025-09-09T00:10:01Z	1757376601	31.00312883435583	13.775	80.22999999999999	17.22812883435583
APS36106	2025-09-09T00:20:01Z	1757377201	32.992085889570554	13.8	80.22	19.192085889570553
APS36106	2025-09-09T00:30:01Z	1757377801	31.00312883435583	13.8	80.08	17.20312883435583
APS36106	2025-09-09T00:40:01Z	1757378401	31.00312883435583	13.8	80.13	17.20312883435583
APS36106	2025-09-09T00:50:01Z	1757379001	35.47828220858896	13.829999999999998	80.1	21.64828220858896
APS36106	2025-09-09T01:00:01Z	1757379601	36.472760736196314	13.795	79.69	22.677760736196312
APS36106	2025-09-09T01:10:01Z	1757380201	32.992085889570554	13.765	79.63999999999999	19.227085889570553
APS36106	2025-09-09T01:20:01Z	1757380801	29.511411042944786	13.73	79.525	15.781411042944786
APS36106	2025-09-09T01:30:01Z	1757381401	29.511411042944786	13.765	79.245	15.746411042944786
APS36106	2025-09-09T01:40:01Z	1757382001	30.50588957055215	13.780000000000001	79.28	16.725889570552148
APS36106	2025-09-09T01:50:01Z	1757382601	29.511411042944786	13.775	79.035	15.736411042944786
APS36106	2025-09-09T02:00:01Z	1757383201	33.48932515337423	13.79	78.925	19.699325153374232
APS36106	2025-09-09T02:10:01Z	1757383801	34.98104294478528	13.745000000000001	78.885	21.23604294478528
APS36106	2025-09-09T02:20:01Z	1757384401	35.47828220858896	13.805	78.625	21.673282208588958
APS36106	2025-09-09T02:30:01Z	1757385001	32.992085889570554	13.775	78.46	19.217085889570555
APS36106	2025-09-09T02:40:01Z	1757385601	31.997607361963194	13.8	78.215	18.197607361963193
APS36106	2025-09-09T02:50:01Z	1757386201	35.47828220858896	13.765	78.13499999999999	21.713282208588957
APS36106	2025-09-09T03:00:01Z	1757386801	37.96447852760736	13.780000000000001	77.93	24.18447852760736
APS36106	2025-09-09T03:10:01Z	1757387401	38.958957055214725	13.785	77.75999999999999	25.173957055214725
APS36106	2025-09-09T03:20:01Z	1757388001	31.500368098159512	13.815000000000001	77.705	17.68536809815951
APS36106	2025-09-09T03:30:01Z	1757388601	32.992085889570554	13.775	77.53999999999999	19.217085889570555
APS36106	2025-09-09T03:40:01Z	1757389201	38.958957055214725	13.77	77.33	25.188957055214726
APS36106	2025-09-09T03:50:01Z	1757389801	38.958957055214725	13.77	77.13	25.188957055214726
APS36106	2025-09-09T04:00:01Z	1757390401	38.958957055214725	13.725000000000001	76.825	25.233957055214724
APS36106	2025-09-09T04:10:01Z	1757391001	38.958957055214725	13.719999999999999	76.675	25.238957055214726
APS36106	2025-09-09T04:20:01Z	1757391601	38.46171779141105	13.76	76.455	24.70171779141105
APS36106	2025-09-09T04:30:01Z	1757392201	34.483803680981595	13.77	76.24000000000001	20.713803680981595
APS36106	2025-09-09T04:40:01Z	1757392801	30.008650306748468	13.765	76.11	16.243650306748467
APS36106	2025-09-09T04:50:01Z	1757393401	28.019693251533745	13.774999999999999	75.785	14.244693251533747
APS36106	2025-09-09T05:00:01Z	1757394001	28.516932515337427	13.79	75.53999999999999	14.726932515337428
APS36106	2025-09-09T05:10:01Z	1757394601	28.516932515337427	13.815000000000001	75.195	14.701932515337425
APS36106	2025-09-09T05:20:01Z	1757395201	34.98104294478528	13.79	74.805	21.19104294478528
APS36106	2025-09-09T05:30:01Z	1757395801	32.49484662576687	13.754999999999999	74.63	18.73984662576687
APS36106	2025-09-09T05:40:01Z	1757396401	32.49484662576687	13.785	74.24000000000001	18.70984662576687
APS36106	2025-09-09T05:50:01Z	1757397001	31.997607361963194	13.785	73.88	18.212607361963194
APS36106	2025-09-09T06:00:01Z	1757397601	32.49484662576687	13.795	73.57499999999999	18.699846625766867
APS36106	2025-09-09T06:10:01Z	1757398201	32.992085889570554	13.805	73.32	19.187085889570554
APS36106	2025-09-09T06:20:01Z	1757398801	33.48932515337423	13.8	74.285	19.68932515337423
APS36106	2025-09-09T06:30:01Z	1757399401	34.98104294478528	13.795	75.755	21.186042944785278
APS36106	2025-09-09T06:40:01Z	1757400001	29.511411042944786	13.825	77.815	15.686411042944787
APS36106	2025-09-09T06:50:01Z	1757400601	31.00312883435583	13.83	78.995	17.17312883435583
APS36106	2025-09-09T07:00:01Z	1757401201	31.500368098159512	13.805	79.83500000000001	17.695368098159513
APS36106	2025-09-09T07:10:01Z	1757401801	36.472760736196314	13.805	80.235	22.667760736196314
APS36106	2025-09-09T07:20:01Z	1757402401	36.97	13.77	80.4	23.2
APS36106	2025-09-09T07:30:01Z	1757403001	35.97552147239264	13.760000000000002	80.61	22.21552147239264
APS36106	2025-09-09T07:40:01Z	1757403601	28.019693251533745	13.79	81.1	14.229693251533746
APS36106	2025-09-09T07:50:01Z	1757404201	28.019693251533745	13.760000000000002	81.275	14.259693251533744
APS36106	2025-09-09T08:00:01Z	1757404801	28.019693251533745	13.77	81.465	14.249693251533746
APS36106	2025-09-09T08:10:01Z	1757405401	35.97552147239264	13.780000000000001	81.63499999999999	22.19552147239264
APS36106	2025-09-09T08:20:01Z	1757406001	31.500368098159512	13.85	81.84	17.65036809815951
APS36106	2025-09-09T08:30:01Z	1757406601	35.97552147239264	13.795	82.05	22.18052147239264
APS36106	2025-09-09T08:40:01Z	1757407201	35.97552147239264	13.79	81.96000000000001	22.185521472392644
APS36106	2025-09-09T08:50:01Z	1757407801	30.008650306748468	13.8	82.08500000000001	16.208650306748467
APS36106	2025-09-09T09:00:01Z	1757408401	29.511411042944786	13.785	82.15	15.726411042944786
APS36106	2025-09-09T09:10:01Z	1757409001	29.511411042944786	13.785	81.785	15.726411042944786
APS36106	2025-09-09T09:20:01Z	1757409601	28.019693251533745	13.785	81.715	14.234693251533745
APS36106	2025-09-09T09:30:01Z	1757410201	27.522453987730064	13.79	81.74000000000001	13.732453987730064
APS36106	2025-09-09T09:40:01Z	1757410801	28.516932515337427	13.754999999999999	81.875	14.761932515337428
APS36106	2025-09-09T09:50:01Z	1757411401	28.019693251533745	13.785	81.885	14.234693251533745
APS36106	2025-09-09T10:00:01Z	1757412001	30.008650306748468	13.82	81.895	16.188650306748468
APS36106	2025-09-09T10:10:01Z	1757412601	29.014171779141105	13.809999999999999	82.05	15.204171779141106
APS36106	2025-09-09T10:20:01Z	1757413201	30.50588957055215	13.79	82.185	16.71588957055215
APS36106	2025-09-09T10:30:01Z	1757413801	31.500368098159512	13.760000000000002	82.38	17.74036809815951
APS36106	2025-09-09T10:40:01Z	1757414401	31.997607361963194	13.775	81.735	18.222607361963192
APS36106	2025-09-09T10:50:01Z	1757415001	34.483803680981595	13.805	81.145	20.678803680981595
APS36106	2025-09-09T11:00:01Z	1757415601	34.483803680981595	13.79	81.14875	20.693803680981596
APS36106	2025-09-09T11:10:01Z	1757416201	36.472760736196314	13.76875	81.03999999999999	22.704010736196313
APS36106	2025-09-09T11:20:01Z	1757416801	36.472760736196314	13.7725	81.0325	22.700260736196313
APS36106	2025-09-09T11:30:01Z	1757417401	31.00312883435583	13.76125	81.1875	17.24187883435583
APS36106	2025-09-09T11:40:01Z	1757418001	30.008650306748468	13.76125	81.15375	16.247400306748467
APS36106	2025-09-09T11:50:01Z	1757418601	28.516932515337427	13.783750000000001	81.225	14.733182515337425
APS36106	2025-09-09T12:00:01Z	1757419201	28.516932515337427	13.7725	80.97125	14.744432515337426
APS36106	2025-09-09T12:10:01Z	1757419801	28.516932515337427	13.751249999999999	81.105	14.765682515337428
APS36106	2025-09-09T12:20:01Z	1757420401	29.511411042944786	13.806249999999999	81.1825	15.705161042944788
APS36106	2025-09-09T12:30:01Z	1757421001	34.483803680981595	13.8225	81.07625	20.661303680981597
APS36106	2025-09-09T12:40:01Z	1757421601	31.500368098159512	13.78125	81.0425	17.719118098159512
APS36106	2025-09-09T12:50:01Z	1757422201	28.516932515337427	13.77125	80.625	14.745682515337426
APS36106	2025-09-09T13:00:01Z	1757422801	29.014171779141105	13.787500000000001	80.14875	15.226671779141103
APS36108	2025-09-08T15:10:01Z	1757344201	38.958957055214725	13.94375	80.44999999999999	25.015207055214724
APS36108	2025-09-08T15:20:01Z	1757344801	39.4561963190184	13.98875	80.0375	25.467446319018403
APS36108	2025-09-08T15:30:01Z	1757345401	37.96447852760736	13.85875	80.57124999999999	24.10572852760736
APS36108	2025-09-08T15:40:01Z	1757346001	38.958957055214725	13.81	80.67750000000001	25.148957055214723
APS36108	2025-09-08T15:50:01Z	1757346601	39.4561963190184	13.8	80.64	25.656196319018402
APS36108	2025-09-08T16:00:01Z	1757347201	NA	13.776250000000001	80.67625	NA
APS36108	2025-09-08T16:10:01Z	1757347801	NA	13.79875	80.545	NA
APS36108	2025-09-08T16:20:01Z	1757348401	39.95343558282208	13.8275	80.5	26.12593558282208
APS36108	2025-09-08T16:30:01Z	1757349001	34.483803680981595	13.841249999999999	80.89125000000001	20.642553680981596
APS36108	2025-09-08T16:40:01Z	1757349601	33.98656441717792	13.83625	80.91499999999999	20.150314417177917
APS36108	2025-09-08T16:50:01Z	1757350201	34.483803680981595	13.815	80.91874999999999	20.668803680981597
APS36108	2025-09-08T17:00:01Z	1757350801	34.483803680981595	13.84	80.75125	20.643803680981595
APS36108	2025-09-08T17:10:01Z	1757351401	33.48932515337423	13.81875	80.76	19.67057515337423
APS36108	2025-09-08T17:20:01Z	1757352001	33.48932515337423	13.8525	80.85374999999999	19.636825153374232
APS36108	2025-09-08T17:30:01Z	1757352601	33.98656441717792	13.83375	80.85624999999999	20.152814417177915
APS36108	2025-09-08T17:40:01Z	1757353201	33.98656441717792	13.82	80.93	20.166564417177916
APS36108	2025-09-08T17:50:01Z	1757353801	34.483803680981595	13.8	81.025	20.683803680981594
APS36108	2025-09-08T18:00:01Z	1757354401	33.48932515337423	13.825	80.98	19.664325153374232
APS36108	2025-09-08T18:10:01Z	1757355001	33.98656441717792	13.85	80.94	20.136564417177915
APS36108	2025-09-08T18:20:01Z	1757355601	35.97552147239264	13.84	81.00999999999999	22.135521472392643
APS36108	2025-09-08T18:30:01Z	1757356201	36.472760736196314	13.795	81.155	22.677760736196312
APS36108	2025-09-08T18:40:01Z	1757356801	36.97	13.805	81.35	23.165
APS36108	2025-09-08T18:50:01Z	1757357401	36.97	13.8	81.61	23.169999999999998
APS36108	2025-09-08T19:00:01Z	1757358001	33.98656441717792	13.815	81.53	20.17156441717792
APS36108	2025-09-08T19:10:01Z	1757358601	34.98104294478528	13.84	81.265	21.14104294478528
APS36108	2025-09-08T19:20:01Z	1757359201	36.472760736196314	13.83	81.215	22.642760736196315
APS36108	2025-09-08T19:30:01Z	1757359801	38.958957055214725	13.825	81.66	25.133957055214726
APS36108	2025-09-08T19:40:01Z	1757360401	39.95343558282208	13.82	81.94	26.13343558282208
APS36108	2025-09-08T19:50:01Z	1757361001	39.4561963190184	13.8	82.065	25.656196319018402
APS36108	2025-09-08T20:00:01Z	1757361601	33.98656441717792	13.8	82.19	20.186564417177916
APS36108	2025-09-08T20:10:01Z	1757362201	34.483803680981595	13.805	82.095	20.678803680981595
APS36108	2025-09-08T20:20:01Z	1757362801	34.483803680981595	13.809999999999999	82.16	20.673803680981596
APS36108	2025-09-08T20:30:01Z	1757363401	33.48932515337423	13.795	82.28999999999999	19.69432515337423
APS36108	2025-09-08T20:40:01Z	1757364001	34.98104294478528	13.8	82.28999999999999	21.18104294478528
APS36108	2025-09-08T20:50:01Z	1757364601	33.48932515337423	13.775	82.255	19.714325153374233
APS36108	2025-09-08T21:00:01Z	1757365201	34.483803680981595	13.775	82.16	20.708803680981596
APS36108	2025-09-08T21:10:01Z	1757365801	33.98656441717792	13.795	82.115	20.191564417177915
APS36108	2025-09-08T21:20:01Z	1757366401	34.483803680981595	13.785	82.125	20.698803680981595
APS36108	2025-09-08T21:30:01Z	1757367001	36.97	13.77	82.06	23.2
APS36108	2025-09-08T21:40:01Z	1757367601	37.46723926380368	13.774999999999999	81.85499999999999	23.69223926380368
APS36108	2025-09-08T21:50:01Z	1757368201	35.97552147239264	13.8	81.58	22.175521472392642
APS36108	2025-09-08T22:00:01Z	1757368801	35.47828220858896	13.795	81.525	21.683282208588956
APS36108	2025-09-08T22:10:01Z	1757369401	33.98656441717792	13.785	81.39500000000001	20.201564417177917
APS36108	2025-09-08T22:20:01Z	1757370001	32.992085889570554	13.8	81.14	19.192085889570553
APS36108	2025-09-08T22:30:01Z	1757370601	38.958957055214725	13.79	81.02000000000001	25.168957055214726
APS36108	2025-09-08T22:40:01Z	1757371201	38.958957055214725	13.815	81.14500000000001	25.143957055214727
APS36108	2025-09-08T22:50:01Z	1757371801	38.958957055214725	13.805	81.13	25.153957055214725
APS36108	2025-09-08T23:00:01Z	1757372401	32.992085889570554	13.79	80.985	19.202085889570554
APS36108	2025-09-08T23:10:01Z	1757373001	36.472760736196314	13.79	80.975	22.682760736196315
APS36108	2025-09-08T23:20:01Z	1757373601	36.97	13.780000000000001	80.95	23.189999999999998
APS36108	2025-09-08T23:30:01Z	1757374201	38.46171779141105	13.79	80.89500000000001	24.671717791411048
APS36108	2025-09-08T23:40:01Z	1757374801	35.97552147239264	13.795	80.905	22.18052147239264
APS36108	2025-09-08T23:50:01Z	1757375401	34.98104294478528	13.765	80.61	21.21604294478528
APS36108	2025-09-09T00:00:01Z	1757376001	32.992085889570554	13.77	80.63499999999999	19.222085889570554
APS36108	2025-09-09T00:10:01Z	1757376601	33.98656441717792	13.775	80.22999999999999	20.211564417177918
APS36108	2025-09-09T00:20:01Z	1757377201	31.500368098159512	13.8	80.22	17.70036809815951
APS36108	2025-09-09T00:30:01Z	1757377801	29.511411042944786	13.8	80.08	15.711411042944786
APS36108	2025-09-09T00:40:01Z	1757378401	27.025214723926386	13.8	80.13	13.225214723926385
APS36108	2025-09-09T00:50:01Z	1757379001	24.539018404907978	13.829999999999998	80.1	10.70901840490798
APS36108	2025-09-09T01:00:01Z	1757379601	22.55006134969325	13.795	79.69	8.755061349693252
APS36108	2025-09-09T01:10:01Z	1757380201	21.05834355828221	13.765	79.63999999999999	7.29334355828221
APS36108	2025-09-09T01:20:01Z	1757380801	20.063865030674847	13.73	79.525	6.333865030674847
APS36108	2025-09-09T01:30:01Z	1757381401	19.069386503067484	13.765	79.245	5.304386503067484
APS36108	2025-09-09T01:40:01Z	1757382001	18.572147239263803	13.780000000000001	79.28	4.792147239263802
APS36108	2025-09-09T01:50:01Z	1757382601	18.074907975460125	13.775	79.035	4.299907975460124
APS36108	2025-09-09T02:00:01Z	1757383201	19.069386503067484	13.79	78.925	5.279386503067485
APS36108	2025-09-09T02:10:01Z	1757383801	20.063865030674847	13.745000000000001	78.885	6.318865030674846
APS36108	2025-09-09T02:20:01Z	1757384401	20.561104294478532	13.805	78.625	6.756104294478533
APS36108	2025-09-09T02:30:01Z	1757385001	20.561104294478532	13.775	78.46	6.786104294478532
APS36108	2025-09-09T02:40:01Z	1757385601	21.05834355828221	13.8	78.215	7.25834355828221
APS36108	2025-09-09T02:50:01Z	1757386201	21.555582822085892	13.765	78.13499999999999	7.7905828220858915
APS36108	2025-09-09T03:00:01Z	1757386801	25.03625766871166	13.780000000000001	77.93	11.256257668711658
APS36108	2025-09-09T03:10:01Z	1757387401	25.03625766871166	13.785	77.75999999999999	11.25125766871166
APS36108	2025-09-09T03:20:01Z	1757388001	24.0417791411043	13.815000000000001	77.705	10.226779141104299
APS36108	2025-09-09T03:30:01Z	1757388601	23.544539877300615	13.775	77.53999999999999	9.769539877300614
APS36108	2025-09-09T03:40:01Z	1757389201	22.55006134969325	13.77	77.33	8.780061349693252
APS36108	2025-09-09T03:50:01Z	1757389801	21.05834355828221	13.77	77.13	7.288343558282211
APS36108	2025-09-09T04:00:01Z	1757390401	20.063865030674847	13.725000000000001	76.825	6.338865030674846
APS36108	2025-09-09T04:10:01Z	1757391001	19.566625766871166	13.719999999999999	76.675	5.846625766871167
APS36108	2025-09-09T04:20:01Z	1757391601	19.069386503067484	13.76	76.455	5.3093865030674845
APS36108	2025-09-09T04:30:01Z	1757392201	18.572147239263803	13.77	76.24000000000001	4.802147239263803
APS36108	2025-09-09T04:40:01Z	1757392801	18.074907975460125	13.765	76.11	4.309907975460124
APS36108	2025-09-09T04:50:01Z	1757393401	17.57766871165644	13.774999999999999	75.785	3.802668711656441
APS36108	2025-09-09T05:00:01Z	1757394001	17.57766871165644	13.79	75.53999999999999	3.7876687116564405
APS36108	2025-09-09T05:10:01Z	1757394601	17.08042944785276	13.815000000000001	75.195	3.2654294478527603
APS36108	2025-09-09T05:20:01Z	1757395201	16.58319018404908	13.79	74.805	2.793190184049081
APS36108	2025-09-09T05:30:01Z	1757395801	16.58319018404908	13.754999999999999	74.63	2.828190184049081
APS36108	2025-09-09T05:40:01Z	1757396401	16.58319018404908	13.785	74.24000000000001	2.79819018404908
APS36108	2025-09-09T05:50:01Z	1757397001	16.0859509202454	13.785	73.88	2.3009509202453984
APS36108	2025-09-09T06:00:01Z	1757397601	16.0859509202454	13.795	73.57499999999999	2.2909509202453986
APS36108	2025-09-09T06:10:01Z	1757398201	16.0859509202454	13.805	73.32	2.280950920245399
APS36108	2025-09-09T06:20:01Z	1757398801	15.588711656441717	13.8	74.285	1.7887116564417163
APS36108	2025-09-09T06:30:01Z	1757399401	15.588711656441717	13.795	75.755	1.793711656441717
APS36108	2025-09-09T06:40:01Z	1757400001	15.588711656441717	13.825	77.815	1.7637116564417177
APS36108	2025-09-09T06:50:01Z	1757400601	15.588711656441717	13.83	78.995	1.758711656441717
APS36108	2025-09-09T07:00:01Z	1757401201	15.588711656441717	13.805	79.83500000000001	1.7837116564417173
APS36108	2025-09-09T07:10:01Z	1757401801	15.588711656441717	13.805	80.235	1.7837116564417173
APS36108	2025-09-09T07:20:01Z	1757402401	15.588711656441717	13.77	80.4	1.8187116564417174
APS36108	2025-09-09T07:30:01Z	1757403001	15.588711656441717	13.760000000000002	80.61	1.8287116564417154
APS36108	2025-09-09T07:40:01Z	1757403601	15.588711656441717	13.79	81.1	1.7987116564417178
APS36108	2025-09-09T07:50:01Z	1757404201	15.091472392638035	13.760000000000002	81.275	1.3314723926380339
APS36108	2025-09-09T08:00:01Z	1757404801	15.091472392638035	13.77	81.465	1.3214723926380358
APS36108	2025-09-09T08:10:01Z	1757405401	15.091472392638035	13.780000000000001	81.63499999999999	1.3114723926380343
APS36108	2025-09-09T08:20:01Z	1757406001	15.091472392638035	13.85	81.84	1.2414723926380358
APS36108	2025-09-09T08:30:01Z	1757406601	15.091472392638035	13.795	82.05	1.2964723926380355
APS36108	2025-09-09T08:40:01Z	1757407201	15.091472392638035	13.79	81.96000000000001	1.3014723926380363
APS36108	2025-09-09T08:50:01Z	1757407801	15.588711656441717	13.8	82.08500000000001	1.7887116564417163
APS36108	2025-09-09T09:00:01Z	1757408401	16.0859509202454	13.785	82.15	2.3009509202453984
APS36108	2025-09-09T09:10:01Z	1757409001	16.0859509202454	13.785	81.785	2.3009509202453984
APS36108	2025-09-09T09:20:01Z	1757409601	18.074907975460125	13.785	81.715	4.289907975460125
APS36108	2025-09-09T09:30:01Z	1757410201	20.063865030674847	13.79	81.74000000000001	6.273865030674848
APS36108	2025-09-09T09:40:01Z	1757410801	27.522453987730064	13.754999999999999	81.875	13.767453987730065
APS36108	2025-09-09T09:50:01Z	1757411401	31.997607361963194	13.785	81.885	18.212607361963194
APS36108	2025-09-09T10:00:01Z	1757412001	34.483803680981595	13.82	81.895	20.663803680981594
APS36108	2025-09-09T10:10:01Z	1757412601	33.98656441717792	13.809999999999999	82.05	20.176564417177918
APS36108	2025-09-09T10:20:01Z	1757413201	32.49484662576687	13.79	82.185	18.70484662576687
APS36108	2025-09-09T10:30:01Z	1757413801	31.997607361963194	13.760000000000002	82.38	18.237607361963192
APS36108	2025-09-09T10:40:01Z	1757414401	32.992085889570554	13.775	81.735	19.217085889570555
APS36108	2025-09-09T10:50:01Z	1757415001	31.997607361963194	13.805	81.145	18.192607361963194
APS36108	2025-09-09T11:00:01Z	1757415601	33.48932515337423	13.79	81.14875	19.699325153374232
APS36108	2025-09-09T11:10:01Z	1757416201	33.48932515337423	13.76875	81.03999999999999	19.72057515337423
APS36108	2025-09-09T11:20:01Z	1757416801	33.98656441717792	13.7725	81.0325	20.214064417177916
APS36108	2025-09-09T11:30:01Z	1757417401	34.483803680981595	13.76125	81.1875	20.722553680981594
APS36108	2025-09-09T11:40:01Z	1757418001	33.98656441717792	13.76125	81.15375	20.225314417177916
APS36108	2025-09-09T11:50:01Z	1757418601	32.992085889570554	13.783750000000001	81.225	19.208335889570552
APS36108	2025-09-09T12:00:01Z	1757419201	35.47828220858896	13.7725	80.97125	21.705782208588957
APS36108	2025-09-09T12:10:01Z	1757419801	38.46171779141105	13.751249999999999	81.105	24.710467791411048
APS36108	2025-09-09T12:20:01Z	1757420401	37.96447852760736	13.806249999999999	81.1825	24.158228527607363
APS36108	2025-09-09T12:30:01Z	1757421001	37.46723926380368	13.8225	81.07625	23.64473926380368
APS36108	2025-09-09T12:40:01Z	1757421601	34.483803680981595	13.78125	81.0425	20.702553680981595
APS36108	2025-09-09T12:50:01Z	1757422201	33.48932515337423	13.77125	80.625	19.71807515337423
APS36108	2025-09-09T13:00:01Z	1757422801	33.98656441717792	13.787500000000001	80.14875	20.199064417177915
APS60118	2025-09-08T15:10:01Z	1757344201	35.46442724458205	13.94375	80.44999999999999	21.520677244582046
APS60118	2025-09-08T15:20:01Z	1757344801	33.45699690402477	13.98875	80.0375	19.46824690402477
APS60118	2025-09-08T15:30:01Z	1757345401	33.95885448916409	13.85875	80.57124999999999	20.10010448916409
APS60118	2025-09-08T15:40:01Z	1757346001	33.95885448916409	13.81	80.67750000000001	20.148854489164087
APS60118	2025-09-08T15:50:01Z	1757346601	33.45699690402477	13.8	80.64	19.65699690402477
APS60118	2025-09-08T16:00:01Z	1757347201	33.95885448916409	13.776250000000001	80.67625	20.18260448916409
APS60118	2025-09-08T16:10:01Z	1757347801	33.45699690402477	13.79875	80.545	19.65824690402477
APS60118	2025-09-08T16:20:01Z	1757348401	33.45699690402477	13.8275	80.5	19.62949690402477
APS60118	2025-09-08T16:30:01Z	1757349001	33.95885448916409	13.841249999999999	80.89125000000001	20.11760448916409
APS60118	2025-09-08T16:40:01Z	1757349601	33.95885448916409	13.83625	80.91499999999999	20.12260448916409
APS60118	2025-09-08T16:50:01Z	1757350201	36.46814241486069	13.815	80.91874999999999	22.65314241486069
APS60118	2025-09-08T17:00:01Z	1757350801	36.97	13.84	80.75125	23.13
APS60118	2025-09-08T17:10:01Z	1757351401	34.96256965944273	13.81875	80.76	21.143819659442727
APS60118	2025-09-08T17:20:01Z	1757352001	31.951424148606815	13.8525	80.85374999999999	18.098924148606816
APS60118	2025-09-08T17:30:01Z	1757352601	32.95513931888545	13.83375	80.85624999999999	19.12138931888545
APS60118	2025-09-08T17:40:01Z	1757353201	32.95513931888545	13.82	80.93	19.13513931888545
APS60118	2025-09-08T17:50:01Z	1757353801	32.45328173374613	13.8	81.025	18.65328173374613
APS60118	2025-09-08T18:00:01Z	1757354401	32.95513931888545	13.825	80.98	19.13013931888545
APS60118	2025-09-08T18:10:01Z	1757355001	33.95885448916409	13.85	80.94	20.108854489164088
APS60118	2025-09-08T18:20:01Z	1757355601	33.45699690402477	13.84	81.00999999999999	19.61699690402477
APS60118	2025-09-08T18:30:01Z	1757356201	33.45699690402477	13.795	81.155	19.661996904024768
APS60118	2025-09-08T18:40:01Z	1757356801	33.45699690402477	13.805	81.35	19.65199690402477
APS60118	2025-09-08T18:50:01Z	1757357401	33.45699690402477	13.8	81.61	19.65699690402477
APS60118	2025-09-08T19:00:01Z	1757358001	33.95885448916409	13.815	81.53	20.14385448916409
APS60118	2025-09-08T19:10:01Z	1757358601	32.95513931888545	13.84	81.265	19.11513931888545
APS60118	2025-09-08T19:20:01Z	1757359201	35.96628482972137	13.83	81.215	22.13628482972137
APS60118	2025-09-08T19:30:01Z	1757359801	34.46071207430341	13.825	81.66	20.63571207430341
APS60118	2025-09-08T19:40:01Z	1757360401	34.96256965944273	13.82	81.94	21.142569659442728
APS60118	2025-09-08T19:50:01Z	1757361001	33.95885448916409	13.8	82.065	20.15885448916409
APS60118	2025-09-08T20:00:01Z	1757361601	34.46071207430341	13.8	82.19	20.660712074303408
APS60118	2025-09-08T20:10:01Z	1757362201	34.46071207430341	13.805	82.095	20.65571207430341
APS60118	2025-09-08T20:20:01Z	1757362801	34.96256965944273	13.809999999999999	82.16	21.15256965944273
APS60118	2025-09-08T20:30:01Z	1757363401	34.96256965944273	13.795	82.28999999999999	21.167569659442727
APS60118	2025-09-08T20:40:01Z	1757364001	37.47185758513932	13.8	82.28999999999999	23.671857585139318
APS60118	2025-09-08T20:50:01Z	1757364601	37.97371517027864	13.775	82.255	24.19871517027864
APS60118	2025-09-08T21:00:01Z	1757365201	36.46814241486069	13.775	82.16	22.693142414860688
APS60118	2025-09-08T21:10:01Z	1757365801	35.96628482972137	13.795	82.115	22.171284829721365
APS60118	2025-09-08T21:20:01Z	1757366401	35.96628482972137	13.785	82.125	22.181284829721367
APS60118	2025-09-08T21:30:01Z	1757367001	38.47557275541796	13.77	82.06	24.705572755417958
APS60118	2025-09-08T21:40:01Z	1757367601	37.97371517027864	13.774999999999999	81.85499999999999	24.19871517027864
APS60118	2025-09-08T21:50:01Z	1757368201	36.97	13.8	81.58	23.169999999999998
APS60118	2025-09-08T22:00:01Z	1757368801	38.47557275541796	13.795	81.525	24.680572755417955
APS60118	2025-09-08T22:10:01Z	1757369401	36.97	13.785	81.39500000000001	23.185
APS60118	2025-09-08T22:20:01Z	1757370001	35.96628482972137	13.8	81.14	22.166284829721366
APS60118	2025-09-08T22:30:01Z	1757370601	33.95885448916409	13.79	81.02000000000001	20.16885448916409
APS60118	2025-09-08T22:40:01Z	1757371201	33.95885448916409	13.815	81.14500000000001	20.14385448916409
APS60118	2025-09-08T22:50:01Z	1757371801	34.46071207430341	13.805	81.13	20.65571207430341
APS60118	2025-09-08T23:00:01Z	1757372401	34.46071207430341	13.79	80.985	20.67071207430341
APS60118	2025-09-08T23:10:01Z	1757373001	33.45699690402477	13.79	80.975	19.66699690402477
APS60118	2025-09-08T23:20:01Z	1757373601	33.45699690402477	13.780000000000001	80.95	19.67699690402477
APS60118	2025-09-08T23:30:01Z	1757374201	33.45699690402477	13.79	80.89500000000001	19.66699690402477
APS60118	2025-09-08T23:40:01Z	1757374801	33.45699690402477	13.795	80.905	19.661996904024768
APS60118	2025-09-08T23:50:01Z	1757375401	33.95885448916409	13.765	80.61	20.19385448916409
APS60118	2025-09-09T00:00:01Z	1757376001	31.951424148606815	13.77	80.63499999999999	18.181424148606816
APS60118	2025-09-09T00:10:01Z	1757376601	32.45328173374613	13.775	80.22999999999999	18.678281733746132
APS60118	2025-09-09T00:20:01Z	1757377201	33.95885448916409	13.8	80.22	20.15885448916409
APS60118	2025-09-09T00:30:01Z	1757377801	37.47185758513932	13.8	80.08	23.671857585139318
APS60118	2025-09-09T00:40:01Z	1757378401	36.97	13.8	80.13	23.169999999999998
APS60118	2025-09-09T00:50:01Z	1757379001	34.96256965944273	13.829999999999998	80.1	21.13256965944273
APS60118	2025-09-09T01:00:01Z	1757379601	34.46071207430341	13.795	79.69	20.665712074303407
APS60118	2025-09-09T01:10:01Z	1757380201	33.45699690402477	13.765	79.63999999999999	19.69199690402477
APS60118	2025-09-09T01:20:01Z	1757380801	36.97	13.73	79.525	23.24
APS60118	2025-09-09T01:30:01Z	1757381401	38.47557275541796	13.765	79.245	24.710572755417957
APS60118	2025-09-09T01:40:01Z	1757382001	33.95885448916409	13.780000000000001	79.28	20.178854489164088
APS60118	2025-09-09T01:50:01Z	1757382601	35.46442724458205	13.775	79.035	21.68942724458205
APS60118	2025-09-09T02:00:01Z	1757383201	31.4495665634675	13.79	78.925	17.6595665634675
APS60118	2025-09-09T02:10:01Z	1757383801	34.46071207430341	13.745000000000001	78.885	20.715712074303408
APS60118	2025-09-09T02:20:01Z	1757384401	35.96628482972137	13.805	78.625	22.161284829721367
APS60118	2025-09-09T02:30:01Z	1757385001	34.96256965944273	13.775	78.46	21.18756965944273
APS60118	2025-09-09T02:40:01Z	1757385601	32.45328173374613	13.8	78.215	18.65328173374613
APS60118	2025-09-09T02:50:01Z	1757386201	34.96256965944273	13.765	78.13499999999999	21.197569659442728
APS60118	2025-09-09T03:00:01Z	1757386801	35.46442724458205	13.780000000000001	77.93	21.684427244582047
APS60118	2025-09-09T03:10:01Z	1757387401	35.46442724458205	13.785	77.75999999999999	21.679427244582048
APS60118	2025-09-09T03:20:01Z	1757388001	37.97371517027864	13.815000000000001	77.705	24.158715170278636
APS60118	2025-09-09T03:30:01Z	1757388601	39.47928792569659	13.775	77.53999999999999	25.70428792569659
APS60118	2025-09-09T03:40:01Z	1757389201	35.46442724458205	13.77	77.33	21.694427244582048
APS60118	2025-09-09T03:50:01Z	1757389801	31.4495665634675	13.77	77.13	17.6795665634675
APS60118	2025-09-09T04:00:01Z	1757390401	33.95885448916409	13.725000000000001	76.825	20.233854489164088
APS60118	2025-09-09T04:10:01Z	1757391001	34.96256965944273	13.719999999999999	76.675	21.24256965944273
APS60118	2025-09-09T04:20:01Z	1757391601	35.46442724458205	13.76	76.455	21.70442724458205
APS60118	2025-09-09T04:30:01Z	1757392201	34.96256965944273	13.77	76.24000000000001	21.19256965944273
APS60118	2025-09-09T04:40:01Z	1757392801	32.95513931888545	13.765	76.11	19.19013931888545
APS60118	2025-09-09T04:50:01Z	1757393401	34.46071207430341	13.774999999999999	75.785	20.68571207430341
APS60118	2025-09-09T05:00:01Z	1757394001	36.46814241486069	13.79	75.53999999999999	22.678142414860687
APS60118	2025-09-09T05:10:01Z	1757394601	35.46442724458205	13.815000000000001	75.195	21.649427244582046
APS60118	2025-09-09T05:20:01Z	1757395201	31.4495665634675	13.79	74.805	17.6595665634675
APS60118	2025-09-09T05:30:01Z	1757395801	32.95513931888545	13.754999999999999	74.63	19.20013931888545
APS60118	2025-09-09T05:40:01Z	1757396401	33.45699690402477	13.785	74.24000000000001	19.67199690402477
APS60118	2025-09-09T05:50:01Z	1757397001	31.4495665634675	13.785	73.88	17.6645665634675
APS60118	2025-09-09T06:00:01Z	1757397601	30.445851393188857	13.795	73.57499999999999	16.65085139318886
APS60118	2025-09-09T06:10:01Z	1757398201	31.951424148606815	13.805	73.32	18.146424148606815
APS60118	2025-09-09T06:20:01Z	1757398801	31.951424148606815	13.8	74.285	18.151424148606814
APS60118	2025-09-09T06:30:01Z	1757399401	31.4495665634675	13.795	75.755	17.654566563467498
APS60118	2025-09-09T06:40:01Z	1757400001	36.97	13.825	77.815	23.145
APS60118	2025-09-09T06:50:01Z	1757400601	34.46071207430341	13.83	78.995	20.63071207430341
APS60118	2025-09-09T07:00:01Z	1757401201	35.96628482972137	13.805	79.83500000000001	22.161284829721367
APS60118	2025-09-09T07:10:01Z	1757401801	31.4495665634675	13.805	80.235	17.6445665634675
APS60118	2025-09-09T07:20:01Z	1757402401	30.94770897832818	13.77	80.4	17.17770897832818
APS60118	2025-09-09T07:30:01Z	1757403001	31.951424148606815	13.760000000000002	80.61	18.191424148606814
APS60118	2025-09-09T07:40:01Z	1757403601	36.46814241486069	13.79	81.1	22.678142414860687
APS60118	2025-09-09T07:50:01Z	1757404201	37.47185758513932	13.760000000000002	81.275	23.711857585139317
APS60118	2025-09-09T08:00:01Z	1757404801	38.47557275541796	13.77	81.465	24.705572755417958
APS60118	2025-09-09T08:10:01Z	1757405401	33.95885448916409	13.780000000000001	81.63499999999999	20.178854489164088
APS60118	2025-09-09T08:20:01Z	1757406001	38.47557275541796	13.85	81.84	24.625572755417956
APS60118	2025-09-09T08:30:01Z	1757406601	33.45699690402477	13.795	82.05	19.661996904024768
APS60118	2025-09-09T08:40:01Z	1757407201	37.97371517027864	13.79	81.96000000000001	24.18371517027864
APS60118	2025-09-09T08:50:01Z	1757407801	38.97743034055727	13.8	82.08500000000001	25.17743034055727
APS60118	2025-09-09T09:00:01Z	1757408401	36.46814241486069	13.785	82.15	22.683142414860686
APS60118	2025-09-09T09:10:01Z	1757409001	35.96628482972137	13.785	81.785	22.181284829721367
APS60118	2025-09-09T09:20:01Z	1757409601	37.47185758513932	13.785	81.715	23.686857585139318
APS60118	2025-09-09T09:30:01Z	1757410201	32.45328173374613	13.79	81.74000000000001	18.663281733746132
APS60118	2025-09-09T09:40:01Z	1757410801	35.96628482972137	13.754999999999999	81.875	22.211284829721368
APS60118	2025-09-09T09:50:01Z	1757411401	37.97371517027864	13.785	81.885	24.188715170278638
APS60118	2025-09-09T10:00:01Z	1757412001	34.96256965944273	13.82	81.895	21.142569659442728
APS60118	2025-09-09T10:10:01Z	1757412601	31.4495665634675	13.809999999999999	82.05	17.6395665634675
APS60118	2025-09-09T10:20:01Z	1757413201	32.45328173374613	13.79	82.185	18.663281733746132
APS60118	2025-09-09T10:30:01Z	1757413801	32.45328173374613	13.760000000000002	82.38	18.69328173374613
APS60118	2025-09-09T10:40:01Z	1757414401	32.95513931888545	13.775	81.735	19.180139318885452
APS60118	2025-09-09T10:50:01Z	1757415001	34.46071207430341	13.805	81.145	20.65571207430341
APS60118	2025-09-09T11:00:01Z	1757415601	31.4495665634675	13.79	81.14875	17.6595665634675
APS60118	2025-09-09T11:10:01Z	1757416201	29.94399380804954	13.76875	81.03999999999999	16.17524380804954
APS60118	2025-09-09T11:20:01Z	1757416801	31.4495665634675	13.7725	81.0325	17.6770665634675
APS60118	2025-09-09T11:30:01Z	1757417401	31.951424148606815	13.76125	81.1875	18.190174148606815
APS60118	2025-09-09T11:40:01Z	1757418001	31.951424148606815	13.76125	81.15375	18.190174148606815
APS60118	2025-09-09T11:50:01Z	1757418601	32.95513931888545	13.783750000000001	81.225	19.17138931888545
APS60118	2025-09-09T12:00:01Z	1757419201	33.95885448916409	13.7725	80.97125	20.18635448916409
APS60118	2025-09-09T12:10:01Z	1757419801	33.45699690402477	13.751249999999999	81.105	19.70574690402477
APS60118	2025-09-09T12:20:01Z	1757420401	33.45699690402477	13.806249999999999	81.1825	19.65074690402477
APS60118	2025-09-09T12:30:01Z	1757421001	35.46442724458205	13.8225	81.07625	21.64192724458205
APS60118	2025-09-09T12:40:01Z	1757421601	32.45328173374613	13.78125	81.0425	18.67203173374613
APS60118	2025-09-09T12:50:01Z	1757422201	34.46071207430341	13.77125	80.625	20.689462074303407
APS60118	2025-09-09T13:00:01Z	1757422801	30.94770897832818	13.787500000000001	80.14875	17.16020897832818
APS60132	2025-09-08T15:10:01Z	1757344201	34.96256965944273	13.94375	80.44999999999999	21.018819659442727
APS60132	2025-09-08T15:20:01Z	1757344801	33.45699690402477	13.98875	80.0375	19.46824690402477
APS60132	2025-09-08T15:30:01Z	1757345401	33.95885448916409	13.85875	80.57124999999999	20.10010448916409
APS60132	2025-09-08T15:40:01Z	1757346001	33.95885448916409	13.81	80.67750000000001	20.148854489164087
APS60132	2025-09-08T15:50:01Z	1757346601	36.46814241486069	13.8	80.64	22.668142414860686
APS60132	2025-09-08T16:00:01Z	1757347201	35.46442724458205	13.776250000000001	80.67625	21.688177244582047
APS60132	2025-09-08T16:10:01Z	1757347801	34.96256965944273	13.79875	80.545	21.16381965944273
APS60132	2025-09-08T16:20:01Z	1757348401	34.96256965944273	13.8275	80.5	21.135069659442728
APS60132	2025-09-08T16:30:01Z	1757349001	36.46814241486069	13.841249999999999	80.89125000000001	22.626892414860688
APS60132	2025-09-08T16:40:01Z	1757349601	32.45328173374613	13.83625	80.91499999999999	18.61703173374613
APS60132	2025-09-08T16:50:01Z	1757350201	32.45328173374613	13.815	80.91874999999999	18.638281733746133
APS60132	2025-09-08T17:00:01Z	1757350801	32.45328173374613	13.84	80.75125	18.61328173374613
APS60132	2025-09-08T17:10:01Z	1757351401	33.95885448916409	13.81875	80.76	20.140104489164088
APS60132	2025-09-08T17:20:01Z	1757352001	33.95885448916409	13.8525	80.85374999999999	20.10635448916409
APS60132	2025-09-08T17:30:01Z	1757352601	36.46814241486069	13.83375	80.85624999999999	22.634392414860685
APS60132	2025-09-08T17:40:01Z	1757353201	35.96628482972137	13.82	80.93	22.146284829721367
APS60132	2025-09-08T17:50:01Z	1757353801	36.46814241486069	13.8	81.025	22.668142414860686
APS60132	2025-09-08T18:00:01Z	1757354401	37.97371517027864	13.825	80.98	24.14871517027864
APS60132	2025-09-08T18:10:01Z	1757355001	38.47557275541796	13.85	80.94	24.625572755417956
APS60132	2025-09-08T18:20:01Z	1757355601	36.46814241486069	13.84	81.00999999999999	22.628142414860687
APS60132	2025-09-08T18:30:01Z	1757356201	38.97743034055727	13.795	81.155	25.182430340557268
APS60132	2025-09-08T18:40:01Z	1757356801	38.47557275541796	13.805	81.35	24.670572755417957
APS60132	2025-09-08T18:50:01Z	1757357401	38.47557275541796	13.8	81.61	24.675572755417956
APS60132	2025-09-08T19:00:01Z	1757358001	38.47557275541796	13.815	81.53	24.66057275541796
APS60132	2025-09-08T19:10:01Z	1757358601	38.47557275541796	13.84	81.265	24.635572755417957
APS60132	2025-09-08T19:20:01Z	1757359201	36.97	13.83	81.215	23.14
APS60132	2025-09-08T19:30:01Z	1757359801	34.46071207430341	13.825	81.66	20.63571207430341
APS60132	2025-09-08T19:40:01Z	1757360401	34.46071207430341	13.82	81.94	20.64071207430341
APS60132	2025-09-08T19:50:01Z	1757361001	36.46814241486069	13.8	82.065	22.668142414860686
APS60132	2025-09-08T20:00:01Z	1757361601	39.47928792569659	13.8	82.19	25.67928792569659
APS60132	2025-09-08T20:10:01Z	1757362201	39.98114551083591	13.805	82.095	26.17614551083591
APS60132	2025-09-08T20:20:01Z	1757362801	35.46442724458205	13.809999999999999	82.16	21.65442724458205
APS60132	2025-09-08T20:30:01Z	1757363401	39.47928792569659	13.795	82.28999999999999	25.684287925696587
APS60132	2025-09-08T20:40:01Z	1757364001	37.97371517027864	13.8	82.28999999999999	24.173715170278637
APS60132	2025-09-08T20:50:01Z	1757364601	38.47557275541796	13.775	82.255	24.70057275541796
APS60132	2025-09-08T21:00:01Z	1757365201	37.47185758513932	13.775	82.16	23.69685758513932
APS60132	2025-09-08T21:10:01Z	1757365801	35.96628482972137	13.795	82.115	22.171284829721365
APS60132	2025-09-08T21:20:01Z	1757366401	34.96256965944273	13.785	82.125	21.177569659442728
APS60132	2025-09-08T21:30:01Z	1757367001	34.46071207430341	13.77	82.06	20.69071207430341
APS60132	2025-09-08T21:40:01Z	1757367601	34.46071207430341	13.774999999999999	81.85499999999999	20.68571207430341
APS60132	2025-09-08T21:50:01Z	1757368201	35.96628482972137	13.8	81.58	22.166284829721366
APS60132	2025-09-08T22:00:01Z	1757368801	37.47185758513932	13.795	81.525	23.676857585139317
APS60132	2025-09-08T22:10:01Z	1757369401	38.47557275541796	13.785	81.39500000000001	24.690572755417957
APS60132	2025-09-08T22:20:01Z	1757370001	34.46071207430341	13.8	81.14	20.660712074303408
APS60132	2025-09-08T22:30:01Z	1757370601	35.96628482972137	13.79	81.02000000000001	22.176284829721368
APS60132	2025-09-08T22:40:01Z	1757371201	35.46442724458205	13.815	81.14500000000001	21.64942724458205
APS60132	2025-09-08T22:50:01Z	1757371801	34.96256965944273	13.805	81.13	21.15756965944273
APS60132	2025-09-08T23:00:01Z	1757372401	37.97371517027864	13.79	80.985	24.18371517027864
APS60132	2025-09-08T23:10:01Z	1757373001	35.46442724458205	13.79	80.975	21.67442724458205
APS60132	2025-09-08T23:20:01Z	1757373601	37.97371517027864	13.780000000000001	80.95	24.193715170278637
APS60132	2025-09-08T23:30:01Z	1757374201	38.97743034055727	13.79	80.89500000000001	25.18743034055727
APS60132	2025-09-08T23:40:01Z	1757374801	36.97	13.795	80.905	23.174999999999997
APS60132	2025-09-08T23:50:01Z	1757375401	34.96256965944273	13.765	80.61	21.197569659442728
APS60132	2025-09-09T00:00:01Z	1757376001	34.46071207430341	13.77	80.63499999999999	20.69071207430341
APS60132	2025-09-09T00:10:01Z	1757376601	33.95885448916409	13.775	80.22999999999999	20.18385448916409
APS60132	2025-09-09T00:20:01Z	1757377201	34.46071207430341	13.8	80.22	20.660712074303408
APS60132	2025-09-09T00:30:01Z	1757377801	33.45699690402477	13.8	80.08	19.65699690402477
APS60132	2025-09-09T00:40:01Z	1757378401	33.95885448916409	13.8	80.13	20.15885448916409
APS60132	2025-09-09T00:50:01Z	1757379001	36.97	13.829999999999998	80.1	23.14
APS60132	2025-09-09T01:00:01Z	1757379601	36.46814241486069	13.795	79.69	22.673142414860685
APS60132	2025-09-09T01:10:01Z	1757380201	37.97371517027864	13.765	79.63999999999999	24.208715170278637
APS60132	2025-09-09T01:20:01Z	1757380801	36.97	13.73	79.525	23.24
APS60132	2025-09-09T01:30:01Z	1757381401	35.46442724458205	13.765	79.245	21.699427244582047
APS60132	2025-09-09T01:40:01Z	1757382001	32.95513931888545	13.780000000000001	79.28	19.17513931888545
APS60132	2025-09-09T01:50:01Z	1757382601	32.95513931888545	13.775	79.035	19.180139318885452
APS60132	2025-09-09T02:00:01Z	1757383201	35.46442724458205	13.79	78.925	21.67442724458205
APS60132	2025-09-09T02:10:01Z	1757383801	39.47928792569659	13.745000000000001	78.885	25.734287925696588
APS60132	2025-09-09T02:20:01Z	1757384401	39.47928792569659	13.805	78.625	25.67428792569659
APS60132	2025-09-09T02:30:01Z	1757385001	32.95513931888545	13.775	78.46	19.180139318885452
APS60132	2025-09-09T02:40:01Z	1757385601	37.47185758513932	13.8	78.215	23.671857585139318
APS60132	2025-09-09T02:50:01Z	1757386201	37.47185758513932	13.765	78.13499999999999	23.706857585139318
APS60132	2025-09-09T03:00:01Z	1757386801	38.47557275541796	13.780000000000001	77.93	24.695572755417956
APS60132	2025-09-09T03:10:01Z	1757387401	37.97371517027864	13.785	77.75999999999999	24.188715170278638
APS60132	2025-09-09T03:20:01Z	1757388001	37.97371517027864	13.815000000000001	77.705	24.158715170278636
APS60132	2025-09-09T03:30:01Z	1757388601	36.97	13.775	77.53999999999999	23.195
APS60132	2025-09-09T03:40:01Z	1757389201	38.47557275541796	13.77	77.33	24.705572755417958
APS60132	2025-09-09T03:50:01Z	1757389801	38.47557275541796	13.77	77.13	24.705572755417958
APS60132	2025-09-09T04:00:01Z	1757390401	37.47185758513932	13.725000000000001	76.825	23.746857585139317
APS60132	2025-09-09T04:10:01Z	1757391001	36.97	13.719999999999999	76.675	23.25
APS60132	2025-09-09T04:20:01Z	1757391601	36.97	13.76	76.455	23.21
APS60132	2025-09-09T04:30:01Z	1757392201	37.97371517027864	13.77	76.24000000000001	24.203715170278638
APS60132	2025-09-09T04:40:01Z	1757392801	37.47185758513932	13.765	76.11	23.706857585139318
APS60132	2025-09-09T04:50:01Z	1757393401	36.97	13.774999999999999	75.785	23.195
APS60132	2025-09-09T05:00:01Z	1757394001	35.46442724458205	13.79	75.53999999999999	21.67442724458205
APS60132	2025-09-09T05:10:01Z	1757394601	36.97	13.815000000000001	75.195	23.154999999999998
APS60132	2025-09-09T05:20:01Z	1757395201	37.97371517027864	13.79	74.805	24.18371517027864
APS60132	2025-09-09T05:30:01Z	1757395801	38.47557275541796	13.754999999999999	74.63	24.720572755417958
APS60132	2025-09-09T05:40:01Z	1757396401	37.47185758513932	13.785	74.24000000000001	23.686857585139318
APS60132	2025-09-09T05:50:01Z	1757397001	33.45699690402477	13.785	73.88	19.67199690402477
APS60132	2025-09-09T06:00:01Z	1757397601	32.95513931888545	13.795	73.57499999999999	19.16013931888545
APS60132	2025-09-09T06:10:01Z	1757398201	33.95885448916409	13.805	73.32	20.15385448916409
APS60132	2025-09-09T06:20:01Z	1757398801	33.95885448916409	13.8	74.285	20.15885448916409
APS60132	2025-09-09T06:30:01Z	1757399401	32.45328173374613	13.795	75.755	18.65828173374613
APS60132	2025-09-09T06:40:01Z	1757400001	32.95513931888545	13.825	77.815	19.13013931888545
APS60132	2025-09-09T06:50:01Z	1757400601	34.96256965944273	13.83	78.995	21.13256965944273
APS60132	2025-09-09T07:00:01Z	1757401201	39.47928792569659	13.805	79.83500000000001	25.67428792569659
APS60132	2025-09-09T07:10:01Z	1757401801	39.47928792569659	13.805	80.235	25.67428792569659
APS60132	2025-09-09T07:20:01Z	1757402401	39.47928792569659	13.77	80.4	25.70928792569659
APS60132	2025-09-09T07:30:01Z	1757403001	39.47928792569659	13.760000000000002	80.61	25.719287925696587
APS60132	2025-09-09T07:40:01Z	1757403601	37.97371517027864	13.79	81.1	24.18371517027864
APS60132	2025-09-09T07:50:01Z	1757404201	33.95885448916409	13.760000000000002	81.275	20.198854489164088
APS60132	2025-09-09T08:00:01Z	1757404801	33.95885448916409	13.77	81.465	20.18885448916409
APS60132	2025-09-09T08:10:01Z	1757405401	32.45328173374613	13.780000000000001	81.63499999999999	18.67328173374613
APS60132	2025-09-09T08:20:01Z	1757406001	36.46814241486069	13.85	81.84	22.618142414860685
APS60132	2025-09-09T08:30:01Z	1757406601	36.46814241486069	13.795	82.05	22.673142414860685
APS60132	2025-09-09T08:40:01Z	1757407201	37.97371517027864	13.79	81.96000000000001	24.18371517027864
APS60132	2025-09-09T08:50:01Z	1757407801	37.97371517027864	13.8	82.08500000000001	24.173715170278637
APS60132	2025-09-09T09:00:01Z	1757408401	37.97371517027864	13.785	82.15	24.188715170278638
APS60132	2025-09-09T09:10:01Z	1757409001	37.47185758513932	13.785	81.785	23.686857585139318
APS60132	2025-09-09T09:20:01Z	1757409601	38.97743034055727	13.785	81.715	25.19243034055727
APS60132	2025-09-09T09:30:01Z	1757410201	36.46814241486069	13.79	81.74000000000001	22.678142414860687
APS60132	2025-09-09T09:40:01Z	1757410801	36.46814241486069	13.754999999999999	81.875	22.713142414860688
APS60132	2025-09-09T09:50:01Z	1757411401	34.96256965944273	13.785	81.885	21.177569659442728
APS60132	2025-09-09T10:00:01Z	1757412001	34.96256965944273	13.82	81.895	21.142569659442728
APS60132	2025-09-09T10:10:01Z	1757412601	35.96628482972137	13.809999999999999	82.05	22.15628482972137
APS60132	2025-09-09T10:20:01Z	1757413201	34.96256965944273	13.79	82.185	21.17256965944273
APS60132	2025-09-09T10:30:01Z	1757413801	37.47185758513932	13.760000000000002	82.38	23.711857585139317
APS60132	2025-09-09T10:40:01Z	1757414401	37.97371517027864	13.775	81.735	24.19871517027864
APS60132	2025-09-09T10:50:01Z	1757415001	36.46814241486069	13.805	81.145	22.663142414860687
APS60132	2025-09-09T11:00:01Z	1757415601	36.97	13.79	81.14875	23.18
APS60132	2025-09-09T11:10:01Z	1757416201	37.47185758513932	13.76875	81.03999999999999	23.703107585139318
APS60132	2025-09-09T11:20:01Z	1757416801	36.46814241486069	13.7725	81.0325	22.695642414860686
APS60132	2025-09-09T11:30:01Z	1757417401	36.97	13.76125	81.1875	23.20875
APS60132	2025-09-09T11:40:01Z	1757418001	36.97	13.76125	81.15375	23.20875
APS60132	2025-09-09T11:50:01Z	1757418601	35.96628482972137	13.783750000000001	81.225	22.182534829721366
APS60132	2025-09-09T12:00:01Z	1757419201	34.96256965944273	13.7725	80.97125	21.190069659442727
APS60132	2025-09-09T12:10:01Z	1757419801	32.95513931888545	13.751249999999999	81.105	19.20388931888545
APS60132	2025-09-09T12:20:01Z	1757420401	32.95513931888545	13.806249999999999	81.1825	19.148889318885452
APS60132	2025-09-09T12:30:01Z	1757421001	33.95885448916409	13.8225	81.07625	20.13635448916409
APS60132	2025-09-09T12:40:01Z	1757421601	32.95513931888545	13.78125	81.0425	19.17388931888545
APS60132	2025-09-09T12:50:01Z	1757422201	28.438421052631586	13.77125	80.625	14.667171052631586
APS60132	2025-09-09T13:00:01Z	1757422801	34.46071207430341	13.787500000000001	80.14875	20.673212074303407
APS60160	2025-09-08T15:10:01Z	1757344201	28.989692307692312	13.94375	80.44999999999999	15.045942307692313
APS60160	2025-09-08T15:20:01Z	1757344801	27.992153846153847	13.98875	80.0375	14.003403846153848
APS60160	2025-09-08T15:30:01Z	1757345401	26.994615384615386	13.85875	80.57124999999999	13.135865384615386
APS60160	2025-09-08T15:40:01Z	1757346001	24.999538461538464	13.81	80.67750000000001	11.189538461538463
APS60160	2025-09-08T15:50:01Z	1757346601	22.50569230769231	13.8	80.64	8.70569230769231
APS60160	2025-09-08T16:00:01Z	1757347201	21.00938461538462	13.776250000000001	80.67625	7.233134615384618
APS60160	2025-09-08T16:10:01Z	1757347801	19.513076923076923	13.79875	80.545	5.714326923076923
APS60160	2025-09-08T16:20:01Z	1757348401	20.011846153846154	13.8275	80.5	6.184346153846153
APS60160	2025-09-08T16:30:01Z	1757349001	23.004461538461538	13.841249999999999	80.89125000000001	9.163211538461539
APS60160	2025-09-08T16:40:01Z	1757349601	24.500769230769233	13.83625	80.91499999999999	10.664519230769233
APS60160	2025-09-08T16:50:01Z	1757350201	25.997076923076925	13.815	80.91874999999999	12.182076923076925
APS60160	2025-09-08T17:00:01Z	1757350801	25.498307692307694	13.84	80.75125	11.658307692307694
APS60160	2025-09-08T17:10:01Z	1757351401	30.486000000000004	13.81875	80.76	16.667250000000003
APS60160	2025-09-08T17:20:01Z	1757352001	29.98723076923077	13.8525	80.85374999999999	16.13473076923077
APS60160	2025-09-08T17:30:01Z	1757352601	29.48846153846154	13.83375	80.85624999999999	15.65471153846154
APS60160	2025-09-08T17:40:01Z	1757353201	31.483538461538462	13.82	80.93	17.66353846153846
APS60160	2025-09-08T17:50:01Z	1757353801	30.486000000000004	13.8	81.025	16.686000000000003
APS60160	2025-09-08T18:00:01Z	1757354401	29.48846153846154	13.825	80.98	15.66346153846154
APS60160	2025-09-08T18:10:01Z	1757355001	26.495846153846156	13.85	80.94	12.645846153846156
APS60160	2025-09-08T18:20:01Z	1757355601	27.992153846153847	13.84	81.00999999999999	14.152153846153848
APS60160	2025-09-08T18:30:01Z	1757356201	28.989692307692312	13.795	81.155	15.194692307692312
APS60160	2025-09-08T18:40:01Z	1757356801	29.48846153846154	13.805	81.35	15.68346153846154
APS60160	2025-09-08T18:50:01Z	1757357401	30.486000000000004	13.8	81.61	16.686000000000003
APS60160	2025-09-08T19:00:01Z	1757358001	30.98476923076923	13.815	81.53	17.169769230769234
APS60160	2025-09-08T19:10:01Z	1757358601	31.982307692307696	13.84	81.265	18.142307692307696
APS60160	2025-09-08T19:20:01Z	1757359201	30.486000000000004	13.83	81.215	16.656000000000006
APS60160	2025-09-08T19:30:01Z	1757359801	28.490923076923078	13.825	81.66	14.665923076923079
APS60160	2025-09-08T19:40:01Z	1757360401	27.992153846153847	13.82	81.94	14.172153846153847
APS60160	2025-09-08T19:50:01Z	1757361001	24.500769230769233	13.8	82.065	10.700769230769232
APS60160	2025-09-08T20:00:01Z	1757361601	25.997076923076925	13.8	82.19	12.197076923076924
APS60160	2025-09-08T20:10:01Z	1757362201	25.997076923076925	13.805	82.095	12.192076923076925
APS60160	2025-09-08T20:20:01Z	1757362801	25.997076923076925	13.809999999999999	82.16	12.187076923076926
APS60160	2025-09-08T20:30:01Z	1757363401	26.994615384615386	13.795	82.28999999999999	13.199615384615386
APS60160	2025-09-08T20:40:01Z	1757364001	26.495846153846156	13.8	82.28999999999999	12.695846153846155
APS60160	2025-09-08T20:50:01Z	1757364601	26.994615384615386	13.775	82.255	13.219615384615386
APS60160	2025-09-08T21:00:01Z	1757365201	25.997076923076925	13.775	82.16	12.222076923076925
APS60160	2025-09-08T21:10:01Z	1757365801	20.510615384615384	13.795	82.115	6.7156153846153845
APS60160	2025-09-08T21:20:01Z	1757366401	22.00692307692308	13.785	82.125	8.22192307692308
APS60160	2025-09-08T21:30:01Z	1757367001	23.004461538461538	13.77	82.06	9.234461538461538
APS60160	2025-09-08T21:40:01Z	1757367601	23.503230769230772	13.774999999999999	81.85499999999999	9.728230769230773
APS60160	2025-09-08T21:50:01Z	1757368201	24.999538461538464	13.8	81.58	11.199538461538463
APS60160	2025-09-08T22:00:01Z	1757368801	26.495846153846156	13.795	81.525	12.700846153846156
APS60160	2025-09-08T22:10:01Z	1757369401	25.997076923076925	13.785	81.39500000000001	12.212076923076925
APS60160	2025-09-08T22:20:01Z	1757370001	26.495846153846156	13.8	81.14	12.695846153846155
APS60160	2025-09-08T22:30:01Z	1757370601	24.002000000000002	13.79	81.02000000000001	10.212000000000003
APS60160	2025-09-08T22:40:01Z	1757371201	26.994615384615386	13.815	81.14500000000001	13.179615384615387
APS60160	2025-09-08T22:50:01Z	1757371801	24.002000000000002	13.805	81.13	10.197000000000003
APS60160	2025-09-08T23:00:01Z	1757372401	20.510615384615384	13.79	80.985	6.720615384615385
APS60160	2025-09-08T23:10:01Z	1757373001	19.513076923076923	13.79	80.975	5.723076923076924
APS60160	2025-09-08T23:20:01Z	1757373601	21.00938461538462	13.780000000000001	80.95	7.2293846153846175
APS60160	2025-09-08T23:30:01Z	1757374201	22.50569230769231	13.79	80.89500000000001	8.715692307692311
APS60160	2025-09-08T23:40:01Z	1757374801	22.00692307692308	13.795	80.905	8.21192307692308
APS60160	2025-09-08T23:50:01Z	1757375401	23.004461538461538	13.765	80.61	9.239461538461537
APS60160	2025-09-09T00:00:01Z	1757376001	23.503230769230772	13.77	80.63499999999999	9.733230769230772
APS60160	2025-09-09T00:10:01Z	1757376601	24.500769230769233	13.775	80.22999999999999	10.725769230769233
APS60160	2025-09-09T00:20:01Z	1757377201	25.997076923076925	13.8	80.22	12.197076923076924
APS60160	2025-09-09T00:30:01Z	1757377801	25.997076923076925	13.8	80.08	12.197076923076924
APS60160	2025-09-09T00:40:01Z	1757378401	24.500769230769233	13.8	80.13	10.700769230769232
APS60160	2025-09-09T00:50:01Z	1757379001	22.00692307692308	13.829999999999998	80.1	8.176923076923082
APS60160	2025-09-09T01:00:01Z	1757379601	21.508153846153846	13.795	79.69	7.713153846153846
APS60160	2025-09-09T01:10:01Z	1757380201	22.50569230769231	13.765	79.63999999999999	8.74069230769231
APS60160	2025-09-09T01:20:01Z	1757380801	28.989692307692312	13.73	79.525	15.259692307692312
APS60160	2025-09-09T01:30:01Z	1757381401	30.486000000000004	13.765	79.245	16.721000000000004
APS60160	2025-09-09T01:40:01Z	1757382001	31.982307692307696	13.780000000000001	79.28	18.202307692307695
APS60160	2025-09-09T01:50:01Z	1757382601	29.48846153846154	13.775	79.035	15.713461538461539
APS60160	2025-09-09T02:00:01Z	1757383201	28.490923076923078	13.79	78.925	14.700923076923079
APS60160	2025-09-09T02:10:01Z	1757383801	29.98723076923077	13.745000000000001	78.885	16.24223076923077
APS60160	2025-09-09T02:20:01Z	1757384401	29.48846153846154	13.805	78.625	15.68346153846154
APS60160	2025-09-09T02:30:01Z	1757385001	27.992153846153847	13.775	78.46	14.217153846153847
APS60160	2025-09-09T02:40:01Z	1757385601	26.994615384615386	13.8	78.215	13.194615384615386
APS60160	2025-09-09T02:50:01Z	1757386201	19.513076923076923	13.765	78.13499999999999	5.748076923076923
APS60160	2025-09-09T03:00:01Z	1757386801	17.518	13.780000000000001	77.93	3.7379999999999995
APS60160	2025-09-09T03:10:01Z	1757387401	16.52046153846154	13.785	77.75999999999999	2.7354615384615393
APS60160	2025-09-09T03:20:01Z	1757388001	16.02169230769231	13.815000000000001	77.705	2.2066923076923075
APS60160	2025-09-09T03:30:01Z	1757388601	15.522923076923078	13.775	77.53999999999999	1.7479230769230778
APS60160	2025-09-09T03:40:01Z	1757389201	15.024153846153848	13.77	77.33	1.254153846153848
APS60160	2025-09-09T03:50:01Z	1757389801	14.525384615384617	13.77	77.13	0.7553846153846173
APS60160	2025-09-09T04:00:01Z	1757390401	14.525384615384617	13.725000000000001	76.825	0.8003846153846155
APS60160	2025-09-09T04:10:01Z	1757391001	14.525384615384617	13.719999999999999	76.675	0.805384615384618
APS60160	2025-09-09T04:20:01Z	1757391601	14.525384615384617	13.76	76.455	0.7653846153846171
APS60160	2025-09-09T04:30:01Z	1757392201	14.525384615384617	13.77	76.24000000000001	0.7553846153846173
APS60160	2025-09-09T04:40:01Z	1757392801	14.525384615384617	13.765	76.11	0.7603846153846163
APS60160	2025-09-09T04:50:01Z	1757393401	14.525384615384617	13.774999999999999	75.785	0.7503846153846183
APS60160	2025-09-09T05:00:01Z	1757394001	14.026615384615386	13.79	75.53999999999999	0.23661538461538711
APS60160	2025-09-09T05:10:01Z	1757394601	14.026615384615386	13.815000000000001	75.195	0.21161538461538498
APS60160	2025-09-09T05:20:01Z	1757395201	14.026615384615386	13.79	74.805	0.23661538461538711
APS60160	2025-09-09T05:30:01Z	1757395801	14.525384615384617	13.754999999999999	74.63	0.7703846153846179
APS60160	2025-09-09T05:40:01Z	1757396401	14.525384615384617	13.785	74.24000000000001	0.7403846153846168
APS60160	2025-09-09T05:50:01Z	1757397001	14.525384615384617	13.785	73.88	0.7403846153846168
APS60160	2025-09-09T06:00:01Z	1757397601	14.525384615384617	13.795	73.57499999999999	0.730384615384617
APS60160	2025-09-09T06:10:01Z	1757398201	14.525384615384617	13.805	73.32	0.7203846153846172
APS60160	2025-09-09T06:20:01Z	1757398801	14.525384615384617	13.8	74.285	0.7253846153846162
APS60160	2025-09-09T06:30:01Z	1757399401	14.525384615384617	13.795	75.755	0.730384615384617
APS60160	2025-09-09T06:40:01Z	1757400001	15.024153846153848	13.825	77.815	1.1991538461538482
APS60160	2025-09-09T06:50:01Z	1757400601	15.024153846153848	13.83	78.995	1.1941538461538475
APS60160	2025-09-09T07:00:01Z	1757401201	15.024153846153848	13.805	79.83500000000001	1.2191538461538478
APS60160	2025-09-09T07:10:01Z	1757401801	15.024153846153848	13.805	80.235	1.2191538461538478
APS60160	2025-09-09T07:20:01Z	1757402401	15.024153846153848	13.77	80.4	1.254153846153848
APS60160	2025-09-09T07:30:01Z	1757403001	14.525384615384617	13.760000000000002	80.61	0.7653846153846153
APS60160	2025-09-09T07:40:01Z	1757403601	14.525384615384617	13.79	81.1	0.7353846153846177
APS60160	2025-09-09T07:50:01Z	1757404201	14.525384615384617	13.760000000000002	81.275	0.7653846153846153
APS60160	2025-09-09T08:00:01Z	1757404801	14.525384615384617	13.77	81.465	0.7553846153846173
APS60160	2025-09-09T08:10:01Z	1757405401	15.024153846153848	13.780000000000001	81.63499999999999	1.2441538461538464
APS60160	2025-09-09T08:20:01Z	1757406001	15.024153846153848	13.85	81.84	1.1741538461538479
APS60160	2025-09-09T08:30:01Z	1757406601	14.525384615384617	13.795	82.05	0.730384615384617
APS60160	2025-09-09T08:40:01Z	1757407201	14.525384615384617	13.79	81.96000000000001	0.7353846153846177
APS60160	2025-09-09T08:50:01Z	1757407801	14.525384615384617	13.8	82.08500000000001	0.7253846153846162
APS60160	2025-09-09T09:00:01Z	1757408401	14.525384615384617	13.785	82.15	0.7403846153846168
APS60160	2025-09-09T09:10:01Z	1757409001	14.525384615384617	13.785	81.785	0.7403846153846168
APS60160	2025-09-09T09:20:01Z	1757409601	14.525384615384617	13.785	81.715	0.7403846153846168
APS60160	2025-09-09T09:30:01Z	1757410201	14.525384615384617	13.79	81.74000000000001	0.7353846153846177
APS60160	2025-09-09T09:40:01Z	1757410801	15.024153846153848	13.754999999999999	81.875	1.2691538461538485
APS60160	2025-09-09T09:50:01Z	1757411401	14.525384615384617	13.785	81.885	0.7403846153846168
APS60160	2025-09-09T10:00:01Z	1757412001	14.525384615384617	13.82	81.895	0.7053846153846166
APS60160	2025-09-09T10:10:01Z	1757412601	14.525384615384617	13.809999999999999	82.05	0.7153846153846182
APS60160	2025-09-09T10:20:01Z	1757413201	14.525384615384617	13.79	82.185	0.7353846153846177
APS60160	2025-09-09T10:30:01Z	1757413801	14.525384615384617	13.760000000000002	82.38	0.7653846153846153
APS60160	2025-09-09T10:40:01Z	1757414401	14.525384615384617	13.775	81.735	0.7503846153846165
APS60160	2025-09-09T10:50:01Z	1757415001	14.525384615384617	13.805	81.145	0.7203846153846172
APS60160	2025-09-09T11:00:01Z	1757415601	14.525384615384617	13.79	81.14875	0.7353846153846177
APS60160	2025-09-09T11:10:01Z	1757416201	14.525384615384617	13.76875	81.03999999999999	0.7566346153846162
APS60160	2025-09-09T11:20:01Z	1757416801	14.525384615384617	13.7725	81.0325	0.752884615384616
APS60160	2025-09-09T11:30:01Z	1757417401	14.525384615384617	13.76125	81.1875	0.7641346153846165
APS60160	2025-09-09T11:40:01Z	1757418001	14.525384615384617	13.76125	81.15375	0.7641346153846165
APS60160	2025-09-09T11:50:01Z	1757418601	14.525384615384617	13.783750000000001	81.225	0.7416346153846156
APS60160	2025-09-09T12:00:01Z	1757419201	14.525384615384617	13.7725	80.97125	0.752884615384616
APS60160	2025-09-09T12:10:01Z	1757419801	14.525384615384617	13.751249999999999	81.105	0.774134615384618
APS60160	2025-09-09T12:20:01Z	1757420401	14.525384615384617	13.806249999999999	81.1825	0.7191346153846183
APS60160	2025-09-09T12:30:01Z	1757421001	14.525384615384617	13.8225	81.07625	0.7028846153846171
APS60160	2025-09-09T12:40:01Z	1757421601	14.525384615384617	13.78125	81.0425	0.7441346153846169
APS60160	2025-09-09T12:50:01Z	1757422201	14.525384615384617	13.77125	80.625	0.7541346153846167
APS60160	2025-09-09T13:00:01Z	1757422801	14.525384615384617	13.787500000000001	80.14875	0.7378846153846155
APS36007	2025-09-11T15:00:01Z	1757602801	27.49285624302116	13.997499999999999	79.375	13.49535624302116
APS36007	2025-09-11T15:10:01Z	1757603401	26.996257623042347	13.872499999999999	79.48625	13.123757623042348
APS36007	2025-09-11T15:20:01Z	1757604001	26.996257623042347	13.786249999999999	80.01124999999999	13.210007623042348
APS36007	2025-09-11T15:30:01Z	1757604601	27.98945486299997	13.79625	80.01875000000001	14.19320486299997
APS36007	2025-09-11T15:40:01Z	1757605201	28.982652102957598	13.79625	80.3125	15.186402102957597
APS36007	2025-09-11T15:50:01Z	1757605801	30.472447962894034	13.79875	79.8575	16.673697962894032
APS36007	2025-09-11T16:00:01Z	1757606401	30.472447962894034	13.79125	79.68375	16.681197962894032
APS36007	2025-09-11T16:10:01Z	1757607001	29.975849342915225	13.74875	79.60249999999999	16.227099342915224
APS36007	2025-09-11T16:20:01Z	1757607601	30.472447962894034	13.78125	79.50375	16.691197962894034
APS36007	2025-09-11T16:30:01Z	1757608201	29.975849342915225	13.76125	79.5775	16.214599342915225
APS36007	2025-09-11T16:40:01Z	1757608801	29.975849342915225	13.7675	79.47	16.208349342915227
APS36007	2025-09-11T16:50:01Z	1757609401	29.975849342915225	13.806249999999999	79.345	16.169599342915227
APS36007	2025-09-11T17:00:01Z	1757610001	30.472447962894034	13.802499999999998	79.54875000000001	16.669947962894035
APS36007	2025-09-11T17:10:01Z	1757610601	30.472447962894034	13.76125	79.6075	16.711197962894033
APS36007	2025-09-11T17:20:01Z	1757611201	31.962243822830477	13.76625	79.5	18.195993822830477
APS36007	2025-09-11T17:30:01Z	1757611801	30.96904658287285	13.776250000000001	79.3775	17.192796582872848
APS36007	2025-09-11T17:40:01Z	1757612401	30.96904658287285	13.76125	79.5925	17.20779658287285
APS36007	2025-09-11T17:50:01Z	1757613001	30.472447962894034	13.76125	79.3925	16.711197962894033
APS36007	2025-09-11T18:00:01Z	1757613601	30.472447962894034	13.76625	79.34375	16.706197962894034
APS36007	2025-09-11T18:10:01Z	1757614201	30.96904658287285	13.725000000000001	79.46000000000001	17.244046582872848
APS36007	2025-09-11T18:20:01Z	1757614801	31.962243822830477	13.735	79.64500000000001	18.227243822830477
APS36007	2025-09-11T18:30:01Z	1757615401	33.94863830274573	13.76625	79.48375	20.18238830274573
APS36007	2025-09-11T18:40:01Z	1757616001	36.43163140263979	13.74	79.91749999999999	22.691631402639786
APS36007	2025-09-11T18:50:01Z	1757616601	31.465645202851665	13.756250000000001	80.2675	17.709395202851663
APS36007	2025-09-11T19:00:01Z	1757617201	30.472447962894034	13.76375	80.6325	16.708697962894036
APS36007	2025-09-11T19:10:01Z	1757617801	30.96904658287285	13.77375	80.91375	17.19529658287285
APS36007	2025-09-11T19:20:01Z	1757618401	29.975849342915225	13.76375	80.85875	16.212099342915224
APS36007	2025-09-11T19:30:01Z	1757619001	30.472447962894034	13.7575	80.94624999999999	16.714947962894033
APS36007	2025-09-11T19:40:01Z	1757619601	29.975849342915225	13.7575	81.12	16.218349342915225
APS36007	2025-09-11T19:50:01Z	1757620201	29.47925072293641	13.7575	81.19999999999999	15.72175072293641
APS36007	2025-09-11T20:00:01Z	1757620801	29.47925072293641	13.7725	81.265	15.706750722936409
APS36007	2025-09-11T20:10:01Z	1757621401	29.47925072293641	13.76875	81.6525	15.710500722936409
APS36007	2025-09-11T20:20:01Z	1757622001	30.96904658287285	13.7575	82.0275	17.21154658287285
APS36007	2025-09-11T20:30:01Z	1757622601	29.975849342915225	13.76875	82.0525	16.207099342915225
APS36007	2025-09-11T20:40:01Z	1757623201	29.47925072293641	13.76125	82.09125	15.71800072293641
APS36007	2025-09-11T20:50:01Z	1757623801	31.465645202851665	13.75	82.20125	17.715645202851665
APS36007	2025-09-11T21:00:01Z	1757624401	32.458842442809285	13.76375	82.3175	18.695092442809283
APS36007	2025-09-11T21:10:01Z	1757625001	30.472447962894034	13.7575	82.495	16.714947962894033
APS36007	2025-09-11T21:20:01Z	1757625601	31.465645202851665	13.7775	82.68375	17.688145202851665
APS36007	2025-09-11T21:30:01Z	1757626201	33.452039682766916	13.76625	82.9	19.685789682766917
APS36007	2025-09-11T21:40:01Z	1757626801	31.962243822830477	13.78375	82.87875	18.178493822830475
APS36007	2025-09-11T21:50:01Z	1757627401	30.96904658287285	13.7725	83.0875	17.19654658287285
APS36007	2025-09-11T22:00:01Z	1757628001	35.93503278266098	13.75	83.09625	22.185032782660983
APS36007	2025-09-11T22:10:01Z	1757628601	33.452039682766916	13.76	82.8575	19.692039682766918
APS36007	2025-09-11T22:20:01Z	1757629201	32.9554410627881	13.7725	83.10875	19.182941062788096
APS36007	2025-09-11T22:30:01Z	1757629801	32.9554410627881	13.7725	83.06125	19.182941062788096
APS36007	2025-09-11T22:40:01Z	1757630401	32.458842442809285	13.767499999999998	83.10249999999999	18.691342442809287
APS36007	2025-09-11T22:50:01Z	1757631001	32.458842442809285	13.774999999999999	83.1525	18.683842442809286
APS36007	2025-09-11T23:00:01Z	1757631601	32.458842442809285	13.76	83.24625	18.698842442809287
APS36007	2025-09-11T23:10:01Z	1757632201	32.9554410627881	13.7575	83.25999999999999	19.197941062788097
APS36007	2025-09-11T23:20:01Z	1757632801	32.9554410627881	13.786249999999999	83.19874999999999	19.169191062788098
APS36007	2025-09-11T23:30:01Z	1757633401	32.9554410627881	13.79625	83.125	19.159191062788096
APS36007	2025-09-11T23:40:01Z	1757634001	32.458842442809285	13.78875	83.16624999999999	18.670092442809285
APS36007	2025-09-11T23:50:01Z	1757634601	31.962243822830477	13.79125	83.2575	18.170993822830475
APS36007	2025-09-12T00:00:01Z	1757635201	31.465645202851665	13.76875	83.25	17.696895202851664
APS36007	2025-09-12T00:10:01Z	1757635801	30.96904658287285	13.752500000000001	83.26	17.216546582872848
APS36007	2025-09-12T00:20:01Z	1757636401	30.96904658287285	13.748750000000001	83.41625	17.220296582872848
APS36007	2025-09-12T00:30:01Z	1757637001	30.472447962894034	13.7425	83.3575	16.729947962894034
APS36007	2025-09-12T00:40:01Z	1757637601	29.975849342915225	13.7975	83.29625	16.178349342915226
APS36007	2025-09-12T00:50:01Z	1757638201	29.47925072293641	13.75875	83.17875000000001	15.72050072293641
APS36007	2025-09-12T01:00:01Z	1757638801	29.47925072293641	13.76625	83.14	15.71300072293641
APS36007	2025-09-12T01:10:01Z	1757639401	29.47925072293641	13.78125	83.13375	15.69800072293641
APS36007	2025-09-12T01:20:01Z	1757640001	28.982652102957598	13.79125	82.945	15.191402102957598
APS36007	2025-09-12T01:30:01Z	1757640601	28.486053482978786	13.752500000000001	83.09125	14.733553482978785
APS36007	2025-09-12T01:40:01Z	1757641201	27.98945486299997	13.76375	82.93	14.22570486299997
APS36007	2025-09-12T01:50:01Z	1757641801	27.98945486299997	13.7425	82.86625000000001	14.24695486299997
APS36007	2025-09-12T02:00:01Z	1757642401	27.49285624302116	13.785	83.06375	13.707856243021158
APS36007	2025-09-12T02:10:01Z	1757643001	26.996257623042347	13.78375	83.21375	13.212507623042347
APS36007	2025-09-12T02:20:01Z	1757643601	26.996257623042347	13.7575	83.2625	13.238757623042346
APS36007	2025-09-12T02:30:01Z	1757644201	26.499659003063535	13.76125	83.125	12.738409003063534
APS36007	2025-09-12T02:40:01Z	1757644801	26.499659003063535	13.725000000000001	83.35374999999999	12.774659003063533
APS36007	2025-09-12T02:50:01Z	1757645401	26.499659003063535	13.74	83.41	12.759659003063534
APS36007	2025-09-12T03:00:01Z	1757646001	25.506461763105907	13.73125	83.33250000000001	11.775211763105908
APS36007	2025-09-12T03:10:01Z	1757646601	25.506461763105907	13.715	83.31625	11.791461763105907
APS36007	2025-09-12T03:20:01Z	1757647201	25.009863143127095	13.735	83.38875	11.274863143127096
APS36007	2025-09-12T03:30:01Z	1757647801	24.51326452314828	13.73	83.30000000000001	10.78326452314828
APS36007	2025-09-12T03:40:01Z	1757648401	24.01666590316947	13.75875	83.27000000000001	10.257915903169472
APS36007	2025-09-12T03:50:01Z	1757649001	24.01666590316947	13.75875	83.34	10.257915903169472
APS36007	2025-09-12T04:00:01Z	1757649601	23.520067283190656	13.75	83.21000000000001	9.770067283190656
APS36007	2025-09-12T04:10:01Z	1757650201	23.520067283190656	13.75	83.17	9.770067283190656
APS36007	2025-09-12T04:20:01Z	1757650801	23.023468663211844	13.7425	82.97625	9.280968663211844
APS36007	2025-09-12T04:30:01Z	1757651401	23.023468663211844	13.73	83.08000000000001	9.293468663211844
APS36007	2025-09-12T04:40:01Z	1757652001	23.023468663211844	13.73	83.13374999999999	9.293468663211844
APS36007	2025-09-12T04:50:01Z	1757652601	24.01666590316947	13.7375	82.96375	10.27916590316947
APS36007	2025-09-12T05:00:01Z	1757653201	24.51326452314828	13.7425	82.92750000000001	10.77076452314828
APS36007	2025-09-12T05:10:01Z	1757653801	24.51326452314828	13.725000000000001	82.96125	10.788264523148278
APS36007	2025-09-12T05:20:01Z	1757654401	24.51326452314828	13.74375	82.85374999999999	10.76951452314828
APS36007	2025-09-12T05:30:01Z	1757655001	24.51326452314828	13.75875	82.80375000000001	10.75451452314828
APS36007	2025-09-12T05:40:01Z	1757655601	24.51326452314828	13.7425	82.82875	10.77076452314828
APS36007	2025-09-12T05:50:01Z	1757656201	24.51326452314828	13.735	82.88499999999999	10.77826452314828
APS36007	2025-09-12T06:00:01Z	1757656801	24.51326452314828	13.78875	82.82499999999999	10.72451452314828
APS36007	2025-09-12T06:10:01Z	1757657401	24.01666590316947	13.708749999999998	82.70750000000001	10.307915903169473
APS36007	2025-09-12T06:20:01Z	1757658001	24.01666590316947	13.73	82.7825	10.286665903169471
APS36007	2025-09-12T06:30:01Z	1757658601	24.51326452314828	13.75	82.70375	10.76326452314828
APS36007	2025-09-12T06:40:01Z	1757659201	24.51326452314828	13.8075	82.57875000000001	10.70576452314828
APS36007	2025-09-12T06:50:01Z	1757659801	24.51326452314828	13.77125	82.55125000000001	10.74201452314828
APS36007	2025-09-12T07:00:01Z	1757660401	24.51326452314828	13.75375	82.45875000000001	10.75951452314828
APS36007	2025-09-12T07:10:01Z	1757661001	24.51326452314828	13.77125	82.46000000000001	10.74201452314828
APS36007	2025-09-12T07:20:01Z	1757661601	24.51326452314828	13.712499999999999	82.33625	10.800764523148281
APS36007	2025-09-12T07:30:01Z	1757662201	25.009863143127095	13.684999999999999	82.37	11.324863143127097
APS36007	2025-09-12T07:40:01Z	1757662801	25.009863143127095	13.715	82.3575	11.294863143127095
APS36007	2025-09-12T07:50:01Z	1757663401	25.009863143127095	13.73	82.42625000000001	11.279863143127095
APS36007	2025-09-12T08:00:01Z	1757664001	25.506461763105907	13.79625	82.47999999999999	11.710211763105907
APS36007	2025-09-12T08:10:01Z	1757664601	25.506461763105907	13.76	82.7325	11.746461763105907
APS36007	2025-09-12T08:20:01Z	1757665201	25.009863143127095	13.774999999999999	83.26249999999999	11.234863143127097
APS36007	2025-09-12T08:30:01Z	1757665801	25.009863143127095	13.7725	83.3025	11.237363143127094
APS36007	2025-09-12T08:40:01Z	1757666401	24.51326452314828	13.76	83.61500000000001	10.75326452314828
APS36007	2025-09-12T08:50:01Z	1757667001	24.51326452314828	13.751249999999999	83.69125	10.762014523148281
APS36007	2025-09-12T09:00:01Z	1757667601	24.51326452314828	13.765	83.7775	10.74826452314828
APS36007	2025-09-12T09:10:01Z	1757668201	24.51326452314828	13.73125	83.60624999999999	10.78201452314828
APS36007	2025-09-12T09:20:01Z	1757668801	24.51326452314828	13.70375	84.07374999999999	10.80951452314828
APS36007	2025-09-12T09:30:01Z	1757669401	24.51326452314828	13.6875	83.9875	10.82576452314828
APS36007	2025-09-12T09:40:01Z	1757670001	24.51326452314828	13.713750000000001	84.2975	10.799514523148279
APS36007	2025-09-12T09:50:01Z	1757670601	25.009863143127095	13.7575	84.39125	11.252363143127095
APS36007	2025-09-12T10:00:01Z	1757671201	25.009863143127095	13.748750000000001	84.23625	11.261113143127094
APS36007	2025-09-12T10:10:01Z	1757671801	25.506461763105907	13.751249999999999	84.21125	11.755211763105908
APS36007	2025-09-12T10:20:01Z	1757672401	26.00306038308472	13.7575	84.02000000000001	12.245560383084719
APS36007	2025-09-12T10:30:01Z	1757673001	26.00306038308472	13.77	84.08375000000001	12.23306038308472
APS36007	2025-09-12T10:40:01Z	1757673601	26.00306038308472	13.7775	84.275	12.22556038308472
APS36007	2025-09-12T10:50:01Z	1757674201	26.00306038308472	13.77	84.2175	12.23306038308472
APS36007	2025-09-12T11:00:01Z	1757674801	28.486053482978786	13.77	83.9575	14.716053482978786
APS36007	2025-09-12T11:10:01Z	1757675401	30.96904658287285	13.782499999999999	83.96375	17.18654658287285
APS36007	2025-09-12T11:20:01Z	1757676001	31.465645202851665	13.775	83.67875000000001	17.690645202851663
APS36007	2025-09-12T11:30:01Z	1757676601	30.96904658287285	13.765	83.71625	17.20404658287285
APS36007	2025-09-12T11:40:01Z	1757677201	32.458842442809285	13.79	83.77	18.668842442809286
APS36007	2025-09-12T11:50:01Z	1757677801	32.458842442809285	13.7725	83.64125	18.686342442809284
APS36007	2025-09-12T12:00:01Z	1757678401	30.96904658287285	13.7575	83.63374999999999	17.21154658287285
APS36007	2025-09-12T12:10:01Z	1757679001	30.472447962894034	13.795	83.46125	16.677447962894036
APS36007	2025-09-12T12:20:01Z	1757679601	30.96904658287285	13.7775	83.3725	17.19154658287285
APS36007	2025-09-12T12:30:01Z	1757680201	30.472447962894034	13.7625	83.39875	16.709947962894034
APS36007	2025-09-12T12:40:01Z	1757680801	30.472447962894034	13.7475	83.26875000000001	16.724947962894035
APS36007	2025-09-12T12:50:01Z	1757681401	30.472447962894034	13.780000000000001	83.34375	16.692447962894033
APS36021	2025-09-11T15:00:01Z	1757602801	32.89932313364591	13.997499999999999	79.375	18.90182313364591
APS36021	2025-09-11T15:10:01Z	1757603401	32.89932313364591	13.872499999999999	79.48625	19.02682313364591
APS36021	2025-09-11T15:20:01Z	1757604001	32.39578275827031	13.786249999999999	80.01124999999999	18.60953275827031
APS36021	2025-09-11T15:30:01Z	1757604601	32.39578275827031	13.79625	80.01875000000001	18.599532758270307
APS36021	2025-09-11T15:40:01Z	1757605201	32.39578275827031	13.79625	80.3125	18.599532758270307
APS36021	2025-09-11T15:50:01Z	1757605801	32.39578275827031	13.79875	79.8575	18.59703275827031
APS36021	2025-09-11T16:00:01Z	1757606401	31.892242382894718	13.79125	79.68375	18.100992382894717
APS36021	2025-09-11T16:10:01Z	1757607001	31.892242382894718	13.74875	79.60249999999999	18.14349238289472
APS36021	2025-09-11T16:20:01Z	1757607601	33.40286350902149	13.78125	79.50375	19.621613509021493
APS36021	2025-09-11T16:30:01Z	1757608201	33.40286350902149	13.76125	79.5775	19.641613509021493
APS36021	2025-09-11T16:40:01Z	1757608801	32.89932313364591	13.7675	79.47	19.13182313364591
APS36021	2025-09-11T16:50:01Z	1757609401	32.89932313364591	13.806249999999999	79.345	19.09307313364591
APS36021	2025-09-11T17:00:01Z	1757610001	32.89932313364591	13.802499999999998	79.54875000000001	19.09682313364591
APS36021	2025-09-11T17:10:01Z	1757610601	32.89932313364591	13.76125	79.6075	19.138073133645907
APS36021	2025-09-11T17:20:01Z	1757611201	32.39578275827031	13.76625	79.5	18.629532758270308
APS36021	2025-09-11T17:30:01Z	1757611801	33.40286350902149	13.776250000000001	79.3775	19.626613509021492
APS36021	2025-09-11T17:40:01Z	1757612401	32.89932313364591	13.76125	79.5925	19.138073133645907
APS36021	2025-09-11T17:50:01Z	1757613001	32.39578275827031	13.76125	79.3925	18.634532758270307
APS36021	2025-09-11T18:00:01Z	1757613601	32.39578275827031	13.76625	79.34375	18.629532758270308
APS36021	2025-09-11T18:10:01Z	1757614201	31.892242382894718	13.725000000000001	79.46000000000001	18.167242382894717
APS36021	2025-09-11T18:20:01Z	1757614801	32.39578275827031	13.735	79.64500000000001	18.660782758270308
APS36021	2025-09-11T18:30:01Z	1757615401	32.39578275827031	13.76625	79.48375	18.629532758270308
APS36021	2025-09-11T18:40:01Z	1757616001	33.906403884397086	13.74	79.91749999999999	20.166403884397084
APS36021	2025-09-11T18:50:01Z	1757616601	33.40286350902149	13.756250000000001	80.2675	19.646613509021492
APS36021	2025-09-11T19:00:01Z	1757617201	33.906403884397086	13.76375	80.6325	20.142653884397085
APS36021	2025-09-11T19:10:01Z	1757617801	31.892242382894718	13.77375	80.91375	18.11849238289472
APS36021	2025-09-11T19:20:01Z	1757618401	31.892242382894718	13.76375	80.85875	18.12849238289472
APS36021	2025-09-11T19:30:01Z	1757619001	31.388702007519125	13.7575	80.94624999999999	17.631202007519125
APS36021	2025-09-11T19:40:01Z	1757619601	30.885161632143532	13.7575	81.12	17.127661632143532
APS36021	2025-09-11T19:50:01Z	1757620201	31.388702007519125	13.7575	81.19999999999999	17.631202007519125
APS36021	2025-09-11T20:00:01Z	1757620801	31.388702007519125	13.7725	81.265	17.616202007519124
APS36021	2025-09-11T20:10:01Z	1757621401	30.885161632143532	13.76875	81.6525	17.11641163214353
APS36021	2025-09-11T20:20:01Z	1757622001	30.885161632143532	13.7575	82.0275	17.127661632143532
APS36021	2025-09-11T20:30:01Z	1757622601	30.885161632143532	13.76875	82.0525	17.11641163214353
APS36021	2025-09-11T20:40:01Z	1757623201	30.885161632143532	13.76125	82.09125	17.123911632143532
APS36021	2025-09-11T20:50:01Z	1757623801	31.388702007519125	13.75	82.20125	17.638702007519125
APS36021	2025-09-11T21:00:01Z	1757624401	31.388702007519125	13.76375	82.3175	17.624952007519127
APS36021	2025-09-11T21:10:01Z	1757625001	31.388702007519125	13.7575	82.495	17.631202007519125
APS36021	2025-09-11T21:20:01Z	1757625601	31.388702007519125	13.7775	82.68375	17.611202007519125
APS36021	2025-09-11T21:30:01Z	1757626201	30.885161632143532	13.76625	82.9	17.118911632143533
APS36021	2025-09-11T21:40:01Z	1757626801	30.885161632143532	13.78375	82.87875	17.10141163214353
APS36021	2025-09-11T21:50:01Z	1757627401	30.885161632143532	13.7725	83.0875	17.11266163214353
APS36021	2025-09-11T22:00:01Z	1757628001	30.381621256767936	13.75	83.09625	16.631621256767936
APS36021	2025-09-11T22:10:01Z	1757628601	31.388702007519125	13.76	82.8575	17.628702007519124
APS36021	2025-09-11T22:20:01Z	1757629201	31.892242382894718	13.7725	83.10875	18.119742382894717
APS36021	2025-09-11T22:30:01Z	1757629801	31.388702007519125	13.7725	83.06125	17.616202007519124
APS36021	2025-09-11T22:40:01Z	1757630401	31.388702007519125	13.767499999999998	83.10249999999999	17.621202007519127
APS36021	2025-09-11T22:50:01Z	1757631001	32.89932313364591	13.774999999999999	83.1525	19.12432313364591
APS36021	2025-09-11T23:00:01Z	1757631601	32.89932313364591	13.76	83.24625	19.13932313364591
APS36021	2025-09-11T23:10:01Z	1757632201	33.40286350902149	13.7575	83.25999999999999	19.645363509021493
APS36021	2025-09-11T23:20:01Z	1757632801	31.388702007519125	13.786249999999999	83.19874999999999	17.602452007519126
APS36021	2025-09-11T23:30:01Z	1757633401	30.885161632143532	13.79625	83.125	17.08891163214353
APS36021	2025-09-11T23:40:01Z	1757634001	30.381621256767936	13.78875	83.16624999999999	16.592871256767936
APS36021	2025-09-11T23:50:01Z	1757634601	28.871000130641157	13.79125	83.2575	15.079750130641157
APS36021	2025-09-12T00:00:01Z	1757635201	27.86391937988997	13.76875	83.25	14.09516937988997
APS36021	2025-09-12T00:10:01Z	1757635801	27.360379004514378	13.752500000000001	83.26	13.607879004514377
APS36021	2025-09-12T00:20:01Z	1757636401	26.85683862913878	13.748750000000001	83.41625	13.10808862913878
APS36021	2025-09-12T00:30:01Z	1757637001	26.353298253763192	13.7425	83.3575	12.610798253763193
APS36021	2025-09-12T00:40:01Z	1757637601	26.353298253763192	13.7975	83.29625	12.555798253763193
APS36021	2025-09-12T00:50:01Z	1757638201	26.85683862913878	13.75875	83.17875000000001	13.098088629138783
APS36021	2025-09-12T01:00:01Z	1757638801	26.85683862913878	13.76625	83.14	13.090588629138782
APS36021	2025-09-12T01:10:01Z	1757639401	26.85683862913878	13.78125	83.13375	13.075588629138782
APS36021	2025-09-12T01:20:01Z	1757640001	26.85683862913878	13.79125	82.945	13.065588629138782
APS36021	2025-09-12T01:30:01Z	1757640601	26.353298253763192	13.752500000000001	83.09125	12.600798253763191
APS36021	2025-09-12T01:40:01Z	1757641201	26.353298253763192	13.76375	82.93	12.589548253763192
APS36021	2025-09-12T01:50:01Z	1757641801	26.353298253763192	13.7425	82.86625000000001	12.610798253763193
APS36021	2025-09-12T02:00:01Z	1757642401	25.8497578783876	13.785	83.06375	12.0647578783876
APS36021	2025-09-12T02:10:01Z	1757643001	25.8497578783876	13.78375	83.21375	12.0660078783876
APS36021	2025-09-12T02:20:01Z	1757643601	25.346217503012003	13.7575	83.2625	11.588717503012003
APS36021	2025-09-12T02:30:01Z	1757644201	25.346217503012003	13.76125	83.125	11.584967503012003
APS36021	2025-09-12T02:40:01Z	1757644801	25.346217503012003	13.725000000000001	83.35374999999999	11.621217503012002
APS36021	2025-09-12T02:50:01Z	1757645401	25.346217503012003	13.74	83.41	11.606217503012003
APS36021	2025-09-12T03:00:01Z	1757646001	24.842677127636414	13.73125	83.33250000000001	11.111427127636414
APS36021	2025-09-12T03:10:01Z	1757646601	24.842677127636414	13.715	83.31625	11.127677127636414
APS36021	2025-09-12T03:20:01Z	1757647201	24.842677127636414	13.735	83.38875	11.107677127636414
APS36021	2025-09-12T03:30:01Z	1757647801	24.842677127636414	13.73	83.30000000000001	11.112677127636413
APS36021	2025-09-12T03:40:01Z	1757648401	24.339136752260817	13.75875	83.27000000000001	10.580386752260818
APS36021	2025-09-12T03:50:01Z	1757649001	24.339136752260817	13.75875	83.34	10.580386752260818
APS36021	2025-09-12T04:00:01Z	1757649601	24.339136752260817	13.75	83.21000000000001	10.589136752260817
APS36021	2025-09-12T04:10:01Z	1757650201	24.339136752260817	13.75	83.17	10.589136752260817
APS36021	2025-09-12T04:20:01Z	1757650801	23.835596376885224	13.7425	82.97625	10.093096376885224
APS36021	2025-09-12T04:30:01Z	1757651401	23.835596376885224	13.73	83.08000000000001	10.105596376885224
APS36021	2025-09-12T04:40:01Z	1757652001	23.835596376885224	13.73	83.13374999999999	10.105596376885224
APS36021	2025-09-12T04:50:01Z	1757652601	23.835596376885224	13.7375	82.96375	10.098096376885223
APS36021	2025-09-12T05:00:01Z	1757653201	23.835596376885224	13.7425	82.92750000000001	10.093096376885224
APS36021	2025-09-12T05:10:01Z	1757653801	23.835596376885224	13.725000000000001	82.96125	10.110596376885223
APS36021	2025-09-12T05:20:01Z	1757654401	23.835596376885224	13.74375	82.85374999999999	10.091846376885224
APS36021	2025-09-12T05:30:01Z	1757655001	23.33205600150963	13.75875	82.80375000000001	9.573306001509632
APS36021	2025-09-12T05:40:01Z	1757655601	23.33205600150963	13.7425	82.82875	9.5895560015096315
APS36021	2025-09-12T05:50:01Z	1757656201	23.33205600150963	13.735	82.88499999999999	9.597056001509632
APS36021	2025-09-12T06:00:01Z	1757656801	23.33205600150963	13.78875	82.82499999999999	9.543306001509631
APS36021	2025-09-12T06:10:01Z	1757657401	23.33205600150963	13.708749999999998	82.70750000000001	9.623306001509633
APS36021	2025-09-12T06:20:01Z	1757658001	23.33205600150963	13.73	82.7825	9.60205600150963
APS36021	2025-09-12T06:30:01Z	1757658601	23.33205600150963	13.75	82.70375	9.582056001509631
APS36021	2025-09-12T06:40:01Z	1757659201	23.33205600150963	13.8075	82.57875000000001	9.524556001509632
APS36021	2025-09-12T06:50:01Z	1757659801	23.33205600150963	13.77125	82.55125000000001	9.560806001509631
APS36021	2025-09-12T07:00:01Z	1757660401	23.33205600150963	13.75375	82.45875000000001	9.578306001509631
APS36021	2025-09-12T07:10:01Z	1757661001	23.33205600150963	13.77125	82.46000000000001	9.560806001509631
APS36021	2025-09-12T07:20:01Z	1757661601	23.835596376885224	13.712499999999999	82.33625	10.123096376885226
APS36021	2025-09-12T07:30:01Z	1757662201	23.835596376885224	13.684999999999999	82.37	10.150596376885225
APS36021	2025-09-12T07:40:01Z	1757662801	24.339136752260817	13.715	82.3575	10.624136752260817
APS36021	2025-09-12T07:50:01Z	1757663401	24.842677127636414	13.73	82.42625000000001	11.112677127636413
APS36021	2025-09-12T08:00:01Z	1757664001	25.346217503012003	13.79625	82.47999999999999	11.549967503012002
APS36021	2025-09-12T08:10:01Z	1757664601	27.360379004514378	13.76	82.7325	13.600379004514378
APS36021	2025-09-12T08:20:01Z	1757665201	27.86391937988997	13.774999999999999	83.26249999999999	14.088919379889973
APS36021	2025-09-12T08:30:01Z	1757665801	27.86391937988997	13.7725	83.3025	14.09141937988997
APS36021	2025-09-12T08:40:01Z	1757666401	28.871000130641157	13.76	83.61500000000001	15.111000130641157
APS36021	2025-09-12T08:50:01Z	1757667001	28.367459755265564	13.751249999999999	83.69125	14.616209755265565
APS36021	2025-09-12T09:00:01Z	1757667601	29.374540506016753	13.765	83.7775	15.609540506016753
APS36021	2025-09-12T09:10:01Z	1757668201	28.871000130641157	13.73125	83.60624999999999	15.139750130641158
APS36021	2025-09-12T09:20:01Z	1757668801	28.871000130641157	13.70375	84.07374999999999	15.167250130641158
APS36021	2025-09-12T09:30:01Z	1757669401	28.871000130641157	13.6875	83.9875	15.183500130641157
APS36021	2025-09-12T09:40:01Z	1757670001	28.871000130641157	13.713750000000001	84.2975	15.157250130641156
APS36021	2025-09-12T09:50:01Z	1757670601	28.871000130641157	13.7575	84.39125	15.113500130641157
APS36021	2025-09-12T10:00:01Z	1757671201	27.360379004514378	13.748750000000001	84.23625	13.611629004514377
APS36021	2025-09-12T10:10:01Z	1757671801	26.85683862913878	13.751249999999999	84.21125	13.105588629138783
APS36021	2025-09-12T10:20:01Z	1757672401	26.85683862913878	13.7575	84.02000000000001	13.099338629138781
APS36021	2025-09-12T10:30:01Z	1757673001	26.85683862913878	13.77	84.08375000000001	13.086838629138782
APS36021	2025-09-12T10:40:01Z	1757673601	26.353298253763192	13.7775	84.275	12.575798253763192
APS36021	2025-09-12T10:50:01Z	1757674201	26.353298253763192	13.77	84.2175	12.583298253763193
APS36021	2025-09-12T11:00:01Z	1757674801	30.381621256767936	13.77	83.9575	16.611621256767936
APS36021	2025-09-12T11:10:01Z	1757675401	32.39578275827031	13.782499999999999	83.96375	18.61328275827031
APS36021	2025-09-12T11:20:01Z	1757676001	31.892242382894718	13.775	83.67875000000001	18.117242382894716
APS36021	2025-09-12T11:30:01Z	1757676601	32.89932313364591	13.765	83.71625	19.134323133645907
APS36021	2025-09-12T11:40:01Z	1757677201	33.40286350902149	13.79	83.77	19.612863509021494
APS36021	2025-09-12T11:50:01Z	1757677801	33.40286350902149	13.7725	83.64125	19.630363509021493
APS36021	2025-09-12T12:00:01Z	1757678401	33.40286350902149	13.7575	83.63374999999999	19.645363509021493
APS36021	2025-09-12T12:10:01Z	1757679001	33.40286350902149	13.795	83.46125	19.60786350902149
APS36021	2025-09-12T12:20:01Z	1757679601	33.906403884397086	13.7775	83.3725	20.128903884397086
APS36021	2025-09-12T12:30:01Z	1757680201	33.40286350902149	13.7625	83.39875	19.640363509021494
APS36021	2025-09-12T12:40:01Z	1757680801	32.39578275827031	13.7475	83.26875000000001	18.648282758270305
APS36021	2025-09-12T12:50:01Z	1757681401	32.89932313364591	13.780000000000001	83.34375	19.119323133645906
APS36026	2025-09-11T15:00:01Z	1757602801	34.45168250046152	13.997499999999999	79.375	20.454182500461524
APS36026	2025-09-11T15:10:01Z	1757603401	34.45168250046152	13.872499999999999	79.48625	20.579182500461524
APS36026	2025-09-11T15:20:01Z	1757604001	34.45168250046152	13.786249999999999	80.01124999999999	20.665432500461524
APS36026	2025-09-11T15:30:01Z	1757604601	34.94429670969483	13.79625	80.01875000000001	21.14804670969483
APS36026	2025-09-11T15:40:01Z	1757605201	34.94429670969483	13.79625	80.3125	21.14804670969483
APS36026	2025-09-11T15:50:01Z	1757605801	34.94429670969483	13.79875	79.8575	21.145546709694834
APS36026	2025-09-11T16:00:01Z	1757606401	34.45168250046152	13.79125	79.68375	20.660432500461525
APS36026	2025-09-11T16:10:01Z	1757607001	34.94429670969483	13.74875	79.60249999999999	21.19554670969483
APS36026	2025-09-11T16:20:01Z	1757607601	34.45168250046152	13.78125	79.50375	20.670432500461523
APS36026	2025-09-11T16:30:01Z	1757608201	34.45168250046152	13.76125	79.5775	20.690432500461522
APS36026	2025-09-11T16:40:01Z	1757608801	33.95906829122822	13.7675	79.47	20.191568291228222
APS36026	2025-09-11T16:50:01Z	1757609401	34.45168250046152	13.806249999999999	79.345	20.645432500461524
APS36026	2025-09-11T17:00:01Z	1757610001	34.45168250046152	13.802499999999998	79.54875000000001	20.649182500461524
APS36026	2025-09-11T17:10:01Z	1757610601	34.45168250046152	13.76125	79.6075	20.690432500461522
APS36026	2025-09-11T17:20:01Z	1757611201	33.46645408199492	13.76625	79.5	19.70020408199492
APS36026	2025-09-11T17:30:01Z	1757611801	34.45168250046152	13.776250000000001	79.3775	20.675432500461522
APS36026	2025-09-11T17:40:01Z	1757612401	33.95906829122822	13.76125	79.5925	20.19781829122822
APS36026	2025-09-11T17:50:01Z	1757613001	33.46645408199492	13.76125	79.3925	19.705204081994918
APS36026	2025-09-11T18:00:01Z	1757613601	33.46645408199492	13.76625	79.34375	19.70020408199492
APS36026	2025-09-11T18:10:01Z	1757614201	32.973839872761616	13.725000000000001	79.46000000000001	19.248839872761614
APS36026	2025-09-11T18:20:01Z	1757614801	33.95906829122822	13.735	79.64500000000001	20.22406829122822
APS36026	2025-09-11T18:30:01Z	1757615401	34.94429670969483	13.76625	79.48375	21.178046709694833
APS36026	2025-09-11T18:40:01Z	1757616001	34.45168250046152	13.74	79.91749999999999	20.71168250046152
APS36026	2025-09-11T18:50:01Z	1757616601	32.973839872761616	13.756250000000001	80.2675	19.217589872761614
APS36026	2025-09-11T19:00:01Z	1757617201	32.973839872761616	13.76375	80.6325	19.210089872761614
APS36026	2025-09-11T19:10:01Z	1757617801	32.48122566352831	13.77375	80.91375	18.707475663528314
APS36026	2025-09-11T19:20:01Z	1757618401	32.973839872761616	13.76375	80.85875	19.210089872761614
APS36026	2025-09-11T19:30:01Z	1757619001	32.48122566352831	13.7575	80.94624999999999	18.723725663528313
APS36026	2025-09-11T19:40:01Z	1757619601	31.988611454295008	13.7575	81.12	18.231111454295007
APS36026	2025-09-11T19:50:01Z	1757620201	33.46645408199492	13.7575	81.19999999999999	19.708954081994918
APS36026	2025-09-11T20:00:01Z	1757620801	33.46645408199492	13.7725	81.265	19.693954081994917
APS36026	2025-09-11T20:10:01Z	1757621401	32.973839872761616	13.76875	81.6525	19.205089872761615
APS36026	2025-09-11T20:20:01Z	1757622001	32.973839872761616	13.7575	82.0275	19.216339872761615
APS36026	2025-09-11T20:30:01Z	1757622601	32.973839872761616	13.76875	82.0525	19.205089872761615
APS36026	2025-09-11T20:40:01Z	1757623201	33.46645408199492	13.76125	82.09125	19.705204081994918
APS36026	2025-09-11T20:50:01Z	1757623801	32.973839872761616	13.75	82.20125	19.223839872761616
APS36026	2025-09-11T21:00:01Z	1757624401	32.973839872761616	13.76375	82.3175	19.210089872761614
APS36026	2025-09-11T21:10:01Z	1757625001	32.973839872761616	13.7575	82.495	19.216339872761615
APS36026	2025-09-11T21:20:01Z	1757625601	33.46645408199492	13.7775	82.68375	19.68895408199492
APS36026	2025-09-11T21:30:01Z	1757626201	33.46645408199492	13.76625	82.9	19.70020408199492
APS36026	2025-09-11T21:40:01Z	1757626801	34.45168250046152	13.78375	82.87875	20.667932500461525
APS36026	2025-09-11T21:50:01Z	1757627401	33.95906829122822	13.7725	83.0875	20.18656829122822
APS36026	2025-09-11T22:00:01Z	1757628001	32.973839872761616	13.75	83.09625	19.223839872761616
APS36026	2025-09-11T22:10:01Z	1757628601	31.988611454295008	13.76	82.8575	18.228611454295006
APS36026	2025-09-11T22:20:01Z	1757629201	32.48122566352831	13.7725	83.10875	18.708725663528313
APS36026	2025-09-11T22:30:01Z	1757629801	32.48122566352831	13.7725	83.06125	18.708725663528313
APS36026	2025-09-11T22:40:01Z	1757630401	32.48122566352831	13.767499999999998	83.10249999999999	18.713725663528315
APS36026	2025-09-11T22:50:01Z	1757631001	33.46645408199492	13.774999999999999	83.1525	19.69145408199492
APS36026	2025-09-11T23:00:01Z	1757631601	32.973839872761616	13.76	83.24625	19.213839872761618
APS36026	2025-09-11T23:10:01Z	1757632201	31.49599724506171	13.7575	83.25999999999999	17.73849724506171
APS36026	2025-09-11T23:20:01Z	1757632801	31.003383035828403	13.786249999999999	83.19874999999999	17.217133035828404
APS36026	2025-09-11T23:30:01Z	1757633401	30.510768826595097	13.79625	83.125	16.714518826595096
APS36026	2025-09-11T23:40:01Z	1757634001	31.003383035828403	13.78875	83.16624999999999	17.214633035828403
APS36026	2025-09-11T23:50:01Z	1757634601	30.018154617361798	13.79125	83.2575	16.226904617361797
APS36026	2025-09-12T00:00:01Z	1757635201	30.018154617361798	13.76875	83.25	16.249404617361797
APS36026	2025-09-12T00:10:01Z	1757635801	29.525540408128492	13.752500000000001	83.26	15.773040408128491
APS36026	2025-09-12T00:20:01Z	1757636401	31.003383035828403	13.748750000000001	83.41625	17.2546330358284
APS36026	2025-09-12T00:30:01Z	1757637001	29.525540408128492	13.7425	83.3575	15.783040408128493
APS36026	2025-09-12T00:40:01Z	1757637601	29.032926198895186	13.7975	83.29625	15.235426198895187
APS36026	2025-09-12T00:50:01Z	1757638201	28.540311989661888	13.75875	83.17875000000001	14.781561989661888
APS36026	2025-09-12T01:00:01Z	1757638801	28.04769778042858	13.76625	83.14	14.281447780428582
APS36026	2025-09-12T01:10:01Z	1757639401	28.04769778042858	13.78125	83.13375	14.266447780428582
APS36026	2025-09-12T01:20:01Z	1757640001	28.04769778042858	13.79125	82.945	14.256447780428582
APS36026	2025-09-12T01:30:01Z	1757640601	27.555083571195276	13.752500000000001	83.09125	13.802583571195274
APS36026	2025-09-12T01:40:01Z	1757641201	28.04769778042858	13.76375	82.93	14.283947780428582
APS36026	2025-09-12T01:50:01Z	1757641801	28.04769778042858	13.7425	82.86625000000001	14.305197780428582
APS36026	2025-09-12T02:00:01Z	1757642401	27.555083571195276	13.785	83.06375	13.770083571195276
APS36026	2025-09-12T02:10:01Z	1757643001	27.555083571195276	13.78375	83.21375	13.771333571195276
APS36026	2025-09-12T02:20:01Z	1757643601	27.062469361961977	13.7575	83.2625	13.304969361961977
APS36026	2025-09-12T02:30:01Z	1757644201	27.062469361961977	13.76125	83.125	13.301219361961977
APS36026	2025-09-12T02:40:01Z	1757644801	26.56985515272867	13.725000000000001	83.35374999999999	12.84485515272867
APS36026	2025-09-12T02:50:01Z	1757645401	26.56985515272867	13.74	83.41	12.82985515272867
APS36026	2025-09-12T03:00:01Z	1757646001	26.56985515272867	13.73125	83.33250000000001	12.838605152728672
APS36026	2025-09-12T03:10:01Z	1757646601	25.584626734262063	13.715	83.31625	11.869626734262063
APS36026	2025-09-12T03:20:01Z	1757647201	25.584626734262063	13.735	83.38875	11.849626734262063
APS36026	2025-09-12T03:30:01Z	1757647801	25.09201252502876	13.73	83.30000000000001	11.36201252502876
APS36026	2025-09-12T03:40:01Z	1757648401	25.09201252502876	13.75875	83.27000000000001	11.333262525028761
APS36026	2025-09-12T03:50:01Z	1757649001	24.599398315795455	13.75875	83.34	10.840648315795455
APS36026	2025-09-12T04:00:01Z	1757649601	24.599398315795455	13.75	83.21000000000001	10.849398315795455
APS36026	2025-09-12T04:10:01Z	1757650201	24.106784106562152	13.75	83.17	10.356784106562152
APS36026	2025-09-12T04:20:01Z	1757650801	24.106784106562152	13.7425	82.97625	10.364284106562152
APS36026	2025-09-12T04:30:01Z	1757651401	24.106784106562152	13.73	83.08000000000001	10.376784106562152
APS36026	2025-09-12T04:40:01Z	1757652001	24.106784106562152	13.73	83.13374999999999	10.376784106562152
APS36026	2025-09-12T04:50:01Z	1757652601	24.106784106562152	13.7375	82.96375	10.369284106562151
APS36026	2025-09-12T05:00:01Z	1757653201	23.61416989732885	13.7425	82.92750000000001	9.87166989732885
APS36026	2025-09-12T05:10:01Z	1757653801	24.106784106562152	13.725000000000001	82.96125	10.38178410656215
APS36026	2025-09-12T05:20:01Z	1757654401	24.106784106562152	13.74375	82.85374999999999	10.363034106562152
APS36026	2025-09-12T05:30:01Z	1757655001	23.61416989732885	13.75875	82.80375000000001	9.85541989732885
APS36026	2025-09-12T05:40:01Z	1757655601	23.61416989732885	13.7425	82.82875	9.87166989732885
APS36026	2025-09-12T05:50:01Z	1757656201	23.61416989732885	13.735	82.88499999999999	9.87916989732885
APS36026	2025-09-12T06:00:01Z	1757656801	23.61416989732885	13.78875	82.82499999999999	9.82541989732885
APS36026	2025-09-12T06:10:01Z	1757657401	23.61416989732885	13.708749999999998	82.70750000000001	9.905419897328851
APS36026	2025-09-12T06:20:01Z	1757658001	23.61416989732885	13.73	82.7825	9.88416989732885
APS36026	2025-09-12T06:30:01Z	1757658601	23.61416989732885	13.75	82.70375	9.86416989732885
APS36026	2025-09-12T06:40:01Z	1757659201	23.121555688095544	13.8075	82.57875000000001	9.314055688095545
APS36026	2025-09-12T06:50:01Z	1757659801	23.121555688095544	13.77125	82.55125000000001	9.350305688095544
APS36026	2025-09-12T07:00:01Z	1757660401	23.121555688095544	13.75375	82.45875000000001	9.367805688095544
APS36026	2025-09-12T07:10:01Z	1757661001	24.599398315795455	13.77125	82.46000000000001	10.828148315795454
APS36026	2025-09-12T07:20:01Z	1757661601	25.584626734262063	13.712499999999999	82.33625	11.872126734262064
APS36026	2025-09-12T07:30:01Z	1757662201	25.09201252502876	13.684999999999999	82.37	11.407012525028762
APS36026	2025-09-12T07:40:01Z	1757662801	24.599398315795455	13.715	82.3575	10.884398315795455
APS36026	2025-09-12T07:50:01Z	1757663401	24.106784106562152	13.73	82.42625000000001	10.376784106562152
APS36026	2025-09-12T08:00:01Z	1757664001	24.106784106562152	13.79625	82.47999999999999	10.310534106562152
APS36026	2025-09-12T08:10:01Z	1757664601	23.61416989732885	13.76	82.7325	9.85416989732885
APS36026	2025-09-12T08:20:01Z	1757665201	23.61416989732885	13.774999999999999	83.26249999999999	9.839169897328851
APS36026	2025-09-12T08:30:01Z	1757665801	23.61416989732885	13.7725	83.3025	9.841669897328849
APS36026	2025-09-12T08:40:01Z	1757666401	23.61416989732885	13.76	83.61500000000001	9.85416989732885
APS36026	2025-09-12T08:50:01Z	1757667001	23.121555688095544	13.751249999999999	83.69125	9.370305688095545
APS36026	2025-09-12T09:00:01Z	1757667601	25.584626734262063	13.765	83.7775	11.819626734262062
APS36026	2025-09-12T09:10:01Z	1757668201	28.540311989661888	13.73125	83.60624999999999	14.809061989661888
APS36026	2025-09-12T09:20:01Z	1757668801	29.032926198895186	13.70375	84.07374999999999	15.329176198895187
APS36026	2025-09-12T09:30:01Z	1757669401	27.062469361961977	13.6875	83.9875	13.374969361961977
APS36026	2025-09-12T09:40:01Z	1757670001	26.56985515272867	13.713750000000001	84.2975	12.85610515272867
APS36026	2025-09-12T09:50:01Z	1757670601	26.077240943495365	13.7575	84.39125	12.319740943495365
APS36026	2025-09-12T10:00:01Z	1757671201	25.584626734262063	13.748750000000001	84.23625	11.835876734262062
APS36026	2025-09-12T10:10:01Z	1757671801	25.584626734262063	13.751249999999999	84.21125	11.833376734262064
APS36026	2025-09-12T10:20:01Z	1757672401	25.09201252502876	13.7575	84.02000000000001	11.33451252502876
APS36026	2025-09-12T10:30:01Z	1757673001	25.09201252502876	13.77	84.08375000000001	11.32201252502876
APS36026	2025-09-12T10:40:01Z	1757673601	28.04769778042858	13.7775	84.275	14.270197780428582
APS36026	2025-09-12T10:50:01Z	1757674201	31.988611454295008	13.77	84.2175	18.218611454295008
APS36026	2025-09-12T11:00:01Z	1757674801	34.94429670969483	13.77	83.9575	21.174296709694833
APS36026	2025-09-12T11:10:01Z	1757675401	34.45168250046152	13.782499999999999	83.96375	20.669182500461524
APS36026	2025-09-12T11:20:01Z	1757676001	33.46645408199492	13.775	83.67875000000001	19.69145408199492
APS36026	2025-09-12T11:30:01Z	1757676601	33.46645408199492	13.765	83.71625	19.701454081994918
APS36026	2025-09-12T11:40:01Z	1757677201	33.95906829122822	13.79	83.77	20.16906829122822
APS36026	2025-09-12T11:50:01Z	1757677801	32.973839872761616	13.7725	83.64125	19.201339872761615
APS36026	2025-09-12T12:00:01Z	1757678401	32.48122566352831	13.7575	83.63374999999999	18.723725663528313
APS36026	2025-09-12T12:10:01Z	1757679001	32.973839872761616	13.795	83.46125	19.178839872761614
APS36026	2025-09-12T12:20:01Z	1757679601	32.973839872761616	13.7775	83.3725	19.196339872761616
APS36026	2025-09-12T12:30:01Z	1757680201	31.988611454295008	13.7625	83.39875	18.22611145429501
APS36026	2025-09-12T12:40:01Z	1757680801	33.46645408199492	13.7475	83.26875000000001	19.718954081994916
APS36026	2025-09-12T12:50:01Z	1757681401	34.45168250046152	13.780000000000001	83.34375	20.67168250046152
APS36036	2025-09-11T15:00:01Z	1757602801	33.21355117815014	13.997499999999999	79.375	19.216051178150142
APS36036	2025-09-11T15:10:01Z	1757603401	37.71567963545121	13.872499999999999	79.48625	23.84317963545121
APS36036	2025-09-11T15:20:01Z	1757604001	37.71567963545121	13.786249999999999	80.01124999999999	23.92942963545121
APS36036	2025-09-11T15:30:01Z	1757604601	37.71567963545121	13.79625	80.01875000000001	23.91942963545121
APS36036	2025-09-11T15:40:01Z	1757605201	33.21355117815014	13.79625	80.3125	19.41730117815014
APS36036	2025-09-11T15:50:01Z	1757605801	33.21355117815014	13.79875	79.8575	19.414801178150142
APS36036	2025-09-11T16:00:01Z	1757606401	32.71331468289447	13.79125	79.68375	18.922064682894472
APS36036	2025-09-11T16:10:01Z	1757607001	32.71331468289447	13.74875	79.60249999999999	18.96456468289447
APS36036	2025-09-11T16:20:01Z	1757607601	33.71378767340582	13.78125	79.50375	19.932537673405818
APS36036	2025-09-11T16:30:01Z	1757608201	36.71520664493987	13.76125	79.5775	22.95395664493987
APS36036	2025-09-11T16:40:01Z	1757608801	37.21544314019553	13.7675	79.47	23.447943140195534
APS36036	2025-09-11T16:50:01Z	1757609401	35.714733654428514	13.806249999999999	79.345	21.908483654428515
APS36036	2025-09-11T17:00:01Z	1757610001	35.21449715917284	13.802499999999998	79.54875000000001	21.411997159172845
APS36036	2025-09-11T17:10:01Z	1757610601	37.71567963545121	13.76125	79.6075	23.95442963545121
APS36036	2025-09-11T17:20:01Z	1757611201	38.21591613070689	13.76625	79.5	24.449666130706888
APS36036	2025-09-11T17:30:01Z	1757611801	38.21591613070689	13.776250000000001	79.3775	24.439666130706886
APS36036	2025-09-11T17:40:01Z	1757612401	37.71567963545121	13.76125	79.5925	23.95442963545121
APS36036	2025-09-11T17:50:01Z	1757613001	37.71567963545121	13.76125	79.3925	23.95442963545121
APS36036	2025-09-11T18:00:01Z	1757613601	37.21544314019553	13.76625	79.34375	23.449193140195533
APS36036	2025-09-11T18:10:01Z	1757614201	33.21355117815014	13.725000000000001	79.46000000000001	19.48855117815014
APS36036	2025-09-11T18:20:01Z	1757614801	32.21307818763879	13.735	79.64500000000001	18.478078187638793
APS36036	2025-09-11T18:30:01Z	1757615401	32.21307818763879	13.76625	79.48375	18.446828187638793
APS36036	2025-09-11T18:40:01Z	1757616001	35.714733654428514	13.74	79.91749999999999	21.974733654428512
APS36036	2025-09-11T18:50:01Z	1757616601	33.21355117815014	13.756250000000001	80.2675	19.45730117815014
APS36036	2025-09-11T19:00:01Z	1757617201	32.71331468289447	13.76375	80.6325	18.94956468289447
APS36036	2025-09-11T19:10:01Z	1757617801	31.71284169238312	13.77375	80.91375	17.93909169238312
APS36036	2025-09-11T19:20:01Z	1757618401	31.71284169238312	13.76375	80.85875	17.94909169238312
APS36036	2025-09-11T19:30:01Z	1757619001	31.71284169238312	13.7575	80.94624999999999	17.95534169238312
APS36036	2025-09-11T19:40:01Z	1757619601	31.71284169238312	13.7575	81.12	17.95534169238312
APS36036	2025-09-11T19:50:01Z	1757620201	32.21307818763879	13.7575	81.19999999999999	18.455578187638793
APS36036	2025-09-11T20:00:01Z	1757620801	32.21307818763879	13.7725	81.265	18.440578187638792
APS36036	2025-09-11T20:10:01Z	1757621401	33.71378767340582	13.76875	81.6525	19.945037673405817
APS36036	2025-09-11T20:20:01Z	1757622001	36.21497014968419	13.7575	82.0275	22.45747014968419
APS36036	2025-09-11T20:30:01Z	1757622601	33.21355117815014	13.76875	82.0525	19.44480117815014
APS36036	2025-09-11T20:40:01Z	1757623201	32.21307818763879	13.76125	82.09125	18.451828187638792
APS36036	2025-09-11T20:50:01Z	1757623801	31.71284169238312	13.75	82.20125	17.96284169238312
APS36036	2025-09-11T21:00:01Z	1757624401	33.21355117815014	13.76375	82.3175	19.44980117815014
APS36036	2025-09-11T21:10:01Z	1757625001	32.71331468289447	13.7575	82.495	18.95581468289447
APS36036	2025-09-11T21:20:01Z	1757625601	32.21307818763879	13.7775	82.68375	18.435578187638793
APS36036	2025-09-11T21:30:01Z	1757626201	31.71284169238312	13.76625	82.9	17.94659169238312
APS36036	2025-09-11T21:40:01Z	1757626801	32.71331468289447	13.78375	82.87875	18.929564682894473
APS36036	2025-09-11T21:50:01Z	1757627401	35.714733654428514	13.7725	83.0875	21.942233654428513
APS36036	2025-09-11T22:00:01Z	1757628001	35.714733654428514	13.75	83.09625	21.964733654428514
APS36036	2025-09-11T22:10:01Z	1757628601	34.214024168661496	13.76	82.8575	20.454024168661498
APS36036	2025-09-11T22:20:01Z	1757629201	34.214024168661496	13.7725	83.10875	20.441524168661495
APS36036	2025-09-11T22:30:01Z	1757629801	33.21355117815014	13.7725	83.06125	19.44105117815014
APS36036	2025-09-11T22:40:01Z	1757630401	35.21449715917284	13.767499999999998	83.10249999999999	21.446997159172845
APS36036	2025-09-11T22:50:01Z	1757631001	34.214024168661496	13.774999999999999	83.1525	20.439024168661497
APS36036	2025-09-11T23:00:01Z	1757631601	33.71378767340582	13.76	83.24625	19.95378767340582
APS36036	2025-09-11T23:10:01Z	1757632201	34.714260663917166	13.7575	83.25999999999999	20.956760663917166
APS36036	2025-09-11T23:20:01Z	1757632801	34.714260663917166	13.786249999999999	83.19874999999999	20.928010663917167
APS36036	2025-09-11T23:30:01Z	1757633401	34.214024168661496	13.79625	83.125	20.417774168661495
APS36036	2025-09-11T23:40:01Z	1757634001	34.214024168661496	13.78875	83.16624999999999	20.425274168661495
APS36036	2025-09-11T23:50:01Z	1757634601	34.714260663917166	13.79125	83.2575	20.923010663917168
APS36036	2025-09-12T00:00:01Z	1757635201	34.214024168661496	13.76875	83.25	20.445274168661495
APS36036	2025-09-12T00:10:01Z	1757635801	35.714733654428514	13.752500000000001	83.26	21.962233654428513
APS36036	2025-09-12T00:20:01Z	1757636401	33.21355117815014	13.748750000000001	83.41625	19.46480117815014
APS36036	2025-09-12T00:30:01Z	1757637001	34.714260663917166	13.7425	83.3575	20.971760663917166
APS36036	2025-09-12T00:40:01Z	1757637601	34.714260663917166	13.7975	83.29625	20.916760663917167
APS36036	2025-09-12T00:50:01Z	1757638201	34.214024168661496	13.75875	83.17875000000001	20.455274168661497
APS36036	2025-09-12T01:00:01Z	1757638801	32.21307818763879	13.76625	83.14	18.446828187638793
APS36036	2025-09-12T01:10:01Z	1757639401	32.71331468289447	13.78125	83.13375	18.93206468289447
APS36036	2025-09-12T01:20:01Z	1757640001	31.21260519712745	13.79125	82.945	17.421355197127447
APS36036	2025-09-12T01:30:01Z	1757640601	31.21260519712745	13.752500000000001	83.09125	17.460105197127447
APS36036	2025-09-12T01:40:01Z	1757641201	30.712368701871775	13.76375	82.93	16.948618701871773
APS36036	2025-09-12T01:50:01Z	1757641801	31.71284169238312	13.7425	82.86625000000001	17.97034169238312
APS36036	2025-09-12T02:00:01Z	1757642401	31.71284169238312	13.785	83.06375	17.92784169238312
APS36036	2025-09-12T02:10:01Z	1757643001	31.71284169238312	13.78375	83.21375	17.929091692383118
APS36036	2025-09-12T02:20:01Z	1757643601	32.21307818763879	13.7575	83.2625	18.455578187638793
APS36036	2025-09-12T02:30:01Z	1757644201	32.21307818763879	13.76125	83.125	18.451828187638792
APS36036	2025-09-12T02:40:01Z	1757644801	32.21307818763879	13.725000000000001	83.35374999999999	18.48807818763879
APS36036	2025-09-12T02:50:01Z	1757645401	32.71331468289447	13.74	83.41	18.97331468289447
APS36036	2025-09-12T03:00:01Z	1757646001	33.21355117815014	13.73125	83.33250000000001	19.48230117815014
APS36036	2025-09-12T03:10:01Z	1757646601	33.21355117815014	13.715	83.31625	19.49855117815014
APS36036	2025-09-12T03:20:01Z	1757647201	32.71331468289447	13.735	83.38875	18.97831468289447
APS36036	2025-09-12T03:30:01Z	1757647801	32.71331468289447	13.73	83.30000000000001	18.98331468289447
APS36036	2025-09-12T03:40:01Z	1757648401	32.71331468289447	13.75875	83.27000000000001	18.95456468289447
APS36036	2025-09-12T03:50:01Z	1757649001	32.71331468289447	13.75875	83.34	18.95456468289447
APS36036	2025-09-12T04:00:01Z	1757649601	33.21355117815014	13.75	83.21000000000001	19.46355117815014
APS36036	2025-09-12T04:10:01Z	1757650201	31.21260519712745	13.75	83.17	17.46260519712745
APS36036	2025-09-12T04:20:01Z	1757650801	31.21260519712745	13.7425	82.97625	17.47010519712745
APS36036	2025-09-12T04:30:01Z	1757651401	32.21307818763879	13.73	83.08000000000001	18.483078187638792
APS36036	2025-09-12T04:40:01Z	1757652001	31.71284169238312	13.73	83.13374999999999	17.98284169238312
APS36036	2025-09-12T04:50:01Z	1757652601	33.71378767340582	13.7375	82.96375	19.976287673405817
APS36036	2025-09-12T05:00:01Z	1757653201	33.21355117815014	13.7425	82.92750000000001	19.47105117815014
APS36036	2025-09-12T05:10:01Z	1757653801	33.21355117815014	13.725000000000001	82.96125	19.48855117815014
APS36036	2025-09-12T05:20:01Z	1757654401	32.21307818763879	13.74375	82.85374999999999	18.469328187638794
APS36036	2025-09-12T05:30:01Z	1757655001	33.21355117815014	13.75875	82.80375000000001	19.45480117815014
APS36036	2025-09-12T05:40:01Z	1757655601	34.714260663917166	13.7425	82.82875	20.971760663917166
APS36036	2025-09-12T05:50:01Z	1757656201	35.21449715917284	13.735	82.88499999999999	21.479497159172844
APS36036	2025-09-12T06:00:01Z	1757656801	34.714260663917166	13.78875	82.82499999999999	20.925510663917166
APS36036	2025-09-12T06:10:01Z	1757657401	33.71378767340582	13.708749999999998	82.70750000000001	20.00503767340582
APS36036	2025-09-12T06:20:01Z	1757658001	33.21355117815014	13.73	82.7825	19.48355117815014
APS36036	2025-09-12T06:30:01Z	1757658601	33.71378767340582	13.75	82.70375	19.963787673405818
APS36036	2025-09-12T06:40:01Z	1757659201	34.214024168661496	13.8075	82.57875000000001	20.406524168661498
APS36036	2025-09-12T06:50:01Z	1757659801	34.214024168661496	13.77125	82.55125000000001	20.442774168661494
APS36036	2025-09-12T07:00:01Z	1757660401	34.214024168661496	13.75375	82.45875000000001	20.460274168661496
APS36036	2025-09-12T07:10:01Z	1757661001	33.71378767340582	13.77125	82.46000000000001	19.942537673405816
APS36036	2025-09-12T07:20:01Z	1757661601	33.71378767340582	13.712499999999999	82.33625	20.00128767340582
APS36036	2025-09-12T07:30:01Z	1757662201	35.714733654428514	13.684999999999999	82.37	22.029733654428515
APS36036	2025-09-12T07:40:01Z	1757662801	34.714260663917166	13.715	82.3575	20.999260663917166
APS36036	2025-09-12T07:50:01Z	1757663401	34.714260663917166	13.73	82.42625000000001	20.984260663917166
APS36036	2025-09-12T08:00:01Z	1757664001	33.71378767340582	13.79625	82.47999999999999	19.917537673405818
APS36036	2025-09-12T08:10:01Z	1757664601	35.21449715917284	13.76	82.7325	21.454497159172845
APS36036	2025-09-12T08:20:01Z	1757665201	35.21449715917284	13.774999999999999	83.26249999999999	21.439497159172845
APS36036	2025-09-12T08:30:01Z	1757665801	34.714260663917166	13.7725	83.3025	20.941760663917165
APS36036	2025-09-12T08:40:01Z	1757666401	34.714260663917166	13.76	83.61500000000001	20.954260663917168
APS36036	2025-09-12T08:50:01Z	1757667001	34.214024168661496	13.751249999999999	83.69125	20.462774168661497
APS36036	2025-09-12T09:00:01Z	1757667601	34.214024168661496	13.765	83.7775	20.449024168661495
APS36036	2025-09-12T09:10:01Z	1757668201	33.71378767340582	13.73125	83.60624999999999	19.98253767340582
APS36036	2025-09-12T09:20:01Z	1757668801	34.214024168661496	13.70375	84.07374999999999	20.510274168661496
APS36036	2025-09-12T09:30:01Z	1757669401	33.71378767340582	13.6875	83.9875	20.026287673405818
APS36036	2025-09-12T09:40:01Z	1757670001	33.21355117815014	13.713750000000001	84.2975	19.49980117815014
APS36036	2025-09-12T09:50:01Z	1757670601	31.21260519712745	13.7575	84.39125	17.45510519712745
APS36036	2025-09-12T10:00:01Z	1757671201	32.71331468289447	13.748750000000001	84.23625	18.96456468289447
APS36036	2025-09-12T10:10:01Z	1757671801	31.71284169238312	13.751249999999999	84.21125	17.96159169238312
APS36036	2025-09-12T10:20:01Z	1757672401	33.21355117815014	13.7575	84.02000000000001	19.45605117815014
APS36036	2025-09-12T10:30:01Z	1757673001	33.21355117815014	13.77	84.08375000000001	19.44355117815014
APS36036	2025-09-12T10:40:01Z	1757673601	34.214024168661496	13.7775	84.275	20.436524168661496
APS36036	2025-09-12T10:50:01Z	1757674201	33.71378767340582	13.77	84.2175	19.94378767340582
APS36036	2025-09-12T11:00:01Z	1757674801	33.21355117815014	13.77	83.9575	19.44355117815014
APS36036	2025-09-12T11:10:01Z	1757675401	31.71284169238312	13.782499999999999	83.96375	17.93034169238312
APS36036	2025-09-12T11:20:01Z	1757676001	32.71331468289447	13.775	83.67875000000001	18.93831468289447
APS36036	2025-09-12T11:30:01Z	1757676601	33.71378767340582	13.765	83.71625	19.948787673405818
APS36036	2025-09-12T11:40:01Z	1757677201	31.21260519712745	13.79	83.77	17.42260519712745
APS36036	2025-09-12T11:50:01Z	1757677801	32.21307818763879	13.7725	83.64125	18.440578187638792
APS36036	2025-09-12T12:00:01Z	1757678401	33.71378767340582	13.7575	83.63374999999999	19.956287673405818
APS36036	2025-09-12T12:10:01Z	1757679001	35.21449715917284	13.795	83.46125	21.419497159172842
APS36036	2025-09-12T12:20:01Z	1757679601	33.21355117815014	13.7775	83.3725	19.43605117815014
APS36036	2025-09-12T12:30:01Z	1757680201	36.71520664493987	13.7625	83.39875	22.95270664493987
APS36036	2025-09-12T12:40:01Z	1757680801	36.21497014968419	13.7475	83.26875000000001	22.46747014968419
APS36036	2025-09-12T12:50:01Z	1757681401	31.71284169238312	13.780000000000001	83.34375	17.932841692383118
APS36057	2025-09-11T15:00:01Z	1757602801	31.541993911719942	13.997499999999999	79.375	17.544493911719943
APS36057	2025-09-11T15:10:01Z	1757603401	32.52890410958904	13.872499999999999	79.48625	18.656404109589044
APS36057	2025-09-11T15:20:01Z	1757604001	34.502724505327244	13.786249999999999	80.01124999999999	20.716474505327245
APS36057	2025-09-11T15:30:01Z	1757604601	34.502724505327244	13.79625	80.01875000000001	20.706474505327243
APS36057	2025-09-11T15:40:01Z	1757605201	33.51581430745814	13.79625	80.3125	19.719564307458143
APS36057	2025-09-11T15:50:01Z	1757605801	33.51581430745814	13.79875	79.8575	19.717064307458145
APS36057	2025-09-11T16:00:01Z	1757606401	34.502724505327244	13.79125	79.68375	20.711474505327246
APS36057	2025-09-11T16:10:01Z	1757607001	34.9961796042618	13.74875	79.60249999999999	21.247429604261796
APS36057	2025-09-11T16:20:01Z	1757607601	33.51581430745814	13.78125	79.50375	19.734564307458143
APS36057	2025-09-11T16:30:01Z	1757608201	33.022359208523596	13.76125	79.5775	19.261109208523596
APS36057	2025-09-11T16:40:01Z	1757608801	32.52890410958904	13.7675	79.47	18.761404109589044
APS36057	2025-09-11T16:50:01Z	1757609401	32.52890410958904	13.806249999999999	79.345	18.722654109589044
APS36057	2025-09-11T17:00:01Z	1757610001	32.03544901065449	13.802499999999998	79.54875000000001	18.23294901065449
APS36057	2025-09-11T17:10:01Z	1757610601	32.52890410958904	13.76125	79.6075	18.767654109589042
APS36057	2025-09-11T17:20:01Z	1757611201	32.52890410958904	13.76625	79.5	18.762654109589043
APS36057	2025-09-11T17:30:01Z	1757611801	32.03544901065449	13.776250000000001	79.3775	18.259199010654488
APS36057	2025-09-11T17:40:01Z	1757612401	32.03544901065449	13.76125	79.5925	18.27419901065449
APS36057	2025-09-11T17:50:01Z	1757613001	33.51581430745814	13.76125	79.3925	19.754564307458143
APS36057	2025-09-11T18:00:01Z	1757613601	33.51581430745814	13.76625	79.34375	19.749564307458144
APS36057	2025-09-11T18:10:01Z	1757614201	34.0092694063927	13.725000000000001	79.46000000000001	20.284269406392696
APS36057	2025-09-11T18:20:01Z	1757614801	34.0092694063927	13.735	79.64500000000001	20.274269406392698
APS36057	2025-09-11T18:30:01Z	1757615401	34.502724505327244	13.76625	79.48375	20.736474505327244
APS36057	2025-09-11T18:40:01Z	1757616001	33.51581430745814	13.74	79.91749999999999	19.77581430745814
APS36057	2025-09-11T18:50:01Z	1757616601	32.03544901065449	13.756250000000001	80.2675	18.279199010654487
APS36057	2025-09-11T19:00:01Z	1757617201	32.03544901065449	13.76375	80.6325	18.271699010654487
APS36057	2025-09-11T19:10:01Z	1757617801	32.03544901065449	13.77375	80.91375	18.26169901065449
APS36057	2025-09-11T19:20:01Z	1757618401	31.541993911719942	13.76375	80.85875	17.77824391171994
APS36057	2025-09-11T19:30:01Z	1757619001	31.04853881278539	13.7575	80.94624999999999	17.29103881278539
APS36057	2025-09-11T19:40:01Z	1757619601	30.555083713850838	13.7575	81.12	16.797583713850837
APS36057	2025-09-11T19:50:01Z	1757620201	31.04853881278539	13.7575	81.19999999999999	17.29103881278539
APS36057	2025-09-11T20:00:01Z	1757620801	33.022359208523596	13.7725	81.265	19.249859208523596
APS36057	2025-09-11T20:10:01Z	1757621401	33.51581430745814	13.76875	81.6525	19.747064307458142
APS36057	2025-09-11T20:20:01Z	1757622001	33.022359208523596	13.7575	82.0275	19.264859208523596
APS36057	2025-09-11T20:30:01Z	1757622601	33.51581430745814	13.76875	82.0525	19.747064307458142
APS36057	2025-09-11T20:40:01Z	1757623201	34.502724505327244	13.76125	82.09125	20.741474505327243
APS36057	2025-09-11T20:50:01Z	1757623801	33.51581430745814	13.75	82.20125	19.765814307458143
APS36057	2025-09-11T21:00:01Z	1757624401	33.022359208523596	13.76375	82.3175	19.258609208523595
APS36057	2025-09-11T21:10:01Z	1757625001	32.52890410958904	13.7575	82.495	18.771404109589042
APS36057	2025-09-11T21:20:01Z	1757625601	32.03544901065449	13.7775	82.68375	18.25794901065449
APS36057	2025-09-11T21:30:01Z	1757626201	31.541993911719942	13.76625	82.9	17.775743911719943
APS36057	2025-09-11T21:40:01Z	1757626801	31.541993911719942	13.78375	82.87875	17.758243911719944
APS36057	2025-09-11T21:50:01Z	1757627401	31.541993911719942	13.7725	83.0875	17.76949391171994
APS36057	2025-09-11T22:00:01Z	1757628001	31.541993911719942	13.75	83.09625	17.791993911719942
APS36057	2025-09-11T22:10:01Z	1757628601	31.541993911719942	13.76	82.8575	17.781993911719944
APS36057	2025-09-11T22:20:01Z	1757629201	31.541993911719942	13.7725	83.10875	17.76949391171994
APS36057	2025-09-11T22:30:01Z	1757629801	31.541993911719942	13.7725	83.06125	17.76949391171994
APS36057	2025-09-11T22:40:01Z	1757630401	32.03544901065449	13.767499999999998	83.10249999999999	18.26794901065449
APS36057	2025-09-11T22:50:01Z	1757631001	31.541993911719942	13.774999999999999	83.1525	17.766993911719943
APS36057	2025-09-11T23:00:01Z	1757631601	32.03544901065449	13.76	83.24625	18.27544901065449
APS36057	2025-09-11T23:10:01Z	1757632201	32.52890410958904	13.7575	83.25999999999999	18.771404109589042
APS36057	2025-09-11T23:20:01Z	1757632801	32.52890410958904	13.786249999999999	83.19874999999999	18.742654109589044
APS36057	2025-09-11T23:30:01Z	1757633401	32.52890410958904	13.79625	83.125	18.732654109589042
APS36057	2025-09-11T23:40:01Z	1757634001	32.52890410958904	13.78875	83.16624999999999	18.740154109589042
APS36057	2025-09-11T23:50:01Z	1757634601	32.52890410958904	13.79125	83.2575	18.737654109589045
APS36057	2025-09-12T00:00:01Z	1757635201	32.52890410958904	13.76875	83.25	18.760154109589042
APS36057	2025-09-12T00:10:01Z	1757635801	32.03544901065449	13.752500000000001	83.26	18.282949010654487
APS36057	2025-09-12T00:20:01Z	1757636401	31.541993911719942	13.748750000000001	83.41625	17.79324391171994
APS36057	2025-09-12T00:30:01Z	1757637001	31.541993911719942	13.7425	83.3575	17.799493911719942
APS36057	2025-09-12T00:40:01Z	1757637601	31.04853881278539	13.7975	83.29625	17.251038812785392
APS36057	2025-09-12T00:50:01Z	1757638201	31.04853881278539	13.75875	83.17875000000001	17.289788812785392
APS36057	2025-09-12T01:00:01Z	1757638801	30.06162861491629	13.76625	83.14	16.29537861491629
APS36057	2025-09-12T01:10:01Z	1757639401	30.06162861491629	13.78125	83.13375	16.28037861491629
APS36057	2025-09-12T01:20:01Z	1757640001	29.568173515981737	13.79125	82.945	15.776923515981737
APS36057	2025-09-12T01:30:01Z	1757640601	29.568173515981737	13.752500000000001	83.09125	15.815673515981736
APS36057	2025-09-12T01:40:01Z	1757641201	28.581263318112637	13.76375	82.93	14.817513318112637
APS36057	2025-09-12T01:50:01Z	1757641801	28.581263318112637	13.7425	82.86625000000001	14.838763318112637
APS36057	2025-09-12T02:00:01Z	1757642401	28.581263318112637	13.785	83.06375	14.796263318112636
APS36057	2025-09-12T02:10:01Z	1757643001	29.074718417047187	13.78375	83.21375	15.290968417047187
APS36057	2025-09-12T02:20:01Z	1757643601	28.581263318112637	13.7575	83.2625	14.823763318112636
APS36057	2025-09-12T02:30:01Z	1757644201	28.581263318112637	13.76125	83.125	14.820013318112636
APS36057	2025-09-12T02:40:01Z	1757644801	28.087808219178086	13.725000000000001	83.35374999999999	14.362808219178085
APS36057	2025-09-12T02:50:01Z	1757645401	28.087808219178086	13.74	83.41	14.347808219178086
APS36057	2025-09-12T03:00:01Z	1757646001	28.087808219178086	13.73125	83.33250000000001	14.356558219178087
APS36057	2025-09-12T03:10:01Z	1757646601	27.594353120243532	13.715	83.31625	13.879353120243533
APS36057	2025-09-12T03:20:01Z	1757647201	27.594353120243532	13.735	83.38875	13.859353120243533
APS36057	2025-09-12T03:30:01Z	1757647801	27.594353120243532	13.73	83.30000000000001	13.864353120243532
APS36057	2025-09-12T03:40:01Z	1757648401	27.100898021308986	13.75875	83.27000000000001	13.342148021308986
APS36057	2025-09-12T03:50:01Z	1757649001	27.100898021308986	13.75875	83.34	13.342148021308986
APS36057	2025-09-12T04:00:01Z	1757649601	27.100898021308986	13.75	83.21000000000001	13.350898021308986
APS36057	2025-09-12T04:10:01Z	1757650201	26.60744292237443	13.75	83.17	12.857442922374432
APS36057	2025-09-12T04:20:01Z	1757650801	26.60744292237443	13.7425	82.97625	12.864942922374432
APS36057	2025-09-12T04:30:01Z	1757651401	26.11398782343988	13.73	83.08000000000001	12.383987823439881
APS36057	2025-09-12T04:40:01Z	1757652001	25.620532724505328	13.73	83.13374999999999	11.890532724505327
APS36057	2025-09-12T04:50:01Z	1757652601	25.620532724505328	13.7375	82.96375	11.883032724505327
APS36057	2025-09-12T05:00:01Z	1757653201	25.12707762557078	13.7425	82.92750000000001	11.384577625570781
APS36057	2025-09-12T05:10:01Z	1757653801	25.12707762557078	13.725000000000001	82.96125	11.40207762557078
APS36057	2025-09-12T05:20:01Z	1757654401	25.12707762557078	13.74375	82.85374999999999	11.38332762557078
APS36057	2025-09-12T05:30:01Z	1757655001	24.633622526636227	13.75875	82.80375000000001	10.874872526636228
APS36057	2025-09-12T05:40:01Z	1757655601	24.633622526636227	13.7425	82.82875	10.891122526636227
APS36057	2025-09-12T05:50:01Z	1757656201	24.633622526636227	13.735	82.88499999999999	10.898622526636228
APS36057	2025-09-12T06:00:01Z	1757656801	24.633622526636227	13.78875	82.82499999999999	10.844872526636227
APS36057	2025-09-12T06:10:01Z	1757657401	24.140167427701677	13.708749999999998	82.70750000000001	10.431417427701678
APS36057	2025-09-12T06:20:01Z	1757658001	24.140167427701677	13.73	82.7825	10.410167427701676
APS36057	2025-09-12T06:30:01Z	1757658601	24.140167427701677	13.75	82.70375	10.390167427701677
APS36057	2025-09-12T06:40:01Z	1757659201	24.140167427701677	13.8075	82.57875000000001	10.332667427701677
APS36057	2025-09-12T06:50:01Z	1757659801	24.140167427701677	13.77125	82.55125000000001	10.368917427701676
APS36057	2025-09-12T07:00:01Z	1757660401	23.646712328767126	13.75375	82.45875000000001	9.892962328767126
APS36057	2025-09-12T07:10:01Z	1757661001	23.646712328767126	13.77125	82.46000000000001	9.875462328767126
APS36057	2025-09-12T07:20:01Z	1757661601	24.140167427701677	13.712499999999999	82.33625	10.427667427701678
APS36057	2025-09-12T07:30:01Z	1757662201	24.140167427701677	13.684999999999999	82.37	10.455167427701678
APS36057	2025-09-12T07:40:01Z	1757662801	24.140167427701677	13.715	82.3575	10.425167427701677
APS36057	2025-09-12T07:50:01Z	1757663401	23.646712328767126	13.73	82.42625000000001	9.916712328767126
APS36057	2025-09-12T08:00:01Z	1757664001	24.140167427701677	13.79625	82.47999999999999	10.343917427701676
APS36057	2025-09-12T08:10:01Z	1757664601	23.646712328767126	13.76	82.7325	9.886712328767127
APS36057	2025-09-12T08:20:01Z	1757665201	23.646712328767126	13.774999999999999	83.26249999999999	9.871712328767128
APS36057	2025-09-12T08:30:01Z	1757665801	23.646712328767126	13.7725	83.3025	9.874212328767126
APS36057	2025-09-12T08:40:01Z	1757666401	23.646712328767126	13.76	83.61500000000001	9.886712328767127
APS36057	2025-09-12T08:50:01Z	1757667001	23.646712328767126	13.751249999999999	83.69125	9.895462328767128
APS36057	2025-09-12T09:00:01Z	1757667601	23.646712328767126	13.765	83.7775	9.881712328767126
APS36057	2025-09-12T09:10:01Z	1757668201	23.646712328767126	13.73125	83.60624999999999	9.915462328767127
APS36057	2025-09-12T09:20:01Z	1757668801	23.646712328767126	13.70375	84.07374999999999	9.942962328767127
APS36057	2025-09-12T09:30:01Z	1757669401	23.646712328767126	13.6875	83.9875	9.959212328767126
APS36057	2025-09-12T09:40:01Z	1757670001	23.646712328767126	13.713750000000001	84.2975	9.932962328767125
APS36057	2025-09-12T09:50:01Z	1757670601	23.646712328767126	13.7575	84.39125	9.889212328767126
APS36057	2025-09-12T10:00:01Z	1757671201	23.646712328767126	13.748750000000001	84.23625	9.897962328767125
APS36057	2025-09-12T10:10:01Z	1757671801	23.646712328767126	13.751249999999999	84.21125	9.895462328767128
APS36057	2025-09-12T10:20:01Z	1757672401	23.646712328767126	13.7575	84.02000000000001	9.889212328767126
APS36057	2025-09-12T10:30:01Z	1757673001	23.646712328767126	13.77	84.08375000000001	9.876712328767127
APS36057	2025-09-12T10:40:01Z	1757673601	23.646712328767126	13.7775	84.275	9.869212328767127
APS36057	2025-09-12T10:50:01Z	1757674201	23.646712328767126	13.77	84.2175	9.876712328767127
APS36057	2025-09-12T11:00:01Z	1757674801	25.12707762557078	13.77	83.9575	11.357077625570781
APS36057	2025-09-12T11:10:01Z	1757675401	25.620532724505328	13.782499999999999	83.96375	11.838032724505329
APS36057	2025-09-12T11:20:01Z	1757676001	26.11398782343988	13.775	83.67875000000001	12.338987823439881
APS36057	2025-09-12T11:30:01Z	1757676601	27.100898021308986	13.765	83.71625	13.335898021308985
APS36057	2025-09-12T11:40:01Z	1757677201	28.087808219178086	13.79	83.77	14.297808219178087
APS36057	2025-09-12T11:50:01Z	1757677801	28.581263318112637	13.7725	83.64125	14.808763318112636
APS36057	2025-09-12T12:00:01Z	1757678401	29.074718417047187	13.7575	83.63374999999999	15.317218417047187
APS36057	2025-09-12T12:10:01Z	1757679001	29.568173515981737	13.795	83.46125	15.773173515981737
APS36057	2025-09-12T12:20:01Z	1757679601	31.04853881278539	13.7775	83.3725	17.271038812785392
APS36057	2025-09-12T12:30:01Z	1757680201	30.555083713850838	13.7625	83.39875	16.79258371385084
APS36057	2025-09-12T12:40:01Z	1757680801	31.04853881278539	13.7475	83.26875000000001	17.301038812785393
APS36057	2025-09-12T12:50:01Z	1757681401	31.04853881278539	13.780000000000001	83.34375	17.26853881278539
APS36106	2025-09-11T15:00:01Z	1757602801	33.98656441717792	13.997499999999999	79.375	19.989064417177918
APS36106	2025-09-11T15:10:01Z	1757603401	34.98104294478528	13.872499999999999	79.48625	21.10854294478528
APS36106	2025-09-11T15:20:01Z	1757604001	35.97552147239264	13.786249999999999	80.01124999999999	22.189271472392644
APS36106	2025-09-11T15:30:01Z	1757604601	33.98656441717792	13.79625	80.01875000000001	20.190314417177916
APS36106	2025-09-11T15:40:01Z	1757605201	33.48932515337423	13.79625	80.3125	19.69307515337423
APS36106	2025-09-11T15:50:01Z	1757605801	33.48932515337423	13.79875	79.8575	19.690575153374233
APS36106	2025-09-11T16:00:01Z	1757606401	34.98104294478528	13.79125	79.68375	21.18979294478528
APS36106	2025-09-11T16:10:01Z	1757607001	35.97552147239264	13.74875	79.60249999999999	22.22677147239264
APS36106	2025-09-11T16:20:01Z	1757607601	35.47828220858896	13.78125	79.50375	21.697032208588958
APS36106	2025-09-11T16:30:01Z	1757608201	34.483803680981595	13.76125	79.5775	20.722553680981594
APS36106	2025-09-11T16:40:01Z	1757608801	33.98656441717792	13.7675	79.47	20.21906441717792
APS36106	2025-09-11T16:50:01Z	1757609401	33.98656441717792	13.806249999999999	79.345	20.180314417177918
APS36106	2025-09-11T17:00:01Z	1757610001	33.98656441717792	13.802499999999998	79.54875000000001	20.184064417177918
APS36106	2025-09-11T17:10:01Z	1757610601	34.98104294478528	13.76125	79.6075	21.21979294478528
APS36106	2025-09-11T17:20:01Z	1757611201	34.483803680981595	13.76625	79.5	20.717553680981595
APS36106	2025-09-11T17:30:01Z	1757611801	33.48932515337423	13.776250000000001	79.3775	19.71307515337423
APS36106	2025-09-11T17:40:01Z	1757612401	34.483803680981595	13.76125	79.5925	20.722553680981594
APS36106	2025-09-11T17:50:01Z	1757613001	33.48932515337423	13.76125	79.3925	19.72807515337423
APS36106	2025-09-11T18:00:01Z	1757613601	33.48932515337423	13.76625	79.34375	19.723075153374232
APS36106	2025-09-11T18:10:01Z	1757614201	34.483803680981595	13.725000000000001	79.46000000000001	20.758803680981593
APS36106	2025-09-11T18:20:01Z	1757614801	35.97552147239264	13.735	79.64500000000001	22.240521472392643
APS36106	2025-09-11T18:30:01Z	1757615401	35.47828220858896	13.76625	79.48375	21.71203220858896
APS36106	2025-09-11T18:40:01Z	1757616001	34.98104294478528	13.74	79.91749999999999	21.241042944785278
APS36106	2025-09-11T18:50:01Z	1757616601	33.98656441717792	13.756250000000001	80.2675	20.230314417177915
APS36106	2025-09-11T19:00:01Z	1757617201	33.98656441717792	13.76375	80.6325	20.222814417177915
APS36106	2025-09-11T19:10:01Z	1757617801	33.98656441717792	13.77375	80.91375	20.212814417177917
APS36106	2025-09-11T19:20:01Z	1757618401	33.98656441717792	13.76375	80.85875	20.222814417177915
APS36106	2025-09-11T19:30:01Z	1757619001	35.97552147239264	13.7575	80.94624999999999	22.218021472392643
APS36106	2025-09-11T19:40:01Z	1757619601	34.483803680981595	13.7575	81.12	20.726303680981594
APS36106	2025-09-11T19:50:01Z	1757620201	33.48932515337423	13.7575	81.19999999999999	19.73182515337423
APS36106	2025-09-11T20:00:01Z	1757620801	33.48932515337423	13.7725	81.265	19.71682515337423
APS36106	2025-09-11T20:10:01Z	1757621401	33.48932515337423	13.76875	81.6525	19.72057515337423
APS36106	2025-09-11T20:20:01Z	1757622001	35.97552147239264	13.7575	82.0275	22.218021472392643
APS36106	2025-09-11T20:30:01Z	1757622601	36.97	13.76875	82.0525	23.201249999999998
APS36106	2025-09-11T20:40:01Z	1757623201	33.98656441717792	13.76125	82.09125	20.225314417177916
APS36106	2025-09-11T20:50:01Z	1757623801	32.992085889570554	13.75	82.20125	19.242085889570554
APS36106	2025-09-11T21:00:01Z	1757624401	33.48932515337423	13.76375	82.3175	19.72557515337423
APS36106	2025-09-11T21:10:01Z	1757625001	33.48932515337423	13.7575	82.495	19.73182515337423
APS36106	2025-09-11T21:20:01Z	1757625601	33.48932515337423	13.7775	82.68375	19.71182515337423
APS36106	2025-09-11T21:30:01Z	1757626201	33.48932515337423	13.76625	82.9	19.723075153374232
APS36106	2025-09-11T21:40:01Z	1757626801	33.98656441717792	13.78375	82.87875	20.20281441717792
APS36106	2025-09-11T21:50:01Z	1757627401	32.49484662576687	13.7725	83.0875	18.722346625766868
APS36106	2025-09-11T22:00:01Z	1757628001	33.98656441717792	13.75	83.09625	20.236564417177917
APS36106	2025-09-11T22:10:01Z	1757628601	34.483803680981595	13.76	82.8575	20.723803680981597
APS36106	2025-09-11T22:20:01Z	1757629201	33.48932515337423	13.7725	83.10875	19.71682515337423
APS36106	2025-09-11T22:30:01Z	1757629801	34.483803680981595	13.7725	83.06125	20.711303680981594
APS36106	2025-09-11T22:40:01Z	1757630401	34.98104294478528	13.767499999999998	83.10249999999999	21.21354294478528
APS36106	2025-09-11T22:50:01Z	1757631001	34.483803680981595	13.774999999999999	83.1525	20.708803680981596
APS36106	2025-09-11T23:00:01Z	1757631601	34.483803680981595	13.76	83.24625	20.723803680981597
APS36106	2025-09-11T23:10:01Z	1757632201	34.483803680981595	13.7575	83.25999999999999	20.726303680981594
APS36106	2025-09-11T23:20:01Z	1757632801	33.98656441717792	13.786249999999999	83.19874999999999	20.200314417177918
APS36106	2025-09-11T23:30:01Z	1757633401	33.98656441717792	13.79625	83.125	20.190314417177916
APS36106	2025-09-11T23:40:01Z	1757634001	33.98656441717792	13.78875	83.16624999999999	20.197814417177916
APS36106	2025-09-11T23:50:01Z	1757634601	33.48932515337423	13.79125	83.2575	19.698075153374234
APS36106	2025-09-12T00:00:01Z	1757635201	33.98656441717792	13.76875	83.25	20.217814417177916
APS36106	2025-09-12T00:10:01Z	1757635801	33.98656441717792	13.752500000000001	83.26	20.234064417177915
APS36106	2025-09-12T00:20:01Z	1757636401	32.992085889570554	13.748750000000001	83.41625	19.243335889570552
APS36106	2025-09-12T00:30:01Z	1757637001	33.48932515337423	13.7425	83.3575	19.746825153374232
APS36106	2025-09-12T00:40:01Z	1757637601	33.48932515337423	13.7975	83.29625	19.691825153374232
APS36106	2025-09-12T00:50:01Z	1757638201	33.48932515337423	13.75875	83.17875000000001	19.730575153374232
APS36106	2025-09-12T01:00:01Z	1757638801	33.48932515337423	13.76625	83.14	19.723075153374232
APS36106	2025-09-12T01:10:01Z	1757639401	33.48932515337423	13.78125	83.13375	19.70807515337423
APS36106	2025-09-12T01:20:01Z	1757640001	33.48932515337423	13.79125	82.945	19.698075153374234
APS36106	2025-09-12T01:30:01Z	1757640601	33.48932515337423	13.752500000000001	83.09125	19.73682515337423
APS36106	2025-09-12T01:40:01Z	1757641201	33.98656441717792	13.76375	82.93	20.222814417177915
APS36106	2025-09-12T01:50:01Z	1757641801	33.48932515337423	13.7425	82.86625000000001	19.746825153374232
APS36106	2025-09-12T02:00:01Z	1757642401	32.992085889570554	13.785	83.06375	19.207085889570553
APS36106	2025-09-12T02:10:01Z	1757643001	33.98656441717792	13.78375	83.21375	20.20281441717792
APS36106	2025-09-12T02:20:01Z	1757643601	32.992085889570554	13.7575	83.2625	19.234585889570553
APS36106	2025-09-12T02:30:01Z	1757644201	33.98656441717792	13.76125	83.125	20.225314417177916
APS36106	2025-09-12T02:40:01Z	1757644801	33.98656441717792	13.725000000000001	83.35374999999999	20.261564417177915
APS36106	2025-09-12T02:50:01Z	1757645401	33.48932515337423	13.74	83.41	19.74932515337423
APS36106	2025-09-12T03:00:01Z	1757646001	33.48932515337423	13.73125	83.33250000000001	19.758075153374232
APS36106	2025-09-12T03:10:01Z	1757646601	34.483803680981595	13.715	83.31625	20.768803680981595
APS36106	2025-09-12T03:20:01Z	1757647201	32.49484662576687	13.735	83.38875	18.75984662576687
APS36106	2025-09-12T03:30:01Z	1757647801	34.483803680981595	13.73	83.30000000000001	20.753803680981594
APS36106	2025-09-12T03:40:01Z	1757648401	33.98656441717792	13.75875	83.27000000000001	20.227814417177918
APS36106	2025-09-12T03:50:01Z	1757649001	33.48932515337423	13.75875	83.34	19.730575153374232
APS36106	2025-09-12T04:00:01Z	1757649601	33.98656441717792	13.75	83.21000000000001	20.236564417177917
APS36106	2025-09-12T04:10:01Z	1757650201	33.98656441717792	13.75	83.17	20.236564417177917
APS36106	2025-09-12T04:20:01Z	1757650801	33.98656441717792	13.7425	82.97625	20.244064417177917
APS36106	2025-09-12T04:30:01Z	1757651401	33.48932515337423	13.73	83.08000000000001	19.75932515337423
APS36106	2025-09-12T04:40:01Z	1757652001	33.98656441717792	13.73	83.13374999999999	20.256564417177916
APS36106	2025-09-12T04:50:01Z	1757652601	33.98656441717792	13.7375	82.96375	20.249064417177916
APS36106	2025-09-12T05:00:01Z	1757653201	33.98656441717792	13.7425	82.92750000000001	20.244064417177917
APS36106	2025-09-12T05:10:01Z	1757653801	33.48932515337423	13.725000000000001	82.96125	19.76432515337423
APS36106	2025-09-12T05:20:01Z	1757654401	33.48932515337423	13.74375	82.85374999999999	19.745575153374233
APS36106	2025-09-12T05:30:01Z	1757655001	33.48932515337423	13.75875	82.80375000000001	19.730575153374232
APS36106	2025-09-12T05:40:01Z	1757655601	33.98656441717792	13.7425	82.82875	20.244064417177917
APS36106	2025-09-12T05:50:01Z	1757656201	33.48932515337423	13.735	82.88499999999999	19.754325153374232
APS36106	2025-09-12T06:00:01Z	1757656801	33.98656441717792	13.78875	82.82499999999999	20.197814417177916
APS36106	2025-09-12T06:10:01Z	1757657401	33.48932515337423	13.708749999999998	82.70750000000001	19.780575153374233
APS36106	2025-09-12T06:20:01Z	1757658001	33.98656441717792	13.73	82.7825	20.256564417177916
APS36106	2025-09-12T06:30:01Z	1757658601	33.98656441717792	13.75	82.70375	20.236564417177917
APS36106	2025-09-12T06:40:01Z	1757659201	34.98104294478528	13.8075	82.57875000000001	21.173542944785282
APS36106	2025-09-12T06:50:01Z	1757659801	33.98656441717792	13.77125	82.55125000000001	20.215314417177915
APS36106	2025-09-12T07:00:01Z	1757660401	32.992085889570554	13.75375	82.45875000000001	19.238335889570553
APS36106	2025-09-12T07:10:01Z	1757661001	34.483803680981595	13.77125	82.46000000000001	20.712553680981593
APS36106	2025-09-12T07:20:01Z	1757661601	33.98656441717792	13.712499999999999	82.33625	20.274064417177918
APS36106	2025-09-12T07:30:01Z	1757662201	34.483803680981595	13.684999999999999	82.37	20.798803680981596
APS36106	2025-09-12T07:40:01Z	1757662801	34.483803680981595	13.715	82.3575	20.768803680981595
APS36106	2025-09-12T07:50:01Z	1757663401	34.483803680981595	13.73	82.42625000000001	20.753803680981594
APS36106	2025-09-12T08:00:01Z	1757664001	34.483803680981595	13.79625	82.47999999999999	20.687553680981594
APS36106	2025-09-12T08:10:01Z	1757664601	33.48932515337423	13.76	82.7325	19.729325153374234
APS36106	2025-09-12T08:20:01Z	1757665201	33.48932515337423	13.774999999999999	83.26249999999999	19.714325153374233
APS36106	2025-09-12T08:30:01Z	1757665801	33.98656441717792	13.7725	83.3025	20.214064417177916
APS36106	2025-09-12T08:40:01Z	1757666401	33.98656441717792	13.76	83.61500000000001	20.22656441717792
APS36106	2025-09-12T08:50:01Z	1757667001	33.98656441717792	13.751249999999999	83.69125	20.235314417177918
APS36106	2025-09-12T09:00:01Z	1757667601	34.483803680981595	13.765	83.7775	20.718803680981594
APS36106	2025-09-12T09:10:01Z	1757668201	34.483803680981595	13.73125	83.60624999999999	20.752553680981595
APS36106	2025-09-12T09:20:01Z	1757668801	36.472760736196314	13.70375	84.07374999999999	22.769010736196314
APS36106	2025-09-12T09:30:01Z	1757669401	34.483803680981595	13.6875	83.9875	20.796303680981595
APS36106	2025-09-12T09:40:01Z	1757670001	34.483803680981595	13.713750000000001	84.2975	20.770053680981594
APS36106	2025-09-12T09:50:01Z	1757670601	33.98656441717792	13.7575	84.39125	20.229064417177916
APS36106	2025-09-12T10:00:01Z	1757671201	35.97552147239264	13.748750000000001	84.23625	22.22677147239264
APS36106	2025-09-12T10:10:01Z	1757671801	36.97	13.751249999999999	84.21125	23.21875
APS36106	2025-09-12T10:20:01Z	1757672401	36.97	13.7575	84.02000000000001	23.2125
APS36106	2025-09-12T10:30:01Z	1757673001	36.97	13.77	84.08375000000001	23.2
APS36106	2025-09-12T10:40:01Z	1757673601	36.472760736196314	13.7775	84.275	22.695260736196314
APS36106	2025-09-12T10:50:01Z	1757674201	36.472760736196314	13.77	84.2175	22.702760736196314
APS36106	2025-09-12T11:00:01Z	1757674801	36.97	13.77	83.9575	23.2
APS36106	2025-09-12T11:10:01Z	1757675401	36.97	13.782499999999999	83.96375	23.1875
APS36106	2025-09-12T11:20:01Z	1757676001	36.97	13.775	83.67875000000001	23.195
APS36106	2025-09-12T11:30:01Z	1757676601	35.97552147239264	13.765	83.71625	22.210521472392642
APS36106	2025-09-12T11:40:01Z	1757677201	34.483803680981595	13.79	83.77	20.693803680981596
APS36106	2025-09-12T11:50:01Z	1757677801	37.46723926380368	13.7725	83.64125	23.694739263803676
APS36106	2025-09-12T12:00:01Z	1757678401	37.96447852760736	13.7575	83.63374999999999	24.20697852760736
APS36106	2025-09-12T12:10:01Z	1757679001	37.46723926380368	13.795	83.46125	23.672239263803675
APS36106	2025-09-12T12:20:01Z	1757679601	37.46723926380368	13.7775	83.3725	23.689739263803677
APS36106	2025-09-12T12:30:01Z	1757680201	36.97	13.7625	83.39875	23.2075
APS36106	2025-09-12T12:40:01Z	1757680801	35.97552147239264	13.7475	83.26875000000001	22.22802147239264
APS36106	2025-09-12T12:50:01Z	1757681401	35.47828220858896	13.780000000000001	83.34375	21.698282208588957
APS36108	2025-09-11T15:00:01Z	1757602801	33.98656441717792	13.997499999999999	79.375	19.989064417177918
APS36108	2025-09-11T15:10:01Z	1757603401	33.48932515337423	13.872499999999999	79.48625	19.616825153374233
APS36108	2025-09-11T15:20:01Z	1757604001	33.48932515337423	13.786249999999999	80.01124999999999	19.703075153374233
APS36108	2025-09-11T15:30:01Z	1757604601	33.98656441717792	13.79625	80.01875000000001	20.190314417177916
APS36108	2025-09-11T15:40:01Z	1757605201	33.98656441717792	13.79625	80.3125	20.190314417177916
APS36108	2025-09-11T15:50:01Z	1757605801	33.98656441717792	13.79875	79.8575	20.18781441717792
APS36108	2025-09-11T16:00:01Z	1757606401	33.48932515337423	13.79125	79.68375	19.698075153374234
APS36108	2025-09-11T16:10:01Z	1757607001	32.992085889570554	13.74875	79.60249999999999	19.243335889570552
APS36108	2025-09-11T16:20:01Z	1757607601	34.98104294478528	13.78125	79.50375	21.19979294478528
APS36108	2025-09-11T16:30:01Z	1757608201	34.483803680981595	13.76125	79.5775	20.722553680981594
APS36108	2025-09-11T16:40:01Z	1757608801	34.483803680981595	13.7675	79.47	20.716303680981596
APS36108	2025-09-11T16:50:01Z	1757609401	34.483803680981595	13.806249999999999	79.345	20.677553680981596
APS36108	2025-09-11T17:00:01Z	1757610001	33.98656441717792	13.802499999999998	79.54875000000001	20.184064417177918
APS36108	2025-09-11T17:10:01Z	1757610601	34.483803680981595	13.76125	79.6075	20.722553680981594
APS36108	2025-09-11T17:20:01Z	1757611201	34.483803680981595	13.76625	79.5	20.717553680981595
APS36108	2025-09-11T17:30:01Z	1757611801	33.98656441717792	13.776250000000001	79.3775	20.210314417177916
APS36108	2025-09-11T17:40:01Z	1757612401	33.48932515337423	13.76125	79.5925	19.72807515337423
APS36108	2025-09-11T17:50:01Z	1757613001	33.98656441717792	13.76125	79.3925	20.225314417177916
APS36108	2025-09-11T18:00:01Z	1757613601	34.483803680981595	13.76625	79.34375	20.717553680981595
APS36108	2025-09-11T18:10:01Z	1757614201	34.483803680981595	13.725000000000001	79.46000000000001	20.758803680981593
APS36108	2025-09-11T18:20:01Z	1757614801	34.483803680981595	13.735	79.64500000000001	20.748803680981595
APS36108	2025-09-11T18:30:01Z	1757615401	33.98656441717792	13.76625	79.48375	20.220314417177917
APS36108	2025-09-11T18:40:01Z	1757616001	33.98656441717792	13.74	79.91749999999999	20.246564417177915
APS36108	2025-09-11T18:50:01Z	1757616601	33.48932515337423	13.756250000000001	80.2675	19.73307515337423
APS36108	2025-09-11T19:00:01Z	1757617201	33.48932515337423	13.76375	80.6325	19.72557515337423
APS36108	2025-09-11T19:10:01Z	1757617801	33.98656441717792	13.77375	80.91375	20.212814417177917
APS36108	2025-09-11T19:20:01Z	1757618401	33.98656441717792	13.76375	80.85875	20.222814417177915
APS36108	2025-09-11T19:30:01Z	1757619001	33.98656441717792	13.7575	80.94624999999999	20.229064417177916
APS36108	2025-09-11T19:40:01Z	1757619601	34.483803680981595	13.7575	81.12	20.726303680981594
APS36108	2025-09-11T19:50:01Z	1757620201	34.483803680981595	13.7575	81.19999999999999	20.726303680981594
APS36108	2025-09-11T20:00:01Z	1757620801	34.483803680981595	13.7725	81.265	20.711303680981594
APS36108	2025-09-11T20:10:01Z	1757621401	34.483803680981595	13.76875	81.6525	20.715053680981594
APS36108	2025-09-11T20:20:01Z	1757622001	33.98656441717792	13.7575	82.0275	20.229064417177916
APS36108	2025-09-11T20:30:01Z	1757622601	33.48932515337423	13.76875	82.0525	19.72057515337423
APS36108	2025-09-11T20:40:01Z	1757623201	33.98656441717792	13.76125	82.09125	20.225314417177916
APS36108	2025-09-11T20:50:01Z	1757623801	33.98656441717792	13.75	82.20125	20.236564417177917
APS36108	2025-09-11T21:00:01Z	1757624401	33.98656441717792	13.76375	82.3175	20.222814417177915
APS36108	2025-09-11T21:10:01Z	1757625001	33.98656441717792	13.7575	82.495	20.229064417177916
APS36108	2025-09-11T21:20:01Z	1757625601	33.98656441717792	13.7775	82.68375	20.209064417177917
APS36108	2025-09-11T21:30:01Z	1757626201	34.483803680981595	13.76625	82.9	20.717553680981595
APS36108	2025-09-11T21:40:01Z	1757626801	33.98656441717792	13.78375	82.87875	20.20281441717792
APS36108	2025-09-11T21:50:01Z	1757627401	34.483803680981595	13.7725	83.0875	20.711303680981594
APS36108	2025-09-11T22:00:01Z	1757628001	33.98656441717792	13.75	83.09625	20.236564417177917
APS36108	2025-09-11T22:10:01Z	1757628601	32.992085889570554	13.76	82.8575	19.232085889570556
APS36108	2025-09-11T22:20:01Z	1757629201	33.48932515337423	13.7725	83.10875	19.71682515337423
APS36108	2025-09-11T22:30:01Z	1757629801	34.483803680981595	13.7725	83.06125	20.711303680981594
APS36108	2025-09-11T22:40:01Z	1757630401	34.483803680981595	13.767499999999998	83.10249999999999	20.716303680981596
APS36108	2025-09-11T22:50:01Z	1757631001	34.483803680981595	13.774999999999999	83.1525	20.708803680981596
APS36108	2025-09-11T23:00:01Z	1757631601	32.992085889570554	13.76	83.24625	19.232085889570556
APS36108	2025-09-11T23:10:01Z	1757632201	32.49484662576687	13.7575	83.25999999999999	18.737346625766868
APS36108	2025-09-11T23:20:01Z	1757632801	30.008650306748468	13.786249999999999	83.19874999999999	16.22240030674847
APS36108	2025-09-11T23:30:01Z	1757633401	29.014171779141105	13.79625	83.125	15.217921779141104
APS36108	2025-09-11T23:40:01Z	1757634001	28.019693251533745	13.78875	83.16624999999999	14.230943251533745
APS36108	2025-09-11T23:50:01Z	1757634601	28.019693251533745	13.79125	83.2575	14.228443251533745
APS36108	2025-09-12T00:00:01Z	1757635201	27.522453987730064	13.76875	83.25	13.753703987730063
APS36108	2025-09-12T00:10:01Z	1757635801	27.025214723926386	13.752500000000001	83.26	13.272714723926384
APS36108	2025-09-12T00:20:01Z	1757636401	27.025214723926386	13.748750000000001	83.41625	13.276464723926384
APS36108	2025-09-12T00:30:01Z	1757637001	26.5279754601227	13.7425	83.3575	12.7854754601227
APS36108	2025-09-12T00:40:01Z	1757637601	27.025214723926386	13.7975	83.29625	13.227714723926386
APS36108	2025-09-12T00:50:01Z	1757638201	26.5279754601227	13.75875	83.17875000000001	12.769225460122701
APS36108	2025-09-12T01:00:01Z	1757638801	26.03073619631902	13.76625	83.14	12.26448619631902
APS36108	2025-09-12T01:10:01Z	1757639401	25.53349693251534	13.78125	83.13375	11.752246932515341
APS36108	2025-09-12T01:20:01Z	1757640001	25.53349693251534	13.79125	82.945	11.742246932515341
APS36108	2025-09-12T01:30:01Z	1757640601	25.53349693251534	13.752500000000001	83.09125	11.78099693251534
APS36108	2025-09-12T01:40:01Z	1757641201	25.03625766871166	13.76375	82.93	11.27250766871166
APS36108	2025-09-12T01:50:01Z	1757641801	25.03625766871166	13.7425	82.86625000000001	11.29375766871166
APS36108	2025-09-12T02:00:01Z	1757642401	24.539018404907978	13.785	83.06375	10.754018404907978
APS36108	2025-09-12T02:10:01Z	1757643001	24.539018404907978	13.78375	83.21375	10.755268404907978
APS36108	2025-09-12T02:20:01Z	1757643601	24.539018404907978	13.7575	83.2625	10.781518404907978
APS36108	2025-09-12T02:30:01Z	1757644201	24.0417791411043	13.76125	83.125	10.2805291411043
APS36108	2025-09-12T02:40:01Z	1757644801	24.0417791411043	13.725000000000001	83.35374999999999	10.316779141104298
APS36108	2025-09-12T02:50:01Z	1757645401	24.0417791411043	13.74	83.41	10.3017791411043
APS36108	2025-09-12T03:00:01Z	1757646001	24.0417791411043	13.73125	83.33250000000001	10.3105291411043
APS36108	2025-09-12T03:10:01Z	1757646601	24.0417791411043	13.715	83.31625	10.3267791411043
APS36108	2025-09-12T03:20:01Z	1757647201	23.544539877300615	13.735	83.38875	9.809539877300615
APS36108	2025-09-12T03:30:01Z	1757647801	23.544539877300615	13.73	83.30000000000001	9.814539877300614
APS36108	2025-09-12T03:40:01Z	1757648401	23.544539877300615	13.75875	83.27000000000001	9.785789877300616
APS36108	2025-09-12T03:50:01Z	1757649001	23.544539877300615	13.75875	83.34	9.785789877300616
APS36108	2025-09-12T04:00:01Z	1757649601	23.544539877300615	13.75	83.21000000000001	9.794539877300615
APS36108	2025-09-12T04:10:01Z	1757650201	23.544539877300615	13.75	83.17	9.794539877300615
APS36108	2025-09-12T04:20:01Z	1757650801	23.544539877300615	13.7425	82.97625	9.802039877300615
APS36108	2025-09-12T04:30:01Z	1757651401	23.544539877300615	13.73	83.08000000000001	9.814539877300614
APS36108	2025-09-12T04:40:01Z	1757652001	23.047300613496933	13.73	83.13374999999999	9.317300613496933
APS36108	2025-09-12T04:50:01Z	1757652601	23.047300613496933	13.7375	82.96375	9.309800613496932
APS36108	2025-09-12T05:00:01Z	1757653201	23.047300613496933	13.7425	82.92750000000001	9.304800613496933
APS36108	2025-09-12T05:10:01Z	1757653801	23.544539877300615	13.725000000000001	82.96125	9.819539877300613
APS36108	2025-09-12T05:20:01Z	1757654401	23.544539877300615	13.74375	82.85374999999999	9.800789877300614
APS36108	2025-09-12T05:30:01Z	1757655001	23.544539877300615	13.75875	82.80375000000001	9.785789877300616
APS36108	2025-09-12T05:40:01Z	1757655601	23.047300613496933	13.7425	82.82875	9.304800613496933
APS36108	2025-09-12T05:50:01Z	1757656201	23.047300613496933	13.735	82.88499999999999	9.312300613496934
APS36108	2025-09-12T06:00:01Z	1757656801	23.047300613496933	13.78875	82.82499999999999	9.258550613496933
APS36108	2025-09-12T06:10:01Z	1757657401	23.047300613496933	13.708749999999998	82.70750000000001	9.338550613496935
APS36108	2025-09-12T06:20:01Z	1757658001	23.047300613496933	13.73	82.7825	9.317300613496933
APS36108	2025-09-12T06:30:01Z	1757658601	23.047300613496933	13.75	82.70375	9.297300613496933
APS36108	2025-09-12T06:40:01Z	1757659201	23.047300613496933	13.8075	82.57875000000001	9.239800613496934
APS36108	2025-09-12T06:50:01Z	1757659801	23.047300613496933	13.77125	82.55125000000001	9.276050613496933
APS36108	2025-09-12T07:00:01Z	1757660401	23.047300613496933	13.75375	82.45875000000001	9.293550613496933
APS36108	2025-09-12T07:10:01Z	1757661001	23.047300613496933	13.77125	82.46000000000001	9.276050613496933
APS36108	2025-09-12T07:20:01Z	1757661601	23.047300613496933	13.712499999999999	82.33625	9.334800613496935
APS36108	2025-09-12T07:30:01Z	1757662201	23.544539877300615	13.684999999999999	82.37	9.859539877300616
APS36108	2025-09-12T07:40:01Z	1757662801	23.544539877300615	13.715	82.3575	9.829539877300615
APS36108	2025-09-12T07:50:01Z	1757663401	29.014171779141105	13.73	82.42625000000001	15.284171779141104
APS36108	2025-09-12T08:00:01Z	1757664001	33.48932515337423	13.79625	82.47999999999999	19.69307515337423
APS36108	2025-09-12T08:10:01Z	1757664601	33.48932515337423	13.76	82.7325	19.729325153374234
APS36108	2025-09-12T08:20:01Z	1757665201	33.48932515337423	13.774999999999999	83.26249999999999	19.714325153374233
APS36108	2025-09-12T08:30:01Z	1757665801	33.48932515337423	13.7725	83.3025	19.71682515337423
APS36108	2025-09-12T08:40:01Z	1757666401	32.992085889570554	13.76	83.61500000000001	19.232085889570556
APS36108	2025-09-12T08:50:01Z	1757667001	32.992085889570554	13.751249999999999	83.69125	19.240835889570555
APS36108	2025-09-12T09:00:01Z	1757667601	32.992085889570554	13.765	83.7775	19.227085889570553
APS36108	2025-09-12T09:10:01Z	1757668201	32.49484662576687	13.73125	83.60624999999999	18.76359662576687
APS36108	2025-09-12T09:20:01Z	1757668801	32.992085889570554	13.70375	84.07374999999999	19.288335889570554
APS36108	2025-09-12T09:30:01Z	1757669401	32.49484662576687	13.6875	83.9875	18.80734662576687
APS36108	2025-09-12T09:40:01Z	1757670001	32.992085889570554	13.713750000000001	84.2975	19.278335889570553
APS36108	2025-09-12T09:50:01Z	1757670601	31.997607361963194	13.7575	84.39125	18.240107361963194
APS36108	2025-09-12T10:00:01Z	1757671201	32.49484662576687	13.748750000000001	84.23625	18.746096625766867
APS36108	2025-09-12T10:10:01Z	1757671801	33.48932515337423	13.751249999999999	84.21125	19.738075153374233
APS36108	2025-09-12T10:20:01Z	1757672401	32.992085889570554	13.7575	84.02000000000001	19.234585889570553
APS36108	2025-09-12T10:30:01Z	1757673001	31.500368098159512	13.77	84.08375000000001	17.730368098159513
APS36108	2025-09-12T10:40:01Z	1757673601	29.014171779141105	13.7775	84.275	15.236671779141105
APS36108	2025-09-12T10:50:01Z	1757674201	28.019693251533745	13.77	84.2175	14.249693251533746
APS36108	2025-09-12T11:00:01Z	1757674801	33.48932515337423	13.77	83.9575	19.719325153374232
APS36108	2025-09-12T11:10:01Z	1757675401	33.48932515337423	13.782499999999999	83.96375	19.706825153374233
APS36108	2025-09-12T11:20:01Z	1757676001	33.48932515337423	13.775	83.67875000000001	19.714325153374233
APS36108	2025-09-12T11:30:01Z	1757676601	33.98656441717792	13.765	83.71625	20.221564417177916
APS36108	2025-09-12T11:40:01Z	1757677201	32.992085889570554	13.79	83.77	19.202085889570554
APS36108	2025-09-12T11:50:01Z	1757677801	32.992085889570554	13.7725	83.64125	19.219585889570553
APS36108	2025-09-12T12:00:01Z	1757678401	32.992085889570554	13.7575	83.63374999999999	19.234585889570553
APS36108	2025-09-12T12:10:01Z	1757679001	32.992085889570554	13.795	83.46125	19.197085889570552
APS36108	2025-09-12T12:20:01Z	1757679601	32.49484662576687	13.7775	83.3725	18.71734662576687
APS36108	2025-09-12T12:30:01Z	1757680201	32.49484662576687	13.7625	83.39875	18.73234662576687
APS36108	2025-09-12T12:40:01Z	1757680801	32.49484662576687	13.7475	83.26875000000001	18.747346625766866
APS36108	2025-09-12T12:50:01Z	1757681401	32.49484662576687	13.780000000000001	83.34375	18.714846625766867
APS60118	2025-09-11T15:00:01Z	1757602801	32.45328173374613	13.997499999999999	79.375	18.455781733746132
APS60118	2025-09-11T15:10:01Z	1757603401	32.45328173374613	13.872499999999999	79.48625	18.580781733746132
APS60118	2025-09-11T15:20:01Z	1757604001	32.45328173374613	13.786249999999999	80.01124999999999	18.667031733746132
APS60118	2025-09-11T15:30:01Z	1757604601	32.95513931888545	13.79625	80.01875000000001	19.15888931888545
APS60118	2025-09-11T15:40:01Z	1757605201	32.95513931888545	13.79625	80.3125	19.15888931888545
APS60118	2025-09-11T15:50:01Z	1757605801	32.95513931888545	13.79875	79.8575	19.156389318885452
APS60118	2025-09-11T16:00:01Z	1757606401	32.95513931888545	13.79125	79.68375	19.163889318885452
APS60118	2025-09-11T16:10:01Z	1757607001	32.95513931888545	13.74875	79.60249999999999	19.20638931888545
APS60118	2025-09-11T16:20:01Z	1757607601	32.45328173374613	13.78125	79.50375	18.67203173374613
APS60118	2025-09-11T16:30:01Z	1757608201	32.95513931888545	13.76125	79.5775	19.19388931888545
APS60118	2025-09-11T16:40:01Z	1757608801	32.95513931888545	13.7675	79.47	19.187639318885452
APS60118	2025-09-11T16:50:01Z	1757609401	32.95513931888545	13.806249999999999	79.345	19.148889318885452
APS60118	2025-09-11T17:00:01Z	1757610001	34.96256965944273	13.802499999999998	79.54875000000001	21.16006965944273
APS60118	2025-09-11T17:10:01Z	1757610601	35.46442724458205	13.76125	79.6075	21.703177244582047
APS60118	2025-09-11T17:20:01Z	1757611201	34.46071207430341	13.76625	79.5	20.69446207430341
APS60118	2025-09-11T17:30:01Z	1757611801	35.46442724458205	13.776250000000001	79.3775	21.688177244582047
APS60118	2025-09-11T17:40:01Z	1757612401	37.47185758513932	13.76125	79.5925	23.710607585139318
APS60118	2025-09-11T17:50:01Z	1757613001	36.97	13.76125	79.3925	23.20875
APS60118	2025-09-11T18:00:01Z	1757613601	36.46814241486069	13.76625	79.34375	22.701892414860687
APS60118	2025-09-11T18:10:01Z	1757614201	36.46814241486069	13.725000000000001	79.46000000000001	22.743142414860685
APS60118	2025-09-11T18:20:01Z	1757614801	34.46071207430341	13.735	79.64500000000001	20.72571207430341
APS60118	2025-09-11T18:30:01Z	1757615401	33.45699690402477	13.76625	79.48375	19.69074690402477
APS60118	2025-09-11T18:40:01Z	1757616001	32.95513931888545	13.74	79.91749999999999	19.21513931888545
APS60118	2025-09-11T18:50:01Z	1757616601	32.45328173374613	13.756250000000001	80.2675	18.69703173374613
APS60118	2025-09-11T19:00:01Z	1757617201	31.951424148606815	13.76375	80.6325	18.187674148606817
APS60118	2025-09-11T19:10:01Z	1757617801	31.951424148606815	13.77375	80.91375	18.177674148606815
APS60118	2025-09-11T19:20:01Z	1757618401	31.951424148606815	13.76375	80.85875	18.187674148606817
APS60118	2025-09-11T19:30:01Z	1757619001	31.4495665634675	13.7575	80.94624999999999	17.6920665634675
APS60118	2025-09-11T19:40:01Z	1757619601	31.4495665634675	13.7575	81.12	17.6920665634675
APS60118	2025-09-11T19:50:01Z	1757620201	31.4495665634675	13.7575	81.19999999999999	17.6920665634675
APS60118	2025-09-11T20:00:01Z	1757620801	31.951424148606815	13.7725	81.265	18.178924148606814
APS60118	2025-09-11T20:10:01Z	1757621401	34.46071207430341	13.76875	81.6525	20.691962074303408
APS60118	2025-09-11T20:20:01Z	1757622001	32.95513931888545	13.7575	82.0275	19.19763931888545
APS60118	2025-09-11T20:30:01Z	1757622601	32.45328173374613	13.76875	82.0525	18.68453173374613
APS60118	2025-09-11T20:40:01Z	1757623201	31.951424148606815	13.76125	82.09125	18.190174148606815
APS60118	2025-09-11T20:50:01Z	1757623801	31.951424148606815	13.75	82.20125	18.201424148606815
APS60118	2025-09-11T21:00:01Z	1757624401	31.951424148606815	13.76375	82.3175	18.187674148606817
APS60118	2025-09-11T21:10:01Z	1757625001	31.951424148606815	13.7575	82.495	18.193924148606815
APS60118	2025-09-11T21:20:01Z	1757625601	32.45328173374613	13.7775	82.68375	18.67578173374613
APS60118	2025-09-11T21:30:01Z	1757626201	31.951424148606815	13.76625	82.9	18.185174148606816
APS60118	2025-09-11T21:40:01Z	1757626801	31.951424148606815	13.78375	82.87875	18.167674148606814
APS60118	2025-09-11T21:50:01Z	1757627401	32.95513931888545	13.7725	83.0875	19.18263931888545
APS60118	2025-09-11T22:00:01Z	1757628001	32.95513931888545	13.75	83.09625	19.20513931888545
APS60118	2025-09-11T22:10:01Z	1757628601	33.45699690402477	13.76	82.8575	19.696996904024772
APS60118	2025-09-11T22:20:01Z	1757629201	34.96256965944273	13.7725	83.10875	21.190069659442727
APS60118	2025-09-11T22:30:01Z	1757629801	34.46071207430341	13.7725	83.06125	20.688212074303408
APS60118	2025-09-11T22:40:01Z	1757630401	34.46071207430341	13.767499999999998	83.10249999999999	20.69321207430341
APS60118	2025-09-11T22:50:01Z	1757631001	35.46442724458205	13.774999999999999	83.1525	21.68942724458205
APS60118	2025-09-11T23:00:01Z	1757631601	35.46442724458205	13.76	83.24625	21.70442724458205
APS60118	2025-09-11T23:10:01Z	1757632201	33.95885448916409	13.7575	83.25999999999999	20.20135448916409
APS60118	2025-09-11T23:20:01Z	1757632801	33.95885448916409	13.786249999999999	83.19874999999999	20.17260448916409
APS60118	2025-09-11T23:30:01Z	1757633401	33.45699690402477	13.79625	83.125	19.66074690402477
APS60118	2025-09-11T23:40:01Z	1757634001	35.96628482972137	13.78875	83.16624999999999	22.177534829721367
APS60118	2025-09-11T23:50:01Z	1757634601	32.95513931888545	13.79125	83.2575	19.163889318885452
APS60118	2025-09-12T00:00:01Z	1757635201	32.45328173374613	13.76875	83.25	18.68453173374613
APS60118	2025-09-12T00:10:01Z	1757635801	32.45328173374613	13.752500000000001	83.26	18.70078173374613
APS60118	2025-09-12T00:20:01Z	1757636401	31.951424148606815	13.748750000000001	83.41625	18.202674148606814
APS60118	2025-09-12T00:30:01Z	1757637001	33.95885448916409	13.7425	83.3575	20.21635448916409
APS60118	2025-09-12T00:40:01Z	1757637601	34.96256965944273	13.7975	83.29625	21.16506965944273
APS60118	2025-09-12T00:50:01Z	1757638201	34.96256965944273	13.75875	83.17875000000001	21.20381965944273
APS60118	2025-09-12T01:00:01Z	1757638801	35.46442724458205	13.76625	83.14	21.698177244582048
APS60118	2025-09-12T01:10:01Z	1757639401	35.46442724458205	13.78125	83.13375	21.683177244582048
APS60118	2025-09-12T01:20:01Z	1757640001	35.96628482972137	13.79125	82.945	22.17503482972137
APS60118	2025-09-12T01:30:01Z	1757640601	35.96628482972137	13.752500000000001	83.09125	22.213784829721366
APS60118	2025-09-12T01:40:01Z	1757641201	36.46814241486069	13.76375	82.93	22.704392414860685
APS60118	2025-09-12T01:50:01Z	1757641801	36.46814241486069	13.7425	82.86625000000001	22.725642414860687
APS60118	2025-09-12T02:00:01Z	1757642401	35.96628482972137	13.785	83.06375	22.181284829721367
APS60118	2025-09-12T02:10:01Z	1757643001	34.96256965944273	13.78375	83.21375	21.17881965944273
APS60118	2025-09-12T02:20:01Z	1757643601	33.45699690402477	13.7575	83.2625	19.69949690402477
APS60118	2025-09-12T02:30:01Z	1757644201	33.95885448916409	13.76125	83.125	20.19760448916409
APS60118	2025-09-12T02:40:01Z	1757644801	32.45328173374613	13.725000000000001	83.35374999999999	18.72828173374613
APS60118	2025-09-12T02:50:01Z	1757645401	31.4495665634675	13.74	83.41	17.709566563467497
APS60118	2025-09-12T03:00:01Z	1757646001	31.4495665634675	13.73125	83.33250000000001	17.7183165634675
APS60118	2025-09-12T03:10:01Z	1757646601	31.4495665634675	13.715	83.31625	17.7345665634675
APS60118	2025-09-12T03:20:01Z	1757647201	31.4495665634675	13.735	83.38875	17.7145665634675
APS60118	2025-09-12T03:30:01Z	1757647801	31.4495665634675	13.73	83.30000000000001	17.7195665634675
APS60118	2025-09-12T03:40:01Z	1757648401	31.951424148606815	13.75875	83.27000000000001	18.192674148606816
APS60118	2025-09-12T03:50:01Z	1757649001	31.951424148606815	13.75875	83.34	18.192674148606816
APS60118	2025-09-12T04:00:01Z	1757649601	32.95513931888545	13.75	83.21000000000001	19.20513931888545
APS60118	2025-09-12T04:10:01Z	1757650201	32.95513931888545	13.75	83.17	19.20513931888545
APS60118	2025-09-12T04:20:01Z	1757650801	32.95513931888545	13.7425	82.97625	19.21263931888545
APS60118	2025-09-12T04:30:01Z	1757651401	33.95885448916409	13.73	83.08000000000001	20.22885448916409
APS60118	2025-09-12T04:40:01Z	1757652001	32.45328173374613	13.73	83.13374999999999	18.72328173374613
APS60118	2025-09-12T04:50:01Z	1757652601	32.95513931888545	13.7375	82.96375	19.21763931888545
APS60118	2025-09-12T05:00:01Z	1757653201	33.45699690402477	13.7425	82.92750000000001	19.71449690402477
APS60118	2025-09-12T05:10:01Z	1757653801	33.45699690402477	13.725000000000001	82.96125	19.73199690402477
APS60118	2025-09-12T05:20:01Z	1757654401	33.45699690402477	13.74375	82.85374999999999	19.71324690402477
APS60118	2025-09-12T05:30:01Z	1757655001	33.95885448916409	13.75875	82.80375000000001	20.20010448916409
APS60118	2025-09-12T05:40:01Z	1757655601	33.45699690402477	13.7425	82.82875	19.71449690402477
APS60118	2025-09-12T05:50:01Z	1757656201	33.45699690402477	13.735	82.88499999999999	19.72199690402477
APS60118	2025-09-12T06:00:01Z	1757656801	32.95513931888545	13.78875	82.82499999999999	19.16638931888545
APS60118	2025-09-12T06:10:01Z	1757657401	32.95513931888545	13.708749999999998	82.70750000000001	19.246389318885452
APS60118	2025-09-12T06:20:01Z	1757658001	32.45328173374613	13.73	82.7825	18.72328173374613
APS60118	2025-09-12T06:30:01Z	1757658601	32.45328173374613	13.75	82.70375	18.70328173374613
APS60118	2025-09-12T06:40:01Z	1757659201	32.95513931888545	13.8075	82.57875000000001	19.147639318885453
APS60118	2025-09-12T06:50:01Z	1757659801	33.45699690402477	13.77125	82.55125000000001	19.685746904024768
APS60118	2025-09-12T07:00:01Z	1757660401	32.95513931888545	13.75375	82.45875000000001	19.20138931888545
APS60118	2025-09-12T07:10:01Z	1757661001	33.45699690402477	13.77125	82.46000000000001	19.685746904024768
APS60118	2025-09-12T07:20:01Z	1757661601	33.95885448916409	13.712499999999999	82.33625	20.24635448916409
APS60118	2025-09-12T07:30:01Z	1757662201	33.95885448916409	13.684999999999999	82.37	20.27385448916409
APS60118	2025-09-12T07:40:01Z	1757662801	34.46071207430341	13.715	82.3575	20.74571207430341
APS60118	2025-09-12T07:50:01Z	1757663401	34.46071207430341	13.73	82.42625000000001	20.73071207430341
APS60118	2025-09-12T08:00:01Z	1757664001	33.95885448916409	13.79625	82.47999999999999	20.16260448916409
APS60118	2025-09-12T08:10:01Z	1757664601	34.46071207430341	13.76	82.7325	20.70071207430341
APS60118	2025-09-12T08:20:01Z	1757665201	34.46071207430341	13.774999999999999	83.26249999999999	20.68571207430341
APS60118	2025-09-12T08:30:01Z	1757665801	33.95885448916409	13.7725	83.3025	20.18635448916409
APS60118	2025-09-12T08:40:01Z	1757666401	34.46071207430341	13.76	83.61500000000001	20.70071207430341
APS60118	2025-09-12T08:50:01Z	1757667001	33.45699690402477	13.751249999999999	83.69125	19.70574690402477
APS60118	2025-09-12T09:00:01Z	1757667601	32.95513931888545	13.765	83.7775	19.19013931888545
APS60118	2025-09-12T09:10:01Z	1757668201	32.95513931888545	13.73125	83.60624999999999	19.22388931888545
APS60118	2025-09-12T09:20:01Z	1757668801	32.45328173374613	13.70375	84.07374999999999	18.74953173374613
APS60118	2025-09-12T09:30:01Z	1757669401	32.95513931888545	13.6875	83.9875	19.26763931888545
APS60118	2025-09-12T09:40:01Z	1757670001	32.95513931888545	13.713750000000001	84.2975	19.24138931888545
APS60118	2025-09-12T09:50:01Z	1757670601	32.95513931888545	13.7575	84.39125	19.19763931888545
APS60118	2025-09-12T10:00:01Z	1757671201	31.951424148606815	13.748750000000001	84.23625	18.202674148606814
APS60118	2025-09-12T10:10:01Z	1757671801	33.45699690402477	13.751249999999999	84.21125	19.70574690402477
APS60118	2025-09-12T10:20:01Z	1757672401	32.95513931888545	13.7575	84.02000000000001	19.19763931888545
APS60118	2025-09-12T10:30:01Z	1757673001	33.45699690402477	13.77	84.08375000000001	19.68699690402477
APS60118	2025-09-12T10:40:01Z	1757673601	32.45328173374613	13.7775	84.275	18.67578173374613
APS60118	2025-09-12T10:50:01Z	1757674201	32.95513931888545	13.77	84.2175	19.18513931888545
APS60118	2025-09-12T11:00:01Z	1757674801	33.95885448916409	13.77	83.9575	20.18885448916409
APS60118	2025-09-12T11:10:01Z	1757675401	32.95513931888545	13.782499999999999	83.96375	19.17263931888545
APS60118	2025-09-12T11:20:01Z	1757676001	32.95513931888545	13.775	83.67875000000001	19.180139318885452
APS60118	2025-09-12T11:30:01Z	1757676601	32.95513931888545	13.765	83.71625	19.19013931888545
APS60118	2025-09-12T11:40:01Z	1757677201	33.95885448916409	13.79	83.77	20.16885448916409
APS60118	2025-09-12T11:50:01Z	1757677801	32.95513931888545	13.7725	83.64125	19.18263931888545
APS60118	2025-09-12T12:00:01Z	1757678401	32.45328173374613	13.7575	83.63374999999999	18.69578173374613
APS60118	2025-09-12T12:10:01Z	1757679001	32.95513931888545	13.795	83.46125	19.16013931888545
APS60118	2025-09-12T12:20:01Z	1757679601	32.45328173374613	13.7775	83.3725	18.67578173374613
APS60118	2025-09-12T12:30:01Z	1757680201	32.45328173374613	13.7625	83.39875	18.69078173374613
APS60118	2025-09-12T12:40:01Z	1757680801	32.95513931888545	13.7475	83.26875000000001	19.207639318885448
APS60118	2025-09-12T12:50:01Z	1757681401	31.951424148606815	13.780000000000001	83.34375	18.171424148606814
APS60132	2025-09-11T15:00:01Z	1757602801	35.96628482972137	13.997499999999999	79.375	21.96878482972137
APS60132	2025-09-11T15:10:01Z	1757603401	34.96256965944273	13.872499999999999	79.48625	21.09006965944273
APS60132	2025-09-11T15:20:01Z	1757604001	34.46071207430341	13.786249999999999	80.01124999999999	20.67446207430341
APS60132	2025-09-11T15:30:01Z	1757604601	34.46071207430341	13.79625	80.01875000000001	20.664462074303408
APS60132	2025-09-11T15:40:01Z	1757605201	32.95513931888545	13.79625	80.3125	19.15888931888545
APS60132	2025-09-11T15:50:01Z	1757605801	32.95513931888545	13.79875	79.8575	19.156389318885452
APS60132	2025-09-11T16:00:01Z	1757606401	32.45328173374613	13.79125	79.68375	18.662031733746133
APS60132	2025-09-11T16:10:01Z	1757607001	33.95885448916409	13.74875	79.60249999999999	20.210104489164088
APS60132	2025-09-11T16:20:01Z	1757607601	33.45699690402477	13.78125	79.50375	19.67574690402477
APS60132	2025-09-11T16:30:01Z	1757608201	32.45328173374613	13.76125	79.5775	18.69203173374613
APS60132	2025-09-11T16:40:01Z	1757608801	33.95885448916409	13.7675	79.47	20.19135448916409
APS60132	2025-09-11T16:50:01Z	1757609401	34.96256965944273	13.806249999999999	79.345	21.15631965944273
APS60132	2025-09-11T17:00:01Z	1757610001	36.46814241486069	13.802499999999998	79.54875000000001	22.665642414860688
APS60132	2025-09-11T17:10:01Z	1757610601	37.97371517027864	13.76125	79.6075	24.212465170278637
APS60132	2025-09-11T17:20:01Z	1757611201	37.47185758513932	13.76625	79.5	23.70560758513932
APS60132	2025-09-11T17:30:01Z	1757611801	36.46814241486069	13.776250000000001	79.3775	22.691892414860686
APS60132	2025-09-11T17:40:01Z	1757612401	35.96628482972137	13.76125	79.5925	22.205034829721367
APS60132	2025-09-11T17:50:01Z	1757613001	35.46442724458205	13.76125	79.3925	21.703177244582047
APS60132	2025-09-11T18:00:01Z	1757613601	33.95885448916409	13.76625	79.34375	20.19260448916409
APS60132	2025-09-11T18:10:01Z	1757614201	35.96628482972137	13.725000000000001	79.46000000000001	22.241284829721366
APS60132	2025-09-11T18:20:01Z	1757614801	35.46442724458205	13.735	79.64500000000001	21.729427244582048
APS60132	2025-09-11T18:30:01Z	1757615401	34.96256965944273	13.76625	79.48375	21.19631965944273
APS60132	2025-09-11T18:40:01Z	1757616001	33.95885448916409	13.74	79.91749999999999	20.218854489164087
APS60132	2025-09-11T18:50:01Z	1757616601	33.45699690402477	13.756250000000001	80.2675	19.70074690402477
APS60132	2025-09-11T19:00:01Z	1757617201	32.95513931888545	13.76375	80.6325	19.19138931888545
APS60132	2025-09-11T19:10:01Z	1757617801	33.45699690402477	13.77375	80.91375	19.68324690402477
APS60132	2025-09-11T19:20:01Z	1757618401	33.45699690402477	13.76375	80.85875	19.693246904024768
APS60132	2025-09-11T19:30:01Z	1757619001	33.95885448916409	13.7575	80.94624999999999	20.20135448916409
APS60132	2025-09-11T19:40:01Z	1757619601	34.46071207430341	13.7575	81.12	20.70321207430341
APS60132	2025-09-11T19:50:01Z	1757620201	33.95885448916409	13.7575	81.19999999999999	20.20135448916409
APS60132	2025-09-11T20:00:01Z	1757620801	34.96256965944273	13.7725	81.265	21.190069659442727
APS60132	2025-09-11T20:10:01Z	1757621401	33.45699690402477	13.76875	81.6525	19.68824690402477
APS60132	2025-09-11T20:20:01Z	1757622001	33.45699690402477	13.7575	82.0275	19.69949690402477
APS60132	2025-09-11T20:30:01Z	1757622601	33.95885448916409	13.76875	82.0525	20.19010448916409
APS60132	2025-09-11T20:40:01Z	1757623201	35.46442724458205	13.76125	82.09125	21.703177244582047
APS60132	2025-09-11T20:50:01Z	1757623801	34.96256965944273	13.75	82.20125	21.212569659442728
APS60132	2025-09-11T21:00:01Z	1757624401	33.95885448916409	13.76375	82.3175	20.195104489164088
APS60132	2025-09-11T21:10:01Z	1757625001	35.96628482972137	13.7575	82.495	22.208784829721367
APS60132	2025-09-11T21:20:01Z	1757625601	34.96256965944273	13.7775	82.68375	21.18506965944273
APS60132	2025-09-11T21:30:01Z	1757626201	34.46071207430341	13.76625	82.9	20.69446207430341
APS60132	2025-09-11T21:40:01Z	1757626801	33.95885448916409	13.78375	82.87875	20.17510448916409
APS60132	2025-09-11T21:50:01Z	1757627401	33.95885448916409	13.7725	83.0875	20.18635448916409
APS60132	2025-09-11T22:00:01Z	1757628001	33.95885448916409	13.75	83.09625	20.20885448916409
APS60132	2025-09-11T22:10:01Z	1757628601	33.45699690402477	13.76	82.8575	19.696996904024772
APS60132	2025-09-11T22:20:01Z	1757629201	35.46442724458205	13.7725	83.10875	21.691927244582047
APS60132	2025-09-11T22:30:01Z	1757629801	34.46071207430341	13.7725	83.06125	20.688212074303408
APS60132	2025-09-11T22:40:01Z	1757630401	33.45699690402477	13.767499999999998	83.10249999999999	19.68949690402477
APS60132	2025-09-11T22:50:01Z	1757631001	33.95885448916409	13.774999999999999	83.1525	20.18385448916409
APS60132	2025-09-11T23:00:01Z	1757631601	34.46071207430341	13.76	83.24625	20.70071207430341
APS60132	2025-09-11T23:10:01Z	1757632201	33.45699690402477	13.7575	83.25999999999999	19.69949690402477
APS60132	2025-09-11T23:20:01Z	1757632801	31.951424148606815	13.786249999999999	83.19874999999999	18.165174148606816
APS60132	2025-09-11T23:30:01Z	1757633401	31.4495665634675	13.79625	83.125	17.6533165634675
APS60132	2025-09-11T23:40:01Z	1757634001	31.4495665634675	13.78875	83.16624999999999	17.6608165634675
APS60132	2025-09-11T23:50:01Z	1757634601	28.940278637770902	13.79125	83.2575	15.149028637770902
APS60132	2025-09-12T00:00:01Z	1757635201	27.936563467492267	13.76875	83.25	14.167813467492266
APS60132	2025-09-12T00:10:01Z	1757635801	29.94399380804954	13.752500000000001	83.26	16.19149380804954
APS60132	2025-09-12T00:20:01Z	1757636401	29.94399380804954	13.748750000000001	83.41625	16.19524380804954
APS60132	2025-09-12T00:30:01Z	1757637001	28.940278637770902	13.7425	83.3575	15.197778637770902
APS60132	2025-09-12T00:40:01Z	1757637601	28.438421052631586	13.7975	83.29625	14.640921052631587
APS60132	2025-09-12T00:50:01Z	1757638201	27.936563467492267	13.75875	83.17875000000001	14.177813467492268
APS60132	2025-09-12T01:00:01Z	1757638801	27.936563467492267	13.76625	83.14	14.170313467492267
APS60132	2025-09-12T01:10:01Z	1757639401	28.940278637770902	13.78125	83.13375	15.159028637770902
APS60132	2025-09-12T01:20:01Z	1757640001	29.44213622291022	13.79125	82.945	15.650886222910222
APS60132	2025-09-12T01:30:01Z	1757640601	29.44213622291022	13.752500000000001	83.09125	15.68963622291022
APS60132	2025-09-12T01:40:01Z	1757641201	29.94399380804954	13.76375	82.93	16.18024380804954
APS60132	2025-09-12T01:50:01Z	1757641801	29.94399380804954	13.7425	82.86625000000001	16.20149380804954
APS60132	2025-09-12T02:00:01Z	1757642401	29.44213622291022	13.785	83.06375	15.657136222910221
APS60132	2025-09-12T02:10:01Z	1757643001	29.44213622291022	13.78375	83.21375	15.658386222910222
APS60132	2025-09-12T02:20:01Z	1757643601	29.44213622291022	13.7575	83.2625	15.684636222910221
APS60132	2025-09-12T02:30:01Z	1757644201	29.44213622291022	13.76125	83.125	15.680886222910221
APS60132	2025-09-12T02:40:01Z	1757644801	29.44213622291022	13.725000000000001	83.35374999999999	15.71713622291022
APS60132	2025-09-12T02:50:01Z	1757645401	29.44213622291022	13.74	83.41	15.702136222910221
APS60132	2025-09-12T03:00:01Z	1757646001	28.940278637770902	13.73125	83.33250000000001	15.209028637770903
APS60132	2025-09-12T03:10:01Z	1757646601	28.438421052631586	13.715	83.31625	14.723421052631586
APS60132	2025-09-12T03:20:01Z	1757647201	28.940278637770902	13.735	83.38875	15.205278637770903
APS60132	2025-09-12T03:30:01Z	1757647801	28.940278637770902	13.73	83.30000000000001	15.210278637770902
APS60132	2025-09-12T03:40:01Z	1757648401	29.44213622291022	13.75875	83.27000000000001	15.683386222910222
APS60132	2025-09-12T03:50:01Z	1757649001	29.94399380804954	13.75875	83.34	16.185243808049542
APS60132	2025-09-12T04:00:01Z	1757649601	29.44213622291022	13.75	83.21000000000001	15.692136222910221
APS60132	2025-09-12T04:10:01Z	1757650201	28.940278637770902	13.75	83.17	15.190278637770902
APS60132	2025-09-12T04:20:01Z	1757650801	31.4495665634675	13.7425	82.97625	17.7070665634675
APS60132	2025-09-12T04:30:01Z	1757651401	32.45328173374613	13.73	83.08000000000001	18.72328173374613
APS60132	2025-09-12T04:40:01Z	1757652001	32.45328173374613	13.73	83.13374999999999	18.72328173374613
APS60132	2025-09-12T04:50:01Z	1757652601	32.95513931888545	13.7375	82.96375	19.21763931888545
APS60132	2025-09-12T05:00:01Z	1757653201	33.45699690402477	13.7425	82.92750000000001	19.71449690402477
APS60132	2025-09-12T05:10:01Z	1757653801	33.45699690402477	13.725000000000001	82.96125	19.73199690402477
APS60132	2025-09-12T05:20:01Z	1757654401	32.45328173374613	13.74375	82.85374999999999	18.709531733746132
APS60132	2025-09-12T05:30:01Z	1757655001	32.95513931888545	13.75875	82.80375000000001	19.19638931888545
APS60132	2025-09-12T05:40:01Z	1757655601	34.46071207430341	13.7425	82.82875	20.71821207430341
APS60132	2025-09-12T05:50:01Z	1757656201	33.95885448916409	13.735	82.88499999999999	20.22385448916409
APS60132	2025-09-12T06:00:01Z	1757656801	33.95885448916409	13.78875	82.82499999999999	20.17010448916409
APS60132	2025-09-12T06:10:01Z	1757657401	33.45699690402477	13.708749999999998	82.70750000000001	19.74824690402477
APS60132	2025-09-12T06:20:01Z	1757658001	33.45699690402477	13.73	82.7825	19.72699690402477
APS60132	2025-09-12T06:30:01Z	1757658601	31.951424148606815	13.75	82.70375	18.201424148606815
APS60132	2025-09-12T06:40:01Z	1757659201	32.45328173374613	13.8075	82.57875000000001	18.645781733746134
APS60132	2025-09-12T06:50:01Z	1757659801	33.45699690402477	13.77125	82.55125000000001	19.685746904024768
APS60132	2025-09-12T07:00:01Z	1757660401	33.45699690402477	13.75375	82.45875000000001	19.70324690402477
APS60132	2025-09-12T07:10:01Z	1757661001	33.45699690402477	13.77125	82.46000000000001	19.685746904024768
APS60132	2025-09-12T07:20:01Z	1757661601	36.46814241486069	13.712499999999999	82.33625	22.755642414860688
APS60132	2025-09-12T07:30:01Z	1757662201	36.46814241486069	13.684999999999999	82.37	22.783142414860688
APS60132	2025-09-12T07:40:01Z	1757662801	33.95885448916409	13.715	82.3575	20.24385448916409
APS60132	2025-09-12T07:50:01Z	1757663401	32.45328173374613	13.73	82.42625000000001	18.72328173374613
APS60132	2025-09-12T08:00:01Z	1757664001	30.94770897832818	13.79625	82.47999999999999	17.15145897832818
APS60132	2025-09-12T08:10:01Z	1757664601	31.951424148606815	13.76	82.7325	18.191424148606814
APS60132	2025-09-12T08:20:01Z	1757665201	31.951424148606815	13.774999999999999	83.26249999999999	18.176424148606817
APS60132	2025-09-12T08:30:01Z	1757665801	31.951424148606815	13.7725	83.3025	18.178924148606814
APS60132	2025-09-12T08:40:01Z	1757666401	31.951424148606815	13.76	83.61500000000001	18.191424148606814
APS60132	2025-09-12T08:50:01Z	1757667001	31.4495665634675	13.751249999999999	83.69125	17.6983165634675
APS60132	2025-09-12T09:00:01Z	1757667601	31.951424148606815	13.765	83.7775	18.186424148606815
APS60132	2025-09-12T09:10:01Z	1757668201	31.951424148606815	13.73125	83.60624999999999	18.220174148606816
APS60132	2025-09-12T09:20:01Z	1757668801	31.951424148606815	13.70375	84.07374999999999	18.247674148606816
APS60132	2025-09-12T09:30:01Z	1757669401	31.951424148606815	13.6875	83.9875	18.263924148606815
APS60132	2025-09-12T09:40:01Z	1757670001	32.95513931888545	13.713750000000001	84.2975	19.24138931888545
APS60132	2025-09-12T09:50:01Z	1757670601	32.45328173374613	13.7575	84.39125	18.69578173374613
APS60132	2025-09-12T10:00:01Z	1757671201	32.45328173374613	13.748750000000001	84.23625	18.70453173374613
APS60132	2025-09-12T10:10:01Z	1757671801	31.951424148606815	13.751249999999999	84.21125	18.200174148606816
APS60132	2025-09-12T10:20:01Z	1757672401	32.45328173374613	13.7575	84.02000000000001	18.69578173374613
APS60132	2025-09-12T10:30:01Z	1757673001	30.94770897832818	13.77	84.08375000000001	17.17770897832818
APS60132	2025-09-12T10:40:01Z	1757673601	30.94770897832818	13.7775	84.275	17.17020897832818
APS60132	2025-09-12T10:50:01Z	1757674201	32.95513931888545	13.77	84.2175	19.18513931888545
APS60132	2025-09-12T11:00:01Z	1757674801	33.45699690402477	13.77	83.9575	19.68699690402477
APS60132	2025-09-12T11:10:01Z	1757675401	33.45699690402477	13.782499999999999	83.96375	19.67449690402477
APS60132	2025-09-12T11:20:01Z	1757676001	32.95513931888545	13.775	83.67875000000001	19.180139318885452
APS60132	2025-09-12T11:30:01Z	1757676601	32.95513931888545	13.765	83.71625	19.19013931888545
APS60132	2025-09-12T11:40:01Z	1757677201	34.46071207430341	13.79	83.77	20.67071207430341
APS60132	2025-09-12T11:50:01Z	1757677801	34.46071207430341	13.7725	83.64125	20.688212074303408
APS60132	2025-09-12T12:00:01Z	1757678401	33.95885448916409	13.7575	83.63374999999999	20.20135448916409
APS60132	2025-09-12T12:10:01Z	1757679001	34.46071207430341	13.795	83.46125	20.665712074303407
APS60132	2025-09-12T12:20:01Z	1757679601	32.95513931888545	13.7775	83.3725	19.17763931888545
APS60132	2025-09-12T12:30:01Z	1757680201	34.96256965944273	13.7625	83.39875	21.20006965944273
APS60132	2025-09-12T12:40:01Z	1757680801	34.96256965944273	13.7475	83.26875000000001	21.215069659442726
APS60132	2025-09-12T12:50:01Z	1757681401	35.46442724458205	13.780000000000001	83.34375	21.684427244582047
APS60160	2025-09-11T15:00:01Z	1757602801	31.982307692307696	13.997499999999999	79.375	17.984807692307697
APS60160	2025-09-11T15:10:01Z	1757603401	32.979846153846154	13.872499999999999	79.48625	19.107346153846155
APS60160	2025-09-11T15:20:01Z	1757604001	32.48107692307692	13.786249999999999	80.01124999999999	18.69482692307692
APS60160	2025-09-11T15:30:01Z	1757604601	32.979846153846154	13.79625	80.01875000000001	19.183596153846153
APS60160	2025-09-11T15:40:01Z	1757605201	31.982307692307696	13.79625	80.3125	18.186057692307696
APS60160	2025-09-11T15:50:01Z	1757605801	34.47615384615385	13.79875	79.8575	20.67740384615385
APS60160	2025-09-11T16:00:01Z	1757606401	34.47615384615385	13.79125	79.68375	20.68490384615385
APS60160	2025-09-11T16:10:01Z	1757607001	34.47615384615385	13.74875	79.60249999999999	20.727403846153848
APS60160	2025-09-11T16:20:01Z	1757607601	33.47861538461539	13.78125	79.50375	19.697365384615388
APS60160	2025-09-11T16:30:01Z	1757608201	34.974923076923076	13.76125	79.5775	21.213673076923076
APS60160	2025-09-11T16:40:01Z	1757608801	35.47369230769231	13.7675	79.47	21.706192307692312
APS60160	2025-09-11T16:50:01Z	1757609401	35.47369230769231	13.806249999999999	79.345	21.667442307692312
APS60160	2025-09-11T17:00:01Z	1757610001	34.974923076923076	13.802499999999998	79.54875000000001	21.172423076923078
APS60160	2025-09-11T17:10:01Z	1757610601	33.47861538461539	13.76125	79.6075	19.717365384615388
APS60160	2025-09-11T17:20:01Z	1757611201	32.48107692307692	13.76625	79.5	18.71482692307692
APS60160	2025-09-11T17:30:01Z	1757611801	32.48107692307692	13.776250000000001	79.3775	18.70482692307692
APS60160	2025-09-11T17:40:01Z	1757612401	32.979846153846154	13.76125	79.5925	19.218596153846153
APS60160	2025-09-11T17:50:01Z	1757613001	33.47861538461539	13.76125	79.3925	19.717365384615388
APS60160	2025-09-11T18:00:01Z	1757613601	33.47861538461539	13.76625	79.34375	19.71236538461539
APS60160	2025-09-11T18:10:01Z	1757614201	33.47861538461539	13.725000000000001	79.46000000000001	19.753615384615387
APS60160	2025-09-11T18:20:01Z	1757614801	32.979846153846154	13.735	79.64500000000001	19.244846153846154
APS60160	2025-09-11T18:30:01Z	1757615401	32.979846153846154	13.76625	79.48375	19.213596153846154
APS60160	2025-09-11T18:40:01Z	1757616001	32.48107692307692	13.74	79.91749999999999	18.741076923076918
APS60160	2025-09-11T18:50:01Z	1757616601	35.47369230769231	13.756250000000001	80.2675	21.71744230769231
APS60160	2025-09-11T19:00:01Z	1757617201	31.982307692307696	13.76375	80.6325	18.218557692307698
APS60160	2025-09-11T19:10:01Z	1757617801	31.483538461538462	13.77375	80.91375	17.709788461538462
APS60160	2025-09-11T19:20:01Z	1757618401	32.979846153846154	13.76375	80.85875	19.216096153846152
APS60160	2025-09-11T19:30:01Z	1757619001	32.48107692307692	13.7575	80.94624999999999	18.72357692307692
APS60160	2025-09-11T19:40:01Z	1757619601	31.982307692307696	13.7575	81.12	18.224807692307696
APS60160	2025-09-11T19:50:01Z	1757620201	31.982307692307696	13.7575	81.19999999999999	18.224807692307696
APS60160	2025-09-11T20:00:01Z	1757620801	31.982307692307696	13.7725	81.265	18.209807692307695
APS60160	2025-09-11T20:10:01Z	1757621401	32.48107692307692	13.76875	81.6525	18.71232692307692
APS60160	2025-09-11T20:20:01Z	1757622001	32.979846153846154	13.7575	82.0275	19.222346153846154
APS60160	2025-09-11T20:30:01Z	1757622601	35.97246153846154	13.76875	82.0525	22.203711538461537
APS60160	2025-09-11T20:40:01Z	1757623201	36.47123076923077	13.76125	82.09125	22.70998076923077
APS60160	2025-09-11T20:50:01Z	1757623801	35.97246153846154	13.75	82.20125	22.222461538461538
APS60160	2025-09-11T21:00:01Z	1757624401	35.97246153846154	13.76375	82.3175	22.208711538461536
APS60160	2025-09-11T21:10:01Z	1757625001	36.97	13.7575	82.495	23.2125
APS60160	2025-09-11T21:20:01Z	1757625601	34.47615384615385	13.7775	82.68375	20.69865384615385
APS60160	2025-09-11T21:30:01Z	1757626201	33.977384615384615	13.76625	82.9	20.211134615384616
APS60160	2025-09-11T21:40:01Z	1757626801	34.974923076923076	13.78375	82.87875	21.19117307692308
APS60160	2025-09-11T21:50:01Z	1757627401	36.47123076923077	13.7725	83.0875	22.69873076923077
APS60160	2025-09-11T22:00:01Z	1757628001	35.97246153846154	13.75	83.09625	22.222461538461538
APS60160	2025-09-11T22:10:01Z	1757628601	35.97246153846154	13.76	82.8575	22.21246153846154
APS60160	2025-09-11T22:20:01Z	1757629201	34.47615384615385	13.7725	83.10875	20.70365384615385
APS60160	2025-09-11T22:30:01Z	1757629801	32.48107692307692	13.7725	83.06125	18.70857692307692
APS60160	2025-09-11T22:40:01Z	1757630401	33.47861538461539	13.767499999999998	83.10249999999999	19.71111538461539
APS60160	2025-09-11T22:50:01Z	1757631001	32.979846153846154	13.774999999999999	83.1525	19.204846153846155
APS60160	2025-09-11T23:00:01Z	1757631601	33.977384615384615	13.76	83.24625	20.217384615384617
APS60160	2025-09-11T23:10:01Z	1757632201	31.982307692307696	13.7575	83.25999999999999	18.224807692307696
APS60160	2025-09-11T23:20:01Z	1757632801	31.483538461538462	13.786249999999999	83.19874999999999	17.697288461538463
APS60160	2025-09-11T23:30:01Z	1757633401	31.982307692307696	13.79625	83.125	18.186057692307696
APS60160	2025-09-11T23:40:01Z	1757634001	31.982307692307696	13.78875	83.16624999999999	18.193557692307696
APS60160	2025-09-11T23:50:01Z	1757634601	32.48107692307692	13.79125	83.2575	18.68982692307692
APS60160	2025-09-12T00:00:01Z	1757635201	32.48107692307692	13.76875	83.25	18.71232692307692
APS60160	2025-09-12T00:10:01Z	1757635801	32.979846153846154	13.752500000000001	83.26	19.227346153846153
APS60160	2025-09-12T00:20:01Z	1757636401	31.483538461538462	13.748750000000001	83.41625	17.73478846153846
APS60160	2025-09-12T00:30:01Z	1757637001	30.98476923076923	13.7425	83.3575	17.24226923076923
APS60160	2025-09-12T00:40:01Z	1757637601	30.98476923076923	13.7975	83.29625	17.187269230769232
APS60160	2025-09-12T00:50:01Z	1757638201	30.98476923076923	13.75875	83.17875000000001	17.226019230769232
APS60160	2025-09-12T01:00:01Z	1757638801	32.48107692307692	13.76625	83.14	18.71482692307692
APS60160	2025-09-12T01:10:01Z	1757639401	33.47861538461539	13.78125	83.13375	19.697365384615388
APS60160	2025-09-12T01:20:01Z	1757640001	32.48107692307692	13.79125	82.945	18.68982692307692
APS60160	2025-09-12T01:30:01Z	1757640601	32.979846153846154	13.752500000000001	83.09125	19.227346153846153
APS60160	2025-09-12T01:40:01Z	1757641201	32.48107692307692	13.76375	82.93	18.717326923076918
APS60160	2025-09-12T01:50:01Z	1757641801	30.486000000000004	13.7425	82.86625000000001	16.743500000000004
APS60160	2025-09-12T02:00:01Z	1757642401	29.48846153846154	13.785	83.06375	15.70346153846154
APS60160	2025-09-12T02:10:01Z	1757643001	28.989692307692312	13.78375	83.21375	15.205942307692313
APS60160	2025-09-12T02:20:01Z	1757643601	28.490923076923078	13.7575	83.2625	14.733423076923078
APS60160	2025-09-12T02:30:01Z	1757644201	27.992153846153847	13.76125	83.125	14.230903846153847
APS60160	2025-09-12T02:40:01Z	1757644801	27.992153846153847	13.725000000000001	83.35374999999999	14.267153846153846
APS60160	2025-09-12T02:50:01Z	1757645401	27.992153846153847	13.74	83.41	14.252153846153847
APS60160	2025-09-12T03:00:01Z	1757646001	28.490923076923078	13.73125	83.33250000000001	14.759673076923079
APS60160	2025-09-12T03:10:01Z	1757646601	28.490923076923078	13.715	83.31625	14.775923076923078
APS60160	2025-09-12T03:20:01Z	1757647201	28.490923076923078	13.735	83.38875	14.755923076923079
APS60160	2025-09-12T03:30:01Z	1757647801	28.490923076923078	13.73	83.30000000000001	14.760923076923078
APS60160	2025-09-12T03:40:01Z	1757648401	28.490923076923078	13.75875	83.27000000000001	14.732173076923079
APS60160	2025-09-12T03:50:01Z	1757649001	29.48846153846154	13.75875	83.34	15.72971153846154
APS60160	2025-09-12T04:00:01Z	1757649601	29.98723076923077	13.75	83.21000000000001	16.23723076923077
APS60160	2025-09-12T04:10:01Z	1757650201	30.486000000000004	13.75	83.17	16.736000000000004
APS60160	2025-09-12T04:20:01Z	1757650801	30.98476923076923	13.7425	82.97625	17.24226923076923
APS60160	2025-09-12T04:30:01Z	1757651401	33.977384615384615	13.73	83.08000000000001	20.247384615384615
APS60160	2025-09-12T04:40:01Z	1757652001	33.977384615384615	13.73	83.13374999999999	20.247384615384615
APS60160	2025-09-12T04:50:01Z	1757652601	34.47615384615385	13.7375	82.96375	20.73865384615385
APS60160	2025-09-12T05:00:01Z	1757653201	33.977384615384615	13.7425	82.92750000000001	20.234884615384615
APS60160	2025-09-12T05:10:01Z	1757653801	34.974923076923076	13.725000000000001	82.96125	21.249923076923075
APS60160	2025-09-12T05:20:01Z	1757654401	35.47369230769231	13.74375	82.85374999999999	21.729942307692312
APS60160	2025-09-12T05:30:01Z	1757655001	35.47369230769231	13.75875	82.80375000000001	21.71494230769231
APS60160	2025-09-12T05:40:01Z	1757655601	35.97246153846154	13.7425	82.82875	22.229961538461538
APS60160	2025-09-12T05:50:01Z	1757656201	35.97246153846154	13.735	82.88499999999999	22.237461538461538
APS60160	2025-09-12T06:00:01Z	1757656801	32.979846153846154	13.78875	82.82499999999999	19.191096153846154
APS60160	2025-09-12T06:10:01Z	1757657401	31.982307692307696	13.708749999999998	82.70750000000001	18.273557692307698
APS60160	2025-09-12T06:20:01Z	1757658001	30.98476923076923	13.73	82.7825	17.25476923076923
APS60160	2025-09-12T06:30:01Z	1757658601	32.979846153846154	13.75	82.70375	19.229846153846154
APS60160	2025-09-12T06:40:01Z	1757659201	33.47861538461539	13.8075	82.57875000000001	19.67111538461539
APS60160	2025-09-12T06:50:01Z	1757659801	34.974923076923076	13.77125	82.55125000000001	21.203673076923074
APS60160	2025-09-12T07:00:01Z	1757660401	34.47615384615385	13.75375	82.45875000000001	20.72240384615385
APS60160	2025-09-12T07:10:01Z	1757661001	34.974923076923076	13.77125	82.46000000000001	21.203673076923074
APS60160	2025-09-12T07:20:01Z	1757661601	35.97246153846154	13.712499999999999	82.33625	22.25996153846154
APS60160	2025-09-12T07:30:01Z	1757662201	36.97	13.684999999999999	82.37	23.285
APS60160	2025-09-12T07:40:01Z	1757662801	36.47123076923077	13.715	82.3575	22.756230769230772
APS60160	2025-09-12T07:50:01Z	1757663401	37.46876923076923	13.73	82.42625000000001	23.738769230769233
APS60160	2025-09-12T08:00:01Z	1757664001	37.46876923076923	13.79625	82.47999999999999	23.672519230769232
APS60160	2025-09-12T08:10:01Z	1757664601	37.46876923076923	13.76	82.7325	23.708769230769235
APS60160	2025-09-12T08:20:01Z	1757665201	35.47369230769231	13.774999999999999	83.26249999999999	21.698692307692312
APS60160	2025-09-12T08:30:01Z	1757665801	35.97246153846154	13.7725	83.3025	22.199961538461537
APS60160	2025-09-12T08:40:01Z	1757666401	35.97246153846154	13.76	83.61500000000001	22.21246153846154
APS60160	2025-09-12T08:50:01Z	1757667001	34.974923076923076	13.751249999999999	83.69125	21.223673076923077
APS60160	2025-09-12T09:00:01Z	1757667601	34.974923076923076	13.765	83.7775	21.209923076923076
APS60160	2025-09-12T09:10:01Z	1757668201	34.974923076923076	13.73125	83.60624999999999	21.243673076923077
APS60160	2025-09-12T09:20:01Z	1757668801	34.974923076923076	13.70375	84.07374999999999	21.271173076923077
APS60160	2025-09-12T09:30:01Z	1757669401	34.974923076923076	13.6875	83.9875	21.287423076923076
APS60160	2025-09-12T09:40:01Z	1757670001	34.974923076923076	13.713750000000001	84.2975	21.261173076923075
APS60160	2025-09-12T09:50:01Z	1757670601	34.47615384615385	13.7575	84.39125	20.71865384615385
APS60160	2025-09-12T10:00:01Z	1757671201	32.979846153846154	13.748750000000001	84.23625	19.231096153846153
APS60160	2025-09-12T10:10:01Z	1757671801	32.48107692307692	13.751249999999999	84.21125	18.72982692307692
APS60160	2025-09-12T10:20:01Z	1757672401	31.982307692307696	13.7575	84.02000000000001	18.224807692307696
APS60160	2025-09-12T10:30:01Z	1757673001	32.48107692307692	13.77	84.08375000000001	18.71107692307692
APS60160	2025-09-12T10:40:01Z	1757673601	32.48107692307692	13.7775	84.275	18.70357692307692
APS60160	2025-09-12T10:50:01Z	1757674201	32.48107692307692	13.77	84.2175	18.71107692307692
APS60160	2025-09-12T11:00:01Z	1757674801	33.47861538461539	13.77	83.9575	19.70861538461539
APS60160	2025-09-12T11:10:01Z	1757675401	33.47861538461539	13.782499999999999	83.96375	19.69611538461539
APS60160	2025-09-12T11:20:01Z	1757676001	33.977384615384615	13.775	83.67875000000001	20.202384615384616
APS60160	2025-09-12T11:30:01Z	1757676601	34.47615384615385	13.765	83.71625	20.71115384615385
APS60160	2025-09-12T11:40:01Z	1757677201	33.47861538461539	13.79	83.77	19.68861538461539
APS60160	2025-09-12T11:50:01Z	1757677801	35.47369230769231	13.7725	83.64125	21.70119230769231
APS60160	2025-09-12T12:00:01Z	1757678401	35.97246153846154	13.7575	83.63374999999999	22.214961538461537
APS60160	2025-09-12T12:10:01Z	1757679001	35.97246153846154	13.795	83.46125	22.177461538461536
APS60160	2025-09-12T12:20:01Z	1757679601	33.977384615384615	13.7775	83.3725	20.199884615384615
APS60160	2025-09-12T12:30:01Z	1757680201	32.48107692307692	13.7625	83.39875	18.71857692307692
APS60160	2025-09-12T12:40:01Z	1757680801	32.979846153846154	13.7475	83.26875000000001	19.23234615384615
APS60160	2025-09-12T12:50:01Z	1757681401	34.47615384615385	13.780000000000001	83.34375	20.696153846153848
