Bat_ID	DateTime	NumberDate	Temperature	DateType	Treatment	Group	Sex	Handled	ExperimentDay	Cage	Handling_minutes	Capture_Site	Weight	Day_Num	time_aligned	NumberDate_shifted
APS36007	2025-09-01T14:00:01Z	1756735201	34.44523692272454	Basal TC	CP+S	GP 2	Female	Yes	D-7	Dual	195	Warriors Mark Farmhouse	26.3	-7	2025-09-04T14:00:01Z	1756994401
APS36007	2025-09-01T14:10:01Z	1756735801	34.44523692272454	Basal TC	CP+S	GP 2	Female	Yes	D-7	Dual	195	Warriors Mark Farmhouse	26.3	-7	2025-09-04T14:10:01Z	1756995001
APS36007	2025-09-01T14:20:01Z	1756736401	34.44523692272454	Basal TC	CP+S	GP 2	Female	Yes	D-7	Dual	195	Warriors Mark Farmhouse	26.3	-7	2025-09-04T14:20:01Z	1756995601
APS36007	2025-09-01T14:30:01Z	1756737001	34.44523692272454	Basal TC	CP+S	GP 2	Female	Yes	D-7	Dual	195	Warriors Mark Farmhouse	26.3	-7	2025-09-04T14:30:01Z	1756996201
APS36007	2025-09-01T14:40:01Z	1756737601	34.44523692272454	Basal TC	CP+S	GP 2	Female	Yes	D-7	Dual	195	Warriors Mark Farmhouse	26.3	-7	2025-09-04T14:40:01Z	1756996801
APS36007	2025-09-01T14:50:01Z	1756738201	34.94183554270335	Basal TC	CP+S	GP 2	Female	Yes	D-7	Dual	195	Warriors Mark Farmhouse	26.3	-7	2025-09-04T14:50:01Z	1756997401
APS36007	2025-09-01T15:00:01Z	1756738801	35.93503278266098	Basal TC	CP+S	GP 2	Female	Yes	D-7	Dual	195	Warriors Mark Farmhouse	26.3	-7	2025-09-04T15:00:01Z	1756998001
APS36007	2025-09-01T15:10:01Z	1756739401	35.93503278266098	Basal TC	CP+S	GP 2	Female	Yes	D-7	Dual	195	Warriors Mark Farmhouse	26.3	-7	2025-09-04T15:10:01Z	1756998601
APS36007	2025-09-01T15:20:01Z	1756740001	35.93503278266098	Basal TC	CP+S	GP 2	Female	Yes	D-7	Dual	195	Warriors Mark Farmhouse	26.3	-7	2025-09-04T15:20:01Z	1756999201
APS36007	2025-09-01T15:30:01Z	1756740601	35.438434162682164	Basal TC	CP+S	GP 2	Female	Yes	D-7	Dual	195	Warriors Mark Farmhouse	26.3	-7	2025-09-04T15:30:01Z	1756999801
APS36007	2025-09-01T15:40:01Z	1756741201	35.93503278266098	Basal TC	CP+S	GP 2	Female	Yes	D-7	Dual	195	Warriors Mark Farmhouse	26.3	-7	2025-09-04T15:40:01Z	1757000401
APS36007	2025-09-01T15:50:01Z	1756741801	35.438434162682164	Basal TC	CP+S	GP 2	Female	Yes	D-7	Dual	195	Warriors Mark Farmhouse	26.3	-7	2025-09-04T15:50:01Z	1757001001
APS36007	2025-09-01T16:00:01Z	1756742401	35.93503278266098	Basal TC	CP+S	GP 2	Female	Yes	D-7	Dual	195	Warriors Mark Farmhouse	26.3	-7	2025-09-04T16:00:01Z	1757001601
APS36007	2025-09-01T16:10:01Z	1756743001	33.452039682766916	Basal TC	CP+S	GP 2	Female	Yes	D-7	Dual	195	Warriors Mark Farmhouse	26.3	-7	2025-09-04T16:10:01Z	1757002201
APS36007	2025-09-01T16:20:01Z	1756743601	30.472447962894034	Basal TC	CP+S	GP 2	Female	Yes	D-7	Dual	195	Warriors Mark Farmhouse	26.3	-7	2025-09-04T16:20:01Z	1757002801
APS36007	2025-09-01T16:30:01Z	1756744201	30.96904658287285	Basal TC	CP+S	GP 2	Female	Yes	D-7	Dual	195	Warriors Mark Farmhouse	26.3	-7	2025-09-04T16:30:01Z	1757003401
APS36007	2025-09-01T16:40:01Z	1756744801	29.975849342915225	Basal TC	CP+S	GP 2	Female	Yes	D-7	Dual	195	Warriors Mark Farmhouse	26.3	-7	2025-09-04T16:40:01Z	1757004001
APS36007	2025-09-01T16:50:01Z	1756745401	29.47925072293641	Basal TC	CP+S	GP 2	Female	Yes	D-7	Dual	195	Warriors Mark Farmhouse	26.3	-7	2025-09-04T16:50:01Z	1757004601
APS36007	2025-09-01T17:00:01Z	1756746001	29.975849342915225	Basal TC	CP+S	GP 2	Female	Yes	D-7	Dual	195	Warriors Mark Farmhouse	26.3	-7	2025-09-04T17:00:01Z	1757005201
APS36007	2025-09-01T17:10:01Z	1756746601	30.96904658287285	Basal TC	CP+S	GP 2	Female	Yes	D-7	Dual	195	Warriors Mark Farmhouse	26.3	-7	2025-09-04T17:10:01Z	1757005801
APS36007	2025-09-01T17:20:01Z	1756747201	31.465645202851665	Basal TC	CP+S	GP 2	Female	Yes	D-7	Dual	195	Warriors Mark Farmhouse	26.3	-7	2025-09-04T17:20:01Z	1757006401
APS36007	2025-09-01T17:30:01Z	1756747801	31.465645202851665	Basal TC	CP+S	GP 2	Female	Yes	D-7	Dual	195	Warriors Mark Farmhouse	26.3	-7	2025-09-04T17:30:01Z	1757007001
APS36007	2025-09-01T17:40:01Z	1756748401	29.47925072293641	Basal TC	CP+S	GP 2	Female	Yes	D-7	Dual	195	Warriors Mark Farmhouse	26.3	-7	2025-09-04T17:40:01Z	1757007601
APS36007	2025-09-01T17:50:01Z	1756749001	29.47925072293641	Basal TC	CP+S	GP 2	Female	Yes	D-7	Dual	195	Warriors Mark Farmhouse	26.3	-7	2025-09-04T17:50:01Z	1757008201
APS36007	2025-09-01T18:00:01Z	1756749601	29.975849342915225	Basal TC	CP+S	GP 2	Female	Yes	D-7	Dual	195	Warriors Mark Farmhouse	26.3	-7	2025-09-04T18:00:01Z	1757008801
APS36007	2025-09-01T18:10:01Z	1756750201	29.47925072293641	Basal TC	CP+S	GP 2	Female	Yes	D-7	Dual	195	Warriors Mark Farmhouse	26.3	-7	2025-09-04T18:10:01Z	1757009401
APS36007	2025-09-01T18:20:01Z	1756750801	29.975849342915225	Basal TC	CP+S	GP 2	Female	Yes	D-7	Dual	195	Warriors Mark Farmhouse	26.3	-7	2025-09-04T18:20:01Z	1757010001
APS36007	2025-09-01T18:30:01Z	1756751401	33.452039682766916	Basal TC	CP+S	GP 2	Female	Yes	D-7	Dual	195	Warriors Mark Farmhouse	26.3	-7	2025-09-04T18:30:01Z	1757010601
APS36007	2025-09-01T18:40:01Z	1756752001	34.44523692272454	Basal TC	CP+S	GP 2	Female	Yes	D-7	Dual	195	Warriors Mark Farmhouse	26.3	-7	2025-09-04T18:40:01Z	1757011201
APS36007	2025-09-01T18:50:01Z	1756752601	34.94183554270335	Basal TC	CP+S	GP 2	Female	Yes	D-7	Dual	195	Warriors Mark Farmhouse	26.3	-7	2025-09-04T18:50:01Z	1757011801
APS36007	2025-09-01T19:00:01Z	1756753201	34.94183554270335	Basal TC	CP+S	GP 2	Female	Yes	D-7	Dual	195	Warriors Mark Farmhouse	26.3	-7	2025-09-04T19:00:01Z	1757012401
APS36007	2025-09-01T19:10:01Z	1756753801	33.452039682766916	Basal TC	CP+S	GP 2	Female	Yes	D-7	Dual	195	Warriors Mark Farmhouse	26.3	-7	2025-09-04T19:10:01Z	1757013001
APS36007	2025-09-01T19:20:01Z	1756754401	32.9554410627881	Basal TC	CP+S	GP 2	Female	Yes	D-7	Dual	195	Warriors Mark Farmhouse	26.3	-7	2025-09-04T19:20:01Z	1757013601
APS36007	2025-09-01T19:30:01Z	1756755001	36.43163140263979	Basal TC	CP+S	GP 2	Female	Yes	D-7	Dual	195	Warriors Mark Farmhouse	26.3	-7	2025-09-04T19:30:01Z	1757014201
APS36007	2025-09-01T19:40:01Z	1756755601	35.93503278266098	Basal TC	CP+S	GP 2	Female	Yes	D-7	Dual	195	Warriors Mark Farmhouse	26.3	-7	2025-09-04T19:40:01Z	1757014801
APS36007	2025-09-01T19:50:01Z	1756756201	35.93503278266098	Basal TC	CP+S	GP 2	Female	Yes	D-7	Dual	195	Warriors Mark Farmhouse	26.3	-7	2025-09-04T19:50:01Z	1757015401
APS36007	2025-09-01T20:00:01Z	1756756801	32.9554410627881	Basal TC	CP+S	GP 2	Female	Yes	D-7	Dual	195	Warriors Mark Farmhouse	26.3	-7	2025-09-04T20:00:01Z	1757016001
APS36007	2025-09-01T20:10:01Z	1756757401	31.962243822830477	Basal TC	CP+S	GP 2	Female	Yes	D-7	Dual	195	Warriors Mark Farmhouse	26.3	-7	2025-09-04T20:10:01Z	1757016601
APS36007	2025-09-01T20:20:01Z	1756758001	28.486053482978786	Basal TC	CP+S	GP 2	Female	Yes	D-7	Dual	195	Warriors Mark Farmhouse	26.3	-7	2025-09-04T20:20:01Z	1757017201
APS36007	2025-09-01T20:30:01Z	1756758601	31.465645202851665	Basal TC	CP+S	GP 2	Female	Yes	D-7	Dual	195	Warriors Mark Farmhouse	26.3	-7	2025-09-04T20:30:01Z	1757017801
APS36007	2025-09-01T20:40:01Z	1756759201	30.472447962894034	Basal TC	CP+S	GP 2	Female	Yes	D-7	Dual	195	Warriors Mark Farmhouse	26.3	-7	2025-09-04T20:40:01Z	1757018401
APS36007	2025-09-01T20:50:01Z	1756759801	30.472447962894034	Basal TC	CP+S	GP 2	Female	Yes	D-7	Dual	195	Warriors Mark Farmhouse	26.3	-7	2025-09-04T20:50:01Z	1757019001
APS36007	2025-09-01T21:00:01Z	1756760401	29.975849342915225	Basal TC	CP+S	GP 2	Female	Yes	D-7	Dual	195	Warriors Mark Farmhouse	26.3	-7	2025-09-04T21:00:01Z	1757019601
APS36007	2025-09-01T21:10:01Z	1756761001	33.94863830274573	Basal TC	CP+S	GP 2	Female	Yes	D-7	Dual	195	Warriors Mark Farmhouse	26.3	-7	2025-09-04T21:10:01Z	1757020201
APS36007	2025-09-01T21:20:01Z	1756761601	34.94183554270335	Basal TC	CP+S	GP 2	Female	Yes	D-7	Dual	195	Warriors Mark Farmhouse	26.3	-7	2025-09-04T21:20:01Z	1757020801
APS36007	2025-09-01T21:30:01Z	1756762201	30.96904658287285	Basal TC	CP+S	GP 2	Female	Yes	D-7	Dual	195	Warriors Mark Farmhouse	26.3	-7	2025-09-04T21:30:01Z	1757021401
APS36007	2025-09-01T21:40:01Z	1756762801	28.982652102957598	Basal TC	CP+S	GP 2	Female	Yes	D-7	Dual	195	Warriors Mark Farmhouse	26.3	-7	2025-09-04T21:40:01Z	1757022001
APS36007	2025-09-01T21:50:01Z	1756763401	27.98945486299997	Basal TC	CP+S	GP 2	Female	Yes	D-7	Dual	195	Warriors Mark Farmhouse	26.3	-7	2025-09-04T21:50:01Z	1757022601
APS36007	2025-09-01T22:00:01Z	1756764001	28.982652102957598	Basal TC	CP+S	GP 2	Female	Yes	D-7	Dual	195	Warriors Mark Farmhouse	26.3	-7	2025-09-04T22:00:01Z	1757023201
APS36007	2025-09-01T22:10:01Z	1756764601	30.472447962894034	Basal TC	CP+S	GP 2	Female	Yes	D-7	Dual	195	Warriors Mark Farmhouse	26.3	-7	2025-09-04T22:10:01Z	1757023801
APS36007	2025-09-01T22:20:01Z	1756765201	30.96904658287285	Basal TC	CP+S	GP 2	Female	Yes	D-7	Dual	195	Warriors Mark Farmhouse	26.3	-7	2025-09-04T22:20:01Z	1757024401
APS36007	2025-09-01T22:30:01Z	1756765801	30.472447962894034	Basal TC	CP+S	GP 2	Female	Yes	D-7	Dual	195	Warriors Mark Farmhouse	26.3	-7	2025-09-04T22:30:01Z	1757025001
APS36007	2025-09-01T22:40:01Z	1756766401	30.472447962894034	Basal TC	CP+S	GP 2	Female	Yes	D-7	Dual	195	Warriors Mark Farmhouse	26.3	-7	2025-09-04T22:40:01Z	1757025601
APS36007	2025-09-01T22:50:01Z	1756767001	30.96904658287285	Basal TC	CP+S	GP 2	Female	Yes	D-7	Dual	195	Warriors Mark Farmhouse	26.3	-7	2025-09-04T22:50:01Z	1757026201
APS36007	2025-09-01T23:00:01Z	1756767601	30.96904658287285	Basal TC	CP+S	GP 2	Female	Yes	D-7	Dual	195	Warriors Mark Farmhouse	26.3	-7	2025-09-04T23:00:01Z	1757026801
APS36007	2025-09-01T23:10:01Z	1756768201	30.472447962894034	Basal TC	CP+S	GP 2	Female	Yes	D-7	Dual	195	Warriors Mark Farmhouse	26.3	-7	2025-09-04T23:10:01Z	1757027401
APS36007	2025-09-01T23:20:01Z	1756768801	30.96904658287285	Basal TC	CP+S	GP 2	Female	Yes	D-7	Dual	195	Warriors Mark Farmhouse	26.3	-7	2025-09-04T23:20:01Z	1757028001
APS36007	2025-09-01T23:30:01Z	1756769401	31.465645202851665	Basal TC	CP+S	GP 2	Female	Yes	D-7	Dual	195	Warriors Mark Farmhouse	26.3	-7	2025-09-04T23:30:01Z	1757028601
APS36007	2025-09-01T23:40:01Z	1756770001	31.962243822830477	Basal TC	CP+S	GP 2	Female	Yes	D-7	Dual	195	Warriors Mark Farmhouse	26.3	-7	2025-09-04T23:40:01Z	1757029201
APS36007	2025-09-01T23:50:01Z	1756770601	31.465645202851665	Basal TC	CP+S	GP 2	Female	Yes	D-7	Dual	195	Warriors Mark Farmhouse	26.3	-7	2025-09-04T23:50:01Z	1757029801
APS36007	2025-09-02T00:00:01Z	1756771201	30.96904658287285	Basal TC	CP+S	GP 2	Female	Yes	D-7	Dual	195	Warriors Mark Farmhouse	26.3	-7	2025-09-05T00:00:01Z	1757030401
APS36007	2025-09-02T00:10:01Z	1756771801	29.47925072293641	Basal TC	CP+S	GP 2	Female	Yes	D-7	Dual	195	Warriors Mark Farmhouse	26.3	-7	2025-09-05T00:10:01Z	1757031001
APS36007	2025-09-02T00:20:01Z	1756772401	28.486053482978786	Basal TC	CP+S	GP 2	Female	Yes	D-7	Dual	195	Warriors Mark Farmhouse	26.3	-7	2025-09-05T00:20:01Z	1757031601
APS36007	2025-09-02T00:30:01Z	1756773001	27.98945486299997	Basal TC	CP+S	GP 2	Female	Yes	D-7	Dual	195	Warriors Mark Farmhouse	26.3	-7	2025-09-05T00:30:01Z	1757032201
APS36007	2025-09-02T00:40:01Z	1756773601	28.982652102957598	Basal TC	CP+S	GP 2	Female	Yes	D-7	Dual	195	Warriors Mark Farmhouse	26.3	-7	2025-09-05T00:40:01Z	1757032801
APS36007	2025-09-02T00:50:01Z	1756774201	27.49285624302116	Basal TC	CP+S	GP 2	Female	Yes	D-7	Dual	195	Warriors Mark Farmhouse	26.3	-7	2025-09-05T00:50:01Z	1757033401
APS36007	2025-09-02T01:00:01Z	1756774801	25.506461763105907	Basal TC	CP+S	GP 2	Female	Yes	D-7	Dual	195	Warriors Mark Farmhouse	26.3	-7	2025-09-05T01:00:01Z	1757034001
APS36007	2025-09-02T01:10:01Z	1756775401	25.506461763105907	Basal TC	CP+S	GP 2	Female	Yes	D-7	Dual	195	Warriors Mark Farmhouse	26.3	-7	2025-09-05T01:10:01Z	1757034601
APS36007	2025-09-02T01:20:01Z	1756776001	25.506461763105907	Basal TC	CP+S	GP 2	Female	Yes	D-7	Dual	195	Warriors Mark Farmhouse	26.3	-7	2025-09-05T01:20:01Z	1757035201
APS36007	2025-09-02T01:30:01Z	1756776601	25.009863143127095	Basal TC	CP+S	GP 2	Female	Yes	D-7	Dual	195	Warriors Mark Farmhouse	26.3	-7	2025-09-05T01:30:01Z	1757035801
APS36007	2025-09-02T01:40:01Z	1756777201	24.51326452314828	Basal TC	CP+S	GP 2	Female	Yes	D-7	Dual	195	Warriors Mark Farmhouse	26.3	-7	2025-09-05T01:40:01Z	1757036401
APS36007	2025-09-02T01:50:01Z	1756777801	24.01666590316947	Basal TC	CP+S	GP 2	Female	Yes	D-7	Dual	195	Warriors Mark Farmhouse	26.3	-7	2025-09-05T01:50:01Z	1757037001
APS36007	2025-09-02T02:00:01Z	1756778401	23.023468663211844	Basal TC	CP+S	GP 2	Female	Yes	D-7	Dual	195	Warriors Mark Farmhouse	26.3	-7	2025-09-05T02:00:01Z	1757037601
APS36007	2025-09-02T02:10:01Z	1756779001	23.023468663211844	Basal TC	CP+S	GP 2	Female	Yes	D-7	Dual	195	Warriors Mark Farmhouse	26.3	-7	2025-09-05T02:10:01Z	1757038201
APS36007	2025-09-02T02:20:01Z	1756779601	22.52687004323303	Basal TC	CP+S	GP 2	Female	Yes	D-7	Dual	195	Warriors Mark Farmhouse	26.3	-7	2025-09-05T02:20:01Z	1757038801
APS36007	2025-09-02T02:30:01Z	1756780201	23.023468663211844	Basal TC	CP+S	GP 2	Female	Yes	D-7	Dual	195	Warriors Mark Farmhouse	26.3	-7	2025-09-05T02:30:01Z	1757039401
APS36007	2025-09-02T02:40:01Z	1756780801	21.533672803275405	Basal TC	CP+S	GP 2	Female	Yes	D-7	Dual	195	Warriors Mark Farmhouse	26.3	-7	2025-09-05T02:40:01Z	1757040001
APS36007	2025-09-02T02:50:01Z	1756781401	21.03707418329659	Basal TC	CP+S	GP 2	Female	Yes	D-7	Dual	195	Warriors Mark Farmhouse	26.3	-7	2025-09-05T02:50:01Z	1757040601
APS36007	2025-09-02T03:00:01Z	1756782001	21.03707418329659	Basal TC	CP+S	GP 2	Female	Yes	D-7	Dual	195	Warriors Mark Farmhouse	26.3	-7	2025-09-05T03:00:01Z	1757041201
APS36007	2025-09-02T03:10:01Z	1756782601	20.04387694333896	Basal TC	CP+S	GP 2	Female	Yes	D-7	Dual	195	Warriors Mark Farmhouse	26.3	-7	2025-09-05T03:10:01Z	1757041801
APS36007	2025-09-02T03:20:01Z	1756783201	20.540475563317777	Basal TC	CP+S	GP 2	Female	Yes	D-7	Dual	195	Warriors Mark Farmhouse	26.3	-7	2025-09-05T03:20:01Z	1757042401
APS36007	2025-09-02T03:30:01Z	1756783801	20.04387694333896	Basal TC	CP+S	GP 2	Female	Yes	D-7	Dual	195	Warriors Mark Farmhouse	26.3	-7	2025-09-05T03:30:01Z	1757043001
APS36007	2025-09-02T03:40:01Z	1756784401	20.04387694333896	Basal TC	CP+S	GP 2	Female	Yes	D-7	Dual	195	Warriors Mark Farmhouse	26.3	-7	2025-09-05T03:40:01Z	1757043601
APS36007	2025-09-02T03:50:01Z	1756785001	19.54727832336015	Basal TC	CP+S	GP 2	Female	Yes	D-7	Dual	195	Warriors Mark Farmhouse	26.3	-7	2025-09-05T03:50:01Z	1757044201
APS36007	2025-09-02T04:00:01Z	1756785601	18.554081083402522	Basal TC	CP+S	GP 2	Female	Yes	D-7	Dual	195	Warriors Mark Farmhouse	26.3	-7	2025-09-05T04:00:01Z	1757044801
APS36007	2025-09-02T04:10:01Z	1756786201	18.05748246342371	Basal TC	CP+S	GP 2	Female	Yes	D-7	Dual	195	Warriors Mark Farmhouse	26.3	-7	2025-09-05T04:10:01Z	1757045401
APS36007	2025-09-02T04:20:01Z	1756786801	17.5608838434449	Basal TC	CP+S	GP 2	Female	Yes	D-7	Dual	195	Warriors Mark Farmhouse	26.3	-7	2025-09-05T04:20:01Z	1757046001
APS36007	2025-09-02T04:30:01Z	1756787401	17.5608838434449	Basal TC	CP+S	GP 2	Female	Yes	D-7	Dual	195	Warriors Mark Farmhouse	26.3	-7	2025-09-05T04:30:01Z	1757046601
APS36007	2025-09-02T04:40:01Z	1756788001	17.064285223466086	Basal TC	CP+S	GP 2	Female	Yes	D-7	Dual	195	Warriors Mark Farmhouse	26.3	-7	2025-09-05T04:40:01Z	1757047201
APS36007	2025-09-02T04:50:01Z	1756788601	16.56768660348727	Basal TC	CP+S	GP 2	Female	Yes	D-7	Dual	195	Warriors Mark Farmhouse	26.3	-7	2025-09-05T04:50:01Z	1757047801
APS36007	2025-09-02T05:00:01Z	1756789201	16.56768660348727	Basal TC	CP+S	GP 2	Female	Yes	D-7	Dual	195	Warriors Mark Farmhouse	26.3	-7	2025-09-05T05:00:01Z	1757048401
APS36007	2025-09-02T05:10:01Z	1756789801	16.07108798350846	Basal TC	CP+S	GP 2	Female	Yes	D-7	Dual	195	Warriors Mark Farmhouse	26.3	-7	2025-09-05T05:10:01Z	1757049001
APS36007	2025-09-02T05:20:01Z	1756790401	16.07108798350846	Basal TC	CP+S	GP 2	Female	Yes	D-7	Dual	195	Warriors Mark Farmhouse	26.3	-7	2025-09-05T05:20:01Z	1757049601
APS36007	2025-09-02T05:30:01Z	1756791001	15.574489363529647	Basal TC	CP+S	GP 2	Female	Yes	D-7	Dual	195	Warriors Mark Farmhouse	26.3	-7	2025-09-05T05:30:01Z	1757050201
APS36007	2025-09-02T05:40:01Z	1756791601	15.574489363529647	Basal TC	CP+S	GP 2	Female	Yes	D-7	Dual	195	Warriors Mark Farmhouse	26.3	-7	2025-09-05T05:40:01Z	1757050801
APS36007	2025-09-02T05:50:01Z	1756792201	17.064285223466086	Basal TC	CP+S	GP 2	Female	Yes	D-7	Dual	195	Warriors Mark Farmhouse	26.3	-7	2025-09-05T05:50:01Z	1757051401
APS36007	2025-09-02T06:00:01Z	1756792801	18.05748246342371	Basal TC	CP+S	GP 2	Female	Yes	D-7	Dual	195	Warriors Mark Farmhouse	26.3	-7	2025-09-05T06:00:01Z	1757052001
APS36007	2025-09-02T06:10:01Z	1756793401	18.05748246342371	Basal TC	CP+S	GP 2	Female	Yes	D-7	Dual	195	Warriors Mark Farmhouse	26.3	-7	2025-09-05T06:10:01Z	1757052601
APS36007	2025-09-02T06:20:01Z	1756794001	18.05748246342371	Basal TC	CP+S	GP 2	Female	Yes	D-7	Dual	195	Warriors Mark Farmhouse	26.3	-7	2025-09-05T06:20:01Z	1757053201
APS36007	2025-09-02T06:30:01Z	1756794601	17.5608838434449	Basal TC	CP+S	GP 2	Female	Yes	D-7	Dual	195	Warriors Mark Farmhouse	26.3	-7	2025-09-05T06:30:01Z	1757053801
APS36007	2025-09-02T06:40:01Z	1756795201	17.5608838434449	Basal TC	CP+S	GP 2	Female	Yes	D-7	Dual	195	Warriors Mark Farmhouse	26.3	-7	2025-09-05T06:40:01Z	1757054401
APS36007	2025-09-02T06:50:01Z	1756795801	20.540475563317777	Basal TC	CP+S	GP 2	Female	Yes	D-7	Dual	195	Warriors Mark Farmhouse	26.3	-7	2025-09-05T06:50:01Z	1757055001
APS36007	2025-09-02T07:00:01Z	1756796401	24.51326452314828	Basal TC	CP+S	GP 2	Female	Yes	D-7	Dual	195	Warriors Mark Farmhouse	26.3	-7	2025-09-05T07:00:01Z	1757055601
APS36007	2025-09-02T07:10:01Z	1756797001	28.982652102957598	Basal TC	CP+S	GP 2	Female	Yes	D-7	Dual	195	Warriors Mark Farmhouse	26.3	-7	2025-09-05T07:10:01Z	1757056201
APS36007	2025-09-02T07:20:01Z	1756797601	30.472447962894034	Basal TC	CP+S	GP 2	Female	Yes	D-7	Dual	195	Warriors Mark Farmhouse	26.3	-7	2025-09-05T07:20:01Z	1757056801
APS36007	2025-09-02T07:30:01Z	1756798201	30.96904658287285	Basal TC	CP+S	GP 2	Female	Yes	D-7	Dual	195	Warriors Mark Farmhouse	26.3	-7	2025-09-05T07:30:01Z	1757057401
APS36007	2025-09-02T07:40:01Z	1756798801	31.465645202851665	Basal TC	CP+S	GP 2	Female	Yes	D-7	Dual	195	Warriors Mark Farmhouse	26.3	-7	2025-09-05T07:40:01Z	1757058001
APS36007	2025-09-02T07:50:01Z	1756799401	30.472447962894034	Basal TC	CP+S	GP 2	Female	Yes	D-7	Dual	195	Warriors Mark Farmhouse	26.3	-7	2025-09-05T07:50:01Z	1757058601
APS36007	2025-09-02T08:00:01Z	1756800001	29.47925072293641	Basal TC	CP+S	GP 2	Female	Yes	D-7	Dual	195	Warriors Mark Farmhouse	26.3	-7	2025-09-05T08:00:01Z	1757059201
APS36007	2025-09-02T08:10:01Z	1756800601	26.996257623042347	Basal TC	CP+S	GP 2	Female	Yes	D-7	Dual	195	Warriors Mark Farmhouse	26.3	-7	2025-09-05T08:10:01Z	1757059801
APS36007	2025-09-02T08:20:01Z	1756801201	25.009863143127095	Basal TC	CP+S	GP 2	Female	Yes	D-7	Dual	195	Warriors Mark Farmhouse	26.3	-7	2025-09-05T08:20:01Z	1757060401
APS36007	2025-09-02T08:30:01Z	1756801801	23.520067283190656	Basal TC	CP+S	GP 2	Female	Yes	D-7	Dual	195	Warriors Mark Farmhouse	26.3	-7	2025-09-05T08:30:01Z	1757061001
APS36007	2025-09-02T08:40:01Z	1756802401	22.030271423254217	Basal TC	CP+S	GP 2	Female	Yes	D-7	Dual	195	Warriors Mark Farmhouse	26.3	-7	2025-09-05T08:40:01Z	1757061601
APS36007	2025-09-02T08:50:01Z	1756803001	21.03707418329659	Basal TC	CP+S	GP 2	Female	Yes	D-7	Dual	195	Warriors Mark Farmhouse	26.3	-7	2025-09-05T08:50:01Z	1757062201
APS36007	2025-09-02T09:00:01Z	1756803601	20.04387694333896	Basal TC	CP+S	GP 2	Female	Yes	D-7	Dual	195	Warriors Mark Farmhouse	26.3	-7	2025-09-05T09:00:01Z	1757062801
APS36007	2025-09-02T09:10:01Z	1756804201	19.050679703381338	Basal TC	CP+S	GP 2	Female	Yes	D-7	Dual	195	Warriors Mark Farmhouse	26.3	-7	2025-09-05T09:10:01Z	1757063401
APS36007	2025-09-02T09:20:01Z	1756804801	18.554081083402522	Basal TC	CP+S	GP 2	Female	Yes	D-7	Dual	195	Warriors Mark Farmhouse	26.3	-7	2025-09-05T09:20:01Z	1757064001
APS36007	2025-09-02T09:30:01Z	1756805401	18.05748246342371	Basal TC	CP+S	GP 2	Female	Yes	D-7	Dual	195	Warriors Mark Farmhouse	26.3	-7	2025-09-05T09:30:01Z	1757064601
APS36007	2025-09-02T09:40:01Z	1756806001	17.5608838434449	Basal TC	CP+S	GP 2	Female	Yes	D-7	Dual	195	Warriors Mark Farmhouse	26.3	-7	2025-09-05T09:40:01Z	1757065201
APS36007	2025-09-02T09:50:01Z	1756806601	17.064285223466086	Basal TC	CP+S	GP 2	Female	Yes	D-7	Dual	195	Warriors Mark Farmhouse	26.3	-7	2025-09-05T09:50:01Z	1757065801
APS36007	2025-09-02T10:00:01Z	1756807201	17.064285223466086	Basal TC	CP+S	GP 2	Female	Yes	D-7	Dual	195	Warriors Mark Farmhouse	26.3	-7	2025-09-05T10:00:01Z	1757066401
APS36007	2025-09-02T10:10:01Z	1756807801	16.56768660348727	Basal TC	CP+S	GP 2	Female	Yes	D-7	Dual	195	Warriors Mark Farmhouse	26.3	-7	2025-09-05T10:10:01Z	1757067001
APS36007	2025-09-02T10:20:01Z	1756808401	16.56768660348727	Basal TC	CP+S	GP 2	Female	Yes	D-7	Dual	195	Warriors Mark Farmhouse	26.3	-7	2025-09-05T10:20:01Z	1757067601
APS36007	2025-09-02T10:30:01Z	1756809001	16.56768660348727	Basal TC	CP+S	GP 2	Female	Yes	D-7	Dual	195	Warriors Mark Farmhouse	26.3	-7	2025-09-05T10:30:01Z	1757068201
APS36007	2025-09-02T10:40:01Z	1756809601	16.07108798350846	Basal TC	CP+S	GP 2	Female	Yes	D-7	Dual	195	Warriors Mark Farmhouse	26.3	-7	2025-09-05T10:40:01Z	1757068801
APS36007	2025-09-02T10:50:01Z	1756810201	16.07108798350846	Basal TC	CP+S	GP 2	Female	Yes	D-7	Dual	195	Warriors Mark Farmhouse	26.3	-7	2025-09-05T10:50:01Z	1757069401
APS36007	2025-09-02T11:00:01Z	1756810801	16.56768660348727	Basal TC	CP+S	GP 2	Female	Yes	D-7	Dual	195	Warriors Mark Farmhouse	26.3	-7	2025-09-05T11:00:01Z	1757070001
APS36007	2025-09-02T11:10:01Z	1756811401	16.07108798350846	Basal TC	CP+S	GP 2	Female	Yes	D-7	Dual	195	Warriors Mark Farmhouse	26.3	-7	2025-09-05T11:10:01Z	1757070601
APS36007	2025-09-02T11:20:01Z	1756812001	16.07108798350846	Basal TC	CP+S	GP 2	Female	Yes	D-7	Dual	195	Warriors Mark Farmhouse	26.3	-7	2025-09-05T11:20:01Z	1757071201
APS36007	2025-09-02T11:30:01Z	1756812601	16.07108798350846	Basal TC	CP+S	GP 2	Female	Yes	D-7	Dual	195	Warriors Mark Farmhouse	26.3	-7	2025-09-05T11:30:01Z	1757071801
APS36007	2025-09-02T11:40:01Z	1756813201	16.07108798350846	Basal TC	CP+S	GP 2	Female	Yes	D-7	Dual	195	Warriors Mark Farmhouse	26.3	-7	2025-09-05T11:40:01Z	1757072401
APS36007	2025-09-02T11:50:01Z	1756813801	16.07108798350846	Basal TC	CP+S	GP 2	Female	Yes	D-7	Dual	195	Warriors Mark Farmhouse	26.3	-7	2025-09-05T11:50:01Z	1757073001
APS36007	2025-09-02T12:00:01Z	1756814401	16.07108798350846	Basal TC	CP+S	GP 2	Female	Yes	D-7	Dual	195	Warriors Mark Farmhouse	26.3	-7	2025-09-05T12:00:01Z	1757073601
APS36007	2025-09-02T12:10:01Z	1756815001	16.07108798350846	Basal TC	CP+S	GP 2	Female	Yes	D-7	Dual	195	Warriors Mark Farmhouse	26.3	-7	2025-09-05T12:10:01Z	1757074201
APS36007	2025-09-02T12:20:01Z	1756815601	15.574489363529647	Basal TC	CP+S	GP 2	Female	Yes	D-7	Dual	195	Warriors Mark Farmhouse	26.3	-7	2025-09-05T12:20:01Z	1757074801
APS36007	2025-09-02T12:30:01Z	1756816201	16.56768660348727	Basal TC	CP+S	GP 2	Female	Yes	D-7	Dual	195	Warriors Mark Farmhouse	26.3	-7	2025-09-05T12:30:01Z	1757075401
APS36007	2025-09-02T12:40:01Z	1756816801	21.03707418329659	Basal TC	CP+S	GP 2	Female	Yes	D-7	Dual	195	Warriors Mark Farmhouse	26.3	-7	2025-09-05T12:40:01Z	1757076001
APS36007	2025-09-02T12:50:01Z	1756817401	26.996257623042347	Basal TC	CP+S	GP 2	Female	Yes	D-7	Dual	195	Warriors Mark Farmhouse	26.3	-7	2025-09-05T12:50:01Z	1757076601
APS36007	2025-09-02T13:00:01Z	1756818001	28.486053482978786	Basal TC	CP+S	GP 2	Female	Yes	D-7	Dual	195	Warriors Mark Farmhouse	26.3	-7	2025-09-05T13:00:01Z	1757077201
APS36007	2025-09-02T13:10:01Z	1756818601	29.975849342915225	Basal TC	CP+S	GP 2	Female	Yes	D-7	Dual	195	Warriors Mark Farmhouse	26.3	-7	2025-09-05T13:10:01Z	1757077801
APS36007	2025-09-02T13:20:01Z	1756819201	29.975849342915225	Basal TC	CP+S	GP 2	Female	Yes	D-7	Dual	195	Warriors Mark Farmhouse	26.3	-7	2025-09-05T13:20:01Z	1757078401
APS36007	2025-09-02T13:30:01Z	1756819801	30.472447962894034	Basal TC	CP+S	GP 2	Female	Yes	D-7	Dual	195	Warriors Mark Farmhouse	26.3	-7	2025-09-05T13:30:01Z	1757079001
APS36007	2025-09-02T13:40:01Z	1756820401	31.465645202851665	Basal TC	CP+S	GP 2	Female	Yes	D-7	Dual	195	Warriors Mark Farmhouse	26.3	-7	2025-09-05T13:40:01Z	1757079601
APS36007	2025-09-02T13:50:01Z	1756821001	30.96904658287285	Basal TC	CP+S	GP 2	Female	Yes	D-7	Dual	195	Warriors Mark Farmhouse	26.3	-7	2025-09-05T13:50:01Z	1757080201
APS36021	2025-09-01T14:00:01Z	1756735201	34.91348463514827	Basal TC	CP	GP 2	Male	Yes	D-7	Primary	198	Scott's House	22.4	-7	2025-09-04T14:00:01Z	1756994401
APS36021	2025-09-01T14:10:01Z	1756735801	34.409944259772686	Basal TC	CP	GP 2	Male	Yes	D-7	Primary	198	Scott's House	22.4	-7	2025-09-04T14:10:01Z	1756995001
APS36021	2025-09-01T14:20:01Z	1756736401	33.906403884397086	Basal TC	CP	GP 2	Male	Yes	D-7	Primary	198	Scott's House	22.4	-7	2025-09-04T14:20:01Z	1756995601
APS36021	2025-09-01T14:30:01Z	1756737001	34.409944259772686	Basal TC	CP	GP 2	Male	Yes	D-7	Primary	198	Scott's House	22.4	-7	2025-09-04T14:30:01Z	1756996201
APS36021	2025-09-01T14:40:01Z	1756737601	34.409944259772686	Basal TC	CP	GP 2	Male	Yes	D-7	Primary	198	Scott's House	22.4	-7	2025-09-04T14:40:01Z	1756996801
APS36021	2025-09-01T14:50:01Z	1756738201	34.409944259772686	Basal TC	CP	GP 2	Male	Yes	D-7	Primary	198	Scott's House	22.4	-7	2025-09-04T14:50:01Z	1756997401
APS36021	2025-09-01T15:00:01Z	1756738801	34.409944259772686	Basal TC	CP	GP 2	Male	Yes	D-7	Primary	198	Scott's House	22.4	-7	2025-09-04T15:00:01Z	1756998001
APS36021	2025-09-01T15:10:01Z	1756739401	34.91348463514827	Basal TC	CP	GP 2	Male	Yes	D-7	Primary	198	Scott's House	22.4	-7	2025-09-04T15:10:01Z	1756998601
APS36021	2025-09-01T15:20:01Z	1756740001	35.41702501052387	Basal TC	CP	GP 2	Male	Yes	D-7	Primary	198	Scott's House	22.4	-7	2025-09-04T15:20:01Z	1756999201
APS36021	2025-09-01T15:30:01Z	1756740601	34.91348463514827	Basal TC	CP	GP 2	Male	Yes	D-7	Primary	198	Scott's House	22.4	-7	2025-09-04T15:30:01Z	1756999801
APS36021	2025-09-01T15:40:01Z	1756741201	35.920565385899465	Basal TC	CP	GP 2	Male	Yes	D-7	Primary	198	Scott's House	22.4	-7	2025-09-04T15:40:01Z	1757000401
APS36021	2025-09-01T15:50:01Z	1756741801	36.42410576127506	Basal TC	CP	GP 2	Male	Yes	D-7	Primary	198	Scott's House	22.4	-7	2025-09-04T15:50:01Z	1757001001
APS36021	2025-09-01T16:00:01Z	1756742401	36.92764613665065	Basal TC	CP	GP 2	Male	Yes	D-7	Primary	198	Scott's House	22.4	-7	2025-09-04T16:00:01Z	1757001601
APS36021	2025-09-01T16:10:01Z	1756743001	34.409944259772686	Basal TC	CP	GP 2	Male	Yes	D-7	Primary	198	Scott's House	22.4	-7	2025-09-04T16:10:01Z	1757002201
APS36021	2025-09-01T16:20:01Z	1756743601	33.40286350902149	Basal TC	CP	GP 2	Male	Yes	D-7	Primary	198	Scott's House	22.4	-7	2025-09-04T16:20:01Z	1757002801
APS36021	2025-09-01T16:30:01Z	1756744201	34.409944259772686	Basal TC	CP	GP 2	Male	Yes	D-7	Primary	198	Scott's House	22.4	-7	2025-09-04T16:30:01Z	1757003401
APS36021	2025-09-01T16:40:01Z	1756744801	33.40286350902149	Basal TC	CP	GP 2	Male	Yes	D-7	Primary	198	Scott's House	22.4	-7	2025-09-04T16:40:01Z	1757004001
APS36021	2025-09-01T16:50:01Z	1756745401	33.906403884397086	Basal TC	CP	GP 2	Male	Yes	D-7	Primary	198	Scott's House	22.4	-7	2025-09-04T16:50:01Z	1757004601
APS36021	2025-09-01T17:00:01Z	1756746001	34.91348463514827	Basal TC	CP	GP 2	Male	Yes	D-7	Primary	198	Scott's House	22.4	-7	2025-09-04T17:00:01Z	1757005201
APS36021	2025-09-01T17:10:01Z	1756746601	36.92764613665065	Basal TC	CP	GP 2	Male	Yes	D-7	Primary	198	Scott's House	22.4	-7	2025-09-04T17:10:01Z	1757005801
APS36021	2025-09-01T17:20:01Z	1756747201	35.41702501052387	Basal TC	CP	GP 2	Male	Yes	D-7	Primary	198	Scott's House	22.4	-7	2025-09-04T17:20:01Z	1757006401
APS36021	2025-09-01T17:30:01Z	1756747801	35.41702501052387	Basal TC	CP	GP 2	Male	Yes	D-7	Primary	198	Scott's House	22.4	-7	2025-09-04T17:30:01Z	1757007001
APS36021	2025-09-01T17:40:01Z	1756748401	34.91348463514827	Basal TC	CP	GP 2	Male	Yes	D-7	Primary	198	Scott's House	22.4	-7	2025-09-04T17:40:01Z	1757007601
APS36021	2025-09-01T17:50:01Z	1756749001	35.41702501052387	Basal TC	CP	GP 2	Male	Yes	D-7	Primary	198	Scott's House	22.4	-7	2025-09-04T17:50:01Z	1757008201
APS36021	2025-09-01T18:00:01Z	1756749601	34.91348463514827	Basal TC	CP	GP 2	Male	Yes	D-7	Primary	198	Scott's House	22.4	-7	2025-09-04T18:00:01Z	1757008801
APS36021	2025-09-01T18:10:01Z	1756750201	35.41702501052387	Basal TC	CP	GP 2	Male	Yes	D-7	Primary	198	Scott's House	22.4	-7	2025-09-04T18:10:01Z	1757009401
APS36021	2025-09-01T18:20:01Z	1756750801	35.41702501052387	Basal TC	CP	GP 2	Male	Yes	D-7	Primary	198	Scott's House	22.4	-7	2025-09-04T18:20:01Z	1757010001
APS36021	2025-09-01T18:30:01Z	1756751401	34.91348463514827	Basal TC	CP	GP 2	Male	Yes	D-7	Primary	198	Scott's House	22.4	-7	2025-09-04T18:30:01Z	1757010601
APS36021	2025-09-01T18:40:01Z	1756752001	32.89932313364591	Basal TC	CP	GP 2	Male	Yes	D-7	Primary	198	Scott's House	22.4	-7	2025-09-04T18:40:01Z	1757011201
APS36021	2025-09-01T18:50:01Z	1756752601	33.40286350902149	Basal TC	CP	GP 2	Male	Yes	D-7	Primary	198	Scott's House	22.4	-7	2025-09-04T18:50:01Z	1757011801
APS36021	2025-09-01T19:00:01Z	1756753201	34.409944259772686	Basal TC	CP	GP 2	Male	Yes	D-7	Primary	198	Scott's House	22.4	-7	2025-09-04T19:00:01Z	1757012401
APS36021	2025-09-01T19:10:01Z	1756753801	33.40286350902149	Basal TC	CP	GP 2	Male	Yes	D-7	Primary	198	Scott's House	22.4	-7	2025-09-04T19:10:01Z	1757013001
APS36021	2025-09-01T19:20:01Z	1756754401	34.91348463514827	Basal TC	CP	GP 2	Male	Yes	D-7	Primary	198	Scott's House	22.4	-7	2025-09-04T19:20:01Z	1757013601
APS36021	2025-09-01T19:30:01Z	1756755001	33.906403884397086	Basal TC	CP	GP 2	Male	Yes	D-7	Primary	198	Scott's House	22.4	-7	2025-09-04T19:30:01Z	1757014201
APS36021	2025-09-01T19:40:01Z	1756755601	34.409944259772686	Basal TC	CP	GP 2	Male	Yes	D-7	Primary	198	Scott's House	22.4	-7	2025-09-04T19:40:01Z	1757014801
APS36021	2025-09-01T19:50:01Z	1756756201	33.40286350902149	Basal TC	CP	GP 2	Male	Yes	D-7	Primary	198	Scott's House	22.4	-7	2025-09-04T19:50:01Z	1757015401
APS36021	2025-09-01T20:00:01Z	1756756801	34.409944259772686	Basal TC	CP	GP 2	Male	Yes	D-7	Primary	198	Scott's House	22.4	-7	2025-09-04T20:00:01Z	1757016001
APS36021	2025-09-01T20:10:01Z	1756757401	33.906403884397086	Basal TC	CP	GP 2	Male	Yes	D-7	Primary	198	Scott's House	22.4	-7	2025-09-04T20:10:01Z	1757016601
APS36021	2025-09-01T20:20:01Z	1756758001	32.89932313364591	Basal TC	CP	GP 2	Male	Yes	D-7	Primary	198	Scott's House	22.4	-7	2025-09-04T20:20:01Z	1757017201
APS36021	2025-09-01T20:30:01Z	1756758601	32.89932313364591	Basal TC	CP	GP 2	Male	Yes	D-7	Primary	198	Scott's House	22.4	-7	2025-09-04T20:30:01Z	1757017801
APS36021	2025-09-01T20:40:01Z	1756759201	32.39578275827031	Basal TC	CP	GP 2	Male	Yes	D-7	Primary	198	Scott's House	22.4	-7	2025-09-04T20:40:01Z	1757018401
APS36021	2025-09-01T20:50:01Z	1756759801	33.40286350902149	Basal TC	CP	GP 2	Male	Yes	D-7	Primary	198	Scott's House	22.4	-7	2025-09-04T20:50:01Z	1757019001
APS36021	2025-09-01T21:00:01Z	1756760401	32.89932313364591	Basal TC	CP	GP 2	Male	Yes	D-7	Primary	198	Scott's House	22.4	-7	2025-09-04T21:00:01Z	1757019601
APS36021	2025-09-01T21:10:01Z	1756761001	34.409944259772686	Basal TC	CP	GP 2	Male	Yes	D-7	Primary	198	Scott's House	22.4	-7	2025-09-04T21:10:01Z	1757020201
APS36021	2025-09-01T21:20:01Z	1756761601	33.906403884397086	Basal TC	CP	GP 2	Male	Yes	D-7	Primary	198	Scott's House	22.4	-7	2025-09-04T21:20:01Z	1757020801
APS36021	2025-09-01T21:30:01Z	1756762201	32.89932313364591	Basal TC	CP	GP 2	Male	Yes	D-7	Primary	198	Scott's House	22.4	-7	2025-09-04T21:30:01Z	1757021401
APS36021	2025-09-01T21:40:01Z	1756762801	32.89932313364591	Basal TC	CP	GP 2	Male	Yes	D-7	Primary	198	Scott's House	22.4	-7	2025-09-04T21:40:01Z	1757022001
APS36021	2025-09-01T21:50:01Z	1756763401	32.89932313364591	Basal TC	CP	GP 2	Male	Yes	D-7	Primary	198	Scott's House	22.4	-7	2025-09-04T21:50:01Z	1757022601
APS36021	2025-09-01T22:00:01Z	1756764001	32.89932313364591	Basal TC	CP	GP 2	Male	Yes	D-7	Primary	198	Scott's House	22.4	-7	2025-09-04T22:00:01Z	1757023201
APS36021	2025-09-01T22:10:01Z	1756764601	32.39578275827031	Basal TC	CP	GP 2	Male	Yes	D-7	Primary	198	Scott's House	22.4	-7	2025-09-04T22:10:01Z	1757023801
APS36021	2025-09-01T22:20:01Z	1756765201	32.89932313364591	Basal TC	CP	GP 2	Male	Yes	D-7	Primary	198	Scott's House	22.4	-7	2025-09-04T22:20:01Z	1757024401
APS36021	2025-09-01T22:30:01Z	1756765801	32.39578275827031	Basal TC	CP	GP 2	Male	Yes	D-7	Primary	198	Scott's House	22.4	-7	2025-09-04T22:30:01Z	1757025001
APS36021	2025-09-01T22:40:01Z	1756766401	32.39578275827031	Basal TC	CP	GP 2	Male	Yes	D-7	Primary	198	Scott's House	22.4	-7	2025-09-04T22:40:01Z	1757025601
APS36021	2025-09-01T22:50:01Z	1756767001	33.40286350902149	Basal TC	CP	GP 2	Male	Yes	D-7	Primary	198	Scott's House	22.4	-7	2025-09-04T22:50:01Z	1757026201
APS36021	2025-09-01T23:00:01Z	1756767601	33.40286350902149	Basal TC	CP	GP 2	Male	Yes	D-7	Primary	198	Scott's House	22.4	-7	2025-09-04T23:00:01Z	1757026801
APS36021	2025-09-01T23:10:01Z	1756768201	32.89932313364591	Basal TC	CP	GP 2	Male	Yes	D-7	Primary	198	Scott's House	22.4	-7	2025-09-04T23:10:01Z	1757027401
APS36021	2025-09-01T23:20:01Z	1756768801	32.89932313364591	Basal TC	CP	GP 2	Male	Yes	D-7	Primary	198	Scott's House	22.4	-7	2025-09-04T23:20:01Z	1757028001
APS36021	2025-09-01T23:30:01Z	1756769401	32.89932313364591	Basal TC	CP	GP 2	Male	Yes	D-7	Primary	198	Scott's House	22.4	-7	2025-09-04T23:30:01Z	1757028601
APS36021	2025-09-01T23:40:01Z	1756770001	32.89932313364591	Basal TC	CP	GP 2	Male	Yes	D-7	Primary	198	Scott's House	22.4	-7	2025-09-04T23:40:01Z	1757029201
APS36021	2025-09-01T23:50:01Z	1756770601	31.892242382894718	Basal TC	CP	GP 2	Male	Yes	D-7	Primary	198	Scott's House	22.4	-7	2025-09-04T23:50:01Z	1757029801
APS36021	2025-09-02T00:00:01Z	1756771201	31.388702007519125	Basal TC	CP	GP 2	Male	Yes	D-7	Primary	198	Scott's House	22.4	-7	2025-09-05T00:00:01Z	1757030401
APS36021	2025-09-02T00:10:01Z	1756771801	31.892242382894718	Basal TC	CP	GP 2	Male	Yes	D-7	Primary	198	Scott's House	22.4	-7	2025-09-05T00:10:01Z	1757031001
APS36021	2025-09-02T00:20:01Z	1756772401	32.89932313364591	Basal TC	CP	GP 2	Male	Yes	D-7	Primary	198	Scott's House	22.4	-7	2025-09-05T00:20:01Z	1757031601
APS36021	2025-09-02T00:30:01Z	1756773001	32.89932313364591	Basal TC	CP	GP 2	Male	Yes	D-7	Primary	198	Scott's House	22.4	-7	2025-09-05T00:30:01Z	1757032201
APS36021	2025-09-02T00:40:01Z	1756773601	32.39578275827031	Basal TC	CP	GP 2	Male	Yes	D-7	Primary	198	Scott's House	22.4	-7	2025-09-05T00:40:01Z	1757032801
APS36021	2025-09-02T00:50:01Z	1756774201	31.892242382894718	Basal TC	CP	GP 2	Male	Yes	D-7	Primary	198	Scott's House	22.4	-7	2025-09-05T00:50:01Z	1757033401
APS36021	2025-09-02T01:00:01Z	1756774801	31.892242382894718	Basal TC	CP	GP 2	Male	Yes	D-7	Primary	198	Scott's House	22.4	-7	2025-09-05T01:00:01Z	1757034001
APS36021	2025-09-02T01:10:01Z	1756775401	31.892242382894718	Basal TC	CP	GP 2	Male	Yes	D-7	Primary	198	Scott's House	22.4	-7	2025-09-05T01:10:01Z	1757034601
APS36021	2025-09-02T01:20:01Z	1756776001	31.388702007519125	Basal TC	CP	GP 2	Male	Yes	D-7	Primary	198	Scott's House	22.4	-7	2025-09-05T01:20:01Z	1757035201
APS36021	2025-09-02T01:30:01Z	1756776601	30.885161632143532	Basal TC	CP	GP 2	Male	Yes	D-7	Primary	198	Scott's House	22.4	-7	2025-09-05T01:30:01Z	1757035801
APS36021	2025-09-02T01:40:01Z	1756777201	31.388702007519125	Basal TC	CP	GP 2	Male	Yes	D-7	Primary	198	Scott's House	22.4	-7	2025-09-05T01:40:01Z	1757036401
APS36021	2025-09-02T01:50:01Z	1756777801	30.885161632143532	Basal TC	CP	GP 2	Male	Yes	D-7	Primary	198	Scott's House	22.4	-7	2025-09-05T01:50:01Z	1757037001
APS36021	2025-09-02T02:00:01Z	1756778401	29.374540506016753	Basal TC	CP	GP 2	Male	Yes	D-7	Primary	198	Scott's House	22.4	-7	2025-09-05T02:00:01Z	1757037601
APS36021	2025-09-02T02:10:01Z	1756779001	29.878080881392343	Basal TC	CP	GP 2	Male	Yes	D-7	Primary	198	Scott's House	22.4	-7	2025-09-05T02:10:01Z	1757038201
APS36021	2025-09-02T02:20:01Z	1756779601	30.381621256767936	Basal TC	CP	GP 2	Male	Yes	D-7	Primary	198	Scott's House	22.4	-7	2025-09-05T02:20:01Z	1757038801
APS36021	2025-09-02T02:30:01Z	1756780201	30.885161632143532	Basal TC	CP	GP 2	Male	Yes	D-7	Primary	198	Scott's House	22.4	-7	2025-09-05T02:30:01Z	1757039401
APS36021	2025-09-02T02:40:01Z	1756780801	31.388702007519125	Basal TC	CP	GP 2	Male	Yes	D-7	Primary	198	Scott's House	22.4	-7	2025-09-05T02:40:01Z	1757040001
APS36021	2025-09-02T02:50:01Z	1756781401	31.892242382894718	Basal TC	CP	GP 2	Male	Yes	D-7	Primary	198	Scott's House	22.4	-7	2025-09-05T02:50:01Z	1757040601
APS36021	2025-09-02T03:00:01Z	1756782001	30.381621256767936	Basal TC	CP	GP 2	Male	Yes	D-7	Primary	198	Scott's House	22.4	-7	2025-09-05T03:00:01Z	1757041201
APS36021	2025-09-02T03:10:01Z	1756782601	27.360379004514378	Basal TC	CP	GP 2	Male	Yes	D-7	Primary	198	Scott's House	22.4	-7	2025-09-05T03:10:01Z	1757041801
APS36021	2025-09-02T03:20:01Z	1756783201	24.842677127636414	Basal TC	CP	GP 2	Male	Yes	D-7	Primary	198	Scott's House	22.4	-7	2025-09-05T03:20:01Z	1757042401
APS36021	2025-09-02T03:30:01Z	1756783801	22.82851562613404	Basal TC	CP	GP 2	Male	Yes	D-7	Primary	198	Scott's House	22.4	-7	2025-09-05T03:30:01Z	1757043001
APS36021	2025-09-02T03:40:01Z	1756784401	21.82143487538285	Basal TC	CP	GP 2	Male	Yes	D-7	Primary	198	Scott's House	22.4	-7	2025-09-05T03:40:01Z	1757043601
APS36021	2025-09-02T03:50:01Z	1756785001	19.807273373880477	Basal TC	CP	GP 2	Male	Yes	D-7	Primary	198	Scott's House	22.4	-7	2025-09-05T03:50:01Z	1757044201
APS36021	2025-09-02T04:00:01Z	1756785601	18.2966522477537	Basal TC	CP	GP 2	Male	Yes	D-7	Primary	198	Scott's House	22.4	-7	2025-09-05T04:00:01Z	1757044801
APS36021	2025-09-02T04:10:01Z	1756786201	17.289571497002513	Basal TC	CP	GP 2	Male	Yes	D-7	Primary	198	Scott's House	22.4	-7	2025-09-05T04:10:01Z	1757045401
APS36021	2025-09-02T04:20:01Z	1756786801	16.78603112162692	Basal TC	CP	GP 2	Male	Yes	D-7	Primary	198	Scott's House	22.4	-7	2025-09-05T04:20:01Z	1757046001
APS36021	2025-09-02T04:30:01Z	1756787401	16.282490746251327	Basal TC	CP	GP 2	Male	Yes	D-7	Primary	198	Scott's House	22.4	-7	2025-09-05T04:30:01Z	1757046601
APS36021	2025-09-02T04:40:01Z	1756788001	15.77895037087573	Basal TC	CP	GP 2	Male	Yes	D-7	Primary	198	Scott's House	22.4	-7	2025-09-05T04:40:01Z	1757047201
APS36021	2025-09-02T04:50:01Z	1756788601	15.77895037087573	Basal TC	CP	GP 2	Male	Yes	D-7	Primary	198	Scott's House	22.4	-7	2025-09-05T04:50:01Z	1757047801
APS36021	2025-09-02T05:00:01Z	1756789201	15.77895037087573	Basal TC	CP	GP 2	Male	Yes	D-7	Primary	198	Scott's House	22.4	-7	2025-09-05T05:00:01Z	1757048401
APS36021	2025-09-02T05:10:01Z	1756789801	15.275409995500137	Basal TC	CP	GP 2	Male	Yes	D-7	Primary	198	Scott's House	22.4	-7	2025-09-05T05:10:01Z	1757049001
APS36021	2025-09-02T05:20:01Z	1756790401	15.275409995500137	Basal TC	CP	GP 2	Male	Yes	D-7	Primary	198	Scott's House	22.4	-7	2025-09-05T05:20:01Z	1757049601
APS36021	2025-09-02T05:30:01Z	1756791001	15.275409995500137	Basal TC	CP	GP 2	Male	Yes	D-7	Primary	198	Scott's House	22.4	-7	2025-09-05T05:30:01Z	1757050201
APS36021	2025-09-02T05:40:01Z	1756791601	15.275409995500137	Basal TC	CP	GP 2	Male	Yes	D-7	Primary	198	Scott's House	22.4	-7	2025-09-05T05:40:01Z	1757050801
APS36021	2025-09-02T05:50:01Z	1756792201	15.275409995500137	Basal TC	CP	GP 2	Male	Yes	D-7	Primary	198	Scott's House	22.4	-7	2025-09-05T05:50:01Z	1757051401
APS36021	2025-09-02T06:00:01Z	1756792801	15.275409995500137	Basal TC	CP	GP 2	Male	Yes	D-7	Primary	198	Scott's House	22.4	-7	2025-09-05T06:00:01Z	1757052001
APS36021	2025-09-02T06:10:01Z	1756793401	15.275409995500137	Basal TC	CP	GP 2	Male	Yes	D-7	Primary	198	Scott's House	22.4	-7	2025-09-05T06:10:01Z	1757052601
APS36021	2025-09-02T06:20:01Z	1756794001	15.275409995500137	Basal TC	CP	GP 2	Male	Yes	D-7	Primary	198	Scott's House	22.4	-7	2025-09-05T06:20:01Z	1757053201
APS36021	2025-09-02T06:30:01Z	1756794601	15.275409995500137	Basal TC	CP	GP 2	Male	Yes	D-7	Primary	198	Scott's House	22.4	-7	2025-09-05T06:30:01Z	1757053801
APS36021	2025-09-02T06:40:01Z	1756795201	14.771869620124544	Basal TC	CP	GP 2	Male	Yes	D-7	Primary	198	Scott's House	22.4	-7	2025-09-05T06:40:01Z	1757054401
APS36021	2025-09-02T06:50:01Z	1756795801	14.771869620124544	Basal TC	CP	GP 2	Male	Yes	D-7	Primary	198	Scott's House	22.4	-7	2025-09-05T06:50:01Z	1757055001
APS36021	2025-09-02T07:00:01Z	1756796401	14.771869620124544	Basal TC	CP	GP 2	Male	Yes	D-7	Primary	198	Scott's House	22.4	-7	2025-09-05T07:00:01Z	1757055601
APS36021	2025-09-02T07:10:01Z	1756797001	14.771869620124544	Basal TC	CP	GP 2	Male	Yes	D-7	Primary	198	Scott's House	22.4	-7	2025-09-05T07:10:01Z	1757056201
APS36021	2025-09-02T07:20:01Z	1756797601	14.771869620124544	Basal TC	CP	GP 2	Male	Yes	D-7	Primary	198	Scott's House	22.4	-7	2025-09-05T07:20:01Z	1757056801
APS36021	2025-09-02T07:30:01Z	1756798201	14.771869620124544	Basal TC	CP	GP 2	Male	Yes	D-7	Primary	198	Scott's House	22.4	-7	2025-09-05T07:30:01Z	1757057401
APS36021	2025-09-02T07:40:01Z	1756798801	14.771869620124544	Basal TC	CP	GP 2	Male	Yes	D-7	Primary	198	Scott's House	22.4	-7	2025-09-05T07:40:01Z	1757058001
APS36021	2025-09-02T07:50:01Z	1756799401	14.771869620124544	Basal TC	CP	GP 2	Male	Yes	D-7	Primary	198	Scott's House	22.4	-7	2025-09-05T07:50:01Z	1757058601
APS36021	2025-09-02T08:00:01Z	1756800001	14.771869620124544	Basal TC	CP	GP 2	Male	Yes	D-7	Primary	198	Scott's House	22.4	-7	2025-09-05T08:00:01Z	1757059201
APS36021	2025-09-02T08:10:01Z	1756800601	14.771869620124544	Basal TC	CP	GP 2	Male	Yes	D-7	Primary	198	Scott's House	22.4	-7	2025-09-05T08:10:01Z	1757059801
APS36021	2025-09-02T08:20:01Z	1756801201	14.771869620124544	Basal TC	CP	GP 2	Male	Yes	D-7	Primary	198	Scott's House	22.4	-7	2025-09-05T08:20:01Z	1757060401
APS36021	2025-09-02T08:30:01Z	1756801801	14.771869620124544	Basal TC	CP	GP 2	Male	Yes	D-7	Primary	198	Scott's House	22.4	-7	2025-09-05T08:30:01Z	1757061001
APS36021	2025-09-02T08:40:01Z	1756802401	14.771869620124544	Basal TC	CP	GP 2	Male	Yes	D-7	Primary	198	Scott's House	22.4	-7	2025-09-05T08:40:01Z	1757061601
APS36021	2025-09-02T08:50:01Z	1756803001	14.771869620124544	Basal TC	CP	GP 2	Male	Yes	D-7	Primary	198	Scott's House	22.4	-7	2025-09-05T08:50:01Z	1757062201
APS36021	2025-09-02T09:00:01Z	1756803601	14.771869620124544	Basal TC	CP	GP 2	Male	Yes	D-7	Primary	198	Scott's House	22.4	-7	2025-09-05T09:00:01Z	1757062801
APS36021	2025-09-02T09:10:01Z	1756804201	14.771869620124544	Basal TC	CP	GP 2	Male	Yes	D-7	Primary	198	Scott's House	22.4	-7	2025-09-05T09:10:01Z	1757063401
APS36021	2025-09-02T09:20:01Z	1756804801	15.275409995500137	Basal TC	CP	GP 2	Male	Yes	D-7	Primary	198	Scott's House	22.4	-7	2025-09-05T09:20:01Z	1757064001
APS36021	2025-09-02T09:30:01Z	1756805401	15.275409995500137	Basal TC	CP	GP 2	Male	Yes	D-7	Primary	198	Scott's House	22.4	-7	2025-09-05T09:30:01Z	1757064601
APS36021	2025-09-02T09:40:01Z	1756806001	15.275409995500137	Basal TC	CP	GP 2	Male	Yes	D-7	Primary	198	Scott's House	22.4	-7	2025-09-05T09:40:01Z	1757065201
APS36021	2025-09-02T09:50:01Z	1756806601	15.275409995500137	Basal TC	CP	GP 2	Male	Yes	D-7	Primary	198	Scott's House	22.4	-7	2025-09-05T09:50:01Z	1757065801
APS36021	2025-09-02T10:00:01Z	1756807201	15.275409995500137	Basal TC	CP	GP 2	Male	Yes	D-7	Primary	198	Scott's House	22.4	-7	2025-09-05T10:00:01Z	1757066401
APS36021	2025-09-02T10:10:01Z	1756807801	15.77895037087573	Basal TC	CP	GP 2	Male	Yes	D-7	Primary	198	Scott's House	22.4	-7	2025-09-05T10:10:01Z	1757067001
APS36021	2025-09-02T10:20:01Z	1756808401	20.310813749256074	Basal TC	CP	GP 2	Male	Yes	D-7	Primary	198	Scott's House	22.4	-7	2025-09-05T10:20:01Z	1757067601
APS36021	2025-09-02T10:30:01Z	1756809001	27.86391937988997	Basal TC	CP	GP 2	Male	Yes	D-7	Primary	198	Scott's House	22.4	-7	2025-09-05T10:30:01Z	1757068201
APS36021	2025-09-02T10:40:01Z	1756809601	31.388702007519125	Basal TC	CP	GP 2	Male	Yes	D-7	Primary	198	Scott's House	22.4	-7	2025-09-05T10:40:01Z	1757068801
APS36021	2025-09-02T10:50:01Z	1756810201	31.892242382894718	Basal TC	CP	GP 2	Male	Yes	D-7	Primary	198	Scott's House	22.4	-7	2025-09-05T10:50:01Z	1757069401
APS36021	2025-09-02T11:00:01Z	1756810801	33.40286350902149	Basal TC	CP	GP 2	Male	Yes	D-7	Primary	198	Scott's House	22.4	-7	2025-09-05T11:00:01Z	1757070001
APS36021	2025-09-02T11:10:01Z	1756811401	32.89932313364591	Basal TC	CP	GP 2	Male	Yes	D-7	Primary	198	Scott's House	22.4	-7	2025-09-05T11:10:01Z	1757070601
APS36021	2025-09-02T11:20:01Z	1756812001	33.40286350902149	Basal TC	CP	GP 2	Male	Yes	D-7	Primary	198	Scott's House	22.4	-7	2025-09-05T11:20:01Z	1757071201
APS36021	2025-09-02T11:30:01Z	1756812601	32.89932313364591	Basal TC	CP	GP 2	Male	Yes	D-7	Primary	198	Scott's House	22.4	-7	2025-09-05T11:30:01Z	1757071801
APS36021	2025-09-02T11:40:01Z	1756813201	32.89932313364591	Basal TC	CP	GP 2	Male	Yes	D-7	Primary	198	Scott's House	22.4	-7	2025-09-05T11:40:01Z	1757072401
APS36021	2025-09-02T11:50:01Z	1756813801	32.89932313364591	Basal TC	CP	GP 2	Male	Yes	D-7	Primary	198	Scott's House	22.4	-7	2025-09-05T11:50:01Z	1757073001
APS36021	2025-09-02T12:00:01Z	1756814401	32.89932313364591	Basal TC	CP	GP 2	Male	Yes	D-7	Primary	198	Scott's House	22.4	-7	2025-09-05T12:00:01Z	1757073601
APS36021	2025-09-02T12:10:01Z	1756815001	33.40286350902149	Basal TC	CP	GP 2	Male	Yes	D-7	Primary	198	Scott's House	22.4	-7	2025-09-05T12:10:01Z	1757074201
APS36021	2025-09-02T12:20:01Z	1756815601	33.40286350902149	Basal TC	CP	GP 2	Male	Yes	D-7	Primary	198	Scott's House	22.4	-7	2025-09-05T12:20:01Z	1757074801
APS36021	2025-09-02T12:30:01Z	1756816201	32.89932313364591	Basal TC	CP	GP 2	Male	Yes	D-7	Primary	198	Scott's House	22.4	-7	2025-09-05T12:30:01Z	1757075401
APS36021	2025-09-02T12:40:01Z	1756816801	32.89932313364591	Basal TC	CP	GP 2	Male	Yes	D-7	Primary	198	Scott's House	22.4	-7	2025-09-05T12:40:01Z	1757076001
APS36021	2025-09-02T12:50:01Z	1756817401	32.39578275827031	Basal TC	CP	GP 2	Male	Yes	D-7	Primary	198	Scott's House	22.4	-7	2025-09-05T12:50:01Z	1757076601
APS36021	2025-09-02T13:00:01Z	1756818001	32.39578275827031	Basal TC	CP	GP 2	Male	Yes	D-7	Primary	198	Scott's House	22.4	-7	2025-09-05T13:00:01Z	1757077201
APS36021	2025-09-02T13:10:01Z	1756818601	32.39578275827031	Basal TC	CP	GP 2	Male	Yes	D-7	Primary	198	Scott's House	22.4	-7	2025-09-05T13:10:01Z	1757077801
APS36021	2025-09-02T13:20:01Z	1756819201	32.89932313364591	Basal TC	CP	GP 2	Male	Yes	D-7	Primary	198	Scott's House	22.4	-7	2025-09-05T13:20:01Z	1757078401
APS36021	2025-09-02T13:30:01Z	1756819801	32.89932313364591	Basal TC	CP	GP 2	Male	Yes	D-7	Primary	198	Scott's House	22.4	-7	2025-09-05T13:30:01Z	1757079001
APS36021	2025-09-02T13:40:01Z	1756820401	32.89932313364591	Basal TC	CP	GP 2	Male	Yes	D-7	Primary	198	Scott's House	22.4	-7	2025-09-05T13:40:01Z	1757079601
APS36021	2025-09-02T13:50:01Z	1756821001	32.89932313364591	Basal TC	CP	GP 2	Male	Yes	D-7	Primary	198	Scott's House	22.4	-7	2025-09-05T13:50:01Z	1757080201
APS36026	2025-09-01T14:00:01Z	1756735201	35.436910918928135	Basal TC	CP	GP 2	Female	Yes	D-7	Primary	197	Old Danville Highway Barn	22.3	-7	2025-09-04T14:00:01Z	1756994401
APS36026	2025-09-01T14:10:01Z	1756735801	35.92952512816143	Basal TC	CP	GP 2	Female	Yes	D-7	Primary	197	Old Danville Highway Barn	22.3	-7	2025-09-04T14:10:01Z	1756995001
APS36026	2025-09-01T14:20:01Z	1756736401	35.92952512816143	Basal TC	CP	GP 2	Female	Yes	D-7	Primary	197	Old Danville Highway Barn	22.3	-7	2025-09-04T14:20:01Z	1756995601
APS36026	2025-09-01T14:30:01Z	1756737001	35.436910918928135	Basal TC	CP	GP 2	Female	Yes	D-7	Primary	197	Old Danville Highway Barn	22.3	-7	2025-09-04T14:30:01Z	1756996201
APS36026	2025-09-01T14:40:01Z	1756737601	35.436910918928135	Basal TC	CP	GP 2	Female	Yes	D-7	Primary	197	Old Danville Highway Barn	22.3	-7	2025-09-04T14:40:01Z	1756996801
APS36026	2025-09-01T14:50:01Z	1756738201	33.46645408199492	Basal TC	CP	GP 2	Female	Yes	D-7	Primary	197	Old Danville Highway Barn	22.3	-7	2025-09-04T14:50:01Z	1756997401
APS36026	2025-09-01T15:00:01Z	1756738801	35.92952512816143	Basal TC	CP	GP 2	Female	Yes	D-7	Primary	197	Old Danville Highway Barn	22.3	-7	2025-09-04T15:00:01Z	1756998001
APS36026	2025-09-01T15:10:01Z	1756739401	35.92952512816143	Basal TC	CP	GP 2	Female	Yes	D-7	Primary	197	Old Danville Highway Barn	22.3	-7	2025-09-04T15:10:01Z	1756998601
APS36026	2025-09-01T15:20:01Z	1756740001	35.436910918928135	Basal TC	CP	GP 2	Female	Yes	D-7	Primary	197	Old Danville Highway Barn	22.3	-7	2025-09-04T15:20:01Z	1756999201
APS36026	2025-09-01T15:30:01Z	1756740601	34.94429670969483	Basal TC	CP	GP 2	Female	Yes	D-7	Primary	197	Old Danville Highway Barn	22.3	-7	2025-09-04T15:30:01Z	1756999801
APS36026	2025-09-01T15:40:01Z	1756741201	34.94429670969483	Basal TC	CP	GP 2	Female	Yes	D-7	Primary	197	Old Danville Highway Barn	22.3	-7	2025-09-04T15:40:01Z	1757000401
APS36026	2025-09-01T15:50:01Z	1756741801	36.42213933739474	Basal TC	CP	GP 2	Female	Yes	D-7	Primary	197	Old Danville Highway Barn	22.3	-7	2025-09-04T15:50:01Z	1757001001
APS36026	2025-09-01T16:00:01Z	1756742401	36.42213933739474	Basal TC	CP	GP 2	Female	Yes	D-7	Primary	197	Old Danville Highway Barn	22.3	-7	2025-09-04T16:00:01Z	1757001601
APS36026	2025-09-01T16:10:01Z	1756743001	34.45168250046152	Basal TC	CP	GP 2	Female	Yes	D-7	Primary	197	Old Danville Highway Barn	22.3	-7	2025-09-04T16:10:01Z	1757002201
APS36026	2025-09-01T16:20:01Z	1756743601	33.46645408199492	Basal TC	CP	GP 2	Female	Yes	D-7	Primary	197	Old Danville Highway Barn	22.3	-7	2025-09-04T16:20:01Z	1757002801
APS36026	2025-09-01T16:30:01Z	1756744201	33.46645408199492	Basal TC	CP	GP 2	Female	Yes	D-7	Primary	197	Old Danville Highway Barn	22.3	-7	2025-09-04T16:30:01Z	1757003401
APS36026	2025-09-01T16:40:01Z	1756744801	32.973839872761616	Basal TC	CP	GP 2	Female	Yes	D-7	Primary	197	Old Danville Highway Barn	22.3	-7	2025-09-04T16:40:01Z	1757004001
APS36026	2025-09-01T16:50:01Z	1756745401	33.46645408199492	Basal TC	CP	GP 2	Female	Yes	D-7	Primary	197	Old Danville Highway Barn	22.3	-7	2025-09-04T16:50:01Z	1757004601
APS36026	2025-09-01T17:00:01Z	1756746001	32.973839872761616	Basal TC	CP	GP 2	Female	Yes	D-7	Primary	197	Old Danville Highway Barn	22.3	-7	2025-09-04T17:00:01Z	1757005201
APS36026	2025-09-01T17:10:01Z	1756746601	32.48122566352831	Basal TC	CP	GP 2	Female	Yes	D-7	Primary	197	Old Danville Highway Barn	22.3	-7	2025-09-04T17:10:01Z	1757005801
APS36026	2025-09-01T17:20:01Z	1756747201	33.46645408199492	Basal TC	CP	GP 2	Female	Yes	D-7	Primary	197	Old Danville Highway Barn	22.3	-7	2025-09-04T17:20:01Z	1757006401
APS36026	2025-09-01T17:30:01Z	1756747801	34.45168250046152	Basal TC	CP	GP 2	Female	Yes	D-7	Primary	197	Old Danville Highway Barn	22.3	-7	2025-09-04T17:30:01Z	1757007001
APS36026	2025-09-01T17:40:01Z	1756748401	34.94429670969483	Basal TC	CP	GP 2	Female	Yes	D-7	Primary	197	Old Danville Highway Barn	22.3	-7	2025-09-04T17:40:01Z	1757007601
APS36026	2025-09-01T17:50:01Z	1756749001	34.94429670969483	Basal TC	CP	GP 2	Female	Yes	D-7	Primary	197	Old Danville Highway Barn	22.3	-7	2025-09-04T17:50:01Z	1757008201
APS36026	2025-09-01T18:00:01Z	1756749601	35.436910918928135	Basal TC	CP	GP 2	Female	Yes	D-7	Primary	197	Old Danville Highway Barn	22.3	-7	2025-09-04T18:00:01Z	1757008801
APS36026	2025-09-01T18:10:01Z	1756750201	33.95906829122822	Basal TC	CP	GP 2	Female	Yes	D-7	Primary	197	Old Danville Highway Barn	22.3	-7	2025-09-04T18:10:01Z	1757009401
APS36026	2025-09-01T18:20:01Z	1756750801	32.48122566352831	Basal TC	CP	GP 2	Female	Yes	D-7	Primary	197	Old Danville Highway Barn	22.3	-7	2025-09-04T18:20:01Z	1757010001
APS36026	2025-09-01T18:30:01Z	1756751401	32.48122566352831	Basal TC	CP	GP 2	Female	Yes	D-7	Primary	197	Old Danville Highway Barn	22.3	-7	2025-09-04T18:30:01Z	1757010601
APS36026	2025-09-01T18:40:01Z	1756752001	32.48122566352831	Basal TC	CP	GP 2	Female	Yes	D-7	Primary	197	Old Danville Highway Barn	22.3	-7	2025-09-04T18:40:01Z	1757011201
APS36026	2025-09-01T18:50:01Z	1756752601	32.48122566352831	Basal TC	CP	GP 2	Female	Yes	D-7	Primary	197	Old Danville Highway Barn	22.3	-7	2025-09-04T18:50:01Z	1757011801
APS36026	2025-09-01T19:00:01Z	1756753201	32.48122566352831	Basal TC	CP	GP 2	Female	Yes	D-7	Primary	197	Old Danville Highway Barn	22.3	-7	2025-09-04T19:00:01Z	1757012401
APS36026	2025-09-01T19:10:01Z	1756753801	33.95906829122822	Basal TC	CP	GP 2	Female	Yes	D-7	Primary	197	Old Danville Highway Barn	22.3	-7	2025-09-04T19:10:01Z	1757013001
APS36026	2025-09-01T19:20:01Z	1756754401	33.95906829122822	Basal TC	CP	GP 2	Female	Yes	D-7	Primary	197	Old Danville Highway Barn	22.3	-7	2025-09-04T19:20:01Z	1757013601
APS36026	2025-09-01T19:30:01Z	1756755001	32.973839872761616	Basal TC	CP	GP 2	Female	Yes	D-7	Primary	197	Old Danville Highway Barn	22.3	-7	2025-09-04T19:30:01Z	1757014201
APS36026	2025-09-01T19:40:01Z	1756755601	35.436910918928135	Basal TC	CP	GP 2	Female	Yes	D-7	Primary	197	Old Danville Highway Barn	22.3	-7	2025-09-04T19:40:01Z	1757014801
APS36026	2025-09-01T19:50:01Z	1756756201	34.94429670969483	Basal TC	CP	GP 2	Female	Yes	D-7	Primary	197	Old Danville Highway Barn	22.3	-7	2025-09-04T19:50:01Z	1757015401
APS36026	2025-09-01T20:00:01Z	1756756801	34.94429670969483	Basal TC	CP	GP 2	Female	Yes	D-7	Primary	197	Old Danville Highway Barn	22.3	-7	2025-09-04T20:00:01Z	1757016001
APS36026	2025-09-01T20:10:01Z	1756757401	34.45168250046152	Basal TC	CP	GP 2	Female	Yes	D-7	Primary	197	Old Danville Highway Barn	22.3	-7	2025-09-04T20:10:01Z	1757016601
APS36026	2025-09-01T20:20:01Z	1756758001	34.45168250046152	Basal TC	CP	GP 2	Female	Yes	D-7	Primary	197	Old Danville Highway Barn	22.3	-7	2025-09-04T20:20:01Z	1757017201
APS36026	2025-09-01T20:30:01Z	1756758601	31.988611454295008	Basal TC	CP	GP 2	Female	Yes	D-7	Primary	197	Old Danville Highway Barn	22.3	-7	2025-09-04T20:30:01Z	1757017801
APS36026	2025-09-01T20:40:01Z	1756759201	31.988611454295008	Basal TC	CP	GP 2	Female	Yes	D-7	Primary	197	Old Danville Highway Barn	22.3	-7	2025-09-04T20:40:01Z	1757018401
APS36026	2025-09-01T20:50:01Z	1756759801	31.988611454295008	Basal TC	CP	GP 2	Female	Yes	D-7	Primary	197	Old Danville Highway Barn	22.3	-7	2025-09-04T20:50:01Z	1757019001
APS36026	2025-09-01T21:00:01Z	1756760401	32.48122566352831	Basal TC	CP	GP 2	Female	Yes	D-7	Primary	197	Old Danville Highway Barn	22.3	-7	2025-09-04T21:00:01Z	1757019601
APS36026	2025-09-01T21:10:01Z	1756761001	33.46645408199492	Basal TC	CP	GP 2	Female	Yes	D-7	Primary	197	Old Danville Highway Barn	22.3	-7	2025-09-04T21:10:01Z	1757020201
APS36026	2025-09-01T21:20:01Z	1756761601	32.973839872761616	Basal TC	CP	GP 2	Female	Yes	D-7	Primary	197	Old Danville Highway Barn	22.3	-7	2025-09-04T21:20:01Z	1757020801
APS36026	2025-09-01T21:30:01Z	1756762201	35.436910918928135	Basal TC	CP	GP 2	Female	Yes	D-7	Primary	197	Old Danville Highway Barn	22.3	-7	2025-09-04T21:30:01Z	1757021401
APS36026	2025-09-01T21:40:01Z	1756762801	37.407367755861344	Basal TC	CP	GP 2	Female	Yes	D-7	Primary	197	Old Danville Highway Barn	22.3	-7	2025-09-04T21:40:01Z	1757022001
APS36026	2025-09-01T21:50:01Z	1756763401	37.407367755861344	Basal TC	CP	GP 2	Female	Yes	D-7	Primary	197	Old Danville Highway Barn	22.3	-7	2025-09-04T21:50:01Z	1757022601
APS36026	2025-09-01T22:00:01Z	1756764001	34.45168250046152	Basal TC	CP	GP 2	Female	Yes	D-7	Primary	197	Old Danville Highway Barn	22.3	-7	2025-09-04T22:00:01Z	1757023201
APS36026	2025-09-01T22:10:01Z	1756764601	32.973839872761616	Basal TC	CP	GP 2	Female	Yes	D-7	Primary	197	Old Danville Highway Barn	22.3	-7	2025-09-04T22:10:01Z	1757023801
APS36026	2025-09-01T22:20:01Z	1756765201	32.48122566352831	Basal TC	CP	GP 2	Female	Yes	D-7	Primary	197	Old Danville Highway Barn	22.3	-7	2025-09-04T22:20:01Z	1757024401
APS36026	2025-09-01T22:30:01Z	1756765801	33.46645408199492	Basal TC	CP	GP 2	Female	Yes	D-7	Primary	197	Old Danville Highway Barn	22.3	-7	2025-09-04T22:30:01Z	1757025001
APS36026	2025-09-01T22:40:01Z	1756766401	32.973839872761616	Basal TC	CP	GP 2	Female	Yes	D-7	Primary	197	Old Danville Highway Barn	22.3	-7	2025-09-04T22:40:01Z	1757025601
APS36026	2025-09-01T22:50:01Z	1756767001	32.973839872761616	Basal TC	CP	GP 2	Female	Yes	D-7	Primary	197	Old Danville Highway Barn	22.3	-7	2025-09-04T22:50:01Z	1757026201
APS36026	2025-09-01T23:00:01Z	1756767601	32.48122566352831	Basal TC	CP	GP 2	Female	Yes	D-7	Primary	197	Old Danville Highway Barn	22.3	-7	2025-09-04T23:00:01Z	1757026801
APS36026	2025-09-01T23:10:01Z	1756768201	34.45168250046152	Basal TC	CP	GP 2	Female	Yes	D-7	Primary	197	Old Danville Highway Barn	22.3	-7	2025-09-04T23:10:01Z	1757027401
APS36026	2025-09-01T23:20:01Z	1756768801	35.92952512816143	Basal TC	CP	GP 2	Female	Yes	D-7	Primary	197	Old Danville Highway Barn	22.3	-7	2025-09-04T23:20:01Z	1757028001
APS36026	2025-09-01T23:30:01Z	1756769401	34.94429670969483	Basal TC	CP	GP 2	Female	Yes	D-7	Primary	197	Old Danville Highway Barn	22.3	-7	2025-09-04T23:30:01Z	1757028601
APS36026	2025-09-01T23:40:01Z	1756770001	36.91475354662804	Basal TC	CP	GP 2	Female	Yes	D-7	Primary	197	Old Danville Highway Barn	22.3	-7	2025-09-04T23:40:01Z	1757029201
APS36026	2025-09-01T23:50:01Z	1756770601	36.91475354662804	Basal TC	CP	GP 2	Female	Yes	D-7	Primary	197	Old Danville Highway Barn	22.3	-7	2025-09-04T23:50:01Z	1757029801
APS36026	2025-09-02T00:00:01Z	1756771201	36.42213933739474	Basal TC	CP	GP 2	Female	Yes	D-7	Primary	197	Old Danville Highway Barn	22.3	-7	2025-09-05T00:00:01Z	1757030401
APS36026	2025-09-02T00:10:01Z	1756771801	33.46645408199492	Basal TC	CP	GP 2	Female	Yes	D-7	Primary	197	Old Danville Highway Barn	22.3	-7	2025-09-05T00:10:01Z	1757031001
APS36026	2025-09-02T00:20:01Z	1756772401	32.48122566352831	Basal TC	CP	GP 2	Female	Yes	D-7	Primary	197	Old Danville Highway Barn	22.3	-7	2025-09-05T00:20:01Z	1757031601
APS36026	2025-09-02T00:30:01Z	1756773001	34.45168250046152	Basal TC	CP	GP 2	Female	Yes	D-7	Primary	197	Old Danville Highway Barn	22.3	-7	2025-09-05T00:30:01Z	1757032201
APS36026	2025-09-02T00:40:01Z	1756773601	33.95906829122822	Basal TC	CP	GP 2	Female	Yes	D-7	Primary	197	Old Danville Highway Barn	22.3	-7	2025-09-05T00:40:01Z	1757032801
APS36026	2025-09-02T00:50:01Z	1756774201	32.48122566352831	Basal TC	CP	GP 2	Female	Yes	D-7	Primary	197	Old Danville Highway Barn	22.3	-7	2025-09-05T00:50:01Z	1757033401
APS36026	2025-09-02T01:00:01Z	1756774801	31.988611454295008	Basal TC	CP	GP 2	Female	Yes	D-7	Primary	197	Old Danville Highway Barn	22.3	-7	2025-09-05T01:00:01Z	1757034001
APS36026	2025-09-02T01:10:01Z	1756775401	32.48122566352831	Basal TC	CP	GP 2	Female	Yes	D-7	Primary	197	Old Danville Highway Barn	22.3	-7	2025-09-05T01:10:01Z	1757034601
APS36026	2025-09-02T01:20:01Z	1756776001	30.510768826595097	Basal TC	CP	GP 2	Female	Yes	D-7	Primary	197	Old Danville Highway Barn	22.3	-7	2025-09-05T01:20:01Z	1757035201
APS36026	2025-09-02T01:30:01Z	1756776601	29.525540408128492	Basal TC	CP	GP 2	Female	Yes	D-7	Primary	197	Old Danville Highway Barn	22.3	-7	2025-09-05T01:30:01Z	1757035801
APS36026	2025-09-02T01:40:01Z	1756777201	29.032926198895186	Basal TC	CP	GP 2	Female	Yes	D-7	Primary	197	Old Danville Highway Barn	22.3	-7	2025-09-05T01:40:01Z	1757036401
APS36026	2025-09-02T01:50:01Z	1756777801	27.555083571195276	Basal TC	CP	GP 2	Female	Yes	D-7	Primary	197	Old Danville Highway Barn	22.3	-7	2025-09-05T01:50:01Z	1757037001
APS36026	2025-09-02T02:00:01Z	1756778401	27.062469361961977	Basal TC	CP	GP 2	Female	Yes	D-7	Primary	197	Old Danville Highway Barn	22.3	-7	2025-09-05T02:00:01Z	1757037601
APS36026	2025-09-02T02:10:01Z	1756779001	26.077240943495365	Basal TC	CP	GP 2	Female	Yes	D-7	Primary	197	Old Danville Highway Barn	22.3	-7	2025-09-05T02:10:01Z	1757038201
APS36026	2025-09-02T02:20:01Z	1756779601	24.106784106562152	Basal TC	CP	GP 2	Female	Yes	D-7	Primary	197	Old Danville Highway Barn	22.3	-7	2025-09-05T02:20:01Z	1757038801
APS36026	2025-09-02T02:30:01Z	1756780201	24.599398315795455	Basal TC	CP	GP 2	Female	Yes	D-7	Primary	197	Old Danville Highway Barn	22.3	-7	2025-09-05T02:30:01Z	1757039401
APS36026	2025-09-02T02:40:01Z	1756780801	23.121555688095544	Basal TC	CP	GP 2	Female	Yes	D-7	Primary	197	Old Danville Highway Barn	22.3	-7	2025-09-05T02:40:01Z	1757040001
APS36026	2025-09-02T02:50:01Z	1756781401	22.62894147886224	Basal TC	CP	GP 2	Female	Yes	D-7	Primary	197	Old Danville Highway Barn	22.3	-7	2025-09-05T02:50:01Z	1757040601
APS36026	2025-09-02T03:00:01Z	1756782001	21.643713060395637	Basal TC	CP	GP 2	Female	Yes	D-7	Primary	197	Old Danville Highway Barn	22.3	-7	2025-09-05T03:00:01Z	1757041201
APS36026	2025-09-02T03:10:01Z	1756782601	21.643713060395637	Basal TC	CP	GP 2	Female	Yes	D-7	Primary	197	Old Danville Highway Barn	22.3	-7	2025-09-05T03:10:01Z	1757041801
APS36026	2025-09-02T03:20:01Z	1756783201	21.15109885116233	Basal TC	CP	GP 2	Female	Yes	D-7	Primary	197	Old Danville Highway Barn	22.3	-7	2025-09-05T03:20:01Z	1757042401
APS36026	2025-09-02T03:30:01Z	1756783801	20.65848464192903	Basal TC	CP	GP 2	Female	Yes	D-7	Primary	197	Old Danville Highway Barn	22.3	-7	2025-09-05T03:30:01Z	1757043001
APS36026	2025-09-02T03:40:01Z	1756784401	19.673256223462417	Basal TC	CP	GP 2	Female	Yes	D-7	Primary	197	Old Danville Highway Barn	22.3	-7	2025-09-05T03:40:01Z	1757043601
APS36026	2025-09-02T03:50:01Z	1756785001	19.180642014229115	Basal TC	CP	GP 2	Female	Yes	D-7	Primary	197	Old Danville Highway Barn	22.3	-7	2025-09-05T03:50:01Z	1757044201
APS36026	2025-09-02T04:00:01Z	1756785601	19.180642014229115	Basal TC	CP	GP 2	Female	Yes	D-7	Primary	197	Old Danville Highway Barn	22.3	-7	2025-09-05T04:00:01Z	1757044801
APS36026	2025-09-02T04:10:01Z	1756786201	18.688027804995812	Basal TC	CP	GP 2	Female	Yes	D-7	Primary	197	Old Danville Highway Barn	22.3	-7	2025-09-05T04:10:01Z	1757045401
APS36026	2025-09-02T04:20:01Z	1756786801	18.688027804995812	Basal TC	CP	GP 2	Female	Yes	D-7	Primary	197	Old Danville Highway Barn	22.3	-7	2025-09-05T04:20:01Z	1757046001
APS36026	2025-09-02T04:30:01Z	1756787401	18.688027804995812	Basal TC	CP	GP 2	Female	Yes	D-7	Primary	197	Old Danville Highway Barn	22.3	-7	2025-09-05T04:30:01Z	1757046601
APS36026	2025-09-02T04:40:01Z	1756788001	18.688027804995812	Basal TC	CP	GP 2	Female	Yes	D-7	Primary	197	Old Danville Highway Barn	22.3	-7	2025-09-05T04:40:01Z	1757047201
APS36026	2025-09-02T04:50:01Z	1756788601	18.195413595762506	Basal TC	CP	GP 2	Female	Yes	D-7	Primary	197	Old Danville Highway Barn	22.3	-7	2025-09-05T04:50:01Z	1757047801
APS36026	2025-09-02T05:00:01Z	1756789201	17.702799386529204	Basal TC	CP	GP 2	Female	Yes	D-7	Primary	197	Old Danville Highway Barn	22.3	-7	2025-09-05T05:00:01Z	1757048401
APS36026	2025-09-02T05:10:01Z	1756789801	17.702799386529204	Basal TC	CP	GP 2	Female	Yes	D-7	Primary	197	Old Danville Highway Barn	22.3	-7	2025-09-05T05:10:01Z	1757049001
APS36026	2025-09-02T05:20:01Z	1756790401	17.2101851772959	Basal TC	CP	GP 2	Female	Yes	D-7	Primary	197	Old Danville Highway Barn	22.3	-7	2025-09-05T05:20:01Z	1757049601
APS36026	2025-09-02T05:30:01Z	1756791001	17.2101851772959	Basal TC	CP	GP 2	Female	Yes	D-7	Primary	197	Old Danville Highway Barn	22.3	-7	2025-09-05T05:30:01Z	1757050201
APS36026	2025-09-02T05:40:01Z	1756791601	17.2101851772959	Basal TC	CP	GP 2	Female	Yes	D-7	Primary	197	Old Danville Highway Barn	22.3	-7	2025-09-05T05:40:01Z	1757050801
APS36026	2025-09-02T05:50:01Z	1756792201	16.717570968062596	Basal TC	CP	GP 2	Female	Yes	D-7	Primary	197	Old Danville Highway Barn	22.3	-7	2025-09-05T05:50:01Z	1757051401
APS36026	2025-09-02T06:00:01Z	1756792801	16.717570968062596	Basal TC	CP	GP 2	Female	Yes	D-7	Primary	197	Old Danville Highway Barn	22.3	-7	2025-09-05T06:00:01Z	1757052001
APS36026	2025-09-02T06:10:01Z	1756793401	16.717570968062596	Basal TC	CP	GP 2	Female	Yes	D-7	Primary	197	Old Danville Highway Barn	22.3	-7	2025-09-05T06:10:01Z	1757052601
APS36026	2025-09-02T06:20:01Z	1756794001	16.224956758829293	Basal TC	CP	GP 2	Female	Yes	D-7	Primary	197	Old Danville Highway Barn	22.3	-7	2025-09-05T06:20:01Z	1757053201
APS36026	2025-09-02T06:30:01Z	1756794601	16.224956758829293	Basal TC	CP	GP 2	Female	Yes	D-7	Primary	197	Old Danville Highway Barn	22.3	-7	2025-09-05T06:30:01Z	1757053801
APS36026	2025-09-02T06:40:01Z	1756795201	16.224956758829293	Basal TC	CP	GP 2	Female	Yes	D-7	Primary	197	Old Danville Highway Barn	22.3	-7	2025-09-05T06:40:01Z	1757054401
APS36026	2025-09-02T06:50:01Z	1756795801	15.732342549595991	Basal TC	CP	GP 2	Female	Yes	D-7	Primary	197	Old Danville Highway Barn	22.3	-7	2025-09-05T06:50:01Z	1757055001
APS36026	2025-09-02T07:00:01Z	1756796401	15.732342549595991	Basal TC	CP	GP 2	Female	Yes	D-7	Primary	197	Old Danville Highway Barn	22.3	-7	2025-09-05T07:00:01Z	1757055601
APS36026	2025-09-02T07:10:01Z	1756797001	15.732342549595991	Basal TC	CP	GP 2	Female	Yes	D-7	Primary	197	Old Danville Highway Barn	22.3	-7	2025-09-05T07:10:01Z	1757056201
APS36026	2025-09-02T07:20:01Z	1756797601	15.732342549595991	Basal TC	CP	GP 2	Female	Yes	D-7	Primary	197	Old Danville Highway Barn	22.3	-7	2025-09-05T07:20:01Z	1757056801
APS36026	2025-09-02T07:30:01Z	1756798201	15.732342549595991	Basal TC	CP	GP 2	Female	Yes	D-7	Primary	197	Old Danville Highway Barn	22.3	-7	2025-09-05T07:30:01Z	1757057401
APS36026	2025-09-02T07:40:01Z	1756798801	15.732342549595991	Basal TC	CP	GP 2	Female	Yes	D-7	Primary	197	Old Danville Highway Barn	22.3	-7	2025-09-05T07:40:01Z	1757058001
APS36026	2025-09-02T07:50:01Z	1756799401	15.239728340362685	Basal TC	CP	GP 2	Female	Yes	D-7	Primary	197	Old Danville Highway Barn	22.3	-7	2025-09-05T07:50:01Z	1757058601
APS36026	2025-09-02T08:00:01Z	1756800001	15.732342549595991	Basal TC	CP	GP 2	Female	Yes	D-7	Primary	197	Old Danville Highway Barn	22.3	-7	2025-09-05T08:00:01Z	1757059201
APS36026	2025-09-02T08:10:01Z	1756800601	15.239728340362685	Basal TC	CP	GP 2	Female	Yes	D-7	Primary	197	Old Danville Highway Barn	22.3	-7	2025-09-05T08:10:01Z	1757059801
APS36026	2025-09-02T08:20:01Z	1756801201	15.239728340362685	Basal TC	CP	GP 2	Female	Yes	D-7	Primary	197	Old Danville Highway Barn	22.3	-7	2025-09-05T08:20:01Z	1757060401
APS36026	2025-09-02T08:30:01Z	1756801801	15.239728340362685	Basal TC	CP	GP 2	Female	Yes	D-7	Primary	197	Old Danville Highway Barn	22.3	-7	2025-09-05T08:30:01Z	1757061001
APS36026	2025-09-02T08:40:01Z	1756802401	15.239728340362685	Basal TC	CP	GP 2	Female	Yes	D-7	Primary	197	Old Danville Highway Barn	22.3	-7	2025-09-05T08:40:01Z	1757061601
APS36026	2025-09-02T08:50:01Z	1756803001	15.239728340362685	Basal TC	CP	GP 2	Female	Yes	D-7	Primary	197	Old Danville Highway Barn	22.3	-7	2025-09-05T08:50:01Z	1757062201
APS36026	2025-09-02T09:00:01Z	1756803601	16.224956758829293	Basal TC	CP	GP 2	Female	Yes	D-7	Primary	197	Old Danville Highway Barn	22.3	-7	2025-09-05T09:00:01Z	1757062801
APS36026	2025-09-02T09:10:01Z	1756804201	17.2101851772959	Basal TC	CP	GP 2	Female	Yes	D-7	Primary	197	Old Danville Highway Barn	22.3	-7	2025-09-05T09:10:01Z	1757063401
APS36026	2025-09-02T09:20:01Z	1756804801	17.2101851772959	Basal TC	CP	GP 2	Female	Yes	D-7	Primary	197	Old Danville Highway Barn	22.3	-7	2025-09-05T09:20:01Z	1757064001
APS36026	2025-09-02T09:30:01Z	1756805401	19.180642014229115	Basal TC	CP	GP 2	Female	Yes	D-7	Primary	197	Old Danville Highway Barn	22.3	-7	2025-09-05T09:30:01Z	1757064601
APS36026	2025-09-02T09:40:01Z	1756806001	24.599398315795455	Basal TC	CP	GP 2	Female	Yes	D-7	Primary	197	Old Danville Highway Barn	22.3	-7	2025-09-05T09:40:01Z	1757065201
APS36026	2025-09-02T09:50:01Z	1756806601	30.510768826595097	Basal TC	CP	GP 2	Female	Yes	D-7	Primary	197	Old Danville Highway Barn	22.3	-7	2025-09-05T09:50:01Z	1757065801
APS36026	2025-09-02T10:00:01Z	1756807201	31.49599724506171	Basal TC	CP	GP 2	Female	Yes	D-7	Primary	197	Old Danville Highway Barn	22.3	-7	2025-09-05T10:00:01Z	1757066401
APS36026	2025-09-02T10:10:01Z	1756807801	31.988611454295008	Basal TC	CP	GP 2	Female	Yes	D-7	Primary	197	Old Danville Highway Barn	22.3	-7	2025-09-05T10:10:01Z	1757067001
APS36026	2025-09-02T10:20:01Z	1756808401	32.48122566352831	Basal TC	CP	GP 2	Female	Yes	D-7	Primary	197	Old Danville Highway Barn	22.3	-7	2025-09-05T10:20:01Z	1757067601
APS36026	2025-09-02T10:30:01Z	1756809001	32.48122566352831	Basal TC	CP	GP 2	Female	Yes	D-7	Primary	197	Old Danville Highway Barn	22.3	-7	2025-09-05T10:30:01Z	1757068201
APS36026	2025-09-02T10:40:01Z	1756809601	32.973839872761616	Basal TC	CP	GP 2	Female	Yes	D-7	Primary	197	Old Danville Highway Barn	22.3	-7	2025-09-05T10:40:01Z	1757068801
APS36026	2025-09-02T10:50:01Z	1756810201	32.973839872761616	Basal TC	CP	GP 2	Female	Yes	D-7	Primary	197	Old Danville Highway Barn	22.3	-7	2025-09-05T10:50:01Z	1757069401
APS36026	2025-09-02T11:00:01Z	1756810801	32.48122566352831	Basal TC	CP	GP 2	Female	Yes	D-7	Primary	197	Old Danville Highway Barn	22.3	-7	2025-09-05T11:00:01Z	1757070001
APS36026	2025-09-02T11:10:01Z	1756811401	33.46645408199492	Basal TC	CP	GP 2	Female	Yes	D-7	Primary	197	Old Danville Highway Barn	22.3	-7	2025-09-05T11:10:01Z	1757070601
APS36026	2025-09-02T11:20:01Z	1756812001	33.95906829122822	Basal TC	CP	GP 2	Female	Yes	D-7	Primary	197	Old Danville Highway Barn	22.3	-7	2025-09-05T11:20:01Z	1757071201
APS36026	2025-09-02T11:30:01Z	1756812601	34.45168250046152	Basal TC	CP	GP 2	Female	Yes	D-7	Primary	197	Old Danville Highway Barn	22.3	-7	2025-09-05T11:30:01Z	1757071801
APS36026	2025-09-02T11:40:01Z	1756813201	34.94429670969483	Basal TC	CP	GP 2	Female	Yes	D-7	Primary	197	Old Danville Highway Barn	22.3	-7	2025-09-05T11:40:01Z	1757072401
APS36026	2025-09-02T11:50:01Z	1756813801	34.94429670969483	Basal TC	CP	GP 2	Female	Yes	D-7	Primary	197	Old Danville Highway Barn	22.3	-7	2025-09-05T11:50:01Z	1757073001
APS36026	2025-09-02T12:00:01Z	1756814401	32.48122566352831	Basal TC	CP	GP 2	Female	Yes	D-7	Primary	197	Old Danville Highway Barn	22.3	-7	2025-09-05T12:00:01Z	1757073601
APS36026	2025-09-02T12:10:01Z	1756815001	32.973839872761616	Basal TC	CP	GP 2	Female	Yes	D-7	Primary	197	Old Danville Highway Barn	22.3	-7	2025-09-05T12:10:01Z	1757074201
APS36026	2025-09-02T12:20:01Z	1756815601	32.48122566352831	Basal TC	CP	GP 2	Female	Yes	D-7	Primary	197	Old Danville Highway Barn	22.3	-7	2025-09-05T12:20:01Z	1757074801
APS36026	2025-09-02T12:30:01Z	1756816201	32.48122566352831	Basal TC	CP	GP 2	Female	Yes	D-7	Primary	197	Old Danville Highway Barn	22.3	-7	2025-09-05T12:30:01Z	1757075401
APS36026	2025-09-02T12:40:01Z	1756816801	32.48122566352831	Basal TC	CP	GP 2	Female	Yes	D-7	Primary	197	Old Danville Highway Barn	22.3	-7	2025-09-05T12:40:01Z	1757076001
APS36026	2025-09-02T12:50:01Z	1756817401	31.988611454295008	Basal TC	CP	GP 2	Female	Yes	D-7	Primary	197	Old Danville Highway Barn	22.3	-7	2025-09-05T12:50:01Z	1757076601
APS36026	2025-09-02T13:00:01Z	1756818001	31.988611454295008	Basal TC	CP	GP 2	Female	Yes	D-7	Primary	197	Old Danville Highway Barn	22.3	-7	2025-09-05T13:00:01Z	1757077201
APS36026	2025-09-02T13:10:01Z	1756818601	33.46645408199492	Basal TC	CP	GP 2	Female	Yes	D-7	Primary	197	Old Danville Highway Barn	22.3	-7	2025-09-05T13:10:01Z	1757077801
APS36026	2025-09-02T13:20:01Z	1756819201	32.973839872761616	Basal TC	CP	GP 2	Female	Yes	D-7	Primary	197	Old Danville Highway Barn	22.3	-7	2025-09-05T13:20:01Z	1757078401
APS36026	2025-09-02T13:30:01Z	1756819801	31.988611454295008	Basal TC	CP	GP 2	Female	Yes	D-7	Primary	197	Old Danville Highway Barn	22.3	-7	2025-09-05T13:30:01Z	1757079001
APS36026	2025-09-02T13:40:01Z	1756820401	31.988611454295008	Basal TC	CP	GP 2	Female	Yes	D-7	Primary	197	Old Danville Highway Barn	22.3	-7	2025-09-05T13:40:01Z	1757079601
APS36026	2025-09-02T13:50:01Z	1756821001	31.988611454295008	Basal TC	CP	GP 2	Female	Yes	D-7	Primary	197	Old Danville Highway Barn	22.3	-7	2025-09-05T13:50:01Z	1757080201
APS36036	2025-09-04T14:00:01Z	1756994401	29.71186148068357	Basal TC	CP+S	GP 1	Female	Yes	D-4	Dual	193	Old Danville Highway Barn	16.9	-4	2025-09-04T14:00:01Z	1756994401
APS36036	2025-09-04T14:10:01Z	1756995001	30.212097295408892	Basal TC	CP+S	GP 1	Female	Yes	D-4	Dual	193	Old Danville Highway Barn	16.9	-4	2025-09-04T14:10:01Z	1756995001
APS36036	2025-09-04T14:20:01Z	1756995601	28.711389851232934	Basal TC	CP+S	GP 1	Female	Yes	D-4	Dual	193	Old Danville Highway Barn	16.9	-4	2025-09-04T14:20:01Z	1756995601
APS36036	2025-09-04T14:30:01Z	1756996201	28.21115403650761	Basal TC	CP+S	GP 1	Female	Yes	D-4	Dual	193	Old Danville Highway Barn	16.9	-4	2025-09-04T14:30:01Z	1756996201
APS36036	2025-09-04T14:40:01Z	1756996801	27.710918221782293	Basal TC	CP+S	GP 1	Female	Yes	D-4	Dual	193	Old Danville Highway Barn	16.9	-4	2025-09-04T14:40:01Z	1756996801
APS36036	2025-09-04T14:50:01Z	1756997401	27.210682407056975	Basal TC	CP+S	GP 1	Female	Yes	D-4	Dual	193	Old Danville Highway Barn	16.9	-4	2025-09-04T14:50:01Z	1756997401
APS36036	2025-09-04T15:00:01Z	1756998001	31.71280473958485	Basal TC	CP+S	GP 1	Female	Yes	D-4	Dual	193	Old Danville Highway Barn	16.9	-4	2025-09-04T15:00:01Z	1756998001
APS36036	2025-09-04T15:10:01Z	1756998601	31.212568924859532	Basal TC	CP+S	GP 1	Female	Yes	D-4	Dual	193	Old Danville Highway Barn	16.9	-4	2025-09-04T15:10:01Z	1756998601
APS36036	2025-09-04T15:20:01Z	1756999201	34.21398381321145	Basal TC	CP+S	GP 1	Female	Yes	D-4	Dual	193	Old Danville Highway Barn	16.9	-4	2025-09-04T15:20:01Z	1756999201
APS36036	2025-09-04T15:30:01Z	1756999801	33.71374799848613	Basal TC	CP+S	GP 1	Female	Yes	D-4	Dual	193	Old Danville Highway Barn	16.9	-4	2025-09-04T15:30:01Z	1756999801
APS36036	2025-09-04T15:40:01Z	1757000401	33.71374799848613	Basal TC	CP+S	GP 1	Female	Yes	D-4	Dual	193	Old Danville Highway Barn	16.9	-4	2025-09-04T15:40:01Z	1757000401
APS36036	2025-09-04T15:50:01Z	1757001001	33.213512183760805	Basal TC	CP+S	GP 1	Female	Yes	D-4	Dual	193	Old Danville Highway Barn	16.9	-4	2025-09-04T15:50:01Z	1757001001
APS36036	2025-09-04T16:00:01Z	1757001601	32.21304055431017	Basal TC	CP+S	GP 1	Female	Yes	D-4	Dual	193	Old Danville Highway Barn	16.9	-4	2025-09-04T16:00:01Z	1757001601
APS36036	2025-09-04T16:10:01Z	1757002201	31.71280473958485	Basal TC	CP+S	GP 1	Female	Yes	D-4	Dual	193	Old Danville Highway Barn	16.9	-4	2025-09-04T16:10:01Z	1757002201
APS36036	2025-09-04T16:20:01Z	1757002801	31.212568924859532	Basal TC	CP+S	GP 1	Female	Yes	D-4	Dual	193	Old Danville Highway Barn	16.9	-4	2025-09-04T16:20:01Z	1757002801
APS36036	2025-09-04T16:30:01Z	1757003401	25.209739148155695	Basal TC	CP+S	GP 1	Female	Yes	D-4	Dual	193	Old Danville Highway Barn	16.9	-4	2025-09-04T16:30:01Z	1757003401
APS36036	2025-09-04T16:40:01Z	1757004001	24.709503333430376	Basal TC	CP+S	GP 1	Female	Yes	D-4	Dual	193	Old Danville Highway Barn	16.9	-4	2025-09-04T16:40:01Z	1757004001
APS36036	2025-09-04T16:50:01Z	1757004601	24.709503333430376	Basal TC	CP+S	GP 1	Female	Yes	D-4	Dual	193	Old Danville Highway Barn	16.9	-4	2025-09-04T16:50:01Z	1757004601
APS36036	2025-09-04T17:00:01Z	1757005201	24.209267518705058	Basal TC	CP+S	GP 1	Female	Yes	D-4	Dual	193	Old Danville Highway Barn	16.9	-4	2025-09-04T17:00:01Z	1757005201
APS36036	2025-09-04T17:10:01Z	1757005801	24.209267518705058	Basal TC	CP+S	GP 1	Female	Yes	D-4	Dual	193	Old Danville Highway Barn	16.9	-4	2025-09-04T17:10:01Z	1757005801
APS36036	2025-09-04T17:20:01Z	1757006401	23.709031703979736	Basal TC	CP+S	GP 1	Female	Yes	D-4	Dual	193	Old Danville Highway Barn	16.9	-4	2025-09-04T17:20:01Z	1757006401
APS36036	2025-09-04T17:30:01Z	1757007001	23.709031703979736	Basal TC	CP+S	GP 1	Female	Yes	D-4	Dual	193	Old Danville Highway Barn	16.9	-4	2025-09-04T17:30:01Z	1757007001
APS36036	2025-09-04T17:40:01Z	1757007601	22.7085600745291	Basal TC	CP+S	GP 1	Female	Yes	D-4	Dual	193	Old Danville Highway Barn	16.9	-4	2025-09-04T17:40:01Z	1757007601
APS36036	2025-09-04T17:50:01Z	1757008201	24.209267518705058	Basal TC	CP+S	GP 1	Female	Yes	D-4	Dual	193	Old Danville Highway Barn	16.9	-4	2025-09-04T17:50:01Z	1757008201
APS36036	2025-09-04T18:00:01Z	1757008801	23.709031703979736	Basal TC	CP+S	GP 1	Female	Yes	D-4	Dual	193	Old Danville Highway Barn	16.9	-4	2025-09-04T18:00:01Z	1757008801
APS36036	2025-09-04T18:10:01Z	1757009401	22.7085600745291	Basal TC	CP+S	GP 1	Female	Yes	D-4	Dual	193	Old Danville Highway Barn	16.9	-4	2025-09-04T18:10:01Z	1757009401
APS36036	2025-09-04T18:20:01Z	1757010001	27.710918221782293	Basal TC	CP+S	GP 1	Female	Yes	D-4	Dual	193	Old Danville Highway Barn	16.9	-4	2025-09-04T18:20:01Z	1757010001
APS36036	2025-09-04T18:30:01Z	1757010601	28.21115403650761	Basal TC	CP+S	GP 1	Female	Yes	D-4	Dual	193	Old Danville Highway Barn	16.9	-4	2025-09-04T18:30:01Z	1757010601
APS36036	2025-09-04T18:40:01Z	1757011201	29.211625665958252	Basal TC	CP+S	GP 1	Female	Yes	D-4	Dual	193	Old Danville Highway Barn	16.9	-4	2025-09-04T18:40:01Z	1757011201
APS36036	2025-09-04T18:50:01Z	1757011801	28.21115403650761	Basal TC	CP+S	GP 1	Female	Yes	D-4	Dual	193	Old Danville Highway Barn	16.9	-4	2025-09-04T18:50:01Z	1757011801
APS36036	2025-09-04T19:00:01Z	1757012401	26.710446592331653	Basal TC	CP+S	GP 1	Female	Yes	D-4	Dual	193	Old Danville Highway Barn	16.9	-4	2025-09-04T19:00:01Z	1757012401
APS36036	2025-09-04T19:10:01Z	1757013001	25.709974962881017	Basal TC	CP+S	GP 1	Female	Yes	D-4	Dual	193	Old Danville Highway Barn	16.9	-4	2025-09-04T19:10:01Z	1757013001
APS36036	2025-09-04T19:20:01Z	1757013601	24.709503333430376	Basal TC	CP+S	GP 1	Female	Yes	D-4	Dual	193	Old Danville Highway Barn	16.9	-4	2025-09-04T19:20:01Z	1757013601
APS36036	2025-09-04T19:30:01Z	1757014201	23.208795889254418	Basal TC	CP+S	GP 1	Female	Yes	D-4	Dual	193	Old Danville Highway Barn	16.9	-4	2025-09-04T19:30:01Z	1757014201
APS36036	2025-09-04T19:40:01Z	1757014801	22.7085600745291	Basal TC	CP+S	GP 1	Female	Yes	D-4	Dual	193	Old Danville Highway Barn	16.9	-4	2025-09-04T19:40:01Z	1757014801
APS36036	2025-09-04T19:50:01Z	1757015401	22.7085600745291	Basal TC	CP+S	GP 1	Female	Yes	D-4	Dual	193	Old Danville Highway Barn	16.9	-4	2025-09-04T19:50:01Z	1757015401
APS36036	2025-09-04T20:00:01Z	1757016001	22.208324259803778	Basal TC	CP+S	GP 1	Female	Yes	D-4	Dual	193	Old Danville Highway Barn	16.9	-4	2025-09-04T20:00:01Z	1757016001
APS36036	2025-09-04T20:10:01Z	1757016601	22.208324259803778	Basal TC	CP+S	GP 1	Female	Yes	D-4	Dual	193	Old Danville Highway Barn	16.9	-4	2025-09-04T20:10:01Z	1757016601
APS36036	2025-09-04T20:20:01Z	1757017201	21.70808844507846	Basal TC	CP+S	GP 1	Female	Yes	D-4	Dual	193	Old Danville Highway Barn	16.9	-4	2025-09-04T20:20:01Z	1757017201
APS36036	2025-09-04T20:30:01Z	1757017801	21.20785263035314	Basal TC	CP+S	GP 1	Female	Yes	D-4	Dual	193	Old Danville Highway Barn	16.9	-4	2025-09-04T20:30:01Z	1757017801
APS36036	2025-09-04T20:40:01Z	1757018401	21.20785263035314	Basal TC	CP+S	GP 1	Female	Yes	D-4	Dual	193	Old Danville Highway Barn	16.9	-4	2025-09-04T20:40:01Z	1757018401
APS36036	2025-09-04T20:50:01Z	1757019001	20.70761681562782	Basal TC	CP+S	GP 1	Female	Yes	D-4	Dual	193	Old Danville Highway Barn	16.9	-4	2025-09-04T20:50:01Z	1757019001
APS36036	2025-09-04T21:00:01Z	1757019601	20.70761681562782	Basal TC	CP+S	GP 1	Female	Yes	D-4	Dual	193	Old Danville Highway Barn	16.9	-4	2025-09-04T21:00:01Z	1757019601
APS36036	2025-09-04T21:10:01Z	1757020201	20.70761681562782	Basal TC	CP+S	GP 1	Female	Yes	D-4	Dual	193	Old Danville Highway Barn	16.9	-4	2025-09-04T21:10:01Z	1757020201
APS36036	2025-09-04T21:20:01Z	1757020801	20.70761681562782	Basal TC	CP+S	GP 1	Female	Yes	D-4	Dual	193	Old Danville Highway Barn	16.9	-4	2025-09-04T21:20:01Z	1757020801
APS36036	2025-09-04T21:30:01Z	1757021401	20.70761681562782	Basal TC	CP+S	GP 1	Female	Yes	D-4	Dual	193	Old Danville Highway Barn	16.9	-4	2025-09-04T21:30:01Z	1757021401
APS36036	2025-09-04T21:40:01Z	1757022001	20.2073810009025	Basal TC	CP+S	GP 1	Female	Yes	D-4	Dual	193	Old Danville Highway Barn	16.9	-4	2025-09-04T21:40:01Z	1757022001
APS36036	2025-09-04T21:50:01Z	1757022601	19.20690937145186	Basal TC	CP+S	GP 1	Female	Yes	D-4	Dual	193	Old Danville Highway Barn	16.9	-4	2025-09-04T21:50:01Z	1757022601
APS36036	2025-09-04T22:00:01Z	1757023201	19.20690937145186	Basal TC	CP+S	GP 1	Female	Yes	D-4	Dual	193	Old Danville Highway Barn	16.9	-4	2025-09-04T22:00:01Z	1757023201
APS36036	2025-09-04T22:10:01Z	1757023801	18.706673556726543	Basal TC	CP+S	GP 1	Female	Yes	D-4	Dual	193	Old Danville Highway Barn	16.9	-4	2025-09-04T22:10:01Z	1757023801
APS36036	2025-09-04T22:20:01Z	1757024401	18.206437742001224	Basal TC	CP+S	GP 1	Female	Yes	D-4	Dual	193	Old Danville Highway Barn	16.9	-4	2025-09-04T22:20:01Z	1757024401
APS36036	2025-09-04T22:30:01Z	1757025001	17.706201927275902	Basal TC	CP+S	GP 1	Female	Yes	D-4	Dual	193	Old Danville Highway Barn	16.9	-4	2025-09-04T22:30:01Z	1757025001
APS36036	2025-09-04T22:40:01Z	1757025601	17.205966112550584	Basal TC	CP+S	GP 1	Female	Yes	D-4	Dual	193	Old Danville Highway Barn	16.9	-4	2025-09-04T22:40:01Z	1757025601
APS36036	2025-09-04T22:50:01Z	1757026201	16.705730297825266	Basal TC	CP+S	GP 1	Female	Yes	D-4	Dual	193	Old Danville Highway Barn	16.9	-4	2025-09-04T22:50:01Z	1757026201
APS36036	2025-09-04T23:00:01Z	1757026801	16.705730297825266	Basal TC	CP+S	GP 1	Female	Yes	D-4	Dual	193	Old Danville Highway Barn	16.9	-4	2025-09-04T23:00:01Z	1757026801
APS36036	2025-09-04T23:10:01Z	1757027401	16.705730297825266	Basal TC	CP+S	GP 1	Female	Yes	D-4	Dual	193	Old Danville Highway Barn	16.9	-4	2025-09-04T23:10:01Z	1757027401
APS36036	2025-09-04T23:20:01Z	1757028001	16.705730297825266	Basal TC	CP+S	GP 1	Female	Yes	D-4	Dual	193	Old Danville Highway Barn	16.9	-4	2025-09-04T23:20:01Z	1757028001
APS36036	2025-09-04T23:30:01Z	1757028601	23.709031703979736	Basal TC	CP+S	GP 1	Female	Yes	D-4	Dual	193	Old Danville Highway Barn	16.9	-4	2025-09-04T23:30:01Z	1757028601
APS36036	2025-09-04T23:40:01Z	1757029201	18.706673556726543	Basal TC	CP+S	GP 1	Female	Yes	D-4	Dual	193	Old Danville Highway Barn	16.9	-4	2025-09-04T23:40:01Z	1757029201
APS36036	2025-09-04T23:50:01Z	1757029801	18.206437742001224	Basal TC	CP+S	GP 1	Female	Yes	D-4	Dual	193	Old Danville Highway Barn	16.9	-4	2025-09-04T23:50:01Z	1757029801
APS36036	2025-09-05T00:00:01Z	1757030401	17.706201927275902	Basal TC	CP+S	GP 1	Female	Yes	D-4	Dual	193	Old Danville Highway Barn	16.9	-4	2025-09-05T00:00:01Z	1757030401
APS36036	2025-09-05T00:10:01Z	1757031001	18.206437742001224	Basal TC	CP+S	GP 1	Female	Yes	D-4	Dual	193	Old Danville Highway Barn	16.9	-4	2025-09-05T00:10:01Z	1757031001
APS36036	2025-09-05T00:20:01Z	1757031601	19.20690937145186	Basal TC	CP+S	GP 1	Female	Yes	D-4	Dual	193	Old Danville Highway Barn	16.9	-4	2025-09-05T00:20:01Z	1757031601
APS36036	2025-09-05T00:30:01Z	1757032201	18.706673556726543	Basal TC	CP+S	GP 1	Female	Yes	D-4	Dual	193	Old Danville Highway Barn	16.9	-4	2025-09-05T00:30:01Z	1757032201
APS36036	2025-09-05T00:40:01Z	1757032801	19.707145186177183	Basal TC	CP+S	GP 1	Female	Yes	D-4	Dual	193	Old Danville Highway Barn	16.9	-4	2025-09-05T00:40:01Z	1757032801
APS36036	2025-09-05T00:50:01Z	1757033401	22.7085600745291	Basal TC	CP+S	GP 1	Female	Yes	D-4	Dual	193	Old Danville Highway Barn	16.9	-4	2025-09-05T00:50:01Z	1757033401
APS36036	2025-09-05T01:00:01Z	1757034001	24.209267518705058	Basal TC	CP+S	GP 1	Female	Yes	D-4	Dual	193	Old Danville Highway Barn	16.9	-4	2025-09-05T01:00:01Z	1757034001
APS36036	2025-09-05T01:10:01Z	1757034601	20.2073810009025	Basal TC	CP+S	GP 1	Female	Yes	D-4	Dual	193	Old Danville Highway Barn	16.9	-4	2025-09-05T01:10:01Z	1757034601
APS36036	2025-09-05T01:20:01Z	1757035201	20.70761681562782	Basal TC	CP+S	GP 1	Female	Yes	D-4	Dual	193	Old Danville Highway Barn	16.9	-4	2025-09-05T01:20:01Z	1757035201
APS36036	2025-09-05T01:30:01Z	1757035801	21.70808844507846	Basal TC	CP+S	GP 1	Female	Yes	D-4	Dual	193	Old Danville Highway Barn	16.9	-4	2025-09-05T01:30:01Z	1757035801
APS36036	2025-09-05T01:40:01Z	1757036401	21.70808844507846	Basal TC	CP+S	GP 1	Female	Yes	D-4	Dual	193	Old Danville Highway Barn	16.9	-4	2025-09-05T01:40:01Z	1757036401
APS36036	2025-09-05T01:50:01Z	1757037001	21.70808844507846	Basal TC	CP+S	GP 1	Female	Yes	D-4	Dual	193	Old Danville Highway Barn	16.9	-4	2025-09-05T01:50:01Z	1757037001
APS36036	2025-09-05T02:00:01Z	1757037601	21.20785263035314	Basal TC	CP+S	GP 1	Female	Yes	D-4	Dual	193	Old Danville Highway Barn	16.9	-4	2025-09-05T02:00:01Z	1757037601
APS36036	2025-09-05T02:10:01Z	1757038201	20.70761681562782	Basal TC	CP+S	GP 1	Female	Yes	D-4	Dual	193	Old Danville Highway Barn	16.9	-4	2025-09-05T02:10:01Z	1757038201
APS36036	2025-09-05T02:20:01Z	1757038801	20.2073810009025	Basal TC	CP+S	GP 1	Female	Yes	D-4	Dual	193	Old Danville Highway Barn	16.9	-4	2025-09-05T02:20:01Z	1757038801
APS36036	2025-09-05T02:30:01Z	1757039401	19.707145186177183	Basal TC	CP+S	GP 1	Female	Yes	D-4	Dual	193	Old Danville Highway Barn	16.9	-4	2025-09-05T02:30:01Z	1757039401
APS36036	2025-09-05T02:40:01Z	1757040001	19.20690937145186	Basal TC	CP+S	GP 1	Female	Yes	D-4	Dual	193	Old Danville Highway Barn	16.9	-4	2025-09-05T02:40:01Z	1757040001
APS36036	2025-09-05T02:50:01Z	1757040601	18.706673556726543	Basal TC	CP+S	GP 1	Female	Yes	D-4	Dual	193	Old Danville Highway Barn	16.9	-4	2025-09-05T02:50:01Z	1757040601
APS36036	2025-09-05T03:00:01Z	1757041201	18.206437742001224	Basal TC	CP+S	GP 1	Female	Yes	D-4	Dual	193	Old Danville Highway Barn	16.9	-4	2025-09-05T03:00:01Z	1757041201
APS36036	2025-09-05T03:10:01Z	1757041801	17.706201927275902	Basal TC	CP+S	GP 1	Female	Yes	D-4	Dual	193	Old Danville Highway Barn	16.9	-4	2025-09-05T03:10:01Z	1757041801
APS36036	2025-09-05T03:20:01Z	1757042401	17.706201927275902	Basal TC	CP+S	GP 1	Female	Yes	D-4	Dual	193	Old Danville Highway Barn	16.9	-4	2025-09-05T03:20:01Z	1757042401
APS36036	2025-09-05T03:30:01Z	1757043001	18.206437742001224	Basal TC	CP+S	GP 1	Female	Yes	D-4	Dual	193	Old Danville Highway Barn	16.9	-4	2025-09-05T03:30:01Z	1757043001
APS36036	2025-09-05T03:40:01Z	1757043601	17.205966112550584	Basal TC	CP+S	GP 1	Female	Yes	D-4	Dual	193	Old Danville Highway Barn	16.9	-4	2025-09-05T03:40:01Z	1757043601
APS36036	2025-09-05T03:50:01Z	1757044201	17.205966112550584	Basal TC	CP+S	GP 1	Female	Yes	D-4	Dual	193	Old Danville Highway Barn	16.9	-4	2025-09-05T03:50:01Z	1757044201
APS36036	2025-09-05T04:00:01Z	1757044801	17.205966112550584	Basal TC	CP+S	GP 1	Female	Yes	D-4	Dual	193	Old Danville Highway Barn	16.9	-4	2025-09-05T04:00:01Z	1757044801
APS36036	2025-09-05T04:10:01Z	1757045401	16.705730297825266	Basal TC	CP+S	GP 1	Female	Yes	D-4	Dual	193	Old Danville Highway Barn	16.9	-4	2025-09-05T04:10:01Z	1757045401
APS36036	2025-09-05T04:20:01Z	1757046001	16.705730297825266	Basal TC	CP+S	GP 1	Female	Yes	D-4	Dual	193	Old Danville Highway Barn	16.9	-4	2025-09-05T04:20:01Z	1757046001
APS36036	2025-09-05T04:30:01Z	1757046601	16.705730297825266	Basal TC	CP+S	GP 1	Female	Yes	D-4	Dual	193	Old Danville Highway Barn	16.9	-4	2025-09-05T04:30:01Z	1757046601
APS36036	2025-09-05T04:40:01Z	1757047201	16.705730297825266	Basal TC	CP+S	GP 1	Female	Yes	D-4	Dual	193	Old Danville Highway Barn	16.9	-4	2025-09-05T04:40:01Z	1757047201
APS36036	2025-09-05T04:50:01Z	1757047801	16.705730297825266	Basal TC	CP+S	GP 1	Female	Yes	D-4	Dual	193	Old Danville Highway Barn	16.9	-4	2025-09-05T04:50:01Z	1757047801
APS36036	2025-09-05T05:00:01Z	1757048401	16.705730297825266	Basal TC	CP+S	GP 1	Female	Yes	D-4	Dual	193	Old Danville Highway Barn	16.9	-4	2025-09-05T05:00:01Z	1757048401
APS36036	2025-09-05T05:10:01Z	1757049001	16.705730297825266	Basal TC	CP+S	GP 1	Female	Yes	D-4	Dual	193	Old Danville Highway Barn	16.9	-4	2025-09-05T05:10:01Z	1757049001
APS36036	2025-09-05T05:20:01Z	1757049601	17.205966112550584	Basal TC	CP+S	GP 1	Female	Yes	D-4	Dual	193	Old Danville Highway Barn	16.9	-4	2025-09-05T05:20:01Z	1757049601
APS36036	2025-09-05T05:30:01Z	1757050201	16.705730297825266	Basal TC	CP+S	GP 1	Female	Yes	D-4	Dual	193	Old Danville Highway Barn	16.9	-4	2025-09-05T05:30:01Z	1757050201
APS36036	2025-09-05T05:40:01Z	1757050801	16.205494483099947	Basal TC	CP+S	GP 1	Female	Yes	D-4	Dual	193	Old Danville Highway Barn	16.9	-4	2025-09-05T05:40:01Z	1757050801
APS36036	2025-09-05T05:50:01Z	1757051401	15.705258668374626	Basal TC	CP+S	GP 1	Female	Yes	D-4	Dual	193	Old Danville Highway Barn	16.9	-4	2025-09-05T05:50:01Z	1757051401
APS36036	2025-09-05T06:00:01Z	1757052001	15.705258668374626	Basal TC	CP+S	GP 1	Female	Yes	D-4	Dual	193	Old Danville Highway Barn	16.9	-4	2025-09-05T06:00:01Z	1757052001
APS36036	2025-09-05T06:10:01Z	1757052601	15.705258668374626	Basal TC	CP+S	GP 1	Female	Yes	D-4	Dual	193	Old Danville Highway Barn	16.9	-4	2025-09-05T06:10:01Z	1757052601
APS36036	2025-09-05T06:20:01Z	1757053201	15.705258668374626	Basal TC	CP+S	GP 1	Female	Yes	D-4	Dual	193	Old Danville Highway Barn	16.9	-4	2025-09-05T06:20:01Z	1757053201
APS36036	2025-09-05T06:30:01Z	1757053801	15.705258668374626	Basal TC	CP+S	GP 1	Female	Yes	D-4	Dual	193	Old Danville Highway Barn	16.9	-4	2025-09-05T06:30:01Z	1757053801
APS36036	2025-09-05T06:40:01Z	1757054401	15.205022853649307	Basal TC	CP+S	GP 1	Female	Yes	D-4	Dual	193	Old Danville Highway Barn	16.9	-4	2025-09-05T06:40:01Z	1757054401
APS36036	2025-09-05T06:50:01Z	1757055001	15.705258668374626	Basal TC	CP+S	GP 1	Female	Yes	D-4	Dual	193	Old Danville Highway Barn	16.9	-4	2025-09-05T06:50:01Z	1757055001
APS36036	2025-09-05T07:00:01Z	1757055601	15.705258668374626	Basal TC	CP+S	GP 1	Female	Yes	D-4	Dual	193	Old Danville Highway Barn	16.9	-4	2025-09-05T07:00:01Z	1757055601
APS36036	2025-09-05T07:10:01Z	1757056201	15.705258668374626	Basal TC	CP+S	GP 1	Female	Yes	D-4	Dual	193	Old Danville Highway Barn	16.9	-4	2025-09-05T07:10:01Z	1757056201
APS36036	2025-09-05T07:20:01Z	1757056801	16.205494483099947	Basal TC	CP+S	GP 1	Female	Yes	D-4	Dual	193	Old Danville Highway Barn	16.9	-4	2025-09-05T07:20:01Z	1757056801
APS36036	2025-09-05T07:30:01Z	1757057401	17.205966112550584	Basal TC	CP+S	GP 1	Female	Yes	D-4	Dual	193	Old Danville Highway Barn	16.9	-4	2025-09-05T07:30:01Z	1757057401
APS36036	2025-09-05T07:40:01Z	1757058001	17.706201927275902	Basal TC	CP+S	GP 1	Female	Yes	D-4	Dual	193	Old Danville Highway Barn	16.9	-4	2025-09-05T07:40:01Z	1757058001
APS36036	2025-09-05T07:50:01Z	1757058601	17.706201927275902	Basal TC	CP+S	GP 1	Female	Yes	D-4	Dual	193	Old Danville Highway Barn	16.9	-4	2025-09-05T07:50:01Z	1757058601
APS36036	2025-09-05T08:00:01Z	1757059201	18.206437742001224	Basal TC	CP+S	GP 1	Female	Yes	D-4	Dual	193	Old Danville Highway Barn	16.9	-4	2025-09-05T08:00:01Z	1757059201
APS36036	2025-09-05T08:10:01Z	1757059801	18.206437742001224	Basal TC	CP+S	GP 1	Female	Yes	D-4	Dual	193	Old Danville Highway Barn	16.9	-4	2025-09-05T08:10:01Z	1757059801
APS36036	2025-09-05T08:20:01Z	1757060401	18.206437742001224	Basal TC	CP+S	GP 1	Female	Yes	D-4	Dual	193	Old Danville Highway Barn	16.9	-4	2025-09-05T08:20:01Z	1757060401
APS36036	2025-09-05T08:30:01Z	1757061001	18.206437742001224	Basal TC	CP+S	GP 1	Female	Yes	D-4	Dual	193	Old Danville Highway Barn	16.9	-4	2025-09-05T08:30:01Z	1757061001
APS36036	2025-09-05T08:40:01Z	1757061601	18.206437742001224	Basal TC	CP+S	GP 1	Female	Yes	D-4	Dual	193	Old Danville Highway Barn	16.9	-4	2025-09-05T08:40:01Z	1757061601
APS36036	2025-09-05T08:50:01Z	1757062201	18.206437742001224	Basal TC	CP+S	GP 1	Female	Yes	D-4	Dual	193	Old Danville Highway Barn	16.9	-4	2025-09-05T08:50:01Z	1757062201
APS36036	2025-09-05T09:00:01Z	1757062801	17.706201927275902	Basal TC	CP+S	GP 1	Female	Yes	D-4	Dual	193	Old Danville Highway Barn	16.9	-4	2025-09-05T09:00:01Z	1757062801
APS36036	2025-09-05T09:10:01Z	1757063401	17.706201927275902	Basal TC	CP+S	GP 1	Female	Yes	D-4	Dual	193	Old Danville Highway Barn	16.9	-4	2025-09-05T09:10:01Z	1757063401
APS36036	2025-09-05T09:20:01Z	1757064001	17.706201927275902	Basal TC	CP+S	GP 1	Female	Yes	D-4	Dual	193	Old Danville Highway Barn	16.9	-4	2025-09-05T09:20:01Z	1757064001
APS36036	2025-09-05T09:30:01Z	1757064601	17.205966112550584	Basal TC	CP+S	GP 1	Female	Yes	D-4	Dual	193	Old Danville Highway Barn	16.9	-4	2025-09-05T09:30:01Z	1757064601
APS36036	2025-09-05T09:40:01Z	1757065201	17.205966112550584	Basal TC	CP+S	GP 1	Female	Yes	D-4	Dual	193	Old Danville Highway Barn	16.9	-4	2025-09-05T09:40:01Z	1757065201
APS36036	2025-09-05T09:50:01Z	1757065801	17.205966112550584	Basal TC	CP+S	GP 1	Female	Yes	D-4	Dual	193	Old Danville Highway Barn	16.9	-4	2025-09-05T09:50:01Z	1757065801
APS36036	2025-09-05T10:00:01Z	1757066401	16.705730297825266	Basal TC	CP+S	GP 1	Female	Yes	D-4	Dual	193	Old Danville Highway Barn	16.9	-4	2025-09-05T10:00:01Z	1757066401
APS36036	2025-09-05T10:10:01Z	1757067001	16.705730297825266	Basal TC	CP+S	GP 1	Female	Yes	D-4	Dual	193	Old Danville Highway Barn	16.9	-4	2025-09-05T10:10:01Z	1757067001
APS36036	2025-09-05T10:20:01Z	1757067601	16.705730297825266	Basal TC	CP+S	GP 1	Female	Yes	D-4	Dual	193	Old Danville Highway Barn	16.9	-4	2025-09-05T10:20:01Z	1757067601
APS36036	2025-09-05T10:30:01Z	1757068201	16.705730297825266	Basal TC	CP+S	GP 1	Female	Yes	D-4	Dual	193	Old Danville Highway Barn	16.9	-4	2025-09-05T10:30:01Z	1757068201
APS36036	2025-09-05T10:40:01Z	1757068801	16.705730297825266	Basal TC	CP+S	GP 1	Female	Yes	D-4	Dual	193	Old Danville Highway Barn	16.9	-4	2025-09-05T10:40:01Z	1757068801
APS36036	2025-09-05T10:50:01Z	1757069401	16.205494483099947	Basal TC	CP+S	GP 1	Female	Yes	D-4	Dual	193	Old Danville Highway Barn	16.9	-4	2025-09-05T10:50:01Z	1757069401
APS36036	2025-09-05T11:00:01Z	1757070001	16.205494483099947	Basal TC	CP+S	GP 1	Female	Yes	D-4	Dual	193	Old Danville Highway Barn	16.9	-4	2025-09-05T11:00:01Z	1757070001
APS36036	2025-09-05T11:10:01Z	1757070601	16.205494483099947	Basal TC	CP+S	GP 1	Female	Yes	D-4	Dual	193	Old Danville Highway Barn	16.9	-4	2025-09-05T11:10:01Z	1757070601
APS36036	2025-09-05T11:20:01Z	1757071201	16.205494483099947	Basal TC	CP+S	GP 1	Female	Yes	D-4	Dual	193	Old Danville Highway Barn	16.9	-4	2025-09-05T11:20:01Z	1757071201
APS36036	2025-09-05T11:30:01Z	1757071801	16.205494483099947	Basal TC	CP+S	GP 1	Female	Yes	D-4	Dual	193	Old Danville Highway Barn	16.9	-4	2025-09-05T11:30:01Z	1757071801
APS36036	2025-09-05T11:40:01Z	1757072401	16.205494483099947	Basal TC	CP+S	GP 1	Female	Yes	D-4	Dual	193	Old Danville Highway Barn	16.9	-4	2025-09-05T11:40:01Z	1757072401
APS36036	2025-09-05T11:50:01Z	1757073001	16.205494483099947	Basal TC	CP+S	GP 1	Female	Yes	D-4	Dual	193	Old Danville Highway Barn	16.9	-4	2025-09-05T11:50:01Z	1757073001
APS36036	2025-09-05T12:00:01Z	1757073601	16.205494483099947	Basal TC	CP+S	GP 1	Female	Yes	D-4	Dual	193	Old Danville Highway Barn	16.9	-4	2025-09-05T12:00:01Z	1757073601
APS36036	2025-09-05T12:10:01Z	1757074201	16.205494483099947	Basal TC	CP+S	GP 1	Female	Yes	D-4	Dual	193	Old Danville Highway Barn	16.9	-4	2025-09-05T12:10:01Z	1757074201
APS36036	2025-09-05T12:20:01Z	1757074801	16.205494483099947	Basal TC	CP+S	GP 1	Female	Yes	D-4	Dual	193	Old Danville Highway Barn	16.9	-4	2025-09-05T12:20:01Z	1757074801
APS36036	2025-09-05T12:30:01Z	1757075401	16.205494483099947	Basal TC	CP+S	GP 1	Female	Yes	D-4	Dual	193	Old Danville Highway Barn	16.9	-4	2025-09-05T12:30:01Z	1757075401
APS36036	2025-09-05T12:40:01Z	1757076001	16.205494483099947	Basal TC	CP+S	GP 1	Female	Yes	D-4	Dual	193	Old Danville Highway Barn	16.9	-4	2025-09-05T12:40:01Z	1757076001
APS36036	2025-09-05T12:50:01Z	1757076601	16.205494483099947	Basal TC	CP+S	GP 1	Female	Yes	D-4	Dual	193	Old Danville Highway Barn	16.9	-4	2025-09-05T12:50:01Z	1757076601
APS36036	2025-09-05T13:00:01Z	1757077201	16.205494483099947	Basal TC	CP+S	GP 1	Female	Yes	D-4	Dual	193	Old Danville Highway Barn	16.9	-4	2025-09-05T13:00:01Z	1757077201
APS36036	2025-09-05T13:10:01Z	1757077801	16.205494483099947	Basal TC	CP+S	GP 1	Female	Yes	D-4	Dual	193	Old Danville Highway Barn	16.9	-4	2025-09-05T13:10:01Z	1757077801
APS36036	2025-09-05T13:20:01Z	1757078401	17.205966112550584	Basal TC	CP+S	GP 1	Female	Yes	D-4	Dual	193	Old Danville Highway Barn	16.9	-4	2025-09-05T13:20:01Z	1757078401
APS36036	2025-09-05T13:30:01Z	1757079001	16.705730297825266	Basal TC	CP+S	GP 1	Female	Yes	D-4	Dual	193	Old Danville Highway Barn	16.9	-4	2025-09-05T13:30:01Z	1757079001
APS36036	2025-09-05T13:40:01Z	1757079601	17.205966112550584	Basal TC	CP+S	GP 1	Female	Yes	D-4	Dual	193	Old Danville Highway Barn	16.9	-4	2025-09-05T13:40:01Z	1757079601
APS36036	2025-09-05T13:50:01Z	1757080201	18.206437742001224	Basal TC	CP+S	GP 1	Female	Yes	D-4	Dual	193	Old Danville Highway Barn	16.9	-4	2025-09-05T13:50:01Z	1757080201
APS36057	2025-09-01T14:00:01Z	1756735201	31.541993911719942	Basal TC	CP	GP 2	Male	Yes	D-7	Primary	225	Old Danville Highway Barn	16.4	-7	2025-09-04T14:00:01Z	1756994401
APS36057	2025-09-01T14:10:01Z	1756735801	32.52890410958904	Basal TC	CP	GP 2	Male	Yes	D-7	Primary	225	Old Danville Highway Barn	16.4	-7	2025-09-04T14:10:01Z	1756995001
APS36057	2025-09-01T14:20:01Z	1756736401	31.541993911719942	Basal TC	CP	GP 2	Male	Yes	D-7	Primary	225	Old Danville Highway Barn	16.4	-7	2025-09-04T14:20:01Z	1756995601
APS36057	2025-09-01T14:30:01Z	1756737001	31.04853881278539	Basal TC	CP	GP 2	Male	Yes	D-7	Primary	225	Old Danville Highway Barn	16.4	-7	2025-09-04T14:30:01Z	1756996201
APS36057	2025-09-01T14:40:01Z	1756737601	32.03544901065449	Basal TC	CP	GP 2	Male	Yes	D-7	Primary	225	Old Danville Highway Barn	16.4	-7	2025-09-04T14:40:01Z	1756996801
APS36057	2025-09-01T14:50:01Z	1756738201	32.52890410958904	Basal TC	CP	GP 2	Male	Yes	D-7	Primary	225	Old Danville Highway Barn	16.4	-7	2025-09-04T14:50:01Z	1756997401
APS36057	2025-09-01T15:00:01Z	1756738801	33.022359208523596	Basal TC	CP	GP 2	Male	Yes	D-7	Primary	225	Old Danville Highway Barn	16.4	-7	2025-09-04T15:00:01Z	1756998001
APS36057	2025-09-01T15:10:01Z	1756739401	34.9961796042618	Basal TC	CP	GP 2	Male	Yes	D-7	Primary	225	Old Danville Highway Barn	16.4	-7	2025-09-04T15:10:01Z	1756998601
APS36057	2025-09-01T15:20:01Z	1756740001	33.022359208523596	Basal TC	CP	GP 2	Male	Yes	D-7	Primary	225	Old Danville Highway Barn	16.4	-7	2025-09-04T15:20:01Z	1756999201
APS36057	2025-09-01T15:30:01Z	1756740601	33.022359208523596	Basal TC	CP	GP 2	Male	Yes	D-7	Primary	225	Old Danville Highway Barn	16.4	-7	2025-09-04T15:30:01Z	1756999801
APS36057	2025-09-01T15:40:01Z	1756741201	32.52890410958904	Basal TC	CP	GP 2	Male	Yes	D-7	Primary	225	Old Danville Highway Barn	16.4	-7	2025-09-04T15:40:01Z	1757000401
APS36057	2025-09-01T15:50:01Z	1756741801	31.541993911719942	Basal TC	CP	GP 2	Male	Yes	D-7	Primary	225	Old Danville Highway Barn	16.4	-7	2025-09-04T15:50:01Z	1757001001
APS36057	2025-09-01T16:00:01Z	1756742401	31.04853881278539	Basal TC	CP	GP 2	Male	Yes	D-7	Primary	225	Old Danville Highway Barn	16.4	-7	2025-09-04T16:00:01Z	1757001601
APS36057	2025-09-01T16:10:01Z	1756743001	30.555083713850838	Basal TC	CP	GP 2	Male	Yes	D-7	Primary	225	Old Danville Highway Barn	16.4	-7	2025-09-04T16:10:01Z	1757002201
APS36057	2025-09-01T16:20:01Z	1756743601	30.555083713850838	Basal TC	CP	GP 2	Male	Yes	D-7	Primary	225	Old Danville Highway Barn	16.4	-7	2025-09-04T16:20:01Z	1757002801
APS36057	2025-09-01T16:30:01Z	1756744201	31.04853881278539	Basal TC	CP	GP 2	Male	Yes	D-7	Primary	225	Old Danville Highway Barn	16.4	-7	2025-09-04T16:30:01Z	1757003401
APS36057	2025-09-01T16:40:01Z	1756744801	31.541993911719942	Basal TC	CP	GP 2	Male	Yes	D-7	Primary	225	Old Danville Highway Barn	16.4	-7	2025-09-04T16:40:01Z	1757004001
APS36057	2025-09-01T16:50:01Z	1756745401	33.022359208523596	Basal TC	CP	GP 2	Male	Yes	D-7	Primary	225	Old Danville Highway Barn	16.4	-7	2025-09-04T16:50:01Z	1757004601
APS36057	2025-09-01T17:00:01Z	1756746001	32.52890410958904	Basal TC	CP	GP 2	Male	Yes	D-7	Primary	225	Old Danville Highway Barn	16.4	-7	2025-09-04T17:00:01Z	1757005201
APS36057	2025-09-01T17:10:01Z	1756746601	32.03544901065449	Basal TC	CP	GP 2	Male	Yes	D-7	Primary	225	Old Danville Highway Barn	16.4	-7	2025-09-04T17:10:01Z	1757005801
APS36057	2025-09-01T17:20:01Z	1756747201	32.03544901065449	Basal TC	CP	GP 2	Male	Yes	D-7	Primary	225	Old Danville Highway Barn	16.4	-7	2025-09-04T17:20:01Z	1757006401
APS36057	2025-09-01T17:30:01Z	1756747801	33.022359208523596	Basal TC	CP	GP 2	Male	Yes	D-7	Primary	225	Old Danville Highway Barn	16.4	-7	2025-09-04T17:30:01Z	1757007001
APS36057	2025-09-01T17:40:01Z	1756748401	33.022359208523596	Basal TC	CP	GP 2	Male	Yes	D-7	Primary	225	Old Danville Highway Barn	16.4	-7	2025-09-04T17:40:01Z	1757007601
APS36057	2025-09-01T17:50:01Z	1756749001	33.022359208523596	Basal TC	CP	GP 2	Male	Yes	D-7	Primary	225	Old Danville Highway Barn	16.4	-7	2025-09-04T17:50:01Z	1757008201
APS36057	2025-09-01T18:00:01Z	1756749601	33.022359208523596	Basal TC	CP	GP 2	Male	Yes	D-7	Primary	225	Old Danville Highway Barn	16.4	-7	2025-09-04T18:00:01Z	1757008801
APS36057	2025-09-01T18:10:01Z	1756750201	33.022359208523596	Basal TC	CP	GP 2	Male	Yes	D-7	Primary	225	Old Danville Highway Barn	16.4	-7	2025-09-04T18:10:01Z	1757009401
APS36057	2025-09-01T18:20:01Z	1756750801	33.022359208523596	Basal TC	CP	GP 2	Male	Yes	D-7	Primary	225	Old Danville Highway Barn	16.4	-7	2025-09-04T18:20:01Z	1757010001
APS36057	2025-09-01T18:30:01Z	1756751401	33.022359208523596	Basal TC	CP	GP 2	Male	Yes	D-7	Primary	225	Old Danville Highway Barn	16.4	-7	2025-09-04T18:30:01Z	1757010601
APS36057	2025-09-01T18:40:01Z	1756752001	33.022359208523596	Basal TC	CP	GP 2	Male	Yes	D-7	Primary	225	Old Danville Highway Barn	16.4	-7	2025-09-04T18:40:01Z	1757011201
APS36057	2025-09-01T18:50:01Z	1756752601	33.022359208523596	Basal TC	CP	GP 2	Male	Yes	D-7	Primary	225	Old Danville Highway Barn	16.4	-7	2025-09-04T18:50:01Z	1757011801
APS36057	2025-09-01T19:00:01Z	1756753201	32.52890410958904	Basal TC	CP	GP 2	Male	Yes	D-7	Primary	225	Old Danville Highway Barn	16.4	-7	2025-09-04T19:00:01Z	1757012401
APS36057	2025-09-01T19:10:01Z	1756753801	32.52890410958904	Basal TC	CP	GP 2	Male	Yes	D-7	Primary	225	Old Danville Highway Barn	16.4	-7	2025-09-04T19:10:01Z	1757013001
APS36057	2025-09-01T19:20:01Z	1756754401	32.52890410958904	Basal TC	CP	GP 2	Male	Yes	D-7	Primary	225	Old Danville Highway Barn	16.4	-7	2025-09-04T19:20:01Z	1757013601
APS36057	2025-09-01T19:30:01Z	1756755001	32.52890410958904	Basal TC	CP	GP 2	Male	Yes	D-7	Primary	225	Old Danville Highway Barn	16.4	-7	2025-09-04T19:30:01Z	1757014201
APS36057	2025-09-01T19:40:01Z	1756755601	32.52890410958904	Basal TC	CP	GP 2	Male	Yes	D-7	Primary	225	Old Danville Highway Barn	16.4	-7	2025-09-04T19:40:01Z	1757014801
APS36057	2025-09-01T19:50:01Z	1756756201	32.52890410958904	Basal TC	CP	GP 2	Male	Yes	D-7	Primary	225	Old Danville Highway Barn	16.4	-7	2025-09-04T19:50:01Z	1757015401
APS36057	2025-09-01T20:00:01Z	1756756801	32.52890410958904	Basal TC	CP	GP 2	Male	Yes	D-7	Primary	225	Old Danville Highway Barn	16.4	-7	2025-09-04T20:00:01Z	1757016001
APS36057	2025-09-01T20:10:01Z	1756757401	32.52890410958904	Basal TC	CP	GP 2	Male	Yes	D-7	Primary	225	Old Danville Highway Barn	16.4	-7	2025-09-04T20:10:01Z	1757016601
APS36057	2025-09-01T20:20:01Z	1756758001	32.52890410958904	Basal TC	CP	GP 2	Male	Yes	D-7	Primary	225	Old Danville Highway Barn	16.4	-7	2025-09-04T20:20:01Z	1757017201
APS36057	2025-09-01T20:30:01Z	1756758601	32.52890410958904	Basal TC	CP	GP 2	Male	Yes	D-7	Primary	225	Old Danville Highway Barn	16.4	-7	2025-09-04T20:30:01Z	1757017801
APS36057	2025-09-01T20:40:01Z	1756759201	32.03544901065449	Basal TC	CP	GP 2	Male	Yes	D-7	Primary	225	Old Danville Highway Barn	16.4	-7	2025-09-04T20:40:01Z	1757018401
APS36057	2025-09-01T20:50:01Z	1756759801	32.03544901065449	Basal TC	CP	GP 2	Male	Yes	D-7	Primary	225	Old Danville Highway Barn	16.4	-7	2025-09-04T20:50:01Z	1757019001
APS36057	2025-09-01T21:00:01Z	1756760401	32.03544901065449	Basal TC	CP	GP 2	Male	Yes	D-7	Primary	225	Old Danville Highway Barn	16.4	-7	2025-09-04T21:00:01Z	1757019601
APS36057	2025-09-01T21:10:01Z	1756761001	32.52890410958904	Basal TC	CP	GP 2	Male	Yes	D-7	Primary	225	Old Danville Highway Barn	16.4	-7	2025-09-04T21:10:01Z	1757020201
APS36057	2025-09-01T21:20:01Z	1756761601	32.52890410958904	Basal TC	CP	GP 2	Male	Yes	D-7	Primary	225	Old Danville Highway Barn	16.4	-7	2025-09-04T21:20:01Z	1757020801
APS36057	2025-09-01T21:30:01Z	1756762201	32.52890410958904	Basal TC	CP	GP 2	Male	Yes	D-7	Primary	225	Old Danville Highway Barn	16.4	-7	2025-09-04T21:30:01Z	1757021401
APS36057	2025-09-01T21:40:01Z	1756762801	33.022359208523596	Basal TC	CP	GP 2	Male	Yes	D-7	Primary	225	Old Danville Highway Barn	16.4	-7	2025-09-04T21:40:01Z	1757022001
APS36057	2025-09-01T21:50:01Z	1756763401	33.022359208523596	Basal TC	CP	GP 2	Male	Yes	D-7	Primary	225	Old Danville Highway Barn	16.4	-7	2025-09-04T21:50:01Z	1757022601
APS36057	2025-09-01T22:00:01Z	1756764001	33.022359208523596	Basal TC	CP	GP 2	Male	Yes	D-7	Primary	225	Old Danville Highway Barn	16.4	-7	2025-09-04T22:00:01Z	1757023201
APS36057	2025-09-01T22:10:01Z	1756764601	32.03544901065449	Basal TC	CP	GP 2	Male	Yes	D-7	Primary	225	Old Danville Highway Barn	16.4	-7	2025-09-04T22:10:01Z	1757023801
APS36057	2025-09-01T22:20:01Z	1756765201	31.541993911719942	Basal TC	CP	GP 2	Male	Yes	D-7	Primary	225	Old Danville Highway Barn	16.4	-7	2025-09-04T22:20:01Z	1757024401
APS36057	2025-09-01T22:30:01Z	1756765801	31.541993911719942	Basal TC	CP	GP 2	Male	Yes	D-7	Primary	225	Old Danville Highway Barn	16.4	-7	2025-09-04T22:30:01Z	1757025001
APS36057	2025-09-01T22:40:01Z	1756766401	32.52890410958904	Basal TC	CP	GP 2	Male	Yes	D-7	Primary	225	Old Danville Highway Barn	16.4	-7	2025-09-04T22:40:01Z	1757025601
APS36057	2025-09-01T22:50:01Z	1756767001	32.52890410958904	Basal TC	CP	GP 2	Male	Yes	D-7	Primary	225	Old Danville Highway Barn	16.4	-7	2025-09-04T22:50:01Z	1757026201
APS36057	2025-09-01T23:00:01Z	1756767601	31.04853881278539	Basal TC	CP	GP 2	Male	Yes	D-7	Primary	225	Old Danville Highway Barn	16.4	-7	2025-09-04T23:00:01Z	1757026801
APS36057	2025-09-01T23:10:01Z	1756768201	31.541993911719942	Basal TC	CP	GP 2	Male	Yes	D-7	Primary	225	Old Danville Highway Barn	16.4	-7	2025-09-04T23:10:01Z	1757027401
APS36057	2025-09-01T23:20:01Z	1756768801	32.52890410958904	Basal TC	CP	GP 2	Male	Yes	D-7	Primary	225	Old Danville Highway Barn	16.4	-7	2025-09-04T23:20:01Z	1757028001
APS36057	2025-09-01T23:30:01Z	1756769401	30.555083713850838	Basal TC	CP	GP 2	Male	Yes	D-7	Primary	225	Old Danville Highway Barn	16.4	-7	2025-09-04T23:30:01Z	1757028601
APS36057	2025-09-01T23:40:01Z	1756770001	30.06162861491629	Basal TC	CP	GP 2	Male	Yes	D-7	Primary	225	Old Danville Highway Barn	16.4	-7	2025-09-04T23:40:01Z	1757029201
APS36057	2025-09-01T23:50:01Z	1756770601	29.568173515981737	Basal TC	CP	GP 2	Male	Yes	D-7	Primary	225	Old Danville Highway Barn	16.4	-7	2025-09-04T23:50:01Z	1757029801
APS36057	2025-09-02T00:00:01Z	1756771201	29.074718417047187	Basal TC	CP	GP 2	Male	Yes	D-7	Primary	225	Old Danville Highway Barn	16.4	-7	2025-09-05T00:00:01Z	1757030401
APS36057	2025-09-02T00:10:01Z	1756771801	30.06162861491629	Basal TC	CP	GP 2	Male	Yes	D-7	Primary	225	Old Danville Highway Barn	16.4	-7	2025-09-05T00:10:01Z	1757031001
APS36057	2025-09-02T00:20:01Z	1756772401	31.04853881278539	Basal TC	CP	GP 2	Male	Yes	D-7	Primary	225	Old Danville Highway Barn	16.4	-7	2025-09-05T00:20:01Z	1757031601
APS36057	2025-09-02T00:30:01Z	1756773001	30.06162861491629	Basal TC	CP	GP 2	Male	Yes	D-7	Primary	225	Old Danville Highway Barn	16.4	-7	2025-09-05T00:30:01Z	1757032201
APS36057	2025-09-02T00:40:01Z	1756773601	29.568173515981737	Basal TC	CP	GP 2	Male	Yes	D-7	Primary	225	Old Danville Highway Barn	16.4	-7	2025-09-05T00:40:01Z	1757032801
APS36057	2025-09-02T00:50:01Z	1756774201	29.074718417047187	Basal TC	CP	GP 2	Male	Yes	D-7	Primary	225	Old Danville Highway Barn	16.4	-7	2025-09-05T00:50:01Z	1757033401
APS36057	2025-09-02T01:00:01Z	1756774801	28.581263318112637	Basal TC	CP	GP 2	Male	Yes	D-7	Primary	225	Old Danville Highway Barn	16.4	-7	2025-09-05T01:00:01Z	1757034001
APS36057	2025-09-02T01:10:01Z	1756775401	29.074718417047187	Basal TC	CP	GP 2	Male	Yes	D-7	Primary	225	Old Danville Highway Barn	16.4	-7	2025-09-05T01:10:01Z	1757034601
APS36057	2025-09-02T01:20:01Z	1756776001	28.087808219178086	Basal TC	CP	GP 2	Male	Yes	D-7	Primary	225	Old Danville Highway Barn	16.4	-7	2025-09-05T01:20:01Z	1757035201
APS36057	2025-09-02T01:30:01Z	1756776601	30.555083713850838	Basal TC	CP	GP 2	Male	Yes	D-7	Primary	225	Old Danville Highway Barn	16.4	-7	2025-09-05T01:30:01Z	1757035801
APS36057	2025-09-02T01:40:01Z	1756777201	29.074718417047187	Basal TC	CP	GP 2	Male	Yes	D-7	Primary	225	Old Danville Highway Barn	16.4	-7	2025-09-05T01:40:01Z	1757036401
APS36057	2025-09-02T01:50:01Z	1756777801	30.555083713850838	Basal TC	CP	GP 2	Male	Yes	D-7	Primary	225	Old Danville Highway Barn	16.4	-7	2025-09-05T01:50:01Z	1757037001
APS36057	2025-09-02T02:00:01Z	1756778401	30.06162861491629	Basal TC	CP	GP 2	Male	Yes	D-7	Primary	225	Old Danville Highway Barn	16.4	-7	2025-09-05T02:00:01Z	1757037601
APS36057	2025-09-02T02:10:01Z	1756779001	29.074718417047187	Basal TC	CP	GP 2	Male	Yes	D-7	Primary	225	Old Danville Highway Barn	16.4	-7	2025-09-05T02:10:01Z	1757038201
APS36057	2025-09-02T02:20:01Z	1756779601	28.087808219178086	Basal TC	CP	GP 2	Male	Yes	D-7	Primary	225	Old Danville Highway Barn	16.4	-7	2025-09-05T02:20:01Z	1757038801
APS36057	2025-09-02T02:30:01Z	1756780201	27.100898021308986	Basal TC	CP	GP 2	Male	Yes	D-7	Primary	225	Old Danville Highway Barn	16.4	-7	2025-09-05T02:30:01Z	1757039401
APS36057	2025-09-02T02:40:01Z	1756780801	25.620532724505328	Basal TC	CP	GP 2	Male	Yes	D-7	Primary	225	Old Danville Highway Barn	16.4	-7	2025-09-05T02:40:01Z	1757040001
APS36057	2025-09-02T02:50:01Z	1756781401	24.633622526636227	Basal TC	CP	GP 2	Male	Yes	D-7	Primary	225	Old Danville Highway Barn	16.4	-7	2025-09-05T02:50:01Z	1757040601
APS36057	2025-09-02T03:00:01Z	1756782001	24.140167427701677	Basal TC	CP	GP 2	Male	Yes	D-7	Primary	225	Old Danville Highway Barn	16.4	-7	2025-09-05T03:00:01Z	1757041201
APS36057	2025-09-02T03:10:01Z	1756782601	23.153257229832576	Basal TC	CP	GP 2	Male	Yes	D-7	Primary	225	Old Danville Highway Barn	16.4	-7	2025-09-05T03:10:01Z	1757041801
APS36057	2025-09-02T03:20:01Z	1756783201	22.659802130898022	Basal TC	CP	GP 2	Male	Yes	D-7	Primary	225	Old Danville Highway Barn	16.4	-7	2025-09-05T03:20:01Z	1757042401
APS36057	2025-09-02T03:30:01Z	1756783801	22.166347031963475	Basal TC	CP	GP 2	Male	Yes	D-7	Primary	225	Old Danville Highway Barn	16.4	-7	2025-09-05T03:30:01Z	1757043001
APS36057	2025-09-02T03:40:01Z	1756784401	21.17943683409437	Basal TC	CP	GP 2	Male	Yes	D-7	Primary	225	Old Danville Highway Barn	16.4	-7	2025-09-05T03:40:01Z	1757043601
APS36057	2025-09-02T03:50:01Z	1756785001	20.68598173515982	Basal TC	CP	GP 2	Male	Yes	D-7	Primary	225	Old Danville Highway Barn	16.4	-7	2025-09-05T03:50:01Z	1757044201
APS36057	2025-09-02T04:00:01Z	1756785601	20.68598173515982	Basal TC	CP	GP 2	Male	Yes	D-7	Primary	225	Old Danville Highway Barn	16.4	-7	2025-09-05T04:00:01Z	1757044801
APS36057	2025-09-02T04:10:01Z	1756786201	20.192526636225264	Basal TC	CP	GP 2	Male	Yes	D-7	Primary	225	Old Danville Highway Barn	16.4	-7	2025-09-05T04:10:01Z	1757045401
APS36057	2025-09-02T04:20:01Z	1756786801	20.192526636225264	Basal TC	CP	GP 2	Male	Yes	D-7	Primary	225	Old Danville Highway Barn	16.4	-7	2025-09-05T04:20:01Z	1757046001
APS36057	2025-09-02T04:30:01Z	1756787401	20.192526636225264	Basal TC	CP	GP 2	Male	Yes	D-7	Primary	225	Old Danville Highway Barn	16.4	-7	2025-09-05T04:30:01Z	1757046601
APS36057	2025-09-02T04:40:01Z	1756788001	20.192526636225264	Basal TC	CP	GP 2	Male	Yes	D-7	Primary	225	Old Danville Highway Barn	16.4	-7	2025-09-05T04:40:01Z	1757047201
APS36057	2025-09-02T04:50:01Z	1756788601	20.192526636225264	Basal TC	CP	GP 2	Male	Yes	D-7	Primary	225	Old Danville Highway Barn	16.4	-7	2025-09-05T04:50:01Z	1757047801
APS36057	2025-09-02T05:00:01Z	1756789201	20.192526636225264	Basal TC	CP	GP 2	Male	Yes	D-7	Primary	225	Old Danville Highway Barn	16.4	-7	2025-09-05T05:00:01Z	1757048401
APS36057	2025-09-02T05:10:01Z	1756789801	19.699071537290713	Basal TC	CP	GP 2	Male	Yes	D-7	Primary	225	Old Danville Highway Barn	16.4	-7	2025-09-05T05:10:01Z	1757049001
APS36057	2025-09-02T05:20:01Z	1756790401	19.205616438356163	Basal TC	CP	GP 2	Male	Yes	D-7	Primary	225	Old Danville Highway Barn	16.4	-7	2025-09-05T05:20:01Z	1757049601
APS36057	2025-09-02T05:30:01Z	1756791001	19.205616438356163	Basal TC	CP	GP 2	Male	Yes	D-7	Primary	225	Old Danville Highway Barn	16.4	-7	2025-09-05T05:30:01Z	1757050201
APS36057	2025-09-02T05:40:01Z	1756791601	18.712161339421613	Basal TC	CP	GP 2	Male	Yes	D-7	Primary	225	Old Danville Highway Barn	16.4	-7	2025-09-05T05:40:01Z	1757050801
APS36057	2025-09-02T05:50:01Z	1756792201	18.218706240487062	Basal TC	CP	GP 2	Male	Yes	D-7	Primary	225	Old Danville Highway Barn	16.4	-7	2025-09-05T05:50:01Z	1757051401
APS36057	2025-09-02T06:00:01Z	1756792801	17.725251141552512	Basal TC	CP	GP 2	Male	Yes	D-7	Primary	225	Old Danville Highway Barn	16.4	-7	2025-09-05T06:00:01Z	1757052001
APS36057	2025-09-02T06:10:01Z	1756793401	17.725251141552512	Basal TC	CP	GP 2	Male	Yes	D-7	Primary	225	Old Danville Highway Barn	16.4	-7	2025-09-05T06:10:01Z	1757052601
APS36057	2025-09-02T06:20:01Z	1756794001	17.23179604261796	Basal TC	CP	GP 2	Male	Yes	D-7	Primary	225	Old Danville Highway Barn	16.4	-7	2025-09-05T06:20:01Z	1757053201
APS36057	2025-09-02T06:30:01Z	1756794601	17.23179604261796	Basal TC	CP	GP 2	Male	Yes	D-7	Primary	225	Old Danville Highway Barn	16.4	-7	2025-09-05T06:30:01Z	1757053801
APS36057	2025-09-02T06:40:01Z	1756795201	16.738340943683408	Basal TC	CP	GP 2	Male	Yes	D-7	Primary	225	Old Danville Highway Barn	16.4	-7	2025-09-05T06:40:01Z	1757054401
APS36057	2025-09-02T06:50:01Z	1756795801	16.738340943683408	Basal TC	CP	GP 2	Male	Yes	D-7	Primary	225	Old Danville Highway Barn	16.4	-7	2025-09-05T06:50:01Z	1757055001
APS36057	2025-09-02T07:00:01Z	1756796401	16.244885844748858	Basal TC	CP	GP 2	Male	Yes	D-7	Primary	225	Old Danville Highway Barn	16.4	-7	2025-09-05T07:00:01Z	1757055601
APS36057	2025-09-02T07:10:01Z	1756797001	16.244885844748858	Basal TC	CP	GP 2	Male	Yes	D-7	Primary	225	Old Danville Highway Barn	16.4	-7	2025-09-05T07:10:01Z	1757056201
APS36057	2025-09-02T07:20:01Z	1756797601	16.244885844748858	Basal TC	CP	GP 2	Male	Yes	D-7	Primary	225	Old Danville Highway Barn	16.4	-7	2025-09-05T07:20:01Z	1757056801
APS36057	2025-09-02T07:30:01Z	1756798201	16.244885844748858	Basal TC	CP	GP 2	Male	Yes	D-7	Primary	225	Old Danville Highway Barn	16.4	-7	2025-09-05T07:30:01Z	1757057401
APS36057	2025-09-02T07:40:01Z	1756798801	15.751430745814307	Basal TC	CP	GP 2	Male	Yes	D-7	Primary	225	Old Danville Highway Barn	16.4	-7	2025-09-05T07:40:01Z	1757058001
APS36057	2025-09-02T07:50:01Z	1756799401	15.751430745814307	Basal TC	CP	GP 2	Male	Yes	D-7	Primary	225	Old Danville Highway Barn	16.4	-7	2025-09-05T07:50:01Z	1757058601
APS36057	2025-09-02T08:00:01Z	1756800001	15.751430745814307	Basal TC	CP	GP 2	Male	Yes	D-7	Primary	225	Old Danville Highway Barn	16.4	-7	2025-09-05T08:00:01Z	1757059201
APS36057	2025-09-02T08:10:01Z	1756800601	15.751430745814307	Basal TC	CP	GP 2	Male	Yes	D-7	Primary	225	Old Danville Highway Barn	16.4	-7	2025-09-05T08:10:01Z	1757059801
APS36057	2025-09-02T08:20:01Z	1756801201	15.751430745814307	Basal TC	CP	GP 2	Male	Yes	D-7	Primary	225	Old Danville Highway Barn	16.4	-7	2025-09-05T08:20:01Z	1757060401
APS36057	2025-09-02T08:30:01Z	1756801801	15.751430745814307	Basal TC	CP	GP 2	Male	Yes	D-7	Primary	225	Old Danville Highway Barn	16.4	-7	2025-09-05T08:30:01Z	1757061001
APS36057	2025-09-02T08:40:01Z	1756802401	15.751430745814307	Basal TC	CP	GP 2	Male	Yes	D-7	Primary	225	Old Danville Highway Barn	16.4	-7	2025-09-05T08:40:01Z	1757061601
APS36057	2025-09-02T08:50:01Z	1756803001	15.751430745814307	Basal TC	CP	GP 2	Male	Yes	D-7	Primary	225	Old Danville Highway Barn	16.4	-7	2025-09-05T08:50:01Z	1757062201
APS36057	2025-09-02T09:00:01Z	1756803601	15.751430745814307	Basal TC	CP	GP 2	Male	Yes	D-7	Primary	225	Old Danville Highway Barn	16.4	-7	2025-09-05T09:00:01Z	1757062801
APS36057	2025-09-02T09:10:01Z	1756804201	16.244885844748858	Basal TC	CP	GP 2	Male	Yes	D-7	Primary	225	Old Danville Highway Barn	16.4	-7	2025-09-05T09:10:01Z	1757063401
APS36057	2025-09-02T09:20:01Z	1756804801	16.738340943683408	Basal TC	CP	GP 2	Male	Yes	D-7	Primary	225	Old Danville Highway Barn	16.4	-7	2025-09-05T09:20:01Z	1757064001
APS36057	2025-09-02T09:30:01Z	1756805401	17.725251141552512	Basal TC	CP	GP 2	Male	Yes	D-7	Primary	225	Old Danville Highway Barn	16.4	-7	2025-09-05T09:30:01Z	1757064601
APS36057	2025-09-02T09:40:01Z	1756806001	17.725251141552512	Basal TC	CP	GP 2	Male	Yes	D-7	Primary	225	Old Danville Highway Barn	16.4	-7	2025-09-05T09:40:01Z	1757065201
APS36057	2025-09-02T09:50:01Z	1756806601	20.192526636225264	Basal TC	CP	GP 2	Male	Yes	D-7	Primary	225	Old Danville Highway Barn	16.4	-7	2025-09-05T09:50:01Z	1757065801
APS36057	2025-09-02T10:00:01Z	1756807201	22.659802130898022	Basal TC	CP	GP 2	Male	Yes	D-7	Primary	225	Old Danville Highway Barn	16.4	-7	2025-09-05T10:00:01Z	1757066401
APS36057	2025-09-02T10:10:01Z	1756807801	23.646712328767126	Basal TC	CP	GP 2	Male	Yes	D-7	Primary	225	Old Danville Highway Barn	16.4	-7	2025-09-05T10:10:01Z	1757067001
APS36057	2025-09-02T10:20:01Z	1756808401	21.67289193302892	Basal TC	CP	GP 2	Male	Yes	D-7	Primary	225	Old Danville Highway Barn	16.4	-7	2025-09-05T10:20:01Z	1757067601
APS36057	2025-09-02T10:30:01Z	1756809001	23.153257229832576	Basal TC	CP	GP 2	Male	Yes	D-7	Primary	225	Old Danville Highway Barn	16.4	-7	2025-09-05T10:30:01Z	1757068201
APS36057	2025-09-02T10:40:01Z	1756809601	24.140167427701677	Basal TC	CP	GP 2	Male	Yes	D-7	Primary	225	Old Danville Highway Barn	16.4	-7	2025-09-05T10:40:01Z	1757068801
APS36057	2025-09-02T10:50:01Z	1756810201	24.633622526636227	Basal TC	CP	GP 2	Male	Yes	D-7	Primary	225	Old Danville Highway Barn	16.4	-7	2025-09-05T10:50:01Z	1757069401
APS36057	2025-09-02T11:00:01Z	1756810801	25.620532724505328	Basal TC	CP	GP 2	Male	Yes	D-7	Primary	225	Old Danville Highway Barn	16.4	-7	2025-09-05T11:00:01Z	1757070001
APS36057	2025-09-02T11:10:01Z	1756811401	26.11398782343988	Basal TC	CP	GP 2	Male	Yes	D-7	Primary	225	Old Danville Highway Barn	16.4	-7	2025-09-05T11:10:01Z	1757070601
APS36057	2025-09-02T11:20:01Z	1756812001	26.60744292237443	Basal TC	CP	GP 2	Male	Yes	D-7	Primary	225	Old Danville Highway Barn	16.4	-7	2025-09-05T11:20:01Z	1757071201
APS36057	2025-09-02T11:30:01Z	1756812601	27.100898021308986	Basal TC	CP	GP 2	Male	Yes	D-7	Primary	225	Old Danville Highway Barn	16.4	-7	2025-09-05T11:30:01Z	1757071801
APS36057	2025-09-02T11:40:01Z	1756813201	27.594353120243532	Basal TC	CP	GP 2	Male	Yes	D-7	Primary	225	Old Danville Highway Barn	16.4	-7	2025-09-05T11:40:01Z	1757072401
APS36057	2025-09-02T11:50:01Z	1756813801	28.087808219178086	Basal TC	CP	GP 2	Male	Yes	D-7	Primary	225	Old Danville Highway Barn	16.4	-7	2025-09-05T11:50:01Z	1757073001
APS36057	2025-09-02T12:00:01Z	1756814401	30.06162861491629	Basal TC	CP	GP 2	Male	Yes	D-7	Primary	225	Old Danville Highway Barn	16.4	-7	2025-09-05T12:00:01Z	1757073601
APS36057	2025-09-02T12:10:01Z	1756815001	30.555083713850838	Basal TC	CP	GP 2	Male	Yes	D-7	Primary	225	Old Danville Highway Barn	16.4	-7	2025-09-05T12:10:01Z	1757074201
APS36057	2025-09-02T12:20:01Z	1756815601	31.04853881278539	Basal TC	CP	GP 2	Male	Yes	D-7	Primary	225	Old Danville Highway Barn	16.4	-7	2025-09-05T12:20:01Z	1757074801
APS36057	2025-09-02T12:30:01Z	1756816201	30.555083713850838	Basal TC	CP	GP 2	Male	Yes	D-7	Primary	225	Old Danville Highway Barn	16.4	-7	2025-09-05T12:30:01Z	1757075401
APS36057	2025-09-02T12:40:01Z	1756816801	30.555083713850838	Basal TC	CP	GP 2	Male	Yes	D-7	Primary	225	Old Danville Highway Barn	16.4	-7	2025-09-05T12:40:01Z	1757076001
APS36057	2025-09-02T12:50:01Z	1756817401	30.06162861491629	Basal TC	CP	GP 2	Male	Yes	D-7	Primary	225	Old Danville Highway Barn	16.4	-7	2025-09-05T12:50:01Z	1757076601
APS36057	2025-09-02T13:00:01Z	1756818001	30.06162861491629	Basal TC	CP	GP 2	Male	Yes	D-7	Primary	225	Old Danville Highway Barn	16.4	-7	2025-09-05T13:00:01Z	1757077201
APS36057	2025-09-02T13:10:01Z	1756818601	29.568173515981737	Basal TC	CP	GP 2	Male	Yes	D-7	Primary	225	Old Danville Highway Barn	16.4	-7	2025-09-05T13:10:01Z	1757077801
APS36057	2025-09-02T13:20:01Z	1756819201	28.087808219178086	Basal TC	CP	GP 2	Male	Yes	D-7	Primary	225	Old Danville Highway Barn	16.4	-7	2025-09-05T13:20:01Z	1757078401
APS36057	2025-09-02T13:30:01Z	1756819801	29.074718417047187	Basal TC	CP	GP 2	Male	Yes	D-7	Primary	225	Old Danville Highway Barn	16.4	-7	2025-09-05T13:30:01Z	1757079001
APS36057	2025-09-02T13:40:01Z	1756820401	28.581263318112637	Basal TC	CP	GP 2	Male	Yes	D-7	Primary	225	Old Danville Highway Barn	16.4	-7	2025-09-05T13:40:01Z	1757079601
APS36057	2025-09-02T13:50:01Z	1756821001	30.555083713850838	Basal TC	CP	GP 2	Male	Yes	D-7	Primary	225	Old Danville Highway Barn	16.4	-7	2025-09-05T13:50:01Z	1757080201
APS36103	2025-09-04T14:00:01Z	1756994401	34.73820366281335	Basal TC	CS	GP 1	Female	Yes	D-4	Secondary	207	Old Danville Highway Barn	19.1	-4	2025-09-04T14:00:01Z	1756994401
APS36103	2025-09-04T14:10:01Z	1756995001	35.238837222727334	Basal TC	CS	GP 1	Female	Yes	D-4	Secondary	207	Old Danville Highway Barn	19.1	-4	2025-09-04T14:10:01Z	1756995001
APS36103	2025-09-04T14:20:01Z	1756995601	34.73820366281335	Basal TC	CS	GP 1	Female	Yes	D-4	Secondary	207	Old Danville Highway Barn	19.1	-4	2025-09-04T14:20:01Z	1756995601
APS36103	2025-09-04T14:30:01Z	1756996201	35.73947078264133	Basal TC	CS	GP 1	Female	Yes	D-4	Secondary	207	Old Danville Highway Barn	19.1	-4	2025-09-04T14:30:01Z	1756996201
APS36103	2025-09-04T14:40:01Z	1756996801	35.238837222727334	Basal TC	CS	GP 1	Female	Yes	D-4	Secondary	207	Old Danville Highway Barn	19.1	-4	2025-09-04T14:40:01Z	1756996801
APS36103	2025-09-04T14:50:01Z	1756997401	34.23757010289937	Basal TC	CS	GP 1	Female	Yes	D-4	Secondary	207	Old Danville Highway Barn	19.1	-4	2025-09-04T14:50:01Z	1756997401
APS36103	2025-09-04T15:00:01Z	1756998001	34.73820366281335	Basal TC	CS	GP 1	Female	Yes	D-4	Secondary	207	Old Danville Highway Barn	19.1	-4	2025-09-04T15:00:01Z	1756998001
APS36103	2025-09-04T15:10:01Z	1756998601	35.73947078264133	Basal TC	CS	GP 1	Female	Yes	D-4	Secondary	207	Old Danville Highway Barn	19.1	-4	2025-09-04T15:10:01Z	1756998601
APS36103	2025-09-04T15:20:01Z	1756999201	35.73947078264133	Basal TC	CS	GP 1	Female	Yes	D-4	Secondary	207	Old Danville Highway Barn	19.1	-4	2025-09-04T15:20:01Z	1756999201
APS36103	2025-09-04T15:30:01Z	1756999801	35.238837222727334	Basal TC	CS	GP 1	Female	Yes	D-4	Secondary	207	Old Danville Highway Barn	19.1	-4	2025-09-04T15:30:01Z	1756999801
APS36103	2025-09-04T15:40:01Z	1757000401	35.73947078264133	Basal TC	CS	GP 1	Female	Yes	D-4	Secondary	207	Old Danville Highway Barn	19.1	-4	2025-09-04T15:40:01Z	1757000401
APS36103	2025-09-04T15:50:01Z	1757001001	34.73820366281335	Basal TC	CS	GP 1	Female	Yes	D-4	Secondary	207	Old Danville Highway Barn	19.1	-4	2025-09-04T15:50:01Z	1757001001
APS36103	2025-09-04T16:00:01Z	1757001601	35.73947078264133	Basal TC	CS	GP 1	Female	Yes	D-4	Secondary	207	Old Danville Highway Barn	19.1	-4	2025-09-04T16:00:01Z	1757001601
APS36103	2025-09-04T16:10:01Z	1757002201	34.23757010289937	Basal TC	CS	GP 1	Female	Yes	D-4	Secondary	207	Old Danville Highway Barn	19.1	-4	2025-09-04T16:10:01Z	1757002201
APS36103	2025-09-04T16:20:01Z	1757002801	32.23503586324342	Basal TC	CS	GP 1	Female	Yes	D-4	Secondary	207	Old Danville Highway Barn	19.1	-4	2025-09-04T16:20:01Z	1757002801
APS36103	2025-09-04T16:30:01Z	1757003401	29.731868063673492	Basal TC	CS	GP 1	Female	Yes	D-4	Secondary	207	Old Danville Highway Barn	19.1	-4	2025-09-04T16:30:01Z	1757003401
APS36103	2025-09-04T16:40:01Z	1757004001	31.734402303329436	Basal TC	CS	GP 1	Female	Yes	D-4	Secondary	207	Old Danville Highway Barn	19.1	-4	2025-09-04T16:40:01Z	1757004001
APS36103	2025-09-04T16:50:01Z	1757004601	31.233768743415453	Basal TC	CS	GP 1	Female	Yes	D-4	Secondary	207	Old Danville Highway Barn	19.1	-4	2025-09-04T16:50:01Z	1757004601
APS36103	2025-09-04T17:00:01Z	1757005201	29.731868063673492	Basal TC	CS	GP 1	Female	Yes	D-4	Secondary	207	Old Danville Highway Barn	19.1	-4	2025-09-04T17:00:01Z	1757005201
APS36103	2025-09-04T17:10:01Z	1757005801	29.231234503759506	Basal TC	CS	GP 1	Female	Yes	D-4	Secondary	207	Old Danville Highway Barn	19.1	-4	2025-09-04T17:10:01Z	1757005801
APS36103	2025-09-04T17:20:01Z	1757006401	29.231234503759506	Basal TC	CS	GP 1	Female	Yes	D-4	Secondary	207	Old Danville Highway Barn	19.1	-4	2025-09-04T17:20:01Z	1757006401
APS36103	2025-09-04T17:30:01Z	1757007001	31.734402303329436	Basal TC	CS	GP 1	Female	Yes	D-4	Secondary	207	Old Danville Highway Barn	19.1	-4	2025-09-04T17:30:01Z	1757007001
APS36103	2025-09-04T17:40:01Z	1757007601	32.23503586324342	Basal TC	CS	GP 1	Female	Yes	D-4	Secondary	207	Old Danville Highway Barn	19.1	-4	2025-09-04T17:40:01Z	1757007601
APS36103	2025-09-04T17:50:01Z	1757008201	32.23503586324342	Basal TC	CS	GP 1	Female	Yes	D-4	Secondary	207	Old Danville Highway Barn	19.1	-4	2025-09-04T17:50:01Z	1757008201
APS36103	2025-09-04T18:00:01Z	1757008801	32.23503586324342	Basal TC	CS	GP 1	Female	Yes	D-4	Secondary	207	Old Danville Highway Barn	19.1	-4	2025-09-04T18:00:01Z	1757008801
APS36103	2025-09-04T18:10:01Z	1757009401	32.23503586324342	Basal TC	CS	GP 1	Female	Yes	D-4	Secondary	207	Old Danville Highway Barn	19.1	-4	2025-09-04T18:10:01Z	1757009401
APS36103	2025-09-04T18:20:01Z	1757010001	32.23503586324342	Basal TC	CS	GP 1	Female	Yes	D-4	Secondary	207	Old Danville Highway Barn	19.1	-4	2025-09-04T18:20:01Z	1757010001
APS36103	2025-09-04T18:30:01Z	1757010601	31.734402303329436	Basal TC	CS	GP 1	Female	Yes	D-4	Secondary	207	Old Danville Highway Barn	19.1	-4	2025-09-04T18:30:01Z	1757010601
APS36103	2025-09-04T18:40:01Z	1757011201	31.233768743415453	Basal TC	CS	GP 1	Female	Yes	D-4	Secondary	207	Old Danville Highway Barn	19.1	-4	2025-09-04T18:40:01Z	1757011201
APS36103	2025-09-04T18:50:01Z	1757011801	31.233768743415453	Basal TC	CS	GP 1	Female	Yes	D-4	Secondary	207	Old Danville Highway Barn	19.1	-4	2025-09-04T18:50:01Z	1757011801
APS36103	2025-09-04T19:00:01Z	1757012401	31.233768743415453	Basal TC	CS	GP 1	Female	Yes	D-4	Secondary	207	Old Danville Highway Barn	19.1	-4	2025-09-04T19:00:01Z	1757012401
APS36103	2025-09-04T19:10:01Z	1757013001	32.23503586324342	Basal TC	CS	GP 1	Female	Yes	D-4	Secondary	207	Old Danville Highway Barn	19.1	-4	2025-09-04T19:10:01Z	1757013001
APS36103	2025-09-04T19:20:01Z	1757013601	32.23503586324342	Basal TC	CS	GP 1	Female	Yes	D-4	Secondary	207	Old Danville Highway Barn	19.1	-4	2025-09-04T19:20:01Z	1757013601
APS36103	2025-09-04T19:30:01Z	1757014201	31.233768743415453	Basal TC	CS	GP 1	Female	Yes	D-4	Secondary	207	Old Danville Highway Barn	19.1	-4	2025-09-04T19:30:01Z	1757014201
APS36103	2025-09-04T19:40:01Z	1757014801	31.233768743415453	Basal TC	CS	GP 1	Female	Yes	D-4	Secondary	207	Old Danville Highway Barn	19.1	-4	2025-09-04T19:40:01Z	1757014801
APS36103	2025-09-04T19:50:01Z	1757015401	31.233768743415453	Basal TC	CS	GP 1	Female	Yes	D-4	Secondary	207	Old Danville Highway Barn	19.1	-4	2025-09-04T19:50:01Z	1757015401
APS36103	2025-09-04T20:00:01Z	1757016001	31.233768743415453	Basal TC	CS	GP 1	Female	Yes	D-4	Secondary	207	Old Danville Highway Barn	19.1	-4	2025-09-04T20:00:01Z	1757016001
APS36103	2025-09-04T20:10:01Z	1757016601	32.23503586324342	Basal TC	CS	GP 1	Female	Yes	D-4	Secondary	207	Old Danville Highway Barn	19.1	-4	2025-09-04T20:10:01Z	1757016601
APS36103	2025-09-04T20:20:01Z	1757017201	32.23503586324342	Basal TC	CS	GP 1	Female	Yes	D-4	Secondary	207	Old Danville Highway Barn	19.1	-4	2025-09-04T20:20:01Z	1757017201
APS36103	2025-09-04T20:30:01Z	1757017801	32.23503586324342	Basal TC	CS	GP 1	Female	Yes	D-4	Secondary	207	Old Danville Highway Barn	19.1	-4	2025-09-04T20:30:01Z	1757017801
APS36103	2025-09-04T20:40:01Z	1757018401	32.23503586324342	Basal TC	CS	GP 1	Female	Yes	D-4	Secondary	207	Old Danville Highway Barn	19.1	-4	2025-09-04T20:40:01Z	1757018401
APS36103	2025-09-04T20:50:01Z	1757019001	33.23630298307139	Basal TC	CS	GP 1	Female	Yes	D-4	Secondary	207	Old Danville Highway Barn	19.1	-4	2025-09-04T20:50:01Z	1757019001
APS36103	2025-09-04T21:00:01Z	1757019601	33.23630298307139	Basal TC	CS	GP 1	Female	Yes	D-4	Secondary	207	Old Danville Highway Barn	19.1	-4	2025-09-04T21:00:01Z	1757019601
APS36103	2025-09-04T21:10:01Z	1757020201	33.23630298307139	Basal TC	CS	GP 1	Female	Yes	D-4	Secondary	207	Old Danville Highway Barn	19.1	-4	2025-09-04T21:10:01Z	1757020201
APS36103	2025-09-04T21:20:01Z	1757020801	32.73566942315741	Basal TC	CS	GP 1	Female	Yes	D-4	Secondary	207	Old Danville Highway Barn	19.1	-4	2025-09-04T21:20:01Z	1757020801
APS36103	2025-09-04T21:30:01Z	1757021401	32.73566942315741	Basal TC	CS	GP 1	Female	Yes	D-4	Secondary	207	Old Danville Highway Barn	19.1	-4	2025-09-04T21:30:01Z	1757021401
APS36103	2025-09-04T21:40:01Z	1757022001	32.23503586324342	Basal TC	CS	GP 1	Female	Yes	D-4	Secondary	207	Old Danville Highway Barn	19.1	-4	2025-09-04T21:40:01Z	1757022001
APS36103	2025-09-04T21:50:01Z	1757022601	31.233768743415453	Basal TC	CS	GP 1	Female	Yes	D-4	Secondary	207	Old Danville Highway Barn	19.1	-4	2025-09-04T21:50:01Z	1757022601
APS36103	2025-09-04T22:00:01Z	1757023201	31.734402303329436	Basal TC	CS	GP 1	Female	Yes	D-4	Secondary	207	Old Danville Highway Barn	19.1	-4	2025-09-04T22:00:01Z	1757023201
APS36103	2025-09-04T22:10:01Z	1757023801	31.734402303329436	Basal TC	CS	GP 1	Female	Yes	D-4	Secondary	207	Old Danville Highway Barn	19.1	-4	2025-09-04T22:10:01Z	1757023801
APS36103	2025-09-04T22:20:01Z	1757024401	31.734402303329436	Basal TC	CS	GP 1	Female	Yes	D-4	Secondary	207	Old Danville Highway Barn	19.1	-4	2025-09-04T22:20:01Z	1757024401
APS36103	2025-09-04T22:30:01Z	1757025001	31.233768743415453	Basal TC	CS	GP 1	Female	Yes	D-4	Secondary	207	Old Danville Highway Barn	19.1	-4	2025-09-04T22:30:01Z	1757025001
APS36103	2025-09-04T22:40:01Z	1757025601	31.233768743415453	Basal TC	CS	GP 1	Female	Yes	D-4	Secondary	207	Old Danville Highway Barn	19.1	-4	2025-09-04T22:40:01Z	1757025601
APS36103	2025-09-04T22:50:01Z	1757026201	30.733135183501464	Basal TC	CS	GP 1	Female	Yes	D-4	Secondary	207	Old Danville Highway Barn	19.1	-4	2025-09-04T22:50:01Z	1757026201
APS36103	2025-09-04T23:00:01Z	1757026801	31.734402303329436	Basal TC	CS	GP 1	Female	Yes	D-4	Secondary	207	Old Danville Highway Barn	19.1	-4	2025-09-04T23:00:01Z	1757026801
APS36103	2025-09-04T23:10:01Z	1757027401	32.23503586324342	Basal TC	CS	GP 1	Female	Yes	D-4	Secondary	207	Old Danville Highway Barn	19.1	-4	2025-09-04T23:10:01Z	1757027401
APS36103	2025-09-04T23:20:01Z	1757028001	30.733135183501464	Basal TC	CS	GP 1	Female	Yes	D-4	Secondary	207	Old Danville Highway Barn	19.1	-4	2025-09-04T23:20:01Z	1757028001
APS36103	2025-09-04T23:30:01Z	1757028601	30.232501623587478	Basal TC	CS	GP 1	Female	Yes	D-4	Secondary	207	Old Danville Highway Barn	19.1	-4	2025-09-04T23:30:01Z	1757028601
APS36103	2025-09-04T23:40:01Z	1757029201	31.734402303329436	Basal TC	CS	GP 1	Female	Yes	D-4	Secondary	207	Old Danville Highway Barn	19.1	-4	2025-09-04T23:40:01Z	1757029201
APS36103	2025-09-04T23:50:01Z	1757029801	31.233768743415453	Basal TC	CS	GP 1	Female	Yes	D-4	Secondary	207	Old Danville Highway Barn	19.1	-4	2025-09-04T23:50:01Z	1757029801
APS36103	2025-09-05T00:00:01Z	1757030401	30.232501623587478	Basal TC	CS	GP 1	Female	Yes	D-4	Secondary	207	Old Danville Highway Barn	19.1	-4	2025-09-05T00:00:01Z	1757030401
APS36103	2025-09-05T00:10:01Z	1757031001	30.232501623587478	Basal TC	CS	GP 1	Female	Yes	D-4	Secondary	207	Old Danville Highway Barn	19.1	-4	2025-09-05T00:10:01Z	1757031001
APS36103	2025-09-05T00:20:01Z	1757031601	32.23503586324342	Basal TC	CS	GP 1	Female	Yes	D-4	Secondary	207	Old Danville Highway Barn	19.1	-4	2025-09-05T00:20:01Z	1757031601
APS36103	2025-09-05T00:30:01Z	1757032201	32.23503586324342	Basal TC	CS	GP 1	Female	Yes	D-4	Secondary	207	Old Danville Highway Barn	19.1	-4	2025-09-05T00:30:01Z	1757032201
APS36103	2025-09-05T00:40:01Z	1757032801	32.23503586324342	Basal TC	CS	GP 1	Female	Yes	D-4	Secondary	207	Old Danville Highway Barn	19.1	-4	2025-09-05T00:40:01Z	1757032801
APS36103	2025-09-05T00:50:01Z	1757033401	32.23503586324342	Basal TC	CS	GP 1	Female	Yes	D-4	Secondary	207	Old Danville Highway Barn	19.1	-4	2025-09-05T00:50:01Z	1757033401
APS36103	2025-09-05T01:00:01Z	1757034001	31.734402303329436	Basal TC	CS	GP 1	Female	Yes	D-4	Secondary	207	Old Danville Highway Barn	19.1	-4	2025-09-05T01:00:01Z	1757034001
APS36103	2025-09-05T01:10:01Z	1757034601	31.233768743415453	Basal TC	CS	GP 1	Female	Yes	D-4	Secondary	207	Old Danville Highway Barn	19.1	-4	2025-09-05T01:10:01Z	1757034601
APS36103	2025-09-05T01:20:01Z	1757035201	31.233768743415453	Basal TC	CS	GP 1	Female	Yes	D-4	Secondary	207	Old Danville Highway Barn	19.1	-4	2025-09-05T01:20:01Z	1757035201
APS36103	2025-09-05T01:30:01Z	1757035801	29.231234503759506	Basal TC	CS	GP 1	Female	Yes	D-4	Secondary	207	Old Danville Highway Barn	19.1	-4	2025-09-05T01:30:01Z	1757035801
APS36103	2025-09-05T01:40:01Z	1757036401	26.728066704189576	Basal TC	CS	GP 1	Female	Yes	D-4	Secondary	207	Old Danville Highway Barn	19.1	-4	2025-09-05T01:40:01Z	1757036401
APS36103	2025-09-05T01:50:01Z	1757037001	24.725532464533636	Basal TC	CS	GP 1	Female	Yes	D-4	Secondary	207	Old Danville Highway Barn	19.1	-4	2025-09-05T01:50:01Z	1757037001
APS36103	2025-09-05T02:00:01Z	1757037601	22.72299822487769	Basal TC	CS	GP 1	Female	Yes	D-4	Secondary	207	Old Danville Highway Barn	19.1	-4	2025-09-05T02:00:01Z	1757037601
APS36103	2025-09-05T02:10:01Z	1757038201	21.721731105049717	Basal TC	CS	GP 1	Female	Yes	D-4	Secondary	207	Old Danville Highway Barn	19.1	-4	2025-09-05T02:10:01Z	1757038201
APS36103	2025-09-05T02:20:01Z	1757038801	20.219830425307762	Basal TC	CS	GP 1	Female	Yes	D-4	Secondary	207	Old Danville Highway Barn	19.1	-4	2025-09-05T02:20:01Z	1757038801
APS36103	2025-09-05T02:30:01Z	1757039401	19.719196865393773	Basal TC	CS	GP 1	Female	Yes	D-4	Secondary	207	Old Danville Highway Barn	19.1	-4	2025-09-05T02:30:01Z	1757039401
APS36103	2025-09-05T02:40:01Z	1757040001	19.218563305479787	Basal TC	CS	GP 1	Female	Yes	D-4	Secondary	207	Old Danville Highway Barn	19.1	-4	2025-09-05T02:40:01Z	1757040001
APS36103	2025-09-05T02:50:01Z	1757040601	19.719196865393773	Basal TC	CS	GP 1	Female	Yes	D-4	Secondary	207	Old Danville Highway Barn	19.1	-4	2025-09-05T02:50:01Z	1757040601
APS36103	2025-09-05T03:00:01Z	1757041201	20.219830425307762	Basal TC	CS	GP 1	Female	Yes	D-4	Secondary	207	Old Danville Highway Barn	19.1	-4	2025-09-05T03:00:01Z	1757041201
APS36103	2025-09-05T03:10:01Z	1757041801	20.219830425307762	Basal TC	CS	GP 1	Female	Yes	D-4	Secondary	207	Old Danville Highway Barn	19.1	-4	2025-09-05T03:10:01Z	1757041801
APS36103	2025-09-05T03:20:01Z	1757042401	20.219830425307762	Basal TC	CS	GP 1	Female	Yes	D-4	Secondary	207	Old Danville Highway Barn	19.1	-4	2025-09-05T03:20:01Z	1757042401
APS36103	2025-09-05T03:30:01Z	1757043001	20.219830425307762	Basal TC	CS	GP 1	Female	Yes	D-4	Secondary	207	Old Danville Highway Barn	19.1	-4	2025-09-05T03:30:01Z	1757043001
APS36103	2025-09-05T03:40:01Z	1757043601	20.219830425307762	Basal TC	CS	GP 1	Female	Yes	D-4	Secondary	207	Old Danville Highway Barn	19.1	-4	2025-09-05T03:40:01Z	1757043601
APS36103	2025-09-05T03:50:01Z	1757044201	19.719196865393773	Basal TC	CS	GP 1	Female	Yes	D-4	Secondary	207	Old Danville Highway Barn	19.1	-4	2025-09-05T03:50:01Z	1757044201
APS36103	2025-09-05T04:00:01Z	1757044801	19.719196865393773	Basal TC	CS	GP 1	Female	Yes	D-4	Secondary	207	Old Danville Highway Barn	19.1	-4	2025-09-05T04:00:01Z	1757044801
APS36103	2025-09-05T04:10:01Z	1757045401	19.218563305479787	Basal TC	CS	GP 1	Female	Yes	D-4	Secondary	207	Old Danville Highway Barn	19.1	-4	2025-09-05T04:10:01Z	1757045401
APS36103	2025-09-05T04:20:01Z	1757046001	18.217296185651815	Basal TC	CS	GP 1	Female	Yes	D-4	Secondary	207	Old Danville Highway Barn	19.1	-4	2025-09-05T04:20:01Z	1757046001
APS36103	2025-09-05T04:30:01Z	1757046601	17.71666262573783	Basal TC	CS	GP 1	Female	Yes	D-4	Secondary	207	Old Danville Highway Barn	19.1	-4	2025-09-05T04:30:01Z	1757046601
APS36103	2025-09-05T04:40:01Z	1757047201	17.216029065823847	Basal TC	CS	GP 1	Female	Yes	D-4	Secondary	207	Old Danville Highway Barn	19.1	-4	2025-09-05T04:40:01Z	1757047201
APS36103	2025-09-05T04:50:01Z	1757047801	16.715395505909857	Basal TC	CS	GP 1	Female	Yes	D-4	Secondary	207	Old Danville Highway Barn	19.1	-4	2025-09-05T04:50:01Z	1757047801
APS36103	2025-09-05T05:00:01Z	1757048401	16.214761945995875	Basal TC	CS	GP 1	Female	Yes	D-4	Secondary	207	Old Danville Highway Barn	19.1	-4	2025-09-05T05:00:01Z	1757048401
APS36103	2025-09-05T05:10:01Z	1757049001	15.714128386081885	Basal TC	CS	GP 1	Female	Yes	D-4	Secondary	207	Old Danville Highway Barn	19.1	-4	2025-09-05T05:10:01Z	1757049001
APS36103	2025-09-05T05:20:01Z	1757049601	15.714128386081885	Basal TC	CS	GP 1	Female	Yes	D-4	Secondary	207	Old Danville Highway Barn	19.1	-4	2025-09-05T05:20:01Z	1757049601
APS36103	2025-09-05T05:30:01Z	1757050201	15.2134948261679	Basal TC	CS	GP 1	Female	Yes	D-4	Secondary	207	Old Danville Highway Barn	19.1	-4	2025-09-05T05:30:01Z	1757050201
APS36103	2025-09-05T05:40:01Z	1757050801	15.2134948261679	Basal TC	CS	GP 1	Female	Yes	D-4	Secondary	207	Old Danville Highway Barn	19.1	-4	2025-09-05T05:40:01Z	1757050801
APS36103	2025-09-05T05:50:01Z	1757051401	15.2134948261679	Basal TC	CS	GP 1	Female	Yes	D-4	Secondary	207	Old Danville Highway Barn	19.1	-4	2025-09-05T05:50:01Z	1757051401
APS36103	2025-09-05T06:00:01Z	1757052001	15.2134948261679	Basal TC	CS	GP 1	Female	Yes	D-4	Secondary	207	Old Danville Highway Barn	19.1	-4	2025-09-05T06:00:01Z	1757052001
APS36103	2025-09-05T06:10:01Z	1757052601	15.714128386081885	Basal TC	CS	GP 1	Female	Yes	D-4	Secondary	207	Old Danville Highway Barn	19.1	-4	2025-09-05T06:10:01Z	1757052601
APS36103	2025-09-05T06:20:01Z	1757053201	15.714128386081885	Basal TC	CS	GP 1	Female	Yes	D-4	Secondary	207	Old Danville Highway Barn	19.1	-4	2025-09-05T06:20:01Z	1757053201
APS36103	2025-09-05T06:30:01Z	1757053801	15.714128386081885	Basal TC	CS	GP 1	Female	Yes	D-4	Secondary	207	Old Danville Highway Barn	19.1	-4	2025-09-05T06:30:01Z	1757053801
APS36103	2025-09-05T06:40:01Z	1757054401	15.714128386081885	Basal TC	CS	GP 1	Female	Yes	D-4	Secondary	207	Old Danville Highway Barn	19.1	-4	2025-09-05T06:40:01Z	1757054401
APS36103	2025-09-05T06:50:01Z	1757055001	15.2134948261679	Basal TC	CS	GP 1	Female	Yes	D-4	Secondary	207	Old Danville Highway Barn	19.1	-4	2025-09-05T06:50:01Z	1757055001
APS36103	2025-09-05T07:00:01Z	1757055601	15.714128386081885	Basal TC	CS	GP 1	Female	Yes	D-4	Secondary	207	Old Danville Highway Barn	19.1	-4	2025-09-05T07:00:01Z	1757055601
APS36103	2025-09-05T07:10:01Z	1757056201	15.2134948261679	Basal TC	CS	GP 1	Female	Yes	D-4	Secondary	207	Old Danville Highway Barn	19.1	-4	2025-09-05T07:10:01Z	1757056201
APS36103	2025-09-05T07:20:01Z	1757056801	15.2134948261679	Basal TC	CS	GP 1	Female	Yes	D-4	Secondary	207	Old Danville Highway Barn	19.1	-4	2025-09-05T07:20:01Z	1757056801
APS36103	2025-09-05T07:30:01Z	1757057401	15.2134948261679	Basal TC	CS	GP 1	Female	Yes	D-4	Secondary	207	Old Danville Highway Barn	19.1	-4	2025-09-05T07:30:01Z	1757057401
APS36103	2025-09-05T07:40:01Z	1757058001	15.2134948261679	Basal TC	CS	GP 1	Female	Yes	D-4	Secondary	207	Old Danville Highway Barn	19.1	-4	2025-09-05T07:40:01Z	1757058001
APS36103	2025-09-05T07:50:01Z	1757058601	15.2134948261679	Basal TC	CS	GP 1	Female	Yes	D-4	Secondary	207	Old Danville Highway Barn	19.1	-4	2025-09-05T07:50:01Z	1757058601
APS36103	2025-09-05T08:00:01Z	1757059201	15.2134948261679	Basal TC	CS	GP 1	Female	Yes	D-4	Secondary	207	Old Danville Highway Barn	19.1	-4	2025-09-05T08:00:01Z	1757059201
APS36103	2025-09-05T08:10:01Z	1757059801	15.2134948261679	Basal TC	CS	GP 1	Female	Yes	D-4	Secondary	207	Old Danville Highway Barn	19.1	-4	2025-09-05T08:10:01Z	1757059801
APS36103	2025-09-05T08:20:01Z	1757060401	15.2134948261679	Basal TC	CS	GP 1	Female	Yes	D-4	Secondary	207	Old Danville Highway Barn	19.1	-4	2025-09-05T08:20:01Z	1757060401
APS36103	2025-09-05T08:30:01Z	1757061001	15.2134948261679	Basal TC	CS	GP 1	Female	Yes	D-4	Secondary	207	Old Danville Highway Barn	19.1	-4	2025-09-05T08:30:01Z	1757061001
APS36103	2025-09-05T08:40:01Z	1757061601	15.2134948261679	Basal TC	CS	GP 1	Female	Yes	D-4	Secondary	207	Old Danville Highway Barn	19.1	-4	2025-09-05T08:40:01Z	1757061601
APS36103	2025-09-05T08:50:01Z	1757062201	14.712861266253917	Basal TC	CS	GP 1	Female	Yes	D-4	Secondary	207	Old Danville Highway Barn	19.1	-4	2025-09-05T08:50:01Z	1757062201
APS36103	2025-09-05T09:00:01Z	1757062801	14.712861266253917	Basal TC	CS	GP 1	Female	Yes	D-4	Secondary	207	Old Danville Highway Barn	19.1	-4	2025-09-05T09:00:01Z	1757062801
APS36103	2025-09-05T09:10:01Z	1757063401	14.712861266253917	Basal TC	CS	GP 1	Female	Yes	D-4	Secondary	207	Old Danville Highway Barn	19.1	-4	2025-09-05T09:10:01Z	1757063401
APS36103	2025-09-05T09:20:01Z	1757064001	14.712861266253917	Basal TC	CS	GP 1	Female	Yes	D-4	Secondary	207	Old Danville Highway Barn	19.1	-4	2025-09-05T09:20:01Z	1757064001
APS36103	2025-09-05T09:30:01Z	1757064601	14.712861266253917	Basal TC	CS	GP 1	Female	Yes	D-4	Secondary	207	Old Danville Highway Barn	19.1	-4	2025-09-05T09:30:01Z	1757064601
APS36103	2025-09-05T09:40:01Z	1757065201	14.712861266253917	Basal TC	CS	GP 1	Female	Yes	D-4	Secondary	207	Old Danville Highway Barn	19.1	-4	2025-09-05T09:40:01Z	1757065201
APS36103	2025-09-05T09:50:01Z	1757065801	14.712861266253917	Basal TC	CS	GP 1	Female	Yes	D-4	Secondary	207	Old Danville Highway Barn	19.1	-4	2025-09-05T09:50:01Z	1757065801
APS36103	2025-09-05T10:00:01Z	1757066401	14.712861266253917	Basal TC	CS	GP 1	Female	Yes	D-4	Secondary	207	Old Danville Highway Barn	19.1	-4	2025-09-05T10:00:01Z	1757066401
APS36103	2025-09-05T10:10:01Z	1757067001	14.712861266253917	Basal TC	CS	GP 1	Female	Yes	D-4	Secondary	207	Old Danville Highway Barn	19.1	-4	2025-09-05T10:10:01Z	1757067001
APS36103	2025-09-05T10:20:01Z	1757067601	14.712861266253917	Basal TC	CS	GP 1	Female	Yes	D-4	Secondary	207	Old Danville Highway Barn	19.1	-4	2025-09-05T10:20:01Z	1757067601
APS36103	2025-09-05T10:30:01Z	1757068201	14.712861266253917	Basal TC	CS	GP 1	Female	Yes	D-4	Secondary	207	Old Danville Highway Barn	19.1	-4	2025-09-05T10:30:01Z	1757068201
APS36103	2025-09-05T10:40:01Z	1757068801	14.712861266253917	Basal TC	CS	GP 1	Female	Yes	D-4	Secondary	207	Old Danville Highway Barn	19.1	-4	2025-09-05T10:40:01Z	1757068801
APS36103	2025-09-05T10:50:01Z	1757069401	14.712861266253917	Basal TC	CS	GP 1	Female	Yes	D-4	Secondary	207	Old Danville Highway Barn	19.1	-4	2025-09-05T10:50:01Z	1757069401
APS36103	2025-09-05T11:00:01Z	1757070001	14.712861266253917	Basal TC	CS	GP 1	Female	Yes	D-4	Secondary	207	Old Danville Highway Barn	19.1	-4	2025-09-05T11:00:01Z	1757070001
APS36103	2025-09-05T11:10:01Z	1757070601	14.712861266253917	Basal TC	CS	GP 1	Female	Yes	D-4	Secondary	207	Old Danville Highway Barn	19.1	-4	2025-09-05T11:10:01Z	1757070601
APS36103	2025-09-05T11:20:01Z	1757071201	14.712861266253917	Basal TC	CS	GP 1	Female	Yes	D-4	Secondary	207	Old Danville Highway Barn	19.1	-4	2025-09-05T11:20:01Z	1757071201
APS36103	2025-09-05T11:30:01Z	1757071801	14.712861266253917	Basal TC	CS	GP 1	Female	Yes	D-4	Secondary	207	Old Danville Highway Barn	19.1	-4	2025-09-05T11:30:01Z	1757071801
APS36103	2025-09-05T11:40:01Z	1757072401	14.712861266253917	Basal TC	CS	GP 1	Female	Yes	D-4	Secondary	207	Old Danville Highway Barn	19.1	-4	2025-09-05T11:40:01Z	1757072401
APS36103	2025-09-05T11:50:01Z	1757073001	14.712861266253917	Basal TC	CS	GP 1	Female	Yes	D-4	Secondary	207	Old Danville Highway Barn	19.1	-4	2025-09-05T11:50:01Z	1757073001
APS36103	2025-09-05T12:00:01Z	1757073601	15.2134948261679	Basal TC	CS	GP 1	Female	Yes	D-4	Secondary	207	Old Danville Highway Barn	19.1	-4	2025-09-05T12:00:01Z	1757073601
APS36103	2025-09-05T12:10:01Z	1757074201	14.712861266253917	Basal TC	CS	GP 1	Female	Yes	D-4	Secondary	207	Old Danville Highway Barn	19.1	-4	2025-09-05T12:10:01Z	1757074201
APS36103	2025-09-05T12:20:01Z	1757074801	14.712861266253917	Basal TC	CS	GP 1	Female	Yes	D-4	Secondary	207	Old Danville Highway Barn	19.1	-4	2025-09-05T12:20:01Z	1757074801
APS36103	2025-09-05T12:30:01Z	1757075401	14.712861266253917	Basal TC	CS	GP 1	Female	Yes	D-4	Secondary	207	Old Danville Highway Barn	19.1	-4	2025-09-05T12:30:01Z	1757075401
APS36103	2025-09-05T12:40:01Z	1757076001	14.712861266253917	Basal TC	CS	GP 1	Female	Yes	D-4	Secondary	207	Old Danville Highway Barn	19.1	-4	2025-09-05T12:40:01Z	1757076001
APS36103	2025-09-05T12:50:01Z	1757076601	15.714128386081885	Basal TC	CS	GP 1	Female	Yes	D-4	Secondary	207	Old Danville Highway Barn	19.1	-4	2025-09-05T12:50:01Z	1757076601
APS36103	2025-09-05T13:00:01Z	1757077201	15.2134948261679	Basal TC	CS	GP 1	Female	Yes	D-4	Secondary	207	Old Danville Highway Barn	19.1	-4	2025-09-05T13:00:01Z	1757077201
APS36103	2025-09-05T13:10:01Z	1757077801	15.2134948261679	Basal TC	CS	GP 1	Female	Yes	D-4	Secondary	207	Old Danville Highway Barn	19.1	-4	2025-09-05T13:10:01Z	1757077801
APS36103	2025-09-05T13:20:01Z	1757078401	15.714128386081885	Basal TC	CS	GP 1	Female	Yes	D-4	Secondary	207	Old Danville Highway Barn	19.1	-4	2025-09-05T13:20:01Z	1757078401
APS36103	2025-09-05T13:30:01Z	1757079001	23.223631784791678	Basal TC	CS	GP 1	Female	Yes	D-4	Secondary	207	Old Danville Highway Barn	19.1	-4	2025-09-05T13:30:01Z	1757079001
APS36103	2025-09-05T13:40:01Z	1757079601	31.734402303329436	Basal TC	CS	GP 1	Female	Yes	D-4	Secondary	207	Old Danville Highway Barn	19.1	-4	2025-09-05T13:40:01Z	1757079601
APS36103	2025-09-05T13:50:01Z	1757080201	32.73566942315741	Basal TC	CS	GP 1	Female	Yes	D-4	Secondary	207	Old Danville Highway Barn	19.1	-4	2025-09-05T13:50:01Z	1757080201
APS36106	2025-09-04T14:00:01Z	1756994401	33.98656441717792	Basal TC	CP+S	GP 1	Female	Yes	D-4	Dual	200	Warriors Mark Farmhouse	25.4	-4	2025-09-04T14:00:01Z	1756994401
APS36106	2025-09-04T14:10:01Z	1756995001	33.98656441717792	Basal TC	CP+S	GP 1	Female	Yes	D-4	Dual	200	Warriors Mark Farmhouse	25.4	-4	2025-09-04T14:10:01Z	1756995001
APS36106	2025-09-04T14:20:01Z	1756995601	33.98656441717792	Basal TC	CP+S	GP 1	Female	Yes	D-4	Dual	200	Warriors Mark Farmhouse	25.4	-4	2025-09-04T14:20:01Z	1756995601
APS36106	2025-09-04T14:30:01Z	1756996201	34.483803680981595	Basal TC	CP+S	GP 1	Female	Yes	D-4	Dual	200	Warriors Mark Farmhouse	25.4	-4	2025-09-04T14:30:01Z	1756996201
APS36106	2025-09-04T14:40:01Z	1756996801	34.98104294478528	Basal TC	CP+S	GP 1	Female	Yes	D-4	Dual	200	Warriors Mark Farmhouse	25.4	-4	2025-09-04T14:40:01Z	1756996801
APS36106	2025-09-04T14:50:01Z	1756997401	32.992085889570554	Basal TC	CP+S	GP 1	Female	Yes	D-4	Dual	200	Warriors Mark Farmhouse	25.4	-4	2025-09-04T14:50:01Z	1756997401
APS36106	2025-09-04T15:00:01Z	1756998001	32.992085889570554	Basal TC	CP+S	GP 1	Female	Yes	D-4	Dual	200	Warriors Mark Farmhouse	25.4	-4	2025-09-04T15:00:01Z	1756998001
APS36106	2025-09-04T15:10:01Z	1756998601	33.48932515337423	Basal TC	CP+S	GP 1	Female	Yes	D-4	Dual	200	Warriors Mark Farmhouse	25.4	-4	2025-09-04T15:10:01Z	1756998601
APS36106	2025-09-04T15:20:01Z	1756999201	32.992085889570554	Basal TC	CP+S	GP 1	Female	Yes	D-4	Dual	200	Warriors Mark Farmhouse	25.4	-4	2025-09-04T15:20:01Z	1756999201
APS36106	2025-09-04T15:30:01Z	1756999801	32.992085889570554	Basal TC	CP+S	GP 1	Female	Yes	D-4	Dual	200	Warriors Mark Farmhouse	25.4	-4	2025-09-04T15:30:01Z	1756999801
APS36106	2025-09-04T15:40:01Z	1757000401	33.98656441717792	Basal TC	CP+S	GP 1	Female	Yes	D-4	Dual	200	Warriors Mark Farmhouse	25.4	-4	2025-09-04T15:40:01Z	1757000401
APS36106	2025-09-04T15:50:01Z	1757001001	33.48932515337423	Basal TC	CP+S	GP 1	Female	Yes	D-4	Dual	200	Warriors Mark Farmhouse	25.4	-4	2025-09-04T15:50:01Z	1757001001
APS36106	2025-09-04T16:00:01Z	1757001601	33.48932515337423	Basal TC	CP+S	GP 1	Female	Yes	D-4	Dual	200	Warriors Mark Farmhouse	25.4	-4	2025-09-04T16:00:01Z	1757001601
APS36106	2025-09-04T16:10:01Z	1757002201	30.50588957055215	Basal TC	CP+S	GP 1	Female	Yes	D-4	Dual	200	Warriors Mark Farmhouse	25.4	-4	2025-09-04T16:10:01Z	1757002201
APS36106	2025-09-04T16:20:01Z	1757002801	30.008650306748468	Basal TC	CP+S	GP 1	Female	Yes	D-4	Dual	200	Warriors Mark Farmhouse	25.4	-4	2025-09-04T16:20:01Z	1757002801
APS36106	2025-09-04T16:30:01Z	1757003401	30.50588957055215	Basal TC	CP+S	GP 1	Female	Yes	D-4	Dual	200	Warriors Mark Farmhouse	25.4	-4	2025-09-04T16:30:01Z	1757003401
APS36106	2025-09-04T16:40:01Z	1757004001	31.00312883435583	Basal TC	CP+S	GP 1	Female	Yes	D-4	Dual	200	Warriors Mark Farmhouse	25.4	-4	2025-09-04T16:40:01Z	1757004001
APS36106	2025-09-04T16:50:01Z	1757004601	31.00312883435583	Basal TC	CP+S	GP 1	Female	Yes	D-4	Dual	200	Warriors Mark Farmhouse	25.4	-4	2025-09-04T16:50:01Z	1757004601
APS36106	2025-09-04T17:00:01Z	1757005201	31.997607361963194	Basal TC	CP+S	GP 1	Female	Yes	D-4	Dual	200	Warriors Mark Farmhouse	25.4	-4	2025-09-04T17:00:01Z	1757005201
APS36106	2025-09-04T17:10:01Z	1757005801	32.49484662576687	Basal TC	CP+S	GP 1	Female	Yes	D-4	Dual	200	Warriors Mark Farmhouse	25.4	-4	2025-09-04T17:10:01Z	1757005801
APS36106	2025-09-04T17:20:01Z	1757006401	31.997607361963194	Basal TC	CP+S	GP 1	Female	Yes	D-4	Dual	200	Warriors Mark Farmhouse	25.4	-4	2025-09-04T17:20:01Z	1757006401
APS36106	2025-09-04T17:30:01Z	1757007001	31.500368098159512	Basal TC	CP+S	GP 1	Female	Yes	D-4	Dual	200	Warriors Mark Farmhouse	25.4	-4	2025-09-04T17:30:01Z	1757007001
APS36106	2025-09-04T17:40:01Z	1757007601	31.500368098159512	Basal TC	CP+S	GP 1	Female	Yes	D-4	Dual	200	Warriors Mark Farmhouse	25.4	-4	2025-09-04T17:40:01Z	1757007601
APS36106	2025-09-04T17:50:01Z	1757008201	31.500368098159512	Basal TC	CP+S	GP 1	Female	Yes	D-4	Dual	200	Warriors Mark Farmhouse	25.4	-4	2025-09-04T17:50:01Z	1757008201
APS36106	2025-09-04T18:00:01Z	1757008801	31.00312883435583	Basal TC	CP+S	GP 1	Female	Yes	D-4	Dual	200	Warriors Mark Farmhouse	25.4	-4	2025-09-04T18:00:01Z	1757008801
APS36106	2025-09-04T18:10:01Z	1757009401	31.00312883435583	Basal TC	CP+S	GP 1	Female	Yes	D-4	Dual	200	Warriors Mark Farmhouse	25.4	-4	2025-09-04T18:10:01Z	1757009401
APS36106	2025-09-04T18:20:01Z	1757010001	31.500368098159512	Basal TC	CP+S	GP 1	Female	Yes	D-4	Dual	200	Warriors Mark Farmhouse	25.4	-4	2025-09-04T18:20:01Z	1757010001
APS36106	2025-09-04T18:30:01Z	1757010601	31.997607361963194	Basal TC	CP+S	GP 1	Female	Yes	D-4	Dual	200	Warriors Mark Farmhouse	25.4	-4	2025-09-04T18:30:01Z	1757010601
APS36106	2025-09-04T18:40:01Z	1757011201	32.49484662576687	Basal TC	CP+S	GP 1	Female	Yes	D-4	Dual	200	Warriors Mark Farmhouse	25.4	-4	2025-09-04T18:40:01Z	1757011201
APS36106	2025-09-04T18:50:01Z	1757011801	33.98656441717792	Basal TC	CP+S	GP 1	Female	Yes	D-4	Dual	200	Warriors Mark Farmhouse	25.4	-4	2025-09-04T18:50:01Z	1757011801
APS36106	2025-09-04T19:00:01Z	1757012401	33.98656441717792	Basal TC	CP+S	GP 1	Female	Yes	D-4	Dual	200	Warriors Mark Farmhouse	25.4	-4	2025-09-04T19:00:01Z	1757012401
APS36106	2025-09-04T19:10:01Z	1757013001	32.992085889570554	Basal TC	CP+S	GP 1	Female	Yes	D-4	Dual	200	Warriors Mark Farmhouse	25.4	-4	2025-09-04T19:10:01Z	1757013001
APS36106	2025-09-04T19:20:01Z	1757013601	32.992085889570554	Basal TC	CP+S	GP 1	Female	Yes	D-4	Dual	200	Warriors Mark Farmhouse	25.4	-4	2025-09-04T19:20:01Z	1757013601
APS36106	2025-09-04T19:30:01Z	1757014201	31.00312883435583	Basal TC	CP+S	GP 1	Female	Yes	D-4	Dual	200	Warriors Mark Farmhouse	25.4	-4	2025-09-04T19:30:01Z	1757014201
APS36106	2025-09-04T19:40:01Z	1757014801	31.997607361963194	Basal TC	CP+S	GP 1	Female	Yes	D-4	Dual	200	Warriors Mark Farmhouse	25.4	-4	2025-09-04T19:40:01Z	1757014801
APS36106	2025-09-04T19:50:01Z	1757015401	31.997607361963194	Basal TC	CP+S	GP 1	Female	Yes	D-4	Dual	200	Warriors Mark Farmhouse	25.4	-4	2025-09-04T19:50:01Z	1757015401
APS36106	2025-09-04T20:00:01Z	1757016001	31.997607361963194	Basal TC	CP+S	GP 1	Female	Yes	D-4	Dual	200	Warriors Mark Farmhouse	25.4	-4	2025-09-04T20:00:01Z	1757016001
APS36106	2025-09-04T20:10:01Z	1757016601	31.500368098159512	Basal TC	CP+S	GP 1	Female	Yes	D-4	Dual	200	Warriors Mark Farmhouse	25.4	-4	2025-09-04T20:10:01Z	1757016601
APS36106	2025-09-04T20:20:01Z	1757017201	31.500368098159512	Basal TC	CP+S	GP 1	Female	Yes	D-4	Dual	200	Warriors Mark Farmhouse	25.4	-4	2025-09-04T20:20:01Z	1757017201
APS36106	2025-09-04T20:30:01Z	1757017801	31.00312883435583	Basal TC	CP+S	GP 1	Female	Yes	D-4	Dual	200	Warriors Mark Farmhouse	25.4	-4	2025-09-04T20:30:01Z	1757017801
APS36106	2025-09-04T20:40:01Z	1757018401	31.00312883435583	Basal TC	CP+S	GP 1	Female	Yes	D-4	Dual	200	Warriors Mark Farmhouse	25.4	-4	2025-09-04T20:40:01Z	1757018401
APS36106	2025-09-04T20:50:01Z	1757019001	31.00312883435583	Basal TC	CP+S	GP 1	Female	Yes	D-4	Dual	200	Warriors Mark Farmhouse	25.4	-4	2025-09-04T20:50:01Z	1757019001
APS36106	2025-09-04T21:00:01Z	1757019601	31.00312883435583	Basal TC	CP+S	GP 1	Female	Yes	D-4	Dual	200	Warriors Mark Farmhouse	25.4	-4	2025-09-04T21:00:01Z	1757019601
APS36106	2025-09-04T21:10:01Z	1757020201	31.00312883435583	Basal TC	CP+S	GP 1	Female	Yes	D-4	Dual	200	Warriors Mark Farmhouse	25.4	-4	2025-09-04T21:10:01Z	1757020201
APS36106	2025-09-04T21:20:01Z	1757020801	31.00312883435583	Basal TC	CP+S	GP 1	Female	Yes	D-4	Dual	200	Warriors Mark Farmhouse	25.4	-4	2025-09-04T21:20:01Z	1757020801
APS36106	2025-09-04T21:30:01Z	1757021401	30.50588957055215	Basal TC	CP+S	GP 1	Female	Yes	D-4	Dual	200	Warriors Mark Farmhouse	25.4	-4	2025-09-04T21:30:01Z	1757021401
APS36106	2025-09-04T21:40:01Z	1757022001	31.997607361963194	Basal TC	CP+S	GP 1	Female	Yes	D-4	Dual	200	Warriors Mark Farmhouse	25.4	-4	2025-09-04T21:40:01Z	1757022001
APS36106	2025-09-04T21:50:01Z	1757022601	31.00312883435583	Basal TC	CP+S	GP 1	Female	Yes	D-4	Dual	200	Warriors Mark Farmhouse	25.4	-4	2025-09-04T21:50:01Z	1757022601
APS36106	2025-09-04T22:00:01Z	1757023201	30.008650306748468	Basal TC	CP+S	GP 1	Female	Yes	D-4	Dual	200	Warriors Mark Farmhouse	25.4	-4	2025-09-04T22:00:01Z	1757023201
APS36106	2025-09-04T22:10:01Z	1757023801	30.008650306748468	Basal TC	CP+S	GP 1	Female	Yes	D-4	Dual	200	Warriors Mark Farmhouse	25.4	-4	2025-09-04T22:10:01Z	1757023801
APS36106	2025-09-04T22:20:01Z	1757024401	31.00312883435583	Basal TC	CP+S	GP 1	Female	Yes	D-4	Dual	200	Warriors Mark Farmhouse	25.4	-4	2025-09-04T22:20:01Z	1757024401
APS36106	2025-09-04T22:30:01Z	1757025001	31.500368098159512	Basal TC	CP+S	GP 1	Female	Yes	D-4	Dual	200	Warriors Mark Farmhouse	25.4	-4	2025-09-04T22:30:01Z	1757025001
APS36106	2025-09-04T22:40:01Z	1757025601	32.49484662576687	Basal TC	CP+S	GP 1	Female	Yes	D-4	Dual	200	Warriors Mark Farmhouse	25.4	-4	2025-09-04T22:40:01Z	1757025601
APS36106	2025-09-04T22:50:01Z	1757026201	31.500368098159512	Basal TC	CP+S	GP 1	Female	Yes	D-4	Dual	200	Warriors Mark Farmhouse	25.4	-4	2025-09-04T22:50:01Z	1757026201
APS36106	2025-09-04T23:00:01Z	1757026801	32.992085889570554	Basal TC	CP+S	GP 1	Female	Yes	D-4	Dual	200	Warriors Mark Farmhouse	25.4	-4	2025-09-04T23:00:01Z	1757026801
APS36106	2025-09-04T23:10:01Z	1757027401	31.00312883435583	Basal TC	CP+S	GP 1	Female	Yes	D-4	Dual	200	Warriors Mark Farmhouse	25.4	-4	2025-09-04T23:10:01Z	1757027401
APS36106	2025-09-04T23:20:01Z	1757028001	31.500368098159512	Basal TC	CP+S	GP 1	Female	Yes	D-4	Dual	200	Warriors Mark Farmhouse	25.4	-4	2025-09-04T23:20:01Z	1757028001
APS36106	2025-09-04T23:30:01Z	1757028601	31.500368098159512	Basal TC	CP+S	GP 1	Female	Yes	D-4	Dual	200	Warriors Mark Farmhouse	25.4	-4	2025-09-04T23:30:01Z	1757028601
APS36106	2025-09-04T23:40:01Z	1757029201	31.500368098159512	Basal TC	CP+S	GP 1	Female	Yes	D-4	Dual	200	Warriors Mark Farmhouse	25.4	-4	2025-09-04T23:40:01Z	1757029201
APS36106	2025-09-04T23:50:01Z	1757029801	31.00312883435583	Basal TC	CP+S	GP 1	Female	Yes	D-4	Dual	200	Warriors Mark Farmhouse	25.4	-4	2025-09-04T23:50:01Z	1757029801
APS36106	2025-09-05T00:00:01Z	1757030401	30.50588957055215	Basal TC	CP+S	GP 1	Female	Yes	D-4	Dual	200	Warriors Mark Farmhouse	25.4	-4	2025-09-05T00:00:01Z	1757030401
APS36106	2025-09-05T00:10:01Z	1757031001	31.00312883435583	Basal TC	CP+S	GP 1	Female	Yes	D-4	Dual	200	Warriors Mark Farmhouse	25.4	-4	2025-09-05T00:10:01Z	1757031001
APS36106	2025-09-05T00:20:01Z	1757031601	31.00312883435583	Basal TC	CP+S	GP 1	Female	Yes	D-4	Dual	200	Warriors Mark Farmhouse	25.4	-4	2025-09-05T00:20:01Z	1757031601
APS36106	2025-09-05T00:30:01Z	1757032201	31.997607361963194	Basal TC	CP+S	GP 1	Female	Yes	D-4	Dual	200	Warriors Mark Farmhouse	25.4	-4	2025-09-05T00:30:01Z	1757032201
APS36106	2025-09-05T00:40:01Z	1757032801	31.00312883435583	Basal TC	CP+S	GP 1	Female	Yes	D-4	Dual	200	Warriors Mark Farmhouse	25.4	-4	2025-09-05T00:40:01Z	1757032801
APS36106	2025-09-05T00:50:01Z	1757033401	34.98104294478528	Basal TC	CP+S	GP 1	Female	Yes	D-4	Dual	200	Warriors Mark Farmhouse	25.4	-4	2025-09-05T00:50:01Z	1757033401
APS36106	2025-09-05T01:00:01Z	1757034001	33.48932515337423	Basal TC	CP+S	GP 1	Female	Yes	D-4	Dual	200	Warriors Mark Farmhouse	25.4	-4	2025-09-05T01:00:01Z	1757034001
APS36106	2025-09-05T01:10:01Z	1757034601	31.500368098159512	Basal TC	CP+S	GP 1	Female	Yes	D-4	Dual	200	Warriors Mark Farmhouse	25.4	-4	2025-09-05T01:10:01Z	1757034601
APS36106	2025-09-05T01:20:01Z	1757035201	30.50588957055215	Basal TC	CP+S	GP 1	Female	Yes	D-4	Dual	200	Warriors Mark Farmhouse	25.4	-4	2025-09-05T01:20:01Z	1757035201
APS36106	2025-09-05T01:30:01Z	1757035801	30.008650306748468	Basal TC	CP+S	GP 1	Female	Yes	D-4	Dual	200	Warriors Mark Farmhouse	25.4	-4	2025-09-05T01:30:01Z	1757035801
APS36106	2025-09-05T01:40:01Z	1757036401	29.014171779141105	Basal TC	CP+S	GP 1	Female	Yes	D-4	Dual	200	Warriors Mark Farmhouse	25.4	-4	2025-09-05T01:40:01Z	1757036401
APS36106	2025-09-05T01:50:01Z	1757037001	28.516932515337427	Basal TC	CP+S	GP 1	Female	Yes	D-4	Dual	200	Warriors Mark Farmhouse	25.4	-4	2025-09-05T01:50:01Z	1757037001
APS36106	2025-09-05T02:00:01Z	1757037601	26.03073619631902	Basal TC	CP+S	GP 1	Female	Yes	D-4	Dual	200	Warriors Mark Farmhouse	25.4	-4	2025-09-05T02:00:01Z	1757037601
APS36106	2025-09-05T02:10:01Z	1757038201	24.539018404907978	Basal TC	CP+S	GP 1	Female	Yes	D-4	Dual	200	Warriors Mark Farmhouse	25.4	-4	2025-09-05T02:10:01Z	1757038201
APS36106	2025-09-05T02:20:01Z	1757038801	23.544539877300615	Basal TC	CP+S	GP 1	Female	Yes	D-4	Dual	200	Warriors Mark Farmhouse	25.4	-4	2025-09-05T02:20:01Z	1757038801
APS36106	2025-09-05T02:30:01Z	1757039401	22.55006134969325	Basal TC	CP+S	GP 1	Female	Yes	D-4	Dual	200	Warriors Mark Farmhouse	25.4	-4	2025-09-05T02:30:01Z	1757039401
APS36106	2025-09-05T02:40:01Z	1757040001	23.047300613496933	Basal TC	CP+S	GP 1	Female	Yes	D-4	Dual	200	Warriors Mark Farmhouse	25.4	-4	2025-09-05T02:40:01Z	1757040001
APS36106	2025-09-05T02:50:01Z	1757040601	22.55006134969325	Basal TC	CP+S	GP 1	Female	Yes	D-4	Dual	200	Warriors Mark Farmhouse	25.4	-4	2025-09-05T02:50:01Z	1757040601
APS36106	2025-09-05T03:00:01Z	1757041201	22.052822085889574	Basal TC	CP+S	GP 1	Female	Yes	D-4	Dual	200	Warriors Mark Farmhouse	25.4	-4	2025-09-05T03:00:01Z	1757041201
APS36106	2025-09-05T03:10:01Z	1757041801	25.53349693251534	Basal TC	CP+S	GP 1	Female	Yes	D-4	Dual	200	Warriors Mark Farmhouse	25.4	-4	2025-09-05T03:10:01Z	1757041801
APS36106	2025-09-05T03:20:01Z	1757042401	29.511411042944786	Basal TC	CP+S	GP 1	Female	Yes	D-4	Dual	200	Warriors Mark Farmhouse	25.4	-4	2025-09-05T03:20:01Z	1757042401
APS36106	2025-09-05T03:30:01Z	1757043001	30.50588957055215	Basal TC	CP+S	GP 1	Female	Yes	D-4	Dual	200	Warriors Mark Farmhouse	25.4	-4	2025-09-05T03:30:01Z	1757043001
APS36106	2025-09-05T03:40:01Z	1757043601	29.511411042944786	Basal TC	CP+S	GP 1	Female	Yes	D-4	Dual	200	Warriors Mark Farmhouse	25.4	-4	2025-09-05T03:40:01Z	1757043601
APS36106	2025-09-05T03:50:01Z	1757044201	29.014171779141105	Basal TC	CP+S	GP 1	Female	Yes	D-4	Dual	200	Warriors Mark Farmhouse	25.4	-4	2025-09-05T03:50:01Z	1757044201
APS36106	2025-09-05T04:00:01Z	1757044801	28.516932515337427	Basal TC	CP+S	GP 1	Female	Yes	D-4	Dual	200	Warriors Mark Farmhouse	25.4	-4	2025-09-05T04:00:01Z	1757044801
APS36106	2025-09-05T04:10:01Z	1757045401	26.5279754601227	Basal TC	CP+S	GP 1	Female	Yes	D-4	Dual	200	Warriors Mark Farmhouse	25.4	-4	2025-09-05T04:10:01Z	1757045401
APS36106	2025-09-05T04:20:01Z	1757046001	26.5279754601227	Basal TC	CP+S	GP 1	Female	Yes	D-4	Dual	200	Warriors Mark Farmhouse	25.4	-4	2025-09-05T04:20:01Z	1757046001
APS36106	2025-09-05T04:30:01Z	1757046601	30.50588957055215	Basal TC	CP+S	GP 1	Female	Yes	D-4	Dual	200	Warriors Mark Farmhouse	25.4	-4	2025-09-05T04:30:01Z	1757046601
APS36106	2025-09-05T04:40:01Z	1757047201	31.00312883435583	Basal TC	CP+S	GP 1	Female	Yes	D-4	Dual	200	Warriors Mark Farmhouse	25.4	-4	2025-09-05T04:40:01Z	1757047201
APS36106	2025-09-05T04:50:01Z	1757047801	31.00312883435583	Basal TC	CP+S	GP 1	Female	Yes	D-4	Dual	200	Warriors Mark Farmhouse	25.4	-4	2025-09-05T04:50:01Z	1757047801
APS36106	2025-09-05T05:00:01Z	1757048401	30.008650306748468	Basal TC	CP+S	GP 1	Female	Yes	D-4	Dual	200	Warriors Mark Farmhouse	25.4	-4	2025-09-05T05:00:01Z	1757048401
APS36106	2025-09-05T05:10:01Z	1757049001	25.03625766871166	Basal TC	CP+S	GP 1	Female	Yes	D-4	Dual	200	Warriors Mark Farmhouse	25.4	-4	2025-09-05T05:10:01Z	1757049001
APS36106	2025-09-05T05:20:01Z	1757049601	24.0417791411043	Basal TC	CP+S	GP 1	Female	Yes	D-4	Dual	200	Warriors Mark Farmhouse	25.4	-4	2025-09-05T05:20:01Z	1757049601
APS36106	2025-09-05T05:30:01Z	1757050201	23.544539877300615	Basal TC	CP+S	GP 1	Female	Yes	D-4	Dual	200	Warriors Mark Farmhouse	25.4	-4	2025-09-05T05:30:01Z	1757050201
APS36106	2025-09-05T05:40:01Z	1757050801	25.03625766871166	Basal TC	CP+S	GP 1	Female	Yes	D-4	Dual	200	Warriors Mark Farmhouse	25.4	-4	2025-09-05T05:40:01Z	1757050801
APS36106	2025-09-05T05:50:01Z	1757051401	28.019693251533745	Basal TC	CP+S	GP 1	Female	Yes	D-4	Dual	200	Warriors Mark Farmhouse	25.4	-4	2025-09-05T05:50:01Z	1757051401
APS36106	2025-09-05T06:00:01Z	1757052001	30.008650306748468	Basal TC	CP+S	GP 1	Female	Yes	D-4	Dual	200	Warriors Mark Farmhouse	25.4	-4	2025-09-05T06:00:01Z	1757052001
APS36106	2025-09-05T06:10:01Z	1757052601	29.511411042944786	Basal TC	CP+S	GP 1	Female	Yes	D-4	Dual	200	Warriors Mark Farmhouse	25.4	-4	2025-09-05T06:10:01Z	1757052601
APS36106	2025-09-05T06:20:01Z	1757053201	28.516932515337427	Basal TC	CP+S	GP 1	Female	Yes	D-4	Dual	200	Warriors Mark Farmhouse	25.4	-4	2025-09-05T06:20:01Z	1757053201
APS36106	2025-09-05T06:30:01Z	1757053801	27.522453987730064	Basal TC	CP+S	GP 1	Female	Yes	D-4	Dual	200	Warriors Mark Farmhouse	25.4	-4	2025-09-05T06:30:01Z	1757053801
APS36106	2025-09-05T06:40:01Z	1757054401	26.5279754601227	Basal TC	CP+S	GP 1	Female	Yes	D-4	Dual	200	Warriors Mark Farmhouse	25.4	-4	2025-09-05T06:40:01Z	1757054401
APS36106	2025-09-05T06:50:01Z	1757055001	27.522453987730064	Basal TC	CP+S	GP 1	Female	Yes	D-4	Dual	200	Warriors Mark Farmhouse	25.4	-4	2025-09-05T06:50:01Z	1757055001
APS36106	2025-09-05T07:00:01Z	1757055601	27.522453987730064	Basal TC	CP+S	GP 1	Female	Yes	D-4	Dual	200	Warriors Mark Farmhouse	25.4	-4	2025-09-05T07:00:01Z	1757055601
APS36106	2025-09-05T07:10:01Z	1757056201	25.03625766871166	Basal TC	CP+S	GP 1	Female	Yes	D-4	Dual	200	Warriors Mark Farmhouse	25.4	-4	2025-09-05T07:10:01Z	1757056201
APS36106	2025-09-05T07:20:01Z	1757056801	23.544539877300615	Basal TC	CP+S	GP 1	Female	Yes	D-4	Dual	200	Warriors Mark Farmhouse	25.4	-4	2025-09-05T07:20:01Z	1757056801
APS36106	2025-09-05T07:30:01Z	1757057401	24.539018404907978	Basal TC	CP+S	GP 1	Female	Yes	D-4	Dual	200	Warriors Mark Farmhouse	25.4	-4	2025-09-05T07:30:01Z	1757057401
APS36106	2025-09-05T07:40:01Z	1757058001	23.047300613496933	Basal TC	CP+S	GP 1	Female	Yes	D-4	Dual	200	Warriors Mark Farmhouse	25.4	-4	2025-09-05T07:40:01Z	1757058001
APS36106	2025-09-05T07:50:01Z	1757058601	22.55006134969325	Basal TC	CP+S	GP 1	Female	Yes	D-4	Dual	200	Warriors Mark Farmhouse	25.4	-4	2025-09-05T07:50:01Z	1757058601
APS36106	2025-09-05T08:00:01Z	1757059201	22.052822085889574	Basal TC	CP+S	GP 1	Female	Yes	D-4	Dual	200	Warriors Mark Farmhouse	25.4	-4	2025-09-05T08:00:01Z	1757059201
APS36106	2025-09-05T08:10:01Z	1757059801	21.555582822085892	Basal TC	CP+S	GP 1	Female	Yes	D-4	Dual	200	Warriors Mark Farmhouse	25.4	-4	2025-09-05T08:10:01Z	1757059801
APS36106	2025-09-05T08:20:01Z	1757060401	21.05834355828221	Basal TC	CP+S	GP 1	Female	Yes	D-4	Dual	200	Warriors Mark Farmhouse	25.4	-4	2025-09-05T08:20:01Z	1757060401
APS36106	2025-09-05T08:30:01Z	1757061001	20.063865030674847	Basal TC	CP+S	GP 1	Female	Yes	D-4	Dual	200	Warriors Mark Farmhouse	25.4	-4	2025-09-05T08:30:01Z	1757061001
APS36106	2025-09-05T08:40:01Z	1757061601	19.566625766871166	Basal TC	CP+S	GP 1	Female	Yes	D-4	Dual	200	Warriors Mark Farmhouse	25.4	-4	2025-09-05T08:40:01Z	1757061601
APS36106	2025-09-05T08:50:01Z	1757062201	19.069386503067484	Basal TC	CP+S	GP 1	Female	Yes	D-4	Dual	200	Warriors Mark Farmhouse	25.4	-4	2025-09-05T08:50:01Z	1757062201
APS36106	2025-09-05T09:00:01Z	1757062801	18.572147239263803	Basal TC	CP+S	GP 1	Female	Yes	D-4	Dual	200	Warriors Mark Farmhouse	25.4	-4	2025-09-05T09:00:01Z	1757062801
APS36106	2025-09-05T09:10:01Z	1757063401	19.069386503067484	Basal TC	CP+S	GP 1	Female	Yes	D-4	Dual	200	Warriors Mark Farmhouse	25.4	-4	2025-09-05T09:10:01Z	1757063401
APS36106	2025-09-05T09:20:01Z	1757064001	18.572147239263803	Basal TC	CP+S	GP 1	Female	Yes	D-4	Dual	200	Warriors Mark Farmhouse	25.4	-4	2025-09-05T09:20:01Z	1757064001
APS36106	2025-09-05T09:30:01Z	1757064601	18.074907975460125	Basal TC	CP+S	GP 1	Female	Yes	D-4	Dual	200	Warriors Mark Farmhouse	25.4	-4	2025-09-05T09:30:01Z	1757064601
APS36106	2025-09-05T09:40:01Z	1757065201	17.57766871165644	Basal TC	CP+S	GP 1	Female	Yes	D-4	Dual	200	Warriors Mark Farmhouse	25.4	-4	2025-09-05T09:40:01Z	1757065201
APS36106	2025-09-05T09:50:01Z	1757065801	17.57766871165644	Basal TC	CP+S	GP 1	Female	Yes	D-4	Dual	200	Warriors Mark Farmhouse	25.4	-4	2025-09-05T09:50:01Z	1757065801
APS36106	2025-09-05T10:00:01Z	1757066401	17.08042944785276	Basal TC	CP+S	GP 1	Female	Yes	D-4	Dual	200	Warriors Mark Farmhouse	25.4	-4	2025-09-05T10:00:01Z	1757066401
APS36106	2025-09-05T10:10:01Z	1757067001	17.08042944785276	Basal TC	CP+S	GP 1	Female	Yes	D-4	Dual	200	Warriors Mark Farmhouse	25.4	-4	2025-09-05T10:10:01Z	1757067001
APS36106	2025-09-05T10:20:01Z	1757067601	17.08042944785276	Basal TC	CP+S	GP 1	Female	Yes	D-4	Dual	200	Warriors Mark Farmhouse	25.4	-4	2025-09-05T10:20:01Z	1757067601
APS36106	2025-09-05T10:30:01Z	1757068201	16.58319018404908	Basal TC	CP+S	GP 1	Female	Yes	D-4	Dual	200	Warriors Mark Farmhouse	25.4	-4	2025-09-05T10:30:01Z	1757068201
APS36106	2025-09-05T10:40:01Z	1757068801	16.58319018404908	Basal TC	CP+S	GP 1	Female	Yes	D-4	Dual	200	Warriors Mark Farmhouse	25.4	-4	2025-09-05T10:40:01Z	1757068801
APS36106	2025-09-05T10:50:01Z	1757069401	16.0859509202454	Basal TC	CP+S	GP 1	Female	Yes	D-4	Dual	200	Warriors Mark Farmhouse	25.4	-4	2025-09-05T10:50:01Z	1757069401
APS36106	2025-09-05T11:00:01Z	1757070001	16.0859509202454	Basal TC	CP+S	GP 1	Female	Yes	D-4	Dual	200	Warriors Mark Farmhouse	25.4	-4	2025-09-05T11:00:01Z	1757070001
APS36106	2025-09-05T11:10:01Z	1757070601	17.08042944785276	Basal TC	CP+S	GP 1	Female	Yes	D-4	Dual	200	Warriors Mark Farmhouse	25.4	-4	2025-09-05T11:10:01Z	1757070601
APS36106	2025-09-05T11:20:01Z	1757071201	16.58319018404908	Basal TC	CP+S	GP 1	Female	Yes	D-4	Dual	200	Warriors Mark Farmhouse	25.4	-4	2025-09-05T11:20:01Z	1757071201
APS36106	2025-09-05T11:30:01Z	1757071801	16.58319018404908	Basal TC	CP+S	GP 1	Female	Yes	D-4	Dual	200	Warriors Mark Farmhouse	25.4	-4	2025-09-05T11:30:01Z	1757071801
APS36106	2025-09-05T11:40:01Z	1757072401	16.0859509202454	Basal TC	CP+S	GP 1	Female	Yes	D-4	Dual	200	Warriors Mark Farmhouse	25.4	-4	2025-09-05T11:40:01Z	1757072401
APS36106	2025-09-05T11:50:01Z	1757073001	16.0859509202454	Basal TC	CP+S	GP 1	Female	Yes	D-4	Dual	200	Warriors Mark Farmhouse	25.4	-4	2025-09-05T11:50:01Z	1757073001
APS36106	2025-09-05T12:00:01Z	1757073601	16.0859509202454	Basal TC	CP+S	GP 1	Female	Yes	D-4	Dual	200	Warriors Mark Farmhouse	25.4	-4	2025-09-05T12:00:01Z	1757073601
APS36106	2025-09-05T12:10:01Z	1757074201	16.0859509202454	Basal TC	CP+S	GP 1	Female	Yes	D-4	Dual	200	Warriors Mark Farmhouse	25.4	-4	2025-09-05T12:10:01Z	1757074201
APS36106	2025-09-05T12:20:01Z	1757074801	16.0859509202454	Basal TC	CP+S	GP 1	Female	Yes	D-4	Dual	200	Warriors Mark Farmhouse	25.4	-4	2025-09-05T12:20:01Z	1757074801
APS36106	2025-09-05T12:30:01Z	1757075401	18.074907975460125	Basal TC	CP+S	GP 1	Female	Yes	D-4	Dual	200	Warriors Mark Farmhouse	25.4	-4	2025-09-05T12:30:01Z	1757075401
APS36106	2025-09-05T12:40:01Z	1757076001	17.57766871165644	Basal TC	CP+S	GP 1	Female	Yes	D-4	Dual	200	Warriors Mark Farmhouse	25.4	-4	2025-09-05T12:40:01Z	1757076001
APS36106	2025-09-05T12:50:01Z	1757076601	17.57766871165644	Basal TC	CP+S	GP 1	Female	Yes	D-4	Dual	200	Warriors Mark Farmhouse	25.4	-4	2025-09-05T12:50:01Z	1757076601
APS36106	2025-09-05T13:00:01Z	1757077201	17.08042944785276	Basal TC	CP+S	GP 1	Female	Yes	D-4	Dual	200	Warriors Mark Farmhouse	25.4	-4	2025-09-05T13:00:01Z	1757077201
APS36106	2025-09-05T13:10:01Z	1757077801	22.052822085889574	Basal TC	CP+S	GP 1	Female	Yes	D-4	Dual	200	Warriors Mark Farmhouse	25.4	-4	2025-09-05T13:10:01Z	1757077801
APS36106	2025-09-05T13:20:01Z	1757078401	28.019693251533745	Basal TC	CP+S	GP 1	Female	Yes	D-4	Dual	200	Warriors Mark Farmhouse	25.4	-4	2025-09-05T13:20:01Z	1757078401
APS36106	2025-09-05T13:30:01Z	1757079001	29.511411042944786	Basal TC	CP+S	GP 1	Female	Yes	D-4	Dual	200	Warriors Mark Farmhouse	25.4	-4	2025-09-05T13:30:01Z	1757079001
APS36106	2025-09-05T13:40:01Z	1757079601	29.511411042944786	Basal TC	CP+S	GP 1	Female	Yes	D-4	Dual	200	Warriors Mark Farmhouse	25.4	-4	2025-09-05T13:40:01Z	1757079601
APS36106	2025-09-05T13:50:01Z	1757080201	30.008650306748468	Basal TC	CP+S	GP 1	Female	Yes	D-4	Dual	200	Warriors Mark Farmhouse	25.4	-4	2025-09-05T13:50:01Z	1757080201
APS36108	2025-09-01T14:00:01Z	1756735201	33.48932515337423	Basal TC	CP+S	GP 2	Male	Yes	D-7	Dual	206	Old Danville Highway Barn	25.6	-7	2025-09-04T14:00:01Z	1756994401
APS36108	2025-09-01T14:10:01Z	1756735801	33.98656441717792	Basal TC	CP+S	GP 2	Male	Yes	D-7	Dual	206	Old Danville Highway Barn	25.6	-7	2025-09-04T14:10:01Z	1756995001
APS36108	2025-09-01T14:20:01Z	1756736401	33.98656441717792	Basal TC	CP+S	GP 2	Male	Yes	D-7	Dual	206	Old Danville Highway Barn	25.6	-7	2025-09-04T14:20:01Z	1756995601
APS36108	2025-09-01T14:30:01Z	1756737001	33.98656441717792	Basal TC	CP+S	GP 2	Male	Yes	D-7	Dual	206	Old Danville Highway Barn	25.6	-7	2025-09-04T14:30:01Z	1756996201
APS36108	2025-09-01T14:40:01Z	1756737601	33.48932515337423	Basal TC	CP+S	GP 2	Male	Yes	D-7	Dual	206	Old Danville Highway Barn	25.6	-7	2025-09-04T14:40:01Z	1756996801
APS36108	2025-09-01T14:50:01Z	1756738201	33.98656441717792	Basal TC	CP+S	GP 2	Male	Yes	D-7	Dual	206	Old Danville Highway Barn	25.6	-7	2025-09-04T14:50:01Z	1756997401
APS36108	2025-09-01T15:00:01Z	1756738801	33.48932515337423	Basal TC	CP+S	GP 2	Male	Yes	D-7	Dual	206	Old Danville Highway Barn	25.6	-7	2025-09-04T15:00:01Z	1756998001
APS36108	2025-09-01T15:10:01Z	1756739401	34.483803680981595	Basal TC	CP+S	GP 2	Male	Yes	D-7	Dual	206	Old Danville Highway Barn	25.6	-7	2025-09-04T15:10:01Z	1756998601
APS36108	2025-09-01T15:20:01Z	1756740001	33.98656441717792	Basal TC	CP+S	GP 2	Male	Yes	D-7	Dual	206	Old Danville Highway Barn	25.6	-7	2025-09-04T15:20:01Z	1756999201
APS36108	2025-09-01T15:30:01Z	1756740601	33.98656441717792	Basal TC	CP+S	GP 2	Male	Yes	D-7	Dual	206	Old Danville Highway Barn	25.6	-7	2025-09-04T15:30:01Z	1756999801
APS36108	2025-09-01T15:40:01Z	1756741201	34.483803680981595	Basal TC	CP+S	GP 2	Male	Yes	D-7	Dual	206	Old Danville Highway Barn	25.6	-7	2025-09-04T15:40:01Z	1757000401
APS36108	2025-09-01T15:50:01Z	1756741801	33.98656441717792	Basal TC	CP+S	GP 2	Male	Yes	D-7	Dual	206	Old Danville Highway Barn	25.6	-7	2025-09-04T15:50:01Z	1757001001
APS36108	2025-09-01T16:00:01Z	1756742401	33.98656441717792	Basal TC	CP+S	GP 2	Male	Yes	D-7	Dual	206	Old Danville Highway Barn	25.6	-7	2025-09-04T16:00:01Z	1757001601
APS36108	2025-09-01T16:10:01Z	1756743001	32.49484662576687	Basal TC	CP+S	GP 2	Male	Yes	D-7	Dual	206	Old Danville Highway Barn	25.6	-7	2025-09-04T16:10:01Z	1757002201
APS36108	2025-09-01T16:20:01Z	1756743601	31.500368098159512	Basal TC	CP+S	GP 2	Male	Yes	D-7	Dual	206	Old Danville Highway Barn	25.6	-7	2025-09-04T16:20:01Z	1757002801
APS36108	2025-09-01T16:30:01Z	1756744201	31.00312883435583	Basal TC	CP+S	GP 2	Male	Yes	D-7	Dual	206	Old Danville Highway Barn	25.6	-7	2025-09-04T16:30:01Z	1757003401
APS36108	2025-09-01T16:40:01Z	1756744801	31.997607361963194	Basal TC	CP+S	GP 2	Male	Yes	D-7	Dual	206	Old Danville Highway Barn	25.6	-7	2025-09-04T16:40:01Z	1757004001
APS36108	2025-09-01T16:50:01Z	1756745401	31.00312883435583	Basal TC	CP+S	GP 2	Male	Yes	D-7	Dual	206	Old Danville Highway Barn	25.6	-7	2025-09-04T16:50:01Z	1757004601
APS36108	2025-09-01T17:00:01Z	1756746001	32.992085889570554	Basal TC	CP+S	GP 2	Male	Yes	D-7	Dual	206	Old Danville Highway Barn	25.6	-7	2025-09-04T17:00:01Z	1757005201
APS36108	2025-09-01T17:10:01Z	1756746601	32.49484662576687	Basal TC	CP+S	GP 2	Male	Yes	D-7	Dual	206	Old Danville Highway Barn	25.6	-7	2025-09-04T17:10:01Z	1757005801
APS36108	2025-09-01T17:20:01Z	1756747201	32.49484662576687	Basal TC	CP+S	GP 2	Male	Yes	D-7	Dual	206	Old Danville Highway Barn	25.6	-7	2025-09-04T17:20:01Z	1757006401
APS36108	2025-09-01T17:30:01Z	1756747801	32.49484662576687	Basal TC	CP+S	GP 2	Male	Yes	D-7	Dual	206	Old Danville Highway Barn	25.6	-7	2025-09-04T17:30:01Z	1757007001
APS36108	2025-09-01T17:40:01Z	1756748401	31.997607361963194	Basal TC	CP+S	GP 2	Male	Yes	D-7	Dual	206	Old Danville Highway Barn	25.6	-7	2025-09-04T17:40:01Z	1757007601
APS36108	2025-09-01T17:50:01Z	1756749001	31.997607361963194	Basal TC	CP+S	GP 2	Male	Yes	D-7	Dual	206	Old Danville Highway Barn	25.6	-7	2025-09-04T17:50:01Z	1757008201
APS36108	2025-09-01T18:00:01Z	1756749601	32.992085889570554	Basal TC	CP+S	GP 2	Male	Yes	D-7	Dual	206	Old Danville Highway Barn	25.6	-7	2025-09-04T18:00:01Z	1757008801
APS36108	2025-09-01T18:10:01Z	1756750201	33.48932515337423	Basal TC	CP+S	GP 2	Male	Yes	D-7	Dual	206	Old Danville Highway Barn	25.6	-7	2025-09-04T18:10:01Z	1757009401
APS36108	2025-09-01T18:20:01Z	1756750801	32.49484662576687	Basal TC	CP+S	GP 2	Male	Yes	D-7	Dual	206	Old Danville Highway Barn	25.6	-7	2025-09-04T18:20:01Z	1757010001
APS36108	2025-09-01T18:30:01Z	1756751401	31.997607361963194	Basal TC	CP+S	GP 2	Male	Yes	D-7	Dual	206	Old Danville Highway Barn	25.6	-7	2025-09-04T18:30:01Z	1757010601
APS36108	2025-09-01T18:40:01Z	1756752001	32.992085889570554	Basal TC	CP+S	GP 2	Male	Yes	D-7	Dual	206	Old Danville Highway Barn	25.6	-7	2025-09-04T18:40:01Z	1757011201
APS36108	2025-09-01T18:50:01Z	1756752601	32.992085889570554	Basal TC	CP+S	GP 2	Male	Yes	D-7	Dual	206	Old Danville Highway Barn	25.6	-7	2025-09-04T18:50:01Z	1757011801
APS36108	2025-09-01T19:00:01Z	1756753201	32.49484662576687	Basal TC	CP+S	GP 2	Male	Yes	D-7	Dual	206	Old Danville Highway Barn	25.6	-7	2025-09-04T19:00:01Z	1757012401
APS36108	2025-09-01T19:10:01Z	1756753801	32.49484662576687	Basal TC	CP+S	GP 2	Male	Yes	D-7	Dual	206	Old Danville Highway Barn	25.6	-7	2025-09-04T19:10:01Z	1757013001
APS36108	2025-09-01T19:20:01Z	1756754401	31.997607361963194	Basal TC	CP+S	GP 2	Male	Yes	D-7	Dual	206	Old Danville Highway Barn	25.6	-7	2025-09-04T19:20:01Z	1757013601
APS36108	2025-09-01T19:30:01Z	1756755001	32.49484662576687	Basal TC	CP+S	GP 2	Male	Yes	D-7	Dual	206	Old Danville Highway Barn	25.6	-7	2025-09-04T19:30:01Z	1757014201
APS36108	2025-09-01T19:40:01Z	1756755601	31.997607361963194	Basal TC	CP+S	GP 2	Male	Yes	D-7	Dual	206	Old Danville Highway Barn	25.6	-7	2025-09-04T19:40:01Z	1757014801
APS36108	2025-09-01T19:50:01Z	1756756201	31.00312883435583	Basal TC	CP+S	GP 2	Male	Yes	D-7	Dual	206	Old Danville Highway Barn	25.6	-7	2025-09-04T19:50:01Z	1757015401
APS36108	2025-09-01T20:00:01Z	1756756801	31.00312883435583	Basal TC	CP+S	GP 2	Male	Yes	D-7	Dual	206	Old Danville Highway Barn	25.6	-7	2025-09-04T20:00:01Z	1757016001
APS36108	2025-09-01T20:10:01Z	1756757401	31.997607361963194	Basal TC	CP+S	GP 2	Male	Yes	D-7	Dual	206	Old Danville Highway Barn	25.6	-7	2025-09-04T20:10:01Z	1757016601
APS36108	2025-09-01T20:20:01Z	1756758001	31.500368098159512	Basal TC	CP+S	GP 2	Male	Yes	D-7	Dual	206	Old Danville Highway Barn	25.6	-7	2025-09-04T20:20:01Z	1757017201
APS36108	2025-09-01T20:30:01Z	1756758601	31.997607361963194	Basal TC	CP+S	GP 2	Male	Yes	D-7	Dual	206	Old Danville Highway Barn	25.6	-7	2025-09-04T20:30:01Z	1757017801
APS36108	2025-09-01T20:40:01Z	1756759201	31.500368098159512	Basal TC	CP+S	GP 2	Male	Yes	D-7	Dual	206	Old Danville Highway Barn	25.6	-7	2025-09-04T20:40:01Z	1757018401
APS36108	2025-09-01T20:50:01Z	1756759801	31.00312883435583	Basal TC	CP+S	GP 2	Male	Yes	D-7	Dual	206	Old Danville Highway Barn	25.6	-7	2025-09-04T20:50:01Z	1757019001
APS36108	2025-09-01T21:00:01Z	1756760401	31.00312883435583	Basal TC	CP+S	GP 2	Male	Yes	D-7	Dual	206	Old Danville Highway Barn	25.6	-7	2025-09-04T21:00:01Z	1757019601
APS36108	2025-09-01T21:10:01Z	1756761001	30.50588957055215	Basal TC	CP+S	GP 2	Male	Yes	D-7	Dual	206	Old Danville Highway Barn	25.6	-7	2025-09-04T21:10:01Z	1757020201
APS36108	2025-09-01T21:20:01Z	1756761601	31.500368098159512	Basal TC	CP+S	GP 2	Male	Yes	D-7	Dual	206	Old Danville Highway Barn	25.6	-7	2025-09-04T21:20:01Z	1757020801
APS36108	2025-09-01T21:30:01Z	1756762201	30.008650306748468	Basal TC	CP+S	GP 2	Male	Yes	D-7	Dual	206	Old Danville Highway Barn	25.6	-7	2025-09-04T21:30:01Z	1757021401
APS36108	2025-09-01T21:40:01Z	1756762801	29.511411042944786	Basal TC	CP+S	GP 2	Male	Yes	D-7	Dual	206	Old Danville Highway Barn	25.6	-7	2025-09-04T21:40:01Z	1757022001
APS36108	2025-09-01T21:50:01Z	1756763401	30.008650306748468	Basal TC	CP+S	GP 2	Male	Yes	D-7	Dual	206	Old Danville Highway Barn	25.6	-7	2025-09-04T21:50:01Z	1757022601
APS36108	2025-09-01T22:00:01Z	1756764001	27.025214723926386	Basal TC	CP+S	GP 2	Male	Yes	D-7	Dual	206	Old Danville Highway Barn	25.6	-7	2025-09-04T22:00:01Z	1757023201
APS36108	2025-09-01T22:10:01Z	1756764601	24.539018404907978	Basal TC	CP+S	GP 2	Male	Yes	D-7	Dual	206	Old Danville Highway Barn	25.6	-7	2025-09-04T22:10:01Z	1757023801
APS36108	2025-09-01T22:20:01Z	1756765201	23.047300613496933	Basal TC	CP+S	GP 2	Male	Yes	D-7	Dual	206	Old Danville Highway Barn	25.6	-7	2025-09-04T22:20:01Z	1757024401
APS36108	2025-09-01T22:30:01Z	1756765801	21.05834355828221	Basal TC	CP+S	GP 2	Male	Yes	D-7	Dual	206	Old Danville Highway Barn	25.6	-7	2025-09-04T22:30:01Z	1757025001
APS36108	2025-09-01T22:40:01Z	1756766401	19.566625766871166	Basal TC	CP+S	GP 2	Male	Yes	D-7	Dual	206	Old Danville Highway Barn	25.6	-7	2025-09-04T22:40:01Z	1757025601
APS36108	2025-09-01T22:50:01Z	1756767001	18.572147239263803	Basal TC	CP+S	GP 2	Male	Yes	D-7	Dual	206	Old Danville Highway Barn	25.6	-7	2025-09-04T22:50:01Z	1757026201
APS36108	2025-09-01T23:00:01Z	1756767601	17.57766871165644	Basal TC	CP+S	GP 2	Male	Yes	D-7	Dual	206	Old Danville Highway Barn	25.6	-7	2025-09-04T23:00:01Z	1757026801
APS36108	2025-09-01T23:10:01Z	1756768201	20.063865030674847	Basal TC	CP+S	GP 2	Male	Yes	D-7	Dual	206	Old Danville Highway Barn	25.6	-7	2025-09-04T23:10:01Z	1757027401
APS36108	2025-09-01T23:20:01Z	1756768801	21.555582822085892	Basal TC	CP+S	GP 2	Male	Yes	D-7	Dual	206	Old Danville Highway Barn	25.6	-7	2025-09-04T23:20:01Z	1757028001
APS36108	2025-09-01T23:30:01Z	1756769401	25.53349693251534	Basal TC	CP+S	GP 2	Male	Yes	D-7	Dual	206	Old Danville Highway Barn	25.6	-7	2025-09-04T23:30:01Z	1757028601
APS36108	2025-09-01T23:40:01Z	1756770001	27.522453987730064	Basal TC	CP+S	GP 2	Male	Yes	D-7	Dual	206	Old Danville Highway Barn	25.6	-7	2025-09-04T23:40:01Z	1757029201
APS36108	2025-09-01T23:50:01Z	1756770601	25.53349693251534	Basal TC	CP+S	GP 2	Male	Yes	D-7	Dual	206	Old Danville Highway Barn	25.6	-7	2025-09-04T23:50:01Z	1757029801
APS36108	2025-09-02T00:00:01Z	1756771201	24.539018404907978	Basal TC	CP+S	GP 2	Male	Yes	D-7	Dual	206	Old Danville Highway Barn	25.6	-7	2025-09-05T00:00:01Z	1757030401
APS36108	2025-09-02T00:10:01Z	1756771801	26.5279754601227	Basal TC	CP+S	GP 2	Male	Yes	D-7	Dual	206	Old Danville Highway Barn	25.6	-7	2025-09-05T00:10:01Z	1757031001
APS36108	2025-09-02T00:20:01Z	1756772401	25.53349693251534	Basal TC	CP+S	GP 2	Male	Yes	D-7	Dual	206	Old Danville Highway Barn	25.6	-7	2025-09-05T00:20:01Z	1757031601
APS36108	2025-09-02T00:30:01Z	1756773001	23.544539877300615	Basal TC	CP+S	GP 2	Male	Yes	D-7	Dual	206	Old Danville Highway Barn	25.6	-7	2025-09-05T00:30:01Z	1757032201
APS36108	2025-09-02T00:40:01Z	1756773601	25.03625766871166	Basal TC	CP+S	GP 2	Male	Yes	D-7	Dual	206	Old Danville Highway Barn	25.6	-7	2025-09-05T00:40:01Z	1757032801
APS36108	2025-09-02T00:50:01Z	1756774201	24.0417791411043	Basal TC	CP+S	GP 2	Male	Yes	D-7	Dual	206	Old Danville Highway Barn	25.6	-7	2025-09-05T00:50:01Z	1757033401
APS36108	2025-09-02T01:00:01Z	1756774801	28.516932515337427	Basal TC	CP+S	GP 2	Male	Yes	D-7	Dual	206	Old Danville Highway Barn	25.6	-7	2025-09-05T01:00:01Z	1757034001
APS36108	2025-09-02T01:10:01Z	1756775401	28.516932515337427	Basal TC	CP+S	GP 2	Male	Yes	D-7	Dual	206	Old Danville Highway Barn	25.6	-7	2025-09-05T01:10:01Z	1757034601
APS36108	2025-09-02T01:20:01Z	1756776001	27.025214723926386	Basal TC	CP+S	GP 2	Male	Yes	D-7	Dual	206	Old Danville Highway Barn	25.6	-7	2025-09-05T01:20:01Z	1757035201
APS36108	2025-09-02T01:30:01Z	1756776601	26.03073619631902	Basal TC	CP+S	GP 2	Male	Yes	D-7	Dual	206	Old Danville Highway Barn	25.6	-7	2025-09-05T01:30:01Z	1757035801
APS36108	2025-09-02T01:40:01Z	1756777201	24.539018404907978	Basal TC	CP+S	GP 2	Male	Yes	D-7	Dual	206	Old Danville Highway Barn	25.6	-7	2025-09-05T01:40:01Z	1757036401
APS36108	2025-09-02T01:50:01Z	1756777801	25.03625766871166	Basal TC	CP+S	GP 2	Male	Yes	D-7	Dual	206	Old Danville Highway Barn	25.6	-7	2025-09-05T01:50:01Z	1757037001
APS36108	2025-09-02T02:00:01Z	1756778401	24.539018404907978	Basal TC	CP+S	GP 2	Male	Yes	D-7	Dual	206	Old Danville Highway Barn	25.6	-7	2025-09-05T02:00:01Z	1757037601
APS36108	2025-09-02T02:10:01Z	1756779001	23.544539877300615	Basal TC	CP+S	GP 2	Male	Yes	D-7	Dual	206	Old Danville Highway Barn	25.6	-7	2025-09-05T02:10:01Z	1757038201
APS36108	2025-09-02T02:20:01Z	1756779601	22.55006134969325	Basal TC	CP+S	GP 2	Male	Yes	D-7	Dual	206	Old Danville Highway Barn	25.6	-7	2025-09-05T02:20:01Z	1757038801
APS36108	2025-09-02T02:30:01Z	1756780201	21.555582822085892	Basal TC	CP+S	GP 2	Male	Yes	D-7	Dual	206	Old Danville Highway Barn	25.6	-7	2025-09-05T02:30:01Z	1757039401
APS36108	2025-09-02T02:40:01Z	1756780801	21.05834355828221	Basal TC	CP+S	GP 2	Male	Yes	D-7	Dual	206	Old Danville Highway Barn	25.6	-7	2025-09-05T02:40:01Z	1757040001
APS36108	2025-09-02T02:50:01Z	1756781401	20.063865030674847	Basal TC	CP+S	GP 2	Male	Yes	D-7	Dual	206	Old Danville Highway Barn	25.6	-7	2025-09-05T02:50:01Z	1757040601
APS36108	2025-09-02T03:00:01Z	1756782001	19.566625766871166	Basal TC	CP+S	GP 2	Male	Yes	D-7	Dual	206	Old Danville Highway Barn	25.6	-7	2025-09-05T03:00:01Z	1757041201
APS36108	2025-09-02T03:10:01Z	1756782601	19.566625766871166	Basal TC	CP+S	GP 2	Male	Yes	D-7	Dual	206	Old Danville Highway Barn	25.6	-7	2025-09-05T03:10:01Z	1757041801
APS36108	2025-09-02T03:20:01Z	1756783201	19.566625766871166	Basal TC	CP+S	GP 2	Male	Yes	D-7	Dual	206	Old Danville Highway Barn	25.6	-7	2025-09-05T03:20:01Z	1757042401
APS36108	2025-09-02T03:30:01Z	1756783801	19.069386503067484	Basal TC	CP+S	GP 2	Male	Yes	D-7	Dual	206	Old Danville Highway Barn	25.6	-7	2025-09-05T03:30:01Z	1757043001
APS36108	2025-09-02T03:40:01Z	1756784401	18.074907975460125	Basal TC	CP+S	GP 2	Male	Yes	D-7	Dual	206	Old Danville Highway Barn	25.6	-7	2025-09-05T03:40:01Z	1757043601
APS36108	2025-09-02T03:50:01Z	1756785001	17.57766871165644	Basal TC	CP+S	GP 2	Male	Yes	D-7	Dual	206	Old Danville Highway Barn	25.6	-7	2025-09-05T03:50:01Z	1757044201
APS36108	2025-09-02T04:00:01Z	1756785601	17.08042944785276	Basal TC	CP+S	GP 2	Male	Yes	D-7	Dual	206	Old Danville Highway Barn	25.6	-7	2025-09-05T04:00:01Z	1757044801
APS36108	2025-09-02T04:10:01Z	1756786201	17.08042944785276	Basal TC	CP+S	GP 2	Male	Yes	D-7	Dual	206	Old Danville Highway Barn	25.6	-7	2025-09-05T04:10:01Z	1757045401
APS36108	2025-09-02T04:20:01Z	1756786801	16.58319018404908	Basal TC	CP+S	GP 2	Male	Yes	D-7	Dual	206	Old Danville Highway Barn	25.6	-7	2025-09-05T04:20:01Z	1757046001
APS36108	2025-09-02T04:30:01Z	1756787401	16.58319018404908	Basal TC	CP+S	GP 2	Male	Yes	D-7	Dual	206	Old Danville Highway Barn	25.6	-7	2025-09-05T04:30:01Z	1757046601
APS36108	2025-09-02T04:40:01Z	1756788001	16.0859509202454	Basal TC	CP+S	GP 2	Male	Yes	D-7	Dual	206	Old Danville Highway Barn	25.6	-7	2025-09-05T04:40:01Z	1757047201
APS36108	2025-09-02T04:50:01Z	1756788601	16.0859509202454	Basal TC	CP+S	GP 2	Male	Yes	D-7	Dual	206	Old Danville Highway Barn	25.6	-7	2025-09-05T04:50:01Z	1757047801
APS36108	2025-09-02T05:00:01Z	1756789201	16.0859509202454	Basal TC	CP+S	GP 2	Male	Yes	D-7	Dual	206	Old Danville Highway Barn	25.6	-7	2025-09-05T05:00:01Z	1757048401
APS36108	2025-09-02T05:10:01Z	1756789801	16.0859509202454	Basal TC	CP+S	GP 2	Male	Yes	D-7	Dual	206	Old Danville Highway Barn	25.6	-7	2025-09-05T05:10:01Z	1757049001
APS36108	2025-09-02T05:20:01Z	1756790401	15.588711656441717	Basal TC	CP+S	GP 2	Male	Yes	D-7	Dual	206	Old Danville Highway Barn	25.6	-7	2025-09-05T05:20:01Z	1757049601
APS36108	2025-09-02T05:30:01Z	1756791001	16.0859509202454	Basal TC	CP+S	GP 2	Male	Yes	D-7	Dual	206	Old Danville Highway Barn	25.6	-7	2025-09-05T05:30:01Z	1757050201
APS36108	2025-09-02T05:40:01Z	1756791601	16.0859509202454	Basal TC	CP+S	GP 2	Male	Yes	D-7	Dual	206	Old Danville Highway Barn	25.6	-7	2025-09-05T05:40:01Z	1757050801
APS36108	2025-09-02T05:50:01Z	1756792201	16.0859509202454	Basal TC	CP+S	GP 2	Male	Yes	D-7	Dual	206	Old Danville Highway Barn	25.6	-7	2025-09-05T05:50:01Z	1757051401
APS36108	2025-09-02T06:00:01Z	1756792801	16.0859509202454	Basal TC	CP+S	GP 2	Male	Yes	D-7	Dual	206	Old Danville Highway Barn	25.6	-7	2025-09-05T06:00:01Z	1757052001
APS36108	2025-09-02T06:10:01Z	1756793401	16.0859509202454	Basal TC	CP+S	GP 2	Male	Yes	D-7	Dual	206	Old Danville Highway Barn	25.6	-7	2025-09-05T06:10:01Z	1757052601
APS36108	2025-09-02T06:20:01Z	1756794001	16.58319018404908	Basal TC	CP+S	GP 2	Male	Yes	D-7	Dual	206	Old Danville Highway Barn	25.6	-7	2025-09-05T06:20:01Z	1757053201
APS36108	2025-09-02T06:30:01Z	1756794601	16.58319018404908	Basal TC	CP+S	GP 2	Male	Yes	D-7	Dual	206	Old Danville Highway Barn	25.6	-7	2025-09-05T06:30:01Z	1757053801
APS36108	2025-09-02T06:40:01Z	1756795201	16.0859509202454	Basal TC	CP+S	GP 2	Male	Yes	D-7	Dual	206	Old Danville Highway Barn	25.6	-7	2025-09-05T06:40:01Z	1757054401
APS36108	2025-09-02T06:50:01Z	1756795801	16.0859509202454	Basal TC	CP+S	GP 2	Male	Yes	D-7	Dual	206	Old Danville Highway Barn	25.6	-7	2025-09-05T06:50:01Z	1757055001
APS36108	2025-09-02T07:00:01Z	1756796401	17.08042944785276	Basal TC	CP+S	GP 2	Male	Yes	D-7	Dual	206	Old Danville Highway Barn	25.6	-7	2025-09-05T07:00:01Z	1757055601
APS36108	2025-09-02T07:10:01Z	1756797001	18.572147239263803	Basal TC	CP+S	GP 2	Male	Yes	D-7	Dual	206	Old Danville Highway Barn	25.6	-7	2025-09-05T07:10:01Z	1757056201
APS36108	2025-09-02T07:20:01Z	1756797601	20.063865030674847	Basal TC	CP+S	GP 2	Male	Yes	D-7	Dual	206	Old Danville Highway Barn	25.6	-7	2025-09-05T07:20:01Z	1757056801
APS36108	2025-09-02T07:30:01Z	1756798201	21.05834355828221	Basal TC	CP+S	GP 2	Male	Yes	D-7	Dual	206	Old Danville Highway Barn	25.6	-7	2025-09-05T07:30:01Z	1757057401
APS36108	2025-09-02T07:40:01Z	1756798801	21.555582822085892	Basal TC	CP+S	GP 2	Male	Yes	D-7	Dual	206	Old Danville Highway Barn	25.6	-7	2025-09-05T07:40:01Z	1757058001
APS36108	2025-09-02T07:50:01Z	1756799401	21.555582822085892	Basal TC	CP+S	GP 2	Male	Yes	D-7	Dual	206	Old Danville Highway Barn	25.6	-7	2025-09-05T07:50:01Z	1757058601
APS36108	2025-09-02T08:00:01Z	1756800001	21.05834355828221	Basal TC	CP+S	GP 2	Male	Yes	D-7	Dual	206	Old Danville Highway Barn	25.6	-7	2025-09-05T08:00:01Z	1757059201
APS36108	2025-09-02T08:10:01Z	1756800601	21.05834355828221	Basal TC	CP+S	GP 2	Male	Yes	D-7	Dual	206	Old Danville Highway Barn	25.6	-7	2025-09-05T08:10:01Z	1757059801
APS36108	2025-09-02T08:20:01Z	1756801201	21.05834355828221	Basal TC	CP+S	GP 2	Male	Yes	D-7	Dual	206	Old Danville Highway Barn	25.6	-7	2025-09-05T08:20:01Z	1757060401
APS36108	2025-09-02T08:30:01Z	1756801801	22.052822085889574	Basal TC	CP+S	GP 2	Male	Yes	D-7	Dual	206	Old Danville Highway Barn	25.6	-7	2025-09-05T08:30:01Z	1757061001
APS36108	2025-09-02T08:40:01Z	1756802401	21.05834355828221	Basal TC	CP+S	GP 2	Male	Yes	D-7	Dual	206	Old Danville Highway Barn	25.6	-7	2025-09-05T08:40:01Z	1757061601
APS36108	2025-09-02T08:50:01Z	1756803001	20.561104294478532	Basal TC	CP+S	GP 2	Male	Yes	D-7	Dual	206	Old Danville Highway Barn	25.6	-7	2025-09-05T08:50:01Z	1757062201
APS36108	2025-09-02T09:00:01Z	1756803601	20.561104294478532	Basal TC	CP+S	GP 2	Male	Yes	D-7	Dual	206	Old Danville Highway Barn	25.6	-7	2025-09-05T09:00:01Z	1757062801
APS36108	2025-09-02T09:10:01Z	1756804201	20.063865030674847	Basal TC	CP+S	GP 2	Male	Yes	D-7	Dual	206	Old Danville Highway Barn	25.6	-7	2025-09-05T09:10:01Z	1757063401
APS36108	2025-09-02T09:20:01Z	1756804801	20.063865030674847	Basal TC	CP+S	GP 2	Male	Yes	D-7	Dual	206	Old Danville Highway Barn	25.6	-7	2025-09-05T09:20:01Z	1757064001
APS36108	2025-09-02T09:30:01Z	1756805401	19.566625766871166	Basal TC	CP+S	GP 2	Male	Yes	D-7	Dual	206	Old Danville Highway Barn	25.6	-7	2025-09-05T09:30:01Z	1757064601
APS36108	2025-09-02T09:40:01Z	1756806001	19.069386503067484	Basal TC	CP+S	GP 2	Male	Yes	D-7	Dual	206	Old Danville Highway Barn	25.6	-7	2025-09-05T09:40:01Z	1757065201
APS36108	2025-09-02T09:50:01Z	1756806601	18.572147239263803	Basal TC	CP+S	GP 2	Male	Yes	D-7	Dual	206	Old Danville Highway Barn	25.6	-7	2025-09-05T09:50:01Z	1757065801
APS36108	2025-09-02T10:00:01Z	1756807201	18.572147239263803	Basal TC	CP+S	GP 2	Male	Yes	D-7	Dual	206	Old Danville Highway Barn	25.6	-7	2025-09-05T10:00:01Z	1757066401
APS36108	2025-09-02T10:10:01Z	1756807801	18.572147239263803	Basal TC	CP+S	GP 2	Male	Yes	D-7	Dual	206	Old Danville Highway Barn	25.6	-7	2025-09-05T10:10:01Z	1757067001
APS36108	2025-09-02T10:20:01Z	1756808401	18.572147239263803	Basal TC	CP+S	GP 2	Male	Yes	D-7	Dual	206	Old Danville Highway Barn	25.6	-7	2025-09-05T10:20:01Z	1757067601
APS36108	2025-09-02T10:30:01Z	1756809001	18.572147239263803	Basal TC	CP+S	GP 2	Male	Yes	D-7	Dual	206	Old Danville Highway Barn	25.6	-7	2025-09-05T10:30:01Z	1757068201
APS36108	2025-09-02T10:40:01Z	1756809601	18.074907975460125	Basal TC	CP+S	GP 2	Male	Yes	D-7	Dual	206	Old Danville Highway Barn	25.6	-7	2025-09-05T10:40:01Z	1757068801
APS36108	2025-09-02T10:50:01Z	1756810201	18.572147239263803	Basal TC	CP+S	GP 2	Male	Yes	D-7	Dual	206	Old Danville Highway Barn	25.6	-7	2025-09-05T10:50:01Z	1757069401
APS36108	2025-09-02T11:00:01Z	1756810801	18.074907975460125	Basal TC	CP+S	GP 2	Male	Yes	D-7	Dual	206	Old Danville Highway Barn	25.6	-7	2025-09-05T11:00:01Z	1757070001
APS36108	2025-09-02T11:10:01Z	1756811401	18.074907975460125	Basal TC	CP+S	GP 2	Male	Yes	D-7	Dual	206	Old Danville Highway Barn	25.6	-7	2025-09-05T11:10:01Z	1757070601
APS36108	2025-09-02T11:20:01Z	1756812001	18.074907975460125	Basal TC	CP+S	GP 2	Male	Yes	D-7	Dual	206	Old Danville Highway Barn	25.6	-7	2025-09-05T11:20:01Z	1757071201
APS36108	2025-09-02T11:30:01Z	1756812601	17.57766871165644	Basal TC	CP+S	GP 2	Male	Yes	D-7	Dual	206	Old Danville Highway Barn	25.6	-7	2025-09-05T11:30:01Z	1757071801
APS36108	2025-09-02T11:40:01Z	1756813201	17.57766871165644	Basal TC	CP+S	GP 2	Male	Yes	D-7	Dual	206	Old Danville Highway Barn	25.6	-7	2025-09-05T11:40:01Z	1757072401
APS36108	2025-09-02T11:50:01Z	1756813801	17.57766871165644	Basal TC	CP+S	GP 2	Male	Yes	D-7	Dual	206	Old Danville Highway Barn	25.6	-7	2025-09-05T11:50:01Z	1757073001
APS36108	2025-09-02T12:00:01Z	1756814401	17.08042944785276	Basal TC	CP+S	GP 2	Male	Yes	D-7	Dual	206	Old Danville Highway Barn	25.6	-7	2025-09-05T12:00:01Z	1757073601
APS36108	2025-09-02T12:10:01Z	1756815001	17.57766871165644	Basal TC	CP+S	GP 2	Male	Yes	D-7	Dual	206	Old Danville Highway Barn	25.6	-7	2025-09-05T12:10:01Z	1757074201
APS36108	2025-09-02T12:20:01Z	1756815601	17.57766871165644	Basal TC	CP+S	GP 2	Male	Yes	D-7	Dual	206	Old Danville Highway Barn	25.6	-7	2025-09-05T12:20:01Z	1757074801
APS36108	2025-09-02T12:30:01Z	1756816201	17.57766871165644	Basal TC	CP+S	GP 2	Male	Yes	D-7	Dual	206	Old Danville Highway Barn	25.6	-7	2025-09-05T12:30:01Z	1757075401
APS36108	2025-09-02T12:40:01Z	1756816801	17.08042944785276	Basal TC	CP+S	GP 2	Male	Yes	D-7	Dual	206	Old Danville Highway Barn	25.6	-7	2025-09-05T12:40:01Z	1757076001
APS36108	2025-09-02T12:50:01Z	1756817401	17.08042944785276	Basal TC	CP+S	GP 2	Male	Yes	D-7	Dual	206	Old Danville Highway Barn	25.6	-7	2025-09-05T12:50:01Z	1757076601
APS36108	2025-09-02T13:00:01Z	1756818001	17.08042944785276	Basal TC	CP+S	GP 2	Male	Yes	D-7	Dual	206	Old Danville Highway Barn	25.6	-7	2025-09-05T13:00:01Z	1757077201
APS36108	2025-09-02T13:10:01Z	1756818601	17.08042944785276	Basal TC	CP+S	GP 2	Male	Yes	D-7	Dual	206	Old Danville Highway Barn	25.6	-7	2025-09-05T13:10:01Z	1757077801
APS36108	2025-09-02T13:20:01Z	1756819201	17.08042944785276	Basal TC	CP+S	GP 2	Male	Yes	D-7	Dual	206	Old Danville Highway Barn	25.6	-7	2025-09-05T13:20:01Z	1757078401
APS36108	2025-09-02T13:30:01Z	1756819801	20.561104294478532	Basal TC	CP+S	GP 2	Male	Yes	D-7	Dual	206	Old Danville Highway Barn	25.6	-7	2025-09-05T13:30:01Z	1757079001
APS36108	2025-09-02T13:40:01Z	1756820401	29.511411042944786	Basal TC	CP+S	GP 2	Male	Yes	D-7	Dual	206	Old Danville Highway Barn	25.6	-7	2025-09-05T13:40:01Z	1757079601
APS36108	2025-09-02T13:50:01Z	1756821001	31.500368098159512	Basal TC	CP+S	GP 2	Male	Yes	D-7	Dual	206	Old Danville Highway Barn	25.6	-7	2025-09-05T13:50:01Z	1757080201
APS60074	2025-09-01T14:00:01Z	1756735201	35.47369230769231	Basal TC	CS	GP 2	Female	Yes	D-7	Secondary	205	Warriors Mark Farmhouse	25.6	-7	2025-09-04T14:00:01Z	1756994401
APS60074	2025-09-01T14:10:01Z	1756735801	35.47369230769231	Basal TC	CS	GP 2	Female	Yes	D-7	Secondary	205	Warriors Mark Farmhouse	25.6	-7	2025-09-04T14:10:01Z	1756995001
APS60074	2025-09-01T14:20:01Z	1756736401	35.47369230769231	Basal TC	CS	GP 2	Female	Yes	D-7	Secondary	205	Warriors Mark Farmhouse	25.6	-7	2025-09-04T14:20:01Z	1756995601
APS60074	2025-09-01T14:30:01Z	1756737001	34.974923076923076	Basal TC	CS	GP 2	Female	Yes	D-7	Secondary	205	Warriors Mark Farmhouse	25.6	-7	2025-09-04T14:30:01Z	1756996201
APS60074	2025-09-01T14:40:01Z	1756737601	35.47369230769231	Basal TC	CS	GP 2	Female	Yes	D-7	Secondary	205	Warriors Mark Farmhouse	25.6	-7	2025-09-04T14:40:01Z	1756996801
APS60074	2025-09-01T14:50:01Z	1756738201	34.974923076923076	Basal TC	CS	GP 2	Female	Yes	D-7	Secondary	205	Warriors Mark Farmhouse	25.6	-7	2025-09-04T14:50:01Z	1756997401
APS60074	2025-09-01T15:00:01Z	1756738801	35.47369230769231	Basal TC	CS	GP 2	Female	Yes	D-7	Secondary	205	Warriors Mark Farmhouse	25.6	-7	2025-09-04T15:00:01Z	1756998001
APS60074	2025-09-01T15:10:01Z	1756739401	35.97246153846154	Basal TC	CS	GP 2	Female	Yes	D-7	Secondary	205	Warriors Mark Farmhouse	25.6	-7	2025-09-04T15:10:01Z	1756998601
APS60074	2025-09-01T15:20:01Z	1756740001	36.47123076923077	Basal TC	CS	GP 2	Female	Yes	D-7	Secondary	205	Warriors Mark Farmhouse	25.6	-7	2025-09-04T15:20:01Z	1756999201
APS60074	2025-09-01T15:30:01Z	1756740601	36.47123076923077	Basal TC	CS	GP 2	Female	Yes	D-7	Secondary	205	Warriors Mark Farmhouse	25.6	-7	2025-09-04T15:30:01Z	1756999801
APS60074	2025-09-01T15:40:01Z	1756741201	37.96753846153847	Basal TC	CS	GP 2	Female	Yes	D-7	Secondary	205	Warriors Mark Farmhouse	25.6	-7	2025-09-04T15:40:01Z	1757000401
APS60074	2025-09-01T15:50:01Z	1756741801	35.47369230769231	Basal TC	CS	GP 2	Female	Yes	D-7	Secondary	205	Warriors Mark Farmhouse	25.6	-7	2025-09-04T15:50:01Z	1757001001
APS60074	2025-09-01T16:00:01Z	1756742401	35.97246153846154	Basal TC	CS	GP 2	Female	Yes	D-7	Secondary	205	Warriors Mark Farmhouse	25.6	-7	2025-09-04T16:00:01Z	1757001601
APS60074	2025-09-01T16:10:01Z	1756743001	31.982307692307696	Basal TC	CS	GP 2	Female	Yes	D-7	Secondary	205	Warriors Mark Farmhouse	25.6	-7	2025-09-04T16:10:01Z	1757002201
APS60074	2025-09-01T16:20:01Z	1756743601	29.98723076923077	Basal TC	CS	GP 2	Female	Yes	D-7	Secondary	205	Warriors Mark Farmhouse	25.6	-7	2025-09-04T16:20:01Z	1757002801
APS60074	2025-09-01T16:30:01Z	1756744201	29.98723076923077	Basal TC	CS	GP 2	Female	Yes	D-7	Secondary	205	Warriors Mark Farmhouse	25.6	-7	2025-09-04T16:30:01Z	1757003401
APS60074	2025-09-01T16:40:01Z	1756744801	29.98723076923077	Basal TC	CS	GP 2	Female	Yes	D-7	Secondary	205	Warriors Mark Farmhouse	25.6	-7	2025-09-04T16:40:01Z	1757004001
APS60074	2025-09-01T16:50:01Z	1756745401	29.48846153846154	Basal TC	CS	GP 2	Female	Yes	D-7	Secondary	205	Warriors Mark Farmhouse	25.6	-7	2025-09-04T16:50:01Z	1757004601
APS60074	2025-09-01T17:00:01Z	1756746001	29.48846153846154	Basal TC	CS	GP 2	Female	Yes	D-7	Secondary	205	Warriors Mark Farmhouse	25.6	-7	2025-09-04T17:00:01Z	1757005201
APS60074	2025-09-01T17:10:01Z	1756746601	29.48846153846154	Basal TC	CS	GP 2	Female	Yes	D-7	Secondary	205	Warriors Mark Farmhouse	25.6	-7	2025-09-04T17:10:01Z	1757005801
APS60074	2025-09-01T17:20:01Z	1756747201	29.48846153846154	Basal TC	CS	GP 2	Female	Yes	D-7	Secondary	205	Warriors Mark Farmhouse	25.6	-7	2025-09-04T17:20:01Z	1757006401
APS60074	2025-09-01T17:30:01Z	1756747801	29.48846153846154	Basal TC	CS	GP 2	Female	Yes	D-7	Secondary	205	Warriors Mark Farmhouse	25.6	-7	2025-09-04T17:30:01Z	1757007001
APS60074	2025-09-01T17:40:01Z	1756748401	29.98723076923077	Basal TC	CS	GP 2	Female	Yes	D-7	Secondary	205	Warriors Mark Farmhouse	25.6	-7	2025-09-04T17:40:01Z	1757007601
APS60074	2025-09-01T17:50:01Z	1756749001	29.98723076923077	Basal TC	CS	GP 2	Female	Yes	D-7	Secondary	205	Warriors Mark Farmhouse	25.6	-7	2025-09-04T17:50:01Z	1757008201
APS60074	2025-09-01T18:00:01Z	1756749601	29.48846153846154	Basal TC	CS	GP 2	Female	Yes	D-7	Secondary	205	Warriors Mark Farmhouse	25.6	-7	2025-09-04T18:00:01Z	1757008801
APS60074	2025-09-01T18:10:01Z	1756750201	30.98476923076923	Basal TC	CS	GP 2	Female	Yes	D-7	Secondary	205	Warriors Mark Farmhouse	25.6	-7	2025-09-04T18:10:01Z	1757009401
APS60074	2025-09-01T18:20:01Z	1756750801	30.486000000000004	Basal TC	CS	GP 2	Female	Yes	D-7	Secondary	205	Warriors Mark Farmhouse	25.6	-7	2025-09-04T18:20:01Z	1757010001
APS60074	2025-09-01T18:30:01Z	1756751401	26.495846153846156	Basal TC	CS	GP 2	Female	Yes	D-7	Secondary	205	Warriors Mark Farmhouse	25.6	-7	2025-09-04T18:30:01Z	1757010601
APS60074	2025-09-01T18:40:01Z	1756752001	24.002000000000002	Basal TC	CS	GP 2	Female	Yes	D-7	Secondary	205	Warriors Mark Farmhouse	25.6	-7	2025-09-04T18:40:01Z	1757011201
APS60074	2025-09-01T18:50:01Z	1756752601	22.00692307692308	Basal TC	CS	GP 2	Female	Yes	D-7	Secondary	205	Warriors Mark Farmhouse	25.6	-7	2025-09-04T18:50:01Z	1757011801
APS60074	2025-09-01T19:00:01Z	1756753201	21.00938461538462	Basal TC	CS	GP 2	Female	Yes	D-7	Secondary	205	Warriors Mark Farmhouse	25.6	-7	2025-09-04T19:00:01Z	1757012401
APS60074	2025-09-01T19:10:01Z	1756753801	20.011846153846154	Basal TC	CS	GP 2	Female	Yes	D-7	Secondary	205	Warriors Mark Farmhouse	25.6	-7	2025-09-04T19:10:01Z	1757013001
APS60074	2025-09-01T19:20:01Z	1756754401	19.014307692307693	Basal TC	CS	GP 2	Female	Yes	D-7	Secondary	205	Warriors Mark Farmhouse	25.6	-7	2025-09-04T19:20:01Z	1757013601
APS60074	2025-09-01T19:30:01Z	1756755001	18.515538461538462	Basal TC	CS	GP 2	Female	Yes	D-7	Secondary	205	Warriors Mark Farmhouse	25.6	-7	2025-09-04T19:30:01Z	1757014201
APS60074	2025-09-01T19:40:01Z	1756755601	17.518	Basal TC	CS	GP 2	Female	Yes	D-7	Secondary	205	Warriors Mark Farmhouse	25.6	-7	2025-09-04T19:40:01Z	1757014801
APS60074	2025-09-01T19:50:01Z	1756756201	17.01923076923077	Basal TC	CS	GP 2	Female	Yes	D-7	Secondary	205	Warriors Mark Farmhouse	25.6	-7	2025-09-04T19:50:01Z	1757015401
APS60074	2025-09-01T20:00:01Z	1756756801	17.518	Basal TC	CS	GP 2	Female	Yes	D-7	Secondary	205	Warriors Mark Farmhouse	25.6	-7	2025-09-04T20:00:01Z	1757016001
APS60074	2025-09-01T20:10:01Z	1756757401	17.518	Basal TC	CS	GP 2	Female	Yes	D-7	Secondary	205	Warriors Mark Farmhouse	25.6	-7	2025-09-04T20:10:01Z	1757016601
APS60074	2025-09-01T20:20:01Z	1756758001	16.52046153846154	Basal TC	CS	GP 2	Female	Yes	D-7	Secondary	205	Warriors Mark Farmhouse	25.6	-7	2025-09-04T20:20:01Z	1757017201
APS60074	2025-09-01T20:30:01Z	1756758601	16.52046153846154	Basal TC	CS	GP 2	Female	Yes	D-7	Secondary	205	Warriors Mark Farmhouse	25.6	-7	2025-09-04T20:30:01Z	1757017801
APS60074	2025-09-01T20:40:01Z	1756759201	17.01923076923077	Basal TC	CS	GP 2	Female	Yes	D-7	Secondary	205	Warriors Mark Farmhouse	25.6	-7	2025-09-04T20:40:01Z	1757018401
APS60074	2025-09-01T20:50:01Z	1756759801	17.01923076923077	Basal TC	CS	GP 2	Female	Yes	D-7	Secondary	205	Warriors Mark Farmhouse	25.6	-7	2025-09-04T20:50:01Z	1757019001
APS60074	2025-09-01T21:00:01Z	1756760401	16.52046153846154	Basal TC	CS	GP 2	Female	Yes	D-7	Secondary	205	Warriors Mark Farmhouse	25.6	-7	2025-09-04T21:00:01Z	1757019601
APS60074	2025-09-01T21:10:01Z	1756761001	16.52046153846154	Basal TC	CS	GP 2	Female	Yes	D-7	Secondary	205	Warriors Mark Farmhouse	25.6	-7	2025-09-04T21:10:01Z	1757020201
APS60074	2025-09-01T21:20:01Z	1756761601	16.02169230769231	Basal TC	CS	GP 2	Female	Yes	D-7	Secondary	205	Warriors Mark Farmhouse	25.6	-7	2025-09-04T21:20:01Z	1757020801
APS60074	2025-09-01T21:30:01Z	1756762201	16.02169230769231	Basal TC	CS	GP 2	Female	Yes	D-7	Secondary	205	Warriors Mark Farmhouse	25.6	-7	2025-09-04T21:30:01Z	1757021401
APS60074	2025-09-01T21:40:01Z	1756762801	15.522923076923078	Basal TC	CS	GP 2	Female	Yes	D-7	Secondary	205	Warriors Mark Farmhouse	25.6	-7	2025-09-04T21:40:01Z	1757022001
APS60074	2025-09-01T21:50:01Z	1756763401	15.522923076923078	Basal TC	CS	GP 2	Female	Yes	D-7	Secondary	205	Warriors Mark Farmhouse	25.6	-7	2025-09-04T21:50:01Z	1757022601
APS60074	2025-09-01T22:00:01Z	1756764001	17.01923076923077	Basal TC	CS	GP 2	Female	Yes	D-7	Secondary	205	Warriors Mark Farmhouse	25.6	-7	2025-09-04T22:00:01Z	1757023201
APS60074	2025-09-01T22:10:01Z	1756764601	16.52046153846154	Basal TC	CS	GP 2	Female	Yes	D-7	Secondary	205	Warriors Mark Farmhouse	25.6	-7	2025-09-04T22:10:01Z	1757023801
APS60074	2025-09-01T22:20:01Z	1756765201	16.52046153846154	Basal TC	CS	GP 2	Female	Yes	D-7	Secondary	205	Warriors Mark Farmhouse	25.6	-7	2025-09-04T22:20:01Z	1757024401
APS60074	2025-09-01T22:30:01Z	1756765801	16.02169230769231	Basal TC	CS	GP 2	Female	Yes	D-7	Secondary	205	Warriors Mark Farmhouse	25.6	-7	2025-09-04T22:30:01Z	1757025001
APS60074	2025-09-01T22:40:01Z	1756766401	16.02169230769231	Basal TC	CS	GP 2	Female	Yes	D-7	Secondary	205	Warriors Mark Farmhouse	25.6	-7	2025-09-04T22:40:01Z	1757025601
APS60074	2025-09-01T22:50:01Z	1756767001	15.522923076923078	Basal TC	CS	GP 2	Female	Yes	D-7	Secondary	205	Warriors Mark Farmhouse	25.6	-7	2025-09-04T22:50:01Z	1757026201
APS60074	2025-09-01T23:00:01Z	1756767601	15.522923076923078	Basal TC	CS	GP 2	Female	Yes	D-7	Secondary	205	Warriors Mark Farmhouse	25.6	-7	2025-09-04T23:00:01Z	1757026801
APS60074	2025-09-01T23:10:01Z	1756768201	16.52046153846154	Basal TC	CS	GP 2	Female	Yes	D-7	Secondary	205	Warriors Mark Farmhouse	25.6	-7	2025-09-04T23:10:01Z	1757027401
APS60074	2025-09-01T23:20:01Z	1756768801	22.00692307692308	Basal TC	CS	GP 2	Female	Yes	D-7	Secondary	205	Warriors Mark Farmhouse	25.6	-7	2025-09-04T23:20:01Z	1757028001
APS60074	2025-09-01T23:30:01Z	1756769401	28.490923076923078	Basal TC	CS	GP 2	Female	Yes	D-7	Secondary	205	Warriors Mark Farmhouse	25.6	-7	2025-09-04T23:30:01Z	1757028601
APS60074	2025-09-01T23:40:01Z	1756770001	30.486000000000004	Basal TC	CS	GP 2	Female	Yes	D-7	Secondary	205	Warriors Mark Farmhouse	25.6	-7	2025-09-04T23:40:01Z	1757029201
APS60074	2025-09-01T23:50:01Z	1756770601	32.979846153846154	Basal TC	CS	GP 2	Female	Yes	D-7	Secondary	205	Warriors Mark Farmhouse	25.6	-7	2025-09-04T23:50:01Z	1757029801
APS60074	2025-09-02T00:00:01Z	1756771201	31.483538461538462	Basal TC	CS	GP 2	Female	Yes	D-7	Secondary	205	Warriors Mark Farmhouse	25.6	-7	2025-09-05T00:00:01Z	1757030401
APS60074	2025-09-02T00:10:01Z	1756771801	29.98723076923077	Basal TC	CS	GP 2	Female	Yes	D-7	Secondary	205	Warriors Mark Farmhouse	25.6	-7	2025-09-05T00:10:01Z	1757031001
APS60074	2025-09-02T00:20:01Z	1756772401	26.994615384615386	Basal TC	CS	GP 2	Female	Yes	D-7	Secondary	205	Warriors Mark Farmhouse	25.6	-7	2025-09-05T00:20:01Z	1757031601
APS60074	2025-09-02T00:30:01Z	1756773001	24.002000000000002	Basal TC	CS	GP 2	Female	Yes	D-7	Secondary	205	Warriors Mark Farmhouse	25.6	-7	2025-09-05T00:30:01Z	1757032201
APS60074	2025-09-02T00:40:01Z	1756773601	23.004461538461538	Basal TC	CS	GP 2	Female	Yes	D-7	Secondary	205	Warriors Mark Farmhouse	25.6	-7	2025-09-05T00:40:01Z	1757032801
APS60074	2025-09-02T00:50:01Z	1756774201	20.510615384615384	Basal TC	CS	GP 2	Female	Yes	D-7	Secondary	205	Warriors Mark Farmhouse	25.6	-7	2025-09-05T00:50:01Z	1757033401
APS60074	2025-09-02T01:00:01Z	1756774801	19.513076923076923	Basal TC	CS	GP 2	Female	Yes	D-7	Secondary	205	Warriors Mark Farmhouse	25.6	-7	2025-09-05T01:00:01Z	1757034001
APS60074	2025-09-02T01:10:01Z	1756775401	18.515538461538462	Basal TC	CS	GP 2	Female	Yes	D-7	Secondary	205	Warriors Mark Farmhouse	25.6	-7	2025-09-05T01:10:01Z	1757034601
APS60074	2025-09-02T01:20:01Z	1756776001	17.518	Basal TC	CS	GP 2	Female	Yes	D-7	Secondary	205	Warriors Mark Farmhouse	25.6	-7	2025-09-05T01:20:01Z	1757035201
APS60074	2025-09-02T01:30:01Z	1756776601	17.01923076923077	Basal TC	CS	GP 2	Female	Yes	D-7	Secondary	205	Warriors Mark Farmhouse	25.6	-7	2025-09-05T01:30:01Z	1757035801
APS60074	2025-09-02T01:40:01Z	1756777201	16.52046153846154	Basal TC	CS	GP 2	Female	Yes	D-7	Secondary	205	Warriors Mark Farmhouse	25.6	-7	2025-09-05T01:40:01Z	1757036401
APS60074	2025-09-02T01:50:01Z	1756777801	16.52046153846154	Basal TC	CS	GP 2	Female	Yes	D-7	Secondary	205	Warriors Mark Farmhouse	25.6	-7	2025-09-05T01:50:01Z	1757037001
APS60074	2025-09-02T02:00:01Z	1756778401	16.02169230769231	Basal TC	CS	GP 2	Female	Yes	D-7	Secondary	205	Warriors Mark Farmhouse	25.6	-7	2025-09-05T02:00:01Z	1757037601
APS60074	2025-09-02T02:10:01Z	1756779001	16.52046153846154	Basal TC	CS	GP 2	Female	Yes	D-7	Secondary	205	Warriors Mark Farmhouse	25.6	-7	2025-09-05T02:10:01Z	1757038201
APS60074	2025-09-02T02:20:01Z	1756779601	16.52046153846154	Basal TC	CS	GP 2	Female	Yes	D-7	Secondary	205	Warriors Mark Farmhouse	25.6	-7	2025-09-05T02:20:01Z	1757038801
APS60074	2025-09-02T02:30:01Z	1756780201	16.02169230769231	Basal TC	CS	GP 2	Female	Yes	D-7	Secondary	205	Warriors Mark Farmhouse	25.6	-7	2025-09-05T02:30:01Z	1757039401
APS60074	2025-09-02T02:40:01Z	1756780801	16.02169230769231	Basal TC	CS	GP 2	Female	Yes	D-7	Secondary	205	Warriors Mark Farmhouse	25.6	-7	2025-09-05T02:40:01Z	1757040001
APS60074	2025-09-02T02:50:01Z	1756781401	15.522923076923078	Basal TC	CS	GP 2	Female	Yes	D-7	Secondary	205	Warriors Mark Farmhouse	25.6	-7	2025-09-05T02:50:01Z	1757040601
APS60074	2025-09-02T03:00:01Z	1756782001	15.522923076923078	Basal TC	CS	GP 2	Female	Yes	D-7	Secondary	205	Warriors Mark Farmhouse	25.6	-7	2025-09-05T03:00:01Z	1757041201
APS60074	2025-09-02T03:10:01Z	1756782601	15.522923076923078	Basal TC	CS	GP 2	Female	Yes	D-7	Secondary	205	Warriors Mark Farmhouse	25.6	-7	2025-09-05T03:10:01Z	1757041801
APS60074	2025-09-02T03:20:01Z	1756783201	15.024153846153848	Basal TC	CS	GP 2	Female	Yes	D-7	Secondary	205	Warriors Mark Farmhouse	25.6	-7	2025-09-05T03:20:01Z	1757042401
APS60074	2025-09-02T03:30:01Z	1756783801	15.024153846153848	Basal TC	CS	GP 2	Female	Yes	D-7	Secondary	205	Warriors Mark Farmhouse	25.6	-7	2025-09-05T03:30:01Z	1757043001
APS60074	2025-09-02T03:40:01Z	1756784401	15.024153846153848	Basal TC	CS	GP 2	Female	Yes	D-7	Secondary	205	Warriors Mark Farmhouse	25.6	-7	2025-09-05T03:40:01Z	1757043601
APS60074	2025-09-02T03:50:01Z	1756785001	15.024153846153848	Basal TC	CS	GP 2	Female	Yes	D-7	Secondary	205	Warriors Mark Farmhouse	25.6	-7	2025-09-05T03:50:01Z	1757044201
APS60074	2025-09-02T04:00:01Z	1756785601	15.024153846153848	Basal TC	CS	GP 2	Female	Yes	D-7	Secondary	205	Warriors Mark Farmhouse	25.6	-7	2025-09-05T04:00:01Z	1757044801
APS60074	2025-09-02T04:10:01Z	1756786201	15.024153846153848	Basal TC	CS	GP 2	Female	Yes	D-7	Secondary	205	Warriors Mark Farmhouse	25.6	-7	2025-09-05T04:10:01Z	1757045401
APS60074	2025-09-02T04:20:01Z	1756786801	15.024153846153848	Basal TC	CS	GP 2	Female	Yes	D-7	Secondary	205	Warriors Mark Farmhouse	25.6	-7	2025-09-05T04:20:01Z	1757046001
APS60074	2025-09-02T04:30:01Z	1756787401	15.024153846153848	Basal TC	CS	GP 2	Female	Yes	D-7	Secondary	205	Warriors Mark Farmhouse	25.6	-7	2025-09-05T04:30:01Z	1757046601
APS60074	2025-09-02T04:40:01Z	1756788001	14.525384615384617	Basal TC	CS	GP 2	Female	Yes	D-7	Secondary	205	Warriors Mark Farmhouse	25.6	-7	2025-09-05T04:40:01Z	1757047201
APS60074	2025-09-02T04:50:01Z	1756788601	14.525384615384617	Basal TC	CS	GP 2	Female	Yes	D-7	Secondary	205	Warriors Mark Farmhouse	25.6	-7	2025-09-05T04:50:01Z	1757047801
APS60074	2025-09-02T05:00:01Z	1756789201	14.525384615384617	Basal TC	CS	GP 2	Female	Yes	D-7	Secondary	205	Warriors Mark Farmhouse	25.6	-7	2025-09-05T05:00:01Z	1757048401
APS60074	2025-09-02T05:10:01Z	1756789801	14.525384615384617	Basal TC	CS	GP 2	Female	Yes	D-7	Secondary	205	Warriors Mark Farmhouse	25.6	-7	2025-09-05T05:10:01Z	1757049001
APS60074	2025-09-02T05:20:01Z	1756790401	14.525384615384617	Basal TC	CS	GP 2	Female	Yes	D-7	Secondary	205	Warriors Mark Farmhouse	25.6	-7	2025-09-05T05:20:01Z	1757049601
APS60074	2025-09-02T05:30:01Z	1756791001	14.525384615384617	Basal TC	CS	GP 2	Female	Yes	D-7	Secondary	205	Warriors Mark Farmhouse	25.6	-7	2025-09-05T05:30:01Z	1757050201
APS60074	2025-09-02T05:40:01Z	1756791601	14.525384615384617	Basal TC	CS	GP 2	Female	Yes	D-7	Secondary	205	Warriors Mark Farmhouse	25.6	-7	2025-09-05T05:40:01Z	1757050801
APS60074	2025-09-02T05:50:01Z	1756792201	14.525384615384617	Basal TC	CS	GP 2	Female	Yes	D-7	Secondary	205	Warriors Mark Farmhouse	25.6	-7	2025-09-05T05:50:01Z	1757051401
APS60074	2025-09-02T06:00:01Z	1756792801	14.525384615384617	Basal TC	CS	GP 2	Female	Yes	D-7	Secondary	205	Warriors Mark Farmhouse	25.6	-7	2025-09-05T06:00:01Z	1757052001
APS60074	2025-09-02T06:10:01Z	1756793401	14.525384615384617	Basal TC	CS	GP 2	Female	Yes	D-7	Secondary	205	Warriors Mark Farmhouse	25.6	-7	2025-09-05T06:10:01Z	1757052601
APS60074	2025-09-02T06:20:01Z	1756794001	14.525384615384617	Basal TC	CS	GP 2	Female	Yes	D-7	Secondary	205	Warriors Mark Farmhouse	25.6	-7	2025-09-05T06:20:01Z	1757053201
APS60074	2025-09-02T06:30:01Z	1756794601	14.525384615384617	Basal TC	CS	GP 2	Female	Yes	D-7	Secondary	205	Warriors Mark Farmhouse	25.6	-7	2025-09-05T06:30:01Z	1757053801
APS60074	2025-09-02T06:40:01Z	1756795201	14.525384615384617	Basal TC	CS	GP 2	Female	Yes	D-7	Secondary	205	Warriors Mark Farmhouse	25.6	-7	2025-09-05T06:40:01Z	1757054401
APS60074	2025-09-02T06:50:01Z	1756795801	14.525384615384617	Basal TC	CS	GP 2	Female	Yes	D-7	Secondary	205	Warriors Mark Farmhouse	25.6	-7	2025-09-05T06:50:01Z	1757055001
APS60074	2025-09-02T07:00:01Z	1756796401	14.525384615384617	Basal TC	CS	GP 2	Female	Yes	D-7	Secondary	205	Warriors Mark Farmhouse	25.6	-7	2025-09-05T07:00:01Z	1757055601
APS60074	2025-09-02T07:10:01Z	1756797001	14.525384615384617	Basal TC	CS	GP 2	Female	Yes	D-7	Secondary	205	Warriors Mark Farmhouse	25.6	-7	2025-09-05T07:10:01Z	1757056201
APS60074	2025-09-02T07:20:01Z	1756797601	14.525384615384617	Basal TC	CS	GP 2	Female	Yes	D-7	Secondary	205	Warriors Mark Farmhouse	25.6	-7	2025-09-05T07:20:01Z	1757056801
APS60074	2025-09-02T07:30:01Z	1756798201	14.525384615384617	Basal TC	CS	GP 2	Female	Yes	D-7	Secondary	205	Warriors Mark Farmhouse	25.6	-7	2025-09-05T07:30:01Z	1757057401
APS60074	2025-09-02T07:40:01Z	1756798801	14.525384615384617	Basal TC	CS	GP 2	Female	Yes	D-7	Secondary	205	Warriors Mark Farmhouse	25.6	-7	2025-09-05T07:40:01Z	1757058001
APS60074	2025-09-02T07:50:01Z	1756799401	14.525384615384617	Basal TC	CS	GP 2	Female	Yes	D-7	Secondary	205	Warriors Mark Farmhouse	25.6	-7	2025-09-05T07:50:01Z	1757058601
APS60074	2025-09-02T08:00:01Z	1756800001	14.525384615384617	Basal TC	CS	GP 2	Female	Yes	D-7	Secondary	205	Warriors Mark Farmhouse	25.6	-7	2025-09-05T08:00:01Z	1757059201
APS60074	2025-09-02T08:10:01Z	1756800601	14.525384615384617	Basal TC	CS	GP 2	Female	Yes	D-7	Secondary	205	Warriors Mark Farmhouse	25.6	-7	2025-09-05T08:10:01Z	1757059801
APS60074	2025-09-02T08:20:01Z	1756801201	14.525384615384617	Basal TC	CS	GP 2	Female	Yes	D-7	Secondary	205	Warriors Mark Farmhouse	25.6	-7	2025-09-05T08:20:01Z	1757060401
APS60074	2025-09-02T08:30:01Z	1756801801	14.525384615384617	Basal TC	CS	GP 2	Female	Yes	D-7	Secondary	205	Warriors Mark Farmhouse	25.6	-7	2025-09-05T08:30:01Z	1757061001
APS60074	2025-09-02T08:40:01Z	1756802401	14.525384615384617	Basal TC	CS	GP 2	Female	Yes	D-7	Secondary	205	Warriors Mark Farmhouse	25.6	-7	2025-09-05T08:40:01Z	1757061601
APS60074	2025-09-02T08:50:01Z	1756803001	14.525384615384617	Basal TC	CS	GP 2	Female	Yes	D-7	Secondary	205	Warriors Mark Farmhouse	25.6	-7	2025-09-05T08:50:01Z	1757062201
APS60074	2025-09-02T09:00:01Z	1756803601	14.525384615384617	Basal TC	CS	GP 2	Female	Yes	D-7	Secondary	205	Warriors Mark Farmhouse	25.6	-7	2025-09-05T09:00:01Z	1757062801
APS60074	2025-09-02T09:10:01Z	1756804201	14.525384615384617	Basal TC	CS	GP 2	Female	Yes	D-7	Secondary	205	Warriors Mark Farmhouse	25.6	-7	2025-09-05T09:10:01Z	1757063401
APS60074	2025-09-02T09:20:01Z	1756804801	14.525384615384617	Basal TC	CS	GP 2	Female	Yes	D-7	Secondary	205	Warriors Mark Farmhouse	25.6	-7	2025-09-05T09:20:01Z	1757064001
APS60074	2025-09-02T09:30:01Z	1756805401	14.525384615384617	Basal TC	CS	GP 2	Female	Yes	D-7	Secondary	205	Warriors Mark Farmhouse	25.6	-7	2025-09-05T09:30:01Z	1757064601
APS60074	2025-09-02T09:40:01Z	1756806001	14.525384615384617	Basal TC	CS	GP 2	Female	Yes	D-7	Secondary	205	Warriors Mark Farmhouse	25.6	-7	2025-09-05T09:40:01Z	1757065201
APS60074	2025-09-02T09:50:01Z	1756806601	14.525384615384617	Basal TC	CS	GP 2	Female	Yes	D-7	Secondary	205	Warriors Mark Farmhouse	25.6	-7	2025-09-05T09:50:01Z	1757065801
APS60074	2025-09-02T10:00:01Z	1756807201	14.525384615384617	Basal TC	CS	GP 2	Female	Yes	D-7	Secondary	205	Warriors Mark Farmhouse	25.6	-7	2025-09-05T10:00:01Z	1757066401
APS60074	2025-09-02T10:10:01Z	1756807801	14.525384615384617	Basal TC	CS	GP 2	Female	Yes	D-7	Secondary	205	Warriors Mark Farmhouse	25.6	-7	2025-09-05T10:10:01Z	1757067001
APS60074	2025-09-02T10:20:01Z	1756808401	14.525384615384617	Basal TC	CS	GP 2	Female	Yes	D-7	Secondary	205	Warriors Mark Farmhouse	25.6	-7	2025-09-05T10:20:01Z	1757067601
APS60074	2025-09-02T10:30:01Z	1756809001	14.525384615384617	Basal TC	CS	GP 2	Female	Yes	D-7	Secondary	205	Warriors Mark Farmhouse	25.6	-7	2025-09-05T10:30:01Z	1757068201
APS60074	2025-09-02T10:40:01Z	1756809601	14.525384615384617	Basal TC	CS	GP 2	Female	Yes	D-7	Secondary	205	Warriors Mark Farmhouse	25.6	-7	2025-09-05T10:40:01Z	1757068801
APS60074	2025-09-02T10:50:01Z	1756810201	14.525384615384617	Basal TC	CS	GP 2	Female	Yes	D-7	Secondary	205	Warriors Mark Farmhouse	25.6	-7	2025-09-05T10:50:01Z	1757069401
APS60074	2025-09-02T11:00:01Z	1756810801	14.525384615384617	Basal TC	CS	GP 2	Female	Yes	D-7	Secondary	205	Warriors Mark Farmhouse	25.6	-7	2025-09-05T11:00:01Z	1757070001
APS60074	2025-09-02T11:10:01Z	1756811401	14.525384615384617	Basal TC	CS	GP 2	Female	Yes	D-7	Secondary	205	Warriors Mark Farmhouse	25.6	-7	2025-09-05T11:10:01Z	1757070601
APS60074	2025-09-02T11:20:01Z	1756812001	14.525384615384617	Basal TC	CS	GP 2	Female	Yes	D-7	Secondary	205	Warriors Mark Farmhouse	25.6	-7	2025-09-05T11:20:01Z	1757071201
APS60074	2025-09-02T11:30:01Z	1756812601	14.525384615384617	Basal TC	CS	GP 2	Female	Yes	D-7	Secondary	205	Warriors Mark Farmhouse	25.6	-7	2025-09-05T11:30:01Z	1757071801
APS60074	2025-09-02T11:40:01Z	1756813201	14.525384615384617	Basal TC	CS	GP 2	Female	Yes	D-7	Secondary	205	Warriors Mark Farmhouse	25.6	-7	2025-09-05T11:40:01Z	1757072401
APS60074	2025-09-02T11:50:01Z	1756813801	14.525384615384617	Basal TC	CS	GP 2	Female	Yes	D-7	Secondary	205	Warriors Mark Farmhouse	25.6	-7	2025-09-05T11:50:01Z	1757073001
APS60074	2025-09-02T12:00:01Z	1756814401	14.525384615384617	Basal TC	CS	GP 2	Female	Yes	D-7	Secondary	205	Warriors Mark Farmhouse	25.6	-7	2025-09-05T12:00:01Z	1757073601
APS60074	2025-09-02T12:10:01Z	1756815001	14.525384615384617	Basal TC	CS	GP 2	Female	Yes	D-7	Secondary	205	Warriors Mark Farmhouse	25.6	-7	2025-09-05T12:10:01Z	1757074201
APS60074	2025-09-02T12:20:01Z	1756815601	14.525384615384617	Basal TC	CS	GP 2	Female	Yes	D-7	Secondary	205	Warriors Mark Farmhouse	25.6	-7	2025-09-05T12:20:01Z	1757074801
APS60074	2025-09-02T12:30:01Z	1756816201	15.024153846153848	Basal TC	CS	GP 2	Female	Yes	D-7	Secondary	205	Warriors Mark Farmhouse	25.6	-7	2025-09-05T12:30:01Z	1757075401
APS60074	2025-09-02T12:40:01Z	1756816801	14.525384615384617	Basal TC	CS	GP 2	Female	Yes	D-7	Secondary	205	Warriors Mark Farmhouse	25.6	-7	2025-09-05T12:40:01Z	1757076001
APS60074	2025-09-02T12:50:01Z	1756817401	14.525384615384617	Basal TC	CS	GP 2	Female	Yes	D-7	Secondary	205	Warriors Mark Farmhouse	25.6	-7	2025-09-05T12:50:01Z	1757076601
APS60074	2025-09-02T13:00:01Z	1756818001	14.525384615384617	Basal TC	CS	GP 2	Female	Yes	D-7	Secondary	205	Warriors Mark Farmhouse	25.6	-7	2025-09-05T13:00:01Z	1757077201
APS60074	2025-09-02T13:10:01Z	1756818601	14.525384615384617	Basal TC	CS	GP 2	Female	Yes	D-7	Secondary	205	Warriors Mark Farmhouse	25.6	-7	2025-09-05T13:10:01Z	1757077801
APS60074	2025-09-02T13:20:01Z	1756819201	14.525384615384617	Basal TC	CS	GP 2	Female	Yes	D-7	Secondary	205	Warriors Mark Farmhouse	25.6	-7	2025-09-05T13:20:01Z	1757078401
APS60074	2025-09-02T13:30:01Z	1756819801	15.024153846153848	Basal TC	CS	GP 2	Female	Yes	D-7	Secondary	205	Warriors Mark Farmhouse	25.6	-7	2025-09-05T13:30:01Z	1757079001
APS60074	2025-09-02T13:40:01Z	1756820401	15.024153846153848	Basal TC	CS	GP 2	Female	Yes	D-7	Secondary	205	Warriors Mark Farmhouse	25.6	-7	2025-09-05T13:40:01Z	1757079601
APS60074	2025-09-02T13:50:01Z	1756821001	15.024153846153848	Basal TC	CS	GP 2	Female	Yes	D-7	Secondary	205	Warriors Mark Farmhouse	25.6	-7	2025-09-05T13:50:01Z	1757080201
APS60115	2025-09-04T14:00:01Z	1756994401	34.98104294478528	Basal TC	CS	GP 1	Female	Yes	D-4	Secondary	207	Warriors Mark Farmhouse	29.3	-4	2025-09-04T14:00:01Z	1756994401
APS60115	2025-09-04T14:10:01Z	1756995001	34.98104294478528	Basal TC	CS	GP 1	Female	Yes	D-4	Secondary	207	Warriors Mark Farmhouse	29.3	-4	2025-09-04T14:10:01Z	1756995001
APS60115	2025-09-04T14:20:01Z	1756995601	34.483803680981595	Basal TC	CS	GP 1	Female	Yes	D-4	Secondary	207	Warriors Mark Farmhouse	29.3	-4	2025-09-04T14:20:01Z	1756995601
APS60115	2025-09-04T14:30:01Z	1756996201	34.98104294478528	Basal TC	CS	GP 1	Female	Yes	D-4	Secondary	207	Warriors Mark Farmhouse	29.3	-4	2025-09-04T14:30:01Z	1756996201
APS60115	2025-09-04T14:40:01Z	1756996801	33.48932515337423	Basal TC	CS	GP 1	Female	Yes	D-4	Secondary	207	Warriors Mark Farmhouse	29.3	-4	2025-09-04T14:40:01Z	1756996801
APS60115	2025-09-04T14:50:01Z	1756997401	34.483803680981595	Basal TC	CS	GP 1	Female	Yes	D-4	Secondary	207	Warriors Mark Farmhouse	29.3	-4	2025-09-04T14:50:01Z	1756997401
APS60115	2025-09-04T15:00:01Z	1756998001	34.98104294478528	Basal TC	CS	GP 1	Female	Yes	D-4	Secondary	207	Warriors Mark Farmhouse	29.3	-4	2025-09-04T15:00:01Z	1756998001
APS60115	2025-09-04T15:10:01Z	1756998601	35.47828220858896	Basal TC	CS	GP 1	Female	Yes	D-4	Secondary	207	Warriors Mark Farmhouse	29.3	-4	2025-09-04T15:10:01Z	1756998601
APS60115	2025-09-04T15:20:01Z	1756999201	35.97552147239264	Basal TC	CS	GP 1	Female	Yes	D-4	Secondary	207	Warriors Mark Farmhouse	29.3	-4	2025-09-04T15:20:01Z	1756999201
APS60115	2025-09-04T15:30:01Z	1756999801	35.97552147239264	Basal TC	CS	GP 1	Female	Yes	D-4	Secondary	207	Warriors Mark Farmhouse	29.3	-4	2025-09-04T15:30:01Z	1756999801
APS60115	2025-09-04T15:40:01Z	1757000401	35.47828220858896	Basal TC	CS	GP 1	Female	Yes	D-4	Secondary	207	Warriors Mark Farmhouse	29.3	-4	2025-09-04T15:40:01Z	1757000401
APS60115	2025-09-04T15:50:01Z	1757001001	35.47828220858896	Basal TC	CS	GP 1	Female	Yes	D-4	Secondary	207	Warriors Mark Farmhouse	29.3	-4	2025-09-04T15:50:01Z	1757001001
APS60115	2025-09-04T16:00:01Z	1757001601	35.97552147239264	Basal TC	CS	GP 1	Female	Yes	D-4	Secondary	207	Warriors Mark Farmhouse	29.3	-4	2025-09-04T16:00:01Z	1757001601
APS60115	2025-09-04T16:10:01Z	1757002201	32.49484662576687	Basal TC	CS	GP 1	Female	Yes	D-4	Secondary	207	Warriors Mark Farmhouse	29.3	-4	2025-09-04T16:10:01Z	1757002201
APS60115	2025-09-04T16:20:01Z	1757002801	31.500368098159512	Basal TC	CS	GP 1	Female	Yes	D-4	Secondary	207	Warriors Mark Farmhouse	29.3	-4	2025-09-04T16:20:01Z	1757002801
APS60115	2025-09-04T16:30:01Z	1757003401	31.500368098159512	Basal TC	CS	GP 1	Female	Yes	D-4	Secondary	207	Warriors Mark Farmhouse	29.3	-4	2025-09-04T16:30:01Z	1757003401
APS60115	2025-09-04T16:40:01Z	1757004001	31.500368098159512	Basal TC	CS	GP 1	Female	Yes	D-4	Secondary	207	Warriors Mark Farmhouse	29.3	-4	2025-09-04T16:40:01Z	1757004001
APS60115	2025-09-04T16:50:01Z	1757004601	31.00312883435583	Basal TC	CS	GP 1	Female	Yes	D-4	Secondary	207	Warriors Mark Farmhouse	29.3	-4	2025-09-04T16:50:01Z	1757004601
APS60115	2025-09-04T17:00:01Z	1757005201	31.500368098159512	Basal TC	CS	GP 1	Female	Yes	D-4	Secondary	207	Warriors Mark Farmhouse	29.3	-4	2025-09-04T17:00:01Z	1757005201
APS60115	2025-09-04T17:10:01Z	1757005801	31.500368098159512	Basal TC	CS	GP 1	Female	Yes	D-4	Secondary	207	Warriors Mark Farmhouse	29.3	-4	2025-09-04T17:10:01Z	1757005801
APS60115	2025-09-04T17:20:01Z	1757006401	31.500368098159512	Basal TC	CS	GP 1	Female	Yes	D-4	Secondary	207	Warriors Mark Farmhouse	29.3	-4	2025-09-04T17:20:01Z	1757006401
APS60115	2025-09-04T17:30:01Z	1757007001	31.00312883435583	Basal TC	CS	GP 1	Female	Yes	D-4	Secondary	207	Warriors Mark Farmhouse	29.3	-4	2025-09-04T17:30:01Z	1757007001
APS60115	2025-09-04T17:40:01Z	1757007601	31.00312883435583	Basal TC	CS	GP 1	Female	Yes	D-4	Secondary	207	Warriors Mark Farmhouse	29.3	-4	2025-09-04T17:40:01Z	1757007601
APS60115	2025-09-04T17:50:01Z	1757008201	31.00312883435583	Basal TC	CS	GP 1	Female	Yes	D-4	Secondary	207	Warriors Mark Farmhouse	29.3	-4	2025-09-04T17:50:01Z	1757008201
APS60115	2025-09-04T18:00:01Z	1757008801	31.00312883435583	Basal TC	CS	GP 1	Female	Yes	D-4	Secondary	207	Warriors Mark Farmhouse	29.3	-4	2025-09-04T18:00:01Z	1757008801
APS60115	2025-09-04T18:10:01Z	1757009401	31.00312883435583	Basal TC	CS	GP 1	Female	Yes	D-4	Secondary	207	Warriors Mark Farmhouse	29.3	-4	2025-09-04T18:10:01Z	1757009401
APS60115	2025-09-04T18:20:01Z	1757010001	30.50588957055215	Basal TC	CS	GP 1	Female	Yes	D-4	Secondary	207	Warriors Mark Farmhouse	29.3	-4	2025-09-04T18:20:01Z	1757010001
APS60115	2025-09-04T18:30:01Z	1757010601	30.50588957055215	Basal TC	CS	GP 1	Female	Yes	D-4	Secondary	207	Warriors Mark Farmhouse	29.3	-4	2025-09-04T18:30:01Z	1757010601
APS60115	2025-09-04T18:40:01Z	1757011201	31.00312883435583	Basal TC	CS	GP 1	Female	Yes	D-4	Secondary	207	Warriors Mark Farmhouse	29.3	-4	2025-09-04T18:40:01Z	1757011201
APS60115	2025-09-04T18:50:01Z	1757011801	31.500368098159512	Basal TC	CS	GP 1	Female	Yes	D-4	Secondary	207	Warriors Mark Farmhouse	29.3	-4	2025-09-04T18:50:01Z	1757011801
APS60115	2025-09-04T19:00:01Z	1757012401	31.00312883435583	Basal TC	CS	GP 1	Female	Yes	D-4	Secondary	207	Warriors Mark Farmhouse	29.3	-4	2025-09-04T19:00:01Z	1757012401
APS60115	2025-09-04T19:10:01Z	1757013001	30.50588957055215	Basal TC	CS	GP 1	Female	Yes	D-4	Secondary	207	Warriors Mark Farmhouse	29.3	-4	2025-09-04T19:10:01Z	1757013001
APS60115	2025-09-04T19:20:01Z	1757013601	30.008650306748468	Basal TC	CS	GP 1	Female	Yes	D-4	Secondary	207	Warriors Mark Farmhouse	29.3	-4	2025-09-04T19:20:01Z	1757013601
APS60115	2025-09-04T19:30:01Z	1757014201	30.50588957055215	Basal TC	CS	GP 1	Female	Yes	D-4	Secondary	207	Warriors Mark Farmhouse	29.3	-4	2025-09-04T19:30:01Z	1757014201
APS60115	2025-09-04T19:40:01Z	1757014801	30.50588957055215	Basal TC	CS	GP 1	Female	Yes	D-4	Secondary	207	Warriors Mark Farmhouse	29.3	-4	2025-09-04T19:40:01Z	1757014801
APS60115	2025-09-04T19:50:01Z	1757015401	30.50588957055215	Basal TC	CS	GP 1	Female	Yes	D-4	Secondary	207	Warriors Mark Farmhouse	29.3	-4	2025-09-04T19:50:01Z	1757015401
APS60115	2025-09-04T20:00:01Z	1757016001	31.500368098159512	Basal TC	CS	GP 1	Female	Yes	D-4	Secondary	207	Warriors Mark Farmhouse	29.3	-4	2025-09-04T20:00:01Z	1757016001
APS60115	2025-09-04T20:10:01Z	1757016601	31.500368098159512	Basal TC	CS	GP 1	Female	Yes	D-4	Secondary	207	Warriors Mark Farmhouse	29.3	-4	2025-09-04T20:10:01Z	1757016601
APS60115	2025-09-04T20:20:01Z	1757017201	31.00312883435583	Basal TC	CS	GP 1	Female	Yes	D-4	Secondary	207	Warriors Mark Farmhouse	29.3	-4	2025-09-04T20:20:01Z	1757017201
APS60115	2025-09-04T20:30:01Z	1757017801	31.500368098159512	Basal TC	CS	GP 1	Female	Yes	D-4	Secondary	207	Warriors Mark Farmhouse	29.3	-4	2025-09-04T20:30:01Z	1757017801
APS60115	2025-09-04T20:40:01Z	1757018401	31.500368098159512	Basal TC	CS	GP 1	Female	Yes	D-4	Secondary	207	Warriors Mark Farmhouse	29.3	-4	2025-09-04T20:40:01Z	1757018401
APS60115	2025-09-04T20:50:01Z	1757019001	31.00312883435583	Basal TC	CS	GP 1	Female	Yes	D-4	Secondary	207	Warriors Mark Farmhouse	29.3	-4	2025-09-04T20:50:01Z	1757019001
APS60115	2025-09-04T21:00:01Z	1757019601	30.50588957055215	Basal TC	CS	GP 1	Female	Yes	D-4	Secondary	207	Warriors Mark Farmhouse	29.3	-4	2025-09-04T21:00:01Z	1757019601
APS60115	2025-09-04T21:10:01Z	1757020201	30.50588957055215	Basal TC	CS	GP 1	Female	Yes	D-4	Secondary	207	Warriors Mark Farmhouse	29.3	-4	2025-09-04T21:10:01Z	1757020201
APS60115	2025-09-04T21:20:01Z	1757020801	31.997607361963194	Basal TC	CS	GP 1	Female	Yes	D-4	Secondary	207	Warriors Mark Farmhouse	29.3	-4	2025-09-04T21:20:01Z	1757020801
APS60115	2025-09-04T21:30:01Z	1757021401	34.483803680981595	Basal TC	CS	GP 1	Female	Yes	D-4	Secondary	207	Warriors Mark Farmhouse	29.3	-4	2025-09-04T21:30:01Z	1757021401
APS60115	2025-09-04T21:40:01Z	1757022001	32.49484662576687	Basal TC	CS	GP 1	Female	Yes	D-4	Secondary	207	Warriors Mark Farmhouse	29.3	-4	2025-09-04T21:40:01Z	1757022001
APS60115	2025-09-04T21:50:01Z	1757022601	34.483803680981595	Basal TC	CS	GP 1	Female	Yes	D-4	Secondary	207	Warriors Mark Farmhouse	29.3	-4	2025-09-04T21:50:01Z	1757022601
APS60115	2025-09-04T22:00:01Z	1757023201	32.49484662576687	Basal TC	CS	GP 1	Female	Yes	D-4	Secondary	207	Warriors Mark Farmhouse	29.3	-4	2025-09-04T22:00:01Z	1757023201
APS60115	2025-09-04T22:10:01Z	1757023801	32.49484662576687	Basal TC	CS	GP 1	Female	Yes	D-4	Secondary	207	Warriors Mark Farmhouse	29.3	-4	2025-09-04T22:10:01Z	1757023801
APS60115	2025-09-04T22:20:01Z	1757024401	32.49484662576687	Basal TC	CS	GP 1	Female	Yes	D-4	Secondary	207	Warriors Mark Farmhouse	29.3	-4	2025-09-04T22:20:01Z	1757024401
APS60115	2025-09-04T22:30:01Z	1757025001	33.98656441717792	Basal TC	CS	GP 1	Female	Yes	D-4	Secondary	207	Warriors Mark Farmhouse	29.3	-4	2025-09-04T22:30:01Z	1757025001
APS60115	2025-09-04T22:40:01Z	1757025601	32.49484662576687	Basal TC	CS	GP 1	Female	Yes	D-4	Secondary	207	Warriors Mark Farmhouse	29.3	-4	2025-09-04T22:40:01Z	1757025601
APS60115	2025-09-04T22:50:01Z	1757026201	31.997607361963194	Basal TC	CS	GP 1	Female	Yes	D-4	Secondary	207	Warriors Mark Farmhouse	29.3	-4	2025-09-04T22:50:01Z	1757026201
APS60115	2025-09-04T23:00:01Z	1757026801	31.500368098159512	Basal TC	CS	GP 1	Female	Yes	D-4	Secondary	207	Warriors Mark Farmhouse	29.3	-4	2025-09-04T23:00:01Z	1757026801
APS60115	2025-09-04T23:10:01Z	1757027401	32.49484662576687	Basal TC	CS	GP 1	Female	Yes	D-4	Secondary	207	Warriors Mark Farmhouse	29.3	-4	2025-09-04T23:10:01Z	1757027401
APS60115	2025-09-04T23:20:01Z	1757028001	31.500368098159512	Basal TC	CS	GP 1	Female	Yes	D-4	Secondary	207	Warriors Mark Farmhouse	29.3	-4	2025-09-04T23:20:01Z	1757028001
APS60115	2025-09-04T23:30:01Z	1757028601	31.997607361963194	Basal TC	CS	GP 1	Female	Yes	D-4	Secondary	207	Warriors Mark Farmhouse	29.3	-4	2025-09-04T23:30:01Z	1757028601
APS60115	2025-09-04T23:40:01Z	1757029201	31.997607361963194	Basal TC	CS	GP 1	Female	Yes	D-4	Secondary	207	Warriors Mark Farmhouse	29.3	-4	2025-09-04T23:40:01Z	1757029201
APS60115	2025-09-04T23:50:01Z	1757029801	31.500368098159512	Basal TC	CS	GP 1	Female	Yes	D-4	Secondary	207	Warriors Mark Farmhouse	29.3	-4	2025-09-04T23:50:01Z	1757029801
APS60115	2025-09-05T00:00:01Z	1757030401	31.997607361963194	Basal TC	CS	GP 1	Female	Yes	D-4	Secondary	207	Warriors Mark Farmhouse	29.3	-4	2025-09-05T00:00:01Z	1757030401
APS60115	2025-09-05T00:10:01Z	1757031001	31.500368098159512	Basal TC	CS	GP 1	Female	Yes	D-4	Secondary	207	Warriors Mark Farmhouse	29.3	-4	2025-09-05T00:10:01Z	1757031001
APS60115	2025-09-05T00:20:01Z	1757031601	32.49484662576687	Basal TC	CS	GP 1	Female	Yes	D-4	Secondary	207	Warriors Mark Farmhouse	29.3	-4	2025-09-05T00:20:01Z	1757031601
APS60115	2025-09-05T00:30:01Z	1757032201	30.50588957055215	Basal TC	CS	GP 1	Female	Yes	D-4	Secondary	207	Warriors Mark Farmhouse	29.3	-4	2025-09-05T00:30:01Z	1757032201
APS60115	2025-09-05T00:40:01Z	1757032801	30.50588957055215	Basal TC	CS	GP 1	Female	Yes	D-4	Secondary	207	Warriors Mark Farmhouse	29.3	-4	2025-09-05T00:40:01Z	1757032801
APS60115	2025-09-05T00:50:01Z	1757033401	30.50588957055215	Basal TC	CS	GP 1	Female	Yes	D-4	Secondary	207	Warriors Mark Farmhouse	29.3	-4	2025-09-05T00:50:01Z	1757033401
APS60115	2025-09-05T01:00:01Z	1757034001	29.511411042944786	Basal TC	CS	GP 1	Female	Yes	D-4	Secondary	207	Warriors Mark Farmhouse	29.3	-4	2025-09-05T01:00:01Z	1757034001
APS60115	2025-09-05T01:10:01Z	1757034601	30.008650306748468	Basal TC	CS	GP 1	Female	Yes	D-4	Secondary	207	Warriors Mark Farmhouse	29.3	-4	2025-09-05T01:10:01Z	1757034601
APS60115	2025-09-05T01:20:01Z	1757035201	31.00312883435583	Basal TC	CS	GP 1	Female	Yes	D-4	Secondary	207	Warriors Mark Farmhouse	29.3	-4	2025-09-05T01:20:01Z	1757035201
APS60115	2025-09-05T01:30:01Z	1757035801	28.019693251533745	Basal TC	CS	GP 1	Female	Yes	D-4	Secondary	207	Warriors Mark Farmhouse	29.3	-4	2025-09-05T01:30:01Z	1757035801
APS60115	2025-09-05T01:40:01Z	1757036401	27.522453987730064	Basal TC	CS	GP 1	Female	Yes	D-4	Secondary	207	Warriors Mark Farmhouse	29.3	-4	2025-09-05T01:40:01Z	1757036401
APS60115	2025-09-05T01:50:01Z	1757037001	26.03073619631902	Basal TC	CS	GP 1	Female	Yes	D-4	Secondary	207	Warriors Mark Farmhouse	29.3	-4	2025-09-05T01:50:01Z	1757037001
APS60115	2025-09-05T02:00:01Z	1757037601	24.0417791411043	Basal TC	CS	GP 1	Female	Yes	D-4	Secondary	207	Warriors Mark Farmhouse	29.3	-4	2025-09-05T02:00:01Z	1757037601
APS60115	2025-09-05T02:10:01Z	1757038201	26.5279754601227	Basal TC	CS	GP 1	Female	Yes	D-4	Secondary	207	Warriors Mark Farmhouse	29.3	-4	2025-09-05T02:10:01Z	1757038201
APS60115	2025-09-05T02:20:01Z	1757038801	25.53349693251534	Basal TC	CS	GP 1	Female	Yes	D-4	Secondary	207	Warriors Mark Farmhouse	29.3	-4	2025-09-05T02:20:01Z	1757038801
APS60115	2025-09-05T02:30:01Z	1757039401	27.522453987730064	Basal TC	CS	GP 1	Female	Yes	D-4	Secondary	207	Warriors Mark Farmhouse	29.3	-4	2025-09-05T02:30:01Z	1757039401
APS60115	2025-09-05T02:40:01Z	1757040001	29.014171779141105	Basal TC	CS	GP 1	Female	Yes	D-4	Secondary	207	Warriors Mark Farmhouse	29.3	-4	2025-09-05T02:40:01Z	1757040001
APS60115	2025-09-05T02:50:01Z	1757040601	30.50588957055215	Basal TC	CS	GP 1	Female	Yes	D-4	Secondary	207	Warriors Mark Farmhouse	29.3	-4	2025-09-05T02:50:01Z	1757040601
APS60115	2025-09-05T03:00:01Z	1757041201	30.50588957055215	Basal TC	CS	GP 1	Female	Yes	D-4	Secondary	207	Warriors Mark Farmhouse	29.3	-4	2025-09-05T03:00:01Z	1757041201
APS60115	2025-09-05T03:10:01Z	1757041801	29.014171779141105	Basal TC	CS	GP 1	Female	Yes	D-4	Secondary	207	Warriors Mark Farmhouse	29.3	-4	2025-09-05T03:10:01Z	1757041801
APS60115	2025-09-05T03:20:01Z	1757042401	30.50588957055215	Basal TC	CS	GP 1	Female	Yes	D-4	Secondary	207	Warriors Mark Farmhouse	29.3	-4	2025-09-05T03:20:01Z	1757042401
APS60115	2025-09-05T03:30:01Z	1757043001	30.50588957055215	Basal TC	CS	GP 1	Female	Yes	D-4	Secondary	207	Warriors Mark Farmhouse	29.3	-4	2025-09-05T03:30:01Z	1757043001
APS60115	2025-09-05T03:40:01Z	1757043601	31.00312883435583	Basal TC	CS	GP 1	Female	Yes	D-4	Secondary	207	Warriors Mark Farmhouse	29.3	-4	2025-09-05T03:40:01Z	1757043601
APS60115	2025-09-05T03:50:01Z	1757044201	31.500368098159512	Basal TC	CS	GP 1	Female	Yes	D-4	Secondary	207	Warriors Mark Farmhouse	29.3	-4	2025-09-05T03:50:01Z	1757044201
APS60115	2025-09-05T04:00:01Z	1757044801	31.500368098159512	Basal TC	CS	GP 1	Female	Yes	D-4	Secondary	207	Warriors Mark Farmhouse	29.3	-4	2025-09-05T04:00:01Z	1757044801
APS60115	2025-09-05T04:10:01Z	1757045401	31.00312883435583	Basal TC	CS	GP 1	Female	Yes	D-4	Secondary	207	Warriors Mark Farmhouse	29.3	-4	2025-09-05T04:10:01Z	1757045401
APS60115	2025-09-05T04:20:01Z	1757046001	30.008650306748468	Basal TC	CS	GP 1	Female	Yes	D-4	Secondary	207	Warriors Mark Farmhouse	29.3	-4	2025-09-05T04:20:01Z	1757046001
APS60115	2025-09-05T04:30:01Z	1757046601	27.522453987730064	Basal TC	CS	GP 1	Female	Yes	D-4	Secondary	207	Warriors Mark Farmhouse	29.3	-4	2025-09-05T04:30:01Z	1757046601
APS60115	2025-09-05T04:40:01Z	1757047201	25.53349693251534	Basal TC	CS	GP 1	Female	Yes	D-4	Secondary	207	Warriors Mark Farmhouse	29.3	-4	2025-09-05T04:40:01Z	1757047201
APS60115	2025-09-05T04:50:01Z	1757047801	24.0417791411043	Basal TC	CS	GP 1	Female	Yes	D-4	Secondary	207	Warriors Mark Farmhouse	29.3	-4	2025-09-05T04:50:01Z	1757047801
APS60115	2025-09-05T05:00:01Z	1757048401	30.50588957055215	Basal TC	CS	GP 1	Female	Yes	D-4	Secondary	207	Warriors Mark Farmhouse	29.3	-4	2025-09-05T05:00:01Z	1757048401
APS60115	2025-09-05T05:10:01Z	1757049001	27.522453987730064	Basal TC	CS	GP 1	Female	Yes	D-4	Secondary	207	Warriors Mark Farmhouse	29.3	-4	2025-09-05T05:10:01Z	1757049001
APS60115	2025-09-05T05:20:01Z	1757049601	26.5279754601227	Basal TC	CS	GP 1	Female	Yes	D-4	Secondary	207	Warriors Mark Farmhouse	29.3	-4	2025-09-05T05:20:01Z	1757049601
APS60115	2025-09-05T05:30:01Z	1757050201	26.03073619631902	Basal TC	CS	GP 1	Female	Yes	D-4	Secondary	207	Warriors Mark Farmhouse	29.3	-4	2025-09-05T05:30:01Z	1757050201
APS60115	2025-09-05T05:40:01Z	1757050801	30.50588957055215	Basal TC	CS	GP 1	Female	Yes	D-4	Secondary	207	Warriors Mark Farmhouse	29.3	-4	2025-09-05T05:40:01Z	1757050801
APS60115	2025-09-05T05:50:01Z	1757051401	28.019693251533745	Basal TC	CS	GP 1	Female	Yes	D-4	Secondary	207	Warriors Mark Farmhouse	29.3	-4	2025-09-05T05:50:01Z	1757051401
APS60115	2025-09-05T06:00:01Z	1757052001	24.539018404907978	Basal TC	CS	GP 1	Female	Yes	D-4	Secondary	207	Warriors Mark Farmhouse	29.3	-4	2025-09-05T06:00:01Z	1757052001
APS60115	2025-09-05T06:10:01Z	1757052601	25.53349693251534	Basal TC	CS	GP 1	Female	Yes	D-4	Secondary	207	Warriors Mark Farmhouse	29.3	-4	2025-09-05T06:10:01Z	1757052601
APS60115	2025-09-05T06:20:01Z	1757053201	25.03625766871166	Basal TC	CS	GP 1	Female	Yes	D-4	Secondary	207	Warriors Mark Farmhouse	29.3	-4	2025-09-05T06:20:01Z	1757053201
APS60115	2025-09-05T06:30:01Z	1757053801	23.047300613496933	Basal TC	CS	GP 1	Female	Yes	D-4	Secondary	207	Warriors Mark Farmhouse	29.3	-4	2025-09-05T06:30:01Z	1757053801
APS60115	2025-09-05T06:40:01Z	1757054401	21.555582822085892	Basal TC	CS	GP 1	Female	Yes	D-4	Secondary	207	Warriors Mark Farmhouse	29.3	-4	2025-09-05T06:40:01Z	1757054401
APS60115	2025-09-05T06:50:01Z	1757055001	22.052822085889574	Basal TC	CS	GP 1	Female	Yes	D-4	Secondary	207	Warriors Mark Farmhouse	29.3	-4	2025-09-05T06:50:01Z	1757055001
APS60115	2025-09-05T07:00:01Z	1757055601	30.008650306748468	Basal TC	CS	GP 1	Female	Yes	D-4	Secondary	207	Warriors Mark Farmhouse	29.3	-4	2025-09-05T07:00:01Z	1757055601
APS60115	2025-09-05T07:10:01Z	1757056201	27.025214723926386	Basal TC	CS	GP 1	Female	Yes	D-4	Secondary	207	Warriors Mark Farmhouse	29.3	-4	2025-09-05T07:10:01Z	1757056201
APS60115	2025-09-05T07:20:01Z	1757056801	24.539018404907978	Basal TC	CS	GP 1	Female	Yes	D-4	Secondary	207	Warriors Mark Farmhouse	29.3	-4	2025-09-05T07:20:01Z	1757056801
APS60115	2025-09-05T07:30:01Z	1757057401	22.55006134969325	Basal TC	CS	GP 1	Female	Yes	D-4	Secondary	207	Warriors Mark Farmhouse	29.3	-4	2025-09-05T07:30:01Z	1757057401
APS60115	2025-09-05T07:40:01Z	1757058001	20.561104294478532	Basal TC	CS	GP 1	Female	Yes	D-4	Secondary	207	Warriors Mark Farmhouse	29.3	-4	2025-09-05T07:40:01Z	1757058001
APS60115	2025-09-05T07:50:01Z	1757058601	21.05834355828221	Basal TC	CS	GP 1	Female	Yes	D-4	Secondary	207	Warriors Mark Farmhouse	29.3	-4	2025-09-05T07:50:01Z	1757058601
APS60115	2025-09-05T08:00:01Z	1757059201	20.063865030674847	Basal TC	CS	GP 1	Female	Yes	D-4	Secondary	207	Warriors Mark Farmhouse	29.3	-4	2025-09-05T08:00:01Z	1757059201
APS60115	2025-09-05T08:10:01Z	1757059801	22.052822085889574	Basal TC	CS	GP 1	Female	Yes	D-4	Secondary	207	Warriors Mark Farmhouse	29.3	-4	2025-09-05T08:10:01Z	1757059801
APS60115	2025-09-05T08:20:01Z	1757060401	31.00312883435583	Basal TC	CS	GP 1	Female	Yes	D-4	Secondary	207	Warriors Mark Farmhouse	29.3	-4	2025-09-05T08:20:01Z	1757060401
APS60115	2025-09-05T08:30:01Z	1757061001	30.50588957055215	Basal TC	CS	GP 1	Female	Yes	D-4	Secondary	207	Warriors Mark Farmhouse	29.3	-4	2025-09-05T08:30:01Z	1757061001
APS60115	2025-09-05T08:40:01Z	1757061601	28.019693251533745	Basal TC	CS	GP 1	Female	Yes	D-4	Secondary	207	Warriors Mark Farmhouse	29.3	-4	2025-09-05T08:40:01Z	1757061601
APS60115	2025-09-05T08:50:01Z	1757062201	25.53349693251534	Basal TC	CS	GP 1	Female	Yes	D-4	Secondary	207	Warriors Mark Farmhouse	29.3	-4	2025-09-05T08:50:01Z	1757062201
APS60115	2025-09-05T09:00:01Z	1757062801	23.544539877300615	Basal TC	CS	GP 1	Female	Yes	D-4	Secondary	207	Warriors Mark Farmhouse	29.3	-4	2025-09-05T09:00:01Z	1757062801
APS60115	2025-09-05T09:10:01Z	1757063401	23.047300613496933	Basal TC	CS	GP 1	Female	Yes	D-4	Secondary	207	Warriors Mark Farmhouse	29.3	-4	2025-09-05T09:10:01Z	1757063401
APS60115	2025-09-05T09:20:01Z	1757064001	22.052822085889574	Basal TC	CS	GP 1	Female	Yes	D-4	Secondary	207	Warriors Mark Farmhouse	29.3	-4	2025-09-05T09:20:01Z	1757064001
APS60115	2025-09-05T09:30:01Z	1757064601	20.561104294478532	Basal TC	CS	GP 1	Female	Yes	D-4	Secondary	207	Warriors Mark Farmhouse	29.3	-4	2025-09-05T09:30:01Z	1757064601
APS60115	2025-09-05T09:40:01Z	1757065201	19.566625766871166	Basal TC	CS	GP 1	Female	Yes	D-4	Secondary	207	Warriors Mark Farmhouse	29.3	-4	2025-09-05T09:40:01Z	1757065201
APS60115	2025-09-05T09:50:01Z	1757065801	18.572147239263803	Basal TC	CS	GP 1	Female	Yes	D-4	Secondary	207	Warriors Mark Farmhouse	29.3	-4	2025-09-05T09:50:01Z	1757065801
APS60115	2025-09-05T10:00:01Z	1757066401	18.074907975460125	Basal TC	CS	GP 1	Female	Yes	D-4	Secondary	207	Warriors Mark Farmhouse	29.3	-4	2025-09-05T10:00:01Z	1757066401
APS60115	2025-09-05T10:10:01Z	1757067001	18.074907975460125	Basal TC	CS	GP 1	Female	Yes	D-4	Secondary	207	Warriors Mark Farmhouse	29.3	-4	2025-09-05T10:10:01Z	1757067001
APS60115	2025-09-05T10:20:01Z	1757067601	17.08042944785276	Basal TC	CS	GP 1	Female	Yes	D-4	Secondary	207	Warriors Mark Farmhouse	29.3	-4	2025-09-05T10:20:01Z	1757067601
APS60115	2025-09-05T10:30:01Z	1757068201	17.08042944785276	Basal TC	CS	GP 1	Female	Yes	D-4	Secondary	207	Warriors Mark Farmhouse	29.3	-4	2025-09-05T10:30:01Z	1757068201
APS60115	2025-09-05T10:40:01Z	1757068801	17.08042944785276	Basal TC	CS	GP 1	Female	Yes	D-4	Secondary	207	Warriors Mark Farmhouse	29.3	-4	2025-09-05T10:40:01Z	1757068801
APS60115	2025-09-05T10:50:01Z	1757069401	16.58319018404908	Basal TC	CS	GP 1	Female	Yes	D-4	Secondary	207	Warriors Mark Farmhouse	29.3	-4	2025-09-05T10:50:01Z	1757069401
APS60115	2025-09-05T11:00:01Z	1757070001	16.58319018404908	Basal TC	CS	GP 1	Female	Yes	D-4	Secondary	207	Warriors Mark Farmhouse	29.3	-4	2025-09-05T11:00:01Z	1757070001
APS60115	2025-09-05T11:10:01Z	1757070601	18.074907975460125	Basal TC	CS	GP 1	Female	Yes	D-4	Secondary	207	Warriors Mark Farmhouse	29.3	-4	2025-09-05T11:10:01Z	1757070601
APS60115	2025-09-05T11:20:01Z	1757071201	17.57766871165644	Basal TC	CS	GP 1	Female	Yes	D-4	Secondary	207	Warriors Mark Farmhouse	29.3	-4	2025-09-05T11:20:01Z	1757071201
APS60115	2025-09-05T11:30:01Z	1757071801	17.08042944785276	Basal TC	CS	GP 1	Female	Yes	D-4	Secondary	207	Warriors Mark Farmhouse	29.3	-4	2025-09-05T11:30:01Z	1757071801
APS60115	2025-09-05T11:40:01Z	1757072401	16.58319018404908	Basal TC	CS	GP 1	Female	Yes	D-4	Secondary	207	Warriors Mark Farmhouse	29.3	-4	2025-09-05T11:40:01Z	1757072401
APS60115	2025-09-05T11:50:01Z	1757073001	16.58319018404908	Basal TC	CS	GP 1	Female	Yes	D-4	Secondary	207	Warriors Mark Farmhouse	29.3	-4	2025-09-05T11:50:01Z	1757073001
APS60115	2025-09-05T12:00:01Z	1757073601	17.08042944785276	Basal TC	CS	GP 1	Female	Yes	D-4	Secondary	207	Warriors Mark Farmhouse	29.3	-4	2025-09-05T12:00:01Z	1757073601
APS60115	2025-09-05T12:10:01Z	1757074201	17.08042944785276	Basal TC	CS	GP 1	Female	Yes	D-4	Secondary	207	Warriors Mark Farmhouse	29.3	-4	2025-09-05T12:10:01Z	1757074201
APS60115	2025-09-05T12:20:01Z	1757074801	17.08042944785276	Basal TC	CS	GP 1	Female	Yes	D-4	Secondary	207	Warriors Mark Farmhouse	29.3	-4	2025-09-05T12:20:01Z	1757074801
APS60115	2025-09-05T12:30:01Z	1757075401	17.08042944785276	Basal TC	CS	GP 1	Female	Yes	D-4	Secondary	207	Warriors Mark Farmhouse	29.3	-4	2025-09-05T12:30:01Z	1757075401
APS60115	2025-09-05T12:40:01Z	1757076001	16.58319018404908	Basal TC	CS	GP 1	Female	Yes	D-4	Secondary	207	Warriors Mark Farmhouse	29.3	-4	2025-09-05T12:40:01Z	1757076001
APS60115	2025-09-05T12:50:01Z	1757076601	17.08042944785276	Basal TC	CS	GP 1	Female	Yes	D-4	Secondary	207	Warriors Mark Farmhouse	29.3	-4	2025-09-05T12:50:01Z	1757076601
APS60115	2025-09-05T13:00:01Z	1757077201	17.08042944785276	Basal TC	CS	GP 1	Female	Yes	D-4	Secondary	207	Warriors Mark Farmhouse	29.3	-4	2025-09-05T13:00:01Z	1757077201
APS60115	2025-09-05T13:10:01Z	1757077801	24.0417791411043	Basal TC	CS	GP 1	Female	Yes	D-4	Secondary	207	Warriors Mark Farmhouse	29.3	-4	2025-09-05T13:10:01Z	1757077801
APS60115	2025-09-05T13:20:01Z	1757078401	31.00312883435583	Basal TC	CS	GP 1	Female	Yes	D-4	Secondary	207	Warriors Mark Farmhouse	29.3	-4	2025-09-05T13:20:01Z	1757078401
APS60115	2025-09-05T13:30:01Z	1757079001	31.00312883435583	Basal TC	CS	GP 1	Female	Yes	D-4	Secondary	207	Warriors Mark Farmhouse	29.3	-4	2025-09-05T13:30:01Z	1757079001
APS60115	2025-09-05T13:40:01Z	1757079601	31.997607361963194	Basal TC	CS	GP 1	Female	Yes	D-4	Secondary	207	Warriors Mark Farmhouse	29.3	-4	2025-09-05T13:40:01Z	1757079601
APS60115	2025-09-05T13:50:01Z	1757080201	31.997607361963194	Basal TC	CS	GP 1	Female	Yes	D-4	Secondary	207	Warriors Mark Farmhouse	29.3	-4	2025-09-05T13:50:01Z	1757080201
APS60118	2025-09-04T14:00:01Z	1756994401	33.95885448916409	Basal TC	CP	GP 1	Male	Yes	D-4	Primary	211	Warriors Mark Farmhouse	27.6	-4	2025-09-04T14:00:01Z	1756994401
APS60118	2025-09-04T14:10:01Z	1756995001	33.95885448916409	Basal TC	CP	GP 1	Male	Yes	D-4	Primary	211	Warriors Mark Farmhouse	27.6	-4	2025-09-04T14:10:01Z	1756995001
APS60118	2025-09-04T14:20:01Z	1756995601	33.45699690402477	Basal TC	CP	GP 1	Male	Yes	D-4	Primary	211	Warriors Mark Farmhouse	27.6	-4	2025-09-04T14:20:01Z	1756995601
APS60118	2025-09-04T14:30:01Z	1756996201	32.45328173374613	Basal TC	CP	GP 1	Male	Yes	D-4	Primary	211	Warriors Mark Farmhouse	27.6	-4	2025-09-04T14:30:01Z	1756996201
APS60118	2025-09-04T14:40:01Z	1756996801	33.45699690402477	Basal TC	CP	GP 1	Male	Yes	D-4	Primary	211	Warriors Mark Farmhouse	27.6	-4	2025-09-04T14:40:01Z	1756996801
APS60118	2025-09-04T14:50:01Z	1756997401	33.95885448916409	Basal TC	CP	GP 1	Male	Yes	D-4	Primary	211	Warriors Mark Farmhouse	27.6	-4	2025-09-04T14:50:01Z	1756997401
APS60118	2025-09-04T15:00:01Z	1756998001	33.95885448916409	Basal TC	CP	GP 1	Male	Yes	D-4	Primary	211	Warriors Mark Farmhouse	27.6	-4	2025-09-04T15:00:01Z	1756998001
APS60118	2025-09-04T15:10:01Z	1756998601	33.95885448916409	Basal TC	CP	GP 1	Male	Yes	D-4	Primary	211	Warriors Mark Farmhouse	27.6	-4	2025-09-04T15:10:01Z	1756998601
APS60118	2025-09-04T15:20:01Z	1756999201	33.95885448916409	Basal TC	CP	GP 1	Male	Yes	D-4	Primary	211	Warriors Mark Farmhouse	27.6	-4	2025-09-04T15:20:01Z	1756999201
APS60118	2025-09-04T15:30:01Z	1756999801	32.45328173374613	Basal TC	CP	GP 1	Male	Yes	D-4	Primary	211	Warriors Mark Farmhouse	27.6	-4	2025-09-04T15:30:01Z	1756999801
APS60118	2025-09-04T15:40:01Z	1757000401	33.95885448916409	Basal TC	CP	GP 1	Male	Yes	D-4	Primary	211	Warriors Mark Farmhouse	27.6	-4	2025-09-04T15:40:01Z	1757000401
APS60118	2025-09-04T15:50:01Z	1757001001	33.95885448916409	Basal TC	CP	GP 1	Male	Yes	D-4	Primary	211	Warriors Mark Farmhouse	27.6	-4	2025-09-04T15:50:01Z	1757001001
APS60118	2025-09-04T16:00:01Z	1757001601	35.46442724458205	Basal TC	CP	GP 1	Male	Yes	D-4	Primary	211	Warriors Mark Farmhouse	27.6	-4	2025-09-04T16:00:01Z	1757001601
APS60118	2025-09-04T16:10:01Z	1757002201	32.45328173374613	Basal TC	CP	GP 1	Male	Yes	D-4	Primary	211	Warriors Mark Farmhouse	27.6	-4	2025-09-04T16:10:01Z	1757002201
APS60118	2025-09-04T16:20:01Z	1757002801	31.951424148606815	Basal TC	CP	GP 1	Male	Yes	D-4	Primary	211	Warriors Mark Farmhouse	27.6	-4	2025-09-04T16:20:01Z	1757002801
APS60118	2025-09-04T16:30:01Z	1757003401	32.45328173374613	Basal TC	CP	GP 1	Male	Yes	D-4	Primary	211	Warriors Mark Farmhouse	27.6	-4	2025-09-04T16:30:01Z	1757003401
APS60118	2025-09-04T16:40:01Z	1757004001	31.951424148606815	Basal TC	CP	GP 1	Male	Yes	D-4	Primary	211	Warriors Mark Farmhouse	27.6	-4	2025-09-04T16:40:01Z	1757004001
APS60118	2025-09-04T16:50:01Z	1757004601	32.45328173374613	Basal TC	CP	GP 1	Male	Yes	D-4	Primary	211	Warriors Mark Farmhouse	27.6	-4	2025-09-04T16:50:01Z	1757004601
APS60118	2025-09-04T17:00:01Z	1757005201	31.951424148606815	Basal TC	CP	GP 1	Male	Yes	D-4	Primary	211	Warriors Mark Farmhouse	27.6	-4	2025-09-04T17:00:01Z	1757005201
APS60118	2025-09-04T17:10:01Z	1757005801	31.951424148606815	Basal TC	CP	GP 1	Male	Yes	D-4	Primary	211	Warriors Mark Farmhouse	27.6	-4	2025-09-04T17:10:01Z	1757005801
APS60118	2025-09-04T17:20:01Z	1757006401	32.45328173374613	Basal TC	CP	GP 1	Male	Yes	D-4	Primary	211	Warriors Mark Farmhouse	27.6	-4	2025-09-04T17:20:01Z	1757006401
APS60118	2025-09-04T17:30:01Z	1757007001	31.951424148606815	Basal TC	CP	GP 1	Male	Yes	D-4	Primary	211	Warriors Mark Farmhouse	27.6	-4	2025-09-04T17:30:01Z	1757007001
APS60118	2025-09-04T17:40:01Z	1757007601	30.94770897832818	Basal TC	CP	GP 1	Male	Yes	D-4	Primary	211	Warriors Mark Farmhouse	27.6	-4	2025-09-04T17:40:01Z	1757007601
APS60118	2025-09-04T17:50:01Z	1757008201	30.94770897832818	Basal TC	CP	GP 1	Male	Yes	D-4	Primary	211	Warriors Mark Farmhouse	27.6	-4	2025-09-04T17:50:01Z	1757008201
APS60118	2025-09-04T18:00:01Z	1757008801	30.94770897832818	Basal TC	CP	GP 1	Male	Yes	D-4	Primary	211	Warriors Mark Farmhouse	27.6	-4	2025-09-04T18:00:01Z	1757008801
APS60118	2025-09-04T18:10:01Z	1757009401	30.445851393188857	Basal TC	CP	GP 1	Male	Yes	D-4	Primary	211	Warriors Mark Farmhouse	27.6	-4	2025-09-04T18:10:01Z	1757009401
APS60118	2025-09-04T18:20:01Z	1757010001	30.94770897832818	Basal TC	CP	GP 1	Male	Yes	D-4	Primary	211	Warriors Mark Farmhouse	27.6	-4	2025-09-04T18:20:01Z	1757010001
APS60118	2025-09-04T18:30:01Z	1757010601	31.4495665634675	Basal TC	CP	GP 1	Male	Yes	D-4	Primary	211	Warriors Mark Farmhouse	27.6	-4	2025-09-04T18:30:01Z	1757010601
APS60118	2025-09-04T18:40:01Z	1757011201	31.951424148606815	Basal TC	CP	GP 1	Male	Yes	D-4	Primary	211	Warriors Mark Farmhouse	27.6	-4	2025-09-04T18:40:01Z	1757011201
APS60118	2025-09-04T18:50:01Z	1757011801	30.94770897832818	Basal TC	CP	GP 1	Male	Yes	D-4	Primary	211	Warriors Mark Farmhouse	27.6	-4	2025-09-04T18:50:01Z	1757011801
APS60118	2025-09-04T19:00:01Z	1757012401	30.94770897832818	Basal TC	CP	GP 1	Male	Yes	D-4	Primary	211	Warriors Mark Farmhouse	27.6	-4	2025-09-04T19:00:01Z	1757012401
APS60118	2025-09-04T19:10:01Z	1757013001	31.951424148606815	Basal TC	CP	GP 1	Male	Yes	D-4	Primary	211	Warriors Mark Farmhouse	27.6	-4	2025-09-04T19:10:01Z	1757013001
APS60118	2025-09-04T19:20:01Z	1757013601	31.4495665634675	Basal TC	CP	GP 1	Male	Yes	D-4	Primary	211	Warriors Mark Farmhouse	27.6	-4	2025-09-04T19:20:01Z	1757013601
APS60118	2025-09-04T19:30:01Z	1757014201	31.4495665634675	Basal TC	CP	GP 1	Male	Yes	D-4	Primary	211	Warriors Mark Farmhouse	27.6	-4	2025-09-04T19:30:01Z	1757014201
APS60118	2025-09-04T19:40:01Z	1757014801	32.45328173374613	Basal TC	CP	GP 1	Male	Yes	D-4	Primary	211	Warriors Mark Farmhouse	27.6	-4	2025-09-04T19:40:01Z	1757014801
APS60118	2025-09-04T19:50:01Z	1757015401	32.95513931888545	Basal TC	CP	GP 1	Male	Yes	D-4	Primary	211	Warriors Mark Farmhouse	27.6	-4	2025-09-04T19:50:01Z	1757015401
APS60118	2025-09-04T20:00:01Z	1757016001	32.95513931888545	Basal TC	CP	GP 1	Male	Yes	D-4	Primary	211	Warriors Mark Farmhouse	27.6	-4	2025-09-04T20:00:01Z	1757016001
APS60118	2025-09-04T20:10:01Z	1757016601	31.951424148606815	Basal TC	CP	GP 1	Male	Yes	D-4	Primary	211	Warriors Mark Farmhouse	27.6	-4	2025-09-04T20:10:01Z	1757016601
APS60118	2025-09-04T20:20:01Z	1757017201	30.94770897832818	Basal TC	CP	GP 1	Male	Yes	D-4	Primary	211	Warriors Mark Farmhouse	27.6	-4	2025-09-04T20:20:01Z	1757017201
APS60118	2025-09-04T20:30:01Z	1757017801	32.45328173374613	Basal TC	CP	GP 1	Male	Yes	D-4	Primary	211	Warriors Mark Farmhouse	27.6	-4	2025-09-04T20:30:01Z	1757017801
APS60118	2025-09-04T20:40:01Z	1757018401	31.951424148606815	Basal TC	CP	GP 1	Male	Yes	D-4	Primary	211	Warriors Mark Farmhouse	27.6	-4	2025-09-04T20:40:01Z	1757018401
APS60118	2025-09-04T20:50:01Z	1757019001	31.4495665634675	Basal TC	CP	GP 1	Male	Yes	D-4	Primary	211	Warriors Mark Farmhouse	27.6	-4	2025-09-04T20:50:01Z	1757019001
APS60118	2025-09-04T21:00:01Z	1757019601	31.951424148606815	Basal TC	CP	GP 1	Male	Yes	D-4	Primary	211	Warriors Mark Farmhouse	27.6	-4	2025-09-04T21:00:01Z	1757019601
APS60118	2025-09-04T21:10:01Z	1757020201	32.45328173374613	Basal TC	CP	GP 1	Male	Yes	D-4	Primary	211	Warriors Mark Farmhouse	27.6	-4	2025-09-04T21:10:01Z	1757020201
APS60118	2025-09-04T21:20:01Z	1757020801	32.95513931888545	Basal TC	CP	GP 1	Male	Yes	D-4	Primary	211	Warriors Mark Farmhouse	27.6	-4	2025-09-04T21:20:01Z	1757020801
APS60118	2025-09-04T21:30:01Z	1757021401	31.4495665634675	Basal TC	CP	GP 1	Male	Yes	D-4	Primary	211	Warriors Mark Farmhouse	27.6	-4	2025-09-04T21:30:01Z	1757021401
APS60118	2025-09-04T21:40:01Z	1757022001	31.4495665634675	Basal TC	CP	GP 1	Male	Yes	D-4	Primary	211	Warriors Mark Farmhouse	27.6	-4	2025-09-04T21:40:01Z	1757022001
APS60118	2025-09-04T21:50:01Z	1757022601	31.4495665634675	Basal TC	CP	GP 1	Male	Yes	D-4	Primary	211	Warriors Mark Farmhouse	27.6	-4	2025-09-04T21:50:01Z	1757022601
APS60118	2025-09-04T22:00:01Z	1757023201	32.45328173374613	Basal TC	CP	GP 1	Male	Yes	D-4	Primary	211	Warriors Mark Farmhouse	27.6	-4	2025-09-04T22:00:01Z	1757023201
APS60118	2025-09-04T22:10:01Z	1757023801	32.95513931888545	Basal TC	CP	GP 1	Male	Yes	D-4	Primary	211	Warriors Mark Farmhouse	27.6	-4	2025-09-04T22:10:01Z	1757023801
APS60118	2025-09-04T22:20:01Z	1757024401	32.95513931888545	Basal TC	CP	GP 1	Male	Yes	D-4	Primary	211	Warriors Mark Farmhouse	27.6	-4	2025-09-04T22:20:01Z	1757024401
APS60118	2025-09-04T22:30:01Z	1757025001	34.46071207430341	Basal TC	CP	GP 1	Male	Yes	D-4	Primary	211	Warriors Mark Farmhouse	27.6	-4	2025-09-04T22:30:01Z	1757025001
APS60118	2025-09-04T22:40:01Z	1757025601	31.4495665634675	Basal TC	CP	GP 1	Male	Yes	D-4	Primary	211	Warriors Mark Farmhouse	27.6	-4	2025-09-04T22:40:01Z	1757025601
APS60118	2025-09-04T22:50:01Z	1757026201	33.45699690402477	Basal TC	CP	GP 1	Male	Yes	D-4	Primary	211	Warriors Mark Farmhouse	27.6	-4	2025-09-04T22:50:01Z	1757026201
APS60118	2025-09-04T23:00:01Z	1757026801	31.4495665634675	Basal TC	CP	GP 1	Male	Yes	D-4	Primary	211	Warriors Mark Farmhouse	27.6	-4	2025-09-04T23:00:01Z	1757026801
APS60118	2025-09-04T23:10:01Z	1757027401	38.47557275541796	Basal TC	CP	GP 1	Male	Yes	D-4	Primary	211	Warriors Mark Farmhouse	27.6	-4	2025-09-04T23:10:01Z	1757027401
APS60118	2025-09-04T23:20:01Z	1757028001	33.95885448916409	Basal TC	CP	GP 1	Male	Yes	D-4	Primary	211	Warriors Mark Farmhouse	27.6	-4	2025-09-04T23:20:01Z	1757028001
APS60118	2025-09-04T23:30:01Z	1757028601	35.46442724458205	Basal TC	CP	GP 1	Male	Yes	D-4	Primary	211	Warriors Mark Farmhouse	27.6	-4	2025-09-04T23:30:01Z	1757028601
APS60118	2025-09-04T23:40:01Z	1757029201	35.46442724458205	Basal TC	CP	GP 1	Male	Yes	D-4	Primary	211	Warriors Mark Farmhouse	27.6	-4	2025-09-04T23:40:01Z	1757029201
APS60118	2025-09-04T23:50:01Z	1757029801	34.46071207430341	Basal TC	CP	GP 1	Male	Yes	D-4	Primary	211	Warriors Mark Farmhouse	27.6	-4	2025-09-04T23:50:01Z	1757029801
APS60118	2025-09-05T00:00:01Z	1757030401	32.45328173374613	Basal TC	CP	GP 1	Male	Yes	D-4	Primary	211	Warriors Mark Farmhouse	27.6	-4	2025-09-05T00:00:01Z	1757030401
APS60118	2025-09-05T00:10:01Z	1757031001	29.94399380804954	Basal TC	CP	GP 1	Male	Yes	D-4	Primary	211	Warriors Mark Farmhouse	27.6	-4	2025-09-05T00:10:01Z	1757031001
APS60118	2025-09-05T00:20:01Z	1757031601	28.940278637770902	Basal TC	CP	GP 1	Male	Yes	D-4	Primary	211	Warriors Mark Farmhouse	27.6	-4	2025-09-05T00:20:01Z	1757031601
APS60118	2025-09-05T00:30:01Z	1757032201	28.438421052631586	Basal TC	CP	GP 1	Male	Yes	D-4	Primary	211	Warriors Mark Farmhouse	27.6	-4	2025-09-05T00:30:01Z	1757032201
APS60118	2025-09-05T00:40:01Z	1757032801	28.438421052631586	Basal TC	CP	GP 1	Male	Yes	D-4	Primary	211	Warriors Mark Farmhouse	27.6	-4	2025-09-05T00:40:01Z	1757032801
APS60118	2025-09-05T00:50:01Z	1757033401	28.438421052631586	Basal TC	CP	GP 1	Male	Yes	D-4	Primary	211	Warriors Mark Farmhouse	27.6	-4	2025-09-05T00:50:01Z	1757033401
APS60118	2025-09-05T01:00:01Z	1757034001	27.434705882352944	Basal TC	CP	GP 1	Male	Yes	D-4	Primary	211	Warriors Mark Farmhouse	27.6	-4	2025-09-05T01:00:01Z	1757034001
APS60118	2025-09-05T01:10:01Z	1757034601	29.94399380804954	Basal TC	CP	GP 1	Male	Yes	D-4	Primary	211	Warriors Mark Farmhouse	27.6	-4	2025-09-05T01:10:01Z	1757034601
APS60118	2025-09-05T01:20:01Z	1757035201	29.44213622291022	Basal TC	CP	GP 1	Male	Yes	D-4	Primary	211	Warriors Mark Farmhouse	27.6	-4	2025-09-05T01:20:01Z	1757035201
APS60118	2025-09-05T01:30:01Z	1757035801	27.434705882352944	Basal TC	CP	GP 1	Male	Yes	D-4	Primary	211	Warriors Mark Farmhouse	27.6	-4	2025-09-05T01:30:01Z	1757035801
APS60118	2025-09-05T01:40:01Z	1757036401	25.92913312693499	Basal TC	CP	GP 1	Male	Yes	D-4	Primary	211	Warriors Mark Farmhouse	27.6	-4	2025-09-05T01:40:01Z	1757036401
APS60118	2025-09-05T01:50:01Z	1757037001	24.42356037151703	Basal TC	CP	GP 1	Male	Yes	D-4	Primary	211	Warriors Mark Farmhouse	27.6	-4	2025-09-05T01:50:01Z	1757037001
APS60118	2025-09-05T02:00:01Z	1757037601	23.419845201238395	Basal TC	CP	GP 1	Male	Yes	D-4	Primary	211	Warriors Mark Farmhouse	27.6	-4	2025-09-05T02:00:01Z	1757037601
APS60118	2025-09-05T02:10:01Z	1757038201	22.917987616099076	Basal TC	CP	GP 1	Male	Yes	D-4	Primary	211	Warriors Mark Farmhouse	27.6	-4	2025-09-05T02:10:01Z	1757038201
APS60118	2025-09-05T02:20:01Z	1757038801	22.917987616099076	Basal TC	CP	GP 1	Male	Yes	D-4	Primary	211	Warriors Mark Farmhouse	27.6	-4	2025-09-05T02:20:01Z	1757038801
APS60118	2025-09-05T02:30:01Z	1757039401	22.917987616099076	Basal TC	CP	GP 1	Male	Yes	D-4	Primary	211	Warriors Mark Farmhouse	27.6	-4	2025-09-05T02:30:01Z	1757039401
APS60118	2025-09-05T02:40:01Z	1757040001	21.914272445820437	Basal TC	CP	GP 1	Male	Yes	D-4	Primary	211	Warriors Mark Farmhouse	27.6	-4	2025-09-05T02:40:01Z	1757040001
APS60118	2025-09-05T02:50:01Z	1757040601	20.910557275541798	Basal TC	CP	GP 1	Male	Yes	D-4	Primary	211	Warriors Mark Farmhouse	27.6	-4	2025-09-05T02:50:01Z	1757040601
APS60118	2025-09-05T03:00:01Z	1757041201	20.408699690402482	Basal TC	CP	GP 1	Male	Yes	D-4	Primary	211	Warriors Mark Farmhouse	27.6	-4	2025-09-05T03:00:01Z	1757041201
APS60118	2025-09-05T03:10:01Z	1757041801	20.408699690402482	Basal TC	CP	GP 1	Male	Yes	D-4	Primary	211	Warriors Mark Farmhouse	27.6	-4	2025-09-05T03:10:01Z	1757041801
APS60118	2025-09-05T03:20:01Z	1757042401	19.906842105263163	Basal TC	CP	GP 1	Male	Yes	D-4	Primary	211	Warriors Mark Farmhouse	27.6	-4	2025-09-05T03:20:01Z	1757042401
APS60118	2025-09-05T03:30:01Z	1757043001	19.40498452012384	Basal TC	CP	GP 1	Male	Yes	D-4	Primary	211	Warriors Mark Farmhouse	27.6	-4	2025-09-05T03:30:01Z	1757043001
APS60118	2025-09-05T03:40:01Z	1757043601	18.903126934984524	Basal TC	CP	GP 1	Male	Yes	D-4	Primary	211	Warriors Mark Farmhouse	27.6	-4	2025-09-05T03:40:01Z	1757043601
APS60118	2025-09-05T03:50:01Z	1757044201	19.40498452012384	Basal TC	CP	GP 1	Male	Yes	D-4	Primary	211	Warriors Mark Farmhouse	27.6	-4	2025-09-05T03:50:01Z	1757044201
APS60118	2025-09-05T04:00:01Z	1757044801	22.416130030959756	Basal TC	CP	GP 1	Male	Yes	D-4	Primary	211	Warriors Mark Farmhouse	27.6	-4	2025-09-05T04:00:01Z	1757044801
APS60118	2025-09-05T04:10:01Z	1757045401	28.438421052631586	Basal TC	CP	GP 1	Male	Yes	D-4	Primary	211	Warriors Mark Farmhouse	27.6	-4	2025-09-05T04:10:01Z	1757045401
APS60118	2025-09-05T04:20:01Z	1757046001	29.94399380804954	Basal TC	CP	GP 1	Male	Yes	D-4	Primary	211	Warriors Mark Farmhouse	27.6	-4	2025-09-05T04:20:01Z	1757046001
APS60118	2025-09-05T04:30:01Z	1757046601	29.94399380804954	Basal TC	CP	GP 1	Male	Yes	D-4	Primary	211	Warriors Mark Farmhouse	27.6	-4	2025-09-05T04:30:01Z	1757046601
APS60118	2025-09-05T04:40:01Z	1757047201	30.94770897832818	Basal TC	CP	GP 1	Male	Yes	D-4	Primary	211	Warriors Mark Farmhouse	27.6	-4	2025-09-05T04:40:01Z	1757047201
APS60118	2025-09-05T04:50:01Z	1757047801	29.94399380804954	Basal TC	CP	GP 1	Male	Yes	D-4	Primary	211	Warriors Mark Farmhouse	27.6	-4	2025-09-05T04:50:01Z	1757047801
APS60118	2025-09-05T05:00:01Z	1757048401	27.936563467492267	Basal TC	CP	GP 1	Male	Yes	D-4	Primary	211	Warriors Mark Farmhouse	27.6	-4	2025-09-05T05:00:01Z	1757048401
APS60118	2025-09-05T05:10:01Z	1757049001	26.43099071207431	Basal TC	CP	GP 1	Male	Yes	D-4	Primary	211	Warriors Mark Farmhouse	27.6	-4	2025-09-05T05:10:01Z	1757049001
APS60118	2025-09-05T05:20:01Z	1757049601	25.92913312693499	Basal TC	CP	GP 1	Male	Yes	D-4	Primary	211	Warriors Mark Farmhouse	27.6	-4	2025-09-05T05:20:01Z	1757049601
APS60118	2025-09-05T05:30:01Z	1757050201	23.419845201238395	Basal TC	CP	GP 1	Male	Yes	D-4	Primary	211	Warriors Mark Farmhouse	27.6	-4	2025-09-05T05:30:01Z	1757050201
APS60118	2025-09-05T05:40:01Z	1757050801	21.412414860681118	Basal TC	CP	GP 1	Male	Yes	D-4	Primary	211	Warriors Mark Farmhouse	27.6	-4	2025-09-05T05:40:01Z	1757050801
APS60118	2025-09-05T05:50:01Z	1757051401	19.906842105263163	Basal TC	CP	GP 1	Male	Yes	D-4	Primary	211	Warriors Mark Farmhouse	27.6	-4	2025-09-05T05:50:01Z	1757051401
APS60118	2025-09-05T06:00:01Z	1757052001	18.903126934984524	Basal TC	CP	GP 1	Male	Yes	D-4	Primary	211	Warriors Mark Farmhouse	27.6	-4	2025-09-05T06:00:01Z	1757052001
APS60118	2025-09-05T06:10:01Z	1757052601	17.899411764705885	Basal TC	CP	GP 1	Male	Yes	D-4	Primary	211	Warriors Mark Farmhouse	27.6	-4	2025-09-05T06:10:01Z	1757052601
APS60118	2025-09-05T06:20:01Z	1757053201	16.895696594427246	Basal TC	CP	GP 1	Male	Yes	D-4	Primary	211	Warriors Mark Farmhouse	27.6	-4	2025-09-05T06:20:01Z	1757053201
APS60118	2025-09-05T06:30:01Z	1757053801	16.393839009287927	Basal TC	CP	GP 1	Male	Yes	D-4	Primary	211	Warriors Mark Farmhouse	27.6	-4	2025-09-05T06:30:01Z	1757053801
APS60118	2025-09-05T06:40:01Z	1757054401	16.393839009287927	Basal TC	CP	GP 1	Male	Yes	D-4	Primary	211	Warriors Mark Farmhouse	27.6	-4	2025-09-05T06:40:01Z	1757054401
APS60118	2025-09-05T06:50:01Z	1757055001	15.89198142414861	Basal TC	CP	GP 1	Male	Yes	D-4	Primary	211	Warriors Mark Farmhouse	27.6	-4	2025-09-05T06:50:01Z	1757055001
APS60118	2025-09-05T07:00:01Z	1757055601	15.89198142414861	Basal TC	CP	GP 1	Male	Yes	D-4	Primary	211	Warriors Mark Farmhouse	27.6	-4	2025-09-05T07:00:01Z	1757055601
APS60118	2025-09-05T07:10:01Z	1757056201	15.89198142414861	Basal TC	CP	GP 1	Male	Yes	D-4	Primary	211	Warriors Mark Farmhouse	27.6	-4	2025-09-05T07:10:01Z	1757056201
APS60118	2025-09-05T07:20:01Z	1757056801	15.390123839009288	Basal TC	CP	GP 1	Male	Yes	D-4	Primary	211	Warriors Mark Farmhouse	27.6	-4	2025-09-05T07:20:01Z	1757056801
APS60118	2025-09-05T07:30:01Z	1757057401	15.89198142414861	Basal TC	CP	GP 1	Male	Yes	D-4	Primary	211	Warriors Mark Farmhouse	27.6	-4	2025-09-05T07:30:01Z	1757057401
APS60118	2025-09-05T07:40:01Z	1757058001	15.390123839009288	Basal TC	CP	GP 1	Male	Yes	D-4	Primary	211	Warriors Mark Farmhouse	27.6	-4	2025-09-05T07:40:01Z	1757058001
APS60118	2025-09-05T07:50:01Z	1757058601	15.390123839009288	Basal TC	CP	GP 1	Male	Yes	D-4	Primary	211	Warriors Mark Farmhouse	27.6	-4	2025-09-05T07:50:01Z	1757058601
APS60118	2025-09-05T08:00:01Z	1757059201	15.390123839009288	Basal TC	CP	GP 1	Male	Yes	D-4	Primary	211	Warriors Mark Farmhouse	27.6	-4	2025-09-05T08:00:01Z	1757059201
APS60118	2025-09-05T08:10:01Z	1757059801	15.390123839009288	Basal TC	CP	GP 1	Male	Yes	D-4	Primary	211	Warriors Mark Farmhouse	27.6	-4	2025-09-05T08:10:01Z	1757059801
APS60118	2025-09-05T08:20:01Z	1757060401	15.390123839009288	Basal TC	CP	GP 1	Male	Yes	D-4	Primary	211	Warriors Mark Farmhouse	27.6	-4	2025-09-05T08:20:01Z	1757060401
APS60118	2025-09-05T08:30:01Z	1757061001	15.390123839009288	Basal TC	CP	GP 1	Male	Yes	D-4	Primary	211	Warriors Mark Farmhouse	27.6	-4	2025-09-05T08:30:01Z	1757061001
APS60118	2025-09-05T08:40:01Z	1757061601	15.390123839009288	Basal TC	CP	GP 1	Male	Yes	D-4	Primary	211	Warriors Mark Farmhouse	27.6	-4	2025-09-05T08:40:01Z	1757061601
APS60118	2025-09-05T08:50:01Z	1757062201	16.393839009287927	Basal TC	CP	GP 1	Male	Yes	D-4	Primary	211	Warriors Mark Farmhouse	27.6	-4	2025-09-05T08:50:01Z	1757062201
APS60118	2025-09-05T09:00:01Z	1757062801	17.397554179566566	Basal TC	CP	GP 1	Male	Yes	D-4	Primary	211	Warriors Mark Farmhouse	27.6	-4	2025-09-05T09:00:01Z	1757062801
APS60118	2025-09-05T09:10:01Z	1757063401	18.903126934984524	Basal TC	CP	GP 1	Male	Yes	D-4	Primary	211	Warriors Mark Farmhouse	27.6	-4	2025-09-05T09:10:01Z	1757063401
APS60118	2025-09-05T09:20:01Z	1757064001	23.92170278637771	Basal TC	CP	GP 1	Male	Yes	D-4	Primary	211	Warriors Mark Farmhouse	27.6	-4	2025-09-05T09:20:01Z	1757064001
APS60118	2025-09-05T09:30:01Z	1757064601	31.951424148606815	Basal TC	CP	GP 1	Male	Yes	D-4	Primary	211	Warriors Mark Farmhouse	27.6	-4	2025-09-05T09:30:01Z	1757064601
APS60118	2025-09-05T09:40:01Z	1757065201	31.4495665634675	Basal TC	CP	GP 1	Male	Yes	D-4	Primary	211	Warriors Mark Farmhouse	27.6	-4	2025-09-05T09:40:01Z	1757065201
APS60118	2025-09-05T09:50:01Z	1757065801	33.45699690402477	Basal TC	CP	GP 1	Male	Yes	D-4	Primary	211	Warriors Mark Farmhouse	27.6	-4	2025-09-05T09:50:01Z	1757065801
APS60118	2025-09-05T10:00:01Z	1757066401	32.95513931888545	Basal TC	CP	GP 1	Male	Yes	D-4	Primary	211	Warriors Mark Farmhouse	27.6	-4	2025-09-05T10:00:01Z	1757066401
APS60118	2025-09-05T10:10:01Z	1757067001	35.46442724458205	Basal TC	CP	GP 1	Male	Yes	D-4	Primary	211	Warriors Mark Farmhouse	27.6	-4	2025-09-05T10:10:01Z	1757067001
APS60118	2025-09-05T10:20:01Z	1757067601	34.96256965944273	Basal TC	CP	GP 1	Male	Yes	D-4	Primary	211	Warriors Mark Farmhouse	27.6	-4	2025-09-05T10:20:01Z	1757067601
APS60118	2025-09-05T10:30:01Z	1757068201	34.96256965944273	Basal TC	CP	GP 1	Male	Yes	D-4	Primary	211	Warriors Mark Farmhouse	27.6	-4	2025-09-05T10:30:01Z	1757068201
APS60118	2025-09-05T10:40:01Z	1757068801	33.95885448916409	Basal TC	CP	GP 1	Male	Yes	D-4	Primary	211	Warriors Mark Farmhouse	27.6	-4	2025-09-05T10:40:01Z	1757068801
APS60118	2025-09-05T10:50:01Z	1757069401	34.46071207430341	Basal TC	CP	GP 1	Male	Yes	D-4	Primary	211	Warriors Mark Farmhouse	27.6	-4	2025-09-05T10:50:01Z	1757069401
APS60118	2025-09-05T11:00:01Z	1757070001	31.951424148606815	Basal TC	CP	GP 1	Male	Yes	D-4	Primary	211	Warriors Mark Farmhouse	27.6	-4	2025-09-05T11:00:01Z	1757070001
APS60118	2025-09-05T11:10:01Z	1757070601	31.951424148606815	Basal TC	CP	GP 1	Male	Yes	D-4	Primary	211	Warriors Mark Farmhouse	27.6	-4	2025-09-05T11:10:01Z	1757070601
APS60118	2025-09-05T11:20:01Z	1757071201	31.951424148606815	Basal TC	CP	GP 1	Male	Yes	D-4	Primary	211	Warriors Mark Farmhouse	27.6	-4	2025-09-05T11:20:01Z	1757071201
APS60118	2025-09-05T11:30:01Z	1757071801	31.951424148606815	Basal TC	CP	GP 1	Male	Yes	D-4	Primary	211	Warriors Mark Farmhouse	27.6	-4	2025-09-05T11:30:01Z	1757071801
APS60118	2025-09-05T11:40:01Z	1757072401	30.94770897832818	Basal TC	CP	GP 1	Male	Yes	D-4	Primary	211	Warriors Mark Farmhouse	27.6	-4	2025-09-05T11:40:01Z	1757072401
APS60118	2025-09-05T11:50:01Z	1757073001	30.445851393188857	Basal TC	CP	GP 1	Male	Yes	D-4	Primary	211	Warriors Mark Farmhouse	27.6	-4	2025-09-05T11:50:01Z	1757073001
APS60118	2025-09-05T12:00:01Z	1757073601	34.46071207430341	Basal TC	CP	GP 1	Male	Yes	D-4	Primary	211	Warriors Mark Farmhouse	27.6	-4	2025-09-05T12:00:01Z	1757073601
APS60118	2025-09-05T12:10:01Z	1757074201	35.46442724458205	Basal TC	CP	GP 1	Male	Yes	D-4	Primary	211	Warriors Mark Farmhouse	27.6	-4	2025-09-05T12:10:01Z	1757074201
APS60118	2025-09-05T12:20:01Z	1757074801	34.96256965944273	Basal TC	CP	GP 1	Male	Yes	D-4	Primary	211	Warriors Mark Farmhouse	27.6	-4	2025-09-05T12:20:01Z	1757074801
APS60118	2025-09-05T12:30:01Z	1757075401	34.46071207430341	Basal TC	CP	GP 1	Male	Yes	D-4	Primary	211	Warriors Mark Farmhouse	27.6	-4	2025-09-05T12:30:01Z	1757075401
APS60118	2025-09-05T12:40:01Z	1757076001	35.46442724458205	Basal TC	CP	GP 1	Male	Yes	D-4	Primary	211	Warriors Mark Farmhouse	27.6	-4	2025-09-05T12:40:01Z	1757076001
APS60118	2025-09-05T12:50:01Z	1757076601	35.96628482972137	Basal TC	CP	GP 1	Male	Yes	D-4	Primary	211	Warriors Mark Farmhouse	27.6	-4	2025-09-05T12:50:01Z	1757076601
APS60118	2025-09-05T13:00:01Z	1757077201	35.96628482972137	Basal TC	CP	GP 1	Male	Yes	D-4	Primary	211	Warriors Mark Farmhouse	27.6	-4	2025-09-05T13:00:01Z	1757077201
APS60118	2025-09-05T13:10:01Z	1757077801	32.95513931888545	Basal TC	CP	GP 1	Male	Yes	D-4	Primary	211	Warriors Mark Farmhouse	27.6	-4	2025-09-05T13:10:01Z	1757077801
APS60118	2025-09-05T13:20:01Z	1757078401	32.45328173374613	Basal TC	CP	GP 1	Male	Yes	D-4	Primary	211	Warriors Mark Farmhouse	27.6	-4	2025-09-05T13:20:01Z	1757078401
APS60118	2025-09-05T13:30:01Z	1757079001	32.45328173374613	Basal TC	CP	GP 1	Male	Yes	D-4	Primary	211	Warriors Mark Farmhouse	27.6	-4	2025-09-05T13:30:01Z	1757079001
APS60118	2025-09-05T13:40:01Z	1757079601	32.45328173374613	Basal TC	CP	GP 1	Male	Yes	D-4	Primary	211	Warriors Mark Farmhouse	27.6	-4	2025-09-05T13:40:01Z	1757079601
APS60118	2025-09-05T13:50:01Z	1757080201	31.4495665634675	Basal TC	CP	GP 1	Male	Yes	D-4	Primary	211	Warriors Mark Farmhouse	27.6	-4	2025-09-05T13:50:01Z	1757080201
APS60132	2025-09-04T14:00:01Z	1756994401	35.46442724458205	Basal TC	CP+S	GP 1	Female	Yes	D-4	Dual	208	Old Danville Highway Barn	27.7	-4	2025-09-04T14:00:01Z	1756994401
APS60132	2025-09-04T14:10:01Z	1756995001	34.96256965944273	Basal TC	CP+S	GP 1	Female	Yes	D-4	Dual	208	Old Danville Highway Barn	27.7	-4	2025-09-04T14:10:01Z	1756995001
APS60132	2025-09-04T14:20:01Z	1756995601	34.96256965944273	Basal TC	CP+S	GP 1	Female	Yes	D-4	Dual	208	Old Danville Highway Barn	27.7	-4	2025-09-04T14:20:01Z	1756995601
APS60132	2025-09-04T14:30:01Z	1756996201	35.46442724458205	Basal TC	CP+S	GP 1	Female	Yes	D-4	Dual	208	Old Danville Highway Barn	27.7	-4	2025-09-04T14:30:01Z	1756996201
APS60132	2025-09-04T14:40:01Z	1756996801	35.96628482972137	Basal TC	CP+S	GP 1	Female	Yes	D-4	Dual	208	Old Danville Highway Barn	27.7	-4	2025-09-04T14:40:01Z	1756996801
APS60132	2025-09-04T14:50:01Z	1756997401	35.96628482972137	Basal TC	CP+S	GP 1	Female	Yes	D-4	Dual	208	Old Danville Highway Barn	27.7	-4	2025-09-04T14:50:01Z	1756997401
APS60132	2025-09-04T15:00:01Z	1756998001	34.96256965944273	Basal TC	CP+S	GP 1	Female	Yes	D-4	Dual	208	Old Danville Highway Barn	27.7	-4	2025-09-04T15:00:01Z	1756998001
APS60132	2025-09-04T15:10:01Z	1756998601	34.96256965944273	Basal TC	CP+S	GP 1	Female	Yes	D-4	Dual	208	Old Danville Highway Barn	27.7	-4	2025-09-04T15:10:01Z	1756998601
APS60132	2025-09-04T15:20:01Z	1756999201	34.96256965944273	Basal TC	CP+S	GP 1	Female	Yes	D-4	Dual	208	Old Danville Highway Barn	27.7	-4	2025-09-04T15:20:01Z	1756999201
APS60132	2025-09-04T15:30:01Z	1756999801	34.46071207430341	Basal TC	CP+S	GP 1	Female	Yes	D-4	Dual	208	Old Danville Highway Barn	27.7	-4	2025-09-04T15:30:01Z	1756999801
APS60132	2025-09-04T15:40:01Z	1757000401	34.46071207430341	Basal TC	CP+S	GP 1	Female	Yes	D-4	Dual	208	Old Danville Highway Barn	27.7	-4	2025-09-04T15:40:01Z	1757000401
APS60132	2025-09-04T15:50:01Z	1757001001	33.95885448916409	Basal TC	CP+S	GP 1	Female	Yes	D-4	Dual	208	Old Danville Highway Barn	27.7	-4	2025-09-04T15:50:01Z	1757001001
APS60132	2025-09-04T16:00:01Z	1757001601	34.96256965944273	Basal TC	CP+S	GP 1	Female	Yes	D-4	Dual	208	Old Danville Highway Barn	27.7	-4	2025-09-04T16:00:01Z	1757001601
APS60132	2025-09-04T16:10:01Z	1757002201	32.95513931888545	Basal TC	CP+S	GP 1	Female	Yes	D-4	Dual	208	Old Danville Highway Barn	27.7	-4	2025-09-04T16:10:01Z	1757002201
APS60132	2025-09-04T16:20:01Z	1757002801	31.4495665634675	Basal TC	CP+S	GP 1	Female	Yes	D-4	Dual	208	Old Danville Highway Barn	27.7	-4	2025-09-04T16:20:01Z	1757002801
APS60132	2025-09-04T16:30:01Z	1757003401	33.95885448916409	Basal TC	CP+S	GP 1	Female	Yes	D-4	Dual	208	Old Danville Highway Barn	27.7	-4	2025-09-04T16:30:01Z	1757003401
APS60132	2025-09-04T16:40:01Z	1757004001	34.46071207430341	Basal TC	CP+S	GP 1	Female	Yes	D-4	Dual	208	Old Danville Highway Barn	27.7	-4	2025-09-04T16:40:01Z	1757004001
APS60132	2025-09-04T16:50:01Z	1757004601	35.96628482972137	Basal TC	CP+S	GP 1	Female	Yes	D-4	Dual	208	Old Danville Highway Barn	27.7	-4	2025-09-04T16:50:01Z	1757004601
APS60132	2025-09-04T17:00:01Z	1757005201	36.46814241486069	Basal TC	CP+S	GP 1	Female	Yes	D-4	Dual	208	Old Danville Highway Barn	27.7	-4	2025-09-04T17:00:01Z	1757005201
APS60132	2025-09-04T17:10:01Z	1757005801	36.46814241486069	Basal TC	CP+S	GP 1	Female	Yes	D-4	Dual	208	Old Danville Highway Barn	27.7	-4	2025-09-04T17:10:01Z	1757005801
APS60132	2025-09-04T17:20:01Z	1757006401	36.46814241486069	Basal TC	CP+S	GP 1	Female	Yes	D-4	Dual	208	Old Danville Highway Barn	27.7	-4	2025-09-04T17:20:01Z	1757006401
APS60132	2025-09-04T17:30:01Z	1757007001	34.96256965944273	Basal TC	CP+S	GP 1	Female	Yes	D-4	Dual	208	Old Danville Highway Barn	27.7	-4	2025-09-04T17:30:01Z	1757007001
APS60132	2025-09-04T17:40:01Z	1757007601	32.45328173374613	Basal TC	CP+S	GP 1	Female	Yes	D-4	Dual	208	Old Danville Highway Barn	27.7	-4	2025-09-04T17:40:01Z	1757007601
APS60132	2025-09-04T17:50:01Z	1757008201	37.47185758513932	Basal TC	CP+S	GP 1	Female	Yes	D-4	Dual	208	Old Danville Highway Barn	27.7	-4	2025-09-04T17:50:01Z	1757008201
APS60132	2025-09-04T18:00:01Z	1757008801	36.97	Basal TC	CP+S	GP 1	Female	Yes	D-4	Dual	208	Old Danville Highway Barn	27.7	-4	2025-09-04T18:00:01Z	1757008801
APS60132	2025-09-04T18:10:01Z	1757009401	31.951424148606815	Basal TC	CP+S	GP 1	Female	Yes	D-4	Dual	208	Old Danville Highway Barn	27.7	-4	2025-09-04T18:10:01Z	1757009401
APS60132	2025-09-04T18:20:01Z	1757010001	31.4495665634675	Basal TC	CP+S	GP 1	Female	Yes	D-4	Dual	208	Old Danville Highway Barn	27.7	-4	2025-09-04T18:20:01Z	1757010001
APS60132	2025-09-04T18:30:01Z	1757010601	32.95513931888545	Basal TC	CP+S	GP 1	Female	Yes	D-4	Dual	208	Old Danville Highway Barn	27.7	-4	2025-09-04T18:30:01Z	1757010601
APS60132	2025-09-04T18:40:01Z	1757011201	33.95885448916409	Basal TC	CP+S	GP 1	Female	Yes	D-4	Dual	208	Old Danville Highway Barn	27.7	-4	2025-09-04T18:40:01Z	1757011201
APS60132	2025-09-04T18:50:01Z	1757011801	34.46071207430341	Basal TC	CP+S	GP 1	Female	Yes	D-4	Dual	208	Old Danville Highway Barn	27.7	-4	2025-09-04T18:50:01Z	1757011801
APS60132	2025-09-04T19:00:01Z	1757012401	34.96256965944273	Basal TC	CP+S	GP 1	Female	Yes	D-4	Dual	208	Old Danville Highway Barn	27.7	-4	2025-09-04T19:00:01Z	1757012401
APS60132	2025-09-04T19:10:01Z	1757013001	32.95513931888545	Basal TC	CP+S	GP 1	Female	Yes	D-4	Dual	208	Old Danville Highway Barn	27.7	-4	2025-09-04T19:10:01Z	1757013001
APS60132	2025-09-04T19:20:01Z	1757013601	32.95513931888545	Basal TC	CP+S	GP 1	Female	Yes	D-4	Dual	208	Old Danville Highway Barn	27.7	-4	2025-09-04T19:20:01Z	1757013601
APS60132	2025-09-04T19:30:01Z	1757014201	34.46071207430341	Basal TC	CP+S	GP 1	Female	Yes	D-4	Dual	208	Old Danville Highway Barn	27.7	-4	2025-09-04T19:30:01Z	1757014201
APS60132	2025-09-04T19:40:01Z	1757014801	34.96256965944273	Basal TC	CP+S	GP 1	Female	Yes	D-4	Dual	208	Old Danville Highway Barn	27.7	-4	2025-09-04T19:40:01Z	1757014801
APS60132	2025-09-04T19:50:01Z	1757015401	34.96256965944273	Basal TC	CP+S	GP 1	Female	Yes	D-4	Dual	208	Old Danville Highway Barn	27.7	-4	2025-09-04T19:50:01Z	1757015401
APS60132	2025-09-04T20:00:01Z	1757016001	36.46814241486069	Basal TC	CP+S	GP 1	Female	Yes	D-4	Dual	208	Old Danville Highway Barn	27.7	-4	2025-09-04T20:00:01Z	1757016001
APS60132	2025-09-04T20:10:01Z	1757016601	35.96628482972137	Basal TC	CP+S	GP 1	Female	Yes	D-4	Dual	208	Old Danville Highway Barn	27.7	-4	2025-09-04T20:10:01Z	1757016601
APS60132	2025-09-04T20:20:01Z	1757017201	34.96256965944273	Basal TC	CP+S	GP 1	Female	Yes	D-4	Dual	208	Old Danville Highway Barn	27.7	-4	2025-09-04T20:20:01Z	1757017201
APS60132	2025-09-04T20:30:01Z	1757017801	32.95513931888545	Basal TC	CP+S	GP 1	Female	Yes	D-4	Dual	208	Old Danville Highway Barn	27.7	-4	2025-09-04T20:30:01Z	1757017801
APS60132	2025-09-04T20:40:01Z	1757018401	31.951424148606815	Basal TC	CP+S	GP 1	Female	Yes	D-4	Dual	208	Old Danville Highway Barn	27.7	-4	2025-09-04T20:40:01Z	1757018401
APS60132	2025-09-04T20:50:01Z	1757019001	32.45328173374613	Basal TC	CP+S	GP 1	Female	Yes	D-4	Dual	208	Old Danville Highway Barn	27.7	-4	2025-09-04T20:50:01Z	1757019001
APS60132	2025-09-04T21:00:01Z	1757019601	31.951424148606815	Basal TC	CP+S	GP 1	Female	Yes	D-4	Dual	208	Old Danville Highway Barn	27.7	-4	2025-09-04T21:00:01Z	1757019601
APS60132	2025-09-04T21:10:01Z	1757020201	31.4495665634675	Basal TC	CP+S	GP 1	Female	Yes	D-4	Dual	208	Old Danville Highway Barn	27.7	-4	2025-09-04T21:10:01Z	1757020201
APS60132	2025-09-04T21:20:01Z	1757020801	31.951424148606815	Basal TC	CP+S	GP 1	Female	Yes	D-4	Dual	208	Old Danville Highway Barn	27.7	-4	2025-09-04T21:20:01Z	1757020801
APS60132	2025-09-04T21:30:01Z	1757021401	32.95513931888545	Basal TC	CP+S	GP 1	Female	Yes	D-4	Dual	208	Old Danville Highway Barn	27.7	-4	2025-09-04T21:30:01Z	1757021401
APS60132	2025-09-04T21:40:01Z	1757022001	37.47185758513932	Basal TC	CP+S	GP 1	Female	Yes	D-4	Dual	208	Old Danville Highway Barn	27.7	-4	2025-09-04T21:40:01Z	1757022001
APS60132	2025-09-04T21:50:01Z	1757022601	37.47185758513932	Basal TC	CP+S	GP 1	Female	Yes	D-4	Dual	208	Old Danville Highway Barn	27.7	-4	2025-09-04T21:50:01Z	1757022601
APS60132	2025-09-04T22:00:01Z	1757023201	37.47185758513932	Basal TC	CP+S	GP 1	Female	Yes	D-4	Dual	208	Old Danville Highway Barn	27.7	-4	2025-09-04T22:00:01Z	1757023201
APS60132	2025-09-04T22:10:01Z	1757023801	36.97	Basal TC	CP+S	GP 1	Female	Yes	D-4	Dual	208	Old Danville Highway Barn	27.7	-4	2025-09-04T22:10:01Z	1757023801
APS60132	2025-09-04T22:20:01Z	1757024401	36.46814241486069	Basal TC	CP+S	GP 1	Female	Yes	D-4	Dual	208	Old Danville Highway Barn	27.7	-4	2025-09-04T22:20:01Z	1757024401
APS60132	2025-09-04T22:30:01Z	1757025001	33.45699690402477	Basal TC	CP+S	GP 1	Female	Yes	D-4	Dual	208	Old Danville Highway Barn	27.7	-4	2025-09-04T22:30:01Z	1757025001
APS60132	2025-09-04T22:40:01Z	1757025601	34.46071207430341	Basal TC	CP+S	GP 1	Female	Yes	D-4	Dual	208	Old Danville Highway Barn	27.7	-4	2025-09-04T22:40:01Z	1757025601
APS60132	2025-09-04T22:50:01Z	1757026201	32.45328173374613	Basal TC	CP+S	GP 1	Female	Yes	D-4	Dual	208	Old Danville Highway Barn	27.7	-4	2025-09-04T22:50:01Z	1757026201
APS60132	2025-09-04T23:00:01Z	1757026801	33.95885448916409	Basal TC	CP+S	GP 1	Female	Yes	D-4	Dual	208	Old Danville Highway Barn	27.7	-4	2025-09-04T23:00:01Z	1757026801
APS60132	2025-09-04T23:10:01Z	1757027401	33.95885448916409	Basal TC	CP+S	GP 1	Female	Yes	D-4	Dual	208	Old Danville Highway Barn	27.7	-4	2025-09-04T23:10:01Z	1757027401
APS60132	2025-09-04T23:20:01Z	1757028001	32.95513931888545	Basal TC	CP+S	GP 1	Female	Yes	D-4	Dual	208	Old Danville Highway Barn	27.7	-4	2025-09-04T23:20:01Z	1757028001
APS60132	2025-09-04T23:30:01Z	1757028601	34.46071207430341	Basal TC	CP+S	GP 1	Female	Yes	D-4	Dual	208	Old Danville Highway Barn	27.7	-4	2025-09-04T23:30:01Z	1757028601
APS60132	2025-09-04T23:40:01Z	1757029201	33.45699690402477	Basal TC	CP+S	GP 1	Female	Yes	D-4	Dual	208	Old Danville Highway Barn	27.7	-4	2025-09-04T23:40:01Z	1757029201
APS60132	2025-09-04T23:50:01Z	1757029801	32.95513931888545	Basal TC	CP+S	GP 1	Female	Yes	D-4	Dual	208	Old Danville Highway Barn	27.7	-4	2025-09-04T23:50:01Z	1757029801
APS60132	2025-09-05T00:00:01Z	1757030401	32.95513931888545	Basal TC	CP+S	GP 1	Female	Yes	D-4	Dual	208	Old Danville Highway Barn	27.7	-4	2025-09-05T00:00:01Z	1757030401
APS60132	2025-09-05T00:10:01Z	1757031001	33.45699690402477	Basal TC	CP+S	GP 1	Female	Yes	D-4	Dual	208	Old Danville Highway Barn	27.7	-4	2025-09-05T00:10:01Z	1757031001
APS60132	2025-09-05T00:20:01Z	1757031601	32.95513931888545	Basal TC	CP+S	GP 1	Female	Yes	D-4	Dual	208	Old Danville Highway Barn	27.7	-4	2025-09-05T00:20:01Z	1757031601
APS60132	2025-09-05T00:30:01Z	1757032201	33.45699690402477	Basal TC	CP+S	GP 1	Female	Yes	D-4	Dual	208	Old Danville Highway Barn	27.7	-4	2025-09-05T00:30:01Z	1757032201
APS60132	2025-09-05T00:40:01Z	1757032801	32.95513931888545	Basal TC	CP+S	GP 1	Female	Yes	D-4	Dual	208	Old Danville Highway Barn	27.7	-4	2025-09-05T00:40:01Z	1757032801
APS60132	2025-09-05T00:50:01Z	1757033401	33.95885448916409	Basal TC	CP+S	GP 1	Female	Yes	D-4	Dual	208	Old Danville Highway Barn	27.7	-4	2025-09-05T00:50:01Z	1757033401
APS60132	2025-09-05T01:00:01Z	1757034001	32.45328173374613	Basal TC	CP+S	GP 1	Female	Yes	D-4	Dual	208	Old Danville Highway Barn	27.7	-4	2025-09-05T01:00:01Z	1757034001
APS60132	2025-09-05T01:10:01Z	1757034601	32.95513931888545	Basal TC	CP+S	GP 1	Female	Yes	D-4	Dual	208	Old Danville Highway Barn	27.7	-4	2025-09-05T01:10:01Z	1757034601
APS60132	2025-09-05T01:20:01Z	1757035201	32.95513931888545	Basal TC	CP+S	GP 1	Female	Yes	D-4	Dual	208	Old Danville Highway Barn	27.7	-4	2025-09-05T01:20:01Z	1757035201
APS60132	2025-09-05T01:30:01Z	1757035801	32.45328173374613	Basal TC	CP+S	GP 1	Female	Yes	D-4	Dual	208	Old Danville Highway Barn	27.7	-4	2025-09-05T01:30:01Z	1757035801
APS60132	2025-09-05T01:40:01Z	1757036401	32.45328173374613	Basal TC	CP+S	GP 1	Female	Yes	D-4	Dual	208	Old Danville Highway Barn	27.7	-4	2025-09-05T01:40:01Z	1757036401
APS60132	2025-09-05T01:50:01Z	1757037001	32.45328173374613	Basal TC	CP+S	GP 1	Female	Yes	D-4	Dual	208	Old Danville Highway Barn	27.7	-4	2025-09-05T01:50:01Z	1757037001
APS60132	2025-09-05T02:00:01Z	1757037601	32.45328173374613	Basal TC	CP+S	GP 1	Female	Yes	D-4	Dual	208	Old Danville Highway Barn	27.7	-4	2025-09-05T02:00:01Z	1757037601
APS60132	2025-09-05T02:10:01Z	1757038201	32.45328173374613	Basal TC	CP+S	GP 1	Female	Yes	D-4	Dual	208	Old Danville Highway Barn	27.7	-4	2025-09-05T02:10:01Z	1757038201
APS60132	2025-09-05T02:20:01Z	1757038801	32.45328173374613	Basal TC	CP+S	GP 1	Female	Yes	D-4	Dual	208	Old Danville Highway Barn	27.7	-4	2025-09-05T02:20:01Z	1757038801
APS60132	2025-09-05T02:30:01Z	1757039401	31.951424148606815	Basal TC	CP+S	GP 1	Female	Yes	D-4	Dual	208	Old Danville Highway Barn	27.7	-4	2025-09-05T02:30:01Z	1757039401
APS60132	2025-09-05T02:40:01Z	1757040001	31.951424148606815	Basal TC	CP+S	GP 1	Female	Yes	D-4	Dual	208	Old Danville Highway Barn	27.7	-4	2025-09-05T02:40:01Z	1757040001
APS60132	2025-09-05T02:50:01Z	1757040601	31.951424148606815	Basal TC	CP+S	GP 1	Female	Yes	D-4	Dual	208	Old Danville Highway Barn	27.7	-4	2025-09-05T02:50:01Z	1757040601
APS60132	2025-09-05T03:00:01Z	1757041201	31.951424148606815	Basal TC	CP+S	GP 1	Female	Yes	D-4	Dual	208	Old Danville Highway Barn	27.7	-4	2025-09-05T03:00:01Z	1757041201
APS60132	2025-09-05T03:10:01Z	1757041801	31.4495665634675	Basal TC	CP+S	GP 1	Female	Yes	D-4	Dual	208	Old Danville Highway Barn	27.7	-4	2025-09-05T03:10:01Z	1757041801
APS60132	2025-09-05T03:20:01Z	1757042401	32.45328173374613	Basal TC	CP+S	GP 1	Female	Yes	D-4	Dual	208	Old Danville Highway Barn	27.7	-4	2025-09-05T03:20:01Z	1757042401
APS60132	2025-09-05T03:30:01Z	1757043001	34.46071207430341	Basal TC	CP+S	GP 1	Female	Yes	D-4	Dual	208	Old Danville Highway Barn	27.7	-4	2025-09-05T03:30:01Z	1757043001
APS60132	2025-09-05T03:40:01Z	1757043601	34.96256965944273	Basal TC	CP+S	GP 1	Female	Yes	D-4	Dual	208	Old Danville Highway Barn	27.7	-4	2025-09-05T03:40:01Z	1757043601
APS60132	2025-09-05T03:50:01Z	1757044201	35.46442724458205	Basal TC	CP+S	GP 1	Female	Yes	D-4	Dual	208	Old Danville Highway Barn	27.7	-4	2025-09-05T03:50:01Z	1757044201
APS60132	2025-09-05T04:00:01Z	1757044801	32.95513931888545	Basal TC	CP+S	GP 1	Female	Yes	D-4	Dual	208	Old Danville Highway Barn	27.7	-4	2025-09-05T04:00:01Z	1757044801
APS60132	2025-09-05T04:10:01Z	1757045401	31.951424148606815	Basal TC	CP+S	GP 1	Female	Yes	D-4	Dual	208	Old Danville Highway Barn	27.7	-4	2025-09-05T04:10:01Z	1757045401
APS60132	2025-09-05T04:20:01Z	1757046001	32.45328173374613	Basal TC	CP+S	GP 1	Female	Yes	D-4	Dual	208	Old Danville Highway Barn	27.7	-4	2025-09-05T04:20:01Z	1757046001
APS60132	2025-09-05T04:30:01Z	1757046601	31.4495665634675	Basal TC	CP+S	GP 1	Female	Yes	D-4	Dual	208	Old Danville Highway Barn	27.7	-4	2025-09-05T04:30:01Z	1757046601
APS60132	2025-09-05T04:40:01Z	1757047201	31.4495665634675	Basal TC	CP+S	GP 1	Female	Yes	D-4	Dual	208	Old Danville Highway Barn	27.7	-4	2025-09-05T04:40:01Z	1757047201
APS60132	2025-09-05T04:50:01Z	1757047801	30.94770897832818	Basal TC	CP+S	GP 1	Female	Yes	D-4	Dual	208	Old Danville Highway Barn	27.7	-4	2025-09-05T04:50:01Z	1757047801
APS60132	2025-09-05T05:00:01Z	1757048401	31.4495665634675	Basal TC	CP+S	GP 1	Female	Yes	D-4	Dual	208	Old Danville Highway Barn	27.7	-4	2025-09-05T05:00:01Z	1757048401
APS60132	2025-09-05T05:10:01Z	1757049001	33.45699690402477	Basal TC	CP+S	GP 1	Female	Yes	D-4	Dual	208	Old Danville Highway Barn	27.7	-4	2025-09-05T05:10:01Z	1757049001
APS60132	2025-09-05T05:20:01Z	1757049601	33.95885448916409	Basal TC	CP+S	GP 1	Female	Yes	D-4	Dual	208	Old Danville Highway Barn	27.7	-4	2025-09-05T05:20:01Z	1757049601
APS60132	2025-09-05T05:30:01Z	1757050201	33.95885448916409	Basal TC	CP+S	GP 1	Female	Yes	D-4	Dual	208	Old Danville Highway Barn	27.7	-4	2025-09-05T05:30:01Z	1757050201
APS60132	2025-09-05T05:40:01Z	1757050801	32.95513931888545	Basal TC	CP+S	GP 1	Female	Yes	D-4	Dual	208	Old Danville Highway Barn	27.7	-4	2025-09-05T05:40:01Z	1757050801
APS60132	2025-09-05T05:50:01Z	1757051401	32.95513931888545	Basal TC	CP+S	GP 1	Female	Yes	D-4	Dual	208	Old Danville Highway Barn	27.7	-4	2025-09-05T05:50:01Z	1757051401
APS60132	2025-09-05T06:00:01Z	1757052001	35.96628482972137	Basal TC	CP+S	GP 1	Female	Yes	D-4	Dual	208	Old Danville Highway Barn	27.7	-4	2025-09-05T06:00:01Z	1757052001
APS60132	2025-09-05T06:10:01Z	1757052601	34.96256965944273	Basal TC	CP+S	GP 1	Female	Yes	D-4	Dual	208	Old Danville Highway Barn	27.7	-4	2025-09-05T06:10:01Z	1757052601
APS60132	2025-09-05T06:20:01Z	1757053201	32.45328173374613	Basal TC	CP+S	GP 1	Female	Yes	D-4	Dual	208	Old Danville Highway Barn	27.7	-4	2025-09-05T06:20:01Z	1757053201
APS60132	2025-09-05T06:30:01Z	1757053801	30.445851393188857	Basal TC	CP+S	GP 1	Female	Yes	D-4	Dual	208	Old Danville Highway Barn	27.7	-4	2025-09-05T06:30:01Z	1757053801
APS60132	2025-09-05T06:40:01Z	1757054401	30.445851393188857	Basal TC	CP+S	GP 1	Female	Yes	D-4	Dual	208	Old Danville Highway Barn	27.7	-4	2025-09-05T06:40:01Z	1757054401
APS60132	2025-09-05T06:50:01Z	1757055001	31.4495665634675	Basal TC	CP+S	GP 1	Female	Yes	D-4	Dual	208	Old Danville Highway Barn	27.7	-4	2025-09-05T06:50:01Z	1757055001
APS60132	2025-09-05T07:00:01Z	1757055601	30.94770897832818	Basal TC	CP+S	GP 1	Female	Yes	D-4	Dual	208	Old Danville Highway Barn	27.7	-4	2025-09-05T07:00:01Z	1757055601
APS60132	2025-09-05T07:10:01Z	1757056201	30.445851393188857	Basal TC	CP+S	GP 1	Female	Yes	D-4	Dual	208	Old Danville Highway Barn	27.7	-4	2025-09-05T07:10:01Z	1757056201
APS60132	2025-09-05T07:20:01Z	1757056801	29.94399380804954	Basal TC	CP+S	GP 1	Female	Yes	D-4	Dual	208	Old Danville Highway Barn	27.7	-4	2025-09-05T07:20:01Z	1757056801
APS60132	2025-09-05T07:30:01Z	1757057401	29.44213622291022	Basal TC	CP+S	GP 1	Female	Yes	D-4	Dual	208	Old Danville Highway Barn	27.7	-4	2025-09-05T07:30:01Z	1757057401
APS60132	2025-09-05T07:40:01Z	1757058001	27.434705882352944	Basal TC	CP+S	GP 1	Female	Yes	D-4	Dual	208	Old Danville Highway Barn	27.7	-4	2025-09-05T07:40:01Z	1757058001
APS60132	2025-09-05T07:50:01Z	1757058601	27.936563467492267	Basal TC	CP+S	GP 1	Female	Yes	D-4	Dual	208	Old Danville Highway Barn	27.7	-4	2025-09-05T07:50:01Z	1757058601
APS60132	2025-09-05T08:00:01Z	1757059201	29.44213622291022	Basal TC	CP+S	GP 1	Female	Yes	D-4	Dual	208	Old Danville Highway Barn	27.7	-4	2025-09-05T08:00:01Z	1757059201
APS60132	2025-09-05T08:10:01Z	1757059801	28.438421052631586	Basal TC	CP+S	GP 1	Female	Yes	D-4	Dual	208	Old Danville Highway Barn	27.7	-4	2025-09-05T08:10:01Z	1757059801
APS60132	2025-09-05T08:20:01Z	1757060401	26.932848297213624	Basal TC	CP+S	GP 1	Female	Yes	D-4	Dual	208	Old Danville Highway Barn	27.7	-4	2025-09-05T08:20:01Z	1757060401
APS60132	2025-09-05T08:30:01Z	1757061001	24.925417956656354	Basal TC	CP+S	GP 1	Female	Yes	D-4	Dual	208	Old Danville Highway Barn	27.7	-4	2025-09-05T08:30:01Z	1757061001
APS60132	2025-09-05T08:40:01Z	1757061601	22.917987616099076	Basal TC	CP+S	GP 1	Female	Yes	D-4	Dual	208	Old Danville Highway Barn	27.7	-4	2025-09-05T08:40:01Z	1757061601
APS60132	2025-09-05T08:50:01Z	1757062201	21.914272445820437	Basal TC	CP+S	GP 1	Female	Yes	D-4	Dual	208	Old Danville Highway Barn	27.7	-4	2025-09-05T08:50:01Z	1757062201
APS60132	2025-09-05T09:00:01Z	1757062801	20.910557275541798	Basal TC	CP+S	GP 1	Female	Yes	D-4	Dual	208	Old Danville Highway Barn	27.7	-4	2025-09-05T09:00:01Z	1757062801
APS60132	2025-09-05T09:10:01Z	1757063401	19.906842105263163	Basal TC	CP+S	GP 1	Female	Yes	D-4	Dual	208	Old Danville Highway Barn	27.7	-4	2025-09-05T09:10:01Z	1757063401
APS60132	2025-09-05T09:20:01Z	1757064001	18.903126934984524	Basal TC	CP+S	GP 1	Female	Yes	D-4	Dual	208	Old Danville Highway Barn	27.7	-4	2025-09-05T09:20:01Z	1757064001
APS60132	2025-09-05T09:30:01Z	1757064601	18.401269349845204	Basal TC	CP+S	GP 1	Female	Yes	D-4	Dual	208	Old Danville Highway Barn	27.7	-4	2025-09-05T09:30:01Z	1757064601
APS60132	2025-09-05T09:40:01Z	1757065201	17.899411764705885	Basal TC	CP+S	GP 1	Female	Yes	D-4	Dual	208	Old Danville Highway Barn	27.7	-4	2025-09-05T09:40:01Z	1757065201
APS60132	2025-09-05T09:50:01Z	1757065801	17.899411764705885	Basal TC	CP+S	GP 1	Female	Yes	D-4	Dual	208	Old Danville Highway Barn	27.7	-4	2025-09-05T09:50:01Z	1757065801
APS60132	2025-09-05T10:00:01Z	1757066401	17.397554179566566	Basal TC	CP+S	GP 1	Female	Yes	D-4	Dual	208	Old Danville Highway Barn	27.7	-4	2025-09-05T10:00:01Z	1757066401
APS60132	2025-09-05T10:10:01Z	1757067001	16.895696594427246	Basal TC	CP+S	GP 1	Female	Yes	D-4	Dual	208	Old Danville Highway Barn	27.7	-4	2025-09-05T10:10:01Z	1757067001
APS60132	2025-09-05T10:20:01Z	1757067601	16.895696594427246	Basal TC	CP+S	GP 1	Female	Yes	D-4	Dual	208	Old Danville Highway Barn	27.7	-4	2025-09-05T10:20:01Z	1757067601
APS60132	2025-09-05T10:30:01Z	1757068201	16.393839009287927	Basal TC	CP+S	GP 1	Female	Yes	D-4	Dual	208	Old Danville Highway Barn	27.7	-4	2025-09-05T10:30:01Z	1757068201
APS60132	2025-09-05T10:40:01Z	1757068801	16.393839009287927	Basal TC	CP+S	GP 1	Female	Yes	D-4	Dual	208	Old Danville Highway Barn	27.7	-4	2025-09-05T10:40:01Z	1757068801
APS60132	2025-09-05T10:50:01Z	1757069401	16.393839009287927	Basal TC	CP+S	GP 1	Female	Yes	D-4	Dual	208	Old Danville Highway Barn	27.7	-4	2025-09-05T10:50:01Z	1757069401
APS60132	2025-09-05T11:00:01Z	1757070001	16.393839009287927	Basal TC	CP+S	GP 1	Female	Yes	D-4	Dual	208	Old Danville Highway Barn	27.7	-4	2025-09-05T11:00:01Z	1757070001
APS60132	2025-09-05T11:10:01Z	1757070601	16.393839009287927	Basal TC	CP+S	GP 1	Female	Yes	D-4	Dual	208	Old Danville Highway Barn	27.7	-4	2025-09-05T11:10:01Z	1757070601
APS60132	2025-09-05T11:20:01Z	1757071201	16.393839009287927	Basal TC	CP+S	GP 1	Female	Yes	D-4	Dual	208	Old Danville Highway Barn	27.7	-4	2025-09-05T11:20:01Z	1757071201
APS60132	2025-09-05T11:30:01Z	1757071801	16.393839009287927	Basal TC	CP+S	GP 1	Female	Yes	D-4	Dual	208	Old Danville Highway Barn	27.7	-4	2025-09-05T11:30:01Z	1757071801
APS60132	2025-09-05T11:40:01Z	1757072401	16.393839009287927	Basal TC	CP+S	GP 1	Female	Yes	D-4	Dual	208	Old Danville Highway Barn	27.7	-4	2025-09-05T11:40:01Z	1757072401
APS60132	2025-09-05T11:50:01Z	1757073001	15.89198142414861	Basal TC	CP+S	GP 1	Female	Yes	D-4	Dual	208	Old Danville Highway Barn	27.7	-4	2025-09-05T11:50:01Z	1757073001
APS60132	2025-09-05T12:00:01Z	1757073601	15.89198142414861	Basal TC	CP+S	GP 1	Female	Yes	D-4	Dual	208	Old Danville Highway Barn	27.7	-4	2025-09-05T12:00:01Z	1757073601
APS60132	2025-09-05T12:10:01Z	1757074201	15.89198142414861	Basal TC	CP+S	GP 1	Female	Yes	D-4	Dual	208	Old Danville Highway Barn	27.7	-4	2025-09-05T12:10:01Z	1757074201
APS60132	2025-09-05T12:20:01Z	1757074801	15.89198142414861	Basal TC	CP+S	GP 1	Female	Yes	D-4	Dual	208	Old Danville Highway Barn	27.7	-4	2025-09-05T12:20:01Z	1757074801
APS60132	2025-09-05T12:30:01Z	1757075401	15.89198142414861	Basal TC	CP+S	GP 1	Female	Yes	D-4	Dual	208	Old Danville Highway Barn	27.7	-4	2025-09-05T12:30:01Z	1757075401
APS60132	2025-09-05T12:40:01Z	1757076001	16.393839009287927	Basal TC	CP+S	GP 1	Female	Yes	D-4	Dual	208	Old Danville Highway Barn	27.7	-4	2025-09-05T12:40:01Z	1757076001
APS60132	2025-09-05T12:50:01Z	1757076601	17.899411764705885	Basal TC	CP+S	GP 1	Female	Yes	D-4	Dual	208	Old Danville Highway Barn	27.7	-4	2025-09-05T12:50:01Z	1757076601
APS60132	2025-09-05T13:00:01Z	1757077201	19.40498452012384	Basal TC	CP+S	GP 1	Female	Yes	D-4	Dual	208	Old Danville Highway Barn	27.7	-4	2025-09-05T13:00:01Z	1757077201
APS60132	2025-09-05T13:10:01Z	1757077801	21.914272445820437	Basal TC	CP+S	GP 1	Female	Yes	D-4	Dual	208	Old Danville Highway Barn	27.7	-4	2025-09-05T13:10:01Z	1757077801
APS60132	2025-09-05T13:20:01Z	1757078401	27.936563467492267	Basal TC	CP+S	GP 1	Female	Yes	D-4	Dual	208	Old Danville Highway Barn	27.7	-4	2025-09-05T13:20:01Z	1757078401
APS60132	2025-09-05T13:30:01Z	1757079001	31.4495665634675	Basal TC	CP+S	GP 1	Female	Yes	D-4	Dual	208	Old Danville Highway Barn	27.7	-4	2025-09-05T13:30:01Z	1757079001
APS60132	2025-09-05T13:40:01Z	1757079601	31.4495665634675	Basal TC	CP+S	GP 1	Female	Yes	D-4	Dual	208	Old Danville Highway Barn	27.7	-4	2025-09-05T13:40:01Z	1757079601
APS60132	2025-09-05T13:50:01Z	1757080201	33.95885448916409	Basal TC	CP+S	GP 1	Female	Yes	D-4	Dual	208	Old Danville Highway Barn	27.7	-4	2025-09-05T13:50:01Z	1757080201
APS60160	2025-09-04T14:00:01Z	1756994401	24.999538461538464	Basal TC	CP	GP 1	Female	Yes	D-4	Primary	202	Old Danville Highway Barn	16.6	-4	2025-09-04T14:00:01Z	1756994401
APS60160	2025-09-04T14:10:01Z	1756995001	24.500769230769233	Basal TC	CP	GP 1	Female	Yes	D-4	Primary	202	Old Danville Highway Barn	16.6	-4	2025-09-04T14:10:01Z	1756995001
APS60160	2025-09-04T14:20:01Z	1756995601	23.503230769230772	Basal TC	CP	GP 1	Female	Yes	D-4	Primary	202	Old Danville Highway Barn	16.6	-4	2025-09-04T14:20:01Z	1756995601
APS60160	2025-09-04T14:30:01Z	1756996201	23.004461538461538	Basal TC	CP	GP 1	Female	Yes	D-4	Primary	202	Old Danville Highway Barn	16.6	-4	2025-09-04T14:30:01Z	1756996201
APS60160	2025-09-04T14:40:01Z	1756996801	26.495846153846156	Basal TC	CP	GP 1	Female	Yes	D-4	Primary	202	Old Danville Highway Barn	16.6	-4	2025-09-04T14:40:01Z	1756996801
APS60160	2025-09-04T14:50:01Z	1756997401	26.994615384615386	Basal TC	CP	GP 1	Female	Yes	D-4	Primary	202	Old Danville Highway Barn	16.6	-4	2025-09-04T14:50:01Z	1756997401
APS60160	2025-09-04T15:00:01Z	1756998001	25.997076923076925	Basal TC	CP	GP 1	Female	Yes	D-4	Primary	202	Old Danville Highway Barn	16.6	-4	2025-09-04T15:00:01Z	1756998001
APS60160	2025-09-04T15:10:01Z	1756998601	25.498307692307694	Basal TC	CP	GP 1	Female	Yes	D-4	Primary	202	Old Danville Highway Barn	16.6	-4	2025-09-04T15:10:01Z	1756998601
APS60160	2025-09-04T15:20:01Z	1756999201	24.999538461538464	Basal TC	CP	GP 1	Female	Yes	D-4	Primary	202	Old Danville Highway Barn	16.6	-4	2025-09-04T15:20:01Z	1756999201
APS60160	2025-09-04T15:30:01Z	1756999801	24.002000000000002	Basal TC	CP	GP 1	Female	Yes	D-4	Primary	202	Old Danville Highway Barn	16.6	-4	2025-09-04T15:30:01Z	1756999801
APS60160	2025-09-04T15:40:01Z	1757000401	27.493384615384617	Basal TC	CP	GP 1	Female	Yes	D-4	Primary	202	Old Danville Highway Barn	16.6	-4	2025-09-04T15:40:01Z	1757000401
APS60160	2025-09-04T15:50:01Z	1757001001	27.992153846153847	Basal TC	CP	GP 1	Female	Yes	D-4	Primary	202	Old Danville Highway Barn	16.6	-4	2025-09-04T15:50:01Z	1757001001
APS60160	2025-09-04T16:00:01Z	1757001601	27.992153846153847	Basal TC	CP	GP 1	Female	Yes	D-4	Primary	202	Old Danville Highway Barn	16.6	-4	2025-09-04T16:00:01Z	1757001601
APS60160	2025-09-04T16:10:01Z	1757002201	26.495846153846156	Basal TC	CP	GP 1	Female	Yes	D-4	Primary	202	Old Danville Highway Barn	16.6	-4	2025-09-04T16:10:01Z	1757002201
APS60160	2025-09-04T16:20:01Z	1757002801	26.495846153846156	Basal TC	CP	GP 1	Female	Yes	D-4	Primary	202	Old Danville Highway Barn	16.6	-4	2025-09-04T16:20:01Z	1757002801
APS60160	2025-09-04T16:30:01Z	1757003401	30.486000000000004	Basal TC	CP	GP 1	Female	Yes	D-4	Primary	202	Old Danville Highway Barn	16.6	-4	2025-09-04T16:30:01Z	1757003401
APS60160	2025-09-04T16:40:01Z	1757004001	29.48846153846154	Basal TC	CP	GP 1	Female	Yes	D-4	Primary	202	Old Danville Highway Barn	16.6	-4	2025-09-04T16:40:01Z	1757004001
APS60160	2025-09-04T16:50:01Z	1757004601	27.992153846153847	Basal TC	CP	GP 1	Female	Yes	D-4	Primary	202	Old Danville Highway Barn	16.6	-4	2025-09-04T16:50:01Z	1757004601
APS60160	2025-09-04T17:00:01Z	1757005201	27.992153846153847	Basal TC	CP	GP 1	Female	Yes	D-4	Primary	202	Old Danville Highway Barn	16.6	-4	2025-09-04T17:00:01Z	1757005201
APS60160	2025-09-04T17:10:01Z	1757005801	27.992153846153847	Basal TC	CP	GP 1	Female	Yes	D-4	Primary	202	Old Danville Highway Barn	16.6	-4	2025-09-04T17:10:01Z	1757005801
APS60160	2025-09-04T17:20:01Z	1757006401	24.999538461538464	Basal TC	CP	GP 1	Female	Yes	D-4	Primary	202	Old Danville Highway Barn	16.6	-4	2025-09-04T17:20:01Z	1757006401
APS60160	2025-09-04T17:30:01Z	1757007001	24.999538461538464	Basal TC	CP	GP 1	Female	Yes	D-4	Primary	202	Old Danville Highway Barn	16.6	-4	2025-09-04T17:30:01Z	1757007001
APS60160	2025-09-04T17:40:01Z	1757007601	24.999538461538464	Basal TC	CP	GP 1	Female	Yes	D-4	Primary	202	Old Danville Highway Barn	16.6	-4	2025-09-04T17:40:01Z	1757007601
APS60160	2025-09-04T17:50:01Z	1757008201	24.500769230769233	Basal TC	CP	GP 1	Female	Yes	D-4	Primary	202	Old Danville Highway Barn	16.6	-4	2025-09-04T17:50:01Z	1757008201
APS60160	2025-09-04T18:00:01Z	1757008801	24.500769230769233	Basal TC	CP	GP 1	Female	Yes	D-4	Primary	202	Old Danville Highway Barn	16.6	-4	2025-09-04T18:00:01Z	1757008801
APS60160	2025-09-04T18:10:01Z	1757009401	24.500769230769233	Basal TC	CP	GP 1	Female	Yes	D-4	Primary	202	Old Danville Highway Barn	16.6	-4	2025-09-04T18:10:01Z	1757009401
APS60160	2025-09-04T18:20:01Z	1757010001	24.002000000000002	Basal TC	CP	GP 1	Female	Yes	D-4	Primary	202	Old Danville Highway Barn	16.6	-4	2025-09-04T18:20:01Z	1757010001
APS60160	2025-09-04T18:30:01Z	1757010601	23.503230769230772	Basal TC	CP	GP 1	Female	Yes	D-4	Primary	202	Old Danville Highway Barn	16.6	-4	2025-09-04T18:30:01Z	1757010601
APS60160	2025-09-04T18:40:01Z	1757011201	23.503230769230772	Basal TC	CP	GP 1	Female	Yes	D-4	Primary	202	Old Danville Highway Barn	16.6	-4	2025-09-04T18:40:01Z	1757011201
APS60160	2025-09-04T18:50:01Z	1757011801	23.004461538461538	Basal TC	CP	GP 1	Female	Yes	D-4	Primary	202	Old Danville Highway Barn	16.6	-4	2025-09-04T18:50:01Z	1757011801
APS60160	2025-09-04T19:00:01Z	1757012401	23.503230769230772	Basal TC	CP	GP 1	Female	Yes	D-4	Primary	202	Old Danville Highway Barn	16.6	-4	2025-09-04T19:00:01Z	1757012401
APS60160	2025-09-04T19:10:01Z	1757013001	27.992153846153847	Basal TC	CP	GP 1	Female	Yes	D-4	Primary	202	Old Danville Highway Barn	16.6	-4	2025-09-04T19:10:01Z	1757013001
APS60160	2025-09-04T19:20:01Z	1757013601	29.98723076923077	Basal TC	CP	GP 1	Female	Yes	D-4	Primary	202	Old Danville Highway Barn	16.6	-4	2025-09-04T19:20:01Z	1757013601
APS60160	2025-09-04T19:30:01Z	1757014201	28.490923076923078	Basal TC	CP	GP 1	Female	Yes	D-4	Primary	202	Old Danville Highway Barn	16.6	-4	2025-09-04T19:30:01Z	1757014201
APS60160	2025-09-04T19:40:01Z	1757014801	27.493384615384617	Basal TC	CP	GP 1	Female	Yes	D-4	Primary	202	Old Danville Highway Barn	16.6	-4	2025-09-04T19:40:01Z	1757014801
APS60160	2025-09-04T19:50:01Z	1757015401	29.98723076923077	Basal TC	CP	GP 1	Female	Yes	D-4	Primary	202	Old Danville Highway Barn	16.6	-4	2025-09-04T19:50:01Z	1757015401
APS60160	2025-09-04T20:00:01Z	1757016001	30.98476923076923	Basal TC	CP	GP 1	Female	Yes	D-4	Primary	202	Old Danville Highway Barn	16.6	-4	2025-09-04T20:00:01Z	1757016001
APS60160	2025-09-04T20:10:01Z	1757016601	30.98476923076923	Basal TC	CP	GP 1	Female	Yes	D-4	Primary	202	Old Danville Highway Barn	16.6	-4	2025-09-04T20:10:01Z	1757016601
APS60160	2025-09-04T20:20:01Z	1757017201	31.483538461538462	Basal TC	CP	GP 1	Female	Yes	D-4	Primary	202	Old Danville Highway Barn	16.6	-4	2025-09-04T20:20:01Z	1757017201
APS60160	2025-09-04T20:30:01Z	1757017801	31.483538461538462	Basal TC	CP	GP 1	Female	Yes	D-4	Primary	202	Old Danville Highway Barn	16.6	-4	2025-09-04T20:30:01Z	1757017801
APS60160	2025-09-04T20:40:01Z	1757018401	30.98476923076923	Basal TC	CP	GP 1	Female	Yes	D-4	Primary	202	Old Danville Highway Barn	16.6	-4	2025-09-04T20:40:01Z	1757018401
APS60160	2025-09-04T20:50:01Z	1757019001	30.486000000000004	Basal TC	CP	GP 1	Female	Yes	D-4	Primary	202	Old Danville Highway Barn	16.6	-4	2025-09-04T20:50:01Z	1757019001
APS60160	2025-09-04T21:00:01Z	1757019601	28.989692307692312	Basal TC	CP	GP 1	Female	Yes	D-4	Primary	202	Old Danville Highway Barn	16.6	-4	2025-09-04T21:00:01Z	1757019601
APS60160	2025-09-04T21:10:01Z	1757020201	27.992153846153847	Basal TC	CP	GP 1	Female	Yes	D-4	Primary	202	Old Danville Highway Barn	16.6	-4	2025-09-04T21:10:01Z	1757020201
APS60160	2025-09-04T21:20:01Z	1757020801	22.50569230769231	Basal TC	CP	GP 1	Female	Yes	D-4	Primary	202	Old Danville Highway Barn	16.6	-4	2025-09-04T21:20:01Z	1757020801
APS60160	2025-09-04T21:30:01Z	1757021401	21.00938461538462	Basal TC	CP	GP 1	Female	Yes	D-4	Primary	202	Old Danville Highway Barn	16.6	-4	2025-09-04T21:30:01Z	1757021401
APS60160	2025-09-04T21:40:01Z	1757022001	22.50569230769231	Basal TC	CP	GP 1	Female	Yes	D-4	Primary	202	Old Danville Highway Barn	16.6	-4	2025-09-04T21:40:01Z	1757022001
APS60160	2025-09-04T21:50:01Z	1757022601	25.997076923076925	Basal TC	CP	GP 1	Female	Yes	D-4	Primary	202	Old Danville Highway Barn	16.6	-4	2025-09-04T21:50:01Z	1757022601
APS60160	2025-09-04T22:00:01Z	1757023201	25.498307692307694	Basal TC	CP	GP 1	Female	Yes	D-4	Primary	202	Old Danville Highway Barn	16.6	-4	2025-09-04T22:00:01Z	1757023201
APS60160	2025-09-04T22:10:01Z	1757023801	24.002000000000002	Basal TC	CP	GP 1	Female	Yes	D-4	Primary	202	Old Danville Highway Barn	16.6	-4	2025-09-04T22:10:01Z	1757023801
APS60160	2025-09-04T22:20:01Z	1757024401	18.515538461538462	Basal TC	CP	GP 1	Female	Yes	D-4	Primary	202	Old Danville Highway Barn	16.6	-4	2025-09-04T22:20:01Z	1757024401
APS60160	2025-09-04T22:30:01Z	1757025001	21.00938461538462	Basal TC	CP	GP 1	Female	Yes	D-4	Primary	202	Old Danville Highway Barn	16.6	-4	2025-09-04T22:30:01Z	1757025001
APS60160	2025-09-04T22:40:01Z	1757025601	21.508153846153846	Basal TC	CP	GP 1	Female	Yes	D-4	Primary	202	Old Danville Highway Barn	16.6	-4	2025-09-04T22:40:01Z	1757025601
APS60160	2025-09-04T22:50:01Z	1757026201	18.01676923076923	Basal TC	CP	GP 1	Female	Yes	D-4	Primary	202	Old Danville Highway Barn	16.6	-4	2025-09-04T22:50:01Z	1757026201
APS60160	2025-09-04T23:00:01Z	1757026801	17.01923076923077	Basal TC	CP	GP 1	Female	Yes	D-4	Primary	202	Old Danville Highway Barn	16.6	-4	2025-09-04T23:00:01Z	1757026801
APS60160	2025-09-04T23:10:01Z	1757027401	17.01923076923077	Basal TC	CP	GP 1	Female	Yes	D-4	Primary	202	Old Danville Highway Barn	16.6	-4	2025-09-04T23:10:01Z	1757027401
APS60160	2025-09-04T23:20:01Z	1757028001	18.01676923076923	Basal TC	CP	GP 1	Female	Yes	D-4	Primary	202	Old Danville Highway Barn	16.6	-4	2025-09-04T23:20:01Z	1757028001
APS60160	2025-09-04T23:30:01Z	1757028601	18.515538461538462	Basal TC	CP	GP 1	Female	Yes	D-4	Primary	202	Old Danville Highway Barn	16.6	-4	2025-09-04T23:30:01Z	1757028601
APS60160	2025-09-04T23:40:01Z	1757029201	18.515538461538462	Basal TC	CP	GP 1	Female	Yes	D-4	Primary	202	Old Danville Highway Barn	16.6	-4	2025-09-04T23:40:01Z	1757029201
APS60160	2025-09-04T23:50:01Z	1757029801	18.515538461538462	Basal TC	CP	GP 1	Female	Yes	D-4	Primary	202	Old Danville Highway Barn	16.6	-4	2025-09-04T23:50:01Z	1757029801
APS60160	2025-09-05T00:00:01Z	1757030401	21.00938461538462	Basal TC	CP	GP 1	Female	Yes	D-4	Primary	202	Old Danville Highway Barn	16.6	-4	2025-09-05T00:00:01Z	1757030401
APS60160	2025-09-05T00:10:01Z	1757031001	20.510615384615384	Basal TC	CP	GP 1	Female	Yes	D-4	Primary	202	Old Danville Highway Barn	16.6	-4	2025-09-05T00:10:01Z	1757031001
APS60160	2025-09-05T00:20:01Z	1757031601	19.014307692307693	Basal TC	CP	GP 1	Female	Yes	D-4	Primary	202	Old Danville Highway Barn	16.6	-4	2025-09-05T00:20:01Z	1757031601
APS60160	2025-09-05T00:30:01Z	1757032201	19.014307692307693	Basal TC	CP	GP 1	Female	Yes	D-4	Primary	202	Old Danville Highway Barn	16.6	-4	2025-09-05T00:30:01Z	1757032201
APS60160	2025-09-05T00:40:01Z	1757032801	18.01676923076923	Basal TC	CP	GP 1	Female	Yes	D-4	Primary	202	Old Danville Highway Barn	16.6	-4	2025-09-05T00:40:01Z	1757032801
APS60160	2025-09-05T00:50:01Z	1757033401	18.515538461538462	Basal TC	CP	GP 1	Female	Yes	D-4	Primary	202	Old Danville Highway Barn	16.6	-4	2025-09-05T00:50:01Z	1757033401
APS60160	2025-09-05T01:00:01Z	1757034001	19.014307692307693	Basal TC	CP	GP 1	Female	Yes	D-4	Primary	202	Old Danville Highway Barn	16.6	-4	2025-09-05T01:00:01Z	1757034001
APS60160	2025-09-05T01:10:01Z	1757034601	19.014307692307693	Basal TC	CP	GP 1	Female	Yes	D-4	Primary	202	Old Danville Highway Barn	16.6	-4	2025-09-05T01:10:01Z	1757034601
APS60160	2025-09-05T01:20:01Z	1757035201	19.513076923076923	Basal TC	CP	GP 1	Female	Yes	D-4	Primary	202	Old Danville Highway Barn	16.6	-4	2025-09-05T01:20:01Z	1757035201
APS60160	2025-09-05T01:30:01Z	1757035801	18.515538461538462	Basal TC	CP	GP 1	Female	Yes	D-4	Primary	202	Old Danville Highway Barn	16.6	-4	2025-09-05T01:30:01Z	1757035801
APS60160	2025-09-05T01:40:01Z	1757036401	18.515538461538462	Basal TC	CP	GP 1	Female	Yes	D-4	Primary	202	Old Danville Highway Barn	16.6	-4	2025-09-05T01:40:01Z	1757036401
APS60160	2025-09-05T01:50:01Z	1757037001	18.01676923076923	Basal TC	CP	GP 1	Female	Yes	D-4	Primary	202	Old Danville Highway Barn	16.6	-4	2025-09-05T01:50:01Z	1757037001
APS60160	2025-09-05T02:00:01Z	1757037601	17.518	Basal TC	CP	GP 1	Female	Yes	D-4	Primary	202	Old Danville Highway Barn	16.6	-4	2025-09-05T02:00:01Z	1757037601
APS60160	2025-09-05T02:10:01Z	1757038201	17.518	Basal TC	CP	GP 1	Female	Yes	D-4	Primary	202	Old Danville Highway Barn	16.6	-4	2025-09-05T02:10:01Z	1757038201
APS60160	2025-09-05T02:20:01Z	1757038801	18.01676923076923	Basal TC	CP	GP 1	Female	Yes	D-4	Primary	202	Old Danville Highway Barn	16.6	-4	2025-09-05T02:20:01Z	1757038801
APS60160	2025-09-05T02:30:01Z	1757039401	18.01676923076923	Basal TC	CP	GP 1	Female	Yes	D-4	Primary	202	Old Danville Highway Barn	16.6	-4	2025-09-05T02:30:01Z	1757039401
APS60160	2025-09-05T02:40:01Z	1757040001	18.515538461538462	Basal TC	CP	GP 1	Female	Yes	D-4	Primary	202	Old Danville Highway Barn	16.6	-4	2025-09-05T02:40:01Z	1757040001
APS60160	2025-09-05T02:50:01Z	1757040601	18.01676923076923	Basal TC	CP	GP 1	Female	Yes	D-4	Primary	202	Old Danville Highway Barn	16.6	-4	2025-09-05T02:50:01Z	1757040601
APS60160	2025-09-05T03:00:01Z	1757041201	17.518	Basal TC	CP	GP 1	Female	Yes	D-4	Primary	202	Old Danville Highway Barn	16.6	-4	2025-09-05T03:00:01Z	1757041201
APS60160	2025-09-05T03:10:01Z	1757041801	17.518	Basal TC	CP	GP 1	Female	Yes	D-4	Primary	202	Old Danville Highway Barn	16.6	-4	2025-09-05T03:10:01Z	1757041801
APS60160	2025-09-05T03:20:01Z	1757042401	17.518	Basal TC	CP	GP 1	Female	Yes	D-4	Primary	202	Old Danville Highway Barn	16.6	-4	2025-09-05T03:20:01Z	1757042401
APS60160	2025-09-05T03:30:01Z	1757043001	17.01923076923077	Basal TC	CP	GP 1	Female	Yes	D-4	Primary	202	Old Danville Highway Barn	16.6	-4	2025-09-05T03:30:01Z	1757043001
APS60160	2025-09-05T03:40:01Z	1757043601	16.52046153846154	Basal TC	CP	GP 1	Female	Yes	D-4	Primary	202	Old Danville Highway Barn	16.6	-4	2025-09-05T03:40:01Z	1757043601
APS60160	2025-09-05T03:50:01Z	1757044201	16.52046153846154	Basal TC	CP	GP 1	Female	Yes	D-4	Primary	202	Old Danville Highway Barn	16.6	-4	2025-09-05T03:50:01Z	1757044201
APS60160	2025-09-05T04:00:01Z	1757044801	16.02169230769231	Basal TC	CP	GP 1	Female	Yes	D-4	Primary	202	Old Danville Highway Barn	16.6	-4	2025-09-05T04:00:01Z	1757044801
APS60160	2025-09-05T04:10:01Z	1757045401	16.02169230769231	Basal TC	CP	GP 1	Female	Yes	D-4	Primary	202	Old Danville Highway Barn	16.6	-4	2025-09-05T04:10:01Z	1757045401
APS60160	2025-09-05T04:20:01Z	1757046001	16.02169230769231	Basal TC	CP	GP 1	Female	Yes	D-4	Primary	202	Old Danville Highway Barn	16.6	-4	2025-09-05T04:20:01Z	1757046001
APS60160	2025-09-05T04:30:01Z	1757046601	15.522923076923078	Basal TC	CP	GP 1	Female	Yes	D-4	Primary	202	Old Danville Highway Barn	16.6	-4	2025-09-05T04:30:01Z	1757046601
APS60160	2025-09-05T04:40:01Z	1757047201	15.522923076923078	Basal TC	CP	GP 1	Female	Yes	D-4	Primary	202	Old Danville Highway Barn	16.6	-4	2025-09-05T04:40:01Z	1757047201
APS60160	2025-09-05T04:50:01Z	1757047801	15.522923076923078	Basal TC	CP	GP 1	Female	Yes	D-4	Primary	202	Old Danville Highway Barn	16.6	-4	2025-09-05T04:50:01Z	1757047801
APS60160	2025-09-05T05:00:01Z	1757048401	15.522923076923078	Basal TC	CP	GP 1	Female	Yes	D-4	Primary	202	Old Danville Highway Barn	16.6	-4	2025-09-05T05:00:01Z	1757048401
APS60160	2025-09-05T05:10:01Z	1757049001	15.024153846153848	Basal TC	CP	GP 1	Female	Yes	D-4	Primary	202	Old Danville Highway Barn	16.6	-4	2025-09-05T05:10:01Z	1757049001
APS60160	2025-09-05T05:20:01Z	1757049601	15.024153846153848	Basal TC	CP	GP 1	Female	Yes	D-4	Primary	202	Old Danville Highway Barn	16.6	-4	2025-09-05T05:20:01Z	1757049601
APS60160	2025-09-05T05:30:01Z	1757050201	15.024153846153848	Basal TC	CP	GP 1	Female	Yes	D-4	Primary	202	Old Danville Highway Barn	16.6	-4	2025-09-05T05:30:01Z	1757050201
APS60160	2025-09-05T05:40:01Z	1757050801	15.024153846153848	Basal TC	CP	GP 1	Female	Yes	D-4	Primary	202	Old Danville Highway Barn	16.6	-4	2025-09-05T05:40:01Z	1757050801
APS60160	2025-09-05T05:50:01Z	1757051401	15.024153846153848	Basal TC	CP	GP 1	Female	Yes	D-4	Primary	202	Old Danville Highway Barn	16.6	-4	2025-09-05T05:50:01Z	1757051401
APS60160	2025-09-05T06:00:01Z	1757052001	15.024153846153848	Basal TC	CP	GP 1	Female	Yes	D-4	Primary	202	Old Danville Highway Barn	16.6	-4	2025-09-05T06:00:01Z	1757052001
APS60160	2025-09-05T06:10:01Z	1757052601	15.024153846153848	Basal TC	CP	GP 1	Female	Yes	D-4	Primary	202	Old Danville Highway Barn	16.6	-4	2025-09-05T06:10:01Z	1757052601
APS60160	2025-09-05T06:20:01Z	1757053201	15.024153846153848	Basal TC	CP	GP 1	Female	Yes	D-4	Primary	202	Old Danville Highway Barn	16.6	-4	2025-09-05T06:20:01Z	1757053201
APS60160	2025-09-05T06:30:01Z	1757053801	15.024153846153848	Basal TC	CP	GP 1	Female	Yes	D-4	Primary	202	Old Danville Highway Barn	16.6	-4	2025-09-05T06:30:01Z	1757053801
APS60160	2025-09-05T06:40:01Z	1757054401	15.024153846153848	Basal TC	CP	GP 1	Female	Yes	D-4	Primary	202	Old Danville Highway Barn	16.6	-4	2025-09-05T06:40:01Z	1757054401
APS60160	2025-09-05T06:50:01Z	1757055001	15.024153846153848	Basal TC	CP	GP 1	Female	Yes	D-4	Primary	202	Old Danville Highway Barn	16.6	-4	2025-09-05T06:50:01Z	1757055001
APS60160	2025-09-05T07:00:01Z	1757055601	15.024153846153848	Basal TC	CP	GP 1	Female	Yes	D-4	Primary	202	Old Danville Highway Barn	16.6	-4	2025-09-05T07:00:01Z	1757055601
APS60160	2025-09-05T07:10:01Z	1757056201	15.024153846153848	Basal TC	CP	GP 1	Female	Yes	D-4	Primary	202	Old Danville Highway Barn	16.6	-4	2025-09-05T07:10:01Z	1757056201
APS60160	2025-09-05T07:20:01Z	1757056801	15.024153846153848	Basal TC	CP	GP 1	Female	Yes	D-4	Primary	202	Old Danville Highway Barn	16.6	-4	2025-09-05T07:20:01Z	1757056801
APS60160	2025-09-05T07:30:01Z	1757057401	15.024153846153848	Basal TC	CP	GP 1	Female	Yes	D-4	Primary	202	Old Danville Highway Barn	16.6	-4	2025-09-05T07:30:01Z	1757057401
APS60160	2025-09-05T07:40:01Z	1757058001	15.024153846153848	Basal TC	CP	GP 1	Female	Yes	D-4	Primary	202	Old Danville Highway Barn	16.6	-4	2025-09-05T07:40:01Z	1757058001
APS60160	2025-09-05T07:50:01Z	1757058601	15.024153846153848	Basal TC	CP	GP 1	Female	Yes	D-4	Primary	202	Old Danville Highway Barn	16.6	-4	2025-09-05T07:50:01Z	1757058601
APS60160	2025-09-05T08:00:01Z	1757059201	15.024153846153848	Basal TC	CP	GP 1	Female	Yes	D-4	Primary	202	Old Danville Highway Barn	16.6	-4	2025-09-05T08:00:01Z	1757059201
APS60160	2025-09-05T08:10:01Z	1757059801	15.024153846153848	Basal TC	CP	GP 1	Female	Yes	D-4	Primary	202	Old Danville Highway Barn	16.6	-4	2025-09-05T08:10:01Z	1757059801
APS60160	2025-09-05T08:20:01Z	1757060401	15.024153846153848	Basal TC	CP	GP 1	Female	Yes	D-4	Primary	202	Old Danville Highway Barn	16.6	-4	2025-09-05T08:20:01Z	1757060401
APS60160	2025-09-05T08:30:01Z	1757061001	15.024153846153848	Basal TC	CP	GP 1	Female	Yes	D-4	Primary	202	Old Danville Highway Barn	16.6	-4	2025-09-05T08:30:01Z	1757061001
APS60160	2025-09-05T08:40:01Z	1757061601	15.024153846153848	Basal TC	CP	GP 1	Female	Yes	D-4	Primary	202	Old Danville Highway Barn	16.6	-4	2025-09-05T08:40:01Z	1757061601
APS60160	2025-09-05T08:50:01Z	1757062201	15.024153846153848	Basal TC	CP	GP 1	Female	Yes	D-4	Primary	202	Old Danville Highway Barn	16.6	-4	2025-09-05T08:50:01Z	1757062201
APS60160	2025-09-05T09:00:01Z	1757062801	15.024153846153848	Basal TC	CP	GP 1	Female	Yes	D-4	Primary	202	Old Danville Highway Barn	16.6	-4	2025-09-05T09:00:01Z	1757062801
APS60160	2025-09-05T09:10:01Z	1757063401	15.024153846153848	Basal TC	CP	GP 1	Female	Yes	D-4	Primary	202	Old Danville Highway Barn	16.6	-4	2025-09-05T09:10:01Z	1757063401
APS60160	2025-09-05T09:20:01Z	1757064001	15.024153846153848	Basal TC	CP	GP 1	Female	Yes	D-4	Primary	202	Old Danville Highway Barn	16.6	-4	2025-09-05T09:20:01Z	1757064001
APS60160	2025-09-05T09:30:01Z	1757064601	15.024153846153848	Basal TC	CP	GP 1	Female	Yes	D-4	Primary	202	Old Danville Highway Barn	16.6	-4	2025-09-05T09:30:01Z	1757064601
APS60160	2025-09-05T09:40:01Z	1757065201	15.024153846153848	Basal TC	CP	GP 1	Female	Yes	D-4	Primary	202	Old Danville Highway Barn	16.6	-4	2025-09-05T09:40:01Z	1757065201
APS60160	2025-09-05T09:50:01Z	1757065801	15.024153846153848	Basal TC	CP	GP 1	Female	Yes	D-4	Primary	202	Old Danville Highway Barn	16.6	-4	2025-09-05T09:50:01Z	1757065801
APS60160	2025-09-05T10:00:01Z	1757066401	15.024153846153848	Basal TC	CP	GP 1	Female	Yes	D-4	Primary	202	Old Danville Highway Barn	16.6	-4	2025-09-05T10:00:01Z	1757066401
APS60160	2025-09-05T10:10:01Z	1757067001	15.024153846153848	Basal TC	CP	GP 1	Female	Yes	D-4	Primary	202	Old Danville Highway Barn	16.6	-4	2025-09-05T10:10:01Z	1757067001
APS60160	2025-09-05T10:20:01Z	1757067601	15.024153846153848	Basal TC	CP	GP 1	Female	Yes	D-4	Primary	202	Old Danville Highway Barn	16.6	-4	2025-09-05T10:20:01Z	1757067601
APS60160	2025-09-05T10:30:01Z	1757068201	15.522923076923078	Basal TC	CP	GP 1	Female	Yes	D-4	Primary	202	Old Danville Highway Barn	16.6	-4	2025-09-05T10:30:01Z	1757068201
APS60160	2025-09-05T10:40:01Z	1757068801	16.02169230769231	Basal TC	CP	GP 1	Female	Yes	D-4	Primary	202	Old Danville Highway Barn	16.6	-4	2025-09-05T10:40:01Z	1757068801
APS60160	2025-09-05T10:50:01Z	1757069401	17.01923076923077	Basal TC	CP	GP 1	Female	Yes	D-4	Primary	202	Old Danville Highway Barn	16.6	-4	2025-09-05T10:50:01Z	1757069401
APS60160	2025-09-05T11:00:01Z	1757070001	17.01923076923077	Basal TC	CP	GP 1	Female	Yes	D-4	Primary	202	Old Danville Highway Barn	16.6	-4	2025-09-05T11:00:01Z	1757070001
APS60160	2025-09-05T11:10:01Z	1757070601	18.515538461538462	Basal TC	CP	GP 1	Female	Yes	D-4	Primary	202	Old Danville Highway Barn	16.6	-4	2025-09-05T11:10:01Z	1757070601
APS60160	2025-09-05T11:20:01Z	1757071201	19.014307692307693	Basal TC	CP	GP 1	Female	Yes	D-4	Primary	202	Old Danville Highway Barn	16.6	-4	2025-09-05T11:20:01Z	1757071201
APS60160	2025-09-05T11:30:01Z	1757071801	20.011846153846154	Basal TC	CP	GP 1	Female	Yes	D-4	Primary	202	Old Danville Highway Barn	16.6	-4	2025-09-05T11:30:01Z	1757071801
APS60160	2025-09-05T11:40:01Z	1757072401	20.011846153846154	Basal TC	CP	GP 1	Female	Yes	D-4	Primary	202	Old Danville Highway Barn	16.6	-4	2025-09-05T11:40:01Z	1757072401
APS60160	2025-09-05T11:50:01Z	1757073001	21.00938461538462	Basal TC	CP	GP 1	Female	Yes	D-4	Primary	202	Old Danville Highway Barn	16.6	-4	2025-09-05T11:50:01Z	1757073001
APS60160	2025-09-05T12:00:01Z	1757073601	18.515538461538462	Basal TC	CP	GP 1	Female	Yes	D-4	Primary	202	Old Danville Highway Barn	16.6	-4	2025-09-05T12:00:01Z	1757073601
APS60160	2025-09-05T12:10:01Z	1757074201	19.014307692307693	Basal TC	CP	GP 1	Female	Yes	D-4	Primary	202	Old Danville Highway Barn	16.6	-4	2025-09-05T12:10:01Z	1757074201
APS60160	2025-09-05T12:20:01Z	1757074801	18.515538461538462	Basal TC	CP	GP 1	Female	Yes	D-4	Primary	202	Old Danville Highway Barn	16.6	-4	2025-09-05T12:20:01Z	1757074801
APS60160	2025-09-05T12:30:01Z	1757075401	18.515538461538462	Basal TC	CP	GP 1	Female	Yes	D-4	Primary	202	Old Danville Highway Barn	16.6	-4	2025-09-05T12:30:01Z	1757075401
APS60160	2025-09-05T12:40:01Z	1757076001	18.01676923076923	Basal TC	CP	GP 1	Female	Yes	D-4	Primary	202	Old Danville Highway Barn	16.6	-4	2025-09-05T12:40:01Z	1757076001
APS60160	2025-09-05T12:50:01Z	1757076601	18.01676923076923	Basal TC	CP	GP 1	Female	Yes	D-4	Primary	202	Old Danville Highway Barn	16.6	-4	2025-09-05T12:50:01Z	1757076601
APS60160	2025-09-05T13:00:01Z	1757077201	18.01676923076923	Basal TC	CP	GP 1	Female	Yes	D-4	Primary	202	Old Danville Highway Barn	16.6	-4	2025-09-05T13:00:01Z	1757077201
APS60160	2025-09-05T13:10:01Z	1757077801	18.515538461538462	Basal TC	CP	GP 1	Female	Yes	D-4	Primary	202	Old Danville Highway Barn	16.6	-4	2025-09-05T13:10:01Z	1757077801
APS60160	2025-09-05T13:20:01Z	1757078401	18.01676923076923	Basal TC	CP	GP 1	Female	Yes	D-4	Primary	202	Old Danville Highway Barn	16.6	-4	2025-09-05T13:20:01Z	1757078401
APS60160	2025-09-05T13:30:01Z	1757079001	18.515538461538462	Basal TC	CP	GP 1	Female	Yes	D-4	Primary	202	Old Danville Highway Barn	16.6	-4	2025-09-05T13:30:01Z	1757079001
APS60160	2025-09-05T13:40:01Z	1757079601	19.014307692307693	Basal TC	CP	GP 1	Female	Yes	D-4	Primary	202	Old Danville Highway Barn	16.6	-4	2025-09-05T13:40:01Z	1757079601
APS60160	2025-09-05T13:50:01Z	1757080201	19.513076923076923	Basal TC	CP	GP 1	Female	Yes	D-4	Primary	202	Old Danville Highway Barn	16.6	-4	2025-09-05T13:50:01Z	1757080201
