DateTime,Unit,Temperature
5/16/2025 14:40,C,32.087
5/16/2025 14:50,C,29.091
5/16/2025 15:00,C,28.592
5/16/2025 15:10,C,28.592
5/16/2025 15:20,C,28.592
5/16/2025 15:30,C,28.592
5/16/2025 15:40,C,29.091
5/16/2025 15:50,C,29.091
5/16/2025 16:00,C,29.091
5/16/2025 16:10,C,29.591
5/16/2025 16:20,C,28.592
5/16/2025 16:30,C,29.091
5/16/2025 16:40,C,29.091
5/16/2025 16:50,C,28.592
5/16/2025 17:00,C,28.592
5/16/2025 17:10,C,28.592
5/16/2025 17:20,C,29.091
5/16/2025 17:30,C,28.592
5/16/2025 17:40,C,28.592
5/16/2025 17:50,C,28.092
5/16/2025 18:00,C,28.092
5/16/2025 18:10,C,27.593
5/16/2025 18:20,C,27.593
5/16/2025 18:30,C,27.093
5/16/2025 18:40,C,26.593
5/16/2025 18:50,C,26.094
5/16/2025 19:00,C,25.594
5/16/2025 19:10,C,25.594
5/16/2025 19:20,C,25.594
5/16/2025 19:30,C,25.094
5/16/2025 19:40,C,25.094
5/16/2025 19:50,C,24.594
5/16/2025 20:00,C,24.594
5/16/2025 20:10,C,25.094
5/16/2025 20:20,C,24.594
5/16/2025 20:30,C,24.594
5/16/2025 20:40,C,24.594
5/16/2025 20:50,C,24.094
5/16/2025 21:00,C,24.094
5/16/2025 21:10,C,24.094
5/16/2025 21:20,C,24.094
5/16/2025 21:30,C,24.094
5/16/2025 21:40,C,23.594
5/16/2025 21:50,C,23.594
5/16/2025 22:00,C,23.594
5/16/2025 22:10,C,23.594
5/16/2025 22:20,C,23.594
5/16/2025 22:30,C,23.594
5/16/2025 22:40,C,23.093
5/16/2025 22:50,C,23.093
5/16/2025 23:00,C,23.093
5/16/2025 23:10,C,23.093
5/16/2025 23:20,C,23.093
5/16/2025 23:30,C,22.593
5/16/2025 23:40,C,22.593
5/16/2025 23:50,C,22.593
5/17/2025 0:00,C,22.593
5/17/2025 0:10,C,22.093
5/17/2025 0:20,C,22.593
5/17/2025 0:30,C,22.593
5/17/2025 0:40,C,22.593
5/17/2025 0:50,C,22.593
5/17/2025 1:00,C,22.093
5/17/2025 1:10,C,21.592
5/17/2025 1:20,C,21.592
5/17/2025 1:30,C,21.592
5/17/2025 1:40,C,21.592
5/17/2025 1:50,C,21.592
5/17/2025 2:00,C,21.592
5/17/2025 2:10,C,21.592
5/17/2025 2:20,C,21.092
5/17/2025 2:30,C,21.092
5/17/2025 2:40,C,21.092
5/17/2025 2:50,C,21.092
5/17/2025 3:00,C,21.092
5/17/2025 3:10,C,21.092
5/17/2025 3:20,C,21.092
5/17/2025 3:30,C,21.092
5/17/2025 3:40,C,21.092
5/17/2025 3:50,C,21.092
5/17/2025 4:00,C,21.092
5/17/2025 4:10,C,21.092
5/17/2025 4:20,C,21.092
5/17/2025 4:30,C,21.092
5/17/2025 4:40,C,21.092
5/17/2025 4:50,C,21.092
5/17/2025 5:00,C,21.092
5/17/2025 5:10,C,21.092
5/17/2025 5:20,C,21.092
5/17/2025 5:30,C,21.092
5/17/2025 5:40,C,21.092
5/17/2025 5:50,C,21.092
5/17/2025 6:00,C,20.591
5/17/2025 6:10,C,20.591
5/17/2025 6:20,C,20.591
5/17/2025 6:30,C,20.591
5/17/2025 6:40,C,20.591
5/17/2025 6:50,C,20.591
5/17/2025 7:00,C,20.591
5/17/2025 7:10,C,20.591
5/17/2025 7:20,C,21.592
5/17/2025 7:30,C,23.093
5/17/2025 7:40,C,23.594
5/17/2025 7:50,C,24.594
5/17/2025 8:00,C,26.593
5/17/2025 8:10,C,27.593
5/17/2025 8:20,C,26.094
5/17/2025 8:30,C,28.092
5/17/2025 8:40,C,28.092
5/17/2025 8:50,C,26.593
5/17/2025 9:00,C,27.593
5/17/2025 9:10,C,28.592
5/17/2025 9:20,C,28.592
5/17/2025 9:30,C,27.093
5/17/2025 9:40,C,27.093
5/17/2025 9:50,C,27.093
5/17/2025 10:00,C,26.593
5/17/2025 10:10,C,26.593
5/17/2025 10:20,C,27.093
5/17/2025 10:30,C,27.593
5/17/2025 10:40,C,27.593
5/17/2025 10:50,C,27.593
5/17/2025 11:00,C,27.593
5/17/2025 11:10,C,27.593
5/17/2025 11:20,C,28.092
5/17/2025 11:30,C,28.092
5/17/2025 11:40,C,28.092
5/17/2025 11:50,C,28.092
5/17/2025 12:00,C,28.092
5/17/2025 12:10,C,28.092
5/17/2025 12:20,C,28.092
5/17/2025 12:30,C,28.592
5/17/2025 12:40,C,29.091
5/17/2025 12:50,C,28.592
5/17/2025 13:00,C,28.592
5/17/2025 13:10,C,28.092
5/17/2025 13:20,C,28.592
5/17/2025 13:30,C,28.592
5/17/2025 13:40,C,28.592
5/17/2025 13:50,C,29.091
5/17/2025 14:00,C,29.591
5/17/2025 14:10,C,29.591
5/17/2025 14:20,C,29.591
5/17/2025 14:30,C,29.091
5/17/2025 14:40,C,29.591
5/17/2025 14:50,C,29.591
5/17/2025 15:00,C,29.591
5/17/2025 15:10,C,29.091
5/17/2025 15:20,C,29.591
5/17/2025 15:30,C,29.591
5/17/2025 15:40,C,29.591
5/17/2025 15:50,C,29.591
5/17/2025 16:00,C,29.591
5/17/2025 16:10,C,29.591
5/17/2025 16:20,C,29.091
5/17/2025 16:30,C,29.091
5/17/2025 16:40,C,29.591
5/17/2025 16:50,C,29.591
5/17/2025 17:00,C,29.591
5/17/2025 17:10,C,29.091
5/17/2025 17:20,C,29.091
5/17/2025 17:30,C,29.091
5/17/2025 17:40,C,28.592
5/17/2025 17:50,C,28.592
5/17/2025 18:00,C,28.592
5/17/2025 18:10,C,28.092
5/17/2025 18:20,C,28.092
5/17/2025 18:30,C,27.593
5/17/2025 18:40,C,27.093
5/17/2025 18:50,C,27.093
5/17/2025 19:00,C,26.593
5/17/2025 19:10,C,26.094
5/17/2025 19:20,C,25.594
5/17/2025 19:30,C,25.594
5/17/2025 19:40,C,25.594
5/17/2025 19:50,C,25.094
5/17/2025 20:00,C,25.094
5/17/2025 20:10,C,25.094
5/17/2025 20:20,C,24.594
5/17/2025 20:30,C,24.594
5/17/2025 20:40,C,24.594
5/17/2025 20:50,C,24.594
5/17/2025 21:00,C,24.594
5/17/2025 21:10,C,24.094
5/17/2025 21:20,C,24.094
5/17/2025 21:30,C,24.094
5/17/2025 21:40,C,23.594
5/17/2025 21:50,C,23.594
5/17/2025 22:00,C,23.594
5/17/2025 22:10,C,23.594
5/17/2025 22:20,C,23.594
5/17/2025 22:30,C,23.093
5/17/2025 22:40,C,23.093
5/17/2025 22:50,C,23.093
5/17/2025 23:00,C,23.093
5/17/2025 23:10,C,23.093
5/17/2025 23:20,C,22.593
5/17/2025 23:30,C,23.093
5/17/2025 23:40,C,23.093
5/17/2025 23:50,C,22.593
5/18/2025 0:00,C,22.593
5/18/2025 0:10,C,22.093
5/18/2025 0:20,C,22.593
5/18/2025 0:30,C,22.593
5/18/2025 0:40,C,22.593
5/18/2025 0:50,C,22.093
5/18/2025 1:00,C,22.093
5/18/2025 1:10,C,22.093
5/18/2025 1:20,C,22.093
5/18/2025 1:30,C,22.093
5/18/2025 1:40,C,22.093
5/18/2025 1:50,C,22.093
5/18/2025 2:00,C,22.093
5/18/2025 2:10,C,22.093
5/18/2025 2:20,C,22.093
5/18/2025 2:30,C,22.093
5/18/2025 2:40,C,22.093
5/18/2025 2:50,C,22.593
5/18/2025 3:00,C,22.593
5/18/2025 3:10,C,22.593
5/18/2025 3:20,C,22.593
5/18/2025 3:30,C,22.593
5/18/2025 3:40,C,22.593
5/18/2025 3:50,C,22.593
5/18/2025 4:00,C,22.593
5/18/2025 4:10,C,22.593
5/18/2025 4:20,C,22.593
5/18/2025 4:30,C,22.093
5/18/2025 4:40,C,22.093
5/18/2025 4:50,C,22.093
5/18/2025 5:00,C,22.093
5/18/2025 5:10,C,22.093
5/18/2025 5:20,C,22.093
5/18/2025 5:30,C,22.093
5/18/2025 5:40,C,21.592
5/18/2025 5:50,C,21.592
5/18/2025 6:00,C,21.592
5/18/2025 6:10,C,21.592
5/18/2025 6:20,C,21.592
5/18/2025 6:30,C,21.592
5/18/2025 6:40,C,21.592
5/18/2025 6:50,C,21.592
5/18/2025 7:00,C,21.592
5/18/2025 7:10,C,21.592
5/18/2025 7:20,C,22.093
5/18/2025 7:30,C,23.594
5/18/2025 7:40,C,24.594
5/18/2025 7:50,C,25.094
5/18/2025 8:00,C,26.094
5/18/2025 8:10,C,26.593
5/18/2025 8:20,C,26.094
5/18/2025 8:30,C,28.092
5/18/2025 8:40,C,29.091
5/18/2025 8:50,C,27.093
5/18/2025 9:00,C,28.092
5/18/2025 9:10,C,28.592
5/18/2025 9:20,C,29.091
5/18/2025 9:30,C,27.093
5/18/2025 9:40,C,27.093
5/18/2025 9:50,C,27.093
5/18/2025 10:00,C,27.093
5/18/2025 10:10,C,27.093
5/18/2025 10:20,C,27.093
5/18/2025 10:30,C,27.593
5/18/2025 10:40,C,28.092
5/18/2025 10:50,C,28.092
5/18/2025 11:00,C,28.092
5/18/2025 11:10,C,28.092
5/18/2025 11:20,C,28.592
5/18/2025 11:30,C,28.592
5/18/2025 11:40,C,29.091
5/18/2025 11:50,C,28.592
5/18/2025 12:00,C,28.592
5/18/2025 12:10,C,29.091
5/18/2025 12:20,C,29.591
5/18/2025 12:30,C,29.591
5/18/2025 12:40,C,29.091
5/18/2025 12:50,C,29.591
5/18/2025 13:00,C,29.591
5/18/2025 13:10,C,30.09
5/18/2025 13:20,C,29.091
5/18/2025 13:30,C,29.591
5/18/2025 13:40,C,29.591
5/18/2025 13:50,C,30.09
5/18/2025 14:00,C,29.591
5/18/2025 14:10,C,30.09
5/18/2025 14:20,C,30.09
5/18/2025 14:30,C,29.591
5/18/2025 14:40,C,30.09
5/18/2025 14:50,C,30.09
5/18/2025 15:00,C,30.09
5/18/2025 15:10,C,30.09
5/18/2025 15:20,C,30.09
5/18/2025 15:30,C,30.09
5/18/2025 15:40,C,29.591
5/18/2025 15:50,C,30.09
5/18/2025 16:00,C,30.09
5/18/2025 16:10,C,30.09
5/18/2025 16:20,C,30.09
5/18/2025 16:30,C,30.09
5/18/2025 16:40,C,29.591
5/18/2025 16:50,C,30.09
5/18/2025 17:00,C,30.09
5/18/2025 17:10,C,30.09
5/18/2025 17:20,C,29.591
5/18/2025 17:30,C,29.591
5/18/2025 17:40,C,29.591
5/18/2025 17:50,C,29.091
5/18/2025 18:00,C,29.091
5/18/2025 18:10,C,28.592
5/18/2025 18:20,C,28.592
5/18/2025 18:30,C,28.592
5/18/2025 18:40,C,28.092
5/18/2025 18:50,C,27.593
5/18/2025 19:00,C,27.093
5/18/2025 19:10,C,26.593
5/18/2025 19:20,C,26.593
5/18/2025 19:30,C,26.094
5/18/2025 19:40,C,26.094
5/18/2025 19:50,C,26.094
5/18/2025 20:00,C,25.594
5/18/2025 20:10,C,25.594
5/18/2025 20:20,C,25.094
5/18/2025 20:30,C,24.594
5/18/2025 20:40,C,24.594
5/18/2025 20:50,C,25.094
5/18/2025 21:00,C,24.594
5/18/2025 21:10,C,24.594
5/18/2025 21:20,C,24.594
5/18/2025 21:30,C,24.094
5/18/2025 21:40,C,23.594
5/18/2025 21:50,C,23.594
5/18/2025 22:00,C,23.093
5/18/2025 22:10,C,23.093
5/18/2025 22:20,C,23.093
5/18/2025 22:30,C,23.093
5/18/2025 22:40,C,22.593
5/18/2025 22:50,C,22.593
5/18/2025 23:00,C,23.093
5/18/2025 23:10,C,22.593
5/18/2025 23:20,C,22.593
5/18/2025 23:30,C,22.593
5/18/2025 23:40,C,22.093
5/18/2025 23:50,C,22.093
5/19/2025 0:00,C,22.093
5/19/2025 0:10,C,22.593
5/19/2025 0:20,C,22.093
5/19/2025 0:30,C,22.593
5/19/2025 0:40,C,22.093
5/19/2025 0:50,C,22.093
5/19/2025 1:00,C,22.093
5/19/2025 1:10,C,21.592
5/19/2025 1:20,C,22.093
5/19/2025 1:30,C,22.093
5/19/2025 1:40,C,22.093
5/19/2025 1:50,C,21.592
5/19/2025 2:00,C,22.093
5/19/2025 2:10,C,22.093
5/19/2025 2:20,C,22.093
5/19/2025 2:30,C,22.093
5/19/2025 2:40,C,22.093
5/19/2025 2:50,C,22.093
5/19/2025 3:00,C,22.093
5/19/2025 3:10,C,22.093
5/19/2025 3:20,C,21.592
5/19/2025 3:30,C,21.592
5/19/2025 3:40,C,21.592
5/19/2025 3:50,C,21.592
5/19/2025 4:00,C,21.092
5/19/2025 4:10,C,21.092
5/19/2025 4:20,C,21.092
5/19/2025 4:30,C,21.092
5/19/2025 4:40,C,21.092
5/19/2025 4:50,C,21.092
5/19/2025 5:00,C,21.092
5/19/2025 5:10,C,20.591
5/19/2025 5:20,C,20.591
5/19/2025 5:30,C,20.091
5/19/2025 5:40,C,20.591
5/19/2025 5:50,C,20.591
5/19/2025 6:00,C,20.591
5/19/2025 6:10,C,20.091
5/19/2025 6:20,C,20.091
5/19/2025 6:30,C,20.091
5/19/2025 6:40,C,20.591
5/19/2025 6:50,C,20.591
5/19/2025 7:00,C,20.091
5/19/2025 7:10,C,20.591
5/19/2025 7:20,C,21.092
5/19/2025 7:30,C,22.593
5/19/2025 7:40,C,24.594
5/19/2025 7:50,C,25.594
5/19/2025 8:00,C,27.593
5/19/2025 8:10,C,28.092
5/19/2025 8:20,C,27.093
5/19/2025 8:30,C,29.091
5/19/2025 8:40,C,29.591
5/19/2025 8:50,C,27.593
5/19/2025 9:00,C,28.592
5/19/2025 9:10,C,31.089
5/19/2025 9:20,C,31.588
5/19/2025 9:30,C,29.091
5/19/2025 9:40,C,28.092
5/19/2025 9:50,C,28.092
5/19/2025 10:00,C,28.592
5/19/2025 10:10,C,28.592
5/19/2025 10:20,C,28.592
5/19/2025 10:30,C,28.592
5/19/2025 10:40,C,28.592
5/19/2025 10:50,C,28.592
5/19/2025 11:00,C,29.091
5/19/2025 11:10,C,29.091
5/19/2025 11:20,C,29.091
5/19/2025 11:30,C,29.091
5/19/2025 11:40,C,29.591
5/19/2025 11:50,C,29.591
5/19/2025 12:00,C,29.591
5/19/2025 12:10,C,29.591
5/19/2025 12:20,C,29.591
5/19/2025 12:30,C,29.591
5/19/2025 12:40,C,29.591
5/19/2025 12:50,C,30.09
5/19/2025 13:00,C,30.09
5/19/2025 13:10,C,29.591
5/19/2025 13:20,C,30.09
5/19/2025 13:30,C,30.09
5/19/2025 13:40,C,30.09
5/19/2025 13:50,C,30.09
5/19/2025 14:00,C,30.09
5/19/2025 14:10,C,30.09
5/19/2025 14:20,C,30.09
5/19/2025 14:30,C,30.589
5/19/2025 14:40,C,30.589
5/19/2025 14:50,C,30.09
5/19/2025 15:00,C,30.589
5/19/2025 15:10,C,30.589
5/19/2025 15:20,C,30.09
5/19/2025 15:30,C,30.589
5/19/2025 15:40,C,30.589
5/19/2025 15:50,C,30.589
5/19/2025 16:00,C,30.589
5/19/2025 16:10,C,30.589
5/19/2025 16:20,C,30.09
5/19/2025 16:30,C,30.09
5/19/2025 16:40,C,30.09
5/19/2025 16:50,C,30.589
5/19/2025 17:00,C,30.09
5/19/2025 17:10,C,30.09
5/19/2025 17:20,C,30.09
5/19/2025 17:30,C,30.09
5/19/2025 17:40,C,29.591
5/19/2025 17:50,C,29.091
5/19/2025 18:00,C,29.091
5/19/2025 18:10,C,28.592
5/19/2025 18:20,C,28.092
5/19/2025 18:30,C,27.593
5/19/2025 18:40,C,27.093
5/19/2025 18:50,C,27.093
5/19/2025 19:00,C,26.593
5/19/2025 19:10,C,26.593
5/19/2025 19:20,C,26.094
5/19/2025 19:30,C,26.094
5/19/2025 19:40,C,26.094
5/19/2025 19:50,C,26.094
5/19/2025 20:00,C,25.094
5/19/2025 20:10,C,25.094
5/19/2025 20:20,C,24.594
5/19/2025 20:30,C,24.594
5/19/2025 20:40,C,24.594
5/19/2025 20:50,C,24.594
5/19/2025 21:00,C,25.094
5/19/2025 21:10,C,25.094
5/19/2025 21:20,C,24.594
5/19/2025 21:30,C,24.594
5/19/2025 21:40,C,24.594
5/19/2025 21:50,C,24.594
5/19/2025 22:00,C,24.094
5/19/2025 22:10,C,24.094
5/19/2025 22:20,C,24.094
5/19/2025 22:30,C,24.094
5/19/2025 22:40,C,24.094
5/19/2025 22:50,C,23.093
5/19/2025 23:00,C,23.093
5/19/2025 23:10,C,23.093
5/19/2025 23:20,C,23.093
5/19/2025 23:30,C,22.593
5/19/2025 23:40,C,22.593
5/19/2025 23:50,C,22.593
5/20/2025 0:00,C,22.593
5/20/2025 0:10,C,22.593
5/20/2025 0:20,C,22.093
5/20/2025 0:30,C,22.593
5/20/2025 0:40,C,22.593
5/20/2025 0:50,C,22.593
5/20/2025 1:00,C,22.593
5/20/2025 1:10,C,22.593
5/20/2025 1:20,C,22.093
5/20/2025 1:30,C,22.093
5/20/2025 1:40,C,22.593
5/20/2025 1:50,C,22.093
5/20/2025 2:00,C,22.093
5/20/2025 2:10,C,22.093
5/20/2025 2:20,C,22.093
5/20/2025 2:30,C,22.093
5/20/2025 2:40,C,22.093
5/20/2025 2:50,C,22.593
5/20/2025 3:00,C,22.593
5/20/2025 3:10,C,22.593
5/20/2025 3:20,C,22.593
5/20/2025 3:30,C,22.593
5/20/2025 3:40,C,22.593
5/20/2025 3:50,C,22.593
5/20/2025 4:00,C,22.593
5/20/2025 4:10,C,22.593
5/20/2025 4:20,C,22.593
5/20/2025 4:30,C,22.593
5/20/2025 4:40,C,22.593
5/20/2025 4:50,C,22.593
5/20/2025 5:00,C,22.593
5/20/2025 5:10,C,22.593
5/20/2025 5:20,C,22.593
5/20/2025 5:30,C,22.093
5/20/2025 5:40,C,22.093
5/20/2025 5:50,C,22.093
5/20/2025 6:00,C,22.093
5/20/2025 6:10,C,22.093
5/20/2025 6:20,C,21.592
5/20/2025 6:30,C,21.592
5/20/2025 6:40,C,21.592
5/20/2025 6:50,C,21.592
5/20/2025 7:00,C,21.592
5/20/2025 7:10,C,22.093
5/20/2025 7:20,C,22.093
5/20/2025 7:30,C,22.093
5/20/2025 7:40,C,22.093
5/20/2025 7:50,C,22.593
5/20/2025 8:00,C,22.093
5/20/2025 8:10,C,22.093
5/20/2025 8:20,C,22.593
5/20/2025 8:30,C,22.593
5/20/2025 8:40,C,22.593
5/20/2025 8:50,C,22.093
5/20/2025 9:00,C,21.592
5/20/2025 9:10,C,21.592
5/20/2025 9:20,C,22.093
5/20/2025 9:30,C,22.593
5/20/2025 9:40,C,23.093
5/20/2025 9:50,C,23.093
5/20/2025 10:00,C,23.594
5/20/2025 10:10,C,24.094
5/20/2025 10:20,C,24.594
5/20/2025 10:30,C,24.594
5/20/2025 10:40,C,25.594
5/20/2025 10:50,C,25.594
5/20/2025 11:00,C,26.593
5/20/2025 11:10,C,26.593
5/20/2025 11:20,C,26.593
5/20/2025 11:30,C,26.094
5/20/2025 11:40,C,26.593
5/20/2025 11:50,C,27.093
5/20/2025 12:00,C,26.094
5/20/2025 12:10,C,25.594
5/20/2025 12:20,C,25.594
5/20/2025 12:30,C,26.094
5/20/2025 12:40,C,26.593
5/20/2025 12:50,C,26.593
5/20/2025 13:00,C,27.093
5/20/2025 13:10,C,27.593
5/20/2025 13:20,C,27.093
5/20/2025 13:30,C,26.593
5/20/2025 13:40,C,26.593
5/20/2025 13:50,C,26.593
5/20/2025 14:00,C,27.093
5/20/2025 14:10,C,27.593
5/20/2025 14:20,C,28.592
5/20/2025 14:30,C,28.092
5/20/2025 14:40,C,28.092
5/20/2025 14:50,C,27.593
5/20/2025 15:00,C,27.593
5/20/2025 15:10,C,26.593
5/20/2025 15:20,C,26.593
5/20/2025 15:30,C,27.093
5/20/2025 15:40,C,27.093
5/20/2025 15:50,C,27.593
5/20/2025 16:00,C,27.593
5/20/2025 16:10,C,27.093
5/20/2025 16:20,C,26.094
5/20/2025 16:30,C,26.593
5/20/2025 16:40,C,26.094
5/20/2025 16:50,C,26.094
5/20/2025 17:00,C,25.594
5/20/2025 17:10,C,25.594
5/20/2025 17:20,C,24.594
5/20/2025 17:30,C,24.094
5/20/2025 17:40,C,24.094
5/20/2025 17:50,C,24.094
5/20/2025 18:00,C,24.094
5/20/2025 18:10,C,24.094
5/20/2025 18:20,C,24.594
5/20/2025 18:30,C,24.094
5/20/2025 18:40,C,24.094
5/20/2025 18:50,C,23.594
5/20/2025 19:00,C,23.594
5/20/2025 19:10,C,22.593
5/20/2025 19:20,C,21.592
5/20/2025 19:30,C,21.592
5/20/2025 19:40,C,21.592
5/20/2025 19:50,C,21.092
5/20/2025 20:00,C,20.591
5/20/2025 20:10,C,20.591
5/20/2025 20:20,C,20.591
5/20/2025 20:30,C,20.091
5/20/2025 20:40,C,20.591
5/20/2025 20:50,C,20.591
5/20/2025 21:00,C,20.591
5/20/2025 21:10,C,20.591
5/20/2025 21:20,C,20.591
5/20/2025 21:30,C,20.591
5/20/2025 21:40,C,21.092
5/20/2025 21:50,C,20.591
5/20/2025 22:00,C,20.591
5/20/2025 22:10,C,20.591
5/20/2025 22:20,C,20.591
5/20/2025 22:30,C,20.591
5/20/2025 22:40,C,20.591
5/20/2025 22:50,C,20.591
5/20/2025 23:00,C,20.591
5/20/2025 23:10,C,20.591
5/20/2025 23:20,C,20.591
5/20/2025 23:30,C,20.591
5/20/2025 23:40,C,20.591
5/20/2025 23:50,C,20.591
5/21/2025 0:00,C,20.591
5/21/2025 0:10,C,20.591
5/21/2025 0:20,C,20.091
5/21/2025 0:30,C,20.091
5/21/2025 0:40,C,19.59
5/21/2025 0:50,C,19.59
5/21/2025 1:00,C,19.59
5/21/2025 1:10,C,19.59
5/21/2025 1:20,C,19.59
5/21/2025 1:30,C,19.59
5/21/2025 1:40,C,19.59
5/21/2025 1:50,C,19.59
5/21/2025 2:00,C,19.59
5/21/2025 2:10,C,19.59
5/21/2025 2:20,C,19.59
5/21/2025 2:30,C,19.59
5/21/2025 2:40,C,19.59
5/21/2025 2:50,C,20.091
5/21/2025 3:00,C,20.091
5/21/2025 3:10,C,20.091
5/21/2025 3:20,C,20.091
5/21/2025 3:30,C,20.091
5/21/2025 3:40,C,20.091
5/21/2025 3:50,C,20.591
5/21/2025 4:00,C,20.591
5/21/2025 4:10,C,20.591
5/21/2025 4:20,C,20.091
5/21/2025 4:30,C,20.591
5/21/2025 4:40,C,20.591
5/21/2025 4:50,C,20.091
5/21/2025 5:00,C,20.091
5/21/2025 5:10,C,20.091
5/21/2025 5:20,C,20.091
5/21/2025 5:30,C,20.091
5/21/2025 5:40,C,20.091
5/21/2025 5:50,C,20.091
5/21/2025 6:00,C,20.091
5/21/2025 6:10,C,19.59
5/21/2025 6:20,C,19.59
5/21/2025 6:30,C,19.59
5/21/2025 6:40,C,19.59
5/21/2025 6:50,C,19.59
5/21/2025 7:00,C,20.091
5/21/2025 7:10,C,20.091
5/21/2025 7:20,C,20.591
5/21/2025 7:30,C,22.593
5/21/2025 7:40,C,24.594
5/21/2025 7:50,C,25.594
5/21/2025 8:00,C,27.593
5/21/2025 8:10,C,27.093
5/21/2025 8:20,C,25.094
5/21/2025 8:30,C,25.594
5/21/2025 8:40,C,25.094
5/21/2025 8:50,C,24.594
5/21/2025 9:00,C,24.594
5/21/2025 9:10,C,26.094
5/21/2025 9:20,C,25.094
5/21/2025 9:30,C,23.594
5/21/2025 9:40,C,24.094
5/21/2025 9:50,C,24.594
5/21/2025 10:00,C,24.594
5/21/2025 10:10,C,25.094
5/21/2025 10:20,C,25.094
5/21/2025 10:30,C,26.094
5/21/2025 10:40,C,26.094
5/21/2025 10:50,C,26.094
5/21/2025 11:00,C,25.594
5/21/2025 11:10,C,25.594
5/21/2025 11:20,C,25.594
5/21/2025 11:30,C,25.594
5/21/2025 11:40,C,25.594
5/21/2025 11:50,C,25.094
5/21/2025 12:00,C,25.594
5/21/2025 12:10,C,25.594
5/21/2025 12:20,C,26.094
5/21/2025 12:30,C,26.094
5/21/2025 12:40,C,26.094
5/21/2025 12:50,C,26.094
5/21/2025 13:00,C,26.593
5/21/2025 13:10,C,26.593
5/21/2025 13:20,C,27.093
5/21/2025 13:30,C,27.093
5/21/2025 13:40,C,27.093
5/21/2025 13:50,C,27.093
5/21/2025 14:00,C,27.093
5/21/2025 14:10,C,27.593
5/21/2025 14:20,C,27.593
5/21/2025 14:30,C,27.093
5/21/2025 14:40,C,27.093
5/21/2025 14:50,C,27.593
5/21/2025 15:00,C,27.593
5/21/2025 15:10,C,27.593
5/21/2025 15:20,C,27.593
5/21/2025 15:30,C,27.593
5/21/2025 15:40,C,27.593
5/21/2025 15:50,C,27.593
5/21/2025 16:00,C,28.092
5/21/2025 16:10,C,28.092
5/21/2025 16:20,C,28.092
5/21/2025 16:30,C,28.092
5/21/2025 16:40,C,28.092
5/21/2025 16:50,C,28.092
5/21/2025 17:00,C,28.092
5/21/2025 17:10,C,27.593
5/21/2025 17:20,C,27.593
5/21/2025 17:30,C,27.593
5/21/2025 17:40,C,27.093
5/21/2025 17:50,C,26.593
5/21/2025 18:00,C,26.593
5/21/2025 18:10,C,26.094
5/21/2025 18:20,C,25.594
5/21/2025 18:30,C,25.594
5/21/2025 18:40,C,25.594
5/21/2025 18:50,C,25.094
5/21/2025 19:00,C,25.094
5/21/2025 19:10,C,25.094
5/21/2025 19:20,C,24.594
5/21/2025 19:30,C,24.594
5/21/2025 19:40,C,24.594
5/21/2025 19:50,C,24.594
5/21/2025 20:00,C,24.094
5/21/2025 20:10,C,24.094
5/21/2025 20:20,C,23.594
5/21/2025 20:30,C,23.594
5/21/2025 20:40,C,23.594
5/21/2025 20:50,C,23.594
5/21/2025 21:00,C,23.594
5/21/2025 21:10,C,23.093
5/21/2025 21:20,C,23.093
5/21/2025 21:30,C,23.093
5/21/2025 21:40,C,23.093
5/21/2025 21:50,C,23.093
5/21/2025 22:00,C,23.093
5/21/2025 22:10,C,23.093
5/21/2025 22:20,C,22.593
5/21/2025 22:30,C,22.593
5/21/2025 22:40,C,22.593
5/21/2025 22:50,C,22.593
5/21/2025 23:00,C,22.593
5/21/2025 23:10,C,22.093
5/21/2025 23:20,C,22.093
5/21/2025 23:30,C,22.093
5/21/2025 23:40,C,22.093
5/21/2025 23:50,C,22.093
5/22/2025 0:00,C,22.093
5/22/2025 0:10,C,22.093
5/22/2025 0:20,C,21.592
5/22/2025 0:30,C,22.093
5/22/2025 0:40,C,22.093
5/22/2025 0:50,C,22.093
5/22/2025 1:00,C,21.592
5/22/2025 1:10,C,22.093
5/22/2025 1:20,C,22.093
5/22/2025 1:30,C,22.093
5/22/2025 1:40,C,22.093
5/22/2025 1:50,C,22.093
5/22/2025 2:00,C,22.093
5/22/2025 2:10,C,22.093
5/22/2025 2:20,C,22.093
5/22/2025 2:30,C,22.093
5/22/2025 2:40,C,21.592
5/22/2025 2:50,C,21.592
5/22/2025 3:00,C,21.592
5/22/2025 3:10,C,21.592
5/22/2025 3:20,C,21.592
5/22/2025 3:30,C,21.592
5/22/2025 3:40,C,21.592
5/22/2025 3:50,C,21.592
5/22/2025 4:00,C,21.592
5/22/2025 4:10,C,21.592
5/22/2025 4:20,C,21.592
5/22/2025 4:30,C,21.592
5/22/2025 4:40,C,21.592
5/22/2025 4:50,C,21.592
5/22/2025 5:00,C,21.592
5/22/2025 5:10,C,21.592
5/22/2025 5:20,C,21.092
5/22/2025 5:30,C,21.092
5/22/2025 5:40,C,21.092
5/22/2025 5:50,C,21.092
5/22/2025 6:00,C,21.092
5/22/2025 6:10,C,21.092
5/22/2025 6:20,C,21.092
5/22/2025 6:30,C,21.092
5/22/2025 6:40,C,21.592
5/22/2025 6:50,C,21.092
5/22/2025 7:00,C,21.092
5/22/2025 7:10,C,21.092
5/22/2025 7:20,C,21.092
5/22/2025 7:30,C,21.092
5/22/2025 7:40,C,21.592
5/22/2025 7:50,C,21.092
5/22/2025 8:00,C,21.092
5/22/2025 8:10,C,21.092
5/22/2025 8:20,C,21.592
5/22/2025 8:30,C,21.592
5/22/2025 8:40,C,22.093
5/22/2025 8:50,C,23.093
5/22/2025 9:00,C,23.594
5/22/2025 9:10,C,24.594
5/22/2025 9:20,C,25.094
5/22/2025 9:30,C,24.594
5/22/2025 9:40,C,24.594
5/22/2025 9:50,C,24.594
5/22/2025 10:00,C,24.594
5/22/2025 10:10,C,25.594
5/22/2025 10:20,C,26.094
5/22/2025 10:30,C,25.594
5/22/2025 10:40,C,26.094
5/22/2025 10:50,C,26.593
5/22/2025 11:00,C,26.593
5/22/2025 11:10,C,27.093
5/22/2025 11:20,C,27.093
5/22/2025 11:30,C,27.093
5/22/2025 11:40,C,27.593
5/22/2025 11:50,C,28.092
5/22/2025 12:00,C,28.092
5/22/2025 12:10,C,27.093
5/22/2025 12:20,C,27.093
5/22/2025 12:30,C,26.593
5/22/2025 12:40,C,23.093
5/22/2025 12:50,C,20.091
5/22/2025 13:00,C,19.59
5/22/2025 13:10,C,19.59
5/22/2025 13:20,C,19.59
5/22/2025 13:30,C,20.091
5/22/2025 13:40,C,20.591
5/22/2025 13:50,C,21.092
5/22/2025 14:00,C,21.092
5/22/2025 14:10,C,21.592
5/22/2025 14:20,C,21.592
5/22/2025 14:30,C,22.093
5/22/2025 14:40,C,23.093
5/22/2025 14:50,C,24.094
5/22/2025 15:00,C,24.594
5/22/2025 15:10,C,24.594
5/22/2025 15:20,C,24.594
5/22/2025 15:30,C,24.594
5/22/2025 15:40,C,24.594
5/22/2025 15:50,C,25.094
5/22/2025 16:00,C,25.094
5/22/2025 16:10,C,25.094
5/22/2025 16:20,C,25.094
5/22/2025 16:30,C,25.094
5/22/2025 16:40,C,25.094
5/22/2025 16:50,C,24.594
5/22/2025 17:00,C,24.594
5/22/2025 17:10,C,24.094
5/22/2025 17:20,C,24.094
5/22/2025 17:30,C,24.094
5/22/2025 17:40,C,24.094
5/22/2025 17:50,C,24.094
5/22/2025 18:00,C,24.094
5/22/2025 18:10,C,23.594
5/22/2025 18:20,C,23.594
5/22/2025 18:30,C,23.594
5/22/2025 18:40,C,23.093
5/22/2025 18:50,C,23.093
5/22/2025 19:00,C,23.093
5/22/2025 19:10,C,22.593
5/22/2025 19:20,C,22.593
5/22/2025 19:30,C,22.093
5/22/2025 19:40,C,20.091
5/22/2025 19:50,C,20.091
5/22/2025 20:00,C,20.091
5/22/2025 20:10,C,20.091
5/22/2025 20:20,C,20.091
5/22/2025 20:30,C,20.091
5/22/2025 20:40,C,20.091
5/22/2025 20:50,C,20.091
5/22/2025 21:00,C,20.091
5/22/2025 21:10,C,20.091
5/22/2025 21:20,C,20.091
5/22/2025 21:30,C,20.591
5/22/2025 21:40,C,20.591
5/22/2025 21:50,C,20.591
5/22/2025 22:00,C,20.591
5/22/2025 22:10,C,20.091
5/22/2025 22:20,C,20.091
5/22/2025 22:30,C,20.591
5/22/2025 22:40,C,20.591
5/22/2025 22:50,C,20.091
5/22/2025 23:00,C,20.091
5/22/2025 23:10,C,20.591
5/22/2025 23:20,C,20.591
5/22/2025 23:30,C,20.591
5/22/2025 23:40,C,20.591
5/22/2025 23:50,C,20.591
5/23/2025 0:00,C,20.591
5/23/2025 0:10,C,20.591
5/23/2025 0:20,C,20.591
5/23/2025 0:30,C,21.092
5/23/2025 0:40,C,20.591
5/23/2025 0:50,C,20.591
5/23/2025 1:00,C,20.591
5/23/2025 1:10,C,20.591
5/23/2025 1:20,C,20.591
5/23/2025 1:30,C,20.091
5/23/2025 1:40,C,20.091
5/23/2025 1:50,C,20.091
5/23/2025 2:00,C,20.591
5/23/2025 2:10,C,20.591
5/23/2025 2:20,C,20.591
5/23/2025 2:30,C,20.591
5/23/2025 2:40,C,20.591
5/23/2025 2:50,C,20.591
5/23/2025 3:00,C,20.091
5/23/2025 3:10,C,20.091
5/23/2025 3:20,C,20.091
5/23/2025 3:30,C,20.091
5/23/2025 3:40,C,19.59
5/23/2025 3:50,C,19.59
5/23/2025 4:00,C,19.59
5/23/2025 4:10,C,19.59
5/23/2025 4:20,C,19.59
5/23/2025 4:30,C,19.59
5/23/2025 4:40,C,19.59
5/23/2025 4:50,C,19.59
5/23/2025 5:00,C,20.091
5/23/2025 5:10,C,20.091
5/23/2025 5:20,C,20.091
5/23/2025 5:30,C,20.091
5/23/2025 5:40,C,20.091
5/23/2025 5:50,C,20.091
5/23/2025 6:00,C,20.091
5/23/2025 6:10,C,20.091
5/23/2025 6:20,C,20.091
5/23/2025 6:30,C,20.091
5/23/2025 6:40,C,20.091
5/23/2025 6:50,C,20.091
5/23/2025 7:00,C,20.091
5/23/2025 7:10,C,20.091
5/23/2025 7:20,C,20.591
5/23/2025 7:30,C,20.591
5/23/2025 7:40,C,20.591
5/23/2025 7:50,C,21.092
5/23/2025 8:00,C,21.592
5/23/2025 8:10,C,22.093
5/23/2025 8:20,C,23.594
5/23/2025 8:30,C,28.092
5/23/2025 8:40,C,29.591
5/23/2025 8:50,C,27.593
5/23/2025 9:00,C,25.094
5/23/2025 9:10,C,27.093
5/23/2025 9:20,C,29.091
5/23/2025 9:30,C,28.092
5/23/2025 9:40,C,26.094
5/23/2025 9:50,C,26.094
5/23/2025 10:00,C,26.094
5/23/2025 10:10,C,26.094
5/23/2025 10:20,C,26.593
5/23/2025 10:30,C,26.593
5/23/2025 10:40,C,26.593
5/23/2025 10:50,C,26.094
5/23/2025 11:00,C,26.094
5/23/2025 11:10,C,26.094
5/23/2025 11:20,C,26.593
5/23/2025 11:30,C,26.094
5/23/2025 11:40,C,26.593
5/23/2025 11:50,C,26.593
5/23/2025 12:00,C,26.593
5/23/2025 12:10,C,26.593
5/23/2025 12:20,C,26.593
5/23/2025 12:30,C,26.593
5/23/2025 12:40,C,26.593
5/23/2025 12:50,C,26.593
5/23/2025 13:00,C,26.094
5/23/2025 13:10,C,26.094
5/23/2025 13:20,C,26.593
5/23/2025 13:30,C,26.593
5/23/2025 13:40,C,26.593
5/23/2025 13:50,C,26.094
5/23/2025 14:00,C,26.593
5/23/2025 14:10,C,26.593
5/23/2025 14:20,C,26.593
5/23/2025 14:30,C,27.093
5/23/2025 14:40,C,26.593
5/23/2025 14:50,C,27.093
5/23/2025 15:00,C,27.093
5/23/2025 15:10,C,27.093
5/23/2025 15:20,C,27.093
5/23/2025 15:30,C,27.593
5/23/2025 15:40,C,27.593
5/23/2025 15:50,C,27.593
5/23/2025 16:00,C,27.593
5/23/2025 16:10,C,27.593
5/23/2025 16:20,C,27.593
5/23/2025 16:30,C,27.593
5/23/2025 16:40,C,27.593
5/23/2025 16:50,C,27.593
5/23/2025 17:00,C,27.093
5/23/2025 17:10,C,27.093
5/23/2025 17:20,C,26.593
5/23/2025 17:30,C,26.593
5/23/2025 17:40,C,26.593
5/23/2025 17:50,C,26.094
5/23/2025 18:00,C,26.094
5/23/2025 18:10,C,26.593
5/23/2025 18:20,C,26.593
5/23/2025 18:30,C,26.094
5/23/2025 18:40,C,25.594
5/23/2025 18:50,C,25.594
5/23/2025 19:00,C,25.094
5/23/2025 19:10,C,24.094
5/23/2025 19:20,C,24.094
5/23/2025 19:30,C,24.094
5/23/2025 19:40,C,24.094
5/23/2025 19:50,C,24.094
5/23/2025 20:00,C,23.594
5/23/2025 20:10,C,23.594
5/23/2025 20:20,C,23.594
5/23/2025 20:30,C,23.594
5/23/2025 20:40,C,23.594
5/23/2025 20:50,C,23.093
5/23/2025 21:00,C,23.093
5/23/2025 21:10,C,23.093
5/23/2025 21:20,C,22.593
5/23/2025 21:30,C,22.593
5/23/2025 21:40,C,22.593
5/23/2025 21:50,C,22.593
5/23/2025 22:00,C,22.093
5/23/2025 22:10,C,22.093
5/23/2025 22:20,C,22.093
5/23/2025 22:30,C,22.093
5/23/2025 22:40,C,22.093
5/23/2025 22:50,C,21.592
5/23/2025 23:00,C,22.093
5/23/2025 23:10,C,22.093
5/23/2025 23:20,C,22.093
5/23/2025 23:30,C,22.093
5/23/2025 23:40,C,22.093
5/23/2025 23:50,C,22.093
5/24/2025 0:00,C,22.093
5/24/2025 0:10,C,22.093
5/24/2025 0:20,C,22.093
5/24/2025 0:30,C,22.593
5/24/2025 0:40,C,22.593
5/24/2025 0:50,C,22.593
5/24/2025 1:00,C,22.593
5/24/2025 1:10,C,22.593
5/24/2025 1:20,C,22.593
5/24/2025 1:30,C,22.593
5/24/2025 1:40,C,22.593
5/24/2025 1:50,C,22.593
5/24/2025 2:00,C,22.593
5/24/2025 2:10,C,22.593
5/24/2025 2:20,C,22.093
5/24/2025 2:30,C,22.093
5/24/2025 2:40,C,22.093
5/24/2025 2:50,C,22.093
5/24/2025 3:00,C,22.093
5/24/2025 3:10,C,21.592
5/24/2025 3:20,C,21.592
5/24/2025 3:30,C,21.092
5/24/2025 3:40,C,21.092
5/24/2025 3:50,C,21.092
5/24/2025 4:00,C,21.092
5/24/2025 4:10,C,21.092
5/24/2025 4:20,C,21.092
5/24/2025 4:30,C,20.591
5/24/2025 4:40,C,20.591
5/24/2025 4:50,C,20.591
5/24/2025 5:00,C,20.591
5/24/2025 5:10,C,20.591
5/24/2025 5:20,C,20.591
5/24/2025 5:30,C,20.591
5/24/2025 5:40,C,20.591
5/24/2025 5:50,C,20.091
5/24/2025 6:00,C,20.091
5/24/2025 6:10,C,20.091
5/24/2025 6:20,C,20.091
5/24/2025 6:30,C,20.091
5/24/2025 6:40,C,20.591
5/24/2025 6:50,C,20.591
5/24/2025 7:00,C,20.091
5/24/2025 7:10,C,20.091
5/24/2025 7:20,C,20.591
5/24/2025 7:30,C,22.593
5/24/2025 7:40,C,24.594
5/24/2025 7:50,C,25.594
5/24/2025 8:00,C,27.593
5/24/2025 8:10,C,28.592
5/24/2025 8:20,C,27.593
5/24/2025 8:30,C,30.09
5/24/2025 8:40,C,31.089
5/24/2025 8:50,C,29.591
5/24/2025 9:00,C,29.091
5/24/2025 9:10,C,30.09
5/24/2025 9:20,C,30.09
5/24/2025 9:30,C,28.592
5/24/2025 9:40,C,27.093
5/24/2025 9:50,C,27.093
5/24/2025 10:00,C,27.093
5/24/2025 10:10,C,27.093
5/24/2025 10:20,C,27.093
5/24/2025 10:30,C,27.593
5/24/2025 10:40,C,27.593
5/24/2025 10:50,C,27.593
5/24/2025 11:00,C,28.092
5/24/2025 11:10,C,28.092
5/24/2025 11:20,C,28.092
5/24/2025 11:30,C,28.092
5/24/2025 11:40,C,28.092
5/24/2025 11:50,C,28.092
5/24/2025 12:00,C,28.092
5/24/2025 12:10,C,28.592
5/24/2025 12:20,C,28.592
5/24/2025 12:30,C,28.092
5/24/2025 12:40,C,28.092
5/24/2025 12:50,C,28.592
5/24/2025 13:00,C,28.092
5/24/2025 13:10,C,28.092
5/24/2025 13:20,C,28.092
5/24/2025 13:30,C,28.592
5/24/2025 13:40,C,28.092
5/24/2025 13:50,C,28.592
5/24/2025 14:00,C,28.592
5/24/2025 14:10,C,28.092
5/24/2025 14:20,C,28.592
5/24/2025 14:30,C,28.592
5/24/2025 14:40,C,28.092
5/24/2025 14:50,C,28.592
5/24/2025 15:00,C,29.091
5/24/2025 15:10,C,29.091
5/24/2025 15:20,C,29.091
5/24/2025 15:30,C,28.092
5/24/2025 15:40,C,28.592
5/24/2025 15:50,C,28.592
5/24/2025 16:00,C,29.091
5/24/2025 16:10,C,28.592
5/24/2025 16:20,C,29.091
5/24/2025 16:30,C,29.091
5/24/2025 16:40,C,29.091
5/24/2025 16:50,C,29.091
5/24/2025 17:00,C,29.091
5/24/2025 17:10,C,29.091
5/24/2025 17:20,C,28.592
5/24/2025 17:30,C,28.592
5/24/2025 17:40,C,28.592
5/24/2025 17:50,C,28.592
5/24/2025 18:00,C,28.092
5/24/2025 18:10,C,28.092
5/24/2025 18:20,C,28.092
5/24/2025 18:30,C,27.593
5/24/2025 18:40,C,27.093
5/24/2025 18:50,C,26.593
5/24/2025 19:00,C,26.593
5/24/2025 19:10,C,26.094
5/24/2025 19:20,C,26.094
5/24/2025 19:30,C,25.594
5/24/2025 19:40,C,25.594
5/24/2025 19:50,C,25.594
5/24/2025 20:00,C,25.594
5/24/2025 20:10,C,25.094
5/24/2025 20:20,C,25.094
5/24/2025 20:30,C,25.094
5/24/2025 20:40,C,24.594
5/24/2025 20:50,C,24.594
5/24/2025 21:00,C,24.594
5/24/2025 21:10,C,24.594
5/24/2025 21:20,C,24.594
5/24/2025 21:30,C,24.594
5/24/2025 21:40,C,24.594
5/24/2025 21:50,C,24.594
5/24/2025 22:00,C,24.094
5/24/2025 22:10,C,24.594
5/24/2025 22:20,C,24.594
5/24/2025 22:30,C,24.594
5/24/2025 22:40,C,24.594
5/24/2025 22:50,C,24.094
5/24/2025 23:00,C,24.094
5/24/2025 23:10,C,24.094
5/24/2025 23:20,C,23.594
5/24/2025 23:30,C,23.594
5/24/2025 23:40,C,23.594
5/24/2025 23:50,C,23.594
5/25/2025 0:00,C,23.594
5/25/2025 0:10,C,23.594
5/25/2025 0:20,C,23.594
5/25/2025 0:30,C,23.093
5/25/2025 0:40,C,23.594
5/25/2025 0:50,C,23.093
5/25/2025 1:00,C,23.093
5/25/2025 1:10,C,23.093
5/25/2025 1:20,C,23.093
5/25/2025 1:30,C,23.594
5/25/2025 1:40,C,23.594
5/25/2025 1:50,C,23.093
5/25/2025 2:00,C,21.592
5/25/2025 2:10,C,20.591
5/25/2025 2:20,C,20.091
5/25/2025 2:30,C,19.59
5/25/2025 2:40,C,19.59
5/25/2025 2:50,C,19.59
5/25/2025 3:00,C,19.59
5/25/2025 3:10,C,19.089
5/25/2025 3:20,C,19.089
5/25/2025 3:30,C,19.089
5/25/2025 3:40,C,19.089
5/25/2025 3:50,C,19.089
5/25/2025 4:00,C,19.089
5/25/2025 4:10,C,18.589
5/25/2025 4:20,C,18.589
5/25/2025 4:30,C,18.589
5/25/2025 4:40,C,18.589
5/25/2025 4:50,C,18.589
5/25/2025 5:00,C,18.589
5/25/2025 5:10,C,18.589
5/25/2025 5:20,C,18.589
5/25/2025 5:30,C,18.589
5/25/2025 5:40,C,18.589
5/25/2025 5:50,C,19.089
5/25/2025 6:00,C,18.589
5/25/2025 6:10,C,18.589
5/25/2025 6:20,C,18.589
5/25/2025 6:30,C,18.589
5/25/2025 6:40,C,18.589
5/25/2025 6:50,C,19.089
5/25/2025 7:00,C,19.089
5/25/2025 7:10,C,19.089
5/25/2025 7:20,C,19.59
5/25/2025 7:30,C,20.091
5/25/2025 7:40,C,20.091
5/25/2025 7:50,C,20.591
5/25/2025 8:00,C,21.592
5/25/2025 8:10,C,21.592
5/25/2025 8:20,C,24.594
5/25/2025 8:30,C,23.594
5/25/2025 8:40,C,22.593
5/25/2025 8:50,C,23.594
5/25/2025 9:00,C,25.594
5/25/2025 9:10,C,28.592
5/25/2025 9:20,C,29.591
5/25/2025 9:30,C,29.591
5/25/2025 9:40,C,27.093
5/25/2025 9:50,C,26.094
5/25/2025 10:00,C,26.593
5/25/2025 10:10,C,26.094
5/25/2025 10:20,C,27.093
5/25/2025 10:30,C,27.593
5/25/2025 10:40,C,27.093
5/25/2025 10:50,C,26.593
5/25/2025 11:00,C,27.093
5/25/2025 11:10,C,27.093
5/25/2025 11:20,C,27.093
5/25/2025 11:30,C,27.093
5/25/2025 11:40,C,27.093
5/25/2025 11:50,C,27.593
5/25/2025 12:00,C,27.593
5/25/2025 12:10,C,27.593
5/25/2025 12:20,C,27.593
5/25/2025 12:30,C,27.593
5/25/2025 12:40,C,27.593
5/25/2025 12:50,C,27.593
5/25/2025 13:00,C,27.593
5/25/2025 13:10,C,27.593
5/25/2025 13:20,C,28.092
5/25/2025 13:30,C,27.593
5/25/2025 13:40,C,28.092
5/25/2025 13:50,C,27.593
5/25/2025 14:00,C,27.593
5/25/2025 14:10,C,27.093
5/25/2025 14:20,C,27.093
5/25/2025 14:30,C,27.093
5/25/2025 14:40,C,27.093
5/25/2025 14:50,C,26.593
5/25/2025 15:00,C,26.593
5/25/2025 15:10,C,26.593
5/25/2025 15:20,C,26.593
5/25/2025 15:30,C,26.593
5/25/2025 15:40,C,26.593
5/25/2025 15:50,C,26.094
5/25/2025 16:00,C,26.593
5/25/2025 16:10,C,26.593
5/25/2025 16:20,C,26.593
5/25/2025 16:30,C,27.093
5/25/2025 16:40,C,27.093
5/25/2025 16:50,C,27.093
5/25/2025 17:00,C,26.593
5/25/2025 17:10,C,26.593
5/25/2025 17:20,C,26.593
5/25/2025 17:30,C,26.593
5/25/2025 17:40,C,27.093
5/25/2025 17:50,C,26.593
5/25/2025 18:00,C,26.593
5/25/2025 18:10,C,26.593
5/25/2025 18:20,C,26.593
5/25/2025 18:30,C,26.094
5/25/2025 18:40,C,26.094
5/25/2025 18:50,C,25.594
5/25/2025 19:00,C,25.594
5/25/2025 19:10,C,25.094
5/25/2025 19:20,C,25.094
5/25/2025 19:30,C,24.594
5/25/2025 19:40,C,24.594
5/25/2025 19:50,C,24.594
5/25/2025 20:00,C,24.094
5/25/2025 20:10,C,24.094
5/25/2025 20:20,C,24.094
5/25/2025 20:30,C,23.594
5/25/2025 20:40,C,23.594
5/25/2025 20:50,C,24.094
5/25/2025 21:00,C,23.594
5/25/2025 21:10,C,23.093
5/25/2025 21:20,C,23.594
5/25/2025 21:30,C,23.093
5/25/2025 21:40,C,23.093
5/25/2025 21:50,C,23.093
5/25/2025 22:00,C,23.093
5/25/2025 22:10,C,23.093
5/25/2025 22:20,C,22.593
5/25/2025 22:30,C,23.093
5/25/2025 22:40,C,23.093
5/25/2025 22:50,C,23.093
5/25/2025 23:00,C,23.093
5/25/2025 23:10,C,22.593
5/25/2025 23:20,C,22.593
5/25/2025 23:30,C,22.593
5/25/2025 23:40,C,22.593
5/25/2025 23:50,C,22.593
5/26/2025 0:00,C,22.593
5/26/2025 0:10,C,22.593
5/26/2025 0:20,C,22.593
5/26/2025 0:30,C,22.593
5/26/2025 0:40,C,22.593
5/26/2025 0:50,C,22.593
5/26/2025 1:00,C,22.093
5/26/2025 1:10,C,21.592
5/26/2025 1:20,C,21.592
5/26/2025 1:30,C,21.592
5/26/2025 1:40,C,21.092
5/26/2025 1:50,C,21.092
5/26/2025 2:00,C,21.592
5/26/2025 2:10,C,21.092
5/26/2025 2:20,C,21.092
5/26/2025 2:30,C,21.092
5/26/2025 2:40,C,21.592
5/26/2025 2:50,C,21.592
5/26/2025 3:00,C,21.592
5/26/2025 3:10,C,21.092
5/26/2025 3:20,C,21.092
5/26/2025 3:30,C,21.092
5/26/2025 3:40,C,21.092
5/26/2025 3:50,C,21.092
5/26/2025 4:00,C,21.092
5/26/2025 4:10,C,21.092
5/26/2025 4:20,C,21.092
5/26/2025 4:30,C,21.092
5/26/2025 4:40,C,20.591
5/26/2025 4:50,C,20.591
5/26/2025 5:00,C,20.591
5/26/2025 5:10,C,20.591
5/26/2025 5:20,C,20.091
5/26/2025 5:30,C,20.091
5/26/2025 5:40,C,20.091
5/26/2025 5:50,C,20.591
5/26/2025 6:00,C,20.591
5/26/2025 6:10,C,20.091
5/26/2025 6:20,C,20.091
5/26/2025 6:30,C,20.091
5/26/2025 6:40,C,20.091
5/26/2025 6:50,C,20.091
5/26/2025 7:00,C,19.59
5/26/2025 7:10,C,20.091
5/26/2025 7:20,C,20.591
5/26/2025 7:30,C,21.092
5/26/2025 7:40,C,22.593
5/26/2025 7:50,C,23.594
5/26/2025 8:00,C,24.094
5/26/2025 8:10,C,23.093
5/26/2025 8:20,C,22.093
5/26/2025 8:30,C,22.093
5/26/2025 8:40,C,23.093
5/26/2025 8:50,C,22.593
5/26/2025 9:00,C,23.093
5/26/2025 9:10,C,23.594
5/26/2025 9:20,C,23.093
5/26/2025 9:30,C,23.093
5/26/2025 9:40,C,23.594
5/26/2025 9:50,C,23.594
5/26/2025 10:00,C,23.594
5/26/2025 10:10,C,23.594
5/26/2025 10:20,C,23.594
5/26/2025 10:30,C,23.594
5/26/2025 10:40,C,24.094
5/26/2025 10:50,C,24.594
5/26/2025 11:00,C,24.594
5/26/2025 11:10,C,25.094
5/26/2025 11:20,C,25.094
5/26/2025 11:30,C,25.094
5/26/2025 11:40,C,25.094
5/26/2025 11:50,C,25.094
5/26/2025 12:00,C,25.094
5/26/2025 12:10,C,25.594
5/26/2025 12:20,C,26.094
5/26/2025 12:30,C,26.593
5/26/2025 12:40,C,25.594
5/26/2025 12:50,C,25.594
5/26/2025 13:00,C,26.094
5/26/2025 13:10,C,26.094
5/26/2025 13:20,C,26.593
5/26/2025 13:30,C,26.593
5/26/2025 13:40,C,26.593
5/26/2025 13:50,C,26.593
5/26/2025 14:00,C,26.593
5/26/2025 14:10,C,26.593
5/26/2025 14:20,C,27.093
5/26/2025 14:30,C,27.093
5/26/2025 14:40,C,27.593
5/26/2025 14:50,C,27.093
5/26/2025 15:00,C,27.593
5/26/2025 15:10,C,27.593
5/26/2025 15:20,C,27.593
5/26/2025 15:30,C,27.593
5/26/2025 15:40,C,27.593
5/26/2025 15:50,C,27.093
5/26/2025 16:00,C,27.093
5/26/2025 16:10,C,27.593
5/26/2025 16:20,C,27.093
5/26/2025 16:30,C,27.093
5/26/2025 16:40,C,27.093
5/26/2025 16:50,C,26.593
5/26/2025 17:00,C,27.093
5/26/2025 17:10,C,27.093
5/26/2025 17:20,C,27.093
5/26/2025 17:30,C,27.093
5/26/2025 17:40,C,27.093
5/26/2025 17:50,C,27.093
5/26/2025 18:00,C,27.093
5/26/2025 18:10,C,26.593
5/26/2025 18:20,C,26.593
5/26/2025 18:30,C,26.094
5/26/2025 18:40,C,26.094
5/26/2025 18:50,C,26.094
5/26/2025 19:00,C,25.594
5/26/2025 19:10,C,25.094
5/26/2025 19:20,C,25.094
5/26/2025 19:30,C,25.094
5/26/2025 19:40,C,24.594
5/26/2025 19:50,C,24.594
5/26/2025 20:00,C,24.594
5/26/2025 20:10,C,24.094
5/26/2025 20:20,C,24.094
5/26/2025 20:30,C,23.594
5/26/2025 20:40,C,23.594
5/26/2025 20:50,C,23.594
5/26/2025 21:00,C,23.594
5/26/2025 21:10,C,23.093
5/26/2025 21:20,C,23.093
5/26/2025 21:30,C,23.093
5/26/2025 21:40,C,23.093
5/26/2025 21:50,C,23.093
5/26/2025 22:00,C,23.093
5/26/2025 22:10,C,22.593
5/26/2025 22:20,C,22.593
5/26/2025 22:30,C,22.593
5/26/2025 22:40,C,22.593
5/26/2025 22:50,C,22.593
5/26/2025 23:00,C,22.593
5/26/2025 23:10,C,22.593
5/26/2025 23:20,C,22.593
5/26/2025 23:30,C,22.593
5/26/2025 23:40,C,22.093
5/26/2025 23:50,C,22.093
5/27/2025 0:00,C,22.093
5/27/2025 0:10,C,22.093
5/27/2025 0:20,C,22.093
5/27/2025 0:30,C,22.093
5/27/2025 0:40,C,22.093
5/27/2025 0:50,C,22.093
5/27/2025 1:00,C,22.093
5/27/2025 1:10,C,22.093
5/27/2025 1:20,C,22.093
5/27/2025 1:30,C,22.093
5/27/2025 1:40,C,22.093
5/27/2025 1:50,C,22.093
5/27/2025 2:00,C,20.591
5/27/2025 2:10,C,20.091
5/27/2025 2:20,C,19.59
5/27/2025 2:30,C,18.589
5/27/2025 2:40,C,18.589
5/27/2025 2:50,C,18.589
5/27/2025 3:00,C,18.088
5/27/2025 3:10,C,18.088
5/27/2025 3:20,C,18.088
5/27/2025 3:30,C,18.589
5/27/2025 3:40,C,18.589
5/27/2025 3:50,C,18.589
5/27/2025 4:00,C,18.589
5/27/2025 4:10,C,18.589
5/27/2025 4:20,C,18.589
5/27/2025 4:30,C,18.589
5/27/2025 4:40,C,18.589
5/27/2025 4:50,C,18.589
5/27/2025 5:00,C,18.589
5/27/2025 5:10,C,18.589
5/27/2025 5:20,C,18.589
5/27/2025 5:30,C,18.589
5/27/2025 5:40,C,18.088
5/27/2025 5:50,C,18.088
5/27/2025 6:00,C,18.589
5/27/2025 6:10,C,18.589
5/27/2025 6:20,C,18.589
5/27/2025 6:30,C,18.589
5/27/2025 6:40,C,18.589
5/27/2025 6:50,C,19.089
5/27/2025 7:00,C,19.089
5/27/2025 7:10,C,19.089
5/27/2025 7:20,C,19.59
5/27/2025 7:30,C,19.59
5/27/2025 7:40,C,20.091
5/27/2025 7:50,C,20.591
5/27/2025 8:00,C,21.592
5/27/2025 8:10,C,23.093
5/27/2025 8:20,C,23.093
5/27/2025 8:30,C,26.094
5/27/2025 8:40,C,27.093
5/27/2025 8:50,C,26.593
5/27/2025 9:00,C,26.094
5/27/2025 9:10,C,28.092
5/27/2025 9:20,C,26.593
5/27/2025 9:30,C,25.094
5/27/2025 9:40,C,24.094
5/27/2025 9:50,C,24.094
5/27/2025 10:00,C,24.594
5/27/2025 10:10,C,24.594
5/27/2025 10:20,C,24.594
5/27/2025 10:30,C,24.594
5/27/2025 10:40,C,24.094
5/27/2025 10:50,C,24.094
5/27/2025 11:00,C,24.094
5/27/2025 11:10,C,24.094
5/27/2025 11:20,C,24.594
5/27/2025 11:30,C,24.594
5/27/2025 11:40,C,24.594
5/27/2025 11:50,C,24.594
5/27/2025 12:00,C,24.594
5/27/2025 12:10,C,22.593
5/27/2025 12:20,C,20.591
5/27/2025 12:30,C,20.091
5/27/2025 12:40,C,20.591
5/27/2025 12:50,C,21.592
5/27/2025 13:00,C,22.093
5/27/2025 13:10,C,23.093
5/27/2025 13:20,C,23.594
5/27/2025 13:30,C,23.594
5/27/2025 13:40,C,24.094
5/27/2025 13:50,C,25.094
5/27/2025 14:00,C,25.094
5/27/2025 14:10,C,25.594
5/27/2025 14:20,C,25.594
5/27/2025 14:30,C,26.094
5/27/2025 14:40,C,25.594
5/27/2025 14:50,C,25.594
5/27/2025 15:00,C,25.594
5/27/2025 15:10,C,25.594
5/27/2025 15:20,C,26.094
5/27/2025 15:30,C,26.094
5/27/2025 15:40,C,26.094
5/27/2025 15:50,C,26.094
5/27/2025 16:00,C,25.594
5/27/2025 16:10,C,25.094
5/27/2025 16:20,C,25.094
5/27/2025 16:30,C,25.094
5/27/2025 16:40,C,25.594
5/27/2025 16:50,C,25.594
5/27/2025 17:00,C,25.094
5/27/2025 17:10,C,25.094
5/27/2025 17:20,C,25.094
5/27/2025 17:30,C,25.594
5/27/2025 17:40,C,26.094
5/27/2025 17:50,C,26.094
5/27/2025 18:00,C,26.094
5/27/2025 18:10,C,25.594
5/27/2025 18:20,C,25.094
5/27/2025 18:30,C,25.094
5/27/2025 18:40,C,24.594
5/27/2025 18:50,C,24.094
5/27/2025 19:00,C,24.094
5/27/2025 19:10,C,23.594
5/27/2025 19:20,C,23.594
5/27/2025 19:30,C,23.093
5/27/2025 19:40,C,23.093
5/27/2025 19:50,C,23.093
5/27/2025 20:00,C,23.093
5/27/2025 20:10,C,22.593
5/27/2025 20:20,C,22.593
5/27/2025 20:30,C,22.593
5/27/2025 20:40,C,22.093
5/27/2025 20:50,C,22.093
5/27/2025 21:00,C,22.093
5/27/2025 21:10,C,22.093
5/27/2025 21:20,C,22.093
5/27/2025 21:30,C,22.093
5/27/2025 21:40,C,22.093
5/27/2025 21:50,C,22.093
5/27/2025 22:00,C,22.093
5/27/2025 22:10,C,21.592
5/27/2025 22:20,C,21.592
5/27/2025 22:30,C,21.092
5/27/2025 22:40,C,20.591
5/27/2025 22:50,C,20.591
5/27/2025 23:00,C,20.591
5/27/2025 23:10,C,20.591
5/27/2025 23:20,C,20.591
5/27/2025 23:30,C,20.591
5/27/2025 23:40,C,20.591
5/27/2025 23:50,C,20.591
5/28/2025 0:00,C,20.591
5/28/2025 0:10,C,20.091
5/28/2025 0:20,C,20.091
5/28/2025 0:30,C,20.091
5/28/2025 0:40,C,20.091
5/28/2025 0:50,C,20.091
5/28/2025 1:00,C,20.091
5/28/2025 1:10,C,20.091
5/28/2025 1:20,C,20.091
5/28/2025 1:30,C,20.091
5/28/2025 1:40,C,20.091
5/28/2025 1:50,C,20.091
5/28/2025 2:00,C,20.091
5/28/2025 2:10,C,19.59
5/28/2025 2:20,C,19.59
5/28/2025 2:30,C,19.59
5/28/2025 2:40,C,19.59
5/28/2025 2:50,C,19.59
5/28/2025 3:00,C,19.59
5/28/2025 3:10,C,19.59
5/28/2025 3:20,C,19.59
5/28/2025 3:30,C,19.59
5/28/2025 3:40,C,19.59
5/28/2025 3:50,C,19.089
5/28/2025 4:00,C,19.089
5/28/2025 4:10,C,19.089
5/28/2025 4:20,C,19.59
5/28/2025 4:30,C,19.59
5/28/2025 4:40,C,19.59
5/28/2025 4:50,C,19.59
5/28/2025 5:00,C,19.59
5/28/2025 5:10,C,19.089
5/28/2025 5:20,C,19.089
5/28/2025 5:30,C,19.089
5/28/2025 5:40,C,19.089
5/28/2025 5:50,C,19.089
5/28/2025 6:00,C,19.089
5/28/2025 6:10,C,19.089
5/28/2025 6:20,C,19.089
5/28/2025 6:30,C,18.589
5/28/2025 6:40,C,19.089
5/28/2025 6:50,C,19.089
5/28/2025 7:00,C,18.589
5/28/2025 7:10,C,19.089
5/28/2025 7:20,C,19.59
5/28/2025 7:30,C,20.591
5/28/2025 7:40,C,22.093
5/28/2025 7:50,C,23.093
5/28/2025 8:00,C,24.594
5/28/2025 8:10,C,24.594
5/28/2025 8:20,C,23.594
5/28/2025 8:30,C,25.094
5/28/2025 8:40,C,25.594
5/28/2025 8:50,C,24.594
5/28/2025 9:00,C,24.594
5/28/2025 9:10,C,26.094
5/28/2025 9:20,C,27.093
5/28/2025 9:30,C,26.593
5/28/2025 9:40,C,25.594
5/28/2025 9:50,C,25.094
5/28/2025 10:00,C,25.094
5/28/2025 10:10,C,25.094
5/28/2025 10:20,C,25.094
5/28/2025 10:30,C,25.094
5/28/2025 10:40,C,25.594
5/28/2025 10:50,C,25.594
5/28/2025 11:00,C,25.594
5/28/2025 11:10,C,25.594
5/28/2025 11:20,C,26.094
5/28/2025 11:30,C,25.594
5/28/2025 11:40,C,26.094
5/28/2025 11:50,C,26.094
5/28/2025 12:00,C,26.094
5/28/2025 12:10,C,26.094
5/28/2025 12:20,C,26.094
5/28/2025 12:30,C,26.094
5/28/2025 12:40,C,25.594
5/28/2025 12:50,C,26.593
5/28/2025 13:00,C,26.593
5/28/2025 13:10,C,26.593
5/28/2025 13:20,C,27.093
5/28/2025 13:30,C,27.093
5/28/2025 13:40,C,27.093
5/28/2025 13:50,C,27.093
5/28/2025 14:00,C,27.093
5/28/2025 14:10,C,27.093
5/28/2025 14:20,C,27.093
5/28/2025 14:30,C,27.093
5/28/2025 14:40,C,27.093
5/28/2025 14:50,C,27.593
5/28/2025 15:00,C,27.593
5/28/2025 15:10,C,27.593
5/28/2025 15:20,C,27.093
5/28/2025 15:30,C,27.093
5/28/2025 15:40,C,27.093
5/28/2025 15:50,C,26.593
5/28/2025 16:00,C,26.593
5/28/2025 16:10,C,26.593
5/28/2025 16:20,C,26.593
5/28/2025 16:30,C,26.593
5/28/2025 16:40,C,26.593
5/28/2025 16:50,C,26.593
5/28/2025 17:00,C,26.593
5/28/2025 17:10,C,26.593
5/28/2025 17:20,C,26.593
5/28/2025 17:30,C,26.593
5/28/2025 17:40,C,26.094
5/28/2025 17:50,C,26.094
5/28/2025 18:00,C,26.094
5/28/2025 18:10,C,25.594
5/28/2025 18:20,C,25.594
5/28/2025 18:30,C,25.594
5/28/2025 18:40,C,25.094
5/28/2025 18:50,C,24.594
5/28/2025 19:00,C,24.594
5/28/2025 19:10,C,24.094
5/28/2025 19:20,C,24.094
5/28/2025 19:30,C,23.594
5/28/2025 19:40,C,23.594
5/28/2025 19:50,C,23.594
5/28/2025 20:00,C,23.594
5/28/2025 20:10,C,23.594
5/28/2025 20:20,C,23.093
5/28/2025 20:30,C,23.093
5/28/2025 20:40,C,23.093
5/28/2025 20:50,C,23.093
5/28/2025 21:00,C,23.093
5/28/2025 21:10,C,23.093
5/28/2025 21:20,C,22.593
5/28/2025 21:30,C,22.593
5/28/2025 21:40,C,22.593
5/28/2025 21:50,C,22.593
5/28/2025 22:00,C,22.593
5/28/2025 22:10,C,22.593
5/28/2025 22:20,C,22.593
5/28/2025 22:30,C,22.593
5/28/2025 22:40,C,22.593
5/28/2025 22:50,C,22.093
5/28/2025 23:00,C,22.093
5/28/2025 23:10,C,22.093
5/28/2025 23:20,C,22.093
5/28/2025 23:30,C,22.093
5/28/2025 23:40,C,22.093
5/28/2025 23:50,C,22.093
5/29/2025 0:00,C,22.093
5/29/2025 0:10,C,22.093
5/29/2025 0:20,C,22.093
5/29/2025 0:30,C,22.093
5/29/2025 0:40,C,22.093
5/29/2025 0:50,C,22.093
5/29/2025 1:00,C,21.592
5/29/2025 1:10,C,21.592
5/29/2025 1:20,C,22.093
5/29/2025 1:30,C,21.592
5/29/2025 1:40,C,21.592
5/29/2025 1:50,C,21.592
5/29/2025 2:00,C,21.592
5/29/2025 2:10,C,21.592
5/29/2025 2:20,C,21.092
5/29/2025 2:30,C,21.092
5/29/2025 2:40,C,21.092
5/29/2025 2:50,C,21.092
5/29/2025 3:00,C,20.591
5/29/2025 3:10,C,20.591
5/29/2025 3:20,C,21.092
5/29/2025 3:30,C,21.092
5/29/2025 3:40,C,21.092
5/29/2025 3:50,C,20.591
5/29/2025 4:00,C,20.591
5/29/2025 4:10,C,20.591
5/29/2025 4:20,C,20.091
5/29/2025 4:30,C,20.091
5/29/2025 4:40,C,20.091
5/29/2025 4:50,C,20.091
5/29/2025 5:00,C,20.091
5/29/2025 5:10,C,20.091
5/29/2025 5:20,C,20.091
5/29/2025 5:30,C,20.091
5/29/2025 5:40,C,19.59
5/29/2025 5:50,C,19.59
5/29/2025 6:00,C,19.59
5/29/2025 6:10,C,19.59
5/29/2025 6:20,C,19.59
5/29/2025 6:30,C,19.59
5/29/2025 6:40,C,19.59
5/29/2025 6:50,C,19.59
5/29/2025 7:00,C,19.59
5/29/2025 7:10,C,19.59
5/29/2025 7:20,C,19.59
5/29/2025 7:30,C,20.091
5/29/2025 7:40,C,21.592
5/29/2025 7:50,C,23.093
5/29/2025 8:00,C,25.594
5/29/2025 8:10,C,27.093
5/29/2025 8:20,C,26.094
5/29/2025 8:30,C,28.092
5/29/2025 8:40,C,27.093
5/29/2025 8:50,C,26.593
5/29/2025 9:00,C,26.094
5/29/2025 9:10,C,26.593
5/29/2025 9:20,C,26.094
5/29/2025 9:30,C,27.593
5/29/2025 9:40,C,27.093
5/29/2025 9:50,C,26.094
5/29/2025 10:00,C,26.593
5/29/2025 10:10,C,26.094
5/29/2025 10:20,C,26.593
5/29/2025 10:30,C,26.593
5/29/2025 10:40,C,26.094
5/29/2025 10:50,C,25.594
5/29/2025 11:00,C,26.094
5/29/2025 11:10,C,26.094
5/29/2025 11:20,C,26.094
5/29/2025 11:30,C,26.094
5/29/2025 11:40,C,26.094
5/29/2025 11:50,C,26.593
5/29/2025 12:00,C,26.593
5/29/2025 12:10,C,26.593
5/29/2025 12:20,C,27.093
5/29/2025 12:30,C,27.093
5/29/2025 12:40,C,27.093
5/29/2025 12:50,C,27.093
5/29/2025 13:00,C,27.593
5/29/2025 13:10,C,27.093
5/29/2025 13:20,C,27.593
5/29/2025 13:30,C,27.593
5/29/2025 13:40,C,27.593
5/29/2025 13:50,C,27.593
5/29/2025 14:00,C,27.593
5/29/2025 14:10,C,28.092
5/29/2025 14:20,C,27.593
5/29/2025 14:30,C,28.092
5/29/2025 14:40,C,28.092
5/29/2025 14:50,C,27.593
5/29/2025 15:00,C,27.093
5/29/2025 15:10,C,27.093
5/29/2025 15:20,C,27.093
5/29/2025 15:30,C,27.093
5/29/2025 15:40,C,27.093
5/29/2025 15:50,C,27.093
5/29/2025 16:00,C,27.093
5/29/2025 16:10,C,26.593
5/29/2025 16:20,C,26.593
5/29/2025 16:30,C,27.093
5/29/2025 16:40,C,26.593
5/29/2025 16:50,C,27.093
5/29/2025 17:00,C,27.093
5/29/2025 17:10,C,27.093
5/29/2025 17:20,C,26.593
5/29/2025 17:30,C,26.593
5/29/2025 17:40,C,26.094
5/29/2025 17:50,C,26.094
5/29/2025 18:00,C,26.094
5/29/2025 18:10,C,26.094
5/29/2025 18:20,C,25.594
5/29/2025 18:30,C,25.594
5/29/2025 18:40,C,25.094
5/29/2025 18:50,C,24.594
5/29/2025 19:00,C,24.594
5/29/2025 19:10,C,24.594
5/29/2025 19:20,C,24.594
5/29/2025 19:30,C,24.094
5/29/2025 19:40,C,24.094
5/29/2025 19:50,C,23.594
5/29/2025 20:00,C,23.594
5/29/2025 20:10,C,23.594
5/29/2025 20:20,C,23.594
5/29/2025 20:30,C,23.093
5/29/2025 20:40,C,23.093
5/29/2025 20:50,C,23.093
5/29/2025 21:00,C,23.093
5/29/2025 21:10,C,23.093
5/29/2025 21:20,C,23.093
5/29/2025 21:30,C,22.593
5/29/2025 21:40,C,22.593
5/29/2025 21:50,C,22.593
5/29/2025 22:00,C,22.593
5/29/2025 22:10,C,22.593
5/29/2025 22:20,C,22.593
5/29/2025 22:30,C,22.593
5/29/2025 22:40,C,22.593
5/29/2025 22:50,C,22.093
5/29/2025 23:00,C,22.093
5/29/2025 23:10,C,22.093
5/29/2025 23:20,C,22.093
5/29/2025 23:30,C,21.592
5/29/2025 23:40,C,21.592
5/29/2025 23:50,C,21.592
5/30/2025 0:00,C,21.592
5/30/2025 0:10,C,22.093
5/30/2025 0:20,C,22.093
5/30/2025 0:30,C,21.592
5/30/2025 0:40,C,21.092
5/30/2025 0:50,C,21.592
5/30/2025 1:00,C,21.592
5/30/2025 1:10,C,21.092
5/30/2025 1:20,C,21.092
5/30/2025 1:30,C,21.092
5/30/2025 1:40,C,21.092
5/30/2025 1:50,C,21.092
5/30/2025 2:00,C,21.092
5/30/2025 2:10,C,21.092
5/30/2025 2:20,C,21.092
5/30/2025 2:30,C,21.092
5/30/2025 2:40,C,21.092
5/30/2025 2:50,C,21.092
5/30/2025 3:00,C,21.092
5/30/2025 3:10,C,21.092
5/30/2025 3:20,C,21.092
5/30/2025 3:30,C,21.092
5/30/2025 3:40,C,21.092
5/30/2025 3:50,C,21.092
5/30/2025 4:00,C,20.591
5/30/2025 4:10,C,20.591
5/30/2025 4:20,C,20.591
5/30/2025 4:30,C,20.091
5/30/2025 4:40,C,20.091
5/30/2025 4:50,C,20.091
5/30/2025 5:00,C,20.091
5/30/2025 5:10,C,20.091
5/30/2025 5:20,C,20.091
5/30/2025 5:30,C,20.091
5/30/2025 5:40,C,20.091
5/30/2025 5:50,C,20.091
5/30/2025 6:00,C,20.091
5/30/2025 6:10,C,20.091
5/30/2025 6:20,C,20.091
5/30/2025 6:30,C,20.091
5/30/2025 6:40,C,20.091
5/30/2025 6:50,C,20.091
5/30/2025 7:00,C,20.091
5/30/2025 7:10,C,20.091
5/30/2025 7:20,C,20.591
5/30/2025 7:30,C,21.592
5/30/2025 7:40,C,24.094
5/30/2025 7:50,C,24.594
5/30/2025 8:00,C,25.594
5/30/2025 8:10,C,26.094
5/30/2025 8:20,C,24.094
5/30/2025 8:30,C,24.094
5/30/2025 8:40,C,26.593
5/30/2025 8:50,C,26.593
5/30/2025 9:00,C,26.094
5/30/2025 9:10,C,28.592
5/30/2025 9:20,C,29.091
5/30/2025 9:30,C,28.092
5/30/2025 9:40,C,27.093
5/30/2025 9:50,C,26.593
5/30/2025 10:00,C,26.593
5/30/2025 10:10,C,26.094
5/30/2025 10:20,C,26.593
5/30/2025 10:30,C,26.094
5/30/2025 10:40,C,26.593
5/30/2025 10:50,C,26.593
5/30/2025 11:00,C,26.094
5/30/2025 11:10,C,26.593
5/30/2025 11:20,C,26.593
5/30/2025 11:30,C,27.093
5/30/2025 11:40,C,27.593
5/30/2025 11:50,C,27.093
5/30/2025 12:00,C,27.593
5/30/2025 12:10,C,27.593
5/30/2025 12:20,C,27.093
5/30/2025 12:30,C,27.593
5/30/2025 12:40,C,27.593
5/30/2025 12:50,C,27.593
5/30/2025 13:00,C,27.593
5/30/2025 13:10,C,27.593
5/30/2025 13:20,C,28.092
5/30/2025 13:30,C,27.593
5/30/2025 13:40,C,28.092
5/30/2025 13:50,C,28.092
5/30/2025 14:00,C,28.092
5/30/2025 14:10,C,28.092
5/30/2025 14:20,C,28.092
5/30/2025 14:30,C,28.092
5/30/2025 14:40,C,28.092
5/30/2025 14:50,C,28.092
5/30/2025 15:00,C,28.092
5/30/2025 15:10,C,28.092
5/30/2025 15:20,C,28.092
5/30/2025 15:30,C,28.092
5/30/2025 15:40,C,28.592
5/30/2025 15:50,C,28.092
5/30/2025 16:00,C,27.593
5/30/2025 16:10,C,27.593
5/30/2025 16:20,C,27.593
5/30/2025 16:30,C,27.593
5/30/2025 16:40,C,27.593
5/30/2025 16:50,C,27.593
5/30/2025 17:00,C,27.593
5/30/2025 17:10,C,27.593
5/30/2025 17:20,C,27.093
5/30/2025 17:30,C,27.093
5/30/2025 17:40,C,26.593
5/30/2025 17:50,C,26.593
5/30/2025 18:00,C,26.593
5/30/2025 18:10,C,26.094
5/30/2025 18:20,C,26.094
5/30/2025 18:30,C,25.594
5/30/2025 18:40,C,25.094
5/30/2025 18:50,C,25.094
5/30/2025 19:00,C,24.594
5/30/2025 19:10,C,24.594
5/30/2025 19:20,C,24.094
5/30/2025 19:30,C,24.094
5/30/2025 19:40,C,24.094
5/30/2025 19:50,C,24.094
5/30/2025 20:00,C,23.594
5/30/2025 20:10,C,23.594
5/30/2025 20:20,C,23.594
5/30/2025 20:30,C,23.594
5/30/2025 20:40,C,23.594
5/30/2025 20:50,C,23.093
5/30/2025 21:00,C,23.093
5/30/2025 21:10,C,23.093
5/30/2025 21:20,C,23.093
5/30/2025 21:30,C,23.093
5/30/2025 21:40,C,23.093
5/30/2025 21:50,C,23.093
5/30/2025 22:00,C,23.093
5/30/2025 22:10,C,23.093
5/30/2025 22:20,C,23.093
5/30/2025 22:30,C,23.093
5/30/2025 22:40,C,23.594
5/30/2025 22:50,C,23.594
5/30/2025 23:00,C,23.594
5/30/2025 23:10,C,23.093
5/30/2025 23:20,C,23.093
5/30/2025 23:30,C,23.093
5/30/2025 23:40,C,23.093
5/30/2025 23:50,C,23.093
5/31/2025 0:00,C,23.093
5/31/2025 0:10,C,23.093
5/31/2025 0:20,C,23.093
5/31/2025 0:30,C,23.093
5/31/2025 0:40,C,23.093
5/31/2025 0:50,C,23.093
5/31/2025 1:00,C,22.593
5/31/2025 1:10,C,22.593
5/31/2025 1:20,C,22.593
5/31/2025 1:30,C,22.593
5/31/2025 1:40,C,22.593
5/31/2025 1:50,C,22.593
5/31/2025 2:00,C,22.593
5/31/2025 2:10,C,22.593
5/31/2025 2:20,C,22.093
5/31/2025 2:30,C,22.093
5/31/2025 2:40,C,22.093
5/31/2025 2:50,C,22.093
5/31/2025 3:00,C,22.093
5/31/2025 3:10,C,22.093
5/31/2025 3:20,C,22.093
5/31/2025 3:30,C,22.093
5/31/2025 3:40,C,22.093
5/31/2025 3:50,C,22.093
5/31/2025 4:00,C,21.592
5/31/2025 4:10,C,21.092
5/31/2025 4:20,C,21.592
5/31/2025 4:30,C,21.592
5/31/2025 4:40,C,21.592
5/31/2025 4:50,C,21.592
5/31/2025 5:00,C,21.092
5/31/2025 5:10,C,21.092
5/31/2025 5:20,C,21.092
5/31/2025 5:30,C,21.592
5/31/2025 5:40,C,21.092
5/31/2025 5:50,C,21.592
5/31/2025 6:00,C,21.592
5/31/2025 6:10,C,21.592
5/31/2025 6:20,C,21.592
5/31/2025 6:30,C,21.592
5/31/2025 6:40,C,21.592
5/31/2025 6:50,C,21.592
5/31/2025 7:00,C,21.592
5/31/2025 7:10,C,21.592
5/31/2025 7:20,C,21.592
5/31/2025 7:30,C,21.592
5/31/2025 7:40,C,21.592
5/31/2025 7:50,C,22.093
5/31/2025 8:00,C,22.093
5/31/2025 8:10,C,21.592
5/31/2025 8:20,C,21.592
5/31/2025 8:30,C,22.093
5/31/2025 8:40,C,22.093
5/31/2025 8:50,C,22.093
5/31/2025 9:00,C,22.093
5/31/2025 9:10,C,21.592
5/31/2025 9:20,C,21.592
5/31/2025 9:30,C,22.093
5/31/2025 9:40,C,22.593
5/31/2025 9:50,C,23.093
5/31/2025 10:00,C,23.594
5/31/2025 10:10,C,23.594
5/31/2025 10:20,C,24.094
5/31/2025 10:30,C,25.094
5/31/2025 10:40,C,24.594
5/31/2025 10:50,C,24.594
5/31/2025 11:00,C,25.094
5/31/2025 11:10,C,25.094
5/31/2025 11:20,C,25.594
5/31/2025 11:30,C,26.094
5/31/2025 11:40,C,26.593
5/31/2025 11:50,C,26.593
5/31/2025 12:00,C,26.593
5/31/2025 12:10,C,26.593
5/31/2025 12:20,C,27.093
5/31/2025 12:30,C,27.093
5/31/2025 12:40,C,27.093
5/31/2025 12:50,C,27.093
5/31/2025 13:00,C,27.093
5/31/2025 13:10,C,27.593
5/31/2025 13:20,C,27.593
5/31/2025 13:30,C,27.593
5/31/2025 13:40,C,27.593
5/31/2025 13:50,C,28.092
5/31/2025 14:00,C,27.593
5/31/2025 14:10,C,28.092
5/31/2025 14:20,C,28.092
5/31/2025 14:30,C,28.592
5/31/2025 14:40,C,28.092
5/31/2025 14:50,C,28.092
5/31/2025 15:00,C,28.592
5/31/2025 15:10,C,27.593
5/31/2025 15:20,C,28.592
5/31/2025 15:30,C,28.092
5/31/2025 15:40,C,28.092
5/31/2025 15:50,C,28.592
5/31/2025 16:00,C,28.592
5/31/2025 16:10,C,28.092
5/31/2025 16:20,C,28.092
5/31/2025 16:30,C,28.092
5/31/2025 16:40,C,28.092
5/31/2025 16:50,C,28.092
5/31/2025 17:00,C,28.092
5/31/2025 17:10,C,28.092
5/31/2025 17:20,C,28.092
5/31/2025 17:30,C,28.092
5/31/2025 17:40,C,27.593
5/31/2025 17:50,C,27.593
5/31/2025 18:00,C,27.093
5/31/2025 18:10,C,26.593
5/31/2025 18:20,C,26.094
5/31/2025 18:30,C,26.094
5/31/2025 18:40,C,25.594
5/31/2025 18:50,C,25.094
5/31/2025 19:00,C,25.094
5/31/2025 19:10,C,24.594
5/31/2025 19:20,C,24.594
5/31/2025 19:30,C,24.594
5/31/2025 19:40,C,24.594
5/31/2025 19:50,C,24.094
5/31/2025 20:00,C,24.094
5/31/2025 20:10,C,23.594
5/31/2025 20:20,C,23.594
5/31/2025 20:30,C,23.594
5/31/2025 20:40,C,23.594
5/31/2025 20:50,C,23.594
5/31/2025 21:00,C,23.594
5/31/2025 21:10,C,23.594
5/31/2025 21:20,C,23.093
5/31/2025 21:30,C,23.093
5/31/2025 21:40,C,23.093
5/31/2025 21:50,C,23.093
5/31/2025 22:00,C,23.093
5/31/2025 22:10,C,23.093
5/31/2025 22:20,C,22.593
5/31/2025 22:30,C,22.593
5/31/2025 22:40,C,22.593
5/31/2025 22:50,C,22.593
5/31/2025 23:00,C,22.593
5/31/2025 23:10,C,22.593
5/31/2025 23:20,C,22.593
5/31/2025 23:30,C,22.593
5/31/2025 23:40,C,22.593
5/31/2025 23:50,C,22.093
6/1/2025 0:00,C,22.093
6/1/2025 0:10,C,21.592
6/1/2025 0:20,C,22.093
6/1/2025 0:30,C,22.093
6/1/2025 0:40,C,22.093
6/1/2025 0:50,C,22.093
6/1/2025 1:00,C,22.093
6/1/2025 1:10,C,22.093
6/1/2025 1:20,C,22.093
6/1/2025 1:30,C,22.093
6/1/2025 1:40,C,22.093
6/1/2025 1:50,C,22.093
6/1/2025 2:00,C,21.092
6/1/2025 2:10,C,20.591
6/1/2025 2:20,C,19.59
6/1/2025 2:30,C,19.089
6/1/2025 2:40,C,19.089
6/1/2025 2:50,C,19.59
6/1/2025 3:00,C,19.089
6/1/2025 3:10,C,19.59
6/1/2025 3:20,C,19.59
6/1/2025 3:30,C,19.59
6/1/2025 3:40,C,19.59
6/1/2025 3:50,C,19.59
6/1/2025 4:00,C,19.59
6/1/2025 4:10,C,19.59
6/1/2025 4:20,C,20.091
6/1/2025 4:30,C,19.59
6/1/2025 4:40,C,20.091
6/1/2025 4:50,C,20.091
6/1/2025 5:00,C,20.091
6/1/2025 5:10,C,19.59
6/1/2025 5:20,C,19.59
6/1/2025 5:30,C,19.59
6/1/2025 5:40,C,19.59
6/1/2025 5:50,C,19.59
6/1/2025 6:00,C,19.59
6/1/2025 6:10,C,19.59
6/1/2025 6:20,C,19.59
6/1/2025 6:30,C,20.091
6/1/2025 6:40,C,20.091
6/1/2025 6:50,C,19.59
6/1/2025 7:00,C,20.091
6/1/2025 7:10,C,20.091
6/1/2025 7:20,C,20.091
6/1/2025 7:30,C,20.091
6/1/2025 7:40,C,20.091
6/1/2025 7:50,C,20.591
6/1/2025 8:00,C,21.092
6/1/2025 8:10,C,22.093
6/1/2025 8:20,C,22.093
6/1/2025 8:30,C,22.093
6/1/2025 8:40,C,22.593
6/1/2025 8:50,C,22.593
6/1/2025 9:00,C,22.593
6/1/2025 9:10,C,23.093
6/1/2025 9:20,C,24.094
6/1/2025 9:30,C,24.594
6/1/2025 9:40,C,24.094
6/1/2025 9:50,C,23.594
6/1/2025 10:00,C,24.594
6/1/2025 10:10,C,24.094
6/1/2025 10:20,C,24.094
6/1/2025 10:30,C,24.094
6/1/2025 10:40,C,24.594
6/1/2025 10:50,C,24.094
6/1/2025 11:00,C,23.594
6/1/2025 11:10,C,24.094
6/1/2025 11:20,C,24.594
6/1/2025 11:30,C,24.594
6/1/2025 11:40,C,25.094
6/1/2025 11:50,C,25.094
6/1/2025 12:00,C,26.094
6/1/2025 12:10,C,26.094
6/1/2025 12:20,C,26.094
6/1/2025 12:30,C,26.094
6/1/2025 12:40,C,26.593
6/1/2025 12:50,C,26.593
6/1/2025 13:00,C,26.593
6/1/2025 13:10,C,26.094
6/1/2025 13:20,C,26.593
6/1/2025 13:30,C,27.093
6/1/2025 13:40,C,27.593
6/1/2025 13:50,C,27.593
6/1/2025 14:00,C,27.593
6/1/2025 14:10,C,27.593
6/1/2025 14:20,C,28.092
6/1/2025 14:30,C,27.593
6/1/2025 14:40,C,27.093
6/1/2025 14:50,C,27.593
6/1/2025 15:00,C,28.092
6/1/2025 15:10,C,28.092
6/1/2025 15:20,C,28.092
6/1/2025 15:30,C,28.092
6/1/2025 15:40,C,28.092
6/1/2025 15:50,C,28.092
6/1/2025 16:00,C,28.092
6/1/2025 16:10,C,28.092
6/1/2025 16:20,C,28.092
6/1/2025 16:30,C,28.092
6/1/2025 16:40,C,28.092
6/1/2025 16:50,C,28.092
6/1/2025 17:00,C,28.092
6/1/2025 17:10,C,28.092
6/1/2025 17:20,C,27.593
6/1/2025 17:30,C,27.593
6/1/2025 17:40,C,27.593
6/1/2025 17:50,C,27.593
6/1/2025 18:00,C,27.093
6/1/2025 18:10,C,27.093
6/1/2025 18:20,C,27.093
6/1/2025 18:30,C,26.593
6/1/2025 18:40,C,26.094
6/1/2025 18:50,C,25.594
6/1/2025 19:00,C,25.594
6/1/2025 19:10,C,25.094
6/1/2025 19:20,C,24.594
6/1/2025 19:30,C,24.594
6/1/2025 19:40,C,24.594
6/1/2025 19:50,C,24.594
6/1/2025 20:00,C,24.094
6/1/2025 20:10,C,24.094
6/1/2025 20:20,C,24.094
6/1/2025 20:30,C,24.094
6/1/2025 20:40,C,23.594
6/1/2025 20:50,C,23.594
6/1/2025 21:00,C,23.594
6/1/2025 21:10,C,23.093
6/1/2025 21:20,C,23.093
6/1/2025 21:30,C,23.093
6/1/2025 21:40,C,23.093
6/1/2025 21:50,C,23.093
6/1/2025 22:00,C,22.593
6/1/2025 22:10,C,22.593
6/1/2025 22:20,C,22.593
6/1/2025 22:30,C,22.593
6/1/2025 22:40,C,22.593
6/1/2025 22:50,C,22.593
6/1/2025 23:00,C,22.593
6/1/2025 23:10,C,22.093
6/1/2025 23:20,C,22.593
6/1/2025 23:30,C,22.593
6/1/2025 23:40,C,22.593
6/1/2025 23:50,C,22.593
6/2/2025 0:00,C,21.092
6/2/2025 0:10,C,21.592
6/2/2025 0:20,C,21.592
6/2/2025 0:30,C,21.592
6/2/2025 0:40,C,21.592
6/2/2025 0:50,C,21.592
6/2/2025 1:00,C,21.592
6/2/2025 1:10,C,21.092
6/2/2025 1:20,C,21.092
6/2/2025 1:30,C,21.092
6/2/2025 1:40,C,21.092
6/2/2025 1:50,C,21.092
6/2/2025 2:00,C,21.092
6/2/2025 2:10,C,21.092
6/2/2025 2:20,C,21.092
6/2/2025 2:30,C,21.092
6/2/2025 2:40,C,21.092
6/2/2025 2:50,C,20.591
6/2/2025 3:00,C,20.591
6/2/2025 3:10,C,20.591
6/2/2025 3:20,C,20.591
6/2/2025 3:30,C,20.591
6/2/2025 3:40,C,20.591
6/2/2025 3:50,C,20.591
6/2/2025 4:00,C,20.591
6/2/2025 4:10,C,20.591
6/2/2025 4:20,C,20.591
6/2/2025 4:30,C,20.591
6/2/2025 4:40,C,20.591
6/2/2025 4:50,C,20.591
6/2/2025 5:00,C,20.591
6/2/2025 5:10,C,20.591
6/2/2025 5:20,C,20.091
6/2/2025 5:30,C,20.091
6/2/2025 5:40,C,20.091
6/2/2025 5:50,C,20.591
6/2/2025 6:00,C,20.591
6/2/2025 6:10,C,20.091
6/2/2025 6:20,C,20.091
6/2/2025 6:30,C,20.091
6/2/2025 6:40,C,20.091
6/2/2025 6:50,C,20.091
6/2/2025 7:00,C,20.091
6/2/2025 7:10,C,20.591
6/2/2025 7:20,C,21.092
6/2/2025 7:30,C,22.093
6/2/2025 7:40,C,24.094
6/2/2025 7:50,C,24.594
6/2/2025 8:00,C,26.094
6/2/2025 8:10,C,27.593
6/2/2025 8:20,C,26.593
6/2/2025 8:30,C,28.592
6/2/2025 8:40,C,29.091
6/2/2025 8:50,C,28.592
6/2/2025 9:00,C,26.593
6/2/2025 9:10,C,29.091
6/2/2025 9:20,C,29.091
6/2/2025 9:30,C,27.093
6/2/2025 9:40,C,27.093
6/2/2025 9:50,C,26.094
6/2/2025 10:00,C,26.593
6/2/2025 10:10,C,26.593
6/2/2025 10:20,C,26.593
6/2/2025 10:30,C,26.593
6/2/2025 10:40,C,26.593
6/2/2025 10:50,C,26.593
6/2/2025 11:00,C,27.093
6/2/2025 11:10,C,27.093
6/2/2025 11:20,C,27.093
6/2/2025 11:30,C,27.093
6/2/2025 11:40,C,27.593
6/2/2025 11:50,C,27.593
6/2/2025 12:00,C,27.593
6/2/2025 12:10,C,27.593
6/2/2025 12:20,C,27.593
6/2/2025 12:30,C,27.593
6/2/2025 12:40,C,27.093
6/2/2025 12:50,C,27.093
6/2/2025 13:00,C,28.092
6/2/2025 13:10,C,28.092
6/2/2025 13:20,C,28.092
6/2/2025 13:30,C,28.092
6/2/2025 13:40,C,28.092
6/2/2025 13:50,C,28.092
6/2/2025 14:00,C,28.092
6/2/2025 14:10,C,28.092
6/2/2025 14:20,C,28.592
6/2/2025 14:30,C,28.592
6/2/2025 14:40,C,28.592
6/2/2025 14:50,C,28.592
6/2/2025 15:00,C,28.592
6/2/2025 15:10,C,28.592
6/2/2025 15:20,C,28.592
6/2/2025 15:30,C,28.592
6/2/2025 15:40,C,28.592
6/2/2025 15:50,C,29.091
6/2/2025 16:00,C,29.091
6/2/2025 16:10,C,29.091
6/2/2025 16:20,C,29.091
6/2/2025 16:30,C,29.091
6/2/2025 16:40,C,29.091
6/2/2025 16:50,C,29.091
6/2/2025 17:00,C,29.091
6/2/2025 17:10,C,28.592
6/2/2025 17:20,C,28.592
6/2/2025 17:30,C,28.592
6/2/2025 17:40,C,28.592
6/2/2025 17:50,C,28.092
6/2/2025 18:00,C,28.092
6/2/2025 18:10,C,28.092
6/2/2025 18:20,C,27.593
6/2/2025 18:30,C,27.593
6/2/2025 18:40,C,27.093
6/2/2025 18:50,C,26.593
6/2/2025 19:00,C,26.094
6/2/2025 19:10,C,25.594
6/2/2025 19:20,C,25.594
6/2/2025 19:30,C,25.594
6/2/2025 19:40,C,25.594
6/2/2025 19:50,C,25.094
6/2/2025 20:00,C,24.594
6/2/2025 20:10,C,24.594
6/2/2025 20:20,C,24.094
6/2/2025 20:30,C,24.594
6/2/2025 20:40,C,24.094
6/2/2025 20:50,C,23.594
6/2/2025 21:00,C,24.094
6/2/2025 21:10,C,24.094
6/2/2025 21:20,C,23.594
6/2/2025 21:30,C,23.594
6/2/2025 21:40,C,23.594
6/2/2025 21:50,C,23.594
6/2/2025 22:00,C,23.594
6/2/2025 22:10,C,23.093
6/2/2025 22:20,C,23.093
6/2/2025 22:30,C,23.093
6/2/2025 22:40,C,23.093
6/2/2025 22:50,C,22.593
6/2/2025 23:00,C,23.093
6/2/2025 23:10,C,23.093
6/2/2025 23:20,C,23.093
6/2/2025 23:30,C,23.093
6/2/2025 23:40,C,23.093
6/2/2025 23:50,C,22.593
6/3/2025 0:00,C,22.593
6/3/2025 0:10,C,22.593
6/3/2025 0:20,C,22.593
6/3/2025 0:30,C,22.593
6/3/2025 0:40,C,22.093
6/3/2025 0:50,C,22.093
6/3/2025 1:00,C,21.592
6/3/2025 1:10,C,21.592
6/3/2025 1:20,C,21.592
6/3/2025 1:30,C,21.592
6/3/2025 1:40,C,21.592
6/3/2025 1:50,C,21.092
6/3/2025 2:00,C,21.092
6/3/2025 2:10,C,21.092
6/3/2025 2:20,C,21.092
6/3/2025 2:30,C,21.092
6/3/2025 2:40,C,21.092
6/3/2025 2:50,C,21.092
6/3/2025 3:00,C,20.591
6/3/2025 3:10,C,20.591
6/3/2025 3:20,C,21.092
6/3/2025 3:30,C,21.092
6/3/2025 3:40,C,20.591
6/3/2025 3:50,C,20.591
6/3/2025 4:00,C,20.591
6/3/2025 4:10,C,20.591
6/3/2025 4:20,C,20.591
6/3/2025 4:30,C,20.591
6/3/2025 4:40,C,20.591
6/3/2025 4:50,C,20.591
6/3/2025 5:00,C,20.591
6/3/2025 5:10,C,20.591
6/3/2025 5:20,C,20.091
6/3/2025 5:30,C,20.091
6/3/2025 5:40,C,19.59
6/3/2025 5:50,C,19.59
6/3/2025 6:00,C,20.091
6/3/2025 6:10,C,20.091
6/3/2025 6:20,C,20.091
6/3/2025 6:30,C,20.091
6/3/2025 6:40,C,20.091
6/3/2025 6:50,C,20.091
6/3/2025 7:00,C,20.591
6/3/2025 7:10,C,20.591
6/3/2025 7:20,C,21.092
6/3/2025 7:30,C,22.093
6/3/2025 7:40,C,23.093
6/3/2025 7:50,C,24.094
6/3/2025 8:00,C,25.594
6/3/2025 8:10,C,25.594
6/3/2025 8:20,C,25.594
6/3/2025 8:30,C,25.094
6/3/2025 8:40,C,24.594
6/3/2025 8:50,C,25.094
6/3/2025 9:00,C,24.594
6/3/2025 9:10,C,29.091
6/3/2025 9:20,C,31.089
6/3/2025 9:30,C,31.588
6/3/2025 9:40,C,30.589
6/3/2025 9:50,C,28.592
6/3/2025 10:00,C,28.592
6/3/2025 10:10,C,28.592
6/3/2025 10:20,C,28.592
6/3/2025 10:30,C,29.091
6/3/2025 10:40,C,29.091
6/3/2025 10:50,C,29.091
6/3/2025 11:00,C,28.592
6/3/2025 11:10,C,28.592
6/3/2025 11:20,C,28.092
6/3/2025 11:30,C,28.092
6/3/2025 11:40,C,28.092
6/3/2025 11:50,C,28.592
6/3/2025 12:00,C,28.592
6/3/2025 12:10,C,28.592
6/3/2025 12:20,C,28.592
6/3/2025 12:30,C,28.592
6/3/2025 12:40,C,28.592
6/3/2025 12:50,C,29.091
6/3/2025 13:00,C,28.592
6/3/2025 13:10,C,28.592
6/3/2025 13:20,C,29.091
6/3/2025 13:30,C,29.091
6/3/2025 13:40,C,28.592
6/3/2025 13:50,C,28.592
6/3/2025 14:00,C,26.094
6/3/2025 14:10,C,24.594
6/3/2025 14:20,C,23.093
6/3/2025 14:30,C,23.093
6/3/2025 14:40,C,23.093
6/3/2025 14:50,C,23.594
6/3/2025 15:00,C,23.093
6/3/2025 15:10,C,23.093
6/3/2025 15:20,C,22.593
6/3/2025 15:30,C,22.593
6/3/2025 15:40,C,22.093
6/3/2025 15:50,C,22.093
6/3/2025 16:00,C,22.093
6/3/2025 16:10,C,22.093
6/3/2025 16:20,C,22.093
6/3/2025 16:30,C,22.093
6/3/2025 16:40,C,22.593
6/3/2025 16:50,C,23.093
6/3/2025 17:00,C,22.593
6/3/2025 17:10,C,22.593
6/3/2025 17:20,C,23.093
6/3/2025 17:30,C,23.093
6/3/2025 17:40,C,23.093
6/3/2025 17:50,C,23.093
6/3/2025 18:00,C,23.093
6/3/2025 18:10,C,23.093
6/3/2025 18:20,C,23.093
6/3/2025 18:30,C,23.093
6/3/2025 18:40,C,23.594
6/3/2025 18:50,C,23.093
6/3/2025 19:00,C,22.593
6/3/2025 19:10,C,22.093
6/3/2025 19:20,C,22.093
6/3/2025 19:30,C,22.093
6/3/2025 19:40,C,22.093
6/3/2025 19:50,C,21.592
6/3/2025 20:00,C,21.592
6/3/2025 20:10,C,21.592
6/3/2025 20:20,C,21.592
6/3/2025 20:30,C,21.592
6/3/2025 20:40,C,21.592
6/3/2025 20:50,C,21.592
6/3/2025 21:00,C,21.592
6/3/2025 21:10,C,21.592
6/3/2025 21:20,C,21.092
6/3/2025 21:30,C,21.092
6/3/2025 21:40,C,21.092
6/3/2025 21:50,C,21.092
6/3/2025 22:00,C,20.591
6/3/2025 22:10,C,20.591
6/3/2025 22:20,C,20.591
6/3/2025 22:30,C,20.591
6/3/2025 22:40,C,20.591
6/3/2025 22:50,C,20.591
6/3/2025 23:00,C,20.591
6/3/2025 23:10,C,20.591
6/3/2025 23:20,C,20.591
6/3/2025 23:30,C,20.591
6/3/2025 23:40,C,20.591
6/3/2025 23:50,C,20.591
6/4/2025 0:00,C,20.591
6/4/2025 0:10,C,20.591
6/4/2025 0:20,C,20.591
6/4/2025 0:30,C,20.591
6/4/2025 0:40,C,20.591
6/4/2025 0:50,C,20.591
6/4/2025 1:00,C,20.591
6/4/2025 1:10,C,20.591
6/4/2025 1:20,C,20.591
6/4/2025 1:30,C,20.591
6/4/2025 1:40,C,20.591
6/4/2025 1:50,C,20.591
6/4/2025 2:00,C,20.591
6/4/2025 2:10,C,20.591
6/4/2025 2:20,C,20.591
6/4/2025 2:30,C,20.591
6/4/2025 2:40,C,21.092
6/4/2025 2:50,C,21.092
6/4/2025 3:00,C,21.092
6/4/2025 3:10,C,20.091
6/4/2025 3:20,C,20.091
6/4/2025 3:30,C,20.091
6/4/2025 3:40,C,20.091
6/4/2025 3:50,C,20.091
6/4/2025 4:00,C,19.59
6/4/2025 4:10,C,19.59
6/4/2025 4:20,C,19.59
6/4/2025 4:30,C,19.59
6/4/2025 4:40,C,19.59
6/4/2025 4:50,C,19.59
6/4/2025 5:00,C,19.089
6/4/2025 5:10,C,19.089
6/4/2025 5:20,C,19.089
6/4/2025 5:30,C,19.089
6/4/2025 5:40,C,19.089
6/4/2025 5:50,C,19.089
6/4/2025 6:00,C,19.59
6/4/2025 6:10,C,19.089
6/4/2025 6:20,C,19.089
6/4/2025 6:30,C,19.089
6/4/2025 6:40,C,18.589
6/4/2025 6:50,C,18.589
6/4/2025 7:00,C,18.589
6/4/2025 7:10,C,19.089
6/4/2025 7:20,C,19.089
6/4/2025 7:30,C,19.59
6/4/2025 7:40,C,19.59
6/4/2025 7:50,C,19.59
6/4/2025 8:00,C,19.59
6/4/2025 8:10,C,20.091
6/4/2025 8:20,C,20.591
6/4/2025 8:30,C,21.592
6/4/2025 8:40,C,22.593
6/4/2025 8:50,C,24.094
6/4/2025 9:00,C,24.594
6/4/2025 9:10,C,25.094
6/4/2025 9:20,C,26.593
6/4/2025 9:30,C,26.593
6/4/2025 9:40,C,26.094
6/4/2025 9:50,C,25.094
6/4/2025 10:00,C,25.094
6/4/2025 10:10,C,25.094
6/4/2025 10:20,C,25.094
6/4/2025 10:30,C,25.094
6/4/2025 10:40,C,25.094
6/4/2025 10:50,C,25.094
6/4/2025 11:00,C,25.094
6/4/2025 11:10,C,25.594
6/4/2025 11:20,C,26.094
6/4/2025 11:30,C,26.094
6/4/2025 11:40,C,26.094
6/4/2025 11:50,C,26.094
6/4/2025 12:00,C,26.593
6/4/2025 12:10,C,26.593
6/4/2025 12:20,C,27.093
6/4/2025 12:30,C,27.093
6/4/2025 12:40,C,27.093
6/4/2025 12:50,C,27.093
6/4/2025 13:00,C,27.093
6/4/2025 13:10,C,27.593
6/4/2025 13:20,C,27.593
6/4/2025 13:30,C,27.593
6/4/2025 13:40,C,27.593
6/4/2025 13:50,C,27.593
6/4/2025 14:00,C,27.593
6/4/2025 14:10,C,27.593
6/4/2025 14:20,C,28.092
6/4/2025 14:30,C,28.092
6/4/2025 14:40,C,28.092
6/4/2025 14:50,C,28.092
6/4/2025 15:00,C,27.593
6/4/2025 15:10,C,28.092
6/4/2025 15:20,C,27.593
6/4/2025 15:30,C,28.092
6/4/2025 15:40,C,28.092
6/4/2025 15:50,C,28.092
6/4/2025 16:00,C,28.092
6/4/2025 16:10,C,27.593
6/4/2025 16:20,C,28.092
6/4/2025 16:30,C,27.593
6/4/2025 16:40,C,27.593
6/4/2025 16:50,C,27.593
6/4/2025 17:00,C,27.593
6/4/2025 17:10,C,27.593
6/4/2025 17:20,C,27.593
6/4/2025 17:30,C,27.093
6/4/2025 17:40,C,27.093
6/4/2025 17:50,C,27.093
6/4/2025 18:00,C,27.093
6/4/2025 18:10,C,27.093
6/4/2025 18:20,C,26.593
6/4/2025 18:30,C,26.593
6/4/2025 18:40,C,26.094
6/4/2025 18:50,C,25.594
6/4/2025 19:00,C,25.094
6/4/2025 19:10,C,24.594
6/4/2025 19:20,C,24.594
6/4/2025 19:30,C,24.094
6/4/2025 19:40,C,24.094
6/4/2025 19:50,C,24.094
6/4/2025 20:00,C,24.094
6/4/2025 20:10,C,24.094
6/4/2025 20:20,C,23.594
6/4/2025 20:30,C,23.594
6/4/2025 20:40,C,23.594
6/4/2025 20:50,C,23.594
6/4/2025 21:00,C,23.594
6/4/2025 21:10,C,23.594
6/4/2025 21:20,C,23.093
6/4/2025 21:30,C,23.093
6/4/2025 21:40,C,23.093
6/4/2025 21:50,C,23.093
6/4/2025 22:00,C,23.093
6/4/2025 22:10,C,22.593
6/4/2025 22:20,C,22.593
6/4/2025 22:30,C,22.593
6/4/2025 22:40,C,22.093
6/4/2025 22:50,C,22.093
6/4/2025 23:00,C,21.592
6/4/2025 23:10,C,22.093
6/4/2025 23:20,C,22.093
6/4/2025 23:30,C,22.093
6/4/2025 23:40,C,21.592
6/4/2025 23:50,C,21.592
6/5/2025 0:00,C,21.592
6/5/2025 0:10,C,21.592
6/5/2025 0:20,C,21.592
6/5/2025 0:30,C,22.093
6/5/2025 0:40,C,22.093
6/5/2025 0:50,C,21.592
6/5/2025 1:00,C,19.59
6/5/2025 1:10,C,18.589
6/5/2025 1:20,C,17.587
6/5/2025 1:30,C,17.086
6/5/2025 1:40,C,17.086
6/5/2025 1:50,C,17.086
6/5/2025 2:00,C,17.086
6/5/2025 2:10,C,17.086
6/5/2025 2:20,C,17.086
6/5/2025 2:30,C,17.086
6/5/2025 2:40,C,17.086
6/5/2025 2:50,C,16.585
6/5/2025 3:00,C,16.585
6/5/2025 3:10,C,16.585
6/5/2025 3:20,C,16.585
6/5/2025 3:30,C,17.086
6/5/2025 3:40,C,17.086
6/5/2025 3:50,C,17.086
6/5/2025 4:00,C,17.086
6/5/2025 4:10,C,17.086
6/5/2025 4:20,C,17.587
6/5/2025 4:30,C,17.587
6/5/2025 4:40,C,17.587
6/5/2025 4:50,C,17.587
6/5/2025 5:00,C,17.587
6/5/2025 5:10,C,18.088
6/5/2025 5:20,C,18.088
6/5/2025 5:30,C,18.589
6/5/2025 5:40,C,18.589
6/5/2025 5:50,C,18.589
6/5/2025 6:00,C,18.589
6/5/2025 6:10,C,18.589
6/5/2025 6:20,C,18.589
6/5/2025 6:30,C,18.589
6/5/2025 6:40,C,18.589
6/5/2025 6:50,C,18.589
6/5/2025 7:00,C,18.589
6/5/2025 7:10,C,19.089
6/5/2025 7:20,C,19.089
6/5/2025 7:30,C,19.089
6/5/2025 7:40,C,19.089
6/5/2025 7:50,C,19.089
6/5/2025 8:00,C,19.089
6/5/2025 8:10,C,19.59
6/5/2025 8:20,C,19.59
6/5/2025 8:30,C,19.59
6/5/2025 8:40,C,20.091
6/5/2025 8:50,C,20.091
6/5/2025 9:00,C,20.091
6/5/2025 9:10,C,20.091
6/5/2025 9:20,C,20.091
6/5/2025 9:30,C,20.591
6/5/2025 9:40,C,20.591
6/5/2025 9:50,C,21.092
6/5/2025 10:00,C,21.092
6/5/2025 10:10,C,21.092
6/5/2025 10:20,C,21.092
6/5/2025 10:30,C,21.592
6/5/2025 10:40,C,21.092
6/5/2025 10:50,C,21.592
6/5/2025 11:00,C,22.093
6/5/2025 11:10,C,22.593
6/5/2025 11:20,C,23.093
6/5/2025 11:30,C,23.594
6/5/2025 11:40,C,24.594
6/5/2025 11:50,C,24.594
6/5/2025 12:00,C,24.594
6/5/2025 12:10,C,25.094
6/5/2025 12:20,C,25.094
6/5/2025 12:30,C,25.594
6/5/2025 12:40,C,26.094
6/5/2025 12:50,C,26.094
6/5/2025 13:00,C,26.593
6/5/2025 13:10,C,27.093
6/5/2025 13:20,C,27.593
6/5/2025 13:30,C,27.593
6/5/2025 13:40,C,27.593
6/5/2025 13:50,C,27.593
6/5/2025 14:00,C,28.092
6/5/2025 14:10,C,28.092
6/5/2025 14:20,C,28.592
6/5/2025 14:30,C,28.092
6/5/2025 14:40,C,28.092
6/5/2025 14:50,C,28.092
6/5/2025 15:00,C,27.093
6/5/2025 15:10,C,27.093
6/5/2025 15:20,C,27.093
6/5/2025 15:30,C,27.593
6/5/2025 15:40,C,27.093
6/5/2025 15:50,C,26.593
6/5/2025 16:00,C,26.094
6/5/2025 16:10,C,26.593
6/5/2025 16:20,C,26.094
6/5/2025 16:30,C,25.594
6/5/2025 16:40,C,25.594
6/5/2025 16:50,C,25.594
6/5/2025 17:00,C,25.094
6/5/2025 17:10,C,24.594
6/5/2025 17:20,C,24.594
6/5/2025 17:30,C,24.094
6/5/2025 17:40,C,24.094
6/5/2025 17:50,C,24.094
6/5/2025 18:00,C,24.094
6/5/2025 18:10,C,24.094
6/5/2025 18:20,C,24.094
6/5/2025 18:30,C,23.594
6/5/2025 18:40,C,23.594
6/5/2025 18:50,C,23.594
6/5/2025 19:00,C,23.594
6/5/2025 19:10,C,23.594
6/5/2025 19:20,C,23.594
6/5/2025 19:30,C,23.594
6/5/2025 19:40,C,23.594
6/5/2025 19:50,C,23.594
6/5/2025 20:00,C,23.093
6/5/2025 20:10,C,23.093
6/5/2025 20:20,C,23.093
6/5/2025 20:30,C,22.593
6/5/2025 20:40,C,22.593
6/5/2025 20:50,C,22.593
6/5/2025 21:00,C,22.593
6/5/2025 21:10,C,22.593
6/5/2025 21:20,C,22.593
6/5/2025 21:30,C,22.593
6/5/2025 21:40,C,22.593
6/5/2025 21:50,C,22.593
6/5/2025 22:00,C,22.093
6/5/2025 22:10,C,22.093
6/5/2025 22:20,C,22.093
6/5/2025 22:30,C,22.093
6/5/2025 22:40,C,22.093
6/5/2025 22:50,C,21.592
6/5/2025 23:00,C,21.592
6/5/2025 23:10,C,21.592
6/5/2025 23:20,C,21.092
6/5/2025 23:30,C,21.092
6/5/2025 23:40,C,21.092
6/5/2025 23:50,C,21.092
6/6/2025 0:00,C,21.092
6/6/2025 0:10,C,21.092
6/6/2025 0:20,C,20.591
6/6/2025 0:30,C,20.591
6/6/2025 0:40,C,20.591
6/6/2025 0:50,C,20.591
6/6/2025 1:00,C,20.591
6/6/2025 1:10,C,20.591
6/6/2025 1:20,C,20.591
6/6/2025 1:30,C,20.591
6/6/2025 1:40,C,20.591
6/6/2025 1:50,C,20.591
6/6/2025 2:00,C,20.591
6/6/2025 2:10,C,20.591
6/6/2025 2:20,C,20.591
6/6/2025 2:30,C,20.591
6/6/2025 2:40,C,20.591
6/6/2025 2:50,C,20.591
6/6/2025 3:00,C,20.591
6/6/2025 3:10,C,20.591
6/6/2025 3:20,C,20.591
6/6/2025 3:30,C,20.591
6/6/2025 3:40,C,20.591
6/6/2025 3:50,C,20.591
6/6/2025 4:00,C,20.591
6/6/2025 4:10,C,20.591
6/6/2025 4:20,C,20.591
6/6/2025 4:30,C,20.591
6/6/2025 4:40,C,20.591
6/6/2025 4:50,C,20.591
6/6/2025 5:00,C,20.591
6/6/2025 5:10,C,20.591
6/6/2025 5:20,C,20.591
6/6/2025 5:30,C,20.591
6/6/2025 5:40,C,20.591
6/6/2025 5:50,C,20.591
6/6/2025 6:00,C,20.591
6/6/2025 6:10,C,20.591
6/6/2025 6:20,C,20.591
6/6/2025 6:30,C,20.591
6/6/2025 6:40,C,20.591
6/6/2025 6:50,C,20.591
6/6/2025 7:00,C,20.591
6/6/2025 7:10,C,20.591
6/6/2025 7:20,C,20.591
6/6/2025 7:30,C,20.591
6/6/2025 7:40,C,20.591
6/6/2025 7:50,C,21.092
6/6/2025 8:00,C,21.092
6/6/2025 8:10,C,21.592
6/6/2025 8:20,C,22.093
6/6/2025 8:30,C,23.594
6/6/2025 8:40,C,25.094
6/6/2025 8:50,C,25.094
6/6/2025 9:00,C,25.094
6/6/2025 9:10,C,28.592
6/6/2025 9:20,C,28.592
6/6/2025 9:30,C,29.591
6/6/2025 9:40,C,28.592
6/6/2025 9:50,C,26.593
6/6/2025 10:00,C,26.593
6/6/2025 10:10,C,26.094
6/6/2025 10:20,C,26.094
6/6/2025 10:30,C,26.593
6/6/2025 10:40,C,26.593
6/6/2025 10:50,C,26.094
6/6/2025 11:00,C,26.094
6/6/2025 11:10,C,27.093
6/6/2025 11:20,C,27.093
6/6/2025 11:30,C,27.093
6/6/2025 11:40,C,26.593
6/6/2025 11:50,C,26.593
6/6/2025 12:00,C,26.593
6/6/2025 12:10,C,27.093
6/6/2025 12:20,C,27.093
6/6/2025 12:30,C,27.093
6/6/2025 12:40,C,27.093
6/6/2025 12:50,C,27.093
6/6/2025 13:00,C,27.093
6/6/2025 13:10,C,27.093
6/6/2025 13:20,C,26.593
6/6/2025 13:30,C,27.093
6/6/2025 13:40,C,27.093
6/6/2025 13:50,C,27.093
6/6/2025 14:00,C,27.093
6/6/2025 14:10,C,27.093
6/6/2025 14:20,C,27.093
6/6/2025 14:30,C,27.093
6/6/2025 14:40,C,27.093
6/6/2025 14:50,C,27.093
6/6/2025 15:00,C,27.093
6/6/2025 15:10,C,27.593
6/6/2025 15:20,C,27.093
6/6/2025 15:30,C,27.593
6/6/2025 15:40,C,27.593
6/6/2025 15:50,C,27.593
6/6/2025 16:00,C,27.593
6/6/2025 16:10,C,27.093
6/6/2025 16:20,C,28.092
6/6/2025 16:30,C,27.593
6/6/2025 16:40,C,27.093
6/6/2025 16:50,C,27.093
6/6/2025 17:00,C,27.093
6/6/2025 17:10,C,27.093
6/6/2025 17:20,C,27.093
6/6/2025 17:30,C,26.593
6/6/2025 17:40,C,26.593
6/6/2025 17:50,C,26.593
6/6/2025 18:00,C,26.593
6/6/2025 18:10,C,25.594
6/6/2025 18:20,C,25.094
6/6/2025 18:30,C,25.094
6/6/2025 18:40,C,24.594
6/6/2025 18:50,C,24.094
6/6/2025 19:00,C,24.094
6/6/2025 19:10,C,23.594
6/6/2025 19:20,C,23.594
6/6/2025 19:30,C,24.094
6/6/2025 19:40,C,23.594
6/6/2025 19:50,C,23.594
6/6/2025 20:00,C,23.093
6/6/2025 20:10,C,23.093
6/6/2025 20:20,C,23.093
6/6/2025 20:30,C,22.593
6/6/2025 20:40,C,22.593
6/6/2025 20:50,C,22.593
6/6/2025 21:00,C,22.093
6/6/2025 21:10,C,22.593
6/6/2025 21:20,C,22.593
6/6/2025 21:30,C,22.093
6/6/2025 21:40,C,22.093
6/6/2025 21:50,C,22.093
6/6/2025 22:00,C,22.093
6/6/2025 22:10,C,22.093
6/6/2025 22:20,C,21.592
6/6/2025 22:30,C,21.592
6/6/2025 22:40,C,21.592
6/6/2025 22:50,C,21.592
6/6/2025 23:00,C,21.592
6/6/2025 23:10,C,21.592
6/6/2025 23:20,C,21.592
6/6/2025 23:30,C,21.592
6/6/2025 23:40,C,21.592
6/6/2025 23:50,C,21.592
6/7/2025 0:00,C,21.592
6/7/2025 0:10,C,21.092
6/7/2025 0:20,C,21.092
6/7/2025 0:30,C,21.092
6/7/2025 0:40,C,21.092
6/7/2025 0:50,C,21.092
6/7/2025 1:00,C,21.092
6/7/2025 1:10,C,21.092
6/7/2025 1:20,C,21.092
6/7/2025 1:30,C,21.092
6/7/2025 1:40,C,20.591
6/7/2025 1:50,C,19.089
6/7/2025 2:00,C,18.589
6/7/2025 2:10,C,18.589
6/7/2025 2:20,C,18.589
6/7/2025 2:30,C,18.589
6/7/2025 2:40,C,18.589
6/7/2025 2:50,C,18.589
6/7/2025 3:00,C,18.589
6/7/2025 3:10,C,19.089
6/7/2025 3:20,C,19.089
6/7/2025 3:30,C,19.59
6/7/2025 3:40,C,19.089
6/7/2025 3:50,C,19.59
6/7/2025 4:00,C,19.089
6/7/2025 4:10,C,19.089
6/7/2025 4:20,C,19.59
6/7/2025 4:30,C,19.59
6/7/2025 4:40,C,19.59
6/7/2025 4:50,C,19.59
6/7/2025 5:00,C,19.59
6/7/2025 5:10,C,19.59
6/7/2025 5:20,C,19.089
6/7/2025 5:30,C,19.089
6/7/2025 5:40,C,19.089
6/7/2025 5:50,C,19.089
6/7/2025 6:00,C,19.089
6/7/2025 6:10,C,19.089
6/7/2025 6:20,C,18.589
6/7/2025 6:30,C,19.089
6/7/2025 6:40,C,19.089
6/7/2025 6:50,C,19.089
6/7/2025 7:00,C,19.089
6/7/2025 7:10,C,19.089
6/7/2025 7:20,C,19.59
6/7/2025 7:30,C,19.59
6/7/2025 7:40,C,19.59
6/7/2025 7:50,C,20.091
6/7/2025 8:00,C,20.091
6/7/2025 8:10,C,20.091
6/7/2025 8:20,C,20.591
6/7/2025 8:30,C,20.591
6/7/2025 8:40,C,20.591
6/7/2025 8:50,C,21.092
6/7/2025 9:00,C,21.592
6/7/2025 9:10,C,22.093
6/7/2025 9:20,C,22.593
6/7/2025 9:30,C,23.093
6/7/2025 9:40,C,23.594
6/7/2025 9:50,C,24.094
6/7/2025 10:00,C,24.094
6/7/2025 10:10,C,24.594
6/7/2025 10:20,C,24.594
6/7/2025 10:30,C,25.094
6/7/2025 10:40,C,25.094
6/7/2025 10:50,C,25.094
6/7/2025 11:00,C,25.594
6/7/2025 11:10,C,25.594
6/7/2025 11:20,C,25.594
6/7/2025 11:30,C,26.094
6/7/2025 11:40,C,25.594
6/7/2025 11:50,C,26.094
6/7/2025 12:00,C,26.094
6/7/2025 12:10,C,26.094
6/7/2025 12:20,C,26.094
6/7/2025 12:30,C,26.094
6/7/2025 12:40,C,26.094
6/7/2025 12:50,C,26.094
6/7/2025 13:00,C,26.094
6/7/2025 13:10,C,26.094
6/7/2025 13:20,C,26.094
6/7/2025 13:30,C,26.094
6/7/2025 13:40,C,26.593
6/7/2025 13:50,C,26.593
6/7/2025 14:00,C,26.593
6/7/2025 14:10,C,26.593
6/7/2025 14:20,C,26.593
6/7/2025 14:30,C,26.593
6/7/2025 14:40,C,27.093
6/7/2025 14:50,C,27.093
6/7/2025 15:00,C,26.593
6/7/2025 15:10,C,27.093
6/7/2025 15:20,C,27.093
6/7/2025 15:30,C,27.093
6/7/2025 15:40,C,27.093
6/7/2025 15:50,C,27.093
6/7/2025 16:00,C,27.093
6/7/2025 16:10,C,27.093
6/7/2025 16:20,C,26.593
6/7/2025 16:30,C,26.593
6/7/2025 16:40,C,26.593
6/7/2025 16:50,C,27.093
6/7/2025 17:00,C,26.593
6/7/2025 17:10,C,26.593
6/7/2025 17:20,C,26.593
6/7/2025 17:30,C,26.593
6/7/2025 17:40,C,26.094
6/7/2025 17:50,C,26.094
6/7/2025 18:00,C,26.094
6/7/2025 18:10,C,25.594
6/7/2025 18:20,C,25.594
6/7/2025 18:30,C,25.594
6/7/2025 18:40,C,25.094
6/7/2025 18:50,C,24.594
6/7/2025 19:00,C,24.594
6/7/2025 19:10,C,24.094
6/7/2025 19:20,C,24.094
6/7/2025 19:30,C,24.094
6/7/2025 19:40,C,24.094
6/7/2025 19:50,C,23.594
6/7/2025 20:00,C,23.594
6/7/2025 20:10,C,23.594
6/7/2025 20:20,C,23.594
6/7/2025 20:30,C,23.093
6/7/2025 20:40,C,23.093
6/7/2025 20:50,C,23.093
6/7/2025 21:00,C,22.593
6/7/2025 21:10,C,22.593
6/7/2025 21:20,C,22.593
6/7/2025 21:30,C,22.593
6/7/2025 21:40,C,22.593
6/7/2025 21:50,C,22.093
6/7/2025 22:00,C,22.093
6/7/2025 22:10,C,22.093
6/7/2025 22:20,C,22.093
6/7/2025 22:30,C,22.093
6/7/2025 22:40,C,21.592
6/7/2025 22:50,C,21.592
6/7/2025 23:00,C,21.592
6/7/2025 23:10,C,21.592
6/7/2025 23:20,C,21.592
6/7/2025 23:30,C,21.592
6/7/2025 23:40,C,21.592
6/7/2025 23:50,C,21.592
6/8/2025 0:00,C,21.592
6/8/2025 0:10,C,21.592
6/8/2025 0:20,C,21.592
6/8/2025 0:30,C,21.592
6/8/2025 0:40,C,21.592
6/8/2025 0:50,C,21.092
6/8/2025 1:00,C,21.092
6/8/2025 1:10,C,21.592
6/8/2025 1:20,C,21.092
6/8/2025 1:30,C,21.092
6/8/2025 1:40,C,21.092
6/8/2025 1:50,C,21.092
6/8/2025 2:00,C,21.092
6/8/2025 2:10,C,20.591
6/8/2025 2:20,C,20.591
6/8/2025 2:30,C,20.591
6/8/2025 2:40,C,20.091
6/8/2025 2:50,C,20.091
6/8/2025 3:00,C,20.091
6/8/2025 3:10,C,20.591
6/8/2025 3:20,C,20.591
6/8/2025 3:30,C,20.091
6/8/2025 3:40,C,20.091
6/8/2025 3:50,C,20.591
6/8/2025 4:00,C,20.091
6/8/2025 4:10,C,19.59
6/8/2025 4:20,C,20.091
6/8/2025 4:30,C,20.091
6/8/2025 4:40,C,20.091
6/8/2025 4:50,C,20.091
6/8/2025 5:00,C,20.091
6/8/2025 5:10,C,20.091
6/8/2025 5:20,C,19.59
6/8/2025 5:30,C,20.091
6/8/2025 5:40,C,20.091
6/8/2025 5:50,C,19.59
6/8/2025 6:00,C,19.59
6/8/2025 6:10,C,19.59
6/8/2025 6:20,C,19.59
6/8/2025 6:30,C,19.59
6/8/2025 6:40,C,19.59
6/8/2025 6:50,C,19.59
6/8/2025 7:00,C,19.59
6/8/2025 7:10,C,19.59
6/8/2025 7:20,C,20.591
6/8/2025 7:30,C,21.592
6/8/2025 7:40,C,23.093
6/8/2025 7:50,C,24.094
6/8/2025 8:00,C,25.094
6/8/2025 8:10,C,26.593
6/8/2025 8:20,C,26.094
6/8/2025 8:30,C,27.093
6/8/2025 8:40,C,27.593
6/8/2025 8:50,C,27.593
6/8/2025 9:00,C,25.094
6/8/2025 9:10,C,27.093
6/8/2025 9:20,C,27.593
6/8/2025 9:30,C,28.092
6/8/2025 9:40,C,27.093
6/8/2025 9:50,C,25.594
6/8/2025 10:00,C,25.594
6/8/2025 10:10,C,26.094
6/8/2025 10:20,C,26.094
6/8/2025 10:30,C,26.094
6/8/2025 10:40,C,26.593
6/8/2025 10:50,C,26.593
6/8/2025 11:00,C,26.593
6/8/2025 11:10,C,27.093
6/8/2025 11:20,C,27.093
6/8/2025 11:30,C,27.093
6/8/2025 11:40,C,26.593
6/8/2025 11:50,C,26.593
6/8/2025 12:00,C,27.093
6/8/2025 12:10,C,26.593
6/8/2025 12:20,C,27.093
6/8/2025 12:30,C,27.093
6/8/2025 12:40,C,27.093
6/8/2025 12:50,C,27.593
6/8/2025 13:00,C,27.593
6/8/2025 13:10,C,28.092
6/8/2025 13:20,C,27.593
6/8/2025 13:30,C,27.093
6/8/2025 13:40,C,27.593
6/8/2025 13:50,C,27.093
6/8/2025 14:00,C,27.593
6/8/2025 14:10,C,28.092
6/8/2025 14:20,C,28.092
6/8/2025 14:30,C,28.092
6/8/2025 14:40,C,28.092
6/8/2025 14:50,C,27.593
6/8/2025 15:00,C,28.092
6/8/2025 15:10,C,28.092
6/8/2025 15:20,C,28.092
6/8/2025 15:30,C,28.092
6/8/2025 15:40,C,28.092
6/8/2025 15:50,C,28.092
6/8/2025 16:00,C,28.092
6/8/2025 16:10,C,27.593
6/8/2025 16:20,C,28.092
6/8/2025 16:30,C,28.092
6/8/2025 16:40,C,28.092
6/8/2025 16:50,C,28.092
6/8/2025 17:00,C,28.092
6/8/2025 17:10,C,27.593
6/8/2025 17:20,C,28.092
6/8/2025 17:30,C,28.092
6/8/2025 17:40,C,28.092
6/8/2025 17:50,C,27.593
6/8/2025 18:00,C,27.593
6/8/2025 18:10,C,27.593
6/8/2025 18:20,C,27.593
6/8/2025 18:30,C,27.093
6/8/2025 18:40,C,26.593
6/8/2025 18:50,C,26.094
6/8/2025 19:00,C,26.094
6/8/2025 19:10,C,25.594
6/8/2025 19:20,C,25.594
6/8/2025 19:30,C,25.094
6/8/2025 19:40,C,25.094
6/8/2025 19:50,C,24.594
6/8/2025 20:00,C,24.594
6/8/2025 20:10,C,24.594
6/8/2025 20:20,C,24.094
6/8/2025 20:30,C,24.094
6/8/2025 20:40,C,23.594
6/8/2025 20:50,C,23.594
6/8/2025 21:00,C,23.594
6/8/2025 21:10,C,23.594
6/8/2025 21:20,C,23.093
6/8/2025 21:30,C,23.093
6/8/2025 21:40,C,23.093
6/8/2025 21:50,C,23.093
6/8/2025 22:00,C,22.593
6/8/2025 22:10,C,22.593
6/8/2025 22:20,C,22.593
6/8/2025 22:30,C,22.593
6/8/2025 22:40,C,22.593
6/8/2025 22:50,C,22.593
6/8/2025 23:00,C,22.593
6/8/2025 23:10,C,22.093
6/8/2025 23:20,C,22.093
6/8/2025 23:30,C,22.093
6/8/2025 23:40,C,22.093
6/8/2025 23:50,C,22.093
6/9/2025 0:00,C,22.093
6/9/2025 0:10,C,22.093
6/9/2025 0:20,C,21.592
6/9/2025 0:30,C,21.592
6/9/2025 0:40,C,21.592
6/9/2025 0:50,C,21.592
6/9/2025 1:00,C,21.092
6/9/2025 1:10,C,21.592
6/9/2025 1:20,C,21.592
6/9/2025 1:30,C,21.592
6/9/2025 1:40,C,21.592
6/9/2025 1:50,C,21.092
6/9/2025 2:00,C,21.592
6/9/2025 2:10,C,21.092
6/9/2025 2:20,C,21.092
6/9/2025 2:30,C,21.092
6/9/2025 2:40,C,21.092
6/9/2025 2:50,C,21.092
6/9/2025 3:00,C,20.591
6/9/2025 3:10,C,20.591
6/9/2025 3:20,C,20.591
6/9/2025 3:30,C,20.591
6/9/2025 3:40,C,20.091
6/9/2025 3:50,C,20.591
6/9/2025 4:00,C,20.591
6/9/2025 4:10,C,20.091
6/9/2025 4:20,C,19.59
6/9/2025 4:30,C,20.091
6/9/2025 4:40,C,20.091
6/9/2025 4:50,C,20.091
6/9/2025 5:00,C,20.091
6/9/2025 5:10,C,19.59
6/9/2025 5:20,C,19.59
6/9/2025 5:30,C,19.59
6/9/2025 5:40,C,19.089
6/9/2025 5:50,C,19.089
6/9/2025 6:00,C,19.59
6/9/2025 6:10,C,19.59
6/9/2025 6:20,C,19.59
6/9/2025 6:30,C,20.091
6/9/2025 6:40,C,20.091
6/9/2025 6:50,C,20.591
6/9/2025 7:00,C,20.591
6/9/2025 7:10,C,20.591
6/9/2025 7:20,C,21.092
6/9/2025 7:30,C,22.093
6/9/2025 7:40,C,23.594
6/9/2025 7:50,C,24.594
6/9/2025 8:00,C,26.094
6/9/2025 8:10,C,27.593
6/9/2025 8:20,C,27.093
6/9/2025 8:30,C,28.592
6/9/2025 8:40,C,29.591
6/9/2025 8:50,C,30.589
6/9/2025 9:00,C,27.593
6/9/2025 9:10,C,29.091
6/9/2025 9:20,C,30.09
6/9/2025 9:30,C,30.09
6/9/2025 9:40,C,29.091
6/9/2025 9:50,C,27.593
6/9/2025 10:00,C,27.593
6/9/2025 10:10,C,27.593
6/9/2025 10:20,C,27.593
6/9/2025 10:30,C,28.092
6/9/2025 10:40,C,28.092
6/9/2025 10:50,C,28.092
6/9/2025 11:00,C,28.592
6/9/2025 11:10,C,28.092
6/9/2025 11:20,C,28.092
6/9/2025 11:30,C,28.592
6/9/2025 11:40,C,28.092
6/9/2025 11:50,C,28.092
6/9/2025 12:00,C,28.092
6/9/2025 12:10,C,28.092
6/9/2025 12:20,C,28.092
6/9/2025 12:30,C,28.592
6/9/2025 12:40,C,28.592
6/9/2025 12:50,C,28.092
6/9/2025 13:00,C,28.592
6/9/2025 13:10,C,28.592
6/9/2025 13:20,C,28.092
6/9/2025 13:30,C,28.092
6/9/2025 13:40,C,28.592
6/9/2025 13:50,C,28.592
6/9/2025 14:00,C,28.592
6/9/2025 14:10,C,28.092
6/9/2025 14:20,C,28.592
6/9/2025 14:30,C,28.592
6/9/2025 14:40,C,28.592
6/9/2025 14:50,C,28.592
6/9/2025 15:00,C,28.592
6/9/2025 15:10,C,28.592
6/9/2025 15:20,C,28.592
6/9/2025 15:30,C,28.592
6/9/2025 15:40,C,28.592
6/9/2025 15:50,C,28.592
6/9/2025 16:00,C,28.592
6/9/2025 16:10,C,29.091
6/9/2025 16:20,C,29.091
6/9/2025 16:30,C,29.091
6/9/2025 16:40,C,27.593
6/9/2025 16:50,C,27.093
6/9/2025 17:00,C,24.594
6/9/2025 17:10,C,23.594
6/9/2025 17:20,C,24.094
6/9/2025 17:30,C,24.594
6/9/2025 17:40,C,25.094
6/9/2025 17:50,C,25.094
6/9/2025 18:00,C,25.594
6/9/2025 18:10,C,25.094
6/9/2025 18:20,C,25.094
6/9/2025 18:30,C,25.094
6/9/2025 18:40,C,25.094
6/9/2025 18:50,C,25.094
6/9/2025 19:00,C,24.594
6/9/2025 19:10,C,24.594
6/9/2025 19:20,C,24.094
6/9/2025 19:30,C,24.094
6/9/2025 19:40,C,24.094
6/9/2025 19:50,C,24.094
6/9/2025 20:00,C,24.094
6/9/2025 20:10,C,23.594
6/9/2025 20:20,C,23.594
6/9/2025 20:30,C,23.594
6/9/2025 20:40,C,23.594
6/9/2025 20:50,C,23.093
6/9/2025 21:00,C,23.093
6/9/2025 21:10,C,23.093
6/9/2025 21:20,C,23.093
6/9/2025 21:30,C,23.093
6/9/2025 21:40,C,22.593
6/9/2025 21:50,C,22.593
6/9/2025 22:00,C,22.593
6/9/2025 22:10,C,22.593
6/9/2025 22:20,C,22.593
6/9/2025 22:30,C,22.593
6/9/2025 22:40,C,22.593
6/9/2025 22:50,C,22.593
6/9/2025 23:00,C,22.593
6/9/2025 23:10,C,22.593
6/9/2025 23:20,C,22.093
6/9/2025 23:30,C,21.592
6/9/2025 23:40,C,21.092
6/9/2025 23:50,C,20.591
6/10/2025 0:00,C,20.091
6/10/2025 0:10,C,20.091
6/10/2025 0:20,C,20.091
6/10/2025 0:30,C,20.091
6/10/2025 0:40,C,20.091
6/10/2025 0:50,C,20.091
6/10/2025 1:00,C,20.091
6/10/2025 1:10,C,20.591
6/10/2025 1:20,C,20.591
6/10/2025 1:30,C,20.091
6/10/2025 1:40,C,20.091
6/10/2025 1:50,C,20.591
6/10/2025 2:00,C,20.591
6/10/2025 2:10,C,20.591
6/10/2025 2:20,C,20.591
6/10/2025 2:30,C,20.091
6/10/2025 2:40,C,20.591
6/10/2025 2:50,C,20.091
6/10/2025 3:00,C,20.591
6/10/2025 3:10,C,20.591
6/10/2025 3:20,C,20.091
6/10/2025 3:30,C,20.591
6/10/2025 3:40,C,20.591
6/10/2025 3:50,C,21.592
6/10/2025 4:00,C,21.592
6/10/2025 4:10,C,21.592
6/10/2025 4:20,C,21.592
6/10/2025 4:30,C,22.093
6/10/2025 4:40,C,22.093
6/10/2025 4:50,C,21.592
6/10/2025 5:00,C,22.093
6/10/2025 5:10,C,21.592
6/10/2025 5:20,C,21.092
6/10/2025 5:30,C,21.092
6/10/2025 5:40,C,20.591
6/10/2025 5:50,C,20.591
6/10/2025 6:00,C,20.591
6/10/2025 6:10,C,20.591
6/10/2025 6:20,C,20.091
6/10/2025 6:30,C,20.091
6/10/2025 6:40,C,20.091
6/10/2025 6:50,C,20.091
6/10/2025 7:00,C,20.091
6/10/2025 7:10,C,20.091
6/10/2025 7:20,C,21.092
6/10/2025 7:30,C,22.093
6/10/2025 7:40,C,23.594
6/10/2025 7:50,C,24.594
6/10/2025 8:00,C,25.594
6/10/2025 8:10,C,27.093
6/10/2025 8:20,C,26.593
6/10/2025 8:30,C,28.092
6/10/2025 8:40,C,29.591
6/10/2025 8:50,C,30.589
6/10/2025 9:00,C,27.593
6/10/2025 9:10,C,29.091
6/10/2025 9:20,C,29.091
6/10/2025 9:30,C,29.091
6/10/2025 9:40,C,28.092
6/10/2025 9:50,C,26.593
6/10/2025 10:00,C,26.593
6/10/2025 10:10,C,26.593
6/10/2025 10:20,C,27.093
6/10/2025 10:30,C,27.093
6/10/2025 10:40,C,27.093
6/10/2025 10:50,C,27.593
6/10/2025 11:00,C,27.593
6/10/2025 11:10,C,27.593
6/10/2025 11:20,C,27.593
6/10/2025 11:30,C,27.593
6/10/2025 11:40,C,27.593
6/10/2025 11:50,C,27.593
6/10/2025 12:00,C,28.092
6/10/2025 12:10,C,27.593
6/10/2025 12:20,C,27.593
6/10/2025 12:30,C,28.092
6/10/2025 12:40,C,27.593
6/10/2025 12:50,C,28.092
6/10/2025 13:00,C,28.092
6/10/2025 13:10,C,28.092
6/10/2025 13:20,C,28.092
6/10/2025 13:30,C,28.092
6/10/2025 13:40,C,28.092
6/10/2025 13:50,C,28.092
6/10/2025 14:00,C,28.092
6/10/2025 14:10,C,28.092
6/10/2025 14:20,C,28.092
6/10/2025 14:30,C,28.092
6/10/2025 14:40,C,28.092
6/10/2025 14:50,C,28.092
6/10/2025 15:00,C,28.092
6/10/2025 15:10,C,28.092
6/10/2025 15:20,C,28.592
6/10/2025 15:30,C,28.092
6/10/2025 15:40,C,28.092
6/10/2025 15:50,C,28.092
6/10/2025 16:00,C,28.092
6/10/2025 16:10,C,28.592
6/10/2025 16:20,C,28.592
6/10/2025 16:30,C,28.592
6/10/2025 16:40,C,28.592
6/10/2025 16:50,C,28.092
6/10/2025 17:00,C,28.092
6/10/2025 17:10,C,28.592
6/10/2025 17:20,C,28.092
6/10/2025 17:30,C,28.092
6/10/2025 17:40,C,28.092
6/10/2025 17:50,C,28.092
6/10/2025 18:00,C,27.593
6/10/2025 18:10,C,27.593
6/10/2025 18:20,C,27.593
6/10/2025 18:30,C,27.593
6/10/2025 18:40,C,27.093
6/10/2025 18:50,C,26.593
6/10/2025 19:00,C,26.094
6/10/2025 19:10,C,25.594
6/10/2025 19:20,C,25.594
6/10/2025 19:30,C,25.594
6/10/2025 19:40,C,25.094
6/10/2025 19:50,C,25.094
6/10/2025 20:00,C,25.094
6/10/2025 20:10,C,25.094
6/10/2025 20:20,C,24.594
6/10/2025 20:30,C,24.594
6/10/2025 20:40,C,24.094
6/10/2025 20:50,C,24.094
6/10/2025 21:00,C,24.094
6/10/2025 21:10,C,24.094
6/10/2025 21:20,C,23.594
6/10/2025 21:30,C,23.093
6/10/2025 21:40,C,23.093
6/10/2025 21:50,C,23.093
6/10/2025 22:00,C,23.093
6/10/2025 22:10,C,23.093
6/10/2025 22:20,C,23.093
6/10/2025 22:30,C,23.594
6/10/2025 22:40,C,23.594
6/10/2025 22:50,C,23.093
6/10/2025 23:00,C,23.093
6/10/2025 23:10,C,23.093
6/10/2025 23:20,C,22.593
6/10/2025 23:30,C,22.593
6/10/2025 23:40,C,22.593
6/10/2025 23:50,C,22.093
6/11/2025 0:00,C,22.093
6/11/2025 0:10,C,22.093
6/11/2025 0:20,C,22.093
6/11/2025 0:30,C,22.093
6/11/2025 0:40,C,22.093
6/11/2025 0:50,C,22.093
6/11/2025 1:00,C,21.592
6/11/2025 1:10,C,21.592
6/11/2025 1:20,C,21.592
6/11/2025 1:30,C,21.592
6/11/2025 1:40,C,21.592
6/11/2025 1:50,C,21.092
6/11/2025 2:00,C,21.092
6/11/2025 2:10,C,20.591
6/11/2025 2:20,C,20.591
6/11/2025 2:30,C,20.591
6/11/2025 2:40,C,20.591
6/11/2025 2:50,C,20.591
6/11/2025 3:00,C,20.591
6/11/2025 3:10,C,20.591
6/11/2025 3:20,C,20.591
6/11/2025 3:30,C,20.591
6/11/2025 3:40,C,20.591
6/11/2025 3:50,C,20.591
6/11/2025 4:00,C,20.591
6/11/2025 4:10,C,20.591
6/11/2025 4:20,C,20.591
6/11/2025 4:30,C,20.591
6/11/2025 4:40,C,20.591
6/11/2025 4:50,C,20.591
6/11/2025 5:00,C,20.591
6/11/2025 5:10,C,20.591
6/11/2025 5:20,C,20.591
6/11/2025 5:30,C,20.591
6/11/2025 5:40,C,20.591
6/11/2025 5:50,C,20.591
6/11/2025 6:00,C,20.591
6/11/2025 6:10,C,20.591
6/11/2025 6:20,C,20.591
6/11/2025 6:30,C,21.092
6/11/2025 6:40,C,20.591
6/11/2025 6:50,C,20.591
6/11/2025 7:00,C,21.092
6/11/2025 7:10,C,21.092
6/11/2025 7:20,C,22.093
6/11/2025 7:30,C,23.093
6/11/2025 7:40,C,24.594
6/11/2025 7:50,C,25.094
6/11/2025 8:00,C,26.094
6/11/2025 8:10,C,27.593
6/11/2025 8:20,C,27.093
6/11/2025 8:30,C,28.592
6/11/2025 8:40,C,29.591
6/11/2025 8:50,C,29.591
6/11/2025 9:00,C,27.093
6/11/2025 9:10,C,28.092
6/11/2025 9:20,C,28.592
6/11/2025 9:30,C,28.092
6/11/2025 9:40,C,27.093
6/11/2025 9:50,C,26.094
6/11/2025 10:00,C,26.094
6/11/2025 10:10,C,26.593
6/11/2025 10:20,C,26.593
6/11/2025 10:30,C,27.093
6/11/2025 10:40,C,27.093
6/11/2025 10:50,C,27.093
6/11/2025 11:00,C,27.093
6/11/2025 11:10,C,27.593
6/11/2025 11:20,C,27.593
6/11/2025 11:30,C,27.593
6/11/2025 11:40,C,27.593
6/11/2025 11:50,C,27.593
6/11/2025 12:00,C,27.593
6/11/2025 12:10,C,27.593
6/11/2025 12:20,C,28.092
6/11/2025 12:30,C,28.092
6/11/2025 12:40,C,28.092
6/11/2025 12:50,C,28.092
6/11/2025 13:00,C,28.092
6/11/2025 13:10,C,28.092
6/11/2025 13:20,C,28.592
6/11/2025 13:30,C,28.592
6/11/2025 13:40,C,28.592
6/11/2025 13:50,C,28.592
6/11/2025 14:00,C,28.592
6/11/2025 14:10,C,28.592
6/11/2025 14:20,C,29.091
6/11/2025 14:30,C,29.091
6/11/2025 14:40,C,29.091
6/11/2025 14:50,C,29.091
6/11/2025 15:00,C,29.591
6/11/2025 15:10,C,29.591
6/11/2025 15:20,C,29.091
6/11/2025 15:30,C,29.591
6/11/2025 15:40,C,29.591
6/11/2025 15:50,C,29.591
6/11/2025 16:00,C,29.591
6/11/2025 16:10,C,29.091
6/11/2025 16:20,C,29.591
6/11/2025 16:30,C,29.591
6/11/2025 16:40,C,29.591
6/11/2025 16:50,C,29.591
6/11/2025 17:00,C,29.591
6/11/2025 17:10,C,29.091
6/11/2025 17:20,C,29.091
6/11/2025 17:30,C,29.091
6/11/2025 17:40,C,29.091
6/11/2025 17:50,C,28.592
6/11/2025 18:00,C,28.592
6/11/2025 18:10,C,28.592
6/11/2025 18:20,C,28.592
6/11/2025 18:30,C,28.092
6/11/2025 18:40,C,27.593
6/11/2025 18:50,C,27.093
6/11/2025 19:00,C,27.093
6/11/2025 19:10,C,26.593
6/11/2025 19:20,C,26.094
6/11/2025 19:30,C,26.094
6/11/2025 19:40,C,26.094
6/11/2025 19:50,C,25.594
6/11/2025 20:00,C,25.594
6/11/2025 20:10,C,25.094
6/11/2025 20:20,C,25.094
6/11/2025 20:30,C,24.594
6/11/2025 20:40,C,24.594
6/11/2025 20:50,C,24.594
6/11/2025 21:00,C,24.594
6/11/2025 21:10,C,24.594
6/11/2025 21:20,C,24.094
6/11/2025 21:30,C,24.094
6/11/2025 21:40,C,23.594
6/11/2025 21:50,C,23.594
6/11/2025 22:00,C,23.594
6/11/2025 22:10,C,23.594
6/11/2025 22:20,C,23.093
6/11/2025 22:30,C,23.093
6/11/2025 22:40,C,23.093
6/11/2025 22:50,C,23.093
6/11/2025 23:00,C,23.093
6/11/2025 23:10,C,23.093
6/11/2025 23:20,C,23.093
6/11/2025 23:30,C,23.093
6/11/2025 23:40,C,23.093
6/11/2025 23:50,C,22.593
6/12/2025 0:00,C,22.593
6/12/2025 0:10,C,22.593
6/12/2025 0:20,C,22.593
6/12/2025 0:30,C,22.593
6/12/2025 0:40,C,22.593
6/12/2025 0:50,C,22.093
6/12/2025 1:00,C,21.592
6/12/2025 1:10,C,22.093
6/12/2025 1:20,C,22.093
6/12/2025 1:30,C,22.093
6/12/2025 1:40,C,22.093
6/12/2025 1:50,C,22.093
6/12/2025 2:00,C,22.593
6/12/2025 2:10,C,22.593
6/12/2025 2:20,C,23.093
6/12/2025 2:30,C,23.594
6/12/2025 2:40,C,23.093
6/12/2025 2:50,C,22.093
6/12/2025 3:00,C,22.593
6/12/2025 3:10,C,22.593
6/12/2025 3:20,C,21.592
6/12/2025 3:30,C,21.592
6/12/2025 3:40,C,21.592
6/12/2025 3:50,C,21.592
6/12/2025 4:00,C,21.592
6/12/2025 4:10,C,21.092
6/12/2025 4:20,C,21.092
6/12/2025 4:30,C,21.092
6/12/2025 4:40,C,21.092
6/12/2025 4:50,C,21.092
6/12/2025 5:00,C,21.092
6/12/2025 5:10,C,21.092
6/12/2025 5:20,C,20.091
6/12/2025 5:30,C,19.089
6/12/2025 5:40,C,19.089
6/12/2025 5:50,C,19.089
6/12/2025 6:00,C,19.59
6/12/2025 6:10,C,19.59
6/12/2025 6:20,C,19.59
6/12/2025 6:30,C,19.59
6/12/2025 6:40,C,20.091
6/12/2025 6:50,C,20.091
6/12/2025 7:00,C,20.091
6/12/2025 7:10,C,20.591
6/12/2025 7:20,C,20.591
6/12/2025 7:30,C,20.591
6/12/2025 7:40,C,21.092
6/12/2025 7:50,C,21.592
6/12/2025 8:00,C,21.592
6/12/2025 8:10,C,22.093
6/12/2025 8:20,C,22.593
6/12/2025 8:30,C,23.093
6/12/2025 8:40,C,24.094
6/12/2025 8:50,C,27.093
6/12/2025 9:00,C,27.093
6/12/2025 9:10,C,28.592
6/12/2025 9:20,C,29.591
6/12/2025 9:30,C,28.092
6/12/2025 9:40,C,27.593
6/12/2025 9:50,C,26.094
6/12/2025 10:00,C,26.094
6/12/2025 10:10,C,26.094
6/12/2025 10:20,C,26.094
6/12/2025 10:30,C,26.094
6/12/2025 10:40,C,26.593
6/12/2025 10:50,C,27.093
6/12/2025 11:00,C,27.093
6/12/2025 11:10,C,27.093
6/12/2025 11:20,C,27.093
6/12/2025 11:30,C,27.093
6/12/2025 11:40,C,27.593
6/12/2025 11:50,C,27.593
6/12/2025 12:00,C,27.593
6/12/2025 12:10,C,28.092
6/12/2025 12:20,C,28.092
6/12/2025 12:30,C,28.092
6/12/2025 12:40,C,28.092
6/12/2025 12:50,C,28.592
6/12/2025 13:00,C,28.592
6/12/2025 13:10,C,28.592
6/12/2025 13:20,C,28.592
6/12/2025 13:30,C,28.592
6/12/2025 13:40,C,28.592
6/12/2025 13:50,C,28.592
6/12/2025 14:00,C,28.592
6/12/2025 14:10,C,28.592
6/12/2025 14:20,C,29.091
6/12/2025 14:30,C,29.091
6/12/2025 14:40,C,29.091
6/12/2025 14:50,C,29.091
6/12/2025 15:00,C,29.091
6/12/2025 15:10,C,29.091
6/12/2025 15:20,C,29.091
6/12/2025 15:30,C,28.592
6/12/2025 15:40,C,29.091
6/12/2025 15:50,C,29.591
6/12/2025 16:00,C,29.091
6/12/2025 16:10,C,29.591
6/12/2025 16:20,C,29.591
6/12/2025 16:30,C,29.591
6/12/2025 16:40,C,29.091
6/12/2025 16:50,C,29.091
6/12/2025 17:00,C,29.091
6/12/2025 17:10,C,29.091
6/12/2025 17:20,C,29.091
6/12/2025 17:30,C,29.091
6/12/2025 17:40,C,28.592
6/12/2025 17:50,C,28.592
6/12/2025 18:00,C,28.592
6/12/2025 18:10,C,28.592
6/12/2025 18:20,C,28.092
6/12/2025 18:30,C,28.092
6/12/2025 18:40,C,27.593
6/12/2025 18:50,C,27.093
6/12/2025 19:00,C,26.593
6/12/2025 19:10,C,26.094
6/12/2025 19:20,C,26.094
6/12/2025 19:30,C,25.594
6/12/2025 19:40,C,25.594
6/12/2025 19:50,C,25.594
6/12/2025 20:00,C,25.594
6/12/2025 20:10,C,25.094
6/12/2025 20:20,C,24.594
6/12/2025 20:30,C,24.094
6/12/2025 20:40,C,24.094
6/12/2025 20:50,C,24.094
6/12/2025 21:00,C,24.094
6/12/2025 21:10,C,24.094
6/12/2025 21:20,C,24.094
6/12/2025 21:30,C,23.594
6/12/2025 21:40,C,23.594
6/12/2025 21:50,C,23.093
6/12/2025 22:00,C,23.093
6/12/2025 22:10,C,23.594
6/12/2025 22:20,C,23.594
6/12/2025 22:30,C,23.594
6/12/2025 22:40,C,23.093
6/12/2025 22:50,C,23.093
6/12/2025 23:00,C,23.093
6/12/2025 23:10,C,22.593
6/12/2025 23:20,C,22.593
6/12/2025 23:30,C,23.093
6/12/2025 23:40,C,23.093
6/12/2025 23:50,C,23.093
6/13/2025 0:00,C,23.093
6/13/2025 0:10,C,23.093
6/13/2025 0:20,C,22.593
6/13/2025 0:30,C,22.593
6/13/2025 0:40,C,22.093
6/13/2025 0:50,C,22.093
6/13/2025 1:00,C,22.093
6/13/2025 1:10,C,22.093
6/13/2025 1:20,C,22.093
6/13/2025 1:30,C,21.592
6/13/2025 1:40,C,22.093
6/13/2025 1:50,C,22.093
6/13/2025 2:00,C,22.093
6/13/2025 2:10,C,21.592
6/13/2025 2:20,C,22.093
6/13/2025 2:30,C,22.593
6/13/2025 2:40,C,22.593
6/13/2025 2:50,C,22.593
6/13/2025 3:00,C,22.593
6/13/2025 3:10,C,22.593
6/13/2025 3:20,C,22.593
6/13/2025 3:30,C,21.592
6/13/2025 3:40,C,21.092
6/13/2025 3:50,C,21.592
6/13/2025 4:00,C,21.092
6/13/2025 4:10,C,21.092
6/13/2025 4:20,C,21.092
6/13/2025 4:30,C,21.092
6/13/2025 4:40,C,21.092
6/13/2025 4:50,C,21.092
6/13/2025 5:00,C,21.092
6/13/2025 5:10,C,21.092
6/13/2025 5:20,C,20.591
6/13/2025 5:30,C,20.591
6/13/2025 5:40,C,20.591
6/13/2025 5:50,C,20.591
6/13/2025 6:00,C,20.591
6/13/2025 6:10,C,20.591
6/13/2025 6:20,C,20.591
6/13/2025 6:30,C,20.091
6/13/2025 6:40,C,20.091
6/13/2025 6:50,C,20.091
6/13/2025 7:00,C,20.091
6/13/2025 7:10,C,20.591
6/13/2025 7:20,C,21.092
6/13/2025 7:30,C,22.593
6/13/2025 7:40,C,24.094
6/13/2025 7:50,C,24.594
6/13/2025 8:00,C,25.594
6/13/2025 8:10,C,27.093
6/13/2025 8:20,C,26.593
6/13/2025 8:30,C,27.593
6/13/2025 8:40,C,29.091
6/13/2025 8:50,C,29.591
6/13/2025 9:00,C,26.593
6/13/2025 9:10,C,28.592
6/13/2025 9:20,C,30.589
6/13/2025 9:30,C,31.089
6/13/2025 9:40,C,30.09
6/13/2025 9:50,C,28.592
6/13/2025 10:00,C,27.593
6/13/2025 10:10,C,27.593
6/13/2025 10:20,C,27.593
6/13/2025 10:30,C,28.092
6/13/2025 10:40,C,27.593
6/13/2025 10:50,C,28.092
6/13/2025 11:00,C,27.593
6/13/2025 11:10,C,28.092
6/13/2025 11:20,C,28.092
6/13/2025 11:30,C,28.092
6/13/2025 11:40,C,28.092
6/13/2025 11:50,C,28.092
6/13/2025 12:00,C,28.592
6/13/2025 12:10,C,28.592
6/13/2025 12:20,C,28.592
6/13/2025 12:30,C,28.592
6/13/2025 12:40,C,28.592
6/13/2025 12:50,C,28.592
6/13/2025 13:00,C,28.592
6/13/2025 13:10,C,28.592
6/13/2025 13:20,C,29.091
6/13/2025 13:30,C,29.091
6/13/2025 13:40,C,29.091
6/13/2025 13:50,C,29.091
6/13/2025 14:00,C,29.091
6/13/2025 14:10,C,29.091
6/13/2025 14:20,C,29.591
6/13/2025 14:30,C,29.091
6/13/2025 14:40,C,29.591
6/13/2025 14:50,C,29.591
6/13/2025 15:00,C,29.091
6/13/2025 15:10,C,28.592
6/13/2025 15:20,C,29.591
6/13/2025 15:30,C,29.591
6/13/2025 15:40,C,29.591
6/13/2025 15:50,C,29.591
6/13/2025 16:00,C,29.591
6/13/2025 16:10,C,29.591
6/13/2025 16:20,C,29.591
6/13/2025 16:30,C,29.591
6/13/2025 16:40,C,29.591
6/13/2025 16:50,C,29.591
6/13/2025 17:00,C,29.091
6/13/2025 17:10,C,29.091
6/13/2025 17:20,C,29.091
6/13/2025 17:30,C,29.091
6/13/2025 17:40,C,29.091
6/13/2025 17:50,C,29.091
6/13/2025 18:00,C,29.091
6/13/2025 18:10,C,28.592
6/13/2025 18:20,C,28.592
6/13/2025 18:30,C,28.092
6/13/2025 18:40,C,27.593
6/13/2025 18:50,C,27.093
6/13/2025 19:00,C,26.593
6/13/2025 19:10,C,26.094
6/13/2025 19:20,C,25.594
6/13/2025 19:30,C,26.094
6/13/2025 19:40,C,25.594
6/13/2025 19:50,C,25.094
6/13/2025 20:00,C,25.094
6/13/2025 20:10,C,25.094
6/13/2025 20:20,C,24.594
6/13/2025 20:30,C,24.594
6/13/2025 20:40,C,24.094
6/13/2025 20:50,C,24.094
6/13/2025 21:00,C,24.094
6/13/2025 21:10,C,23.594
6/13/2025 21:20,C,23.594
6/13/2025 21:30,C,23.093
6/13/2025 21:40,C,23.093
6/13/2025 21:50,C,23.093
6/13/2025 22:00,C,23.093
6/13/2025 22:10,C,23.093
6/13/2025 22:20,C,22.593
6/13/2025 22:30,C,22.593
6/13/2025 22:40,C,22.593
6/13/2025 22:50,C,22.093
6/13/2025 23:00,C,22.093
6/13/2025 23:10,C,22.593
6/13/2025 23:20,C,22.093
6/13/2025 23:30,C,22.093
6/13/2025 23:40,C,22.093
6/13/2025 23:50,C,22.093
6/14/2025 0:00,C,22.093
6/14/2025 0:10,C,21.592
6/14/2025 0:20,C,21.592
6/14/2025 0:30,C,22.093
6/14/2025 0:40,C,22.093
6/14/2025 0:50,C,22.593
6/14/2025 1:00,C,22.593
6/14/2025 1:10,C,22.093
6/14/2025 1:20,C,22.093
6/14/2025 1:30,C,21.592
6/14/2025 1:40,C,21.592
6/14/2025 1:50,C,21.592
6/14/2025 2:00,C,21.592
6/14/2025 2:10,C,21.592
6/14/2025 2:20,C,21.592
6/14/2025 2:30,C,21.592
6/14/2025 2:40,C,21.092
6/14/2025 2:50,C,21.592
6/14/2025 3:00,C,21.092
6/14/2025 3:10,C,21.092
6/14/2025 3:20,C,21.092
6/14/2025 3:30,C,21.092
6/14/2025 3:40,C,21.092
6/14/2025 3:50,C,21.092
6/14/2025 4:00,C,21.592
6/14/2025 4:10,C,21.092
6/14/2025 4:20,C,21.092
6/14/2025 4:30,C,21.092
6/14/2025 4:40,C,20.591
6/14/2025 4:50,C,20.591
6/14/2025 5:00,C,20.591
6/14/2025 5:10,C,20.591
6/14/2025 5:20,C,20.591
6/14/2025 5:30,C,20.591
6/14/2025 5:40,C,20.591
6/14/2025 5:50,C,19.59
6/14/2025 6:00,C,20.091
6/14/2025 6:10,C,20.091
6/14/2025 6:20,C,20.091
6/14/2025 6:30,C,20.091
6/14/2025 6:40,C,20.091
6/14/2025 6:50,C,20.091
6/14/2025 7:00,C,20.091
6/14/2025 7:10,C,19.59
6/14/2025 7:20,C,20.591
6/14/2025 7:30,C,21.592
6/14/2025 7:40,C,23.093
6/14/2025 7:50,C,24.594
6/14/2025 8:00,C,25.094
6/14/2025 8:10,C,27.093
6/14/2025 8:20,C,26.593
6/14/2025 8:30,C,27.593
6/14/2025 8:40,C,29.091
6/14/2025 8:50,C,29.591
6/14/2025 9:00,C,27.093
6/14/2025 9:10,C,27.593
6/14/2025 9:20,C,28.092
6/14/2025 9:30,C,28.092
6/14/2025 9:40,C,27.093
6/14/2025 9:50,C,26.094
6/14/2025 10:00,C,26.094
6/14/2025 10:10,C,26.094
6/14/2025 10:20,C,26.094
6/14/2025 10:30,C,26.094
6/14/2025 10:40,C,26.593
6/14/2025 10:50,C,26.593
6/14/2025 11:00,C,26.593
6/14/2025 11:10,C,26.593
6/14/2025 11:20,C,26.593
6/14/2025 11:30,C,27.093
6/14/2025 11:40,C,27.593
6/14/2025 11:50,C,27.093
6/14/2025 12:00,C,27.593
6/14/2025 12:10,C,27.593
6/14/2025 12:20,C,27.593
6/14/2025 12:30,C,27.593
6/14/2025 12:40,C,28.092
6/14/2025 12:50,C,28.092
6/14/2025 13:00,C,28.092
6/14/2025 13:10,C,28.092
6/14/2025 13:20,C,28.592
6/14/2025 13:30,C,28.592
6/14/2025 13:40,C,28.592
6/14/2025 13:50,C,29.091
6/14/2025 14:00,C,29.091
6/14/2025 14:10,C,29.591
6/14/2025 14:20,C,29.591
6/14/2025 14:30,C,29.591
6/14/2025 14:40,C,29.591
6/14/2025 14:50,C,29.591
6/14/2025 15:00,C,29.591
6/14/2025 15:10,C,29.591
6/14/2025 15:20,C,29.591
6/14/2025 15:30,C,29.591
6/14/2025 15:40,C,29.591
6/14/2025 15:50,C,29.591
6/14/2025 16:00,C,29.591
6/14/2025 16:10,C,29.591
6/14/2025 16:20,C,29.591
6/14/2025 16:30,C,29.591
6/14/2025 16:40,C,29.591
6/14/2025 16:50,C,29.091
6/14/2025 17:00,C,29.091
6/14/2025 17:10,C,29.091
6/14/2025 17:20,C,29.091
6/14/2025 17:30,C,29.091
6/14/2025 17:40,C,29.091
6/14/2025 17:50,C,29.091
6/14/2025 18:00,C,29.091
6/14/2025 18:10,C,28.592
6/14/2025 18:20,C,28.592
6/14/2025 18:30,C,28.592
6/14/2025 18:40,C,28.092
6/14/2025 18:50,C,27.093
6/14/2025 19:00,C,26.593
6/14/2025 19:10,C,26.094
6/14/2025 19:20,C,26.094
6/14/2025 19:30,C,25.594
6/14/2025 19:40,C,25.594
6/14/2025 19:50,C,25.594
6/14/2025 20:00,C,25.094
6/14/2025 20:10,C,25.094
6/14/2025 20:20,C,24.594
6/14/2025 20:30,C,24.594
6/14/2025 20:40,C,24.094
6/14/2025 20:50,C,24.094
6/14/2025 21:00,C,24.094
6/14/2025 21:10,C,24.094
6/14/2025 21:20,C,24.094
6/14/2025 21:30,C,24.094
6/14/2025 21:40,C,23.594
6/14/2025 21:50,C,23.594
6/14/2025 22:00,C,23.594
6/14/2025 22:10,C,23.093
6/14/2025 22:20,C,23.093
6/14/2025 22:30,C,23.093
6/14/2025 22:40,C,23.093
6/14/2025 22:50,C,23.093
6/14/2025 23:00,C,23.093
6/14/2025 23:10,C,23.093
6/14/2025 23:20,C,23.093
6/14/2025 23:30,C,23.093
6/14/2025 23:40,C,23.093
6/14/2025 23:50,C,23.093
6/15/2025 0:00,C,23.093
6/15/2025 0:10,C,23.093
6/15/2025 0:20,C,23.093
6/15/2025 0:30,C,23.093
6/15/2025 0:40,C,23.093
6/15/2025 0:50,C,23.093
6/15/2025 1:00,C,23.093
6/15/2025 1:10,C,23.093
6/15/2025 1:20,C,22.593
6/15/2025 1:30,C,22.593
6/15/2025 1:40,C,22.593
6/15/2025 1:50,C,22.593
6/15/2025 2:00,C,22.593
6/15/2025 2:10,C,22.593
6/15/2025 2:20,C,22.593
6/15/2025 2:30,C,22.593
6/15/2025 2:40,C,22.093
6/15/2025 2:50,C,22.093
6/15/2025 3:00,C,22.093
6/15/2025 3:10,C,22.093
6/15/2025 3:20,C,22.093
6/15/2025 3:30,C,22.093
6/15/2025 3:40,C,22.093
6/15/2025 3:50,C,21.592
6/15/2025 4:00,C,21.592
6/15/2025 4:10,C,21.592
6/15/2025 4:20,C,21.592
6/15/2025 4:30,C,21.592
6/15/2025 4:40,C,21.592
6/15/2025 4:50,C,21.592
6/15/2025 5:00,C,21.092
6/15/2025 5:10,C,21.592
6/15/2025 5:20,C,21.592
6/15/2025 5:30,C,21.092
6/15/2025 5:40,C,21.092
6/15/2025 5:50,C,21.092
6/15/2025 6:00,C,21.592
6/15/2025 6:10,C,21.592
6/15/2025 6:20,C,21.092
6/15/2025 6:30,C,21.092
6/15/2025 6:40,C,20.591
6/15/2025 6:50,C,21.092
6/15/2025 7:00,C,20.591
6/15/2025 7:10,C,20.591
6/15/2025 7:20,C,20.591
6/15/2025 7:30,C,21.092
6/15/2025 7:40,C,21.592
6/15/2025 7:50,C,21.592
6/15/2025 8:00,C,22.593
6/15/2025 8:10,C,24.594
6/15/2025 8:20,C,23.594
6/15/2025 8:30,C,22.093
6/15/2025 8:40,C,21.592
6/15/2025 8:50,C,22.093
6/15/2025 9:00,C,22.093
6/15/2025 9:10,C,23.594
6/15/2025 9:20,C,26.593
6/15/2025 9:30,C,28.592
6/15/2025 9:40,C,28.092
6/15/2025 9:50,C,27.093
6/15/2025 10:00,C,26.593
6/15/2025 10:10,C,27.093
6/15/2025 10:20,C,26.593
6/15/2025 10:30,C,27.593
6/15/2025 10:40,C,27.593
6/15/2025 10:50,C,27.093
6/15/2025 11:00,C,27.093
6/15/2025 11:10,C,27.593
6/15/2025 11:20,C,27.593
6/15/2025 11:30,C,27.093
6/15/2025 11:40,C,27.593
6/15/2025 11:50,C,27.593
6/15/2025 12:00,C,27.093
6/15/2025 12:10,C,27.593
6/15/2025 12:20,C,27.093
6/15/2025 12:30,C,27.593
6/15/2025 12:40,C,27.093
6/15/2025 12:50,C,27.593
6/15/2025 13:00,C,28.092
6/15/2025 13:10,C,28.092
6/15/2025 13:20,C,28.092
6/15/2025 13:30,C,28.092
6/15/2025 13:40,C,28.092
6/15/2025 13:50,C,28.592
6/15/2025 14:00,C,28.592
6/15/2025 14:10,C,28.592
6/15/2025 14:20,C,28.592
6/15/2025 14:30,C,28.592
6/15/2025 14:40,C,28.592
6/15/2025 14:50,C,28.592
6/15/2025 15:00,C,29.091
6/15/2025 15:10,C,28.592
6/15/2025 15:20,C,29.091
6/15/2025 15:30,C,29.091
6/15/2025 15:40,C,29.091
6/15/2025 15:50,C,29.091
6/15/2025 16:00,C,29.091
6/15/2025 16:10,C,29.091
6/15/2025 16:20,C,28.592
6/15/2025 16:30,C,28.592
6/15/2025 16:40,C,29.091
6/15/2025 16:50,C,28.592
6/15/2025 17:00,C,28.592
6/15/2025 17:10,C,28.592
6/15/2025 17:20,C,28.592
6/15/2025 17:30,C,28.592
6/15/2025 17:40,C,28.592
6/15/2025 17:50,C,28.092
6/15/2025 18:00,C,28.092
6/15/2025 18:10,C,27.593
6/15/2025 18:20,C,27.593
6/15/2025 18:30,C,27.093
6/15/2025 18:40,C,26.593
6/15/2025 18:50,C,26.094
6/15/2025 19:00,C,25.594
6/15/2025 19:10,C,25.594
6/15/2025 19:20,C,25.094
6/15/2025 19:30,C,25.094
6/15/2025 19:40,C,25.094
6/15/2025 19:50,C,25.094
6/15/2025 20:00,C,24.594
6/15/2025 20:10,C,24.094
6/15/2025 20:20,C,24.094
6/15/2025 20:30,C,23.594
6/15/2025 20:40,C,23.594
6/15/2025 20:50,C,24.094
6/15/2025 21:00,C,23.594
6/15/2025 21:10,C,23.594
6/15/2025 21:20,C,23.594
6/15/2025 21:30,C,23.093
6/15/2025 21:40,C,23.093
6/15/2025 21:50,C,22.593
6/15/2025 22:00,C,22.593
6/15/2025 22:10,C,23.093
6/15/2025 22:20,C,22.593
6/15/2025 22:30,C,22.593
6/15/2025 22:40,C,22.593
6/15/2025 22:50,C,22.093
6/15/2025 23:00,C,22.093
6/15/2025 23:10,C,21.592
6/15/2025 23:20,C,21.592
6/15/2025 23:30,C,21.592
6/15/2025 23:40,C,21.592
6/15/2025 23:50,C,21.592
6/16/2025 0:00,C,21.592
6/16/2025 0:10,C,22.093
6/16/2025 0:20,C,22.093
6/16/2025 0:30,C,22.093
6/16/2025 0:40,C,22.093
6/16/2025 0:50,C,22.093
6/16/2025 1:00,C,22.093
6/16/2025 1:10,C,21.592
6/16/2025 1:20,C,21.592
6/16/2025 1:30,C,21.592
6/16/2025 1:40,C,21.592
6/16/2025 1:50,C,21.092
6/16/2025 2:00,C,21.092
6/16/2025 2:10,C,21.092
6/16/2025 2:20,C,21.092
6/16/2025 2:30,C,21.092
6/16/2025 2:40,C,21.092
6/16/2025 2:50,C,20.591
6/16/2025 3:00,C,20.591
6/16/2025 3:10,C,20.591
6/16/2025 3:20,C,20.591
6/16/2025 3:30,C,20.091
6/16/2025 3:40,C,20.591
6/16/2025 3:50,C,20.591
6/16/2025 4:00,C,20.591
6/16/2025 4:10,C,20.091
6/16/2025 4:20,C,20.091
6/16/2025 4:30,C,20.091
6/16/2025 4:40,C,20.091
6/16/2025 4:50,C,19.59
6/16/2025 5:00,C,20.091
6/16/2025 5:10,C,20.091
6/16/2025 5:20,C,20.091
6/16/2025 5:30,C,20.091
6/16/2025 5:40,C,20.091
6/16/2025 5:50,C,20.091
6/16/2025 6:00,C,20.091
6/16/2025 6:10,C,20.091
6/16/2025 6:20,C,20.091
6/16/2025 6:30,C,20.591
6/16/2025 6:40,C,20.591
6/16/2025 6:50,C,21.092
6/16/2025 7:00,C,21.092
6/16/2025 7:10,C,21.092
6/16/2025 7:20,C,21.092
6/16/2025 7:30,C,21.592
6/16/2025 7:40,C,21.592
6/16/2025 7:50,C,21.592
6/16/2025 8:00,C,22.093
6/16/2025 8:10,C,22.593
6/16/2025 8:20,C,25.094
6/16/2025 8:30,C,25.094
6/16/2025 8:40,C,26.094
6/16/2025 8:50,C,28.092
6/16/2025 9:00,C,26.593
6/16/2025 9:10,C,28.592
6/16/2025 9:20,C,30.09
6/16/2025 9:30,C,30.09
6/16/2025 9:40,C,28.092
6/16/2025 9:50,C,27.093
6/16/2025 10:00,C,27.093
6/16/2025 10:10,C,27.093
6/16/2025 10:20,C,27.093
6/16/2025 10:30,C,27.093
6/16/2025 10:40,C,27.593
6/16/2025 10:50,C,27.593
6/16/2025 11:00,C,28.092
6/16/2025 11:10,C,27.593
6/16/2025 11:20,C,27.593
6/16/2025 11:30,C,27.093
6/16/2025 11:40,C,27.093
6/16/2025 11:50,C,27.593
6/16/2025 12:00,C,28.092
6/16/2025 12:10,C,28.092
6/16/2025 12:20,C,27.593
6/16/2025 12:30,C,27.593
6/16/2025 12:40,C,27.593
6/16/2025 12:50,C,28.092
6/16/2025 13:00,C,28.092
6/16/2025 13:10,C,28.092
6/16/2025 13:20,C,28.092
6/16/2025 13:30,C,28.092
6/16/2025 13:40,C,27.593
6/16/2025 13:50,C,27.093
6/16/2025 14:00,C,27.593
6/16/2025 14:10,C,27.593
6/16/2025 14:20,C,27.593
6/16/2025 14:30,C,28.092
6/16/2025 14:40,C,28.092
6/16/2025 14:50,C,28.092
6/16/2025 15:00,C,28.592
6/16/2025 15:10,C,28.092
6/16/2025 15:20,C,28.092
6/16/2025 15:30,C,28.592
6/16/2025 15:40,C,28.592
6/16/2025 15:50,C,28.592
6/16/2025 16:00,C,28.592
6/16/2025 16:10,C,29.091
6/16/2025 16:20,C,29.091
6/16/2025 16:30,C,29.091
6/16/2025 16:40,C,29.091
6/16/2025 16:50,C,29.091
6/16/2025 17:00,C,29.091
6/16/2025 17:10,C,28.592
6/16/2025 17:20,C,28.592
6/16/2025 17:30,C,28.592
6/16/2025 17:40,C,28.092
6/16/2025 17:50,C,28.092
6/16/2025 18:00,C,27.593
6/16/2025 18:10,C,27.093
6/16/2025 18:20,C,26.593
6/16/2025 18:30,C,26.593
6/16/2025 18:40,C,25.594
6/16/2025 18:50,C,25.594
6/16/2025 19:00,C,25.094
6/16/2025 19:10,C,24.594
6/16/2025 19:20,C,24.094
6/16/2025 19:30,C,24.094
6/16/2025 19:40,C,23.594
6/16/2025 19:50,C,23.594
6/16/2025 20:00,C,23.594
6/16/2025 20:10,C,23.594
6/16/2025 20:20,C,23.093
6/16/2025 20:30,C,23.093
6/16/2025 20:40,C,23.093
6/16/2025 20:50,C,22.593
6/16/2025 21:00,C,22.593
6/16/2025 21:10,C,22.593
6/16/2025 21:20,C,22.093
6/16/2025 21:30,C,22.093
6/16/2025 21:40,C,22.093
6/16/2025 21:50,C,22.093
6/16/2025 22:00,C,22.093
6/16/2025 22:10,C,22.593
6/16/2025 22:20,C,22.593
6/16/2025 22:30,C,22.093
6/16/2025 22:40,C,22.093
6/16/2025 22:50,C,22.093
6/16/2025 23:00,C,22.093
6/16/2025 23:10,C,22.093
6/16/2025 23:20,C,22.093
6/16/2025 23:30,C,22.093
6/16/2025 23:40,C,22.093
6/16/2025 23:50,C,22.093
6/17/2025 0:00,C,22.093
6/17/2025 0:10,C,21.592
6/17/2025 0:20,C,21.592
6/17/2025 0:30,C,21.592
6/17/2025 0:40,C,21.592
6/17/2025 0:50,C,21.592
6/17/2025 1:00,C,21.592
6/17/2025 1:10,C,21.592
6/17/2025 1:20,C,21.592
6/17/2025 1:30,C,21.592
6/17/2025 1:40,C,21.592
6/17/2025 1:50,C,21.592
6/17/2025 2:00,C,21.592
6/17/2025 2:10,C,21.592
6/17/2025 2:20,C,21.592
6/17/2025 2:30,C,21.592
6/17/2025 2:40,C,21.092
6/17/2025 2:50,C,21.092
6/17/2025 3:00,C,21.092
6/17/2025 3:10,C,21.092
6/17/2025 3:20,C,21.092
6/17/2025 3:30,C,21.092
6/17/2025 3:40,C,21.092
6/17/2025 3:50,C,21.092
6/17/2025 4:00,C,21.092
6/17/2025 4:10,C,21.092
6/17/2025 4:20,C,21.092
6/17/2025 4:30,C,21.092
6/17/2025 4:40,C,21.092
6/17/2025 4:50,C,21.092
6/17/2025 5:00,C,21.092
6/17/2025 5:10,C,21.092
6/17/2025 5:20,C,21.092
6/17/2025 5:30,C,21.092
6/17/2025 5:40,C,21.092
6/17/2025 5:50,C,20.591
6/17/2025 6:00,C,21.092
6/17/2025 6:10,C,20.591
6/17/2025 6:20,C,20.591
6/17/2025 6:30,C,20.591
6/17/2025 6:40,C,20.591
6/17/2025 6:50,C,20.591
6/17/2025 7:00,C,20.591
6/17/2025 7:10,C,21.092
6/17/2025 7:20,C,21.592
6/17/2025 7:30,C,22.093
6/17/2025 7:40,C,23.093
6/17/2025 7:50,C,23.594
6/17/2025 8:00,C,24.594
6/17/2025 8:10,C,25.094
6/17/2025 8:20,C,25.094
6/17/2025 8:30,C,25.594
6/17/2025 8:40,C,26.094
6/17/2025 8:50,C,25.594
6/17/2025 9:00,C,25.094
6/17/2025 9:10,C,26.094
6/17/2025 9:20,C,25.094
6/17/2025 9:30,C,25.594
6/17/2025 9:40,C,25.094
6/17/2025 9:50,C,24.594
6/17/2025 10:00,C,25.094
6/17/2025 10:10,C,25.594
6/17/2025 10:20,C,25.094
6/17/2025 10:30,C,25.094
6/17/2025 10:40,C,25.094
6/17/2025 10:50,C,25.094
6/17/2025 11:00,C,25.094
6/17/2025 11:10,C,26.094
6/17/2025 11:20,C,27.093
6/17/2025 11:30,C,27.593
6/17/2025 11:40,C,28.092
6/17/2025 11:50,C,28.092
6/17/2025 12:00,C,28.092
6/17/2025 12:10,C,27.593
6/17/2025 12:20,C,28.092
6/17/2025 12:30,C,27.593
6/17/2025 12:40,C,28.092
6/17/2025 12:50,C,28.092
6/17/2025 13:00,C,27.593
6/17/2025 13:10,C,27.093
6/17/2025 13:20,C,23.594
6/17/2025 13:30,C,23.594
6/17/2025 13:40,C,23.093
6/17/2025 13:50,C,22.593
6/17/2025 14:00,C,21.092
6/17/2025 14:10,C,20.591
6/17/2025 14:20,C,20.591
6/17/2025 14:30,C,20.591
6/17/2025 14:40,C,20.591
6/17/2025 14:50,C,20.591
6/17/2025 15:00,C,20.091
6/17/2025 15:10,C,20.591
6/17/2025 15:20,C,21.092
6/17/2025 15:30,C,21.092
6/17/2025 15:40,C,21.092
6/17/2025 15:50,C,21.592
6/17/2025 16:00,C,22.093
6/17/2025 16:10,C,22.093
6/17/2025 16:20,C,22.093
6/17/2025 16:30,C,22.093
6/17/2025 16:40,C,22.093
6/17/2025 16:50,C,21.592
6/17/2025 17:00,C,22.093
6/17/2025 17:10,C,22.093
6/17/2025 17:20,C,22.093
6/17/2025 17:30,C,22.093
6/17/2025 17:40,C,22.093
6/17/2025 17:50,C,22.093
6/17/2025 18:00,C,21.592
6/17/2025 18:10,C,21.592
6/17/2025 18:20,C,21.592
6/17/2025 18:30,C,21.592
6/17/2025 18:40,C,21.592
6/17/2025 18:50,C,21.592
6/17/2025 19:00,C,21.592
6/17/2025 19:10,C,21.592
6/17/2025 19:20,C,21.592
6/17/2025 19:30,C,21.592
6/17/2025 19:40,C,21.592
6/17/2025 19:50,C,21.592
6/17/2025 20:00,C,21.592
6/17/2025 20:10,C,21.592
6/17/2025 20:20,C,21.592
6/17/2025 20:30,C,21.592
6/17/2025 20:40,C,21.592
6/17/2025 20:50,C,21.592
6/17/2025 21:00,C,21.592
6/17/2025 21:10,C,21.592
6/17/2025 21:20,C,21.592
6/17/2025 21:30,C,21.592
6/17/2025 21:40,C,21.092
6/17/2025 21:50,C,21.092
6/17/2025 22:00,C,21.092
6/17/2025 22:10,C,21.092
6/17/2025 22:20,C,21.092
6/17/2025 22:30,C,20.591
6/17/2025 22:40,C,20.591
6/17/2025 22:50,C,20.591
6/17/2025 23:00,C,20.591
6/17/2025 23:10,C,20.591
6/17/2025 23:20,C,20.591
6/17/2025 23:30,C,20.591
6/17/2025 23:40,C,20.591
6/17/2025 23:50,C,20.591
6/18/2025 0:00,C,20.591
6/18/2025 0:10,C,20.591
6/18/2025 0:20,C,20.591
6/18/2025 0:30,C,20.591
6/18/2025 0:40,C,20.591
6/18/2025 0:50,C,20.091
6/18/2025 1:00,C,20.091
6/18/2025 1:10,C,20.091
6/18/2025 1:20,C,20.091
6/18/2025 1:30,C,20.091
6/18/2025 1:40,C,19.59
6/18/2025 1:50,C,19.59
6/18/2025 2:00,C,19.59
6/18/2025 2:10,C,19.59
6/18/2025 2:20,C,20.091
6/18/2025 2:30,C,19.59
6/18/2025 2:40,C,19.59
6/18/2025 2:50,C,19.59
6/18/2025 3:00,C,19.59
6/18/2025 3:10,C,19.59
6/18/2025 3:20,C,19.59
6/18/2025 3:30,C,19.59
6/18/2025 3:40,C,19.59
6/18/2025 3:50,C,19.59
6/18/2025 4:00,C,19.59
6/18/2025 4:10,C,19.59
6/18/2025 4:20,C,19.59
6/18/2025 4:30,C,19.59
6/18/2025 4:40,C,19.59
6/18/2025 4:50,C,19.089
6/18/2025 5:00,C,19.089
6/18/2025 5:10,C,19.089
6/18/2025 5:20,C,19.089
6/18/2025 5:30,C,19.089
6/18/2025 5:40,C,19.089
6/18/2025 5:50,C,19.59
6/18/2025 6:00,C,19.59
6/18/2025 6:10,C,19.089
6/18/2025 6:20,C,19.089
6/18/2025 6:30,C,19.089
6/18/2025 6:40,C,19.089
6/18/2025 6:50,C,19.089
6/18/2025 7:00,C,19.089
6/18/2025 7:10,C,19.59
6/18/2025 7:20,C,19.59
6/18/2025 7:30,C,20.091
6/18/2025 7:40,C,20.591
6/18/2025 7:50,C,20.591
6/18/2025 8:00,C,20.591
6/18/2025 8:10,C,20.591
6/18/2025 8:20,C,21.092
6/18/2025 8:30,C,21.092
6/18/2025 8:40,C,21.592
6/18/2025 8:50,C,21.592
6/18/2025 9:00,C,22.093
6/18/2025 9:10,C,23.093
6/18/2025 9:20,C,23.093
6/18/2025 9:30,C,23.093
6/18/2025 9:40,C,23.594
6/18/2025 9:50,C,23.594
6/18/2025 10:00,C,24.094
6/18/2025 10:10,C,24.594
6/18/2025 10:20,C,25.094
6/18/2025 10:30,C,25.594
6/18/2025 10:40,C,25.594
6/18/2025 10:50,C,25.594
6/18/2025 11:00,C,26.094
6/18/2025 11:10,C,26.094
6/18/2025 11:20,C,26.593
6/18/2025 11:30,C,27.093
6/18/2025 11:40,C,26.593
6/18/2025 11:50,C,26.593
6/18/2025 12:00,C,26.094
6/18/2025 12:10,C,25.094
6/18/2025 12:20,C,25.094
6/18/2025 12:30,C,25.094
6/18/2025 12:40,C,25.094
6/18/2025 12:50,C,25.594
6/18/2025 13:00,C,26.094
6/18/2025 13:10,C,26.593
6/18/2025 13:20,C,26.593
6/18/2025 13:30,C,26.593
6/18/2025 13:40,C,26.593
6/18/2025 13:50,C,26.094
6/18/2025 14:00,C,25.594
6/18/2025 14:10,C,25.594
6/18/2025 14:20,C,25.094
6/18/2025 14:30,C,25.094
6/18/2025 14:40,C,25.594
6/18/2025 14:50,C,26.094
6/18/2025 15:00,C,26.593
6/18/2025 15:10,C,26.593
6/18/2025 15:20,C,27.093
6/18/2025 15:30,C,26.593
6/18/2025 15:40,C,26.094
6/18/2025 15:50,C,22.593
6/18/2025 16:00,C,20.091
6/18/2025 16:10,C,18.589
6/18/2025 16:20,C,18.589
6/18/2025 16:30,C,18.589
6/18/2025 16:40,C,18.589
6/18/2025 16:50,C,19.089
6/18/2025 17:00,C,19.089
6/18/2025 17:10,C,19.59
6/18/2025 17:20,C,19.59
6/18/2025 17:30,C,20.091
6/18/2025 17:40,C,20.591
6/18/2025 17:50,C,21.092
6/18/2025 18:00,C,21.092
6/18/2025 18:10,C,21.092
6/18/2025 18:20,C,21.092
6/18/2025 18:30,C,21.092
6/18/2025 18:40,C,21.592
6/18/2025 18:50,C,21.092
6/18/2025 19:00,C,21.092
6/18/2025 19:10,C,21.092
6/18/2025 19:20,C,21.092
6/18/2025 19:30,C,21.092
6/18/2025 19:40,C,21.092
6/18/2025 19:50,C,21.092
6/18/2025 20:00,C,20.591
6/18/2025 20:10,C,20.591
6/18/2025 20:20,C,20.591
6/18/2025 20:30,C,20.591
6/18/2025 20:40,C,20.091
6/18/2025 20:50,C,20.091
6/18/2025 21:00,C,20.091
6/18/2025 21:10,C,20.091
6/18/2025 21:20,C,20.091
6/18/2025 21:30,C,20.091
6/18/2025 21:40,C,19.59
6/18/2025 21:50,C,20.091
6/18/2025 22:00,C,19.59
6/18/2025 22:10,C,19.59
6/18/2025 22:20,C,19.59
6/18/2025 22:30,C,20.091
6/18/2025 22:40,C,20.091
6/18/2025 22:50,C,20.091
6/18/2025 23:00,C,20.091
6/18/2025 23:10,C,20.091
6/18/2025 23:20,C,20.091
6/18/2025 23:30,C,20.091
6/18/2025 23:40,C,20.091
6/18/2025 23:50,C,20.091
6/19/2025 0:00,C,20.091
6/19/2025 0:10,C,20.091
6/19/2025 0:20,C,20.091
6/19/2025 0:30,C,20.091
6/19/2025 0:40,C,20.091
6/19/2025 0:50,C,20.091
6/19/2025 1:00,C,20.591
6/19/2025 1:10,C,20.591
6/19/2025 1:20,C,20.591
6/19/2025 1:30,C,20.591
6/19/2025 1:40,C,20.591
6/19/2025 1:50,C,20.591
6/19/2025 2:00,C,20.591
6/19/2025 2:10,C,20.591
6/19/2025 2:20,C,20.591
6/19/2025 2:30,C,20.091
6/19/2025 2:40,C,20.091
6/19/2025 2:50,C,20.091
6/19/2025 3:00,C,20.091
6/19/2025 3:10,C,20.091
6/19/2025 3:20,C,20.091
6/19/2025 3:30,C,20.091
6/19/2025 3:40,C,20.091
6/19/2025 3:50,C,20.091
6/19/2025 4:00,C,20.091
6/19/2025 4:10,C,20.591
6/19/2025 4:20,C,20.091
6/19/2025 4:30,C,20.091
6/19/2025 4:40,C,19.59
6/19/2025 4:50,C,19.59
6/19/2025 5:00,C,19.59
6/19/2025 5:10,C,19.59
6/19/2025 5:20,C,19.59
6/19/2025 5:30,C,19.089
6/19/2025 5:40,C,19.59
6/19/2025 5:50,C,19.59
6/19/2025 6:00,C,19.59
6/19/2025 6:10,C,19.59
6/19/2025 6:20,C,19.59
6/19/2025 6:30,C,19.089
6/19/2025 6:40,C,19.089
6/19/2025 6:50,C,19.59
6/19/2025 7:00,C,19.59
6/19/2025 7:10,C,19.59
6/19/2025 7:20,C,19.59
6/19/2025 7:30,C,20.091
6/19/2025 7:40,C,20.091
6/19/2025 7:50,C,20.591
6/19/2025 8:00,C,20.591
6/19/2025 8:10,C,21.092
6/19/2025 8:20,C,21.592
6/19/2025 8:30,C,21.592
6/19/2025 8:40,C,22.093
6/19/2025 8:50,C,23.093
6/19/2025 9:00,C,22.593
6/19/2025 9:10,C,24.094
6/19/2025 9:20,C,25.594
6/19/2025 9:30,C,26.094
6/19/2025 9:40,C,25.094
6/19/2025 9:50,C,25.094
6/19/2025 10:00,C,25.094
6/19/2025 10:10,C,25.094
6/19/2025 10:20,C,24.594
6/19/2025 10:30,C,24.594
6/19/2025 10:40,C,26.593
6/19/2025 10:50,C,24.594
6/19/2025 11:00,C,24.594
6/19/2025 11:10,C,24.594
6/19/2025 11:20,C,26.094
6/19/2025 11:30,C,24.094
6/19/2025 11:40,C,23.594
6/19/2025 11:50,C,24.094
6/19/2025 12:00,C,24.094
6/19/2025 12:10,C,24.094
6/19/2025 12:20,C,24.094
6/19/2025 12:30,C,24.094
6/19/2025 12:40,C,24.594
6/19/2025 12:50,C,24.594
6/19/2025 13:00,C,25.094
6/19/2025 13:10,C,25.094
6/19/2025 13:20,C,25.094
6/19/2025 13:30,C,25.094
6/19/2025 13:40,C,25.594
6/19/2025 13:50,C,25.594
6/19/2025 14:00,C,25.094
6/19/2025 14:10,C,24.594
6/19/2025 14:20,C,24.594
6/19/2025 14:30,C,24.594
6/19/2025 14:40,C,24.594
6/19/2025 14:50,C,24.594
6/19/2025 15:00,C,24.594
6/19/2025 15:10,C,24.594
6/19/2025 15:20,C,24.094
6/19/2025 15:30,C,24.094
6/19/2025 15:40,C,24.594
6/19/2025 15:50,C,24.594
6/19/2025 16:00,C,24.594
6/19/2025 16:10,C,24.094
6/19/2025 16:20,C,23.594
6/19/2025 16:30,C,23.594
6/19/2025 16:40,C,23.093
6/19/2025 16:50,C,22.593
6/19/2025 17:00,C,22.593
6/19/2025 17:10,C,22.593
6/19/2025 17:20,C,22.593
6/19/2025 17:30,C,22.593
6/19/2025 17:40,C,22.093
6/19/2025 17:50,C,22.093
6/19/2025 18:00,C,22.093
6/19/2025 18:10,C,21.592
6/19/2025 18:20,C,21.592
6/19/2025 18:30,C,21.592
6/19/2025 18:40,C,21.592
6/19/2025 18:50,C,21.092
6/19/2025 19:00,C,21.092
6/19/2025 19:10,C,21.092
6/19/2025 19:20,C,21.092
6/19/2025 19:30,C,21.092
6/19/2025 19:40,C,21.092
6/19/2025 19:50,C,21.092
6/19/2025 20:00,C,21.092
6/19/2025 20:10,C,21.092
6/19/2025 20:20,C,21.092
6/19/2025 20:30,C,21.092
6/19/2025 20:40,C,21.092
6/19/2025 20:50,C,21.092
6/19/2025 21:00,C,21.092
6/19/2025 21:10,C,21.092
6/19/2025 21:20,C,21.092
6/19/2025 21:30,C,20.591
6/19/2025 21:40,C,20.591
6/19/2025 21:50,C,20.591
6/19/2025 22:00,C,20.591
6/19/2025 22:10,C,20.591
6/19/2025 22:20,C,20.591
6/19/2025 22:30,C,20.591
6/19/2025 22:40,C,20.591
6/19/2025 22:50,C,20.591
6/19/2025 23:00,C,20.091
6/19/2025 23:10,C,20.091
6/19/2025 23:20,C,20.091
6/19/2025 23:30,C,20.091
6/19/2025 23:40,C,20.091
6/19/2025 23:50,C,20.091
6/20/2025 0:00,C,20.091
6/20/2025 0:10,C,20.091
6/20/2025 0:20,C,20.091
6/20/2025 0:30,C,20.091
6/20/2025 0:40,C,20.091
6/20/2025 0:50,C,20.091
6/20/2025 1:00,C,20.091
6/20/2025 1:10,C,20.091
6/20/2025 1:20,C,20.091
6/20/2025 1:30,C,19.59
6/20/2025 1:40,C,20.091
6/20/2025 1:50,C,20.091
6/20/2025 2:00,C,19.59
6/20/2025 2:10,C,19.59
6/20/2025 2:20,C,19.59
6/20/2025 2:30,C,20.091
6/20/2025 2:40,C,20.091
6/20/2025 2:50,C,20.091
6/20/2025 3:00,C,20.091
6/20/2025 3:10,C,20.091
6/20/2025 3:20,C,20.091
6/20/2025 3:30,C,20.091
6/20/2025 3:40,C,20.091
6/20/2025 3:50,C,20.091
6/20/2025 4:00,C,20.091
6/20/2025 4:10,C,20.091
6/20/2025 4:20,C,20.091
6/20/2025 4:30,C,20.091
6/20/2025 4:40,C,20.091
6/20/2025 4:50,C,19.59
6/20/2025 5:00,C,19.59
6/20/2025 5:10,C,19.59
6/20/2025 5:20,C,19.59
6/20/2025 5:30,C,19.59
6/20/2025 5:40,C,19.59
6/20/2025 5:50,C,19.59
6/20/2025 6:00,C,19.59
6/20/2025 6:10,C,19.59
6/20/2025 6:20,C,19.59
6/20/2025 6:30,C,19.59
6/20/2025 6:40,C,19.59
6/20/2025 6:50,C,19.59
6/20/2025 7:00,C,19.59
6/20/2025 7:10,C,19.59
6/20/2025 7:20,C,19.59
6/20/2025 7:30,C,19.59
6/20/2025 7:40,C,19.59
6/20/2025 7:50,C,19.59
6/20/2025 8:00,C,20.091
6/20/2025 8:10,C,20.091
6/20/2025 8:20,C,20.091
6/20/2025 8:30,C,20.591
6/20/2025 8:40,C,20.591
6/20/2025 8:50,C,20.591
6/20/2025 9:00,C,21.092
6/20/2025 9:10,C,21.592
6/20/2025 9:20,C,21.592
6/20/2025 9:30,C,22.093
6/20/2025 9:40,C,22.593
6/20/2025 9:50,C,23.093
6/20/2025 10:00,C,23.093
6/20/2025 10:10,C,23.093
6/20/2025 10:20,C,23.093
6/20/2025 10:30,C,23.093
6/20/2025 10:40,C,23.594
6/20/2025 10:50,C,23.594
6/20/2025 11:00,C,23.594
6/20/2025 11:10,C,24.094
6/20/2025 11:20,C,24.094
6/20/2025 11:30,C,24.094
6/20/2025 11:40,C,24.594
6/20/2025 11:50,C,24.594
6/20/2025 12:00,C,24.594
6/20/2025 12:10,C,24.594
6/20/2025 12:20,C,25.094
6/20/2025 12:30,C,25.094
6/20/2025 12:40,C,25.094
6/20/2025 12:50,C,25.594
6/20/2025 13:00,C,25.594
6/20/2025 13:10,C,25.594
6/20/2025 13:20,C,26.094
6/20/2025 13:30,C,26.094
6/20/2025 13:40,C,26.094
6/20/2025 13:50,C,26.094
6/20/2025 14:00,C,26.094
6/20/2025 14:10,C,26.094
6/20/2025 14:20,C,26.094
6/20/2025 14:30,C,26.094
6/20/2025 14:40,C,26.094
6/20/2025 14:50,C,26.094
6/20/2025 15:00,C,26.094
6/20/2025 15:10,C,26.593
6/20/2025 15:20,C,26.593
6/20/2025 15:30,C,26.593
6/20/2025 15:40,C,26.593
6/20/2025 15:50,C,26.593
6/20/2025 16:00,C,26.593
6/20/2025 16:10,C,26.593
6/20/2025 16:20,C,26.593
6/20/2025 16:30,C,26.593
6/20/2025 16:40,C,26.593
6/20/2025 16:50,C,26.094
6/20/2025 17:00,C,26.094
6/20/2025 17:10,C,26.094
6/20/2025 17:20,C,26.094
6/20/2025 17:30,C,25.594
6/20/2025 17:40,C,25.594
6/20/2025 17:50,C,25.594
6/20/2025 18:00,C,25.594
6/20/2025 18:10,C,25.594
6/20/2025 18:20,C,25.594
6/20/2025 18:30,C,25.094
6/20/2025 18:40,C,25.094
6/20/2025 18:50,C,24.594
6/20/2025 19:00,C,24.094
6/20/2025 19:10,C,24.094
6/20/2025 19:20,C,23.594
6/20/2025 19:30,C,23.594
